term,coef,se,model,is_gamma,is_delta
series::C1CCC2OCCOCCOC3CCCCC3OCCOCCOC2C1||nitrate,4353.919058219943,445.35007840704776,NAIVE,False,False
series::C1COCCOCCOCCOCCOCCO1||nitrate,4999.156815743947,439.2890529980444,NAIVE,False,False
series::CC(C)(C)Cc1cc(-c2cccc(-c3cc(CC(C)(C)C)[nH]n3)n2)n[nH]1||nitrate,4752.299794610304,871.7729390072803,NAIVE,False,False
series::CC(C)(C)c1cc(-c2cc(C(C)(C)C)cc(-c3nnc4c(n3)C(C)(C)CCC4(C)C)n2)nc(-c2nnc3c(n2)C(C)(C)CCC3(C)C)c1||nitrate,3054.6894218800576,871.7729390072842,NAIVE,False,False
series::CC(C)(C)c1ccc(NC(=O)c2cc(=O)cc(C(=O)Nc3ccc(C(C)(C)C)cc3)o2)cc1||nitrate,-157.84756342789433,871.7729390072845,NAIVE,False,False
series::CC(C)(C)c1ccc(NCC(=O)c2cccc(C(=O)CNc3ccc(C(C)(C)C)cc3)n2)cc1||nitrate,4142.114140824295,871.7729390072869,NAIVE,False,False
series::CC(C)CCCC(C)CCCCN(C)C(=O)COCC(=O)N(C)CCCCC(C)CCCC(C)C||water,-1048.957099105865,251.02222151204518,NAIVE,False,False
series::CC(C)CCCCCP(=O)(CC(=O)N(CC(C)C)CC(C)C)c1ccccc1||nitrate,-1898.3487321971825,445.3773301510121,NAIVE,False,False
series::CC(C)CCN(CCC(C)C)C(=O)COCC(=O)NCc1cccc(CNC(=O)COCC(=O)N(CCC(C)C)CCC(C)C)c1||nitrate,-4211.296736425715,871.7729390072867,NAIVE,False,False
series::CC(C)CN(CC(C)C)C(=O)COCC(=O)N(CC(C)C)CC(C)C||nitrate,1039.6303349098757,323.6225491887998,NAIVE,False,False
series::CC1(C)CCC(C)(C)c2nc(-c3ccc4ccc5ccc(-c6nnc7c(n6)C(C)(C)CCC7(C)C)nc5c4n3)nnc21||nitrate,3627.026373711965,871.7729390072853,NAIVE,False,False
series::CC1(C)CCC(C)(C)c2nc(-c3ccc4ccc5ccc(-c6nnc7c(n6)C(C)(C)CCC7(C)C)nc5c4n3)nnc21||water,3782.1564870724064,871.7729390072856,NAIVE,False,False
series::CC1(C)CCC(C)(C)c2nc(-c3cccc(-c4cccc(-c5cccc(-c6nnc7c(n6)C(C)(C)CCC7(C)C)n5)n4)n3)nnc21||water,3624.170354323547,871.7729390072836,NAIVE,False,False
series::CC1(C)CCC(C)(C)c2nc(-c3cccc(-c4cccc(-c5ccccn5)n4)n3)nnc21||nitrate,4707.362406223363,871.7729390072853,NAIVE,False,False
series::CC1(C)CCC(C)(C)c2nc(-c3cccc(-c4cccc(-c5ccccn5)n4)n3)nnc21||water,4575.5187109133385,871.7729390072798,NAIVE,False,False
series::CC1(C)CCC(C)(C)c2nc(-c3cccc(-c4cccc(-c5nnc6c(n5)C(C)(C)CCC6(C)C)n4)n3)nnc21||nitrate,2971.3242211154156,258.84962615232666,NAIVE,False,False
series::CC1(C)OC(C)(C)c2nc(-c3cccc(-c4cccc(-c5nnc6c(n5)C(C)(C)OC6(C)C)n4)n3)nnc21||nitrate,3869.032534057146,871.7729390072813,NAIVE,False,False
series::CC1(C)SC(C)(C)c2nc(-c3cccc(-c4cccc(-c5nnc6c(n5)C(C)(C)SC6(C)C)n4)n3)nnc21||nitrate,3913.0214405391907,871.7729390072917,NAIVE,False,False
series::CC1(C)SC(C)(C)c2nc(-c3cccc(-c4cccc(-c5nnc6c(n5)C(C)(C)SC6(C)C)n4)n3)nnc21||water,4067.845281648519,871.772939007283,NAIVE,False,False
series::CC12CCC(c3nnc(-c4cccc(-c5cccc(-c6nnc7c(n6)C6(C)CCC7C6(C)C)n5)n4)nc31)C2(C)C||nitrate,3800.779497904311,871.7729390072908,NAIVE,False,False
series::CC12CCC(c3nnc(-c4cccc(-c5nnc6c(n5)C5(C)CCC6C5(C)C)n4)nc31)C2(C)C||nitrate,-975.9512909421669,258.90016500410945,NAIVE,False,False
series::CCCCC(CC)CN(C)C(=O)COCC(=O)N(C)CC(CC)CCCC||water,673.3981617029885,251.0222215120449,NAIVE,False,False
series::CCCCC(CC)CN(CC(CC)CCCC)C(=O)CCOCCC(=O)N(CC(CC)CCCC)CC(CC)CCCC||nitrate,-3671.660105794128,871.7729390072861,NAIVE,False,False
series::CCCCC(CC)CN(CC(CC)CCCC)C(=O)CCOCCC(=O)N(CC(CC)CCCC)CC(CC)CCCC||water,-3672.615686332576,871.7729390072872,NAIVE,False,False
series::CCCCC(CC)CN(CC(CC)CCCC)C(=O)CN(CC(=O)N(CC(CC)CCCC)CC(CC)CCCC)CC(=O)N(CC(CC)CCCC)CC(CC)CCCC||nitrate,-3121.7350777374327,871.772939007286,NAIVE,False,False
series::CCCCC(CC)CN(CC(CC)CCCC)C(=O)CN(CC(=O)N(CC(CC)CCCC)CC(CC)CCCC)CC(=O)N(CC(CC)CCCC)CC(CC)CCCC||water,-3122.477927262484,871.7729390072851,NAIVE,False,False
series::CCCCC(CC)CN(CC(CC)CCCC)C(=O)COCC(=O)N(CC(CC)CCCC)CC(CC)CCCC||nitrate,-2629.06780306341,303.1247891314926,NAIVE,False,False
series::CCCCC(CC)CN(CC(CC)CCCC)C(=O)COCC(=O)N(CC(CC)CCCC)CC(CC)CCCC||water,-2339.9075294980644,251.02222151204512,NAIVE,False,False
series::CCCCC(CC)CP(=O)(CC(=O)N(CC(C)C)CC(C)C)c1ccccc1||nitrate,-1920.8236273519067,510.71714310975807,NAIVE,False,False
series::CCCCCC(C)Oc1cc(CNC(=O)COCC(=O)N(CCCC)CCCC)cc(CNC(=O)COCC(=O)N(CCCC)CCCC)c1||nitrate,-5320.709368116016,871.7729390072863,NAIVE,False,False
series::CCCCCCC(C)N(CCCC)C(=O)COCC(=O)N(CCCC)C(C)CCCCCC||water,-597.824497737965,368.81714627991,NAIVE,False,False
series::CCCCCCC(CCCC)CCCN(C)C(=O)COCC(=O)N(C)CCCC(CCCC)CCCCCC||water,-1909.219818979147,251.02222151204515,NAIVE,False,False
series::CCCCCCCCC(C)(C)SCC1CN(C(=O)COCC(=O)N2CC(C)C(CSC(C)(C)CCCCCCCC)C2)CC1C||water,-3075.2790703989454,251.0222215120449,NAIVE,False,False
series::CCCCCCCCCCCCN(C)C(=O)C1CC(OC)CC(C(=O)N(C)CCCCCCCCCCCC)O1||nitrate,537.0855107663797,445.36738780792535,NAIVE,False,False
series::CCCCCCCCCCCCN(C)C(=O)COCC(=O)N(C)CCCCCCCCCCCC||water,-1647.9772551743895,872.4680253424325,NAIVE,False,False
series::CCCCCCCCCCCCN(CC)C(=O)COCC(=O)N(CC)CCCCCCCCCCCC||water,-2165.9423416787217,872.4680253424316,NAIVE,False,False
series::CCCCCCCCCCCCN(CCC)C(=O)COCC(=O)N(CCC)CCCCCCCCCCCC||water,-2682.2174322543497,872.4680253424337,NAIVE,False,False
series::CCCCCCCCCCCCN(CCCC)C(=O)COCC(=O)N(CCCC)CCCCCCCCCCCC||water,-3198.1604331730387,872.4680253424322,NAIVE,False,False
series::CCCCCCCCCCCCN(CCCCCCCC)C(=O)COCC(=O)N(CCCCCCCC)CCCCCCCCCCCC||water,-4147.861630552468,258.8530548716737,NAIVE,False,False
series::CCCCCCCCCCCCN(CCCCCCCCCCCC)C(=O)COC1CCCN(CCCCCC)C1=O||nitrate,-2560.7267451473645,251.02222151204498,NAIVE,False,False
series::CCCCCCCCCCCCN(CCCCCCCCCCCC)C(=O)COCC(=O)N(CCCCCCCC)CCCCCCCC||nitrate,-5168.56786944462,871.904157886191,NAIVE,False,False
series::CCCCCCCCCCCCN(CCCCCCCCCCCC)C(=O)COCC(=O)N(CCCCCCCCCCCC)CCCCCCCCCCCC||nitrate,-5581.96195355526,401.4731496959745,NAIVE,False,False
series::CCCCCCCCCCCCN(CCCCCCCCCCCC)C(=O)COCCOCC(=O)N(CCCCCCCCCCCC)CCCCCCCCCCCC||nitrate,-3855.6942043422905,258.8805093295314,NAIVE,False,False
series::CCCCCCCCCCCCN(CCCCCCCCCCCC)C(=O)COCCOCC(=O)N(CCCCCCCCCCCC)CCCCCCCCCCCC||water,-3458.9187725726847,251.02222151204512,NAIVE,False,False
series::CCCCCCCCCCCCNCC(=O)c1cccc(C(=O)CNCCCCCCCCCCCC)n1||nitrate,3573.7638897572315,871.7729390072861,NAIVE,False,False
series::CCCCCCCCCCCCOc1cc(CNC(=O)COCC(=O)N(CCCC)CCCC)cc(CNC(=O)COCC(=O)N(CCCC)CCCC)c1||nitrate,-6608.293888416122,871.7729390072835,NAIVE,False,False
series::CCCCCCCCCCN(CCCCCCCCCC)C(=O)C(C)OC(C)C(=O)N(CCCCCCCCCC)CCCCCCCCCC||nitrate,-5191.3849820287005,303.08097288418844,NAIVE,False,False
series::CCCCCCCCCCN(CCCCCCCCCC)C(=O)COCC(=O)N(CCCCCC)CCCCCC||nitrate,-2413.5320056047326,251.022221512045,NAIVE,False,False
series::CCCCCCCCCCN(CCCCCCCCCC)C(=O)COCC(=O)N(CCCCCC)CCCCCC||water,-2320.1696635319277,368.7858385718318,NAIVE,False,False
series::CCCCCCCCCCN(CCCCCCCCCC)C(=O)COCC(=O)N(CCCCCCCCCC)CCCCCCCCCC||nitrate,-4564.807587852667,343.6275795525154,NAIVE,False,False
series::CCCCCCCCCCN(CCCCCCCCCC)C(=O)[C@H](C)O[C@H](CC)C(=O)N(CCCCCCCCCC)CCCCCCCCCC||nitrate,-4781.381365749654,251.02222151204518,NAIVE,False,False
series::CCCCCCCCCCN(CCCCCCCCCC)C(=O)[C@H](CCC)O[C@H](CCC)C(=O)N(CCCCCCCCCC)CCCCCCCCCC||nitrate,-5303.6079690912065,277.8552095231313,NAIVE,False,False
series::CCCCCCCCN(C(=O)c1ccc2ccc3cccnc3c2n1)c1ccc(C)cc1||nitrate,531.7677560327797,251.02222151204506,NAIVE,False,False
series::CCCCCCCCN(C)C(=O)C(CCCCCC)C(=O)N(C)CCCCCCCC||nitrate,-3986.432199263172,343.66878182703954,NAIVE,False,False
series::CCCCCCCCN(C)C(=O)C(CCOCCCCCC)C(=O)N(C)CCCCCCCC||nitrate,-830.429443485102,267.8002641623206,NAIVE,False,False
series::CCCCCCCCN(C)C(=O)CC(=O)N(C)CCCCCCCC||nitrate,-1774.8019992111626,307.0697393851503,NAIVE,False,False
series::CCCCCCCCN(C)C(=O)COCC(=O)N(C)CCCCCCCC||nitrate,593.7929618274213,258.8496261523272,NAIVE,False,False
series::CCCCCCCCN(C)C(=O)COCC(=O)N(C)CCCCCCCC||water,673.4514848141765,251.02222151204512,NAIVE,False,False
series::CCCCCCCCN(C)C(=O)COCC(=O)N(C)Cc1cccc(CN(C)C(=O)COCC(=O)N(C)CCCCCCCC)c1||nitrate,-4212.18009247786,871.7729390072872,NAIVE,False,False
series::CCCCCCCCN(C)C(=O)COCC(=O)N(CCCCCCCC)CCCCCCCC||water,-833.2642040618794,251.02222151204506,NAIVE,False,False
series::CCCCCCCCN(C)C(=O)COCC(=O)NCc1cccc(CNC(=O)COCC(=O)N(C)CCCCCCCC)c1||nitrate,-3694.7954198924435,871.7729390072861,NAIVE,False,False
series::CCCCCCCCN(CC(C)C)C(=O)COCC(=O)N(CCCCCCCC)CC(C)C||nitrate,-767.8736472936598,323.62254918879955,NAIVE,False,False
series::CCCCCCCCN(CC(CC)CCCC)C(=O)COCC(=O)N(CCCCCCCC)CC(CC)CCCC||nitrate,-2575.835494876446,323.62254918879955,NAIVE,False,False
series::CCCCCCCCN(CC)C(=O)COCC(=O)N(CC)CCCCCCCC||water,242.50664160856417,251.02222151204506,NAIVE,False,False
series::CCCCCCCCN(CCC(C)CC(C)(C)C)C(=O)COCC(=O)N(CCCCCCCC)CCC(C)CC(C)(C)C||water,-2771.304970919789,251.02222151204506,NAIVE,False,False
series::CCCCCCCCN(CCC)C(=O)COCC(=O)N(CCC)CCCCCCCC||water,-188.35319397308143,251.02222151204504,NAIVE,False,False
series::CCCCCCCCN(CCCC(CCCC)CCCCCC)C(=O)COCC(=O)N(CCCCCCCC)CCCC(CCCC)CCCCCC||water,-4922.46139525242,251.02222151204504,NAIVE,False,False
series::CCCCCCCCN(CCCCC(C)CCCC(C)C)C(=O)COCC(=O)N(CCCCCCCC)CCCCC(C)CCCC(C)C||water,-4062.0916909575044,251.0222215120451,NAIVE,False,False
series::CCCCCCCCN(CCCCCCCC)C(=O)C(C)OC(C(=O)N(CCCCCCCC)CCCCCCCC)c1ccccc1||nitrate,-4629.939671487748,871.7729390072859,NAIVE,False,False
series::CCCCCCCCN(CCCCCCCC)C(=O)C(C)OC(C(=O)N(CCCCCCCC)CCCCCCCC)c1ccccc1||water,-4628.28831137751,871.7729390072863,NAIVE,False,False
series::CCCCCCCCN(CCCCCCCC)C(=O)C(C)OC(C)C(=O)N(CCCCCCCC)CCCCCCCC||nitrate,-2844.5196740546653,251.02222151204506,NAIVE,False,False
series::CCCCCCCCN(CCCCCCCC)C(=O)C(C)OC(C)C(=O)N(CCCCCCCC)CCCCCCCC||water,-3673.0583087102987,871.7729390072864,NAIVE,False,False
series::CCCCCCCCN(CCCCCCCC)C(=O)C1CCC(C(=O)N(CCCCCCCC)CCCCCCCC)O1||nitrate,-3590.0223657884426,871.7729390072865,NAIVE,False,False
series::CCCCCCCCN(CCCCCCCC)C(=O)C1CCC(C(=O)N(CCCCCCCC)CCCCCCCC)O1||water,-3590.2903144985366,871.772939007286,NAIVE,False,False
series::CCCCCCCCN(CCCCCCCC)C(=O)CC(=O)N(CCCCCCCC)CCCCCCCC||nitrate,-6731.316372501737,343.6896703374427,NAIVE,False,False
series::CCCCCCCCN(CCCCCCCC)C(=O)CCOCCC(=O)N(CCCCCCCC)CCCCCCCC||nitrate,-3671.114855266688,871.7729390072863,NAIVE,False,False
series::CCCCCCCCN(CCCCCCCC)C(=O)CCOCCC(=O)N(CCCCCCCC)CCCCCCCC||water,-3672.35621914727,871.7729390072864,NAIVE,False,False
series::CCCCCCCCN(CCCCCCCC)C(=O)CN(CC(=O)N(CCCCCCCC)CCCCCCCC)CC(=O)N(CCCCCCCC)CCCCCCCC||nitrate,-2297.3729139368984,401.49862858101795,NAIVE,False,False
series::CCCCCCCCN(CCCCCCCC)C(=O)CN(CC(=O)N(CCCCCCCC)CCCCCCCC)c1ccccc1||nitrate,-4320.022655196013,871.772939007286,NAIVE,False,False
series::CCCCCCCCN(CCCCCCCC)C(=O)CNCC(=O)N(CCCCCCCC)CCCCCCCC||nitrate,-3103.648365153199,871.7729390072861,NAIVE,False,False
series::CCCCCCCCN(CCCCCCCC)C(=O)CNCC(=O)N(CCCCCCCC)CCCCCCCC||water,-3105.460877380917,871.772939007286,NAIVE,False,False
series::CCCCCCCCN(CCCCCCCC)C(=O)CNCP(=O)(CCCC)CCCC||nitrate,-831.0787163936934,871.772939007286,NAIVE,False,False
series::CCCCCCCCN(CCCCCCCC)C(=O)CNCP(=O)(CCCC)CCCC||water,-832.7994157549183,871.7729390072856,NAIVE,False,False
series::CCCCCCCCN(CCCCCCCC)C(=O)CNCP(=O)(OCCCC)OCCCC||nitrate,3735.2515111165294,871.7729390072866,NAIVE,False,False
series::CCCCCCCCN(CCCCCCCC)C(=O)CNCP(=O)(OCCCC)OCCCC||water,4029.0395976007076,871.772939007286,NAIVE,False,False
series::CCCCCCCCN(CCCCCCCC)C(=O)COC(C(=O)N(CCCCCCCC)CCCCCCCC)c1ccccc1||nitrate,-4370.783618315719,871.7729390072861,NAIVE,False,False
series::CCCCCCCCN(CCCCCCCC)C(=O)COC(C(=O)N(CCCCCCCC)CCCCCCCC)c1ccccc1||water,-4370.07018095582,871.7729390072861,NAIVE,False,False
series::CCCCCCCCN(CCCCCCCC)C(=O)COC(C)C(=O)N(CCCCCCCC)CCCCCCCC||water,-3413.8047148453998,871.772939007286,NAIVE,False,False
series::CCCCCCCCN(CCCCCCCC)C(=O)COCC(=O)N(C)C||water,546.1151382155088,339.06054911320444,NAIVE,False,False
series::CCCCCCCCN(CCCCCCCC)C(=O)COCC(=O)N(CCCCCCCC)CCCCCCCC||nitrate,-2414.0858753568355,251.0222215120451,NAIVE,False,False
series::CCCCCCCCN(CCCCCCCC)C(=O)COCC(=O)N(CCCCCCCC)CCCCCCCC||water,-2340.0880251082926,251.02222151204504,NAIVE,False,False
series::CCCCCCCCN(CCCCCCCC)C(=O)COCC(=O)N1CCCC1||nitrate,26.83373511223283,871.7729390072861,NAIVE,False,False
series::CCCCCCCCN(CCCCCCCC)C(=O)COCC(=O)N1CCCC1||water,25.984156061349836,871.772939007286,NAIVE,False,False
series::CCCCCCCCN(CCCCCCCC)C(=O)COCC(=O)N1CCCCC1||nitrate,-232.1850834835276,871.772939007286,NAIVE,False,False
series::CCCCCCCCN(CCCCCCCC)C(=O)COCC(=O)N1CCCCC1||water,-231.27294973060032,871.7729390072861,NAIVE,False,False
series::CCCCCCCCN(CCCCCCCC)C(=O)COCC(=O)N1CCOCC1||nitrate,2201.3801140417445,871.7729390072861,NAIVE,False,False
series::CCCCCCCCN(CCCCCCCC)C(=O)COCC(=O)N1CCOCC1||water,2201.3980078010018,871.7729390072863,NAIVE,False,False
series::CCCCCCCCN(CCCCCCCC)C(=O)COCC(=O)NCCCCCCCNC(=O)COCC(=O)N(CCCCCCCC)CCCCCCCC||nitrate,-7386.923736019555,871.7729390072865,NAIVE,False,False
series::CCCCCCCCN(CCCCCCCC)C(=O)COCC(=O)NCCCCCCNC(=O)COCC(=O)N(CCCCCCCC)CCCCCCCC||nitrate,-7129.393069980517,871.7729390072861,NAIVE,False,False
series::CCCCCCCCN(CCCCCCCC)C(=O)COCC(=O)NCCCOCCCNC(=O)COCC(=O)N(CCCCCCCC)CCCCCCCC||nitrate,-7447.164235880762,871.7729390072863,NAIVE,False,False
series::CCCCCCCCN(CCCCCCCC)C(=O)COCC(=O)NCCOCCNC(=O)COCC(=O)N(CCCCCCCC)CCCCCCCC||nitrate,2342.25450670801,871.7729390072865,NAIVE,False,False
series::CCCCCCCCN(CCCCCCCC)C(=O)COCC(=O)NCc1ccc(CNC(=O)COCC(=O)N(CCCCCCCC)CCCCCCCC)cc1||nitrate,-7311.21410063981,871.7729390072861,NAIVE,False,False
series::CCCCCCCCN(CCCCCCCC)C(=O)COCC(=O)NCc1cccc(CNC(=O)COCC(=O)N(CCCCCCCC)CCCCCCCC)c1||nitrate,-7311.141999525928,871.7729390072865,NAIVE,False,False
series::CCCCCCCCN(CCCCCCCC)C(=O)COCC(=O)NCc1cccc(CNC(=O)COCC(=O)N(CCCCCCCC)CCCCCCCC)c1||water,-7313.5985668620715,871.7729390072861,NAIVE,False,False
series::CCCCCCCCN(CCCCCCCC)C(=O)COCCOCC(=O)N(CCCCCCCC)CCCCCCCC||nitrate,-1039.8059789312529,251.02222151204512,NAIVE,False,False
series::CCCCCCCCN(CCCCCCCC)C(=O)COCP(=O)(CCCC)CCCC||nitrate,-884.7851042639513,871.772939007286,NAIVE,False,False
series::CCCCCCCCN(CCCCCCCC)C(=O)COCP(=O)(CCCC)CCCC||water,-884.3448324484768,871.772939007286,NAIVE,False,False
series::CCCCCCCCN(CCCCCCCC)C(=O)COCP(=O)(OCCCC)OCCCC||nitrate,3718.029613038836,871.7729390072861,NAIVE,False,False
series::CCCCCCCCN(CCCCCCCC)C(=O)COCP(=O)(OCCCC)OCCCC||water,4012.268327868959,871.772939007286,NAIVE,False,False
series::CCCCCCCCN(CCCCCCCC)C(=O)CO||nitrate,21.269981643894084,871.7729390072861,NAIVE,False,False
series::CCCCCCCCN(CCCCCCCC)C(=O)[C@H](C)O[C@@H](C)C(=O)N(CCCCCCCC)CCCCCCCC||nitrate,-2844.785189514081,251.02222151204506,NAIVE,False,False
series::CCCCCCCCN(CCCCCCCC)C(=O)[C@H](C)O[C@@H](CC)C(=O)N(CCCCCCCC)CCCCCCCC||nitrate,-3062.421106008025,267.77742318844827,NAIVE,False,False
series::CCCCCCCCN(CCCCCCCC)C(=O)[C@H](C)O[C@H](C)C(=O)N(CCCCCCCC)CCCCCCCC||nitrate,-2844.912400046172,251.02222151204506,NAIVE,False,False
series::CCCCCCCCN(CCCCCCCC)C(=O)[C@H](CCC)O[C@H](CCC)C(=O)N(CCCCCCCC)CCCCCCCC||nitrate,-3705.7302661907834,251.02222151204506,NAIVE,False,False
series::CCCCCCCCN(CCCCCCCC)C(=O)c1ccc(C(=O)N(CCCCCCCC)CCCCCCCC)o1||nitrate,-3422.0026150281437,871.772939007286,NAIVE,False,False
series::CCCCCCCCN(CCCCCCCC)C(=O)c1ccc(C(=O)N(CCCCCCCC)CCCCCCCC)o1||water,-3422.2113201024904,871.7729390072865,NAIVE,False,False
series::CCCCCCCCN(CCCCCCCC)C(=O)c1ccc2ccc3ccc(C(=O)N(CCCCCCCC)CCCCCCCC)nc3c2n1||nitrate,-2078.011779498681,307.17110520373376,NAIVE,False,False
series::CCCCCCCCN(CCCCCCCC)C(=O)c1ccc2ccc3ccc(C(=O)N(CCCCCCCC)CCCCCCCC)nc3c2n1||water,-1530.6391352629767,251.02222151204504,NAIVE,False,False
series::CCCCCCCCN(CCCCCCCC)C(=S)c1ccc(C(=S)N(CCCCCCCC)CCCCCCCC)s1||nitrate,3167.8560600583723,871.7729390072863,NAIVE,False,False
series::CCCCCCCCN(CCCCCCCC)C(=S)c1ccc2ccc3ccc(C(=S)N(CCCCCCCC)CCCCCCCC)nc3c2n1||nitrate,2431.0452055114556,871.772939007286,NAIVE,False,False
series::CCCCCCCCN(CCCCCCCC)C(=S)c1ccc2ccc3ccc(C(=S)N(CCCCCCCC)CCCCCCCC)nc3c2n1||water,2724.340407040044,871.772939007286,NAIVE,False,False
series::CCCCCCCCNC(=O)c1cc(Cl)ccn1||nitrate,1473.3276502753554,871.7729390072863,NAIVE,False,False
series::CCCCCCCCOc1cc(C(=O)N(C)c2ccc(C(C)(C)C)cc2)nc(C(=O)N(C)c2ccc(C(C)(C)C)cc2)c1||nitrate,-2693.9122573645127,871.7729390072863,NAIVE,False,False
series::CCCCCCCCOc1cc(C(=O)Nc2ccc(C(C)(C)C)cc2)nc(C(=O)Nc2ccc(C(C)(C)C)cc2)c1||nitrate,-2177.6978805723566,871.772939007286,NAIVE,False,False
series::CCCCCCCCP(=O)(CC(=O)N(CC(C)C)CC(C)C)c1ccccc1||nitrate,-2847.868249952714,267.7826749412145,NAIVE,False,False
series::CCCCCCCCP(=O)(CCCCCCCC)Cc1cccc(CP(=O)(CCCCCCCC)CCCCCCCC)[n+]1[O-]||nitrate,-3336.8831654181818,277.84279911385056,NAIVE,False,False
series::CCCCCCCCP(=O)(CCCCCCCC)Cc1cccc(CP(=O)(CCCCCCCC)CCCCCCCC)[n+]1[O-]||water,-2964.141592032427,258.87139304699264,NAIVE,False,False
series::CCCCCCCCn1cc(-c2cc(CC(=O)O)cc(-c3cn(CCCCCCCC)nn3)n2)nn1||nitrate,-1148.9652078516651,871.772939007286,NAIVE,False,False
series::CCCCCCCCn1cc(-c2cc(CC(=O)O)cc(-c3cn(CCCCCCCC)nn3)n2)nn1||water,-1148.9925777767583,871.7729390072859,NAIVE,False,False
series::CCCCCCN(C)C(=O)CC(=O)N(C)CCCCCC||nitrate,-397.26297775319165,307.0697393851503,NAIVE,False,False
series::CCCCCCN(CCC(C)CCC=C(C)C)C(=O)COCC(=O)N(CCCCCC)CCC(C)CCC=C(C)C||water,-2197.9517226496305,251.02222151204506,NAIVE,False,False
series::CCCCCCN(CCC(C)CCCC(C)C)C(=O)COCC(=O)N(CCCCCC)CCC(C)CCCC(C)C||water,-2340.7696347733354,251.02222151204506,NAIVE,False,False
series::CCCCCCN(CCCCCC)C(=O)CC(=O)N(CCCCCC)CCCCCC||nitrate,-3841.761178512256,307.0697393851503,NAIVE,False,False
series::CCCCCCN(CCCCCC)C(=O)COCC(=O)N(CCCCCC)CCCCCC||nitrate,-841.130748790142,343.6817415025812,NAIVE,False,False
series::CCCCCCN(CCCCCC)C(=O)COCC(=O)N1CCCC1||nitrate,1060.1394596174596,871.772939007286,NAIVE,False,False
series::CCCCCCN(CCCCCC)C(=O)COCC(=O)N1CCCC1||water,1059.0379752939866,871.7729390072864,NAIVE,False,False
series::CCCCCCN(CCCCCC)C(=O)COCC(=O)N1CCCCC1||nitrate,800.7216811319998,871.7729390072861,NAIVE,False,False
series::CCCCCCN(CCCCCC)C(=O)COCC(=O)N1CCCCC1||water,801.2574236869721,871.7729390072861,NAIVE,False,False
series::CCCCCCN(CCCCCC)C(=O)COCC(=O)N1CCOCC1||nitrate,2890.1645446976345,871.772939007286,NAIVE,False,False
series::CCCCCCN(CCCCCC)C(=O)COCC(=O)N1CCOCC1||water,2889.85378577945,871.7729390072859,NAIVE,False,False
series::CCCCCCN(CCCCCC)C(=O)c1ccc2ccc3cccnc3c2n1||nitrate,820.2217011717298,871.772939007286,NAIVE,False,False
series::CCCCCCN(CCCCCC)C(=O)c1ccc2ccc3cccnc3c2n1||water,820.42418513738,871.7729390072861,NAIVE,False,False
series::CCCCCCOCCC(C(=O)N(C)CCCC)C(=O)N(C)CCCC||nitrate,754.2072790549535,510.5795850782116,NAIVE,False,False
series::CCCCCCOP(=O)(O)OCCCCCC||nitrate,-484.29432959026235,621.9434792385192,NAIVE,False,False
series::CCCCCCOc1cc(CNC(=O)COCC(=O)N(CCCC)CCCC)cc(CNC(=O)COCC(=O)N(CCCC)CCCC)c1||nitrate,-5059.277800420627,871.772939007286,NAIVE,False,False
series::CCCCCCc1ccc(N(CC)C(=O)c2cccc(-c3cccc(C(=O)N(CC)c4ccc(CCCCCC)cc4)n3)n2)cc1||nitrate,-426.34231045908723,251.02222151204512,NAIVE,False,False
series::CCCCCCn1c(-c2ccccc2)c(-c2ccccc2)c2cc3ccc4cc5c(-c6ccccc6)c(-c6ccccc6)n(CCCCCC)c(=O)c5nc4c3nc2c1=O||nitrate,1547.6990366053385,251.02222151204504,NAIVE,False,False
series::CCCCCCn1c(-c2ccccc2)c(-c2ccccc2)c2cc3ccc4cc5c(-c6ccccc6)c(-c6ccccc6)n(CCCCCC)c(=O)c5nc4c3nc2c1=O||water,1771.0584208353916,251.02222151204504,NAIVE,False,False
series::CCCCCN(CCCCC)C(=O)COCC(=O)N(CCCCC)CCCCC||nitrate,-55.441153701760584,871.772939007286,NAIVE,False,False
series::CCCCCc1nnc(-c2cccc(-c3cccc(-c4nnc(CCCCC)c(CCCCC)n4)n3)n2)nc1CCCCC||nitrate,2571.5051659020937,258.8530548716738,NAIVE,False,False
series::CCCCCc1nnc(-c2cccc(-c3cccc(-c4nnc(CCCCC)c(CCCCC)n4)n3)n2)nc1CCCCC||water,3500.3331309784608,871.772939007286,NAIVE,False,False
series::CCCCN(C)C(=O)CC(=O)N(C)CCCC||nitrate,1511.4463851591047,510.5795850782116,NAIVE,False,False
series::CCCCN(CCCC)C(=O)CC(=O)N(CCCC)CCCC||nitrate,-1086.795391779878,307.0697393851503,NAIVE,False,False
series::CCCCN(CCCC)C(=O)CCC(=O)N(CCCC)CCCC||nitrate,-1398.527056659022,510.6671526715907,NAIVE,False,False
series::CCCCN(CCCC)C(=O)COCC(=O)N(CCCC)CCCC||nitrate,1043.762929054268,289.4913353794898,NAIVE,False,False
series::CCCCN(CCCC)C(=O)COCC(=O)N(CCCC)CCCC||water,1161.7091017844905,445.63062746770305,NAIVE,False,False
series::CCCCN(CCCC)C(=O)COCC(=O)N(CCN(C(=O)COCC(=O)N(CCCC)CCCC)C(C)C)C(C)C||nitrate,-3512.513214056773,871.7729390072864,NAIVE,False,False
series::CCCCN(CCCC)C(=O)COCC(=O)NCCCCCCNC(=O)COCC(=O)N(CCCC)CCCC||nitrate,-2994.9175349268107,871.7729390072863,NAIVE,False,False
series::CCCCN(CCCC)C(=O)COCC(=O)NCCCCCNC(=O)COCC(=O)N(CCCC)CCCC||nitrate,-2740.7009405878753,871.7729390072858,NAIVE,False,False
series::CCCCN(CCCC)C(=O)COCC(=O)NCc1cccc(CNC(=O)COCC(=O)N(CCCC)CCCC)c1||nitrate,-3177.942776042497,871.772939007286,NAIVE,False,False
series::CCCCN(CCCC)C(=O)c1ccc2ccc3ccc(C(=O)N(CCCC)CCCC)nc3c2n1||nitrate,959.8911522397468,251.0222215120451,NAIVE,False,False
series::CCCCN(CCCC)C(=O)c1ccc2ccc3cccnc3c2n1||nitrate,1853.8910850857358,871.772939007286,NAIVE,False,False
series::CCCCN(CCCC)C(=O)c1ccc2ccc3cccnc3c2n1||water,1853.4444241928313,871.7729390072861,NAIVE,False,False
series::CCCCN(CCCC)C(=O)c1ccccc1C(=O)O||nitrate,2509.62226760829,510.6272531364373,NAIVE,False,False
series::CCCCOP(=S)(CP(=S)(OCCCC)OCCCC)OCCCC||nitrate,4781.9683158290845,871.7729390072861,NAIVE,False,False
series::CCCCP(=S)(CCCC)CP(=S)(CCCC)CCCC||nitrate,281.6647791662327,871.7729390072861,NAIVE,False,False
series::CCCN(CCC)C(=O)COCC(=O)N(CCC)CCC||nitrate,1902.2540977590584,258.857756891567,NAIVE,False,False
series::CCCc1nnc(-c2cccc(-c3nnc(CCC)c(CCC)n3)n2)nc1CCC||nitrate,187.54205111235115,258.8496261523271,NAIVE,False,False
series::CCN(C(=O)c1ccc2ccc3ccc(C(=O)N(CC)c4ccc(C)cc4)nc3c2n1)c1ccc(C)cc1||nitrate,1310.9713994940194,510.82098537911554,NAIVE,False,False
series::CCN(C(=O)c1cccc(-c2cccc(C(=O)N(CC)c3cc(C)cc(C)c3)n2)n1)c1cc(C)cc(C)c1||nitrate,950.480412627762,251.02222151204504,NAIVE,False,False
series::CCN(C(=O)c1cccc(-c2cccc(C(=O)N(CC)c3cc(C)ccc3C)n2)n1)c1cc(C)ccc1C||nitrate,950.6420147713129,251.02222151204506,NAIVE,False,False
series::CCN(C(=O)c1cccc(-c2cccc(C(=O)N(CC)c3ccc(C)cc3C)n2)n1)c1ccc(C)cc1C||nitrate,950.4594668904863,251.02222151204504,NAIVE,False,False
series::CCN(C(=O)c1cccc(-c2cccc(C(=O)N(CC)c3ccccc3)n2)n1)c1ccccc1||nitrate,1640.8682817850788,251.02222151204506,NAIVE,False,False
series::CCN(C(=O)c1cccc(C(=O)N(CC)c2ccc(C)cc2)n1)c1ccc(C)cc1||nitrate,825.4393095676987,267.6947664986025,NAIVE,False,False
series::CCN(C(=O)c1cccc(C(=O)N(CC)c2cccc(C)c2)n1)c1cccc(C)c1||nitrate,780.1614707244257,339.0251396780974,NAIVE,False,False
series::CCN(C(=O)c1cccc(C(=O)N(CC)c2ccccc2C)n1)c1ccccc1C||nitrate,780.3132830356504,339.02513967809733,NAIVE,False,False
series::CCN(CC)C(=O)COCC(=O)N(CC)CC||nitrate,2751.491495264668,251.02222151204504,NAIVE,False,False
series::CCN(CC)C(=O)c1ccc2ccc3cccnc3c2n1||nitrate,2886.5629706979107,871.7729390072861,NAIVE,False,False
series::CCN(CC)C(=O)c1ccc2ccc3cccnc3c2n1||water,2886.8908759462934,871.7729390072861,NAIVE,False,False
series::CCOP(=O)(OCC)c1ccc2ccc3ccc(P(=O)(OCC)OCC)nc3c2n1||nitrate,2629.8500643626294,871.7729390072866,NAIVE,False,False
series::CCOP(=S)(COCP(=S)(OCC)OCC)OCC||water,5561.180473893325,871.7729390072863,NAIVE,False,False
series::CCc1ccc(N(CC)C(=O)c2ccc3ccc4ccc(C(=O)N(CC)c5ccc(CC)cc5)nc4c3n2)cc1||nitrate,716.9281242178249,251.0222215120451,NAIVE,False,False
series::CN(C(=O)CC(=O)N(C)c1ccccc1)c1ccccc1||nitrate,218.26309358786477,251.02222151204506,NAIVE,False,False
series::CN(C(=O)COCC(=O)N(C)c1ccccc1)c1ccccc1||nitrate,2019.1617177261442,251.02222151204506,NAIVE,False,False
series::CN(C(=O)c1cccc(C(=O)N(C)c2ccccc2)n1)c1ccccc1||nitrate,1787.9514560989574,319.29602804067474,NAIVE,False,False
series::COCCN(CCOC)C(=O)COCC(=O)N(CCOC)CCOC||water,4010.288823570577,258.87934845064603,NAIVE,False,False
series::Cc1cc(-c2cc(C)cc(-c3nnc4c(n3)C(C)(C)CCC4(C)C)n2)nc(-c2nnc3c(n2)C(C)(C)CCC3(C)C)c1||nitrate,3571.5102771187003,871.7729390072864,NAIVE,False,False
series::Cc1cc(-c2cc(C)cc(-c3nnc4c(n3)C(C)(C)CCC4(C)C)n2)nc(-c2nnc3c(n2)C(C)(C)CCC3(C)C)c1||water,3725.640578844913,871.7729390072859,NAIVE,False,False
series::Cc1cc(C)n(-c2cccc(-n3nc(C)cc3C)n2)n1||nitrate,5266.654832258671,871.7729390072861,NAIVE,False,False
series::Cc1ccn(-c2cccc(-n3ccc(C)n3)n2)n1||nitrate,5439.58370419357,871.7729390072861,NAIVE,False,False
series::O=C(COCC(=O)N1CCCCC1)N1CCCCC1||water,2532.3012044244533,251.02222151204506,NAIVE,False,False
series::O=C(O)CN(CC(=O)O)C1CCCCC1N(CC(=O)O)CC(=O)O||nitrate,4760.477033818985,439.21800602900134,NAIVE,False,False
series::O=C(O)CN(CCO)CCN(CC(=O)O)CC(=O)O||nitrate,5216.15117472404,339.0135820935776,NAIVE,False,False
series::O=C(c1cc(Cl)c2ccc3c(Cl)cc(C(=O)N4CCCC4)nc3c2n1)N1CCCC1||nitrate,2006.9180885215956,251.02222151204512,NAIVE,False,False
series::O=C(c1cc(Cl)c2ccc3c(Cl)cc(C(=O)N4CCc5ccccc54)nc3c2n1)N1CCc2ccccc21||nitrate,1848.557180584308,871.772939007286,NAIVE,False,False
series::O=C(c1cccc(C(=O)N2CCCC2)n1)N1CCCC1||nitrate,2819.296698473898,871.772939007286,NAIVE,False,False
series::O=C(c1ccccc1)c1ccc2ccccc2n1||nitrate,2381.5986711628248,871.772939007286,NAIVE,False,False
series::O=P(c1ccccc1)(c1ccccc1)c1ccc2ccc3ccc(P(=O)(c4ccccc4)c4ccccc4)nc3c2n1||nitrate,1522.1544376735876,871.7729390072861,NAIVE,False,False
series::O=c1c(O)c(-c2ccc(O)c(O)c2)oc2cc(O)cc(O)c12||nitrate,3198.1573329565153,871.772939007286,NAIVE,False,False
series::c1cc(-n2cccn2)nc(-n2cccn2)c1||nitrate,5613.115103349342,871.7729390072863,NAIVE,False,False
series::c1cc2nc(c1)COc1ccccc1OCCOCCOc1ccccc1OC2||nitrate,4426.584032283448,439.2107913275143,NAIVE,False,False
series::c1ccc2c(c1)OCCOCCOc1ccccc1OCCOCCO2||nitrate,4616.320229793316,395.6373723540438,NAIVE,False,False
metal::Dy,1806.7890796544475,143.94765889444693,NAIVE,False,False
metal::Er,1746.6306147391865,144.89752205504823,NAIVE,False,False
metal::Eu,96.17544658124876,141.95729815584957,NAIVE,False,False
metal::Gd,53.786197727415356,143.13523465948631,NAIVE,False,False
metal::Ho,1863.981767844336,151.6520795517975,NAIVE,False,False
metal::La,40.59594074184133,140.68357191215844,NAIVE,False,False
metal::Lu,1849.6239312288565,153.59005598384107,NAIVE,False,False
metal::Nd,43.01338880019239,142.7609115042823,NAIVE,False,False
metal::Pr,138.90197216341403,146.16522349461343,NAIVE,False,False
metal::Sm,3.6195083597854136,143.67629916949338,NAIVE,False,False
metal::Tb,1816.6732773296424,149.40905166011802,NAIVE,False,False
metal::Tm,1834.560285292342,156.92013287427147,NAIVE,False,False
metal::Yb,1860.1301866772515,153.01423087946853,NAIVE,False,False
series::C1CCC2OCCOCCOC3CCCCC3OCCOCCOC2C1||nitrate,4859.57031363187,1.1279153383552485,ELEM,False,False
series::C1COCCOCCOCCOCCOCCO1||nitrate,5494.261433355591,1.1125623176989612,ELEM,False,False
series::CC(C)(C)Cc1cc(-c2cccc(-c3cc(CC(C)(C)C)[nH]n3)n2)n[nH]1||nitrate,4847.063342238365,2.205417701197712,ELEM,False,False
series::CC(C)(C)c1cc(-c2cc(C(C)(C)C)cc(-c3nnc4c(n3)C(C)(C)CCC4(C)C)n2)nc(-c2nnc3c(n2)C(C)(C)CCC3(C)C)c1||nitrate,3149.452969506393,2.2054177011871263,ELEM,False,False
series::CC(C)(C)c1ccc(NC(=O)c2cc(=O)cc(C(=O)Nc3ccc(C(C)(C)C)cc3)o2)cc1||nitrate,-63.08401580141219,2.205417701177669,ELEM,False,False
series::CC(C)(C)c1ccc(NCC(=O)c2cccc(C(=O)CNc3ccc(C(C)(C)C)cc3)n2)cc1||nitrate,4236.877688450497,2.205417701184586,ELEM,False,False
series::CC(C)CCCC(C)CCCCN(C)C(=O)COCC(=O)N(C)CCCCC(C)CCCC(C)C||water,-109.17001504217282,0.6433290437367496,ELEM,False,False
series::CC(C)CCCCCP(=O)(CC(=O)N(CC(C)C)CC(C)C)c1ccccc1||nitrate,-1842.0265807067099,1.1267284825667951,ELEM,False,False
series::CC(C)CCN(CCC(C)C)C(=O)COCC(=O)NCc1cccc(CNC(=O)COCC(=O)N(CCC(C)C)CCC(C)C)c1||nitrate,-4116.53318879948,2.205417701185802,ELEM,False,False
series::CC(C)CN(CC(C)C)C(=O)COCC(=O)N(CC(C)C)CC(C)C||nitrate,1744.610927832544,0.8221470991933978,ELEM,False,False
series::CC1(C)CCC(C)(C)c2nc(-c3ccc4ccc5ccc(-c6nnc7c(n6)C(C)(C)CCC7(C)C)nc5c4n3)nnc21||nitrate,3721.789921338294,2.2054177011854694,ELEM,False,False
series::CC1(C)CCC(C)(C)c2nc(-c3ccc4ccc5ccc(-c6nnc7c(n6)C(C)(C)CCC7(C)C)nc5c4n3)nnc21||water,3876.9200346985585,2.2054177011857745,ELEM,False,False
series::CC1(C)CCC(C)(C)c2nc(-c3cccc(-c4cccc(-c5cccc(-c6nnc7c(n6)C(C)(C)CCC7(C)C)n5)n4)n3)nnc21||water,3718.9339019501713,2.2054177011845613,ELEM,False,False
series::CC1(C)CCC(C)(C)c2nc(-c3cccc(-c4cccc(-c5ccccn5)n4)n3)nnc21||nitrate,4802.12595384952,2.2054177011843175,ELEM,False,False
series::CC1(C)CCC(C)(C)c2nc(-c3cccc(-c4cccc(-c5ccccn5)n4)n3)nnc21||water,4670.282258539735,2.205417701187002,ELEM,False,False
series::CC1(C)CCC(C)(C)c2nc(-c3cccc(-c4cccc(-c5nnc6c(n5)C(C)(C)CCC6(C)C)n4)n3)nnc21||nitrate,3841.122664198565,0.6618643127558943,ELEM,False,False
series::CC1(C)OC(C)(C)c2nc(-c3cccc(-c4cccc(-c5nnc6c(n5)C(C)(C)OC6(C)C)n4)n3)nnc21||nitrate,3963.7960816837303,2.2054177011840057,ELEM,False,False
series::CC1(C)SC(C)(C)c2nc(-c3cccc(-c4cccc(-c5nnc6c(n5)C(C)(C)SC6(C)C)n4)n3)nnc21||nitrate,4007.784988165478,2.2054177011847695,ELEM,False,False
series::CC1(C)SC(C)(C)c2nc(-c3cccc(-c4cccc(-c5nnc6c(n5)C(C)(C)SC6(C)C)n4)n3)nnc21||water,4162.608829274924,2.2054177011847895,ELEM,False,False
series::CC12CCC(c3nnc(-c4cccc(-c5cccc(-c6nnc7c(n6)C6(C)CCC7C6(C)C)n5)n4)nc31)C2(C)C||nitrate,3895.5430455308247,2.205417701184286,ELEM,False,False
series::CC12CCC(c3nnc(-c4cccc(-c5nnc6c(n5)C5(C)CCC6C5(C)C)n4)nc31)C2(C)C||nitrate,28.83760361667612,0.6642336287470162,ELEM,False,False
series::CCCCC(CC)CN(C)C(=O)COCC(=O)N(C)CC(CC)CCCC||water,1613.1852457666362,0.6433290437193397,ELEM,False,False
series::CCCCC(CC)CN(CC(CC)CCCC)C(=O)CCOCCC(=O)N(CC(CC)CCCC)CC(CC)CCCC||nitrate,-3576.8965581681487,2.2054177011925167,ELEM,False,False
series::CCCCC(CC)CN(CC(CC)CCCC)C(=O)CCOCCC(=O)N(CC(CC)CCCC)CC(CC)CCCC||water,-3577.852138706058,2.205417701189555,ELEM,False,False
series::CCCCC(CC)CN(CC(CC)CCCC)C(=O)CN(CC(=O)N(CC(CC)CCCC)CC(CC)CCCC)CC(=O)N(CC(CC)CCCC)CC(CC)CCCC||nitrate,-3026.971530111346,2.205417701190752,ELEM,False,False
series::CCCCC(CC)CN(CC(CC)CCCC)C(=O)CN(CC(=O)N(CC(CC)CCCC)CC(CC)CCCC)CC(=O)N(CC(CC)CCCC)CC(CC)CCCC||water,-3027.7143796363753,2.205417701181464,ELEM,False,False
series::CCCCC(CC)CN(CC(CC)CCCC)C(=O)COCC(=O)N(CC(CC)CCCC)CC(CC)CCCC||nitrate,-2002.4183871322757,0.7697528565887152,ELEM,False,False
series::CCCCC(CC)CN(CC(CC)CCCC)C(=O)COCC(=O)N(CC(CC)CCCC)CC(CC)CCCC||water,-1400.1204454343774,0.6433290437184765,ELEM,False,False
series::CCCCC(CC)CP(=O)(CC(=O)N(CC(C)C)CC(C)C)c1ccccc1||nitrate,-1842.3439391117563,1.292029420750714,ELEM,False,False
series::CCCCCC(C)Oc1cc(CNC(=O)COCC(=O)N(CCCC)CCCC)cc(CNC(=O)COCC(=O)N(CCCC)CCCC)c1||nitrate,-5225.945820489557,2.205417701189365,ELEM,False,False
series::CCCCCCC(C)N(CCCC)C(=O)COCC(=O)N(CCCC)C(C)CCCCCC||water,321.1328514074812,0.9385932626645985,ELEM,False,False
series::CCCCCCC(CCCC)CCCN(C)C(=O)COCC(=O)N(C)CCCC(CCCC)CCCCCC||water,-969.4327349154586,0.6433290437182664,ELEM,False,False
series::CCCCCCCCC(C)(C)SCC1CN(C(=O)COCC(=O)N2CC(C)C(CSC(C)(C)CCCCCCCC)C2)CC1C||water,-2135.49198633534,0.6433290437181262,ELEM,False,False
series::CCCCCCCCCCCCN(C)C(=O)C1CC(OC)CC(C(=O)N(C)CCCCCCCCCCCC)O1||nitrate,572.0391653486654,1.1267165515383837,ELEM,False,False
series::CCCCCCCCCCCCN(C)C(=O)COCC(=O)N(C)CCCCCCCCCCCC||water,-1509.8387453881462,2.207204223236999,ELEM,False,False
series::CCCCCCCCCCCCN(CC)C(=O)COCC(=O)N(CC)CCCCCCCCCCCC||water,-2027.8038318923625,2.2072042232369995,ELEM,False,False
series::CCCCCCCCCCCCN(CCC)C(=O)COCC(=O)N(CCC)CCCCCCCCCCCC||water,-2544.0789224680148,2.207204223237005,ELEM,False,False
series::CCCCCCCCCCCCN(CCCC)C(=O)COCC(=O)N(CCCC)CCCCCCCCCCCC||water,-3060.0219233866746,2.2072042232370017,ELEM,False,False
series::CCCCCCCCCCCCN(CCCCCCCC)C(=O)COCC(=O)N(CCCCCCCC)CCCCCCCCCCCC||water,-3276.9587568400248,0.6616749182236391,ELEM,False,False
series::CCCCCCCCCCCCN(CCCCCCCCCCCC)C(=O)COC1CCCN(CCCCCC)C1=O||nitrate,-1620.9396610836975,0.6433290437183726,ELEM,False,False
series::CCCCCCCCCCCCN(CCCCCCCCCCCC)C(=O)COCC(=O)N(CCCCCCCC)CCCCCCCC||nitrate,-5126.141331777437,2.2057394306960183,ELEM,False,False
series::CCCCCCCCCCCCN(CCCCCCCCCCCC)C(=O)COCC(=O)N(CCCCCCCCCCCC)CCCCCCCCCCCC||nitrate,-4462.170826644122,1.0232214880025552,ELEM,False,False
series::CCCCCCCCCCCCN(CCCCCCCCCCCC)C(=O)COCCOCC(=O)N(CCCCCCCCCCCC)CCCCCCCCCCCC||nitrate,-2847.6669232085956,0.6643027998564789,ELEM,False,False
series::CCCCCCCCCCCCN(CCCCCCCCCCCC)C(=O)COCCOCC(=O)N(CCCCCCCCCCCC)CCCCCCCCCCCC||water,-2519.131688509015,0.6433290437176357,ELEM,False,False
series::CCCCCCCCCCCCNCC(=O)c1cccc(C(=O)CNCCCCCCCCCCCC)n1||nitrate,3668.527437383626,2.205417701184193,ELEM,False,False
series::CCCCCCCCCCCCOc1cc(CNC(=O)COCC(=O)N(CCCC)CCCC)cc(CNC(=O)COCC(=O)N(CCCC)CCCC)c1||nitrate,-6513.530340789735,2.2054177011841927,ELEM,False,False
series::CCCCCCCCCCN(CCCCCCCCCC)C(=O)C(C)OC(C)C(=O)N(CCCCCCCCCC)CCCCCCCCCC||nitrate,-4747.047683692391,0.7681665090202374,ELEM,False,False
series::CCCCCCCCCCN(CCCCCCCCCC)C(=O)COCC(=O)N(CCCCCC)CCCCCC||nitrate,-1473.7449215410757,0.6433290437183731,ELEM,False,False
series::CCCCCCCCCCN(CCCCCCCCCC)C(=O)COCC(=O)N(CCCCCC)CCCCCC||water,-1400.450962864345,0.9385525462425263,ELEM,False,False
series::CCCCCCCCCCN(CCCCCCCCCC)C(=O)COCC(=O)N(CCCCCCCCCC)CCCCCCCCCC||nitrate,-4023.3496840568214,0.8712844752185177,ELEM,False,False
series::CCCCCCCCCCN(CCCCCCCCCC)C(=O)[C@H](C)O[C@H](CC)C(=O)N(CCCCCCCCCC)CCCCCCCCCC||nitrate,-3841.594281685999,0.6433290437181252,ELEM,False,False
series::CCCCCCCCCCN(CCCCCCCCCC)C(=O)[C@H](CCC)O[C@H](CCC)C(=O)N(CCCCCCCCCC)CCCCCCCCCC||nitrate,-4288.4530379105645,0.7119424594769328,ELEM,False,False
series::CCCCCCCCN(C(=O)c1ccc2ccc3cccnc3c2n1)c1ccc(C)cc1||nitrate,1471.5548400964585,0.6433290437181244,ELEM,False,False
series::CCCCCCCCN(C)C(=O)C(CCCCCC)C(=O)N(C)CCCCCCCC||nitrate,-3186.557338080222,0.8739511580046014,ELEM,False,False
series::CCCCCCCCN(C)C(=O)C(CCOCCCCCC)C(=O)N(C)CCCCCCCC||nitrate,246.58031647151574,0.6878982253002037,ELEM,False,False
series::CCCCCCCCN(C)C(=O)CC(=O)N(C)CCCCCCCC||nitrate,-1136.2962105378333,0.7798909463608104,ELEM,False,False
series::CCCCCCCCN(C)C(=O)COCC(=O)N(C)CCCCCCCC||nitrate,1463.5914049105347,0.6618643127558884,ELEM,False,False
series::CCCCCCCCN(C)C(=O)COCC(=O)N(C)CCCCCCCC||water,1613.238568877865,0.6433290437183455,ELEM,False,False
series::CCCCCCCCN(C)C(=O)COCC(=O)N(C)Cc1cccc(CN(C)C(=O)COCC(=O)N(C)CCCCCCCC)c1||nitrate,-4117.416544851473,2.205417701184194,ELEM,False,False
series::CCCCCCCCN(C)C(=O)COCC(=O)N(CCCCCCCC)CCCCCCCC||water,106.52288000178729,0.6433290437183731,ELEM,False,False
series::CCCCCCCCN(C)C(=O)COCC(=O)NCc1cccc(CNC(=O)COCC(=O)N(C)CCCCCCCC)c1||nitrate,-3600.0318722660504,2.205417701184194,ELEM,False,False
series::CCCCCCCCN(CC(C)C)C(=O)COCC(=O)N(CCCCCCCC)CC(C)C||nitrate,-62.89305437102985,0.8221470991939371,ELEM,False,False
series::CCCCCCCCN(CC(CC)CCCC)C(=O)COCC(=O)N(CCCCCCCC)CC(CC)CCCC||nitrate,-1870.8549019538018,0.8221470991939123,ELEM,False,False
series::CCCCCCCCN(CC)C(=O)COCC(=O)N(CC)CCCCCCCC||water,1182.2937256722334,0.6433290437183731,ELEM,False,False
series::CCCCCCCCN(CCC(C)CC(C)(C)C)C(=O)COCC(=O)N(CCCCCCCC)CCC(C)CC(C)(C)C||water,-1831.517886856144,0.6433290437181238,ELEM,False,False
series::CCCCCCCCN(CCC)C(=O)COCC(=O)N(CCC)CCCCCCCC||water,751.4338900905773,0.6433290437183453,ELEM,False,False
series::CCCCCCCCN(CCCC(CCCC)CCCCCC)C(=O)COCC(=O)N(CCCCCCCC)CCCC(CCCC)CCCCCC||water,-3982.6743111887786,0.6433290437181243,ELEM,False,False
series::CCCCCCCCN(CCCCC(C)CCCC(C)C)C(=O)COCC(=O)N(CCCCCCCC)CCCCC(C)CCCC(C)C||water,-3122.304606893838,0.6433290437183731,ELEM,False,False
series::CCCCCCCCN(CCCCCCCC)C(=O)C(C)OC(C(=O)N(CCCCCCCC)CCCCCCCC)c1ccccc1||nitrate,-4535.176123861389,2.205417701184193,ELEM,False,False
series::CCCCCCCCN(CCCCCCCC)C(=O)C(C)OC(C(=O)N(CCCCCCCC)CCCCCCCC)c1ccccc1||water,-4533.524763751132,2.205417701184193,ELEM,False,False
series::CCCCCCCCN(CCCCCCCC)C(=O)C(C)OC(C)C(=O)N(CCCCCCCC)CCCCCCCC||nitrate,-1904.732589990993,0.6433290437181243,ELEM,False,False
series::CCCCCCCCN(CCCCCCCC)C(=O)C(C)OC(C)C(=O)N(CCCCCCCC)CCCCCCCC||water,-3578.2947610839583,2.2054177011841936,ELEM,False,False
series::CCCCCCCCN(CCCCCCCC)C(=O)C1CCC(C(=O)N(CCCCCCCC)CCCCCCCC)O1||nitrate,-3495.2588181620677,2.2054177011841936,ELEM,False,False
series::CCCCCCCCN(CCCCCCCC)C(=O)C1CCC(C(=O)N(CCCCCCCC)CCCCCCCC)O1||water,-3495.5267668722418,2.205417701184193,ELEM,False,False
series::CCCCCCCCN(CCCCCCCC)C(=O)CC(=O)N(CCCCCCCC)CCCCCCCC||nitrate,-5943.652080980649,0.8738393765165743,ELEM,False,False
series::CCCCCCCCN(CCCCCCCC)C(=O)CCOCCC(=O)N(CCCCCCCC)CCCCCCCC||nitrate,-3576.351307640327,2.205417701184198,ELEM,False,False
series::CCCCCCCCN(CCCCCCCC)C(=O)CCOCCC(=O)N(CCCCCCCC)CCCCCCCC||water,-3577.5926715209,2.2054177011841927,ELEM,False,False
series::CCCCCCCCN(CCCCCCCC)C(=O)CN(CC(=O)N(CCCCCCCC)CCCCCCCC)CC(=O)N(CCCCCCCC)CCCCCCCC||nitrate,-1157.8916576405873,1.0230295749464784,ELEM,False,False
series::CCCCCCCCN(CCCCCCCC)C(=O)CN(CC(=O)N(CCCCCCCC)CCCCCCCC)c1ccccc1||nitrate,-4225.259107569664,2.2054177011841927,ELEM,False,False
series::CCCCCCCCN(CCCCCCCC)C(=O)CNCC(=O)N(CCCCCCCC)CCCCCCCC||nitrate,-3008.8848175268313,2.205417701184193,ELEM,False,False
series::CCCCCCCCN(CCCCCCCC)C(=O)CNCC(=O)N(CCCCCCCC)CCCCCCCC||water,-3010.697329754556,2.2054177011841944,ELEM,False,False
series::CCCCCCCCN(CCCCCCCC)C(=O)CNCP(=O)(CCCC)CCCC||nitrate,-736.3151687673206,2.205417701184193,ELEM,False,False
series::CCCCCCCCN(CCCCCCCC)C(=O)CNCP(=O)(CCCC)CCCC||water,-738.035868128554,2.205417701184194,ELEM,False,False
series::CCCCCCCCN(CCCCCCCC)C(=O)CNCP(=O)(OCCCC)OCCCC||nitrate,3830.0150587428875,2.205417701184193,ELEM,False,False
series::CCCCCCCCN(CCCCCCCC)C(=O)CNCP(=O)(OCCCC)OCCCC||water,4123.803145227074,2.2054177011841936,ELEM,False,False
series::CCCCCCCCN(CCCCCCCC)C(=O)COC(C(=O)N(CCCCCCCC)CCCCCCCC)c1ccccc1||nitrate,-4276.020070689369,2.205417701184194,ELEM,False,False
series::CCCCCCCCN(CCCCCCCC)C(=O)COC(C(=O)N(CCCCCCCC)CCCCCCCC)c1ccccc1||water,-4275.30663332944,2.2054177011841936,ELEM,False,False
series::CCCCCCCCN(CCCCCCCC)C(=O)COC(C)C(=O)N(CCCCCCCC)CCCCCCCC||water,-3319.041167219021,2.205417701184194,ELEM,False,False
series::CCCCCCCCN(CCCCCCCC)C(=O)COCC(=O)N(C)C||water,858.2735853370536,0.8583850142437742,ELEM,False,False
series::CCCCCCCCN(CCCCCCCC)C(=O)COCC(=O)N(CCCCCCCC)CCCCCCCC||nitrate,-1474.2987912931712,0.643329043718345,ELEM,False,False
series::CCCCCCCCN(CCCCCCCC)C(=O)COCC(=O)N(CCCCCCCC)CCCCCCCC||water,-1400.3009410446589,0.6433290437181243,ELEM,False,False
series::CCCCCCCCN(CCCCCCCC)C(=O)COCC(=O)N1CCCC1||nitrate,121.59728273860685,2.205417701184193,ELEM,False,False
series::CCCCCCCCN(CCCCCCCC)C(=O)COCC(=O)N1CCCC1||water,120.74770368769123,2.205417701184193,ELEM,False,False
series::CCCCCCCCN(CCCCCCCC)C(=O)COCC(=O)N1CCCCC1||nitrate,-137.42153585715675,2.205417701184193,ELEM,False,False
series::CCCCCCCCN(CCCCCCCC)C(=O)COCC(=O)N1CCCCC1||water,-136.5094021042745,2.2054177011841927,ELEM,False,False
series::CCCCCCCCN(CCCCCCCC)C(=O)COCC(=O)N1CCOCC1||nitrate,2296.1436616681076,2.205417701184194,ELEM,False,False
series::CCCCCCCCN(CCCCCCCC)C(=O)COCC(=O)N1CCOCC1||water,2296.1615554273753,2.205417701184194,ELEM,False,False
series::CCCCCCCCN(CCCCCCCC)C(=O)COCC(=O)NCCCCCCCNC(=O)COCC(=O)N(CCCCCCCC)CCCCCCCC||nitrate,-7292.1601883931835,2.205417701184193,ELEM,False,False
series::CCCCCCCCN(CCCCCCCC)C(=O)COCC(=O)NCCCCCCNC(=O)COCC(=O)N(CCCCCCCC)CCCCCCCC||nitrate,-7034.629522354139,2.205417701184194,ELEM,False,False
series::CCCCCCCCN(CCCCCCCC)C(=O)COCC(=O)NCCCOCCCNC(=O)COCC(=O)N(CCCCCCCC)CCCCCCCC||nitrate,-7352.400688254404,2.205417701184193,ELEM,False,False
series::CCCCCCCCN(CCCCCCCC)C(=O)COCC(=O)NCCOCCNC(=O)COCC(=O)N(CCCCCCCC)CCCCCCCC||nitrate,2437.01805433437,2.205417701184194,ELEM,False,False
series::CCCCCCCCN(CCCCCCCC)C(=O)COCC(=O)NCc1ccc(CNC(=O)COCC(=O)N(CCCCCCCC)CCCCCCCC)cc1||nitrate,-7216.450553013448,2.2054177011841944,ELEM,False,False
series::CCCCCCCCN(CCCCCCCC)C(=O)COCC(=O)NCc1cccc(CNC(=O)COCC(=O)N(CCCCCCCC)CCCCCCCC)c1||nitrate,-7216.378451899545,2.2054177011841927,ELEM,False,False
series::CCCCCCCCN(CCCCCCCC)C(=O)COCC(=O)NCc1cccc(CNC(=O)COCC(=O)N(CCCCCCCC)CCCCCCCC)c1||water,-7218.835019235711,2.2054177011841927,ELEM,False,False
series::CCCCCCCCN(CCCCCCCC)C(=O)COCCOCC(=O)N(CCCCCCCC)CCCCCCCC||nitrate,-100.01889486759625,0.643329043718124,ELEM,False,False
series::CCCCCCCCN(CCCCCCCC)C(=O)COCP(=O)(CCCC)CCCC||nitrate,-790.0215566375822,2.205417701184193,ELEM,False,False
series::CCCCCCCCN(CCCCCCCC)C(=O)COCP(=O)(CCCC)CCCC||water,-789.5812848220979,2.205417701184193,ELEM,False,False
series::CCCCCCCCN(CCCCCCCC)C(=O)COCP(=O)(OCCCC)OCCCC||nitrate,3812.793160665191,2.205417701184193,ELEM,False,False
series::CCCCCCCCN(CCCCCCCC)C(=O)COCP(=O)(OCCCC)OCCCC||water,4107.031875495331,2.205417701184194,ELEM,False,False
series::CCCCCCCCN(CCCCCCCC)C(=O)CO||nitrate,116.03352927026401,2.205417701184193,ELEM,False,False
series::CCCCCCCCN(CCCCCCCC)C(=O)[C@H](C)O[C@@H](C)C(=O)N(CCCCCCCC)CCCCCCCC||nitrate,-1904.9981054504144,0.6433290437181243,ELEM,False,False
series::CCCCCCCCN(CCCCCCCC)C(=O)[C@H](C)O[C@@H](CC)C(=O)N(CCCCCCCC)CCCCCCCC||nitrate,-2119.526171322171,0.6852226575671477,ELEM,False,False
series::CCCCCCCCN(CCCCCCCC)C(=O)[C@H](C)O[C@H](C)C(=O)N(CCCCCCCC)CCCCCCCC||nitrate,-1905.1253159824996,0.643329043718124,ELEM,False,False
series::CCCCCCCCN(CCCCCCCC)C(=O)[C@H](CCC)O[C@H](CCC)C(=O)N(CCCCCCCC)CCCCCCCC||nitrate,-2765.9431821271146,0.6433290437183453,ELEM,False,False
series::CCCCCCCCN(CCCCCCCC)C(=O)c1ccc(C(=O)N(CCCCCCCC)CCCCCCCC)o1||nitrate,-3327.2390674017784,2.2054177011841936,ELEM,False,False
series::CCCCCCCCN(CCCCCCCC)C(=O)c1ccc(C(=O)N(CCCCCCCC)CCCCCCCC)o1||water,-3327.447772476128,2.2054177011841927,ELEM,False,False
series::CCCCCCCCN(CCCCCCCC)C(=O)c1ccc2ccc3ccc(C(=O)N(CCCCCCCC)CCCCCCCC)nc3c2n1||nitrate,-830.8885249282259,0.7890587686013195,ELEM,False,False
series::CCCCCCCCN(CCCCCCCC)C(=O)c1ccc2ccc3ccc(C(=O)N(CCCCCCCC)CCCCCCCC)nc3c2n1||water,-590.8520511993077,0.6433290437167557,ELEM,False,False
series::CCCCCCCCN(CCCCCCCC)C(=S)c1ccc(C(=S)N(CCCCCCCC)CCCCCCCC)s1||nitrate,3262.619607684735,2.2054177011841936,ELEM,False,False
series::CCCCCCCCN(CCCCCCCC)C(=S)c1ccc2ccc3ccc(C(=S)N(CCCCCCCC)CCCCCCCC)nc3c2n1||nitrate,2525.808753137813,2.2054177011841936,ELEM,False,False
series::CCCCCCCCN(CCCCCCCC)C(=S)c1ccc2ccc3ccc(C(=S)N(CCCCCCCC)CCCCCCCC)nc3c2n1||water,2819.103954666405,2.205417701184194,ELEM,False,False
series::CCCCCCCCNC(=O)c1cc(Cl)ccn1||nitrate,1568.0911979017294,2.205417701184193,ELEM,False,False
series::CCCCCCCCOc1cc(C(=O)N(C)c2ccc(C(C)(C)C)cc2)nc(C(=O)N(C)c2ccc(C(C)(C)C)cc2)c1||nitrate,-2599.148709738131,2.205417701184194,ELEM,False,False
series::CCCCCCCCOc1cc(C(=O)Nc2ccc(C(C)(C)C)cc2)nc(C(=O)Nc2ccc(C(C)(C)C)cc2)c1||nitrate,-2082.934332945984,2.205417701184194,ELEM,False,False
series::CCCCCCCCP(=O)(CC(=O)N(CC(C)C)CC(C)C)c1ccccc1||nitrate,-1759.354241324656,0.6880356498703262,ELEM,False,False
series::CCCCCCCCP(=O)(CCCCCCCC)Cc1cccc(CP(=O)(CCCCCCCC)CCCCCCCC)[n+]1[O-]||nitrate,-2633.1646973138963,0.7069293904376464,ELEM,False,False
series::CCCCCCCCP(=O)(CCCCCCCC)Cc1cccc(CP(=O)(CCCCCCCC)CCCCCCCC)[n+]1[O-]||water,-1952.2583482182667,0.6641986585360721,ELEM,False,False
series::CCCCCCCCn1cc(-c2cc(CC(=O)O)cc(-c3cn(CCCCCCCC)nn3)n2)nn1||nitrate,-1054.2016602252947,2.205417701184194,ELEM,False,False
series::CCCCCCCCn1cc(-c2cc(CC(=O)O)cc(-c3cn(CCCCCCCC)nn3)n2)nn1||water,-1054.2290301503954,2.205417701184194,ELEM,False,False
series::CCCCCCN(C)C(=O)CC(=O)N(C)CCCCCC||nitrate,241.24281092015985,0.7798909463608199,ELEM,False,False
series::CCCCCCN(CCC(C)CCC=C(C)C)C(=O)COCC(=O)N(CCCCCC)CCC(C)CCC=C(C)C||water,-1258.1646385859458,0.6433290437181243,ELEM,False,False
series::CCCCCCN(CCC(C)CCCC(C)C)C(=O)COCC(=O)N(CCCCCC)CCC(C)CCCC(C)C||water,-1400.982550709677,0.6433290437183732,ELEM,False,False
series::CCCCCCN(CCCCCC)C(=O)CC(=O)N(CCCCCC)CCCCCC||nitrate,-3203.255389838903,0.7798909463607541,ELEM,False,False
series::CCCCCCN(CCCCCC)C(=O)COCC(=O)N(CCCCCC)CCCCCC||nitrate,-285.0838444548083,0.8713437703076814,ELEM,False,False
series::CCCCCCN(CCCCCC)C(=O)COCC(=O)N1CCCC1||nitrate,1154.9030072438297,2.205417701184193,ELEM,False,False
series::CCCCCCN(CCCCCC)C(=O)COCC(=O)N1CCCC1||water,1153.8015229203475,2.205417701184194,ELEM,False,False
series::CCCCCCN(CCCCCC)C(=O)COCC(=O)N1CCCCC1||nitrate,895.4852287583715,2.205417701184193,ELEM,False,False
series::CCCCCCN(CCCCCC)C(=O)COCC(=O)N1CCCCC1||water,896.0209713133331,2.2054177011841927,ELEM,False,False
series::CCCCCCN(CCCCCC)C(=O)COCC(=O)N1CCOCC1||nitrate,2984.9280923240008,2.2054177011841927,ELEM,False,False
series::CCCCCCN(CCCCCC)C(=O)COCC(=O)N1CCOCC1||water,2984.6173334058144,2.205417701184193,ELEM,False,False
series::CCCCCCN(CCCCCC)C(=O)c1ccc2ccc3cccnc3c2n1||nitrate,914.9852487980888,2.205417701184193,ELEM,False,False
series::CCCCCCN(CCCCCC)C(=O)c1ccc2ccc3cccnc3c2n1||water,915.1877327637503,2.205417701184193,ELEM,False,False
series::CCCCCCOCCC(C(=O)N(C)CCCC)C(=O)N(C)CCCC||nitrate,813.9994912198174,1.2916691704091863,ELEM,False,False
series::CCCCCCOP(=O)(O)OCCCCCC||nitrate,1357.3382893924095,1.587110717699129,ELEM,False,False
series::CCCCCCOc1cc(CNC(=O)COCC(=O)N(CCCC)CCCC)cc(CNC(=O)COCC(=O)N(CCCC)CCCC)c1||nitrate,-4964.514252794268,2.2054177011841927,ELEM,False,False
series::CCCCCCc1ccc(N(CC)C(=O)c2cccc(-c3cccc(C(=O)N(CC)c4ccc(CCCCCC)cc4)n3)n2)cc1||nitrate,513.4447736045768,0.6433290437183454,ELEM,False,False
series::CCCCCCn1c(-c2ccccc2)c(-c2ccccc2)c2cc3ccc4cc5c(-c6ccccc6)c(-c6ccccc6)n(CCCCCC)c(=O)c5nc4c3nc2c1=O||nitrate,2487.4861206690007,0.643329043718124,ELEM,False,False
series::CCCCCCn1c(-c2ccccc2)c(-c2ccccc2)c2cc3ccc4cc5c(-c6ccccc6)c(-c6ccccc6)n(CCCCCC)c(=O)c5nc4c3nc2c1=O||water,2710.8455048990477,0.6433290437183731,ELEM,False,False
series::CCCCCN(CCCCC)C(=O)COCC(=O)N(CCCCC)CCCCC||nitrate,39.32239392460326,2.205417701184194,ELEM,False,False
series::CCCCCc1nnc(-c2cccc(-c3cccc(-c4nnc(CCCCC)c(CCCCC)n4)n3)n2)nc1CCCCC||nitrate,3442.4080396144986,0.6616749182236358,ELEM,False,False
series::CCCCCc1nnc(-c2cccc(-c3cccc(-c4nnc(CCCCC)c(CCCCC)n4)n3)n2)nc1CCCCC||water,3595.0966786048284,2.2054177011841936,ELEM,False,False
series::CCCCN(C)C(=O)CC(=O)N(C)CCCC||nitrate,1571.2385973239793,1.2916691704091867,ELEM,False,False
series::CCCCN(CCCC)C(=O)CC(=O)N(CCCC)CCCC||nitrate,-448.28960310654054,0.7798909463608469,ELEM,False,False
series::CCCCN(CCCC)C(=O)CCC(=O)N(CCCC)CCCC||nitrate,-746.6807842054723,1.2936615269154224,ELEM,False,False
series::CCCCN(CCCC)C(=O)COCC(=O)N(CCCC)CCCC||nitrate,1789.5682295627012,0.7367814404935403,ELEM,False,False
series::CCCCN(CCCC)C(=O)COCC(=O)N(CCCC)CCCC||water,2528.9042392589245,1.137531100190253,ELEM,False,False
series::CCCCN(CCCC)C(=O)COCC(=O)N(CCN(C(=O)COCC(=O)N(CCCC)CCCC)C(C)C)C(C)C||nitrate,-3417.7496664304053,2.205417701184193,ELEM,False,False
series::CCCCN(CCCC)C(=O)COCC(=O)NCCCCCCNC(=O)COCC(=O)N(CCCC)CCCC||nitrate,-2900.1539873004504,2.205417701184194,ELEM,False,False
series::CCCCN(CCCC)C(=O)COCC(=O)NCCCCCNC(=O)COCC(=O)N(CCCC)CCCC||nitrate,-2645.937392961521,2.205417701184193,ELEM,False,False
series::CCCCN(CCCC)C(=O)COCC(=O)NCc1cccc(CNC(=O)COCC(=O)N(CCCC)CCCC)c1||nitrate,-3083.1792284161297,2.205417701184194,ELEM,False,False
series::CCCCN(CCCC)C(=O)c1ccc2ccc3ccc(C(=O)N(CCCC)CCCC)nc3c2n1||nitrate,1899.6782363034345,0.6433290437181242,ELEM,False,False
series::CCCCN(CCCC)C(=O)c1ccc2ccc3cccnc3c2n1||nitrate,1948.6546327120986,2.205417701184193,ELEM,False,False
series::CCCCN(CCCC)C(=O)c1ccc2ccc3cccnc3c2n1||water,1948.2079718191944,2.2054177011841927,ELEM,False,False
series::CCCCN(CCCC)C(=O)c1ccccc1C(=O)O||nitrate,3137.7777715620555,1.293631886310361,ELEM,False,False
series::CCCCOP(=S)(CP(=S)(OCCCC)OCCCC)OCCCC||nitrate,4876.731863455444,2.2054177011841936,ELEM,False,False
series::CCCCP(=S)(CCCC)CP(=S)(CCCC)CCCC||nitrate,376.42832679259755,2.2054177011841936,ELEM,False,False
series::CCCN(CCC)C(=O)COCC(=O)N(CCC)CCC||nitrate,2774.4703220043093,0.6617286100762485,ELEM,False,False
series::CCCc1nnc(-c2cccc(-c3nnc(CCC)c(CCC)n3)n2)nc1CCC||nitrate,1057.3404941955357,0.6618643127558879,ELEM,False,False
series::CCN(C(=O)c1ccc2ccc3ccc(C(=O)N(CC)c4ccc(C)cc4)nc3c2n1)c1ccc(C)cc1||nitrate,1976.784388146315,1.2942749741883635,ELEM,False,False
series::CCN(C(=O)c1cccc(-c2cccc(C(=O)N(CC)c3cc(C)cc(C)c3)n2)n1)c1cc(C)cc(C)c1||nitrate,1890.2674966914292,0.6433290437183453,ELEM,False,False
series::CCN(C(=O)c1cccc(-c2cccc(C(=O)N(CC)c3cc(C)ccc3C)n2)n1)c1cc(C)ccc1C||nitrate,1890.4290988349844,0.6433290437181243,ELEM,False,False
series::CCN(C(=O)c1cccc(-c2cccc(C(=O)N(CC)c3ccc(C)cc3C)n2)n1)c1ccc(C)cc1C||nitrate,1890.2465509541564,0.6433290437183731,ELEM,False,False
series::CCN(C(=O)c1cccc(-c2cccc(C(=O)N(CC)c3ccccc3)n2)n1)c1ccccc1||nitrate,2580.6553658487546,0.6433290437181243,ELEM,False,False
series::CCN(C(=O)c1cccc(C(=O)N(CC)c2ccc(C)cc2)n1)c1ccc(C)cc1||nitrate,1614.780804688677,0.6827530320250317,ELEM,False,False
series::CCN(C(=O)c1cccc(C(=O)N(CC)c2cccc(C)c2)n1)c1cccc(C)c1||nitrate,833.4067101161372,0.8576899159118608,ELEM,False,False
series::CCN(C(=O)c1cccc(C(=O)N(CC)c2ccccc2C)n1)c1ccccc1C||nitrate,833.5585224273649,0.8576899159118605,ELEM,False,False
series::CCN(CC)C(=O)COCC(=O)N(CC)CC||nitrate,3691.278579328328,0.643329043718124,ELEM,False,False
series::CCN(CC)C(=O)c1ccc2ccc3cccnc3c2n1||nitrate,2981.326518324283,2.205417701184194,ELEM,False,False
series::CCN(CC)C(=O)c1ccc2ccc3cccnc3c2n1||water,2981.654423572658,2.2054177011841944,ELEM,False,False
series::CCOP(=O)(OCC)c1ccc2ccc3ccc(P(=O)(OCC)OCC)nc3c2n1||nitrate,2724.613611988998,2.205417701184194,ELEM,False,False
series::CCOP(=S)(COCP(=S)(OCC)OCC)OCC||water,5655.944021519691,2.2054177011841936,ELEM,False,False
series::CCc1ccc(N(CC)C(=O)c2ccc3ccc4ccc(C(=O)N(CC)c5ccc(CC)cc5)nc4c3n2)cc1||nitrate,1656.7152082815135,0.6433290437183453,ELEM,False,False
series::CN(C(=O)CC(=O)N(C)c1ccccc1)c1ccccc1||nitrate,1158.050177651517,0.6433290437181242,ELEM,False,False
series::CN(C(=O)COCC(=O)N(C)c1ccccc1)c1ccccc1||nitrate,2958.948801789806,0.6433290437183731,ELEM,False,False
series::CN(C(=O)c1cccc(C(=O)N(C)c2ccccc2)n1)c1ccccc1||nitrate,2060.554884014345,0.808219382544437,ELEM,False,False
series::COCCN(CCOC)C(=O)COCC(=O)N(CCOC)CCOC||water,5019.103641972432,0.6641837943155912,ELEM,False,False
series::Cc1cc(-c2cc(C)cc(-c3nnc4c(n3)C(C)(C)CCC4(C)C)n2)nc(-c2nnc3c(n2)C(C)(C)CCC3(C)C)c1||nitrate,3666.2738247450698,2.2054177011841944,ELEM,False,False
series::Cc1cc(-c2cc(C)cc(-c3nnc4c(n3)C(C)(C)CCC4(C)C)n2)nc(-c2nnc3c(n2)C(C)(C)CCC3(C)C)c1||water,3820.4041264712873,2.2054177011841936,ELEM,False,False
series::Cc1cc(C)n(-c2cccc(-n3nc(C)cc3C)n2)n1||nitrate,5361.418379885046,2.205417701184194,ELEM,False,False
series::Cc1ccn(-c2cccc(-n3ccc(C)n3)n2)n1||nitrate,5534.347251819945,2.205417701184194,ELEM,False,False
series::O=C(COCC(=O)N1CCCCC1)N1CCCCC1||water,3472.0882884881385,0.643329043718124,ELEM,False,False
series::O=C(O)CN(CC(=O)O)C1CCCCC1N(CC(=O)O)CC(=O)O||nitrate,5236.217489052785,1.1122790653048105,ELEM,False,False
series::O=C(O)CN(CCO)CCN(CC(=O)O)CC(=O)O||nitrate,5527.335519869154,0.8582017811140289,ELEM,False,False
series::O=C(c1cc(Cl)c2ccc3c(Cl)cc(C(=O)N4CCCC4)nc3c2n1)N1CCCC1||nitrate,2946.7051725852716,0.6433290437183453,ELEM,False,False
series::O=C(c1cc(Cl)c2ccc3c(Cl)cc(C(=O)N4CCc5ccccc54)nc3c2n1)N1CCc2ccccc21||nitrate,1943.3207282106864,2.205417701184194,ELEM,False,False
series::O=C(c1cccc(C(=O)N2CCCC2)n1)N1CCCC1||nitrate,2914.060246100262,2.205417701184194,ELEM,False,False
series::O=C(c1ccccc1)c1ccc2ccccc2n1||nitrate,2476.3622187891965,2.2054177011841936,ELEM,False,False
series::O=P(c1ccccc1)(c1ccccc1)c1ccc2ccc3ccc(P(=O)(c4ccccc4)c4ccccc4)nc3c2n1||nitrate,1616.9179852999523,2.205417701184194,ELEM,False,False
series::O=c1c(O)c(-c2ccc(O)c(O)c2)oc2cc(O)cc(O)c12||nitrate,3292.920880582874,2.205417701184194,ELEM,False,False
series::c1cc(-n2cccn2)nc(-n2cccn2)c1||nitrate,5707.878650975703,2.205417701184194,ELEM,False,False
series::c1cc2nc(c1)COc1ccccc1OCCOCCOc1ccccc1OC2||nitrate,4897.700660248806,1.1123222560323494,ELEM,False,False
series::c1ccc2c(c1)OCCOCCOc1ccccc1OCCOCCO2||nitrate,5020.841234122875,1.0017965835971943,ELEM,False,False
metal::Dy,-1.3216679267520703,0.4167893516752245,ELEM,False,False
metal::Er,-0.8857982946628908,0.4179850050623651,ELEM,False,False
metal::Eu,1.411898954862636,0.3592290800765301,ELEM,False,False
metal::Gd,1.121675574085657,0.3631821183554705,ELEM,False,False
metal::Ho,-1.0752084179123358,0.4379425982020688,ELEM,False,False
metal::La,-1.5906104592932024,0.3559305886853667,ELEM,False,False
metal::Lu,-0.015485581566281326,0.4333520882340531,ELEM,False,False
metal::Nd,0.5868511329917965,0.36119901910602076,ELEM,False,False
metal::Pr,0.7634623771073166,0.3700388876203441,ELEM,False,False
metal::Sm,1.0825010522762568,0.36357165551765713,ELEM,False,False
metal::Tb,-1.5349843735439208,0.4301796959134913,ELEM,False,False
metal::Tm,-0.7215333369804284,0.448775512859706,ELEM,False,False
metal::Yb,-0.35868045194138176,0.4399271266760307,ELEM,False,False
elem0,-58.3592015056463,0.07891418724419608,ELEM,False,False
elem1,-13.779160554606278,0.03786394954427782,ELEM,False,False
elem2,-81.24698591135598,0.21126713160009805,ELEM,False,False
elem3,-114.8899306245894,0.19511846978799122,ELEM,False,False
elem4,-70.52451410808476,0.49051843456488636,ELEM,False,False
elem5,-90.1455774023716,0.600400927734945,ELEM,False,False
series::C1CCC2OCCOCCOC3CCCCC3OCCOCCOC2C1||nitrate,5394.938237885666,1.5925987693770205,SPECIES,False,False
series::C1COCCOCCOCCOCCOCCO1||nitrate,6029.598611696203,1.589426116178366,SPECIES,False,False
series::CC(C)(C)Cc1cc(-c2cccc(-c3cc(CC(C)(C)C)[nH]n3)n2)n[nH]1||nitrate,5711.084652779991,3.0197461672791195,SPECIES,False,False
series::CC(C)(C)c1cc(-c2cc(C(C)(C)C)cc(-c3nnc4c(n3)C(C)(C)CCC4(C)C)n2)nc(-c2nnc3c(n2)C(C)(C)CCC3(C)C)c1||nitrate,4013.4742800496106,3.0197461672787673,SPECIES,False,False
series::CC(C)(C)c1ccc(NC(=O)c2cc(=O)cc(C(=O)Nc3ccc(C(C)(C)C)cc3)o2)cc1||nitrate,-63.00380508926719,1.1862905140815188,SPECIES,False,False
series::CC(C)(C)c1ccc(NCC(=O)c2cccc(C(=O)CNc3ccc(C(C)(C)C)cc3)n2)cc1||nitrate,5100.898998993924,3.0197461672787735,SPECIES,False,False
series::CC(C)CCCC(C)CCCCN(C)C(=O)COCC(=O)N(C)CCCCC(C)CCCC(C)C||water,28.17547445643322,0.5533737805255093,SPECIES,False,False
series::CC(C)CCCCCP(=O)(CC(=O)N(CC(C)C)CC(C)C)c1ccccc1||nitrate,-1703.0202272829101,0.6798967296854995,SPECIES,False,False
series::CC(C)CCN(CCC(C)C)C(=O)COCC(=O)NCc1cccc(CNC(=O)COCC(=O)N(CCC(C)C)CCC(C)C)c1||nitrate,-4116.452978086976,1.1862905140814972,SPECIES,False,False
series::CC(C)CN(CC(C)C)C(=O)COCC(=O)N(CC(C)C)CC(C)C||nitrate,1905.4741691734134,0.7067832866001574,SPECIES,False,False
series::CC1(C)CCC(C)(C)c2nc(-c3ccc4ccc5ccc(-c6nnc7c(n6)C(C)(C)CCC7(C)C)nc5c4n3)nnc21||nitrate,4585.811231881591,3.019746167278968,SPECIES,False,False
series::CC1(C)CCC(C)(C)c2nc(-c3ccc4ccc5ccc(-c6nnc7c(n6)C(C)(C)CCC7(C)C)nc5c4n3)nnc21||water,4571.376862863997,1.9489914516242484,SPECIES,False,False
series::CC1(C)CCC(C)(C)c2nc(-c3cccc(-c4cccc(-c5cccc(-c6nnc7c(n6)C(C)(C)CCC7(C)C)n5)n4)n3)nnc21||water,4274.515406624583,1.713746968316558,SPECIES,False,False
series::CC1(C)CCC(C)(C)c2nc(-c3cccc(-c4cccc(-c5ccccn5)n4)n3)nnc21||nitrate,5373.052037968005,1.8945642354732206,SPECIES,False,False
series::CC1(C)CCC(C)(C)c2nc(-c3cccc(-c4cccc(-c5ccccn5)n4)n3)nnc21||water,5364.739086705073,1.9489914516242859,SPECIES,False,False
series::CC1(C)CCC(C)(C)c2nc(-c3cccc(-c4cccc(-c5nnc6c(n5)C(C)(C)CCC6(C)C)n4)n3)nnc21||nitrate,4703.635767256056,2.8251166885952244,SPECIES,False,False
series::CC1(C)OC(C)(C)c2nc(-c3cccc(-c4cccc(-c5nnc6c(n5)C(C)(C)OC6(C)C)n4)n3)nnc21||nitrate,4827.817392226889,3.019746167278832,SPECIES,False,False
series::CC1(C)SC(C)(C)c2nc(-c3cccc(-c4cccc(-c5nnc6c(n5)C(C)(C)SC6(C)C)n4)n3)nnc21||nitrate,4871.80629870878,3.0197461672788366,SPECIES,False,False
series::CC1(C)SC(C)(C)c2nc(-c3cccc(-c4cccc(-c5nnc6c(n5)C(C)(C)SC6(C)C)n4)n3)nnc21||water,4857.065657440058,1.948991451624305,SPECIES,False,False
series::CC12CCC(c3nnc(-c4cccc(-c5cccc(-c6nnc7c(n6)C6(C)CCC7C6(C)C)n5)n4)nc31)C2(C)C||nitrate,4759.5643560739845,3.01974616727876,SPECIES,False,False
series::CC12CCC(c3nnc(-c4cccc(-c5nnc6c(n5)C5(C)CCC6C5(C)C)n4)nc31)C2(C)C||nitrate,27.183920032049173,0.38022685079269425,SPECIES,False,False
series::CCCCC(CC)CN(C)C(=O)COCC(=O)N(C)CC(CC)CCCC||water,1750.5307352652599,0.553373780525509,SPECIES,False,False
series::CCCCC(CC)CN(CC(CC)CCCC)C(=O)CCOCCC(=O)N(CC(CC)CCCC)CC(CC)CCCC||nitrate,-3576.816347455443,1.1862905140815048,SPECIES,False,False
series::CCCCC(CC)CN(CC(CC)CCCC)C(=O)CCOCCC(=O)N(CC(CC)CCCC)CC(CC)CCCC||water,-3577.7719279939465,1.1862905140814954,SPECIES,False,False
series::CCCCC(CC)CN(CC(CC)CCCC)C(=O)CN(CC(=O)N(CC(CC)CCCC)CC(CC)CCCC)CC(=O)N(CC(CC)CCCC)CC(CC)CCCC||nitrate,-2888.01599590811,1.2256260337441092,SPECIES,False,False
series::CCCCC(CC)CN(CC(CC)CCCC)C(=O)CN(CC(=O)N(CC(CC)CCCC)CC(CC)CCCC)CC(=O)N(CC(CC)CCCC)CC(CC)CCCC||water,-2888.7588454333527,1.225626033744085,SPECIES,False,False
series::CCCCC(CC)CN(CC(CC)CCCC)C(=O)COCC(=O)N(CC(CC)CCCC)CC(CC)CCCC||nitrate,-1859.4288392736225,0.641568593455085,SPECIES,False,False
series::CCCCC(CC)CN(CC(CC)CCCC)C(=O)COCC(=O)N(CC(CC)CCCC)CC(CC)CCCC||water,-1262.7749559357944,0.5533737805255087,SPECIES,False,False
series::CCCCC(CC)CP(=O)(CC(=O)N(CC(C)C)CC(C)C)c1ccccc1||nitrate,-1703.372293017942,0.7601762750752633,SPECIES,False,False
series::CCCCCC(C)Oc1cc(CNC(=O)COCC(=O)N(CCCC)CCCC)cc(CNC(=O)COCC(=O)N(CCCC)CCCC)c1||nitrate,-5225.865609777262,1.1862905140815008,SPECIES,False,False
series::CCCCCCC(C)N(CCCC)C(=O)COCC(=O)N(CCCC)C(C)CCCCCC||water,458.4348984845319,0.6641242030502907,SPECIES,False,False
series::CCCCCCC(CCCC)CCCN(C)C(=O)COCC(=O)N(C)CCCC(CCCC)CCCCCC||water,-832.0872454168798,0.55337378052551,SPECIES,False,False
series::CCCCCCCCC(C)(C)SCC1CN(C(=O)COCC(=O)N2CC(C)C(CSC(C)(C)CCCCCCCC)C2)CC1C||water,-1998.1464968366781,0.5533737805255095,SPECIES,False,False
series::CCCCCCCCCCCCN(C)C(=O)C1CC(OC)CC(C(=O)N(C)CCCCCCCCCCCC)O1||nitrate,711.0036040947089,0.6797370163796661,SPECIES,False,False
series::CCCCCCCCCCCCN(C)C(=O)COCC(=O)N(C)CCCCCCCCCCCC||water,-1509.739261556706,1.1873072950812549,SPECIES,False,False
series::CCCCCCCCCCCCN(CC)C(=O)COCC(=O)N(CC)CCCCCCCCCCCC||water,-2027.7043480609827,1.1873072950812538,SPECIES,False,False
series::CCCCCCCCCCCCN(CCC)C(=O)COCC(=O)N(CCC)CCCCCCCCCCCC||water,-2543.9794386366457,1.1873072950812542,SPECIES,False,False
series::CCCCCCCCCCCCN(CCCC)C(=O)COCC(=O)N(CCCC)CCCCCCCCCCCC||water,-3059.9224395553274,1.1873072950812527,SPECIES,False,False
series::CCCCCCCCCCCCN(CCCCCCCC)C(=O)COCC(=O)N(CCCCCCCC)CCCCCCCCCCCC||water,-3150.1691734681635,0.5343245928766089,SPECIES,False,False
series::CCCCCCCCCCCCN(CCCCCCCCCCCC)C(=O)COC1CCCN(CCCCCC)C1=O||nitrate,-1406.484220117955,0.8103452966044992,SPECIES,False,False
series::CCCCCCCCCCCCN(CCCCCCCCCCCC)C(=O)COCC(=O)N(CCCCCCCC)CCCCCCCC||nitrate,-5125.948952795311,1.1865422815876367,SPECIES,False,False
series::CCCCCCCCCCCCN(CCCCCCCCCCCC)C(=O)COCC(=O)N(CCCCCCCCCCCC)CCCCCCCCCCCC||nitrate,-4204.846889590641,1.035556638247485,SPECIES,False,False
series::CCCCCCCCCCCCN(CCCCCCCCCCCC)C(=O)COCCOCC(=O)N(CCCCCCCCCCCC)CCCCCCCCCCCC||nitrate,-2785.212889367441,0.4504748275740341,SPECIES,False,False
series::CCCCCCCCCCCCN(CCCCCCCCCCCC)C(=O)COCCOCC(=O)N(CCCCCCCCCCCC)CCCCCCCCCCCC||water,-2411.545196901245,0.5032381323525811,SPECIES,False,False
series::CCCCCCCCCCCCNCC(=O)c1cccc(C(=O)CNCCCCCCCCCCCC)n1||nitrate,4532.548747926865,3.019746167278789,SPECIES,False,False
series::CCCCCCCCCCCCOc1cc(CNC(=O)COCC(=O)N(CCCC)CCCC)cc(CNC(=O)COCC(=O)N(CCCC)CCCC)c1||nitrate,-6513.450130077395,1.186290514081497,SPECIES,False,False
series::CCCCCCCCCCN(CCCCCCCCCC)C(=O)C(C)OC(C)C(=O)N(CCCCCCCCCC)CCCCCCCCCC||nitrate,-4651.708046474261,0.5275211457077843,SPECIES,False,False
series::CCCCCCCCCCN(CCCCCCCCCC)C(=O)COCC(=O)N(CCCCCC)CCCCCC||nitrate,-1259.2894805753251,0.8103452966044999,SPECIES,False,False
series::CCCCCCCCCCN(CCCCCCCCCC)C(=O)COCC(=O)N(CCCCCC)CCCCCC||water,-1263.147772150245,0.6640562983284923,SPECIES,False,False
series::CCCCCCCCCCN(CCCCCCCCCC)C(=O)COCC(=O)N(CCCCCCCCCC)CCCCCCCCCC||nitrate,-3900.808384250415,0.6300501458616725,SPECIES,False,False
series::CCCCCCCCCCN(CCCCCCCCCC)C(=O)[C@H](C)O[C@H](CC)C(=O)N(CCCCCCCCCC)CCCCCCCCCC||nitrate,-3627.138840720248,0.8103452966044999,SPECIES,False,False
series::CCCCCCCCCCN(CCCCCCCCCC)C(=O)[C@H](CCC)O[C@H](CCC)C(=O)N(CCCCCCCCCC)CCCCCCCCCC||nitrate,-4054.539348425038,0.8858341197745196,SPECIES,False,False
series::CCCCCCCCN(C(=O)c1ccc2ccc3cccnc3c2n1)c1ccc(C)cc1||nitrate,1686.0102810622027,0.8103452966044988,SPECIES,False,False
series::CCCCCCCCN(C)C(=O)C(CCCCCC)C(=O)N(C)CCCCCCCC||nitrate,-3108.519374944941,0.5479521555064593,SPECIES,False,False
series::CCCCCCCCN(C)C(=O)C(CCOCCCCCC)C(=O)N(C)CCCCCCCC||nitrate,496.76335638618093,0.9308384058567376,SPECIES,False,False
series::CCCCCCCCN(C)C(=O)CC(=O)N(C)CCCCCCCC||nitrate,-1044.7374966754255,0.5085347410238076,SPECIES,False,False
series::CCCCCCCCN(C)C(=O)COCC(=O)N(C)CCCCCCCC||nitrate,1661.5344311750302,0.7645125597693312,SPECIES,False,False
series::CCCCCCCCN(C)C(=O)COCC(=O)N(C)CCCCCCCC||water,1750.584058376444,0.5533737805255099,SPECIES,False,False
series::CCCCCCCCN(C)C(=O)COCC(=O)N(C)Cc1cccc(CN(C)C(=O)COCC(=O)N(C)CCCCCCCC)c1||nitrate,-4117.336334139142,1.1862905140814965,SPECIES,False,False
series::CCCCCCCCN(C)C(=O)COCC(=O)N(CCCCCCCC)CCCCCCCC||water,243.86836950039287,0.5533737805255101,SPECIES,False,False
series::CCCCCCCCN(C)C(=O)COCC(=O)NCc1cccc(CNC(=O)COCC(=O)N(C)CCCCCCCC)c1||nitrate,-3599.9516615537204,1.186290514081496,SPECIES,False,False
series::CCCCCCCCN(CC(C)C)C(=O)COCC(=O)N(CCCCCCCC)CC(C)C||nitrate,97.9701869698722,0.7067832866001614,SPECIES,False,False
series::CCCCCCCCN(CC(CC)CCCC)C(=O)COCC(=O)N(CCCCCCCC)CC(CC)CCCC||nitrate,-1709.9916606129163,0.7067832866001609,SPECIES,False,False
series::CCCCCCCCN(CC)C(=O)COCC(=O)N(CC)CCCCCCCC||water,1319.6392151708312,0.5533737805255111,SPECIES,False,False
series::CCCCCCCCN(CCC(C)CC(C)(C)C)C(=O)COCC(=O)N(CCCCCCCC)CCC(C)CC(C)(C)C||water,-1694.1723973575233,0.5533737805255102,SPECIES,False,False
series::CCCCCCCCN(CCC)C(=O)COCC(=O)N(CCC)CCCCCCCC||water,888.7793795891844,0.5533737805255108,SPECIES,False,False
series::CCCCCCCCN(CCCC(CCCC)CCCCCC)C(=O)COCC(=O)N(CCCCCCCC)CCCC(CCCC)CCCCCC||water,-3845.328821690141,0.5533737805255112,SPECIES,False,False
series::CCCCCCCCN(CCCCC(C)CCCC(C)C)C(=O)COCC(=O)N(CCCCCCCC)CCCCC(C)CCCC(C)C||water,-2984.9591173952185,0.5533737805255107,SPECIES,False,False
series::CCCCCCCCN(CCCCCCCC)C(=O)C(C)OC(C(=O)N(CCCCCCCC)CCCCCCCC)c1ccccc1||nitrate,-4535.095913149053,1.1862905140814959,SPECIES,False,False
series::CCCCCCCCN(CCCCCCCC)C(=O)C(C)OC(C(=O)N(CCCCCCCC)CCCCCCCC)c1ccccc1||water,-4533.444553038811,1.186290514081496,SPECIES,False,False
series::CCCCCCCCN(CCCCCCCC)C(=O)C(C)OC(C)C(=O)N(CCCCCCCC)CCCCCCCC||nitrate,-1690.2771490252471,0.8103452966045016,SPECIES,False,False
series::CCCCCCCCN(CCCCCCCC)C(=O)C(C)OC(C)C(=O)N(CCCCCCCC)CCCCCCCC||water,-3578.214550371649,1.1862905140814959,SPECIES,False,False
series::CCCCCCCCN(CCCCCCCC)C(=O)C1CCC(C(=O)N(CCCCCCCC)CCCCCCCC)O1||nitrate,-3495.178607449734,1.1862905140814965,SPECIES,False,False
series::CCCCCCCCN(CCCCCCCC)C(=O)C1CCC(C(=O)N(CCCCCCCC)CCCCCCCC)O1||water,-3495.4465561599222,1.1862905140814963,SPECIES,False,False
series::CCCCCCCCN(CCCCCCCC)C(=O)CC(=O)N(CCCCCCCC)CCCCCCCC||nitrate,-5865.638069089722,0.5477864876229674,SPECIES,False,False
series::CCCCCCCCN(CCCCCCCC)C(=O)CCOCCC(=O)N(CCCCCCCC)CCCCCCCC||nitrate,-3576.2710969280065,1.1862905140814965,SPECIES,False,False
series::CCCCCCCCN(CCCCCCCC)C(=O)CCOCCC(=O)N(CCCCCCCC)CCCCCCCC||water,-3577.512460808578,1.1862905140814963,SPECIES,False,False
series::CCCCCCCCN(CCCCCCCC)C(=O)CN(CC(=O)N(CCCCCCCC)CCCCCCCC)CC(=O)N(CCCCCCCC)CCCCCCCC||nitrate,-758.5846205004937,1.3156599337351282,SPECIES,False,False
series::CCCCCCCCN(CCCCCCCC)C(=O)CN(CC(=O)N(CCCCCCCC)CCCCCCCC)c1ccccc1||nitrate,-4225.178896857328,1.1862905140814965,SPECIES,False,False
series::CCCCCCCCN(CCCCCCCC)C(=O)CNCC(=O)N(CCCCCCCC)CCCCCCCC||nitrate,-3008.8046068145018,1.1862905140814965,SPECIES,False,False
series::CCCCCCCCN(CCCCCCCC)C(=O)CNCC(=O)N(CCCCCCCC)CCCCCCCC||water,-3010.6171190422233,1.1862905140814963,SPECIES,False,False
series::CCCCCCCCN(CCCCCCCC)C(=O)CNCP(=O)(CCCC)CCCC||nitrate,-736.2349580550044,1.1862905140814965,SPECIES,False,False
series::CCCCCCCCN(CCCCCCCC)C(=O)CNCP(=O)(CCCC)CCCC||water,-737.9556574162227,1.1862905140814963,SPECIES,False,False
series::CCCCCCCCN(CCCCCCCC)C(=O)CNCP(=O)(OCCCC)OCCCC||nitrate,4694.036369286134,3.0197461672787957,SPECIES,False,False
series::CCCCCCCCN(CCCCCCCC)C(=O)CNCP(=O)(OCCCC)OCCCC||water,4679.384649901738,1.7137469683165538,SPECIES,False,False
series::CCCCCCCCN(CCCCCCCC)C(=O)COC(C(=O)N(CCCCCCCC)CCCCCCCC)c1ccccc1||nitrate,-4275.939859977052,1.1862905140814963,SPECIES,False,False
series::CCCCCCCCN(CCCCCCCC)C(=O)COC(C(=O)N(CCCCCCCC)CCCCCCCC)c1ccccc1||water,-4275.226422617123,1.1862905140814959,SPECIES,False,False
series::CCCCCCCCN(CCCCCCCC)C(=O)COC(C)C(=O)N(CCCCCCCC)CCCCCCCC||water,-3318.9609565067053,1.1862905140814963,SPECIES,False,False
series::CCCCCCCCN(CCCCCCCC)C(=O)COCC(=O)N(C)C||water,897.5989248110486,0.4776549052542482,SPECIES,False,False
series::CCCCCCCCN(CCCCCCCC)C(=O)COCC(=O)N(CCCCCCCC)CCCCCCCC||nitrate,-1259.8433503274264,0.8103452966044985,SPECIES,False,False
series::CCCCCCCCN(CCCCCCCC)C(=O)COCC(=O)N(CCCCCCCC)CCCCCCCC||water,-1262.955451546013,0.5533737805255105,SPECIES,False,False
series::CCCCCCCCN(CCCCCCCC)C(=O)COCC(=O)N1CCCC1||nitrate,121.67749345091852,1.1862905140814959,SPECIES,False,False
series::CCCCCCCCN(CCCCCCCC)C(=O)COCC(=O)N1CCCC1||water,120.82791440003984,1.1862905140814972,SPECIES,False,False
series::CCCCCCCCN(CCCCCCCC)C(=O)COCC(=O)N1CCCCC1||nitrate,-137.34132514483144,1.1862905140814963,SPECIES,False,False
series::CCCCCCCCN(CCCCCCCC)C(=O)COCC(=O)N1CCCCC1||water,-136.42919139192645,1.1862905140814959,SPECIES,False,False
series::CCCCCCCCN(CCCCCCCC)C(=O)COCC(=O)N1CCOCC1||nitrate,2435.0991958710065,1.2256260337441074,SPECIES,False,False
series::CCCCCCCCN(CCCCCCCC)C(=O)COCC(=O)N1CCOCC1||water,2435.1170896302765,1.225626033744107,SPECIES,False,False
series::CCCCCCCCN(CCCCCCCC)C(=O)COCC(=O)NCCCCCCCNC(=O)COCC(=O)N(CCCCCCCC)CCCCCCCC||nitrate,-7292.079977680863,1.1862905140814963,SPECIES,False,False
series::CCCCCCCCN(CCCCCCCC)C(=O)COCC(=O)NCCCCCCNC(=O)COCC(=O)N(CCCCCCCC)CCCCCCCC||nitrate,-7034.549311641825,1.1862905140814968,SPECIES,False,False
series::CCCCCCCCN(CCCCCCCC)C(=O)COCC(=O)NCCCOCCCNC(=O)COCC(=O)N(CCCCCCCC)CCCCCCCC||nitrate,-7352.320477542074,1.1862905140814965,SPECIES,False,False
series::CCCCCCCCN(CCCCCCCC)C(=O)COCC(=O)NCCOCCNC(=O)COCC(=O)N(CCCCCCCC)CCCCCCCC||nitrate,2869.068814962162,1.82802924843748,SPECIES,False,False
series::CCCCCCCCN(CCCCCCCC)C(=O)COCC(=O)NCc1ccc(CNC(=O)COCC(=O)N(CCCCCCCC)CCCCCCCC)cc1||nitrate,-7216.3703423011275,1.1862905140814965,SPECIES,False,False
series::CCCCCCCCN(CCCCCCCC)C(=O)COCC(=O)NCc1cccc(CNC(=O)COCC(=O)N(CCCCCCCC)CCCCCCCC)c1||nitrate,-7216.298241187219,1.1862905140814963,SPECIES,False,False
series::CCCCCCCCN(CCCCCCCC)C(=O)COCC(=O)NCc1cccc(CNC(=O)COCC(=O)N(CCCCCCCC)CCCCCCCC)c1||water,-7218.754808523388,1.1862905140814963,SPECIES,False,False
series::CCCCCCCCN(CCCCCCCC)C(=O)COCCOCC(=O)N(CCCCCCCC)CCCCCCCC||nitrate,-32.11106711428374,0.44306766164448586,SPECIES,False,False
series::CCCCCCCCN(CCCCCCCC)C(=O)COCP(=O)(CCCC)CCCC||nitrate,-789.9413459252602,1.1862905140814983,SPECIES,False,False
series::CCCCCCCCN(CCCCCCCC)C(=O)COCP(=O)(CCCC)CCCC||water,-789.5010741097757,1.1862905140814963,SPECIES,False,False
series::CCCCCCCCN(CCCCCCCC)C(=O)COCP(=O)(OCCCC)OCCCC||nitrate,4676.814471208449,3.019746167278791,SPECIES,False,False
series::CCCCCCCCN(CCCCCCCC)C(=O)COCP(=O)(OCCCC)OCCCC||water,4662.6133801700125,1.7137469683165527,SPECIES,False,False
series::CCCCCCCCN(CCCCCCCC)C(=O)CO||nitrate,254.98906347316893,1.2256260337441076,SPECIES,False,False
series::CCCCCCCCN(CCCCCCCC)C(=O)[C@H](C)O[C@@H](C)C(=O)N(CCCCCCCC)CCCCCCCC||nitrate,-1690.5426644846614,0.8103452966044995,SPECIES,False,False
series::CCCCCCCCN(CCCCCCCC)C(=O)[C@H](C)O[C@@H](CC)C(=O)N(CCCCCCCC)CCCCCCCC||nitrate,-1905.0541243048074,0.8201586270184885,SPECIES,False,False
series::CCCCCCCCN(CCCCCCCC)C(=O)[C@H](C)O[C@H](C)C(=O)N(CCCCCCCC)CCCCCCCC||nitrate,-1690.6698750167502,0.8103452966044994,SPECIES,False,False
series::CCCCCCCCN(CCCCCCCC)C(=O)[C@H](CCC)O[C@H](CCC)C(=O)N(CCCCCCCC)CCCCCCCC||nitrate,-2551.4877411613684,0.8103452966044985,SPECIES,False,False
series::CCCCCCCCN(CCCCCCCC)C(=O)c1ccc(C(=O)N(CCCCCCCC)CCCCCCCC)o1||nitrate,-3327.158856689448,1.1862905140814963,SPECIES,False,False
series::CCCCCCCCN(CCCCCCCC)C(=O)c1ccc(C(=O)N(CCCCCCCC)CCCCCCCC)o1||water,-3327.367561763811,1.1862905140814963,SPECIES,False,False
series::CCCCCCCCN(CCCCCCCC)C(=O)c1ccc2ccc3ccc(C(=O)N(CCCCCCCC)CCCCCCCC)nc3c2n1||nitrate,-786.6492810338891,0.5007711715105673,SPECIES,False,False
series::CCCCCCCCN(CCCCCCCC)C(=O)c1ccc2ccc3ccc(C(=O)N(CCCCCCCC)CCCCCCCC)nc3c2n1||water,-483.26555959153734,0.5032381323525814,SPECIES,False,False
series::CCCCCCCCN(CCCCCCCC)C(=S)c1ccc(C(=S)N(CCCCCCCC)CCCCCCCC)s1||nitrate,4126.640918227975,3.0197461672787904,SPECIES,False,False
series::CCCCCCCCN(CCCCCCCC)C(=S)c1ccc2ccc3ccc(C(=S)N(CCCCCCCC)CCCCCCCC)nc3c2n1||nitrate,3528.705387171652,3.0853457411425436,SPECIES,False,False
series::CCCCCCCCN(CCCCCCCC)C(=S)c1ccc2ccc3ccc(C(=S)N(CCCCCCCC)CCCCCCCC)nc3c2n1||water,3513.560782831679,1.9489914516242788,SPECIES,False,False
series::CCCCCCCCNC(=O)c1cc(Cl)ccn1||nitrate,1707.0467321046328,1.2256260337441074,SPECIES,False,False
series::CCCCCCCCOc1cc(C(=O)N(C)c2ccc(C(C)(C)C)cc2)nc(C(=O)N(C)c2ccc(C(C)(C)C)cc2)c1||nitrate,-2599.068499025814,1.1862905140814977,SPECIES,False,False
series::CCCCCCCCOc1cc(C(=O)Nc2ccc(C(C)(C)C)cc2)nc(C(=O)Nc2ccc(C(C)(C)C)cc2)c1||nitrate,-2082.854122233667,1.1862905140814968,SPECIES,False,False
series::CCCCCCCCP(=O)(CC(=O)N(CC(C)C)CC(C)C)c1ccccc1||nitrate,-1703.2788969253295,0.45894997654740416,SPECIES,False,False
series::CCCCCCCCP(=O)(CCCCCCCC)Cc1cccc(CP(=O)(CCCCCCCC)CCCCCCCC)[n+]1[O-]||nitrate,-2477.15218280263,0.6547419883960497,SPECIES,False,False
series::CCCCCCCCP(=O)(CCCCCCCC)Cc1cccc(CP(=O)(CCCCCCCC)CCCCCCCC)[n+]1[O-]||water,-1804.3562267018126,0.5865372566331921,SPECIES,False,False
series::CCCCCCCCn1cc(-c2cc(CC(=O)O)cc(-c3cn(CCCCCCCC)nn3)n2)nn1||nitrate,-1054.121449512962,1.1862905140814959,SPECIES,False,False
series::CCCCCCCCn1cc(-c2cc(CC(=O)O)cc(-c3cn(CCCCCCCC)nn3)n2)nn1||water,-1054.1488194380775,1.1862905140814965,SPECIES,False,False
series::CCCCCCN(C)C(=O)CC(=O)N(C)CCCCCC||nitrate,332.80152478254945,0.5085347410237974,SPECIES,False,False
series::CCCCCCN(CCC(C)CCC=C(C)C)C(=O)COCC(=O)N(CCCCCC)CCC(C)CCC=C(C)C||water,-1120.8191490873578,0.5533737805255102,SPECIES,False,False
series::CCCCCCN(CCC(C)CCCC(C)C)C(=O)COCC(=O)N(CCCCCC)CCC(C)CCCC(C)C||water,-1263.637061211052,0.5533737805255102,SPECIES,False,False
series::CCCCCCN(CCCCCC)C(=O)CC(=O)N(CCCCCC)CCCCCC||nitrate,-3111.6966759765037,0.5085347410237988,SPECIES,False,False
series::CCCCCCN(CCCCCC)C(=O)COCC(=O)N(CCCCCC)CCCCCC||nitrate,-162.47319700817707,0.630184197979281,SPECIES,False,False
series::CCCCCCN(CCCCCC)C(=O)COCC(=O)N1CCCC1||nitrate,1154.983217956144,1.186290514081496,SPECIES,False,False
series::CCCCCCN(CCCCCC)C(=O)COCC(=O)N1CCCC1||water,1153.8817336326865,1.1862905140814963,SPECIES,False,False
series::CCCCCCN(CCCCCC)C(=O)COCC(=O)N1CCCCC1||nitrate,895.5654394707035,1.1862905140814959,SPECIES,False,False
series::CCCCCCN(CCCCCC)C(=O)COCC(=O)N1CCCCC1||water,896.1011820256604,1.1862905140814959,SPECIES,False,False
series::CCCCCCN(CCCCCC)C(=O)COCC(=O)N1CCOCC1||nitrate,3123.88362652692,1.2256260337441078,SPECIES,False,False
series::CCCCCCN(CCCCCC)C(=O)COCC(=O)N1CCOCC1||water,3123.5728676087297,1.2256260337441074,SPECIES,False,False
series::CCCCCCN(CCCCCC)C(=O)c1ccc2ccc3cccnc3c2n1||nitrate,915.0654595104197,1.1862905140814965,SPECIES,False,False
series::CCCCCCN(CCCCCC)C(=O)c1ccc2ccc3cccnc3c2n1||water,915.2679434760748,1.1862905140814965,SPECIES,False,False
series::CCCCCCOCCC(C(=O)N(C)CCCC)C(=O)N(C)CCCC||nitrate,814.1313490022501,0.6948463213571565,SPECIES,False,False
series::CCCCCCOP(=O)(O)OCCCCCC||nitrate,1354.2139894246686,0.8871685215526767,SPECIES,False,False
series::CCCCCCOc1cc(CNC(=O)COCC(=O)N(CCCC)CCCC)cc(CNC(=O)COCC(=O)N(CCCC)CCCC)c1||nitrate,-4964.434042081929,1.186290514081496,SPECIES,False,False
series::CCCCCCc1ccc(N(CC)C(=O)c2cccc(-c3cccc(C(=O)N(CC)c4ccc(CCCCCC)cc4)n3)n2)cc1||nitrate,581.3526013578894,0.44306766164448597,SPECIES,False,False
series::CCCCCCn1c(-c2ccccc2)c(-c2ccccc2)c2cc3ccc4cc5c(-c6ccccc6)c(-c6ccccc6)n(CCCCCC)c(=O)c5nc4c3nc2c1=O||nitrate,3349.8973865079315,2.826276492661596,SPECIES,False,False
series::CCCCCCn1c(-c2ccccc2)c(-c2ccccc2)c2cc3ccc4cc5c(-c6ccccc6)c(-c6ccccc6)n(CCCCCC)c(=O)c5nc4c3nc2c1=O||water,3334.2546266147037,1.5548171714841093,SPECIES,False,False
series::CCCCCN(CCCCC)C(=O)COCC(=O)N(CCCCC)CCCCC||nitrate,39.4026046369313,1.186290514081496,SPECIES,False,False
series::CCCCCc1nnc(-c2cccc(-c3cccc(-c4nnc(CCCCC)c(CCCCC)n4)n3)n2)nc1CCCCC||nitrate,4304.946116518234,2.825194868041327,SPECIES,False,False
series::CCCCCc1nnc(-c2cccc(-c3cccc(-c4nnc(CCCCC)c(CCCCC)n4)n3)n2)nc1CCCCC||water,4289.553506770074,1.9489914516242794,SPECIES,False,False
series::CCCCN(C)C(=O)CC(=O)N(C)CCCC||nitrate,1710.245778597011,0.7601015567948046,SPECIES,False,False
series::CCCCN(CCCC)C(=O)CC(=O)N(CCCC)CCCC||nitrate,-356.73088924414833,0.5085347410238072,SPECIES,False,False
series::CCCCN(CCCC)C(=O)CCC(=O)N(CCCC)CCCC||nitrate,-701.4681716325392,0.7194677468914644,SPECIES,False,False
series::CCCCN(CCCC)C(=O)COCC(=O)N(CCCC)CCCC||nitrate,1961.1387777441955,0.7084180114436648,SPECIES,False,False
series::CCCCN(CCCC)C(=O)COCC(=O)N(CCCC)CCCC||water,2734.7818968124716,0.8911057696015519,SPECIES,False,False
series::CCCCN(CCCC)C(=O)COCC(=O)N(CCN(C(=O)COCC(=O)N(CCCC)CCCC)C(C)C)C(C)C||nitrate,-3417.669455718075,1.1862905140814963,SPECIES,False,False
series::CCCCN(CCCC)C(=O)COCC(=O)NCCCCCCNC(=O)COCC(=O)N(CCCC)CCCC||nitrate,-2900.0737765881295,1.1862905140814963,SPECIES,False,False
series::CCCCN(CCCC)C(=O)COCC(=O)NCCCCCNC(=O)COCC(=O)N(CCCC)CCCC||nitrate,-2645.857182249204,1.1862905140814965,SPECIES,False,False
series::CCCCN(CCCC)C(=O)COCC(=O)NCc1cccc(CNC(=O)COCC(=O)N(CCCC)CCCC)c1||nitrate,-3083.0990177038043,1.186290514081496,SPECIES,False,False
series::CCCCN(CCCC)C(=O)c1ccc2ccc3ccc(C(=O)N(CCCC)CCCC)nc3c2n1||nitrate,1967.586064056736,0.44306766164448586,SPECIES,False,False
series::CCCCN(CCCC)C(=O)c1ccc2ccc3cccnc3c2n1||nitrate,1948.7348434244227,1.1862905140814965,SPECIES,False,False
series::CCCCN(CCCC)C(=O)c1ccc2ccc3cccnc3c2n1||water,1948.288182531504,1.1862905140814963,SPECIES,False,False
series::CCCCN(CCCC)C(=O)c1ccccc1C(=O)O||nitrate,3280.722635883985,0.8503964618170948,SPECIES,False,False
series::CCCCOP(=S)(CP(=S)(OCCCC)OCCCC)OCCCC||nitrate,5447.657947573827,1.8945642354732728,SPECIES,False,False
series::CCCCP(=S)(CCCC)CP(=S)(CCCC)CCCC||nitrate,376.50853750492183,1.1862905140814965,SPECIES,False,False
series::CCCN(CCC)C(=O)COCC(=O)N(CCC)CCC||nitrate,2972.4377544991175,0.7646078246158791,SPECIES,False,False
series::CCCc1nnc(-c2cccc(-c3nnc(CCC)c(CCC)n3)n2)nc1CCC||nitrate,1089.1410012617746,0.39550104791732815,SPECIES,False,False
series::CCN(C(=O)c1ccc2ccc3ccc(C(=O)N(CC)c4ccc(C)cc4)nc3c2n1)c1ccc(C)cc1||nitrate,2068.407514284996,0.7528852570048166,SPECIES,False,False
series::CCN(C(=O)c1cccc(-c2cccc(C(=O)N(CC)c3cc(C)cc(C)c3)n2)n1)c1cc(C)cc(C)c1||nitrate,1958.1753244447427,0.44306766164448574,SPECIES,False,False
series::CCN(C(=O)c1cccc(-c2cccc(C(=O)N(CC)c3cc(C)ccc3C)n2)n1)c1cc(C)ccc1C||nitrate,1958.3369265882948,0.44306766164448597,SPECIES,False,False
series::CCN(C(=O)c1cccc(-c2cccc(C(=O)N(CC)c3ccc(C)cc3C)n2)n1)c1ccc(C)cc1C||nitrate,1958.1543787074675,0.443067661644486,SPECIES,False,False
series::CCN(C(=O)c1cccc(-c2cccc(C(=O)N(CC)c3ccccc3)n2)n1)c1ccccc1||nitrate,2648.5631936020563,0.44306766164448586,SPECIES,False,False
series::CCN(C(=O)c1cccc(C(=O)N(CC)c2ccc(C)cc2)n1)c1ccc(C)cc1||nitrate,1793.4864021350877,0.7130370681807416,SPECIES,False,False
series::CCN(C(=O)c1cccc(C(=O)N(CC)c2cccc(C)c2)n1)c1cccc(C)c1||nitrate,833.4833037683397,0.46142733786012513,SPECIES,False,False
series::CCN(C(=O)c1cccc(C(=O)N(CC)c2ccccc2C)n1)c1ccccc1C||nitrate,833.6351160795703,0.46142733786012513,SPECIES,False,False
series::CCN(CC)C(=O)COCC(=O)N(CC)CC||nitrate,3905.734020294085,0.8103452966044994,SPECIES,False,False
series::CCN(CC)C(=O)c1ccc2ccc3cccnc3c2n1||nitrate,2981.40672903661,1.1862905140814968,SPECIES,False,False
series::CCN(CC)C(=O)c1ccc2ccc3cccnc3c2n1||water,2981.7346342849823,1.1862905140814959,SPECIES,False,False
series::CCOP(=O)(OCC)c1ccc2ccc3ccc(P(=O)(OCC)OCC)nc3c2n1||nitrate,2724.6938227013216,1.1862905140814965,SPECIES,False,False
series::CCOP(=S)(COCP(=S)(OCC)OCC)OCC||water,5933.7748792131915,1.3374320242380822,SPECIES,False,False
series::CCc1ccc(N(CC)C(=O)c2ccc3ccc4ccc(C(=O)N(CC)c5ccc(CC)cc5)nc4c3n2)cc1||nitrate,1724.6230360348131,0.443067661644486,SPECIES,False,False
series::CN(C(=O)CC(=O)N(C)c1ccccc1)c1ccccc1||nitrate,1225.958005404842,0.443067661644486,SPECIES,False,False
series::CN(C(=O)COCC(=O)N(C)c1ccccc1)c1ccccc1||nitrate,3173.4042427555496,0.8103452966044997,SPECIES,False,False
series::CN(C(=O)c1cccc(C(=O)N(C)c2ccccc2)n1)c1ccccc1||nitrate,2114.2120319988203,0.47298559250578825,SPECIES,False,False
series::COCCN(CCOC)C(=O)COCC(=O)N(CCOC)CCOC||water,5231.095673891038,0.7053171107649336,SPECIES,False,False
series::Cc1cc(-c2cc(C)cc(-c3nnc4c(n3)C(C)(C)CCC4(C)C)n2)nc(-c2nnc3c(n2)C(C)(C)CCC3(C)C)c1||nitrate,4530.29513528831,3.01974616727879,SPECIES,False,False
series::Cc1cc(-c2cc(C)cc(-c3nnc4c(n3)C(C)(C)CCC4(C)C)n2)nc(-c2nnc3c(n2)C(C)(C)CCC3(C)C)c1||water,4514.8609546365515,1.9489914516242797,SPECIES,False,False
series::Cc1cc(C)n(-c2cccc(-n3nc(C)cc3C)n2)n1||nitrate,6225.439690428281,3.01974616727879,SPECIES,False,False
series::Cc1ccn(-c2cccc(-n3ccc(C)n3)n2)n1||nitrate,6398.368562363176,3.0197461672787904,SPECIES,False,False
series::O=C(COCC(=O)N1CCCCC1)N1CCCCC1||water,3609.4337779867096,0.5533737805255101,SPECIES,False,False
series::O=C(O)CN(CC(=O)O)C1CCCCC1N(CC(=O)O)CC(=O)O||nitrate,5559.396723281587,1.2158135815350006,SPECIES,False,False
series::O=C(O)CN(CCO)CCN(CC(=O)O)CC(=O)O||nitrate,5958.902835598047,1.4726552863705977,SPECIES,False,False
series::O=C(c1cc(Cl)c2ccc3c(Cl)cc(C(=O)N4CCCC4)nc3c2n1)N1CCCC1||nitrate,3014.6130003385674,0.443067661644486,SPECIES,False,False
series::O=C(c1cc(Cl)c2ccc3c(Cl)cc(C(=O)N4CCc5ccccc54)nc3c2n1)N1CCc2ccccc21||nitrate,2082.2762624135958,1.2256260337441072,SPECIES,False,False
series::O=C(c1cccc(C(=O)N2CCCC2)n1)N1CCCC1||nitrate,2914.1404568125727,1.1862905140814963,SPECIES,False,False
series::O=C(c1ccccc1)c1ccc2ccccc2n1||nitrate,2615.3177529920986,1.2256260337441072,SPECIES,False,False
series::O=P(c1ccccc1)(c1ccccc1)c1ccc2ccc3ccc(P(=O)(c4ccccc4)c4ccccc4)nc3c2n1||nitrate,1755.8735195028694,1.2256260337441074,SPECIES,False,False
series::O=c1c(O)c(-c2ccc(O)c(O)c2)oc2cc(O)cc(O)c12||nitrate,4156.94219112612,3.01974616727879,SPECIES,False,False
series::c1cc(-n2cccn2)nc(-n2cccn2)c1||nitrate,6571.89996151895,3.0197461672787904,SPECIES,False,False
series::c1cc2nc(c1)COc1ccccc1OCCOCCOc1ccccc1OC2||nitrate,5433.043713544765,1.5884064819727903,SPECIES,False,False
series::c1ccc2c(c1)OCCOCCOc1ccccc1OCCOCCO2||nitrate,5563.304748207105,1.5681143536216728,SPECIES,False,False
metal::Dy,1.92785367833676,0.3293917215207194,SPECIES,False,False
metal::Er,2.453353020129043,0.33312879292988773,SPECIES,False,False
metal::Eu,1.331688242551536,0.193859291665632,SPECIES,False,False
metal::Gd,1.1898504533521645,0.1967431786667378,SPECIES,False,False
metal::Ho,2.0023926900901188,0.3369295676919587,SPECIES,False,False
metal::La,-1.7135941120704956,0.19175772879051375,SPECIES,False,False
metal::Lu,2.838232251860063,0.3426721523027332,SPECIES,False,False
metal::Nd,0.39447215088102894,0.19539403051412185,SPECIES,False,False
metal::Pr,0.6639785457120979,0.19998713488252662,SPECIES,False,False
metal::Sm,0.9732277860151157,0.19634314135764544,SPECIES,False,False
metal::Tb,1.6360144540940382,0.3355526456956194,SPECIES,False,False
metal::Tm,2.456844497274915,0.3421859474716726,SPECIES,False,False
metal::Yb,2.7257824781152067,0.33735594415957165,SPECIES,False,False
gamma::n_NO3,-431.970549915437,1.3861403666852496,SPECIES,True,False
gamma::n_H2O,-138.87532349058438,0.30958944916994013,SPECIES,True,False
delta::CC(C)CCCC(C)CCCCN(C)C(=O)COCC(=O)N(C)CCCCC(C)CCCC(C)C||water,-3076.971067854421,1.077276036410431,SPECIES,False,True
delta::CC(C)CN(CC(C)C)C(=O)COCC(=O)N(CC(C)C)CC(C)C||nitrate,-2223.7943761381175,1.7014291417952754,SPECIES,False,True
delta::CCCCC(CC)CN(C)C(=O)COCC(=O)N(C)CC(CC)CCCC||water,-2388.355208477624,1.0772760364104337,SPECIES,False,True
delta::CCCCC(CC)CN(CC(CC)CCCC)C(=O)COCC(=O)N(CC(CC)CCCC)CC(CC)CCCC||nitrate,-3599.135276333343,1.6881407031480928,SPECIES,False,True
delta::CCCCC(CC)CN(CC(CC)CCCC)C(=O)COCC(=O)N(CC(CC)CCCC)CC(CC)CCCC||water,-3593.5917376055436,1.0772760364104539,SPECIES,False,True
delta::CCCCCCC(C)N(CCCC)C(=O)COCC(=O)N(CCCC)C(C)CCCCCC||water,-2904.5544239517217,1.2999120534318622,SPECIES,False,True
delta::CCCCCCC(CCCC)CCCN(C)C(=O)COCC(=O)N(C)CCCC(CCCC)CCCCCC||water,-3421.7667280276983,1.0772760364104512,SPECIES,False,True
delta::CCCCCCCCC(C)(C)SCC1CN(C(=O)COCC(=O)N2CC(C)C(CSC(C)(C)CCCCCCCC)C2)CC1C||water,-3886.8454238725644,1.0772760364104252,SPECIES,False,True
delta::CCCCCCCCCCCCN(CCCCCCCC)C(=O)COCC(=O)N(CCCCCCCC)CCCCCCCCCCCC||water,-4282.840950970178,1.0925214180945868,SPECIES,False,True
delta::CCCCCCCCCCCCN(CCCCCCCCCCCC)C(=O)COC1CCCN(CCCCCC)C1=O||nitrate,-3658.639359915041,1.5946436242370212,SPECIES,False,True
delta::CCCCCCCCCCCCN(CCCCCCCCCCCC)C(=O)COCC(=O)N(CCCCCCCCCCCC)CCCCCCCCCCCC||nitrate,-4978.248892307196,1.8165689334706838,SPECIES,False,True
delta::CCCCCCCCCCCCN(CCCCCCCCCCCC)C(=O)COCCOCC(=O)N(CCCCCCCCCCCC)CCCCCCCCCCCC||water,-5253.514656901471,1.7650717705763646,SPECIES,False,True
delta::CCCCCCCCCCN(CCCCCCCCCC)C(=O)C(C)OC(C)C(=O)N(CCCCCCCCCC)CCCCCCCCCC||nitrate,-4461.416301981494,1.7465589274075315,SPECIES,False,True
delta::CCCCCCCCCCN(CCCCCCCCCC)C(=O)COCC(=O)N(CCCCCC)CCCCCC||nitrate,-3602.2156039462657,1.5946436242370514,SPECIES,False,True
delta::CCCCCCCCCCN(CCCCCCCCCC)C(=O)COCC(=O)N(CCCCCC)CCCCCC||water,-3593.249443463452,1.2997733121754176,SPECIES,False,True
delta::CCCCCCCCCCN(CCCCCCCCCC)C(=O)COCC(=O)N(CCCCCCCCCC)CCCCCCCCCC||nitrate,-4287.763087366488,1.7692866416978013,SPECIES,False,True
delta::CCCCCCCCCCN(CCCCCCCCCC)C(=O)[C@H](C)O[C@H](CC)C(=O)N(CCCCCCCCCC)CCCCCCCCCC||nitrate,-4547.69184291744,1.594643624237104,SPECIES,False,True
delta::CCCCCCCCCCN(CCCCCCCCCC)C(=O)[C@H](CCC)O[C@H](CCC)C(=O)N(CCCCCCCCCC)CCCCCCCCCC||nitrate,-4805.416785464018,1.6302619748659868,SPECIES,False,True
delta::CCCCCCCCN(C(=O)c1ccc2ccc3cccnc3c2n1)c1ccc(C)cc1||nitrate,-2422.8107783751393,1.5946436242370474,SPECIES,False,True
delta::CCCCCCCCN(C)C(=O)C(CCOCCCCCC)C(=O)N(C)CCCCCCCC||nitrate,-2997.041920530649,1.6200746825076418,SPECIES,False,True
delta::CCCCCCCCN(C)C(=O)COCC(=O)N(C)CCCCCCCC||nitrate,-2394.885570499313,1.6050411265044542,SPECIES,False,True
delta::CCCCCCCCN(C)C(=O)COCC(=O)N(C)CCCCCCCC||water,-2388.6818064923314,1.0772760364104674,SPECIES,False,True
delta::CCCCCCCCN(C)C(=O)COCC(=O)N(CCCCCCCC)CCCCCCCC||water,-2990.87245098362,1.0772760364104519,SPECIES,False,True
delta::CCCCCCCCN(CC(C)C)C(=O)COCC(=O)N(CCCCCCCC)CC(C)C||nitrate,-2911.4371082329462,1.7014291417952765,SPECIES,False,True
delta::CCCCCCCCN(CC(CC)CCCC)C(=O)COCC(=O)N(CCCCCCCC)CC(CC)CCCC||nitrate,-3600.178948679996,1.7014291417952787,SPECIES,False,True
delta::CCCCCCCCN(CC)C(=O)COCC(=O)N(CC)CCCCCCCC||water,-2561.160738204281,1.0772760364104752,SPECIES,False,True
delta::CCCCCCCCN(CCC(C)CC(C)(C)C)C(=O)COCC(=O)N(CCCCCCCC)CCC(C)CC(C)(C)C||water,-3766.0413562699464,1.0772760364104432,SPECIES,False,True
delta::CCCCCCCCN(CCC)C(=O)COCC(=O)N(CCC)CCCCCCCC||water,-2733.5042410757637,1.0772760364104308,SPECIES,False,True
delta::CCCCCCCCN(CCCC(CCCC)CCCCCC)C(=O)COCC(=O)N(CCCCCCCC)CCCC(CCCC)CCCCCC||water,-4625.781580376226,1.077276036410451,SPECIES,False,True
delta::CCCCCCCCN(CCCCC(C)CCCC(C)C)C(=O)COCC(=O)N(CCCCCCCC)CCCCC(C)CCCC(C)C||water,-4280.430272162344,1.0772760364104543,SPECIES,False,True
delta::CCCCCCCCN(CCCCCCCC)C(=O)C(C)OC(C)C(=O)N(CCCCCCCC)CCCCCCCC||nitrate,-3772.3042889975964,1.5946436242370507,SPECIES,False,True
delta::CCCCCCCCN(CCCCCCCC)C(=O)CN(CC(=O)N(CCCCCCCC)CCCCCCCC)CC(=O)N(CCCCCCCC)CCCCCCCC||nitrate,-5319.443612209352,2.977601564584013,SPECIES,False,True
delta::CCCCCCCCN(CCCCCCCC)C(=O)COCC(=O)N(C)C||water,-2389.008624679459,1.5437866397451068,SPECIES,False,True
delta::CCCCCCCCN(CCCCCCCC)C(=O)COCC(=O)N(CCCCCCCC)CCCCCCCC||nitrate,-3600.587652147149,1.5946436242370368,SPECIES,False,True
delta::CCCCCCCCN(CCCCCCCC)C(=O)COCC(=O)N(CCCCCCCC)CCCCCCCC||water,-3593.1699581963385,1.0772760364104321,SPECIES,False,True
delta::CCCCCCCCN(CCCCCCCC)C(=O)[C@H](C)O[C@@H](C)C(=O)N(CCCCCCCC)CCCCCCCC||nitrate,-3773.163965927605,1.594643624237085,SPECIES,False,True
delta::CCCCCCCCN(CCCCCCCC)C(=O)[C@H](C)O[C@@H](CC)C(=O)N(CCCCCCCC)CCCCCCCC||nitrate,-3857.0703394907787,1.615755918278724,SPECIES,False,True
delta::CCCCCCCCN(CCCCCCCC)C(=O)[C@H](C)O[C@H](C)C(=O)N(CCCCCCCC)CCCCCCCC||nitrate,-3772.7810740297778,1.594643624237031,SPECIES,False,True
delta::CCCCCCCCN(CCCCCCCC)C(=O)[C@H](CCC)O[C@H](CCC)C(=O)N(CCCCCCCC)CCCCCCCC||nitrate,-4117.36472981475,1.5946436242370388,SPECIES,False,True
delta::CCCCCCCCN(CCCCCCCC)C(=O)c1ccc2ccc3ccc(C(=O)N(CCCCCCCC)CCCCCCCC)nc3c2n1||water,-4254.396555048704,1.7647611429868644,SPECIES,False,True
delta::CCCCCCCCP(=O)(CCCCCCCC)Cc1cccc(CP(=O)(CCCCCCCC)CCCCCCCC)[n+]1[O-]||nitrate,-3875.2502029568695,1.6394411054959657,SPECIES,False,True
delta::CCCCCCCCP(=O)(CCCCCCCC)Cc1cccc(CP(=O)(CCCCCCCC)CCCCCCCC)[n+]1[O-]||water,-3869.2639322466157,1.092473520456441,SPECIES,False,True
delta::CCCCCCN(CCC(C)CCC=C(C)C)C(=O)COCC(=O)N(CCCCCC)CCC(C)CCC=C(C)C||water,-3535.8561777741015,1.0772760364104443,SPECIES,False,True
delta::CCCCCCN(CCC(C)CCCC(C)C)C(=O)COCC(=O)N(CCCCCC)CCC(C)CCCC(C)C||water,-3593.3236663582675,1.0772760364104077,SPECIES,False,True
delta::CCCCCCN(CCCCCC)C(=O)COCC(=O)N(CCCCCC)CCCCCC||nitrate,-2912.5105811914736,1.7699138889764705,SPECIES,False,True
delta::CCCCN(CCCC)C(=O)COCC(=O)N(CCCC)CCCC||nitrate,-2223.6823211081514,1.6524346645193395,SPECIES,False,True
delta::CCCCN(CCCC)C(=O)COCC(=O)N(CCCC)CCCC||water,-2216.4899706312717,1.6179515152022774,SPECIES,False,True
delta::CCCCN(CCCC)C(=O)c1ccccc1C(=O)O||nitrate,-1672.563830993151,2.055415713018771,SPECIES,False,True
delta::CCCN(CCC)C(=O)COCC(=O)N(CCC)CCC||nitrate,-1879.0384872699397,1.6052869901853293,SPECIES,False,True
delta::CCCc1nnc(-c2cccc(-c3nnc(CCC)c(CCC)n3)n2)nc1CCC||nitrate,-2336.840403207175,0.9162935844165149,SPECIES,False,True
delta::CCN(C(=O)c1cccc(C(=O)N(CC)c2ccc(C)cc2)n1)c1ccc(C)cc1||nitrate,-2303.4555214432876,1.6197189901512514,SPECIES,False,True
delta::CCN(CC)C(=O)COCC(=O)N(CC)CC||nitrate,-1534.884772139408,1.5946436242371085,SPECIES,False,True
delta::CN(C(=O)COCC(=O)N(C)c1ccccc1)c1ccccc1||nitrate,-1827.9253067567706,1.594643624237079,SPECIES,False,True
delta::CN(C(=O)c1cccc(C(=O)N(C)c2ccccc2)n1)c1ccccc1||nitrate,-1957.9076857795667,1.9393523162939403,SPECIES,False,True
delta::COCCN(CCOC)C(=O)COCC(=O)N(CCOC)CCOC||water,-2314.472363488885,1.2616618335033736,SPECIES,False,True
delta::O=C(COCC(=O)N1CCCCC1)N1CCCCC1||water,-1645.537445711706,1.0772760364105165,SPECIES,False,True
series::C1CCC2OCCOCCOC3CCCCC3OCCOCCOC2C1||nitrate,4595.869714660629,1.571340955426844,SPECIES_CONST,False,False
series::C1COCCOCCOCCOCCOCCO1||nitrate,5230.551994081122,1.562522481436738,SPECIES_CONST,False,False
series::CC(C)(C)Cc1cc(-c2cccc(-c3cc(CC(C)(C)C)[nH]n3)n2)n[nH]1||nitrate,4912.473867478861,2.9415231481794186,SPECIES_CONST,False,False
series::CC(C)(C)c1cc(-c2cc(C(C)(C)C)cc(-c3nnc4c(n3)C(C)(C)CCC4(C)C)n2)nc(-c2nnc3c(n2)C(C)(C)CCC3(C)C)c1||nitrate,3214.8634947483815,2.9415231481792197,SPECIES_CONST,False,False
series::CC(C)(C)c1ccc(NC(=O)c2cc(=O)cc(C(=O)Nc3ccc(C(C)(C)C)cc3)o2)cc1||nitrate,-862.0538037145525,1.1628002645981634,SPECIES_CONST,False,False
series::CC(C)(C)c1ccc(NCC(=O)c2cccc(C(=O)CNc3ccc(C(C)(C)C)cc3)n2)cc1||nitrate,4302.288213692702,2.9415231481792175,SPECIES_CONST,False,False
series::CC(C)CCCCCP(=O)(CC(=O)N(CC(C)C)CC(C)C)c1ccccc1||nitrate,-2502.290127142498,0.6945388918612682,SPECIES_CONST,False,False
series::CC(C)CCN(CCC(C)C)C(=O)COCC(=O)NCc1cccc(CNC(=O)COCC(=O)N(CCC(C)C)CCC(C)C)c1||nitrate,-4915.502976712327,1.1628002645981599,SPECIES_CONST,False,False
series::CC1(C)CCC(C)(C)c2nc(-c3ccc4ccc5ccc(-c6nnc7c(n6)C(C)(C)CCC7(C)C)nc5c4n3)nnc21||nitrate,3787.200446580381,2.9415231481792707,SPECIES_CONST,False,False
series::CC1(C)CCC(C)(C)c2nc(-c3ccc4ccc5ccc(-c6nnc7c(n6)C(C)(C)CCC7(C)C)nc5c4n3)nnc21||water,3772.1312815958336,1.9920813362895458,SPECIES_CONST,False,False
series::CC1(C)CCC(C)(C)c2nc(-c3cccc(-c4cccc(-c5cccc(-c6nnc7c(n6)C(C)(C)CCC7(C)C)n5)n4)n3)nnc21||water,3475.308941884955,1.7390156409451687,SPECIES_CONST,False,False
series::CC1(C)CCC(C)(C)c2nc(-c3cccc(-c4cccc(-c5ccccn5)n4)n3)nnc21||nitrate,4574.182529476169,1.860782751055017,SPECIES_CONST,False,False
series::CC1(C)CCC(C)(C)c2nc(-c3cccc(-c4cccc(-c5ccccn5)n4)n3)nnc21||water,4565.493505436892,1.9920813362895435,SPECIES_CONST,False,False
series::CC1(C)CCC(C)(C)c2nc(-c3cccc(-c4cccc(-c5nnc6c(n5)C(C)(C)CCC6(C)C)n4)n3)nnc21||nitrate,3904.858608962287,2.754680005363981,SPECIES_CONST,False,False
series::CC1(C)OC(C)(C)c2nc(-c3cccc(-c4cccc(-c5nnc6c(n5)C(C)(C)OC6(C)C)n4)n3)nnc21||nitrate,4029.206606925678,2.9415231481792667,SPECIES_CONST,False,False
series::CC1(C)SC(C)(C)c2nc(-c3cccc(-c4cccc(-c5nnc6c(n5)C(C)(C)SC6(C)C)n4)n3)nnc21||nitrate,4073.195513407575,2.941523148179235,SPECIES_CONST,False,False
series::CC1(C)SC(C)(C)c2nc(-c3cccc(-c4cccc(-c5nnc6c(n5)C(C)(C)SC6(C)C)n4)n3)nnc21||water,4057.8200761718595,1.9920813362895238,SPECIES_CONST,False,False
series::CC12CCC(c3nnc(-c4cccc(-c5cccc(-c6nnc7c(n6)C6(C)CCC7C6(C)C)n5)n4)nc31)C2(C)C||nitrate,3960.953570772792,2.9415231481792112,SPECIES_CONST,False,False
series::CC12CCC(c3nnc(-c4cccc(-c5nnc6c(n5)C5(C)CCC6C5(C)C)n4)nc31)C2(C)C||nitrate,-772.0063678162138,0.407992857253265,SPECIES_CONST,False,False
series::CCCCC(CC)CN(CC(CC)CCCC)C(=O)CCOCCC(=O)N(CC(CC)CCCC)CC(CC)CCCC||nitrate,-4375.866346080789,1.1628002645981643,SPECIES_CONST,False,False
series::CCCCC(CC)CN(CC(CC)CCCC)C(=O)CCOCCC(=O)N(CC(CC)CCCC)CC(CC)CCCC||water,-4376.821926619288,1.1628002645981665,SPECIES_CONST,False,False
series::CCCCC(CC)CN(CC(CC)CCCC)C(=O)CN(CC(=O)N(CC(CC)CCCC)CC(CC)CCCC)CC(=O)N(CC(CC)CCCC)CC(CC)CCCC||nitrate,-3687.105111062049,1.2059872480361562,SPECIES_CONST,False,False
series::CCCCC(CC)CN(CC(CC)CCCC)C(=O)CN(CC(=O)N(CC(CC)CCCC)CC(CC)CCCC)CC(=O)N(CC(CC)CCCC)CC(CC)CCCC||water,-3687.847960587246,1.2059872480361435,SPECIES_CONST,False,False
series::CCCCC(CC)CP(=O)(CC(=O)N(CC(C)C)CC(C)C)c1ccccc1||nitrate,-2502.6109184193547,0.7684393892623259,SPECIES_CONST,False,False
series::CCCCCC(C)Oc1cc(CNC(=O)COCC(=O)N(CCCC)CCCC)cc(CNC(=O)COCC(=O)N(CCCC)CCCC)c1||nitrate,-6024.915608402599,1.16280026459816,SPECIES_CONST,False,False
series::CCCCCCCCCCCCN(C)C(=O)C1CC(OC)CC(C(=O)N(C)CCCCCCCCCCCC)O1||nitrate,-88.25797332001821,0.6949827012247815,SPECIES_CONST,False,False
series::CCCCCCCCCCCCN(C)C(=O)COCC(=O)N(C)CCCCCCCCCCCC||water,-2309.1245860182225,1.1635787025803876,SPECIES_CONST,False,False
series::CCCCCCCCCCCCN(CC)C(=O)COCC(=O)N(CC)CCCCCCCCCCCC||water,-2827.089672522558,1.1635787025803865,SPECIES_CONST,False,False
series::CCCCCCCCCCCCN(CCC)C(=O)COCC(=O)N(CCC)CCCCCCCCCCCC||water,-3343.3647630981995,1.1635787025803876,SPECIES_CONST,False,False
series::CCCCCCCCCCCCN(CCCC)C(=O)COCC(=O)N(CCCC)CCCCCCCCCCCC||water,-3859.3077640168694,1.1635787025803852,SPECIES_CONST,False,False
series::CCCCCCCCCCCCN(CCCCCCCCCCCC)C(=O)COCC(=O)N(CCCCCCCC)CCCCCCCC||nitrate,-5925.062804015079,1.1648915353477372,SPECIES_CONST,False,False
series::CCCCCCCCCCCCN(CCCCCCCCCCCC)C(=O)COCCOCC(=O)N(CCCCCCCCCCCC)CCCCCCCCCCCC||nitrate,-3584.3979974552694,0.47939523009059826,SPECIES_CONST,False,False
series::CCCCCCCCCCCCNCC(=O)c1cccc(C(=O)CNCCCCCCCCCCCC)n1||nitrate,3733.937962625645,2.9415231481792645,SPECIES_CONST,False,False
series::CCCCCCCCCCCCOc1cc(CNC(=O)COCC(=O)N(CCCC)CCCC)cc(CNC(=O)COCC(=O)N(CCCC)CCCC)c1||nitrate,-7312.500128702759,1.1628002645981619,SPECIES_CONST,False,False
series::CCCCCCCCN(C)C(=O)C(CCCCCC)C(=O)N(C)CCCCCCCC||nitrate,-3907.7647104771913,0.5730184448702392,SPECIES_CONST,False,False
series::CCCCCCCCN(C)C(=O)CC(=O)N(C)CCCCCCCC||nitrate,-1843.9816761299394,0.5385598792104208,SPECIES_CONST,False,False
series::CCCCCCCCN(C)C(=O)COCC(=O)N(C)Cc1cccc(CN(C)C(=O)COCC(=O)N(C)CCCCCCCC)c1||nitrate,-4916.386332764483,1.1628002645981614,SPECIES_CONST,False,False
series::CCCCCCCCN(C)C(=O)COCC(=O)NCc1cccc(CNC(=O)COCC(=O)N(C)CCCCCCCC)c1||nitrate,-4399.0016601790685,1.1628002645981608,SPECIES_CONST,False,False
series::CCCCCCCCN(CCCCCCCC)C(=O)C(C)OC(C(=O)N(CCCCCCCC)CCCCCCCC)c1ccccc1||nitrate,-5334.145911774394,1.1628002645981612,SPECIES_CONST,False,False
series::CCCCCCCCN(CCCCCCCC)C(=O)C(C)OC(C(=O)N(CCCCCCCC)CCCCCCCC)c1ccccc1||water,-5332.4945516641665,1.1628002645981605,SPECIES_CONST,False,False
series::CCCCCCCCN(CCCCCCCC)C(=O)C(C)OC(C)C(=O)N(CCCCCCCC)CCCCCCCC||water,-4377.264548996976,1.1628002645981605,SPECIES_CONST,False,False
series::CCCCCCCCN(CCCCCCCC)C(=O)C1CCC(C(=O)N(CCCCCCCC)CCCCCCCC)O1||nitrate,-4294.228606075078,1.1628002645981614,SPECIES_CONST,False,False
series::CCCCCCCCN(CCCCCCCC)C(=O)C1CCC(C(=O)N(CCCCCCCC)CCCCCCCC)O1||water,-4294.49655478526,1.1628002645981612,SPECIES_CONST,False,False
series::CCCCCCCCN(CCCCCCCC)C(=O)CC(=O)N(CCCCCCCC)CCCCCCCC||nitrate,-6664.87864893923,0.5731858712071263,SPECIES_CONST,False,False
series::CCCCCCCCN(CCCCCCCC)C(=O)CCOCCC(=O)N(CCCCCCCC)CCCCCCCC||nitrate,-4375.321095553347,1.162800264598161,SPECIES_CONST,False,False
series::CCCCCCCCN(CCCCCCCC)C(=O)CCOCCC(=O)N(CCCCCCCC)CCCCCCCC||water,-4376.562459433917,1.162800264598161,SPECIES_CONST,False,False
series::CCCCCCCCN(CCCCCCCC)C(=O)CN(CC(=O)N(CCCCCCCC)CCCCCCCC)c1ccccc1||nitrate,-5024.228895482668,1.1628002645981612,SPECIES_CONST,False,False
series::CCCCCCCCN(CCCCCCCC)C(=O)CNCC(=O)N(CCCCCCCC)CCCCCCCC||nitrate,-3807.8546054398503,1.1628002645981608,SPECIES_CONST,False,False
series::CCCCCCCCN(CCCCCCCC)C(=O)CNCC(=O)N(CCCCCCCC)CCCCCCCC||water,-3809.6671176675627,1.1628002645981617,SPECIES_CONST,False,False
series::CCCCCCCCN(CCCCCCCC)C(=O)CNCP(=O)(CCCC)CCCC||nitrate,-1535.2849566803504,1.162800264598161,SPECIES_CONST,False,False
series::CCCCCCCCN(CCCCCCCC)C(=O)CNCP(=O)(CCCC)CCCC||water,-1537.0056560415676,1.162800264598161,SPECIES_CONST,False,False
series::CCCCCCCCN(CCCCCCCC)C(=O)CNCP(=O)(OCCCC)OCCCC||nitrate,3895.42558398492,2.9415231481792303,SPECIES_CONST,False,False
series::CCCCCCCCN(CCCCCCCC)C(=O)CNCP(=O)(OCCCC)OCCCC||water,3880.178185162121,1.7390156409451705,SPECIES_CONST,False,False
series::CCCCCCCCN(CCCCCCCC)C(=O)COC(C(=O)N(CCCCCCCC)CCCCCCCC)c1ccccc1||nitrate,-5074.9898586023855,1.1628002645981612,SPECIES_CONST,False,False
series::CCCCCCCCN(CCCCCCCC)C(=O)COC(C(=O)N(CCCCCCCC)CCCCCCCC)c1ccccc1||water,-5074.2764212424645,1.1628002645981612,SPECIES_CONST,False,False
series::CCCCCCCCN(CCCCCCCC)C(=O)COC(C)C(=O)N(CCCCCCCC)CCCCCCCC||water,-4118.0109551320475,1.1628002645981614,SPECIES_CONST,False,False
series::CCCCCCCCN(CCCCCCCC)C(=O)COCC(=O)N1CCCC1||nitrate,-677.3725051744136,1.1628002645981614,SPECIES_CONST,False,False
series::CCCCCCCCN(CCCCCCCC)C(=O)COCC(=O)N1CCCC1||water,-678.22208422531,1.1628002645981612,SPECIES_CONST,False,False
series::CCCCCCCCN(CCCCCCCC)C(=O)COCC(=O)N1CCCCC1||nitrate,-936.3913237701777,1.1628002645981614,SPECIES_CONST,False,False
series::CCCCCCCCN(CCCCCCCC)C(=O)COCC(=O)N1CCCCC1||water,-935.4791900172613,1.1628002645981612,SPECIES_CONST,False,False
series::CCCCCCCCN(CCCCCCCC)C(=O)COCC(=O)N1CCOCC1||nitrate,1636.010080717109,1.205987248036156,SPECIES_CONST,False,False
series::CCCCCCCCN(CCCCCCCC)C(=O)COCC(=O)N1CCOCC1||water,1636.0279744763618,1.205987248036156,SPECIES_CONST,False,False
series::CCCCCCCCN(CCCCCCCC)C(=O)COCC(=O)NCCCCCCCNC(=O)COCC(=O)N(CCCCCCCC)CCCCCCCC||nitrate,-8091.129976306207,1.1628002645981617,SPECIES_CONST,False,False
series::CCCCCCCCN(CCCCCCCC)C(=O)COCC(=O)NCCCCCCNC(=O)COCC(=O)N(CCCCCCCC)CCCCCCCC||nitrate,-7833.599310267167,1.1628002645981617,SPECIES_CONST,False,False
series::CCCCCCCCN(CCCCCCCC)C(=O)COCC(=O)NCCCOCCCNC(=O)COCC(=O)N(CCCCCCCC)CCCCCCCC||nitrate,-8151.370476167414,1.1628002645981617,SPECIES_CONST,False,False
series::CCCCCCCCN(CCCCCCCC)C(=O)COCC(=O)NCCOCCNC(=O)COCC(=O)N(CCCCCCCC)CCCCCCCC||nitrate,2070.238422998877,1.7873704711221399,SPECIES_CONST,False,False
series::CCCCCCCCN(CCCCCCCC)C(=O)COCC(=O)NCc1ccc(CNC(=O)COCC(=O)N(CCCCCCCC)CCCCCCCC)cc1||nitrate,-8015.420340926477,1.1628002645981614,SPECIES_CONST,False,False
series::CCCCCCCCN(CCCCCCCC)C(=O)COCC(=O)NCc1cccc(CNC(=O)COCC(=O)N(CCCCCCCC)CCCCCCCC)c1||nitrate,-8015.348239812563,1.1628002645981612,SPECIES_CONST,False,False
series::CCCCCCCCN(CCCCCCCC)C(=O)COCC(=O)NCc1cccc(CNC(=O)COCC(=O)N(CCCCCCCC)CCCCCCCC)c1||water,-8017.8048071487265,1.1628002645981612,SPECIES_CONST,False,False
series::CCCCCCCCN(CCCCCCCC)C(=O)COCCOCC(=O)N(CCCCCCCC)CCCCCCCC||nitrate,-831.3108925680381,0.4737571182489925,SPECIES_CONST,False,False
series::CCCCCCCCN(CCCCCCCC)C(=O)COCP(=O)(CCCC)CCCC||nitrate,-1588.9913445506006,1.1628002645981612,SPECIES_CONST,False,False
series::CCCCCCCCN(CCCCCCCC)C(=O)COCP(=O)(CCCC)CCCC||water,-1588.5510727351216,1.1628002645981614,SPECIES_CONST,False,False
series::CCCCCCCCN(CCCCCCCC)C(=O)COCP(=O)(OCCCC)OCCCC||nitrate,3878.203685907206,2.941523148179232,SPECIES_CONST,False,False
series::CCCCCCCCN(CCCCCCCC)C(=O)COCP(=O)(OCCCC)OCCCC||water,3863.4069154303843,1.7390156409451705,SPECIES_CONST,False,False
series::CCCCCCCCN(CCCCCCCC)C(=O)CO||nitrate,-544.1000516807417,1.2059872480361558,SPECIES_CONST,False,False
series::CCCCCCCCN(CCCCCCCC)C(=O)c1ccc(C(=O)N(CCCCCCCC)CCCCCCCC)o1||nitrate,-4126.208855314787,1.1628002645981612,SPECIES_CONST,False,False
series::CCCCCCCCN(CCCCCCCC)C(=O)c1ccc(C(=O)N(CCCCCCCC)CCCCCCCC)o1||water,-4126.41756038914,1.162800264598161,SPECIES_CONST,False,False
series::CCCCCCCCN(CCCCCCCC)C(=O)c1ccc2ccc3ccc(C(=O)N(CCCCCCCC)CCCCCCCC)nc3c2n1||nitrate,-1585.815635598643,0.5275375730522233,SPECIES_CONST,False,False
series::CCCCCCCCN(CCCCCCCC)C(=S)c1ccc(C(=S)N(CCCCCCCC)CCCCCCCC)s1||nitrate,3328.0301329267595,2.941523148179232,SPECIES_CONST,False,False
series::CCCCCCCCN(CCCCCCCC)C(=S)c1ccc2ccc3ccc(C(=S)N(CCCCCCCC)CCCCCCCC)nc3c2n1||nitrate,2730.055485341858,3.0142820265142505,SPECIES_CONST,False,False
series::CCCCCCCCN(CCCCCCCC)C(=S)c1ccc2ccc3ccc(C(=S)N(CCCCCCCC)CCCCCCCC)nc3c2n1||water,2714.315201563485,1.9920813362895329,SPECIES_CONST,False,False
series::CCCCCCCCNC(=O)c1cc(Cl)ccn1||nitrate,907.9576169507252,1.2059872480361558,SPECIES_CONST,False,False
series::CCCCCCCCOc1cc(C(=O)N(C)c2ccc(C(C)(C)C)cc2)nc(C(=O)N(C)c2ccc(C(C)(C)C)cc2)c1||nitrate,-3398.1184976511586,1.162800264598161,SPECIES_CONST,False,False
series::CCCCCCCCOc1cc(C(=O)Nc2ccc(C(C)(C)C)cc2)nc(C(=O)Nc2ccc(C(C)(C)C)cc2)c1||nitrate,-2881.9041208590093,1.1628002645981612,SPECIES_CONST,False,False
series::CCCCCCCCP(=O)(CC(=O)N(CC(C)C)CC(C)C)c1ccccc1||nitrate,-2502.4544414672037,0.4860229979559241,SPECIES_CONST,False,False
series::CCCCCCCCn1cc(-c2cc(CC(=O)O)cc(-c3cn(CCCCCCCC)nn3)n2)nn1||nitrate,-1853.1714481383167,1.1628002645981612,SPECIES_CONST,False,False
series::CCCCCCCCn1cc(-c2cc(CC(=O)O)cc(-c3cn(CCCCCCCC)nn3)n2)nn1||water,-1853.1988180633975,1.1628002645981614,SPECIES_CONST,False,False
series::CCCCCCN(C)C(=O)CC(=O)N(C)CCCCCC||nitrate,-466.44265467196647,0.5385598792104208,SPECIES_CONST,False,False
series::CCCCCCN(CCCCCC)C(=O)CC(=O)N(CCCCCC)CCCCCC||nitrate,-3910.9408554310025,0.5385598792104208,SPECIES_CONST,False,False
series::CCCCCCN(CCCCCC)C(=O)COCC(=O)N1CCCC1||nitrate,355.9332193308137,1.1628002645981614,SPECIES_CONST,False,False
series::CCCCCCN(CCCCCC)C(=O)COCC(=O)N1CCCC1||water,354.8317350073462,1.1628002645981612,SPECIES_CONST,False,False
series::CCCCCCN(CCCCCC)C(=O)COCC(=O)N1CCCCC1||nitrate,96.5154408453559,1.162800264598161,SPECIES_CONST,False,False
series::CCCCCCN(CCCCCC)C(=O)COCC(=O)N1CCCCC1||water,97.05118340031777,1.1628002645981612,SPECIES_CONST,False,False
series::CCCCCCN(CCCCCC)C(=O)COCC(=O)N1CCOCC1||nitrate,2324.79451137301,1.205987248036156,SPECIES_CONST,False,False
series::CCCCCCN(CCCCCC)C(=O)COCC(=O)N1CCOCC1||water,2324.4837524548084,1.2059872480361558,SPECIES_CONST,False,False
series::CCCCCCN(CCCCCC)C(=O)c1ccc2ccc3cccnc3c2n1||nitrate,116.01546088507985,1.1628002645981612,SPECIES_CONST,False,False
series::CCCCCCN(CCCCCC)C(=O)c1ccc2ccc3cccnc3c2n1||water,116.21794485073042,1.1628002645981612,SPECIES_CONST,False,False
series::CCCCCCOCCC(C(=O)N(C)CCCC)C(=O)N(C)CCCC||nitrate,14.989814350219149,0.6986664551384512,SPECIES_CONST,False,False
series::CCCCCCOP(=O)(O)OCCCCCC||nitrate,555.0323324998235,0.8843069201768913,SPECIES_CONST,False,False
series::CCCCCCOc1cc(CNC(=O)COCC(=O)N(CCCC)CCCC)cc(CNC(=O)COCC(=O)N(CCCC)CCCC)c1||nitrate,-5763.484040707281,1.1628002645981612,SPECIES_CONST,False,False
series::CCCCCCc1ccc(N(CC)C(=O)c2cccc(-c3cccc(C(=O)N(CC)c4ccc(CCCCCC)cc4)n3)n2)cc1||nitrate,-217.84722409586493,0.4737571182489927,SPECIES_CONST,False,False
series::CCCCCCn1c(-c2ccccc2)c(-c2ccccc2)c2cc3ccc4cc5c(-c6ccccc6)c(-c6ccccc6)n(CCCCCC)c(=O)c5nc4c3nc2c1=O||nitrate,2551.1563326426094,2.7558680290606667,SPECIES_CONST,False,False
series::CCCCCCn1c(-c2ccccc2)c(-c2ccccc2)c2cc3ccc4cc5c(-c6ccccc6)c(-c6ccccc6)n(CCCCCC)c(=O)c5nc4c3nc2c1=O||water,2534.8983350466847,1.6303597120216966,SPECIES_CONST,False,False
series::CCCCCN(CCCCC)C(=O)COCC(=O)N(CCCCC)CCCCC||nitrate,-759.6473939884163,1.162800264598161,SPECIES_CONST,False,False
series::CCCCCc1nnc(-c2cccc(-c3cccc(-c4nnc(CCCCC)c(CCCCC)n4)n3)n2)nc1CCCCC||nitrate,3506.2174788729935,2.7547153932842945,SPECIES_CONST,False,False
series::CCCCCc1nnc(-c2cccc(-c3cccc(-c4nnc(CCCCC)c(CCCCC)n4)n3)n2)nc1CCCCC||water,3490.3079255018993,1.9920813362895327,SPECIES_CONST,False,False
series::CCCCN(C)C(=O)CC(=O)N(C)CCCC||nitrate,911.0651274164031,0.7682063891000185,SPECIES_CONST,False,False
series::CCCCN(CCCC)C(=O)CC(=O)N(CCCC)CCCC||nitrate,-1155.9750686986677,0.5385598792104208,SPECIES_CONST,False,False
series::CCCCN(CCCC)C(=O)CCC(=O)N(CCCC)CCCC||nitrate,-1500.6293438532555,0.7248503426431865,SPECIES_CONST,False,False
series::CCCCN(CCCC)C(=O)COCC(=O)N(CCN(C(=O)COCC(=O)N(CCCC)CCCC)C(C)C)C(C)C||nitrate,-4216.719454343423,1.1628002645981614,SPECIES_CONST,False,False
series::CCCCN(CCCC)C(=O)COCC(=O)NCCCCCCNC(=O)COCC(=O)N(CCCC)CCCC||nitrate,-3699.123775213472,1.1628002645981612,SPECIES_CONST,False,False
series::CCCCN(CCCC)C(=O)COCC(=O)NCCCCCNC(=O)COCC(=O)N(CCCC)CCCC||nitrate,-3444.9071808745384,1.1628002645981612,SPECIES_CONST,False,False
series::CCCCN(CCCC)C(=O)COCC(=O)NCc1cccc(CNC(=O)COCC(=O)N(CCCC)CCCC)c1||nitrate,-3882.14901632914,1.162800264598161,SPECIES_CONST,False,False
series::CCCCN(CCCC)C(=O)c1ccc2ccc3ccc(C(=O)N(CCCC)CCCC)nc3c2n1||nitrate,1168.3862386029768,0.47375711824899264,SPECIES_CONST,False,False
series::CCCCN(CCCC)C(=O)c1ccc2ccc3cccnc3c2n1||nitrate,1149.6848447990856,1.1628002645981612,SPECIES_CONST,False,False
series::CCCCN(CCCC)C(=O)c1ccc2ccc3cccnc3c2n1||water,1149.2381839061832,1.1628002645981612,SPECIES_CONST,False,False
series::CCCCOP(=S)(CP(=S)(OCCCC)OCCCC)OCCCC||nitrate,4648.788439081973,1.860782751054996,SPECIES_CONST,False,False
series::CCCCP(=S)(CCCC)CP(=S)(CCCC)CCCC||nitrate,-422.54146112042235,1.1628002645981612,SPECIES_CONST,False,False
series::CCN(C(=O)c1ccc2ccc3ccc(C(=O)N(CC)c4ccc(C)cc4)nc3c2n1)c1ccc(C)cc1||nitrate,1269.20182527423,0.7606161292626674,SPECIES_CONST,False,False
series::CCN(C(=O)c1cccc(-c2cccc(C(=O)N(CC)c3cc(C)cc(C)c3)n2)n1)c1cc(C)cc(C)c1||nitrate,1158.9754989909845,0.4737571182489926,SPECIES_CONST,False,False
series::CCN(C(=O)c1cccc(-c2cccc(C(=O)N(CC)c3cc(C)ccc3C)n2)n1)c1cc(C)ccc1C||nitrate,1159.1371011345364,0.4737571182489927,SPECIES_CONST,False,False
series::CCN(C(=O)c1cccc(-c2cccc(C(=O)N(CC)c3ccc(C)cc3C)n2)n1)c1ccc(C)cc1C||nitrate,1158.9545532537109,0.4737571182489926,SPECIES_CONST,False,False
series::CCN(C(=O)c1cccc(-c2cccc(C(=O)N(CC)c3ccccc3)n2)n1)c1ccccc1||nitrate,1849.363368148301,0.4737571182489927,SPECIES_CONST,False,False
series::CCN(C(=O)c1cccc(C(=O)N(CC)c2cccc(C)c2)n1)c1cccc(C)c1||nitrate,34.26926115368997,0.4749902264709339,SPECIES_CONST,False,False
series::CCN(C(=O)c1cccc(C(=O)N(CC)c2ccccc2C)n1)c1ccccc1C||nitrate,34.421073464917754,0.47499022647093375,SPECIES_CONST,False,False
series::CCN(CC)C(=O)c1ccc2ccc3cccnc3c2n1||nitrate,2182.356730411269,1.1628002645981612,SPECIES_CONST,False,False
series::CCN(CC)C(=O)c1ccc2ccc3cccnc3c2n1||water,2182.6846356596293,1.1628002645981608,SPECIES_CONST,False,False
series::CCOP(=O)(OCC)c1ccc2ccc3ccc(P(=O)(OCC)OCC)nc3c2n1||nitrate,1925.6438240759771,1.1628002645981612,SPECIES_CONST,False,False
series::CCOP(=S)(COCP(=S)(OCC)OCC)OCC||water,5134.646647530713,1.3293547289825647,SPECIES_CONST,False,False
series::CCc1ccc(N(CC)C(=O)c2ccc3ccc4ccc(C(=O)N(CC)c5ccc(CC)cc5)nc4c3n2)cc1||nitrate,925.4232105810552,0.4737571182489927,SPECIES_CONST,False,False
series::CN(C(=O)CC(=O)N(C)c1ccccc1)c1ccccc1||nitrate,426.7581799510849,0.47375711824899275,SPECIES_CONST,False,False
series::Cc1cc(-c2cc(C)cc(-c3nnc4c(n3)C(C)(C)CCC4(C)C)n2)nc(-c2nnc3c(n2)C(C)(C)CCC3(C)C)c1||nitrate,3731.684349987092,2.9415231481792308,SPECIES_CONST,False,False
series::Cc1cc(-c2cc(C)cc(-c3nnc4c(n3)C(C)(C)CCC4(C)C)n2)nc(-c2nnc3c(n2)C(C)(C)CCC3(C)C)c1||water,3715.615373368356,1.9920813362895324,SPECIES_CONST,False,False
series::Cc1cc(C)n(-c2cccc(-n3nc(C)cc3C)n2)n1||nitrate,5426.828905127052,2.941523148179231,SPECIES_CONST,False,False
series::Cc1ccn(-c2cccc(-n3ccc(C)n3)n2)n1||nitrate,5599.757777061957,2.941523148179232,SPECIES_CONST,False,False
series::O=C(O)CN(CC(=O)O)C1CCCCC1N(CC(=O)O)CC(=O)O||nitrate,4760.3543564555775,1.1943583667543003,SPECIES_CONST,False,False
series::O=C(O)CN(CCO)CCN(CC(=O)O)CC(=O)O||nitrate,5159.92566203198,1.4453490806933418,SPECIES_CONST,False,False
series::O=C(c1cc(Cl)c2ccc3c(Cl)cc(C(=O)N4CCCC4)nc3c2n1)N1CCCC1||nitrate,2215.4131748848176,0.47375711824899264,SPECIES_CONST,False,False
series::O=C(c1cc(Cl)c2ccc3c(Cl)cc(C(=O)N4CCc5ccccc54)nc3c2n1)N1CCc2ccccc21||nitrate,1283.187147259678,1.2059872480361558,SPECIES_CONST,False,False
series::O=C(c1cccc(C(=O)N2CCCC2)n1)N1CCCC1||nitrate,2115.0904581872464,1.1628002645981612,SPECIES_CONST,False,False
series::O=C(c1ccccc1)c1ccc2ccccc2n1||nitrate,1816.2286378381866,1.2059872480361558,SPECIES_CONST,False,False
series::O=P(c1ccccc1)(c1ccccc1)c1ccc2ccc3ccc(P(=O)(c4ccccc4)c4ccccc4)nc3c2n1||nitrate,956.7844043489561,1.2059872480361558,SPECIES_CONST,False,False
series::O=c1c(O)c(-c2ccc(O)c(O)c2)oc2cc(O)cc(O)c12||nitrate,3358.3314058248993,2.941523148179232,SPECIES_CONST,False,False
series::c1cc(-n2cccn2)nc(-n2cccn2)c1||nitrate,5773.289176217724,2.941523148179231,SPECIES_CONST,False,False
series::c1cc2nc(c1)COc1ccccc1OCCOCCOc1ccccc1OC2||nitrate,4634.028238517334,1.5603176893915758,SPECIES_CONST,False,False
series::c1ccc2c(c1)OCCOCCOc1ccccc1OCCOCCO2||nitrate,4764.251401319562,1.542876594347689,SPECIES_CONST,False,False
metal::Dy,1.7970888332997674,0.41145170981567714,SPECIES_CONST,False,False
metal::Er,2.6193141139542604,0.4166235872950436,SPECIES_CONST,False,False
metal::Eu,1.2085551968295931,0.30806664315536764,SPECIES_CONST,False,False
metal::Gd,1.3687534644958532,0.3242965763351871,SPECIES_CONST,False,False
metal::Ho,1.9362851719247374,0.4335726885035066,SPECIES_CONST,False,False
metal::La,-1.6259716721764335,0.30422896652542064,SPECIES_CONST,False,False
metal::Lu,2.376010200665405,0.4452331728432059,SPECIES_CONST,False,False
metal::Nd,0.3351916996030013,0.3158684700952088,SPECIES_CONST,False,False
metal::Pr,0.8761713361714101,0.3109919586968715,SPECIES_CONST,False,False
metal::Sm,0.9632996466539225,0.3207131631748058,SPECIES_CONST,False,False
metal::Tb,1.719172479786721,0.4220281697279003,SPECIES_CONST,False,False
metal::Tm,2.6253908769817826,0.44936633190129527,SPECIES_CONST,False,False
metal::Yb,2.780732045874629,0.4338734460123835,SPECIES_CONST,False,False
gamma::n_NO3,-432.19015657751663,1.344484377846213,SPECIES_CONST,True,False
gamma::n_H2O,-138.8362069620175,0.3244055840812703,SPECIES_CONST,True,False
series::C1CCC2OCCOCCOC3CCCCC3OCCOCCOC2C1||nitrate,5267.615006300658,4.191177379112635,SPECIES_NFILLCOL,False,False
series::C1COCCOCCOCCOCCOCCO1||nitrate,5902.323720705977,4.175045856688565,SPECIES_NFILLCOL,False,False
series::CC(C)(C)Cc1cc(-c2cccc(-c3cc(CC(C)(C)C)[nH]n3)n2)n[nH]1||nitrate,5439.54060861666,6.582931091208373,SPECIES_NFILLCOL,False,False
series::CC(C)(C)c1cc(-c2cc(C(C)(C)C)cc(-c3nnc4c(n3)C(C)(C)CCC4(C)C)n2)nc(-c2nnc3c(n2)C(C)(C)CCC3(C)C)c1||nitrate,3741.9302358860914,6.582931091208118,SPECIES_NFILLCOL,False,False
series::CC(C)(C)c1ccc(NC(=O)c2cc(=O)cc(C(=O)Nc3ccc(C(C)(C)C)cc3)o2)cc1||nitrate,-63.595336252925335,4.598552384281455,SPECIES_NFILLCOL,False,False
series::CC(C)(C)c1ccc(NCC(=O)c2cccc(C(=O)CNc3ccc(C(C)(C)C)cc3)n2)cc1||nitrate,4829.354954830498,6.58293109120826,SPECIES_NFILLCOL,False,False
series::CC(C)CCCC(C)CCCCN(C)C(=O)COCC(=O)N(C)CCCCC(C)CCCC(C)C||water,37.08391749979455,2.4192214435099846,SPECIES_NFILLCOL,False,False
series::CC(C)CCCCCP(=O)(CC(=O)N(CC(C)C)CC(C)C)c1ccccc1||nitrate,-1694.1478178550224,2.6266285414490165,SPECIES_NFILLCOL,False,False
series::CC(C)CCN(CCC(C)C)C(=O)COCC(=O)NCc1cccc(CNC(=O)COCC(=O)N(CCC(C)C)CCC(C)C)c1||nitrate,-4117.044509250686,4.598552384281453,SPECIES_NFILLCOL,False,False
series::CC(C)CN(CC(C)C)C(=O)COCC(=O)N(CC(C)C)CC(C)C||nitrate,1856.4041178992918,2.1087339433915284,SPECIES_NFILLCOL,False,False
series::CC1(C)CCC(C)(C)c2nc(-c3ccc4ccc5ccc(-c6nnc7c(n6)C(C)(C)CCC7(C)C)nc5c4n3)nnc21||nitrate,4314.267187718246,6.582931091207286,SPECIES_NFILLCOL,False,False
series::CC1(C)CCC(C)(C)c2nc(-c3ccc4ccc5ccc(-c6nnc7c(n6)C(C)(C)CCC7(C)C)nc5c4n3)nnc21||water,4602.416985666139,9.43205610009095,SPECIES_NFILLCOL,False,False
series::CC1(C)CCC(C)(C)c2nc(-c3cccc(-c4cccc(-c5cccc(-c6nnc7c(n6)C(C)(C)CCC7(C)C)n5)n4)n3)nnc21||water,4299.229198633542,8.034955360833182,SPECIES_NFILLCOL,False,False
series::CC1(C)CCC(C)(C)c2nc(-c3cccc(-c4cccc(-c5ccccn5)n4)n3)nnc21||nitrate,5246.356073521708,5.798640929963303,SPECIES_NFILLCOL,False,False
series::CC1(C)CCC(C)(C)c2nc(-c3cccc(-c4cccc(-c5ccccn5)n4)n3)nnc21||water,5395.779209507231,9.432056100090806,SPECIES_NFILLCOL,False,False
series::CC1(C)CCC(C)(C)c2nc(-c3cccc(-c4cccc(-c5nnc6c(n5)C(C)(C)CCC6(C)C)n4)n3)nnc21||nitrate,4435.021667699277,5.315153367968465,SPECIES_NFILLCOL,False,False
series::CC1(C)OC(C)(C)c2nc(-c3cccc(-c4cccc(-c5nnc6c(n5)C(C)(C)OC6(C)C)n4)n3)nnc21||nitrate,4556.273348063517,6.582931091208305,SPECIES_NFILLCOL,False,False
series::CC1(C)SC(C)(C)c2nc(-c3cccc(-c4cccc(-c5nnc6c(n5)C(C)(C)SC6(C)C)n4)n3)nnc21||nitrate,4600.262254545417,6.582931091208096,SPECIES_NFILLCOL,False,False
series::CC1(C)SC(C)(C)c2nc(-c3cccc(-c4cccc(-c5nnc6c(n5)C(C)(C)SC6(C)C)n4)n3)nnc21||water,4888.105780242191,9.43205610009106,SPECIES_NFILLCOL,False,False
series::CC12CCC(c3nnc(-c4cccc(-c5cccc(-c6nnc7c(n6)C6(C)CCC7C6(C)C)n5)n4)nc31)C2(C)C||nitrate,4488.020311910599,6.582931091207999,SPECIES_NFILLCOL,False,False
series::CC12CCC(c3nnc(-c4cccc(-c5nnc6c(n5)C5(C)CCC6C5(C)C)n4)nc31)C2(C)C||nitrate,30.0101586986475,1.4705486812135768,SPECIES_NFILLCOL,False,False
series::CCCCC(CC)CN(C)C(=O)COCC(=O)N(C)CC(CC)CCCC||water,1759.4391783086085,2.419221443510011,SPECIES_NFILLCOL,False,False
series::CCCCC(CC)CN(CC(CC)CCCC)C(=O)CCOCCC(=O)N(CC(CC)CCCC)CC(CC)CCCC||nitrate,-3577.407878619184,4.598552384281423,SPECIES_NFILLCOL,False,False
series::CCCCC(CC)CN(CC(CC)CCCC)C(=O)CCOCCC(=O)N(CC(CC)CCCC)CC(CC)CCCC||water,-3578.3634591576465,4.598552384281461,SPECIES_NFILLCOL,False,False
series::CCCCC(CC)CN(CC(CC)CCCC)C(=O)CN(CC(=O)N(CC(CC)CCCC)CC(CC)CCCC)CC(=O)N(CC(CC)CCCC)CC(CC)CCCC||nitrate,-2879.235703854619,4.746586960579424,SPECIES_NFILLCOL,False,False
series::CCCCC(CC)CN(CC(CC)CCCC)C(=O)CN(CC(=O)N(CC(CC)CCCC)CC(CC)CCCC)CC(=O)N(CC(CC)CCCC)CC(CC)CCCC||water,-2883.0240458038916,4.885724992671566,SPECIES_NFILLCOL,False,False
series::CCCCC(CC)CN(CC(CC)CCCC)C(=O)COCC(=O)N(CC(CC)CCCC)CC(CC)CCCC||nitrate,-1903.046662628405,1.941028420346083,SPECIES_NFILLCOL,False,False
series::CCCCC(CC)CN(CC(CC)CCCC)C(=O)COCC(=O)N(CC(CC)CCCC)CC(CC)CCCC||water,-1253.8665128924458,2.419221443509997,SPECIES_NFILLCOL,False,False
series::CCCCC(CC)CP(=O)(CC(=O)N(CC(C)C)CC(C)C)c1ccccc1||nitrate,-1694.6083626315044,2.9394197423118817,SPECIES_NFILLCOL,False,False
series::CCCCCC(C)Oc1cc(CNC(=O)COCC(=O)N(CCCC)CCCC)cc(CNC(=O)COCC(=O)N(CCCC)CCCC)c1||nitrate,-5226.457140940956,4.598552384281454,SPECIES_NFILLCOL,False,False
series::CCCCCCC(C)N(CCCC)C(=O)COCC(=O)N(CCCC)C(C)CCCCCC||water,467.1943227036936,2.8064493211680914,SPECIES_NFILLCOL,False,False
series::CCCCCCC(CCCC)CCCN(C)C(=O)COCC(=O)N(C)CCCC(CCCC)CCCCCC||water,-823.1788023734844,2.419221443509993,SPECIES_NFILLCOL,False,False
series::CCCCCCCCC(C)(C)SCC1CN(C(=O)COCC(=O)N2CC(C)C(CSC(C)(C)CCCCCCCC)C2)CC1C||water,-1989.2380537934441,2.4192214435099992,SPECIES_NFILLCOL,False,False
series::CCCCCCCCCCCCN(C)C(=O)C1CC(OC)CC(C(=O)N(C)CCCCCCCCCCCC)O1||nitrate,719.9982313776627,2.6258024342720265,SPECIES_NFILLCOL,False,False
series::CCCCCCCCCCCCN(C)C(=O)COCC(=O)N(C)CCCCCCCCCCCC||water,-1510.3808237828339,4.602511170269548,SPECIES_NFILLCOL,False,False
series::CCCCCCCCCCCCN(CC)C(=O)COCC(=O)N(CC)CCCCCCCCCCCC||water,-2028.3459102871311,4.602511170269552,SPECIES_NFILLCOL,False,False
series::CCCCCCCCCCCCN(CCC)C(=O)COCC(=O)N(CCC)CCCCCCCCCCCC||water,-2544.62100086279,4.602511170269557,SPECIES_NFILLCOL,False,False
series::CCCCCCCCCCCCN(CCCC)C(=O)COCC(=O)N(CCCC)CCCCCCCCCCCC||water,-3060.5640017814467,4.602511170269557,SPECIES_NFILLCOL,False,False
series::CCCCCCCCCCCCN(CCCCCCCC)C(=O)COCC(=O)N(CCCCCCCC)CCCCCCCCCCCC||water,-3141.988818658226,2.314410773543951,SPECIES_NFILLCOL,False,False
series::CCCCCCCCCCCCN(CCCCCCCCCCCC)C(=O)COC1CCCN(CCCCCC)C1=O||nitrate,-1471.6402361176233,2.1148975225035813,SPECIES_NFILLCOL,False,False
series::CCCCCCCCCCCCN(CCCCCCCCCCCC)C(=O)COCC(=O)N(CCCCCCCC)CCCCCCCC||nitrate,-5126.521098244402,4.599571379113431,SPECIES_NFILLCOL,False,False
series::CCCCCCCCCCCCN(CCCCCCCCCCCC)C(=O)COCC(=O)N(CCCCCCCCCCCC)CCCCCCCCCCCC||nitrate,-4282.840929486088,2.89559045506716,SPECIES_NFILLCOL,False,False
series::CCCCCCCCCCCCN(CCCCCCCCCCCC)C(=O)COCCOCC(=O)N(CCCCCCCCCCCC)CCCCCCCCCCCC||nitrate,-2778.0949507819114,1.7304822381053742,SPECIES_NFILLCOL,False,False
series::CCCCCCCCCCCCN(CCCCCCCCCCCC)C(=O)COCCOCC(=O)N(CCCCCCCCCCCC)CCCCCCCCCCCC||water,-2403.9923961708037,2.138449083413511,SPECIES_NFILLCOL,False,False
series::CCCCCCCCCCCCNCC(=O)c1cccc(C(=O)CNCCCCCCCCCCCC)n1||nitrate,4261.004703763489,6.582931091208166,SPECIES_NFILLCOL,False,False
series::CCCCCCCCCCCCOc1cc(CNC(=O)COCC(=O)N(CCCC)CCCC)cc(CNC(=O)COCC(=O)N(CCCC)CCCC)c1||nitrate,-6514.041661241146,4.598552384281464,SPECIES_NFILLCOL,False,False
series::CCCCCCCCCCN(CCCCCCCCCC)C(=O)C(C)OC(C)C(=O)N(CCCCCCCCCC)CCCCCCCCCC||nitrate,-4680.992603351916,1.7583611122563858,SPECIES_NFILLCOL,False,False
series::CCCCCCCCCCN(CCCCCCCCCC)C(=O)COCC(=O)N(CCCCCC)CCCCCC||nitrate,-1324.445496575023,2.114897522503579,SPECIES_NFILLCOL,False,False
series::CCCCCCCCCCN(CCCCCCCCCC)C(=O)COCC(=O)N(CCCCCC)CCCCCC||water,-1254.3928728501523,2.806425721201915,SPECIES_NFILLCOL,False,False
series::CCCCCCCCCCN(CCCCCCCCCC)C(=O)COCC(=O)N(CCCCCCCCCC)CCCCCCCCCC||nitrate,-3938.3561485987407,2.042925314333385,SPECIES_NFILLCOL,False,False
series::CCCCCCCCCCN(CCCCCCCCCC)C(=O)[C@H](C)O[C@H](CC)C(=O)N(CCCCCCCCCC)CCCCCCCCCC||nitrate,-3692.2948567200265,2.1148975225035778,SPECIES_NFILLCOL,False,False
series::CCCCCCCCCCN(CCCCCCCCCC)C(=O)[C@H](CCC)O[C@H](CCC)C(=O)N(CCCCCCCCCC)CCCCCCCCCC||nitrate,-4125.559895417107,2.319930344448747,SPECIES_NFILLCOL,False,False
series::CCCCCCCCN(C(=O)c1ccc2ccc3cccnc3c2n1)c1ccc(C)cc1||nitrate,1620.8542650624988,2.114897522503579,SPECIES_NFILLCOL,False,False
series::CCCCCCCCN(C)C(=O)C(CCCCCC)C(=O)N(C)CCCCCCCC||nitrate,-3101.1556461283217,2.111710361668034,SPECIES_NFILLCOL,False,False
series::CCCCCCCCN(C)C(=O)C(CCOCCCCCC)C(=O)N(C)CCCCCCCC||nitrate,420.8507621689696,2.386892952767934,SPECIES_NFILLCOL,False,False
series::CCCCCCCCN(C)C(=O)CC(=O)N(C)CCCCCCCC||nitrate,-1037.010215988642,1.957912435810402,SPECIES_NFILLCOL,False,False
series::CCCCCCCCN(C)C(=O)COCC(=O)N(C)CCCCCCCC||nitrate,1601.3453416179798,2.0443282143284844,SPECIES_NFILLCOL,False,False
series::CCCCCCCCN(C)C(=O)COCC(=O)N(C)CCCCCCCC||water,1759.4925014197665,2.419221443510005,SPECIES_NFILLCOL,False,False
series::CCCCCCCCN(C)C(=O)COCC(=O)N(C)Cc1cccc(CN(C)C(=O)COCC(=O)N(C)CCCCCCCC)c1||nitrate,-4117.927865302865,4.598552384281467,SPECIES_NFILLCOL,False,False
series::CCCCCCCCN(C)C(=O)COCC(=O)N(CCCCCCCC)CCCCCCCC||water,252.77681254374727,2.4192214435100046,SPECIES_NFILLCOL,False,False
series::CCCCCCCCN(C)C(=O)COCC(=O)NCc1cccc(CNC(=O)COCC(=O)N(C)CCCCCCCC)c1||nitrate,-3600.543192717463,4.598552384281467,SPECIES_NFILLCOL,False,False
series::CCCCCCCCN(CC(C)C)C(=O)COCC(=O)N(CCCCCCCC)CC(C)C||nitrate,48.90013569572443,2.1087339433915435,SPECIES_NFILLCOL,False,False
series::CCCCCCCCN(CC(CC)CCCC)C(=O)COCC(=O)N(CCCCCCCC)CC(CC)CCCC||nitrate,-1759.0617118870416,2.1087339433915435,SPECIES_NFILLCOL,False,False
series::CCCCCCCCN(CC)C(=O)COCC(=O)N(CC)CCCCCCCC||water,1328.5476582141819,2.4192214435100063,SPECIES_NFILLCOL,False,False
series::CCCCCCCCN(CCC(C)CC(C)(C)C)C(=O)COCC(=O)N(CCCCCCCC)CCC(C)CC(C)(C)C||water,-1685.263954314215,2.419221443510004,SPECIES_NFILLCOL,False,False
series::CCCCCCCCN(CCC)C(=O)COCC(=O)N(CCC)CCCCCCCC||water,897.6878226324661,2.419221443510003,SPECIES_NFILLCOL,False,False
series::CCCCCCCCN(CCCC(CCCC)CCCCCC)C(=O)COCC(=O)N(CCCCCCCC)CCCC(CCCC)CCCCCC||water,-3836.420378646903,2.4192214435100037,SPECIES_NFILLCOL,False,False
series::CCCCCCCCN(CCCCC(C)CCCC(C)C)C(=O)COCC(=O)N(CCCCCCCC)CCCCC(C)CCCC(C)C||water,-2976.05067435183,2.419221443510007,SPECIES_NFILLCOL,False,False
series::CCCCCCCCN(CCCCCCCC)C(=O)C(C)OC(C(=O)N(CCCCCCCC)CCCCCCCC)c1ccccc1||nitrate,-4535.6874443127845,4.598552384281467,SPECIES_NFILLCOL,False,False
series::CCCCCCCCN(CCCCCCCC)C(=O)C(C)OC(C(=O)N(CCCCCCCC)CCCCCCCC)c1ccccc1||water,-4534.036084202556,4.598552384281467,SPECIES_NFILLCOL,False,False
series::CCCCCCCCN(CCCCCCCC)C(=O)C(C)OC(C)C(=O)N(CCCCCCCC)CCCCCCCC||nitrate,-1755.4331650249787,2.1148975225035787,SPECIES_NFILLCOL,False,False
series::CCCCCCCCN(CCCCCCCC)C(=O)C(C)OC(C)C(=O)N(CCCCCCCC)CCCCCCCC||water,-3578.8060815353647,4.598552384281467,SPECIES_NFILLCOL,False,False
series::CCCCCCCCN(CCCCCCCC)C(=O)C1CCC(C(=O)N(CCCCCCCC)CCCCCCCC)O1||nitrate,-3495.770138613455,4.598552384281467,SPECIES_NFILLCOL,False,False
series::CCCCCCCCN(CCCCCCCC)C(=O)C1CCC(C(=O)N(CCCCCCCC)CCCCCCCC)O1||water,-3496.0380873236427,4.59855238428147,SPECIES_NFILLCOL,False,False
series::CCCCCCCCN(CCCCCCCC)C(=O)CC(=O)N(CCCCCCCC)CCCCCCCC||nitrate,-5858.204501498795,2.110881361070521,SPECIES_NFILLCOL,False,False
series::CCCCCCCCN(CCCCCCCC)C(=O)CCOCCC(=O)N(CCCCCCCC)CCCCCCCC||nitrate,-3576.862628091737,4.598552384281467,SPECIES_NFILLCOL,False,False
series::CCCCCCCCN(CCCCCCCC)C(=O)CCOCCC(=O)N(CCCCCCCC)CCCCCCCC||water,-3578.1039919723016,4.598552384281467,SPECIES_NFILLCOL,False,False
series::CCCCCCCCN(CCCCCCCC)C(=O)CN(CC(=O)N(CCCCCCCC)CCCCCCCC)CC(=O)N(CCCCCCCC)CCCCCCCC||nitrate,-859.9378447727081,3.6017372548428637,SPECIES_NFILLCOL,False,False
series::CCCCCCCCN(CCCCCCCC)C(=O)CN(CC(=O)N(CCCCCCCC)CCCCCCCC)c1ccccc1||nitrate,-4225.77042802106,4.598552384281467,SPECIES_NFILLCOL,False,False
series::CCCCCCCCN(CCCCCCCC)C(=O)CNCC(=O)N(CCCCCCCC)CCCCCCCC||nitrate,-3009.396137978242,4.598552384281468,SPECIES_NFILLCOL,False,False
series::CCCCCCCCN(CCCCCCCC)C(=O)CNCC(=O)N(CCCCCCCC)CCCCCCCC||water,-3011.208650205952,4.598552384281467,SPECIES_NFILLCOL,False,False
series::CCCCCCCCN(CCCCCCCC)C(=O)CNCP(=O)(CCCC)CCCC||nitrate,-736.8264892187422,4.598552384281469,SPECIES_NFILLCOL,False,False
series::CCCCCCCCN(CCCCCCCC)C(=O)CNCP(=O)(CCCC)CCCC||water,-738.5471885799525,4.598552384281468,SPECIES_NFILLCOL,False,False
series::CCCCCCCCN(CCCCCCCC)C(=O)CNCP(=O)(OCCCC)OCCCC||nitrate,4422.492325122762,6.58293109120816,SPECIES_NFILLCOL,False,False
series::CCCCCCCCN(CCCCCCCC)C(=O)CNCP(=O)(OCCCC)OCCCC||water,4704.098441910698,8.034955360833237,SPECIES_NFILLCOL,False,False
series::CCCCCCCCN(CCCCCCCC)C(=O)COC(C(=O)N(CCCCCCCC)CCCCCCCC)c1ccccc1||nitrate,-4276.531391140771,4.598552384281468,SPECIES_NFILLCOL,False,False
series::CCCCCCCCN(CCCCCCCC)C(=O)COC(C(=O)N(CCCCCCCC)CCCCCCCC)c1ccccc1||water,-4275.81795378085,4.598552384281469,SPECIES_NFILLCOL,False,False
series::CCCCCCCCN(CCCCCCCC)C(=O)COC(C)C(=O)N(CCCCCCCC)CCCCCCCC||water,-3319.5524876704194,4.598552384281469,SPECIES_NFILLCOL,False,False
series::CCCCCCCCN(CCCCCCCC)C(=O)COCC(=O)N(C)C||water,899.8463291256662,1.8810595592432486,SPECIES_NFILLCOL,False,False
series::CCCCCCCCN(CCCCCCCC)C(=O)COCC(=O)N(CCCCCCCC)CCCCCCCC||nitrate,-1324.9993663271543,2.1148975225035747,SPECIES_NFILLCOL,False,False
series::CCCCCCCCN(CCCCCCCC)C(=O)COCC(=O)N(CCCCCCCC)CCCCCCCC||water,-1254.0470085027084,2.419221443510011,SPECIES_NFILLCOL,False,False
series::CCCCCCCCN(CCCCCCCC)C(=O)COCC(=O)N1CCCC1||nitrate,121.08596228719671,4.598552384281466,SPECIES_NFILLCOL,False,False
series::CCCCCCCCN(CCCCCCCC)C(=O)COCC(=O)N1CCCC1||water,120.23638323630144,4.598552384281469,SPECIES_NFILLCOL,False,False
series::CCCCCCCCN(CCCCCCCC)C(=O)COCC(=O)N1CCCCC1||nitrate,-137.93285630855144,4.598552384281465,SPECIES_NFILLCOL,False,False
series::CCCCCCCCN(CCCCCCCC)C(=O)COCC(=O)N1CCCCC1||water,-137.02072255565167,4.598552384281467,SPECIES_NFILLCOL,False,False
series::CCCCCCCCN(CCCCCCCC)C(=O)COCC(=O)N1CCOCC1||nitrate,2443.8794879245143,4.746586960579397,SPECIES_NFILLCOL,False,False
series::CCCCCCCCN(CCCCCCCC)C(=O)COCC(=O)N1CCOCC1||water,2440.8518892597326,4.885724992671464,SPECIES_NFILLCOL,False,False
series::CCCCCCCCN(CCCCCCCC)C(=O)COCC(=O)NCCCCCCCNC(=O)COCC(=O)N(CCCCCCCC)CCCCCCCC||nitrate,-7292.671508844598,4.5985523842814695,SPECIES_NFILLCOL,False,False
series::CCCCCCCCN(CCCCCCCC)C(=O)COCC(=O)NCCCCCCNC(=O)COCC(=O)N(CCCCCCCC)CCCCCCCC||nitrate,-7035.140842805551,4.598552384281467,SPECIES_NFILLCOL,False,False
series::CCCCCCCCN(CCCCCCCC)C(=O)COCC(=O)NCCCOCCCNC(=O)COCC(=O)N(CCCCCCCC)CCCCCCCC||nitrate,-7352.912008705799,4.598552384281469,SPECIES_NFILLCOL,False,False
series::CCCCCCCCN(CCCCCCCC)C(=O)COCC(=O)NCCOCCNC(=O)COCC(=O)N(CCCCCCCC)CCCCCCCC||nitrate,2733.001027298603,5.166166080911963,SPECIES_NFILLCOL,False,False
series::CCCCCCCCN(CCCCCCCC)C(=O)COCC(=O)NCc1ccc(CNC(=O)COCC(=O)N(CCCCCCCC)CCCCCCCC)cc1||nitrate,-7216.961873464846,4.598552384281467,SPECIES_NFILLCOL,False,False
series::CCCCCCCCN(CCCCCCCC)C(=O)COCC(=O)NCc1cccc(CNC(=O)COCC(=O)N(CCCCCCCC)CCCCCCCC)c1||nitrate,-7216.88977235095,4.598552384281467,SPECIES_NFILLCOL,False,False
series::CCCCCCCCN(CCCCCCCC)C(=O)COCC(=O)NCc1cccc(CNC(=O)COCC(=O)N(CCCCCCCC)CCCCCCCC)c1||water,-7219.346339687102,4.598552384281467,SPECIES_NFILLCOL,False,False
series::CCCCCCCCN(CCCCCCCC)C(=O)COCCOCC(=O)N(CCCCCCCC)CCCCCCCC||nitrate,-24.843043255477028,1.7013137189050556,SPECIES_NFILLCOL,False,False
series::CCCCCCCCN(CCCCCCCC)C(=O)COCP(=O)(CCCC)CCCC||nitrate,-790.5328770889867,4.598552384281467,SPECIES_NFILLCOL,False,False
series::CCCCCCCCN(CCCCCCCC)C(=O)COCP(=O)(CCCC)CCCC||water,-790.0926052735065,4.598552384281468,SPECIES_NFILLCOL,False,False
series::CCCCCCCCN(CCCCCCCC)C(=O)COCP(=O)(OCCCC)OCCCC||nitrate,4405.270427045048,6.58293109120816,SPECIES_NFILLCOL,False,False
series::CCCCCCCCN(CCCCCCCC)C(=O)COCP(=O)(OCCCC)OCCCC||water,4687.32717217896,8.034955360833234,SPECIES_NFILLCOL,False,False
series::CCCCCCCCN(CCCCCCCC)C(=O)CO||nitrate,263.76935552667044,4.746586960579395,SPECIES_NFILLCOL,False,False
series::CCCCCCCCN(CCCCCCCC)C(=O)[C@H](C)O[C@@H](C)C(=O)N(CCCCCCCC)CCCCCCCC||nitrate,-1755.6986804843825,2.114897522503578,SPECIES_NFILLCOL,False,False
series::CCCCCCCCN(CCCCCCCC)C(=O)[C@H](C)O[C@@H](CC)C(=O)N(CCCCCCCC)CCCCCCCC||nitrate,-1970.2240844805958,2.170455877885091,SPECIES_NFILLCOL,False,False
series::CCCCCCCCN(CCCCCCCC)C(=O)[C@H](C)O[C@H](C)C(=O)N(CCCCCCCC)CCCCCCCC||nitrate,-1755.825891016538,2.1148975225035787,SPECIES_NFILLCOL,False,False
series::CCCCCCCCN(CCCCCCCC)C(=O)[C@H](CCC)O[C@H](CCC)C(=O)N(CCCCCCCC)CCCCCCCC||nitrate,-2616.6437571611596,2.114897522503578,SPECIES_NFILLCOL,False,False
series::CCCCCCCCN(CCCCCCCC)C(=O)c1ccc(C(=O)N(CCCCCCCC)CCCCCCCC)o1||nitrate,-3327.750387853178,4.598552384281467,SPECIES_NFILLCOL,False,False
series::CCCCCCCCN(CCCCCCCC)C(=O)c1ccc(C(=O)N(CCCCCCCC)CCCCCCCC)o1||water,-3327.9590929275273,4.598552384281468,SPECIES_NFILLCOL,False,False
series::CCCCCCCCN(CCCCCCCC)C(=O)c1ccc2ccc3ccc(C(=O)N(CCCCCCCC)CCCCCCCC)nc3c2n1||nitrate,-779.9982216982946,1.9278341236908663,SPECIES_NFILLCOL,False,False
series::CCCCCCCCN(CCCCCCCC)C(=O)c1ccc2ccc3ccc(C(=O)N(CCCCCCCC)CCCCCCCC)nc3c2n1||water,-475.71275886099556,2.1384490834135095,SPECIES_NFILLCOL,False,False
series::CCCCCCCCN(CCCCCCCC)C(=S)c1ccc(C(=S)N(CCCCCCCC)CCCCCCCC)s1||nitrate,3855.0968740645962,6.582931091208161,SPECIES_NFILLCOL,False,False
series::CCCCCCCCN(CCCCCCCC)C(=S)c1ccc2ccc3ccc(C(=S)N(CCCCCCCC)CCCCCCCC)nc3c2n1||nitrate,3266.5331662254976,7.471379211792279,SPECIES_NFILLCOL,False,False
series::CCCCCCCCN(CCCCCCCC)C(=S)c1ccc2ccc3ccc(C(=S)N(CCCCCCCC)CCCCCCCC)nc3c2n1||water,3544.6009056337907,9.43205610009085,SPECIES_NFILLCOL,False,False
series::CCCCCCCCNC(=O)c1cc(Cl)ccn1||nitrate,1715.827024158142,4.746586960579395,SPECIES_NFILLCOL,False,False
series::CCCCCCCCOc1cc(C(=O)N(C)c2ccc(C(C)(C)C)cc2)nc(C(=O)N(C)c2ccc(C(C)(C)C)cc2)c1||nitrate,-2599.660030189545,4.598552384281469,SPECIES_NFILLCOL,False,False
series::CCCCCCCCOc1cc(C(=O)Nc2ccc(C(C)(C)C)cc2)nc(C(=O)Nc2ccc(C(C)(C)C)cc2)c1||nitrate,-2083.445653397392,4.598552384281467,SPECIES_NFILLCOL,False,False
series::CCCCCCCCP(=O)(CC(=O)N(CC(C)C)CC(C)C)c1ccccc1||nitrate,-1696.3326685275078,1.7639064088504488,SPECIES_NFILLCOL,False,False
series::CCCCCCCCP(=O)(CCCCCCCC)Cc1cccc(CP(=O)(CCCCCCCC)CCCCCCCC)[n+]1[O-]||nitrate,-2524.57667702175,1.89306993103866,SPECIES_NFILLCOL,False,False
series::CCCCCCCCP(=O)(CCCCCCCC)Cc1cccc(CP(=O)(CCCCCCCC)CCCCCCCC)[n+]1[O-]||water,-1794.7170891856956,2.5726139930684533,SPECIES_NFILLCOL,False,False
series::CCCCCCCCn1cc(-c2cc(CC(=O)O)cc(-c3cn(CCCCCCCC)nn3)n2)nn1||nitrate,-1054.7129806767027,4.598552384281469,SPECIES_NFILLCOL,False,False
series::CCCCCCCCn1cc(-c2cc(CC(=O)O)cc(-c3cn(CCCCCCCC)nn3)n2)nn1||water,-1054.740350601794,4.598552384281469,SPECIES_NFILLCOL,False,False
series::CCCCCCN(C)C(=O)CC(=O)N(C)CCCCCC||nitrate,340.52880546932124,1.9579124358104028,SPECIES_NFILLCOL,False,False
series::CCCCCCN(CCC(C)CCC=C(C)C)C(=O)COCC(=O)N(CCCCCC)CCC(C)CCC=C(C)C||water,-1111.910706044022,2.4192214435100046,SPECIES_NFILLCOL,False,False
series::CCCCCCN(CCC(C)CCCC(C)C)C(=O)COCC(=O)N(CCCCCC)CCC(C)CCCC(C)C||water,-1254.7286181677234,2.4192214435100046,SPECIES_NFILLCOL,False,False
series::CCCCCCN(CCCCCC)C(=O)CC(=O)N(CCCCCC)CCCCCC||nitrate,-3103.9693952897223,1.9579124358104005,SPECIES_NFILLCOL,False,False
series::CCCCCCN(CCCCCC)C(=O)COCC(=O)N(CCCCCC)CCCCCC||nitrate,-200.04565978960864,2.042961342704039,SPECIES_NFILLCOL,False,False
series::CCCCCCN(CCCCCC)C(=O)COCC(=O)N1CCCC1||nitrate,1154.391686792421,4.598552384281469,SPECIES_NFILLCOL,False,False
series::CCCCCCN(CCCCCC)C(=O)COCC(=O)N1CCCC1||water,1153.2902024689595,4.598552384281467,SPECIES_NFILLCOL,False,False
series::CCCCCCN(CCCCCC)C(=O)COCC(=O)N1CCCCC1||nitrate,894.9739083069605,4.598552384281468,SPECIES_NFILLCOL,False,False
series::CCCCCCN(CCCCCC)C(=O)COCC(=O)N1CCCCC1||water,895.5096508619283,4.598552384281467,SPECIES_NFILLCOL,False,False
series::CCCCCCN(CCCCCC)C(=O)COCC(=O)N1CCOCC1||nitrate,3132.6639185804056,4.746586960579397,SPECIES_NFILLCOL,False,False
series::CCCCCCN(CCCCCC)C(=O)COCC(=O)N1CCOCC1||water,3129.3076672381712,4.885724992671467,SPECIES_NFILLCOL,False,False
series::CCCCCCN(CCCCCC)C(=O)c1ccc2ccc3cccnc3c2n1||nitrate,914.4739283466909,4.598552384281465,SPECIES_NFILLCOL,False,False
series::CCCCCCN(CCCCCC)C(=O)c1ccc2ccc3cccnc3c2n1||water,914.6764123123469,4.598552384281468,SPECIES_NFILLCOL,False,False
series::CCCCCCOCCC(C(=O)N(C)CCCC)C(=O)N(C)CCCC||nitrate,813.6790026714801,2.6935178784733558,SPECIES_NFILLCOL,False,False
series::CCCCCCOP(=O)(O)OCCCCCC||nitrate,1359.967160164374,3.4330003627755112,SPECIES_NFILLCOL,False,False
series::CCCCCCOc1cc(CNC(=O)COCC(=O)N(CCCC)CCCC)cc(CNC(=O)COCC(=O)N(CCCC)CCCC)c1||nitrate,-4965.025573245663,4.598552384281467,SPECIES_NFILLCOL,False,False
series::CCCCCCc1ccc(N(CC)C(=O)c2cccc(-c3cccc(C(=O)N(CC)c4ccc(CCCCCC)cc4)n3)n2)cc1||nitrate,588.6206252167127,1.7013137189050571,SPECIES_NFILLCOL,False,False
series::CCCCCCn1c(-c2ccccc2)c(-c2ccccc2)c2cc3ccc4cc5c(-c6ccccc6)c(-c6ccccc6)n(CCCCCC)c(=O)c5nc4c3nc2c1=O||nitrate,3081.5269857584226,5.339997930505924,SPECIES_NFILLCOL,False,False
series::CCCCCCn1c(-c2ccccc2)c(-c2ccccc2)c2cc3ccc4cc5c(-c6ccccc6)c(-c6ccccc6)n(CCCCCC)c(=O)c5nc4c3nc2c1=O||water,3365.30522743422,7.872937418808463,SPECIES_NFILLCOL,False,False
series::CCCCCN(CCCCC)C(=O)COCC(=O)N(CCCCC)CCCCC||nitrate,38.81107347319585,4.598552384281465,SPECIES_NFILLCOL,False,False
series::CCCCCc1nnc(-c2cccc(-c3cccc(-c4nnc(CCCCC)c(CCCCC)n4)n3)n2)nc1CCCCC||nitrate,4036.3342683655906,5.315941363655744,SPECIES_NFILLCOL,False,False
series::CCCCCc1nnc(-c2cccc(-c3cccc(-c4nnc(CCCCC)c(CCCCC)n4)n3)n2)nc1CCCCC||water,4320.5936295722195,9.432056100090847,SPECIES_NFILLCOL,False,False
series::CCCCN(C)C(=O)CC(=O)N(C)CCCC||nitrate,1719.165255483471,2.9383493718514693,SPECIES_NFILLCOL,False,False
series::CCCCN(CCCC)C(=O)CC(=O)N(CCCC)CCCC||nitrate,-349.00360855736903,1.9579124358104,SPECIES_NFILLCOL,False,False
series::CCCCN(CCCC)C(=O)CCC(=O)N(CCCC)CCCC||nitrate,-697.1605073215665,2.7857355783027593,SPECIES_NFILLCOL,False,False
series::CCCCN(CCCC)C(=O)COCC(=O)N(CCCC)CCCC||nitrate,1908.9189097291446,2.0189440984943032,SPECIES_NFILLCOL,False,False
series::CCCCN(CCCC)C(=O)COCC(=O)N(CCCC)CCCC||water,2748.211715779137,3.835141336818955,SPECIES_NFILLCOL,False,False
series::CCCCN(CCCC)C(=O)COCC(=O)N(CCN(C(=O)COCC(=O)N(CCCC)CCCC)C(C)C)C(C)C||nitrate,-3418.2609868818126,4.598552384281468,SPECIES_NFILLCOL,False,False
series::CCCCN(CCCC)C(=O)COCC(=O)NCCCCCCNC(=O)COCC(=O)N(CCCC)CCCC||nitrate,-2900.6653077518604,4.598552384281468,SPECIES_NFILLCOL,False,False
series::CCCCN(CCCC)C(=O)COCC(=O)NCCCCCNC(=O)COCC(=O)N(CCCC)CCCC||nitrate,-2646.4487134129167,4.598552384281466,SPECIES_NFILLCOL,False,False
series::CCCCN(CCCC)C(=O)COCC(=O)NCc1cccc(CNC(=O)COCC(=O)N(CCCC)CCCC)c1||nitrate,-3083.6905488675266,4.5985523842814535,SPECIES_NFILLCOL,False,False
series::CCCCN(CCCC)C(=O)c1ccc2ccc3ccc(C(=O)N(CCCC)CCCC)nc3c2n1||nitrate,1974.8540879155078,1.701313718905056,SPECIES_NFILLCOL,False,False
series::CCCCN(CCCC)C(=O)c1ccc2ccc3cccnc3c2n1||nitrate,1948.143312260692,4.598552384281466,SPECIES_NFILLCOL,False,False
series::CCCCN(CCCC)C(=O)c1ccc2ccc3cccnc3c2n1||water,1947.6966513677937,4.598552384281468,SPECIES_NFILLCOL,False,False
series::CCCCN(CCCC)C(=O)c1ccccc1C(=O)O||nitrate,3237.2766144619104,2.9100643172114853,SPECIES_NFILLCOL,False,False
series::CCCCOP(=S)(CP(=S)(OCCCC)OCCCC)OCCCC||nitrate,5320.961983127496,5.79864092996363,SPECIES_NFILLCOL,False,False
series::CCCCP(=S)(CCCC)CP(=S)(CCCC)CCCC||nitrate,375.9170063411941,4.598552384281467,SPECIES_NFILLCOL,False,False
series::CCCN(CCC)C(=O)COCC(=O)N(CCC)CCC||nitrate,2912.241911880738,2.0446079341985706,SPECIES_NFILLCOL,False,False
series::CCCc1nnc(-c2cccc(-c3nnc(CCC)c(CCC)n3)n2)nc1CCC||nitrate,1081.0581642046711,1.5058444766575887,SPECIES_NFILLCOL,False,False
series::CCN(C(=O)c1ccc2ccc3ccc(C(=O)N(CC)c4ccc(C)cc4)nc3c2n1)c1ccc(C)cc1||nitrate,2076.2922667325865,2.908725656853303,SPECIES_NFILLCOL,False,False
series::CCN(C(=O)c1cccc(-c2cccc(C(=O)N(CC)c3cc(C)cc(C)c3)n2)n1)c1cc(C)cc(C)c1||nitrate,1965.4433483035282,1.7013137189050573,SPECIES_NFILLCOL,False,False
series::CCN(C(=O)c1cccc(-c2cccc(C(=O)N(CC)c3cc(C)ccc3C)n2)n1)c1cc(C)ccc1C||nitrate,1965.6049504470925,1.7013137189050553,SPECIES_NFILLCOL,False,False
series::CCN(C(=O)c1cccc(-c2cccc(C(=O)N(CC)c3ccc(C)cc3C)n2)n1)c1ccc(C)cc1C||nitrate,1965.4224025662586,1.7013137189050562,SPECIES_NFILLCOL,False,False
series::CCN(C(=O)c1cccc(-c2cccc(C(=O)N(CC)c3ccccc3)n2)n1)c1ccccc1||nitrate,2655.831217460874,1.7013137189050556,SPECIES_NFILLCOL,False,False
series::CCN(C(=O)c1cccc(C(=O)N(CC)c2ccc(C)cc2)n1)c1ccc(C)cc1||nitrate,1739.0944991156653,1.9698917111531022,SPECIES_NFILLCOL,False,False
series::CCN(C(=O)c1cccc(C(=O)N(CC)c2cccc(C)c2)n1)c1cccc(C)c1||nitrate,833.0916070359231,1.7886683057633834,SPECIES_NFILLCOL,False,False
series::CCN(C(=O)c1cccc(C(=O)N(CC)c2ccccc2C)n1)c1ccccc1C||nitrate,833.243419347147,1.7886683057633836,SPECIES_NFILLCOL,False,False
series::CCN(CC)C(=O)COCC(=O)N(CC)CC||nitrate,3840.5780042944234,2.114897522503578,SPECIES_NFILLCOL,False,False
series::CCN(CC)C(=O)c1ccc2ccc3cccnc3c2n1||nitrate,2980.815197872881,4.598552384281467,SPECIES_NFILLCOL,False,False
series::CCN(CC)C(=O)c1ccc2ccc3cccnc3c2n1||water,2981.1431031212533,4.598552384281467,SPECIES_NFILLCOL,False,False
series::CCOP(=O)(OCC)c1ccc2ccc3ccc(P(=O)(OCC)OCC)nc3c2n1||nitrate,2724.102291537587,4.598552384281466,SPECIES_NFILLCOL,False,False
series::CCOP(=S)(COCP(=S)(OCC)OCC)OCC||water,5945.836009635812,5.65807572103445,SPECIES_NFILLCOL,False,False
series::CCc1ccc(N(CC)C(=O)c2ccc3ccc4ccc(C(=O)N(CC)c5ccc(CC)cc5)nc4c3n2)cc1||nitrate,1731.8910598936166,1.7013137189050567,SPECIES_NFILLCOL,False,False
series::CN(C(=O)CC(=O)N(C)c1ccccc1)c1ccccc1||nitrate,1233.2260292636631,1.7013137189050553,SPECIES_NFILLCOL,False,False
series::CN(C(=O)COCC(=O)N(C)c1ccccc1)c1ccccc1||nitrate,3108.2482267558175,2.1148975225035787,SPECIES_NFILLCOL,False,False
series::CN(C(=O)c1cccc(C(=O)N(C)c2ccccc2)n1)c1ccccc1||nitrate,2097.471689256148,1.733669795971565,SPECIES_NFILLCOL,False,False
series::COCCN(CCOC)C(=O)COCC(=O)N(CCOC)CCOC||water,5243.65323795374,3.2321484247488614,SPECIES_NFILLCOL,False,False
series::Cc1cc(-c2cc(C)cc(-c3nnc4c(n3)C(C)(C)CCC4(C)C)n2)nc(-c2nnc3c(n2)C(C)(C)CCC3(C)C)c1||nitrate,4258.7510911249265,6.582931091208161,SPECIES_NFILLCOL,False,False
series::Cc1cc(-c2cc(C)cc(-c3nnc4c(n3)C(C)(C)CCC4(C)C)n2)nc(-c2nnc3c(n2)C(C)(C)CCC3(C)C)c1||water,4545.901077438672,9.432056100090847,SPECIES_NFILLCOL,False,False
series::Cc1cc(C)n(-c2cccc(-n3nc(C)cc3C)n2)n1||nitrate,5953.895646264898,6.5829310912081604,SPECIES_NFILLCOL,False,False
series::Cc1ccn(-c2cccc(-n3ccc(C)n3)n2)n1||nitrate,6126.824518199798,6.58293109120816,SPECIES_NFILLCOL,False,False
series::O=C(COCC(=O)N1CCCCC1)N1CCCCC1||water,3618.3422210301283,2.4192214435100046,SPECIES_NFILLCOL,False,False
series::O=C(O)CN(CC(=O)O)C1CCCCC1N(CC(=O)O)CC(=O)O||nitrate,5458.776865531711,3.0574594794707646,SPECIES_NFILLCOL,False,False
series::O=C(O)CN(CCO)CCN(CC(=O)O)CC(=O)O||nitrate,5823.732879049795,3.06144264707842,SPECIES_NFILLCOL,False,False
series::O=C(c1cc(Cl)c2ccc3c(Cl)cc(C(=O)N4CCCC4)nc3c2n1)N1CCCC1||nitrate,3021.8810241974056,1.7013137189050573,SPECIES_NFILLCOL,False,False
series::O=C(c1cc(Cl)c2ccc3c(Cl)cc(C(=O)N4CCc5ccccc54)nc3c2n1)N1CCc2ccccc21||nitrate,2091.0565544670885,4.746586960579396,SPECIES_NFILLCOL,False,False
series::O=C(c1cccc(C(=O)N2CCCC2)n1)N1CCCC1||nitrate,2913.548925648849,4.598552384281468,SPECIES_NFILLCOL,False,False
series::O=C(c1ccccc1)c1ccc2ccccc2n1||nitrate,2624.0980450455936,4.746586960579397,SPECIES_NFILLCOL,False,False
series::O=P(c1ccccc1)(c1ccccc1)c1ccc2ccc3ccc(P(=O)(c4ccccc4)c4ccccc4)nc3c2n1||nitrate,1764.6538115563678,4.746586960579395,SPECIES_NFILLCOL,False,False
series::O=c1c(O)c(-c2ccc(O)c(O)c2)oc2cc(O)cc(O)c12||nitrate,3885.3981469627365,6.5829310912081604,SPECIES_NFILLCOL,False,False
series::c1cc(-n2cccn2)nc(-n2cccn2)c1||nitrate,6300.355917355566,6.58293109120816,SPECIES_NFILLCOL,False,False
series::c1cc2nc(c1)COc1ccccc1OCCOCCOc1ccccc1OC2||nitrate,5305.88087251625,4.173665437265686,SPECIES_NFILLCOL,False,False
series::c1ccc2c(c1)OCCOCCOc1ccccc1OCCOCCO2||nitrate,5436.225276282565,4.060610173590497,SPECIES_NFILLCOL,False,False
metal::Dy,-2.3675380070133087,1.2676947977665434,SPECIES_NFILLCOL,False,False
metal::Er,-3.4697327566527747,1.2739780326152392,SPECIES_NFILLCOL,False,False
metal::Eu,1.9232194062897179,0.7512339394827781,SPECIES_NFILLCOL,False,False
metal::Gd,1.3425412592971497,0.76265032993198,SPECIES_NFILLCOL,False,False
metal::Ho,-3.6659622468665702,1.290664384866332,SPECIES_NFILLCOL,False,False
metal::La,-1.520231732617276,0.7433672614738918,SPECIES_NFILLCOL,False,False
metal::Lu,-2.9119644932320625,1.3125644716770257,SPECIES_NFILLCOL,False,False
metal::Nd,0.9666175999800544,0.7574465475593023,SPECIES_NFILLCOL,False,False
metal::Pr,1.3055407718233027,0.7750983636326887,SPECIES_NFILLCOL,False,False
metal::Sm,1.563812888619168,0.7608449964228682,SPECIES_NFILLCOL,False,False
metal::Tb,-4.2019720883199625,1.284054307040987,SPECIES_NFILLCOL,False,False
metal::Tm,-3.26408399407228,1.311056455247078,SPECIES_NFILLCOL,False,False
metal::Yb,-2.969721973330479,1.2921259939279097,SPECIES_NFILLCOL,False,False
gamma::_nfill_nitrate,-148.24714670782214,1.178087530250071,SPECIES_NFILLCOL,True,False
gamma::_nfill_water,-145.20165428376004,1.6461906766700964,SPECIES_NFILLCOL,True,False
delta::CC(C)CCCC(C)CCCCN(C)C(=O)COCC(=O)N(C)CCCCC(C)CCCC(C)C||water,-3095.5713474059576,4.724582843329619,SPECIES_NFILLCOL,False,True
delta::CC(C)CN(CC(C)C)C(=O)COCC(=O)N(CC(C)C)CC(C)C||nitrate,-2094.0610740208967,4.70269440381212,SPECIES_NFILLCOL,False,True
delta::CCCCC(CC)CN(C)C(=O)COCC(=O)N(C)CC(CC)CCCC||water,-2406.9554880291607,4.724582843329619,SPECIES_NFILLCOL,False,True
delta::CCCCC(CC)CN(CC(CC)CCCC)C(=O)COCC(=O)N(CC(CC)CCCC)CC(CC)CCCC||nitrate,-3469.3319637193863,4.627658619443838,SPECIES_NFILLCOL,False,True
delta::CCCCC(CC)CN(CC(CC)CCCC)C(=O)COCC(=O)N(CC(CC)CCCC)CC(CC)CCCC||water,-3612.1920171570737,4.724582843329627,SPECIES_NFILLCOL,False,True
delta::CCCCCCC(C)N(CCCC)C(=O)COCC(=O)N(CCCC)C(C)CCCCCC||water,-2922.950219961796,5.500443164920561,SPECIES_NFILLCOL,False,True
delta::CCCCCCC(CCCC)CCCN(C)C(=O)COCC(=O)N(C)CCCC(CCCC)CCCCCC||water,-3440.3670075792356,4.724582843329622,SPECIES_NFILLCOL,False,True
delta::CCCCCCCCC(C)(C)SCC1CN(C(=O)COCC(=O)N2CC(C)C(CSC(C)(C)CCCCCCCC)C2)CC1C||water,-3905.445703424106,4.724582843329649,SPECIES_NFILLCOL,False,True
delta::CCCCCCCCCCCCN(CCCCCCCC)C(=O)COCC(=O)N(CCCCCCCC)CCCCCCCCCCCC||water,-4301.413729311975,4.775998519089631,SPECIES_NFILLCOL,False,True
delta::CCCCCCCCCCCCN(CCCCCCCCCCCC)C(=O)COC1CCCN(CCCCCC)C1=O||nitrate,-3529.1107213804007,4.110089908219469,SPECIES_NFILLCOL,False,True
delta::CCCCCCCCCCCCN(CCCCCCCCCCCC)C(=O)COCC(=O)N(CCCCCCCCCCCC)CCCCCCCCCCCC||nitrate,-4848.878222405268,5.321641797428677,SPECIES_NFILLCOL,False,True
delta::CCCCCCCCCCCCN(CCCCCCCCCCCC)C(=O)COCCOCC(=O)N(CCCCCCCCCCCC)CCCCCCCCCCCC||water,-5278.829572978947,8.560556938352304,SPECIES_NFILLCOL,False,True
delta::CCCCCCCCCCN(CCCCCCCCCC)C(=O)C(C)OC(C)C(=O)N(CCCCCCCCCC)CCCCCCCCCC||nitrate,-4331.398431327984,4.9355361071329815,SPECIES_NFILLCOL,False,True
delta::CCCCCCCCCCN(CCCCCCCCCC)C(=O)COCC(=O)N(CCCCCC)CCCCCC||nitrate,-3472.686965411628,4.1100899082194795,SPECIES_NFILLCOL,False,True
delta::CCCCCCCCCCN(CCCCCCCCCC)C(=O)COCC(=O)N(CCCCCC)CCCCCC||water,-3611.636189635384,5.500393487749996,SPECIES_NFILLCOL,False,True
delta::CCCCCCCCCCN(CCCCCCCCCC)C(=O)COCC(=O)N(CCCCCCCCCC)CCCCCCCCCC||nitrate,-4157.816132577878,5.05809807508217,SPECIES_NFILLCOL,False,True
delta::CCCCCCCCCCN(CCCCCCCCCC)C(=O)[C@H](C)O[C@H](CC)C(=O)N(CCCCCCCCCC)CCCCCCCCCC||nitrate,-4418.163204382799,4.110089908219409,SPECIES_NFILLCOL,False,True
delta::CCCCCCCCCCN(CCCCCCCCCC)C(=O)[C@H](CCC)O[C@H](CCC)C(=O)N(CCCCCCCCCC)CCCCCCCCCC||nitrate,-4675.766016904552,4.310289240867384,SPECIES_NFILLCOL,False,True
delta::CCCCCCCCN(C(=O)c1ccc2ccc3cccnc3c2n1)c1ccc(C)cc1||nitrate,-2293.2821398405013,4.110089908219393,SPECIES_NFILLCOL,False,True
delta::CCCCCCCCN(C)C(=O)C(CCOCCCCCC)C(=O)N(C)CCCCCCCC||nitrate,-2867.4233420110104,4.2534197804627345,SPECIES_NFILLCOL,False,True
delta::CCCCCCCCN(C)C(=O)COCC(=O)N(C)CCCCCCCC||nitrate,-2265.324552712498,4.1691852367527495,SPECIES_NFILLCOL,False,True
delta::CCCCCCCCN(C)C(=O)COCC(=O)N(C)CCCCCCCC||water,-2407.2820860438705,4.724582843329611,SPECIES_NFILLCOL,False,True
delta::CCCCCCCCN(C)C(=O)COCC(=O)N(CCCCCCCC)CCCCCCCC||water,-3009.472730535157,4.724582843329622,SPECIES_NFILLCOL,False,True
delta::CCCCCCCCN(CC(C)C)C(=O)COCC(=O)N(CCCCCCCC)CC(C)C||nitrate,-2781.7038061156727,4.702694403812139,SPECIES_NFILLCOL,False,True
delta::CCCCCCCCN(CC(CC)CCCC)C(=O)COCC(=O)N(CCCCCCCC)CC(CC)CCCC||nitrate,-3470.4456465627245,4.702694403812235,SPECIES_NFILLCOL,False,True
delta::CCCCCCCCN(CC)C(=O)COCC(=O)N(CC)CCCCCCCC||water,-2579.7610177558136,4.724582843329612,SPECIES_NFILLCOL,False,True
delta::CCCCCCCCN(CCC(C)CC(C)(C)C)C(=O)COCC(=O)N(CCCCCCCC)CCC(C)CC(C)(C)C||water,-3784.64163582148,4.72458284332962,SPECIES_NFILLCOL,False,True
delta::CCCCCCCCN(CCC)C(=O)COCC(=O)N(CCC)CCCCCCCC||water,-2752.1045206272943,4.724582843329644,SPECIES_NFILLCOL,False,True
delta::CCCCCCCCN(CCCC(CCCC)CCCCCC)C(=O)COCC(=O)N(CCCCCCCC)CCCC(CCCC)CCCCCC||water,-4644.38185992776,4.724582843329616,SPECIES_NFILLCOL,False,True
delta::CCCCCCCCN(CCCCC(C)CCCC(C)C)C(=O)COCC(=O)N(CCCCCCCC)CCCCC(C)CCCC(C)C||water,-4299.030551713884,4.72458284332961,SPECIES_NFILLCOL,False,True
delta::CCCCCCCCN(CCCCCCCC)C(=O)C(C)OC(C)C(=O)N(CCCCCCCC)CCCCCCCC||nitrate,-3642.7756504629574,4.11008990821944,SPECIES_NFILLCOL,False,True
delta::CCCCCCCCN(CCCCCCCC)C(=O)CN(CC(=O)N(CCCCCCCC)CCCCCCCC)CC(=O)N(CCCCCCCC)CCCCCCCC||nitrate,-5051.777651384296,6.5059122158195075,SPECIES_NFILLCOL,False,True
delta::CCCCCCCCN(CCCCCCCC)C(=O)COCC(=O)N(C)C||water,-2407.761172256287,6.381961507410328,SPECIES_NFILLCOL,False,True
delta::CCCCCCCCN(CCCCCCCC)C(=O)COCC(=O)N(CCCCCCCC)CCCCCCCC||nitrate,-3471.05901361251,4.110089908219458,SPECIES_NFILLCOL,False,True
delta::CCCCCCCCN(CCCCCCCC)C(=O)COCC(=O)N(CCCCCCCC)CCCCCCCC||water,-3611.770237747874,4.724582843329615,SPECIES_NFILLCOL,False,True
delta::CCCCCCCCN(CCCCCCCC)C(=O)[C@H](C)O[C@@H](C)C(=O)N(CCCCCCCC)CCCCCCCC||nitrate,-3643.6353273929726,4.110089908219411,SPECIES_NFILLCOL,False,True
delta::CCCCCCCCN(CCCCCCCC)C(=O)[C@H](C)O[C@@H](CC)C(=O)N(CCCCCCCC)CCCCCCCC||nitrate,-3727.447201126912,4.228471763803857,SPECIES_NFILLCOL,False,True
delta::CCCCCCCCN(CCCCCCCC)C(=O)[C@H](C)O[C@H](C)C(=O)N(CCCCCCCC)CCCCCCCC||nitrate,-3643.252435495136,4.1100899082194555,SPECIES_NFILLCOL,False,True
delta::CCCCCCCCN(CCCCCCCC)C(=O)[C@H](CCC)O[C@H](CCC)C(=O)N(CCCCCCCC)CCCCCCCC||nitrate,-3987.8360912801136,4.110089908219407,SPECIES_NFILLCOL,False,True
delta::CCCCCCCCN(CCCCCCCC)C(=O)c1ccc2ccc3ccc(C(=O)N(CCCCCCCC)CCCCCCCC)nc3c2n1||water,-4279.636714597063,8.557644630226653,SPECIES_NFILLCOL,False,True
delta::CCCCCCCCP(=O)(CCCCCCCC)Cc1cccc(CP(=O)(CCCCCCCC)CCCCCCCC)[n+]1[O-]||nitrate,-3745.910009868408,4.373956459815765,SPECIES_NFILLCOL,False,True
delta::CCCCCCCCP(=O)(CCCCCCCC)Cc1cccc(CP(=O)(CCCCCCCC)CCCCCCCC)[n+]1[O-]||water,-3887.8310637364493,4.776624891976702,SPECIES_NFILLCOL,False,True
delta::CCCCCCN(CCC(C)CCC=C(C)C)C(=O)COCC(=O)N(CCCCCC)CCC(C)CCC=C(C)C||water,-3554.456457325638,4.724582843329628,SPECIES_NFILLCOL,False,True
delta::CCCCCCN(CCC(C)CCCC(C)C)C(=O)COCC(=O)N(CCCCCC)CCC(C)CCCC(C)C||water,-3611.9239459098017,4.724582843329644,SPECIES_NFILLCOL,False,True
delta::CCCCCCN(CCCCCC)C(=O)COCC(=O)N(CCCCCC)CCCCCC||nitrate,-2782.477181887013,5.058477652228873,SPECIES_NFILLCOL,False,True
delta::CCCCN(CCCC)C(=O)COCC(=O)N(CCCC)CCCC||nitrate,-2094.0077822791795,4.4345504017860256,SPECIES_NFILLCOL,False,True
delta::CCCCN(CCCC)C(=O)COCC(=O)N(CCCC)CCCC||water,-2234.5999836614296,6.651720721671985,SPECIES_NFILLCOL,False,True
delta::CCCCN(CCCC)C(=O)c1ccccc1C(=O)O||nitrate,-1543.4031070416786,6.502958547923504,SPECIES_NFILLCOL,False,True
delta::CCCN(CCC)C(=O)COCC(=O)N(CCC)CCC||nitrate,-1749.46283785046,4.170018235066759,SPECIES_NFILLCOL,False,True
delta::CCCc1nnc(-c2cccc(-c3nnc(CCC)c(CCC)n3)n2)nc1CCC||nitrate,-2267.7529268224853,2.5596851918900945,SPECIES_NFILLCOL,False,True
delta::CCN(C(=O)c1cccc(C(=O)N(CC)c2ccc(C)cc2)n1)c1ccc(C)cc1||nitrate,-2173.855026354474,4.2521319404336895,SPECIES_NFILLCOL,False,True
delta::CCN(CC)C(=O)COCC(=O)N(CC)CC||nitrate,-1405.3561336047705,4.110089908219408,SPECIES_NFILLCOL,False,True
delta::CN(C(=O)COCC(=O)N(C)c1ccccc1)c1ccccc1||nitrate,-1698.3966682221342,4.110089908219413,SPECIES_NFILLCOL,False,True
delta::CN(C(=O)c1cccc(C(=O)N(C)c2ccccc2)n1)c1ccccc1||nitrate,-1827.1185176975155,5.897658711752194,SPECIES_NFILLCOL,False,True
delta::COCCN(CCOC)C(=O)COCC(=O)N(CCOC)CCOC||water,-2308.139961364406,4.919875450981538,SPECIES_NFILLCOL,False,True
delta::O=C(COCC(=O)N1CCCCC1)N1CCCCC1||water,-1664.137725263241,4.724582843329639,SPECIES_NFILLCOL,False,True
