# regime: cohort=sys_edd93a49877e0b03 (DOODA (C8) in aliphatic hydrocarbon, nitrate medium, no additive), feed todga_prnd_feed.json (feed_status assumed); holdout=none (computed regimes); averaging_unit=candidate; status_of_parameters=nearest (origin corpus)
front,front_in_domain,status,regime_status,in_domain,on_spec,n_ext,n_scr,n_str,feed_stage_offset,scrub_return_offset,oa_ext,s_over_a,w_over_a,scrub_acid_M,scrub_target_mM,scrub_complexant_M,strip_acid_M,strip_anion_M,ligand_total_M,saponification_degree,feed_dilution,f_bleed,purity_mol,purity_mass,purity_oxide,recovery_from_feed,recovery_total,scrub_target_return,net_product_mol_h,n_stages_total,throughput_mol_T_per_h_per_L_org,throughput_kg_oxide_per_h,cost_proxy_per_kg_oxide,enrichment_factor_Pr,sf_tracer_extraction_Pr,sf_tracer_scrub_Pr,max_loading_DOODA (C8),acid_mol_h,acid_mol_per_kg_oxide,base_mol_h,base_mol_per_kg_oxide,salting_anion_mol_h,salting_anion_mol_per_kg_oxide,complexant_mol_h,complexant_mol_per_kg_oxide,extractant_makeup_mol_h,extractant_makeup_mol_per_kg_oxide,diluent_L_h,diluent_L_per_kg_oxide,water_L_h,water_L_per_kg_oxide,consumption_index,consumption_index_incomplete,flags,n_flags,ood_distance_max,reason,iterations,balance_rel_max,candidate
1,0,converged_newton,OUT_OF_DOMAIN,False,False,1.0,1.0,4.0,0.0,0.0,3.9268494286689215,4.980566249804161,2.0245375340430996,1.0749936844768537,41.17841730146811,0.0,4.318675681261366,0.0,0.4495910002049854,0.3513204202470279,0.0,0.0,0.94537007187916,0.9465653117561702,0.946394624023857,0.15126702159401023,0.9014484574438303,0.2743337274748763,-0.1374832011237565,6,0.017217017238983993,0.011374611853294865,,5.768328243010114,0.9170839696719646,0.9170839696719646,0.4964230532733428,14.097398277730829,1239.3740076191925,0.0,0.0,0.6152755062961317,54.09200016947443,0.0,0.0,,,,,7.005103783847261,615.8543143446344,1239.3740076191925,False,COST_INCOMPLETE|EQUILIBRIUM_ACID_ASSUMED_NOMINAL|LIGAND_LOSS_NOT_MEASURED|OA_ASSUMED|OOD_ACID|OOD_HULL|OOD_LIGAND|OOD_LOADING|OOD_METAL|PHASE_BEHAVIOUR_UNKNOWN|SAPONIFICATION_RANGE_UNKNOWN,11,3.3966331396690963,,5,6.831480800462892e-16,247
1,0,converged_newton,OUT_OF_DOMAIN,False,False,1.0,2.0,4.0,0.0,0.0,0.8118564692926031,1.032273483363408,4.917325489512002,2.4658796090481117,33.11378416863563,0.0,2.265879529261646,0.0,0.6405902852143992,0.4019504608217862,0.0,0.0,0.8587087353029993,0.8615222921342309,0.8611198066621176,0.3024969096959094,0.6513608582104654,0.7654446113830007,0.014669583034683326,7,0.06017327719067299,0.008218969013028384,,2.0258594592867003,0.9170839696719646,0.9170839696719646,0.44441183972540904,13.687529298988643,1665.3584260132525,0.0,0.0,0.10254744399330487,12.476923058202402,0.0,0.0,,,,,5.94959897287541,723.8862883464267,1665.3584260132525,False,COST_INCOMPLETE|EQUILIBRIUM_ACID_ASSUMED_NOMINAL|LIGAND_LOSS_NOT_MEASURED|OA_ASSUMED|OOD_ACID|OOD_HULL|OOD_LIGAND|OOD_LOADING|OOD_METAL|PHASE_BEHAVIOUR_UNKNOWN|SAPONIFICATION_RANGE_UNKNOWN,11,3.1915181743980408,,3,1.985023646669849e-15,32
1,0,converged_newton,OUT_OF_DOMAIN,False,False,1.0,3.0,4.0,0.0,0.0,0.2186487136873142,4.721362492206595,3.245084163090626,2.025762458099184,19.37607248104757,0.0,5.342600928678067,0.0,0.536855283556095,0.3061740185831633,0.0,0.0,0.9992440849952428,0.9992615442619923,0.9992590536313596,0.00030155022713586495,0.1809430640051253,0.14809681937894234,-0.07791073205790995,8,0.06206636010578899,0.0022831667230762717,,440.63335106317504,0.9170839696719646,0.9170839696719646,0.44025134380347736,26.90154855115619,11782.55984517409,0.0,0.0,0.27444438557488243,120.20339242028902,0.0,0.0,,,,,7.96644665529722,3489.209340158683,11782.55984517409,False,COST_INCOMPLETE|EQUILIBRIUM_ACID_ASSUMED_NOMINAL|LIGAND_LOSS_NOT_MEASURED|OA_ASSUMED|OOD_ACID|OOD_HULL|OOD_LIGAND|OOD_LOADING|OOD_METAL|PHASE_BEHAVIOUR_UNKNOWN|SAPONIFICATION_RANGE_UNKNOWN,11,2.6877185994386794,,3,1.6783983214568238e-12,163
1,0,converged_newton,OUT_OF_DOMAIN,False,False,1.0,3.0,4.0,0.0,0.0,3.374977172074113,2.41369086460558,2.6867700565839585,1.2112289023350251,12.812933001692024,0.0,0.7142507377775743,0.0,0.4530020061548308,0.010154351611586114,0.0,0.0,0.8272609546709506,0.8305771825891821,0.8301024922628552,0.30215654193013186,0.49212295699911585,0.46068904868492155,0.005982762439946297,8,0.010936139681279947,0.006209681289858393,,1.5963597056571803,0.9170839696719646,0.9170839696719646,0.4360925702537445,4.842559631666082,779.8402857768103,0.0,0.0,0.09277937800496218,14.941085326953703,0.0,0.0,,,,,5.100460921189539,821.3724156052219,779.8402857768103,False,COST_INCOMPLETE|EQUILIBRIUM_ACID_ASSUMED_NOMINAL|LIGAND_LOSS_NOT_MEASURED|OA_ASSUMED|OOD_ACID|OOD_HULL|OOD_LIGAND|OOD_LOADING|OOD_METAL|PHASE_BEHAVIOUR_UNKNOWN|SAPONIFICATION_RANGE_UNKNOWN,11,3.2070617286788465,,3,1.3235613447678369e-12,0
1,0,converged_newton,OUT_OF_DOMAIN,False,False,1.0,4.0,7.0,0.0,0.0,3.549891735866775,0.7640830796767852,4.529365153994466,1.0576126161262627,10.917337491317433,0.0,4.602597551071531,0.0,0.7165580702118574,0.11929900158498341,0.0,0.0,0.7711232623046345,0.7752243866829154,0.7746366889465925,0.7004573520040457,0.7878607720701579,0.7858368164432957,0.05074780505302519,12,0.01664545352418585,0.00994134540109706,,1.1230546626236844,0.9170839696719646,0.9170839696719646,0.32992356834689895,21.654948870518435,2178.2714508771355,0.0,0.0,0.025025258556709888,2.5172909246215576,0.0,0.0,,,,,5.293448233671252,532.4679930230673,2178.2714508771355,False,COST_INCOMPLETE|EQUILIBRIUM_ACID_ASSUMED_NOMINAL|LIGAND_LOSS_NOT_MEASURED|OA_ASSUMED|OOD_ACID|OOD_HULL|OOD_LIGAND|OOD_LOADING|OOD_METAL|PHASE_BEHAVIOUR_UNKNOWN|SAPONIFICATION_RANGE_UNKNOWN,11,3.739324713000726,,3,1.9373639729304187e-14,229
1,0,converged_newton,OUT_OF_DOMAIN,False,False,1.0,5.0,10.0,0.0,0.0,3.6768556688233196,1.5757909101660275,2.310616508860633,2.213807759996142,47.1692469252525,0.0,0.8930230739249059,0.0,0.4579347215277806,0.20562021835807354,0.0,0.0,0.8762593009678031,0.8787727089276434,0.8784132857657853,0.44656779886419595,1.068180156440251,0.6272250133343167,0.005784641188829084,16,0.021788593012316154,0.013478457440986552,,2.3604718248757797,0.9170839696719646,0.9170839696719646,0.504207804551349,5.551932002461292,411.9115282123056,0.0,0.0,0.2229866116325691,16.54392667772876,0.0,0.0,,,,,3.8864074190266606,288.34215161807094,411.9115282123056,False,COST_INCOMPLETE|EQUILIBRIUM_ACID_ASSUMED_NOMINAL|HIGH_LOADING|LIGAND_LOSS_NOT_MEASURED|OA_ASSUMED|OOD_ACID|OOD_HULL|OOD_LIGAND|OOD_LOADING|OOD_METAL|PHASE_BEHAVIOUR_UNKNOWN|SAPONIFICATION_RANGE_UNKNOWN,12,3.5039165294875847,,5,4.882987684123834e-16,153
1,0,converged_newton,OUT_OF_DOMAIN,False,False,1.0,6.0,1.0,0.0,0.0,2.5891068204431633,0.7243481778169945,3.696380956641924,2.449087011854552,17.109127939966136,0.0,5.182495925387726,0.0,0.9635350445329078,0.32608717869100334,0.0,0.0,0.7802317064758426,0.7842152925262617,0.7836445417113199,0.520159362566206,0.6227162680802937,0.6206559537425886,0.03431075445866972,8,0.018038545083291696,0.007857527278077358,,1.1834156389049784,0.9170839696719646,0.9170839696719646,0.36073143575834005,20.93047096082967,2663.747794961662,0.0,0.0,0.037178896942056755,4.731628109747267,0.0,0.0,,,,,4.420729134458918,562.6107270149519,2663.747794961662,False,COST_INCOMPLETE|EQUILIBRIUM_ACID_ASSUMED_NOMINAL|LIGAND_LOSS_NOT_MEASURED|OA_ASSUMED|OOD_ACID|OOD_HULL|OOD_LIGAND|OOD_LOADING|OOD_METAL|PHASE_BEHAVIOUR_UNKNOWN|SAPONIFICATION_RANGE_UNKNOWN,11,3.8028604475858367,,3,3.4567181471744765e-16,26
1,0,converged_newton,OUT_OF_DOMAIN,False,False,1.0,6.0,8.0,0.0,0.0,0.5246496642471355,4.086666474480762,1.218284500941715,1.772318941351028,30.159023243172538,0.0,0.8765012422143623,0.0,0.9600584813433815,0.0062335817492738775,0.0,0.0,0.9985679730536836,0.9986010265236233,0.998596311257572,0.0011368203647414274,0.41158603607695887,0.24976652211066958,-0.09238091648518737,15,0.05883726762709055,0.005193454341124478,,232.43696068295932,0.9170839696719646,0.9170839696719646,0.38899704275602004,8.3107042781524,1600.2266954277259,0.0,0.0,0.36974960757287795,71.19531303953283,0.0,0.0,,,,,5.304950975422477,1021.4686848048534,1600.2266954277259,False,COST_INCOMPLETE|EQUILIBRIUM_ACID_ASSUMED_NOMINAL|LIGAND_LOSS_NOT_MEASURED|OA_ASSUMED|OOD_ACID|OOD_HULL|OOD_LIGAND|OOD_LOADING|OOD_METAL|PHASE_BEHAVIOUR_UNKNOWN|SAPONIFICATION_RANGE_UNKNOWN,11,3.0086929981846233,,3,6.852896747209215e-13,233
1,0,converged_newton,OUT_OF_DOMAIN,False,False,1.0,8.0,2.0,0.0,0.0,2.558996845874763,2.1218873857096368,2.6736541097475377,0.24987167594047124,37.483333154808975,0.0,1.1786149080470516,0.0,0.4613048924815382,0.4515490703994084,0.0,0.0,0.9017030565439128,0.9037564173485069,0.9034629303389444,0.21980561611029908,0.7119788281103789,0.46410762283972695,-0.02613699968726256,11,0.02086693158467915,0.008983855649920977,,3.057752102423329,0.9170839696719646,0.9170839696719646,0.4876920489483253,3.6814081499339277,409.7804209450215,0.0,0.0,0.23860623538662293,26.559446710246476,0.0,0.0,,,,,4.795541495457174,533.7954751643139,409.7804209450215,False,COST_INCOMPLETE|EQUILIBRIUM_ACID_ASSUMED_NOMINAL|LIGAND_LOSS_NOT_MEASURED|OA_ASSUMED|OOD_ACID|OOD_HULL|OOD_LIGAND|OOD_LOADING|OOD_METAL|PHASE_BEHAVIOUR_UNKNOWN|SAPONIFICATION_RANGE_UNKNOWN,11,3.263555863266656,,5,1.532536686145694e-12,47
1,0,converged_newton,OUT_OF_DOMAIN,False,False,1.0,8.0,5.0,0.0,0.0,4.02769628490842,0.3098840638649556,1.0833505000017565,0.7779863115211408,14.380357721228618,0.0,2.581350648953504,0.0,0.22609480357782918,0.15413980090413942,0.0,0.0,0.7635956118702915,0.7677910025796264,0.7671897062201167,0.33658239245882954,0.36492118268812274,0.4769508614923088,0.02291284501112309,14,0.006795221577197822,0.004604630221336135,,1.0766799746702496,0.9170839696719646,0.9170839696719646,0.6084009082183224,3.037593076069115,659.6823045624911,0.0,0.0,0.013368731071458355,2.9033234871961384,0.0,0.0,,,,,1.393234563866712,302.57251872495294,659.6823045624911,False,COST_INCOMPLETE|EQUILIBRIUM_ACID_ASSUMED_NOMINAL|HIGH_LOADING|LIGAND_LOSS_NOT_MEASURED|OA_ASSUMED|OOD_ACID|OOD_HULL|OOD_LIGAND|OOD_LOADING|OOD_METAL|PHASE_BEHAVIOUR_UNKNOWN|SAPONIFICATION_RANGE_UNKNOWN,12,3.966603935169291,,7,5.153081800946542e-16,257
1,0,converged_newton,OUT_OF_DOMAIN,False,False,1.0,9.0,11.0,0.0,0.0,2.298581266799165,0.5334943111430814,4.4510643595400445,1.9543386928336954,20.311340375760437,0.0,0.9476899166602581,0.0,0.6712484501349234,0.20098637576794048,0.0,0.0,0.7779149144064075,0.7819287579489775,0.7813536454531054,0.7187655218192378,0.8412910661397429,0.848046228590029,0.052260845418321746,21,0.027450336810734003,0.010615536866211197,,1.1675929105087268,0.9170839696719646,0.9170839696719646,0.3496651455045051,5.260857386615532,495.58090682729556,0.0,0.0,0.03250795362647703,3.0622995366299812,0.0,0.0,,,,,4.984558670683126,469.5531402230597,495.58090682729556,False,COST_INCOMPLETE|EQUILIBRIUM_ACID_ASSUMED_NOMINAL|LIGAND_LOSS_NOT_MEASURED|OA_ASSUMED|OOD_ACID|OOD_HULL|OOD_LIGAND|OOD_LOADING|OOD_METAL|PHASE_BEHAVIOUR_UNKNOWN|SAPONIFICATION_RANGE_UNKNOWN,11,3.707127799423903,,4,3.9806916073554464e-16,66
1,0,converged_newton,OUT_OF_DOMAIN,False,False,1.0,11.0,2.0,0.0,0.0,4.741498886344053,4.490568400859755,1.82150022853626,2.182634370508535,47.86026473928828,0.0,3.3515129740963667,0.0,0.13780538291023353,0.16830184120988323,0.0,0.0,0.9993424039791547,0.9993575938455327,0.9993554269576937,0.00045799555150561423,0.5096476325526355,0.17769058089876863,-0.17669622005358265,14,0.008061495606702558,0.006430810274694035,,506.5634889814657,0.9170839696719646,0.9170839696719646,0.6539279984039327,15.906050583094824,2473.4131320413744,0.0,0.0,0.6447593774850909,100.26098577690776,0.0,0.0,,,,,6.312068629396014,981.5355079335363,2473.4131320413744,False,COST_INCOMPLETE|EQUILIBRIUM_ACID_ASSUMED_NOMINAL|HIGH_LOADING|LIGAND_LOSS_NOT_MEASURED|OA_ASSUMED|OOD_ACID|OOD_HULL|OOD_LIGAND|OOD_LOADING|OOD_METAL|PHASE_BEHAVIOUR_UNKNOWN|SAPONIFICATION_RANGE_UNKNOWN,12,3.0986348659487977,,8,3.2225824599271455e-15,291
1,0,converged_newton,OUT_OF_DOMAIN,False,False,1.0,11.0,11.0,0.0,0.0,2.4356771150320013,1.2270570516159494,2.4003349342376272,0.05468676575028258,43.27156107366465,0.0,1.8669936556809723,0.0,0.06809015418581978,0.0680699440146348,0.0,0.0,0.9965801892742518,0.9966589704594383,0.9966477314312056,0.0015167544427263505,0.30736225382543136,0.4320122271492377,-0.030044505112963082,23,0.009464378055136622,0.003878343023107366,,97.13794799332857,0.9170839696719646,0.9170839696719646,0.7304913524773583,4.548513875275007,1172.7982409432916,0.0,0.0,0.1592900224496113,41.07166939606765,0.0,0.0,,,,,3.627391985853577,935.2942646489466,1172.7982409432916,False,COST_INCOMPLETE|EQUILIBRIUM_ACID_ASSUMED_NOMINAL|HIGH_LOADING|LIGAND_LOSS_NOT_MEASURED|OA_ASSUMED|OOD_ACID|OOD_HULL|OOD_LIGAND|OOD_LOADING|OOD_METAL|PHASE_BEHAVIOUR_UNKNOWN|SAPONIFICATION_RANGE_UNKNOWN,12,3.0385085064501136,,9,1.42670428369998e-15,272
1,0,converged_newton,OUT_OF_DOMAIN,False,False,2.0,1.0,10.0,0.0,0.0,3.1900465281887573,0.24249934184125238,3.382856121519433,0.43132189776859825,3.9921952354959536,0.0,2.761612339699294,0.0,0.7690842043701119,0.19452121550614618,0.0,0.0,0.7531098925092893,0.7574322565861356,0.7568126326521841,0.8359976680917066,0.8468703700024324,0.8423186344335191,0.06254717303307288,13,0.019910454969522057,0.010685937359246191,,1.016795016162708,0.9170839696719646,0.9170839696719646,0.3716951667397649,9.446732484945965,884.0340502999502,0.0,0.0,0.0029043141513286548,0.2717884312521865,0.0,0.0,,,,,3.6253554633606853,339.2641507694956,884.0340502999502,False,COST_INCOMPLETE|EQUILIBRIUM_ACID_ASSUMED_NOMINAL|LIGAND_LOSS_NOT_MEASURED|OA_ASSUMED|OOD_ACID|OOD_HULL|OOD_LIGAND|OOD_LOADING|OOD_METAL|PHASE_BEHAVIOUR_UNKNOWN|SAPONIFICATION_RANGE_UNKNOWN,11,4.254408918840176,,4,5.5051243290279e-16,117
1,0,converged_newton,OUT_OF_DOMAIN,False,False,2.0,1.0,10.0,0.0,1.0,2.69935438827102,2.5657618984196735,4.2185483180759595,0.33473864204466536,12.512993175057193,0.0,5.882596154074902,0.0,0.8251587383372366,0.05687385199479937,0.0,0.0,0.8123354459229281,0.8158744367508005,0.815367709382978,0.660732241111444,0.9488998749317908,0.6731764347151373,0.039062129496137146,13,0.02636463405068804,0.011973360956870575,,1.4428855960891982,0.9170839696719646,0.9170839696719646,0.3623525966311364,25.67487576537973,2144.3332292297537,0.0,0.0,0.09631608337124153,8.044197758522705,0.0,0.0,,,,,6.7843102164956335,566.6170293314885,2144.3332292297537,False,COST_INCOMPLETE|EQUILIBRIUM_ACID_ASSUMED_NOMINAL|LIGAND_LOSS_NOT_MEASURED|OA_ASSUMED|OOD_ACID|OOD_HULL|OOD_LIGAND|OOD_LOADING|OOD_METAL|PHASE_BEHAVIOUR_UNKNOWN|SAPONIFICATION_RANGE_UNKNOWN,11,3.6254363916107533,,3,1.251283377283241e-14,210
1,0,converged_newton,OUT_OF_DOMAIN,False,False,2.0,2.0,2.0,0.0,0.0,2.9128552094225877,1.317880870254862,3.0160799932867923,2.2623462327708665,4.951900103828871,0.0,4.799947298752176,0.0,0.5081369892475813,0.35744242672252885,0.0,0.0,0.765071531007461,0.7692486442372297,0.768649985054465,0.49240456131616617,0.5400445335479478,0.5475007697486979,0.03397732559784695,6,0.013905030323881089,0.006814362930988037,,1.0855382694263964,0.9170839696719646,0.9170839696719646,0.4956536088175024,17.4585278386593,2562.0190787413685,0.0,0.0,0.019578043254747147,2.8730555523711243,0.0,0.0,,,,,4.333960863541654,636.003821257178,2562.0190787413685,False,COST_INCOMPLETE|EQUILIBRIUM_ACID_ASSUMED_NOMINAL|LIGAND_LOSS_NOT_MEASURED|OA_ASSUMED|OOD_ACID|OOD_HULL|OOD_LIGAND|OOD_LOADING|OOD_METAL|PHASE_BEHAVIOUR_UNKNOWN|SAPONIFICATION_RANGE_UNKNOWN,11,3.476198003814372,,3,2.79816995111971e-14,11
1,0,converged_newton,OUT_OF_DOMAIN,False,False,2.0,2.0,5.0,1.0,0.0,0.3602183709453357,4.9864671409237165,4.295112571640072,2.1861589700143744,49.26294432991227,0.0,4.3119787377967445,0.0,0.5790863944950358,0.3087290890052597,0.0,0.0,0.9997511169118622,0.9997568681803612,0.9997560477483363,0.00023045862703198158,0.4209374523816052,0.12844809525210021,-0.21407774423764148,9,0.08764214008788375,0.005311451914768952,,1338.9835958617316,0.9170839696719646,0.9170839696719646,0.49699811467833854,29.4216439541678,5539.284629944285,0.0,0.0,0.7369441594987864,138.7462733964793,0.0,0.0,,,,,9.281579712563788,1747.4656386807444,5539.284629944285,False,COST_INCOMPLETE|EQUILIBRIUM_ACID_ASSUMED_NOMINAL|LIGAND_LOSS_NOT_MEASURED|OA_ASSUMED|OOD_ACID|OOD_HULL|OOD_LIGAND|OOD_LOADING|OOD_METAL|PHASE_BEHAVIOUR_UNKNOWN|SAPONIFICATION_RANGE_UNKNOWN,11,2.9200928938047372,,5,5.751592690724184e-16,104
1,0,converged_newton,OUT_OF_DOMAIN,False,False,2.0,3.0,3.0,1.0,0.0,0.2737948009394215,0.8259393354125824,4.989406921465011,0.58774310007426,38.1320749900281,0.0,2.7210051571043303,0.0,0.18187330445895422,0.4237443859378453,0.0,0.0,0.9979251633265122,0.9979730237544745,0.9979661961044145,0.0005240250869193736,0.12255033111747207,0.2905869720663822,-0.022303505841356156,8,0.03356993924747323,0.0015463584605899302,,160.32188237239478,0.9170839696719646,0.9170839696719646,0.6556077913317352,14.061642109667,9093.391000882508,0.0,0.0,0.09448434202549967,61.101189946252326,0.0,0.0,,,,,5.815346256877593,3760.6715422626257,9093.391000882508,False,COST_INCOMPLETE|EQUILIBRIUM_ACID_ASSUMED_NOMINAL|HIGH_LOADING|LIGAND_LOSS_NOT_MEASURED|OA_ASSUMED|OOD_ACID|OOD_HULL|OOD_LIGAND|OOD_LOADING|OOD_METAL|PHASE_BEHAVIOUR_UNKNOWN|SAPONIFICATION_RANGE_UNKNOWN,12,3.0178109379894247,,9,3.052187972082828e-16,203
1,0,converged_newton,OUT_OF_DOMAIN,False,False,2.0,3.0,4.0,0.0,1.0,3.9066236055102364,4.952223356849351,2.338422157054731,1.4828313321268711,37.67945367476659,0.0,5.0953484640803435,0.0,0.5142396633261457,0.2621398455386588,0.0,0.0,0.9338431393192327,0.9352733080840063,0.9350690243224867,0.19962020258666704,0.987621288253409,0.3167256658808389,-0.11252547394249657,9,0.018960515293699846,0.01246195355837475,,4.705196758682324,0.9170839696719646,0.9170839696719646,0.5235615065687501,19.258387703546997,1545.3746969394595,0.0,0.0,0.5597912116845066,44.920020690360595,0.0,0.0,,,,,7.2906455139040816,585.032312931754,1545.3746969394595,False,COST_INCOMPLETE|EQUILIBRIUM_ACID_ASSUMED_NOMINAL|HIGH_LOADING|LIGAND_LOSS_NOT_MEASURED|OA_ASSUMED|OOD_ACID|OOD_HULL|OOD_LIGAND|OOD_LOADING|OOD_METAL|PHASE_BEHAVIOUR_UNKNOWN|SAPONIFICATION_RANGE_UNKNOWN,12,3.7656611075981132,,4,4.317920626519316e-16,265
1,0,converged_newton,OUT_OF_DOMAIN,False,False,2.0,4.0,4.0,1.0,0.0,2.334183124545338,0.9642037200457942,2.5574725335952873,0.7646242945174194,36.66673689656021,0.0,3.904281458129033,0.0,0.9340921577671331,0.02085222193692113,0.0,0.0,0.825992614558465,0.8293281684217719,0.8288506997057691,0.5241063585208565,0.8349609132169393,0.6594432595527573,0.027267864373666705,10,0.026828258602661362,0.010535662047108322,,1.5822941699908308,0.9170839696719646,0.9170839696719646,0.3723030543998361,10.722346181801447,1017.7192599628196,0.0,0.0,0.10606261235281116,10.067009731194036,0.0,0.0,,,,,3.5216762536410817,334.26245430942436,1017.7192599628196,False,COST_INCOMPLETE|EQUILIBRIUM_ACID_ASSUMED_NOMINAL|LIGAND_LOSS_NOT_MEASURED|OA_ASSUMED|OOD_ACID|OOD_HULL|OOD_LIGAND|OOD_LOADING|OOD_METAL|PHASE_BEHAVIOUR_UNKNOWN|SAPONIFICATION_RANGE_UNKNOWN,11,3.650414307897625,,3,2.377116680390614e-16,299
1,0,converged_newton,OUT_OF_DOMAIN,False,False,2.0,4.0,10.0,0.0,0.0,2.2600933064489883,0.5371900251801269,0.8472258244115467,1.5398201039401793,28.736929683326927,0.0,1.543627223838303,0.0,0.979329154466015,0.09152454199112019,0.0,0.0,0.7852633454814089,0.7891803702432275,0.7886192122371368,0.3883208631871734,0.47338105635530797,0.4132561476075665,0.020066387246462168,16,0.015708899772120727,0.005973193176249729,,1.2189556043918957,0.9170839696719646,0.9170839696719646,0.45944804289015395,2.134976847709004,357.42638563875306,0.0,0.0,0.0463115759405578,7.753235928263504,0.0,0.0,,,,,1.3844158495916736,231.77148448777936,357.42638563875306,False,COST_INCOMPLETE|EQUILIBRIUM_ACID_ASSUMED_NOMINAL|LIGAND_LOSS_NOT_MEASURED|OA_ASSUMED|OOD_ACID|OOD_HULL|OOD_LIGAND|OOD_LOADING|OOD_METAL|PHASE_BEHAVIOUR_UNKNOWN|SAPONIFICATION_RANGE_UNKNOWN,11,3.9968315743830782,,4,7.849994355058707e-16,248
1,0,converged_newton,OUT_OF_DOMAIN,False,False,2.0,4.0,10.0,1.0,0.0,4.433121573393157,3.362967481886166,4.567800415195365,1.670127553043192,45.50275508664804,0.0,1.4373655725556094,0.0,0.6758324243559116,0.4594331788238148,0.0,0.0,0.9167250958126777,0.9184930209153318,0.9182404065982678,0.529803810496715,1.9670628960569645,0.7044269537290316,-0.005494568488355334,16,0.03327896940379904,0.02482069468188118,,3.669473233498834,0.9170839696719646,0.9170839696719646,0.43676718364012385,12.182183710593403,490.8075243956107,0.0,0.0,0.4590728570778829,18.495568434392,0.0,0.0,,,,,7.930767897081531,319.52239849559487,490.8075243956107,False,COST_INCOMPLETE|EQUILIBRIUM_ACID_ASSUMED_NOMINAL|LIGAND_LOSS_NOT_MEASURED|OA_ASSUMED|OOD_ACID|OOD_HULL|OOD_LIGAND|OOD_LOADING|OOD_METAL|PHASE_BEHAVIOUR_UNKNOWN|SAPONIFICATION_RANGE_UNKNOWN,11,3.3802585240157823,,4,3.7774699493358006e-16,193
1,0,converged_newton,OUT_OF_DOMAIN,False,False,2.0,4.0,12.0,0.0,1.0,3.1575880151040994,4.0216489824997135,1.4417426349854352,0.35080033081903855,38.63964617412917,0.0,0.8064042159360527,0.0,0.7629613303184708,0.24990171421580926,0.0,0.0,0.9207262108098447,0.9224163811817591,0.9221748962189376,0.17444253427417938,0.70415556445327,0.25566107855973336,-0.10258342638634027,18,0.016725319161769794,0.008885140535606028,,3.8715033060981603,0.9170839696719646,0.9170839696719646,0.47650946481340745,2.573423132645958,289.6322373667928,0.0,0.0,0.4661852811610065,52.46796933518727,0.0,0.0,,,,,5.463391617485149,614.8908501324574,289.6322373667928,False,COST_INCOMPLETE|EQUILIBRIUM_ACID_ASSUMED_NOMINAL|LIGAND_LOSS_NOT_MEASURED|OA_ASSUMED|OOD_ACID|OOD_HULL|OOD_LIGAND|OOD_LOADING|OOD_METAL|PHASE_BEHAVIOUR_UNKNOWN|SAPONIFICATION_RANGE_UNKNOWN,11,3.7994996231647784,,4,3.805088354491364e-16,284
1,0,converged_newton,OUT_OF_DOMAIN,False,False,2.0,5.0,3.0,0.0,1.0,0.6396662873688916,4.9118275605247685,2.3700014733886596,0.8056471605338481,13.754688633200903,0.0,5.496848232490434,0.0,0.1411286568169412,0.09483948218141425,0.0,0.0,0.9997912608123195,0.9997960846121805,0.9997953964862931,5.318006057480906e-05,0.13102880746637244,0.14539781349489536,-0.05773349815501503,10,0.015362949015805594,0.001653341146931807,,1596.5557656286746,0.9170839696719646,0.9170839696719646,0.7119541066253903,16.984738337164856,10272.978670303062,0.0,0.0,0.20268197614497901,122.5893255733136,0.0,0.0,,,,,7.281829033913429,4404.3112623348825,10272.978670303062,False,COST_INCOMPLETE|EQUILIBRIUM_ACID_ASSUMED_NOMINAL|HIGH_LOADING|LIGAND_LOSS_NOT_MEASURED|OA_ASSUMED|OOD_ACID|OOD_HULL|OOD_LIGAND|OOD_LOADING|OOD_METAL|PHASE_BEHAVIOUR_UNKNOWN|SAPONIFICATION_RANGE_UNKNOWN,12,3.225356292603993,,9,7.866744073567094e-16,237
1,0,converged_newton,OUT_OF_DOMAIN,False,False,2.0,5.0,6.0,0.0,0.0,4.615007320168069,4.4282749072269505,4.941020714670759,1.5488500851428364,15.952896907116356,0.0,4.812517383119802,0.0,0.6118161364902295,0.16971466382372255,0.0,0.0,0.8591547803671249,0.8619608828540218,0.8615594673003357,0.5085137472807032,1.0413952742908863,0.565741185082852,0.007460832500454692,13,0.016924056703115274,0.013140481780293546,,2.033330826104912,0.9170839696719646,0.9170839696719646,0.3977541646904683,30.637482046802404,2331.5341521761156,0.0,0.0,0.2119314392140849,16.12813310482369,0.0,0.0,,,,,9.36929562189771,713.0100538588022,2331.5341521761156,False,COST_INCOMPLETE|EQUILIBRIUM_ACID_ASSUMED_NOMINAL|LIGAND_LOSS_NOT_MEASURED|OA_ASSUMED|OOD_ACID|OOD_HULL|OOD_LIGAND|OOD_LOADING|OOD_METAL|PHASE_BEHAVIOUR_UNKNOWN|SAPONIFICATION_RANGE_UNKNOWN,11,3.189106045428171,,4,4.4328333359329497e-16,39
1,0,converged_newton,OUT_OF_DOMAIN,False,False,2.0,6.0,4.0,0.0,1.0,4.261744887778081,3.4977579868093756,2.09281634545947,0.5190530663261171,37.0345344345976,0.0,1.3160967629224154,0.0,0.5570238676193028,0.13682240375581753,0.0,0.0,0.9040657426422628,0.906074889454672,0.9057877354252086,0.27547436436943457,0.8904691093326167,0.3560705224702396,-0.06275265540643435,12,0.015670854299954504,0.011236072791925357,,3.14126836280884,0.9170839696719646,0.9170839696719646,0.5068692742471043,4.5698708259704,406.7142417637658,0.0,0.0,0.38861351581914166,34.58624049662736,0.0,0.0,,,,,5.5905743322688455,497.5559019416848,406.7142417637658,False,COST_INCOMPLETE|EQUILIBRIUM_ACID_ASSUMED_NOMINAL|HIGH_LOADING|LIGAND_LOSS_NOT_MEASURED|OA_ASSUMED|OOD_ACID|OOD_HULL|OOD_LIGAND|OOD_LOADING|OOD_METAL|PHASE_BEHAVIOUR_UNKNOWN|SAPONIFICATION_RANGE_UNKNOWN,12,3.813293957478189,,4,2.449694716045858e-13,217
1,0,converged_newton,OUT_OF_DOMAIN,False,False,2.0,6.0,5.0,1.0,0.0,4.196347850671324,4.0598170337787485,1.3290889370465573,0.4087544977407023,42.09613558688339,0.0,5.580240910601505,0.0,0.4382045339163235,0.14011470874657342,0.0,0.0,0.9497582051981988,0.9508624279534059,0.9507047517616356,0.0994835899018844,0.68342929640529,0.25626249020044184,-0.11964541108149221,13,0.012214715999341362,0.00862361337643641,,6.301249182046531,0.9170839696719646,0.9170839696719646,0.5068526623920873,9.076104932896447,1052.471224846008,0.0,0.0,0.5127078249356668,59.453943788414165,0.0,0.0,,,,,5.388905970825306,624.9011563470854,1052.471224846008,False,COST_INCOMPLETE|EQUILIBRIUM_ACID_ASSUMED_NOMINAL|HIGH_LOADING|LIGAND_LOSS_NOT_MEASURED|OA_ASSUMED|OOD_ACID|OOD_HULL|OOD_LIGAND|OOD_LOADING|OOD_METAL|PHASE_BEHAVIOUR_UNKNOWN|SAPONIFICATION_RANGE_UNKNOWN,12,3.587812566479796,,6,5.067145310902497e-16,33
1,0,converged_newton,OUT_OF_DOMAIN,False,False,2.0,7.0,3.0,1.0,0.0,2.737300311386033,1.282338493923886,4.079258703527108,2.352258639611079,45.870385912171294,0.0,4.96599000299678,0.0,0.09337015347639668,0.378865863056426,0.0,0.0,0.9727200606739069,0.9733337930892662,0.9732461957886008,0.02475062102342707,0.4189822078021224,0.5026637978281415,-0.027397696001161993,12,0.011479801998505528,0.005286780345378351,,11.885657674997212,0.9170839696719646,0.9170839696719646,0.6997312121973154,23.273949742591544,4402.291796166147,0.0,0.0,0.17646408475896339,33.378365135450814,0.0,0.0,,,,,5.361597197450994,1014.1516853708603,4402.291796166147,False,COST_INCOMPLETE|EQUILIBRIUM_ACID_ASSUMED_NOMINAL|HIGH_LOADING|LIGAND_LOSS_NOT_MEASURED|OA_ASSUMED|OOD_ACID|OOD_HULL|OOD_LIGAND|OOD_LOADING|OOD_METAL|PHASE_BEHAVIOUR_UNKNOWN|SAPONIFICATION_RANGE_UNKNOWN,12,3.121489584777497,,9,1.2291862109837748e-13,204
1,0,converged_newton,OUT_OF_DOMAIN,False,False,2.0,9.0,1.0,0.0,1.0,1.320530961616072,4.739784833512939,2.6559975579210517,0.809499484378179,21.357193476813066,0.0,3.389004708745256,0.0,0.12731199931652437,0.07264860803018447,0.0,0.0,0.9999885960071846,0.99998885959538,0.9999888219940788,2.4477127886345514e-06,0.1520508114887297,0.11265233692640786,-0.08982469086614531,12,0.008635776966333822,0.0019185999469865144,,29229.195194939577,0.9170839696719646,0.9170839696719646,0.7189084370010823,12.838041609002582,6691.359305605578,0.0,0.0,0.3036855051833999,158.28495443273064,0.0,0.0,,,,,7.395782391433991,3854.780879698406,6691.359305605578,False,COST_INCOMPLETE|EQUILIBRIUM_ACID_ASSUMED_NOMINAL|HIGH_LOADING|LIGAND_LOSS_NOT_MEASURED|OA_ASSUMED|OOD_ACID|OOD_HULL|OOD_LIGAND|OOD_LOADING|OOD_METAL|PHASE_BEHAVIOUR_UNKNOWN|SAPONIFICATION_RANGE_UNKNOWN,12,3.284330769770343,,13,1.0682600324141586e-14,93
1,0,converged_newton,OUT_OF_DOMAIN,False,False,3.0,1.0,1.0,2.0,0.0,4.89463623206637,2.6210673847882315,3.140690548744737,0.574537995077624,6.8382806010327775,0.0,5.0653039552618875,0.0,0.737534799797485,0.14743112374531575,0.0,0.0,0.7923819366695979,0.796202810542677,0.795655504773286,0.3352391484305345,0.43263419583931256,0.40754261970023115,0.014523970436551362,5,0.006629208617256127,0.005459043178229822,,1.2721788652987716,0.9170839696719646,0.9170839696719646,0.34819876129340643,17.414455059029926,3190.0196592101015,0.0,0.0,0.05377078275419134,9.849854818629103,0.0,0.0,,,,,5.7617579335329685,1055.451980396555,3190.0196592101015,False,COST_INCOMPLETE|EQUILIBRIUM_ACID_ASSUMED_NOMINAL|LIGAND_LOSS_NOT_MEASURED|OA_ASSUMED|OOD_ACID|OOD_HULL|OOD_LIGAND|OOD_LOADING|OOD_METAL|PHASE_BEHAVIOUR_UNKNOWN|SAPONIFICATION_RANGE_UNKNOWN,11,3.4096177281371545,,3,7.015571556977585e-16,14
1,0,converged_newton,OUT_OF_DOMAIN,False,False,3.0,5.0,5.0,2.0,0.0,0.20847854785439388,2.713301530671943,0.884451884725201,1.6360901663474468,48.72430684886603,0.0,4.023591298333109,0.0,0.4048964324241308,0.41994862249615217,0.0,0.0,0.9999999540844285,0.9999999551457179,0.9999999549943233,1.1028387619653233e-08,0.15073987517646265,0.08551566032019468,-0.12089824571572293,13,0.05422855614924327,0.001902058355957882,,7259700.946770744,0.9170839696719646,0.9170839696719646,0.5560009933310115,7.997878859842478,4204.854616994506,0.0,0.0,0.3966112090618727,208.51684587886274,0.0,0.0,,,,,3.5977534153971438,1891.505275917418,4204.854616994506,False,COST_INCOMPLETE|EQUILIBRIUM_ACID_ASSUMED_NOMINAL|HIGH_LOADING|LIGAND_LOSS_NOT_MEASURED|OA_ASSUMED|OOD_ACID|OOD_HULL|OOD_LIGAND|OOD_LOADING|OOD_METAL|PHASE_BEHAVIOUR_UNKNOWN|SAPONIFICATION_RANGE_UNKNOWN,12,2.9590512404143983,,12,1.508095934281303e-15,48
1,0,converged_newton,OUT_OF_DOMAIN,False,False,3.0,6.0,10.0,0.0,2.0,3.3329720792824284,0.4879058192579929,1.268190268833636,0.7713046340959543,7.937537905210839,0.0,1.6601036422942663,0.0,0.4965619188946497,0.19672934765280745,0.0,0.0,0.7599581584357352,0.7641981676654452,0.7635904324285895,0.5419053429641252,0.5707555480375708,0.558712461202931,0.03893389516828454,19,0.012843391749034353,0.007201879118470273,,1.0553134590805315,0.9170839696719646,0.9170839696719646,0.5536875812324293,2.481651303808937,344.5838597102219,0.0,0.0,0.011618312803599784,1.6132335203742758,0.0,0.0,,,,,1.756096088091629,243.83859534490986,344.5838597102219,False,COST_INCOMPLETE|EQUILIBRIUM_ACID_ASSUMED_NOMINAL|HIGH_LOADING|LIGAND_LOSS_NOT_MEASURED|OA_ASSUMED|OOD_ACID|OOD_HULL|OOD_LIGAND|OOD_LOADING|OOD_METAL|PHASE_BEHAVIOUR_UNKNOWN|SAPONIFICATION_RANGE_UNKNOWN,12,3.9971954117870756,,4,4.1239698232992424e-13,162
1,0,converged_newton,OUT_OF_DOMAIN,False,False,3.0,7.0,2.0,0.0,2.0,0.4798943642543296,2.295176587425557,3.882315267703048,0.6450990708603088,30.5391143082617,0.0,0.9757695593071101,0.0,0.7962415686764639,0.016466144169410567,0.0,0.0,0.9894432629365754,0.9896847536556069,0.9896502973962613,0.008849030468830624,0.44316713380615796,0.4647256599401765,-0.03685512512557324,12,0.069260107038571,0.005591949369436172,,31.242079725708845,0.9170839696719646,0.9170839696719646,0.5362681381792849,5.26886134186643,942.2226479131517,0.0,0.0,0.21027798048310523,37.60369892338765,0.0,0.0,,,,,6.177491855128605,1104.711693008671,942.2226479131517,False,COST_INCOMPLETE|EQUILIBRIUM_ACID_ASSUMED_NOMINAL|HIGH_LOADING|LIGAND_LOSS_NOT_MEASURED|OA_ASSUMED|OOD_ACID|OOD_HULL|OOD_LIGAND|OOD_LOADING|OOD_METAL|PHASE_BEHAVIOUR_UNKNOWN|SAPONIFICATION_RANGE_UNKNOWN,12,3.3757187019892907,,6,4.18298818461815e-16,112
1,0,converged_newton,OUT_OF_DOMAIN,False,False,3.0,7.0,2.0,0.0,2.0,1.4944936743414274,3.0032209800890555,4.2442380541362335,0.3978957960478136,30.225947216110338,0.0,3.61484682612941,0.0,0.20121413875382504,0.1773966323243628,0.0,0.0,0.9948266629072279,0.9949456346952668,0.9949286614325489,0.003852532880443286,0.4044183462596354,0.33095422971421373,-0.060443822853014285,12,0.02029541943885354,0.005103011355856018,,64.0996095342494,0.9170839696719646,0.9170839696719646,0.6833646083109765,16.53723946191206,3240.6824732879663,0.0,0.0,0.27232559646746074,53.36566538401888,0.0,0.0,,,,,7.2474590342252885,1420.2318060508303,3240.6824732879663,False,COST_INCOMPLETE|EQUILIBRIUM_ACID_ASSUMED_NOMINAL|HIGH_LOADING|LIGAND_LOSS_NOT_MEASURED|OA_ASSUMED|OOD_ACID|OOD_HULL|OOD_LIGAND|OOD_LOADING|OOD_METAL|PHASE_BEHAVIOUR_UNKNOWN|SAPONIFICATION_RANGE_UNKNOWN,12,3.379314126858792,,9,1.5292082016727208e-12,37
1,0,converged_newton,OUT_OF_DOMAIN,False,False,3.0,8.0,3.0,2.0,0.0,0.7004892264223552,2.8280684594986636,0.8918810488954858,0.7422651401656974,42.70536868816225,0.0,3.06695698822453,0.0,0.3349907491540083,0.23029423929929743,0.0,0.0,0.999995028793391,0.9999951436969722,0.9999951273057843,1.5914086947072305e-06,0.2456850061086074,0.15256844123126848,-0.10234733078010794,14,0.02630500907523665,0.003100090259829324,,67052.46884441064,0.9170839696719646,0.9170839696719646,0.564401577759749,4.834537447062997,1559.4828027133517,0.0,0.0,0.36232111871476047,116.87437730755236,0.0,0.0,,,,,3.7199495083941496,1199.948774587922,1559.4828027133517,False,COST_INCOMPLETE|EQUILIBRIUM_ACID_ASSUMED_NOMINAL|HIGH_LOADING|LIGAND_LOSS_NOT_MEASURED|OA_ASSUMED|OOD_ACID|OOD_HULL|OOD_LIGAND|OOD_LOADING|OOD_METAL|PHASE_BEHAVIOUR_UNKNOWN|SAPONIFICATION_RANGE_UNKNOWN,12,2.963729045453702,,14,3.314190100559296e-16,96
1,0,converged_newton,OUT_OF_DOMAIN,False,False,3.0,8.0,7.0,0.0,2.0,4.651436343002292,4.226293696454456,3.237413825038722,1.3682548201185656,33.479699474032856,0.0,4.483456424663494,0.0,0.08141415123628258,0.36252306913313964,0.0,0.0,0.9976424350302081,0.9976968021229681,0.9976890462047747,0.0021930365676762135,0.5408372044697904,0.28551044460648006,-0.10093225251106036,18,0.00872048703757017,0.006824364971580486,,141.05548844016053,0.9170839696719646,0.9170839696719646,0.7574240881710675,20.297450534574793,2974.262164919649,0.0,0.0,0.42448512853888415,62.201410725630595,0.0,0.0,,,,,7.463707521493178,1093.6852809858767,2974.262164919649,False,COST_INCOMPLETE|EQUILIBRIUM_ACID_ASSUMED_NOMINAL|HIGH_LOADING|LIGAND_LOSS_NOT_MEASURED|OA_ASSUMED|OOD_ACID|OOD_HULL|OOD_LIGAND|OOD_LOADING|OOD_METAL|PHASE_BEHAVIOUR_UNKNOWN|SAPONIFICATION_RANGE_UNKNOWN,12,3.444230448134186,,13,8.522957985238909e-16,191
1,0,converged_newton,OUT_OF_DOMAIN,False,False,3.0,9.0,3.0,0.0,2.0,4.548763044779532,1.0886058007894663,3.2159169168415715,0.22638025346948454,3.463318431126671,0.0,1.689464279636617,0.0,0.5428918963743115,0.18685338309970845,0.0,0.0,0.7596389051435166,0.7638828014669158,0.7632745052126253,0.6866351634427952,0.7215919795061623,0.6953925993452308,0.0503492099288566,15,0.011897607751864157,0.009105155836205681,,1.05346902556074,0.9170839696719646,0.9170839696719646,0.447675036864038,5.679615614394026,623.7801654980622,0.0,0.0,0.011310565602316712,1.2422154882117946,0.0,0.0,,,,,4.304522717631038,472.75662218921747,623.7801654980622,False,COST_INCOMPLETE|EQUILIBRIUM_ACID_ASSUMED_NOMINAL|LIGAND_LOSS_NOT_MEASURED|OA_ASSUMED|OOD_ACID|OOD_HULL|OOD_LIGAND|OOD_LOADING|OOD_METAL|PHASE_BEHAVIOUR_UNKNOWN|SAPONIFICATION_RANGE_UNKNOWN,11,3.7585814957677477,,3,1.9468559514368188e-13,298
1,0,converged_newton,OUT_OF_DOMAIN,False,False,3.0,9.0,4.0,0.0,1.0,1.6702228289812382,1.9751065214454209,3.0658357509501717,0.832672051560812,34.70332235506306,0.0,5.0601946382198095,0.0,0.24335388702029942,0.128434242594828,0.0,0.0,0.9560382908575689,0.9570107362849356,0.9568718943781325,0.052509725464095866,0.531857492188507,0.5245059200469023,-0.02865344638516968,16,0.02388262884567847,0.006711057615058408,,7.249022763272683,0.9170839696719646,0.9170839696719646,0.6598363818937991,17.15834162788376,2556.7269143068484,0.0,0.0,0.2056282748979231,30.640218977785285,0.0,0.0,,,,,5.040942272395593,751.1397698456087,2556.7269143068484,False,COST_INCOMPLETE|EQUILIBRIUM_ACID_ASSUMED_NOMINAL|HIGH_LOADING|LIGAND_LOSS_NOT_MEASURED|OA_ASSUMED|OOD_ACID|OOD_HULL|OOD_LIGAND|OOD_LOADING|OOD_METAL|PHASE_BEHAVIOUR_UNKNOWN|SAPONIFICATION_RANGE_UNKNOWN,12,3.4167699879826343,,13,9.124350041982663e-16,180
1,0,converged_newton,OUT_OF_DOMAIN,False,False,3.0,11.0,8.0,2.0,0.0,0.313914940525297,4.001654038389906,0.7140237494681856,1.2724788290551325,18.562380079438572,0.0,2.281086673264448,0.0,0.29978721250814716,0.02471517000419184,0.0,0.0,0.9999999998359038,0.9999999998396967,0.9999999998391556,1.7902292318610965e-11,0.11147114571432785,0.1125513032443677,-0.06591988727843912,22,0.02663248813383849,0.0014065596372952458,,2031328833.7950037,0.9170839696719646,0.9170839696719646,0.5225286928149907,6.720770104360321,4778.162209520014,0.0,0.0,0.2228406696210409,158.42959211424125,0.0,0.0,,,,,4.715677787858091,3352.632666842437,4778.162209520014,False,COST_INCOMPLETE|EQUILIBRIUM_ACID_ASSUMED_NOMINAL|HIGH_LOADING|LIGAND_LOSS_NOT_MEASURED|OA_ASSUMED|OOD_ACID|OOD_HULL|OOD_LIGAND|OOD_LOADING|OOD_METAL|PHASE_BEHAVIOUR_UNKNOWN|SAPONIFICATION_RANGE_UNKNOWN,12,2.716601682924068,,6,9.862074802461576e-13,2
1,0,converged_newton,OUT_OF_DOMAIN,False,False,4.0,2.0,11.0,0.0,1.0,1.9438111397188702,4.5841324120893585,1.8608274719292734,2.8790918960639673,41.029599146655165,0.0,1.602448175768579,0.0,0.20483247929435744,0.2503974691531345,0.0,0.0,0.9750708237065446,0.9756329944858053,0.9755527602560655,0.035168587241854,0.5214682063275546,0.19391471447716402,-0.14897499982864926,17,0.02012032685450245,0.006579964047672033,,13.037879955444467,0.9170839696719646,0.9170839696719646,0.6748074632635294,16.18001806594376,2458.982746519442,0.0,0.0,0.5642553459096484,85.75356063066636,0.0,0.0,,,,,6.4449598840186315,979.4825377957551,2458.982746519442,False,COST_INCOMPLETE|EQUILIBRIUM_ACID_ASSUMED_NOMINAL|HIGH_LOADING|LIGAND_LOSS_NOT_MEASURED|OA_ASSUMED|OOD_ACID|OOD_HULL|OOD_LIGAND|OOD_LOADING|OOD_METAL|PHASE_BEHAVIOUR_UNKNOWN|SAPONIFICATION_RANGE_UNKNOWN,12,3.4148074294766104,,8,8.130226918478793e-16,107
1,0,converged_newton,OUT_OF_DOMAIN,False,False,4.0,3.0,2.0,0.0,2.0,4.906003103029828,2.056069310518483,3.940070101292722,2.059993054259579,24.955565938167005,0.0,2.4886548767006036,0.0,0.9085166270679036,0.21504071176431458,0.0,0.0,0.8353415700198175,0.8385329459173851,0.8380762005052935,0.6386983456942819,1.0765262743201534,0.6399699040506533,0.02942909732192593,9,0.01645728077997928,0.013583770008312842,,1.6910594255035616,0.9170839696719646,0.9170839696719646,0.3643264411918248,14.04096317086873,1033.657310325197,0.0,0.0,0.15393111975625656,11.331988075626688,0.0,0.0,,,,,5.996139411811205,441.4193856449097,1033.657310325197,False,COST_INCOMPLETE|EQUILIBRIUM_ACID_ASSUMED_NOMINAL|LIGAND_LOSS_NOT_MEASURED|OA_ASSUMED|OOD_ACID|OOD_HULL|OOD_LIGAND|OOD_LOADING|OOD_METAL|PHASE_BEHAVIOUR_UNKNOWN|SAPONIFICATION_RANGE_UNKNOWN,11,3.9114750960800775,,3,6.0519523864390665e-15,12
1,0,converged_newton,OUT_OF_DOMAIN,False,False,4.0,3.0,5.0,0.0,3.0,1.7360963451479319,1.1302212269401721,2.2622986357711166,2.4587637237845494,18.960965164728407,0.0,2.3554064705482336,0.0,0.878892049684593,0.29656129894896194,0.0,0.0,0.7970246017579867,0.8007815161782099,0.8002434217348181,0.5746296785054159,0.7545177605135371,0.6295638096583559,0.03515874672606609,12,0.03259544448478945,0.00952061827982389,,1.3089018154598748,0.9170839696719646,0.9170839696719646,0.4790223391695135,8.10757979765949,851.5812271185251,0.0,0.0,0.06429025593734776,6.752739585578363,0.0,0.0,,,,,3.3925198627112887,356.33398619716985,851.5812271185251,False,COST_INCOMPLETE|EQUILIBRIUM_ACID_ASSUMED_NOMINAL|LIGAND_LOSS_NOT_MEASURED|OA_ASSUMED|OOD_ACID|OOD_HULL|OOD_LIGAND|OOD_LOADING|OOD_METAL|PHASE_BEHAVIOUR_UNKNOWN|SAPONIFICATION_RANGE_UNKNOWN,11,3.6488331127254883,,4,3.7896224855723103e-16,125
1,0,converged_newton,OUT_OF_DOMAIN,False,False,4.0,4.0,2.0,0.0,0.0,1.0398455743217367,4.764811077523412,2.762115608884024,0.5135204054816557,38.793883464802704,0.0,3.0978932603558618,0.0,0.8866346715350354,0.4064431338289316,0.0,0.0,0.9851999223187291,0.9855370627330153,0.9854889549849764,0.024123865362155432,0.7200337836616442,0.28236141330639997,-0.13084299189862092,10,0.05193322461351793,0.009085494287310175,,22.18907097506834,0.9170839696719646,0.9170839696719646,0.44056224646540365,11.003567045658855,1211.1137487618782,0.0,0.0,0.5545365770197325,61.03537787638706,0.0,0.0,,,,,7.526926686407435,828.4553870580701,1211.1137487618782,False,COST_INCOMPLETE|EQUILIBRIUM_ACID_ASSUMED_NOMINAL|LIGAND_LOSS_NOT_MEASURED|OA_ASSUMED|OOD_ACID|OOD_HULL|OOD_LIGAND|OOD_LOADING|OOD_METAL|PHASE_BEHAVIOUR_UNKNOWN|SAPONIFICATION_RANGE_UNKNOWN,11,3.0295573426705946,,5,2.3592239273284576e-15,111
1,0,converged_newton,OUT_OF_DOMAIN,False,False,4.0,4.0,8.0,3.0,0.0,4.148813492112957,0.6251587869519498,4.580076179231997,2.1591666239471867,36.18961465785328,0.0,1.8192569852191853,0.0,0.7905860761643081,0.17290073148172838,0.0,0.0,0.7993671286635382,0.8030913966335416,0.8025580029288819,0.7389130528826451,0.9821562631545437,0.806357614284736,0.05103746413682872,16,0.017754888205175852,0.012392995051923504,,1.3280760414761044,0.9170839696719646,0.9170839696719646,0.3321700534117188,9.68215756935777,781.2605047280329,0.0,0.0,0.06787276679928624,5.47670409896208,0.0,0.0,,,,,5.205234966183947,420.01428584255325,781.2605047280329,False,COST_INCOMPLETE|EQUILIBRIUM_ACID_ASSUMED_NOMINAL|LIGAND_LOSS_NOT_MEASURED|OA_ASSUMED|OOD_ACID|OOD_HULL|OOD_LIGAND|OOD_LOADING|OOD_METAL|PHASE_BEHAVIOUR_UNKNOWN|SAPONIFICATION_RANGE_UNKNOWN,11,3.933893291365069,,3,1.2442152425461673e-13,147
1,0,converged_newton,OUT_OF_DOMAIN,False,False,4.0,6.0,1.0,0.0,3.0,1.1174796266765754,4.324030232469726,2.5997628888706696,1.8994940660628865,23.490970902584674,0.0,2.9909855404406174,0.0,0.21199787991177887,0.45385021843737616,0.0,0.0,0.9988255996751424,0.9988527135430832,0.998848845614889,0.0004270121689225946,0.19553741380369297,0.14406284848547582,-0.0869103623375658,11,0.013123555620331191,0.002467320417987068,,283.49946735475174,0.9170839696719646,0.9170839696719646,0.6793893555410906,15.98932297723907,6480.440424630278,0.0,0.0,0.30472700511852785,123.50524192035645,0.0,0.0,,,,,6.923793121340395,2806.199418148164,6480.440424630278,False,COST_INCOMPLETE|EQUILIBRIUM_ACID_ASSUMED_NOMINAL|HIGH_LOADING|LIGAND_LOSS_NOT_MEASURED|OA_ASSUMED|OOD_ACID|OOD_HULL|OOD_LIGAND|OOD_LOADING|OOD_METAL|PHASE_BEHAVIOUR_UNKNOWN|SAPONIFICATION_RANGE_UNKNOWN,12,3.341272030710669,,11,7.855430146899345e-16,169
1,0,converged_newton,OUT_OF_DOMAIN,False,False,4.0,7.0,8.0,0.0,2.0,2.8593207652860997,3.6491593096945265,3.661888071791155,1.390780850329711,34.01643469262204,0.0,2.0593437813326023,0.0,0.2964902100970001,0.21412177837024976,0.0,0.0,0.9454021559721908,0.9465967335395935,0.9464261404978166,0.1345104687598307,0.9575506985784862,0.497279677316174,-0.05231508694781113,19,0.02511656029126925,0.012082518347268124,,5.77191384755446,0.9170839696719646,0.9170839696719646,0.6415185912214072,12.616267316304683,1044.1753079694051,0.0,0.0,0.37239416802359254,30.820906479963377,0.0,0.0,,,,,7.311047381485682,605.0930088708469,1044.1753079694051,False,COST_INCOMPLETE|EQUILIBRIUM_ACID_ASSUMED_NOMINAL|HIGH_LOADING|LIGAND_LOSS_NOT_MEASURED|OA_ASSUMED|OOD_ACID|OOD_HULL|OOD_LIGAND|OOD_LOADING|OOD_METAL|PHASE_BEHAVIOUR_UNKNOWN|SAPONIFICATION_RANGE_UNKNOWN,12,3.5957806069516742,,9,1.310593218210062e-15,263
1,0,converged_newton,OUT_OF_DOMAIN,False,False,4.0,9.0,1.0,1.0,0.0,4.247486528839515,4.776839528938289,3.0454758085637823,0.662409485169892,33.88477381247022,0.0,4.739489245586301,0.0,0.9928708486557158,0.08324556099268708,0.0,0.0,0.9075303728245298,0.9094742255699776,0.9091964226980653,0.264148208415452,0.8847235773432904,0.2875481345696979,-0.09550785867579392,14,0.015622007945220227,0.01116357480745424,,3.2714539196832786,0.9170839696719646,0.9170839696719646,0.4254420935139784,17.598223655484492,1576.3968046985856,0.0,0.0,0.48558638092962236,43.49739123039534,0.0,0.0,,,,,7.82231533750207,700.699862939861,1576.3968046985856,False,COST_INCOMPLETE|EQUILIBRIUM_ACID_ASSUMED_NOMINAL|LIGAND_LOSS_NOT_MEASURED|OA_ASSUMED|OOD_ACID|OOD_HULL|OOD_LIGAND|OOD_LOADING|OOD_METAL|PHASE_BEHAVIOUR_UNKNOWN|SAPONIFICATION_RANGE_UNKNOWN,11,3.3935706776892722,,5,2.8146291115124103e-16,225
1,0,converged_newton,OUT_OF_DOMAIN,False,False,4.0,9.0,6.0,0.0,2.0,3.4288975836429167,1.183598998861903,3.5221059522771108,0.07659467579564617,25.754134635982567,0.0,2.0298470249081255,0.0,0.4177962149454059,0.4982505069717637,0.0,0.0,0.8095685579808333,0.8131477250202296,0.8126352168499927,0.6906623086896277,0.9823264724521318,0.7176171083254484,0.043191917462206256,19,0.02148634761952759,0.012395142778371865,,1.4170778897239584,0.9170839696719646,0.9170839696719646,0.592250236937224,7.239993670230772,584.0992556264661,0.0,0.0,0.09144770391511085,7.377704763084847,0.0,0.0,,,,,4.705704951139014,379.6410445025241,584.0992556264661,False,COST_INCOMPLETE|EQUILIBRIUM_ACID_ASSUMED_NOMINAL|HIGH_LOADING|LIGAND_LOSS_NOT_MEASURED|OA_ASSUMED|OOD_ACID|OOD_HULL|OOD_LIGAND|OOD_LOADING|OOD_METAL|PHASE_BEHAVIOUR_UNKNOWN|SAPONIFICATION_RANGE_UNKNOWN,12,3.718961326485189,,7,9.300660099794846e-16,23
1,0,converged_newton,OUT_OF_DOMAIN,False,False,5.0,1.0,3.0,0.0,3.0,2.4686403557157686,2.214571966480964,1.5940019482645598,0.4024162263968758,18.37714363359251,0.0,2.548850610360361,0.0,0.4033614985418527,0.48430861975405237,0.0,0.0,0.8218156000558308,0.8252142800375307,0.8247277347041128,0.3108740396689928,0.48230118571784186,0.31591703927588594,-0.004524918186109957,9,0.014652838695229908,0.006085748706565585,,1.5373878602042448,0.9170839696719646,0.9170839696719646,0.6112992248181759,4.954052532585306,814.0415865743269,0.0,0.0,0.12209252134484432,20.06203792363712,0.0,0.0,,,,,3.8085739147455238,625.8184651358771,814.0415865743269,False,COST_INCOMPLETE|EQUILIBRIUM_ACID_ASSUMED_NOMINAL|HIGH_LOADING|LIGAND_LOSS_NOT_MEASURED|OA_ASSUMED|OOD_ACID|OOD_HULL|OOD_LIGAND|OOD_LOADING|OOD_METAL|PHASE_BEHAVIOUR_UNKNOWN|SAPONIFICATION_RANGE_UNKNOWN,12,3.6308474431327262,,7,5.504853728670686e-16,253
1,0,converged_newton,OUT_OF_DOMAIN,False,False,5.0,1.0,6.0,4.0,0.0,4.5095518964772,1.9769240813882054,3.114231065316041,2.015948484294036,21.04075306473203,0.0,3.948581874249166,0.0,0.4843668801637407,0.19642450885481438,0.0,0.0,0.8358343529490121,0.8390180184433982,0.8385623809978207,0.4506115175853929,0.7716818875748394,0.5789088924893409,0.016280170143901512,12,0.01283412252408604,0.009737197809702457,,1.6971361304138761,0.9170839696719646,0.9170839696719646,0.42192026093913615,16.282173442169523,1672.162131280258,0.0,0.0,0.12478791427263458,12.815587883845996,0.0,0.0,,,,,5.091155146704247,522.8562925599864,1672.162131280258,False,COST_INCOMPLETE|EQUILIBRIUM_ACID_ASSUMED_NOMINAL|LIGAND_LOSS_NOT_MEASURED|OA_ASSUMED|OOD_ACID|OOD_HULL|OOD_LIGAND|OOD_LOADING|OOD_METAL|PHASE_BEHAVIOUR_UNKNOWN|SAPONIFICATION_RANGE_UNKNOWN,11,3.40910315815988,,4,8.364054710741774e-16,99
1,0,converged_newton,OUT_OF_DOMAIN,False,False,5.0,2.0,12.0,0.0,4.0,2.6829954152258932,1.1243024683535316,2.9083261293857383,2.866212243809685,33.22874892255438,0.0,3.000521134980946,0.0,0.5726903886207535,0.4408958197745803,0.0,0.0,0.8203998933737797,0.8238197875634408,0.8233301914804061,0.7441178026838633,1.1296063165339862,0.7738834360144856,0.04736130930612131,19,0.03157682389588279,0.014253541942973316,,1.5226418083020743,0.9170839696719646,0.9170839696719646,0.5069274047548838,11.94898351917958,838.3167893977516,0.0,0.0,0.11207749330178318,7.863132809388121,0.0,0.0,,,,,4.03262859773927,282.92115839510814,838.3167893977516,False,COST_INCOMPLETE|EQUILIBRIUM_ACID_ASSUMED_NOMINAL|HIGH_LOADING|LIGAND_LOSS_NOT_MEASURED|OA_ASSUMED|OOD_ACID|OOD_HULL|OOD_LIGAND|OOD_LOADING|OOD_METAL|PHASE_BEHAVIOUR_UNKNOWN|SAPONIFICATION_RANGE_UNKNOWN,12,3.6534617336188093,,4,6.025198308016344e-13,97
1,0,converged_newton,OUT_OF_DOMAIN,False,False,5.0,3.0,8.0,2.0,0.0,0.6241828546922772,2.7825234993858134,3.9971681892975512,1.0454366681601077,23.266834589037263,0.0,5.323787087067001,0.0,0.3630416413483724,0.16115962960269156,0.0,0.0,0.9940365840169909,0.9941736189209054,0.9941540683544661,0.004642094444648361,0.38854101642139505,0.4447357206356779,-0.03559993776871423,16,0.04668596071253986,0.004902668826357626,,55.56304120821538,0.9170839696719646,0.9170839696719646,0.5373260161470503,24.189024487292397,4933.848347505723,0.0,0.0,0.19422154200095681,39.61547248649287,0.0,0.0,,,,,6.779691688683364,1382.857363775935,4933.848347505723,False,COST_INCOMPLETE|EQUILIBRIUM_ACID_ASSUMED_NOMINAL|HIGH_LOADING|LIGAND_LOSS_NOT_MEASURED|OA_ASSUMED|OOD_ACID|OOD_HULL|OOD_LIGAND|OOD_LOADING|OOD_METAL|PHASE_BEHAVIOUR_UNKNOWN|SAPONIFICATION_RANGE_UNKNOWN,12,2.902775036687358,,7,4.587172233886224e-16,161
1,0,converged_newton,OUT_OF_DOMAIN,False,False,5.0,4.0,1.0,0.0,1.0,3.5149724778778495,2.0834031195687364,4.308111107784919,1.5757512170447114,25.346831849626195,0.0,1.159706750829704,0.0,0.720047338832862,0.17509045529300465,0.0,0.0,0.8356704274988469,0.8388566591089733,0.838400652921819,0.5122763348794562,0.8752808802646078,0.5155565782990822,0.012838397473150166,10,0.01867612518533264,0.01104442543931086,,1.695110654318337,0.9170839696719646,0.9170839696719646,0.5146962863129454,8.27907053627779,749.6153223878687,0.0,0.0,0.15842300564008652,14.344160002765308,0.0,0.0,,,,,6.391514227353655,578.7095274874223,749.6153223878687,False,COST_INCOMPLETE|EQUILIBRIUM_ACID_ASSUMED_NOMINAL|HIGH_LOADING|LIGAND_LOSS_NOT_MEASURED|OA_ASSUMED|OOD_ACID|OOD_HULL|OOD_LIGAND|OOD_LOADING|OOD_METAL|PHASE_BEHAVIOUR_UNKNOWN|SAPONIFICATION_RANGE_UNKNOWN,12,3.8613958872226815,,6,4.625625141916659e-16,164
1,0,converged_newton,OUT_OF_DOMAIN,False,False,5.0,6.0,12.0,0.0,4.0,4.331344114526851,4.861264683892617,4.8913320753515785,1.0537918030305589,30.975730399009166,0.0,4.458974311110432,0.0,0.06253605248536262,0.12320115277060709,0.0,0.0,0.998893949668976,0.9989194872193092,0.9989158441656009,0.001042038874941605,0.5002893671705382,0.24866014876382878,-0.11305952170869185,23,0.00866283110869596,0.006312726278362925,,301.0393293598156,0.9170839696719646,0.9170839696719646,0.776835183758255,26.933084947351144,4266.4743820217855,0.0,0.0,0.45174367273944677,71.56078892376705,0.0,0.0,,,,,9.752596759244195,1544.910444267406,4266.4743820217855,False,COST_INCOMPLETE|EQUILIBRIUM_ACID_ASSUMED_NOMINAL|HIGH_LOADING|LIGAND_LOSS_NOT_MEASURED|OA_ASSUMED|OOD_ACID|OOD_HULL|OOD_LIGAND|OOD_LOADING|OOD_METAL|PHASE_BEHAVIOUR_UNKNOWN|SAPONIFICATION_RANGE_UNKNOWN,12,3.3856757490199834,,12,4.882165081388534e-14,9
1,0,converged_newton,OUT_OF_DOMAIN,False,False,5.0,7.0,7.0,0.0,2.0,3.094310778928671,2.425985373061846,2.1761014847413924,1.017329497221377,40.60656224822225,0.0,3.255399852365249,0.0,0.15380774341437106,0.27793979869985275,0.0,0.0,0.9624826514384083,0.9633180152941276,0.9631987605940299,0.049314852493893155,0.5706761257168566,0.3969315593086226,-0.055710216635748294,19,0.01383206551850714,0.007200876955714152,,8.551445205483292,0.9170839696719646,0.9170839696719646,0.7071123742309929,9.552106932002351,1326.5199489934923,0.0,0.0,0.29553277819353774,41.04122039733257,0.0,0.0,,,,,4.602086857803238,639.1008881427031,1326.5199489934923,False,COST_INCOMPLETE|EQUILIBRIUM_ACID_ASSUMED_NOMINAL|HIGH_LOADING|LIGAND_LOSS_NOT_MEASURED|OA_ASSUMED|OOD_ACID|OOD_HULL|OOD_LIGAND|OOD_LOADING|OOD_METAL|PHASE_BEHAVIOUR_UNKNOWN|SAPONIFICATION_RANGE_UNKNOWN,12,3.4796803718563107,,10,7.432994816962739e-13,290
1,0,converged_newton,OUT_OF_DOMAIN,False,False,5.0,10.0,4.0,0.0,1.0,2.1401805725951175,4.188338326699169,4.846567684503683,0.4238181442860545,41.8280052684448,0.0,4.759999740289019,0.0,0.8515983381607188,0.0049853070410603596,0.0,0.0,0.9296767198329152,0.9311903209268866,0.9309741019061026,0.3159530842624755,1.6052205507697859,0.5519444581681402,-0.05479829628746816,19,0.05625298297225025,0.02025491369269577,,4.4066806782621,0.9170839696719646,0.9170839696719646,0.497973166611644,24.84475469679449,1226.6038292601504,0.0,0.0,0.5255695127856062,25.947753752963877,0.0,0.0,,,,,9.034906011202853,446.05996096942033,1226.6038292601504,False,COST_INCOMPLETE|EQUILIBRIUM_ACID_ASSUMED_NOMINAL|LIGAND_LOSS_NOT_MEASURED|OA_ASSUMED|OOD_ACID|OOD_HULL|OOD_LIGAND|OOD_LOADING|OOD_METAL|PHASE_BEHAVIOUR_UNKNOWN|SAPONIFICATION_RANGE_UNKNOWN,11,3.734129650728,,7,2.4254903718041386e-14,81
1,0,converged_newton,OUT_OF_DOMAIN,False,False,5.0,11.0,8.0,0.0,2.0,0.48918223522779486,4.0486505570759865,3.323031496360665,1.4358398545086377,24.530643813040136,0.0,4.9914544508489955,0.0,0.5047713280125641,0.16312212786893188,0.0,0.0,0.999995998953391,0.999996091432955,0.9999960782405909,1.8403497391624915e-06,0.3925325794357173,0.296425591311154,-0.06987606128141875,24,0.06018195538922148,0.004953034967206796,,83311.20134878537,0.9170839696719646,0.9170839696719646,0.5903941323411459,22.39997417964914,4522.474468271588,0.0,0.0,0.2979480142172929,60.15463573141642,0.0,0.0,,,,,7.371682053436651,1488.3161742736136,4522.474468271588,False,COST_INCOMPLETE|EQUILIBRIUM_ACID_ASSUMED_NOMINAL|HIGH_LOADING|LIGAND_LOSS_NOT_MEASURED|OA_ASSUMED|OOD_ACID|OOD_HULL|OOD_LIGAND|OOD_LOADING|OOD_METAL|PHASE_BEHAVIOUR_UNKNOWN|SAPONIFICATION_RANGE_UNKNOWN,12,3.3245570545010037,,6,4.3989147679858804e-16,56
1,0,converged_newton,OUT_OF_DOMAIN,False,False,5.0,12.0,9.0,0.0,1.0,1.3576500742478586,1.9154984199592162,4.5098148839806536,1.224805359024694,43.756705292471565,0.0,1.7588618844915755,0.0,0.2294545962374101,0.14245100679082515,0.0,0.0,0.9969737843242777,0.9970435252734999,0.9970335760149116,0.0024360693072354284,0.6230158634357659,0.5553061488660403,-0.03708971009266792,26,0.034416961074133084,0.007861307617212009,,109.81523803502532,0.9170839696719646,0.9170839696719646,0.6680562593684194,10.27825423551575,1307.4484215592754,0.0,0.0,0.25144769955105123,31.985480252740253,0.0,0.0,,,,,6.42531330393987,817.3339114566528,1307.4484215592754,False,COST_INCOMPLETE|EQUILIBRIUM_ACID_ASSUMED_NOMINAL|HIGH_LOADING|LIGAND_LOSS_NOT_MEASURED|OA_ASSUMED|OOD_ACID|OOD_HULL|OOD_LIGAND|OOD_LOADING|OOD_METAL|PHASE_BEHAVIOUR_UNKNOWN|SAPONIFICATION_RANGE_UNKNOWN,12,3.373121985460883,,17,8.467428087968091e-16,156
1,0,converged_newton,OUT_OF_DOMAIN,False,False,6.0,1.0,6.0,0.0,0.0,1.9862726426941375,2.86884143704929,0.37559403681300413,0.37975837858751904,43.5635365010556,0.0,1.3043438704044708,0.0,0.47672408075839384,0.10439813475047775,0.0,0.0,0.9074011638248304,0.9093474614244679,0.9090693084362781,0.06223405877905123,0.21315579509324817,0.09056979454961382,-0.10899019402664392,13,0.00804858521854765,0.002689631795855869,,3.2664239325438023,0.9170839696719646,0.9170839696719646,0.5396040641773272,1.5793703522360394,587.2069012083742,0.0,0.0,0.37493063597591264,139.39849928663034,0.0,0.0,,,,,3.244435473862294,1206.2749551300128,587.2069012083742,False,COST_INCOMPLETE|EQUILIBRIUM_ACID_ASSUMED_NOMINAL|HIGH_LOADING|LIGAND_LOSS_NOT_MEASURED|OA_ASSUMED|OOD_ACID|OOD_HULL|OOD_LIGAND|OOD_LOADING|OOD_METAL|PHASE_BEHAVIOUR_UNKNOWN|SAPONIFICATION_RANGE_UNKNOWN,12,3.8300768954410103,,8,1.7466440275981515e-14,92
1,0,converged_newton,OUT_OF_DOMAIN,False,False,6.0,2.0,9.0,0.0,3.0,3.541929053875869,0.37781635491058163,2.5027723796683885,0.32020228965451175,40.38088708258834,0.0,3.628427334765587,0.0,0.3725116740131165,0.22070340043404546,0.0,0.0,0.7839586948393893,0.7878930896970001,0.7873294285935486,0.8826101455672264,1.062176480017357,0.8827334253081711,0.06440667643570246,17,0.022491482689109128,0.013402702151331013,,1.2095814953172563,0.9170839696719646,0.9170839696719646,0.5862169317392835,9.202105376996387,686.5858297151319,0.0,0.0,0.045769678696797954,3.4149590269192545,0.0,0.0,,,,,2.88058873457897,214.92596806629032,686.5858297151319,False,COST_INCOMPLETE|EQUILIBRIUM_ACID_ASSUMED_NOMINAL|HIGH_LOADING|LIGAND_LOSS_NOT_MEASURED|OA_ASSUMED|OOD_ACID|OOD_HULL|OOD_LIGAND|OOD_LOADING|OOD_METAL|PHASE_BEHAVIOUR_UNKNOWN|SAPONIFICATION_RANGE_UNKNOWN,12,4.024415028768367,,5,5.811723629211217e-15,29
1,0,converged_newton,OUT_OF_DOMAIN,False,False,6.0,3.0,3.0,2.0,0.0,2.8513876353553984,2.038030503829848,1.980544344348501,1.0297385847250562,46.109852232315426,0.0,4.2608148390832215,0.0,0.26354568852110816,0.03043953452402568,0.0,0.0,0.9109370090712678,0.9128161287502657,0.9125475952713711,0.15886944131383937,0.6117145428153609,0.3614152945331724,-0.04809469466539358,12,0.016089917113438604,0.007718705858425645,,3.4093360948701887,0.9170839696719646,0.9170839696719646,0.6184659007910451,10.537371378502684,1365.1733298011632,0.0,0.0,0.2819198561296369,36.52423881678256,0.0,0.0,,,,,4.018574848178349,520.6280588852497,1365.1733298011632,False,COST_INCOMPLETE|EQUILIBRIUM_ACID_ASSUMED_NOMINAL|HIGH_LOADING|LIGAND_LOSS_NOT_MEASURED|OA_ASSUMED|OOD_ACID|OOD_HULL|OOD_LIGAND|OOD_LOADING|OOD_METAL|PHASE_BEHAVIOUR_UNKNOWN|SAPONIFICATION_RANGE_UNKNOWN,12,3.2473210534497214,,8,3.469446951953614e-15,183
1,0,converged_newton,OUT_OF_DOMAIN,False,False,6.0,5.0,3.0,0.0,2.0,0.23888887082160715,1.0117406560743396,3.6013973246730426,1.7109926256719044,36.932562553660226,0.0,5.531153225807829,0.0,0.14473954961197363,0.09594986578587372,0.0,0.0,0.9999109100408022,0.9999129690809814,0.9999126753549703,1.4318705551364228e-05,0.08657023394977766,0.1737318211298914,-0.030873407522313455,14,0.027179028993283946,0.0010923561975133868,,3741.2031578125248,0.9170839696719646,0.9170839696719646,0.7132065835880376,21.650961231416634,19820.4223866742,0.0,0.0,0.11209852520564031,102.62085340003442,0.0,0.0,,,,,4.613137980747382,4223.107802426184,19820.4223866742,False,COST_INCOMPLETE|EQUILIBRIUM_ACID_ASSUMED_NOMINAL|HIGH_LOADING|LIGAND_LOSS_NOT_MEASURED|OA_ASSUMED|OOD_ACID|OOD_HULL|OOD_LIGAND|OOD_LOADING|OOD_METAL|PHASE_BEHAVIOUR_UNKNOWN|SAPONIFICATION_RANGE_UNKNOWN,12,3.1891933889662227,,11,9.588110399002106e-16,58
1,0,converged_newton,OUT_OF_DOMAIN,False,False,6.0,5.0,7.0,0.0,5.0,1.1820830800884607,4.372793936622504,4.465568559656921,0.34065853711799576,45.69526680065648,0.0,4.993491592429364,0.0,0.8035854631009197,0.05448790379319512,0.0,0.0,0.9850441069624012,0.9853847441391828,0.9853361372757109,0.04469053336562222,1.300107170568235,0.47121479048979864,-0.10230794780564066,18,0.08248831189202085,0.016404947294305573,,21.954425244194695,0.9170839696719646,0.9170839696719646,0.5359776680786154,23.788408643632003,1450.0752862454701,0.0,0.0,0.5994479567947747,36.54068166393031,0.0,0.0,,,,,8.838362496279425,538.7620171963226,1450.0752862454701,False,COST_INCOMPLETE|EQUILIBRIUM_ACID_ASSUMED_NOMINAL|HIGH_LOADING|LIGAND_LOSS_NOT_MEASURED|OA_ASSUMED|OOD_ACID|OOD_HULL|OOD_LIGAND|OOD_LOADING|OOD_METAL|PHASE_BEHAVIOUR_UNKNOWN|SAPONIFICATION_RANGE_UNKNOWN,12,3.584249071802883,,7,5.949905317119851e-13,234
1,0,converged_newton,OUT_OF_DOMAIN,False,False,6.0,5.0,11.0,5.0,0.0,1.3048830184155402,2.6372748827310355,1.0106503394181166,1.4209938910881712,46.57403703899792,0.0,3.71157985621906,0.0,0.8643798915699467,0.022677701426446515,0.0,0.0,0.9606376859680116,0.9615124872496561,0.9613875979801977,0.059801973492695296,0.5919582676917352,0.32493850933952906,-0.078431667993454,22,0.03402364001241217,0.0074694182154744675,,8.135003489101567,0.9170839696719646,0.9170839696719646,0.43613158145142267,7.498660938946312,1003.9149934611055,0.0,0.0,0.36848561421100234,49.33257230765403,0.0,0.0,,,,,3.6479252221491523,488.381439747437,1003.9149934611055,False,COST_INCOMPLETE|EQUILIBRIUM_ACID_ASSUMED_NOMINAL|LIGAND_LOSS_NOT_MEASURED|OA_ASSUMED|OOD_ACID|OOD_HULL|OOD_LIGAND|OOD_LOADING|OOD_METAL|PHASE_BEHAVIOUR_UNKNOWN|SAPONIFICATION_RANGE_UNKNOWN,11,3.46587557721109,,7,5.070794350634258e-16,159
1,0,converged_newton,OUT_OF_DOMAIN,False,False,6.0,6.0,1.0,5.0,0.0,0.7694099393399001,4.660151916671009,1.625430486125217,2.0355706909981346,25.15565752524583,0.0,5.2176122505551845,0.0,0.35451101523035494,0.2818530681115218,0.0,0.0,0.99999720392469,0.9999972685528123,0.9999972593335033,5.946621380062922e-07,0.17904341347518332,0.11454665780244357,-0.1038009296207551,13,0.01745266771853669,0.002259196647741884,,119214.38600931755,0.9170839696719646,0.9170839696719646,0.5117009539993082,17.96693467400709,7952.798040828109,0.0,0.0,0.35168755689418074,155.66929830818404,0.0,0.0,,,,,6.285582402796226,2782.220135232053,7952.798040828109,False,COST_INCOMPLETE|EQUILIBRIUM_ACID_ASSUMED_NOMINAL|HIGH_LOADING|LIGAND_LOSS_NOT_MEASURED|OA_ASSUMED|OOD_ACID|OOD_HULL|OOD_LIGAND|OOD_LOADING|OOD_METAL|PHASE_BEHAVIOUR_UNKNOWN|SAPONIFICATION_RANGE_UNKNOWN,12,2.8005789230313587,,7,7.829256193236714e-16,127
1,0,converged_newton,OUT_OF_DOMAIN,False,False,6.0,6.0,3.0,0.0,5.0,2.2469139261258144,4.798384035112962,4.639528192872372,2.681484191802038,35.33894119979067,0.0,4.514066134222967,0.0,0.6904565222403343,0.2699854109526593,0.0,0.0,0.9478634102675417,0.9490070412571608,0.9488437316746777,0.18073332377202514,1.2669032208442454,0.4804082853538584,-0.07455206970755285,15,0.04228810924108267,0.015985974876095814,,6.06012920504617,0.9170839696719646,0.9170839696719646,0.5312088477662296,33.809928030568535,2114.974425558824,0.0,0.0,0.5087094338126144,31.82223403674298,0.0,0.0,,,,,9.437912227985333,590.3870299519896,2114.974425558824,False,COST_INCOMPLETE|EQUILIBRIUM_ACID_ASSUMED_NOMINAL|HIGH_LOADING|LIGAND_LOSS_NOT_MEASURED|OA_ASSUMED|OOD_ACID|OOD_HULL|OOD_LIGAND|OOD_LOADING|OOD_METAL|PHASE_BEHAVIOUR_UNKNOWN|SAPONIFICATION_RANGE_UNKNOWN,12,3.7072074713749306,,6,6.558172816318073e-16,69
1,0,converged_newton,OUT_OF_DOMAIN,False,False,6.0,8.0,9.0,5.0,0.0,4.0699613063288735,3.062613702701564,2.4500697380368575,0.5031320482740058,48.85066055003733,0.0,5.41906074954156,0.0,0.8618943505863647,0.3556822273895652,0.0,0.0,0.9180252169586988,0.9197679562027884,0.9195189470550369,0.3585734541153313,1.3600992769564455,0.5020659318810058,-0.04760325661483364,23,0.02506349276911054,0.01716193669152797,,3.7329577987260243,0.9170839696719646,0.9170839696719646,0.4279258745027356,14.817975856347381,863.4209601566885,0.0,0.0,0.44883210715970107,26.15276557809866,0.0,0.0,,,,,5.512683440738421,321.215696096803,863.4209601566885,False,COST_INCOMPLETE|EQUILIBRIUM_ACID_ASSUMED_NOMINAL|LIGAND_LOSS_NOT_MEASURED|OA_ASSUMED|OOD_ACID|OOD_HULL|OOD_LIGAND|OOD_LOADING|OOD_METAL|PHASE_BEHAVIOUR_UNKNOWN|SAPONIFICATION_RANGE_UNKNOWN,11,3.5512922774238613,,4,1.288119621470832e-15,281
1,0,converged_newton,OUT_OF_DOMAIN,False,False,6.0,10.0,10.0,0.0,4.0,1.7014724288565233,0.8568734695497273,2.731876443656718,1.7847577654614235,1.2700860070388897,0.0,1.2823345654405527,0.0,0.9873932214732257,0.174565013261577,0.0,0.0,0.7541043207441483,0.7584148598685022,0.757796943313879,0.7762546485944344,0.7876201549670935,0.7832496788351855,0.05798320861905404,26,0.03471787765743057,0.00993830925839803,,1.0222550785578075,0.9170839696719646,0.9170839696719646,0.4400516744628607,5.032491171010568,506.3729695026377,0.0,0.0,0.003264909010433828,0.32851755017332834,0.0,0.0,,,,,3.588749913206445,361.10266041217164,506.3729695026377,False,COST_INCOMPLETE|EQUILIBRIUM_ACID_ASSUMED_NOMINAL|LIGAND_LOSS_NOT_MEASURED|OA_ASSUMED|OOD_ACID|OOD_HULL|OOD_LIGAND|OOD_LOADING|OOD_METAL|PHASE_BEHAVIOUR_UNKNOWN|SAPONIFICATION_RANGE_UNKNOWN,11,3.691199336128456,,5,6.746388371809953e-16,17
1,0,converged_newton,OUT_OF_DOMAIN,False,False,6.0,11.0,4.0,5.0,0.0,4.220629848504116,4.036822614097988,3.5097967370874543,2.78833790704383,48.61660487956952,0.0,1.455936232648511,0.0,0.11667141530826244,0.36136944269314414,0.0,0.0,0.9999863002957814,0.9999866169455962,0.9999865717749632,7.921229595378954e-06,0.6958459450435862,0.26591640295042657,-0.1440681641202439,21,0.012365084774436142,0.008780288511451725,,24331.092222521307,0.9170839696719646,0.9170839696719646,0.6663565573846965,16.366065757658333,1863.955351388833,0.0,0.0,0.5887698299955387,67.05586373700972,0.0,0.0,,,,,7.546619351185443,859.4956010093217,1863.955351388833,False,COST_INCOMPLETE|EQUILIBRIUM_ACID_ASSUMED_NOMINAL|HIGH_LOADING|LIGAND_LOSS_NOT_MEASURED|OA_ASSUMED|OOD_ACID|OOD_HULL|OOD_LIGAND|OOD_LOADING|OOD_METAL|PHASE_BEHAVIOUR_UNKNOWN|SAPONIFICATION_RANGE_UNKNOWN,12,3.0341955023176244,,14,1.4273715052977497e-15,222
1,0,converged_newton,OUT_OF_DOMAIN,False,False,7.0,3.0,1.0,1.0,0.0,0.5716995015243049,3.493901660196611,0.28663987595398793,0.17401108951111838,49.406206473131114,0.0,0.8305300428449186,0.0,0.46900920810583513,0.47504120409592776,0.0,0.0,0.9994078992044584,0.9994215770667206,0.9994196258741166,0.00012409768025279,0.09867262546690707,0.04281729410671211,-0.1652199799104713,11,0.01294464467834316,0.0012450659890352533,,562.6338773903823,0.9170839696719646,0.9170839696719646,0.5419996355760148,0.8460406629926454,679.5147168450123,0.0,0.0,0.5178612804614681,415.9307900320496,0.0,0.0,,,,,3.780541536150599,3036.418607081199,679.5147168450123,False,COST_INCOMPLETE|EQUILIBRIUM_ACID_ASSUMED_NOMINAL|HIGH_LOADING|LIGAND_LOSS_NOT_MEASURED|OA_ASSUMED|OOD_ACID|OOD_HULL|OOD_LIGAND|OOD_LOADING|OOD_METAL|PHASE_BEHAVIOUR_UNKNOWN|SAPONIFICATION_RANGE_UNKNOWN,12,3.360473631931718,,7,2.722241815838339e-15,182
1,0,converged_newton,OUT_OF_DOMAIN,False,False,7.0,3.0,11.0,0.0,0.0,2.890678618647786,0.6759321360723602,2.3534715864190905,0.01488355869985281,37.22507095389791,0.0,0.7514199941691826,0.0,0.1852476118804241,0.34803043093258335,0.0,0.0,0.806978464096989,0.8105949227669803,0.8100770480510114,0.3852710194639011,0.5584056970600204,0.5160677225607156,0.016718805554188143,21,0.014488095289919338,0.007046046846357896,,1.3935896847325164,0.9170839696719646,0.9170839696719646,0.6738651956852506,1.7785058813687198,252.41187294802475,0.0,0.0,0.07548486517594016,10.713080230932372,0.0,0.0,,,,,3.029403722491451,429.9437384605739,252.41187294802475,False,COST_INCOMPLETE|EQUILIBRIUM_ACID_ASSUMED_NOMINAL|HIGH_LOADING|LIGAND_LOSS_NOT_MEASURED|OA_ASSUMED|OOD_ACID|OOD_HULL|OOD_LIGAND|OOD_LOADING|OOD_METAL|PHASE_BEHAVIOUR_UNKNOWN|SAPONIFICATION_RANGE_UNKNOWN,12,3.505385857230454,,11,6.601492182333715e-13,271
1,0,converged_newton,OUT_OF_DOMAIN,False,False,7.0,4.0,3.0,0.0,1.0,1.5011212195258605,3.3512287516165045,4.407371708764914,0.8944374326432109,29.81954107814358,0.0,2.1549364496175363,0.0,0.8321500311052012,0.2989190899354394,0.0,0.0,0.8969608611074442,0.8991021986945815,0.8987961083362049,0.2972351332577571,0.9711800593740582,0.5058021169207016,-0.027093598968029833,14,0.04852273321141973,0.01225449566619077,,2.901683349802161,0.9170839696719646,0.9170839696719646,0.5040355979618203,12.495070383026615,1019.6315477510489,0.0,0.0,0.29979631026325265,24.464189994400837,0.0,0.0,,,,,7.758600460381418,633.1227878913705,1019.6315477510489,False,COST_INCOMPLETE|EQUILIBRIUM_ACID_ASSUMED_NOMINAL|HIGH_LOADING|LIGAND_LOSS_NOT_MEASURED|OA_ASSUMED|OOD_ACID|OOD_HULL|OOD_LIGAND|OOD_LOADING|OOD_METAL|PHASE_BEHAVIOUR_UNKNOWN|SAPONIFICATION_RANGE_UNKNOWN,12,3.6152588218134443,,6,3.2562421947079273e-13,6
1,0,converged_newton,OUT_OF_DOMAIN,False,False,7.0,4.0,3.0,0.0,6.0,2.1596533926224475,0.3712163746247386,1.0971510698702553,1.3815267206820652,40.08540231338236,0.0,0.5786607058831512,0.0,0.32758831112451964,0.39611251336941306,0.0,0.0,0.7844682267113556,0.7883958469564741,0.7878331621239134,0.3240919445287891,0.40020691091884786,0.38363476106207267,0.015135160596765678,14,0.013898303506224218,0.00504987083301066,,1.213229051633113,0.9170839696719646,0.9170839696719646,0.6371791131076181,1.1477235532503767,227.27780396832853,0.0,0.0,0.04464107316644376,8.840042575867113,0.0,0.0,,,,,1.468367444494994,290.77326788170035,227.27780396832853,False,COST_INCOMPLETE|EQUILIBRIUM_ACID_ASSUMED_NOMINAL|HIGH_LOADING|LIGAND_LOSS_NOT_MEASURED|OA_ASSUMED|OOD_ACID|OOD_HULL|OOD_LIGAND|OOD_LOADING|OOD_METAL|PHASE_BEHAVIOUR_UNKNOWN|SAPONIFICATION_RANGE_UNKNOWN,12,3.833946227031314,,8,8.961479665462119e-16,188
1,0,converged_newton,OUT_OF_DOMAIN,False,False,7.0,10.0,11.0,0.0,3.0,3.2135216953253525,0.2634378256686254,3.757946417313897,0.37029413011560136,46.199772570075424,0.0,0.5206575115622342,0.0,0.34816324860894143,0.37815991993188547,0.0,0.0,0.7777862934580988,0.7818018095885234,0.7812264559675481,0.9412003814030361,1.093935750381978,0.9412021508874207,0.06987441364640268,28,0.025531236150668556,0.013803445388682356,,1.1667241497116163,0.9170839696719646,0.9170839696719646,0.5478367208544747,2.054152510718376,148.81447731901812,0.0,0.0,0.036512302896736994,2.6451586447159023,0.0,0.0,,,,,4.021384242982522,291.3319196582408,148.81447731901812,False,COST_INCOMPLETE|EQUILIBRIUM_ACID_ASSUMED_NOMINAL|HIGH_LOADING|LIGAND_LOSS_NOT_MEASURED|OA_ASSUMED|OOD_ACID|OOD_HULL|OOD_LIGAND|OOD_LOADING|OOD_METAL|PHASE_BEHAVIOUR_UNKNOWN|SAPONIFICATION_RANGE_UNKNOWN,12,4.070182568052633,,4,1.881392097373772e-14,274
1,0,converged_newton,OUT_OF_DOMAIN,False,False,8.0,3.0,1.0,0.0,1.0,1.7845995869203457,4.517989033717974,3.338745192807564,1.508986672827679,31.197164614755646,0.0,3.2245631575092406,0.0,0.28430229855233313,0.47465415144698575,0.0,0.0,0.9715725460120348,0.9722113572025382,0.9721201783634795,0.026601228758850147,0.3698845517517318,0.18266429790875216,-0.11320710623118056,12,0.015544854758849667,0.0046672587566861145,,11.392420702692903,0.9170839696719646,0.9170839696719646,0.6379309180705737,17.58357998090038,3767.4319975747862,0.0,0.0,0.42284534283768166,90.59822154319848,0.0,0.0,,,,,7.856734226525538,1683.3723254084248,3767.4319975747862,False,COST_INCOMPLETE|EQUILIBRIUM_ACID_ASSUMED_NOMINAL|HIGH_LOADING|LIGAND_LOSS_NOT_MEASURED|OA_ASSUMED|OOD_ACID|OOD_HULL|OOD_LIGAND|OOD_LOADING|OOD_METAL|PHASE_BEHAVIOUR_UNKNOWN|SAPONIFICATION_RANGE_UNKNOWN,12,3.4462253916469536,,9,8.497452584399849e-13,64
1,0,converged_newton,OUT_OF_DOMAIN,False,False,8.0,3.0,2.0,0.0,5.0,1.877057837756903,1.2947937175534185,3.3944946238753064,0.8864519902785689,14.581431489440558,0.0,2.477009515873071,0.0,0.8739586461826111,0.36915574989161976,0.0,0.0,0.7895077684398258,0.79336774325704,0.7928148050060254,0.6324688422195439,0.7945770936082913,0.6439700054181476,0.04071333613515862,13,0.03174823962368482,0.010026092953713461,,1.250256383316339,0.9170839696719646,0.9170839696719646,0.5186107390654149,9.555967952844531,953.1098501640357,0.0,0.0,0.056639837656389594,5.649243221449622,0.0,0.0,,,,,4.689288341428725,467.70844466307364,953.1098501640357,False,COST_INCOMPLETE|EQUILIBRIUM_ACID_ASSUMED_NOMINAL|HIGH_LOADING|LIGAND_LOSS_NOT_MEASURED|OA_ASSUMED|OOD_ACID|OOD_HULL|OOD_LIGAND|OOD_LOADING|OOD_METAL|PHASE_BEHAVIOUR_UNKNOWN|SAPONIFICATION_RANGE_UNKNOWN,12,3.7308460981660447,,5,1.717347329362797e-15,13
1,0,converged_newton,OUT_OF_DOMAIN,False,False,8.0,5.0,8.0,6.0,0.0,1.139309903129645,2.9168680533580202,4.027434999689018,0.8623970192779806,23.525962776056957,0.0,1.121714839301859,0.0,0.10158014815400777,0.44933083729488715,0.0,0.0,0.9999978004289285,0.9999978512695589,0.9999978440170583,6.216683642110656e-07,0.2448198077263052,0.2675731452244866,-0.05026064366649762,21,0.01611632228337042,0.003089173056861678,,151544.36447420914,0.9170839696719646,0.9170839696719646,0.6699793700090974,7.033131918317972,2276.703761447085,0.0,0.0,0.20586638773791163,66.64126092924472,0.0,0.0,,,,,6.944303053047038,2247.9488604959624,2276.703761447085,False,COST_INCOMPLETE|EQUILIBRIUM_ACID_ASSUMED_NOMINAL|HIGH_LOADING|LIGAND_LOSS_NOT_MEASURED|OA_ASSUMED|OOD_ACID|OOD_HULL|OOD_LIGAND|OOD_LOADING|OOD_METAL|PHASE_BEHAVIOUR_UNKNOWN|SAPONIFICATION_RANGE_UNKNOWN,12,2.855242514964269,,20,9.563336579054637e-16,194
1,0,converged_newton,OUT_OF_DOMAIN,False,False,8.0,8.0,6.0,0.0,7.0,0.3282198852372222,3.979519716595254,1.3125950493170049,2.643719968112436,43.40565681113002,0.0,2.965807845128569,0.0,0.7108614769413096,0.34881540033259534,0.0,0.0,0.9999987737912772,0.9999988021337501,0.9999987980906494,6.103493338127541e-07,0.3339206003765497,0.14498620722705946,-0.1476896220634178,22,0.07630264391245078,0.00421346022364136,,271840.28167051205,0.9170839696719646,0.9170839696719646,0.5523311300496615,14.413640433001309,3420.8559397636227,0.0,0.0,0.5182010012749767,122.9870400502171,0.0,0.0,,,,,5.292114765912259,1256.0020707490394,3420.8559397636227,False,COST_INCOMPLETE|EQUILIBRIUM_ACID_ASSUMED_NOMINAL|HIGH_LOADING|LIGAND_LOSS_NOT_MEASURED|OA_ASSUMED|OOD_ACID|OOD_HULL|OOD_LIGAND|OOD_LOADING|OOD_METAL|PHASE_BEHAVIOUR_UNKNOWN|SAPONIFICATION_RANGE_UNKNOWN,12,3.310103705241634,,8,5.3101179430450204e-15,273
1,0,converged_newton,OUT_OF_DOMAIN,False,False,8.0,12.0,5.0,0.0,7.0,1.9088408418898843,4.85282671878986,2.0855891493989667,1.8835007283431031,17.309987437936893,0.0,5.305514542429164,0.0,0.06524150578269479,0.10893893678682542,0.0,0.0,0.9999996252772805,0.9999996339385934,0.9999996327030427,7.237273771369615e-08,0.1780010868985574,0.1589249941689129,-0.07065228802334518,25,0.006993815945479404,0.002246044414649032,,889546.2994193172,0.9170839696719646,0.9170839696719646,0.7740294654842133,20.205426221032262,8996.004749171254,0.0,0.0,0.2520071086222113,112.20041196807324,0.0,0.0,,,,,6.938415868188827,3089.171266131452,8996.004749171254,False,COST_INCOMPLETE|EQUILIBRIUM_ACID_ASSUMED_NOMINAL|HIGH_LOADING|LIGAND_LOSS_NOT_MEASURED|OA_ASSUMED|OOD_ACID|OOD_HULL|OOD_LIGAND|OOD_LOADING|OOD_METAL|PHASE_BEHAVIOUR_UNKNOWN|SAPONIFICATION_RANGE_UNKNOWN,12,3.275907982916788,,11,7.613037431969031e-13,139
1,0,converged_newton,OUT_OF_DOMAIN,False,False,8.0,12.0,6.0,4.0,0.0,0.6824262339230607,1.795513384404341,0.6227849491102838,1.654980070163942,43.961822212329125,0.0,3.946240823044461,0.0,0.1619488560005047,0.17855991352849293,0.0,0.0,0.999999998799045,0.9999999988268039,0.9999999988228441,1.3832733001493898e-10,0.1522309621848433,0.14464383334140316,-0.06751671802117774,26,0.016730485430239892,0.0019208731154926801,,277556906.9132169,0.9170839696719646,0.9170839696719646,0.6628958856113338,5.429198257058463,2826.422116728903,0.0,0.0,0.23680212055512287,123.27837723648189,0.0,0.0,,,,,2.418298333514625,1258.9578739011927,2826.422116728903,False,COST_INCOMPLETE|EQUILIBRIUM_ACID_ASSUMED_NOMINAL|HIGH_LOADING|LIGAND_LOSS_NOT_MEASURED|OA_ASSUMED|OOD_ACID|OOD_HULL|OOD_LIGAND|OOD_LOADING|OOD_METAL|PHASE_BEHAVIOUR_UNKNOWN|SAPONIFICATION_RANGE_UNKNOWN,12,3.019828312479209,,12,8.56924102493889e-16,278
1,0,converged_newton,OUT_OF_DOMAIN,False,False,9.0,2.0,7.0,0.0,7.0,0.9881834772849527,4.897766075706539,4.74032511139675,0.2601860810504028,36.052577759661325,0.0,5.144353702132463,0.0,0.9430864573039515,0.24085399668142174,0.0,0.0,0.9452402393449008,0.9464381588690323,0.9462670880257283,0.18049247159792306,1.147522650172925,0.41073993489916044,-0.09051289353007194,18,0.08709333918376362,0.01447961292827949,,5.753861521896438,0.9170839696719646,0.9170839696719646,0.5174860989049676,25.660239597265047,1772.1633668224079,0.0,0.0,0.5297312768791239,36.58462967919047,0.0,0.0,,,,,9.638091187103289,665.6318255772956,1772.1633668224079,False,COST_INCOMPLETE|EQUILIBRIUM_ACID_ASSUMED_NOMINAL|HIGH_LOADING|LIGAND_LOSS_NOT_MEASURED|OA_ASSUMED|OOD_ACID|OOD_HULL|OOD_LIGAND|OOD_LOADING|OOD_METAL|PHASE_BEHAVIOUR_UNKNOWN|SAPONIFICATION_RANGE_UNKNOWN,12,3.5707486496368093,,6,2.86336590003233e-12,16
1,0,converged_newton,OUT_OF_DOMAIN,False,False,9.0,3.0,1.0,8.0,0.0,1.5620406541464091,4.828106325653502,0.554436837434533,0.2745167484274209,39.89177415117201,0.0,0.5696722408723397,0.0,0.4157712518225609,0.1660293912302861,0.0,0.0,0.9998282775253348,0.9998322460413535,0.9998316799240429,4.0243468409527326e-05,0.18077510412063813,0.07037898751766825,-0.1790435943117666,13,0.008679756684346234,0.00228104738005983,,1940.7831919386606,0.9170839696719646,0.9170839696719646,0.5267157396789819,1.6412433251837657,719.5130357795186,0.0,0.0,0.5778051813624434,253.30696171128548,0.0,0.0,,,,,5.382543163088036,2359.6805617193518,719.5130357795186,False,COST_INCOMPLETE|EQUILIBRIUM_ACID_ASSUMED_NOMINAL|HIGH_LOADING|LIGAND_LOSS_NOT_MEASURED|OA_ASSUMED|OOD_ACID|OOD_HULL|OOD_LIGAND|OOD_LOADING|OOD_METAL|PHASE_BEHAVIOUR_UNKNOWN|SAPONIFICATION_RANGE_UNKNOWN,12,3.448280876344062,,8,5.6342774342628704e-14,288
1,0,converged_newton,OUT_OF_DOMAIN,False,False,9.0,3.0,9.0,0.0,2.0,4.521949988502191,2.795927924093141,3.4099922756259002,0.960778658823985,26.96752880225085,0.0,2.66215204934569,0.0,0.656677863036253,0.417947766937917,0.0,0.0,0.8586422898363829,0.8614569563336212,0.8610543115896905,0.6819816451791971,1.367602075431722,0.6819898181547853,0.027170888835379936,21,0.022682726681670696,0.01725660812810878,,2.0247505161256782,0.9170839696719646,0.9170839696719646,0.5030636446436818,11.7641858058892,681.7206323835369,0.0,0.0,0.22619780046599752,13.107894598217745,0.0,0.0,,,,,6.205920199719041,359.6257244556884,681.7206323835369,False,COST_INCOMPLETE|EQUILIBRIUM_ACID_ASSUMED_NOMINAL|HIGH_LOADING|LIGAND_LOSS_NOT_MEASURED|OA_ASSUMED|OOD_ACID|OOD_HULL|OOD_LIGAND|OOD_LOADING|OOD_METAL|PHASE_BEHAVIOUR_UNKNOWN|SAPONIFICATION_RANGE_UNKNOWN,12,3.9030189100069426,,5,4.3712084000093287e-16,57
1,0,converged_newton,OUT_OF_DOMAIN,False,False,9.0,4.0,5.0,4.0,0.0,0.8879773443672097,3.8576873437334416,4.975034552501763,1.1724988902359708,31.748319914406874,0.0,5.286261261663411,0.0,0.8120382991202173,0.4277895449720137,0.0,0.0,0.9906253087843517,0.9908400099324467,0.9908093767671217,0.015048007054114567,0.9317316044974718,0.5613489953854556,-0.0525952215812974,18,0.07869555544472609,0.011756729145289774,,35.22339335404097,0.9170839696719646,0.9170839696719646,0.4454594531647712,30.822466559731843,2621.687220895157,0.0,0.0,0.36742527575582307,31.252338232443556,0.0,0.0,,,,,8.832721896235205,751.2907533277615,2621.687220895157,False,COST_INCOMPLETE|EQUILIBRIUM_ACID_ASSUMED_NOMINAL|LIGAND_LOSS_NOT_MEASURED|OA_ASSUMED|OOD_ACID|OOD_HULL|OOD_LIGAND|OOD_LOADING|OOD_METAL|PHASE_BEHAVIOUR_UNKNOWN|SAPONIFICATION_RANGE_UNKNOWN,11,3.0045886010969074,,6,2.7344104972093066e-16,68
1,0,converged_newton,OUT_OF_DOMAIN,False,False,9.0,6.0,3.0,0.0,0.0,2.2246862323349683,0.9871058546653904,2.8182214695545245,0.540060854151428,2.9206630670289453,0.0,1.9465233676337883,0.0,0.9187804671001886,0.3811193319349637,0.0,0.0,0.7582292183889034,0.7624902225032121,0.7618794569707004,0.7359009949996591,0.7641890752297243,0.7359012689788609,0.05443117702926008,18,0.025762815362089946,0.009642652379609946,,1.0453830322758115,0.9170839696719646,0.9170839696719646,0.450726626134777,6.018831176663583,624.1883394439083,0.0,0.0,0.008649010838907746,0.8969535039131636,0.0,0.0,,,,,3.805327324219915,394.63491728339625,624.1883394439083,False,COST_INCOMPLETE|EQUILIBRIUM_ACID_ASSUMED_NOMINAL|LIGAND_LOSS_NOT_MEASURED|OA_ASSUMED|OOD_ACID|OOD_HULL|OOD_LIGAND|OOD_LOADING|OOD_METAL|PHASE_BEHAVIOUR_UNKNOWN|SAPONIFICATION_RANGE_UNKNOWN,11,3.718616323591243,,5,4.1158272815317837e-13,149
1,0,converged_newton,OUT_OF_DOMAIN,False,False,9.0,7.0,6.0,0.0,1.0,1.0725770116974687,4.3017625906314905,3.7154725723648383,2.813921269325111,32.5952396244386,0.0,2.8699427719600017,0.0,0.15981120502374327,0.26446966400092636,0.0,0.0,0.9999840808932283,0.9999844488406819,0.9999843963523517,8.901647662808687e-06,0.34084591424047456,0.18230870111431885,-0.11465353888104358,22,0.023833667223184925,0.0043008448727734445,,20938.864959322484,0.9170839696719646,0.9170839696719646,0.7008731224764853,22.76801490283914,5293.847040838967,0.0,0.0,0.42065094734723846,97.80658447138488,0.0,0.0,,,,,8.017235162996329,1864.1070301673847,5293.847040838967,False,COST_INCOMPLETE|EQUILIBRIUM_ACID_ASSUMED_NOMINAL|HIGH_LOADING|LIGAND_LOSS_NOT_MEASURED|OA_ASSUMED|OOD_ACID|OOD_HULL|OOD_LIGAND|OOD_LOADING|OOD_METAL|PHASE_BEHAVIOUR_UNKNOWN|SAPONIFICATION_RANGE_UNKNOWN,12,3.2883371064736564,,11,8.68386406682349e-16,187
1,0,converged_newton,OUT_OF_DOMAIN,False,False,9.0,9.0,4.0,2.0,0.0,1.1560850459853973,4.524462848957655,4.416660659857305,2.5086456696329456,45.48691799572134,0.0,1.6254011282997975,0.0,0.9820109627632896,0.2243392413143089,0.0,0.0,0.9961011537123018,0.9961909281215354,0.9961781206638104,0.006929109076466483,1.3232927688962894,0.47971534357321294,-0.10655691291800289,22,0.08584745388054722,0.01669750665184871,,85.16204369270515,0.9170839696719646,0.9170839696719646,0.44236304925404474,18.529119353302153,1109.693784805329,0.0,0.0,0.617411611755673,36.976275837405616,0.0,0.0,,,,,8.941123508814961,535.4765651687894,1109.693784805329,False,COST_INCOMPLETE|EQUILIBRIUM_ACID_ASSUMED_NOMINAL|LIGAND_LOSS_NOT_MEASURED|OA_ASSUMED|OOD_ACID|OOD_HULL|OOD_LIGAND|OOD_LOADING|OOD_METAL|PHASE_BEHAVIOUR_UNKNOWN|SAPONIFICATION_RANGE_UNKNOWN,11,3.0990442123393493,,8,4.391625951782885e-13,138
1,0,converged_newton,OUT_OF_DOMAIN,False,False,9.0,9.0,10.0,6.0,0.0,4.377563644707718,0.5536121272066612,4.820048635849567,0.9376410614569203,42.93657701879869,0.0,4.82987054090761,0.0,0.27256188078800125,0.4621070804552654,0.0,0.0,0.798611998004274,0.802346817244091,0.8018119043386142,0.9299787833931868,1.2255417620966056,0.9325632229063858,0.06814542241889564,28,0.020996983623154716,0.015464069785399284,,1.3218463696780085,0.9170839696719646,0.9170839696719646,0.5634545029960788,23.79930037462121,1539.0062709812526,0.0,0.0,0.0713106292150494,4.61137528507397,0.0,0.0,,,,,5.373660763056228,347.4933078826299,1539.0062709812526,False,COST_INCOMPLETE|EQUILIBRIUM_ACID_ASSUMED_NOMINAL|HIGH_LOADING|LIGAND_LOSS_NOT_MEASURED|OA_ASSUMED|OOD_ACID|OOD_HULL|OOD_LIGAND|OOD_LOADING|OOD_METAL|PHASE_BEHAVIOUR_UNKNOWN|SAPONIFICATION_RANGE_UNKNOWN,12,3.805365044246567,,4,1.5682158607246516e-14,38
1,0,converged_newton,OUT_OF_DOMAIN,False,False,9.0,9.0,11.0,6.0,0.0,0.8704518251423312,3.179835725808456,2.8764416544063383,1.8181067085990392,36.58341967541261,0.0,3.6943869819599002,0.0,0.23290637280848847,0.444049268376097,0.0,0.0,0.9999999814325424,0.9999999818617096,0.999999981800488,5.904531856537981e-09,0.39127490027881673,0.25226341036683053,-0.08698364733520976,29,0.03371308632285633,0.00493716538295315,,17952556.314529244,0.9170839696719646,0.9170839696719646,0.604335727798441,16.407969267741223,3323.358242037832,0.0,0.0,0.348987794568363,70.68586273681134,0.0,0.0,,,,,6.0562773802147944,1226.6709559954522,3323.358242037832,False,COST_INCOMPLETE|EQUILIBRIUM_ACID_ASSUMED_NOMINAL|HIGH_LOADING|LIGAND_LOSS_NOT_MEASURED|OA_ASSUMED|OOD_ACID|OOD_HULL|OOD_LIGAND|OOD_LOADING|OOD_METAL|PHASE_BEHAVIOUR_UNKNOWN|SAPONIFICATION_RANGE_UNKNOWN,12,2.9486340605821937,,13,7.150231729842303e-16,197
1,0,converged_newton,OUT_OF_DOMAIN,False,False,10.0,3.0,3.0,9.0,0.0,3.45160403523117,4.181183384744319,2.977621010928308,1.3962693389887033,47.6043625320331,0.0,2.2211460347545726,0.0,0.05325818161604034,0.22229719019266472,0.0,0.0,0.999999996592933,0.9999999966716837,0.9999999966604498,1.0708127848885968e-09,0.29540855190151566,0.1113110695371203,-0.17688692826766814,16,0.006418940633533535,0.00372750941917611,,97835862.13833287,0.9170839696719646,0.9170839696719646,0.7421585041245479,12.451789262232811,3340.511816864845,0.0,0.0,0.5971277089808456,160.19482228775385,0.0,0.0,,,,,7.158804395672627,1920.532878829032,3340.511816864845,False,COST_INCOMPLETE|EQUILIBRIUM_ACID_ASSUMED_NOMINAL|HIGH_LOADING|LIGAND_LOSS_NOT_MEASURED|OA_ASSUMED|OOD_ACID|OOD_HULL|OOD_LIGAND|OOD_LOADING|OOD_METAL|PHASE_BEHAVIOUR_UNKNOWN|SAPONIFICATION_RANGE_UNKNOWN,12,2.9488181525095625,,15,1.3028784861511996e-15,254
1,0,converged_newton,OUT_OF_DOMAIN,False,False,10.0,3.0,5.0,5.0,0.0,0.788016736992236,3.429787372896147,1.5608434381664684,0.6540279646853563,27.890544187535195,0.0,4.550335627418197,0.0,0.5321408853364049,0.04955272193946647,0.0,0.0,0.9970924095337603,0.9971594244832248,0.9971498641388148,0.0019046524235383161,0.398299902340732,0.31078891463090874,-0.06578614360205534,18,0.037908449495088856,0.0050258079127207065,,114.30912997217753,0.9170839696719646,0.9170839696719646,0.49314955725192694,9.345538360309595,1859.5096594629729,0.0,0.0,0.28697590883283064,57.10045306476448,0.0,0.0,,,,,4.990630811062616,993.0007070964541,1859.5096594629729,False,COST_INCOMPLETE|EQUILIBRIUM_ACID_ASSUMED_NOMINAL|LIGAND_LOSS_NOT_MEASURED|OA_ASSUMED|OOD_ACID|OOD_HULL|OOD_LIGAND|OOD_LOADING|OOD_METAL|PHASE_BEHAVIOUR_UNKNOWN|SAPONIFICATION_RANGE_UNKNOWN,11,2.9463374768979596,,7,1.1867243299157337e-13,251
1,0,converged_newton,OUT_OF_DOMAIN,False,False,10.0,3.0,8.0,1.0,0.0,4.054730871185148,0.5980780945300859,4.192654007592293,2.8393143106405643,28.074808590278284,0.0,1.3404719766109308,0.0,0.8201829154220638,0.05854177530978865,0.0,0.0,0.7867190513208,0.7906166027451847,0.7900582506902338,0.8370450842044325,1.0244419343913738,0.8370450842432151,0.06004221705338251,21,0.018949012282261694,0.012926561994440512,,1.2295504375688042,0.9170839696719646,0.9170839696719646,0.3471636288694482,7.318266897482895,566.1417862406379,0.0,0.0,0.05037278407791159,3.896843112621596,0.0,0.0,,,,,4.790732102122379,370.6114668527323,566.1417862406379,False,COST_INCOMPLETE|EQUILIBRIUM_ACID_ASSUMED_NOMINAL|LIGAND_LOSS_NOT_MEASURED|OA_ASSUMED|OOD_ACID|OOD_HULL|OOD_LIGAND|OOD_LOADING|OOD_METAL|PHASE_BEHAVIOUR_UNKNOWN|SAPONIFICATION_RANGE_UNKNOWN,11,3.9789814363445637,,3,3.2487701140535416e-13,231
1,0,converged_newton,OUT_OF_DOMAIN,False,False,10.0,11.0,9.0,2.0,0.0,1.1713698615559267,4.823075202825671,4.692234583593901,0.3114284789729521,32.14264037654694,0.0,3.2431323011279147,0.0,0.7788143287553243,0.35964465349361013,0.0,0.0,0.9964049961269889,0.9964877989623205,0.9964759861591372,0.004912071692127657,1.1533166296846251,0.5555850973949613,-0.06852762452711987,30,0.07384409490564396,0.014552722230855051,,92.38793905131628,0.9170839696719646,0.9170839696719646,0.44474524048822067,16.719580516911034,1148.8971102232513,0.0,0.0,0.46507911526040024,31.958221141219042,0.0,0.0,,,,,9.515309786419571,653.8508490353076,1148.8971102232513,False,COST_INCOMPLETE|EQUILIBRIUM_ACID_ASSUMED_NOMINAL|LIGAND_LOSS_NOT_MEASURED|OA_ASSUMED|OOD_ACID|OOD_HULL|OOD_LIGAND|OOD_LOADING|OOD_METAL|PHASE_BEHAVIOUR_UNKNOWN|SAPONIFICATION_RANGE_UNKNOWN,11,2.998034781660805,,9,4.276589362702708e-16,94
1,0,converged_newton,OUT_OF_DOMAIN,False,False,10.0,11.0,9.0,5.0,0.0,3.4038207805055567,0.7034188878616556,4.777135055088683,2.6313888428639953,39.03992711449267,0.0,5.975572361939535,0.0,0.38871552786675273,0.14417606798683466,0.0,0.0,0.8045569203019695,0.8082079661292962,0.8076851133666387,0.9331923776837135,1.274893191754631,0.9332204628658176,0.06815556726852078,30,0.028091076336691168,0.016086793527538692,,1.3721930728630403,0.9170839696719646,0.9170839696719646,0.5151172721651645,30.397084817819394,1889.5676609377233,0.0,0.0,0.08238426633922966,5.121236012521545,0.0,0.0,,,,,5.480553942950339,340.6865348006287,1889.5676609377233,False,COST_INCOMPLETE|EQUILIBRIUM_ACID_ASSUMED_NOMINAL|HIGH_LOADING|LIGAND_LOSS_NOT_MEASURED|OA_ASSUMED|OOD_ACID|OOD_HULL|OOD_LIGAND|OOD_LOADING|OOD_METAL|PHASE_BEHAVIOUR_UNKNOWN|SAPONIFICATION_RANGE_UNKNOWN,12,3.71507178749729,,4,9.437018209203837e-15,178
1,0,converged_newton,OUT_OF_DOMAIN,False,False,10.0,12.0,12.0,0.0,0.0,2.3880807790016383,4.666835443975833,4.34290873050025,1.9174313646865142,23.149497297555655,0.0,2.196130057650958,0.0,0.18695558874598284,0.04096945055192905,0.0,0.0,0.9970052921735889,0.9970743091364322,0.9970644631680422,0.0024942434855441693,0.6577035505573416,0.4548594994100479,-0.05870712820665487,34,0.020655819822151325,0.00829900205646512,,110.97413058471204,0.9170839696719646,0.9170839696719646,0.5946130893141282,18.485929054796337,2227.4881882208183,0.0,0.0,0.3241046834953666,39.053452606736165,0.0,0.0,,,,,9.009744174476083,1085.641877562529,2227.4881882208183,False,COST_INCOMPLETE|EQUILIBRIUM_ACID_ASSUMED_NOMINAL|HIGH_LOADING|LIGAND_LOSS_NOT_MEASURED|OA_ASSUMED|OOD_ACID|OOD_HULL|OOD_LIGAND|OOD_LOADING|OOD_METAL|PHASE_BEHAVIOUR_UNKNOWN|SAPONIFICATION_RANGE_UNKNOWN,12,2.8865226344126027,,13,1.0392255755102541e-15,76
1,0,converged_newton,OUT_OF_DOMAIN,False,False,11.0,1.0,10.0,0.0,9.0,4.153720286902933,4.639438513040096,4.314429829282455,0.903634473718201,42.31574819649597,0.0,1.8431399132024089,0.0,0.8352065265146854,0.15838758715982318,0.0,0.0,0.9161979445384665,0.9179760597042719,0.9177219866964923,0.6090945039485584,2.2034709317013252,0.6090945039522305,-0.031060992013330985,22,0.03978609739290355,0.02780372673684707,,3.6442938441568242,0.9170839696719646,0.9170839696719646,0.44066017739000685,12.14445440014049,436.79232338469114,0.0,0.0,0.5889639356727907,21.182913400319908,0.0,0.0,,,,,8.95386834232255,322.03842409573025,436.79232338469114,False,COST_INCOMPLETE|EQUILIBRIUM_ACID_ASSUMED_NOMINAL|LIGAND_LOSS_NOT_MEASURED|OA_ASSUMED|OOD_ACID|OOD_HULL|OOD_LIGAND|OOD_LOADING|OOD_METAL|PHASE_BEHAVIOUR_UNKNOWN|SAPONIFICATION_RANGE_UNKNOWN,11,3.9017104881589906,,4,1.6083038469091953e-15,27
1,0,converged_newton,OUT_OF_DOMAIN,False,False,11.0,2.0,7.0,0.0,4.0,3.939373793648717,2.4421416783456316,4.097945023801501,2.2040121090025777,18.073478619333212,0.0,3.801197829790029,0.0,0.6612162792459705,0.20291631247782652,0.0,0.0,0.8278446056202545,0.831151915633578,0.830678507325111,0.7428940743857417,1.1800925334608319,0.7428947356311915,0.044368944600600084,20,0.022467261205894783,0.014890584601088793,,1.6029018600760392,0.9170839696719646,0.9170839696719646,0.4389042756949527,20.959609562046765,1407.5746603336318,0.0,0.0,0.1324139862268874,8.892463914224384,0.0,0.0,,,,,6.540086702147133,439.2095325571653,1407.5746603336318,False,COST_INCOMPLETE|EQUILIBRIUM_ACID_ASSUMED_NOMINAL|LIGAND_LOSS_NOT_MEASURED|OA_ASSUMED|OOD_ACID|OOD_HULL|OOD_LIGAND|OOD_LOADING|OOD_METAL|PHASE_BEHAVIOUR_UNKNOWN|SAPONIFICATION_RANGE_UNKNOWN,11,3.7769189764252906,,4,5.32005151920064e-16,102
1,0,converged_newton,OUT_OF_DOMAIN,False,False,11.0,8.0,2.0,1.0,0.0,2.2679876650196578,4.408906587925746,3.8042933955846383,0.03147944263150097,48.47611256451215,0.0,2.0856093715804946,0.0,0.1723301375188233,0.21943573172640285,0.0,0.0,0.9999747623742374,0.9999753457006599,0.9999752624881378,1.828465553346556e-05,0.5284795139910335,0.18544524897270498,-0.17409068849338014,21,0.01747626945271943,0.006668433779465959,,13207.45952605864,0.9170839696719646,0.9170839696719646,0.6467399733537365,8.073059880075359,1210.6380819038272,0.0,0.0,0.6411799561281228,96.15150683545839,0.0,0.0,,,,,8.213199983510385,1231.6535269198007,1210.6380819038272,False,COST_INCOMPLETE|EQUILIBRIUM_ACID_ASSUMED_NOMINAL|HIGH_LOADING|LIGAND_LOSS_NOT_MEASURED|OA_ASSUMED|OOD_ACID|OOD_HULL|OOD_LIGAND|OOD_LOADING|OOD_METAL|PHASE_BEHAVIOUR_UNKNOWN|SAPONIFICATION_RANGE_UNKNOWN,12,3.0245084143451475,,11,3.2212097100656257e-14,19
1,0,converged_newton,OUT_OF_DOMAIN,False,False,11.0,8.0,6.0,0.0,1.0,1.850304415120298,4.6234879585665905,0.866961574920424,0.04919313311166316,49.02359717214747,0.0,5.5100413321420465,0.0,0.8086506271431303,0.40420390803212286,0.0,0.0,0.9708491738564582,0.9715037636277862,0.9714103313392438,0.03359114858579242,0.5419502384591292,0.16821199088797492,-0.1860137433266083,25,0.021967340915517438,0.00683840940141306,,11.101448366916397,0.9170839696719646,0.9170839696719646,0.5116642429746764,5.004437969776438,731.8131565422717,0.0,0.0,0.679980033633129,99.43540869205941,0.0,0.0,,,,,5.4904495334870145,802.8840057970924,731.8131565422717,False,COST_INCOMPLETE|EQUILIBRIUM_ACID_ASSUMED_NOMINAL|HIGH_LOADING|LIGAND_LOSS_NOT_MEASURED|OA_ASSUMED|OOD_ACID|OOD_HULL|OOD_LIGAND|OOD_LOADING|OOD_METAL|PHASE_BEHAVIOUR_UNKNOWN|SAPONIFICATION_RANGE_UNKNOWN,12,3.6820842818969237,,9,7.901952976837154e-16,91
1,0,converged_newton,OUT_OF_DOMAIN,False,False,11.0,10.0,2.0,0.0,2.0,1.4270567357077526,3.1218805628225965,3.4868129350799015,2.248879278707124,39.25009524981118,0.0,3.524277460471872,0.0,0.08510106314207763,0.4462681241508642,0.0,0.0,0.999999853714029,0.9999998570952728,0.9999998566129328,3.832435272396281e-08,0.20865551318309292,0.1277126890196877,-0.1068849459605891,23,0.01096604157155022,0.0026328465636712437,,2278641.501652084,0.9170839696719646,0.9170839696719646,0.7550232031620718,19.30922874431414,7333.974190045216,0.0,0.0,0.3676023283479629,139.62162984362365,0.0,0.0,,,,,6.6086934979024985,2510.094431286315,7333.974190045216,False,COST_INCOMPLETE|EQUILIBRIUM_ACID_ASSUMED_NOMINAL|HIGH_LOADING|LIGAND_LOSS_NOT_MEASURED|OA_ASSUMED|OOD_ACID|OOD_HULL|OOD_LIGAND|OOD_LOADING|OOD_METAL|PHASE_BEHAVIOUR_UNKNOWN|SAPONIFICATION_RANGE_UNKNOWN,12,3.270508412277532,,13,9.784452011824055e-16,266
1,0,converged_newton,OUT_OF_DOMAIN,False,False,12.0,1.0,9.0,1.0,0.0,1.9939817237022754,3.2808188234416327,4.626505301395841,1.8840007736769309,49.82153325936521,0.0,0.6251720494339101,0.0,0.595725909684647,0.02733304625921894,0.0,0.0,0.9258684159290032,0.9274575890087797,0.9272305573171417,0.3242227172020665,1.5241620775668294,0.5505810070625422,-0.04914326831253654,22,0.057328587548568885,0.01923210571904989,,4.16317564473053,0.9170839696719646,0.9170839696719646,0.5198853705994644,9.073427002648362,471.7854162823628,0.0,0.0,0.49036627239014635,25.497274170265513,0.0,0.0,,,,,7.907324124837473,411.1522804809183,471.7854162823628,False,COST_INCOMPLETE|EQUILIBRIUM_ACID_ASSUMED_NOMINAL|HIGH_LOADING|LIGAND_LOSS_NOT_MEASURED|OA_ASSUMED|OOD_ACID|OOD_HULL|OOD_LIGAND|OOD_LOADING|OOD_METAL|PHASE_BEHAVIOUR_UNKNOWN|SAPONIFICATION_RANGE_UNKNOWN,12,3.2097580038051703,,8,7.454589478660503e-16,145
1,0,converged_newton,OUT_OF_DOMAIN,False,False,12.0,3.0,7.0,5.0,0.0,3.74190630544273,0.2295277704028454,1.1185504529417007,2.375656234011839,46.91256404102117,0.0,1.4035222901986777,0.0,0.8848990292178108,0.3447209771098368,0.0,0.0,0.7751966378966642,0.7792456684978301,0.7786654829302118,0.5874522187022745,0.6717926453565451,0.5874523544229002,0.039616712173524596,22,0.013464914481812383,0.00847678036800569,,1.1494440157888268,0.9170839696719646,0.9170839696719646,0.46037249209194087,2.115189572051862,249.52747154277125,0.0,0.0,0.032303208684648844,3.8107875021243163,0.0,0.0,,,,,1.348078223344546,159.03186880158663,249.52747154277125,False,COST_INCOMPLETE|EQUILIBRIUM_ACID_ASSUMED_NOMINAL|LIGAND_LOSS_NOT_MEASURED|OA_ASSUMED|OOD_ACID|OOD_HULL|OOD_LIGAND|OOD_LOADING|OOD_METAL|PHASE_BEHAVIOUR_UNKNOWN|SAPONIFICATION_RANGE_UNKNOWN,11,4.511530237756588,,4,4.513853062920576e-16,22
1,0,converged_newton,OUT_OF_DOMAIN,False,False,12.0,4.0,12.0,6.0,0.0,1.2639945377868473,4.934397940688658,3.4619823696976826,2.240478188825075,49.894499479482604,0.0,4.153447497135182,0.0,0.5541086658914758,0.38555639754919696,0.0,0.0,0.9999293580598239,0.9999309907602542,0.9999307578525071,9.734588151611178e-05,1.0777016654280744,0.32827192800010174,-0.16537169057614473,28,0.06394618211612546,0.013598601269621256,,4718.2988630918935,0.9170839696719646,0.9170839696719646,0.5178729826830375,25.43457296964327,1870.3815536133934,0.0,0.0,0.7385979464497511,54.3142586362724,0.0,0.0,,,,,8.396380310386341,617.4444079880133,1870.3815536133934,False,COST_INCOMPLETE|EQUILIBRIUM_ACID_ASSUMED_NOMINAL|HIGH_LOADING|LIGAND_LOSS_NOT_MEASURED|OA_ASSUMED|OOD_ACID|OOD_HULL|OOD_LIGAND|OOD_LOADING|OOD_METAL|PHASE_BEHAVIOUR_UNKNOWN|SAPONIFICATION_RANGE_UNKNOWN,12,3.055803016047624,,8,8.01447869680203e-16,160
1,0,converged_newton,OUT_OF_DOMAIN,False,False,12.0,12.0,8.0,9.0,0.0,4.833474737079987,3.7670918715448427,1.6103989339042901,2.264815857758957,44.21326001048357,0.0,4.017546629791694,0.0,0.238510864295635,0.30052387004248693,0.0,0.0,0.9470822959304277,0.94824212528969,0.9480765000267108,0.10591971486329385,0.772614591121354,0.3002130942420044,-0.10860931806588978,32,0.011988496368785847,0.009748966802957913,,5.965755774823945,0.9170839696719646,0.9170839696719646,0.6129898513748553,15.001622217836946,1538.7909838081853,0.0,0.0,0.49966623719997394,51.25325045197315,0.0,0.0,,,,,5.377490805449133,551.5959705409562,1538.7909838081853,False,COST_INCOMPLETE|EQUILIBRIUM_ACID_ASSUMED_NOMINAL|HIGH_LOADING|LIGAND_LOSS_NOT_MEASURED|OA_ASSUMED|OOD_ACID|OOD_HULL|OOD_LIGAND|OOD_LOADING|OOD_METAL|PHASE_BEHAVIOUR_UNKNOWN|SAPONIFICATION_RANGE_UNKNOWN,12,3.3923414151450015,,11,2.973968693006699e-14,137
2,0,converged_newton,OUT_OF_DOMAIN,False,False,1.0,4.0,2.0,0.0,0.0,2.4234889600094704,3.440475968147486,1.3769456660228263,1.7624297975782612,11.698589526479243,0.0,5.542194522165568,0.0,0.3095858499374743,0.03290877522140933,0.0,0.0,0.8812721520844178,0.8836972538127338,0.8833504931778184,0.0675832868841249,0.18001443470691839,0.20950571591120679,-0.02674763352405483,7,0.005570928040442206,0.002271449139297102,,2.4742079401372323,0.9170839696719646,0.9170839696719646,0.4985706205465907,13.694898091666374,6029.145823579501,0.0,0.0,0.1207461483812212,53.15820032782508,0.0,0.0,,,,,4.817421634170312,2120.858244557067,6029.145823579501,False,COST_INCOMPLETE|EQUILIBRIUM_ACID_ASSUMED_NOMINAL|LIGAND_LOSS_NOT_MEASURED|OA_ASSUMED|OOD_ACID|OOD_HULL|OOD_LIGAND|OOD_LOADING|OOD_METAL|PHASE_BEHAVIOUR_UNKNOWN|SAPONIFICATION_RANGE_UNKNOWN,11,3.055430237206948,,5,4.470919042064855e-16,189
2,0,converged_newton,OUT_OF_DOMAIN,False,False,1.0,4.0,7.0,0.0,0.0,3.889952650189602,2.537404914675576,1.7343862144207036,1.108549347607748,20.469817436252242,0.0,5.034255480702442,0.0,0.3062208773504753,0.039817832160327596,0.0,0.0,0.8692622762054334,0.8718970296291603,0.8715202014061619,0.18907328294157721,0.43353455898680265,0.3529942179572772,-0.019425123441248048,12,0.008358737200162414,0.005470404095479323,,2.216300572310558,0.9170839696719646,0.9170839696719646,0.5172343290707829,11.544181868382491,2110.297825698556,0.0,0.0,0.1558206460957747,28.484302690644558,0.0,0.0,,,,,4.27179112909628,780.8913298793478,2110.297825698556,False,COST_INCOMPLETE|EQUILIBRIUM_ACID_ASSUMED_NOMINAL|HIGH_LOADING|LIGAND_LOSS_NOT_MEASURED|OA_ASSUMED|OOD_ACID|OOD_HULL|OOD_LIGAND|OOD_LOADING|OOD_METAL|PHASE_BEHAVIOUR_UNKNOWN|SAPONIFICATION_RANGE_UNKNOWN,12,3.262619756998304,,6,4.671011038489415e-16,42
2,0,converged_newton,OUT_OF_DOMAIN,False,False,1.0,7.0,6.0,0.0,0.0,0.44018181036034126,2.09070169058124,1.1456866734433255,1.1438609476785555,14.192828894222616,0.0,3.2944986841914767,0.0,0.43065502937950234,0.3943769490523755,0.0,0.0,0.9854489113828189,0.9857804617794257,0.9857331519241151,0.004781872665910425,0.16315898165452075,0.40030649538672175,-0.01743604773919244,14,0.02779970306831097,0.002058764504363991,,22.57446017290308,0.9170839696719646,0.9170839696719646,0.4949618217104213,6.165935255256161,2994.968701950196,0.0,0.0,0.08901891408984469,43.23899790439854,0.0,0.0,,,,,3.2363883640245654,1572.0051308269349,2994.968701950196,False,COST_INCOMPLETE|EQUILIBRIUM_ACID_ASSUMED_NOMINAL|LIGAND_LOSS_NOT_MEASURED|OA_ASSUMED|OOD_ACID|OOD_HULL|OOD_LIGAND|OOD_LOADING|OOD_METAL|PHASE_BEHAVIOUR_UNKNOWN|SAPONIFICATION_RANGE_UNKNOWN,11,2.8366632025445737,,5,3.8669803516220096e-16,174
2,0,converged_newton,OUT_OF_DOMAIN,False,False,1.0,8.0,7.0,0.0,0.0,3.4786882717988554,0.8786597158582434,4.755879873422496,1.72713740825185,29.638460680525895,0.0,5.742761398302801,0.0,0.3656072613995934,0.08964401613064094,0.0,0.0,0.8099504515460764,0.8135240941914182,0.8130123809575911,0.6601499777407799,0.9434979070860793,0.8160277859788645,0.04472022159142934,16,0.020341674074424672,0.01190519811629821,,1.4205952397416406,0.9170839696719646,0.9170839696719646,0.45620628888519504,28.82944941643864,2421.5850198218154,0.0,0.0,0.0781263643200799,6.562374145888841,0.0,0.0,,,,,5.63453958928074,473.2839835371625,2421.5850198218154,False,COST_INCOMPLETE|EQUILIBRIUM_ACID_ASSUMED_NOMINAL|LIGAND_LOSS_NOT_MEASURED|OA_ASSUMED|OOD_ACID|OOD_HULL|OOD_LIGAND|OOD_LOADING|OOD_METAL|PHASE_BEHAVIOUR_UNKNOWN|SAPONIFICATION_RANGE_UNKNOWN,11,3.5421921462658683,,4,5.554460081238356e-16,208
2,0,converged_newton,OUT_OF_DOMAIN,False,False,2.0,1.0,10.0,1.0,0.0,3.3542638907762274,0.980435266124313,0.6498532157961088,2.172744635416855,44.814963359122,0.0,5.448102837771355,0.0,0.6857676418279964,0.10753280686613614,0.0,0.0,0.8415594545626937,0.8446527284693132,0.8442100780028072,0.20788939382816385,0.37195660034085704,0.2800535466262066,-0.016041425501787835,13,0.008316800923826107,0.004693404176590985,,1.7705052542788933,0.9170839696719646,0.9170839696719646,0.4848842436950948,5.670702613958719,1208.2280580569106,0.0,0.0,0.13181451158205615,28.085054391756756,0.0,0.0,,,,,1.6302884819204218,347.35735951566147,1208.2280580569106,False,COST_INCOMPLETE|EQUILIBRIUM_ACID_ASSUMED_NOMINAL|LIGAND_LOSS_NOT_MEASURED|OA_ASSUMED|OOD_ACID|OOD_HULL|OOD_LIGAND|OOD_LOADING|OOD_METAL|PHASE_BEHAVIOUR_UNKNOWN|SAPONIFICATION_RANGE_UNKNOWN,11,3.939497221891716,,5,5.071785469845142e-16,119
2,0,converged_newton,OUT_OF_DOMAIN,False,False,2.0,4.0,11.0,0.0,1.0,0.8473588350961918,3.597759889033022,0.3176914887314176,2.9522388139558897,39.446811207727144,0.0,0.7209367956222049,0.0,0.6876644785215991,0.2340253843850916,0.0,0.0,0.9861337375425098,0.986449898551303,0.9864047852632792,0.0055458257035634504,0.16492698861388413,0.08422755181417067,-0.12955063096737768,17,0.014597740217858384,0.0020810734813782815,,23.705828939501963,0.9170839696719646,0.9170839696719646,0.5383894768779945,10.8504818715794,5213.886952417074,0.0,0.0,0.42576046534025624,204.58694474270933,0.0,0.0,,,,,3.9154513777644393,1881.4575327591322,5213.886952417074,False,COST_INCOMPLETE|EQUILIBRIUM_ACID_ASSUMED_NOMINAL|HIGH_LOADING|LIGAND_LOSS_NOT_MEASURED|OA_ASSUMED|OOD_ACID|OOD_HULL|OOD_LIGAND|OOD_LOADING|OOD_METAL|PHASE_BEHAVIOUR_UNKNOWN|SAPONIFICATION_RANGE_UNKNOWN,12,3.642093174641196,,4,3.764652864412317e-12,200
2,0,converged_newton,OUT_OF_DOMAIN,False,False,2.0,5.0,8.0,0.0,1.0,0.2496532773842292,2.895411779618655,1.9497780486510354,1.2945732870958016,3.551649455074457,0.0,1.0388918176983872,0.0,0.10607457126242073,0.3707929748728431,0.0,0.0,0.9987164476601795,0.9987460784023672,0.9987418514203931,9.396902115045616e-05,0.037697381028872816,0.27425091479411395,-0.0074561840921333,15,0.011324920733221923,0.0004756712084294715,,259.3626081504016,0.9170839696719646,0.9170839696719646,0.7376063568539257,5.7739312061083155,12138.49210081931,0.0,0.0,0.03085046300789638,64.85669609845773,0.0,0.0,,,,,4.845189828269691,10186.006094981245,12138.49210081931,False,COST_INCOMPLETE|EQUILIBRIUM_ACID_ASSUMED_NOMINAL|HIGH_LOADING|LIGAND_LOSS_NOT_MEASURED|OA_ASSUMED|OOD_ACID|OOD_HULL|OOD_LIGAND|OOD_LOADING|OOD_METAL|PHASE_BEHAVIOUR_UNKNOWN|SAPONIFICATION_RANGE_UNKNOWN,12,3.178064661334397,,11,7.84982921504259e-16,120
2,0,converged_newton,OUT_OF_DOMAIN,False,False,2.0,5.0,11.0,1.0,0.0,4.3214660237234845,4.449757233406279,2.19881529278625,2.9770654338454996,40.727896636069914,0.0,4.870573813538137,0.0,0.20714682329446626,0.3152307926230114,0.0,0.0,0.9818997565629175,0.9823107237625682,0.9822520775751308,0.036877904971037996,0.8584395042726461,0.3399954424795619,-0.11684628983732694,18,0.014898407731775818,0.010831918430837889,,18.08262524158972,0.9170839696719646,0.9170839696719646,0.5889696310653466,23.956710634429715,2211.6775331529684,0.0,0.0,0.5436877579733265,50.19311781609033,0.0,0.0,,,,,6.648572526192529,613.7945525202997,2211.6775331529684,False,COST_INCOMPLETE|EQUILIBRIUM_ACID_ASSUMED_NOMINAL|HIGH_LOADING|LIGAND_LOSS_NOT_MEASURED|OA_ASSUMED|OOD_ACID|OOD_HULL|OOD_LIGAND|OOD_LOADING|OOD_METAL|PHASE_BEHAVIOUR_UNKNOWN|SAPONIFICATION_RANGE_UNKNOWN,12,3.1753184458952606,,9,6.281279465584777e-16,214
2,0,converged_newton,OUT_OF_DOMAIN,False,False,2.0,6.0,12.0,0.0,1.0,3.8211399466903693,4.556789082368083,4.437804866763716,0.7185584999467642,29.0065056630883,0.0,2.5908818075411886,0.0,0.42303540328733746,0.2047575780061278,0.0,0.0,0.9163128929729237,0.9180887872116489,0.9178350321287959,0.34388229144529797,1.3322276636806223,0.5608098794696049,-0.03225945354716209,20,0.026148499183493278,0.016810248494471644,,3.6497573143752327,0.9170839696719646,0.9170839696719646,0.5243755655673585,14.772147422316062,878.7584209224599,0.0,0.0,0.39652958496962626,23.58856176932972,0.0,0.0,,,,,8.994593949131799,535.0660909081645,878.7584209224599,False,COST_INCOMPLETE|EQUILIBRIUM_ACID_ASSUMED_NOMINAL|HIGH_LOADING|LIGAND_LOSS_NOT_MEASURED|OA_ASSUMED|OOD_ACID|OOD_HULL|OOD_LIGAND|OOD_LOADING|OOD_METAL|PHASE_BEHAVIOUR_UNKNOWN|SAPONIFICATION_RANGE_UNKNOWN,12,3.6734474974398363,,5,7.480505376822833e-15,52
2,0,converged_newton,OUT_OF_DOMAIN,False,False,2.0,9.0,2.0,0.0,1.0,4.018713662428898,1.3432775315616154,0.9110238698728026,1.4664412491893797,25.22990910822015,0.0,4.2519355716287475,0.0,0.5862881032940938,0.36410864100196716,0.0,0.0,0.8163900500418652,0.819869533856668,0.8193713671260313,0.2368012743061344,0.3545182940992439,0.2605068128307859,-0.00730189797097059,13,0.006616264379824727,0.004473365012688374,,1.4821093123911346,0.9170839696719646,0.9170839696719646,0.5193357949238496,5.8434523803062906,1306.27667622288,0.0,0.0,0.10167231008524157,22.728373337935864,0.0,0.0,,,,,2.254301401434418,503.9386222765762,1306.27667622288,False,COST_INCOMPLETE|EQUILIBRIUM_ACID_ASSUMED_NOMINAL|HIGH_LOADING|LIGAND_LOSS_NOT_MEASURED|OA_ASSUMED|OOD_ACID|OOD_HULL|OOD_LIGAND|OOD_LOADING|OOD_METAL|PHASE_BEHAVIOUR_UNKNOWN|SAPONIFICATION_RANGE_UNKNOWN,12,3.8277411310781173,,4,6.251410612296873e-16,255
2,0,converged_newton,OUT_OF_DOMAIN,False,False,3.0,1.0,11.0,0.0,2.0,3.5845522728389034,4.205270086222831,2.869907407387651,1.3625652472148584,39.70324738569005,0.0,1.0786630632874403,0.0,0.1105341822008574,0.39015625119927094,0.0,0.0,0.9225547898598597,0.9242091829284579,0.9239728182659296,0.1343276618518866,0.5597114787178985,0.19108311105255227,-0.12498451765310478,15,0.011710907725331133,0.007062523395184251,,3.9707848003789157,0.9170839696719646,0.9170839696719646,0.7340149627941525,8.82561799004354,1249.6408855879326,0.0,0.0,0.5008886356708416,70.92204976090903,0.0,0.0,,,,,7.075177493610482,1001.7917248153627,1249.6408855879326,False,COST_INCOMPLETE|EQUILIBRIUM_ACID_ASSUMED_NOMINAL|HIGH_LOADING|LIGAND_LOSS_NOT_MEASURED|OA_ASSUMED|OOD_ACID|OOD_HULL|OOD_LIGAND|OOD_LOADING|OOD_METAL|PHASE_BEHAVIOUR_UNKNOWN|SAPONIFICATION_RANGE_UNKNOWN,12,3.446941703767482,,9,7.156464084639403e-15,75
2,0,converged_newton,OUT_OF_DOMAIN,False,False,3.0,3.0,6.0,0.0,1.0,3.488969471671364,1.666467748091242,0.43508131733798705,0.7502975199992881,46.49790866380096,0.0,4.856467006518402,0.0,0.9275859907727803,0.31405216224905774,0.0,0.0,0.8608775322586013,0.8636547587731483,0.863257487554489,0.13846570414620027,0.2869627464619946,0.14373043303679398,-0.05596505915726705,12,0.006168642677844798,0.003620938979269417,,2.062637200721126,0.9170839696719646,0.9170839696719646,0.48824498549699447,3.363304681356154,928.8487601176739,0.0,0.0,0.23246179542574988,64.19931314961093,0.0,0.0,,,,,2.101549065429229,580.3878710635578,928.8487601176739,False,COST_INCOMPLETE|EQUILIBRIUM_ACID_ASSUMED_NOMINAL|LIGAND_LOSS_NOT_MEASURED|OA_ASSUMED|OOD_ACID|OOD_HULL|OOD_LIGAND|OOD_LOADING|OOD_METAL|PHASE_BEHAVIOUR_UNKNOWN|SAPONIFICATION_RANGE_UNKNOWN,11,4.22338595409166,,4,5.521576766494136e-16,158
2,0,converged_newton,OUT_OF_DOMAIN,False,False,3.0,4.0,2.0,2.0,0.0,1.297617619985351,1.0634807918654783,1.7842262667905948,2.0946016517183432,47.42426593479146,0.0,2.393505698071073,0.0,0.24792360502042943,0.18094101322796194,0.0,0.0,0.943759178643577,0.9449876120830072,0.9448121784959475,0.049744492960011336,0.3375281049331227,0.4279539654541415,-0.025120188019986847,9,0.01950852661068981,0.004258980257261881,,5.593559718616458,0.9170839696719646,0.9170839696719646,0.6124186957606107,6.49812435942353,1525.7465324812765,0.0,0.0,0.15130438766991305,35.52596596613185,0.0,0.0,,,,,2.847707058656073,668.6358909038188,1525.7465324812765,False,COST_INCOMPLETE|EQUILIBRIUM_ACID_ASSUMED_NOMINAL|HIGH_LOADING|LIGAND_LOSS_NOT_MEASURED|OA_ASSUMED|OOD_ACID|OOD_HULL|OOD_LIGAND|OOD_LOADING|OOD_METAL|PHASE_BEHAVIOUR_UNKNOWN|SAPONIFICATION_RANGE_UNKNOWN,12,3.1959412415788346,,10,4.478085192951562e-16,133
2,0,converged_newton,OUT_OF_DOMAIN,False,False,3.0,6.0,7.0,1.0,0.0,1.454580163538836,1.4014291274410655,4.924618084577031,1.2573558616144873,13.298557200553052,0.0,3.7391793832575724,0.0,0.6540622720394451,0.37561071910869814,0.0,0.0,0.7972414157971797,0.800995319158685,0.8004576583019031,0.5397127983230581,0.7300647700940522,0.7660250606975538,0.03611787234325775,16,0.037643066452825315,0.009212066778762264,,1.3106578922115177,0.9170839696719646,0.9170839696719646,0.47930825411603567,20.176125540293132,2190.1844640127547,0.0,0.0,0.05591095624138853,6.069317296992146,0.0,0.0,,,,,6.326047212018096,686.7131300657012,2190.1844640127547,False,COST_INCOMPLETE|EQUILIBRIUM_ACID_ASSUMED_NOMINAL|LIGAND_LOSS_NOT_MEASURED|OA_ASSUMED|OOD_ACID|OOD_HULL|OOD_LIGAND|OOD_LOADING|OOD_METAL|PHASE_BEHAVIOUR_UNKNOWN|SAPONIFICATION_RANGE_UNKNOWN,11,3.318014405940675,,4,9.2443515154994e-14,15
2,0,converged_newton,OUT_OF_DOMAIN,False,False,3.0,8.0,5.0,2.0,0.0,4.182140049893136,0.4573654012594509,2.1107518351193764,1.7803164370637012,47.77872536009613,0.0,3.487103878553569,0.0,0.15713421960850768,0.231880034488604,0.0,0.0,0.8122883419811269,0.8158280197061386,0.815321193510678,0.39168912523372035,0.5741992348581174,0.6263979414825145,0.02121260671837333,16,0.01029734588048031,0.007245332075324953,,1.442439875701019,0.9170839696719646,0.9170839696719646,0.6366362191648569,8.174666052515276,1128.2665815077416,0.0,0.0,0.06555700768795646,9.048171568453089,0.0,0.0,,,,,2.568117236378827,354.45128113933237,1128.2665815077416,False,COST_INCOMPLETE|EQUILIBRIUM_ACID_ASSUMED_NOMINAL|HIGH_LOADING|LIGAND_LOSS_NOT_MEASURED|OA_ASSUMED|OOD_ACID|OOD_HULL|OOD_LIGAND|OOD_LOADING|OOD_METAL|PHASE_BEHAVIOUR_UNKNOWN|SAPONIFICATION_RANGE_UNKNOWN,12,3.702320580485886,,9,1.4103845685824584e-15,256
2,0,converged_newton,OUT_OF_DOMAIN,False,False,3.0,10.0,3.0,0.0,2.0,4.84403440671425,0.7802554670676771,1.3587537168122619,1.6490413326411515,35.90012877432654,0.0,1.9087520139297074,0.0,0.22081420137154223,0.2650533494202123,0.0,0.0,0.8092134945664449,0.8127977918933796,0.8122845454819148,0.31821188074817036,0.4568667190663146,0.3712474381269313,0.006253732185371685,16,0.007073649989454935,0.0057648127911866165,,1.4138202851883013,0.9170839696719646,0.9170839696719646,0.668625138978146,3.8801974086137063,673.0829862412609,0.0,0.0,0.08403381523380564,14.577024142445449,0.0,0.0,,,,,2.139009183879939,371.04573233498706,673.0829862412609,False,COST_INCOMPLETE|EQUILIBRIUM_ACID_ASSUMED_NOMINAL|HIGH_LOADING|LIGAND_LOSS_NOT_MEASURED|OA_ASSUMED|OOD_ACID|OOD_HULL|OOD_LIGAND|OOD_LOADING|OOD_METAL|PHASE_BEHAVIOUR_UNKNOWN|SAPONIFICATION_RANGE_UNKNOWN,12,3.7263508908708807,,8,1.0424411437259238e-15,55
2,0,converged_newton,OUT_OF_DOMAIN,False,False,3.0,10.0,4.0,0.0,0.0,0.5046035813887402,0.8187282027114529,1.3474300263455266,2.82813372886485,32.85743864797797,0.0,1.1018100425704378,0.0,0.19574069886021472,0.11478822509011657,0.0,0.0,0.9961299773143906,0.9962190905536776,0.9962063774274905,0.0009267225296541274,0.16201350716566904,0.4491048238443242,-0.01475029865253566,17,0.024080314697695716,0.002044310735442486,,85.79880603960204,0.9170839696719646,0.9170839696719646,0.6547968263012842,3.800084779549609,1858.8586919136292,0.0,0.0,0.08070393506988258,39.47733271205192,0.0,0.0,,,,,2.1661582290569794,1059.603215647214,1858.8586919136292,False,COST_INCOMPLETE|EQUILIBRIUM_ACID_ASSUMED_NOMINAL|HIGH_LOADING|LIGAND_LOSS_NOT_MEASURED|OA_ASSUMED|OOD_ACID|OOD_HULL|OOD_LIGAND|OOD_LOADING|OOD_METAL|PHASE_BEHAVIOUR_UNKNOWN|SAPONIFICATION_RANGE_UNKNOWN,12,3.074776885753037,,12,7.089883651496038e-16,168
2,0,converged_newton,OUT_OF_DOMAIN,False,False,3.0,11.0,3.0,0.0,2.0,3.434491249975831,3.8686898046890406,4.696012067504904,0.8230238048834437,25.979321040808916,0.0,4.616809052454358,0.0,0.44664663864763116,0.32718287764853604,0.0,0.0,0.8959956598086385,0.8981547784546621,0.8978461404934946,0.33226121318512264,1.0102878350063818,0.5059601397494766,-0.024734346817842298,17,0.022061953899580277,0.012747963445285775,,2.8716611190137584,0.9170839696719646,0.9170839696719646,0.5540030324843843,24.86461482666051,1950.4774180895145,0.0,0.0,0.30151780332996275,23.652233129164227,0.0,0.0,,,,,8.564701872193945,671.8486375454105,1950.4774180895145,False,COST_INCOMPLETE|EQUILIBRIUM_ACID_ASSUMED_NOMINAL|HIGH_LOADING|LIGAND_LOSS_NOT_MEASURED|OA_ASSUMED|OOD_ACID|OOD_HULL|OOD_LIGAND|OOD_LOADING|OOD_METAL|PHASE_BEHAVIOUR_UNKNOWN|SAPONIFICATION_RANGE_UNKNOWN,12,3.6957900612989043,,6,4.971370781997689e-16,264
2,0,converged_newton,OUT_OF_DOMAIN,False,False,4.0,1.0,10.0,1.0,0.0,4.713114334703926,3.2944216613891717,2.3254667764785464,0.12225738567160593,11.54808329852152,0.0,5.613074982858841,0.0,0.2535321190323309,0.43934150825309265,0.0,0.0,0.8257920484429019,0.8291306516381237,0.8286527445186777,0.26881329084910693,0.43418859854398967,0.3260189436572856,-0.005480110875376594,15,0.006909262661213347,0.005478656864717843,,1.580088702537862,0.9170839696719646,0.9170839696719646,0.5670369267071828,13.455786766142468,2456.037510360755,0.0,0.0,0.11413276729852742,20.83225325417517,0.0,0.0,,,,,5.6198884378677185,1025.778503132656,2456.037510360755,False,COST_INCOMPLETE|EQUILIBRIUM_ACID_ASSUMED_NOMINAL|HIGH_LOADING|LIGAND_LOSS_NOT_MEASURED|OA_ASSUMED|OOD_ACID|OOD_HULL|OOD_LIGAND|OOD_LOADING|OOD_METAL|PHASE_BEHAVIOUR_UNKNOWN|SAPONIFICATION_RANGE_UNKNOWN,12,3.1355525413698064,,5,5.692730126349996e-15,152
2,0,converged_newton,OUT_OF_DOMAIN,False,False,4.0,5.0,9.0,2.0,0.0,4.31031110499792,3.0938166903310553,3.3659181274657564,1.864791722372594,44.91080487027302,0.0,5.266813660558446,0.0,0.5120471489128395,0.07681110135621952,0.0,0.0,0.9056481300662937,0.9076275230603555,0.907344630434579,0.4846032794196102,1.5815905287380552,0.5921304931156269,-0.020326508028497767,18,0.027519890505771596,0.01995674653019609,,3.1995413576244673,0.9170839696719646,0.9170839696719646,0.49663387381020796,23.496987328725474,1177.3956888800851,0.0,0.0,0.4168373930515558,20.88704150352608,0.0,0.0,,,,,6.459734817796812,323.68676968576705,1177.3956888800851,False,COST_INCOMPLETE|EQUILIBRIUM_ACID_ASSUMED_NOMINAL|LIGAND_LOSS_NOT_MEASURED|OA_ASSUMED|OOD_ACID|OOD_HULL|OOD_LIGAND|OOD_LOADING|OOD_METAL|PHASE_BEHAVIOUR_UNKNOWN|SAPONIFICATION_RANGE_UNKNOWN,11,3.3685651296950354,,6,5.618499720830305e-16,216
2,0,converged_newton,OUT_OF_DOMAIN,False,False,4.0,7.0,2.0,0.0,1.0,4.616272231566991,2.678112216929236,1.1666669440393942,2.8597337192374055,19.198420391487232,0.0,1.3709555382126686,0.0,0.8579576744637054,0.2435728474020431,0.0,0.0,0.8350144112779339,0.8382108999879149,0.837753419861363,0.2460629776679165,0.4159227949364976,0.24777509311261275,-0.020221314575948005,13,0.006757445847089582,0.005248176214927966,,1.6870451489040756,0.9170839696719646,0.9170839696719646,0.46542645403703164,9.258136318834634,1764.0673521023734,0.0,0.0,0.1542465725885559,29.390509440177592,0.0,0.0,,,,,3.8447791609686304,732.5933816841937,1764.0673521023734,False,COST_INCOMPLETE|EQUILIBRIUM_ACID_ASSUMED_NOMINAL|LIGAND_LOSS_NOT_MEASURED|OA_ASSUMED|OOD_ACID|OOD_HULL|OOD_LIGAND|OOD_LOADING|OOD_METAL|PHASE_BEHAVIOUR_UNKNOWN|SAPONIFICATION_RANGE_UNKNOWN,11,3.9839175949883576,,4,1.6563584822625388e-14,238
2,0,converged_newton,OUT_OF_DOMAIN,False,False,4.0,10.0,7.0,0.0,1.0,2.321614145912607,0.3322834216262144,2.780001552965601,2.144192734826856,39.577913785664734,0.0,4.417893167473675,0.0,0.9387444624689649,0.48074487706998537,0.0,0.0,0.7801100620525356,0.7840952429115452,0.7835242622169714,0.8408365288023599,0.9883034124734923,0.840996510960952,0.06097167132198392,21,0.03192725029954316,0.012470560704102395,,1.182576564339986,0.9170839696719646,0.9170839696719646,0.3876419472171171,12.994229564967272,1041.9924070208492,0.0,0.0,0.039453253840584,3.163711301898816,0.0,0.0,,,,,3.112284974591815,249.57057252188974,1041.9924070208492,False,COST_INCOMPLETE|EQUILIBRIUM_ACID_ASSUMED_NOMINAL|LIGAND_LOSS_NOT_MEASURED|OA_ASSUMED|OOD_ACID|OOD_HULL|OOD_LIGAND|OOD_LOADING|OOD_METAL|PHASE_BEHAVIOUR_UNKNOWN|SAPONIFICATION_RANGE_UNKNOWN,11,4.101258806415059,,3,1.9158700861752137e-12,150
2,0,converged_newton,OUT_OF_DOMAIN,False,False,4.0,10.0,12.0,0.0,0.0,1.6517276321650942,0.28693386338841476,2.285194495727656,1.8089944334937869,42.39562931509373,0.0,5.839241465258202,0.0,0.7517433499251758,0.15786681073727346,0.0,0.0,0.7782963313322353,0.7823052104651059,0.7817308136417034,0.8775255779836122,1.0201868490229147,0.8795579538699796,0.06434927196655563,26,0.046323626357466445,0.012872870688998492,,1.1701750900335885,0.9170839696719646,0.9170839696719646,0.4925457381706252,13.862864217283246,1076.905420104222,0.0,0.0,0.0364942251304889,2.834971779968074,0.0,0.0,,,,,2.572128359116071,199.81000518511246,1076.905420104222,False,COST_INCOMPLETE|EQUILIBRIUM_ACID_ASSUMED_NOMINAL|LIGAND_LOSS_NOT_MEASURED|OA_ASSUMED|OOD_ACID|OOD_HULL|OOD_LIGAND|OOD_LOADING|OOD_METAL|PHASE_BEHAVIOUR_UNKNOWN|SAPONIFICATION_RANGE_UNKNOWN,11,4.044381219467928,,4,1.5797302245398853e-14,118
2,0,converged_newton,OUT_OF_DOMAIN,False,False,4.0,12.0,6.0,0.0,3.0,1.3681221800350405,0.4396511618401394,3.004815576271012,2.5259994844136933,15.006022269417734,0.0,1.2013959538321313,0.0,0.6467295836274788,0.03516730840443311,0.0,0.0,0.7653908930620966,0.7695640382182523,0.7689659515381619,0.678268484434027,0.7457500444165339,0.7671363560619696,0.04933383820589153,22,0.04088176783290475,0.009409985922954486,,1.0874697108620504,0.9170839696719646,0.9170839696719646,0.5547074385359593,4.720531883473831,501.65132255497673,0.0,0.0,0.019792245376045615,2.103323590289854,0.0,0.0,,,,,3.4444667381111516,366.0437716180642,501.65132255497673,False,COST_INCOMPLETE|EQUILIBRIUM_ACID_ASSUMED_NOMINAL|HIGH_LOADING|LIGAND_LOSS_NOT_MEASURED|OA_ASSUMED|OOD_ACID|OOD_HULL|OOD_LIGAND|OOD_LOADING|OOD_METAL|PHASE_BEHAVIOUR_UNKNOWN|SAPONIFICATION_RANGE_UNKNOWN,12,3.8155888261667315,,6,5.815398269692475e-16,276
2,0,converged_newton,OUT_OF_DOMAIN,False,False,5.0,1.0,2.0,2.0,0.0,1.7636379566639133,0.7954561964724034,1.8406656487764865,1.0958684300458732,25.608487462922664,0.0,2.1445444511396716,0.0,0.42746208031996813,0.48843489193922723,0.0,0.0,0.7991091608981704,0.8028370363300036,0.8023031232204463,0.29410410807703047,0.4037560992072723,0.4037175121375548,0.00991127740587773,8,0.017170024792291336,0.005094655023212242,,1.3259425939495926,0.9170839696719646,0.9170839696719646,0.583782876154947,4.819104636685492,945.9138282628974,0.0,0.0,0.061111290104003145,11.995177264322743,0.0,0.0,,,,,2.6361218452488897,517.428919767522,945.9138282628974,False,COST_INCOMPLETE|EQUILIBRIUM_ACID_ASSUMED_NOMINAL|HIGH_LOADING|LIGAND_LOSS_NOT_MEASURED|OA_ASSUMED|OOD_ACID|OOD_HULL|OOD_LIGAND|OOD_LOADING|OOD_METAL|PHASE_BEHAVIOUR_UNKNOWN|SAPONIFICATION_RANGE_UNKNOWN,12,3.514316093500613,,6,6.493108252983057e-16,294
2,0,converged_newton,OUT_OF_DOMAIN,False,False,5.0,2.0,1.0,0.0,4.0,4.490487432240588,3.6716487481236886,2.72598987055676,1.5905742968263985,2.8222514801228895,0.0,5.023295744732424,0.0,0.9689294047754041,0.10296100225161749,0.0,0.0,0.773168194100078,0.777243261308535,0.7766593213779367,0.33792274832334485,0.38599088472617415,0.3479058340424593,0.01858700024057963,8,0.006446809347825837,0.0048704908821075735,,1.1361842769104422,0.9170839696719646,0.9170839696719646,0.3299268866252437,19.533483442691825,4010.5779716066804,0.0,0.0,0.031086948341650444,6.382713589682034,0.0,0.0,,,,,6.397638618680448,1313.5510923925685,4010.5779716066804,False,COST_INCOMPLETE|EQUILIBRIUM_ACID_ASSUMED_NOMINAL|LIGAND_LOSS_NOT_MEASURED|OA_ASSUMED|OOD_ACID|OOD_HULL|OOD_LIGAND|OOD_LOADING|OOD_METAL|PHASE_BEHAVIOUR_UNKNOWN|SAPONIFICATION_RANGE_UNKNOWN,11,3.856318487683873,,3,2.7110317700845547e-16,130
2,0,converged_newton,OUT_OF_DOMAIN,False,False,5.0,2.0,3.0,4.0,0.0,2.7526328286118678,4.605243334481368,4.267527215635975,0.10057332738389599,3.751066258140755,0.0,2.3162484508733217,0.0,0.3389316734589051,0.2418382770372142,0.0,0.0,0.8146658543066996,0.8181707350210832,0.8176689149416708,0.15875339585950096,0.24687448254586852,0.38259015412025893,0.001241013308439464,10,0.006726500533773483,0.003115099251936151,,1.4652199342601566,0.9170839696719646,0.9170839696719646,0.42120180025246096,10.347817947837866,3321.8260835208735,0.0,0.0,0.05182371864750205,16.636297740847798,0.0,0.0,,,,,8.872770550117343,2848.310706184589,3321.8260835208735,False,COST_INCOMPLETE|EQUILIBRIUM_ACID_ASSUMED_NOMINAL|LIGAND_LOSS_NOT_MEASURED|OA_ASSUMED|OOD_ACID|OOD_HULL|OOD_LIGAND|OOD_LOADING|OOD_METAL|PHASE_BEHAVIOUR_UNKNOWN|SAPONIFICATION_RANGE_UNKNOWN,11,2.7595197208878792,,4,2.1034816514043986e-16,283
2,0,converged_newton,OUT_OF_DOMAIN,False,False,5.0,2.0,6.0,0.0,2.0,1.819500684780023,0.26647723369233983,1.2299330942609334,0.4557642502288987,38.963363853720374,0.0,4.66709913709637,0.0,0.44381235232025595,0.2289217615403296,0.0,0.0,0.7736053302515086,0.7776748024430763,0.7770916693290361,0.5115052276610451,0.5868246515916408,0.5440661391670567,0.033628999454285546,13,0.024188970764083047,0.007404641477481062,,1.1390217079918148,0.9170839696719646,0.9170839696719646,0.6046658779793029,5.861670479528331,791.6211064850064,0.0,0.0,0.031148548245262524,4.206624769071028,0.0,0.0,,,,,1.4964103279532732,202.09085510812977,791.6211064850064,False,COST_INCOMPLETE|EQUILIBRIUM_ACID_ASSUMED_NOMINAL|HIGH_LOADING|LIGAND_LOSS_NOT_MEASURED|OA_ASSUMED|OOD_ACID|OOD_HULL|OOD_LIGAND|OOD_LOADING|OOD_METAL|PHASE_BEHAVIOUR_UNKNOWN|SAPONIFICATION_RANGE_UNKNOWN,12,3.985714957314852,,11,1.3593474549035782e-12,78
2,0,converged_newton,OUT_OF_DOMAIN,False,False,5.0,3.0,4.0,0.0,3.0,3.7280342996394773,1.81553068597666,3.6389817248897733,1.3452485648127215,19.87639394783644,0.0,4.231239142988182,0.0,0.21618826082004294,0.23754477696878487,0.0,0.0,0.8243395004227019,0.827700132731822,0.8272190583410708,0.37691871646500885,0.6108992986712115,0.4862950972685948,0.009731244261483037,12,0.012289974747488691,0.007708418985528147,,1.564266492099547,0.9170839696719646,0.9170839696719646,0.6765271201148103,17.83974196465582,2314.319187650322,0.0,0.0,0.10825860941657343,14.044204086443548,0.0,0.0,,,,,5.454512410866434,707.6045582248166,2314.319187650322,False,COST_INCOMPLETE|EQUILIBRIUM_ACID_ASSUMED_NOMINAL|HIGH_LOADING|LIGAND_LOSS_NOT_MEASURED|OA_ASSUMED|OOD_ACID|OOD_HULL|OOD_LIGAND|OOD_LOADING|OOD_METAL|PHASE_BEHAVIOUR_UNKNOWN|SAPONIFICATION_RANGE_UNKNOWN,12,3.603167921719381,,7,1.0270890939349534e-15,220
2,0,converged_newton,OUT_OF_DOMAIN,False,False,5.0,6.0,7.0,4.0,0.0,3.0548401909649483,2.217767035159454,1.974907838608188,0.29468581887450535,24.222496655885593,0.0,3.795435265290303,0.0,0.05252767884164163,0.2788329220969181,0.0,0.0,0.9977524475671645,0.9978042832777035,0.9977968884983704,0.0007746660971969442,0.2301620808624778,0.32025507585307844,-0.036457698527997344,18,0.005650755845016281,0.0029042196606348736,,147.97614699892844,0.9170839696719646,0.9170839696719646,0.7255873794112574,8.149179351180614,2805.978990376772,0.0,0.0,0.1611595637780495,55.49152013619362,0.0,0.0,,,,,4.192674873767642,1443.6493666774181,2805.978990376772,False,COST_INCOMPLETE|EQUILIBRIUM_ACID_ASSUMED_NOMINAL|HIGH_LOADING|LIGAND_LOSS_NOT_MEASURED|OA_ASSUMED|OOD_ACID|OOD_HULL|OOD_LIGAND|OOD_LOADING|OOD_METAL|PHASE_BEHAVIOUR_UNKNOWN|SAPONIFICATION_RANGE_UNKNOWN,12,2.890953220724093,,12,1.9814964387136726e-15,110
2,0,converged_newton,OUT_OF_DOMAIN,False,False,5.0,12.0,2.0,0.0,4.0,2.7650798751678742,1.503029947528707,4.857452595222945,1.719186649590964,13.35527270782354,0.0,1.5900927290710345,0.0,0.6063604817803363,0.20764416031132393,0.0,0.0,0.7929532054673358,0.7967662625573744,0.7962200826804116,0.6211371007762281,0.800963505317676,0.6718840478964431,0.03999888806155411,19,0.02172532643209035,0.010106677654624233,,1.2766086804308348,0.9170839696719646,0.9170839696719646,0.4962265950761742,10.307789073197991,1019.8988654280214,0.0,0.0,0.060220124511814646,5.958449113518664,0.0,0.0,,,,,6.360482542751652,629.3346597278148,1019.8988654280214,False,COST_INCOMPLETE|EQUILIBRIUM_ACID_ASSUMED_NOMINAL|LIGAND_LOSS_NOT_MEASURED|OA_ASSUMED|OOD_ACID|OOD_HULL|OOD_LIGAND|OOD_LOADING|OOD_METAL|PHASE_BEHAVIOUR_UNKNOWN|SAPONIFICATION_RANGE_UNKNOWN,11,3.675056866595364,,5,5.492886119649957e-16,157
2,0,converged_newton,OUT_OF_DOMAIN,False,False,6.0,2.0,1.0,5.0,0.0,1.7828100361000394,2.358508317295818,2.6973572772169536,0.36776032566608646,4.8225148574753725,0.0,1.0606458165000152,0.0,0.17660555570495867,0.007138743692691361,0.0,0.0,0.8280259085159268,0.8313304451392283,0.8308574355190274,0.05105957758888927,0.0905589098632456,0.26045939714006033,-0.004582023161894903,9,0.003809670184828544,0.0011426859084909125,,1.6049431271310843,0.9170839696719646,0.9170839696719646,0.5766242570720216,3.728306498540917,3262.757045341272,0.0,0.0,0.03412182420491494,29.86107026556222,0.0,0.0,,,,,5.055865594512772,4424.545325136457,3262.757045341272,False,COST_INCOMPLETE|EQUILIBRIUM_ACID_ASSUMED_NOMINAL|HIGH_LOADING|LIGAND_LOSS_NOT_MEASURED|OA_ASSUMED|OOD_ACID|OOD_HULL|OOD_LIGAND|OOD_LOADING|OOD_METAL|PHASE_BEHAVIOUR_UNKNOWN|SAPONIFICATION_RANGE_UNKNOWN,12,2.8427747967330994,,7,5.720674801967883e-14,46
2,0,converged_newton,OUT_OF_DOMAIN,False,False,6.0,2.0,7.0,0.0,3.0,1.3958391121618703,3.967185160837934,1.4680402087810167,2.933220926607932,35.25220532479072,0.0,1.5599834351641386,0.0,0.681019825534213,0.15170717141506052,0.0,0.0,0.9252963591370976,0.926896827244236,0.9266681793319215,0.13676170565284998,0.6046133087187173,0.25089997814721293,-0.09450602769741795,15,0.032486550748439834,0.007629101421409082,,4.128742804897647,0.9170839696719646,0.9170839696719646,0.5531910078001818,13.926748941351573,1825.476969315126,0.0,0.0,0.419556077553966,54.994166990176765,0.0,0.0,,,,,5.4352253696189505,712.4332302578138,1825.476969315126,False,COST_INCOMPLETE|EQUILIBRIUM_ACID_ASSUMED_NOMINAL|HIGH_LOADING|LIGAND_LOSS_NOT_MEASURED|OA_ASSUMED|OOD_ACID|OOD_HULL|OOD_LIGAND|OOD_LOADING|OOD_METAL|PHASE_BEHAVIOUR_UNKNOWN|SAPONIFICATION_RANGE_UNKNOWN,12,3.5899182989383513,,6,6.52094393142968e-16,24
2,0,converged_newton,OUT_OF_DOMAIN,False,False,6.0,3.0,11.0,3.0,0.0,2.0225042697477478,1.2481576327670998,4.210385684741859,2.515159620509526,20.690104781521523,0.0,4.709820783104919,0.0,0.5978667421848404,0.37342051531310116,0.0,0.0,0.8038909013414971,0.8075514129202823,0.8070271976567379,0.715736880580276,0.9865402548547433,0.7864718957215323,0.048166006908298586,20,0.03658361577814322,0.012448312916795377,,1.3664008228762556,0.9170839696719646,0.9170839696719646,0.520301399255575,22.969477680851213,1845.188005344932,0.0,0.0,0.07747353661742132,6.223617379740938,0.0,0.0,,,,,5.458543317508959,438.49663436273704,1845.188005344932,False,COST_INCOMPLETE|EQUILIBRIUM_ACID_ASSUMED_NOMINAL|HIGH_LOADING|LIGAND_LOSS_NOT_MEASURED|OA_ASSUMED|OOD_ACID|OOD_HULL|OOD_LIGAND|OOD_LOADING|OOD_METAL|PHASE_BEHAVIOUR_UNKNOWN|SAPONIFICATION_RANGE_UNKNOWN,12,3.4900795102227726,,5,4.1327405408301277e-16,226
2,0,converged_newton,OUT_OF_DOMAIN,False,False,6.0,4.0,7.0,0.0,5.0,1.5340895703404607,0.4130263828470661,3.3086075297015243,2.802986872785624,18.299137862469685,0.0,2.346206140722165,0.0,0.5010213295012212,0.42844251390614063,0.0,0.0,0.767297620092613,0.7714469767518386,0.7708523219647637,0.6883424301870356,0.766609993043637,0.7766666394920594,0.04993772275771713,17,0.037478743477483346,0.009673199883723567,,1.0991115495509607,0.9170839696719646,0.9170839696719646,0.5917234180806322,8.920382832659765,922.1749720761467,0.0,0.0,0.022674080161666995,2.344010300026894,0.0,0.0,,,,,3.72163391254859,384.73658740482864,922.1749720761467,False,COST_INCOMPLETE|EQUILIBRIUM_ACID_ASSUMED_NOMINAL|HIGH_LOADING|LIGAND_LOSS_NOT_MEASURED|OA_ASSUMED|OOD_ACID|OOD_HULL|OOD_LIGAND|OOD_LOADING|OOD_METAL|PHASE_BEHAVIOUR_UNKNOWN|SAPONIFICATION_RANGE_UNKNOWN,12,3.7946873403919485,,10,5.310585840998419e-16,28
2,0,converged_newton,OUT_OF_DOMAIN,False,False,6.0,5.0,1.0,5.0,0.0,1.6054666161339994,3.066117618192593,2.5082025975273106,2.624999338203654,16.181075061919913,0.0,0.8628729970501319,0.0,0.8491055505376799,0.08700316029812062,0.0,0.0,0.8789057130820197,0.8813726445290935,0.8810198861614777,0.12127648684194965,0.317906298731938,0.29724492192995566,-0.0257701069237541,12,0.014851116906005666,0.004011389363344403,,2.4193426336105657,0.9170839696719646,0.9170839696719646,0.3755786808483267,10.212817011147436,2545.9550510032605,0.0,0.0,0.14883923798594859,37.10416130282036,0.0,0.0,,,,,5.574320215719903,1389.6233226964641,2545.9550510032605,False,COST_INCOMPLETE|EQUILIBRIUM_ACID_ASSUMED_NOMINAL|LIGAND_LOSS_NOT_MEASURED|OA_ASSUMED|OOD_ACID|OOD_HULL|OOD_LIGAND|OOD_LOADING|OOD_METAL|PHASE_BEHAVIOUR_UNKNOWN|SAPONIFICATION_RANGE_UNKNOWN,11,3.063250346881471,,4,2.6150412605879895e-15,105
2,0,converged_newton,OUT_OF_DOMAIN,False,False,6.0,8.0,6.0,5.0,0.0,3.2254438594476253,0.40339006130707145,3.8774512136061525,0.6279490630091157,2.6617588751844607,0.0,1.7425918833563125,0.0,0.7584903909369148,0.06968382533975269,0.0,0.0,0.75274697755908,0.7570736458177061,0.7564534003837116,0.7162078012953836,0.7275786442773412,0.7942551164367833,0.053494671244955286,20,0.01691810513488389,0.009180696470288132,,1.0148133143501419,0.9170839696719646,0.9170839696719646,0.3391210106238366,7.01012342396513,763.5720717542816,0.0,0.0,0.0032211812275358995,0.35086458178426244,0.0,0.0,,,,,4.280841274913224,466.28720258506405,763.5720717542816,False,COST_INCOMPLETE|EQUILIBRIUM_ACID_ASSUMED_NOMINAL|LIGAND_LOSS_NOT_MEASURED|OA_ASSUMED|OOD_ACID|OOD_HULL|OOD_LIGAND|OOD_LOADING|OOD_METAL|PHASE_BEHAVIOUR_UNKNOWN|SAPONIFICATION_RANGE_UNKNOWN,11,4.0036633903897165,,3,3.902927851991419e-15,292
2,0,converged_newton,OUT_OF_DOMAIN,False,False,7.0,2.0,12.0,2.0,0.0,0.28616691149799145,2.338829696251505,1.3999502799258143,0.5357175646323802,17.962453374267227,0.0,3.200310629784412,0.0,0.13061596296761924,0.1994944464023953,0.0,0.0,0.9998239132001576,0.9998279825586233,0.9998274020558714,2.8074244193332506e-05,0.07736763169833917,0.1380697990471526,-0.036208546991893804,21,0.020276880883959795,0.0009762363819143982,,1892.6724662585464,0.9170839696719646,0.9170839696719646,0.6441225828422026,5.733227910981993,5872.786568084198,0.0,0.0,0.12603335810780777,129.10127141610573,0.0,0.0,,,,,3.7387799761773195,3829.7896343973343,5872.786568084198,False,COST_INCOMPLETE|EQUILIBRIUM_ACID_ASSUMED_NOMINAL|HIGH_LOADING|LIGAND_LOSS_NOT_MEASURED|OA_ASSUMED|OOD_ACID|OOD_HULL|OOD_LIGAND|OOD_LOADING|OOD_METAL|PHASE_BEHAVIOUR_UNKNOWN|SAPONIFICATION_RANGE_UNKNOWN,12,2.8109920870609493,,14,8.499903070043513e-16,25
2,0,converged_newton,OUT_OF_DOMAIN,False,False,7.0,6.0,3.0,0.0,2.0,1.0049396945390217,3.5749645912228583,3.175304830938289,0.11018258626783516,10.121440769412112,0.0,0.7601886712536822,0.0,0.16478848584052547,0.32447236467759266,0.0,0.0,0.985863155508689,0.9861853995601929,0.9861394180309164,0.0053957741859257365,0.18716170760205234,0.3767555614270517,-0.022146664292653825,16,0.013968129775780156,0.002361634500778836,,23.245714560856413,0.9170839696719646,0.9170839696719646,0.7018169305066712,2.8077296047332445,1188.8925249894903,0.0,0.0,0.10855137708842323,45.96451188895844,0.0,0.0,,,,,6.750269422161147,2858.3040347416154,1188.8925249894903,False,COST_INCOMPLETE|EQUILIBRIUM_ACID_ASSUMED_NOMINAL|HIGH_LOADING|LIGAND_LOSS_NOT_MEASURED|OA_ASSUMED|OOD_ACID|OOD_HULL|OOD_LIGAND|OOD_LOADING|OOD_METAL|PHASE_BEHAVIOUR_UNKNOWN|SAPONIFICATION_RANGE_UNKNOWN,12,3.296151199258023,,12,1.1790206598380069e-15,296
2,0,converged_newton,OUT_OF_DOMAIN,False,False,7.0,9.0,10.0,0.0,3.0,2.980426174447739,4.388167330249749,3.8191361439226874,0.18941530049873,22.416584555897145,0.0,5.407441591128389,0.0,0.26537503674793195,0.06145081799248462,0.0,0.0,0.9294644100146213,0.9309822415095425,0.9307654172593827,0.14160525355302564,0.7755575217937338,0.48335387038267463,-0.04020090986943889,26,0.019516274093018968,0.009786101143621603,,4.392413391156105,0.9170839696719646,0.9170839696719646,0.6565624155146914,21.482941660327207,2195.250319309175,0.0,0.0,0.2951031720119067,30.15533639811698,0.0,0.0,,,,,8.207303474172436,838.6693897519956,2195.250319309175,False,COST_INCOMPLETE|EQUILIBRIUM_ACID_ASSUMED_NOMINAL|HIGH_LOADING|LIGAND_LOSS_NOT_MEASURED|OA_ASSUMED|OOD_ACID|OOD_HULL|OOD_LIGAND|OOD_LOADING|OOD_METAL|PHASE_BEHAVIOUR_UNKNOWN|SAPONIFICATION_RANGE_UNKNOWN,12,3.5887128186021937,,9,8.367200157411253e-16,7
2,0,converged_newton,OUT_OF_DOMAIN,False,False,7.0,10.0,6.0,6.0,0.0,3.6622953678773036,1.900607514149049,2.067986458360462,2.7183214910275337,27.256833552026276,0.0,0.9257350835423032,0.0,0.9064373259492343,0.4782686203484932,0.0,0.0,0.8476781908758085,0.8506732038076343,0.8502446667061012,0.37025719250733763,0.6930019651268179,0.46725357860816796,0.00017060472362027956,23,0.014191959458102518,0.008744402746264956,,1.855016025500495,0.9170839696719646,0.9170839696719646,0.37146701001905613,7.080869868514451,809.7602631053265,0.0,0.0,0.15541362798267339,17.772926578554042,0.0,0.0,,,,,3.968593972509511,453.84391452059293,809.7602631053265,False,COST_INCOMPLETE|EQUILIBRIUM_ACID_ASSUMED_NOMINAL|LIGAND_LOSS_NOT_MEASURED|OA_ASSUMED|OOD_ACID|OOD_HULL|OOD_LIGAND|OOD_LOADING|OOD_METAL|PHASE_BEHAVIOUR_UNKNOWN|SAPONIFICATION_RANGE_UNKNOWN,11,3.548420232722265,,3,2.2638688050779983e-15,132
2,0,converged_newton,OUT_OF_DOMAIN,False,False,7.0,11.0,7.0,0.0,6.0,2.183137255976998,0.9342373552385508,2.4264589933910603,2.1166115826829026,13.092991008922505,0.0,2.108458182167425,0.0,0.7459865586056503,0.4133478302184504,0.0,0.0,0.7787619101178643,0.7827647203727764,0.7821911984200004,0.6540260971744113,0.7664642499358597,0.6894120456700908,0.04525285745285158,25,0.02633128933501886,0.009671360875328168,,1.1733391095128163,0.9170839696719646,0.9170839696719646,0.48522236194915436,7.093504925382073,733.454683040289,0.0,0.0,0.03669588387701367,3.794283384732917,0.0,0.0,,,,,3.3606963486296113,347.4894993529622,733.454683040289,False,COST_INCOMPLETE|EQUILIBRIUM_ACID_ASSUMED_NOMINAL|LIGAND_LOSS_NOT_MEASURED|OA_ASSUMED|OOD_ACID|OOD_HULL|OOD_LIGAND|OOD_LOADING|OOD_METAL|PHASE_BEHAVIOUR_UNKNOWN|SAPONIFICATION_RANGE_UNKNOWN,11,3.688481594818211,,4,8.527738010444579e-14,175
2,0,converged_newton,OUT_OF_DOMAIN,False,False,7.0,12.0,7.0,0.0,2.0,2.7834634044220055,4.242851721023509,3.654048949079424,1.4279443032190189,20.583820380472957,0.0,0.6059382341970436,0.0,0.7076968352207279,0.12661696787218596,0.0,0.0,0.8703712149898366,0.872986885463492,0.87261279476812,0.37373037249381713,0.869398985325795,0.4256658845758714,-0.022129173827093854,26,0.023425824027664778,0.010970206806688679,,2.2381119926966746,0.9170839696719646,0.9170839696719646,0.5240102314201892,8.27268391231328,754.1046452532978,0.0,0.0,0.2620022931795857,23.883076937058238,0.0,0.0,,,,,7.896900670102934,719.8497539069264,754.1046452532978,False,COST_INCOMPLETE|EQUILIBRIUM_ACID_ASSUMED_NOMINAL|HIGH_LOADING|LIGAND_LOSS_NOT_MEASURED|OA_ASSUMED|OOD_ACID|OOD_HULL|OOD_LIGAND|OOD_LOADING|OOD_METAL|PHASE_BEHAVIOUR_UNKNOWN|SAPONIFICATION_RANGE_UNKNOWN,12,3.7812805328605643,,7,1.4160645357928454e-15,74
2,0,converged_newton,OUT_OF_DOMAIN,False,False,8.0,1.0,1.0,0.0,3.0,4.421007485889125,3.8372437229727567,2.7556352805458966,0.28805368976859175,24.14488885140828,0.0,2.748549774412048,0.0,0.09959850888059195,0.4792214820745882,0.0,0.0,0.8769861718822674,0.8794868462476826,0.8791292491828845,0.10254977975409753,0.2549771537913974,0.1233899068509863,-0.07352653665258652,10,0.004325549457989405,0.0032173399731129206,,2.3763891298543878,0.9170839696719646,0.9170839696719646,0.7429393222425564,8.679332941649974,2697.6735483916955,0.0,0.0,0.27794946956082406,86.39107830805195,0.0,0.0,,,,,6.592879003518654,2049.170761751904,2697.6735483916955,False,COST_INCOMPLETE|EQUILIBRIUM_ACID_ASSUMED_NOMINAL|HIGH_LOADING|LIGAND_LOSS_NOT_MEASURED|OA_ASSUMED|OOD_ACID|OOD_HULL|OOD_LIGAND|OOD_LOADING|OOD_METAL|PHASE_BEHAVIOUR_UNKNOWN|SAPONIFICATION_RANGE_UNKNOWN,12,3.474786537381998,,8,1.532710354820442e-14,84
2,0,converged_newton,OUT_OF_DOMAIN,False,False,8.0,2.0,4.0,6.0,0.0,2.5260765005425667,2.710893212424493,1.1313534875270999,0.24166127801496037,32.34165357085,0.0,1.48318221625927,0.0,0.4716352161193689,0.4302430734784656,0.0,0.0,0.9014684088288704,0.9035261468452401,0.9032320328301973,0.1273840076461937,0.41734182384875274,0.24803984575680368,-0.05637413235514517,14,0.012391009053737486,0.005266081734597138,,3.0496764138085775,0.9170839696719646,0.9170839696719646,0.5266560441425098,2.333121291279683,443.04691967683056,0.0,0.0,0.26302430743140487,49.94687144777607,0.0,0.0,,,,,3.842246699951593,729.621546644211,443.04691967683056,False,COST_INCOMPLETE|EQUILIBRIUM_ACID_ASSUMED_NOMINAL|HIGH_LOADING|LIGAND_LOSS_NOT_MEASURED|OA_ASSUMED|OOD_ACID|OOD_HULL|OOD_LIGAND|OOD_LOADING|OOD_METAL|PHASE_BEHAVIOUR_UNKNOWN|SAPONIFICATION_RANGE_UNKNOWN,12,3.4345442006632587,,9,1.3412244080115496e-15,49
2,0,converged_newton,OUT_OF_DOMAIN,False,False,8.0,2.0,5.0,1.0,0.0,2.4073398878914856,1.4699717526212723,4.115124549164497,0.9546090202882742,28.42793289808409,0.0,4.7796302224276115,0.0,0.2113159279101251,0.3168673618541193,0.0,0.0,0.850958641646498,0.853900270054279,0.8534793988429984,0.28634413958036853,0.5954569680694161,0.5547841200977357,0.0028710142596096028,15,0.01855129507463189,0.007513565341645102,,1.9031823359798838,0.9170839696719646,0.9170839696719646,0.6351813570501625,21.07202195886166,2804.530339553542,0.0,0.0,0.1253647750367898,16.685124749223395,0.0,0.0,,,,,5.585096301785769,743.3350277569965,2804.530339553542,False,COST_INCOMPLETE|EQUILIBRIUM_ACID_ASSUMED_NOMINAL|HIGH_LOADING|LIGAND_LOSS_NOT_MEASURED|OA_ASSUMED|OOD_ACID|OOD_HULL|OOD_LIGAND|OOD_LOADING|OOD_METAL|PHASE_BEHAVIOUR_UNKNOWN|SAPONIFICATION_RANGE_UNKNOWN,12,3.183552119410751,,8,5.752970086010715e-14,184
2,0,converged_newton,OUT_OF_DOMAIN,False,False,8.0,5.0,8.0,0.0,1.0,0.4105341332612753,1.4274802416648216,3.9847272493042762,2.386558091615742,27.485050434542362,0.0,3.1251262969673106,0.0,0.7261070608666865,0.4428640247314767,0.0,0.0,0.9484285429073191,0.9495604372096613,0.9493988054286467,0.054354457648011445,0.44428631879999775,0.7453896224819464,-0.005912892526470516,21,0.0811661472465022,0.0056060714135661915,,6.130190331206312,0.9170839696719646,0.9170839696719646,0.5434196597734263,15.859540434409785,2828.993650710748,0.0,0.0,0.11770309930941077,20.99564750898103,0.0,0.0,,,,,5.412207490969098,965.4189345273126,2828.993650710748,False,COST_INCOMPLETE|EQUILIBRIUM_ACID_ASSUMED_NOMINAL|HIGH_LOADING|LIGAND_LOSS_NOT_MEASURED|OA_ASSUMED|OOD_ACID|OOD_HULL|OOD_LIGAND|OOD_LOADING|OOD_METAL|PHASE_BEHAVIOUR_UNKNOWN|SAPONIFICATION_RANGE_UNKNOWN,12,3.3274093637220905,,7,2.2935110077981885e-15,73
2,0,converged_newton,OUT_OF_DOMAIN,False,False,8.0,6.0,10.0,0.0,7.0,2.0678452606095616,2.4756304812293957,4.605538417982022,1.1167918885719486,16.069491003531414,0.0,0.70036765882045,0.0,0.6305296995892341,0.31840971222104,0.0,0.0,0.8327448124821114,0.8359766356970297,0.8355140776386922,0.5160425103134733,0.8791451534316616,0.6845461488357255,0.02615376476119069,24,0.03188627687157692,0.01109318541777372,,1.6596292663928014,0.9170839696719646,0.9170839696719646,0.5322158803432876,5.990334199948167,540.0012687384036,0.0,0.0,0.11934636523855184,10.758529740910374,0.0,0.0,,,,,7.081168899211417,638.3350347561873,540.0012687384036,False,COST_INCOMPLETE|EQUILIBRIUM_ACID_ASSUMED_NOMINAL|HIGH_LOADING|LIGAND_LOSS_NOT_MEASURED|OA_ASSUMED|OOD_ACID|OOD_HULL|OOD_LIGAND|OOD_LOADING|OOD_METAL|PHASE_BEHAVIOUR_UNKNOWN|SAPONIFICATION_RANGE_UNKNOWN,12,3.6412848298285145,,4,1.4396436178235282e-14,177
2,0,converged_newton,OUT_OF_DOMAIN,False,False,8.0,12.0,12.0,1.0,0.0,4.883870354338832,1.7002325439353556,2.1373169743305342,1.013192393306625,36.48325018893997,0.0,2.8395656629346764,0.0,0.8803129556626008,0.29329430461636147,0.0,0.0,0.8465656478313751,0.8495786542451446,0.8491475330385505,0.5597938869003299,1.0227819029091654,0.5597951959679386,0.014678633438415946,32,0.015706527232042394,0.012905615468193283,,1.8391484389818962,0.9170839696719646,0.9170839696719646,0.42758368634264415,7.7917145714840945,603.7460662521113,0.0,0.0,0.1860900278393144,14.419306719462174,0.0,0.0,,,,,3.83754951826589,297.355017877588,603.7460662521113,False,COST_INCOMPLETE|EQUILIBRIUM_ACID_ASSUMED_NOMINAL|LIGAND_LOSS_NOT_MEASURED|OA_ASSUMED|OOD_ACID|OOD_HULL|OOD_LIGAND|OOD_LOADING|OOD_METAL|PHASE_BEHAVIOUR_UNKNOWN|SAPONIFICATION_RANGE_UNKNOWN,11,3.764058501076365,,4,4.94317756961223e-16,190
2,0,converged_newton,OUT_OF_DOMAIN,False,False,9.0,1.0,3.0,2.0,0.0,1.4677580569587494,2.2509542303577152,2.9332496796665803,0.19971716245044174,12.430037808677348,0.0,1.256317388014435,0.0,0.6147667074752374,0.20843006796525826,0.0,0.0,0.8117944059213923,0.8153412803965069,0.8148334187499858,0.2804139313991288,0.4316941734684591,0.4055126065962391,0.00439761682118581,13,0.022058855583610926,0.005447181834951037,,1.4377794487559712,0.9170839696719646,0.9170839696719646,0.49220242698870786,4.134646767645757,759.043280163039,0.0,0.0,0.08393833856684589,15.409498179089223,0.0,0.0,,,,,5.184203910024296,951.7222055560213,759.043280163039,False,COST_INCOMPLETE|EQUILIBRIUM_ACID_ASSUMED_NOMINAL|LIGAND_LOSS_NOT_MEASURED|OA_ASSUMED|OOD_ACID|OOD_HULL|OOD_LIGAND|OOD_LOADING|OOD_METAL|PHASE_BEHAVIOUR_UNKNOWN|SAPONIFICATION_RANGE_UNKNOWN,11,3.1478347418555326,,7,4.014845645212328e-16,148
2,0,converged_newton,OUT_OF_DOMAIN,False,False,9.0,2.0,10.0,4.0,0.0,4.470247045088196,1.3527621516263357,1.0396012711208613,0.16705370645970205,6.64751899105468,0.0,2.1187365333453423,0.0,0.49533425820188454,0.1342271966391959,0.0,0.0,0.7699036813777206,0.774020254705625,0.7734303287875849,0.29079802840589264,0.3258644269849824,0.29246331460444897,0.015447319930557622,21,0.005467221783799981,0.004111806219360555,,1.115335360408462,0.9170839696719646,0.9170839696719646,0.570745982596332,2.4286251246236055,590.6467851496396,0.0,0.0,0.026977536279948186,6.560994084041145,0.0,0.0,,,,,2.392363422747197,581.8278622865753,590.6467851496396,False,COST_INCOMPLETE|EQUILIBRIUM_ACID_ASSUMED_NOMINAL|HIGH_LOADING|LIGAND_LOSS_NOT_MEASURED|OA_ASSUMED|OOD_ACID|OOD_HULL|OOD_LIGAND|OOD_LOADING|OOD_METAL|PHASE_BEHAVIOUR_UNKNOWN|SAPONIFICATION_RANGE_UNKNOWN,12,3.73115585114879,,6,1.360231215954947e-13,286
2,0,converged_newton,OUT_OF_DOMAIN,False,False,9.0,3.0,4.0,0.0,1.0,1.5464102779598887,3.944231106845997,4.599422780760841,0.4824318654001752,28.632149598437195,0.0,2.7853791547551814,0.0,0.9518641828650939,0.07026050646631458,0.0,0.0,0.8958950985135441,0.8980560672748537,0.8977471642297526,0.36058030465585533,1.1394665792488492,0.517272041910886,-0.02747182165836043,16,0.055263467051193754,0.014377960216948866,,2.868565218741087,0.9170839696719646,0.9170839696719646,0.47935547069129397,14.713959107882472,1023.3690235515834,0.0,0.0,0.3387954453060724,23.563526410839376,0.0,0.0,,,,,8.543653887606839,594.2187736432533,1023.3690235515834,False,COST_INCOMPLETE|EQUILIBRIUM_ACID_ASSUMED_NOMINAL|LIGAND_LOSS_NOT_MEASURED|OA_ASSUMED|OOD_ACID|OOD_HULL|OOD_LIGAND|OOD_LOADING|OOD_METAL|PHASE_BEHAVIOUR_UNKNOWN|SAPONIFICATION_RANGE_UNKNOWN,11,3.64534021126163,,9,2.4380570570359128e-12,67
2,0,converged_newton,OUT_OF_DOMAIN,False,False,9.0,5.0,6.0,0.0,7.0,0.38199699775217566,3.1977980129933905,3.5419796657354903,0.15325921109353613,11.035484698218985,0.0,5.633197647612382,0.0,0.16741669454715447,0.23978228137097826,0.0,0.0,0.9993970987027562,0.9994110259156633,0.9994090391519342,0.00013449276424392907,0.11719146653127291,0.24878037288126395,-0.026499891050538175,20,0.023008976619098072,0.001478739503411581,,552.5487633833346,0.9170839696719646,0.9170839696719646,0.7007234434698407,20.4427635216199,13824.452159732435,0.0,0.0,0.10586775312115092,71.5932406464457,0.0,0.0,,,,,6.739777678728881,4557.785643231702,13824.452159732435,False,COST_INCOMPLETE|EQUILIBRIUM_ACID_ASSUMED_NOMINAL|HIGH_LOADING|LIGAND_LOSS_NOT_MEASURED|OA_ASSUMED|OOD_ACID|OOD_HULL|OOD_LIGAND|OOD_LOADING|OOD_METAL|PHASE_BEHAVIOUR_UNKNOWN|SAPONIFICATION_RANGE_UNKNOWN,12,3.215364510281011,,10,6.631495309522145e-16,1
2,0,converged_newton,OUT_OF_DOMAIN,False,False,10.0,4.0,12.0,0.0,2.0,1.5191782002096528,0.5184598867409622,2.829852194643349,2.5555487419665606,1.5517065105600205,0.0,1.6998881132898518,0.0,0.6017151804110143,0.13647767854763884,0.0,0.0,0.7501799395685249,0.7545368801890657,0.7539122631584272,0.7133626625738754,0.7211663475249331,0.7275054451722952,0.053282978482649825,26,0.03560311493207689,0.009099785148021735,,1.0009603689322855,0.9170839696719646,0.9170839696719646,0.5707036233451293,6.13538161936242,674.2336790991415,0.0,0.0,0.0024134927451605497,0.26522524498122196,0.0,0.0,,,,,3.348312081384311,367.95507002846364,674.2336790991415,False,COST_INCOMPLETE|EQUILIBRIUM_ACID_ASSUMED_NOMINAL|HIGH_LOADING|LIGAND_LOSS_NOT_MEASURED|OA_ASSUMED|OOD_ACID|OOD_HULL|OOD_LIGAND|OOD_LOADING|OOD_METAL|PHASE_BEHAVIOUR_UNKNOWN|SAPONIFICATION_RANGE_UNKNOWN,12,3.7580599799505965,,10,5.535291749828192e-16,30
2,0,converged_newton,OUT_OF_DOMAIN,False,False,10.0,9.0,12.0,3.0,0.0,0.6562889160553442,3.1703399651255437,3.588167440083627,1.8290212534707662,15.596011104524793,0.0,5.918438792517752,0.0,0.8567863378103789,0.11140760752546536,0.0,0.0,0.9575454881532941,0.9584860416541633,0.9583517571645807,0.043167381359984554,0.5225541035741955,0.7271565044335149,-0.010253099533152066,31,0.05971692772693372,0.006593666062014734,,7.5182075002282085,0.9170839696719646,0.9170839696719646,0.41897972336203515,27.034968548382444,4100.1422113454355,0.0,0.0,0.14833397190365022,22.496433775769027,0.0,0.0,,,,,6.758507405209171,1024.9999532345241,4100.1422113454355,False,COST_INCOMPLETE|EQUILIBRIUM_ACID_ASSUMED_NOMINAL|LIGAND_LOSS_NOT_MEASURED|OA_ASSUMED|OOD_ACID|OOD_HULL|OOD_LIGAND|OOD_LOADING|OOD_METAL|PHASE_BEHAVIOUR_UNKNOWN|SAPONIFICATION_RANGE_UNKNOWN,11,2.9377603306646147,,6,2.3972284628225535e-14,140
2,0,converged_newton,OUT_OF_DOMAIN,False,False,10.0,11.0,11.0,0.0,8.0,1.2162341725030041,3.412088524259613,0.7615507739942164,0.5951371563964052,22.694715812532014,0.0,3.2754704788782827,0.0,0.31216413667801074,0.15117915283998032,0.0,0.0,0.9936496369395795,0.9937955081023182,0.993774696720341,0.0021406281363376446,0.2216852850639759,0.21263712741074034,-0.060809983005475465,32,0.013670390748502936,0.0027972581797300073,,52.15710385298813,0.9170839696719646,0.9170839696719646,0.6421667527930078,4.525097740085636,1617.6904130180792,0.0,0.0,0.23230913815582102,83.04887258502667,0.0,0.0,,,,,4.173639298253829,1492.0465077187373,1617.6904130180792,False,COST_INCOMPLETE|EQUILIBRIUM_ACID_ASSUMED_NOMINAL|HIGH_LOADING|LIGAND_LOSS_NOT_MEASURED|OA_ASSUMED|OOD_ACID|OOD_HULL|OOD_LIGAND|OOD_LOADING|OOD_METAL|PHASE_BEHAVIOUR_UNKNOWN|SAPONIFICATION_RANGE_UNKNOWN,12,3.41321484359557,,9,8.891340277265121e-16,202
2,0,converged_newton,OUT_OF_DOMAIN,False,False,11.0,1.0,8.0,6.0,0.0,1.2457929935411876,2.9393196591849775,4.361880994727616,2.082872137656827,22.538436956722965,0.0,3.5473327923235485,0.0,0.5479869102907254,0.37324141777020114,0.0,0.0,0.9184277001374272,0.9201626269429269,0.9199147360461957,0.15939771105475162,0.7443901995412329,0.662278931229053,-0.01041840586860459,20,0.044814239006832776,0.009392827196341207,,3.7530211509083755,0.9170839696719646,0.9170839696719646,0.49441023280378577,21.59527051059348,2299.123582195305,0.0,0.0,0.19874301250259058,21.159019361072357,0.0,0.0,,,,,7.301200653912593,777.3166163172505,2299.123582195305,False,COST_INCOMPLETE|EQUILIBRIUM_ACID_ASSUMED_NOMINAL|LIGAND_LOSS_NOT_MEASURED|OA_ASSUMED|OOD_ACID|OOD_HULL|OOD_LIGAND|OOD_LOADING|OOD_METAL|PHASE_BEHAVIOUR_UNKNOWN|SAPONIFICATION_RANGE_UNKNOWN,11,3.0385547148221734,,7,6.078008454815897e-16,179
2,0,converged_newton,OUT_OF_DOMAIN,False,False,11.0,1.0,10.0,10.0,0.0,2.633532893720189,1.7365778691050198,4.805279266045464,2.285365591355634,22.864214309158907,0.0,4.209983501040847,0.0,0.7597752783481576,4.201496462555521e-05,0.0,0.0,0.8330077897236469,0.836235530801467,0.8357735594187422,0.6034250377549842,1.0099094109988702,0.7678114310150358,0.03603771726115558,22,0.028761063135201118,0.01274318843439539,,1.6627677589374061,0.9170839696719646,0.9170839696719646,0.3337206147689964,24.198861736707375,1898.9644437330733,0.0,0.0,0.11911646569127916,9.347461689397104,0.0,0.0,,,,,6.541857135150484,513.3610923851074,1898.9644437330733,False,COST_INCOMPLETE|EQUILIBRIUM_ACID_ASSUMED_NOMINAL|LIGAND_LOSS_NOT_MEASURED|OA_ASSUMED|OOD_ACID|OOD_HULL|OOD_LIGAND|OOD_LOADING|OOD_METAL|PHASE_BEHAVIOUR_UNKNOWN|SAPONIFICATION_RANGE_UNKNOWN,11,3.3248819610731934,,4,4.699585308924639e-16,108
2,0,converged_newton,OUT_OF_DOMAIN,False,False,11.0,2.0,9.0,4.0,0.0,1.6846728065531014,2.764966891196993,4.016223417743653,2.9617498691578805,41.353379789234644,0.0,2.9466464516302033,0.0,0.3231410981454435,0.2976207284015632,0.0,0.0,0.9764434319074741,0.9769753802976361,0.9768994615387003,0.043029425609807444,0.8612762138032484,0.5367161053179687,-0.04974500992108505,22,0.0383431820018563,0.010867712457201459,,13.81700180988711,0.9170839696719646,0.9170839696719646,0.5818839377255879,20.02353081107703,1842.4788924009943,0.0,0.0,0.3430221778689865,31.56342047324631,0.0,0.0,,,,,6.781190308940646,623.9758675660497,1842.4788924009943,False,COST_INCOMPLETE|EQUILIBRIUM_ACID_ASSUMED_NOMINAL|HIGH_LOADING|LIGAND_LOSS_NOT_MEASURED|OA_ASSUMED|OOD_ACID|OOD_HULL|OOD_LIGAND|OOD_LOADING|OOD_METAL|PHASE_BEHAVIOUR_UNKNOWN|SAPONIFICATION_RANGE_UNKNOWN,12,3.094685135821014,,14,1.424106826238488e-13,18
2,0,converged_newton,OUT_OF_DOMAIN,False,False,11.0,2.0,11.0,0.0,0.0,0.9352535556714796,3.625833581694089,3.835287145170584,1.740976326170527,24.336004227949307,0.0,2.4983585789863474,0.0,0.07319237181400881,0.4903350134458101,0.0,0.0,0.9956954460289702,0.9957945227786364,0.9957803881104559,0.0017263595962296228,0.16371568813808596,0.13768623660548202,-0.07595962476359149,24,0.013128714171571134,0.002065789110279589,,77.1040354571856,0.9170839696719646,0.9170839696719646,0.6941154114820496,15.894412970376486,7694.112090766756,0.0,0.0,0.26471490412184384,128.14226912350054,0.0,0.0,,,,,7.461120726864673,3611.7533439097597,7694.112090766756,False,COST_INCOMPLETE|EQUILIBRIUM_ACID_ASSUMED_NOMINAL|HIGH_LOADING|LIGAND_LOSS_NOT_MEASURED|OA_ASSUMED|OOD_ACID|OOD_HULL|OOD_LIGAND|OOD_LOADING|OOD_METAL|PHASE_BEHAVIOUR_UNKNOWN|SAPONIFICATION_RANGE_UNKNOWN,12,2.8019428888095472,,8,1.3272491688281102e-15,63
2,0,converged_newton,OUT_OF_DOMAIN,False,False,11.0,3.0,2.0,1.0,0.0,4.448008320161228,0.7597369021147669,3.0630764680445632,1.5589289652616365,20.142780695366017,0.0,5.8928377329885455,0.0,0.35312713858827516,0.47199928029541716,0.0,0.0,0.7828865907679056,0.7868352011941263,0.7862694914266549,0.6663942263768321,0.8023819357755771,0.6664664255855518,0.04487543137769377,16,0.013529346361696323,0.010124575622906598,,1.2019625957034568,0.9170839696719646,0.9170839696719646,0.61917097670388,19.23458845260714,1899.7920672437242,0.0,0.0,0.045909641416423515,4.5344756290381305,0.0,0.0,,,,,3.82281337015933,377.57764004550575,1899.7920672437242,False,COST_INCOMPLETE|EQUILIBRIUM_ACID_ASSUMED_NOMINAL|HIGH_LOADING|LIGAND_LOSS_NOT_MEASURED|OA_ASSUMED|OOD_ACID|OOD_HULL|OOD_LIGAND|OOD_LOADING|OOD_METAL|PHASE_BEHAVIOUR_UNKNOWN|SAPONIFICATION_RANGE_UNKNOWN,12,3.8490776182682795,,14,7.859938413849928e-16,40
2,0,converged_newton,OUT_OF_DOMAIN,False,False,11.0,5.0,6.0,3.0,0.0,2.830169257241093,3.4771027507316976,4.384902349525195,2.998743940605727,38.45635876180236,0.0,1.8281653835769862,0.0,0.6773014026474058,0.3678297693745636,0.0,0.0,0.8953749582678405,0.8975454891674747,0.8972352160428795,0.5212673262161581,1.5373716360624254,0.5699199655994973,-0.018413838129106117,22,0.04074062793582936,0.019398785909581093,,2.85264707646825,0.9170839696719646,0.9170839696719646,0.49636062042068224,18.44326749038754,950.7433906612878,0.0,0.0,0.4011501325013643,20.67913602279798,0.0,0.0,,,,,7.8620051002568925,405.28335829377005,950.7433906612878,False,COST_INCOMPLETE|EQUILIBRIUM_ACID_ASSUMED_NOMINAL|LIGAND_LOSS_NOT_MEASURED|OA_ASSUMED|OOD_ACID|OOD_HULL|OOD_LIGAND|OOD_LOADING|OOD_METAL|PHASE_BEHAVIOUR_UNKNOWN|SAPONIFICATION_RANGE_UNKNOWN,11,3.2870250497781615,,8,1.0473491407442828e-13,170
2,0,converged_newton,OUT_OF_DOMAIN,False,False,11.0,7.0,2.0,0.0,4.0,1.0494301505599148,2.959960664351065,0.8233112674376761,1.239177855704739,14.847830825656102,0.0,5.371775855907214,0.0,0.08175791844113595,0.3354294233788339,0.0,0.0,0.9996603743338109,0.9996682218143969,0.9996671023507573,4.204067332894325e-05,0.07268206681492932,0.12396192305335246,-0.03849784018376155,20,0.005194395270815576,0.0009171132213808003,,981.1394071507867,0.9170839696719646,0.9170839696719646,0.758062120320009,8.090561297339004,8821.769339621887,0.0,0.0,0.1318469855846438,143.7630409319972,0.0,0.0,,,,,3.7832719317887413,4125.196152000371,8821.769339621887,False,COST_INCOMPLETE|EQUILIBRIUM_ACID_ASSUMED_NOMINAL|HIGH_LOADING|LIGAND_LOSS_NOT_MEASURED|OA_ASSUMED|OOD_ACID|OOD_HULL|OOD_LIGAND|OOD_LOADING|OOD_METAL|PHASE_BEHAVIOUR_UNKNOWN|SAPONIFICATION_RANGE_UNKNOWN,12,3.2401221246719345,,16,8.487121536616777e-16,186
2,0,converged_newton,OUT_OF_DOMAIN,False,False,11.0,7.0,5.0,8.0,0.0,3.195804370426973,0.6131233704029696,2.4783339673211504,2.8857472374492086,22.08176388846659,0.0,3.666211891074876,0.0,0.49197418221307554,0.29144611647441127,0.0,0.0,0.7806511398246238,0.784629221727521,0.784059264280886,0.7488188687690877,0.8855637858198647,0.7575142783781603,0.052878438436750635,23,0.020782650074296076,0.011174176684042924,,1.1863159279704316,0.9170839696719646,0.9170839696719646,0.5366835432652931,10.855416533403494,971.4735000481396,0.0,0.0,0.04061653649921763,3.634857193301706,0.0,0.0,,,,,3.09145733772412,276.6608605839228,971.4735000481396,False,COST_INCOMPLETE|EQUILIBRIUM_ACID_ASSUMED_NOMINAL|HIGH_LOADING|LIGAND_LOSS_NOT_MEASURED|OA_ASSUMED|OOD_ACID|OOD_HULL|OOD_LIGAND|OOD_LOADING|OOD_METAL|PHASE_BEHAVIOUR_UNKNOWN|SAPONIFICATION_RANGE_UNKNOWN,12,3.8704960215927824,,4,4.5584719500006556e-14,252
2,0,converged_newton,OUT_OF_DOMAIN,False,False,11.0,9.0,8.0,6.0,0.0,0.5394171128130129,2.885183869339896,4.1217963348951345,1.8031724766777844,8.720090676433582,0.0,4.3947704259368585,0.0,0.13494644510783976,0.11634792983593556,0.0,0.0,0.9999979192146632,0.9999979673096994,0.9999979604488626,2.2546425393071893e-07,0.1309575502902174,0.39038809184763273,-0.01533724868706109,28,0.018208202962910085,0.0016524420131945065,,160195.59242440216,0.9170839696719646,0.9170839696719646,0.6147119996340377,23.316832777680485,14110.530107258835,0.0,0.0,0.07547719487648241,45.67615339830875,0.0,0.0,,,,,7.006980204235031,4240.378874590046,14110.530107258835,False,COST_INCOMPLETE|EQUILIBRIUM_ACID_ASSUMED_NOMINAL|HIGH_LOADING|LIGAND_LOSS_NOT_MEASURED|OA_ASSUMED|OOD_ACID|OOD_HULL|OOD_LIGAND|OOD_LOADING|OOD_METAL|PHASE_BEHAVIOUR_UNKNOWN|SAPONIFICATION_RANGE_UNKNOWN,12,2.723855621106585,,9,1.028392248252579e-15,142
2,0,converged_newton,OUT_OF_DOMAIN,False,False,11.0,9.0,11.0,3.0,0.0,1.4362393192117793,1.8475904605707731,3.729801683803474,1.9337361536957745,31.048498786111267,0.0,1.1654833908670064,0.0,0.251803383797538,0.18499073011548847,0.0,0.0,0.9532720934062262,0.954302803157028,0.954155634426512,0.05628328520908597,0.5762581605273083,0.6798252717865035,-0.014145548132714285,31,0.030092033731027,0.007271311908257654,,6.800162635813032,0.9170839696719646,0.9170839696719646,0.6085648544621785,7.919774384529873,1089.1809462245449,0.0,0.0,0.17209473051678723,23.667631465698523,0.0,0.0,,,,,5.577392144374247,767.0406956467224,1089.1809462245449,False,COST_INCOMPLETE|EQUILIBRIUM_ACID_ASSUMED_NOMINAL|HIGH_LOADING|LIGAND_LOSS_NOT_MEASURED|OA_ASSUMED|OOD_ACID|OOD_HULL|OOD_LIGAND|OOD_LOADING|OOD_METAL|PHASE_BEHAVIOUR_UNKNOWN|SAPONIFICATION_RANGE_UNKNOWN,12,3.0799838281227974,,12,1.102271748577681e-15,79
2,0,converged_newton,OUT_OF_DOMAIN,False,False,11.0,11.0,12.0,0.0,4.0,2.9926740230557147,0.8890555744250388,1.8694118760597602,2.7471080069645195,21.78712234083689,0.0,3.0520224643366074,0.0,0.8982970311923844,0.25493693469394185,0.0,0.0,0.7918518720922191,0.795679985569799,0.7951316370085483,0.656149828243892,0.8256111673432291,0.6561499738557879,0.04255087498294084,34,0.020690805972752416,0.010417685551211966,,1.268090309933904,0.9170839696719646,0.9170839696719646,0.4432285665083088,8.147818727971494,782.114097024516,0.0,0.0,0.05810988770340415,5.578003618725448,0.0,0.0,,,,,2.7584674504847992,264.7869756602402,782.114097024516,False,COST_INCOMPLETE|EQUILIBRIUM_ACID_ASSUMED_NOMINAL|LIGAND_LOSS_NOT_MEASURED|OA_ASSUMED|OOD_ACID|OOD_HULL|OOD_LIGAND|OOD_LOADING|OOD_METAL|PHASE_BEHAVIOUR_UNKNOWN|SAPONIFICATION_RANGE_UNKNOWN,11,3.8535237397144173,,4,6.07437843181765e-16,213
2,0,converged_newton,OUT_OF_DOMAIN,False,False,11.0,12.0,4.0,0.0,5.0,4.688704491512402,4.1122659625406355,4.140037269051637,2.701396581790283,41.54583227510824,0.0,5.99608230491171,0.0,0.7357031641432842,0.10055390748202203,0.0,0.0,0.9080540892130134,0.9099880245823005,0.9097116419113519,0.5498869905934248,1.8098940243081518,0.5531279118426214,-0.03510546012723839,27,0.028950865227022667,0.022837514282823903,,3.2919864930760774,0.9170839696719646,0.9170839696719646,0.5233814945606946,35.93286542525532,1573.4140318537395,0.0,0.0,0.5125425358510496,22.443008880197304,0.0,0.0,,,,,8.252303231592272,361.3485745162218,1573.4140318537395,False,COST_INCOMPLETE|EQUILIBRIUM_ACID_ASSUMED_NOMINAL|HIGH_LOADING|LIGAND_LOSS_NOT_MEASURED|OA_ASSUMED|OOD_ACID|OOD_HULL|OOD_LIGAND|OOD_LOADING|OOD_METAL|PHASE_BEHAVIOUR_UNKNOWN|SAPONIFICATION_RANGE_UNKNOWN,12,3.9899068746667274,,7,4.979910594144834e-15,205
2,0,converged_newton,OUT_OF_DOMAIN,False,False,12.0,4.0,9.0,0.0,1.0,2.0940411186334047,3.096016947537274,3.9474603155459977,2.3302580228228473,19.144699449848876,0.0,1.344916234005768,0.0,0.07185399323189495,0.04651317052827897,0.0,0.0,0.987296685833876,0.9875866645453637,0.9875452881858194,0.007931409193265378,0.2744717935026648,0.3372658749127443,-0.03868692943953978,25,0.009830458594879033,0.0034633262611856496,,25.906538323327062,0.9170839696719646,0.9170839696719646,0.7646530990855154,12.52352179226558,3616.038700315293,0.0,0.0,0.1778169418567185,51.3428214516076,0.0,0.0,,,,,7.043477263083272,2033.731947815964,3616.038700315293,False,COST_INCOMPLETE|EQUILIBRIUM_ACID_ASSUMED_NOMINAL|HIGH_LOADING|LIGAND_LOSS_NOT_MEASURED|OA_ASSUMED|OOD_ACID|OOD_HULL|OOD_LIGAND|OOD_LOADING|OOD_METAL|PHASE_BEHAVIOUR_UNKNOWN|SAPONIFICATION_RANGE_UNKNOWN,12,3.2845491267506275,,9,1.1588322805965618e-15,121
2,0,converged_newton,OUT_OF_DOMAIN,False,False,12.0,6.0,7.0,2.0,0.0,3.275942544915766,4.252634497577677,4.5015124566781175,2.0905182639851594,42.55468138786739,0.0,3.860768731755269,0.0,0.2571257242765136,0.33889460059946414,0.0,0.0,0.9816475981110815,0.9820641860043346,0.9820047374307771,0.040119836769281145,1.1589759607429428,0.46369253641022634,-0.09404630904775085,25,0.026533797789165977,0.014624132519048564,,17.829593533182436,0.9170839696719646,0.9170839696719646,0.5996197203456263,26.26950862558921,1796.3122661376353,0.0,0.0,0.5429085183104154,37.124151986673645,0.0,0.0,,,,,8.754146954255795,598.6096572123605,1796.3122661376353,False,COST_INCOMPLETE|EQUILIBRIUM_ACID_ASSUMED_NOMINAL|HIGH_LOADING|LIGAND_LOSS_NOT_MEASURED|OA_ASSUMED|OOD_ACID|OOD_HULL|OOD_LIGAND|OOD_LOADING|OOD_METAL|PHASE_BEHAVIOUR_UNKNOWN|SAPONIFICATION_RANGE_UNKNOWN,12,3.0953595512193903,,11,8.635643343341409e-16,5
2,0,converged_newton,OUT_OF_DOMAIN,False,False,12.0,8.0,2.0,0.0,0.0,0.3943187901141618,2.382393638876113,4.544203601402055,1.161922731203142,14.79532793667308,0.0,1.5093056821474797,0.0,0.12166077516803367,0.0026929345351824163,0.0,0.0,0.9999959279924526,0.99999602211219,0.9999960086858524,5.315915656758139e-07,0.09016272750214156,0.19184373775601304,-0.028486090598755374,22,0.01714908021680338,0.0011376868200311473,,81859.37086702039,0.9170839696719646,0.9170839696719646,0.6456450861378288,9.626749640115088,8461.686881326032,0.0,0.0,0.10574488548424822,92.9472712722058,0.0,0.0,,,,,6.926597240278168,6088.316326006601,8461.686881326032,False,COST_INCOMPLETE|EQUILIBRIUM_ACID_ASSUMED_NOMINAL|HIGH_LOADING|LIGAND_LOSS_NOT_MEASURED|OA_ASSUMED|OOD_ACID|OOD_HULL|OOD_LIGAND|OOD_LOADING|OOD_METAL|PHASE_BEHAVIOUR_UNKNOWN|SAPONIFICATION_RANGE_UNKNOWN,12,2.7941302661592218,,13,6.251238547456477e-12,115
2,0,converged_newton,OUT_OF_DOMAIN,False,False,12.0,8.0,9.0,5.0,0.0,1.2339912819205818,2.4892887252425715,3.780427523272773,2.940816427743459,38.29021179740368,0.0,0.6551035631498345,0.0,0.8446514511951684,0.21075320461740543,0.0,0.0,0.9094947332104927,0.9114013234605838,0.9111288565295186,0.27764681487030674,1.1239479437623143,0.6659216627292728,-0.01101929673225352,29,0.06831174337875003,0.014182143746584445,,3.3496935794383114,0.9170839696719646,0.9170839696719646,0.47309646584745035,9.797112717315626,690.8061920945564,0.0,0.0,0.2859461775432814,20.16240863530573,0.0,0.0,,,,,6.269716248515344,442.0852277727978,690.8061920945564,False,COST_INCOMPLETE|EQUILIBRIUM_ACID_ASSUMED_NOMINAL|LIGAND_LOSS_NOT_MEASURED|OA_ASSUMED|OOD_ACID|OOD_HULL|OOD_LIGAND|OOD_LOADING|OOD_METAL|PHASE_BEHAVIOUR_UNKNOWN|SAPONIFICATION_RANGE_UNKNOWN,11,3.194622085290643,,8,3.9432467311369983e-16,100
2,0,converged_newton,OUT_OF_DOMAIN,False,False,12.0,10.0,5.0,5.0,0.0,3.4981143361316214,1.9934139297698843,2.8434795383427587,1.6756777180535678,43.11037516998276,0.0,0.82355559027978,0.0,0.19330329948853087,0.492540655356334,0.0,0.0,0.9016684801730115,0.9037224861362472,0.9034289067125632,0.20456535702792025,0.726415525580793,0.45543646549717026,-0.031455657962889905,27,0.015574437878096146,0.009166020064107282,,3.0565596930311907,0.9170839696719646,0.9170839696719646,0.6476723737969,5.682082774621342,619.9073027203485,0.0,0.0,0.2578104671443482,28.126762252451762,0.0,0.0,,,,,4.836893468112643,527.6983286402753,619.9073027203485,False,COST_INCOMPLETE|EQUILIBRIUM_ACID_ASSUMED_NOMINAL|HIGH_LOADING|LIGAND_LOSS_NOT_MEASURED|OA_ASSUMED|OOD_ACID|OOD_HULL|OOD_LIGAND|OOD_LOADING|OOD_METAL|PHASE_BEHAVIOUR_UNKNOWN|SAPONIFICATION_RANGE_UNKNOWN,12,3.226114821795515,,17,4.0515009672512993e-14,136
2,0,converged_newton,OUT_OF_DOMAIN,False,False,12.0,10.0,8.0,0.0,4.0,4.357437193945923,1.7352269187537201,2.2687666752069613,2.349293846952055,29.212142915342444,0.0,4.135773513564212,0.0,0.5290676692386542,0.1861373862174249,0.0,0.0,0.8343761336133697,0.8375825832046033,0.8371236716572881,0.5447810493303348,0.9131320808410159,0.5450087323338816,0.017795209321893213,30,0.015716785581723777,0.011522037565864065,,1.679259058123125,0.9170839696719646,0.9170839696719646,0.5818470260640304,13.459663047071778,1168.166912330528,0.0,0.0,0.15206909022354906,13.198107483530414,0.0,0.0,,,,,4.003993593960681,347.50742401874925,1168.166912330528,False,COST_INCOMPLETE|EQUILIBRIUM_ACID_ASSUMED_NOMINAL|HIGH_LOADING|LIGAND_LOSS_NOT_MEASURED|OA_ASSUMED|OOD_ACID|OOD_HULL|OOD_LIGAND|OOD_LOADING|OOD_METAL|PHASE_BEHAVIOUR_UNKNOWN|SAPONIFICATION_RANGE_UNKNOWN,12,3.890390159003704,,10,1.1331639942397428e-14,45
2,0,converged_newton,OUT_OF_DOMAIN,False,False,12.0,11.0,4.0,3.0,0.0,4.483597701898799,3.693655140076404,3.5739140991448046,0.6785158897143645,44.648410169697115,0.0,3.4388989169503144,0.0,0.6333395903598975,0.34566270919884595,0.0,0.0,0.9056952840141241,0.9076737886204441,0.9073910232267678,0.49939160569405083,1.6045313142094417,0.502592615151685,-0.04457598115383321,27,0.026840019236057756,0.020246216802391862,,3.201307854528967,0.9170839696719646,0.9170839696719646,0.5160175713424917,14.796533028489504,730.8295259755126,0.0,0.0,0.49474748915862404,24.436540119444697,0.0,0.0,,,,,7.267569239221208,358.9593705409016,730.8295259755126,False,COST_INCOMPLETE|EQUILIBRIUM_ACID_ASSUMED_NOMINAL|HIGH_LOADING|LIGAND_LOSS_NOT_MEASURED|OA_ASSUMED|OOD_ACID|OOD_HULL|OOD_LIGAND|OOD_LOADING|OOD_METAL|PHASE_BEHAVIOUR_UNKNOWN|SAPONIFICATION_RANGE_UNKNOWN,12,3.4224501088777037,,12,7.011865618533453e-16,167
2,0,converged_newton,OUT_OF_DOMAIN,False,False,12.0,12.0,8.0,1.0,0.0,0.7152984640396269,1.5433952982750492,3.1968451972354015,1.3257870201876694,34.24229349298847,0.0,4.732928092293943,0.0,0.23655590762053547,0.19167525631075163,0.0,0.0,0.9997456513532954,0.9997515288902472,0.9997506904456387,9.0228146257795e-05,0.33890499231977206,0.4808211601885539,-0.027431520355249824,32,0.03553464141448901,0.004276354028839732,,1310.2037489434251,0.9170839696719646,0.9170839696719646,0.6205148922187811,17.176651894182143,4016.658063935493,0.0,0.0,0.1585481843376981,37.075551572308825,0.0,0.0,,,,,4.7402404955104505,1108.4770960360784,4016.658063935493,False,COST_INCOMPLETE|EQUILIBRIUM_ACID_ASSUMED_NOMINAL|HIGH_LOADING|LIGAND_LOSS_NOT_MEASURED|OA_ASSUMED|OOD_ACID|OOD_HULL|OOD_LIGAND|OOD_LOADING|OOD_METAL|PHASE_BEHAVIOUR_UNKNOWN|SAPONIFICATION_RANGE_UNKNOWN,12,3.032001872163918,,14,7.039919457894641e-16,126
3,0,converged_newton,OUT_OF_DOMAIN,False,False,1.0,7.0,5.0,0.0,0.0,3.864701691739004,3.553488610863194,1.5568616780178022,2.409482514194533,15.275758508558479,0.0,1.9935372370439977,0.0,0.9019342385472575,0.15626942275968964,0.0,0.0,0.8552809873544729,0.8581515262114375,0.8577408613622353,0.1824659261272272,0.3669174538058869,0.2548506866142415,-0.026763424847017568,13,0.007120551915886384,0.004629819469740752,,1.9699807042616857,0.9170839696719646,0.9170839696719646,0.3517895767583246,11.665730400319578,2519.694445229158,0.0,0.0,0.1628467016473765,35.17344525239019,0.0,0.0,,,,,5.110350288880996,1103.7904009607423,2519.694445229158,False,COST_INCOMPLETE|EQUILIBRIUM_ACID_ASSUMED_NOMINAL|LIGAND_LOSS_NOT_MEASURED|OA_ASSUMED|OOD_ACID|OOD_HULL|OOD_LIGAND|OOD_LOADING|OOD_METAL|PHASE_BEHAVIOUR_UNKNOWN|SAPONIFICATION_RANGE_UNKNOWN,11,3.5650081652472196,,3,4.93839160009344e-14,151
3,0,converged_newton,OUT_OF_DOMAIN,False,False,1.0,11.0,2.0,0.0,0.0,1.635164002255088,3.2224607998261408,2.226757251942991,2.550484549601647,12.092580520010845,0.0,4.583524702421656,0.0,0.5915080009251398,0.14977758017616002,0.0,0.0,0.875251523124162,0.8777825458969089,0.8774205965297956,0.10761520801677849,0.27467427510646053,0.3215323571586973,-0.018367296061491623,14,0.012598473672716543,0.0034658812044345844,,2.338709978787422,0.9170839696719646,0.9170839696719646,0.41104961078270014,18.425233352230798,5316.175675223885,0.0,0.0,0.1169036000834287,33.729834690770964,0.0,0.0,,,,,5.449218051769131,1572.2460552880098,5316.175675223885,False,COST_INCOMPLETE|EQUILIBRIUM_ACID_ASSUMED_NOMINAL|LIGAND_LOSS_NOT_MEASURED|OA_ASSUMED|OOD_ACID|OOD_HULL|OOD_LIGAND|OOD_LOADING|OOD_METAL|PHASE_BEHAVIOUR_UNKNOWN|SAPONIFICATION_RANGE_UNKNOWN,11,2.939799963122063,,4,2.100855152456692e-12,250
3,0,converged_newton,OUT_OF_DOMAIN,False,False,1.0,11.0,3.0,0.0,0.0,2.2925977748656057,2.297883686445646,2.011258821714976,1.8416746332608525,19.74264978603314,0.0,4.918094003029071,0.0,0.15055635066500778,0.13281710332544638,0.0,0.0,0.9367745966496498,0.9381455911433495,0.9379497711612572,0.04693088932520261,0.2851857380848006,0.3938850774133681,-0.023977382514175135,15,0.009329560811256516,0.003598516421014726,,4.9388091231763855,0.9170839696719646,0.9170839696719646,0.6146900182353656,14.123514045126619,3924.8157831509925,0.0,0.0,0.13609893861160544,37.820846895907074,0.0,0.0,,,,,4.309142508160622,1197.4775168444305,3924.8157831509925,False,COST_INCOMPLETE|EQUILIBRIUM_ACID_ASSUMED_NOMINAL|HIGH_LOADING|LIGAND_LOSS_NOT_MEASURED|OA_ASSUMED|OOD_ACID|OOD_HULL|OOD_LIGAND|OOD_LOADING|OOD_METAL|PHASE_BEHAVIOUR_UNKNOWN|SAPONIFICATION_RANGE_UNKNOWN,12,2.922801810958032,,14,1.1061204190869054e-15,267
3,0,converged_newton,OUT_OF_DOMAIN,False,False,1.0,11.0,11.0,0.0,0.0,2.546568165531824,3.924567363104393,4.76473734814916,0.7014127979127548,24.68965018785212,0.0,2.6430791466683026,0.0,0.5603120402460056,0.4714234374684712,0.0,0.0,0.9125449457221969,0.9143933281120911,0.9141291955420345,0.3240933359629874,1.190888221381057,0.6709202170680033,-0.007579578730129405,23,0.03507332645263255,0.015026806210619382,,3.4781483024162965,0.9170839696719646,0.9170839696719646,0.4044425764682748,15.346319698996808,1021.2629007055157,0.0,0.0,0.2906885860011259,19.3446685827157,0.0,0.0,,,,,8.689304711253554,578.2535949064718,1021.2629007055157,False,COST_INCOMPLETE|EQUILIBRIUM_ACID_ASSUMED_NOMINAL|LIGAND_LOSS_NOT_MEASURED|OA_ASSUMED|OOD_ACID|OOD_HULL|OOD_LIGAND|OOD_LOADING|OOD_METAL|PHASE_BEHAVIOUR_UNKNOWN|SAPONIFICATION_RANGE_UNKNOWN,11,3.0227831554726396,,8,1.8499593987437863e-13,122
3,0,converged_newton,OUT_OF_DOMAIN,False,False,2.0,4.0,8.0,0.0,1.0,0.6096730826884935,2.9764061932748813,4.964352587841886,0.9243098823676497,6.305287456958686,0.0,4.464194116558409,0.0,0.6995903207392242,0.3849896171997506,0.0,0.0,0.8668643227852015,0.869540149289837,0.8691574284706285,0.11755729401647891,0.30022883674495765,0.7300205231227855,0.003750066118601566,14,0.03693317516426545,0.0037883324963733874,,2.170378220974833,0.9170839696719646,0.9170839696719646,0.5241187819396014,24.91295527354951,6576.232497384788,0.0,0.0,0.05630128991181078,14.861760409285253,0.0,0.0,,,,,7.9407587811167675,2096.1092482559393,6576.232497384788,False,COST_INCOMPLETE|EQUILIBRIUM_ACID_ASSUMED_NOMINAL|HIGH_LOADING|LIGAND_LOSS_NOT_MEASURED|OA_ASSUMED|OOD_ACID|OOD_HULL|OOD_LIGAND|OOD_LOADING|OOD_METAL|PHASE_BEHAVIOUR_UNKNOWN|SAPONIFICATION_RANGE_UNKNOWN,12,3.3376486837692347,,3,3.1739233425986683e-16,209
3,0,converged_newton,OUT_OF_DOMAIN,False,False,2.0,10.0,11.0,1.0,0.0,2.9379527491196162,3.515442066452123,2.003992817181534,0.14778508167294963,27.683364023412356,0.0,4.09259350999711,0.0,0.9333112208232434,0.39172732906645086,0.0,0.0,0.9006855092160978,0.9027578336416282,0.9024616301759133,0.21906738874462373,0.6830484687060154,0.35757135975582993,-0.04609062727585995,23,0.01743684787588986,0.008618808035402808,,3.0230080293650006,0.9170839696719646,0.9170839696719646,0.36672608055998174,8.721057890585122,1011.8635726381549,0.0,0.0,0.29195778728643323,33.87449704033097,0.0,0.0,,,,,5.519434883633657,640.3942239996417,1011.8635726381549,False,COST_INCOMPLETE|EQUILIBRIUM_ACID_ASSUMED_NOMINAL|LIGAND_LOSS_NOT_MEASURED|OA_ASSUMED|OOD_ACID|OOD_HULL|OOD_LIGAND|OOD_LOADING|OOD_METAL|PHASE_BEHAVIOUR_UNKNOWN|SAPONIFICATION_RANGE_UNKNOWN,11,3.4332920918773335,,4,5.327456193264786e-16,95
3,0,converged_newton,OUT_OF_DOMAIN,False,False,3.0,8.0,5.0,0.0,0.0,3.396650738620824,1.8919534309133246,1.0194291671084152,2.2779870712265735,35.55276937081577,0.0,2.899140802942593,0.0,0.336443166800229,0.28023329704653077,0.0,0.0,0.86550435225363,0.8682033563973327,0.8678173100718098,0.18132933989717664,0.403819762150363,0.2480782591753837,-0.03697770182830781,16,0.008916572380230872,0.005095458331777603,,2.1450616104341305,0.9170839696719646,0.9170839696719646,0.5902754094142091,7.265314149057101,1425.8411463689706,0.0,0.0,0.20179255196875548,39.60243393813762,0.0,0.0,,,,,2.91138259802174,571.3681495273996,1425.8411463689706,False,COST_INCOMPLETE|EQUILIBRIUM_ACID_ASSUMED_NOMINAL|HIGH_LOADING|LIGAND_LOSS_NOT_MEASURED|OA_ASSUMED|OOD_ACID|OOD_HULL|OOD_LIGAND|OOD_LOADING|OOD_METAL|PHASE_BEHAVIOUR_UNKNOWN|SAPONIFICATION_RANGE_UNKNOWN,12,3.508604170021635,,8,7.442585358436931e-16,71
3,0,converged_newton,OUT_OF_DOMAIN,False,False,3.0,10.0,3.0,2.0,0.0,0.8007536605508294,2.8524258730743832,4.071263606483025,1.1980786400854708,8.362039980672398,0.0,0.7892891814945744,0.0,0.5246498712204726,0.0639578035948205,0.0,0.0,0.9023764644001392,0.9044172492851387,0.9041255636527402,0.07054409990817147,0.26640480938140526,0.6158599749190611,-0.0038717384889469693,16,0.024951944259438197,0.003361535845495978,,3.081143834340658,0.9170839696719646,0.9170839696719646,0.4227248729207505,6.6308348305672045,1972.5610956823984,0.0,0.0,0.07155629757765695,21.286787012410745,0.0,0.0,,,,,6.923689479557408,2059.680395446104,1972.5610956823984,False,COST_INCOMPLETE|EQUILIBRIUM_ACID_ASSUMED_NOMINAL|LIGAND_LOSS_NOT_MEASURED|OA_ASSUMED|OOD_ACID|OOD_HULL|OOD_LIGAND|OOD_LOADING|OOD_METAL|PHASE_BEHAVIOUR_UNKNOWN|SAPONIFICATION_RANGE_UNKNOWN,11,2.775745020223889,,4,1.2569763432767797e-13,143
3,0,converged_newton,OUT_OF_DOMAIN,False,False,4.0,5.0,12.0,0.0,3.0,3.1636180801991087,1.8168863685460894,0.9808294913359914,1.6269885499606083,26.339476530210458,0.0,2.667437816917649,0.0,0.8374667446280417,0.016874408058376738,0.0,0.0,0.8347538076976361,0.8379543656024673,0.8374963007211068,0.2446419234244784,0.41529268031222755,0.2674450573465514,-0.01670888483896197,21,0.009845357509607092,0.005240225334081734,,1.6838588856765144,0.9170839696719646,0.9170839696719646,0.4788795590350681,5.572354995341723,1063.380797596596,0.0,0.0,0.143567507587137,27.39720115724659,0.0,0.0,,,,,2.797715859882081,533.892281632644,1063.380797596596,False,COST_INCOMPLETE|EQUILIBRIUM_ACID_ASSUMED_NOMINAL|LIGAND_LOSS_NOT_MEASURED|OA_ASSUMED|OOD_ACID|OOD_HULL|OOD_LIGAND|OOD_LOADING|OOD_METAL|PHASE_BEHAVIOUR_UNKNOWN|SAPONIFICATION_RANGE_UNKNOWN,11,3.8433534640218188,,4,5.930396125572432e-16,260
3,0,converged_newton,OUT_OF_DOMAIN,False,False,4.0,7.0,7.0,2.0,0.0,4.134740088936108,2.82062001657069,3.547008620902478,1.2810699736768414,1.7663682272910992,0.0,1.394230342546089,0.0,0.768473322476266,0.08056863842668655,0.0,0.0,0.7622859724220071,0.7664974977000861,0.7658938731448951,0.5093980747827708,0.5447206561298544,0.5317259668288121,0.03587179563120732,18,0.00988068133207644,0.006873366947144922,,1.0689117791220863,0.9170839696719646,0.9170839696719646,0.3550079207970868,8.558758654915378,1245.2061297950254,0.0,0.0,0.014946760735595387,2.1745908301613395,0.0,0.0,,,,,6.367628637473167,926.4205863646157,1245.2061297950254,False,COST_INCOMPLETE|EQUILIBRIUM_ACID_ASSUMED_NOMINAL|LIGAND_LOSS_NOT_MEASURED|OA_ASSUMED|OOD_ACID|OOD_HULL|OOD_LIGAND|OOD_LOADING|OOD_METAL|PHASE_BEHAVIOUR_UNKNOWN|SAPONIFICATION_RANGE_UNKNOWN,11,3.349515845388071,,3,1.0546401342401773e-14,268
3,0,converged_newton,OUT_OF_DOMAIN,False,False,4.0,12.0,4.0,0.0,0.0,3.0721213517432537,3.7248792772233252,0.6452489545177075,2.125609094506411,34.49029990527572,0.0,2.5258740908476196,0.0,0.3961246853540826,0.2704856358594067,0.0,0.0,0.9227388254939496,0.9243896093804576,0.924153761226556,0.05974183729647499,0.2702667045097678,0.12290102158520778,-0.10820220054414655,20,0.006598047576060273,0.003410265817509927,,3.981037182833612,0.9170839696719646,0.9170839696719646,0.5454534521906523,9.54745488396716,2799.621904822194,0.0,0.0,0.38541661014713813,113.01658896154836,0.0,0.0,,,,,4.370128231741033,1281.4626382796073,2799.621904822194,False,COST_INCOMPLETE|EQUILIBRIUM_ACID_ASSUMED_NOMINAL|HIGH_LOADING|LIGAND_LOSS_NOT_MEASURED|OA_ASSUMED|OOD_ACID|OOD_HULL|OOD_LIGAND|OOD_LOADING|OOD_METAL|PHASE_BEHAVIOUR_UNKNOWN|SAPONIFICATION_RANGE_UNKNOWN,12,3.6893171222443852,,9,1.751462231933093e-14,207
3,0,converged_newton,OUT_OF_DOMAIN,False,False,5.0,3.0,2.0,0.0,0.0,1.5776645472918929,1.6524073581417735,0.47369072166851356,2.397981873174835,26.78646629351705,0.0,1.8880451098834556,0.0,0.3832323170077581,0.40787692484014626,0.0,0.0,0.8598105736132701,0.8626056999498792,0.8622058597553622,0.06178959473121508,0.136139304484731,0.1259818541876385,-0.034051706165669354,10,0.006471875059803654,0.0017178261648840083,,2.0444018634267422,0.9170839696719646,0.9170839696719646,0.5676877133210717,4.856792342568093,2827.2897699727578,0.0,0.0,0.1327864620060728,77.2991264893435,0.0,0.0,,,,,2.126098079810287,1237.6677706232551,2827.2897699727578,False,COST_INCOMPLETE|EQUILIBRIUM_ACID_ASSUMED_NOMINAL|HIGH_LOADING|LIGAND_LOSS_NOT_MEASURED|OA_ASSUMED|OOD_ACID|OOD_HULL|OOD_LIGAND|OOD_LOADING|OOD_METAL|PHASE_BEHAVIOUR_UNKNOWN|SAPONIFICATION_RANGE_UNKNOWN,12,3.495607650154298,,7,3.9109464852715427e-14,36
3,0,converged_newton,OUT_OF_DOMAIN,False,False,5.0,4.0,12.0,0.0,4.0,3.2884115137993946,2.3743307401526854,4.662815185404442,0.09538288773264081,15.426404783300294,0.0,1.7653008953978728,0.0,0.19091307779592864,0.4012062225566273,0.0,0.0,0.8412809121211252,0.8443786184745575,0.8439353312660972,0.32336569273775506,0.6051075963561319,0.5769082768904827,0.008755682639681572,21,0.01380090950790851,0.007635338416961125,,1.7668131442454313,0.9170839696719646,0.9170839696719646,0.6886816844595611,8.457742344297401,1107.7102130154951,0.0,0.0,0.10988216126108498,14.391262739185597,0.0,0.0,,,,,7.037145925557128,921.6547507475015,1107.7102130154951,False,COST_INCOMPLETE|EQUILIBRIUM_ACID_ASSUMED_NOMINAL|HIGH_LOADING|LIGAND_LOSS_NOT_MEASURED|OA_ASSUMED|OOD_ACID|OOD_HULL|OOD_LIGAND|OOD_LOADING|OOD_METAL|PHASE_BEHAVIOUR_UNKNOWN|SAPONIFICATION_RANGE_UNKNOWN,12,3.54205954042661,,8,7.269165616118107e-16,224
3,0,converged_newton,OUT_OF_DOMAIN,False,False,5.0,7.0,12.0,0.0,4.0,4.779665958260968,0.6483873840208043,1.4804155569137625,2.413614941240689,26.022488349083993,0.0,3.0474079825302907,0.0,0.24124043758465802,0.23584615371226667,0.0,0.0,0.7876719324776379,0.7915566843776518,0.7910001764990211,0.45987870642837764,0.5718882602529002,0.4978894821081696,0.026018966372593082,24,0.00897376927457357,0.0072161718511101315,,1.2365643124323504,0.9170839696719646,0.9170839696719646,0.6653608239254275,6.076387663385604,842.0514074163597,0.0,0.0,0.050617959439123394,7.014516905017493,0.0,0.0,,,,,2.128802940934567,295.00446841590576,842.0514074163597,False,COST_INCOMPLETE|EQUILIBRIUM_ACID_ASSUMED_NOMINAL|HIGH_LOADING|LIGAND_LOSS_NOT_MEASURED|OA_ASSUMED|OOD_ACID|OOD_HULL|OOD_LIGAND|OOD_LOADING|OOD_METAL|PHASE_BEHAVIOUR_UNKNOWN|SAPONIFICATION_RANGE_UNKNOWN,12,3.825377469629898,,10,1.6782771153401172e-15,196
3,0,converged_newton,OUT_OF_DOMAIN,False,False,5.0,9.0,2.0,0.0,0.0,2.678410574999819,2.2463415213782563,1.0746997053688254,2.9156939431847526,44.01089966646874,0.0,2.8490190375415243,0.0,0.7910587381259014,0.07397275098833521,0.0,0.0,0.8765705021909762,0.8790784613582734,0.8787198196035467,0.20605549196374415,0.4985828541770011,0.2219175899621096,-0.061469797250726106,16,0.013961158312435953,0.0062911932414335256,,2.3672636815640535,0.9170839696719646,0.9170839696719646,0.5038956384179477,9.611484288443055,1527.7680909787093,0.0,0.0,0.2965905339420032,47.14376471361121,0.0,0.0,,,,,3.3210412267470817,527.887333816874,1527.7680909787093,False,COST_INCOMPLETE|EQUILIBRIUM_ACID_ASSUMED_NOMINAL|HIGH_LOADING|LIGAND_LOSS_NOT_MEASURED|OA_ASSUMED|OOD_ACID|OOD_HULL|OOD_LIGAND|OOD_LOADING|OOD_METAL|PHASE_BEHAVIOUR_UNKNOWN|SAPONIFICATION_RANGE_UNKNOWN,12,3.655226818444581,,8,1.8133356649245365e-13,77
3,0,converged_newton,OUT_OF_DOMAIN,False,False,6.0,1.0,8.0,5.0,0.0,4.266441215543173,1.8631754426245493,0.6791781187215844,0.08178359728720211,30.341493212859405,0.0,4.6572751496331195,0.0,0.5630989486503319,0.2949986473796573,0.0,0.0,0.8599488665713232,0.8627416757655252,0.8623421681339555,0.13190997048641687,0.2754207671937943,0.19039482384664091,-0.035874967507224506,15,0.004841636505919776,0.003475300553566375,,2.0467497489866564,0.9170839696719646,0.9170839696719646,0.48566635884608295,3.3154965645716183,954.0172176386975,0.0,0.0,0.16959457514027723,48.79997356379385,0.0,0.0,,,,,2.5423535613461334,731.54926377149,954.0172176386975,False,COST_INCOMPLETE|EQUILIBRIUM_ACID_ASSUMED_NOMINAL|LIGAND_LOSS_NOT_MEASURED|OA_ASSUMED|OOD_ACID|OOD_HULL|OOD_LIGAND|OOD_LOADING|OOD_METAL|PHASE_BEHAVIOUR_UNKNOWN|SAPONIFICATION_RANGE_UNKNOWN,11,3.908437535986993,,4,2.3502201055895106e-13,72
3,0,converged_newton,OUT_OF_DOMAIN,False,False,6.0,5.0,1.0,0.0,5.0,2.442765125996085,1.447790499947796,1.9433225146721502,1.8544131633436973,30.7976272532808,0.0,5.46601374277188,0.0,0.30041876157247327,0.05551652809108526,0.0,0.0,0.8488517506624184,0.8518277220479732,0.8514019194110773,0.15126519191146898,0.30095875234679437,0.2517916945245358,-0.0220166057322237,12,0.009240309756266657,0.0037975426809247034,,1.8720070182366744,0.9170839696719646,0.9170839696719646,0.6456597261292752,13.307029332703127,3504.1158061356823,0.0,0.0,0.13376553647469966,35.224235173606445,0.0,0.0,,,,,3.391113014619946,892.9756159565292,3504.1158061356823,False,COST_INCOMPLETE|EQUILIBRIUM_ACID_ASSUMED_NOMINAL|HIGH_LOADING|LIGAND_LOSS_NOT_MEASURED|OA_ASSUMED|OOD_ACID|OOD_HULL|OOD_LIGAND|OOD_LOADING|OOD_METAL|PHASE_BEHAVIOUR_UNKNOWN|SAPONIFICATION_RANGE_UNKNOWN,12,3.566237013568248,,10,7.391169704674556e-16,165
3,0,converged_newton,OUT_OF_DOMAIN,False,False,7.0,1.0,5.0,0.0,2.0,4.113758085656097,1.214019048316301,0.44530129923386064,1.9504366141869633,33.7716098902153,0.0,4.3750963679115555,0.0,0.2871821249215604,0.40940829218384317,0.0,0.0,0.8225868593585554,0.8259739435443563,0.8254890656690498,0.16699367202304463,0.2587151800497936,0.1677857930553221,-0.02159573919529404,13,0.004716767029007215,0.003264506949145303,,1.5455203531983,0.9170839696719646,0.9170839696719646,0.6457795998796342,4.316103299060885,1322.1302225106017,0.0,0.0,0.12299813309708563,37.67739968490139,0.0,0.0,,,,,1.6593203475501617,508.2912591086984,1322.1302225106017,False,COST_INCOMPLETE|EQUILIBRIUM_ACID_ASSUMED_NOMINAL|HIGH_LOADING|LIGAND_LOSS_NOT_MEASURED|OA_ASSUMED|OOD_ACID|OOD_HULL|OOD_LIGAND|OOD_LOADING|OOD_METAL|PHASE_BEHAVIOUR_UNKNOWN|SAPONIFICATION_RANGE_UNKNOWN,12,3.9094847909840227,,12,9.664799166455762e-16,249
3,0,converged_newton,OUT_OF_DOMAIN,False,False,7.0,5.0,10.0,0.0,1.0,3.3073293543771496,2.1462798054172687,2.603348619097962,0.8536888483570227,31.525551699415704,0.0,3.8390460783889764,0.0,0.4105388891152639,0.3402549859738437,0.0,0.0,0.8524100568400494,0.8553279088992521,0.854910451513252,0.4495570593489291,0.8821757613190717,0.4795319170307495,-0.0014994728681635983,22,0.020005017647052727,0.011131426082688245,,1.9251764688696775,0.9170839696719646,0.9170839696719646,0.5967285232378136,11.826630442165989,1062.4542043682018,0.0,0.0,0.2029879649012819,18.235575872616334,0.0,0.0,,,,,4.7496284245152305,426.68642716874535,1062.4542043682018,False,COST_INCOMPLETE|EQUILIBRIUM_ACID_ASSUMED_NOMINAL|HIGH_LOADING|LIGAND_LOSS_NOT_MEASURED|OA_ASSUMED|OOD_ACID|OOD_HULL|OOD_LIGAND|OOD_LOADING|OOD_METAL|PHASE_BEHAVIOUR_UNKNOWN|SAPONIFICATION_RANGE_UNKNOWN,12,3.7060784373359272,,9,5.440781843151479e-16,43
3,0,converged_newton,OUT_OF_DOMAIN,False,False,7.0,9.0,10.0,0.0,6.0,1.0932004663587045,1.5217640915822805,2.2080780583345754,0.6141109432990933,33.61291200899981,0.0,3.9740569356136377,0.0,0.995186878701968,0.4857829654848253,0.0,0.0,0.8574697450180917,0.860303960357597,0.8598985096577347,0.362663623583638,0.7652117679199817,0.5902359008290772,0.006239960085187901,26,0.0524980407163194,0.009655556869379517,,2.0053514138148723,0.9170839696719646,0.9170839696719646,0.5098950640423383,9.709559903861095,1005.592948724981,0.0,0.0,0.1534527675264322,15.892689526077364,0.0,0.0,,,,,3.729842149916856,386.2896982923101,1005.592948724981,False,COST_INCOMPLETE|EQUILIBRIUM_ACID_ASSUMED_NOMINAL|HIGH_LOADING|LIGAND_LOSS_NOT_MEASURED|OA_ASSUMED|OOD_ACID|OOD_HULL|OOD_LIGAND|OOD_LOADING|OOD_METAL|PHASE_BEHAVIOUR_UNKNOWN|SAPONIFICATION_RANGE_UNKNOWN,12,3.6077763871725685,,7,1.169140946999569e-13,282
3,0,converged_newton,OUT_OF_DOMAIN,False,False,8.0,1.0,9.0,6.0,0.0,0.7489619114507933,4.276743116232616,1.191096848964855,1.080533872820043,10.757621860041084,0.0,2.5541142659089844,0.0,0.7777869352912012,0.45263454350306903,0.0,0.0,0.9550426227579862,0.9560360798387539,0.9558942351701377,0.017197463756884704,0.1641931872606047,0.23962742678178345,-0.033693096192418864,18,0.01644207650118188,0.002071814265832399,,7.081096817672573,0.9170839696719646,0.9170839696719646,0.3950537910722425,7.663363256459664,3698.8659566839747,0.0,0.0,0.13802275571089248,66.61927084252346,0.0,0.0,,,,,5.467839965197471,2639.155476130791,3698.8659566839747,False,COST_INCOMPLETE|EQUILIBRIUM_ACID_ASSUMED_NOMINAL|LIGAND_LOSS_NOT_MEASURED|OA_ASSUMED|OOD_ACID|OOD_HULL|OOD_LIGAND|OOD_LOADING|OOD_METAL|PHASE_BEHAVIOUR_UNKNOWN|SAPONIFICATION_RANGE_UNKNOWN,11,2.8689791945793157,,3,1.4933887459989137e-12,135
3,0,converged_newton,OUT_OF_DOMAIN,False,False,8.0,2.0,12.0,0.0,7.0,3.7848114481653137,0.9155000226514827,0.33321457436509816,0.4752805184494314,15.720501306473997,0.0,3.594686153303578,0.0,0.55147074462759,0.46701017064756856,0.0,0.0,0.7822602411903784,0.7862171323156667,0.7856502291215713,0.14304769663845227,0.17171772391000759,0.14940482358581486,-0.0015132900089190379,22,0.0034027664177283066,0.002166759997955062,,1.1975461677539239,0.9170839696719646,0.9170839696719646,0.5698057040817901,1.6329211419554266,753.6234486036939,0.0,0.0,0.04317635790650881,19.926691441256832,0.0,0.0,,,,,1.2487145970165807,576.3049891058948,753.6234486036939,False,COST_INCOMPLETE|EQUILIBRIUM_ACID_ASSUMED_NOMINAL|HIGH_LOADING|LIGAND_LOSS_NOT_MEASURED|OA_ASSUMED|OOD_ACID|OOD_HULL|OOD_LIGAND|OOD_LOADING|OOD_METAL|PHASE_BEHAVIOUR_UNKNOWN|SAPONIFICATION_RANGE_UNKNOWN,12,4.19130412087604,,6,8.501406454325218e-16,173
3,0,converged_newton,OUT_OF_DOMAIN,False,False,8.0,6.0,1.0,0.0,4.0,0.9730352633835326,3.576907107566902,2.9537973100919745,1.1546644793464025,13.873914366606389,0.0,1.2260752078342345,0.0,0.704945116665582,0.009535204227904643,0.0,0.0,0.9076155126075828,0.9095577539487022,0.9092801818374587,0.06103490598734466,0.24788197498430675,0.28238451757226496,-0.03103455478386594,15,0.01910634570341887,0.00312781194264823,,3.2747760229209164,0.9170839696719646,0.9170839696719646,0.5526700038425889,7.751705233900404,2478.3156327925694,0.0,0.0,0.14887710872306675,47.597845219881314,0.0,0.0,,,,,6.530704417658876,2087.9466340708173,2478.3156327925694,False,COST_INCOMPLETE|EQUILIBRIUM_ACID_ASSUMED_NOMINAL|HIGH_LOADING|LIGAND_LOSS_NOT_MEASURED|OA_ASSUMED|OOD_ACID|OOD_HULL|OOD_LIGAND|OOD_LOADING|OOD_METAL|PHASE_BEHAVIOUR_UNKNOWN|SAPONIFICATION_RANGE_UNKNOWN,12,3.5087726155060937,,6,1.2034337122364624e-12,128
3,0,converged_newton,OUT_OF_DOMAIN,False,False,8.0,7.0,12.0,0.0,2.0,2.5076743323888233,2.1138390867482015,1.2968020992732754,1.459555519960751,34.91466948819669,0.0,2.3032529012793326,0.0,0.9993368580431164,0.033950979902140424,0.0,0.0,0.8560638972251018,0.8589214684067251,0.8585126650989716,0.3049287733185304,0.6079698263468709,0.30795188760443926,-0.028206256089029665,27,0.018183276985803288,0.007671454464318768,,1.982509091931118,0.9170839696719646,0.9170839696719646,0.4982775099133767,6.072128704908431,791.5224854883685,0.0,0.0,0.221411979195135,28.861799313931872,0.0,0.0,,,,,3.410641186021477,444.5885981445821,791.5224854883685,False,COST_INCOMPLETE|EQUILIBRIUM_ACID_ASSUMED_NOMINAL|LIGAND_LOSS_NOT_MEASURED|OA_ASSUMED|OOD_ACID|OOD_HULL|OOD_LIGAND|OOD_LOADING|OOD_METAL|PHASE_BEHAVIOUR_UNKNOWN|SAPONIFICATION_RANGE_UNKNOWN,11,3.859813909327001,,7,4.729395749860666e-16,243
3,0,converged_newton,OUT_OF_DOMAIN,False,False,8.0,8.0,8.0,0.0,6.0,2.616236097849231,3.3338727006770017,3.9228333639050477,2.580260275798587,27.641173634605664,0.0,4.638899066151803,0.0,0.8284432503052483,0.3968194973032799,0.0,0.0,0.8763623525672684,0.8788739566949922,0.878514792220574,0.5158625148494206,1.2420362956439646,0.5910120499656847,0.001000567978212616,24,0.03560562529118714,0.01567220028387989,,2.362717103202935,0.9170839696719646,0.9170839696719646,0.4899477188856496,26.79988732261448,1710.0271076921028,0.0,0.0,0.27645646258525436,17.63992659471127,0.0,0.0,,,,,7.256706064582049,463.03045731531085,1710.0271076921028,False,COST_INCOMPLETE|EQUILIBRIUM_ACID_ASSUMED_NOMINAL|LIGAND_LOSS_NOT_MEASURED|OA_ASSUMED|OOD_ACID|OOD_HULL|OOD_LIGAND|OOD_LOADING|OOD_METAL|PHASE_BEHAVIOUR_UNKNOWN|SAPONIFICATION_RANGE_UNKNOWN,11,3.782594511103549,,5,1.608157986753227e-14,10
3,0,converged_newton,OUT_OF_DOMAIN,False,False,9.0,2.0,1.0,0.0,1.0,4.746662298451374,1.44838613216737,0.8354768039769189,1.2333723936856384,0.46844666494171017,0.0,3.5255211485233264,0.0,0.3157735375729756,0.10661575296214787,0.0,0.0,0.7490608871237588,0.7534309296485284,0.7528044203482447,0.165280988299598,0.16677773017293307,0.16544881573272274,0.011829838109808352,12,0.0026351842571675876,0.002104426415981595,,0.9950101421524019,0.9170839696719646,0.9170839696719646,0.6231411735143968,4.731890612333658,2248.54172918491,0.0,0.0,0.002035474959484782,0.9672350356500107,0.0,0.0,,,,,2.2838629361442893,1085.2662363483007,2248.54172918491,False,COST_INCOMPLETE|EQUILIBRIUM_ACID_ASSUMED_NOMINAL|HIGH_LOADING|LIGAND_LOSS_NOT_MEASURED|OA_ASSUMED|OOD_ACID|OOD_HULL|OOD_LIGAND|OOD_LOADING|OOD_METAL|PHASE_BEHAVIOUR_UNKNOWN|SAPONIFICATION_RANGE_UNKNOWN,12,3.751900456049764,,9,2.231863107450347e-14,198
3,0,converged_newton,OUT_OF_DOMAIN,False,False,9.0,4.0,8.0,2.0,0.0,4.6353887446406885,4.103121685883728,0.9369171154373657,0.23391820094620117,45.331967571787054,0.0,5.748354235715881,0.0,0.8056869401954992,0.05092585269170777,0.0,0.0,0.9127187089018315,0.9145637626044727,0.9143001066109835,0.151690003603964,0.5320321233551395,0.15336163134331457,-0.14610016995594194,21,0.008608212050773422,0.006713261137313653,,3.485736356623711,0.9170839696719646,0.9170839696719646,0.4878667255137046,6.345526312064353,945.2226246338971,0.0,0.0,0.558007737622732,83.12021925100053,0.0,0.0,,,,,5.040038801321094,750.7586399860935,945.2226246338971,False,COST_INCOMPLETE|EQUILIBRIUM_ACID_ASSUMED_NOMINAL|LIGAND_LOSS_NOT_MEASURED|OA_ASSUMED|OOD_ACID|OOD_HULL|OOD_LIGAND|OOD_LOADING|OOD_METAL|PHASE_BEHAVIOUR_UNKNOWN|SAPONIFICATION_RANGE_UNKNOWN,11,3.9547858250859167,,6,4.152755055643769e-16,212
3,0,converged_newton,OUT_OF_DOMAIN,False,False,9.0,5.0,3.0,0.0,2.0,4.962086509873787,3.1352100690880316,4.8837355592942355,1.528871732277894,35.0726944236397,0.0,2.8231824481947516,0.0,0.22269916237057358,0.014884988790592036,0.0,0.0,0.8885195577553177,0.8908149665849779,0.8904867977309977,0.34980757225597026,0.9972216911812515,0.4415782287243455,-0.03516863786844898,17,0.015072616466837097,0.012583092882578707,,2.656727762779993,0.9170839696719646,0.9170839696719646,0.6690415306780337,18.58101056200578,1476.6648180536909,0.0,0.0,0.3298807941211285,26.216193204601428,0.0,0.0,,,,,8.018945628382268,637.279379816428,1476.6648180536909,False,COST_INCOMPLETE|EQUILIBRIUM_ACID_ASSUMED_NOMINAL|HIGH_LOADING|LIGAND_LOSS_NOT_MEASURED|OA_ASSUMED|OOD_ACID|OOD_HULL|OOD_LIGAND|OOD_LOADING|OOD_METAL|PHASE_BEHAVIOUR_UNKNOWN|SAPONIFICATION_RANGE_UNKNOWN,12,3.687234615939274,,18,7.477955997726664e-16,287
3,0,converged_newton,OUT_OF_DOMAIN,False,False,9.0,5.0,9.0,8.0,0.0,3.0447839392802316,1.718476492704365,3.61613193451317,0.69431640083754,17.652674054108047,0.0,0.6684482733048778,0.0,0.09470151441705438,0.288909659567585,0.0,0.0,0.8911562879028361,0.8934039191346215,0.8930825977508251,0.11899898290780499,0.362469427061186,0.6019402902791379,-0.003150498365767994,23,0.008928451926876416,0.004573693601072104,,2.7291617516906825,0.9170839696719646,0.9170839696719646,0.6607425245275547,3.61036356100637,789.3759127546447,0.0,0.0,0.09100711618607084,19.89794772538724,0.0,0.0,,,,,5.334608427217535,1166.3676871505052,789.3759127546447,False,COST_INCOMPLETE|EQUILIBRIUM_ACID_ASSUMED_NOMINAL|HIGH_LOADING|LIGAND_LOSS_NOT_MEASURED|OA_ASSUMED|OOD_ACID|OOD_HULL|OOD_LIGAND|OOD_LOADING|OOD_METAL|PHASE_BEHAVIOUR_UNKNOWN|SAPONIFICATION_RANGE_UNKNOWN,12,2.9336624754573783,,9,1.1723392508126792e-15,279
3,0,converged_newton,OUT_OF_DOMAIN,False,False,9.0,6.0,6.0,2.0,0.0,3.812390554628906,1.3331611121851015,0.781937002373889,0.9321754510057042,29.450528548125572,0.0,4.532184337311524,0.0,0.8149115721722042,0.2834759585249074,0.0,0.0,0.8207516303094631,0.8241662623159951,0.8236774229928082,0.2805632108681503,0.427481662910712,0.2806479516829306,-0.00720117467535477,21,0.008409716753540797,0.0053940277448568,,1.5262837661628357,0.9170839696719646,0.9170839696719646,0.5231011165234606,4.786622695937677,887.3930432600604,0.0,0.0,0.11778689818097453,21.836539178591398,0.0,0.0,,,,,2.1150981145589904,392.1185085812238,887.3930432600604,False,COST_INCOMPLETE|EQUILIBRIUM_ACID_ASSUMED_NOMINAL|HIGH_LOADING|LIGAND_LOSS_NOT_MEASURED|OA_ASSUMED|OOD_ACID|OOD_HULL|OOD_LIGAND|OOD_LOADING|OOD_METAL|PHASE_BEHAVIOUR_UNKNOWN|SAPONIFICATION_RANGE_UNKNOWN,12,3.963417858664666,,6,4.0849588741283327e-16,269
3,0,converged_newton,OUT_OF_DOMAIN,False,False,9.0,7.0,5.0,0.0,2.0,2.491312400240056,1.7816726954258684,3.2914312959276493,1.9856672379582645,5.2381421307997345,0.0,2.4576953439991613,0.0,0.7826348846586608,0.3313397548277157,0.0,0.0,0.7715508268775861,0.7756465189564551,0.7750596046729302,0.641211110663034,0.7211907014696051,0.6427398669643225,0.04475664780101461,21,0.021711168220014673,0.009100092449748697,,1.1257804326627368,0.9170839696719646,0.9170839696719646,0.5310659246918752,11.62714447116645,1277.6952031391218,0.0,0.0,0.027997964427617237,3.076668130815573,0.0,0.0,,,,,5.073103991353518,557.4782914973148,1277.6952031391218,False,COST_INCOMPLETE|EQUILIBRIUM_ACID_ASSUMED_NOMINAL|HIGH_LOADING|LIGAND_LOSS_NOT_MEASURED|OA_ASSUMED|OOD_ACID|OOD_HULL|OOD_LIGAND|OOD_LOADING|OOD_METAL|PHASE_BEHAVIOUR_UNKNOWN|SAPONIFICATION_RANGE_UNKNOWN,12,3.795798186840511,,11,4.3230447529041113e-16,35
3,0,converged_newton,OUT_OF_DOMAIN,False,False,9.0,10.0,7.0,3.0,0.0,0.4246079760630978,0.6835541365136484,1.5418117646021183,0.49451067787314074,48.1282925515214,0.0,2.9150966155998344,0.0,0.7467969115906857,0.26700153634735646,0.0,0.0,0.9082970823861515,0.9102264120719045,0.9099506889387569,0.10080071299541546,0.41496626076605436,0.7162200104283373,-0.0017758238994773912,26,0.07329694992076456,0.005236106523285188,,3.3015928174023026,0.9170839696719646,0.9170839696719646,0.5246953544612212,4.832555076293997,922.9290990936529,0.0,0.0,0.0986948803707944,18.848906135101355,0.0,0.0,,,,,2.225365901115767,425.0039397058617,922.9290990936529,False,COST_INCOMPLETE|EQUILIBRIUM_ACID_ASSUMED_NOMINAL|HIGH_LOADING|LIGAND_LOSS_NOT_MEASURED|OA_ASSUMED|OOD_ACID|OOD_HULL|OOD_LIGAND|OOD_LOADING|OOD_METAL|PHASE_BEHAVIOUR_UNKNOWN|SAPONIFICATION_RANGE_UNKNOWN,12,3.280587886602715,,8,1.2339166058896874e-14,85
3,0,converged_newton,OUT_OF_DOMAIN,False,False,9.0,10.0,9.0,1.0,0.0,4.995383056300508,0.49463862312674867,2.3909602968335912,1.3226410592503521,4.534679681780192,0.0,3.764028554912786,0.0,0.9576158854200701,0.08640970277514194,0.0,0.0,0.7561681027988812,0.7604539560971678,0.7598396035085425,0.6910409117996503,0.711707897364605,0.6910409120743628,0.051135064588228786,28,0.010685485317291413,0.008980437005131191,,1.0337287170365224,0.9170839696719646,0.9170839696719646,0.36590943547790594,9.653872183382887,1074.989132251238,0.0,0.0,0.006729083142349847,0.7493046428035763,0.0,0.0,,,,,2.88559891996034,321.32054579432855,1074.989132251238,False,COST_INCOMPLETE|EQUILIBRIUM_ACID_ASSUMED_NOMINAL|LIGAND_LOSS_NOT_MEASURED|OA_ASSUMED|OOD_ACID|OOD_HULL|OOD_LIGAND|OOD_LOADING|OOD_METAL|PHASE_BEHAVIOUR_UNKNOWN|SAPONIFICATION_RANGE_UNKNOWN,11,4.238043067977404,,3,1.2194877034642926e-15,62
3,0,converged_newton,OUT_OF_DOMAIN,False,False,9.0,12.0,10.0,0.0,3.0,3.026419887172445,2.5108838350599663,0.47080584230723105,0.6236092249859669,46.672694112243214,0.0,0.6445830711096021,0.0,0.6369552114709266,0.38183766159909704,0.0,0.0,0.886425906426169,0.888759026896988,0.8884254526336932,0.09834454681199971,0.2610183996334358,0.10410929961347327,-0.09761333321262226,31,0.006468494360443062,0.003293569319334638,,2.601608279180118,0.9170839696719646,0.9170839696719646,0.5570190890226818,1.869283798142276,567.5556264047013,0.0,0.0,0.3515691395553898,106.74411420203943,0.0,0.0,,,,,2.9816896773671973,905.3064891828523,567.5556264047013,False,COST_INCOMPLETE|EQUILIBRIUM_ACID_ASSUMED_NOMINAL|HIGH_LOADING|LIGAND_LOSS_NOT_MEASURED|OA_ASSUMED|OOD_ACID|OOD_HULL|OOD_LIGAND|OOD_LOADING|OOD_METAL|PHASE_BEHAVIOUR_UNKNOWN|SAPONIFICATION_RANGE_UNKNOWN,12,3.9936728571329425,,11,6.972063370429505e-16,141
3,0,converged_newton,OUT_OF_DOMAIN,False,False,10.0,1.0,8.0,0.0,7.0,4.075128804616617,0.7327142545561933,0.21677730247352534,0.9841923601304765,6.002179268164121,0.0,3.1794489993758135,0.0,0.6290263293688235,0.24790908426164998,0.0,0.0,0.7608581851935082,0.7650872108809903,0.7644810608160519,0.12148829235910083,0.12861217528910315,0.1214882942082661,0.005248030838497225,19,0.0023670204327664707,0.0016228477196241968,,1.0605397273150492,0.9170839696719646,0.9170839696719646,0.547017863017034,1.410364148929741,869.0674620144515,0.0,0.0,0.013193646924556608,8.129935276744181,0.0,0.0,,,,,0.9494915570297187,585.0774201103678,869.0674620144515,False,COST_INCOMPLETE|EQUILIBRIUM_ACID_ASSUMED_NOMINAL|HIGH_LOADING|LIGAND_LOSS_NOT_MEASURED|OA_ASSUMED|OOD_ACID|OOD_HULL|OOD_LIGAND|OOD_LOADING|OOD_METAL|PHASE_BEHAVIOUR_UNKNOWN|SAPONIFICATION_RANGE_UNKNOWN,12,4.463943221453656,,5,6.166891106308261e-16,215
3,0,converged_newton,OUT_OF_DOMAIN,False,False,10.0,5.0,11.0,9.0,0.0,2.1889703062818358,4.938654646883416,4.484351717986168,0.8379226387212493,9.834664114458096,0.0,4.928774038291563,0.0,0.262064980799419,0.22723285034801274,0.0,0.0,0.9231533181475273,0.9247959676533348,0.9245612835922773,0.09771445347001248,0.4631337378859175,0.5642668498588997,-0.013834979287962249,26,0.01586820535745156,0.00584389097470519,,4.004307867275091,0.9170839696719646,0.9170839696719646,0.4679020322178305,26.240566859627904,4490.256059397425,0.0,0.0,0.14571002888821824,24.933734992475447,0.0,0.0,,,,,9.423006364869583,1612.4541689186715,4490.256059397425,False,COST_INCOMPLETE|EQUILIBRIUM_ACID_ASSUMED_NOMINAL|LIGAND_LOSS_NOT_MEASURED|OA_ASSUMED|OOD_ACID|OOD_HULL|OOD_LIGAND|OOD_LOADING|OOD_METAL|PHASE_BEHAVIOUR_UNKNOWN|SAPONIFICATION_RANGE_UNKNOWN,11,2.6831431554810146,,8,3.3339769754325175e-12,241
3,0,converged_newton,OUT_OF_DOMAIN,False,False,10.0,6.0,6.0,0.0,1.0,3.968404526043317,1.936403304947,0.6996301022871108,0.5543617885503691,41.93460751861245,0.0,5.712088989629728,0.0,0.8705897620584399,0.49465003234847815,0.0,0.0,0.8620090006242628,0.8647671883589194,0.8643726494328727,0.20262908062809687,0.4220325227236871,0.20264519115499352,-0.04954987338641993,22,0.0079761120612962,0.005325269676605892,,2.082283154997883,0.9170839696719646,0.9170839696719646,0.5161303982951593,5.069817403572991,952.03017151317,0.0,0.0,0.24360693777208936,45.74546503105068,0.0,0.0,,,,,2.6360334072341107,495.00467907086545,952.03017151317,False,COST_INCOMPLETE|EQUILIBRIUM_ACID_ASSUMED_NOMINAL|HIGH_LOADING|LIGAND_LOSS_NOT_MEASURED|OA_ASSUMED|OOD_ACID|OOD_HULL|OOD_LIGAND|OOD_LOADING|OOD_METAL|PHASE_BEHAVIOUR_UNKNOWN|SAPONIFICATION_RANGE_UNKNOWN,12,4.050176391794613,,10,6.581405379890718e-16,51
3,0,converged_newton,OUT_OF_DOMAIN,False,False,10.0,7.0,1.0,7.0,0.0,3.097534773381353,2.61015768926387,4.829420726990699,0.46160460299081496,49.6522870684899,0.0,3.6512646314848474,0.0,0.9001525216428166,0.09280050453945417,0.0,0.0,0.8942304023751884,0.8964219311902223,0.8961086493344984,0.4308185589691078,1.2438814754543028,0.4705214360054365,-0.036309188222283226,18,0.030117857420284454,0.01569548303950371,,2.8181708873382894,0.9170839696719646,0.9170839696719646,0.46746767794576116,18.83835389491705,1200.2404671142071,0.0,0.0,0.3888008966440678,24.7715151974298,0.0,0.0,,,,,7.439578416254569,473.9948683025564,1200.2404671142071,False,COST_INCOMPLETE|EQUILIBRIUM_ACID_ASSUMED_NOMINAL|LIGAND_LOSS_NOT_MEASURED|OA_ASSUMED|OOD_ACID|OOD_HULL|OOD_LIGAND|OOD_LOADING|OOD_METAL|PHASE_BEHAVIOUR_UNKNOWN|SAPONIFICATION_RANGE_UNKNOWN,11,3.508272777956437,,5,1.9037614638394252e-14,289
3,0,converged_newton,OUT_OF_DOMAIN,False,False,10.0,7.0,8.0,0.0,3.0,1.9648676032041208,0.3551299864530273,4.177258807850559,2.2270059080128384,28.177092315312073,0.0,4.186305226453251,0.0,0.357783619203028,0.33454956388202706,0.0,0.0,0.7701731706862808,0.7742863361529664,0.7736969017610171,0.7206367161737491,0.8216413381429547,0.7570402862560122,0.05161656994849912,25,0.03136246954259537,0.010367593650888523,,1.1170340338217226,0.9170839696719646,0.9170839696719646,0.6281486335106932,18.278156957496083,1763.0086182949126,0.0,0.0,0.030019591236667385,2.8955215884733914,0.0,0.0,,,,,4.5323887943035865,437.1688307744538,1763.0086182949126,False,COST_INCOMPLETE|EQUILIBRIUM_ACID_ASSUMED_NOMINAL|HIGH_LOADING|LIGAND_LOSS_NOT_MEASURED|OA_ASSUMED|OOD_ACID|OOD_HULL|OOD_LIGAND|OOD_LOADING|OOD_METAL|PHASE_BEHAVIOUR_UNKNOWN|SAPONIFICATION_RANGE_UNKNOWN,12,3.84973888985359,,7,6.384268488357838e-13,192
3,0,converged_newton,OUT_OF_DOMAIN,False,False,10.0,11.0,4.0,3.0,0.0,2.3688034796292765,1.0681314293017357,3.419583004961092,1.3035158276676715,4.038059124080629,0.0,3.3100958969829355,0.0,0.9154090661915516,0.08410699290501845,0.0,0.0,0.7616317720574884,0.7658513274973678,0.7652465441269918,0.7805885154094434,0.8254795512398994,0.7805909687922639,0.057597788479183294,25,0.02613596563640715,0.010416024799477735,,1.0650633246882424,0.9170839696719646,0.9170839696719646,0.4005819390443465,12.711473898238392,1220.376692927589,0.0,0.0,0.012939533591427552,1.2422717726321415,0.0,0.0,,,,,4.487714434262827,430.84713416656257,1220.376692927589,False,COST_INCOMPLETE|EQUILIBRIUM_ACID_ASSUMED_NOMINAL|LIGAND_LOSS_NOT_MEASURED|OA_ASSUMED|OOD_ACID|OOD_HULL|OOD_LIGAND|OOD_LOADING|OOD_METAL|PHASE_BEHAVIOUR_UNKNOWN|SAPONIFICATION_RANGE_UNKNOWN,11,3.6462862204065636,,4,4.884323206176676e-16,293
3,0,converged_newton,OUT_OF_DOMAIN,False,False,11.0,6.0,9.0,0.0,6.0,2.8210657374098025,1.2715929005176079,3.8500836219417414,2.9097243541149305,35.74374620264121,0.0,1.0047248666739999,0.0,0.28819402666691873,0.19027978203956303,0.0,0.0,0.8325695498194685,0.8358040918430837,0.8353411430391977,0.5080621378373613,0.8777128907200934,0.6099646916248943,0.020376972894825228,26,0.023334609304229915,0.011075112912039746,,1.657543075192819,0.9170839696719646,0.9170839696719646,0.6499662535674472,7.568259584894895,683.3573296275333,0.0,0.0,0.1363544817275454,12.311791564609203,0.0,0.0,,,,,5.1216765224593495,462.44914730319175,683.3573296275333,False,COST_INCOMPLETE|EQUILIBRIUM_ACID_ASSUMED_NOMINAL|HIGH_LOADING|LIGAND_LOSS_NOT_MEASURED|OA_ASSUMED|OOD_ACID|OOD_HULL|OOD_LIGAND|OOD_LOADING|OOD_METAL|PHASE_BEHAVIOUR_UNKNOWN|SAPONIFICATION_RANGE_UNKNOWN,12,3.5959784322224944,,9,8.401620509381236e-13,195
3,0,converged_newton,OUT_OF_DOMAIN,False,False,12.0,1.0,5.0,5.0,0.0,2.357347598779563,0.5762981492694476,0.7475637327016185,1.4054011082939046,1.895507908115194,0.0,3.337500073704274,0.0,0.44198975680326263,0.22572002703694957,0.0,0.0,0.7497594559121217,0.7541213263186248,0.7534959973105179,0.22572681509686984,0.2291125311387733,0.2324550412266902,0.01609106213603561,18,0.007289311022398284,0.0028909762847887125,,0.9987183313892102,0.9170839696719646,0.9170839696719646,0.5981501776554775,3.3049240706813015,1143.1861575864993,0.0,0.0,0.003277133098117133,1.1335731515198655,0.0,0.0,,,,,1.323861881971066,457.92900098722896,1143.1861575864993,False,COST_INCOMPLETE|EQUILIBRIUM_ACID_ASSUMED_NOMINAL|HIGH_LOADING|LIGAND_LOSS_NOT_MEASURED|OA_ASSUMED|OOD_ACID|OOD_HULL|OOD_LIGAND|OOD_LOADING|OOD_METAL|PHASE_BEHAVIOUR_UNKNOWN|SAPONIFICATION_RANGE_UNKNOWN,12,3.7909439052644927,,9,5.91326261258656e-13,88
3,0,converged_newton,OUT_OF_DOMAIN,False,False,12.0,1.0,11.0,7.0,0.0,4.775073995487195,3.04102503936542,3.1768276835866507,2.792841403465344,32.17360652808812,0.0,2.2475112554071437,0.0,0.46185704685268386,0.46562356798877746,0.0,0.0,0.8749579130816891,0.8774940591221103,0.8771313749857176,0.5049772407536985,1.185452497209806,0.5216195486540569,-0.008931805767871281,24,0.01861938419692786,0.01495821742766791,,2.3324357812776353,0.9170839696719646,0.9170839696719646,0.5464161581748247,15.633056614264575,1045.114947008888,0.0,0.0,0.29352222917582027,19.622808038135492,0.0,0.0,,,,,6.21785272295207,415.6813974004038,1045.114947008888,False,COST_INCOMPLETE|EQUILIBRIUM_ACID_ASSUMED_NOMINAL|HIGH_LOADING|LIGAND_LOSS_NOT_MEASURED|OA_ASSUMED|OOD_ACID|OOD_HULL|OOD_LIGAND|OOD_LOADING|OOD_METAL|PHASE_BEHAVIOUR_UNKNOWN|SAPONIFICATION_RANGE_UNKNOWN,12,3.4035834558205713,,8,6.009559842113217e-16,82
4,0,converged_newton,OUT_OF_DOMAIN,False,False,1.0,6.0,5.0,0.0,0.0,0.9535043797942986,1.5798760981078313,3.4710806997683927,0.6775767527873746,1.1004234716567312,0.0,4.051665235733351,0.0,0.37670662022173496,0.09855400815536976,0.0,0.0,0.753390187068657,0.7577092227025911,0.7570900793669223,0.1386839103029469,0.15225763059409617,0.5855679321211029,0.009680789553889903,12,0.011976161343926628,0.0019212096214808944,,1.0183295602520672,0.9170839696719646,0.9170839696719646,0.4967478971000235,15.134144318038881,7877.403979672597,0.0,0.0,0.005215598222001928,2.7147470862558323,0.0,0.0,,,,,5.050956797876224,2629.050334436113,7877.403979672597,False,COST_INCOMPLETE|EQUILIBRIUM_ACID_ASSUMED_NOMINAL|LIGAND_LOSS_NOT_MEASURED|OA_ASSUMED|OOD_ACID|OOD_HULL|OOD_LIGAND|OOD_LOADING|OOD_METAL|PHASE_BEHAVIOUR_UNKNOWN|SAPONIFICATION_RANGE_UNKNOWN,11,2.9078259146620025,,3,3.152722942392515e-12,54
4,0,converged_newton,OUT_OF_DOMAIN,False,False,1.0,10.0,12.0,0.0,0.0,0.9495281791772472,0.9479819150845858,3.083941108283524,1.7448483279305105,16.702582020674857,0.0,3.022265096671784,0.0,0.11570797200649587,0.3118457526255438,0.0,0.0,0.9314103619458762,0.9328893426325969,0.9326780764304424,0.032701497120997985,0.19299526734208197,0.7592665059382541,-0.0013591006401605758,23,0.015244039479900664,0.0024352432326124915,,4.526487228342493,0.9170839696719646,0.9170839696719646,0.6740015174758853,10.974572231200296,4506.561022008033,0.0,0.0,0.0475012370724501,19.505746463564343,0.0,0.0,,,,,4.03192302336811,1655.6551597692871,4506.561022008033,False,COST_INCOMPLETE|EQUILIBRIUM_ACID_ASSUMED_NOMINAL|HIGH_LOADING|LIGAND_LOSS_NOT_MEASURED|OA_ASSUMED|OOD_ACID|OOD_HULL|OOD_LIGAND|OOD_LOADING|OOD_METAL|PHASE_BEHAVIOUR_UNKNOWN|SAPONIFICATION_RANGE_UNKNOWN,12,2.9621468123346553,,8,9.59504349936086e-16,277
4,0,converged_newton,OUT_OF_DOMAIN,False,False,1.0,12.0,11.0,0.0,0.0,1.813327984283784,3.2522778402775727,4.044274657509787,1.600474421652203,21.22155392483863,0.0,3.746022951324347,0.0,0.5190736433234295,0.4344972317618102,0.0,0.0,0.909848261771848,0.9117481272209065,0.9114766232229773,0.22591954586673413,0.8313388853984034,0.6578891618653187,-0.006667973161127973,24,0.03438452224047433,0.010489958756789862,,3.364136509009013,0.9170839696719646,0.9170839696719646,0.40900754498830305,20.3551331839616,1940.4397725383124,0.0,0.0,0.20705516869802437,19.738415898346908,0.0,0.0,,,,,7.29655249778736,695.5749461898029,1940.4397725383124,False,COST_INCOMPLETE|EQUILIBRIUM_ACID_ASSUMED_NOMINAL|LIGAND_LOSS_NOT_MEASURED|OA_ASSUMED|OOD_ACID|OOD_HULL|OOD_LIGAND|OOD_LOADING|OOD_METAL|PHASE_BEHAVIOUR_UNKNOWN|SAPONIFICATION_RANGE_UNKNOWN,11,2.944424144044963,,6,1.15498145785073e-14,295
4,0,converged_newton,OUT_OF_DOMAIN,False,False,3.0,2.0,10.0,0.0,2.0,3.7680638124978754,4.872709669617438,0.798207969487327,2.1993125922350534,3.317896803399853,0.0,1.030413251787946,0.0,0.6181807639320634,0.03751747681855479,0.0,0.0,0.7863857098038598,0.7902877289945335,0.7897287331919327,0.09681849211687274,0.12022398140366242,0.10857893514911143,-0.007150349231444572,15,0.0023929527348681983,0.0015170042309486226,,1.2271115836582565,0.9170839696719646,0.9170839696719646,0.4499814993421359,11.539095804137629,7606.502057625726,0.0,0.0,0.04850144351015774,31.97185777117346,0.0,0.0,,,,,5.670917639104765,3738.234556906009,7606.502057625726,False,COST_INCOMPLETE|EQUILIBRIUM_ACID_ASSUMED_NOMINAL|LIGAND_LOSS_NOT_MEASURED|OA_ASSUMED|OOD_ACID|OOD_HULL|OOD_LIGAND|OOD_LOADING|OOD_METAL|PHASE_BEHAVIOUR_UNKNOWN|SAPONIFICATION_RANGE_UNKNOWN,11,3.7433780103396934,,3,4.106958852644389e-16,113
4,0,converged_newton,OUT_OF_DOMAIN,False,False,3.0,2.0,12.0,2.0,0.0,2.203364395604692,1.607740177107119,0.24883983820658118,1.5685927789885752,44.47071252262679,0.0,4.887755880973339,0.0,0.9258183604616772,0.12005801392157389,0.0,0.0,0.88536682928589,0.8877189502672901,0.8873826523616642,0.05331126832860765,0.14173860736735425,0.09275938638384461,-0.0608669556746562,17,0.004824619828548223,0.0017884790085523807,,2.5744928330094936,0.9170839696719646,0.9170839696719646,0.4574852752113554,3.738158014914711,2090.1324516749164,0.0,0.0,0.21449205368162316,119.92986926653165,0.0,0.0,,,,,1.8565800153137002,1038.0776103245637,2090.1324516749164,False,COST_INCOMPLETE|EQUILIBRIUM_ACID_ASSUMED_NOMINAL|LIGAND_LOSS_NOT_MEASURED|OA_ASSUMED|OOD_ACID|OOD_HULL|OOD_LIGAND|OOD_LOADING|OOD_METAL|PHASE_BEHAVIOUR_UNKNOWN|SAPONIFICATION_RANGE_UNKNOWN,11,4.238581904410642,,4,5.495315631503935e-16,114
4,0,converged_newton,OUT_OF_DOMAIN,False,False,3.0,4.0,3.0,2.0,0.0,2.134095175221149,2.1712742111003522,1.778896712310838,2.3195494500666802,5.952997957558918,0.0,3.885435295228648,0.0,0.12458048755546099,0.35443267320185873,0.0,0.0,0.8413161629511495,0.8444133085537988,0.8439701019003393,0.05615911558603334,0.10781860840251935,0.2997512437170798,-0.004839195313791797,10,0.0037891447973265697,0.0013604713736142496,,1.767279681404376,0.9170839696719646,0.9170839696719646,0.6211336527266834,11.948165974880519,8782.372203201037,0.0,0.0,0.038776772831942724,28.502454064084965,0.0,0.0,,,,,3.95017092341119,2903.531084904127,8782.372203201037,False,COST_INCOMPLETE|EQUILIBRIUM_ACID_ASSUMED_NOMINAL|HIGH_LOADING|LIGAND_LOSS_NOT_MEASURED|OA_ASSUMED|OOD_ACID|OOD_HULL|OOD_LIGAND|OOD_LOADING|OOD_METAL|PHASE_BEHAVIOUR_UNKNOWN|SAPONIFICATION_RANGE_UNKNOWN,12,2.8533142713033106,,8,5.569807953126013e-16,275
4,0,converged_newton,OUT_OF_DOMAIN,False,False,4.0,8.0,4.0,3.0,0.0,4.69750463883107,3.891923294107606,0.9593609238255276,1.6194754103000386,16.476338048321225,0.0,2.923907229103331,0.0,0.9655477492576956,0.28655917977333983,0.0,0.0,0.8633981954238396,0.8661329278877193,0.8657417548677571,0.11736961119483097,0.25221570045731484,0.15771560023087589,-0.04520846631755422,16,0.0040268565948677225,0.003182495540725467,,2.1068491691422326,0.9170839696719646,0.9170839696719646,0.3533349039802505,9.107956414073904,2861.8913357527267,0.0,0.0,0.19237393155555815,60.44751016735297,0.0,0.0,,,,,4.8512842179331335,1524.3648124098415,2861.8913357527267,False,COST_INCOMPLETE|EQUILIBRIUM_ACID_ASSUMED_NOMINAL|LIGAND_LOSS_NOT_MEASURED|OA_ASSUMED|OOD_ACID|OOD_HULL|OOD_LIGAND|OOD_LOADING|OOD_METAL|PHASE_BEHAVIOUR_UNKNOWN|SAPONIFICATION_RANGE_UNKNOWN,11,3.8780106457015973,,3,7.82119477706413e-13,172
4,0,converged_newton,OUT_OF_DOMAIN,False,False,4.0,10.0,11.0,0.0,3.0,4.934251864011641,3.461373491305424,3.444487884246906,2.6069107546917927,12.905749464258948,0.0,1.6390344672332104,0.0,0.4795131816323807,0.27381481011017933,0.0,0.0,0.8316552492559,0.8349039518531444,0.8344389678425514,0.4131135905795435,0.687791091590058,0.4611610906339374,0.006912712788239253,25,0.010454337008106293,0.008678651162347091,,1.6467303862656908,0.9170839696719646,0.9170839696719646,0.4894742373929372,14.669126144737064,1690.2541501356857,0.0,0.0,0.13401485724304474,15.441899292424283,0.0,0.0,,,,,6.90586137555233,795.7298025197592,1690.2541501356857,False,COST_INCOMPLETE|EQUILIBRIUM_ACID_ASSUMED_NOMINAL|LIGAND_LOSS_NOT_MEASURED|OA_ASSUMED|OOD_ACID|OOD_HULL|OOD_LIGAND|OOD_LOADING|OOD_METAL|PHASE_BEHAVIOUR_UNKNOWN|SAPONIFICATION_RANGE_UNKNOWN,11,3.7848731962967794,,4,1.6403991445431542e-12,219
4,0,converged_newton,OUT_OF_DOMAIN,False,False,4.0,11.0,1.0,2.0,0.0,2.036762955013238,4.341137790469184,0.9860849845501163,2.654294235860284,14.152048523388697,0.0,4.16775609461326,0.0,0.5831359167550807,0.2577467555866528,0.0,0.0,0.8901094888698972,0.8923761259875835,0.8920520807855905,0.044753228224928485,0.13501250736486728,0.1101869709055067,-0.051310054605071244,16,0.004971583967315054,0.0017036080698059999,,2.6999889244791686,0.9170839696719646,0.9170839696719646,0.45249647538236354,15.632418718482974,9176.065196887175,0.0,0.0,0.1843079779723093,108.18684252493449,0.0,0.0,,,,,5.3272227750193,3127.0236795872556,9176.065196887175,False,COST_INCOMPLETE|EQUILIBRIUM_ACID_ASSUMED_NOMINAL|LIGAND_LOSS_NOT_MEASURED|OA_ASSUMED|OOD_ACID|OOD_HULL|OOD_LIGAND|OOD_LOADING|OOD_METAL|PHASE_BEHAVIOUR_UNKNOWN|SAPONIFICATION_RANGE_UNKNOWN,11,3.2714930176367223,,5,1.6202051130951478e-12,106
4,0,converged_newton,OUT_OF_DOMAIN,False,False,5.0,11.0,6.0,4.0,0.0,2.7945464755322416,2.1670590094221396,1.650395738637664,1.2490706047892168,16.861479873952494,0.0,3.1574334649270814,0.0,0.7219535600404793,0.28770662999516344,0.0,0.0,0.8357094861357032,0.8388951064269441,0.8384391880843914,0.23537439606875626,0.407772612260257,0.35385684854427213,-0.005956875953519555,22,0.010943795777701113,0.005145335987391761,,1.6955928991858804,0.9170839696719646,0.9170839696719646,0.40362222327875374,7.917824443060442,1538.8352602167174,0.0,0.0,0.10961946561911665,21.304627314470906,0.0,0.0,,,,,3.8174547480598036,741.9252615211474,1538.8352602167174,False,COST_INCOMPLETE|EQUILIBRIUM_ACID_ASSUMED_NOMINAL|LIGAND_LOSS_NOT_MEASURED|OA_ASSUMED|OOD_ACID|OOD_HULL|OOD_LIGAND|OOD_LOADING|OOD_METAL|PHASE_BEHAVIOUR_UNKNOWN|SAPONIFICATION_RANGE_UNKNOWN,11,3.3783540177383378,,4,5.159982268218754e-16,50
4,0,converged_newton,OUT_OF_DOMAIN,False,False,5.0,12.0,1.0,3.0,0.0,1.8919520696953458,2.7550692104704586,0.5080027834702844,2.500651386749669,32.71290722427238,0.0,1.4925700009416754,0.0,0.7419782909224792,0.06255747014665311,0.0,0.0,0.9041736481912807,0.906180769659256,0.9058939057134191,0.047392181592843675,0.16221826874470452,0.09555428651693916,-0.07795995332271662,18,0.0064305911078455305,0.0020468944477609933,,3.14518094840313,0.9170839696719646,0.9170839696719646,0.4762265864261862,7.6476973567568844,3736.244125886589,0.0,0.0,0.27037897043570835,132.09228777354096,0.0,0.0,,,,,3.263071993940743,1594.1574307898838,3736.244125886589,False,COST_INCOMPLETE|EQUILIBRIUM_ACID_ASSUMED_NOMINAL|LIGAND_LOSS_NOT_MEASURED|OA_ASSUMED|OOD_ACID|OOD_HULL|OOD_LIGAND|OOD_LOADING|OOD_METAL|PHASE_BEHAVIOUR_UNKNOWN|SAPONIFICATION_RANGE_UNKNOWN,11,3.7258081693849054,,6,4.488903670934293e-16,230
4,0,converged_newton,OUT_OF_DOMAIN,False,False,6.0,8.0,9.0,0.0,5.0,4.936648999480528,4.289175800062685,3.097371248805945,1.4873741632532536,0.06115934078121353,0.0,1.7235651056836754,0.0,0.8940151240592221,0.34261097452956624,0.0,0.0,0.7504711754684078,0.754824696852305,0.7542005736281021,0.3794778494562135,0.38085061951390803,0.3924844172729624,0.028301473299116534,23,0.005786069956877389,0.004805630244619418,,1.002517680909435,0.9170839696719646,0.9170839696719646,0.3063647133029768,11.718130270454136,2438.4169555230014,0.0,0.0,0.000786969493279232,0.1637598927134179,0.0,0.0,,,,,7.38654704886863,1537.0610456638676,2438.4169555230014,False,COST_INCOMPLETE|EQUILIBRIUM_ACID_ASSUMED_NOMINAL|LIGAND_LOSS_NOT_MEASURED|OA_ASSUMED|OOD_ACID|OOD_HULL|OOD_LIGAND|OOD_LOADING|OOD_METAL|PHASE_BEHAVIOUR_UNKNOWN|SAPONIFICATION_RANGE_UNKNOWN,11,3.826506212227207,,3,1.3287679418164127e-14,239
4,0,converged_newton,OUT_OF_DOMAIN,False,False,6.0,9.0,1.0,5.0,0.0,4.396340108209491,2.5907211564236765,3.156827435274769,2.0470620143674134,11.24088842634724,0.0,5.384678321072615,0.0,0.31895774217814266,0.3082009357318045,0.0,0.0,0.825210426470567,0.8285578620303394,0.8280786850527129,0.19333546933150345,0.3162547806506388,0.31656294163803883,-0.0054028989143379315,16,0.005395194176289071,0.003990550260466858,,1.5737216848952162,0.9170839696719646,0.9170839696719646,0.4941786342889517,22.301867123224238,5588.669648935865,0.0,0.0,0.08736602238940738,21.893226920336133,0.0,0.0,,,,,5.747548591698445,1440.2897386452248,5588.669648935865,False,COST_INCOMPLETE|EQUILIBRIUM_ACID_ASSUMED_NOMINAL|LIGAND_LOSS_NOT_MEASURED|OA_ASSUMED|OOD_ACID|OOD_HULL|OOD_LIGAND|OOD_LOADING|OOD_METAL|PHASE_BEHAVIOUR_UNKNOWN|SAPONIFICATION_RANGE_UNKNOWN,11,3.21560520712158,,5,5.80426568514105e-16,211
4,0,converged_newton,OUT_OF_DOMAIN,False,False,6.0,12.0,2.0,3.0,0.0,3.7539383214357285,1.4924391857381005,2.803363813074055,0.9686728064911184,45.087045759549284,0.0,5.7053490539294875,0.0,0.32875607595040734,0.05206482982282525,0.0,0.0,0.8584525643587906,0.8612703982395314,0.8608672988740467,0.36958343955539463,0.7707992371480221,0.4471887452112235,-0.009479731074616554,20,0.015399811567493127,0.009726060394219315,,2.02158981891831,0.9170839696719646,0.9170839696719646,0.6047599168496384,17.439854333308464,1793.1057001942784,0.0,0.0,0.2018690215821548,20.755476873466225,0.0,0.0,,,,,4.295802998812155,441.67965493668595,1793.1057001942784,False,COST_INCOMPLETE|EQUILIBRIUM_ACID_ASSUMED_NOMINAL|HIGH_LOADING|LIGAND_LOSS_NOT_MEASURED|OA_ASSUMED|OOD_ACID|OOD_HULL|OOD_LIGAND|OOD_LOADING|OOD_METAL|PHASE_BEHAVIOUR_UNKNOWN|SAPONIFICATION_RANGE_UNKNOWN,12,3.49966162871302,,15,1.8388884338639167e-12,86
4,0,converged_newton,OUT_OF_DOMAIN,False,False,6.0,12.0,5.0,0.0,5.0,3.116757564275066,2.4607962870926356,2.5805721253627296,1.1040957666394127,37.9913529084252,0.0,5.944587458229071,0.0,0.4010731525825433,0.4120801853364474,0.0,0.0,0.8926615534261123,0.8948817673679677,0.8945643750483013,0.3067591577273436,0.8958218556715366,0.4725658816833484,-0.026302341003313495,23,0.02155658173271887,0.011303614548141798,,2.772108788971644,0.9170839696719646,0.9170839696719646,0.612965675373002,18.057391454627783,1597.488252781606,0.0,0.0,0.2804669405360361,24.812146534326235,0.0,0.0,,,,,5.041368412455365,445.9961361018026,1597.488252781606,False,COST_INCOMPLETE|EQUILIBRIUM_ACID_ASSUMED_NOMINAL|HIGH_LOADING|LIGAND_LOSS_NOT_MEASURED|OA_ASSUMED|OOD_ACID|OOD_HULL|OOD_LIGAND|OOD_LOADING|OOD_METAL|PHASE_BEHAVIOUR_UNKNOWN|SAPONIFICATION_RANGE_UNKNOWN,12,3.7025542506805458,,9,6.432205789620659e-16,3
4,0,converged_newton,OUT_OF_DOMAIN,False,False,7.0,1.0,11.0,1.0,0.0,4.215986523522386,4.482617491432924,0.5317403353647521,2.736016328091724,28.833970687811767,0.0,5.113463107655725,0.0,0.5269104856903656,0.3289066733737876,0.0,0.0,0.8929602057590609,0.8951749677151888,0.8948583566659525,0.07205397999365135,0.2043081490677646,0.07674224514217685,-0.1139285501725669,19,0.003634525654811662,0.0025779908711594133,,2.780773300532413,0.9170839696719646,0.9170839696719646,0.5012427209440764,14.983549236890184,5812.103295056105,0.0,0.0,0.3877549840579471,150.40975838815132,0.0,0.0,,,,,5.014357826797676,1945.0642292393156,5812.103295056105,False,COST_INCOMPLETE|EQUILIBRIUM_ACID_ASSUMED_NOMINAL|HIGH_LOADING|LIGAND_LOSS_NOT_MEASURED|OA_ASSUMED|OOD_ACID|OOD_HULL|OOD_LIGAND|OOD_LOADING|OOD_METAL|PHASE_BEHAVIOUR_UNKNOWN|SAPONIFICATION_RANGE_UNKNOWN,12,3.97112814440252,,8,6.012053242658248e-14,201
4,0,converged_newton,OUT_OF_DOMAIN,False,False,7.0,5.0,9.0,6.0,0.0,1.7281054315693258,2.3148452624162332,3.2868440787909474,0.9882644764223164,18.733693853769847,0.0,3.5048828611014176,0.0,0.6954495256170745,0.25279932510234293,0.0,0.0,0.8589176832093148,0.8617277492143954,0.8613257647817681,0.326351201367454,0.6863159147173161,0.6225522526305706,0.00810809113884347,21,0.029786199767368623,0.0086600371592903,,2.0293535073419506,0.9170839696719646,0.9170839696719646,0.3785077020876273,13.807682820127528,1594.4138074875286,0.0,0.0,0.1300968073948657,15.022661566215183,0.0,0.0,,,,,5.60168934120718,646.8435687019899,1594.4138074875286,False,COST_INCOMPLETE|EQUILIBRIUM_ACID_ASSUMED_NOMINAL|LIGAND_LOSS_NOT_MEASURED|OA_ASSUMED|OOD_ACID|OOD_HULL|OOD_LIGAND|OOD_LOADING|OOD_METAL|PHASE_BEHAVIOUR_UNKNOWN|SAPONIFICATION_RANGE_UNKNOWN,11,3.107474417808975,,4,4.452670187627334e-16,65
4,0,converged_newton,OUT_OF_DOMAIN,False,False,7.0,8.0,2.0,2.0,0.0,2.0729428487566763,2.3930807114308497,2.2364790558045673,1.9270728118453626,7.2376209039514885,0.0,5.6441613534665365,0.0,0.6494595138525957,0.4824460902824876,0.0,0.0,0.7845900916414488,0.7885160898363022,0.7879536387485492,0.21592929303394265,0.27692072695442327,0.2641051860637063,0.0034488435396867294,17,0.010019115835267118,0.003494227270819956,,1.2141039961440916,0.9170839696719646,0.9170839696719646,0.5021904177182257,17.234689430159417,4932.332127931428,0.0,0.0,0.051960632945685314,14.870421675088188,0.0,0.0,,,,,4.629559767235417,1324.9166148683407,4932.332127931428,False,COST_INCOMPLETE|EQUILIBRIUM_ACID_ASSUMED_NOMINAL|HIGH_LOADING|LIGAND_LOSS_NOT_MEASURED|OA_ASSUMED|OOD_ACID|OOD_HULL|OOD_LIGAND|OOD_LOADING|OOD_METAL|PHASE_BEHAVIOUR_UNKNOWN|SAPONIFICATION_RANGE_UNKNOWN,12,3.272664842986223,,8,5.128370595601766e-16,4
4,0,converged_newton,OUT_OF_DOMAIN,False,False,7.0,9.0,1.0,4.0,0.0,1.2840061712549489,2.0483387085825595,2.997752426671562,1.4544926628812014,17.357229454146626,0.0,1.4315946119724838,0.0,0.9418398914567692,0.0980859926532038,0.0,0.0,0.8304243320699841,0.8336920386343277,0.8332243231552227,0.19831773913388512,0.3516869831691791,0.3235320901474191,-0.009176961226989435,17,0.02054236523794026,0.004437639106676177,,1.6323574842366766,0.9170839696719646,0.9170839696719646,0.4584959751203159,7.270859844779334,1638.4522648181862,0.0,0.0,0.10666045489403367,24.03540538787146,0.0,0.0,,,,,5.046091135254121,1137.1116519282884,1638.4522648181862,False,COST_INCOMPLETE|EQUILIBRIUM_ACID_ASSUMED_NOMINAL|LIGAND_LOSS_NOT_MEASURED|OA_ASSUMED|OOD_ACID|OOD_HULL|OOD_LIGAND|OOD_LOADING|OOD_METAL|PHASE_BEHAVIOUR_UNKNOWN|SAPONIFICATION_RANGE_UNKNOWN,11,3.2715060479863527,,5,4.80885755032995e-16,262
4,0,converged_newton,OUT_OF_DOMAIN,False,False,7.0,11.0,9.0,0.0,6.0,4.288616961937341,3.155789712119279,1.808235008129124,0.06236119909646602,9.609433788858244,0.0,4.068096251841229,0.0,0.6611019132873247,0.35267867110375345,0.0,0.0,0.8106364205744497,0.8142001233725367,0.8136898403975623,0.2610182250129062,0.3771963519895862,0.2873292102224072,-0.002035625890951267,27,0.006596468430335022,0.004759520148857396,,1.4269488410136397,0.9170839696719646,0.9170839696719646,0.45443941764307694,7.552872889562234,1586.8979757077886,0.0,0.0,0.09097605687051069,19.114543908875152,0.0,0.0,,,,,4.964024720248403,1042.967476761308,1586.8979757077886,False,COST_INCOMPLETE|EQUILIBRIUM_ACID_ASSUMED_NOMINAL|LIGAND_LOSS_NOT_MEASURED|OA_ASSUMED|OOD_ACID|OOD_HULL|OOD_LIGAND|OOD_LOADING|OOD_METAL|PHASE_BEHAVIOUR_UNKNOWN|SAPONIFICATION_RANGE_UNKNOWN,11,3.828778791769663,,4,6.129635928191037e-14,261
4,0,converged_newton,OUT_OF_DOMAIN,False,False,7.0,11.0,9.0,6.0,0.0,0.45710257384793657,0.6378104375277343,1.8824741995157173,0.18090574244297775,48.30500713636268,0.0,3.990377567052108,0.0,0.9735809750635276,0.3873484425526668,0.0,0.0,0.8754728888579049,0.8780000463737329,0.8776386513476546,0.2121606248201768,0.5423262813280715,0.8037285344164952,0.009865033363181553,27,0.0889832467080714,0.006843154366739805,,2.343459939040696,0.9170839696719646,0.9170839696719646,0.4293555761289173,7.627166387040727,1114.568805302932,0.0,0.0,0.09242831320927145,13.506682482351463,0.0,0.0,,,,,2.5202846370434515,368.2928225750602,1114.568805302932,False,COST_INCOMPLETE|EQUILIBRIUM_ACID_ASSUMED_NOMINAL|LIGAND_LOSS_NOT_MEASURED|OA_ASSUMED|OOD_ACID|OOD_HULL|OOD_LIGAND|OOD_LOADING|OOD_METAL|PHASE_BEHAVIOUR_UNKNOWN|SAPONIFICATION_RANGE_UNKNOWN,11,3.329937234379911,,10,3.421049875854588e-16,259
4,0,converged_newton,OUT_OF_DOMAIN,False,False,8.0,8.0,1.0,0.0,7.0,3.718274677270112,2.6932273803605606,0.5967936985721858,2.433110713541303,40.26562343604669,0.0,2.70004914754346,0.0,0.867623095018834,0.4210914031391289,0.0,0.0,0.8870896107173555,0.8894107978927538,0.8890789341484331,0.09883687452343314,0.26481766081846486,0.11479200256781133,-0.08858315496386396,17,0.005341543130957361,0.0033415089668565124,,2.6188603084662,0.9170839696719646,0.9170839696719646,0.4864626940536823,8.164292710247198,2443.2951673110924,0.0,0.0,0.3253334385757466,97.36123464058826,0.0,0.0,,,,,3.2900210789327464,984.5914260789183,2443.2951673110924,False,COST_INCOMPLETE|EQUILIBRIUM_ACID_ASSUMED_NOMINAL|LIGAND_LOSS_NOT_MEASURED|OA_ASSUMED|OOD_ACID|OOD_HULL|OOD_LIGAND|OOD_LOADING|OOD_METAL|PHASE_BEHAVIOUR_UNKNOWN|SAPONIFICATION_RANGE_UNKNOWN,11,4.036026003084214,,4,1.4587604402637578e-14,227
4,0,converged_newton,OUT_OF_DOMAIN,False,False,8.0,8.0,7.0,7.0,0.0,2.7121066671084377,1.6177534971365182,1.4102123617510536,2.9806945752517984,40.83752847044625,0.0,3.466334185617283,0.0,0.37469376595904685,0.04809900933767226,0.0,0.0,0.8902489299910632,0.892513038267408,0.892189355492487,0.2153059020525596,0.6074948767597836,0.44523043728307693,-0.020502938740492777,23,0.01679952942468913,0.007665461479186462,,2.703842826372358,0.9170839696719646,0.9170839696719646,0.5296308324420285,9.710296391527208,1266.7595314245536,0.0,0.0,0.1981951634924299,25.85560752351004,0.0,0.0,,,,,3.0279658588875717,395.0141641320896,1266.7595314245536,False,COST_INCOMPLETE|EQUILIBRIUM_ACID_ASSUMED_NOMINAL|HIGH_LOADING|LIGAND_LOSS_NOT_MEASURED|OA_ASSUMED|OOD_ACID|OOD_HULL|OOD_LIGAND|OOD_LOADING|OOD_METAL|PHASE_BEHAVIOUR_UNKNOWN|SAPONIFICATION_RANGE_UNKNOWN,12,3.3528893585015354,,7,1.4815072006649042e-15,242
4,0,converged_newton,OUT_OF_DOMAIN,False,False,8.0,9.0,6.0,0.0,0.0,0.9158196950123676,0.2141717910859796,2.4638692888519143,0.02844544749931354,47.01081652321211,0.0,2.6155116896597406,0.0,0.27871196575241686,0.044737199398891876,0.0,0.0,0.7921375326046173,0.7959617461397283,0.7954139593297841,0.2642740177725827,0.3583254958026064,0.7005946640085836,0.016806021410004778,23,0.029344654118660943,0.004521404854861658,,1.2702911088767552,0.9170839696719646,0.9170839696719646,0.6492039890570073,6.450371139224984,1426.6298520667085,0.0,0.0,0.03020517232557211,6.680483897188257,0.0,0.0,,,,,2.678041079937894,592.3028717630363,1426.6298520667085,False,COST_INCOMPLETE|EQUILIBRIUM_ACID_ASSUMED_NOMINAL|HIGH_LOADING|LIGAND_LOSS_NOT_MEASURED|OA_ASSUMED|OOD_ACID|OOD_HULL|OOD_LIGAND|OOD_LOADING|OOD_METAL|PHASE_BEHAVIOUR_UNKNOWN|SAPONIFICATION_RANGE_UNKNOWN,12,3.6663016957165677,,10,3.624899812541082e-14,171
4,0,converged_newton,OUT_OF_DOMAIN,False,False,9.0,5.0,8.0,3.0,0.0,2.877404592309415,3.2387055090196086,2.054792939418747,1.9040549795222887,26.5695509778848,0.0,5.813295110703265,0.0,0.6983067392386266,0.32088989305523746,0.0,0.0,0.8678127685855117,0.8704723810687707,0.870091986493459,0.294749894560784,0.6613281885150439,0.31950108264196475,-0.03645133698562454,22,0.017237622498829566,0.0083447382819111,,2.188342397116973,0.9170839696719646,0.9170839696719646,0.4901086272630869,18.11179109988565,2170.4444750707885,0.0,0.0,0.2581528533727584,30.93600358112569,0.0,0.0,,,,,5.293498448438356,634.3516440669063,2170.4444750707885,False,COST_INCOMPLETE|EQUILIBRIUM_ACID_ASSUMED_NOMINAL|LIGAND_LOSS_NOT_MEASURED|OA_ASSUMED|OOD_ACID|OOD_HULL|OOD_LIGAND|OOD_LOADING|OOD_METAL|PHASE_BEHAVIOUR_UNKNOWN|SAPONIFICATION_RANGE_UNKNOWN,11,3.345549148483721,,7,4.1437570022328084e-16,61
4,0,converged_newton,OUT_OF_DOMAIN,False,False,10.0,8.0,4.0,2.0,0.0,0.5976446391104979,2.5729589024459028,1.76177865473758,2.7741302262041936,9.444008446165569,0.0,5.260611620934797,0.0,0.6696213979934267,0.1454725519467371,0.0,0.0,0.9109968589202047,0.9128748366154912,0.9126064666493477,0.039894442129638615,0.17895987688836681,0.4292311630620216,-0.010877054839708486,22,0.022458146343626674,0.002258142570558946,,3.4118528397533545,0.9170839696719646,0.9170839696719646,0.45247558409164335,16.405756326683733,7265.155238901902,0.0,0.0,0.07289713681900845,32.28190184686373,0.0,0.0,,,,,4.334737557183483,1919.6031347615615,7265.155238901902,False,COST_INCOMPLETE|EQUILIBRIUM_ACID_ASSUMED_NOMINAL|LIGAND_LOSS_NOT_MEASURED|OA_ASSUMED|OOD_ACID|OOD_HULL|OOD_LIGAND|OOD_LOADING|OOD_METAL|PHASE_BEHAVIOUR_UNKNOWN|SAPONIFICATION_RANGE_UNKNOWN,11,2.9262267739128895,,6,1.856944523138404e-14,258
4,0,converged_newton,OUT_OF_DOMAIN,False,False,10.0,12.0,2.0,3.0,0.0,3.8429900165455617,4.164443883131725,2.531537576773112,1.612644307509212,8.508999860374807,0.0,1.5649612743183599,0.0,0.9774332735233193,0.43691682489433264,0.0,0.0,0.8148542694507296,0.8183563814832256,0.8178549596958732,0.33538116701557175,0.49427309887603266,0.33630055031787287,0.0016352299955958716,24,0.00964626040039127,0.00623681210258261,,1.4670502474515754,0.9170839696719646,0.9170839696719646,0.4547381059194462,10.677524994205598,1712.0164626707492,0.0,0.0,0.10630575726031995,17.044886956959893,0.0,0.0,,,,,6.6959814599048375,1073.6224452123688,1712.0164626707492,False,COST_INCOMPLETE|EQUILIBRIUM_ACID_ASSUMED_NOMINAL|LIGAND_LOSS_NOT_MEASURED|OA_ASSUMED|OOD_ACID|OOD_HULL|OOD_LIGAND|OOD_LOADING|OOD_METAL|PHASE_BEHAVIOUR_UNKNOWN|SAPONIFICATION_RANGE_UNKNOWN,11,3.430657894561552,,8,4.54342226604656e-16,144
4,0,converged_newton,OUT_OF_DOMAIN,False,False,11.0,7.0,8.0,0.0,1.0,4.667258434278123,4.549001470629995,1.662542801771819,1.5001999002952082,37.52071247805575,0.0,3.9153251841020853,0.0,0.7132539265443042,0.45771939313923204,0.0,0.0,0.9074412589474785,0.9093867979603509,0.9091087536060845,0.23649120456148004,0.7760552154189585,0.23709210031299097,-0.11247763508533892,26,0.012470734581344052,0.00979238111643873,,3.267983295899848,0.9170839696719646,0.9170839696719646,0.5130263871537852,13.333807254106716,1361.6511750878344,0.0,0.0,0.5120453287252823,52.29017566173954,0.0,0.0,,,,,6.211544272401814,634.3241953659596,1361.6511750878344,False,COST_INCOMPLETE|EQUILIBRIUM_ACID_ASSUMED_NOMINAL|HIGH_LOADING|LIGAND_LOSS_NOT_MEASURED|OA_ASSUMED|OOD_ACID|OOD_HULL|OOD_LIGAND|OOD_LOADING|OOD_METAL|PHASE_BEHAVIOUR_UNKNOWN|SAPONIFICATION_RANGE_UNKNOWN,12,3.962714721150961,,6,4.669682072431722e-16,89
4,0,converged_newton,OUT_OF_DOMAIN,False,False,11.0,7.0,12.0,0.0,2.0,0.31152561674077733,1.3820008650478408,1.0560051414192053,0.7323240918154443,6.69607295951957,0.0,5.819394789379455,0.0,0.29380096122254973,0.21790974864632925,0.0,0.0,0.9494273219111187,0.9505384381532378,0.9503797765727152,0.008774698471605608,0.07547143391282173,0.5405518385292,-0.003593621079017872,30,0.01816979804961482,0.0009523098738270714,,6.257840911928128,0.9170839696719646,0.9170839696719646,0.6481880963670205,7.1573833459171565,7515.8134370208745,0.0,0.0,0.027761935867438515,29.152208362463924,0.0,0.0,,,,,2.438006006467046,2560.097373210435,7515.8134370208745,False,COST_INCOMPLETE|EQUILIBRIUM_ACID_ASSUMED_NOMINAL|HIGH_LOADING|LIGAND_LOSS_NOT_MEASURED|OA_ASSUMED|OOD_ACID|OOD_HULL|OOD_LIGAND|OOD_LOADING|OOD_METAL|PHASE_BEHAVIOUR_UNKNOWN|SAPONIFICATION_RANGE_UNKNOWN,12,3.2330192610221316,,10,7.557654134318367e-16,232
4,0,converged_newton,OUT_OF_DOMAIN,False,False,11.0,8.0,3.0,0.0,10.0,0.8363168771276352,0.44456352779908914,0.5810041494443882,0.7095696315716222,10.34716315157952,0.0,3.108331741590582,0.0,0.8394325242465847,0.13834448951490394,0.0,0.0,0.7591979368080273,0.7634471944791777,0.7628381244115716,0.16227080545602837,0.17611106062750317,0.22565773960703667,0.008608358193683803,22,0.015793450913518914,0.002222195779656929,,1.0509294462907461,0.9170839696719646,0.9170839696719646,0.5324997025346964,2.12140241834441,954.6424476928491,0.0,0.0,0.013799914060136823,6.210035221229385,0.0,0.0,,,,,1.0255676772434774,461.5109463495644,954.6424476928491,False,COST_INCOMPLETE|EQUILIBRIUM_ACID_ASSUMED_NOMINAL|HIGH_LOADING|LIGAND_LOSS_NOT_MEASURED|OA_ASSUMED|OOD_ACID|OOD_HULL|OOD_LIGAND|OOD_LOADING|OOD_METAL|PHASE_BEHAVIOUR_UNKNOWN|SAPONIFICATION_RANGE_UNKNOWN,12,3.7093238754833133,,13,5.502990778882096e-16,123
4,0,converged_newton,OUT_OF_DOMAIN,False,False,12.0,9.0,3.0,3.0,0.0,3.8625367381066154,3.7747169074403866,3.906550546689024,2.3413577184430885,5.632856213524657,0.0,3.429461529398546,0.0,0.7305693978596798,0.028883055003780484,0.0,0.0,0.7930384611108955,0.7968503503490629,0.7963043386807395,0.4726487338689092,0.6069285866731791,0.4736516647919532,0.024257206414116265,24,0.011784909008477623,0.007658315945930173,,1.2772718792223303,0.9170839696719646,0.9170839696719646,0.48817455896583195,22.235327378694045,2903.4225717091854,0.0,0.0,0.06378731275911674,8.329156593887324,0.0,0.0,,,,,7.681267454129411,1002.9969393220757,2903.4225717091854,False,COST_INCOMPLETE|EQUILIBRIUM_ACID_ASSUMED_NOMINAL|LIGAND_LOSS_NOT_MEASURED|OA_ASSUMED|OOD_ACID|OOD_HULL|OOD_LIGAND|OOD_LOADING|OOD_METAL|PHASE_BEHAVIOUR_UNKNOWN|SAPONIFICATION_RANGE_UNKNOWN,11,3.3767893676940153,,10,1.9755685582246572e-15,31
4,0,converged_newton,OUT_OF_DOMAIN,False,False,12.0,10.0,12.0,9.0,0.0,2.5703676320903805,3.7454696014187645,2.547595343806822,0.9145906080146451,23.917104970073787,0.0,4.426044118359488,0.0,0.8463963794580819,0.2587051831999298,0.0,0.0,0.8791928446747592,0.8816547143117743,0.881302681764556,0.28968761735939424,0.7308866846416479,0.369386452014711,-0.03476428827122943,34,0.021326327278539316,0.009222437819811007,,2.4258851288175483,0.9170839696719646,0.9170839696719646,0.4456780828260289,14.70134070747816,1594.0840149551077,0.0,0.0,0.268742368858059,29.14005755406289,0.0,0.0,,,,,6.293064945225586,682.3645838746949,1594.0840149551077,False,COST_INCOMPLETE|EQUILIBRIUM_ACID_ASSUMED_NOMINAL|LIGAND_LOSS_NOT_MEASURED|OA_ASSUMED|OOD_ACID|OOD_HULL|OOD_LIGAND|OOD_LOADING|OOD_METAL|PHASE_BEHAVIOUR_UNKNOWN|SAPONIFICATION_RANGE_UNKNOWN,11,3.251193221130559,,5,2.4922409854096826e-15,246
4,0,converged_newton,OUT_OF_DOMAIN,False,False,12.0,11.0,7.0,0.0,8.0,4.584649153523106,4.57294752266039,1.7109718014803978,0.5991510623647047,34.58433219167185,0.0,5.790546517715511,0.0,0.43476308398973884,0.464409388740753,0.0,0.0,0.9103151222685361,0.9122060984202163,0.9119358672693154,0.20102105004701323,0.7106198960436849,0.24166518411009352,-0.10485584401549336,30,0.011624988176536977,0.008966708441263621,,3.3833839300988147,0.9170839696719646,0.9170839696719646,0.6011330000942124,12.64734817331177,1410.4783551465023,0.0,0.0,0.4744570086563094,52.91317452376618,0.0,0.0,,,,,6.283919324140788,700.805581591458,1410.4783551465023,False,COST_INCOMPLETE|EQUILIBRIUM_ACID_ASSUMED_NOMINAL|HIGH_LOADING|LIGAND_LOSS_NOT_MEASURED|OA_ASSUMED|OOD_ACID|OOD_HULL|OOD_LIGAND|OOD_LOADING|OOD_METAL|PHASE_BEHAVIOUR_UNKNOWN|SAPONIFICATION_RANGE_UNKNOWN,12,3.8488262385652905,,12,5.107255263886939e-16,83
4,0,converged_newton,OUT_OF_DOMAIN,False,False,12.0,11.0,12.0,0.0,3.0,3.24554905435356,1.683358893271205,1.514285999511085,1.347136539189109,19.514473973014397,0.0,2.169412471796377,0.0,0.7863363269484773,0.07639857150656115,0.0,0.0,0.8116989180495565,0.8152471825150599,0.8147391208768342,0.3931844134282237,0.565441757189331,0.39328324322606506,0.009558268479216578,35,0.013066550860574365,0.007134828908478557,,1.4368813137660343,0.9170839696719646,0.9170839696719646,0.5351528100593821,5.55282520690057,778.2702680231001,0.0,0.0,0.09854958992994987,13.81246715150241,0.0,0.0,,,,,3.19764489278229,448.1740114303821,778.2702680231001,False,COST_INCOMPLETE|EQUILIBRIUM_ACID_ASSUMED_NOMINAL|HIGH_LOADING|LIGAND_LOSS_NOT_MEASURED|OA_ASSUMED|OOD_ACID|OOD_HULL|OOD_LIGAND|OOD_LOADING|OOD_METAL|PHASE_BEHAVIOUR_UNKNOWN|SAPONIFICATION_RANGE_UNKNOWN,12,3.896355433540537,,14,5.647573368172274e-16,221
4,0,converged_newton,OUT_OF_DOMAIN,False,False,12.0,12.0,5.0,0.0,0.0,0.35804927350431964,1.9519675056931312,3.2618491241463223,1.9716715285703148,9.27792706476714,0.0,4.129319457685968,0.0,0.8907518496271898,0.48799166934135135,0.0,0.0,0.9247278125731169,0.9263394916808825,0.9261092395316934,0.03824943639418702,0.23009456058066713,0.7944901028393728,-0.0008531201070662749,29,0.04819753402834886,0.0029033676795909447,,4.0950398112245034,0.9170839696719646,0.9170839696719646,0.4313088506235647,17.317855812042904,5964.747742346851,0.0,0.0,0.05433063645184901,18.71297143443563,0.0,0.0,,,,,5.213816629839453,1795.782417256235,5964.747742346851,False,COST_INCOMPLETE|EQUILIBRIUM_ACID_ASSUMED_NOMINAL|LIGAND_LOSS_NOT_MEASURED|OA_ASSUMED|OOD_ACID|OOD_HULL|OOD_LIGAND|OOD_LOADING|OOD_METAL|PHASE_BEHAVIOUR_UNKNOWN|SAPONIFICATION_RANGE_UNKNOWN,11,2.9559897793241774,,5,3.739166048624506e-16,59
5,0,converged_newton,OUT_OF_DOMAIN,False,False,1.0,11.0,9.0,0.0,0.0,2.922769542763086,3.821612789531258,4.1582865571844625,1.3134333088805519,8.019125499514692,0.0,4.287620984383027,0.0,0.3210226940949111,0.42289791589162995,0.0,0.0,0.846307805900702,0.8493249744032446,0.8488932554443899,0.20994573534775945,0.4060091984244187,0.4798265123003221,-0.00019530268797018566,21,0.010418436840916428,0.005123084967099078,,1.8355037718092488,0.9170839696719646,0.9170839696719646,0.4481273758073022,22.84859023307623,4459.928027704395,0.0,0.0,0.0919379777094049,17.945823327123996,0.0,0.0,,,,,7.979899346715721,1557.6355648917336,4459.928027704395,False,COST_INCOMPLETE|EQUILIBRIUM_ACID_ASSUMED_NOMINAL|LIGAND_LOSS_NOT_MEASURED|OA_ASSUMED|OOD_ACID|OOD_HULL|OOD_LIGAND|OOD_LOADING|OOD_METAL|PHASE_BEHAVIOUR_UNKNOWN|SAPONIFICATION_RANGE_UNKNOWN,11,2.868618455143735,,5,5.329409198952617e-16,240
5,0,converged_newton,OUT_OF_DOMAIN,False,False,2.0,12.0,6.0,1.0,0.0,3.98334966094966,0.8418984185442915,3.799394203522706,2.06686349137518,12.231469939421759,0.0,2.0415443578173176,0.0,0.10864405849832884,0.33674206018137964,0.0,0.0,0.7902511596714723,0.7941010574882662,0.7935495709176459,0.27855247168885977,0.3608296292582502,0.5992419340881053,0.01676456699589754,20,0.006793835464576546,0.004553002386424989,,1.255868937397872,0.9170839696719646,0.9170839696719646,0.6589426241714189,9.496720904061299,2085.815050828056,0.0,0.0,0.030892965595413702,6.785185460812116,0.0,0.0,,,,,4.641292622066998,1019.391651518842,2085.815050828056,False,COST_INCOMPLETE|EQUILIBRIUM_ACID_ASSUMED_NOMINAL|HIGH_LOADING|LIGAND_LOSS_NOT_MEASURED|OA_ASSUMED|OOD_ACID|OOD_HULL|OOD_LIGAND|OOD_LOADING|OOD_METAL|PHASE_BEHAVIOUR_UNKNOWN|SAPONIFICATION_RANGE_UNKNOWN,12,3.30335991337021,,10,7.369022154428287e-15,166
5,0,converged_newton,OUT_OF_DOMAIN,False,False,3.0,9.0,5.0,0.0,2.0,3.134768918813323,3.384890580032469,2.6170352271124,0.5627259414546087,5.724787023464046,0.0,5.764381635219546,0.0,0.14580499977746042,0.27189062031950134,0.0,0.0,0.8278613557672693,0.831168409616613,0.8306950381331195,0.09617071627373115,0.16791708929832716,0.2776880852346304,-0.006783995971041032,17,0.004017451373143624,0.0021188030203296866,,1.603090267648838,0.9170839696719646,0.9170839696719646,0.710043633820267,16.99035554025894,8018.846196290221,0.0,0.0,0.058133333005246784,27.436874710609587,0.0,0.0,,,,,6.001925807144869,2832.696456233561,8018.846196290221,False,COST_INCOMPLETE|EQUILIBRIUM_ACID_ASSUMED_NOMINAL|HIGH_LOADING|LIGAND_LOSS_NOT_MEASURED|OA_ASSUMED|OOD_ACID|OOD_HULL|OOD_LIGAND|OOD_LOADING|OOD_METAL|PHASE_BEHAVIOUR_UNKNOWN|SAPONIFICATION_RANGE_UNKNOWN,12,3.467357388434482,,11,3.0457749084590246e-15,90
5,0,converged_newton,OUT_OF_DOMAIN,False,False,3.0,12.0,9.0,0.0,2.0,1.845921405509656,1.6344774878792752,0.39553251628539443,1.5191671354351521,22.305213482284316,0.0,2.7941561595397046,0.0,0.39042873058480515,0.04333157471920242,0.0,0.0,0.8486880206078298,0.8516666523615151,0.851240467691617,0.05091893756425743,0.10137144221142287,0.10379075400339412,-0.028854511133278297,24,0.004118733410406267,0.0012791200635400655,,1.8696206870446608,0.9170839696719646,0.9170839696719646,0.6142501187789546,3.5882240998718755,2805.228533388166,0.0,0.0,0.10937210789740501,85.5057402467045,0.0,0.0,,,,,2.0300100041646694,1587.0363244451478,2805.228533388166,False,COST_INCOMPLETE|EQUILIBRIUM_ACID_ASSUMED_NOMINAL|HIGH_LOADING|LIGAND_LOSS_NOT_MEASURED|OA_ASSUMED|OOD_ACID|OOD_HULL|OOD_LIGAND|OOD_LOADING|OOD_METAL|PHASE_BEHAVIOUR_UNKNOWN|SAPONIFICATION_RANGE_UNKNOWN,12,3.617667669467386,,8,5.599743202465344e-16,34
5,0,converged_newton,OUT_OF_DOMAIN,False,False,4.0,7.0,8.0,0.0,2.0,4.863974853467637,4.126074781420976,0.6129808974988336,2.6715131650760613,21.50765134657051,0.0,2.4335082634645326,0.0,0.6250897745134234,0.3655545691923178,0.0,0.0,0.8708313595864731,0.8734390953040526,0.8730661428394657,0.07936738473945415,0.18220278809939489,0.08691081784002634,-0.07507696872122485,19,0.002809473634040764,0.002299062110656379,,2.247272394699288,0.9170839696719646,0.9170839696719646,0.5154968845511647,12.514557178063786,5443.331487243247,0.0,0.0,0.266226533486038,115.79788656080747,0.0,0.0,,,,,4.73905567891981,2061.299543389376,5443.331487243247,False,COST_INCOMPLETE|EQUILIBRIUM_ACID_ASSUMED_NOMINAL|HIGH_LOADING|LIGAND_LOSS_NOT_MEASURED|OA_ASSUMED|OOD_ACID|OOD_HULL|OOD_LIGAND|OOD_LOADING|OOD_METAL|PHASE_BEHAVIOUR_UNKNOWN|SAPONIFICATION_RANGE_UNKNOWN,12,3.985724702324382,,5,6.141611868246949e-16,53
5,0,converged_newton,OUT_OF_DOMAIN,False,False,4.0,10.0,4.0,0.0,2.0,1.6214259813352243,3.804795449925198,1.4485647861875885,2.6149201228017303,11.364655653995479,0.0,0.5137746499232115,0.0,0.9220432593916862,0.32321557419540325,0.0,0.0,0.8459444038601693,0.8489674332522044,0.8485348725490243,0.10827321630639888,0.21594893294829837,0.18676325717586847,-0.027044020151166293,18,0.009988843251287382,0.002724876028281571,,1.830387697811675,0.9170839696719646,0.9170839696719646,0.4893382018641637,10.693472051068483,3924.388463945006,0.0,0.0,0.1297205703668659,47.60604483304641,0.0,0.0,,,,,5.253360236112787,1927.9263282395243,3924.388463945006,False,COST_INCOMPLETE|EQUILIBRIUM_ACID_ASSUMED_NOMINAL|LIGAND_LOSS_NOT_MEASURED|OA_ASSUMED|OOD_ACID|OOD_HULL|OOD_LIGAND|OOD_LOADING|OOD_METAL|PHASE_BEHAVIOUR_UNKNOWN|SAPONIFICATION_RANGE_UNKNOWN,11,3.662116385697885,,4,3.8974271910615616e-16,236
5,0,converged_newton,OUT_OF_DOMAIN,False,False,4.0,10.0,6.0,0.0,3.0,3.6107343728136034,2.521739752232116,1.2790931428384926,2.2938241389305234,7.504935870703656,0.0,2.684677677014554,0.0,0.7981712435003003,0.21295876454389523,0.0,0.0,0.7908259925796803,0.7946680809181689,0.7941177193279052,0.232039431640553,0.2955259126455947,0.2515910967932803,0.0032389483253134448,20,0.006138486291127623,0.0037289902946490107,,1.260236237973511,0.9170839696719646,0.9170839696719646,0.440054128539619,9.218380323171594,2472.0848258574697,0.0,0.0,0.05677648536931883,15.225699420776552,0.0,0.0,,,,,3.8008328950706085,1019.2659660511023,2472.0848258574697,False,COST_INCOMPLETE|EQUILIBRIUM_ACID_ASSUMED_NOMINAL|LIGAND_LOSS_NOT_MEASURED|OA_ASSUMED|OOD_ACID|OOD_HULL|OOD_LIGAND|OOD_LOADING|OOD_METAL|PHASE_BEHAVIOUR_UNKNOWN|SAPONIFICATION_RANGE_UNKNOWN,11,3.8256945101004227,,4,4.184730091017399e-16,41
5,0,converged_newton,OUT_OF_DOMAIN,False,False,5.0,6.0,10.0,0.0,4.0,2.0468599064365787,2.7411149954863725,1.8995689326384473,0.30356319036010515,7.803081358783065,0.0,2.3839800034751724,0.0,0.42497809893071264,0.06613678918315967,0.0,0.0,0.811200798497038,0.8147563071857745,0.814247203232293,0.14681087439145613,0.2232343701501175,0.26797530388173957,-0.004646565562301631,21,0.008179640291262686,0.0028168047677097044,,1.432210856895161,0.9170839696719646,0.9170839696719646,0.6082352926502449,5.360635963806503,1903.0910573774497,0.0,0.0,0.06416742997068133,22.780219171119466,0.0,0.0,,,,,4.64068392812482,1647.499316006228,1903.0910573774497,False,COST_INCOMPLETE|EQUILIBRIUM_ACID_ASSUMED_NOMINAL|HIGH_LOADING|LIGAND_LOSS_NOT_MEASURED|OA_ASSUMED|OOD_ACID|OOD_HULL|OOD_LIGAND|OOD_LOADING|OOD_METAL|PHASE_BEHAVIOUR_UNKNOWN|SAPONIFICATION_RANGE_UNKNOWN,12,3.5938862393946636,,9,5.708073326724482e-13,124
5,0,converged_newton,OUT_OF_DOMAIN,False,False,5.0,10.0,6.0,3.0,0.0,1.0194709524205487,1.1955735797524236,2.6456199417128157,2.7279315248545033,1.392402270016536,0.0,3.375398120538261,0.0,0.9461914070214662,0.30463614130906974,0.0,0.0,0.7488873850143385,0.7532594537549576,0.75263265180123,0.34502251419137314,0.357326894100665,0.5543447813561388,0.025134797691130802,21,0.026287671064996295,0.004508804348796305,,0.9940923451908882,0.9170839696719646,0.9170839696719646,0.45432381510553876,12.191463437405767,2703.923810901324,0.0,0.0,0.00499415809925697,1.107645777663925,0.0,0.0,,,,,3.8411935214652395,851.9317371778851,2703.923810901324,False,COST_INCOMPLETE|EQUILIBRIUM_ACID_ASSUMED_NOMINAL|LIGAND_LOSS_NOT_MEASURED|OA_ASSUMED|OOD_ACID|OOD_HULL|OOD_LIGAND|OOD_LOADING|OOD_METAL|PHASE_BEHAVIOUR_UNKNOWN|SAPONIFICATION_RANGE_UNKNOWN,11,3.384362946865345,,5,5.565762509583119e-16,20
5,0,converged_newton,OUT_OF_DOMAIN,False,False,6.0,2.0,9.0,3.0,0.0,4.810264493738486,2.2700790065012257,0.9329849391769893,1.9824610419312283,5.086785101628504,0.0,2.017736284172473,0.0,0.3944788347663096,0.011889204819905371,0.0,0.0,0.7745197389021182,0.7785774789967687,0.7779960376115906,0.14935236209861533,0.17414620190830513,0.16103515339794924,0.0015135610733328121,17,0.0027152280628485862,0.00219740289760928,,1.1449926705053446,0.9170839696719646,0.9170839696719646,0.5557254979500276,6.382860756858486,2904.729380216473,0.0,0.0,0.03464221220937033,15.765070778353937,0.0,0.0,,,,,3.203063945678215,1457.658925071533,2904.729380216473,False,COST_INCOMPLETE|EQUILIBRIUM_ACID_ASSUMED_NOMINAL|HIGH_LOADING|LIGAND_LOSS_NOT_MEASURED|OA_ASSUMED|OOD_ACID|OOD_HULL|OOD_LIGAND|OOD_LOADING|OOD_METAL|PHASE_BEHAVIOUR_UNKNOWN|SAPONIFICATION_RANGE_UNKNOWN,12,3.626547520592574,,4,8.471199200642962e-16,44
5,0,converged_newton,OUT_OF_DOMAIN,False,False,6.0,11.0,11.0,0.0,1.0,3.9504383025653773,3.609511652312886,1.6895066597037642,2.84192549908011,31.997567881599576,0.0,4.695008908185274,0.0,0.4115386536720972,0.1703594685989727,0.0,0.0,0.889997002238182,0.8922656787179603,0.8919413412381177,0.2282944175743569,0.6400618429788253,0.26739164504206625,-0.06749095589089432,28,0.012151724580089793,0.008076396343983263,,2.696887116250025,0.9170839696719646,0.9170839696719646,0.5852907543772249,18.19021202168229,2252.2683690769577,0.0,0.0,0.34648678234291863,42.90116130829112,0.0,0.0,,,,,5.29901831201665,656.1117219023434,2252.2683690769577,False,COST_INCOMPLETE|EQUILIBRIUM_ACID_ASSUMED_NOMINAL|HIGH_LOADING|LIGAND_LOSS_NOT_MEASURED|OA_ASSUMED|OOD_ACID|OOD_HULL|OOD_LIGAND|OOD_LOADING|OOD_METAL|PHASE_BEHAVIOUR_UNKNOWN|SAPONIFICATION_RANGE_UNKNOWN,12,3.751260891019198,,9,4.128668269869987e-16,134
5,0,converged_newton,OUT_OF_DOMAIN,False,False,7.0,5.0,10.0,0.0,0.0,0.5583525319995611,0.32538376183340423,3.9681342112480085,1.1926501187437475,27.12822505933003,0.0,5.161992496626986,0.0,0.5774868416898576,0.12737259600446568,0.0,0.0,0.7821094419899987,0.7860683240803052,0.7855011339386493,0.3372274075617234,0.44250555472623976,0.8945039049596676,0.024360832682799947,22,0.05943900081480076,0.005583601465368901,,1.1964866661089246,0.9170839696719646,0.9170839696719646,0.566797815310416,20.871548006258962,3738.008189823413,0.0,0.0,0.026481251765004092,4.7426830029414555,0.0,0.0,,,,,4.293517973081412,768.951365836377,3738.008189823413,False,COST_INCOMPLETE|EQUILIBRIUM_ACID_ASSUMED_NOMINAL|HIGH_LOADING|LIGAND_LOSS_NOT_MEASURED|OA_ASSUMED|OOD_ACID|OOD_HULL|OOD_LIGAND|OOD_LOADING|OOD_METAL|PHASE_BEHAVIOUR_UNKNOWN|SAPONIFICATION_RANGE_UNKNOWN,12,3.5396030503568414,,8,5.767523748470486e-16,116
5,0,converged_newton,OUT_OF_DOMAIN,False,False,8.0,6.0,1.0,0.0,7.0,2.6081665741112072,4.403429046278185,0.344601021678392,2.0053575200993246,2.147415205134829,0.0,3.8329552499897077,0.0,0.0759321041350557,0.43634129739797234,0.0,0.0,0.8353386532558824,0.8385300747580197,0.8380733227925765,0.0043273545878777945,0.008322730081077794,0.03168924105282953,-0.0088317857326293,15,0.00023932702852521857,0.00010501745657255175,,1.6910235659900446,0.9170839696719646,0.9170839696719646,0.7633981775377298,10.151289847371764,96662.88042653844,0.0,0.0,0.028367971466129557,270.1262475018277,0.0,0.0,,,,,4.748030067956577,45211.81737701275,96662.88042653844,False,COST_INCOMPLETE|EQUILIBRIUM_ACID_ASSUMED_NOMINAL|HIGH_LOADING|LIGAND_LOSS_NOT_MEASURED|OA_ASSUMED|OOD_ACID|OOD_HULL|OOD_LIGAND|OOD_LOADING|OOD_METAL|PHASE_BEHAVIOUR_UNKNOWN|SAPONIFICATION_RANGE_UNKNOWN,12,3.3321361214529914,,10,1.8276574797836366e-15,245
5,0,converged_newton,OUT_OF_DOMAIN,False,False,9.0,10.0,12.0,7.0,0.0,0.7318178187172433,1.1718474224612647,2.1263169743203245,2.4772688808794205,29.918703885192794,0.0,5.652179015576241,0.0,0.5667000891072261,0.11206680569390445,0.0,0.0,0.8923327795681014,0.8945589906803276,0.894240738952856,0.1467355932348053,0.4704061288260673,0.6923896786914165,0.00022030363071004477,31,0.04820934768136134,0.00593565509444664,,2.7626259753234015,0.9170839696719646,0.9170839696719646,0.5286052141480002,14.921305335518953,2513.8430549105233,0.0,0.0,0.10518046809373516,17.72011116214305,0.0,0.0,,,,,3.2981643967815892,555.6529724692613,2513.8430549105233,False,COST_INCOMPLETE|EQUILIBRIUM_ACID_ASSUMED_NOMINAL|HIGH_LOADING|LIGAND_LOSS_NOT_MEASURED|OA_ASSUMED|OOD_ACID|OOD_HULL|OOD_LIGAND|OOD_LOADING|OOD_METAL|PHASE_BEHAVIOUR_UNKNOWN|SAPONIFICATION_RANGE_UNKNOWN,12,3.150834526786923,,15,1.5519423948078387e-15,146
5,0,converged_newton,OUT_OF_DOMAIN,False,False,10.0,2.0,5.0,0.0,8.0,1.100906392809918,1.547356962365113,1.2527944444767896,2.5994006761388073,10.196096631741945,0.0,2.4219030696862145,0.0,0.34345938655342895,0.2561928246189281,0.0,0.0,0.8058576819903245,0.8094901822711552,0.8089699988083822,0.12951792892561265,0.19033985167196235,0.2891325273778054,-0.0015015122366762012,17,0.012967032409504751,0.0024017367993745715,,1.3836201714492813,0.9170839696719646,0.9170839696719646,0.6324798071516363,7.056347444964139,2938.018623356922,0.0,0.0,0.04733100333622021,19.70699010338915,0.0,0.0,,,,,2.800151406841903,1165.8860402901273,2938.018623356922,False,COST_INCOMPLETE|EQUILIBRIUM_ACID_ASSUMED_NOMINAL|HIGH_LOADING|LIGAND_LOSS_NOT_MEASURED|OA_ASSUMED|OOD_ACID|OOD_HULL|OOD_LIGAND|OOD_LOADING|OOD_METAL|PHASE_BEHAVIOUR_UNKNOWN|SAPONIFICATION_RANGE_UNKNOWN,12,3.409486988469697,,8,8.081181269830057e-16,103
5,0,converged_newton,OUT_OF_DOMAIN,False,False,10.0,5.0,9.0,3.0,0.0,1.7171119795254242,3.9352460316711624,0.21342401710935696,0.13507329370364007,11.919233034752942,0.0,0.5449011836663089,0.0,0.9134549602511174,0.13127862174463986,0.0,0.0,0.8376848417431884,0.8408394542528003,0.8403879913998964,0.01778935096338342,0.033377781533216105,0.024925475722335357,-0.044401780885584136,24,0.0014578744105454785,0.0004211658540533507,,1.7202846830810068,0.9170839696719646,0.9170839696719646,0.4248982368019826,0.6478416425777103,1538.2102711860532,0.0,0.0,0.14071534350172604,334.109097752025,0.0,0.0,,,,,4.148670048780519,9850.44254859035,1538.2102711860532,False,COST_INCOMPLETE|EQUILIBRIUM_ACID_ASSUMED_NOMINAL|LIGAND_LOSS_NOT_MEASURED|OA_ASSUMED|OOD_ACID|OOD_HULL|OOD_LIGAND|OOD_LOADING|OOD_METAL|PHASE_BEHAVIOUR_UNKNOWN|SAPONIFICATION_RANGE_UNKNOWN,11,3.976005602628953,,7,5.47184594256519e-16,101
5,0,converged_newton,OUT_OF_DOMAIN,False,False,10.0,7.0,9.0,0.0,3.0,3.60680389651524,3.263159598717916,2.9466523993573923,2.8963457829119994,0.6976212201212553,0.0,1.2397092580923204,0.0,0.4656155912264666,0.3019107502850501,0.0,0.0,0.7499694187970852,0.754328828596524,0.7537038549607322,0.29491682227056953,0.3041006478834365,0.30257071683757486,0.020531099210549755,26,0.00632347897075678,0.0038371875900903834,,0.9998369201998268,0.9170839696719646,0.9170839696719646,0.5888643356288839,13.104230802578757,3415.0612903108267,0.0,0.0,0.006829348142124291,1.7797795864245014,0.0,0.0,,,,,6.209811998075308,1618.323798949073,3415.0612903108267,False,COST_INCOMPLETE|EQUILIBRIUM_ACID_ASSUMED_NOMINAL|HIGH_LOADING|LIGAND_LOSS_NOT_MEASURED|OA_ASSUMED|OOD_ACID|OOD_HULL|OOD_LIGAND|OOD_LOADING|OOD_METAL|PHASE_BEHAVIOUR_UNKNOWN|SAPONIFICATION_RANGE_UNKNOWN,12,3.7780059880337546,,7,3.8106408296338374e-14,98
5,0,converged_newton,OUT_OF_DOMAIN,False,False,10.0,9.0,3.0,4.0,0.0,0.6706299557374226,1.8659723112999376,4.250461948001327,0.4410626369470344,13.634904447838151,0.0,4.556406147160284,0.0,0.7537674317582482,0.4557417860723144,0.0,0.0,0.8641130724151412,0.8668357005538977,0.8664462644547488,0.143052351560902,0.36894859802009,0.6659060861001377,0.002228790684620393,22,0.04126142086969504,0.004655448752107199,,2.1196865358897248,0.9170839696719646,0.9170839696719646,0.4702974679401669,20.189841616236222,4336.819647536166,0.0,0.0,0.0763270625006591,16.39521055110125,0.0,0.0,,,,,6.116434259301265,1313.8227021686748,4336.819647536166,False,COST_INCOMPLETE|EQUILIBRIUM_ACID_ASSUMED_NOMINAL|LIGAND_LOSS_NOT_MEASURED|OA_ASSUMED|OOD_ACID|OOD_HULL|OOD_LIGAND|OOD_LOADING|OOD_METAL|PHASE_BEHAVIOUR_UNKNOWN|SAPONIFICATION_RANGE_UNKNOWN,11,3.06947479666772,,6,3.4141790460197236e-13,21
5,0,converged_newton,OUT_OF_DOMAIN,False,False,10.0,10.0,7.0,5.0,0.0,2.474966110730853,4.140821812026216,3.6836168466631882,2.3636399796713143,23.741826425876237,0.0,4.944600910937654,0.0,0.5705597205407804,0.11722933492699072,0.0,0.0,0.8920325523938379,0.8942642356598092,0.8939451997492944,0.305177327806101,0.9166822608528113,0.46650957326246245,-0.02955950315764788,27,0.027778630691496116,0.011566834269779901,,2.754016981265647,0.9170839696719646,0.9170839696719646,0.4852639148310061,28.001427199156268,2420.837590135982,0.0,0.0,0.29493201816482656,25.498075902702343,0.0,0.0,,,,,7.824438658689404,676.4546353994135,2420.837590135982,False,COST_INCOMPLETE|EQUILIBRIUM_ACID_ASSUMED_NOMINAL|LIGAND_LOSS_NOT_MEASURED|OA_ASSUMED|OOD_ACID|OOD_HULL|OOD_LIGAND|OOD_LOADING|OOD_METAL|PHASE_BEHAVIOUR_UNKNOWN|SAPONIFICATION_RANGE_UNKNOWN,11,3.1138721996748386,,7,7.783395740399477e-16,80
5,0,converged_newton,OUT_OF_DOMAIN,False,False,11.0,6.0,5.0,0.0,4.0,1.9166041764495465,3.3161850180509402,4.353177830892288,0.9987604134820921,0.6325284768711578,0.0,1.791355218258767,0.0,0.7338072371752715,0.39966650405411414,0.0,0.0,0.7452439218717719,0.7496582206248076,0.7490253184373213,0.35922888202399705,0.37085483456626417,0.41569133686823734,0.025716531133979096,22,0.014512184067132028,0.004679501930782305,,0.9751078068445059,0.9170839696719646,0.9170839696719646,0.5418136926909878,11.110162143188957,2374.2189462739666,0.0,0.0,0.006292744375472127,1.3447466137534265,0.0,0.0,,,,,7.669362848943228,1638.9271684008231,2374.2189462739666,False,COST_INCOMPLETE|EQUILIBRIUM_ACID_ASSUMED_NOMINAL|HIGH_LOADING|LIGAND_LOSS_NOT_MEASURED|OA_ASSUMED|OOD_ACID|OOD_HULL|OOD_LIGAND|OOD_LOADING|OOD_METAL|PHASE_BEHAVIOUR_UNKNOWN|SAPONIFICATION_RANGE_UNKNOWN,12,3.6971146243962747,,7,3.598700144154644e-16,235
5,0,converged_newton,OUT_OF_DOMAIN,False,False,11.0,7.0,11.0,0.0,1.0,3.5744560862018417,3.031543913920237,1.5853480592864841,1.178899817416923,26.32274265337478,0.0,5.196056674902126,0.0,0.5912709135544449,0.41134558025701246,0.0,0.0,0.8599896567159288,0.8627817822917578,0.8623823727746363,0.25359789928762216,0.5251933694165122,0.2552635378213814,-0.04040904758228853,29,0.011019719296116197,0.006626968714302964,,2.0474431544224556,0.9170839696719646,0.9170839696719646,0.5453455078454276,11.81144493211062,1782.329967337558,0.0,0.0,0.2393956508655806,36.12445767985803,0.0,0.0,,,,,4.616891973206721,696.6823252450399,1782.329967337558,False,COST_INCOMPLETE|EQUILIBRIUM_ACID_ASSUMED_NOMINAL|HIGH_LOADING|LIGAND_LOSS_NOT_MEASURED|OA_ASSUMED|OOD_ACID|OOD_HULL|OOD_LIGAND|OOD_LOADING|OOD_METAL|PHASE_BEHAVIOUR_UNKNOWN|SAPONIFICATION_RANGE_UNKNOWN,12,3.8205264216960586,,7,8.395644002080426e-14,185
5,0,converged_newton,OUT_OF_DOMAIN,False,False,12.0,4.0,1.0,0.0,1.0,3.0154351053116764,1.7557909500368702,1.9255345877033587,2.5838287661167203,20.871250885380245,0.0,5.680595669701729,0.0,0.2771877794552179,0.49643839223075226,0.0,0.0,0.8165707223098748,0.8200475370039231,0.8195497542069674,0.1657768161514304,0.2587516993077157,0.19028546674425753,-0.017239175972420976,17,0.006435680679678506,0.0032649677546196525,,1.4838974682644763,0.9170839696719646,0.9170839696719646,0.6422210856621536,15.474846604761275,4739.662920978524,0.0,0.0,0.10993666026149902,33.67159142872023,0.0,0.0,,,,,3.681325537740229,1127.5227856481786,4739.662920978524,False,COST_INCOMPLETE|EQUILIBRIUM_ACID_ASSUMED_NOMINAL|HIGH_LOADING|LIGAND_LOSS_NOT_MEASURED|OA_ASSUMED|OOD_ACID|OOD_HULL|OOD_LIGAND|OOD_LOADING|OOD_METAL|PHASE_BEHAVIOUR_UNKNOWN|SAPONIFICATION_RANGE_UNKNOWN,12,3.582782973695494,,9,8.010620286415064e-16,218
5,0,converged_newton,OUT_OF_DOMAIN,False,False,12.0,9.0,7.0,2.0,0.0,3.2628252721908755,1.0184535779233046,0.734515018949955,0.788352769583607,8.184601744841899,0.0,5.238854815164467,0.0,0.49000127004707955,0.26092998714055343,0.0,0.0,0.7667243022420073,0.7708808292099937,0.7702851400287176,0.1951871414048119,0.21692194384415608,0.19555916320033923,0.007933508857400151,28,0.004986214225742935,0.002737153625717138,,1.0955910532915585,0.9170839696719646,0.9170839696719646,0.5835863576904812,4.650918242684763,1699.1805644325923,0.0,0.0,0.025006910792734625,9.136100567312067,0.0,0.0,,,,,1.7529685968732596,640.4348591920848,1699.1805644325923,False,COST_INCOMPLETE|EQUILIBRIUM_ACID_ASSUMED_NOMINAL|HIGH_LOADING|LIGAND_LOSS_NOT_MEASURED|OA_ASSUMED|OOD_ACID|OOD_HULL|OOD_LIGAND|OOD_LOADING|OOD_METAL|PHASE_BEHAVIOUR_UNKNOWN|SAPONIFICATION_RANGE_UNKNOWN,12,3.735178349005964,,10,6.943853433754451e-13,285
5,0,converged_newton,OUT_OF_DOMAIN,False,False,12.0,9.0,10.0,1.0,0.0,1.9464222813218888,2.653839774788747,1.7466662916229312,1.8481422688441722,31.430959992851932,0.0,5.572717945598063,0.0,0.4814578806841199,0.1888225789775543,0.0,0.0,0.8891591348736229,0.891442983618033,0.8911164716279754,0.1966591775470791,0.598600936702538,0.361403244926434,-0.03851766153613394,31,0.02306543173262506,0.007553236409453129,,2.6739810985170256,0.9170839696719646,0.9170839696719646,0.5308755327140605,14.638352050825311,1938.0238161889017,0.0,0.0,0.250238195366473,33.12993024464209,0.0,0.0,,,,,4.400506066411678,582.5987467973724,1938.0238161889017,False,COST_INCOMPLETE|EQUILIBRIUM_ACID_ASSUMED_NOMINAL|HIGH_LOADING|LIGAND_LOSS_NOT_MEASURED|OA_ASSUMED|OOD_ACID|OOD_HULL|OOD_LIGAND|OOD_LOADING|OOD_METAL|PHASE_BEHAVIOUR_UNKNOWN|SAPONIFICATION_RANGE_UNKNOWN,12,3.1900204593871466,,11,5.764902129380471e-16,176
5,0,converged_newton,OUT_OF_DOMAIN,False,False,12.0,10.0,4.0,0.0,2.0,1.3388529839041245,3.370925435254576,2.8911052398487054,2.752420240207024,8.86460976382755,0.0,1.9214785996951578,0.0,0.5380965468666729,0.460580573851069,0.0,0.0,0.8458200616590468,0.8488450950379252,0.8484122465174719,0.13068083884500628,0.277805541444026,0.3692649553222188,-0.0090465229181904,26,0.015562138531106995,0.0035053919927719368,,1.8286427118003774,0.9170839696719646,0.9170839696719646,0.577225831626553,14.83340024405919,4231.595289384305,0.0,0.0,0.08964581557947716,25.573692118977114,0.0,0.0,,,,,6.262030675103281,1786.399549042016,4231.595289384305,False,COST_INCOMPLETE|EQUILIBRIUM_ACID_ASSUMED_NOMINAL|HIGH_LOADING|LIGAND_LOSS_NOT_MEASURED|OA_ASSUMED|OOD_ACID|OOD_HULL|OOD_LIGAND|OOD_LOADING|OOD_METAL|PHASE_BEHAVIOUR_UNKNOWN|SAPONIFICATION_RANGE_UNKNOWN,12,3.5214093311849215,,9,6.18972393201536e-16,181
6,0,converged_newton,OUT_OF_DOMAIN,False,False,7.0,7.0,8.0,4.0,0.0,4.975722671610228,2.9936750300142116,0.24268809703058325,2.66615577561911,17.684089486675727,0.0,0.9945990920889887,0.0,0.3805249109991039,0.18292062257772376,0.0,0.0,0.8414548848019985,0.8445498231428988,0.8441069335735907,0.030406988263785604,0.055498154775187665,0.035546329072531704,-0.04877805551665888,22,0.000836534084161902,0.0007002840416765341,,1.7691176498902434,0.9170839696719646,0.9170839696719646,0.5577363005290482,8.222981332566526,11742.351450534377,0.0,0.0,0.15882125137439393,226.7954742966348,0.0,0.0,,,,,3.236363127044795,4621.500611804164,11742.351450534377,False,COST_INCOMPLETE|EQUILIBRIUM_ACID_ASSUMED_NOMINAL|HIGH_LOADING|LIGAND_LOSS_NOT_MEASURED|OA_ASSUMED|OOD_ACID|OOD_HULL|OOD_LIGAND|OOD_LOADING|OOD_METAL|PHASE_BEHAVIOUR_UNKNOWN|SAPONIFICATION_RANGE_UNKNOWN,12,4.211475712819734,,6,6.821202335946546e-16,199
6,0,converged_newton,OUT_OF_DOMAIN,False,False,7.0,12.0,5.0,0.0,5.0,4.562302549388322,2.012010199349909,0.541843061192635,2.108084360384992,5.480707327681741,0.0,2.230064984321011,0.0,0.6423916176606685,0.4152789444952901,0.0,0.0,0.7737546461568624,0.7778222052075374,0.7772393479685427,0.12739692665773802,0.14656220901848865,0.13034959806878837,-3.507336656080086e-05,24,0.002409346060984139,0.0018493439377266423,,1.1399934230890016,0.9170839696719646,0.9170839696719646,0.5230673071763863,5.449832471947635,2946.900444406785,0.0,0.0,0.033081717128842024,17.888352974249155,0.0,0.0,,,,,2.553853260542544,1380.9509461403593,2946.900444406785,False,COST_INCOMPLETE|EQUILIBRIUM_ACID_ASSUMED_NOMINAL|HIGH_LOADING|LIGAND_LOSS_NOT_MEASURED|OA_ASSUMED|OOD_ACID|OOD_HULL|OOD_LIGAND|OOD_LOADING|OOD_METAL|PHASE_BEHAVIOUR_UNKNOWN|SAPONIFICATION_RANGE_UNKNOWN,12,4.023088231207447,,4,8.881554439215099e-13,280
6,0,converged_newton,OUT_OF_DOMAIN,False,False,8.0,1.0,12.0,2.0,0.0,1.1983727173113308,2.186361216297084,0.49883924848776606,2.5707948175185016,9.760811010501126,0.0,3.4017299567315304,0.0,0.27104751640768215,0.16480841157031076,0.0,0.0,0.8557205203327082,0.8585837824567291,0.8581741622091275,0.02871272988589509,0.06259882001910021,0.11908989332056671,-0.016645747131532693,21,0.003917738975204659,0.0007898813008240093,,1.9769975196888643,0.9170839696719646,0.9170839696719646,0.569067863105164,7.317602499254269,9264.179936429053,0.0,0.0,0.06402197589889558,81.05265415462732,0.0,0.0,,,,,2.68520046478485,3399.498712000944,9264.179936429053,False,COST_INCOMPLETE|EQUILIBRIUM_ACID_ASSUMED_NOMINAL|HIGH_LOADING|LIGAND_LOSS_NOT_MEASURED|OA_ASSUMED|OOD_ACID|OOD_HULL|OOD_LIGAND|OOD_LOADING|OOD_METAL|PHASE_BEHAVIOUR_UNKNOWN|SAPONIFICATION_RANGE_UNKNOWN,12,3.13867477459286,,7,7.415890810305451e-13,155
6,0,converged_newton,OUT_OF_DOMAIN,False,False,8.0,6.0,10.0,0.0,2.0,3.6935792941537864,3.5386245779208045,3.7437052103239155,2.700274930232366,7.422489976146898,0.0,5.4851913042154,0.0,0.17873852569927895,0.018354314433873815,0.0,0.0,0.8158235353372388,0.8193113787478589,0.8188120095255719,0.20711955269701957,0.3291001891641043,0.3483116888990948,-0.0015828912716564052,24,0.006682546175839628,0.004152635551901041,,1.4765251300902529,0.9170839696719646,0.9170839696719646,0.6912894821883024,30.09019850047826,7246.048473168617,0.0,0.0,0.07879621637689325,18.9749895920486,0.0,0.0,,,,,7.28232978824472,1753.6645576592753,7246.048473168617,False,COST_INCOMPLETE|EQUILIBRIUM_ACID_ASSUMED_NOMINAL|HIGH_LOADING|LIGAND_LOSS_NOT_MEASURED|OA_ASSUMED|OOD_ACID|OOD_HULL|OOD_LIGAND|OOD_LOADING|OOD_METAL|PHASE_BEHAVIOUR_UNKNOWN|SAPONIFICATION_RANGE_UNKNOWN,12,3.5495958214600285,,9,7.764295779838381e-16,60
6,0,converged_newton,OUT_OF_DOMAIN,False,False,8.0,9.0,4.0,0.0,4.0,3.339795014137685,3.7132873739333174,2.411635912650423,1.1361233796849806,3.112893538211808,0.0,5.131601381707122,0.0,0.36878412799476284,0.49875328433160604,0.0,0.0,0.7713891733494055,0.7754869202570993,0.7748997096261492,0.1571945995907057,0.1872618192539953,0.19508851593517543,0.0024855681722091277,21,0.004205239059462423,0.0023628977246198004,,1.1247486753669593,0.9170839696719646,0.9170839696719646,0.6220882852955492,16.594306782546113,7022.862906694872,0.0,0.0,0.03467720481552141,14.675711290509245,0.0,0.0,,,,,6.124923286583741,2592.1237397480945,7022.862906694872,False,COST_INCOMPLETE|EQUILIBRIUM_ACID_ASSUMED_NOMINAL|HIGH_LOADING|LIGAND_LOSS_NOT_MEASURED|OA_ASSUMED|OOD_ACID|OOD_HULL|OOD_LIGAND|OOD_LOADING|OOD_METAL|PHASE_BEHAVIOUR_UNKNOWN|SAPONIFICATION_RANGE_UNKNOWN,12,3.7022280952782696,,8,5.238392495589473e-16,206
6,0,converged_newton,OUT_OF_DOMAIN,False,False,8.0,12.0,11.0,1.0,0.0,4.000910398152956,4.6946439888736275,1.2038372396706516,2.13440745812481,21.92794990652812,0.0,4.365377877508914,0.0,0.9526878956996482,0.27575246364147626,0.0,0.0,0.8760505090996876,0.8785675703038052,0.8782076232265856,0.15057286067493955,0.3596786006967354,0.15234441017268519,-0.07596802316474911,31,0.006742439187018219,0.004538478535381511,,2.3559341328914387,0.9170839696719646,0.9170839696719646,0.4536896589007071,15.275487597272338,3365.77279768676,0.0,0.0,0.3088317546510119,68.04741991030505,0.0,0.0,,,,,5.898481228544279,1299.66048810418,3365.77279768676,False,COST_INCOMPLETE|EQUILIBRIUM_ACID_ASSUMED_NOMINAL|LIGAND_LOSS_NOT_MEASURED|OA_ASSUMED|OOD_ACID|OOD_HULL|OOD_LIGAND|OOD_LOADING|OOD_METAL|PHASE_BEHAVIOUR_UNKNOWN|SAPONIFICATION_RANGE_UNKNOWN,11,3.736888211301834,,7,5.302159147878889e-16,244
6,0,converged_newton,OUT_OF_DOMAIN,False,False,9.0,11.0,7.0,4.0,0.0,2.1126435275841944,1.109474584494577,4.672860766633469,0.20959428978888175,10.618731535125397,0.0,3.17414952278907,0.0,0.08889321238678513,0.3332834862378517,0.0,0.0,0.827072366582483,0.8303914727076488,0.8299163686083865,0.13280084379772453,0.23401961137409205,0.6443655440486139,0.005770258095264191,27,0.008307824118878678,0.002952894559259999,,1.5942552581818945,0.9170839696719646,0.9170839696719646,0.7086764379492383,15.064898310045349,5101.739329907073,0.0,0.0,0.03534363827337814,11.96915012171492,0.0,0.0,,,,,5.7823353511280455,1958.1922872915277,5101.739329907073,False,COST_INCOMPLETE|EQUILIBRIUM_ACID_ASSUMED_NOMINAL|HIGH_LOADING|LIGAND_LOSS_NOT_MEASURED|OA_ASSUMED|OOD_ACID|OOD_HULL|OOD_LIGAND|OOD_LOADING|OOD_METAL|PHASE_BEHAVIOUR_UNKNOWN|SAPONIFICATION_RANGE_UNKNOWN,12,3.0538856551958933,,11,6.244700775321527e-16,154
6,0,converged_newton,OUT_OF_DOMAIN,False,False,10.0,4.0,6.0,1.0,0.0,2.964838415841697,1.3980210370774953,1.5050478205782525,0.8770484383882448,4.257423409159965,0.0,5.9584746233022425,0.0,0.34572132480600665,0.07853449555358197,0.0,0.0,0.7593839877255267,0.7636309844554986,0.7630222407164903,0.22808629040491174,0.24709687825470955,0.23955004646610642,0.012580298379351396,20,0.006250683264923237,0.003117905474349663,,1.0519997963384216,0.9170839696719646,0.9170839696719646,0.5931641719525769,10.193921413174596,3269.477377373302,0.0,0.0,0.017855902469255384,5.726890252495481,0.0,0.0,,,,,2.9030688576557475,931.0958531420115,3269.477377373302,False,COST_INCOMPLETE|EQUILIBRIUM_ACID_ASSUMED_NOMINAL|HIGH_LOADING|LIGAND_LOSS_NOT_MEASURED|OA_ASSUMED|OOD_ACID|OOD_HULL|OOD_LIGAND|OOD_LOADING|OOD_METAL|PHASE_BEHAVIOUR_UNKNOWN|SAPONIFICATION_RANGE_UNKNOWN,12,3.416018823609597,,10,7.496293624838452e-13,270
6,0,converged_newton,OUT_OF_DOMAIN,False,False,10.0,7.0,9.0,2.0,0.0,4.370288570179855,4.354843837397363,0.38621071165974674,2.4299036662895737,9.053892650267983,0.0,3.5649960204632976,0.0,0.515994358754734,0.0255376344069233,0.0,0.0,0.817085977250907,0.8205551717425825,0.820058485035858,0.03774935264971474,0.05806645900352993,0.03864694690435918,-0.03507330418721206,26,0.0009964981385852786,0.0007326912896753911,,1.4890164697245427,0.9170839696719646,0.9170839696719646,0.5057234829345664,11.958690656737703,16321.5952274195,0.0,0.0,0.11828486583743032,161.43888634166078,0.0,0.0,,,,,4.741054549057109,6470.73960870692,16321.5952274195,False,COST_INCOMPLETE|EQUILIBRIUM_ACID_ASSUMED_NOMINAL|HIGH_LOADING|LIGAND_LOSS_NOT_MEASURED|OA_ASSUMED|OOD_ACID|OOD_HULL|OOD_LIGAND|OOD_LOADING|OOD_METAL|PHASE_BEHAVIOUR_UNKNOWN|SAPONIFICATION_RANGE_UNKNOWN,12,3.9818320130032707,,9,6.454855595540777e-16,228
6,0,converged_newton,OUT_OF_DOMAIN,False,False,11.0,8.0,10.0,1.0,0.0,2.6482050337989738,4.709642611531505,2.1578709742382682,2.48178004909184,4.374980765587609,0.0,4.3364479151706,0.0,0.985299648123627,0.4467251937841159,0.0,0.0,0.7872816219129031,0.7911716216702336,0.7906143576843863,0.20669273868028235,0.2648172301492901,0.21157109289591894,-0.0007433035770453775,29,0.0074999072986070125,0.003341503532608264,,1.233683754380879,0.9170839696719646,0.9170839696719646,0.4243272819135156,21.045792159094372,6298.3001375631475,0.0,0.0,0.06181378751472605,18.4987946029422,0.0,0.0,,,,,6.867513585769773,2055.216616936875,6298.3001375631475,False,COST_INCOMPLETE|EQUILIBRIUM_ACID_ASSUMED_NOMINAL|LIGAND_LOSS_NOT_MEASURED|OA_ASSUMED|OOD_ACID|OOD_HULL|OOD_LIGAND|OOD_LOADING|OOD_METAL|PHASE_BEHAVIOUR_UNKNOWN|SAPONIFICATION_RANGE_UNKNOWN,11,3.214954349737472,,9,3.695643852170111e-16,131
6,0,converged_newton,OUT_OF_DOMAIN,False,False,12.0,3.0,6.0,3.0,0.0,3.644276213953072,4.75914217652506,0.691215657448371,2.762483719076801,7.104317714891445,0.0,0.9058463171899109,0.0,0.5468822997400732,0.42638869600824286,0.0,0.0,0.8089579530720884,0.812545939130758,0.8120321619069666,0.05987808302927499,0.0879215181501415,0.062207309630730206,-0.0272163442111134,21,0.0018094440361060746,0.0011094069042462077,,1.4114832591056825,0.9170839696719646,0.9170839696719646,0.480555991269387,13.773187937105819,12414.910962235343,0.0,0.0,0.10143137421712185,91.42846851673411,0.0,0.0,,,,,5.450357833973431,4912.857323234981,12414.910962235343,False,COST_INCOMPLETE|EQUILIBRIUM_ACID_ASSUMED_NOMINAL|LIGAND_LOSS_NOT_MEASURED|OA_ASSUMED|OOD_ACID|OOD_HULL|OOD_LIGAND|OOD_LOADING|OOD_METAL|PHASE_BEHAVIOUR_UNKNOWN|SAPONIFICATION_RANGE_UNKNOWN,11,3.644976234524329,,9,6.307754799782092e-15,129
7,0,converged_newton,OUT_OF_DOMAIN,False,False,4.0,8.0,12.0,0.0,3.0,4.799732402244434,1.1457214129948154,0.27529407183826815,1.997960480533258,2.4851191285354357,0.0,4.099755217236298,0.0,0.058219771729141646,0.4329943715774262,0.0,0.0,0.7584095959223305,0.7626684160878417,0.7620579657916177,0.01345218964330231,0.014734064124668452,0.03376607052595317,-0.0017421993900559299,24,0.00023023258730703238,0.0001859166312346852,,1.046412416941455,0.9170839696719646,0.9170839696719646,0.7817064165624571,3.4177444121575293,18383.2096647839,0.0,0.0,0.008541762598218079,45.944047832039786,0.0,0.0,,,,,1.4210154848330836,7643.294068938435,18383.2096647839,False,COST_INCOMPLETE|EQUILIBRIUM_ACID_ASSUMED_NOMINAL|HIGH_LOADING|LIGAND_LOSS_NOT_MEASURED|OA_ASSUMED|OOD_ACID|OOD_HULL|OOD_LIGAND|OOD_LOADING|OOD_METAL|PHASE_BEHAVIOUR_UNKNOWN|SAPONIFICATION_RANGE_UNKNOWN,12,3.395978867432667,,10,1.5493983928769331e-15,8
7,0,converged_newton,OUT_OF_DOMAIN,False,False,7.0,7.0,11.0,0.0,4.0,4.094390519068838,4.4698896161268395,0.3074298403107212,2.538439475725425,6.484929240428077,0.0,1.968990037368397,0.0,0.6200519857528927,0.24513993850049987,0.0,0.0,0.8044741355779931,0.8081263590830032,0.8076033368081182,0.03261468912381371,0.04611294107369332,0.03492502723720821,-0.025528447292579776,25,0.0008446850793591465,0.0005818600074090233,,1.371470961068834,0.9170839696719646,0.9170839696719646,0.527804760536632,11.951870546473105,20540.800870116236,0.0,0.0,0.08696075361932055,149.45305144196098,0.0,0.0,,,,,4.777319456437561,8210.427586715554,20540.800870116236,False,COST_INCOMPLETE|EQUILIBRIUM_ACID_ASSUMED_NOMINAL|HIGH_LOADING|LIGAND_LOSS_NOT_MEASURED|OA_ASSUMED|OOD_ACID|OOD_HULL|OOD_LIGAND|OOD_LOADING|OOD_METAL|PHASE_BEHAVIOUR_UNKNOWN|SAPONIFICATION_RANGE_UNKNOWN,12,4.100319901472787,,5,1.0333082327891799e-13,87
7,0,converged_newton,OUT_OF_DOMAIN,False,False,7.0,12.0,5.0,1.0,0.0,3.626567393645115,3.789767586758957,1.4178025552041646,1.699748032614971,0.9292535695749161,0.0,5.866053490978816,0.0,0.6674788541424183,0.31111677539153715,0.0,0.0,0.7528775235175653,0.7572026441941792,0.7565826222242275,0.15492846981522032,0.16242606169864707,0.1596747500873853,0.008660299569543454,24,0.0033590867906508892,0.002049516410422783,,1.0155254919667058,0.9170839696719646,0.9170839696719646,0.4905528877280979,14.758555628135598,7200.994123824137,0.0,0.0,0.010564965173565324,5.154857565344372,0.0,0.0,,,,,5.207570141963122,2540.877504312777,7200.994123824137,False,COST_INCOMPLETE|EQUILIBRIUM_ACID_ASSUMED_NOMINAL|LIGAND_LOSS_NOT_MEASURED|OA_ASSUMED|OOD_ACID|OOD_HULL|OOD_LIGAND|OOD_LOADING|OOD_METAL|PHASE_BEHAVIOUR_UNKNOWN|SAPONIFICATION_RANGE_UNKNOWN,11,3.3867773434630273,,7,4.989924479562335e-16,223
7,0,converged_newton,OUT_OF_DOMAIN,False,False,10.0,8.0,7.0,0.0,3.0,0.8884983137510765,2.9279272088209893,4.722056111665475,1.693704241093386,0.21508278715901813,0.0,3.677686952212793,0.0,0.8179252308077585,0.4692375046998199,0.0,0.0,0.726444728091119,0.7310672210752105,0.7304042206946418,0.18029129580728734,0.1850316635720443,0.5645564433080055,0.01324762802323138,25,0.015618909516345167,0.0023347572857015907,,0.8851894573528726,0.9170839696719646,0.9170839696719646,0.5333626418449883,22.325286880681624,9562.14464664275,0.0,0.0,0.001889240234015513,0.8091805711820702,0.0,0.0,,,,,7.649983320486465,3276.5647064626924,9562.14464664275,False,COST_INCOMPLETE|EQUILIBRIUM_ACID_ASSUMED_NOMINAL|HIGH_LOADING|LIGAND_LOSS_NOT_MEASURED|OA_ASSUMED|OOD_ACID|OOD_HULL|OOD_LIGAND|OOD_LOADING|OOD_METAL|PHASE_BEHAVIOUR_UNKNOWN|SAPONIFICATION_RANGE_UNKNOWN,12,3.5115220424182167,,8,5.429459724717055e-16,70
7,0,converged_newton,OUT_OF_DOMAIN,False,False,11.0,10.0,10.0,0.0,8.0,4.569885651553683,3.9047254391487654,0.41250755565694175,2.9242076753355524,16.65304839212485,0.0,1.1366023019004867,0.0,0.6082910706092046,0.38869858090351916,0.0,0.0,0.8489446334827634,0.8519190951177535,0.8514935092819983,0.05181366003001122,0.0994301841616249,0.05492052845541756,-0.057568317883983484,31,0.0016318272229823793,0.001254624978279007,,1.8733630656012747,0.9170839696719646,0.9170839696719646,0.5418470937472328,11.887085136547828,9474.612208704444,0.0,0.0,0.19507674508831696,155.48610020175707,0.0,0.0,,,,,4.317232994805707,3441.05455379004,9474.612208704444,False,COST_INCOMPLETE|EQUILIBRIUM_ACID_ASSUMED_NOMINAL|HIGH_LOADING|LIGAND_LOSS_NOT_MEASURED|OA_ASSUMED|OOD_ACID|OOD_HULL|OOD_LIGAND|OOD_LOADING|OOD_METAL|PHASE_BEHAVIOUR_UNKNOWN|SAPONIFICATION_RANGE_UNKNOWN,12,4.089520854642489,,6,7.300603794911973e-16,297
7,0,converged_newton,OUT_OF_DOMAIN,False,False,12.0,12.0,4.0,0.0,4.0,1.4100975435532133,3.6767808608432784,1.6858460232100319,2.3109056985515353,2.268348359153677,0.0,1.9639109774756212,0.0,0.774970105573925,0.12391591111816488,0.0,0.0,0.7614796250609346,0.7657010452544382,0.7650959927784388,0.0823056251969729,0.09961272525186618,0.1556352866184314,-0.0008692654387715314,28,0.005298182688173749,0.001256928309136835,,1.064171317657131,0.9170839696719646,0.9170839696719646,0.5388005528145724,11.807545354963754,9393.968827921695,0.0,0.0,0.025020659497983728,19.906194582542305,0.0,0.0,,,,,5.36262688405331,4266.454057141862,9393.968827921695,False,COST_INCOMPLETE|EQUILIBRIUM_ACID_ASSUMED_NOMINAL|HIGH_LOADING|LIGAND_LOSS_NOT_MEASURED|OA_ASSUMED|OOD_ACID|OOD_HULL|OOD_LIGAND|OOD_LOADING|OOD_METAL|PHASE_BEHAVIOUR_UNKNOWN|SAPONIFICATION_RANGE_UNKNOWN,12,3.622577040175277,,9,5.054748589324466e-16,109
