design,comparison,point,ci95_low,ci95_high,p_two_sided,seeds_positive,n_seeds,loco_stable,loco_min,loco_max,passes_P1,family,lead,model,set,target,value,stage,n_units,partial_rho_n_metals,ci_excludes_zero,rho_chemotype_means,clears_familywise_bar,passes_L1_rule,p_bh_within_family,_src,reference,candidate,bca_low,bca_high,bootstrap_se,mde_80,block_macro,units_improved,loco_sign_stable,margin,passes_intervals,p_perm,p_registered,ci_task_low,ci_task_high,p_task_boot,ci_block_low,ci_block_high,p_block_boot,conservative_interval,n_extractants,n_blocks,passes_registered,rule,replicates,permutations,bootstrap_seed,endpoint,p_bh_within_lead_family,budget,p_bh_lead,praw,q_bh940
corpus,stage1:NAIVE_slope_vs_a@S8,0.3920072523985797,-0.1512440253139407,0.688564916821705,0.0016271079470891,,0,True,0.2192691029900332,0.5046957488191165,False,exploratory,L1,NAIVE,S8,a,slope,stage1,62,0.3847158447130995,False,0.1911330049261083,False,False,0.0079547499635471,L1/contrasts_stage1.csv,,,,,,,,,,,,,,,,,,,,,,,,,,,,,,,,0.0016271079470891,0.005541599529941138
corpus,stage1:NAIVE_slope_vs_abs_a@S8,-0.3435572007756037,-0.6278336286317511,0.0548474769857099,0.0062594200194704,,0,True,-0.457552973342447,-0.1851404409543944,False,exploratory,L1,NAIVE,S8,abs_a,slope,stage1,62,-0.3239561813806777,False,-0.3236453201970443,False,False,0.026229950557781,L1/contrasts_stage1.csv,,,,,,,,,,,,,,,,,,,,,,,,,,,,,,,,0.0062594200194704,0.018272841050627875
corpus,stage1:NAIVE_slope_vs_b@S8,0.4876986225479087,0.0716025789594332,0.669627113870267,5.8070933113608426e-05,,0,True,0.4366370471633629,0.5410893707033314,False,exploratory,L1,NAIVE,S8,b,slope,stage1,62,0.47728485658593,True,0.3157635467980295,False,False,0.0006387802642496,L1/contrasts_stage1.csv,,,,,,,,,,,,,,,,,,,,,,,,,,,,,,,,5.8070933113608426e-05,0.00026758175062152904
corpus,stage1:NAIVE_slope_vs_a@S14,0.6439271255060729,0.2772548891481048,0.8251953568998501,9.745568326920046e-06,,0,True,0.5984615384615385,0.7450486924171135,False,exploratory,L1,NAIVE,S14,a,slope,stage1,39,0.645329623563704,True,0.6016511867905057,False,True,0.0001950892097561,L1/contrasts_stage1.csv,,,,,,,,,,,,,,,,,,,,,,,,,,,,,,,,9.745568326920046e-06,4.626683953184264e-05
corpus,stage1:NAIVE_slope_vs_abs_a@S14,-0.4246963562753037,-0.6965739995409939,0.0416499685589574,0.0070423862449584,,0,True,-0.5630252100840336,-0.2353846153846154,False,exploratory,L1,NAIVE,S14,abs_a,slope,stage1,39,-0.4088877827703608,False,-0.3168214654282766,False,False,0.0281695449798337,L1/contrasts_stage1.csv,,,,,,,,,,,,,,,,,,,,,,,,,,,,,,,,0.0070423862449584,0.020182448384941758
corpus,stage1:NAIVE_slope_vs_b@S14,0.640080971659919,0.2938391339932903,0.7628121279086262,1.144538545171916e-05,,0,True,0.6056022408963586,0.6607692307692308,False,exploratory,L1,NAIVE,S14,b,slope,stage1,39,0.648045091898477,True,0.7502579979360166,True,False,0.0001950892097561,L1/contrasts_stage1.csv,,,,,,,,,,,,,,,,,,,,,,,,,,,,,,,,1.144538545171916e-05,5.379331162308005e-05
corpus,stage1:NAIVE_slope_vs_a@S3,0.4665085817524842,0.0192346518624517,0.6742938710869139,1.1353583454718007e-05,,0,True,0.3041311636777508,0.5584712755598833,False,exploratory,L1,NAIVE,S3,a,slope,stage1,81,0.4446307016464597,True,0.3196356275303643,False,True,0.0001950892097561,L1/contrasts_stage1.csv,,,,,,,,,,,,,,,,,,,,,,,,,,,,,,,,1.1353583454718007e-05,5.362999219816546e-05
corpus,stage1:NAIVE_slope_vs_abs_a@S3,-0.4034552845528454,-0.5825972950913414,-0.1217989857988596,0.0001879167632341,,0,True,-0.4615384615384615,-0.3365529545664278,False,exploratory,L1,NAIVE,S3,abs_a,slope,stage1,81,-0.3540434875050111,True,-0.4238866396761134,False,False,0.0016536675164603,L1/contrasts_stage1.csv,,,,,,,,,,,,,,,,,,,,,,,,,,,,,,,,0.0001879167632341,0.000828193832599119
corpus,stage1:NAIVE_slope_vs_b@S3,0.3751355013550135,0.0210588188761046,0.555837609729941,0.0005591883225309,,0,True,0.3170506628933526,0.4233942803563056,False,exploratory,L1,NAIVE,S3,b,slope,stage1,81,0.3452249071443564,True,0.2111336032388664,False,False,0.0035148980273371,L1/contrasts_stage1.csv,,,,,,,,,,,,,,,,,,,,,,,,,,,,,,,,0.0005591883225309,0.002199318088615255
corpus,stage1:ELEM_slope_vs_a@S8,0.3133892372390521,-0.2703857539358018,0.5956972979709175,0.0131294955973963,,0,True,0.0309574146783449,0.3754613807245386,False,exploratory,L1,ELEM,S8,a,slope,stage1,62,0.2989058994577892,False,0.147783251231527,False,False,0.0424152860677671,L1/contrasts_stage1.csv,,,,,,,,,,,,,,,,,,,,,,,,,,,,,,,,0.0131294955973963,0.034863632377267015
corpus,stage1:ELEM_slope_vs_abs_a@S8,-0.431996172345194,-0.6627574487867257,0.0232259012173251,0.0004548077013869,,0,True,-0.501639344262295,-0.2385986106916339,False,exploratory,L1,ELEM,S8,abs_a,slope,stage1,62,-0.3661061819961118,False,-0.2428571428571428,False,False,0.0033352564768375,L1/contrasts_stage1.csv,,,,,,,,,,,,,,,,,,,,,,,,,,,,,,,,0.0004548077013869,0.0018038786468509958
corpus,stage1:ELEM_slope_vs_b@S8,0.2389514240386794,-0.1113567264008952,0.4633227883703841,0.0614269306552851,,0,True,0.1183932346723044,0.3334244702665755,False,exploratory,L1,ELEM,S8,b,slope,stage1,62,0.1496564774677181,False,0.3871921182266009,False,False,0.1589873499313261,L1/contrasts_stage1.csv,,,,,,,,,,,,,,,,,,,,,,,,,,,,,,,,0.0614269306552851,0.12156066277045895
corpus,stage1:ELEM_slope_vs_a@S14,0.3963562753036437,-0.3982018038007484,0.6875431912752087,0.0124908391724815,,0,False,-0.0792307692307692,0.4953496006127585,False,exploratory,L1,ELEM,S14,a,slope,stage1,39,0.3963006897254866,False,0.0464396284829721,False,False,0.0422766864299374,L1/contrasts_stage1.csv,,,,,,,,,,,,,,,,,,,,,,,,,,,,,,,,0.0124908391724815,0.0337396230521052
corpus,stage1:ELEM_slope_vs_abs_a@S14,-0.5548582995951417,-0.744732682764562,-0.0583642212079184,0.0002465659193245,,0,True,-0.6614509246088193,-0.3553846153846154,False,exploratory,L1,ELEM,S14,abs_a,slope,stage1,39,-0.5399034306219836,True,-0.4158926728586171,False,False,0.0019725273545966,L1/contrasts_stage1.csv,,,,,,,,,,,,,,,,,,,,,,,,,,,,,,,,0.0002465659193245,0.0010165437024782019
corpus,stage1:ELEM_slope_vs_b@S14,0.1884615384615384,-0.4362040829490115,0.4934185189062952,0.250563543502997,,0,False,-0.1346153846153846,0.3515406162464987,False,exploratory,L1,ELEM,S14,b,slope,stage1,39,0.1376233901334277,False,0.0567595459236326,False,False,0.4793389527883421,L1/contrasts_stage1.csv,,,,,,,,,,,,,,,,,,,,,,,,,,,,,,,,0.250563543502997,0.3823534592415863
corpus,stage1:ELEM_slope_vs_a@S3,0.2028229448961156,-0.1622428523654515,0.4364841675748202,0.0693766425664279,,0,True,0.080316220123658,0.2677951635846372,False,exploratory,L1,ELEM,S3,a,slope,stage1,81,0.1806688857192284,False,0.1593117408906882,False,False,0.174432701309876,L1/contrasts_stage1.csv,,,,,,,,,,,,,,,,,,,,,,,,,,,,,,,,0.0693766425664279,0.13254886994398826
corpus,stage1:ELEM_slope_vs_abs_a@S3,-0.1936088527551942,-0.4448041308468132,0.1988609726640156,0.0833049452989717,,0,True,-0.2415742152584257,-0.0110430957580977,False,exploratory,L1,ELEM,S3,abs_a,slope,stage1,81,-0.1436630688949582,False,-0.0927125506072874,False,False,0.1981306807110679,L1/contrasts_stage1.csv,,,,,,,,,,,,,,,,,,,,,,,,,,,,,,,,0.0833049452989717,0.1535424481981047
corpus,stage1:ELEM_slope_vs_b@S3,0.2188346883468834,-0.0901810731008217,0.4177063465398948,0.0496740010535481,,0,True,0.1043710972346119,0.2908392603129445,False,exploratory,L1,ELEM,S3,b,slope,stage1,81,0.1939751279110159,False,0.3141700404858299,False,False,0.1366035028972575,L1/contrasts_stage1.csv,,,,,,,,,,,,,,,,,,,,,,,,,,,,,,,,0.0496740010535481,0.10353339465706256
corpus,stage1:SPECIES_slope_vs_a@S8,-0.0836795850016368,-0.2974394286363624,0.2399145534934879,0.5178778229378215,,0,False,-0.1288691303139761,0.0004530353367562,False,registered,L1,SPECIES,S8,a,slope,stage1,62,-0.0808874825693345,False,0.0270935960591132,False,False,0.5178778229378215,L1/contrasts_stage1.csv,,,,,,,,,,,,,,,,,,,,,,,,,,,,,,,,0.5178778229378215,0.6650343627890057
corpus,stage1:SPECIES_slope_vs_abs_a@S8,0.0301427815970386,-0.3182257708829399,0.2939822794094197,0.8160975680117113,,0,False,-0.1067653276955602,0.0742428452347874,False,exploratory,L1,SPECIES,S8,abs_a,slope,stage1,62,0.0208192214678881,False,-0.0364532019704433,False,False,0.9686931173552004,L1/contrasts_stage1.csv,,,,,,,,,,,,,,,,,,,,,,,,,,,,,,,,0.8160975680117113,0.8866574394463668
corpus,stage1:SPECIES_slope_vs_b@S8,-0.0662536828586537,-0.2635015299305326,0.2448392011718284,0.6089113843790471,,0,False,-0.1164992067689053,0.0187254605859257,False,exploratory,L1,SPECIES,S8,b,slope,stage1,62,-0.0588907551638578,False,0.0753694581280788,False,False,0.8937967025591723,L1/contrasts_stage1.csv,,,,,,,,,,,,,,,,,,,,,,,,,,,,,,,,0.6089113843790471,0.7393858064516129
corpus,stage1:SPECIES_slope_vs_a@S14,-0.0481781376518218,-0.35606646021032,0.3447741692951742,0.7708582247850755,,0,False,-0.1217857533647007,0.033076923076923,False,exploratory,L1,SPECIES,S14,a,slope,stage1,39,-0.0461517267937083,False,0.0051599587203302,False,False,0.9686931173552004,L1/contrasts_stage1.csv,,,,,,,,,,,,,,,,,,,,,,,,,,,,,,,,0.7708582247850755,0.8554979118039799
corpus,stage1:SPECIES_slope_vs_abs_a@S14,0.0123481781376518,-0.4272135954677054,0.2955094450023462,0.940526488686914,,0,False,-0.1469230769230769,0.0687529634898055,False,exploratory,L1,SPECIES,S14,abs_a,slope,stage1,39,-0.0111373071489749,False,-0.087719298245614,False,False,0.9686931173552004,L1/contrasts_stage1.csv,,,,,,,,,,,,,,,,,,,,,,,,,,,,,,,,0.940526488686914,0.9666521264994546
corpus,stage1:SPECIES_slope_vs_b@S14,-0.0751012145748987,-0.3742758631138934,0.3019324486730565,0.6495479874452132,,0,False,-0.1480468322573586,0.0246153846153846,False,exploratory,L1,SPECIES,S14,b,slope,stage1,39,-0.053985525839476,False,0.1331269349845201,False,False,0.8937967025591723,L1/contrasts_stage1.csv,,,,,,,,,,,,,,,,,,,,,,,,,,,,,,,,0.6495479874452132,0.7705320650286571
corpus,stage1:SPECIES_slope_vs_a@S3,-0.0416666666666666,-0.2232650806314305,0.2456097079981506,0.711880348807313,,0,False,-0.0735349273323957,0.0447568365683349,False,exploratory,L1,SPECIES,S3,a,slope,stage1,81,-0.0377316899308957,False,0.1042510121457489,False,False,0.9353223647086688,L1/contrasts_stage1.csv,,,,,,,,,,,,,,,,,,,,,,,,,,,,,,,,0.711880348807313,0.817054368594474
corpus,stage1:SPECIES_slope_vs_abs_a@S3,-0.0122628726287262,-0.2539201081244768,0.1738081614324273,0.9134765163875233,,0,False,-0.0708419206988834,0.0158696671354899,False,exploratory,L1,SPECIES,S3,abs_a,slope,stage1,81,-0.027369538750108,False,-0.0639676113360323,False,False,0.9686931173552004,L1/contrasts_stage1.csv,,,,,,,,,,,,,,,,,,,,,,,,,,,,,,,,0.9134765163875233,0.9551367357110921
corpus,stage1:SPECIES_slope_vs_b@S3,-0.1413053297199638,-0.3466331829140778,0.1478428963695394,0.208281113511258,,0,True,-0.1757618377871542,-0.0539235288689286,False,exploratory,L1,SPECIES,S3,b,slope,stage1,81,-0.139407462463814,False,0.0008097165991902,False,False,0.4236900135001109,L1/contrasts_stage1.csv,,,,,,,,,,,,,,,,,,,,,,,,,,,,,,,,0.208281113511258,0.3286845637583893
corpus,stage1:SPECIES_CONST_slope_vs_a@S8,0.1666666666666666,,,0.4952660907838652,,0,True,0.0732714138286893,0.3352941176470588,False,registered,L1,SPECIES_CONST,S8,a,slope,stage1,19,0.156064119736953,False,0.2131868131868131,False,False,0.5178778229378215,L1/contrasts_stage1.csv,,,,,,,,,,,,,,,,,,,,,,,,,,,,,,,,0.4952660907838652,0.6465973963011573
corpus,stage1:SPECIES_CONST_slope_vs_abs_a@S8,0.0228070175438596,,,0.9261610601906636,,0,False,-0.0835913312693498,0.1887254901960784,False,exploratory,L1,SPECIES_CONST,S8,abs_a,slope,stage1,19,-0.0341190283628205,False,0.0769230769230769,False,False,0.9686931173552004,L1/contrasts_stage1.csv,,,,,,,,,,,,,,,,,,,,,,,,,,,,,,,,0.9261610601906636,0.9575604395604396
corpus,stage1:SPECIES_CONST_slope_vs_b@S8,-0.1210526315789473,,,0.6215490254755144,,0,True,-0.2445820433436532,-0.0113519091847265,False,exploratory,L1,SPECIES_CONST,S8,b,slope,stage1,19,-0.0531576523390666,False,0.0945054945054945,False,False,0.8937967025591723,L1/contrasts_stage1.csv,,,,,,,,,,,,,,,,,,,,,,,,,,,,,,,,0.6215490254755144,0.7519383319780998
corpus,stage1:SPECIES_CONST_slope_vs_a@S14,0.1545454545454545,,,0.6500339654975799,,0,True,0.006060606060606,0.4047619047619048,False,exploratory,L1,SPECIES_CONST,S14,a,slope,stage1,11,0.1620076565842964,False,,False,False,0.8937967025591723,L1/contrasts_stage1.csv,,,,,,,,,,,,,,,,,,,,,,,,,,,,,,,,0.6500339654975799,0.7705320650286571
corpus,stage1:SPECIES_CONST_slope_vs_abs_a@S14,0.0181818181818181,,,0.9576852410216188,,0,False,-0.1757575757575757,0.2833333333333333,False,exploratory,L1,SPECIES_CONST,S14,abs_a,slope,stage1,11,0.0209945552432591,False,,False,False,0.9686931173552004,L1/contrasts_stage1.csv,,,,,,,,,,,,,,,,,,,,,,,,,,,,,,,,0.9576852410216188,0.972164283542464
corpus,stage1:SPECIES_CONST_slope_vs_b@S14,-0.3,,,0.3700831222820676,,0,True,-0.5393939393939393,-0.0666666666666666,False,exploratory,L1,SPECIES_CONST,S14,b,slope,stage1,11,-0.3273268353539886,False,,False,False,0.5921329956513082,L1/contrasts_stage1.csv,,,,,,,,,,,,,,,,,,,,,,,,,,,,,,,,0.3700831222820676,0.5215564242056124
corpus,stage1:SPECIES_CONST_slope_vs_a@S3,0.1985294117647059,-0.089012193556176,0.4958597891830009,0.2680520068083982,,0,True,0.1334310850439882,0.2562316715542522,False,exploratory,L1,SPECIES_CONST,S3,a,slope,stage1,33,0.2070534172235985,False,0.2147826086956521,False,False,0.4849360871635925,L1/contrasts_stage1.csv,,,,,,,,,,,,,,,,,,,,,,,,,,,,,,,,0.2680520068083982,0.4037962923075229
corpus,stage1:SPECIES_CONST_slope_vs_abs_a@S3,-0.0123663101604278,-0.3835612975978691,0.3513487075924769,0.945544926243306,,0,False,-0.0943548387096774,0.0685483870967741,False,exploratory,L1,SPECIES_CONST,S3,abs_a,slope,stage1,33,0.0555928437691944,False,0.0156521739130434,False,False,0.9686931173552004,L1/contrasts_stage1.csv,,,,,,,,,,,,,,,,,,,,,,,,,,,,,,,,0.945544926243306,0.9669446254071662
corpus,stage1:SPECIES_CONST_slope_vs_b@S3,0.0641711229946524,-0.361256823308221,0.4511551022053784,0.7227491000021532,,0,False,-0.0423387096774193,0.1671554252199413,False,exploratory,L1,SPECIES_CONST,S3,b,slope,stage1,33,0.057277508720611,False,0.1234782608695652,False,False,0.9353223647086688,L1/contrasts_stage1.csv,,,,,,,,,,,,,,,,,,,,,,,,,,,,,,,,0.7227491000021532,0.8224989757893754
corpus,stage1:SPECIES_NFILLCOL_slope_vs_a@S8,0.3738258920702072,0.0081245532788124,0.6914182430576153,0.0027631203611665,,0,True,0.316250884370482,0.4592268196919359,False,exploratory,L1,SPECIES_NFILLCOL,S8,a,slope,stage1,62,0.3703399642659966,True,0.3842364532019703,False,False,0.0127976100938239,L1/contrasts_stage1.csv,,,,,,,,,,,,,,,,,,,,,,,,,,,,,,,,0.0027631203611665,0.008832214765100672
corpus,stage1:SPECIES_NFILLCOL_slope_vs_abs_a@S8,-0.3050288333207424,-0.5776592041773005,-0.0474418139741958,0.015922978501699,,0,True,-0.3865901540320145,-0.2557377049180329,False,exploratory,L1,SPECIES_NFILLCOL,S8,abs_a,slope,stage1,62,-0.3020258299370031,True,-0.4837438423645319,False,False,0.0483180037292937,L1/contrasts_stage1.csv,,,,,,,,,,,,,,,,,,,,,,,,,,,,,,,,0.015922978501699,0.04078365065830262
corpus,stage1:SPECIES_NFILLCOL_slope_vs_b@S8,0.329707134043464,0.049776471858708,0.5777599166391673,0.0088732497059352,,0,True,0.2768546818560711,0.3986710963455149,False,exploratory,L1,SPECIES_NFILLCOL,S8,b,slope,stage1,62,0.3282779113102386,True,0.4689655172413792,False,False,0.0325352489217625,L1/contrasts_stage1.csv,,,,,,,,,,,,,,,,,,,,,,,,,,,,,,,,0.0088732497059352,0.025047611782519786
corpus,stage1:SPECIES_NFILLCOL_slope_vs_a@S14,0.2641700404858299,-0.1603657355162272,0.6081404405197772,0.1041451560768115,,0,True,0.1374517374517374,0.366670314038735,False,exploratory,L1,SPECIES_NFILLCOL,S14,a,slope,stage1,39,0.270913750438335,False,0.2239422084623323,False,False,0.2315504900024155,L1/contrasts_stage1.csv,,,,,,,,,,,,,,,,,,,,,,,,,,,,,,,,0.1041451560768115,0.1840158772785767
corpus,stage1:SPECIES_NFILLCOL_slope_vs_abs_a@S14,-0.2633603238866396,-0.5112796822344085,0.006533673142822,0.1052502227283707,,0,True,-0.3002801120448179,-0.2038880986249407,False,exploratory,L1,SPECIES_NFILLCOL,S14,abs_a,slope,stage1,39,-0.333467996366511,False,-0.5108359133126935,False,False,0.2315504900024155,L1/contrasts_stage1.csv,,,,,,,,,,,,,,,,,,,,,,,,,,,,,,,,0.1052502227283707,0.18527192764919187
corpus,stage1:SPECIES_NFILLCOL_slope_vs_b@S14,0.2044534412955465,-0.1969334009860533,0.4934718253301203,0.2118450067500554,,0,True,0.1490196078431372,0.3021118284276179,False,exploratory,L1,SPECIES_NFILLCOL,S14,b,slope,stage1,39,0.2823734393893991,False,0.3642930856553147,False,False,0.4236900135001109,L1/contrasts_stage1.csv,,,,,,,,,,,,,,,,,,,,,,,,,,,,,,,,0.2118450067500554,0.33244458488322554
corpus,stage1:SPECIES_NFILLCOL_slope_vs_a@S3,0.3785004516711833,0.0987935060793639,0.622000605794953,0.0004937264569891,,0,True,0.3394941900205058,0.472515303454428,False,exploratory,L1,SPECIES_NFILLCOL,S3,a,slope,stage1,81,0.3788238997284074,True,0.4467611336032389,False,False,0.0033421483242342,L1/contrasts_stage1.csv,,,,,,,,,,,,,,,,,,,,,,,,,,,,,,,,0.0004937264569891,0.001950012057015773
corpus,stage1:SPECIES_NFILLCOL_slope_vs_abs_a@S3,-0.1700090334236675,-0.3649530451842081,0.0552225125384691,0.1291735674283239,,0,True,-0.2082981715893108,-0.1282132424537488,False,exploratory,L1,SPECIES_NFILLCOL,S3,abs_a,slope,stage1,81,-0.1743191906997257,False,-0.1894736842105263,False,False,0.2772505837485977,L1/contrasts_stage1.csv,,,,,,,,,,,,,,,,,,,,,,,,,,,,,,,,0.1291735674283239,0.21957170593602976
corpus,stage1:SPECIES_NFILLCOL_slope_vs_b@S3,0.3067976513098464,0.0441777907889109,0.5623585219836957,0.0053398743933899,,0,True,0.2755665387244334,0.3842935802393183,False,exploratory,L1,SPECIES_NFILLCOL,S3,b,slope,stage1,81,0.3066021399355133,True,0.5097165991902833,False,False,0.0234954473309156,L1/contrasts_stage1.csv,,,,,,,,,,,,,,,,,,,,,,,,,,,,,,,,0.0053398743933899,0.01593486326916351
corpus,stage1:NAIVE_quad_vs_a@S8,-0.4160308226939639,-0.7015370128173958,0.1249360360439568,0.0007709752394178,,0,True,-0.5289802722978606,-0.2487163998791905,False,exploratory,L1,NAIVE,S8,a,quad,stage1,62,-0.4125065294803395,False,-0.2280788177339901,False,False,0.0045230547379183,L1/contrasts_stage1.csv,,,,,,,,,,,,,,,,,,,,,,,,,,,,,,,,0.0007709752394178,0.002934075809930089
corpus,stage1:NAIVE_quad_vs_abs_a@S8,0.3328296945430737,-0.1030518721007759,0.6049116830331258,0.0082128735425244,,0,True,0.1534279673814557,0.4345181134654819,False,exploratory,L1,NAIVE,S8,abs_a,quad,stage1,62,0.3300174926039909,False,0.305911330049261,False,False,0.0314231683366151,L1/contrasts_stage1.csv,,,,,,,,,,,,,,,,,,,,,,,,,,,,,,,,0.0082128735425244,0.023253316656544985
corpus,stage1:NAIVE_quad_vs_b@S8,-0.4957064793130367,-0.7011231102482486,-0.1473400579297609,4.191165909931469e-05,,0,True,-0.5651569880522368,-0.4509911141490089,False,exploratory,L1,NAIVE,S8,b,quad,stage1,62,-0.5025588190698053,True,-0.3827586206896551,False,False,0.000526889428677,L1/contrasts_stage1.csv,,,,,,,,,,,,,,,,,,,,,,,,,,,,,,,,4.191165909931469e-05,0.00019407369238106308
corpus,stage1:NAIVE_quad_vs_a@S14,-0.6364372469635627,-0.8539078115153803,-0.2618457188931889,1.330153702882886e-05,,0,True,-0.7365138417769996,-0.5900000000000001,False,exploratory,L1,NAIVE,S14,a,quad,stage1,39,-0.6364352006059402,True,-0.6016511867905057,False,True,0.0001950892097561,L1/contrasts_stage1.csv,,,,,,,,,,,,,,,,,,,,,,,,,,,,,,,,1.330153702882886e-05,6.189824161930262e-05
corpus,stage1:NAIVE_quad_vs_abs_a@S14,0.397165991902834,-0.1003080197132616,0.6688927366504439,0.0122960149537978,,0,True,0.1576923076923077,0.5291316526610644,False,exploratory,L1,NAIVE,S14,abs_a,quad,stage1,39,0.3912111874188497,False,0.3168214654282766,False,False,0.0422766864299374,L1/contrasts_stage1.csv,,,,,,,,,,,,,,,,,,,,,,,,,,,,,,,,0.0122960149537978,0.033405358544999805
corpus,stage1:NAIVE_quad_vs_b@S14,-0.6534412955465587,-0.7966380999357167,-0.3131877298124446,6.484476035165046e-06,,0,True,-0.6746153846153846,-0.6204481792717087,False,exploratory,L1,NAIVE,S14,b,quad,stage1,39,-0.6757769802587362,True,-0.7502579979360166,True,False,0.0001950892097561,L1/contrasts_stage1.csv,,,,,,,,,,,,,,,,,,,,,,,,,,,,,,,,6.484476035165046e-06,3.09411546855591e-05
corpus,stage1:NAIVE_quad_vs_a@S3,-0.4695472249269717,-0.6822107279768277,-0.0130038905548514,1.2688185195713172e-05,,0,True,-0.5642515379357484,-0.3079972658920027,False,exploratory,L1,NAIVE,S3,a,quad,stage1,79,-0.4477873455252275,True,-0.3270598533756428,False,True,0.0001950892097561,L1/contrasts_stage1.csv,,,,,,,,,,,,,,,,,,,,,,,,,,,,,,,,1.2688185195713172e-05,5.9337781512290454e-05
corpus,stage1:NAIVE_quad_vs_abs_a@S3,0.4241723466407011,0.0785407033036529,0.608525739456707,9.792998632504555e-05,,0,True,0.3068352699931647,0.4961091540038908,False,exploratory,L1,NAIVE,S3,abs_a,quad,stage1,79,0.3698291114171946,True,0.4745595798227377,False,False,0.0009575376440671,L1/contrasts_stage1.csv,,,,,,,,,,,,,,,,,,,,,,,,,,,,,,,,9.792998632504555e-05,0.00044904481534411135
corpus,stage1:NAIVE_quad_vs_b@S3,-0.3626582278481013,-0.5722271139421273,-0.0569532825353637,0.0010213448252975,,0,True,-0.4120815892967791,-0.3154078736270517,False,exploratory,L1,NAIVE,S3,b,quad,stage1,79,-0.3293554330964801,True,-0.2358026042236568,False,False,0.0056173965391367,L1/contrasts_stage1.csv,,,,,,,,,,,,,,,,,,,,,,,,,,,,,,,,0.0010213448252975,0.0036228835312439624
corpus,stage1:ELEM_quad_vs_a@S8,-0.0747651784140414,-0.3099085319086664,0.3183636255401771,0.5635813415487274,,0,False,-0.1078794288736118,0.0354877680459075,False,exploratory,L1,ELEM,S8,a,quad,stage1,62,-0.0521481279790509,False,-0.0551724137931034,False,False,0.8550889320049657,L1/contrasts_stage1.csv,,,,,,,,,,,,,,,,,,,,,,,,,,,,,,,,0.5635813415487274,0.709192049606163
corpus,stage1:ELEM_quad_vs_abs_a@S8,0.2422754400543929,-0.0206387022163608,0.4725200462134077,0.0577979748704359,,0,True,0.1946651847735482,0.3023268112109994,False,exploratory,L1,ELEM,S8,abs_a,quad,stage1,62,0.1778137787031803,False,0.21871921182266,False,False,0.1541279329878292,L1/contrasts_stage1.csv,,,,,,,,,,,,,,,,,,,,,,,,,,,,,,,,0.0577979748704359,0.11511016949152543
corpus,stage1:ELEM_quad_vs_b@S8,-0.1373674800433129,-0.4285320443782197,0.093473781574433,0.2870219415919269,,0,True,-0.2091592617908407,-0.0970386039132733,False,exploratory,L1,ELEM,S8,b,quad,stage1,62,-0.0627790939264359,False,-0.3453201970443349,False,False,0.4896547438719987,L1/contrasts_stage1.csv,,,,,,,,,,,,,,,,,,,,,,,,,,,,,,,,0.2870219415919269,0.4282549604704941
corpus,stage1:ELEM_quad_vs_a@S14,-0.0587044534412955,-0.2900681610037565,0.4258018266919446,0.7225987434937077,,0,False,-0.1294452347083926,0.0892307692307692,False,exploratory,L1,ELEM,S14,a,quad,stage1,39,-0.0563154386121081,False,-0.0980392156862745,False,False,0.9353223647086688,L1/contrasts_stage1.csv,,,,,,,,,,,,,,,,,,,,,,,,,,,,,,,,0.7225987434937077,0.8224989757893754
corpus,stage1:ELEM_quad_vs_abs_a@S14,0.241497975708502,-0.1196988378952217,0.6398761640421544,0.1385777139525749,,0,True,0.1557422969187675,0.3707692307692308,False,exploratory,L1,ELEM,S14,abs_a,quad,stage1,39,0.2296604185312064,False,0.434468524251806,False,False,0.2903533054244427,L1/contrasts_stage1.csv,,,,,,,,,,,,,,,,,,,,,,,,,,,,,,,,0.1385777139525749,0.23219795207739824
corpus,stage1:ELEM_quad_vs_b@S14,0.0257085020242915,-0.294137563869454,0.3926261574179147,0.8765442001467484,,0,False,-0.0644257703081232,0.1084615384615384,False,exploratory,L1,ELEM,S14,b,quad,stage1,39,0.0622077396861259,False,-0.0939112487100103,False,False,0.9686931173552004,L1/contrasts_stage1.csv,,,,,,,,,,,,,,,,,,,,,,,,,,,,,,,,0.8765442001467484,0.9273115860517436
corpus,stage1:ELEM_quad_vs_a@S3,0.0251947419668938,-0.2085338869179938,0.2961126724107083,0.8255585811155618,,0,False,-0.0163828211773417,0.0784741574215258,False,exploratory,L1,ELEM,S3,a,quad,stage1,79,0.0421002658044582,False,-0.0031732136995294,False,False,0.9686931173552004,L1/contrasts_stage1.csv,,,,,,,,,,,,,,,,,,,,,,,,,,,,,,,,0.8255585811155618,0.8940380947564839
corpus,stage1:ELEM_quad_vs_abs_a@S3,0.0097857838364167,-0.1917439171255316,0.2354469838796993,0.9317894722381652,,0,False,-0.034228928965771,0.0475347437372753,False,exploratory,L1,ELEM,S3,abs_a,quad,stage1,79,-0.0350087651393647,False,0.0237443921654447,False,False,0.9686931173552004,L1/contrasts_stage1.csv,,,,,,,,,,,,,,,,,,,,,,,,,,,,,,,,0.9317894722381652,0.9603970437542493
corpus,stage1:ELEM_quad_vs_b@S3,-0.1861976630963972,-0.4321758627799071,0.0222224053243175,0.1003861216711966,,0,True,-0.2535789213871406,-0.1564637893751817,False,exploratory,L1,ELEM,S3,b,quad,stage1,79,-0.1712822219988267,False,-0.4259765838713207,False,False,0.2315504900024155,L1/contrasts_stage1.csv,,,,,,,,,,,,,,,,,,,,,,,,,,,,,,,,0.1003861216711966,0.17939725165575057
corpus,stage1:SPECIES_quad_vs_a@S8,0.2655939160434136,-0.0411990173330573,0.45768473784989,0.0369459956882068,,0,True,0.2198731501057082,0.3043892120571126,False,exploratory,L1,SPECIES,S8,a,quad,stage1,62,0.2615030293520655,False,0.1748768472906403,False,False,0.1048789555020066,L1/contrasts_stage1.csv,,,,,,,,,,,,,,,,,,,,,,,,,,,,,,,,0.0369459956882068,0.08126168224299066
corpus,stage1:SPECIES_quad_vs_abs_a@S8,-0.0264158545491173,-0.2938842215422456,0.3680627967079052,0.8385088671885457,,0,False,-0.1263841421736158,0.1555421322863183,False,exploratory,L1,SPECIES,S8,abs_a,quad,stage1,62,-0.0080751462443878,False,0.1044334975369457,False,False,0.9686931173552004,L1/contrasts_stage1.csv,,,,,,,,,,,,,,,,,,,,,,,,,,,,,,,,0.8385088671885457,0.9028617813943103
corpus,stage1:SPECIES_quad_vs_b@S8,0.0525547077635919,-0.2488097106836277,0.2367150159442461,0.6849812931785323,,0,True,0.0001168907071887,0.0909571655208884,False,exploratory,L1,SPECIES,S8,b,quad,stage1,62,0.0355386698482855,False,-0.105911330049261,False,False,0.9273592892263206,L1/contrasts_stage1.csv,,,,,,,,,,,,,,,,,,,,,,,,,,,,,,,,0.6849812931785323,0.7998539324072302
corpus,stage1:SPECIES_quad_vs_a@S14,0.2823886639676113,-0.18948322736946,0.5253163324647718,0.0815458095436446,,0,True,0.1415384615384615,0.3528832476200897,False,exploratory,L1,SPECIES,S14,a,quad,stage1,39,0.2807060195844786,False,0.1166150670794633,False,False,0.1981306807110679,L1/contrasts_stage1.csv,,,,,,,,,,,,,,,,,,,,,,,,,,,,,,,,0.0815458095436446,0.1511894693708598
corpus,stage1:SPECIES_quad_vs_abs_a@S14,-0.1080971659919028,-0.4452067216014727,0.4405159246704307,0.5124506439966786,,0,False,-0.2254901960784313,0.1338461538461538,False,exploratory,L1,SPECIES,S14,abs_a,quad,stage1,39,-0.083346505942429,False,-0.0154798761609907,False,False,0.7911518714334687,L1/contrasts_stage1.csv,,,,,,,,,,,,,,,,,,,,,,,,,,,,,,,,0.5124506439966786,0.6614814814814816
corpus,stage1:SPECIES_quad_vs_b@S14,0.1720647773279352,-0.1541473849778943,0.4393958848902273,0.2949056980138174,,0,True,0.0854568854568854,0.2347083926031294,False,exploratory,L1,SPECIES,S14,b,quad,stage1,39,0.1507770755798617,False,0.0051599587203302,False,False,0.4896547438719987,L1/contrasts_stage1.csv,,,,,,,,,,,,,,,,,,,,,,,,,,,,,,,,0.2949056980138174,0.43793263212162453
corpus,stage1:SPECIES_quad_vs_a@S3,0.2768987341772151,0.0193503394949731,0.4418251535941189,0.013495772839744,,0,True,0.2326042378673957,0.3105628548666523,False,exploratory,L1,SPECIES,S3,a,quad,stage1,79,0.2658265386093845,True,0.1821862348178137,False,False,0.0424152860677671,L1/contrasts_stage1.csv,,,,,,,,,,,,,,,,,,,,,,,,,,,,,,,,0.013495772839744,0.03563490581280719
corpus,stage1:SPECIES_quad_vs_abs_a@S3,-0.11952288218111,-0.322005502563839,0.1844962453694101,0.294096976624679,,0,False,-0.1750277674935209,0.02323991797676,False,exploratory,L1,SPECIES,S3,abs_a,quad,stage1,79,-0.0875260666366657,False,0.0366560892876682,False,False,0.4896547438719987,L1/contrasts_stage1.csv,,,,,,,,,,,,,,,,,,,,,,,,,,,,,,,,0.294096976624679,0.43793263212162453
corpus,stage1:SPECIES_quad_vs_b@S3,0.02134858812074,-0.2698258060478459,0.203545310600699,0.8518588596715883,,0,False,-0.03526999316473,0.0578029565371337,False,exploratory,L1,SPECIES,S3,b,quad,stage1,79,0.001221342718195,False,-0.1657730605099026,False,False,0.9686931173552004,L1/contrasts_stage1.csv,,,,,,,,,,,,,,,,,,,,,,,,,,,,,,,,0.8518588596715883,0.9109753448137576
corpus,stage1:SPECIES_CONST_quad_vs_a@S8,0.0350877192982456,,,0.8866031221985,,0,False,-0.1200980392156862,0.1413828689370485,False,exploratory,L1,SPECIES_CONST,S8,a,quad,stage1,19,0.0465881247766656,False,0.0109890109890109,False,False,0.9686931173552004,L1/contrasts_stage1.csv,,,,,,,,,,,,,,,,,,,,,,,,,,,,,,,,0.8866031221985,0.9332664444194737
corpus,stage1:SPECIES_CONST_quad_vs_abs_a@S8,0.0614035087719298,,,0.8028068323384662,,0,False,-0.0676470588235294,0.1826625386996904,False,exploratory,L1,SPECIES_CONST,S8,abs_a,quad,stage1,19,0.1139355683648143,False,-0.0109890109890109,False,False,0.9686931173552004,L1/contrasts_stage1.csv,,,,,,,,,,,,,,,,,,,,,,,,,,,,,,,,0.8028068323384662,0.8758793503480279
corpus,stage1:SPECIES_CONST_quad_vs_b@S8,-0.0157894736842105,,,0.9488461264555136,,0,False,-0.1228070175438596,0.0931372549019607,False,exploratory,L1,SPECIES_CONST,S8,b,quad,stage1,19,-0.0873432843185017,False,0.0505494505494505,False,False,0.9686931173552004,L1/contrasts_stage1.csv,,,,,,,,,,,,,,,,,,,,,,,,,,,,,,,,0.9488461264555136,0.9673702373841462
corpus,stage1:SPECIES_CONST_quad_vs_a@S14,0.4000000000000001,,,0.22286835013352,,0,True,0.15,0.6727272727272726,False,exploratory,L1,SPECIES_CONST,S14,a,quad,stage1,11,0.3898193837652919,False,,False,False,0.4358314402611057,L1/contrasts_stage1.csv,,,,,,,,,,,,,,,,,,,,,,,,,,,,,,,,0.22286835013352,0.34627479194298977
corpus,stage1:SPECIES_CONST_quad_vs_abs_a@S14,0.1636363636363636,,,0.6306852146425356,,0,False,-0.0952380952380952,0.3818181818181818,False,exploratory,L1,SPECIES_CONST,S14,abs_a,quad,stage1,11,0.1318770120876498,False,,False,False,0.8937967025591723,L1/contrasts_stage1.csv,,,,,,,,,,,,,,,,,,,,,,,,,,,,,,,,0.6306852146425356,0.7571444466972969
corpus,stage1:SPECIES_CONST_quad_vs_b@S14,0.3363636363636363,,,0.3118243139003863,,0,True,0.1151515151515151,0.5499999999999999,False,exploratory,L1,SPECIES_CONST,S14,b,quad,stage1,11,0.4127151541111278,False,,False,False,0.508158141171,L1/contrasts_stage1.csv,,,,,,,,,,,,,,,,,,,,,,,,,,,,,,,,0.3118243139003863,0.4579919610411924
corpus,stage1:SPECIES_CONST_quad_vs_a@S3,0.0161290322580645,-0.3320145178103326,0.3873462004308239,0.931372846923748,,0,False,-0.0724137931034482,0.0967741935483871,False,exploratory,L1,SPECIES_CONST,S3,a,quad,stage1,31,0.0141829435674804,False,0.1274703557312253,False,False,0.9686931173552004,L1/contrasts_stage1.csv,,,,,,,,,,,,,,,,,,,,,,,,,,,,,,,,0.931372846923748,0.9603970437542493
corpus,stage1:SPECIES_CONST_quad_vs_abs_a@S3,0.1266129032258064,-0.2488874593335671,0.4632550329574507,0.4973147635433742,,0,True,0.0593993325917686,0.2389162561576354,False,exploratory,L1,SPECIES_CONST,S3,abs_a,quad,stage1,31,0.1392094883511861,False,0.0958498023715415,False,False,0.7814946284253024,L1/contrasts_stage1.csv,,,,,,,,,,,,,,,,,,,,,,,,,,,,,,,,0.4973147635433742,0.6474688796680498
corpus,stage1:SPECIES_CONST_quad_vs_b@S3,-0.0907258064516129,-0.5183284057195755,0.3466548486355216,0.6274035095319996,,0,False,-0.2246642246642246,0.0082101806239737,False,exploratory,L1,SPECIES_CONST,S3,b,quad,stage1,31,-0.0878180374871595,False,-0.0711462450592885,False,False,0.8937967025591723,L1/contrasts_stage1.csv,,,,,,,,,,,,,,,,,,,,,,,,,,,,,,,,0.6274035095319996,0.7544040920716113
corpus,stage1:SPECIES_NFILLCOL_quad_vs_a@S8,-0.1352018332451965,-0.4951081195049502,0.2178104919863186,0.294760671180984,,0,True,-0.2786167321051042,-0.0762434009447068,False,exploratory,L1,SPECIES_NFILLCOL,S8,a,quad,stage1,62,-0.1311015475187641,False,-0.1916256157635467,False,False,0.4896547438719987,L1/contrasts_stage1.csv,,,,,,,,,,,,,,,,,,,,,,,,,,,,,,,,0.294760671180984,0.43793263212162453
corpus,stage1:SPECIES_NFILLCOL_quad_vs_abs_a@S8,0.1459293394777265,-0.1610393460901356,0.5002493435500688,0.2577456559645152,,0,True,0.0819548872180451,0.3295077016007248,False,exploratory,L1,SPECIES_NFILLCOL,S8,abs_a,quad,stage1,62,0.1374384454551026,False,0.3359605911330048,False,False,0.4825876111676029,L1/contrasts_stage1.csv,,,,,,,,,,,,,,,,,,,,,,,,,,,,,,,,0.2577456559645152,0.39204031813372864
corpus,stage1:SPECIES_NFILLCOL_quad_vs_b@S8,-0.2668026491400368,-0.5673234858591307,-0.0182810695259468,0.0360631701302163,,0,True,-0.355934762911507,-0.207279799944429,False,exploratory,L1,SPECIES_NFILLCOL,S8,b,quad,stage1,62,-0.2652441527751276,True,-0.4635467980295565,False,False,0.1048789555020066,L1/contrasts_stage1.csv,,,,,,,,,,,,,,,,,,,,,,,,,,,,,,,,0.0360631701302163,0.07957600920751955
corpus,stage1:SPECIES_NFILLCOL_quad_vs_a@S14,0.0269230769230769,-0.4345569696230644,0.4064215838690094,0.8707597090266802,,0,False,-0.1453846153846154,0.1343629343629343,False,exploratory,L1,SPECIES_NFILLCOL,S14,a,quad,stage1,39,0.0231232073422374,False,-0.0464396284829721,False,False,0.9686931173552004,L1/contrasts_stage1.csv,,,,,,,,,,,,,,,,,,,,,,,,,,,,,,,,0.8707597090266802,0.9257672316384182
corpus,stage1:SPECIES_NFILLCOL_quad_vs_abs_a@S14,0.0222672064777327,-0.2987811284648951,0.4843663000633975,0.8929669905906584,,0,False,-0.0582633053221288,0.2184615384615384,False,exploratory,L1,SPECIES_NFILLCOL,S14,abs_a,quad,stage1,39,0.0693467925759437,False,0.1847265221878225,False,False,0.9686931173552004,L1/contrasts_stage1.csv,,,,,,,,,,,,,,,,,,,,,,,,,,,,,,,,0.8929669905906584,0.9389138379812292
corpus,stage1:SPECIES_NFILLCOL_quad_vs_b@S14,-0.0012145748987854,-0.350715835472436,0.3121360994795129,0.994144992947601,,0,False,-0.0851994851994852,0.0580844001896633,False,exploratory,L1,SPECIES_NFILLCOL,S14,b,quad,stage1,39,-0.0538380152516941,False,-0.131062951496388,False,False,0.9941449929476012,L1/contrasts_stage1.csv,,,,,,,,,,,,,,,,,,,,,,,,,,,,,,,,0.994144992947601,1.0
corpus,stage1:SPECIES_NFILLCOL_quad_vs_a@S3,-0.1256085686465433,-0.4292816087739833,0.1861234495912003,0.2700212303524549,,0,True,-0.2479152426520847,-0.0602597402597402,False,exploratory,L1,SPECIES_NFILLCOL,S3,a,quad,stage1,79,-0.1140105856163335,False,-0.2189517452675347,False,False,0.4849360871635925,L1/contrasts_stage1.csv,,,,,,,,,,,,,,,,,,,,,,,,,,,,,,,,0.2700212303524549,0.4061119304500922
corpus,stage1:SPECIES_NFILLCOL_quad_vs_abs_a@S3,0.0204965920155793,-0.2244224054285395,0.3324937472363895,0.8577078542391545,,0,False,-0.0219671726521041,0.1344497607655502,False,exploratory,L1,SPECIES_NFILLCOL,S3,abs_a,quad,stage1,79,-0.0162937917519897,False,0.178684757632126,False,False,0.9686931173552004,L1/contrasts_stage1.csv,,,,,,,,,,,,,,,,,,,,,,,,,,,,,,,,0.8577078542391545,0.9156730987514188
corpus,stage1:SPECIES_NFILLCOL_quad_vs_b@S3,-0.350365141187926,-0.6574780224813614,-0.1098911347632764,0.0015483954151566,,0,True,-0.4467532467532467,-0.2897334244702666,False,exploratory,L1,SPECIES_NFILLCOL,S3,b,quad,stage1,79,-0.3427426448784498,True,-0.5988620199146515,False,False,0.0079547499635471,L1/contrasts_stage1.csv,,,,,,,,,,,,,,,,,,,,,,,,,,,,,,,,0.0015483954151566,0.005370818045192635
BP,OCURVLPO_vs_G14,0.0286988177633845,-0.0013004305051371,0.0531941393250933,0.0608,5.0,5,,0.0222532888257304,0.0338218368455628,False,registered,L2,,,,mae_all,,90,,,,,,,L2/gate_contrasts.csv,G14,O_CURV_LPO,5.735490852111823e-06,0.054448774643867,0.0138027752451583,0.0386477706864434,0.0301855014769749,61.0,True,0.02,False,,,,,,,,,,,,,,,,,,,,,0.0608,0.12057383966244727
BP,OCURV_vs_G14,0.07286837936235,0.0303737103081978,0.1333772596086442,0.0006,5.0,5,,0.05355014076434,0.0783918165031755,True,exploratory,L2,,,,mae_all,,90,,,,,,,L2/gate_contrasts.csv,G14,O_CURV,0.0391257111355215,0.1624192498725534,0.0257535239810008,0.0721098671468022,0.0951407228166449,65.0,True,0.02,True,,,,,,,,,,,,,,,,,,,,,0.0006,0.002292682926829268
BP,OCURVLPO_vs_FLAT,0.1171256292331997,0.0149416391612332,0.1859848632133657,0.019,5.0,5,,0.0690691301977678,0.1277512304685018,True,exploratory,L2,,,,mae_all,,90,,,,,,,L2/gate_contrasts.csv,FLAT,O_CURV_LPO,0.0385827342154066,0.2041475497844285,0.0448391663595491,0.1255496658067375,0.0902470997158395,57.0,True,0.02,True,,,,,,,,,,,,,,,,,,,,,0.019,0.046876640419947505
BP,OCURV_vs_OCURVLPO,0.0441695615989655,0.0158458032316688,0.1026708299375725,0.0,5.0,5,,0.0252113765063756,0.0525534199641004,True,exploratory,L2,,,,mae_all,,90,,,,,,,L2/gate_contrasts.csv,O_CURV_LPO,O_CURV,0.0191648162448362,0.134142215653854,0.0227236546700154,0.0636262330760431,0.0649552213396699,70.0,True,0.02,True,,,,,,,,,,,,,,,,,,,,,0.0,0.0
B,OCURVLPO_vs_G14,0.0298306927310397,-0.0019985302810378,0.0562984979935399,0.065,5.0,5,,0.0235652432982492,0.0350901698277404,False,registered,L2,,,,mae_all,,90,,,,,,,L2/gate_contrasts.csv,G14,O_CURV_LPO,-0.0017620585345148,0.0564819966760622,0.014734054561637,0.0412553527725836,0.0320152699896424,63.0,True,0.02,False,,,,,,,,,,,,,,,,,,,,,0.065,0.12597938144329898
B,OCURV_vs_G14,0.0716304448703949,0.0368938151255851,0.1166759921443857,0.0,5.0,5,,0.0595962790329943,0.0771860211746514,True,exploratory,L2,,,,mae_all,,90,,,,,,,L2/gate_contrasts.csv,G14,O_CURV,0.0416129634171242,0.1265944535874872,0.0198506955790405,0.0555819476213135,0.0923797775283025,62.0,True,0.02,True,,,,,,,,,,,,,,,,,,,,,0.0,0.0
B,OCURVLPO_vs_FLAT,0.1251289885717894,0.0176283194817612,0.1978201788673738,0.0148,5.0,5,,0.0728747233161694,0.1358707662183438,True,exploratory,L2,,,,mae_all,,90,,,,,,,L2/gate_contrasts.csv,FLAT,O_CURV_LPO,0.0432587294999019,0.2187100123398576,0.0473107320935225,0.1324700498618631,0.093396209022466,57.0,True,0.02,True,,,,,,,,,,,,,,,,,,,,,0.0148,0.03853739612188366
B,OCURV_vs_OCURVLPO,0.0417997521393552,0.015782883231172,0.0938307486700464,0.0,5.0,5,,0.0251593953279212,0.0496245228751281,True,exploratory,L2,,,,mae_all,,90,,,,,,,L2/gate_contrasts.csv,O_CURV_LPO,O_CURV,0.019007046054153,0.1201345748235696,0.0203482585068379,0.0569751238191462,0.0603645075386601,68.0,True,0.02,True,,,,,,,,,,,,,,,,,,,,,0.0,0.0
BR,OCURVLPO_vs_G14,0.026837394599494,-0.0061982376951553,0.0528725872871816,0.104,5.0,5,,0.0193275771901454,0.0319424152418369,False,registered,L2,,,,mae_all,,90,,,,,,,L2/gate_contrasts.csv,G14,O_CURV_LPO,-0.0046690977093414,0.0539282352765141,0.0149730275741699,0.0419244772076757,0.0256369778116817,61.0,True,0.02,False,,,,,,,,,,,,,,,,,,,,,0.104,0.1840158772785767
BR,OCURV_vs_G14,0.0688015164557654,0.0332933570324217,0.1126767391895839,0.0002,5.0,5,,0.0567460517535725,0.0742140685757423,True,exploratory,L2,,,,mae_all,,90,,,,,,,L2/gate_contrasts.csv,G14,O_CURV,0.038902869949065,0.1239652246962469,0.0197214186317599,0.0552199721689277,0.0864662561468593,63.0,True,0.02,True,,,,,,,,,,,,,,,,,,,,,0.0002,0.000828193832599119
BR,OCURVLPO_vs_FLAT,0.1247515957604782,0.0159373237320108,0.1990088280089504,0.0168,5.0,5,,0.0713102603698122,0.1354878487938275,True,exploratory,L2,,,,mae_all,,90,,,,,,,L2/gate_contrasts.csv,FLAT,O_CURV_LPO,0.042073690467936,0.2199297487701556,0.0480902493650717,0.134652698222201,0.0913767158987382,57.0,True,0.02,True,,,,,,,,,,,,,,,,,,,,,0.0168,0.04233780160857909
BR,OCURV_vs_OCURVLPO,0.0419641218562713,0.0158883559945725,0.0941558919291633,0.0,5.0,5,,0.0253205186176496,0.0500434055436926,True,exploratory,L2,,,,mae_all,,90,,,,,,,L2/gate_contrasts.csv,O_CURV_LPO,O_CURV,0.019122824537601,0.1193311687607984,0.0204064642087907,0.0571380997846141,0.0608292783351775,68.0,True,0.02,True,,,,,,,,,,,,,,,,,,,,,0.0,0.0
BQ,OCURVLPO_vs_G14,0.0263708394662417,-0.0087383389439147,0.0538455584295491,0.129,5.0,5,,0.01914065644689,0.0330441271049538,False,registered,L2,,,,mae_all,,90,,,,,,,L2/gate_contrasts.csv,G14,O_CURV_LPO,-0.0092725784405082,0.0534851079728986,0.0158875243410115,0.0444850681548323,0.0257239424085873,62.0,True,0.02,False,,,,,,,,,,,,,,,,,,,,,0.129,0.21957170593602976
BQ,OCURV_vs_G14,0.0671954987428756,0.0342460524517176,0.1056184237462831,0.0002,5.0,5,,0.0582892827146411,0.0725283705110887,True,exploratory,L2,,,,mae_all,,90,,,,,,,L2/gate_contrasts.csv,G14,O_CURV,0.0384262526395568,0.1118344021826637,0.0176955110422363,0.0495474309182618,0.0840101302033483,62.0,True,0.02,True,,,,,,,,,,,,,,,,,,,,,0.0002,0.000828193832599119
BQ,OCURVLPO_vs_FLAT,0.1243338874664513,0.016213393457246,0.1973232147780656,0.016,5.0,5,,0.0718047235938561,0.1348249069550268,True,exploratory,L2,,,,mae_all,,90,,,,,,,L2/gate_contrasts.csv,FLAT,O_CURV_LPO,0.0424520941092834,0.2180446116136783,0.047475774929837,0.1329321698035438,0.0916989633401929,57.0,True,0.02,True,,,,,,,,,,,,,,,,,,,,,0.016,0.04086956521739131
BQ,OCURV_vs_OCURVLPO,0.0408246592766338,0.0157391961397306,0.0901108572718521,0.0,5.0,5,,0.0252451556096873,0.0483533947968586,True,exploratory,L2,,,,mae_all,,90,,,,,,,L2/gate_contrasts.csv,O_CURV_LPO,O_CURV,0.0189616582101069,0.1133109304962657,0.0192835454250858,0.0539939271902403,0.0582861877947609,68.0,True,0.02,True,,,,,,,,,,,,,,,,,,,,,0.0,0.0
A,OCURVLPO_vs_G14,0.0322556135136743,0.0032247496866571,0.0581087662869986,0.0306,5.0,5,,0.0260289009947015,0.037546580200811,True,registered,L2,,,,mae_all,,90,,,,,,,L2/gate_contrasts.csv,G14,O_CURV_LPO,0.0045151930969995,0.0596404528045122,0.0138339123108597,0.0387349544704072,0.0350185636040137,65.0,True,0.02,True,,,,,,,,,,,,,,,,,,,,,0.0306,0.06998540145985402
A,OCURV_vs_G14,0.0753368541153042,0.0378577117190213,0.1292061537759062,0.0,5.0,5,,0.0596181870437967,0.0809906463441383,True,exploratory,L2,,,,mae_all,,90,,,,,,,L2/gate_contrasts.csv,G14,O_CURV,0.0444136299111453,0.1488856306895498,0.022858751448935,0.0640045040570181,0.0983842206356238,67.0,True,0.02,True,,,,,,,,,,,,,,,,,,,,,0.0,0.0
A,OCURVLPO_vs_FLAT,0.1286279285564104,0.0215624037282673,0.2027222825820837,0.0108,5.0,5,,0.0756330150469758,0.1393101677688363,True,exploratory,L2,,,,mae_all,,90,,,,,,,L2/gate_contrasts.csv,FLAT,O_CURV_LPO,0.0459929908936175,0.2236235603586436,0.0478411661741829,0.1339552652877121,0.0997647890577973,58.0,True,0.02,True,,,,,,,,,,,,,,,,,,,,,0.0108,0.02977126099706745
A,OCURV_vs_OCURVLPO,0.0430812406016299,0.015941570863162,0.0986983948626433,0.0,5.0,5,,0.0252573088611137,0.0516587029638743,True,exploratory,L2,,,,mae_all,,90,,,,,,,L2/gate_contrasts.csv,O_CURV_LPO,O_CURV,0.0190449588814761,0.1261158855618078,0.0216503995616042,0.060621118772492,0.0633656570316101,68.0,True,0.02,True,,,,,,,,,,,,,,,,,,,,,0.0,0.0
B,G14_saved_vs_0,2.206544553690845,0.5207022547142526,4.117731795599427,0.007,5.0,5,True,1.490616383008338,2.728572230261733,True,registered,L3,,,,saved,,455,,,,,,,L3/l3a_contrasts.csv,random order,G14,,,,,,,True,0.02,,0.0,0.0,,,,0.5207022547142526,4.117731795599427,0.007,chemotype-blocked,90.0,45.0,True,"saved > 0, permutation p < 0.05, chemotype-blocked CI excludes 0, all five designs",2000.0,2000.0,8675309.0,,,,,0.007,0.020122324159021408
B,G14_saved_heavy_vs_0,0.7067124363977149,-0.1045515235826377,1.744476060782003,0.099,5.0,5,True,0.4434853442551646,1.0498690392457086,False,exploratory,L3,,,,saved_heavy,,455,,,,,,,L3/l3a_contrasts.csv,random order,G14,,,,,,,True,0.02,,0.0,0.0,,,,-0.1045515235826377,1.744476060782003,0.099,chemotype-blocked,90.0,45.0,False,"saved > 0, permutation p < 0.05, chemotype-blocked CI excludes 0, all five designs",2000.0,2000.0,8675309.0,,,,,0.099,0.17759541984732824
B,G14_saved_light_vs_0,3.706376670983976,-0.0729619341920956,8.088866054732247,0.057,5.0,5,True,1.931363726770967,4.731170763899304,False,exploratory,L3,,,,saved_light,,455,,,,,,,L3/l3a_contrasts.csv,random order,G14,,,,,,,True,0.02,,0.0,0.0,,,,-0.0729619341920956,8.088866054732247,0.057,chemotype-blocked,90.0,45.0,False,"saved > 0, permutation p < 0.05, chemotype-blocked CI excludes 0, all five designs",2000.0,2000.0,8675309.0,,,,,0.057,0.11424307036247336
B,G14_saved_vs_0_dZ=1,3.6452229550420334,-1.568838747951001,5.389517216296648,0.35,5.0,5,True,1.8610844710844705,5.514698929846956,False,exploratory,L3,,,,saved,,60,,,,,,,L3/l3a_contrasts.csv,random order,G14,,,,,,,True,0.02,,0.0,0.0,,,,-1.568838747951001,5.389517216296648,0.35,chemotype-blocked,90.0,45.0,False,"saved > 0, permutation p < 0.05, chemotype-blocked CI excludes 0, all five designs",2000.0,2000.0,8675309.0,,,,,0.35,0.5007610350076104
B,G14_saved_vs_0_dZ 2-4,2.232903583453228,0.097284214791066,4.469203085611148,0.037,5.0,5,True,1.5658130421949967,2.6013997101899795,True,exploratory,L3,,,,saved,,150,,,,,,,L3/l3a_contrasts.csv,random order,G14,,,,,,,True,0.02,,0.0,0.0,,,,0.097284214791066,4.469203085611148,0.037,chemotype-blocked,90.0,45.0,True,"saved > 0, permutation p < 0.05, chemotype-blocked CI excludes 0, all five designs",2000.0,2000.0,8675309.0,,,,,0.037,0.08126168224299066
B,G14_saved_vs_0_dZ 5-8,1.8879562026868069,1.0016130106257344,4.156261930074672,0.0,5.0,5,True,1.3957598505754425,2.1799496320263683,True,exploratory,L3,,,,saved,,150,,,,,,,L3/l3a_contrasts.csv,random order,G14,,,,,,,True,0.02,,0.0,0.0,,,,1.0016130106257344,4.156261930074672,0.0,chemotype-blocked,90.0,45.0,True,"saved > 0, permutation p < 0.05, chemotype-blocked CI excludes 0, all five designs",2000.0,2000.0,8675309.0,,,,,0.0,0.0
B,G14_saved_vs_0_dZ 9-13,1.7309626765546249,0.8887454047768967,4.156469215214483,0.0,5.0,5,True,1.273624250563105,2.00441033412,True,exploratory,L3,,,,saved,,90,,,,,,,L3/l3a_contrasts.csv,random order,G14,,,,,,,True,0.02,,0.0,0.0,,,,0.8887454047768967,4.156469215214483,0.0,chemotype-blocked,90.0,45.0,True,"saved > 0, permutation p < 0.05, chemotype-blocked CI excludes 0, all five designs",2000.0,2000.0,8675309.0,,,,,0.0,0.0
B,HEAVIER_ALWAYS_saved_vs_0,0.0,0.0,0.0,1.0,0.0,5,False,0.0,0.0,False,exploratory,L3,,,,saved,,455,,,,,,,L3/l3a_contrasts.csv,random order,HEAVIER_ALWAYS,,,,,,,False,0.02,,,,,,,0.0,0.0,1.0,chemotype-blocked,90.0,45.0,False,"saved > 0, permutation p < 0.05, chemotype-blocked CI excludes 0, all five designs",2000.0,0.0,8675309.0,,,,,1.0,1.0
BR,G14_saved_vs_0,2.1492837329594243,0.4549873551833919,3.984879465635062,0.009,5.0,5,True,1.5083632518029475,2.684810463642516,True,registered,L3,,,,saved,,455,,,,,,,L3/l3a_contrasts.csv,random order,G14,,,,,,,True,0.02,,0.0,0.0,,,,0.4549873551833919,3.984879465635062,0.009,chemotype-blocked,90.0,45.0,True,"saved > 0, permutation p < 0.05, chemotype-blocked CI excludes 0, all five designs",2000.0,2000.0,8675309.0,,,,,0.009,0.02525373134328358
BR,G14_saved_heavy_vs_0,0.683890460815211,-0.1090908963082315,1.757342644050627,0.084,5.0,5,True,0.4639683396279027,1.073490196710894,False,exploratory,L3,,,,saved_heavy,,455,,,,,,,L3/l3a_contrasts.csv,random order,G14,,,,,,,True,0.02,,0.0,0.0,,,,-0.1090908963082315,1.757342644050627,0.084,chemotype-blocked,90.0,45.0,False,"saved > 0, permutation p < 0.05, chemotype-blocked CI excludes 0, all five designs",2000.0,2000.0,8675309.0,,,,,0.084,0.15421875000000002
BR,G14_saved_light_vs_0,3.614677005103637,-0.1717237083478916,7.858110551465281,0.069,5.0,5,True,1.9432363068950007,4.668482087029956,False,exploratory,L3,,,,saved_light,,455,,,,,,,L3/l3a_contrasts.csv,random order,G14,,,,,,,True,0.02,,0.0,0.0,,,,-0.1717237083478916,7.858110551465281,0.069,chemotype-blocked,90.0,45.0,False,"saved > 0, permutation p < 0.05, chemotype-blocked CI excludes 0, all five designs",2000.0,2000.0,8675309.0,,,,,0.069,0.1323673469387755
BR,G14_saved_vs_0_dZ=1,3.536080775949197,-1.5846891121031743,5.355241724452812,0.382,5.0,5,True,2.1094683094683093,5.504383141225246,False,exploratory,L3,,,,saved,,60,,,,,,,L3/l3a_contrasts.csv,random order,G14,,,,,,,True,0.02,,0.0,0.0,,,,-1.5846891121031743,5.355241724452812,0.382,chemotype-blocked,90.0,45.0,False,"saved > 0, permutation p < 0.05, chemotype-blocked CI excludes 0, all five designs",2000.0,2000.0,8675309.0,,,,,0.382,0.5319703703703703
BR,G14_saved_vs_0_dZ 2-4,2.14484747416581,-0.1072234883575928,4.307698023172195,0.064,5.0,5,True,1.4189574675656416,2.5145313560473057,False,exploratory,L3,,,,saved,,150,,,,,,,L3/l3a_contrasts.csv,random order,G14,,,,,,,True,0.02,,0.0,0.0,,,,-0.1072234883575928,4.307698023172195,0.064,chemotype-blocked,90.0,45.0,False,"saved > 0, permutation p < 0.05, chemotype-blocked CI excludes 0, all five designs",2000.0,2000.0,8675309.0,,,,,0.064,0.12429752066115703
BR,G14_saved_vs_0_dZ 5-8,1.859504947588896,0.96936324365597,4.073685348986652,0.001,5.0,5,True,1.384047612062894,2.1516124551333964,True,exploratory,L3,,,,saved,,150,,,,,,,L3/l3a_contrasts.csv,random order,G14,,,,,,,True,0.02,,0.0,0.0,,,,0.96936324365597,4.073685348986652,0.001,chemotype-blocked,90.0,45.0,True,"saved > 0, permutation p < 0.05, chemotype-blocked CI excludes 0, all five designs",2000.0,2000.0,8675309.0,,,,,0.001,0.003560606060606061
BR,G14_saved_vs_0_dZ 9-13,1.7105757946137128,0.8670267427199996,4.093444193850619,0.002,5.0,5,True,1.2599306671475143,1.9842107363074932,True,exploratory,L3,,,,saved,,90,,,,,,,L3/l3a_contrasts.csv,random order,G14,,,,,,,True,0.02,,0.0,0.0,,,,0.8670267427199996,4.093444193850619,0.002,chemotype-blocked,90.0,45.0,True,"saved > 0, permutation p < 0.05, chemotype-blocked CI excludes 0, all five designs",2000.0,2000.0,8675309.0,,,,,0.002,0.006573426573426574
BR,HEAVIER_ALWAYS_saved_vs_0,0.0,0.0,0.0,1.0,0.0,5,False,0.0,0.0,False,exploratory,L3,,,,saved,,455,,,,,,,L3/l3a_contrasts.csv,random order,HEAVIER_ALWAYS,,,,,,,False,0.02,,,,,,,0.0,0.0,1.0,chemotype-blocked,90.0,45.0,False,"saved > 0, permutation p < 0.05, chemotype-blocked CI excludes 0, all five designs",2000.0,0.0,8675309.0,,,,,1.0,1.0
BQ,G14_saved_vs_0,2.1789980625836822,0.4682765413067176,4.069607086751335,0.01,5.0,5,True,1.479286917061799,2.699868968662088,True,registered,L3,,,,saved,,455,,,,,,,L3/l3a_contrasts.csv,random order,G14,,,,,,,True,0.02,,0.0,0.0,,,,0.4682765413067176,4.069607086751335,0.01,chemotype-blocked,90.0,45.0,True,"saved > 0, permutation p < 0.05, chemotype-blocked CI excludes 0, all five designs",2000.0,2000.0,8675309.0,,,,,0.01,0.027728613569321534
BQ,G14_saved_heavy_vs_0,0.6678174960682433,-0.1055775618733873,1.711378417243855,0.085,5.0,5,True,0.451523711077697,1.0346970273492473,False,exploratory,L3,,,,saved_heavy,,455,,,,,,,L3/l3a_contrasts.csv,random order,G14,,,,,,,True,0.02,,0.0,0.0,,,,-0.1055775618733873,1.711378417243855,0.085,chemotype-blocked,90.0,45.0,False,"saved > 0, permutation p < 0.05, chemotype-blocked CI excludes 0, all five designs",2000.0,2000.0,8675309.0,,,,,0.085,0.15484496124031008
BQ,G14_saved_light_vs_0,3.69017862909912,-0.1604522097664454,8.036298535103473,0.062,5.0,5,True,1.9238768067743508,4.713873820915548,False,exploratory,L3,,,,saved_light,,455,,,,,,,L3/l3a_contrasts.csv,random order,G14,,,,,,,True,0.02,,0.0,0.0,,,,-0.1604522097664454,8.036298535103473,0.062,chemotype-blocked,90.0,45.0,False,"saved > 0, permutation p < 0.05, chemotype-blocked CI excludes 0, all five designs",2000.0,2000.0,8675309.0,,,,,0.062,0.12192468619246861
BQ,G14_saved_vs_0_dZ=1,3.4457706809516018,-1.6102083454739704,5.126085779305591,0.376,5.0,5,True,1.8476149544899545,5.311196062100668,False,exploratory,L3,,,,saved,,60,,,,,,,L3/l3a_contrasts.csv,random order,G14,,,,,,,True,0.02,,0.0,0.0,,,,-1.6102083454739704,5.126085779305591,0.376,chemotype-blocked,90.0,45.0,False,"saved > 0, permutation p < 0.05, chemotype-blocked CI excludes 0, all five designs",2000.0,2000.0,8675309.0,,,,,0.376,0.5283109118086696
BQ,G14_saved_vs_0_dZ 2-4,2.2459452990588846,0.0229581659519163,4.54434626490372,0.05,5.0,5,True,1.5580410425682891,2.612620239734677,False,exploratory,L3,,,,saved,,150,,,,,,,L3/l3a_contrasts.csv,random order,G14,,,,,,,True,0.02,,0.0,0.0,,,,0.0229581659519163,4.54434626490372,0.05,chemotype-blocked,90.0,45.0,True,"saved > 0, permutation p < 0.05, chemotype-blocked CI excludes 0, all five designs",2000.0,2000.0,8675309.0,,,,,0.05,0.10375275938189846
BQ,G14_saved_vs_0_dZ 5-8,1.874044867642452,0.9600150008079904,4.115799044517601,0.0,5.0,5,True,1.3791521730219445,2.165984409937296,True,exploratory,L3,,,,saved,,150,,,,,,,L3/l3a_contrasts.csv,random order,G14,,,,,,,True,0.02,,0.0,0.0,,,,0.9600150008079904,4.115799044517601,0.0,chemotype-blocked,90.0,45.0,True,"saved > 0, permutation p < 0.05, chemotype-blocked CI excludes 0, all five designs",2000.0,2000.0,8675309.0,,,,,0.0,0.0
BQ,G14_saved_vs_0_dZ 9-13,1.725337681764345,0.8653063031813971,4.128016964295137,0.0,5.0,5,True,1.2653118309374758,1.9987627394533192,True,exploratory,L3,,,,saved,,90,,,,,,,L3/l3a_contrasts.csv,random order,G14,,,,,,,True,0.02,,0.0,0.0,,,,0.8653063031813971,4.128016964295137,0.0,chemotype-blocked,90.0,45.0,True,"saved > 0, permutation p < 0.05, chemotype-blocked CI excludes 0, all five designs",2000.0,2000.0,8675309.0,,,,,0.0,0.0
BQ,HEAVIER_ALWAYS_saved_vs_0,0.0,0.0,0.0,1.0,0.0,5,False,0.0,0.0,False,exploratory,L3,,,,saved,,455,,,,,,,L3/l3a_contrasts.csv,random order,HEAVIER_ALWAYS,,,,,,,False,0.02,,,,,,,0.0,0.0,1.0,chemotype-blocked,90.0,45.0,False,"saved > 0, permutation p < 0.05, chemotype-blocked CI excludes 0, all five designs",2000.0,0.0,8675309.0,,,,,1.0,1.0
A,G14_saved_vs_0,2.4915092721446888,0.7708890886974877,4.544156307830471,0.004,5.0,5,True,1.7036497146645009,3.0549015635054664,True,registered,L3,,,,saved,,455,,,,,,,L3/l3a_contrasts.csv,random order,G14,,,,,,,True,0.02,,0.0,0.0,,,,0.7708890886974877,4.544156307830471,0.004,chemotype-blocked,90.0,45.0,True,"saved > 0, permutation p < 0.05, chemotype-blocked CI excludes 0, all five designs",2000.0,2000.0,8675309.0,,,,,0.004,0.012129032258064517
A,G14_saved_heavy_vs_0,0.7008260490377355,-0.1522701222240798,1.7112158350878648,0.106,5.0,5,True,0.4824329229736624,1.0312986056536455,False,exploratory,L3,,,,saved_heavy,,455,,,,,,,L3/l3a_contrasts.csv,random order,G14,,,,,,,True,0.02,,0.0,0.0,,,,-0.1522701222240798,1.7112158350878648,0.106,chemotype-blocked,90.0,45.0,False,"saved > 0, permutation p < 0.05, chemotype-blocked CI excludes 0, all five designs",2000.0,2000.0,8675309.0,,,,,0.106,0.1862429906542056
A,G14_saved_light_vs_0,4.282192495251642,0.4324404091699766,9.030511604508206,0.024,5.0,5,True,2.376000823675355,5.390319921500304,True,exploratory,L3,,,,saved_light,,455,,,,,,,L3/l3a_contrasts.csv,random order,G14,,,,,,,True,0.02,,0.0,0.0,,,,0.4324404091699766,9.030511604508206,0.024,chemotype-blocked,90.0,45.0,True,"saved > 0, permutation p < 0.05, chemotype-blocked CI excludes 0, all five designs",2000.0,2000.0,8675309.0,,,,,0.024,0.05711392405063291
A,G14_saved_vs_0_dZ=1,4.764534162840084,-1.1614482834873463,6.663715900857518,0.215,5.0,5,True,2.507841464091464,6.924654108683714,False,exploratory,L3,,,,saved,,60,,,,,,,L3/l3a_contrasts.csv,random order,G14,,,,,,,True,0.02,,0.0,0.0,,,,-1.1614482834873463,6.663715900857518,0.215,chemotype-blocked,90.0,45.0,False,"saved > 0, permutation p < 0.05, chemotype-blocked CI excludes 0, all five designs",2000.0,2000.0,8675309.0,,,,,0.215,0.3357142857142857
A,G14_saved_vs_0_dZ 2-4,2.553292286218121,0.4825515205667173,5.047660073257452,0.018,5.0,5,True,1.8586409187599848,2.9312357192622374,True,exploratory,L3,,,,saved,,150,,,,,,,L3/l3a_contrasts.csv,random order,G14,,,,,,,True,0.02,,0.0,0.0,,,,0.4825515205667173,5.047660073257452,0.018,chemotype-blocked,90.0,45.0,True,"saved > 0, permutation p < 0.05, chemotype-blocked CI excludes 0, all five designs",2000.0,2000.0,8675309.0,,,,,0.018,0.045
A,G14_saved_vs_0_dZ 5-8,1.984009393115421,1.1543218187281403,4.463005725583105,0.001,5.0,5,True,1.4880702762515294,2.303322474729865,True,exploratory,L3,,,,saved,,150,,,,,,,L3/l3a_contrasts.csv,random order,G14,,,,,,,True,0.02,,0.0,0.0,,,,1.1543218187281403,4.463005725583105,0.001,chemotype-blocked,90.0,45.0,True,"saved > 0, permutation p < 0.05, chemotype-blocked CI excludes 0, all five designs",2000.0,2000.0,8675309.0,,,,,0.001,0.003560606060606061
A,G14_saved_vs_0_dZ 9-13,1.7315037446959178,0.9066158965960914,4.135271377920263,0.002,5.0,5,True,1.2766755285860032,2.0048972787897714,True,exploratory,L3,,,,saved,,90,,,,,,,L3/l3a_contrasts.csv,random order,G14,,,,,,,True,0.02,,0.0,0.0,,,,0.9066158965960914,4.135271377920263,0.002,chemotype-blocked,90.0,45.0,True,"saved > 0, permutation p < 0.05, chemotype-blocked CI excludes 0, all five designs",2000.0,2000.0,8675309.0,,,,,0.002,0.006573426573426574
A,HEAVIER_ALWAYS_saved_vs_0,0.0,0.0,0.0,1.0,0.0,5,False,0.0,0.0,False,exploratory,L3,,,,saved,,455,,,,,,,L3/l3a_contrasts.csv,random order,HEAVIER_ALWAYS,,,,,,,False,0.02,,,,,,,0.0,0.0,1.0,chemotype-blocked,90.0,45.0,False,"saved > 0, permutation p < 0.05, chemotype-blocked CI excludes 0, all five designs",2000.0,0.0,8675309.0,,,,,1.0,1.0
BP,G14_saved_vs_0,1.988219820835213,0.442490226935938,3.7807742090797767,0.009,5.0,5,True,1.4590597904568805,2.540609842834592,True,registered,L3,,,,saved,,455,,,,,,,L3/l3a_contrasts.csv,random order,G14,,,,,,,True,0.02,,0.0,0.0,,,,0.442490226935938,3.7807742090797767,0.009,chemotype-blocked,90.0,45.0,True,"saved > 0, permutation p < 0.05, chemotype-blocked CI excludes 0, all five designs",2000.0,2000.0,8675309.0,,,,,0.009,0.02525373134328358
BP,G14_saved_heavy_vs_0,0.3266933843724574,-0.4600291673769139,1.4754521462707784,0.455,4.0,5,True,0.2088497406444565,0.8491856713269742,False,exploratory,L3,,,,saved_heavy,,455,,,,,,,L3/l3a_contrasts.csv,random order,G14,,,,,,,True,0.02,,0.0005,0.0005,,,,-0.4600291673769139,1.4754521462707784,0.455,chemotype-blocked,90.0,45.0,False,"saved > 0, permutation p < 0.05, chemotype-blocked CI excludes 0, all five designs",2000.0,2000.0,8675309.0,,,,,0.455,0.6083926031294452
BP,G14_saved_light_vs_0,3.64974625729797,0.069343485408549,7.819907956577962,0.044,5.0,5,True,2.0689339095867862,4.710882579412671,True,exploratory,L3,,,,saved_light,,455,,,,,,,L3/l3a_contrasts.csv,random order,G14,,,,,,,True,0.02,,0.0,0.0,,,,0.069343485408549,7.819907956577962,0.044,chemotype-blocked,90.0,45.0,True,"saved > 0, permutation p < 0.05, chemotype-blocked CI excludes 0, all five designs",2000.0,2000.0,8675309.0,,,,,0.044,0.094
BP,G14_saved_vs_0_dZ=1,2.8094523394702167,-1.5362016031938777,4.424653313510678,0.464,5.0,5,True,1.8687841938921743,4.8066072943869,False,exploratory,L3,,,,saved,,60,,,,,,,L3/l3a_contrasts.csv,random order,G14,,,,,,,True,0.02,,0.0,0.0,,,,-1.5362016031938777,4.424653313510678,0.464,chemotype-blocked,90.0,45.0,False,"saved > 0, permutation p < 0.05, chemotype-blocked CI excludes 0, all five designs",2000.0,2000.0,8675309.0,,,,,0.464,0.616045197740113
BP,G14_saved_vs_0_dZ 2-4,1.8416646092634248,-0.4817842923885085,3.6675060095752494,0.097,5.0,5,True,1.296585074247164,2.2500659778629237,False,exploratory,L3,,,,saved,,150,,,,,,,L3/l3a_contrasts.csv,random order,G14,,,,,,,True,0.02,,0.0,0.0,,,,-0.4817842923885085,3.6675060095752494,0.097,chemotype-blocked,90.0,45.0,False,"saved > 0, permutation p < 0.05, chemotype-blocked CI excludes 0, all five designs",2000.0,2000.0,8675309.0,,,,,0.097,0.17467432950191572
BP,G14_saved_vs_0_dZ 5-8,1.93044119629199,1.089388244631711,4.331944373516765,0.002,5.0,5,True,1.4606173950858168,2.257325998046735,True,exploratory,L3,,,,saved,,150,,,,,,,L3/l3a_contrasts.csv,random order,G14,,,,,,,True,0.02,,0.0,0.0,,,,1.089388244631711,4.331944373516765,0.002,chemotype-blocked,90.0,45.0,True,"saved > 0, permutation p < 0.05, chemotype-blocked CI excludes 0, all five designs",2000.0,2000.0,8675309.0,,,,,0.002,0.006573426573426574
BP,G14_saved_vs_0_dZ 9-13,1.7636209600220156,0.9485316550393144,4.27806403028029,0.001,5.0,5,True,1.303047773328991,2.0374520413575605,True,exploratory,L3,,,,saved,,90,,,,,,,L3/l3a_contrasts.csv,random order,G14,,,,,,,True,0.02,,0.0,0.0,,,,0.9485316550393144,4.27806403028029,0.001,chemotype-blocked,90.0,45.0,True,"saved > 0, permutation p < 0.05, chemotype-blocked CI excludes 0, all five designs",2000.0,2000.0,8675309.0,,,,,0.001,0.003560606060606061
BP,HEAVIER_ALWAYS_saved_vs_0,0.0,0.0,0.0,1.0,0.0,5,False,0.0,0.0,False,exploratory,L3,,,,saved,,455,,,,,,,L3/l3a_contrasts.csv,random order,HEAVIER_ALWAYS,,,,,,,False,0.02,,,,,,,0.0,0.0,1.0,chemotype-blocked,90.0,45.0,False,"saved > 0, permutation p < 0.05, chemotype-blocked CI excludes 0, all five designs",2000.0,0.0,8675309.0,,,,,1.0,1.0
B,G14k1_minus_NAIVE_regret,0.0031823470267847,-0.025230526902466,0.021973407137015,0.927,2.0,5,False,-0.0193948311921097,0.0110339893846418,False,registered,L3,,,,regret,,455,,,,,,,L3/l3c_contrasts.csv,NAIVE_LINE@k1,G14@k1,,,,,,,False,0.02,,0.0,0.927,-0.0139468009188419,0.0197782719611432,0.732,-0.025230526902466,0.021973407137015,0.927,chemotype-blocked,89.0,44.0,False,"conservative p (max of task bootstrap, blocked bootstrap, permutation) < 0.05 with gain > 0 in all five designs",2000.0,2000.0,8675309.0,,,,,0.927,0.9575604395604396
B,G14k1_minus_NAIVE_spearman,-0.0229280510512138,-0.048806988053546,-0.0047139268079714,0.015,0.0,5,True,-0.0272194727794797,-0.0164754430396376,False,registered,L3,,,,spearman,,455,,,,,,,L3/l3c_contrasts.csv,NAIVE_LINE@k1,G14@k1,,,,,,,True,0.02,,0.0,0.015,-0.0295240415546305,-0.0172472238024602,0.0,-0.048806988053546,-0.0047139268079714,0.015,chemotype-blocked,89.0,44.0,False,"conservative p (max of task bootstrap, blocked bootstrap, permutation) < 0.05 with gain > 0 in all five designs",2000.0,2000.0,8675309.0,,,,,0.015,0.03873626373626374
B,G14k1_minus_NAIVE_top1,0.0131868131868131,-0.0428571428571428,0.0373626373626373,0.92,2.0,5,False,-0.034065934065934,0.0219780219780219,False,exploratory,L3,,,,top1,,455,,,,,,,L3/l3c_contrasts.csv,NAIVE_LINE@k1,G14@k1,,,,,,,False,0.02,,0.0,0.92,-0.0032967032967032,0.029697802197802,0.125,-0.0428571428571428,0.0373626373626373,0.92,chemotype-blocked,89.0,44.0,False,"conservative p (max of task bootstrap, blocked bootstrap, permutation) < 0.05 with gain > 0 in all five designs",2000.0,2000.0,8675309.0,,,,,0.92,0.9557878453038675
B,G14k1_minus_G14zs_regret,1.1925296466881303,0.7618160495616617,1.3177117908047584,0.0,5.0,5,True,1.037012710838654,1.222874471400178,True,exploratory,L3,,,,regret,,455,,,,,,,L3/l3c_contrasts.csv,G14,G14@k1,,,,,,,True,0.02,,0.0,0.0,1.1070347574764106,1.2764370134746692,0.0,0.7618160495616617,1.3177117908047584,0.0,chemotype-blocked,89.0,44.0,True,"conservative p (max of task bootstrap, blocked bootstrap, permutation) < 0.05 with gain > 0 in all five designs",2000.0,2000.0,8675309.0,,,,,0.0,0.0
B,G14k1_minus_G14zs_spearman,0.4272966557931363,0.2654777266724177,0.6280563147143873,0.0,5.0,5,True,0.3551694179162823,0.4900271531351442,True,exploratory,L3,,,,spearman,,455,,,,,,,L3/l3c_contrasts.csv,G14,G14@k1,,,,,,,True,0.02,,0.0,0.0,0.4117173236485021,0.4422337484889687,0.0,0.2654777266724177,0.6280563147143873,0.0,chemotype-blocked,89.0,44.0,True,"conservative p (max of task bootstrap, blocked bootstrap, permutation) < 0.05 with gain > 0 in all five designs",2000.0,2000.0,8675309.0,,,,,0.0,0.0
B,G14k1_minus_RANDOM_regret,1.4257296059872986,0.9893668099924088,1.448442663496966,0.0,5.0,5,True,1.3012931744341028,1.435197417265504,True,exploratory,L3,,,,regret,,455,,,,,,,L3/l3c_contrasts.csv,_RANDOM,G14@k1,,,,,,,True,0.02,,0.0,0.0,1.3285011147691423,1.5153836327620138,0.0,0.9893668099924088,1.448442663496966,0.0,chemotype-blocked,89.0,44.0,True,"conservative p (max of task bootstrap, blocked bootstrap, permutation) < 0.05 with gain > 0 in all five designs",2000.0,2000.0,8675309.0,,,,,0.0,0.0
B,G14k1_minus_RANDOM_spearman,0.776196928379423,0.656243667286711,0.8102219508632084,0.0,5.0,5,True,0.7278090447603092,0.7867820441129826,True,exploratory,L3,,,,spearman,,455,,,,,,,L3/l3c_contrasts.csv,_RANDOM,G14@k1,,,,,,,True,0.02,,0.0,0.0,0.7545372548708096,0.7955998431393617,0.0,0.656243667286711,0.8102219508632084,0.0,chemotype-blocked,89.0,44.0,True,"conservative p (max of task bootstrap, blocked bootstrap, permutation) < 0.05 with gain > 0 in all five designs",2000.0,2000.0,8675309.0,,,,,0.0,0.0
B,NAIVE_minus_RANDOM_regret,1.422547258960514,0.9863217793768144,1.4454712553595226,0.0,5.0,5,True,1.3206880056262125,1.4344654042825995,True,exploratory,L3,,,,regret,,455,,,,,,,L3/l3c_contrasts.csv,_RANDOM,NAIVE_LINE@k1,,,,,,,True,0.02,,0.0,0.0,1.324562140218718,1.5131309860219615,0.0,0.9863217793768144,1.4454712553595226,0.0,chemotype-blocked,89.0,44.0,True,"conservative p (max of task bootstrap, blocked bootstrap, permutation) < 0.05 with gain > 0 in all five designs",2000.0,2000.0,8675309.0,,,,,0.0,0.0
B,NAIVE_minus_RANDOM_spearman,0.7991249794306368,0.6886275991615117,0.8330760836729388,0.0,5.0,5,True,0.753377334285499,0.809767640131043,True,exploratory,L3,,,,spearman,,455,,,,,,,L3/l3c_contrasts.csv,_RANDOM,NAIVE_LINE@k1,,,,,,,True,0.02,,0.0,0.0,0.7820170365914205,0.8152475190604047,0.0,0.6886275991615117,0.8330760836729388,0.0,chemotype-blocked,89.0,44.0,True,"conservative p (max of task bootstrap, blocked bootstrap, permutation) < 0.05 with gain > 0 in all five designs",2000.0,2000.0,8675309.0,,,,,0.0,0.0
BR,G14k1_minus_NAIVE_regret,0.0018102920181843,-0.0248149686247218,0.0265974396553142,0.997,3.0,5,False,-0.0199169549571907,0.0121084834070529,False,registered,L3,,,,regret,,455,,,,,,,L3/l3c_contrasts.csv,NAIVE_LINE@k1,G14@k1,,,,,,,False,0.02,,0.0,0.997,-0.0144117621362695,0.0186160950525107,0.838,-0.0248149686247218,0.0265974396553142,0.997,chemotype-blocked,89.0,44.0,False,"conservative p (max of task bootstrap, blocked bootstrap, permutation) < 0.05 with gain > 0 in all five designs",2000.0,2000.0,8675309.0,,,,,0.997,1.0
BR,G14k1_minus_NAIVE_spearman,-0.0216663306500021,-0.0482509139317565,-0.0034066419913208,0.026,0.0,5,True,-0.026464286688584,-0.0153389383209363,False,registered,L3,,,,spearman,,455,,,,,,,L3/l3c_contrasts.csv,NAIVE_LINE@k1,G14@k1,,,,,,,True,0.02,,0.0,0.026,-0.0278851748794268,-0.016005834259362,0.0,-0.0482509139317565,-0.0034066419913208,0.026,chemotype-blocked,89.0,44.0,False,"conservative p (max of task bootstrap, blocked bootstrap, permutation) < 0.05 with gain > 0 in all five designs",2000.0,2000.0,8675309.0,,,,,0.026,0.0615617128463476
BR,G14k1_minus_NAIVE_top1,0.0109890109890109,-0.0395604395604395,0.0351923076923075,0.943,2.0,5,False,-0.034065934065934,0.0197802197802197,False,exploratory,L3,,,,top1,,455,,,,,,,L3/l3c_contrasts.csv,NAIVE_LINE@k1,G14@k1,,,,,,,False,0.02,,0.0,0.943,-0.0054945054945054,0.0285714285714285,0.19,-0.0395604395604395,0.0351923076923075,0.943,chemotype-blocked,89.0,44.0,False,"conservative p (max of task bootstrap, blocked bootstrap, permutation) < 0.05 with gain > 0 in all five designs",2000.0,2000.0,8675309.0,,,,,0.943,0.9666521264994546
BR,G14k1_minus_G14zs_regret,1.105253809934661,0.6755324343921673,1.2164314156926184,0.0,5.0,5,True,0.9816673096249848,1.1497485272058543,True,exploratory,L3,,,,regret,,455,,,,,,,L3/l3c_contrasts.csv,G14,G14@k1,,,,,,,True,0.02,,0.0,0.0,1.0218078848060297,1.1881003466633322,0.0,0.6755324343921673,1.2164314156926184,0.0,chemotype-blocked,89.0,44.0,True,"conservative p (max of task bootstrap, blocked bootstrap, permutation) < 0.05 with gain > 0 in all five designs",2000.0,2000.0,8675309.0,,,,,0.0,0.0
BR,G14k1_minus_G14zs_spearman,0.3760691759949164,0.2498442806237834,0.5392823048704003,0.0,5.0,5,True,0.3278285797688602,0.4290207691042491,True,exploratory,L3,,,,spearman,,455,,,,,,,L3/l3c_contrasts.csv,G14,G14@k1,,,,,,,True,0.02,,0.0,0.0,0.3616745046774003,0.3900056218661714,0.0,0.2498442806237834,0.5392823048704003,0.0,chemotype-blocked,89.0,44.0,True,"conservative p (max of task bootstrap, blocked bootstrap, permutation) < 0.05 with gain > 0 in all five designs",2000.0,2000.0,8675309.0,,,,,0.0,0.0
BR,G14k1_minus_RANDOM_regret,1.4243575509786983,0.9929442377759928,1.447596388430167,0.0,5.0,5,True,1.3007710506690218,1.4329813263387237,True,exploratory,L3,,,,regret,,455,,,,,,,L3/l3c_contrasts.csv,_RANDOM,G14@k1,,,,,,,True,0.02,,0.0,0.0,1.3266465494250288,1.5163022778219224,0.0,0.9929442377759928,1.447596388430167,0.0,chemotype-blocked,89.0,44.0,True,"conservative p (max of task bootstrap, blocked bootstrap, permutation) < 0.05 with gain > 0 in all five designs",2000.0,2000.0,8675309.0,,,,,0.0,0.0
BR,G14k1_minus_RANDOM_spearman,0.7774586487806348,0.6571026209263582,0.8110416880261001,0.0,5.0,5,True,0.729697678511841,0.7881888783352105,True,exploratory,L3,,,,spearman,,455,,,,,,,L3/l3c_contrasts.csv,_RANDOM,G14@k1,,,,,,,True,0.02,,0.0,0.0,0.7560149723757643,0.7971017776339361,0.0,0.6571026209263582,0.8110416880261001,0.0,chemotype-blocked,89.0,44.0,True,"conservative p (max of task bootstrap, blocked bootstrap, permutation) < 0.05 with gain > 0 in all five designs",2000.0,2000.0,8675309.0,,,,,0.0,0.0
BR,NAIVE_minus_RANDOM_regret,1.422547258960514,0.9863217793768144,1.4454712553595226,0.0,5.0,5,True,1.3206880056262125,1.4344654042825995,True,exploratory,L3,,,,regret,,455,,,,,,,L3/l3c_contrasts.csv,_RANDOM,NAIVE_LINE@k1,,,,,,,True,0.02,,0.0,0.0,1.324562140218718,1.5131309860219615,0.0,0.9863217793768144,1.4454712553595226,0.0,chemotype-blocked,89.0,44.0,True,"conservative p (max of task bootstrap, blocked bootstrap, permutation) < 0.05 with gain > 0 in all five designs",2000.0,2000.0,8675309.0,,,,,0.0,0.0
BR,NAIVE_minus_RANDOM_spearman,0.7991249794306368,0.6886275991615117,0.8330760836729388,0.0,5.0,5,True,0.753377334285499,0.809767640131043,True,exploratory,L3,,,,spearman,,455,,,,,,,L3/l3c_contrasts.csv,_RANDOM,NAIVE_LINE@k1,,,,,,,True,0.02,,0.0,0.0,0.7820170365914205,0.8152475190604047,0.0,0.6886275991615117,0.8330760836729388,0.0,chemotype-blocked,89.0,44.0,True,"conservative p (max of task bootstrap, blocked bootstrap, permutation) < 0.05 with gain > 0 in all five designs",2000.0,2000.0,8675309.0,,,,,0.0,0.0
BQ,G14k1_minus_NAIVE_regret,-0.0029088389131337,-0.0252614722912908,0.0197398163267343,0.744,2.0,5,False,-0.02296781778016,0.0058084040678002,False,registered,L3,,,,regret,,455,,,,,,,L3/l3c_contrasts.csv,NAIVE_LINE@k1,G14@k1,,,,,,,False,0.02,,0.0,0.744,-0.019944159811683,0.0132325067276585,0.708,-0.0252614722912908,0.0197398163267343,0.744,chemotype-blocked,89.0,44.0,False,"conservative p (max of task bootstrap, blocked bootstrap, permutation) < 0.05 with gain > 0 in all five designs",2000.0,2000.0,8675309.0,,,,,0.744,0.8385611510791368
BQ,G14k1_minus_NAIVE_spearman,-0.0230078326193264,-0.0516548681782278,-0.0052026994709863,0.013,0.0,5,True,-0.0279448337760172,-0.0166174843439801,False,registered,L3,,,,spearman,,455,,,,,,,L3/l3c_contrasts.csv,NAIVE_LINE@k1,G14@k1,,,,,,,True,0.02,,0.0,0.013,-0.0295745126379503,-0.0173975940600485,0.0,-0.0516548681782278,-0.0052026994709863,0.013,chemotype-blocked,89.0,44.0,False,"conservative p (max of task bootstrap, blocked bootstrap, permutation) < 0.05 with gain > 0 in all five designs",2000.0,2000.0,8675309.0,,,,,0.013,0.034617563739376765
BQ,G14k1_minus_NAIVE_top1,0.0054945054945054,-0.0483516483516483,0.0329670329670329,0.878,2.0,5,False,-0.034065934065934,0.0142857142857142,False,exploratory,L3,,,,top1,,455,,,,,,,L3/l3c_contrasts.csv,NAIVE_LINE@k1,G14@k1,,,,,,,False,0.02,,0.0,0.878,-0.0109890109890109,0.0219780219780219,0.526,-0.0483516483516483,0.0329670329670329,0.878,chemotype-blocked,89.0,44.0,False,"conservative p (max of task bootstrap, blocked bootstrap, permutation) < 0.05 with gain > 0 in all five designs",2000.0,2000.0,8675309.0,,,,,0.878,0.9273258426966293
BQ,G14k1_minus_G14zs_regret,1.1906061121205824,0.757811353319759,1.323692876945112,0.0,5.0,5,True,1.0382307215924895,1.2223970306643932,True,exploratory,L3,,,,regret,,455,,,,,,,L3/l3c_contrasts.csv,G14,G14@k1,,,,,,,True,0.02,,0.0,0.0,1.1024250118122547,1.2783624877807476,0.0,0.757811353319759,1.323692876945112,0.0,chemotype-blocked,89.0,44.0,True,"conservative p (max of task bootstrap, blocked bootstrap, permutation) < 0.05 with gain > 0 in all five designs",2000.0,2000.0,8675309.0,,,,,0.0,0.0
BQ,G14k1_minus_G14zs_spearman,0.4146803781330083,0.2679407843524448,0.5969234618491647,0.0,5.0,5,True,0.3511863396386081,0.4711418876152917,True,exploratory,L3,,,,spearman,,455,,,,,,,L3/l3c_contrasts.csv,G14,G14@k1,,,,,,,True,0.02,,0.0,0.0,0.3996607399032313,0.4295291137725479,0.0,0.2679407843524448,0.5969234618491647,0.0,chemotype-blocked,89.0,44.0,True,"conservative p (max of task bootstrap, blocked bootstrap, permutation) < 0.05 with gain > 0 in all five designs",2000.0,2000.0,8675309.0,,,,,0.0,0.0
BQ,G14k1_minus_RANDOM_regret,1.4196384200473804,0.986066201260836,1.4448153923911056,0.0,5.0,5,True,1.2977201878460525,1.4336172739579134,True,exploratory,L3,,,,regret,,455,,,,,,,L3/l3c_contrasts.csv,_RANDOM,G14@k1,,,,,,,True,0.02,,0.0,0.0,1.3216353122052191,1.50858431634599,0.0,0.986066201260836,1.4448153923911056,0.0,chemotype-blocked,89.0,44.0,True,"conservative p (max of task bootstrap, blocked bootstrap, permutation) < 0.05 with gain > 0 in all five designs",2000.0,2000.0,8675309.0,,,,,0.0,0.0
BQ,G14k1_minus_RANDOM_spearman,0.7761171468113103,0.655070805488929,0.8102761128233483,0.0,5.0,5,True,0.7269924467231343,0.7866267054880743,True,exploratory,L3,,,,spearman,,455,,,,,,,L3/l3c_contrasts.csv,_RANDOM,G14@k1,,,,,,,True,0.02,,0.0,0.0,0.7545576629157287,0.7953368720419312,0.0,0.655070805488929,0.8102761128233483,0.0,chemotype-blocked,89.0,44.0,True,"conservative p (max of task bootstrap, blocked bootstrap, permutation) < 0.05 with gain > 0 in all five designs",2000.0,2000.0,8675309.0,,,,,0.0,0.0
BQ,NAIVE_minus_RANDOM_regret,1.422547258960514,0.9863217793768144,1.4454712553595226,0.0,5.0,5,True,1.3206880056262125,1.4344654042825995,True,exploratory,L3,,,,regret,,455,,,,,,,L3/l3c_contrasts.csv,_RANDOM,NAIVE_LINE@k1,,,,,,,True,0.02,,0.0,0.0,1.324562140218718,1.5131309860219615,0.0,0.9863217793768144,1.4454712553595226,0.0,chemotype-blocked,89.0,44.0,True,"conservative p (max of task bootstrap, blocked bootstrap, permutation) < 0.05 with gain > 0 in all five designs",2000.0,2000.0,8675309.0,,,,,0.0,0.0
BQ,NAIVE_minus_RANDOM_spearman,0.7991249794306368,0.6886275991615117,0.8330760836729388,0.0,5.0,5,True,0.753377334285499,0.809767640131043,True,exploratory,L3,,,,spearman,,455,,,,,,,L3/l3c_contrasts.csv,_RANDOM,NAIVE_LINE@k1,,,,,,,True,0.02,,0.0,0.0,0.7820170365914205,0.8152475190604047,0.0,0.6886275991615117,0.8330760836729388,0.0,chemotype-blocked,89.0,44.0,True,"conservative p (max of task bootstrap, blocked bootstrap, permutation) < 0.05 with gain > 0 in all five designs",2000.0,2000.0,8675309.0,,,,,0.0,0.0
A,G14k1_minus_NAIVE_regret,-0.0167952772600623,-0.0328807333338442,0.0132414454259923,0.335,2.0,5,True,-0.0274718324056117,-0.0081902223667667,False,registered,L3,,,,regret,,455,,,,,,,L3/l3c_contrasts.csv,NAIVE_LINE@k1,G14@k1,,,,,,,True,0.02,,0.0,0.335,-0.0361993207696963,0.0008664014121868,0.064,-0.0328807333338442,0.0132414454259923,0.335,chemotype-blocked,89.0,44.0,False,"conservative p (max of task bootstrap, blocked bootstrap, permutation) < 0.05 with gain > 0 in all five designs",2000.0,2000.0,8675309.0,,,,,0.335,0.48475076923076926
A,G14k1_minus_NAIVE_spearman,-0.0216827602196037,-0.0455282544763528,-0.0034279947782774,0.023,0.0,5,True,-0.0248797566964938,-0.0154437841116483,False,registered,L3,,,,spearman,,455,,,,,,,L3/l3c_contrasts.csv,NAIVE_LINE@k1,G14@k1,,,,,,,True,0.02,,0.0,0.023,-0.0280051138206634,-0.0160115798672985,0.0,-0.0455282544763528,-0.0034279947782774,0.023,chemotype-blocked,89.0,44.0,False,"conservative p (max of task bootstrap, blocked bootstrap, permutation) < 0.05 with gain > 0 in all five designs",2000.0,2000.0,8675309.0,,,,,0.023,0.05487309644670051
A,G14k1_minus_NAIVE_top1,-0.0186813186813186,-0.0582417582417582,0.0175824175824175,0.228,0.0,5,True,-0.0439560439560439,-0.0098901098901098,False,exploratory,L3,,,,top1,,455,,,,,,,L3/l3c_contrasts.csv,NAIVE_LINE@k1,G14@k1,,,,,,,True,0.02,,0.0,0.228,-0.0329670329670329,-0.0054945054945054,0.007,-0.0582417582417582,0.0175824175824175,0.228,chemotype-blocked,89.0,44.0,False,"conservative p (max of task bootstrap, blocked bootstrap, permutation) < 0.05 with gain > 0 in all five designs",2000.0,2000.0,8675309.0,,,,,0.228,0.35308072487644154
A,G14k1_minus_G14zs_regret,1.1118336907619173,0.7088480155412658,1.2329556564028594,0.0,5.0,5,True,0.999297882282067,1.18247115133312,True,exploratory,L3,,,,regret,,455,,,,,,,L3/l3c_contrasts.csv,G14,G14@k1,,,,,,,True,0.02,,0.0,0.0,1.0303014072254992,1.1964309423015564,0.0,0.7088480155412658,1.2329556564028594,0.0,chemotype-blocked,89.0,44.0,True,"conservative p (max of task bootstrap, blocked bootstrap, permutation) < 0.05 with gain > 0 in all five designs",2000.0,2000.0,8675309.0,,,,,0.0,0.0
A,G14k1_minus_G14zs_spearman,0.3958437728475479,0.2864019677014486,0.5399860656345629,0.0,5.0,5,True,0.351412239070332,0.4285269209778694,True,exploratory,L3,,,,spearman,,455,,,,,,,L3/l3c_contrasts.csv,G14,G14@k1,,,,,,,True,0.02,,0.0,0.0,0.3783861278694884,0.4117246598176002,0.0,0.2864019677014486,0.5399860656345629,0.0,chemotype-blocked,89.0,44.0,True,"conservative p (max of task bootstrap, blocked bootstrap, permutation) < 0.05 with gain > 0 in all five designs",2000.0,2000.0,8675309.0,,,,,0.0,0.0
A,G14k1_minus_RANDOM_regret,1.405751981700452,0.98722571951424,1.438562456237639,0.0,5.0,5,True,1.293216173220601,1.4222346629016809,True,exploratory,L3,,,,regret,,455,,,,,,,L3/l3c_contrasts.csv,_RANDOM,G14@k1,,,,,,,True,0.02,,0.0,0.0,1.3094600065405635,1.5053539160170044,0.0,0.98722571951424,1.438562456237639,0.0,chemotype-blocked,89.0,44.0,True,"conservative p (max of task bootstrap, blocked bootstrap, permutation) < 0.05 with gain > 0 in all five designs",2000.0,2000.0,8675309.0,,,,,0.0,0.0
A,G14k1_minus_RANDOM_spearman,0.7774422192110333,0.6630826052501416,0.8102389903580168,0.0,5.0,5,True,0.7294903191988076,0.7877601423328009,True,exploratory,L3,,,,spearman,,455,,,,,,,L3/l3c_contrasts.csv,_RANDOM,G14@k1,,,,,,,True,0.02,,0.0,0.0,0.757372640614782,0.7964733347457564,0.0,0.6630826052501416,0.8102389903580168,0.0,chemotype-blocked,89.0,44.0,True,"conservative p (max of task bootstrap, blocked bootstrap, permutation) < 0.05 with gain > 0 in all five designs",2000.0,2000.0,8675309.0,,,,,0.0,0.0
A,NAIVE_minus_RANDOM_regret,1.422547258960514,0.9863217793768144,1.4454712553595226,0.0,5.0,5,True,1.3206880056262125,1.4344654042825995,True,exploratory,L3,,,,regret,,455,,,,,,,L3/l3c_contrasts.csv,_RANDOM,NAIVE_LINE@k1,,,,,,,True,0.02,,0.0,0.0,1.326655449746455,1.5205547623923714,0.0,0.9863217793768144,1.4454712553595226,0.0,chemotype-blocked,89.0,44.0,True,"conservative p (max of task bootstrap, blocked bootstrap, permutation) < 0.05 with gain > 0 in all five designs",2000.0,2000.0,8675309.0,,,,,0.0,0.0
A,NAIVE_minus_RANDOM_spearman,0.7991249794306368,0.6886275991615117,0.8330760836729387,0.0,5.0,5,True,0.7533773342854994,0.809767640131043,True,exploratory,L3,,,,spearman,,455,,,,,,,L3/l3c_contrasts.csv,_RANDOM,NAIVE_LINE@k1,,,,,,,True,0.02,,0.0,0.0,0.7823560257476003,0.8149382041893372,0.0,0.6886275991615117,0.8330760836729387,0.0,chemotype-blocked,89.0,44.0,True,"conservative p (max of task bootstrap, blocked bootstrap, permutation) < 0.05 with gain > 0 in all five designs",2000.0,2000.0,8675309.0,,,,,0.0,0.0
BP,G14k1_minus_NAIVE_regret,-0.0210382205834268,-0.0418172457497953,0.0206460404170225,0.461,1.0,5,True,-0.0365126408425462,-0.0071402657823521,False,registered,L3,,,,regret,,455,,,,,,,L3/l3c_contrasts.csv,NAIVE_LINE@k1,G14@k1,,,,,,,True,0.02,,0.0,0.461,-0.041790350361266,-0.0019305145698582,0.03,-0.0418172457497953,0.0206460404170225,0.461,chemotype-blocked,89.0,44.0,False,"conservative p (max of task bootstrap, blocked bootstrap, permutation) < 0.05 with gain > 0 in all five designs",2000.0,2000.0,8675309.0,,,,,0.461,0.612927864214993
BP,G14k1_minus_NAIVE_spearman,-0.0268296395328392,-0.0505270210466491,-0.0064574067038265,0.013,0.0,5,True,-0.0321226134573341,-0.0209563924281176,False,registered,L3,,,,spearman,,455,,,,,,,L3/l3c_contrasts.csv,NAIVE_LINE@k1,G14@k1,,,,,,,True,0.02,,0.0,0.013,-0.0338653048322436,-0.02050588007927,0.0,-0.0505270210466491,-0.0064574067038265,0.013,chemotype-blocked,89.0,44.0,False,"conservative p (max of task bootstrap, blocked bootstrap, permutation) < 0.05 with gain > 0 in all five designs",2000.0,2000.0,8675309.0,,,,,0.013,0.034617563739376765
BP,G14k1_minus_NAIVE_top1,-0.023076923076923,-0.0571428571428571,0.0165109890109888,0.261,0.0,5,True,-0.0483516483516483,-0.0131868131868131,False,exploratory,L3,,,,top1,,455,,,,,,,L3/l3c_contrasts.csv,NAIVE_LINE@k1,G14@k1,,,,,,,True,0.02,,0.0,0.261,-0.0373901098901098,-0.0087912087912087,0.002,-0.0571428571428571,0.0165109890109888,0.261,chemotype-blocked,89.0,44.0,False,"conservative p (max of task bootstrap, blocked bootstrap, permutation) < 0.05 with gain > 0 in all five designs",2000.0,2000.0,8675309.0,,,,,0.261,0.39507246376811594
BP,G14k1_minus_G14zs_regret,1.0935744239296596,0.6907473606637125,1.2317981515502516,0.0,5.0,5,True,0.979041497774206,1.146910866738177,True,exploratory,L3,,,,regret,,455,,,,,,,L3/l3c_contrasts.csv,G14,G14@k1,,,,,,,True,0.02,,0.0,0.0,1.0083771168530566,1.177198422221513,0.0,0.6907473606637125,1.2317981515502516,0.0,chemotype-blocked,89.0,44.0,True,"conservative p (max of task bootstrap, blocked bootstrap, permutation) < 0.05 with gain > 0 in all five designs",2000.0,2000.0,8675309.0,,,,,0.0,0.0
BP,G14k1_minus_G14zs_spearman,0.4199878493999923,0.250234764011703,0.618068610434201,0.0,5.0,5,True,0.3330780223328985,0.4788566489882104,True,exploratory,L3,,,,spearman,,455,,,,,,,L3/l3c_contrasts.csv,G14,G14@k1,,,,,,,True,0.02,,0.0,0.0,0.4026514292382163,0.4362322943892375,0.0,0.250234764011703,0.618068610434201,0.0,chemotype-blocked,89.0,44.0,True,"conservative p (max of task bootstrap, blocked bootstrap, permutation) < 0.05 with gain > 0 in all five designs",2000.0,2000.0,8675309.0,,,,,0.0,0.0
BP,G14k1_minus_RANDOM_regret,1.4015090383770872,0.9911534380958672,1.440573707301935,0.0,5.0,5,True,1.2841753647836665,1.420711285069178,True,exploratory,L3,,,,regret,,455,,,,,,,L3/l3c_contrasts.csv,_RANDOM,G14@k1,,,,,,,True,0.02,,0.0,0.0,1.3040344470552718,1.4954257255855063,0.0,0.9911534380958672,1.440573707301935,0.0,chemotype-blocked,89.0,44.0,True,"conservative p (max of task bootstrap, blocked bootstrap, permutation) < 0.05 with gain > 0 in all five designs",2000.0,2000.0,8675309.0,,,,,0.0,0.0
BP,G14k1_minus_RANDOM_spearman,0.7722953398977976,0.6544809951676893,0.8063522827270715,0.0,5.0,5,True,0.7270888173391731,0.7824967434213841,True,exploratory,L3,,,,spearman,,455,,,,,,,L3/l3c_contrasts.csv,_RANDOM,G14@k1,,,,,,,True,0.02,,0.0,0.0,0.7502914032310138,0.7921939131181547,0.0,0.6544809951676893,0.8063522827270715,0.0,chemotype-blocked,89.0,44.0,True,"conservative p (max of task bootstrap, blocked bootstrap, permutation) < 0.05 with gain > 0 in all five designs",2000.0,2000.0,8675309.0,,,,,0.0,0.0
BP,NAIVE_minus_RANDOM_regret,1.422547258960514,0.9863217793768144,1.4454712553595226,0.0,5.0,5,True,1.3206880056262125,1.4344654042825995,True,exploratory,L3,,,,regret,,455,,,,,,,L3/l3c_contrasts.csv,_RANDOM,NAIVE_LINE@k1,,,,,,,True,0.02,,0.0,0.0,1.324562140218718,1.5131309860219615,0.0,0.9863217793768144,1.4454712553595226,0.0,chemotype-blocked,89.0,44.0,True,"conservative p (max of task bootstrap, blocked bootstrap, permutation) < 0.05 with gain > 0 in all five designs",2000.0,2000.0,8675309.0,,,,,0.0,0.0
BP,NAIVE_minus_RANDOM_spearman,0.7991249794306368,0.6886275991615117,0.8330760836729388,0.0,5.0,5,True,0.753377334285499,0.809767640131043,True,exploratory,L3,,,,spearman,,455,,,,,,,L3/l3c_contrasts.csv,_RANDOM,NAIVE_LINE@k1,,,,,,,True,0.02,,0.0,0.0,0.7820170365914205,0.8152475190604047,0.0,0.6886275991615117,0.8330760836729388,0.0,chemotype-blocked,89.0,44.0,True,"conservative p (max of task bootstrap, blocked bootstrap, permutation) < 0.05 with gain > 0 in all five designs",2000.0,2000.0,8675309.0,,,,,0.0,0.0
B,AOPT_vs_RANDOM,-0.0119072716955267,-0.0552383170471835,0.0367435104663295,0.7826,2.0,5,False,-0.0170843056328692,0.0241434464909485,False,registered,L4,,,,mae_all,,90,,,,,,,L4/contrasts_abc.csv,RANDOM,AOPT,-0.0743304473486864,0.0296426830538107,0.0269606096945582,0.075489707144763,0.0190571023096052,45.0,False,0.02,False,,,,,,,,,,,,,,,,,ABC_mae_all,0.942888888888889,,,0.7826,0.8604023391812865
B,AOPT_vs_MAXMIN,-0.0038508153863838,-0.0407213934975922,0.045262812020316,0.9852,3.0,5,False,-0.0132742947549126,0.0247201513426865,False,registered,L4,,,,mae_all,,90,,,,,,,L4/contrasts_abc.csv,MAXMIN,AOPT,-0.0530974499747367,0.0343280294806189,0.0232976074412211,0.0652333008354193,0.0233125406608915,38.0,False,0.02,False,,,,,,,,,,,,,,,,,ABC_mae_all,0.9852,,,0.9852,0.9946652360515021
B,UNCERT_vs_RANDOM,-0.0310417712613688,-0.0671844441347917,0.0189621445273578,0.2816,2.0,5,True,-0.0411254787569137,-0.0057240902191007,False,registered,L4,,,,mae_all,,90,,,,,,,L4/contrasts_abc.csv,RANDOM,UNCERT,-0.0758432524796289,0.0092837907270796,0.0229645045597206,0.0643006127672176,-0.0087319893774791,25.0,True,0.02,False,,,,,,,,,,,,,,,,,ABC_mae_all,0.7040000000000001,,,0.2816,0.42217543859649126
B,UNCERT_vs_MAXMIN,-0.0229853149522259,-0.0559426983150677,0.0222159611633916,0.3386,2.0,5,True,-0.0313980385473532,-0.0051473853673627,False,registered,L4,,,,mae_all,,90,,,,,,,L4/contrasts_abc.csv,MAXMIN,UNCERT,-0.0612662145477475,0.0155204778335118,0.0202599904419055,0.0567279732373354,-0.0044765510261928,29.0,True,0.02,False,,,,,,,,,,,,,,,,,ABC_mae_all,0.7204,,,0.3386,0.48816564417177916
B,MAXMIN_vs_RANDOM,-0.0080564563091428,-0.0230672334279048,0.013721180535323,0.4656,1.0,5,True,-0.0105619494731169,-0.000576704851738,False,exploratory,L4,,,,mae_all,,90,,,,,,,L4/contrasts_abc.csv,RANDOM,MAXMIN,-0.0256915463746914,0.0104331258071001,0.0094925103817851,0.0265790290689984,-0.0042554383512863,43.0,True,0.02,False,,,,,,,,,,,,,,,,,ABC_mae_all,0.6534736842105264,,,0.4656,0.6163544303797468
B,AOPT_vs_RANDOM_sign_acc_strong,0.0097567845312631,-0.0538395418715656,0.091475808578297,0.7066,3.0,5,False,-0.0017028984470599,0.0627059009906741,False,exploratory,L4,,,,sign_acc_strong,,86,,,,,,,L4/contrasts_abc.csv,RANDOM,AOPT,-0.0780221286276155,0.075852683842706,0.0408883828565815,0.1144874719984283,0.0579363471549004,50.0,False,0.02,False,,,,,,,,,,,,,,,,,ABC_sign_acc_strong,0.8511044776119403,,,0.7066,0.8129791921664626
B,AOPT_vs_MAXMIN_sign_acc_strong,0.10905080555835,0.0477437365408959,0.2015634486451341,0.0,5.0,5,True,0.0853943654215164,0.153876725680173,True,exploratory,L4,,,,sign_acc_strong,,86,,,,,,,L4/contrasts_abc.csv,MAXMIN,AOPT,0.0357560112432233,0.1832927706008687,0.0406998642319986,0.1139596198495963,0.1470683153582517,56.0,True,0.02,True,,,,,,,,,,,,,,,,,ABC_sign_acc_strong,0.0,,,0.0,0.0
B,UNCERT_vs_RANDOM_sign_acc_strong,0.0074184895938366,-0.067206797435565,0.1033304652586465,0.781,2.0,5,False,-0.0072535996385276,0.0672482845141278,False,exploratory,L4,,,,sign_acc_strong,,86,,,,,,,L4/contrasts_abc.csv,RANDOM,UNCERT,-0.0983620852169071,0.0842671825650821,0.047408235193956,0.1327430585430768,0.0603468764198703,40.0,False,0.02,False,,,,,,,,,,,,,,,,,ABC_sign_acc_strong,0.8684444444444445,,,0.781,0.8603091334894613
B,UNCERT_vs_MAXMIN_sign_acc_strong,0.1067125106209235,0.0377745240683969,0.1999950974726377,0.001,4.0,5,True,0.0929154205860051,0.1584191092036267,True,exploratory,L4,,,,sign_acc_strong,,86,,,,,,,L4/contrasts_abc.csv,MAXMIN,UNCERT,0.0138296067699655,0.1809338291081134,0.0440848288192698,0.1234375206939554,0.1494788446232215,58.0,True,0.02,True,,,,,,,,,,,,,,,,,ABC_sign_acc_strong,0.0033333333333333,,,0.001,0.003560606060606061
B,MAXMIN_vs_RANDOM_sign_acc_strong,-0.0992940210270868,-0.1304490726299273,-0.0601652077192185,0.0,0.0,5,True,-0.1034494071412517,-0.0870972638685763,False,exploratory,L4,,,,sign_acc_strong,,86,,,,,,,L4/contrasts_abc.csv,RANDOM,MAXMIN,-0.1392363306057155,-0.067114994082459,0.0175699583008041,0.0491958832422517,-0.0891319682033512,12.0,True,0.02,False,,,,,,,,,,,,,,,,,ABC_sign_acc_strong,0.0,,,0.0,0.0
B,AOPT_vs_RANDOM_mae_far,-0.0196458017085138,-0.089229897892338,0.0601924430595905,0.7816,2.0,5,False,-0.0283639571529824,0.0394045784298913,False,exploratory,L4,,,,mae_far,,88,,,,,,,L4/contrasts_abc.csv,RANDOM,AOPT,-0.1198344590508142,0.0483268053332009,0.0439242218529603,0.122987821188289,0.030741469050858,45.0,False,0.02,False,,,,,,,,,,,,,,,,,ABC_mae_far,0.8684444444444445,,,0.7816,0.8603091334894613
B,AOPT_vs_MAXMIN_mae_far,-0.0034498935488465,-0.0635223822417859,0.0770922286184733,0.961,3.0,5,False,-0.0188167318457374,0.0440546161884701,False,exploratory,L4,,,,mae_far,,88,,,,,,,L4/contrasts_abc.csv,MAXMIN,AOPT,-0.0848943275246607,0.0589933806955427,0.0382796016620044,0.1071828846536125,0.042737343538579,38.0,False,0.02,False,,,,,,,,,,,,,,,,,ABC_mae_far,0.961,,,0.961,0.9744768069039913
B,UNCERT_vs_RANDOM_mae_far,-0.0551981535025101,-0.1078322383458573,0.0171744873110081,0.1856,2.0,5,True,-0.0687728033633756,-0.0164867456766404,False,exploratory,L4,,,,mae_far,,88,,,,,,,L4/contrasts_abc.csv,RANDOM,UNCERT,-0.1241221122722469,0.0029951093624637,0.0338267077603139,0.094714781728879,-0.0204954980492888,26.0,True,0.02,False,,,,,,,,,,,,,,,,,ABC_mae_far,0.3453023255813953,,,0.1856,0.29873972602739723
B,UNCERT_vs_MAXMIN_mae_far,-0.0390022453428429,-0.087615976365545,0.0295070498880856,0.2842,2.0,5,True,-0.0501749451617128,-0.0118367079180617,False,exploratory,L4,,,,mae_far,,88,,,,,,,L4/contrasts_abc.csv,MAXMIN,UNCERT,-0.0977083316466024,0.018075577839633,0.0304911304448376,0.0853751652455452,-0.0084996235615678,30.0,True,0.02,False,,,,,,,,,,,,,,,,,ABC_mae_far,0.45472,,,0.2842,0.4253949044585988
B,MAXMIN_vs_RANDOM_mae_far,-0.0161959081596672,-0.0402233590865453,0.0192088549570209,0.3544,1.0,5,True,-0.0203766872224327,-0.0046500377585787,False,exploratory,L4,,,,mae_far,,88,,,,,,,L4/contrasts_abc.csv,RANDOM,MAXMIN,-0.0444435275670753,0.0138795233300895,0.0151987073483754,0.0425563805754512,-0.0119958744877209,42.0,True,0.02,False,,,,,,,,,,,,,,,,,ABC_mae_far,0.5250370370370371,,,0.3544,0.5039878971255672
B,AOPT_vs_RANDOM_pair_spearman,-0.0449236397438501,-0.1543749870081296,0.0900574341675077,0.7354,2.0,5,False,-0.0597558908081201,0.0505789945955755,False,exploratory,L4,,,,pair_spearman,,84,,,,,,,L4/contrasts_abc.csv,RANDOM,AOPT,-0.1974833869008218,0.0675974487628449,0.0708031093953164,0.1982487063068859,0.0435263368836744,43.0,False,0.02,False,,,,,,,,,,,,,,,,,ABC_pair_spearman,0.8619130434782608,,,0.7354,0.830860576923077
B,AOPT_vs_MAXMIN_pair_spearman,-0.0039569826076409,-0.1013958316834654,0.1360670383871899,0.947,3.0,5,False,-0.0341578453503716,0.0730950595665464,False,exploratory,L4,,,,pair_spearman,,84,,,,,,,L4/contrasts_abc.csv,MAXMIN,AOPT,-0.1273631483907538,0.1040265126428376,0.0637786916086599,0.1785803365042478,0.0679970552944079,34.0,False,0.02,False,,,,,,,,,,,,,,,,,ABC_pair_spearman,0.9593924050632912,,,0.947,0.9669446254071662
B,UNCERT_vs_RANDOM_pair_spearman,-0.0731796748438525,-0.192513023870948,0.0807407432617505,0.5718,2.0,5,False,-0.0951746461928427,0.0263302464671461,False,exploratory,L4,,,,pair_spearman,,84,,,,,,,L4/contrasts_abc.csv,RANDOM,UNCERT,-0.2438986620098574,0.051869064221296,0.0769142973627345,0.2153600326156566,0.0152572196488364,39.0,False,0.02,False,,,,,,,,,,,,,,,,,ABC_pair_spearman,0.72075,,,0.5718,0.7119099337748344
B,UNCERT_vs_MAXMIN_pair_spearman,-0.0322130177076432,-0.1375286908581419,0.108305265116489,0.7626,2.0,5,False,-0.0490168723712681,0.048846311438117,False,exploratory,L4,,,,pair_spearman,,84,,,,,,,L4/contrasts_abc.csv,MAXMIN,UNCERT,-0.1776084925866342,0.081299446148107,0.0672951757041908,0.1884264919717342,0.0397279380595699,41.0,False,0.02,False,,,,,,,,,,,,,,,,,ABC_pair_spearman,0.8684444444444445,,,0.7626,0.8503487544483985
B,MAXMIN_vs_RANDOM_pair_spearman,-0.0409666571362092,-0.085499594475087,0.0230488520787768,0.2034,1.0,5,True,-0.0493668538330843,-0.0225160649709708,False,exploratory,L4,,,,pair_spearman,,84,,,,,,,L4/contrasts_abc.csv,RANDOM,MAXMIN,-0.093418771022819,0.0139315979178425,0.0277339969783401,0.0776551915393523,-0.0244707184107335,35.0,True,0.02,False,,,,,,,,,,,,,,,,,ABC_pair_spearman,0.3640888888888889,,,0.2034,0.32296621621621624
BR,AOPT_vs_RANDOM,0.0234521579422703,0.0135497401462173,0.0359322916159785,0.0,5.0,5,True,0.0206381586146915,0.0255300781658329,True,registered,L4,,,,mae_all,,90,,,,,,,L4/contrasts_abc.csv,RANDOM,AOPT,0.0139496038290129,0.0365565319567722,0.005645814592945,0.015808280860246,0.0237646822504275,72.0,True,0.02,True,,,,,,,,,,,,,,,,,ABC_mae_all,0.0,,,0.0,0.0
BR,AOPT_vs_MAXMIN,0.0417216590642302,0.0148296614655136,0.0600755213841255,0.0014,5.0,5,True,0.0322159136845297,0.044871918941556,True,registered,L4,,,,mae_all,,90,,,,,,,L4/contrasts_abc.csv,MAXMIN,AOPT,0.0195567582218147,0.0636748737161799,0.0116049584467709,0.0324938836509585,0.0344623086240651,65.0,True,0.02,True,,,,,,,,,,,,,,,,,ABC_mae_all,0.0046666666666666,,,0.0014,0.004874074074074074
BR,UNCERT_vs_RANDOM,-0.0040808719101528,-0.0240360150799938,0.0224625711126687,0.711,3.0,5,False,-0.0113053983417183,0.0006682979490086,False,registered,L4,,,,mae_all,,90,,,,,,,L4/contrasts_abc.csv,RANDOM,UNCERT,-0.0225895345083324,0.0244256649901189,0.0117504264302671,0.032901194004748,0.0001439833521216,36.0,False,0.02,False,,,,,,,,,,,,,,,,,ABC_mae_all,0.942888888888889,,,0.711,0.8170415647921759
BR,UNCERT_vs_MAXMIN,0.0141886292118069,-0.01949629734542,0.0389241722265443,0.3602,3.0,5,True,0.0073541334677054,0.0184485896563172,False,registered,L4,,,,mae_all,,90,,,,,,,L4/contrasts_abc.csv,MAXMIN,UNCERT,-0.0177936556879167,0.0400649959954975,0.0147720207852798,0.0413616581987835,0.0108416097257592,45.0,True,0.02,False,,,,,,,,,,,,,,,,,ABC_mae_all,0.7204,,,0.3602,0.5106907993966818
BR,MAXMIN_vs_RANDOM,-0.0182695011219598,-0.0354780739527076,0.0066699364238092,0.1804,0.0,5,True,-0.0209613232937251,-0.0066858355186967,False,exploratory,L4,,,,mae_all,,90,,,,,,,L4/contrasts_abc.csv,RANDOM,MAXMIN,-0.0399102628043135,0.0017977343184944,0.0110974658028182,0.0310729042478912,-0.0106976263736375,36.0,True,0.02,False,,,,,,,,,,,,,,,,,ABC_mae_all,0.3436190476190476,,,0.1804,0.2923724137931034
BR,AOPT_vs_RANDOM_sign_acc_strong,0.072621287143434,0.0472388338201036,0.0981633351943656,0.0,5.0,5,True,0.0672058943227254,0.078492939104899,True,exploratory,L4,,,,sign_acc_strong,,86,,,,,,,L4/contrasts_abc.csv,RANDOM,AOPT,0.0458966489741587,0.0971333597371915,0.0125867217667374,0.0352428209468649,0.0740961235246123,74.0,True,0.02,True,,,,,,,,,,,,,,,,,ABC_sign_acc_strong,0.0,,,0.0,0.0
BR,AOPT_vs_MAXMIN_sign_acc_strong,0.1879724030338265,0.1319786630550846,0.2273029823516765,0.0,5.0,5,True,0.1725152219233851,0.1947139421324511,True,exploratory,L4,,,,sign_acc_strong,,86,,,,,,,L4/contrasts_abc.csv,MAXMIN,AOPT,0.1412861047751825,0.2372497525268833,0.0240592621955268,0.067365934147475,0.1709609789824858,79.0,True,0.02,True,,,,,,,,,,,,,,,,,ABC_sign_acc_strong,0.0,,,0.0,0.0
BR,UNCERT_vs_RANDOM_sign_acc_strong,0.0473909470459035,0.0088121716973491,0.1039648531887456,0.0098,4.0,5,True,0.0371405391298272,0.0757764478286157,False,exploratory,L4,,,,sign_acc_strong,,86,,,,,,,L4/contrasts_abc.csv,RANDOM,UNCERT,-0.0016581534082942,0.0918981352370012,0.0254286446019811,0.0712002048855472,0.0751751414406413,47.0,True,0.02,False,,,,,,,,,,,,,,,,,ABC_sign_acc_strong,0.0252903225806451,,,0.0098,0.027335311572700294
BR,UNCERT_vs_MAXMIN_sign_acc_strong,0.162742062936296,0.1244631760830951,0.2115810177200893,0.0,5.0,5,True,0.1519702975047983,0.1747877199732398,True,exploratory,L4,,,,sign_acc_strong,,86,,,,,,,L4/contrasts_abc.csv,MAXMIN,UNCERT,0.1245903529896883,0.2119827541445826,0.0225159392084789,0.063044629783741,0.1720399968985148,74.0,True,0.02,True,,,,,,,,,,,,,,,,,ABC_sign_acc_strong,0.0,,,0.0,0.0
BR,MAXMIN_vs_RANDOM_sign_acc_strong,-0.1153511158903925,-0.1445827542782352,-0.0698476438585119,0.0,0.0,5,True,-0.1196220544942381,-0.099011272144624,False,exploratory,L4,,,,sign_acc_strong,,86,,,,,,,L4/contrasts_abc.csv,RANDOM,MAXMIN,-0.1510398210858607,-0.0781615977771029,0.0193862894398007,0.0542816104314419,-0.0968648554578734,11.0,True,0.02,False,,,,,,,,,,,,,,,,,ABC_sign_acc_strong,0.0,,,0.0,0.0
BR,AOPT_vs_RANDOM_mae_far,0.037729765353837,0.0213042631109313,0.059058876428644,0.0,5.0,5,True,0.0332351678045466,0.0416097245957399,True,exploratory,L4,,,,mae_far,,88,,,,,,,L4/contrasts_abc.csv,RANDOM,AOPT,0.021768544469909,0.0595331608646196,0.0094780595791569,0.0265385668216395,0.0389066145765304,71.0,True,0.02,True,,,,,,,,,,,,,,,,,ABC_mae_far,0.0,,,0.0,0.0
BR,AOPT_vs_MAXMIN_mae_far,0.0693688739598063,0.0254273975150084,0.0991344895860329,0.001,5.0,5,True,0.0540403446535493,0.074724571803743,True,exploratory,L4,,,,mae_far,,88,,,,,,,L4/contrasts_abc.csv,MAXMIN,AOPT,0.0329865148866633,0.1046796255213134,0.0189061657253546,0.0529372640309929,0.0596480180992921,65.0,True,0.02,True,,,,,,,,,,,,,,,,,ABC_mae_far,0.0032,,,0.001,0.003560606060606061
BR,UNCERT_vs_RANDOM_mae_far,-0.011199913113901,-0.0382788833791572,0.02576864345129,0.4884,3.0,5,True,-0.0201634545696752,-0.0040552472328211,False,exploratory,L4,,,,mae_far,,88,,,,,,,L4/contrasts_abc.csv,RANDOM,UNCERT,-0.0372707466665387,0.0274727002983943,0.0161115579357954,0.0451123622202273,-0.0029837937913932,34.0,True,0.02,False,,,,,,,,,,,,,,,,,ABC_mae_far,0.6622372881355932,,,0.4884,0.6385201668984701
BR,UNCERT_vs_MAXMIN_mae_far,0.0204391954920682,-0.031521970362457,0.0564589347317997,0.3812,3.0,5,True,0.0083753728249882,0.0273906274991983,False,exploratory,L4,,,,mae_far,,88,,,,,,,L4/contrasts_abc.csv,MAXMIN,UNCERT,-0.0291040274104983,0.058200306723055,0.0223041298880573,0.0624515636865605,0.0177576097313683,46.0,True,0.02,False,,,,,,,,,,,,,,,,,ABC_mae_far,0.5445714285714286,,,0.3812,0.5319228486646884
BR,MAXMIN_vs_RANDOM_mae_far,-0.0316391086059693,-0.0597024496293956,0.0094634755448875,0.1586,0.0,5,True,-0.0360630636693368,-0.0124306200578094,False,exploratory,L4,,,,mae_far,,88,,,,,,,L4/contrasts_abc.csv,RANDOM,MAXMIN,-0.0669728358627246,0.0014246032039144,0.0182204033776134,0.0510171294573177,-0.0207414035227616,35.0,True,0.02,False,,,,,,,,,,,,,,,,,ABC_mae_far,0.3172,,,0.1586,0.2629347442680776
BR,AOPT_vs_RANDOM_pair_spearman,0.0519520606073416,0.0181599603172316,0.0902928316502869,0.0068,4.0,5,True,0.044806787207529,0.059293297585888,True,exploratory,L4,,,,pair_spearman,,84,,,,,,,L4/contrasts_abc.csv,RANDOM,AOPT,0.0167908178330024,0.0888565854169965,0.0179511765400985,0.0502632943122758,0.0566357875270794,62.0,True,0.02,True,,,,,,,,,,,,,,,,,ABC_pair_spearman,0.0181333333333333,,,0.0068,0.019607361963190184
BR,AOPT_vs_MAXMIN_pair_spearman,0.114425476006276,0.036155483120941,0.1671543582442896,0.0022,5.0,5,True,0.0895382299548889,0.121899896954409,True,exploratory,L4,,,,pair_spearman,,84,,,,,,,L4/contrasts_abc.csv,MAXMIN,AOPT,0.0487322324994561,0.1781996174126142,0.0336193512157266,0.0941341834040346,0.0925205754199042,60.0,True,0.02,True,,,,,,,,,,,,,,,,,ABC_pair_spearman,0.0065185185185185,,,0.0022,0.007131034482758621
BR,UNCERT_vs_RANDOM_pair_spearman,0.0030335059789806,-0.0564726792202031,0.0916539348671203,0.8582,3.0,5,False,-0.0125701688222078,0.0491484046638876,False,exploratory,L4,,,,pair_spearman,,84,,,,,,,L4/contrasts_abc.csv,RANDOM,UNCERT,-0.0732241389027251,0.0722134213276297,0.0398186200401476,0.1114921361124134,0.0473512713111102,40.0,False,0.02,False,,,,,,,,,,,,,,,,,ABC_pair_spearman,0.9277837837837836,,,0.8582,0.9156730987514188
BR,UNCERT_vs_MAXMIN_pair_spearman,0.065506921377915,0.0138780016413749,0.1314134006390217,0.0144,3.0,5,True,0.0530431386224752,0.0816107533604874,False,exploratory,L4,,,,pair_spearman,,84,,,,,,,L4/contrasts_abc.csv,MAXMIN,UNCERT,0.011862485799031,0.1282553655964116,0.0295555938494552,0.0827556627784747,0.0832360592039349,62.0,True,0.02,True,,,,,,,,,,,,,,,,,ABC_pair_spearman,0.0338823529411764,,,0.0144,0.0376
BR,MAXMIN_vs_RANDOM_pair_spearman,-0.0624734153989343,-0.1086828322761588,0.0107168144844077,0.1052,0.0,5,True,-0.070022834135065,-0.0324623486965997,False,exploratory,L4,,,,pair_spearman,,84,,,,,,,L4/contrasts_abc.csv,RANDOM,MAXMIN,-0.119548755864504,-0.0030560567347356,0.0314204529477393,0.0879772682536703,-0.0358847878928247,30.0,True,0.02,False,,,,,,,,,,,,,,,,,ABC_pair_spearman,0.2214736842105263,,,0.1052,0.18527192764919187
BQ,AOPT_vs_RANDOM,-0.0033717201208693,-0.0374693531359781,0.0355452101732191,0.9738,3.0,5,False,-0.007057201866494,0.0241274712620722,False,registered,L4,,,,mae_all,,90,,,,,,,L4/contrasts_abc.csv,RANDOM,AOPT,-0.0520950751802193,0.0290848938053581,0.0209534047825484,0.0586695333911356,0.0184879696876077,48.0,False,0.02,False,,,,,,,,,,,,,,,,,ABC_mae_all,0.9852,,,0.9738,0.9853304628632938
BQ,AOPT_vs_MAXMIN,0.0102729891478684,-0.0136473858038728,0.0439321703477767,0.4342,4.0,5,True,0.0031871800321865,0.0271545739589833,False,registered,L4,,,,mae_all,,90,,,,,,,L4/contrasts_abc.csv,MAXMIN,AOPT,-0.0201906021181893,0.0364714780965412,0.0151832072005554,0.0425129801615552,0.0246674981500246,43.0,True,0.02,False,,,,,,,,,,,,,,,,,ABC_mae_all,0.7636666666666666,,,0.4342,0.5889581529581529
BQ,UNCERT_vs_RANDOM,0.003460481622222,-0.0297813607059143,0.0275366836322493,0.8032,4.0,5,False,-0.0041080375241427,0.009377769031565,False,registered,L4,,,,mae_all,,90,,,,,,,L4/contrasts_abc.csv,RANDOM,UNCERT,-0.0286274164686736,0.0287295343295664,0.0146002556724533,0.0408807158828692,0.0006425237015836,41.0,False,0.02,False,,,,,,,,,,,,,,,,,ABC_mae_all,0.942888888888889,,,0.8032,0.8758793503480279
BQ,UNCERT_vs_MAXMIN,0.0171051908909598,-0.0316807541353728,0.0469683025057793,0.4582,4.0,5,False,-0.0010809348272316,0.0260962917818414,False,registered,L4,,,,mae_all,,90,,,,,,,L4/contrasts_abc.csv,MAXMIN,UNCERT,-0.0231802398276349,0.0515552314201313,0.0204463307127516,0.0572497259957044,0.0068220521640005,48.0,False,0.02,False,,,,,,,,,,,,,,,,,ABC_mae_all,0.7636666666666666,,,0.4582,0.6109333333333333
BQ,MAXMIN_vs_RANDOM,-0.0136447092687377,-0.0306185754467462,0.0118003290310809,0.3146,0.0,5,True,-0.0167185227502763,-0.003027102696911,False,exploratory,L4,,,,mae_all,,90,,,,,,,L4/contrasts_abc.csv,RANDOM,MAXMIN,-0.0344226878612107,0.0069777232452728,0.0110767120095711,0.0310147936267993,-0.0061795284624168,37.0,True,0.02,False,,,,,,,,,,,,,,,,,ABC_mae_all,0.484,,,0.3146,0.46062928348909654
BQ,AOPT_vs_RANDOM_sign_acc_strong,0.0300791920785195,-0.0199237173082099,0.094313143254595,0.2648,4.0,5,True,0.0226107718075597,0.0709155244519287,False,exploratory,L4,,,,sign_acc_strong,,86,,,,,,,L4/contrasts_abc.csv,RANDOM,AOPT,-0.0399891269329931,0.0818828257086733,0.0319988787919755,0.0895968606175314,0.0636134511368047,52.0,True,0.02,False,,,,,,,,,,,,,,,,,ABC_sign_acc_strong,0.4323265306122448,,,0.2648,0.40018006430868164
BQ,AOPT_vs_MAXMIN_sign_acc_strong,0.1297150771355245,0.0878324435917415,0.195730058235611,0.0,5.0,5,True,0.1105310423845132,0.1553632379793499,True,exploratory,L4,,,,sign_acc_strong,,86,,,,,,,L4/contrasts_abc.csv,MAXMIN,AOPT,0.0845267490499555,0.1887976207581745,0.02807118846689,0.0785993277072921,0.1463982918509146,80.0,True,0.02,True,,,,,,,,,,,,,,,,,ABC_sign_acc_strong,0.0,,,0.0,0.0
BQ,UNCERT_vs_RANDOM_sign_acc_strong,0.059912556661896,0.0251422293073175,0.1028842887231874,0.0018,4.0,5,True,0.0530373009716031,0.0683614763996073,True,exploratory,L4,,,,sign_acc_strong,,86,,,,,,,L4/contrasts_abc.csv,RANDOM,UNCERT,0.0221924193440049,0.0995793351022516,0.0194391155015709,0.0544295234043987,0.0757789194699032,62.0,True,0.02,True,,,,,,,,,,,,,,,,,ABC_sign_acc_strong,0.0055384615384615,,,0.0018,0.006042857142857142
BQ,UNCERT_vs_MAXMIN_sign_acc_strong,0.159548441718901,0.1036698268929182,0.1991311478759447,0.0,5.0,5,True,0.1506366315338651,0.1729552184666733,True,exploratory,L4,,,,sign_acc_strong,,86,,,,,,,L4/contrasts_abc.csv,MAXMIN,UNCERT,0.0983316623595235,0.1960811142490328,0.0237402346494155,0.0664726570183634,0.158563760184013,78.0,True,0.02,True,,,,,,,,,,,,,,,,,ABC_sign_acc_strong,0.0,,,0.0,0.0
BQ,MAXMIN_vs_RANDOM_sign_acc_strong,-0.0996358850570049,-0.1316039327939687,-0.0514454731835819,0.0,0.0,5,True,-0.1047993945476832,-0.0844477135274212,False,exploratory,L4,,,,sign_acc_strong,,86,,,,,,,L4/contrasts_abc.csv,RANDOM,MAXMIN,-0.1386291347140122,-0.0601047335508268,0.0203705190079936,0.0570374532223822,-0.0827848407141098,14.0,True,0.02,False,,,,,,,,,,,,,,,,,ABC_sign_acc_strong,0.0,,,0.0,0.0
BQ,AOPT_vs_RANDOM_mae_far,-0.0067911464383217,-0.0607214311870579,0.0560313718246002,0.9388,3.0,5,False,-0.0127764398123389,0.0375131331258919,False,exploratory,L4,,,,mae_far,,88,,,,,,,L4/contrasts_abc.csv,RANDOM,AOPT,-0.0837230281679233,0.0456776475265246,0.0336113126718346,0.0941116754811369,0.0282283826365856,48.0,False,0.02,False,,,,,,,,,,,,,,,,,ABC_mae_far,0.9593924050632912,,,0.9388,0.9665629791894852
BQ,AOPT_vs_MAXMIN_mae_far,0.0184426701108612,-0.0196510979432782,0.0731377826941703,0.3778,4.0,5,True,0.0068945213040931,0.0457230203849415,False,exploratory,L4,,,,mae_far,,88,,,,,,,L4/contrasts_abc.csv,MAXMIN,AOPT,-0.0296019769552137,0.0607889318530548,0.0244306634120039,0.0684058575536111,0.0430063549480439,42.0,True,0.02,False,,,,,,,,,,,,,,,,,ABC_mae_far,0.5445714285714286,,,0.3778,0.5292578241430701
BQ,UNCERT_vs_RANDOM_mae_far,0.0014916243918479,-0.0496903929698789,0.0362563861787074,0.9474,3.0,5,False,-0.0121682461774139,0.0108639930250025,False,exploratory,L4,,,,mae_far,,88,,,,,,,L4/contrasts_abc.csv,RANDOM,UNCERT,-0.046857091531064,0.037971362670943,0.0218892706792958,0.0612899579020282,-0.0039152044698715,38.0,False,0.02,False,,,,,,,,,,,,,,,,,ABC_mae_far,0.9593924050632912,,,0.9474,0.9669446254071662
BQ,UNCERT_vs_MAXMIN_mae_far,0.0267254409410308,-0.0518299423742313,0.0745492230272212,0.477,4.0,5,False,-0.0039583589183643,0.0412132204060382,False,exploratory,L4,,,,mae_far,,88,,,,,,,L4/contrasts_abc.csv,MAXMIN,UNCERT,-0.0358588883622767,0.0837937040110629,0.0326764744661816,0.0914941285053086,0.0108627678415868,47.0,False,0.02,False,,,,,,,,,,,,,,,,,ABC_mae_far,0.6579310344827586,,,0.477,0.6262290502793296
BQ,MAXMIN_vs_RANDOM_mae_far,-0.0252338165491829,-0.0524756255397954,0.0163305710196716,0.2466,0.0,5,True,-0.0303492273810357,-0.0082098872590495,False,exploratory,L4,,,,mae_far,,88,,,,,,,L4/contrasts_abc.csv,RANDOM,MAXMIN,-0.0584118376500608,0.0081585308508763,0.0178862023548575,0.0500813665936012,-0.0147779723114583,34.0,True,0.02,False,,,,,,,,,,,,,,,,,ABC_mae_far,0.411,,,0.2466,0.3781468189233279
BQ,AOPT_vs_RANDOM_pair_spearman,-0.0240836316460354,-0.1143103098273787,0.0882300408042872,0.8018,3.0,5,False,-0.0347416987922093,0.053997836415141,False,exploratory,L4,,,,pair_spearman,,84,,,,,,,L4/contrasts_abc.csv,RANDOM,AOPT,-0.1524778757982876,0.0686991340987606,0.0584599218909355,0.1636877812946196,0.0455332969786642,45.0,False,0.02,False,,,,,,,,,,,,,,,,,ABC_pair_spearman,0.8786849315068492,,,0.8018,0.8758793503480279
BQ,AOPT_vs_MAXMIN_pair_spearman,0.0348230765348863,-0.0267952784319142,0.1293918738590959,0.3136,4.0,5,True,0.012011131488831,0.0781166748643054,False,exploratory,L4,,,,pair_spearman,,84,,,,,,,L4/contrasts_abc.csv,MAXMIN,AOPT,-0.0371227397699105,0.1105543404592669,0.0407405060893203,0.1140734170500969,0.0707106361021394,41.0,True,0.02,False,,,,,,,,,,,,,,,,,ABC_pair_spearman,0.484,,,0.3136,0.45988143525741026
BQ,UNCERT_vs_RANDOM_pair_spearman,0.0084622385335611,-0.0429303623768197,0.0780510787280277,0.7434,3.0,5,False,-0.0041268995856919,0.025269395080039,False,exploratory,L4,,,,pair_spearman,,84,,,,,,,L4/contrasts_abc.csv,RANDOM,UNCERT,-0.047983347555949,0.0717818763157123,0.0302630900143768,0.0847366520402553,0.0375029312616413,37.0,False,0.02,False,,,,,,,,,,,,,,,,,ABC_pair_spearman,0.8619130434782608,,,0.7434,0.8385611510791368
BQ,UNCERT_vs_MAXMIN_pair_spearman,0.0673689467144829,-0.0238825816388613,0.1209086822790772,0.118,4.0,5,True,0.0493882335292034,0.092116911886524,False,exploratory,L4,,,,pair_spearman,,84,,,,,,,L4/contrasts_abc.csv,MAXMIN,UNCERT,-0.0370619755660727,0.1160697713765796,0.0368427910642101,0.1031598149797884,0.0626802703851166,59.0,True,0.02,False,,,,,,,,,,,,,,,,,ABC_pair_spearman,0.242051282051282,,,0.118,0.20389705882352938
BQ,MAXMIN_vs_RANDOM_pair_spearman,-0.0589067081809218,-0.1100461033161257,0.0222538791747063,0.1802,0.0,5,True,-0.0689906062235661,-0.0241188384491643,False,exploratory,L4,,,,pair_spearman,,84,,,,,,,L4/contrasts_abc.csv,RANDOM,MAXMIN,-0.1216890100843716,0.0074056808399646,0.035137678781479,0.0983855005881413,-0.0251773391234752,31.0,True,0.02,False,,,,,,,,,,,,,,,,,ABC_pair_spearman,0.3436190476190476,,,0.1802,0.2923724137931034
A,AOPT_vs_RANDOM,0.0367464942577537,0.020355966225097,0.0503655965693927,0.0,5.0,5,True,0.0341099834341064,0.0386428890206514,True,registered,L4,,,,mae_all,,90,,,,,,,L4/contrasts_abc.csv,RANDOM,AOPT,0.0212849635592327,0.0510854038200139,0.0074971586283339,0.0209920441593349,0.0351510448235346,73.0,True,0.02,True,,,,,,,,,,,,,,,,,ABC_mae_all,0.0,,,0.0,0.0
A,AOPT_vs_MAXMIN,0.0530262470701211,0.018826055618105,0.0769539507619964,0.0008,5.0,5,True,0.0359852155651009,0.0563134203537736,True,registered,L4,,,,mae_all,,90,,,,,,,L4/contrasts_abc.csv,MAXMIN,AOPT,0.0262869060294865,0.0843626797337854,0.0154502399824176,0.0432606719507693,0.0409730182360103,66.0,True,0.02,True,,,,,,,,,,,,,,,,,ABC_mae_all,0.0032,,,0.0008,0.002949019607843137
A,UNCERT_vs_RANDOM,-0.0180168616572235,-0.0367463579629918,-0.0013559279123193,0.0358,0.0,5,True,-0.0232836484470616,-0.0157641305866249,False,registered,L4,,,,mae_all,,90,,,,,,,L4/contrasts_abc.csv,RANDOM,UNCERT,-0.0347623957689704,0.0006179365946315,0.0088077739542461,0.0246617670718891,-0.0232799498344671,34.0,True,0.02,False,,,,,,,,,,,,,,,,,ABC_mae_all,0.1022857142857142,,,0.0358,0.07955555555555556
A,UNCERT_vs_MAXMIN,-0.0017371088448561,-0.038501884376995,0.0217253576202585,0.837,2.0,5,False,-0.0176643107992345,0.0016499195934072,False,registered,L4,,,,mae_all,,90,,,,,,,L4/contrasts_abc.csv,MAXMIN,UNCERT,-0.0294802714558282,0.0282628031682154,0.0156408630624348,0.0437944165748176,-0.0174579764219914,37.0,False,0.02,False,,,,,,,,,,,,,,,,,ABC_mae_all,0.942888888888889,,,0.837,0.9022706422018348
A,MAXMIN_vs_RANDOM,-0.0162797528123673,-0.0360964598886529,0.010654040221097,0.3352,0.0,5,True,-0.019278771455576,-0.0014888786159603,False,exploratory,L4,,,,mae_all,,90,,,,,,,L4/contrasts_abc.csv,RANDOM,MAXMIN,-0.0424261703683418,0.0050191366523291,0.012629533082782,0.0353626926317897,-0.0058219734124757,42.0,True,0.02,False,,,,,,,,,,,,,,,,,ABC_mae_all,0.5059622641509434,,,0.3352,0.48475076923076926
A,AOPT_vs_RANDOM_sign_acc_strong,0.0833581048456329,0.0499936139053837,0.108626151532412,0.0,5.0,5,True,0.0786576883622562,0.0894133998589643,True,exploratory,L4,,,,sign_acc_strong,,86,,,,,,,L4/contrasts_abc.csv,RANDOM,AOPT,0.0479992764568178,0.1077340400085538,0.0148815444865732,0.041668324562405,0.0793926411036097,74.0,True,0.02,True,,,,,,,,,,,,,,,,,ABC_sign_acc_strong,0.0,,,0.0,0.0
A,AOPT_vs_MAXMIN_sign_acc_strong,0.2035045953582799,0.1431326010610696,0.2415926280494434,0.0,5.0,5,True,0.1782253933615075,0.2101369613089391,True,exploratory,L4,,,,sign_acc_strong,,86,,,,,,,L4/contrasts_abc.csv,MAXMIN,AOPT,0.1560481818760595,0.2494979210578761,0.0255517412784493,0.0715448755796582,0.1837434135480905,79.0,True,0.02,True,,,,,,,,,,,,,,,,,ABC_sign_acc_strong,0.0,,,0.0,0.0
A,UNCERT_vs_RANDOM_sign_acc_strong,0.023968140382233,-0.0022326320618959,0.057370148286721,0.0728,4.0,5,True,0.0178617420981268,0.0329612530419887,False,exploratory,L4,,,,sign_acc_strong,,86,,,,,,,L4/contrasts_abc.csv,RANDOM,UNCERT,-0.0039248420619358,0.0555496895228123,0.0151226218262825,0.0423433411135911,0.0214541792121353,55.0,True,0.02,False,,,,,,,,,,,,,,,,,ABC_sign_acc_strong,0.1574054054054054,,,0.0728,0.13769014084507042
A,UNCERT_vs_MAXMIN_sign_acc_strong,0.14411463089488,0.0988032646637043,0.1715076525767118,0.0,5.0,5,True,0.1325289580412401,0.1506670796262479,True,exploratory,L4,,,,sign_acc_strong,,86,,,,,,,L4/contrasts_abc.csv,MAXMIN,UNCERT,0.1022417091491227,0.1731543060479932,0.0184411922469437,0.0516353382914424,0.1258049516566161,77.0,True,0.02,True,,,,,,,,,,,,,,,,,ABC_sign_acc_strong,0.0,,,0.0,0.0
A,MAXMIN_vs_RANDOM_sign_acc_strong,-0.1201464905126469,-0.1504086864957335,-0.0748054260229117,0.0,0.0,5,True,-0.125245547296769,-0.0995677049992514,False,exploratory,L4,,,,sign_acc_strong,,86,,,,,,,L4/contrasts_abc.csv,RANDOM,MAXMIN,-0.1578781091714355,-0.0828554322779089,0.0200107061681524,0.0560299772708267,-0.1043507724444808,12.0,True,0.02,False,,,,,,,,,,,,,,,,,ABC_sign_acc_strong,0.0,,,0.0,0.0
A,AOPT_vs_RANDOM_mae_far,0.0555525092766197,0.0285761940238637,0.0767023735130549,0.0002,5.0,5,True,0.0510550988981287,0.0589131907609168,True,exploratory,L4,,,,mae_far,,88,,,,,,,L4/contrasts_abc.csv,RANDOM,AOPT,0.0295505440409721,0.077535233262702,0.0120335118469181,0.0336938331713708,0.0518559960857355,70.0,True,0.02,True,,,,,,,,,,,,,,,,,ABC_mae_far,0.0007272727272727,,,0.0002,0.000828193832599119
A,AOPT_vs_MAXMIN_mae_far,0.0860723946751354,0.0294197448234609,0.1252180782006848,0.0008,5.0,5,True,0.0577323295673978,0.0916399095752425,True,exploratory,L4,,,,mae_far,,88,,,,,,,L4/contrasts_abc.csv,MAXMIN,AOPT,0.0419546681378063,0.1373891539965006,0.0254823444793869,0.0713505645422834,0.0668881516676331,66.0,True,0.02,True,,,,,,,,,,,,,,,,,ABC_mae_far,0.0027826086956521,,,0.0008,0.002949019607843137
A,UNCERT_vs_RANDOM_mae_far,-0.0308742467953729,-0.0581195934121906,-0.0071336417046288,0.0132,0.0,5,True,-0.0371170459959092,-0.0273364982568494,False,exploratory,L4,,,,mae_far,,88,,,,,,,L4/contrasts_abc.csv,RANDOM,UNCERT,-0.0564238910998294,-0.0059397384651458,0.0126247044040639,0.0353491723313789,-0.036927065346057,34.0,True,0.02,False,,,,,,,,,,,,,,,,,ABC_mae_far,0.032,,,0.0132,0.034952112676056336
A,UNCERT_vs_MAXMIN_mae_far,-0.0003543613968572,-0.057483424632089,0.0368009954104687,0.9034,3.0,5,False,-0.0261812480269932,0.0045439409579671,False,exploratory,L4,,,,mae_far,,88,,,,,,,L4/contrasts_abc.csv,MAXMIN,UNCERT,-0.0433712407841021,0.0488856444397829,0.0247364078191997,0.0692619418937593,-0.0218949097641595,38.0,False,0.02,False,,,,,,,,,,,,,,,,,ABC_mae_far,0.9509473684210524,,,0.9034,0.9467068004459309
A,MAXMIN_vs_RANDOM_mae_far,-0.0305198853985157,-0.0620554092487799,0.0126800700357231,0.24,0.0,5,True,-0.0349335270217814,-0.0066772306692691,False,exploratory,L4,,,,mae_far,,88,,,,,,,L4/contrasts_abc.csv,RANDOM,MAXMIN,-0.0723507694022026,0.0038037594697114,0.0202733713013204,0.0567654396436973,-0.0150321555818975,39.0,True,0.02,False,,,,,,,,,,,,,,,,,ABC_mae_far,0.4085106382978723,,,0.24,0.3692307692307692
A,AOPT_vs_RANDOM_pair_spearman,0.0816407407216329,0.0322597008256443,0.1186427397376034,0.0022,5.0,5,True,0.0730432326378656,0.0889020228271894,True,exploratory,L4,,,,pair_spearman,,84,,,,,,,L4/contrasts_abc.csv,RANDOM,AOPT,0.0333022764715345,0.1197213370127561,0.0216041895184964,0.06049173065179,0.073209177264128,66.0,True,0.02,True,,,,,,,,,,,,,,,,,ABC_pair_spearman,0.0062857142857142,,,0.0022,0.007131034482758621
A,AOPT_vs_MAXMIN_pair_spearman,0.1579772030441026,0.0628955784190898,0.2217568206750883,0.0,5.0,5,True,0.1106845222094217,0.16528616802572,True,exploratory,L4,,,,pair_spearman,,84,,,,,,,L4/contrasts_abc.csv,MAXMIN,AOPT,0.0835009404728444,0.2402338871472467,0.04218818564397,0.1181269198031161,0.1194486017542454,61.0,True,0.02,True,,,,,,,,,,,,,,,,,ABC_pair_spearman,0.0,,,0.0,0.0
A,UNCERT_vs_RANDOM_pair_spearman,-0.031058105345935,-0.0678656759513114,0.0186044343357375,0.2094,2.0,5,True,-0.0387709084614044,-0.0165183938364997,False,exploratory,L4,,,,pair_spearman,,84,,,,,,,L4/contrasts_abc.csv,RANDOM,UNCERT,-0.0712971203609716,0.0140947800896784,0.0222266886283199,0.0622347281592959,-0.0289296930053598,36.0,True,0.02,False,,,,,,,,,,,,,,,,,ABC_pair_spearman,0.3641739130434782,,,0.2094,0.32970854271356786
A,UNCERT_vs_MAXMIN_pair_spearman,0.0452783569765347,-0.0283858102864458,0.0889432404282264,0.2048,4.0,5,True,0.0211228957350563,0.0557079504206751,False,exploratory,L4,,,,pair_spearman,,84,,,,,,,L4/contrasts_abc.csv,MAXMIN,UNCERT,-0.0180923578639513,0.0945064118770758,0.0300189669719758,0.0840531075215324,0.0173097314847575,54.0,True,0.02,False,,,,,,,,,,,,,,,,,ABC_pair_spearman,0.3640888888888889,,,0.2048,0.3240942760942761
A,MAXMIN_vs_RANDOM_pair_spearman,-0.0763364623224697,-0.127275712915741,0.0001721170582016,0.0504,0.0,5,True,-0.0835139887429218,-0.037641289571556,False,exploratory,L4,,,,pair_spearman,,84,,,,,,,L4/contrasts_abc.csv,RANDOM,MAXMIN,-0.1426970098326805,-0.0158171865443883,0.0341721710801136,0.0956820790243182,-0.0462394244901173,32.0,True,0.02,False,,,,,,,,,,,,,,,,,ABC_pair_spearman,0.112,,,0.0504,0.10412307692307692
BP,AOPT_vs_RANDOM,0.0500653184175216,0.0271535949536361,0.0662252339898734,0.0,5.0,5,True,0.0380146279794162,0.0520666738022732,True,registered,L4,,,,mae_all,,90,,,,,,,L4/contrasts_abc.csv,RANDOM,AOPT,0.0325068500343376,0.0718239216345821,0.0104436054018553,0.029242095125195,0.0393214510644854,75.0,True,0.02,True,,,,,,,,,,,,,,,,,ABC_mae_all,0.0,,,0.0,0.0
BP,AOPT_vs_MAXMIN,0.0582086101520989,0.0151201422531502,0.0919924836408498,0.0002,5.0,5,True,0.0323615798765543,0.0644747395693817,True,registered,L4,,,,mae_all,,90,,,,,,,L4/contrasts_abc.csv,MAXMIN,AOPT,0.0234369436510123,0.1039856089677328,0.021121411425971,0.0591399519927189,0.0420791529591571,69.0,True,0.02,True,,,,,,,,,,,,,,,,,ABC_mae_all,0.001,,,0.0002,0.000828193832599119
BP,UNCERT_vs_RANDOM,-0.0108938243736635,-0.0408059490681353,0.0318217812106469,0.6496,2.0,5,False,-0.020810017157195,0.0078390100367622,False,registered,L4,,,,mae_all,,90,,,,,,,L4/contrasts_abc.csv,RANDOM,UNCERT,-0.0466422206593633,0.0247855843527013,0.019193837867716,0.053742746029605,0.0042439266846895,42.0,False,0.02,False,,,,,,,,,,,,,,,,,ABC_mae_all,0.942888888888889,,,0.6496,0.7705320650286571
BP,UNCERT_vs_MAXMIN,-0.0027505326390862,-0.0279160051354693,0.0247548085332936,0.8486,3.0,5,False,-0.0068460244633207,0.0042088990309184,False,registered,L4,,,,mae_all,,90,,,,,,,L4/contrasts_abc.csv,MAXMIN,UNCERT,-0.0303844979778911,0.0223809913837336,0.0132471360724821,0.0370919810029501,0.0070016285793611,35.0,False,0.02,False,,,,,,,,,,,,,,,,,ABC_mae_all,0.942888888888889,,,0.8486,0.9087380410022778
BP,MAXMIN_vs_RANDOM,-0.0081432917345772,-0.0286332818873897,0.020527767707547,0.6362,2.0,5,False,-0.0139639926938742,0.0056530481028618,False,exploratory,L4,,,,mae_all,,90,,,,,,,L4/contrasts_abc.csv,RANDOM,MAXMIN,-0.0332398382933055,0.0152940351640987,0.0129830381956613,0.0363525069478519,-0.0027577018946716,36.0,False,0.02,False,,,,,,,,,,,,,,,,,ABC_mae_all,0.7830153846153847,,,0.6362,0.7608498727735369
BP,AOPT_vs_RANDOM_sign_acc_strong,0.1018999819422245,0.05962302165287,0.1273133067973541,0.0,5.0,5,True,0.084693572756277,0.1090877933036607,True,exploratory,L4,,,,sign_acc_strong,,86,,,,,,,L4/contrasts_abc.csv,RANDOM,AOPT,0.0681245143453888,0.1324622702527911,0.0175823765091836,0.049230654225714,0.0883993312769204,74.0,True,0.02,True,,,,,,,,,,,,,,,,,ABC_sign_acc_strong,0.0,,,0.0,0.0
BP,AOPT_vs_MAXMIN_sign_acc_strong,0.1682244460619257,0.0893440964156921,0.2235043464282279,0.0,5.0,5,True,0.1285587265229046,0.1803722876271996,True,exploratory,L4,,,,sign_acc_strong,,86,,,,,,,L4/contrasts_abc.csv,MAXMIN,AOPT,0.1040258809890679,0.2364902600274428,0.0358916212426195,0.1004965394793348,0.140480843425776,72.0,True,0.02,True,,,,,,,,,,,,,,,,,ABC_sign_acc_strong,0.0,,,0.0,0.0
BP,UNCERT_vs_RANDOM_sign_acc_strong,0.0538807211120239,0.0046139719897382,0.1219412934983021,0.0312,4.0,5,True,0.0424849933951211,0.0876099433978284,False,exploratory,L4,,,,sign_acc_strong,,86,,,,,,,L4/contrasts_abc.csv,RANDOM,UNCERT,-0.0096436129441411,0.1085256269257813,0.0313337926038467,0.0877346192907708,0.0817139913042859,53.0,True,0.02,False,,,,,,,,,,,,,,,,,ABC_sign_acc_strong,0.0713142857142857,,,0.0312,0.07118446601941747
BP,UNCERT_vs_MAXMIN_sign_acc_strong,0.1202051852317251,0.0763373742578825,0.1754948020556297,0.0,5.0,5,True,0.1040793809947209,0.131475097164456,True,exploratory,L4,,,,sign_acc_strong,,86,,,,,,,L4/contrasts_abc.csv,MAXMIN,UNCERT,0.0780976452018562,0.1784659495282926,0.024941294801027,0.0698356254428757,0.1337955034531416,76.0,True,0.02,True,,,,,,,,,,,,,,,,,ABC_sign_acc_strong,0.0,,,0.0,0.0
BP,MAXMIN_vs_RANDOM_sign_acc_strong,-0.0663244641197011,-0.1020326395517387,-0.014148460339393,0.006,0.0,5,True,-0.0770426707888669,-0.0438651537666275,False,exploratory,L4,,,,sign_acc_strong,,86,,,,,,,L4/contrasts_abc.csv,RANDOM,MAXMIN,-0.1084539406321093,-0.0220123099523851,0.0232310297064769,0.0650468831781355,-0.0520815121488556,20.0,True,0.02,False,,,,,,,,,,,,,,,,,ABC_sign_acc_strong,0.016551724137931,,,0.006,0.01768025078369906
BP,AOPT_vs_RANDOM_mae_far,0.0802606109664781,0.0434050283206419,0.1057747462654241,0.0,5.0,5,True,0.0610187663441073,0.083576057093877,True,exploratory,L4,,,,mae_far,,88,,,,,,,L4/contrasts_abc.csv,RANDOM,AOPT,0.0518104114220641,0.1151250551679773,0.0166662899511172,0.0466656118631283,0.0635395475700111,74.0,True,0.02,True,,,,,,,,,,,,,,,,,ABC_mae_far,0.0,,,0.0,0.0
BP,AOPT_vs_MAXMIN_mae_far,0.0956901925908521,0.0267815962219254,0.1492381165109048,0.0,5.0,5,True,0.0540373238757761,0.1047924945464748,True,exploratory,L4,,,,mae_far,,88,,,,,,,L4/contrasts_abc.csv,MAXMIN,AOPT,0.0398453587555321,0.1685253218630505,0.0337230264219024,0.0944244739813268,0.0696582101741095,66.0,True,0.02,True,,,,,,,,,,,,,,,,,ABC_mae_far,0.0,,,0.0,0.0
BP,UNCERT_vs_RANDOM_mae_far,-0.0227400693991077,-0.0676377025521283,0.0399155837144871,0.5144,2.0,5,False,-0.036212829635691,0.0051356495971175,False,exploratory,L4,,,,mae_far,,88,,,,,,,L4/contrasts_abc.csv,RANDOM,UNCERT,-0.0771023359933336,0.0294315098374271,0.0283055996368376,0.0792556789831454,-0.0012700635155374,42.0,False,0.02,False,,,,,,,,,,,,,,,,,ABC_mae_far,0.6746229508196722,,,0.5144,0.6619863201094391
BP,UNCERT_vs_MAXMIN_mae_far,-0.0073104877747337,-0.0484134905394159,0.0345205310943303,0.7128,3.0,5,False,-0.0142304842822672,0.0038078271490768,False,exploratory,L4,,,,mae_far,,88,,,,,,,L4/contrasts_abc.csv,MAXMIN,UNCERT,-0.0517455252234726,0.0315082857983157,0.0206094488252633,0.0577064567107373,0.0048485990885609,35.0,False,0.02,False,,,,,,,,,,,,,,,,,ABC_mae_far,0.8511044776119403,,,0.7128,0.8171121951219512
BP,MAXMIN_vs_RANDOM_mae_far,-0.0154295816243739,-0.0477212815284546,0.0294700434986105,0.5766,2.0,5,False,-0.0231132894417894,0.0069814424683311,False,exploratory,L4,,,,mae_far,,88,,,,,,,L4/contrasts_abc.csv,RANDOM,MAXMIN,-0.0558138093092348,0.0212210121145289,0.0205847430946695,0.0576372806650748,-0.0061186626040983,33.0,False,0.02,False,,,,,,,,,,,,,,,,,ABC_mae_far,0.72075,,,0.5766,0.716936507936508
BP,AOPT_vs_RANDOM_pair_spearman,0.1039819345585408,0.0405994678743275,0.1459132221647366,0.0002,5.0,5,True,0.0718869867696424,0.1125560098968525,True,exploratory,L4,,,,pair_spearman,,84,,,,,,,L4/contrasts_abc.csv,RANDOM,AOPT,0.0556307040304732,0.15865908265029,0.027971836175898,0.0783211412925144,0.0814664082334779,70.0,True,0.02,True,,,,,,,,,,,,,,,,,ABC_pair_spearman,0.0007272727272727,,,0.0002,0.000828193832599119
BP,AOPT_vs_MAXMIN_pair_spearman,0.1325019093498224,0.0175910127890808,0.2157660598013725,0.013,5.0,5,True,0.0656596473515227,0.1475239523542325,True,exploratory,L4,,,,pair_spearman,,84,,,,,,,L4/contrasts_abc.csv,MAXMIN,AOPT,0.0401730483360373,0.2443428896327553,0.0544706249305056,0.1525177498054157,0.0865937708060978,60.0,True,0.02,True,,,,,,,,,,,,,,,,,ABC_pair_spearman,0.032,,,0.013,0.034617563739376765
BP,UNCERT_vs_RANDOM_pair_spearman,-0.0110393287956557,-0.0859834649236641,0.0955733314387203,0.8966,2.0,5,False,-0.0286044240951994,0.0401521085350163,False,exploratory,L4,,,,pair_spearman,,84,,,,,,,L4/contrasts_abc.csv,RANDOM,UNCERT,-0.1060625708027634,0.0744717604265948,0.0480995537147601,0.1346787504013283,0.0323749847687324,42.0,False,0.02,False,,,,,,,,,,,,,,,,,ABC_pair_spearman,0.9509473684210524,,,0.8966,0.9406294642857143
BP,UNCERT_vs_MAXMIN_pair_spearman,0.0174806459956258,-0.0464491681089305,0.0911172311979878,0.5616,4.0,5,True,0.0045076078316878,0.0363555212744987,False,exploratory,L4,,,,pair_spearman,,84,,,,,,,L4/contrasts_abc.csv,MAXMIN,UNCERT,-0.0533163234342725,0.084123717188774,0.0345697804650173,0.0967953853020485,0.0375023473413523,45.0,True,0.02,False,,,,,,,,,,,,,,,,,ABC_pair_spearman,0.72075,,,0.5616,0.7076461126005362
BP,MAXMIN_vs_RANDOM_pair_spearman,-0.0285199747912816,-0.0766889314593393,0.0432894873703922,0.4994,2.0,5,False,-0.0409496825346276,0.0062273394181197,False,exploratory,L4,,,,pair_spearman,,84,,,,,,,L4/contrasts_abc.csv,RANDOM,MAXMIN,-0.0888123114495942,0.0300139235135446,0.0320851615415878,0.089838452316446,-0.0051273625726198,34.0,False,0.02,False,,,,,,,,,,,,,,,,,ABC_pair_spearman,0.6658666666666666,,,0.4994,0.6483922651933702
B,AOPT_vs_RANDOM_CELLMATCHED,-0.0368675296443138,-0.0729580142090536,0.0040742574433978,0.1374,1.0,5,True,-0.0405656982805805,-0.006899387092882,False,exploratory,L4,,,,mae_all,,90,,,,,,,L4/contrasts_cellmatched.csv,RANDOM_CELLMATCHED_AOPT,AOPT,-0.0882479083745477,-0.0018310217104787,0.0224698142406503,0.0629154798738209,-0.0097256641039875,30.0,True,0.02,False,,,,,,,,,,,,,,,,,,0.2061,,,0.1374,0.2306357142857143
B,MAXMIN_vs_RANDOM_CELLMATCHED,0.0283057108609676,0.010121709808532,0.0535436943107141,0.003,5.0,5,True,0.0247913399146151,0.0352556347812795,True,exploratory,L4,,,,mae_all,,90,,,,,,,L4/contrasts_cellmatched.csv,RANDOM_CELLMATCHED_MAXMIN,MAXMIN,0.0085648087481696,0.0513214003538915,0.0110444728650859,0.0309245240222407,0.0320909306537603,65.0,True,0.02,True,,,,,,,,,,,,,,,,,,0.015,,,0.003,0.009306930693069307
B,UNCERT_vs_RANDOM_CELLMATCHED,-0.0486604964964798,-0.084444796163396,0.0015425787071167,0.0598,2.0,5,True,-0.0584822060416312,-0.0243967931544667,False,exploratory,L4,,,,mae_all,,90,,,,,,,L4/contrasts_cellmatched.csv,RANDOM_CELLMATCHED_UNCERT,UNCERT,-0.0934429985282043,-0.0081960414428468,0.0227485682345344,0.0636959910566965,-0.0267714332177049,22.0,True,0.02,False,,,,,,,,,,,,,,,,,,0.1495,,,0.0598,0.1188414376321353
BR,AOPT_vs_RANDOM_CELLMATCHED,-0.005809675801295,-0.0150961929545606,0.0024427633499424,0.155,2.0,5,True,-0.0072062974115179,-0.0031757383683843,False,exploratory,L4,,,,mae_all,,90,,,,,,,L4/contrasts_cellmatched.csv,RANDOM_CELLMATCHED_AOPT,AOPT,-0.0163875229906307,0.0014328815196088,0.004361704206166,0.0122127717772648,-0.0060599163050821,40.0,True,0.02,False,,,,,,,,,,,,,,,,,,0.2113636363636364,,,0.155,0.25787610619469026
BR,MAXMIN_vs_RANDOM_CELLMATCHED,0.0155466278545073,-0.0069846066627364,0.0478011937014606,0.1922,4.0,5,True,0.0121311309657456,0.0311642812891959,False,exploratory,L4,,,,mae_all,,90,,,,,,,L4/contrasts_cellmatched.csv,RANDOM_CELLMATCHED_MAXMIN,MAXMIN,-0.0128257616296457,0.0418955714071332,0.014501455570079,0.0406040755962214,0.0251018820181225,46.0,True,0.02,False,,,,,,,,,,,,,,,,,,0.24025,,,0.1922,0.30725850340136057
BR,UNCERT_vs_RANDOM_CELLMATCHED,-0.018579169940035,-0.0379945042304303,0.0068052579560534,0.1308,3.0,5,True,-0.0252310203783723,-0.0144948670886329,False,exploratory,L4,,,,mae_all,,90,,,,,,,L4/contrasts_cellmatched.csv,RANDOM_CELLMATCHED_UNCERT,UNCERT,-0.0366133409261096,0.0088006913966105,0.0112460018713928,0.0314888052399,-0.0146380108737342,31.0,True,0.02,False,,,,,,,,,,,,,,,,,,0.2061,,,0.1308,0.2219350180505415
BQ,AOPT_vs_RANDOM_CELLMATCHED,-0.0272240992489624,-0.0532425811564732,0.0030383632269603,0.1174,1.0,5,True,-0.029879335844649,-0.0060024802212448,False,exploratory,L4,,,,mae_all,,90,,,,,,,L4/contrasts_cellmatched.csv,RANDOM_CELLMATCHED_AOPT,AOPT,-0.0646408543699435,-0.002228989106577,0.016142297885775,0.04519843408017,-0.0090117659485137,28.0,True,0.02,False,,,,,,,,,,,,,,,,,,0.2061,,,0.1174,0.2032338858195212
BQ,MAXMIN_vs_RANDOM_CELLMATCHED,0.0194582304607574,-0.0003696690285608,0.0492531764070527,0.056,4.0,5,True,0.0155764510658849,0.030276650108194,False,exploratory,L4,,,,mae_all,,90,,,,,,,L4/contrasts_cellmatched.csv,RANDOM_CELLMATCHED_MAXMIN,MAXMIN,-0.0033629687827331,0.0450828753064727,0.01283880373135,0.03594865044778,0.0264267338030227,42.0,True,0.02,False,,,,,,,,,,,,,,,,,,0.1495,,,0.056,0.11271948608137045
BQ,UNCERT_vs_RANDOM_CELLMATCHED,-0.0097018435348994,-0.0490277384763162,0.0158231180709516,0.509,2.0,5,True,-0.0232505595205081,-0.0027687018724829,False,exploratory,L4,,,,mae_all,,90,,,,,,,L4/contrasts_cellmatched.csv,RANDOM_CELLMATCHED_UNCERT,UNCERT,-0.0445462842076331,0.0191279402764114,0.0167877729722867,0.0470057643224028,-0.0173263183419128,36.0,True,0.02,False,,,,,,,,,,,,,,,,,,0.5873076923076923,,,0.509,0.6590358126721763
A,AOPT_vs_RANDOM_CELLMATCHED,0.0016968221289528,-0.0082120498473409,0.0136904591461559,0.7664,3.0,5,False,-0.0012726620516565,0.0034021820407394,False,exploratory,L4,,,,mae_all,,90,,,,,,,L4/contrasts_cellmatched.csv,RANDOM_CELLMATCHED_AOPT,AOPT,-0.0074428435603183,0.0147640089883097,0.0055488116457922,0.0155366726082184,0.0016874205843004,42.0,False,0.02,False,,,,,,,,,,,,,,,,,,0.7663999999999999,,,0.7664,0.8525633136094674
A,MAXMIN_vs_RANDOM_CELLMATCHED,0.0329529150674912,0.0183528313896253,0.0497362314051796,0.0,5.0,5,True,0.030554894298717,0.0357613162992437,True,exploratory,L4,,,,mae_all,,90,,,,,,,L4/contrasts_cellmatched.csv,RANDOM_CELLMATCHED_MAXMIN,MAXMIN,0.0183072293184191,0.0496773715059804,0.0079142420198013,0.0221598776554436,0.0347195533036538,67.0,True,0.02,True,,,,,,,,,,,,,,,,,,0.0,,,0.0,0.0
A,UNCERT_vs_RANDOM_CELLMATCHED,-0.0356135757852124,-0.0555536968316854,-0.0172721403261503,0.0,0.0,5,True,-0.0414088972571203,-0.0313876132066719,False,exploratory,L4,,,,mae_all,,90,,,,,,,L4/contrasts_cellmatched.csv,RANDOM_CELLMATCHED_UNCERT,UNCERT,-0.0537431641452445,-0.0158613401539349,0.0094123671541068,0.026354628031499,-0.0405638734824067,25.0,True,0.02,False,,,,,,,,,,,,,,,,,,0.0,,,0.0,0.0
BP,AOPT_vs_RANDOM_CELLMATCHED,0.0107798681727661,-0.0103782341824609,0.0289490595515699,0.601,4.0,5,False,-0.0038659038643915,0.0141106479468036,False,exploratory,L4,,,,mae_all,,90,,,,,,,L4/contrasts_cellmatched.csv,RANDOM_CELLMATCHED_AOPT,AOPT,-0.0068960096358341,0.0368766603740767,0.0112254397770504,0.0314312313757411,0.0006813590472583,49.0,False,0.02,False,,,,,,,,,,,,,,,,,,0.6439285714285715,,,0.601,0.7355989583333332
BP,MAXMIN_vs_RANDOM_CELLMATCHED,0.0247164925476121,-0.0041900578479341,0.0653760753074696,0.1084,5.0,5,True,0.0174464852968496,0.045154623956668,False,exploratory,L4,,,,mae_all,,90,,,,,,,L4/contrasts_cellmatched.csv,RANDOM_CELLMATCHED_MAXMIN,MAXMIN,-0.0121114380791025,0.0571712685839992,0.0185863325359188,0.0520417311005727,0.034457693896595,44.0,True,0.02,False,,,,,,,,,,,,,,,,,,0.2061,,,0.1084,0.18904638218923933
BP,UNCERT_vs_RANDOM_CELLMATCHED,-0.0468560194883812,-0.0721563379859644,-0.0116361048553216,0.006,0.0,5,True,-0.0536993756405096,-0.0326946350704828,False,exploratory,L4,,,,mae_all,,90,,,,,,,L4/contrasts_cellmatched.csv,RANDOM_CELLMATCHED_UNCERT,UNCERT,-0.0774997126587507,-0.0172755523519314,0.0157473247899064,0.0440925094117381,-0.0321174446137899,26.0,True,0.02,False,,,,,,,,,,,,,,,,,,0.0225,,,0.006,0.01768025078369906
B,AOPT_vs_RANDOM_noDGA,0.0241434464909485,0.0073947117545127,0.0411558505480598,0.0038,5.0,5,True,0.0199080533123438,0.02730798651968,True,exploratory,L4,,,,mae_all,,67,,,,,,,L4/contrasts_nodga.csv,RANDOM,AOPT,0.0081073941299198,0.0421031219813941,0.0086606129414079,0.0242497162359423,0.0221475951165339,43.0,True,0.02,True,,,,,,,,,,,,,,,,,,0.0108571428571428,,,0.0038,0.011559870550161812
B,AOPT_vs_MAXMIN_noDGA,0.0247201513426866,-0.000111430642234,0.0521723864937272,0.0518,5.0,5,True,0.0145538158249489,0.0294500051237238,False,exploratory,L4,,,,mae_all,,67,,,,,,,L4/contrasts_nodga.csv,MAXMIN,AOPT,0.0027790106305709,0.0575000387129898,0.0134753163517497,0.0377308857848993,0.0258214457596416,36.0,True,0.02,False,,,,,,,,,,,,,,,,,,0.1036,,,0.0518,0.10631441048034934
B,UNCERT_vs_RANDOM_noDGA,-0.0057240902191007,-0.0385520217113217,0.0265370149021343,0.699,2.0,5,False,-0.0171195876514314,0.001478712358854,False,exploratory,L4,,,,mae_all,,67,,,,,,,L4/contrasts_nodga.csv,RANDOM,UNCERT,-0.03527928091911,0.0299898746671934,0.0166045984476216,0.0464928756533407,-0.0065487782972801,23.0,False,0.02,False,,,,,,,,,,,,,,,,,,0.9270588235294118,,,0.699,0.8111851851851851
B,UNCERT_vs_MAXMIN_noDGA,-0.0051473853673627,-0.0451056635056603,0.0295238394112149,0.7746,2.0,5,False,-0.0149775690473875,0.0051898457078346,False,exploratory,L4,,,,mae_all,,67,,,,,,,L4/contrasts_nodga.csv,MAXMIN,UNCERT,-0.0449782875414872,0.0295877336394689,0.0190928479132105,0.0534599741569894,-0.0028749276541724,27.0,False,0.02,False,,,,,,,,,,,,,,,,,,0.9270588235294118,,,0.7746,0.857625441696113
BR,AOPT_vs_RANDOM_noDGA,0.0255300781658329,0.0124988165166864,0.0388681008657877,0.0002,5.0,5,True,0.0217842920061435,0.0274979109776082,True,exploratory,L4,,,,mae_all,,67,,,,,,,L4/contrasts_nodga.csv,RANDOM,AOPT,0.0134610584466374,0.0401731545063637,0.0067878566304874,0.0190059985653648,0.0239093548927855,52.0,True,0.02,True,,,,,,,,,,,,,,,,,,0.002,,,0.0002,0.000828193832599119
BR,AOPT_vs_MAXMIN_noDGA,0.0322159136845297,0.0097842824749438,0.05489274288876,0.0032,5.0,5,True,0.0240872754710454,0.0361883964298416,True,exploratory,L4,,,,mae_all,,67,,,,,,,L4/contrasts_nodga.csv,MAXMIN,AOPT,0.0118787277891933,0.0578577259717779,0.0116226829373644,0.0325435122246204,0.0336679904416899,42.0,True,0.02,True,,,,,,,,,,,,,,,,,,0.0095,,,0.0032,0.009862295081967213
BR,UNCERT_vs_RANDOM_noDGA,0.0006682979490086,-0.0256070877241432,0.027910044874876,0.9964,3.0,5,False,-0.0088130987902787,0.0042080584770686,False,exploratory,L4,,,,mae_all,,67,,,,,,,L4/contrasts_nodga.csv,RANDOM,UNCERT,-0.0226532453804929,0.0314603312538042,0.0137127621590976,0.0383957340454734,0.0005544241145684,25.0,False,0.02,False,,,,,,,,,,,,,,,,,,0.9963999999999998,,,0.9964,1.0
BR,UNCERT_vs_MAXMIN_noDGA,0.0073541334677054,-0.0275536512044401,0.0399252107030859,0.6872,3.0,5,False,-0.0024024331580509,0.0129111723543009,False,exploratory,L4,,,,mae_all,,67,,,,,,,L4/contrasts_nodga.csv,MAXMIN,UNCERT,-0.0251910897799112,0.0423048446039178,0.0172392467349914,0.0482698908579759,0.0103130596634728,28.0,False,0.02,False,,,,,,,,,,,,,,,,,,0.9270588235294118,,,0.6872,0.8014491315136477
BQ,AOPT_vs_RANDOM_noDGA,0.0241274712620722,0.007832445467224,0.0399584681113786,0.0038,5.0,5,True,0.0199840249413169,0.0266464051984934,True,exploratory,L4,,,,mae_all,,67,,,,,,,L4/contrasts_nodga.csv,RANDOM,AOPT,0.0087864003070106,0.0410102997727044,0.008223122679875,0.0230247435036501,0.0208053794586078,46.0,True,0.02,True,,,,,,,,,,,,,,,,,,0.0095,,,0.0038,0.011559870550161812
BQ,AOPT_vs_MAXMIN_noDGA,0.0271545739589833,0.0051270846004583,0.049097029631278,0.0136,5.0,5,True,0.0190575500761867,0.0300670735064132,True,exploratory,L4,,,,mae_all,,67,,,,,,,L4/contrasts_nodga.csv,MAXMIN,AOPT,0.0079783131219828,0.0528421882893582,0.0112569173872808,0.0315193686843864,0.0261123004122719,41.0,True,0.02,True,,,,,,,,,,,,,,,,,,0.0302222222222222,,,0.0136,0.035809523809523805
BQ,UNCERT_vs_RANDOM_noDGA,-0.0041080375241427,-0.0365121453216385,0.0282595880399564,0.788,3.0,5,False,-0.013731813248044,0.0036701817640026,False,exploratory,L4,,,,mae_all,,67,,,,,,,L4/contrasts_nodga.csv,RANDOM,UNCERT,-0.0348026470718098,0.0299143211025151,0.0164980914472737,0.0461946560523666,7.740135476437159e-05,27.0,False,0.02,False,,,,,,,,,,,,,,,,,,0.9270588235294118,,,0.788,0.8643173862310385
BQ,UNCERT_vs_MAXMIN_noDGA,-0.0010809348272316,-0.0421238835542812,0.0336885517640894,0.9532,2.0,5,False,-0.0098355252258454,0.0105320594337099,False,exploratory,L4,,,,mae_all,,67,,,,,,,L4/contrasts_nodga.csv,MAXMIN,UNCERT,-0.044382315597773,0.032337599583587,0.0193213311654971,0.0540997272633919,0.0053843223084285,31.0,False,0.02,False,,,,,,,,,,,,,,,,,,0.9963999999999998,,,0.9532,0.9707562296858072
A,AOPT_vs_RANDOM_noDGA,0.0344963369491406,0.0169347663427384,0.0524858483106814,0.0002,5.0,5,True,0.0308397809573756,0.0370195032610994,True,exploratory,L4,,,,mae_all,,67,,,,,,,L4/contrasts_nodga.csv,RANDOM,AOPT,0.0179125360935242,0.0533109325747448,0.0090471084984977,0.0253319037957936,0.0349658117438269,50.0,True,0.02,True,,,,,,,,,,,,,,,,,,0.0013333333333333,,,0.0002,0.000828193832599119
A,AOPT_vs_MAXMIN_noDGA,0.0359852155651009,0.0135210158558668,0.0577598895908641,0.0008,5.0,5,True,0.0315249258389662,0.0396549183957683,True,exploratory,L4,,,,mae_all,,67,,,,,,,L4/contrasts_nodga.csv,MAXMIN,AOPT,0.0141401724915473,0.0584766943625986,0.0114125018975734,0.0319550053132056,0.0395708706332229,43.0,True,0.02,True,,,,,,,,,,,,,,,,,,0.004,,,0.0008,0.002949019607843137
A,UNCERT_vs_RANDOM_noDGA,-0.0191531894151949,-0.0408228779095124,0.001148235849096,0.0664,0.0,5,True,-0.02651758379051,-0.0161326327860235,False,exploratory,L4,,,,mae_all,,67,,,,,,,L4/contrasts_nodga.csv,RANDOM,UNCERT,-0.0385129701149435,0.0036279221829038,0.0108138040949409,0.0302786514658347,-0.0234747966604164,24.0,True,0.02,False,,,,,,,,,,,,,,,,,,0.1207272727272727,,,0.0664,0.12816427104722794
A,UNCERT_vs_MAXMIN_noDGA,-0.0176643107992346,-0.0451544180138714,0.0070565511389847,0.1608,0.0,5,True,-0.0226112361825699,-0.013338275510582,False,exploratory,L4,,,,mae_all,,67,,,,,,,L4/contrasts_nodga.csv,MAXMIN,UNCERT,-0.0438554530940876,0.0082502742184253,0.0133174139497766,0.0372887590593744,-0.0188697377710205,23.0,True,0.02,False,,,,,,,,,,,,,,,,,,0.268,,,0.1608,0.2656449912126538
BP,AOPT_vs_RANDOM_noDGA,0.0380146279794162,0.0235772511745241,0.0511165954937693,0.0,5.0,5,True,0.0360992301918808,0.0404257760150986,True,exploratory,L4,,,,mae_all,,67,,,,,,,L4/contrasts_nodga.csv,RANDOM,AOPT,0.0230421266282428,0.0508164021589371,0.0070340859786007,0.0196954407400821,0.0382794498703422,54.0,True,0.02,True,,,,,,,,,,,,,,,,,,0.0,,,0.0,0.0
BP,AOPT_vs_MAXMIN_noDGA,0.0323615798765543,0.010320861047501,0.0563378600146509,0.0028,5.0,5,True,0.0244169881571348,0.0384480174076771,True,exploratory,L4,,,,mae_all,,67,,,,,,,L4/contrasts_nodga.csv,MAXMIN,AOPT,0.011660349010495,0.0578784695685614,0.0118152810710307,0.0330827869988862,0.0400013579553042,48.0,True,0.02,True,,,,,,,,,,,,,,,,,,0.0095,,,0.0028,0.008832214765100672
BP,UNCERT_vs_RANDOM_noDGA,0.0078390100367622,-0.0252392632091283,0.0389939966806082,0.6574,4.0,5,False,-0.0039735012313376,0.0155088656063224,False,exploratory,L4,,,,mae_all,,67,,,,,,,L4/contrasts_nodga.csv,RANDOM,UNCERT,-0.0218311545712406,0.0421497103112746,0.016307670438028,0.0456614772264786,0.0058281837793937,40.0,False,0.02,False,,,,,,,,,,,,,,,,,,0.9270588235294118,,,0.6574,0.7773031446540881
BP,UNCERT_vs_MAXMIN_noDGA,0.0021859619339003,-0.0304436108994694,0.0303948577569522,0.877,3.0,5,False,-0.0029681748824567,0.0117598538739986,False,exploratory,L4,,,,mae_all,,67,,,,,,,L4/contrasts_nodga.csv,MAXMIN,UNCERT,-0.0330720937716145,0.0287727666665609,0.0157153408504677,0.0440029543813095,0.0075500918643556,33.0,False,0.02,False,,,,,,,,,,,,,,,,,,0.9744444444444444,,,0.877,0.9273115860517436
B,AOPT_vs_RANDOM_k6_mae_all,-0.0174943538858931,-0.0779656357571249,0.0532258680375565,0.787,2.0,5,False,-0.0243824361128029,0.0318331656042218,False,exploratory,L4,,,,mae_all,,90,,,,,,,L4/contrasts_per_budget.csv,RANDOM,AOPT,-0.1047124154308857,0.0420071151133824,0.0378685711007988,0.1060319990822366,0.0216848432406649,42.0,False,0.02,False,,,,,,,,,,,,,,,,,budget6_mae_all,0.8616788321167884,6.0,,0.787,0.8642289719626169
B,AOPT_vs_MAXMIN_k6_mae_all,-0.0325937653876268,-0.0682244057158887,0.0208589104941358,0.2306,2.0,5,True,-0.0407525145732449,-0.0125868052721548,False,exploratory,L4,,,,mae_all,,90,,,,,,,L4/contrasts_per_budget.csv,MAXMIN,AOPT,-0.0758730341664182,0.0112448641928584,0.0230900315726203,0.064652088403337,-0.0109292875577352,34.0,True,0.02,False,,,,,,,,,,,,,,,,,budget6_mae_all,0.3915254237288135,6.0,,0.2306,0.3565197368421053
B,UNCERT_vs_RANDOM_k6_mae_all,-0.0340105071337216,-0.0963477941838313,0.0501766821063799,0.5324,2.0,5,False,-0.0481321591340965,0.0112197884660033,False,exploratory,L4,,,,mae_all,,90,,,,,,,L4/contrasts_per_budget.csv,RANDOM,UNCERT,-0.1157477875914681,0.0338428562564529,0.0395037298180193,0.1106104434904542,-0.0004258730858099,37.0,False,0.02,False,,,,,,,,,,,,,,,,,budget6_mae_all,0.7162331838565023,6.0,,0.5324,0.6781246612466124
B,UNCERT_vs_MAXMIN_k6_mae_all,-0.0491099186354553,-0.0876236207926954,0.0034645778853557,0.0674,2.0,5,True,-0.0565466061329496,-0.0332001824103733,False,exploratory,L4,,,,mae_all,,90,,,,,,,L4/contrasts_per_budget.csv,MAXMIN,UNCERT,-0.0925965623780511,-0.0025447303701702,0.0231488062604811,0.064816657529347,-0.03304000388421,31.0,True,0.02,False,,,,,,,,,,,,,,,,,budget6_mae_all,0.1444285714285714,6.0,,0.0674,0.12956237218813907
B,MAXMIN_vs_RANDOM_k6_mae_all,0.0150994115017337,-0.0226501856168022,0.062482257646332,0.4456,4.0,5,True,0.0084144469988531,0.0444199708763767,False,exploratory,L4,,,,mae_all,,90,,,,,,,L4/contrasts_per_budget.csv,RANDOM,MAXMIN,-0.0371970333622504,0.053222245648251,0.0235469190238555,0.0659313732667956,0.0326141307984001,49.0,True,0.02,False,,,,,,,,,,,,,,,,,budget6_mae_all,0.6335545023696683,6.0,,0.4456,0.5983771428571428
B,AOPT_vs_RANDOM_k6_sign_acc_strong,0.1326637295656146,0.0174844123801457,0.273051714800705,0.022,4.0,5,True,0.1144689477520279,0.2254428605284814,False,exploratory,L4,,,,sign_acc_strong,,86,,,,,,,L4/contrasts_per_budget.csv,RANDOM,AOPT,-0.0286747967030013,0.2488270492656107,0.0722602268239306,0.2023286351070059,0.1898747410656306,56.0,True,0.02,False,,,,,,,,,,,,,,,,,budget6_sign_acc_strong,0.0634615384615384,6.0,,0.022,0.053436692506459944
B,AOPT_vs_MAXMIN_k6_sign_acc_strong,0.4409708042166151,0.345837950785799,0.5767750189609318,0.0,5.0,5,True,0.4111412151234851,0.5092115083177381,True,exploratory,L4,,,,sign_acc_strong,,86,,,,,,,L4/contrasts_per_budget.csv,MAXMIN,AOPT,0.3225694641446227,0.5505673016740545,0.0614078815836462,0.1719420684342096,0.4775487993130712,82.0,True,0.02,True,,,,,,,,,,,,,,,,,budget6_sign_acc_strong,0.0,6.0,,0.0,0.0
B,UNCERT_vs_RANDOM_k6_sign_acc_strong,0.1114400848140386,0.0087751377145103,0.2512141455118499,0.0302,4.0,5,True,0.0937577094728223,0.1905690053843523,False,exploratory,L4,,,,sign_acc_strong,,86,,,,,,,L4/contrasts_per_budget.csv,RANDOM,UNCERT,-0.0281664324238726,0.2223640648195817,0.0662122054222427,0.1853941751822797,0.1714225091459916,46.0,True,0.02,False,,,,,,,,,,,,,,,,,budget6_sign_acc_strong,0.0831192660550458,6.0,,0.0302,0.06957843137254903
B,UNCERT_vs_MAXMIN_k6_sign_acc_strong,0.4197471594650391,0.3427822683655453,0.5247376408250762,0.0,5.0,5,True,0.4077194702584781,0.4743376531736089,True,exploratory,L4,,,,sign_acc_strong,,86,,,,,,,L4/contrasts_per_budget.csv,MAXMIN,UNCERT,0.3171720559246943,0.5035167441264345,0.0489798993275019,0.1371437181170054,0.4590965673934321,81.0,True,0.02,True,,,,,,,,,,,,,,,,,budget6_sign_acc_strong,0.0,6.0,,0.0,0.0
B,MAXMIN_vs_RANDOM_k6_sign_acc_strong,-0.3083070746510005,-0.3482882847372808,-0.2485780589398084,0.0,0.0,5,True,-0.3201606641800326,-0.2837686477892566,False,exploratory,L4,,,,sign_acc_strong,,86,,,,,,,L4/contrasts_per_budget.csv,RANDOM,MAXMIN,-0.3550710649074448,-0.2574864044856549,0.0263267252102581,0.0737148305887228,-0.2876740582474406,0.0,True,0.02,False,,,,,,,,,,,,,,,,,budget6_sign_acc_strong,0.0,6.0,,0.0,0.0
B,AOPT_vs_RANDOM_k9_mae_all,-0.0301643935446174,-0.0935704773413683,0.044361710342425,0.69,3.0,5,False,-0.0378760055329947,0.0215357357455513,False,exploratory,L4,,,,mae_all,,90,,,,,,,L4/contrasts_per_budget.csv,RANDOM,AOPT,-0.1197954849712886,0.0315086125204847,0.0393963982419258,0.1103099150773923,0.0171151711751142,40.0,False,0.02,False,,,,,,,,,,,,,,,,,budget9_mae_all,0.8238910505836576,9.0,,0.69,0.8037174721189589
B,AOPT_vs_MAXMIN_k9_mae_all,-0.0298867523583839,-0.0741569303383989,0.0332004526708239,0.404,3.0,5,False,-0.0419493339148058,0.001488124283219,False,exploratory,L4,,,,mae_all,,90,,,,,,,L4/contrasts_per_budget.csv,MAXMIN,AOPT,-0.0864506222747734,0.0189721251649227,0.0282491606062621,0.0790976496975339,0.0024158540630499,34.0,False,0.02,False,,,,,,,,,,,,,,,,,budget9_mae_all,0.5970443349753695,9.0,,0.404,0.5552046783625731
B,UNCERT_vs_RANDOM_k9_mae_all,-0.0674065000801324,-0.1288741760497713,0.0103019981584826,0.1196,2.0,5,True,-0.0800882843480316,-0.0203203591264498,False,exploratory,L4,,,,mae_all,,90,,,,,,,L4/contrasts_per_budget.csv,RANDOM,UNCERT,-0.1534006437579042,-0.0049343129693152,0.0382811066189076,0.1071870985329414,-0.0348121082043347,30.0,True,0.02,False,,,,,,,,,,,,,,,,,budget9_mae_all,0.2345454545454545,9.0,,0.1196,0.20552833638025592
B,UNCERT_vs_MAXMIN_k9_mae_all,-0.0671288588938988,-0.1080632324434722,-0.0122992602822485,0.0108,1.0,5,True,-0.0761496115959439,-0.040367970588782,False,exploratory,L4,,,,mae_all,,90,,,,,,,L4/contrasts_per_budget.csv,MAXMIN,UNCERT,-0.120295030052973,-0.0225915427421136,0.0254403601316301,0.0712330083685643,-0.0495114253163991,24.0,True,0.02,False,,,,,,,,,,,,,,,,,budget9_mae_all,0.036,9.0,,0.0108,0.02977126099706745
B,MAXMIN_vs_RANDOM_k9_mae_all,-0.0002776411862335,-0.0274414738154386,0.0375999179949954,0.9232,3.0,5,False,-0.0040977105916383,0.0200476114623322,False,exploratory,L4,,,,mae_all,,90,,,,,,,L4/contrasts_per_budget.csv,RANDOM,MAXMIN,-0.0361088133909733,0.0296323124634494,0.0175410932061572,0.0491150609772402,0.0146993171120644,46.0,False,0.02,False,,,,,,,,,,,,,,,,,budget9_mae_all,0.9436734693877552,9.0,,0.9232,0.9573920704845815
B,AOPT_vs_RANDOM_k9_sign_acc_strong,0.0132382991618497,-0.0751199291823739,0.1276220034886905,0.717,3.0,5,False,-0.0011297970471909,0.0850846610154971,False,exploratory,L4,,,,sign_acc_strong,,86,,,,,,,L4/contrasts_per_budget.csv,RANDOM,AOPT,-0.1105385408170927,0.1058266215534608,0.0563143370204347,0.1576801436572172,0.0816062646907219,45.0,False,0.02,False,,,,,,,,,,,,,,,,,budget9_sign_acc_strong,0.8274999999999999,9.0,,0.717,0.8198444714459295
B,AOPT_vs_MAXMIN_k9_sign_acc_strong,0.1347941644378526,0.0635264758533823,0.2392413517924047,0.0,3.0,5,True,0.1099993201630872,0.1824699942345597,False,exploratory,L4,,,,sign_acc_strong,,86,,,,,,,L4/contrasts_per_budget.csv,MAXMIN,AOPT,0.0501327390368164,0.2206843591216637,0.0461615882274834,0.1292524470369536,0.1681234895589529,59.0,True,0.02,True,,,,,,,,,,,,,,,,,budget9_sign_acc_strong,0.0,9.0,,0.0,0.0
B,UNCERT_vs_RANDOM_k9_sign_acc_strong,-0.0639090453431758,-0.1784861843217269,0.0804408324368573,0.6074,2.0,5,False,-0.0821013704103062,0.0295800153978973,False,exploratory,L4,,,,sign_acc_strong,,86,,,,,,,L4/contrasts_per_budget.csv,RANDOM,UNCERT,-0.228308179270505,0.0540260483165885,0.0728177740186432,0.2038897672522011,0.0133031065983408,39.0,False,0.02,False,,,,,,,,,,,,,,,,,budget9_sign_acc_strong,0.768860759493671,9.0,,0.6074,0.7386235446313066
B,UNCERT_vs_MAXMIN_k9_sign_acc_strong,0.057646819932827,-0.0338481899979632,0.1792549062222222,0.2484,3.0,5,True,0.0346114467675326,0.12696534861696,False,exploratory,L4,,,,sign_acc_strong,,86,,,,,,,L4/contrasts_per_budget.csv,MAXMIN,UNCERT,-0.0676846997734585,0.1544636204017635,0.0581526124548613,0.1628273148736118,0.0998203314665718,51.0,True,0.02,False,,,,,,,,,,,,,,,,,budget9_sign_acc_strong,0.414,9.0,,0.2484,0.37966829268292684
B,MAXMIN_vs_RANDOM_k9_sign_acc_strong,-0.1215558652760028,-0.1577250191040469,-0.0608484975460358,0.0,0.0,5,True,-0.1274345458186216,-0.0973853332190627,False,exploratory,L4,,,,sign_acc_strong,,86,,,,,,,L4/contrasts_per_budget.csv,RANDOM,MAXMIN,-0.1671269328639105,-0.0739260787616497,0.0254316830212048,0.0712087124593735,-0.0865172248682309,14.0,True,0.02,False,,,,,,,,,,,,,,,,,budget9_sign_acc_strong,0.0,9.0,,0.0,0.0
B,AOPT_vs_RANDOM_k12_mae_all,-0.0185914779796434,-0.0821447186839959,0.0546463622090103,0.777,3.0,5,False,-0.0255181358681239,0.0344429868100056,False,exploratory,L4,,,,mae_all,,90,,,,,,,L4/contrasts_per_budget.csv,RANDOM,AOPT,-0.1097105786013904,0.0429479903195875,0.0398108654753795,0.1114704233310626,0.0247592846361192,46.0,False,0.02,False,,,,,,,,,,,,,,,,,budget12_mae_all,0.8574264705882353,12.0,,0.777,0.8587027027027027
B,AOPT_vs_MAXMIN_k12_mae_all,0.0090019900741727,-0.0405924627059622,0.0729185658029298,0.682,3.0,5,False,-0.0015031076318355,0.0482551786020931,False,exploratory,L4,,,,mae_all,,90,,,,,,,L4/contrasts_per_budget.csv,MAXMIN,AOPT,-0.0582198114368243,0.059790921503776,0.0312912223129895,0.0876154224763706,0.0429250102727548,48.0,False,0.02,False,,,,,,,,,,,,,,,,,budget12_mae_all,0.8216867469879519,12.0,,0.682,0.7983561643835617
B,UNCERT_vs_RANDOM_k12_mae_all,-0.0615290562163332,-0.1334247270539235,0.0225744059370436,0.3052,2.0,5,True,-0.0748176021948583,-0.0041816051462326,False,exploratory,L4,,,,mae_all,,90,,,,,,,L4/contrasts_per_budget.csv,RANDOM,UNCERT,-0.1631136615241537,0.0088409242893769,0.0442753684152614,0.1239710315627319,-0.0107289176226211,30.0,True,0.02,False,,,,,,,,,,,,,,,,,budget12_mae_all,0.492192513368984,12.0,,0.3052,0.45066875981161697
B,UNCERT_vs_MAXMIN_k12_mae_all,-0.033935588162517,-0.0924098928414682,0.040281735883309,0.52,2.0,5,False,-0.0458448604335821,0.0096305866458548,False,exploratory,L4,,,,mae_all,,90,,,,,,,L4/contrasts_per_budget.csv,MAXMIN,UNCERT,-0.114335639490878,0.0260385062366116,0.0365598983468743,0.1023677153712482,0.0074368080140144,34.0,False,0.02,False,,,,,,,,,,,,,,,,,budget12_mae_all,0.7116216216216216,12.0,,0.52,0.6659400544959129
B,MAXMIN_vs_RANDOM_k12_mae_all,-0.0275934680538161,-0.0481273841097218,0.0033555430143705,0.0854,1.0,5,True,-0.0316291381168437,-0.0138121917920874,False,exploratory,L4,,,,mae_all,,90,,,,,,,L4/contrasts_per_budget.csv,RANDOM,MAXMIN,-0.0534919765066391,-0.0031857363149051,0.0134940224085229,0.0377832627438642,-0.0181657256366356,27.0,True,0.02,False,,,,,,,,,,,,,,,,,budget12_mae_all,0.1754794520547945,12.0,,0.0854,0.154972972972973
B,AOPT_vs_RANDOM_k12_sign_acc_strong,-0.0322994041057756,-0.1277444646651463,0.0868244809705904,0.7678,3.0,5,False,-0.0483901243408036,0.0485079922798305,False,exploratory,L4,,,,sign_acc_strong,,86,,,,,,,L4/contrasts_per_budget.csv,RANDOM,AOPT,-0.1663566944212585,0.0661376067294279,0.0612632141384037,0.1715369995875305,0.0360919547307285,39.0,False,0.02,False,,,,,,,,,,,,,,,,,budget12_sign_acc_strong,0.8562825278810409,12.0,,0.7678,0.8531111111111113
B,AOPT_vs_MAXMIN_k12_sign_acc_strong,0.0370521000067552,-0.0292448894338044,0.1381417038471382,0.321,3.0,5,True,0.0116225034467229,0.0844038039562738,False,exploratory,L4,,,,sign_acc_strong,,86,,,,,,,L4/contrasts_per_budget.csv,MAXMIN,AOPT,-0.0410901836555317,0.1203728195031225,0.0443963641787188,0.1243098197004127,0.0757837663865442,37.0,True,0.02,False,,,,,,,,,,,,,,,,,budget12_sign_acc_strong,0.5095238095238095,12.0,,0.321,0.4678139534883721
B,UNCERT_vs_RANDOM_k12_sign_acc_strong,-0.0741133087761758,-0.2158286544223002,0.0859695404208021,0.7168,2.0,5,False,-0.0943361409978535,0.0466519311349479,False,exploratory,L4,,,,sign_acc_strong,,86,,,,,,,L4/contrasts_per_budget.csv,RANDOM,UNCERT,-0.2806280393043076,0.0651575271306025,0.0894296714171086,0.2504030799679041,0.0344816725131211,41.0,False,0.02,False,,,,,,,,,,,,,,,,,budget12_sign_acc_strong,0.8274999999999999,12.0,,0.7168,0.8198444714459295
B,UNCERT_vs_MAXMIN_k12_sign_acc_strong,-0.0047618046636449,-0.1128315498841514,0.1307466199821858,0.9556,2.0,5,False,-0.0218624907454568,0.0825477428113912,False,exploratory,L4,,,,sign_acc_strong,,86,,,,,,,L4/contrasts_per_budget.csv,MAXMIN,UNCERT,-0.1599841636727105,0.1045616794175562,0.0685104023286675,0.191829126520269,0.0741734841689368,46.0,False,0.02,False,,,,,,,,,,,,,,,,,budget12_sign_acc_strong,0.962013422818792,12.0,,0.9556,0.9710962162162162
B,MAXMIN_vs_RANDOM_k12_sign_acc_strong,-0.0693515041125309,-0.1151087824504312,0.0003139241731605,0.0512,1.0,5,True,-0.0760157951613068,-0.0358958116764432,False,exploratory,L4,,,,sign_acc_strong,,86,,,,,,,L4/contrasts_per_budget.csv,RANDOM,MAXMIN,-0.1288424290587067,-0.0140077608584822,0.0306207804252791,0.0857381851907816,-0.0396918116558156,27.0,True,0.02,False,,,,,,,,,,,,,,,,,budget12_sign_acc_strong,0.1181538461538461,12.0,,0.0512,0.10531291028446389
B,AOPT_vs_RANDOM_k16_mae_all,-0.0243794965632904,-0.0838501343934913,0.0473843672250524,0.7252,3.0,5,False,-0.0304607406173698,0.0254916755688437,False,exploratory,L4,,,,mae_all,,90,,,,,,,L4/contrasts_per_budget.csv,RANDOM,AOPT,-0.1114461345697767,0.0353005242183472,0.0377795376635865,0.1057827054580422,0.0260327234787705,53.0,False,0.02,False,,,,,,,,,,,,,,,,,budget16_mae_all,0.8274999999999999,16.0,,0.7252,0.8242902055622733
B,AOPT_vs_MAXMIN_k16_mae_all,-0.0105824717671481,-0.0766969403173041,0.0728616912985679,0.9106,3.0,5,False,-0.0234449288606285,0.0427168550515934,False,exploratory,L4,,,,mae_all,,90,,,,,,,L4/contrasts_per_budget.csv,MAXMIN,AOPT,-0.1040072567244166,0.0561383015454929,0.0416087756091258,0.1165045717055522,0.0455846173132198,51.0,False,0.02,False,,,,,,,,,,,,,,,,,budget16_mae_all,0.9436734693877552,16.0,,0.9106,0.9531893095768373
B,UNCERT_vs_RANDOM_k16_mae_all,-0.026610808118802,-0.0550516312566196,0.0129617222786569,0.1886,2.0,5,True,-0.0351612271215227,-0.0132356175305408,False,exploratory,L4,,,,mae_all,,90,,,,,,,L4/contrasts_per_budget.csv,RANDOM,UNCERT,-0.0578192093772116,0.0088649991459348,0.0173995823597315,0.0487188306072482,-0.0117246335340892,26.0,True,0.02,False,,,,,,,,,,,,,,,,,budget16_mae_all,0.334792899408284,16.0,,0.1886,0.30304957264957266
B,UNCERT_vs_MAXMIN_k16_mae_all,-0.0128137833226597,-0.0528929405311948,0.0389346168349965,0.6318,2.0,5,False,-0.02134403928313,0.0039895619522088,False,exploratory,L4,,,,mae_all,,90,,,,,,,L4/contrasts_per_budget.csv,MAXMIN,UNCERT,-0.0589886356845998,0.0326987961450694,0.023496012320513,0.0657888344974365,0.0078272603003599,29.0,False,0.02,False,,,,,,,,,,,,,,,,,budget16_mae_all,0.7864730290456432,16.0,,0.6318,0.757515306122449
B,MAXMIN_vs_RANDOM_k16_mae_all,-0.0137970247961423,-0.0388902302529802,0.0060365466586167,0.1698,1.0,5,True,-0.0173165396197837,-0.0066929108627621,False,exploratory,L4,,,,mae_all,,90,,,,,,,L4/contrasts_per_budget.csv,RANDOM,MAXMIN,-0.0421049018776365,0.0039817544355953,0.0113383872482741,0.0317474842951675,-0.0195518938344492,44.0,True,0.02,False,,,,,,,,,,,,,,,,,budget16_mae_all,0.3068674698795181,16.0,,0.1698,0.2775860869565217
B,AOPT_vs_RANDOM_k16_sign_acc_strong,-0.0636418262610646,-0.157842182063064,0.0617411113596512,0.5264,2.0,5,False,-0.0756097531669678,0.0157603354869919,False,exploratory,L4,,,,sign_acc_strong,,86,,,,,,,L4/contrasts_per_budget.csv,RANDOM,AOPT,-0.1964295250732628,0.0371713806944565,0.0617035136405399,0.1727698381935119,0.0304557204797944,42.0,False,0.02,False,,,,,,,,,,,,,,,,,budget16_sign_acc_strong,0.7116216216216216,16.0,,0.5264,0.6716472184531885
B,AOPT_vs_MAXMIN_k16_sign_acc_strong,-0.0170992414559144,-0.1247764381908303,0.1371908784013694,0.9202,3.0,5,False,-0.0483439123244288,0.0678629062791333,False,exploratory,L4,,,,sign_acc_strong,,86,,,,,,,L4/contrasts_per_budget.csv,MAXMIN,AOPT,-0.1582241922389329,0.1029826565442198,0.0707498942519673,0.1980997039055084,0.0822207697619317,33.0,False,0.02,False,,,,,,,,,,,,,,,,,budget16_sign_acc_strong,0.9436734693877552,16.0,,0.9202,0.9557878453038675
B,UNCERT_vs_RANDOM_k16_sign_acc_strong,0.0035089562408322,-0.0505766802819895,0.0778000781913124,0.8412,4.0,5,False,-0.0090431926021866,0.0423682879296158,False,exploratory,L4,,,,sign_acc_strong,,86,,,,,,,L4/contrasts_per_budget.csv,RANDOM,UNCERT,-0.0662835457298692,0.0639435253845085,0.0347041672703061,0.0971716683568573,0.0369046998683595,48.0,False,0.02,False,,,,,,,,,,,,,,,,,budget16_sign_acc_strong,0.8948936170212766,16.0,,0.8412,0.9036891428571429
B,UNCERT_vs_MAXMIN_k16_sign_acc_strong,0.0500515410459823,-0.0225788179093235,0.1566953551377784,0.2084,4.0,5,True,0.0238431788651102,0.0944708587217573,False,exploratory,L4,,,,sign_acc_strong,,86,,,,,,,L4/contrasts_per_budget.csv,MAXMIN,UNCERT,-0.0336089856321395,0.1400716877833346,0.0465655577467083,0.1303835616907834,0.0886697491504968,42.0,True,0.02,False,,,,,,,,,,,,,,,,,budget16_sign_acc_strong,0.3634883720930232,16.0,,0.2084,0.3286845637583893
B,MAXMIN_vs_RANDOM_k16_sign_acc_strong,-0.0465425848051501,-0.1019868750430902,-0.0056744740689447,0.0262,0.0,5,True,-0.0521025707921414,-0.0272658408425389,False,exploratory,L4,,,,sign_acc_strong,,86,,,,,,,L4/contrasts_per_budget.csv,RANDOM,MAXMIN,-0.1189628985587636,-0.0126479875451238,0.0242284297291467,0.067839603241611,-0.0517650492821372,32.0,True,0.02,False,,,,,,,,,,,,,,,,,budget16_sign_acc_strong,0.0741509433962264,16.0,,0.0262,0.061879396984924624
B,AOPT_vs_RANDOM_k20_mae_all,0.0076132245689731,-0.018436374587974,0.0305862360029532,0.4862,2.0,5,True,0.0037207673109078,0.0179579941662929,False,exploratory,L4,,,,mae_all,,90,,,,,,,L4/contrasts_per_budget.csv,RANDOM,AOPT,-0.029825081069756,0.0254778000364601,0.0124174270416538,0.0347687957166308,0.0127438303915621,60.0,True,0.02,False,,,,,,,,,,,,,,,,,budget20_mae_all,0.6784186046511629,20.0,,0.4862,0.6374170153417016
B,AOPT_vs_MAXMIN_k20_mae_all,0.0087265334591285,-0.0199843962647346,0.0384021465133847,0.498,3.0,5,True,0.0023536382319586,0.0206218933006543,False,exploratory,L4,,,,mae_all,,90,,,,,,,L4/contrasts_per_budget.csv,MAXMIN,AOPT,-0.0305385866566111,0.0324640434888281,0.0148407675519107,0.0415541491453501,0.0206896454563186,59.0,True,0.02,False,,,,,,,,,,,,,,,,,budget20_mae_all,0.6916666666666667,20.0,,0.498,0.6474688796680498
B,UNCERT_vs_RANDOM_k20_mae_all,-0.0037561920221072,-0.0349735186688094,0.0208541263383724,0.7586,3.0,5,False,-0.0111407852091611,0.0008032648934372,False,exploratory,L4,,,,mae_all,,90,,,,,,,L4/contrasts_per_budget.csv,RANDOM,UNCERT,-0.0323606453494344,0.0222731798164473,0.0139316300498388,0.0390085641395486,-0.0045023755705981,44.0,False,0.02,False,,,,,,,,,,,,,,,,,budget20_mae_all,0.8523595505617978,20.0,,0.7586,0.8479001189060643
B,UNCERT_vs_MAXMIN_k20_mae_all,-0.0026428831319518,-0.0368125555420511,0.0259672941622722,0.8676,3.0,5,False,-0.0084768860747997,0.004815200529105,False,exploratory,L4,,,,mae_all,,90,,,,,,,L4/contrasts_per_budget.csv,MAXMIN,UNCERT,-0.0382374265255026,0.0250514994499285,0.0156517600286603,0.0438249280802488,0.0034434394941582,49.0,False,0.02,False,,,,,,,,,,,,,,,,,budget20_mae_all,0.913263157894737,20.0,,0.8676,0.9236058890147225
B,MAXMIN_vs_RANDOM_k20_mae_all,-0.0011133088901554,-0.0179545716738157,0.0117148560727271,0.8716,2.0,5,False,-0.0044894925595039,0.0025331161188274,False,exploratory,L4,,,,mae_all,,90,,,,,,,L4/contrasts_per_budget.csv,RANDOM,MAXMIN,-0.0178564718862014,0.0117665060850906,0.007452767897075,0.0208677501118101,-0.0079458150647564,47.0,False,0.02,False,,,,,,,,,,,,,,,,,budget20_mae_all,0.9142657342657344,20.0,,0.8716,0.9257672316384182
B,AOPT_vs_RANDOM_k20_sign_acc_strong,-0.0010637645151672,-0.0713122845304314,0.043505689719716,0.9712,2.0,5,False,-0.0176013687929598,0.0237658875899325,False,exploratory,L4,,,,sign_acc_strong,,86,,,,,,,L4/contrasts_per_budget.csv,RANDOM,AOPT,-0.0869880752527659,0.0391169783416642,0.0301665810172034,0.0844664268481696,0.0059112873446634,65.0,False,0.02,False,,,,,,,,,,,,,,,,,budget20_sign_acc_strong,0.9744481605351172,20.0,,0.9712,0.9837586206896551
B,AOPT_vs_MAXMIN_k20_sign_acc_strong,0.010192849398393,-0.0647896546573982,0.066347091106742,0.703,3.0,5,False,-0.0047021991706292,0.0380308199732261,False,exploratory,L4,,,,sign_acc_strong,,86,,,,,,,L4/contrasts_per_budget.csv,MAXMIN,AOPT,-0.0900225816343139,0.0569522524871957,0.0338404295193055,0.0947532026540555,0.0280050993447655,58.0,False,0.02,False,,,,,,,,,,,,,,,,,budget20_sign_acc_strong,0.8238910505836576,20.0,,0.703,0.812972972972973
B,UNCERT_vs_RANDOM_k20_sign_acc_strong,0.0322720159154397,-0.0005163527977637,0.0793423771182064,0.0552,4.0,5,True,0.0214253768122175,0.046121095145918,False,exploratory,L4,,,,sign_acc_strong,,86,,,,,,,L4/contrasts_per_budget.csv,RANDOM,UNCERT,-0.0016190550378029,0.0773293119902621,0.0205604131254912,0.0575691567513756,0.048831214795665,68.0,True,0.02,False,,,,,,,,,,,,,,,,,budget20_sign_acc_strong,0.1240298507462686,20.0,,0.0552,0.11182758620689655
B,UNCERT_vs_MAXMIN_k20_sign_acc_strong,0.043528629829,-0.0014644410662287,0.1072929257527789,0.0616,5.0,5,True,0.0311337647922732,0.0644939781293706,False,exploratory,L4,,,,sign_acc_strong,,86,,,,,,,L4/contrasts_per_budget.csv,MAXMIN,UNCERT,-0.0070067648538795,0.0997271716681217,0.0279770620802881,0.0783357738248069,0.0709250267957672,60.0,True,0.02,False,,,,,,,,,,,,,,,,,budget20_sign_acc_strong,0.1343478260869565,20.0,,0.0616,0.12164705882352941
B,MAXMIN_vs_RANDOM_k20_sign_acc_strong,-0.0112566139135603,-0.0448539473989463,0.0120855984262925,0.4024,2.0,5,True,-0.0183728829834526,-0.0018874273020385,False,exploratory,L4,,,,sign_acc_strong,,86,,,,,,,L4/contrasts_per_budget.csv,RANDOM,MAXMIN,-0.0472203063852585,0.0107745816449623,0.0145827276074799,0.0408316373009439,-0.0220938120001021,39.0,True,0.02,False,,,,,,,,,,,,,,,,,budget20_sign_acc_strong,0.5970443349753695,20.0,,0.4024,0.5538155197657394
B,AOPT_vs_RANDOM_k24_mae_all,0.0115728672313106,-0.0065790268595706,0.0366027909676361,0.2452,5.0,5,True,0.0055256081743736,0.0236726609638205,False,exploratory,L4,,,,mae_all,,90,,,,,,,L4/contrasts_per_budget.csv,RANDOM,AOPT,-0.0103006223194467,0.0318146334020706,0.0113768185167925,0.0318550918470191,0.0120067609353999,55.0,True,0.02,False,,,,,,,,,,,,,,,,,budget24_mae_all,0.4109497206703911,24.0,,0.2452,0.3766143790849673
B,AOPT_vs_MAXMIN_k24_mae_all,0.0322295736615541,-0.0011879039277686,0.077588778517476,0.0624,5.0,5,True,0.0216611170882566,0.0560736085786167,False,exploratory,L4,,,,mae_all,,90,,,,,,,L4/contrasts_per_budget.csv,MAXMIN,AOPT,-0.0100989674709919,0.068742354660897,0.0211781795232691,0.0592989026651534,0.0391894044177414,60.0,True,0.02,False,,,,,,,,,,,,,,,,,budget24_mae_all,0.1346762589928057,24.0,,0.0624,0.12233679833679834
B,UNCERT_vs_RANDOM_k24_mae_all,0.0070624360028836,-0.0197921177039959,0.0276699763108463,0.5704,4.0,5,True,0.0011684000997859,0.0101106408114782,False,exploratory,L4,,,,mae_all,,90,,,,,,,L4/contrasts_per_budget.csv,RANDOM,UNCERT,-0.0179712994347856,0.0289366487600792,0.0119182204583904,0.0333710172834932,0.0098019717525782,41.0,True,0.02,False,,,,,,,,,,,,,,,,,budget24_mae_all,0.7472489082969432,24.0,,0.5704,0.7116074270557029
B,UNCERT_vs_MAXMIN_k24_mae_all,0.0277191424331271,-0.0013296110563328,0.0633063996444692,0.0618,5.0,5,True,0.0187226943800709,0.0335693477145821,False,exploratory,L4,,,,mae_all,,90,,,,,,,L4/contrasts_per_budget.csv,MAXMIN,UNCERT,0.0009116535858646,0.06726058392321,0.0163564475147362,0.0457980530412615,0.0369846152349198,44.0,True,0.02,False,,,,,,,,,,,,,,,,,budget24_mae_all,0.1343478260869565,24.0,,0.0618,0.12178616352201257
B,MAXMIN_vs_RANDOM_k24_mae_all,-0.0206567064302435,-0.0484340487955023,-0.000925785098756,0.0356,0.0,5,True,-0.0324009476147962,-0.0154814580646443,False,exploratory,L4,,,,mae_all,,90,,,,,,,L4/contrasts_per_budget.csv,RANDOM,MAXMIN,-0.0442124048146325,0.0015994578337591,0.0124338257099041,0.0348147119877317,-0.0271826434823415,42.0,True,0.02,False,,,,,,,,,,,,,,,,,budget24_mae_all,0.0912820512820512,24.0,,0.0356,0.07929857819905213
B,AOPT_vs_RANDOM_k24_sign_acc_strong,0.009643673342122,-0.0158627002433888,0.0449194424527709,0.522,3.0,5,False,-0.0009442658570248,0.0190409254262037,False,exploratory,L4,,,,sign_acc_strong,,86,,,,,,,L4/contrasts_per_budget.csv,RANDOM,AOPT,-0.0149129289115351,0.0464295734702057,0.0156832601788709,0.0439131285008387,0.0036781146178636,64.0,False,0.02,False,,,,,,,,,,,,,,,,,budget24_sign_acc_strong,0.7116216216216216,24.0,,0.522,0.6675918367346939
B,AOPT_vs_MAXMIN_k24_sign_acc_strong,0.0483941567463986,-0.000369138684777,0.120254668456248,0.0528,5.0,5,True,0.0312721880403262,0.0785406271028405,False,exploratory,L4,,,,sign_acc_strong,,86,,,,,,,L4/contrasts_per_budget.csv,MAXMIN,AOPT,-0.0048421550974455,0.1117595444036594,0.031799862622554,0.0890396153431512,0.0507279677842444,58.0,True,0.02,False,,,,,,,,,,,,,,,,,budget24_sign_acc_strong,0.12,24.0,,0.0528,0.10742857142857143
B,UNCERT_vs_RANDOM_k24_sign_acc_strong,0.035312234712061,0.0061925616664418,0.0795648727619698,0.014,5.0,5,True,0.0267760198941405,0.0481993720920355,True,exploratory,L4,,,,sign_acc_strong,,86,,,,,,,L4/contrasts_per_budget.csv,RANDOM,UNCERT,0.00477416159717,0.0770870865077708,0.018953466160804,0.0530697052502514,0.0571380555977436,67.0,True,0.02,True,,,,,,,,,,,,,,,,,budget24_sign_acc_strong,0.0446808510638297,24.0,,0.014,0.03665738161559889
B,UNCERT_vs_MAXMIN_k24_sign_acc_strong,0.0740627181163376,0.018081599464712,0.1560301204152065,0.0036,5.0,5,True,0.0589924737914916,0.1076990737686722,True,exploratory,L4,,,,sign_acc_strong,,86,,,,,,,L4/contrasts_per_budget.csv,MAXMIN,UNCERT,0.0091862179953484,0.1432656229959656,0.0360653319370153,0.1009829294236429,0.1041879087641245,57.0,True,0.02,True,,,,,,,,,,,,,,,,,budget24_sign_acc_strong,0.0136708860759493,24.0,,0.0036,0.011022801302931595
B,MAXMIN_vs_RANDOM_k24_sign_acc_strong,-0.0387504834042766,-0.0918400494375209,-0.0028641042126093,0.03,0.0,5,True,-0.0594997016766367,-0.0256163026976187,False,exploratory,L4,,,,sign_acc_strong,,86,,,,,,,L4/contrasts_per_budget.csv,RANDOM,MAXMIN,-0.0871769838012662,0.000400109555666,0.0232484378091574,0.0650956258656408,-0.0470498531663808,47.0,True,0.02,False,,,,,,,,,,,,,,,,,budget24_sign_acc_strong,0.0831192660550458,24.0,,0.03,0.06957843137254903
BR,AOPT_vs_RANDOM_k6_mae_all,0.0649670614605754,0.0033334717872166,0.1101558751807974,0.0352,5.0,5,True,0.0302851967862691,0.0715479973292837,True,exploratory,L4,,,,mae_all,,90,,,,,,,L4/contrasts_per_budget.csv,RANDOM,AOPT,0.0172017066313707,0.1280992034676212,0.0289371265750143,0.0810239544100401,0.0342098948447188,58.0,True,0.02,True,,,,,,,,,,,,,,,,,budget6_mae_all,0.0910344827586207,6.0,,0.0352,0.0785938242280285
BR,AOPT_vs_MAXMIN_k6_mae_all,0.0487758441125242,-0.05010179739681,0.1256454817462407,0.5022,4.0,5,False,-0.0108693418393717,0.0607974569334247,False,exploratory,L4,,,,mae_all,,90,,,,,,,L4/contrasts_per_budget.csv,MAXMIN,AOPT,-0.0306774253641791,0.1562944234638988,0.0483824096416036,0.1354707469964902,0.0067634310132355,51.0,False,0.02,False,,,,,,,,,,,,,,,,,budget6_mae_all,0.6942857142857143,6.0,,0.5022,0.6511282758620689
BR,UNCERT_vs_RANDOM_k6_mae_all,0.0059316272061536,-0.028648008920159,0.0551851734355766,0.772,3.0,5,False,-0.006615682940691,0.0206583478041785,False,exploratory,L4,,,,mae_all,,90,,,,,,,L4/contrasts_per_budget.csv,RANDOM,UNCERT,-0.0296594196528163,0.0533354166406399,0.0216139064155102,0.0605189379634285,0.0117560037054921,38.0,False,0.02,False,,,,,,,,,,,,,,,,,budget6_mae_all,0.8574264705882353,6.0,,0.772,0.8557547169811321
BR,UNCERT_vs_MAXMIN_k6_mae_all,-0.0102595901418975,-0.0528506941435439,0.0209030621094636,0.5508,2.0,5,True,-0.0204961908214624,-0.0049875904649969,False,exploratory,L4,,,,mae_all,,90,,,,,,,L4/contrasts_per_budget.csv,MAXMIN,UNCERT,-0.0517931383092793,0.0217621928868736,0.0188849467184273,0.0528778508115965,-0.0156904601259911,41.0,True,0.02,False,,,,,,,,,,,,,,,,,budget6_mae_all,0.7376785714285713,6.0,,0.5508,0.6996648648648648
BR,MAXMIN_vs_RANDOM_k6_mae_all,0.0161912173480511,-0.0172359274303019,0.0590283439944884,0.3664,4.0,5,True,0.0087256395575115,0.0411545386256409,False,exploratory,L4,,,,mae_all,,90,,,,,,,L4/contrasts_per_budget.csv,RANDOM,MAXMIN,-0.0281462906157396,0.0502943743840098,0.0206702923701675,0.0578768186364691,0.0274464638314833,51.0,True,0.02,False,,,,,,,,,,,,,,,,,budget6_mae_all,0.5608163265306123,6.0,,0.3664,0.5179187969924812
BR,AOPT_vs_RANDOM_k6_sign_acc_strong,0.2969373503163152,0.192938748960545,0.3635434682555976,0.0,5.0,5,True,0.247651946142075,0.3076909606979962,True,exploratory,L4,,,,sign_acc_strong,,86,,,,,,,L4/contrasts_per_budget.csv,RANDOM,AOPT,0.2153657162884128,0.379836572012065,0.0451081160590993,0.1263027249654783,0.2411635582722811,79.0,True,0.02,True,,,,,,,,,,,,,,,,,budget6_sign_acc_strong,0.0,6.0,,0.0,0.0
BR,AOPT_vs_MAXMIN_k6_sign_acc_strong,0.5485208186902444,0.4287446473523948,0.6233806159717713,0.0,5.0,5,True,0.5042714054063745,0.5620211371351276,True,exploratory,L4,,,,sign_acc_strong,,86,,,,,,,L4/contrasts_per_budget.csv,MAXMIN,AOPT,0.4493934448404401,0.6355208163234052,0.0505270688333418,0.1414757927333572,0.4916124778086283,82.0,True,0.02,True,,,,,,,,,,,,,,,,,budget6_sign_acc_strong,0.0,6.0,,0.0,0.0
BR,UNCERT_vs_RANDOM_k6_sign_acc_strong,0.1761864586995229,0.1154135888564559,0.2670344133112375,0.0,5.0,5,True,0.1643017411117673,0.2144469521283809,True,exploratory,L4,,,,sign_acc_strong,,86,,,,,,,L4/contrasts_per_budget.csv,RANDOM,UNCERT,0.1023892562746497,0.2502596721730719,0.0397401914427941,0.1112725360398237,0.205765329253283,75.0,True,0.02,True,,,,,,,,,,,,,,,,,budget6_sign_acc_strong,0.0,6.0,,0.0,0.0
BR,UNCERT_vs_MAXMIN_k6_sign_acc_strong,0.4277699270734521,0.3627173558784296,0.5195615887874658,0.0,5.0,5,True,0.4133242426628351,0.4710664113926803,True,exploratory,L4,,,,sign_acc_strong,,86,,,,,,,L4/contrasts_per_budget.csv,MAXMIN,UNCERT,0.3447644380998314,0.500079331825756,0.0415940991813296,0.1164634777077229,0.4562142487896302,82.0,True,0.02,True,,,,,,,,,,,,,,,,,budget6_sign_acc_strong,0.0,6.0,,0.0,0.0
BR,MAXMIN_vs_RANDOM_k6_sign_acc_strong,-0.2515834683739292,-0.2867968940563345,-0.2250818352305417,0.0,0.0,5,True,-0.2573153674119102,-0.2397261902959939,False,exploratory,L4,,,,sign_acc_strong,,86,,,,,,,L4/contrasts_per_budget.csv,RANDOM,MAXMIN,-0.2930560789764472,-0.2283905495645103,0.0156410984991748,0.0437950757976896,-0.2504489195363472,0.0,True,0.02,False,,,,,,,,,,,,,,,,,budget6_sign_acc_strong,0.0,6.0,,0.0,0.0
BR,AOPT_vs_RANDOM_k9_mae_all,0.0299399883072321,0.0001363559575066,0.072177610942412,0.0484,4.0,5,True,0.021828766200653,0.0483096711297754,False,exploratory,L4,,,,mae_all,,90,,,,,,,L4/contrasts_per_budget.csv,RANDOM,AOPT,-0.0056890714048178,0.0643284444093013,0.0188277697798607,0.0527177553836101,0.0371371706113412,46.0,True,0.02,False,,,,,,,,,,,,,,,,,budget9_mae_all,0.1143307086614173,9.0,,0.0484,0.1017807606263982
BR,AOPT_vs_MAXMIN_k9_mae_all,0.0451151224280759,0.010949117915143,0.0710010823076935,0.015,4.0,5,True,0.0382864937527663,0.0510694714282912,True,exploratory,L4,,,,mae_all,,90,,,,,,,L4/contrasts_per_budget.csv,MAXMIN,AOPT,0.0114634167753082,0.0713417594177061,0.0152077172202263,0.0425816082166338,0.038881894008802,64.0,True,0.02,True,,,,,,,,,,,,,,,,,budget9_mae_all,0.0473684210526315,9.0,,0.015,0.03873626373626374
BR,UNCERT_vs_RANDOM_k9_mae_all,-0.0276774006901188,-0.0632961214239691,0.0221886767377641,0.3314,2.0,5,True,-0.0369876595624232,-0.0031884662798612,False,exploratory,L4,,,,mae_all,,90,,,,,,,L4/contrasts_per_budget.csv,RANDOM,UNCERT,-0.072044523471026,0.0120064672125877,0.0226082190022316,0.0633030132062485,-0.0127477332293323,28.0,True,0.02,False,,,,,,,,,,,,,,,,,budget9_mae_all,0.520523560209424,9.0,,0.3314,0.48073456790123453
BR,UNCERT_vs_MAXMIN_k9_mae_all,-0.0125022665692749,-0.0399423734710003,0.0148949403052979,0.3422,3.0,5,True,-0.0167918724421409,-0.0088576043161097,False,exploratory,L4,,,,mae_all,,90,,,,,,,L4/contrasts_per_budget.csv,MAXMIN,UNCERT,-0.0404146736003773,0.014576205966882,0.0137851599720356,0.0385984479216997,-0.0110030098318715,36.0,True,0.02,False,,,,,,,,,,,,,,,,,budget9_mae_all,0.5346875,9.0,,0.3422,0.4910961832061069
BR,MAXMIN_vs_RANDOM_k9_mae_all,-0.0151751341208438,-0.0458801911713827,0.0254632169455873,0.5928,1.0,5,False,-0.0201957871202823,0.008282291353188,False,exploratory,L4,,,,mae_all,,90,,,,,,,L4/contrasts_per_budget.csv,RANDOM,MAXMIN,-0.0564357270192818,0.0176467114448551,0.0195514421212681,0.0547440379395508,-0.0017447233974607,39.0,False,0.02,False,,,,,,,,,,,,,,,,,budget9_mae_all,0.7567659574468085,9.0,,0.5928,0.7284078431372548
BR,AOPT_vs_RANDOM_k9_sign_acc_strong,0.0960569273689856,0.0407064383296089,0.1705755741209754,0.0002,4.0,5,True,0.0816742898543602,0.1299891840789954,True,exploratory,L4,,,,sign_acc_strong,,86,,,,,,,L4/contrasts_per_budget.csv,RANDOM,AOPT,0.0303213970566866,0.1587211275215403,0.0342671887953619,0.0959481286270135,0.1027599442031949,64.0,True,0.02,True,,,,,,,,,,,,,,,,,budget9_sign_acc_strong,0.0011111111111111,9.0,,0.0002,0.000828193832599119
BR,AOPT_vs_MAXMIN_k9_sign_acc_strong,0.2745595460288714,0.2019583850115415,0.3275571885729153,0.0,5.0,5,True,0.259192821937352,0.2822602465703875,True,exploratory,L4,,,,sign_acc_strong,,86,,,,,,,L4/contrasts_per_budget.csv,MAXMIN,AOPT,0.2100613172502439,0.333105070205424,0.0312755863942719,0.0875716419039614,0.2389804006946988,81.0,True,0.02,True,,,,,,,,,,,,,,,,,budget9_sign_acc_strong,0.0,9.0,,0.0,0.0
BR,UNCERT_vs_RANDOM_k9_sign_acc_strong,-0.0117117494371373,-0.0941294573613632,0.0987555299088945,0.9428,3.0,5,False,-0.0280593648556198,0.0535148717179112,False,exploratory,L4,,,,sign_acc_strong,,86,,,,,,,L4/contrasts_per_budget.csv,RANDOM,UNCERT,-0.1241140013933685,0.0781676489724189,0.053022758364963,0.1484637234218966,0.0412420573945861,39.0,False,0.02,False,,,,,,,,,,,,,,,,,budget9_sign_acc_strong,0.9587796610169492,9.0,,0.9428,0.9666521264994546
BR,UNCERT_vs_MAXMIN_k9_sign_acc_strong,0.1667908692227484,0.121268828126861,0.2339807270706338,0.0,5.0,5,True,0.149459167227372,0.1875586897733643,True,exploratory,L4,,,,sign_acc_strong,,86,,,,,,,L4/contrasts_per_budget.csv,MAXMIN,UNCERT,0.1189647302865322,0.2306927562098943,0.0290013215071847,0.0812037002201172,0.1774625138860901,76.0,True,0.02,True,,,,,,,,,,,,,,,,,budget9_sign_acc_strong,0.0,9.0,,0.0,0.0
BR,MAXMIN_vs_RANDOM_k9_sign_acc_strong,-0.1785026186598858,-0.231672464157818,-0.103706197916623,0.0,0.0,5,True,-0.1843984573227018,-0.1340438180554531,False,exploratory,L4,,,,sign_acc_strong,,86,,,,,,,L4/contrasts_per_budget.csv,RANDOM,MAXMIN,-0.2521120827572068,-0.1192702314423167,0.0354149876320147,0.0991619653696414,-0.1362204564915038,6.0,True,0.02,False,,,,,,,,,,,,,,,,,budget9_sign_acc_strong,0.0,9.0,,0.0,0.0
BR,AOPT_vs_RANDOM_k12_mae_all,0.033790548679285,0.0118989427765218,0.0506597673886817,0.0028,5.0,5,True,0.0266708717762202,0.0360548661281086,True,exploratory,L4,,,,mae_all,,90,,,,,,,L4/contrasts_per_budget.csv,RANDOM,AOPT,0.0150039691781784,0.0534003541930547,0.0098583967368756,0.0276035108632517,0.0292957097425653,66.0,True,0.02,True,,,,,,,,,,,,,,,,,budget12_mae_all,0.0116883116883116,12.0,,0.0028,0.008832214765100672
BR,AOPT_vs_MAXMIN_k12_mae_all,0.0583826150348457,0.0213988105780428,0.0843080063563916,0.0,5.0,5,True,0.0412569469717722,0.0627434393298835,True,exploratory,L4,,,,mae_all,,90,,,,,,,L4/contrasts_per_budget.csv,MAXMIN,AOPT,0.0290372388391978,0.0906203746132453,0.0164895434845127,0.0461707217566356,0.0491816391473207,72.0,True,0.02,True,,,,,,,,,,,,,,,,,budget12_mae_all,0.0,12.0,,0.0,0.0
BR,UNCERT_vs_RANDOM_k12_mae_all,-0.0178508344454644,-0.0482161282233009,0.0278895186614822,0.4418,3.0,5,True,-0.0294200701938922,-0.0007729482764917,False,exploratory,L4,,,,mae_all,,90,,,,,,,L4/contrasts_per_budget.csv,RANDOM,UNCERT,-0.0513659892680434,0.0235117724419248,0.0198500933443351,0.0555802613641383,-0.0011391074461865,22.0,True,0.02,False,,,,,,,,,,,,,,,,,budget12_mae_all,0.6334285714285715,12.0,,0.4418,0.595512893982808
BR,UNCERT_vs_MAXMIN_k12_mae_all,0.0067412319100962,-0.0280356813506119,0.047654057452753,0.7052,4.0,5,False,-0.002415795989542,0.0138131269190602,False,exploratory,L4,,,,mae_all,,90,,,,,,,L4/contrasts_per_budget.csv,MAXMIN,UNCERT,-0.0275075978748532,0.0483794507380562,0.0189952437159634,0.0531866824046975,0.0187468219585688,40.0,False,0.02,False,,,,,,,,,,,,,,,,,budget12_mae_all,0.8238910505836576,12.0,,0.7052,0.8129791921664626
BR,MAXMIN_vs_RANDOM_k12_mae_all,-0.0245920663555606,-0.0447855881967789,0.0046895677794257,0.0988,0.0,5,True,-0.0279265637003072,-0.014586075195552,False,exploratory,L4,,,,mae_all,,90,,,,,,,L4/contrasts_per_budget.csv,RANDOM,MAXMIN,-0.0478313951433716,0.0003433401180553,0.0127060190125246,0.0355768532350689,-0.0198859294047554,30.0,True,0.02,False,,,,,,,,,,,,,,,,,budget12_mae_all,0.2002702702702702,12.0,,0.0988,0.1775755258126195
BR,AOPT_vs_RANDOM_k12_sign_acc_strong,0.0403545125282427,0.0005020655160741,0.0708653547649658,0.0478,4.0,5,True,0.0288855416880746,0.0483773698827806,True,exploratory,L4,,,,sign_acc_strong,,86,,,,,,,L4/contrasts_per_budget.csv,RANDOM,AOPT,0.0020164713559197,0.0723079674439306,0.0181194859408183,0.0507345606342914,0.0422105980260735,59.0,True,0.02,True,,,,,,,,,,,,,,,,,budget12_sign_acc_strong,0.1138095238095238,12.0,,0.0478,0.10074439461883408
BR,AOPT_vs_MAXMIN_k12_sign_acc_strong,0.0992729898866468,0.0293239739219229,0.1466254155198727,0.0028,5.0,5,True,0.0739028080244467,0.1124917458503131,True,exploratory,L4,,,,sign_acc_strong,,86,,,,,,,L4/contrasts_per_budget.csv,MAXMIN,AOPT,0.0378967756965899,0.152978132800243,0.0303855946903391,0.0850796651329496,0.0923003945207576,60.0,True,0.02,True,,,,,,,,,,,,,,,,,budget12_sign_acc_strong,0.0113513513513513,12.0,,0.0028,0.008832214765100672
BR,UNCERT_vs_RANDOM_k12_sign_acc_strong,0.0187496833760095,-0.0342418559109802,0.0966971607710806,0.5266,4.0,5,True,0.0018504807675804,0.0586354100924615,False,exploratory,L4,,,,sign_acc_strong,,86,,,,,,,L4/contrasts_per_budget.csv,RANDOM,UNCERT,-0.0498593006671384,0.0799667025886685,0.0351418832270548,0.0983972730357534,0.058512200866577,40.0,True,0.02,False,,,,,,,,,,,,,,,,,budget12_sign_acc_strong,0.7116216216216216,12.0,,0.5266,0.6716472184531885
BR,UNCERT_vs_MAXMIN_k12_sign_acc_strong,0.0776681607344135,0.0237048101211116,0.1546687304070726,0.003,4.0,5,True,0.0632232642531343,0.1036526764288336,True,exploratory,L4,,,,sign_acc_strong,,86,,,,,,,L4/contrasts_per_budget.csv,MAXMIN,UNCERT,0.0183708945795384,0.1471064666956642,0.0334890566477473,0.0937693586136925,0.1086019973612611,63.0,True,0.02,True,,,,,,,,,,,,,,,,,budget12_sign_acc_strong,0.0116883116883116,12.0,,0.003,0.009306930693069307
BR,MAXMIN_vs_RANDOM_k12_sign_acc_strong,-0.0589184773584039,-0.1011390135542837,-0.0020913830066477,0.0418,0.0,5,True,-0.0644906248663226,-0.0446415390554485,False,exploratory,L4,,,,sign_acc_strong,,86,,,,,,,L4/contrasts_per_budget.csv,RANDOM,MAXMIN,-0.1073266199310229,-0.0088481272898483,0.0249286516171357,0.06980022452798,-0.0500897964946841,31.0,True,0.02,False,,,,,,,,,,,,,,,,,budget12_sign_acc_strong,0.1045,12.0,,0.0418,0.09032643678160918
BR,AOPT_vs_RANDOM_k16_mae_all,-0.0100002059968458,-0.043033306922839,0.0363488557571987,0.7654,4.0,5,False,-0.0150941970615572,0.0142613313867269,False,exploratory,L4,,,,mae_all,,90,,,,,,,L4/contrasts_per_budget.csv,RANDOM,AOPT,-0.0537394512925678,0.0268977934063978,0.0213352591205417,0.0597387255375169,0.0168743014145674,47.0,False,0.02,False,,,,,,,,,,,,,,,,,budget16_mae_all,0.8562825278810409,16.0,,0.7654,0.8524597156398104
BR,AOPT_vs_MAXMIN_k16_mae_all,0.0177650318703961,-0.0079061229563248,0.0551360470398576,0.2044,4.0,5,True,0.008695817437059,0.0285518512708994,False,exploratory,L4,,,,mae_all,,90,,,,,,,L4/contrasts_per_budget.csv,MAXMIN,AOPT,-0.0097534644859014,0.0530011575834512,0.0162456537223139,0.0454878304224791,0.0330195669850815,58.0,True,0.02,False,,,,,,,,,,,,,,,,,budget16_mae_all,0.3585964912280702,16.0,,0.2044,0.32400674536256324
BR,UNCERT_vs_RANDOM_k16_mae_all,0.0143743235338212,-0.0234753040175316,0.0392891936917682,0.458,3.0,5,False,-0.0009683773385524,0.0177143932367367,False,exploratory,L4,,,,mae_all,,90,,,,,,,L4/contrasts_per_budget.csv,RANDOM,UNCERT,-0.016522343530364,0.0447355467795532,0.0163585584230742,0.0458039635846078,0.0045158753075601,45.0,False,0.02,False,,,,,,,,,,,,,,,,,budget16_mae_all,0.6481132075471698,16.0,,0.458,0.6109333333333333
BR,UNCERT_vs_MAXMIN_k16_mae_all,0.0421395614010632,-0.0228354271295378,0.0831782962722319,0.2122,3.0,5,True,0.01332214254562,0.0492809197337959,False,exploratory,L4,,,,mae_all,,90,,,,,,,L4/contrasts_per_budget.csv,MAXMIN,UNCERT,-0.0079141688984863,0.094854052011474,0.0276820321676804,0.0775096900695053,0.0206611408780742,53.0,True,0.02,False,,,,,,,,,,,,,,,,,budget16_mae_all,0.3679768786127167,16.0,,0.2122,0.33244666666666667
BR,MAXMIN_vs_RANDOM_k16_mae_all,-0.0277652378672419,-0.0484901598958717,0.0051930257601991,0.1,1.0,5,True,-0.0315665264970592,-0.0142905198841724,False,exploratory,L4,,,,mae_all,,90,,,,,,,L4/contrasts_per_budget.csv,RANDOM,MAXMIN,-0.0531389304788678,-0.0015355533511648,0.0139356171393674,0.0390197279902287,-0.0161452655705141,25.0,True,0.02,False,,,,,,,,,,,,,,,,,budget16_mae_all,0.2013422818791946,16.0,,0.1,0.17904761904761904
BR,AOPT_vs_RANDOM_k16_sign_acc_strong,-0.0234570253759091,-0.0766598385498579,0.0531627240209186,0.5884,3.0,5,False,-0.0329661707730114,0.0057968352441132,False,exploratory,L4,,,,sign_acc_strong,,86,,,,,,,L4/contrasts_per_budget.csv,RANDOM,AOPT,-0.090972389094028,0.0380341680396986,0.033754917718934,0.0945137696130154,0.0264537766055216,39.0,False,0.02,False,,,,,,,,,,,,,,,,,budget16_sign_acc_strong,0.7567659574468085,16.0,,0.5884,0.7263748361730014
BR,AOPT_vs_MAXMIN_k16_sign_acc_strong,0.0512228493942183,-0.0142838834957928,0.1176537416060376,0.1204,4.0,5,True,0.0301572379788142,0.0720262976644491,False,exploratory,L4,,,,sign_acc_strong,,86,,,,,,,L4/contrasts_per_budget.csv,MAXMIN,AOPT,-0.0154388267476529,0.1161350250029619,0.0331537821621877,0.0928305900541257,0.0727246076660732,55.0,True,0.02,False,,,,,,,,,,,,,,,,,budget16_sign_acc_strong,0.2345454545454545,16.0,,0.1204,0.20652554744525545
BR,UNCERT_vs_RANDOM_k16_sign_acc_strong,0.051468939769032,0.0205529933057963,0.0804040001828432,0.0018,4.0,5,True,0.0443338816857611,0.0552203645321848,True,exploratory,L4,,,,sign_acc_strong,,86,,,,,,,L4/contrasts_per_budget.csv,RANDOM,UNCERT,0.0229585093328444,0.0825980806135656,0.0148245538852202,0.0415087508786166,0.0541058160130788,66.0,True,0.02,True,,,,,,,,,,,,,,,,,budget16_sign_acc_strong,0.0080597014925373,16.0,,0.0018,0.006042857142857142
BR,UNCERT_vs_MAXMIN_k16_sign_acc_strong,0.1261488145391595,0.0382605078723813,0.1801878450729275,0.003,5.0,5,True,0.0949930675105518,0.1363126287657758,True,exploratory,L4,,,,sign_acc_strong,,86,,,,,,,L4/contrasts_per_budget.csv,MAXMIN,UNCERT,0.0538941167860696,0.1895883049271897,0.0365548467364156,0.1023535708619638,0.1003766470736305,59.0,True,0.02,True,,,,,,,,,,,,,,,,,budget16_sign_acc_strong,0.0118421052631578,16.0,,0.003,0.009306930693069307
BR,MAXMIN_vs_RANDOM_k16_sign_acc_strong,-0.0746798747701274,-0.1188852626659763,-0.0049558801649186,0.0322,0.0,5,True,-0.0825985535803295,-0.0441332947976861,False,exploratory,L4,,,,sign_acc_strong,,86,,,,,,,L4/contrasts_per_budget.csv,RANDOM,MAXMIN,-0.1299521170268484,-0.0191884409020609,0.0300345124596171,0.0840966348869281,-0.0462708310605516,27.0,True,0.02,False,,,,,,,,,,,,,,,,,budget16_sign_acc_strong,0.087027027027027,16.0,,0.0322,0.07311111111111111
BR,AOPT_vs_RANDOM_k20_mae_all,0.0097453490804302,0.0012522909877029,0.0209979373424262,0.0224,4.0,5,True,0.0075482851335052,0.0134477559172242,False,exploratory,L4,,,,mae_all,,90,,,,,,,L4/contrasts_per_budget.csv,RANDOM,AOPT,0.0003328651022034,0.0199336805893376,0.0050546037945051,0.0141528906246143,0.0093706536389514,55.0,True,0.02,True,,,,,,,,,,,,,,,,,budget20_mae_all,0.064,20.0,,0.0224,0.053714285714285714
BR,AOPT_vs_MAXMIN_k20_mae_all,0.044988845213189,0.0205982795376122,0.0633204843200321,0.0,5.0,5,True,0.038942067055708,0.0473574541978578,True,exploratory,L4,,,,mae_all,,90,,,,,,,L4/contrasts_per_budget.csv,MAXMIN,AOPT,0.0241689548094475,0.0669343286954387,0.0107307689747474,0.0300461531292927,0.0348653034936199,73.0,True,0.02,True,,,,,,,,,,,,,,,,,budget20_mae_all,0.0,20.0,,0.0,0.0
BR,UNCERT_vs_RANDOM_k20_mae_all,-0.0009303845713672,-0.0284549588087241,0.0177925722995914,0.9188,2.0,5,False,-0.0090914712366639,0.0026028933785676,False,exploratory,L4,,,,mae_all,,90,,,,,,,L4/contrasts_per_budget.csv,RANDOM,UNCERT,-0.0255328359096353,0.0198767578386288,0.0117881770890151,0.0330068958492423,-0.0042570415212823,41.0,False,0.02,False,,,,,,,,,,,,,,,,,budget20_mae_all,0.9436734693877552,20.0,,0.9188,0.9557878453038675
BR,UNCERT_vs_MAXMIN_k20_mae_all,0.0343131115613916,-0.0148230392020238,0.0657927751010011,0.1618,4.0,5,True,0.0176365063596446,0.0407561439244494,False,exploratory,L4,,,,mae_all,,90,,,,,,,L4/contrasts_per_budget.csv,MAXMIN,UNCERT,-0.0058620447014743,0.0718555830702007,0.0205038239799508,0.0574107071438622,0.0212376083333861,51.0,True,0.02,False,,,,,,,,,,,,,,,,,budget20_mae_all,0.2977914110429447,20.0,,0.1618,0.26682807017543864
BR,MAXMIN_vs_RANDOM_k20_mae_all,-0.0352434961327588,-0.0533023524959126,-0.0082482260502741,0.0066,0.0,5,True,-0.0381532505458818,-0.0267279775963086,False,exploratory,L4,,,,mae_all,,90,,,,,,,L4/contrasts_per_budget.csv,RANDOM,MAXMIN,-0.0572304977648339,-0.0131555543253447,0.0114722424128081,0.0321222787558628,-0.0254946498546684,23.0,True,0.02,False,,,,,,,,,,,,,,,,,budget20_mae_all,0.0232941176470588,20.0,,0.0066,0.019148148148148147
BR,AOPT_vs_RANDOM_k20_sign_acc_strong,0.012733566576599,-0.0095822812870294,0.0336805353965421,0.231,4.0,5,True,0.0083235652667801,0.0166370868692391,False,exploratory,L4,,,,sign_acc_strong,,86,,,,,,,L4/contrasts_per_budget.csv,RANDOM,AOPT,-0.0097550864227868,0.0336061834042589,0.0108128710395482,0.0302760389107352,0.0137776274255767,61.0,True,0.02,False,,,,,,,,,,,,,,,,,budget20_sign_acc_strong,0.3915254237288135,20.0,,0.231,0.35655172413793107
BR,AOPT_vs_MAXMIN_k20_sign_acc_strong,0.0957764390279024,0.0278019490890509,0.1383530783957626,0.0028,5.0,5,True,0.0664987514674202,0.1029358378873741,True,exploratory,L4,,,,sign_acc_strong,,86,,,,,,,L4/contrasts_per_budget.csv,MAXMIN,AOPT,0.0415825632828434,0.1486515245092195,0.0289610358436053,0.081090900362095,0.0669050261584722,63.0,True,0.02,True,,,,,,,,,,,,,,,,,budget20_sign_acc_strong,0.0113513513513513,20.0,,0.0028,0.008832214765100672
BR,UNCERT_vs_RANDOM_k20_sign_acc_strong,0.0242482350377039,-0.000417349504657,0.0627069472519319,0.0554,5.0,5,True,0.0181805672146181,0.0387637725953768,False,exploratory,L4,,,,sign_acc_strong,,86,,,,,,,L4/contrasts_per_budget.csv,RANDOM,UNCERT,-0.003737307922229,0.0564492226110439,0.0164699366766053,0.0461158226944948,0.0461004925989897,68.0,True,0.02,False,,,,,,,,,,,,,,,,,budget20_sign_acc_strong,0.1240298507462686,20.0,,0.0554,0.11199139784946237
BR,UNCERT_vs_MAXMIN_k20_sign_acc_strong,0.1072911074890073,0.0448099613340152,0.1519829308332146,0.0008,5.0,5,True,0.0938052646601912,0.1146740065600656,True,exploratory,L4,,,,sign_acc_strong,,86,,,,,,,L4/contrasts_per_budget.csv,MAXMIN,UNCERT,0.0507702245690624,0.1574677326329291,0.0268777244996204,0.0752576285989372,0.0992278913318852,66.0,True,0.02,True,,,,,,,,,,,,,,,,,budget20_sign_acc_strong,0.0038709677419354,20.0,,0.0008,0.002949019607843137
BR,MAXMIN_vs_RANDOM_k20_sign_acc_strong,-0.0830428724513033,-0.121576224628869,-0.0213589633025879,0.005,0.0,5,True,-0.0895575529431602,-0.0553281303013058,False,exploratory,L4,,,,sign_acc_strong,,86,,,,,,,L4/contrasts_per_budget.csv,RANDOM,MAXMIN,-0.1315540686358929,-0.034286940379749,0.0264932939073788,0.0741812229406608,-0.0531273987328954,24.0,True,0.02,False,,,,,,,,,,,,,,,,,budget20_sign_acc_strong,0.0185185185185185,20.0,,0.005,0.014968152866242038
BR,AOPT_vs_RANDOM_k24_mae_all,0.0122702061229451,0.0007764382691018,0.0277487067092701,0.034,4.0,5,True,0.0090067937374793,0.0202056419987816,False,exploratory,L4,,,,mae_all,,90,,,,,,,L4/contrasts_per_budget.csv,RANDOM,AOPT,-0.0021738136468523,0.0248554488769719,0.007188187325858,0.0201269245124024,0.015700363250421,55.0,True,0.02,False,,,,,,,,,,,,,,,,,budget24_mae_all,0.09,24.0,,0.034,0.07645933014354067
BR,AOPT_vs_MAXMIN_k24_mae_all,0.03530249572635,0.0085495679947068,0.0722119532976441,0.0056,5.0,5,True,0.0281030533020912,0.0541529124137582,True,exploratory,L4,,,,mae_all,,90,,,,,,,L4/contrasts_per_budget.csv,MAXMIN,AOPT,0.001199099063832,0.0652209238078006,0.0170321752938657,0.0476900908228239,0.0440620170963311,65.0,True,0.02,True,,,,,,,,,,,,,,,,,budget24_mae_all,0.0202409638554216,24.0,,0.0056,0.016605678233438486
BR,UNCERT_vs_RANDOM_k24_mae_all,0.0016674375060582,-0.0189680536643012,0.0177087886298829,0.8488,2.0,5,False,-0.0026272969785569,0.0043169339207038,False,exploratory,L4,,,,mae_all,,90,,,,,,,L4/contrasts_per_budget.csv,RANDOM,UNCERT,-0.0182044404220162,0.0181267904513401,0.0092565926122149,0.0259184593142019,0.0027359032964792,40.0,False,0.02,False,,,,,,,,,,,,,,,,,budget24_mae_all,0.8997879858657243,24.0,,0.8488,0.9087380410022778
BR,UNCERT_vs_MAXMIN_k24_mae_all,0.0246997271094631,0.0013908062792022,0.0550802764692021,0.0378,5.0,5,True,0.0182650980000515,0.0313199734364196,True,exploratory,L4,,,,mae_all,,90,,,,,,,L4/contrasts_per_budget.csv,MAXMIN,UNCERT,0.0022981651771818,0.0561188779401033,0.0135521169298412,0.0379459274035555,0.0310975571423894,46.0,True,0.02,True,,,,,,,,,,,,,,,,,budget24_mae_all,0.0961016949152542,24.0,,0.0378,0.08263255813953489
BR,MAXMIN_vs_RANDOM_k24_mae_all,-0.0230322896034048,-0.0471213540435044,-0.0060647912627883,0.0016,0.0,5,True,-0.0339472704149766,-0.0178528403539686,False,exploratory,L4,,,,mae_all,,90,,,,,,,L4/contrasts_per_budget.csv,RANDOM,MAXMIN,-0.0431911956086383,-0.0030862581956895,0.0108182331924552,0.0302910529388746,-0.0283616538459101,35.0,True,0.02,False,,,,,,,,,,,,,,,,,budget24_mae_all,0.0072727272727272,24.0,,0.0016,0.005469090909090909
BR,AOPT_vs_RANDOM_k24_sign_acc_strong,0.0131023914463705,-0.004369508310732,0.0371841631653037,0.1484,3.0,5,True,0.0088759978983822,0.0215335040533206,False,exploratory,L4,,,,sign_acc_strong,,86,,,,,,,L4/contrasts_per_budget.csv,RANDOM,AOPT,-0.0071861769642924,0.0340564749401894,0.0107037536691818,0.029970510273709,0.0182112366150261,54.0,True,0.02,False,,,,,,,,,,,,,,,,,budget24_sign_acc_strong,0.27825,24.0,,0.1484,0.24733333333333335
BR,AOPT_vs_MAXMIN_k24_sign_acc_strong,0.0584817751750756,0.0187913095424828,0.1188527946568389,0.0006,5.0,5,True,0.0420147083316633,0.0804591681659483,True,exploratory,L4,,,,sign_acc_strong,,86,,,,,,,L4/contrasts_per_budget.csv,MAXMIN,AOPT,0.0170046929406457,0.114714921612944,0.0259183413600237,0.0725713558080664,0.0632429670462843,46.0,True,0.02,True,,,,,,,,,,,,,,,,,budget24_sign_acc_strong,0.0030508474576271,24.0,,0.0006,0.002292682926829268
BR,UNCERT_vs_RANDOM_k24_sign_acc_strong,0.0254041148302899,0.0029704520082905,0.0611361092051789,0.0214,5.0,5,True,0.0187618102988816,0.0384379077246982,False,exploratory,L4,,,,sign_acc_strong,,86,,,,,,,L4/contrasts_per_budget.csv,RANDOM,UNCERT,-0.0004000753452421,0.0551167527817907,0.0151234614642709,0.0423456920999587,0.0453249525173334,55.0,True,0.02,False,,,,,,,,,,,,,,,,,budget24_sign_acc_strong,0.0623300970873786,24.0,,0.0214,0.0521139896373057
BR,UNCERT_vs_MAXMIN_k24_sign_acc_strong,0.0707834985589951,0.0255562375027938,0.1396006484976605,0.0,5.0,5,True,0.0552390609693767,0.0973635718373259,True,exploratory,L4,,,,sign_acc_strong,,86,,,,,,,L4/contrasts_per_budget.csv,MAXMIN,UNCERT,0.0198937233284495,0.1310527975474793,0.0297669269847678,0.0833473955573499,0.0903566829485916,48.0,True,0.02,True,,,,,,,,,,,,,,,,,budget24_sign_acc_strong,0.0,24.0,,0.0,0.0
BR,MAXMIN_vs_RANDOM_k24_sign_acc_strong,-0.0453793837287051,-0.0872100646935958,-0.0171885552339082,0.0,0.0,5,True,-0.0589256641126277,-0.0326651343660546,False,exploratory,L4,,,,sign_acc_strong,,86,,,,,,,L4/contrasts_per_budget.csv,RANDOM,MAXMIN,-0.0877423570331027,-0.017478225675302,0.0181439642541606,0.0508030999116498,-0.0450317304312582,38.0,True,0.02,False,,,,,,,,,,,,,,,,,budget24_sign_acc_strong,0.0,24.0,,0.0,0.0
BQ,AOPT_vs_RANDOM_k6_mae_all,0.0151261872576739,-0.0195693681861049,0.0605508503222871,0.4144,3.0,5,True,0.0038680009939602,0.0253671358651709,False,exploratory,L4,,,,mae_all,,90,,,,,,,L4/contrasts_per_budget.csv,RANDOM,AOPT,-0.0191529078111329,0.0613344203824566,0.020273802807009,0.0567666478596252,0.0152760937332637,52.0,True,0.02,False,,,,,,,,,,,,,,,,,budget6_mae_all,0.6040776699029126,6.0,,0.4144,0.5659100145137881
BQ,AOPT_vs_MAXMIN_k6_mae_all,-0.0022782909144459,-0.0535488737464859,0.0320066195425273,0.894,3.0,5,False,-0.0156893357616913,0.0052935181355515,False,exploratory,L4,,,,mae_all,,90,,,,,,,L4/contrasts_per_budget.csv,MAXMIN,AOPT,-0.0497188975477372,0.0342698670337824,0.0217762901043867,0.060973612292283,-0.014642911010303,48.0,False,0.02,False,,,,,,,,,,,,,,,,,budget6_mae_all,0.9344947735191638,6.0,,0.894,0.9389497206703911
BQ,UNCERT_vs_RANDOM_k6_mae_all,0.0261941168483532,-0.0289702254626721,0.0622147029761339,0.3498,4.0,5,True,0.0054233200855364,0.0339391820314753,False,exploratory,L4,,,,mae_all,,90,,,,,,,L4/contrasts_per_budget.csv,RANDOM,UNCERT,-0.0210708051955209,0.0677100845184966,0.0238844722045762,0.0668765221728135,0.0119475594693303,55.0,True,0.02,False,,,,,,,,,,,,,,,,,budget6_mae_all,0.5437305699481865,6.0,,0.3498,0.5007610350076104
BQ,UNCERT_vs_MAXMIN_k6_mae_all,0.0087896386762333,-0.0699623588614583,0.0673023216883866,0.9188,4.0,5,False,-0.0356331515413258,0.016192652810617,False,exploratory,L4,,,,mae_all,,90,,,,,,,L4/contrasts_per_budget.csv,MAXMIN,UNCERT,-0.0522668097143373,0.0916275147685461,0.0373968739810101,0.1047112471468285,-0.0179714452742365,46.0,False,0.02,False,,,,,,,,,,,,,,,,,budget6_mae_all,0.9436734693877552,6.0,,0.9188,0.9557878453038675
BQ,MAXMIN_vs_RANDOM_k6_mae_all,0.0174044781721198,-0.0141680376801559,0.0587210656838526,0.3068,4.0,5,True,0.0103196208687435,0.0410564716268623,False,exploratory,L4,,,,mae_all,,90,,,,,,,L4/contrasts_per_budget.csv,RANDOM,MAXMIN,-0.0243425641164692,0.0503647971303834,0.0198063980534987,0.0554579145497965,0.0299190047435668,53.0,True,0.02,False,,,,,,,,,,,,,,,,,budget6_mae_all,0.492192513368984,6.0,,0.3068,0.45202507836990596
BQ,AOPT_vs_RANDOM_k6_sign_acc_strong,0.2132314637694272,0.1565128522210481,0.2817507161510239,0.0,5.0,5,True,0.1996368595032479,0.2312063362979714,True,exploratory,L4,,,,sign_acc_strong,,86,,,,,,,L4/contrasts_per_budget.csv,RANDOM,AOPT,0.1540134521222039,0.27893407502041,0.0318732770827193,0.0892451758316141,0.205474849153376,76.0,True,0.02,True,,,,,,,,,,,,,,,,,budget6_sign_acc_strong,0.0,6.0,,0.0,0.0
BQ,AOPT_vs_MAXMIN_k6_sign_acc_strong,0.4797311516030588,0.4123165703660469,0.5472355247833308,0.0,5.0,5,True,0.4651730173199107,0.4911488440243504,True,exploratory,L4,,,,sign_acc_strong,,86,,,,,,,L4/contrasts_per_budget.csv,MAXMIN,AOPT,0.414197954006613,0.5498758613729551,0.0333583932676276,0.0934035011493572,0.462540169449542,81.0,True,0.02,True,,,,,,,,,,,,,,,,,budget6_sign_acc_strong,0.0,6.0,,0.0,0.0
BQ,UNCERT_vs_RANDOM_k6_sign_acc_strong,0.2256308049735317,0.129109454555206,0.2893669056215986,0.0,5.0,5,True,0.1852715837398485,0.2367886812824254,True,exploratory,L4,,,,sign_acc_strong,,86,,,,,,,L4/contrasts_per_budget.csv,RANDOM,UNCERT,0.1443175469378479,0.3020049806562392,0.0421881264055711,0.1181267539355991,0.1997183176396298,72.0,True,0.02,True,,,,,,,,,,,,,,,,,budget6_sign_acc_strong,0.0,6.0,,0.0,0.0
BQ,UNCERT_vs_MAXMIN_k6_sign_acc_strong,0.4921304928071634,0.3785787529048585,0.5675261064245622,0.0,5.0,5,True,0.4410102064200528,0.5046218816118719,True,exploratory,L4,,,,sign_acc_strong,,86,,,,,,,L4/contrasts_per_budget.csv,MAXMIN,UNCERT,0.4037702053832805,0.5858663253345872,0.049637063373085,0.138983777444638,0.4567836379357957,80.0,True,0.02,True,,,,,,,,,,,,,,,,,budget6_sign_acc_strong,0.0,6.0,,0.0,0.0
BQ,MAXMIN_vs_RANDOM_k6_sign_acc_strong,-0.2664996878336316,-0.3028106510549403,-0.2183923554399283,0.0,0.0,5,True,-0.2774325631021411,-0.2539786234466247,False,exploratory,L4,,,,sign_acc_strong,,86,,,,,,,L4/contrasts_per_budget.csv,RANDOM,MAXMIN,-0.304812095329519,-0.2204614650753766,0.0214988732494584,0.0601968450984835,-0.2570653202961658,0.0,True,0.02,False,,,,,,,,,,,,,,,,,budget6_sign_acc_strong,0.0,6.0,,0.0,0.0
BQ,AOPT_vs_RANDOM_k9_mae_all,0.0162066128366645,-0.0112368110207465,0.0477649366418537,0.2338,4.0,5,True,0.0102726715664805,0.0221259287150012,False,exploratory,L4,,,,mae_all,,90,,,,,,,L4/contrasts_per_budget.csv,RANDOM,AOPT,-0.0116574542997731,0.0474432042827353,0.0148199949065858,0.0414959857384404,0.0184585873924653,41.0,True,0.02,False,,,,,,,,,,,,,,,,,budget9_mae_all,0.3940449438202247,9.0,,0.2338,0.3602819672131148
BQ,AOPT_vs_MAXMIN_k9_mae_all,0.026717794024661,-0.0214515536433732,0.0573684680326485,0.26,4.0,5,True,0.012583394340647,0.0323206180545315,False,exploratory,L4,,,,mae_all,,90,,,,,,,L4/contrasts_per_budget.csv,MAXMIN,AOPT,-0.0165375555949444,0.0603628357755982,0.0203613200708625,0.0570116961984152,0.0120816881221097,57.0,True,0.02,False,,,,,,,,,,,,,,,,,budget9_mae_all,0.4285714285714285,9.0,,0.26,0.39483037156704365
BQ,UNCERT_vs_RANDOM_k9_mae_all,0.0075571563393013,-0.0366442318806758,0.0392424160017479,0.7058,4.0,5,False,-0.0029045911392035,0.0133126817938877,False,exploratory,L4,,,,mae_all,,90,,,,,,,L4/contrasts_per_budget.csv,RANDOM,UNCERT,-0.0324091010004652,0.0421360582067763,0.0192384868267149,0.0538677631148017,-0.008968486017259,49.0,False,0.02,False,,,,,,,,,,,,,,,,,budget9_mae_all,0.8238910505836576,9.0,,0.7058,0.8129791921664626
BQ,UNCERT_vs_MAXMIN_k9_mae_all,0.0180683375272977,-0.046262900892177,0.05989643215558,0.6246,4.0,5,False,-0.0124471255135578,0.0271711609817215,False,exploratory,L4,,,,mae_all,,90,,,,,,,L4/contrasts_per_budget.csv,MAXMIN,UNCERT,-0.031019316066682,0.0719508576103638,0.0281617786245852,0.0788529801488387,-0.0153453852876146,44.0,False,0.02,False,,,,,,,,,,,,,,,,,budget9_mae_all,0.782,9.0,,0.6246,0.7539282051282052
BQ,MAXMIN_vs_RANDOM_k9_mae_all,-0.0105111811879964,-0.0370605485551491,0.0267690554022507,0.6754,1.0,5,False,-0.0144192679015641,0.0095425343743542,False,exploratory,L4,,,,mae_all,,90,,,,,,,L4/contrasts_per_budget.csv,RANDOM,MAXMIN,-0.0461070570159877,0.0188575243657333,0.0171843673762156,0.0481162286534037,0.0063768992703555,43.0,False,0.02,False,,,,,,,,,,,,,,,,,budget9_mae_all,0.8170161290322581,9.0,,0.6754,0.7916159600997505
BQ,AOPT_vs_RANDOM_k9_sign_acc_strong,0.095708352001499,0.0507741791873318,0.1418581313282061,0.0,4.0,5,True,0.0856865764543984,0.1043340610627592,True,exploratory,L4,,,,sign_acc_strong,,86,,,,,,,L4/contrasts_per_budget.csv,RANDOM,AOPT,0.0500560190450589,0.1412828673584472,0.0226438972564851,0.0634029123181585,0.0946169745794849,68.0,True,0.02,True,,,,,,,,,,,,,,,,,budget9_sign_acc_strong,0.0,9.0,,0.0,0.0
BQ,AOPT_vs_MAXMIN_k9_sign_acc_strong,0.2061865431944716,0.1199508798919598,0.2594619486987993,0.0,5.0,5,True,0.1834120685013734,0.2183493385021317,True,exploratory,L4,,,,sign_acc_strong,,86,,,,,,,L4/contrasts_per_budget.csv,MAXMIN,AOPT,0.1308688252353944,0.2667465143309062,0.0354509056034302,0.0992625356896046,0.1714857186735556,75.0,True,0.02,True,,,,,,,,,,,,,,,,,budget9_sign_acc_strong,0.0,9.0,,0.0,0.0
BQ,UNCERT_vs_RANDOM_k9_sign_acc_strong,0.0533517195128995,-0.0085452966407107,0.1074153236563278,0.083,4.0,5,True,0.0428241824090175,0.064153196529154,False,exploratory,L4,,,,sign_acc_strong,,86,,,,,,,L4/contrasts_per_budget.csv,RANDOM,UNCERT,-0.010559260693666,0.1056708548476153,0.0286229556597032,0.080144275847169,0.0475894827809604,62.0,True,0.02,False,,,,,,,,,,,,,,,,,budget9_sign_acc_strong,0.1729166666666667,9.0,,0.083,0.1532809430255403
BQ,UNCERT_vs_MAXMIN_k9_sign_acc_strong,0.1638299107058721,0.0759640984053866,0.216095598293531,0.0002,5.0,5,True,0.1314937991589137,0.1770260917494344,True,exploratory,L4,,,,sign_acc_strong,,86,,,,,,,L4/contrasts_per_budget.csv,MAXMIN,UNCERT,0.092364851417636,0.2257193530083848,0.0365546133432839,0.1023529173611949,0.1244582268750311,71.0,True,0.02,True,,,,,,,,,,,,,,,,,budget9_sign_acc_strong,0.0011111111111111,9.0,,0.0002,0.000828193832599119
BQ,MAXMIN_vs_RANDOM_k9_sign_acc_strong,-0.1104781911929725,-0.1499300563264916,-0.0444436668311404,0.0,0.0,5,True,-0.1169500170875434,-0.0820514156905931,False,exploratory,L4,,,,sign_acc_strong,,86,,,,,,,L4/contrasts_per_budget.csv,RANDOM,MAXMIN,-0.1597652605864369,-0.0595720330777369,0.0276767395293474,0.0774948706821729,-0.0768687440940707,19.0,True,0.02,False,,,,,,,,,,,,,,,,,budget9_sign_acc_strong,0.0,9.0,,0.0,0.0
BQ,AOPT_vs_RANDOM_k12_mae_all,-0.0284565497472862,-0.1026927235883942,0.0555184694747682,0.7452,2.0,5,False,-0.0358702550559629,0.0335905014189383,False,exploratory,L4,,,,mae_all,,90,,,,,,,L4/contrasts_per_budget.csv,RANDOM,AOPT,-0.1368295389026675,0.0426174352549286,0.0462823899454729,0.1295906918473241,0.0270152967226717,46.0,False,0.02,False,,,,,,,,,,,,,,,,,budget12_mae_all,0.843622641509434,12.0,,0.7452,0.8389077844311377
BQ,AOPT_vs_MAXMIN_k12_mae_all,0.0091234593826656,-0.0383860919236095,0.0723921161365771,0.6702,2.0,5,False,-0.0009208500775628,0.0464296287369306,False,exploratory,L4,,,,mae_all,,90,,,,,,,L4/contrasts_per_budget.csv,MAXMIN,AOPT,-0.0562629592118731,0.0575892389516744,0.0300569331035315,0.0841594126898883,0.0474714584278458,44.0,False,0.02,False,,,,,,,,,,,,,,,,,budget12_mae_all,0.8140080971659919,12.0,,0.6702,0.7884705882352941
BQ,UNCERT_vs_RANDOM_k12_mae_all,0.0010981764266929,-0.0315955770073058,0.0333481705863605,0.946,2.0,5,False,-0.0071018311910212,0.0065982057675245,False,exploratory,L4,,,,mae_all,,90,,,,,,,L4/contrasts_per_budget.csv,RANDOM,UNCERT,-0.030259914335325,0.0349931923643065,0.0162073644621257,0.0453806204939521,0.0052668213402804,41.0,False,0.02,False,,,,,,,,,,,,,,,,,budget12_mae_all,0.9587837837837838,12.0,,0.946,0.9669446254071662
BQ,UNCERT_vs_MAXMIN_k12_mae_all,0.0386781855566448,-0.0222174666790105,0.0780791001306403,0.226,5.0,5,True,0.0134941571741185,0.0494812890963175,False,exploratory,L4,,,,mae_all,,90,,,,,,,L4/contrasts_per_budget.csv,MAXMIN,UNCERT,-0.0121363621774946,0.0861293376551459,0.0263587120524582,0.073804393746883,0.0257229830454546,51.0,True,0.02,False,,,,,,,,,,,,,,,,,budget12_mae_all,0.3874285714285714,12.0,,0.226,0.35056105610561056
BQ,MAXMIN_vs_RANDOM_k12_mae_all,-0.0375800091299519,-0.0697859414189174,0.006636815529011,0.1254,0.0,5,True,-0.0428830833287929,-0.0128391273179923,False,exploratory,L4,,,,mae_all,,90,,,,,,,L4/contrasts_per_budget.csv,RANDOM,MAXMIN,-0.0814187854985252,-0.0029253210569798,0.0207657378788812,0.0581440660608675,-0.0204561617051741,28.0,True,0.02,False,,,,,,,,,,,,,,,,,budget12_mae_all,0.2396178343949045,12.0,,0.1254,0.21393103448275863
BQ,AOPT_vs_RANDOM_k12_sign_acc_strong,-0.0670433326609005,-0.1968280525452545,0.0842029471618273,0.7178,2.0,5,False,-0.0826046108265994,0.0452056097760064,False,exploratory,L4,,,,sign_acc_strong,,86,,,,,,,L4/contrasts_per_budget.csv,RANDOM,AOPT,-0.2552888231871033,0.0619308666049387,0.0828006085591377,0.2318417039655857,0.0330800584154427,41.0,False,0.02,False,,,,,,,,,,,,,,,,,budget12_sign_acc_strong,0.8274999999999999,12.0,,0.7178,0.8198444714459295
BQ,AOPT_vs_MAXMIN_k12_sign_acc_strong,0.0231463806996033,-0.0553564175100725,0.1382192447923305,0.5696,2.0,5,False,-0.0015806483152944,0.0838082807770271,False,exploratory,L4,,,,sign_acc_strong,,86,,,,,,,L4/contrasts_per_budget.csv,MAXMIN,AOPT,-0.0787254416861909,0.1114913163310869,0.0515041079910111,0.1442115023748313,0.0816885584716485,35.0,False,0.02,False,,,,,,,,,,,,,,,,,budget12_sign_acc_strong,0.7472489082969432,12.0,,0.5696,0.7116074270557029
BQ,UNCERT_vs_RANDOM_k12_sign_acc_strong,0.0297415251376625,-0.0108344179840111,0.09221499587216,0.1738,3.0,5,True,0.0200129760614051,0.0519834916638043,False,exploratory,L4,,,,sign_acc_strong,,86,,,,,,,L4/contrasts_per_budget.csv,RANDOM,UNCERT,-0.0177754421129487,0.0816577281151993,0.0266636034702727,0.0746580897167635,0.0597196084623755,41.0,True,0.02,False,,,,,,,,,,,,,,,,,budget12_sign_acc_strong,0.3122155688622754,12.0,,0.1738,0.2831403812824957
BQ,UNCERT_vs_MAXMIN_k12_sign_acc_strong,0.1199312384981663,0.0359139263628258,0.1698191769858089,0.0062,5.0,5,True,0.090586162664825,0.1359178476486737,True,exploratory,L4,,,,sign_acc_strong,,86,,,,,,,L4/contrasts_per_budget.csv,MAXMIN,UNCERT,0.0478886190175025,0.1763435419544785,0.0345246473744616,0.0966690126484925,0.1083281085185813,66.0,True,0.02,True,,,,,,,,,,,,,,,,,budget12_sign_acc_strong,0.0221428571428571,12.0,,0.0062,0.01815576323987539
BQ,MAXMIN_vs_RANDOM_k12_sign_acc_strong,-0.0901897133605038,-0.1551885783577279,0.0021255471098786,0.0574,0.0,5,True,-0.0987929576628814,-0.0386026710010206,False,exploratory,L4,,,,sign_acc_strong,,86,,,,,,,L4/contrasts_per_budget.csv,RANDOM,MAXMIN,-0.1783372057768059,-0.0171789272411484,0.0428482631010819,0.1199751366830293,-0.0486085000562058,31.0,True,0.02,False,,,,,,,,,,,,,,,,,budget12_sign_acc_strong,0.1275,12.0,,0.0574,0.11480000000000001
BQ,AOPT_vs_RANDOM_k16_mae_all,-0.0143836869057552,-0.0767944165785778,0.0544101197262345,0.7816,3.0,5,False,-0.0197490371794299,0.0378692212151697,False,exploratory,L4,,,,mae_all,,90,,,,,,,L4/contrasts_per_budget.csv,RANDOM,AOPT,-0.1044753518158702,0.0446823988011778,0.0387995778536714,0.10863881799028,0.0309638894467273,56.0,False,0.02,False,,,,,,,,,,,,,,,,,budget16_mae_all,0.8589010989010989,16.0,,0.7816,0.8603091334894613
BQ,AOPT_vs_MAXMIN_k16_mae_all,0.008483277548033,-0.0522383366117301,0.0786844969574935,0.704,3.0,5,False,-0.0021153181886232,0.0580018816361408,False,exploratory,L4,,,,mae_all,,90,,,,,,,L4/contrasts_per_budget.csv,MAXMIN,AOPT,-0.0785751622828831,0.0668095962868744,0.0376146645705162,0.1053210607974454,0.0521276548162581,57.0,False,0.02,False,,,,,,,,,,,,,,,,,budget16_mae_all,0.8238910505836576,16.0,,0.704,0.812972972972973
BQ,UNCERT_vs_RANDOM_k16_mae_all,-0.0193535149632867,-0.0492515891909412,0.010833366070784,0.191,1.0,5,True,-0.0253061423212417,-0.0126256713333509,False,exploratory,L4,,,,mae_all,,90,,,,,,,L4/contrasts_per_budget.csv,RANDOM,UNCERT,-0.0504796613821206,0.009587610829568,0.0149254007237652,0.0417911220265426,-0.0115467406772165,34.0,True,0.02,False,,,,,,,,,,,,,,,,,budget16_mae_all,0.3370588235294118,16.0,,0.191,0.30638225255972695
BQ,UNCERT_vs_MAXMIN_k16_mae_all,0.0035134494905015,-0.0418472614876712,0.0428752364416313,0.8282,2.0,5,False,-0.0039450218443379,0.0145038294571374,False,exploratory,L4,,,,mae_all,,90,,,,,,,L4/contrasts_per_budget.csv,MAXMIN,UNCERT,-0.0465321099551621,0.0398880232554294,0.021218372896235,0.059411444109458,0.0096170246923142,45.0,False,0.02,False,,,,,,,,,,,,,,,,,budget16_mae_all,0.8884697508896798,16.0,,0.8282,0.8958665132336019
BQ,MAXMIN_vs_RANDOM_k16_mae_all,-0.0228669644537882,-0.0431906488736254,0.0012648727450734,0.0578,0.0,5,True,-0.0271295007904884,-0.0167713018092396,False,exploratory,L4,,,,mae_all,,90,,,,,,,L4/contrasts_per_budget.csv,RANDOM,MAXMIN,-0.0449784659093416,-0.0010195015359474,0.0110169856926093,0.0308475599393061,-0.0211637653695308,25.0,True,0.02,False,,,,,,,,,,,,,,,,,budget16_mae_all,0.1275,16.0,,0.0578,0.11511016949152543
BQ,AOPT_vs_RANDOM_k16_sign_acc_strong,-0.0357146303971131,-0.1337314665285508,0.0810329968210239,0.7484,3.0,5,False,-0.0446520812753473,0.0488467620317122,False,exploratory,L4,,,,sign_acc_strong,,86,,,,,,,L4/contrasts_per_budget.csv,RANDOM,AOPT,-0.1777847533586242,0.0627285459702119,0.062828623919589,0.1759201469748492,0.0449987592796341,49.0,False,0.02,False,,,,,,,,,,,,,,,,,budget16_sign_acc_strong,0.8440601503759397,16.0,,0.7484,0.8415023923444975
BQ,AOPT_vs_MAXMIN_k16_sign_acc_strong,0.0264526490618127,-0.0672898465726461,0.1484626642418185,0.5694,3.0,5,True,0.0018332085757048,0.1023088001065145,False,exploratory,L4,,,,sign_acc_strong,,86,,,,,,,L4/contrasts_per_budget.csv,MAXMIN,AOPT,-0.1019288843784166,0.1235484455203501,0.0595773210543221,0.166816498952102,0.0966261189578806,45.0,True,0.02,False,,,,,,,,,,,,,,,,,budget16_sign_acc_strong,0.7472489082969432,16.0,,0.5694,0.7116074270557029
BQ,UNCERT_vs_RANDOM_k16_sign_acc_strong,-0.0013835307107483,-0.0579489144880703,0.0734342002423885,0.9248,4.0,5,False,-0.0094383997626279,0.0419421628748469,False,exploratory,L4,,,,sign_acc_strong,,86,,,,,,,L4/contrasts_per_budget.csv,RANDOM,UNCERT,-0.081082597340237,0.0585239586865921,0.0360097776575643,0.1008273774411801,0.0442913233847996,46.0,False,0.02,False,,,,,,,,,,,,,,,,,budget16_sign_acc_strong,0.9436734693877552,16.0,,0.9248,0.9573920704845815
BQ,UNCERT_vs_MAXMIN_k16_sign_acc_strong,0.0607837487481775,-0.0046258447407337,0.1537547171835413,0.0708,4.0,5,True,0.038739140738547,0.0954042009496492,False,exploratory,L4,,,,sign_acc_strong,,86,,,,,,,L4/contrasts_per_budget.csv,MAXMIN,UNCERT,-0.0134230553601085,0.1428516615629134,0.0409519924593951,0.1146655788863063,0.0959186830630461,38.0,True,0.02,False,,,,,,,,,,,,,,,,,budget16_sign_acc_strong,0.1499999999999999,16.0,,0.0708,0.13499391480730225
BQ,MAXMIN_vs_RANDOM_k16_sign_acc_strong,-0.0621672794589258,-0.1059708764960165,-0.0104144733250959,0.0182,0.0,5,True,-0.0686501372401833,-0.0458306011889248,False,exploratory,L4,,,,sign_acc_strong,,86,,,,,,,L4/contrasts_per_budget.csv,RANDOM,MAXMIN,-0.1166712472366918,-0.0198070888816272,0.0235927442207711,0.0660596838181593,-0.0516273596782464,25.0,True,0.02,False,,,,,,,,,,,,,,,,,budget16_sign_acc_strong,0.0551515151515151,16.0,,0.0182,0.04537931034482759
BQ,AOPT_vs_RANDOM_k20_mae_all,0.0078194761932619,-0.0144858525277124,0.0314374711515509,0.4374,4.0,5,True,0.0043572285947223,0.0171145769743796,False,exploratory,L4,,,,mae_all,,90,,,,,,,L4/contrasts_per_budget.csv,RANDOM,AOPT,-0.0224068884284308,0.0262050544375395,0.0115337562331119,0.0322945174527134,0.0156253583918219,56.0,True,0.02,False,,,,,,,,,,,,,,,,,budget20_mae_all,0.6308653846153847,20.0,,0.4374,0.5924438040345822
BQ,AOPT_vs_MAXMIN_k20_mae_all,0.0146590244669062,-0.0087415123566471,0.0409180183308484,0.215,3.0,5,True,0.0080843042195938,0.0237809598182876,False,exploratory,L4,,,,mae_all,,90,,,,,,,L4/contrasts_per_budget.csv,MAXMIN,AOPT,-0.0125342301841476,0.0377513608423634,0.0125895977124691,0.0352508735949137,0.0227970142480839,59.0,True,0.02,False,,,,,,,,,,,,,,,,,budget20_mae_all,0.3706896551724138,20.0,,0.215,0.3357142857142857
BQ,UNCERT_vs_RANDOM_k20_mae_all,0.0006954734615542,-0.0363661367863825,0.0249912935042208,0.9544,3.0,5,False,-0.0089683801303782,0.0084597373890136,False,exploratory,L4,,,,mae_all,,90,,,,,,,L4/contrasts_per_budget.csv,RANDOM,UNCERT,-0.0349337304545016,0.0259271001507569,0.0156580581194686,0.0438425627345122,-0.0007978443393413,43.0,False,0.02,False,,,,,,,,,,,,,,,,,budget20_mae_all,0.962013422818792,20.0,,0.9544,0.970926406926407
BQ,UNCERT_vs_MAXMIN_k20_mae_all,0.0075350217351986,-0.0371508538601873,0.0359756767597817,0.6628,3.0,5,False,-0.0017817565118579,0.0184715268681474,False,exploratory,L4,,,,mae_all,,90,,,,,,,L4/contrasts_per_budget.csv,MAXMIN,UNCERT,-0.0400040852161228,0.0347066911317439,0.0185840625800339,0.052035375224095,0.0063738115169206,43.0,False,0.02,False,,,,,,,,,,,,,,,,,budget20_mae_all,0.8082926829268292,20.0,,0.6628,0.7817214554579672
BQ,MAXMIN_vs_RANDOM_k20_mae_all,-0.0068395482736443,-0.0216799551624638,0.0080906657687381,0.3294,1.0,5,True,-0.0100117894791338,-0.0028221119064645,False,exploratory,L4,,,,mae_all,,90,,,,,,,L4/contrasts_per_budget.csv,RANDOM,MAXMIN,-0.0230494237101353,0.0068332735113958,0.0073233149345907,0.0205052818168541,-0.0071716558562619,32.0,True,0.02,False,,,,,,,,,,,,,,,,,budget20_mae_all,0.5201052631578947,20.0,,0.3294,0.4785718701700155
BQ,AOPT_vs_RANDOM_k20_sign_acc_strong,0.0083752571129599,-0.0515771051724293,0.0475813119821319,0.7028,4.0,5,False,-0.0060644188964797,0.0288802923663871,False,exploratory,L4,,,,sign_acc_strong,,86,,,,,,,L4/contrasts_per_budget.csv,RANDOM,AOPT,-0.0622825199016702,0.0435061197065825,0.025746773927154,0.0720909669960312,0.0130511329196512,65.0,False,0.02,False,,,,,,,,,,,,,,,,,budget20_sign_acc_strong,0.8238910505836576,20.0,,0.7028,0.812972972972973
BQ,AOPT_vs_MAXMIN_k20_sign_acc_strong,0.0323123492358053,-0.0331896127352693,0.080402760830253,0.3026,4.0,5,True,0.017562016661418,0.052501236249263,False,exploratory,L4,,,,sign_acc_strong,,86,,,,,,,L4/contrasts_per_budget.csv,MAXMIN,AOPT,-0.0359964124161187,0.0787330008484961,0.0290324101294569,0.0812907483624794,0.032656147227856,56.0,True,0.02,False,,,,,,,,,,,,,,,,,budget20_sign_acc_strong,0.492192513368984,20.0,,0.3026,0.4479433070866141
BQ,UNCERT_vs_RANDOM_k20_sign_acc_strong,0.0312210172391602,-0.0027401791754463,0.0771279260652283,0.071,5.0,5,True,0.0234394845020524,0.0472811081287673,False,exploratory,L4,,,,sign_acc_strong,,86,,,,,,,L4/contrasts_per_budget.csv,RANDOM,UNCERT,-0.0097993522866455,0.0704252145834255,0.0207018426739423,0.0579651594870384,0.0562063038937765,73.0,True,0.02,False,,,,,,,,,,,,,,,,,budget20_sign_acc_strong,0.1499999999999999,20.0,,0.071,0.13510121457489876
BQ,UNCERT_vs_MAXMIN_k20_sign_acc_strong,0.0551581093620056,0.0039260830737267,0.1157734779249547,0.0346,5.0,5,True,0.0421212087970833,0.0710386585239699,False,exploratory,L4,,,,sign_acc_strong,,86,,,,,,,L4/contrasts_per_budget.csv,MAXMIN,UNCERT,-0.0010195818382995,0.110318550691484,0.0282444174376066,0.0790843688252986,0.0758113182019813,64.0,True,0.02,False,,,,,,,,,,,,,,,,,budget20_sign_acc_strong,0.0902608695652173,20.0,,0.0346,0.07743809523809524
BQ,MAXMIN_vs_RANDOM_k20_sign_acc_strong,-0.0239370921228454,-0.0540059089269854,0.0062370548535856,0.1066,1.0,5,True,-0.0288947149664685,-0.0135910263253405,False,exploratory,L4,,,,sign_acc_strong,,86,,,,,,,L4/contrasts_per_budget.csv,RANDOM,MAXMIN,-0.0616699255835106,0.0007499647812033,0.0148695352861783,0.0416346988012994,-0.0196050143082048,27.0,True,0.02,False,,,,,,,,,,,,,,,,,budget20_sign_acc_strong,0.2117880794701986,20.0,,0.1066,0.1865996275605214
BQ,AOPT_vs_RANDOM_k24_mae_all,-0.0165423603597746,-0.0551607802035991,0.0249707265170071,0.7282,4.0,5,False,-0.0223340469671991,0.0148799047354523,False,exploratory,L4,,,,mae_all,,90,,,,,,,L4/contrasts_per_budget.csv,RANDOM,AOPT,-0.0715161908032528,0.0197454835943816,0.0236120018567463,0.0661136051988897,0.0035885924386964,49.0,False,0.02,False,,,,,,,,,,,,,,,,,budget24_mae_all,0.8274999999999999,24.0,,0.7282,0.8257032569360675
BQ,AOPT_vs_MAXMIN_k24_mae_all,0.0049326703793905,-0.0431552909401718,0.0602685492529999,0.7774,4.0,5,False,-0.0034392499774075,0.0434831155606517,False,exploratory,L4,,,,mae_all,,90,,,,,,,L4/contrasts_per_budget.csv,MAXMIN,AOPT,-0.0627331827872231,0.0514814190044821,0.0296735103611869,0.0830858290113235,0.0281700842961531,55.0,False,0.02,False,,,,,,,,,,,,,,,,,budget24_mae_all,0.8574264705882353,24.0,,0.7774,0.8587027027027027
BQ,UNCERT_vs_RANDOM_k24_mae_all,0.0045714816207175,-0.0222422858117121,0.024708095328083,0.6978,4.0,5,False,-0.0016856296097051,0.0095373939802867,False,exploratory,L4,,,,mae_all,,90,,,,,,,L4/contrasts_per_budget.csv,RANDOM,UNCERT,-0.0217888757944221,0.0250668173469792,0.0118006877946061,0.0330419258248971,0.007953832433708,43.0,False,0.02,False,,,,,,,,,,,,,,,,,budget24_mae_all,0.8238910505836576,24.0,,0.6978,0.8107935723114957
BQ,UNCERT_vs_MAXMIN_k24_mae_all,0.0260465123598827,-0.0030675904121007,0.0542127423458973,0.0726,5.0,5,True,0.0204888953105948,0.0328255331416751,False,exploratory,L4,,,,mae_all,,90,,,,,,,L4/contrasts_per_budget.csv,MAXMIN,UNCERT,-0.0030051625603544,0.0542837948198366,0.0142213289744837,0.0398197211285545,0.0325353242911647,45.0,True,0.02,False,,,,,,,,,,,,,,,,,budget24_mae_all,0.1523076923076923,24.0,,0.0726,0.13758870967741935
BQ,MAXMIN_vs_RANDOM_k24_mae_all,-0.0214750307391651,-0.0433535814627536,-0.0064157527076191,0.001,0.0,5,True,-0.0286032108251993,-0.016018087330015,False,exploratory,L4,,,,mae_all,,90,,,,,,,L4/contrasts_per_budget.csv,RANDOM,MAXMIN,-0.0419771590719863,-0.0057640684495073,0.0094730908102358,0.0265246542686604,-0.0245814918574567,32.0,True,0.02,False,,,,,,,,,,,,,,,,,budget24_mae_all,0.0046875,24.0,,0.001,0.003560606060606061
BQ,AOPT_vs_RANDOM_k24_sign_acc_strong,-0.034081957354755,-0.0820512942950616,0.0252437924320766,0.4764,3.0,5,False,-0.0438283111114341,0.0049382046915818,False,exploratory,L4,,,,sign_acc_strong,,86,,,,,,,L4/contrasts_per_budget.csv,RANDOM,AOPT,-0.1003451704325921,0.0152515910219283,0.0304755999440854,0.0853316798434393,-0.0095410675267608,40.0,False,0.02,False,,,,,,,,,,,,,,,,,budget24_sign_acc_strong,0.6678504672897195,24.0,,0.4764,0.6262290502793296
BQ,AOPT_vs_MAXMIN_k24_sign_acc_strong,0.0104613890183955,-0.0522934048170818,0.0944663821385908,0.721,3.0,5,False,-0.0076034600167419,0.0580121880142862,False,exploratory,L4,,,,sign_acc_strong,,86,,,,,,,L4/contrasts_per_budget.csv,MAXMIN,AOPT,-0.0703197999247888,0.0775388655325698,0.0396656114179331,0.1110637119702129,0.0333930383250047,35.0,False,0.02,False,,,,,,,,,,,,,,,,,budget24_sign_acc_strong,0.8274999999999999,24.0,,0.721,0.8224989757893754
BQ,UNCERT_vs_RANDOM_k24_sign_acc_strong,0.0209138038188704,-0.0088259497272721,0.0646993095415521,0.1824,5.0,5,True,0.0130422015108571,0.0342481285220564,False,exploratory,L4,,,,sign_acc_strong,,86,,,,,,,L4/contrasts_per_budget.csv,RANDOM,UNCERT,-0.0133172447928727,0.0590200465789192,0.0189907320195924,0.0531740496548589,0.0471484806578771,65.0,True,0.02,False,,,,,,,,,,,,,,,,,budget24_sign_acc_strong,0.3257142857142857,24.0,,0.1824,0.29492096219931274
BQ,UNCERT_vs_MAXMIN_k24_sign_acc_strong,0.0654571501920209,0.0183793402616179,0.1324074167663975,0.0046,5.0,5,True,0.0515169832449054,0.0873221118447608,True,exploratory,L4,,,,sign_acc_strong,,86,,,,,,,L4/contrasts_per_budget.csv,MAXMIN,UNCERT,0.0135057031569114,0.1242871156573651,0.0291124289036077,0.0815148009301017,0.0900825865096427,58.0,True,0.02,True,,,,,,,,,,,,,,,,,budget24_sign_acc_strong,0.0172499999999999,24.0,,0.0046,0.013903536977491962
BQ,MAXMIN_vs_RANDOM_k24_sign_acc_strong,-0.0445433463731505,-0.0846823350874846,-0.0160258556607207,0.0006,0.0,5,True,-0.0530739833227044,-0.0309818663618418,False,exploratory,L4,,,,sign_acc_strong,,86,,,,,,,L4/contrasts_per_budget.csv,RANDOM,MAXMIN,-0.0951220354814494,-0.0195588087176169,0.0177148427980278,0.049601559834478,-0.0429341058517656,24.0,True,0.02,False,,,,,,,,,,,,,,,,,budget24_sign_acc_strong,0.003,24.0,,0.0006,0.002292682926829268
A,AOPT_vs_RANDOM_k6_mae_all,0.0635849680272209,0.0105601596614353,0.1006976956013312,0.0162,5.0,5,True,0.0367304530497688,0.0687466714581916,True,exploratory,L4,,,,mae_all,,90,,,,,,,L4/contrasts_per_budget.csv,RANDOM,AOPT,0.0228259820858763,0.1128088395096001,0.0240640839225125,0.0673794349830351,0.0420161007375913,60.0,True,0.02,True,,,,,,,,,,,,,,,,,budget6_mae_all,0.0495918367346938,6.0,,0.0162,0.04126829268292683
A,AOPT_vs_MAXMIN_k6_mae_all,0.0578817233966453,-0.0417959429591504,0.1323512453065596,0.3662,5.0,5,True,0.000654315722346,0.0679296690313469,False,exploratory,L4,,,,mae_all,,90,,,,,,,L4/contrasts_per_budget.csv,MAXMIN,AOPT,-0.0196236903012637,0.1626208194086717,0.0473714953725335,0.1326401870430938,0.0132597954518206,52.0,True,0.02,False,,,,,,,,,,,,,,,,,budget6_mae_all,0.5608163265306123,6.0,,0.3662,0.5179187969924812
A,UNCERT_vs_RANDOM_k6_mae_all,-0.0143520925731904,-0.0410455701974388,0.0208168137268272,0.3962,2.0,5,True,-0.0221926784423769,-0.0052879030754072,False,exploratory,L4,,,,mae_all,,90,,,,,,,L4/contrasts_per_budget.csv,RANDOM,UNCERT,-0.0419732125495144,0.0196296295738716,0.0158320659474786,0.0443297846529403,-0.0128118500858564,40.0,True,0.02,False,,,,,,,,,,,,,,,,,budget6_mae_all,0.5919402985074627,6.0,,0.3962,0.5474361233480176
A,UNCERT_vs_MAXMIN_k6_mae_all,-0.020055337203766,-0.0692806319206972,0.0116847910882732,0.2518,2.0,5,True,-0.0413640404028299,-0.0158088258241318,False,exploratory,L4,,,,mae_all,,90,,,,,,,L4/contrasts_per_budget.csv,MAXMIN,UNCERT,-0.0580159543716166,0.0204651291801607,0.0210938771634876,0.0590628560577654,-0.0415681553716271,41.0,True,0.02,False,,,,,,,,,,,,,,,,,budget6_mae_all,0.4173480662983426,6.0,,0.2518,0.3836175040518639
A,MAXMIN_vs_RANDOM_k6_mae_all,0.0057032446305756,-0.0327676417960847,0.0556811320431591,0.7272,4.0,5,True,0.0007517373965102,0.0360761373274227,False,exploratory,L4,,,,mae_all,,90,,,,,,,L4/contrasts_per_budget.csv,RANDOM,MAXMIN,-0.0487790478176273,0.044883268654222,0.0243848168554336,0.0682774871952141,0.0287563052857707,48.0,True,0.02,False,,,,,,,,,,,,,,,,,budget6_mae_all,0.8274999999999999,6.0,,0.7272,0.8255652173913043
A,AOPT_vs_RANDOM_k6_sign_acc_strong,0.2529151992511133,0.1655257225218992,0.3041012007097485,0.0,5.0,5,True,0.218554393106349,0.2628077380087929,True,exploratory,L4,,,,sign_acc_strong,,86,,,,,,,L4/contrasts_per_budget.csv,RANDOM,AOPT,0.1833379013326525,0.3145880206406422,0.0361116236795268,0.101112546302675,0.2108528930433092,73.0,True,0.02,True,,,,,,,,,,,,,,,,,budget6_sign_acc_strong,0.0,6.0,,0.0,0.0
A,AOPT_vs_MAXMIN_k6_sign_acc_strong,0.5928059367814229,0.4597423766299175,0.672362282000294,0.0,5.0,5,True,0.5365027130905085,0.607444091955912,True,exploratory,L4,,,,sign_acc_strong,,86,,,,,,,L4/contrasts_per_budget.csv,MAXMIN,AOPT,0.491060713142367,0.6917595993437098,0.055458350654805,0.1552833818334541,0.528129258840728,81.0,True,0.02,True,,,,,,,,,,,,,,,,,budget6_sign_acc_strong,0.0,6.0,,0.0,0.0
A,UNCERT_vs_RANDOM_k6_sign_acc_strong,0.1411377014390696,0.0894957286832752,0.2080044608465497,0.0,5.0,5,True,0.1311636576204969,0.1564530540332827,True,exploratory,L4,,,,sign_acc_strong,,86,,,,,,,L4/contrasts_per_budget.csv,RANDOM,UNCERT,0.0866882410409376,0.2054451457844829,0.0300516595391903,0.0841446467097328,0.1388786923491426,62.0,True,0.02,True,,,,,,,,,,,,,,,,,budget6_sign_acc_strong,0.0,6.0,,0.0,0.0
A,UNCERT_vs_MAXMIN_k6_sign_acc_strong,0.4810284389693791,0.4169289001584773,0.5317775600687195,0.0,5.0,5,True,0.4704498149428374,0.4890213864045866,True,exploratory,L4,,,,sign_acc_strong,,86,,,,,,,L4/contrasts_per_budget.csv,MAXMIN,UNCERT,0.4176709565361308,0.5322570603300126,0.0283029938802073,0.0792483828645806,0.4561550581465616,83.0,True,0.02,True,,,,,,,,,,,,,,,,,budget6_sign_acc_strong,0.0,6.0,,0.0,0.0
A,MAXMIN_vs_RANDOM_k6_sign_acc_strong,-0.3398907375303097,-0.3716364692808257,-0.2888904726589975,0.0,0.0,5,True,-0.346314988698892,-0.3179483199841594,False,exploratory,L4,,,,sign_acc_strong,,86,,,,,,,L4/contrasts_per_budget.csv,RANDOM,MAXMIN,-0.3793390814330648,-0.3001046965010985,0.0216500955236414,0.0606202674661959,-0.3172763657974189,0.0,True,0.02,False,,,,,,,,,,,,,,,,,budget6_sign_acc_strong,0.0,6.0,,0.0,0.0
A,AOPT_vs_RANDOM_k9_mae_all,0.056144419644314,0.0212192672900311,0.0794984122862754,0.002,5.0,5,True,0.0432792719356021,0.0598855143603879,True,exploratory,L4,,,,mae_all,,90,,,,,,,L4/contrasts_per_budget.csv,RANDOM,AOPT,0.0259444195270347,0.0833960799730167,0.0152176785868058,0.0426095000430564,0.0492295515072114,66.0,True,0.02,True,,,,,,,,,,,,,,,,,budget9_mae_all,0.0088235294117647,9.0,,0.002,0.006573426573426574
A,AOPT_vs_MAXMIN_k9_mae_all,0.0790884874022276,0.0115719336395442,0.1274160358950755,0.0184,5.0,5,True,0.0428297312672489,0.0864785122982557,True,exploratory,L4,,,,mae_all,,90,,,,,,,L4/contrasts_per_budget.csv,MAXMIN,AOPT,0.0268167432059927,0.1443937456606636,0.0311971918285315,0.0873521371198882,0.0570516065020697,59.0,True,0.02,True,,,,,,,,,,,,,,,,,budget9_mae_all,0.0552,9.0,,0.0184,0.04551578947368421
A,UNCERT_vs_RANDOM_k9_mae_all,-0.045635337556861,-0.0715951630602274,-0.0077819362324872,0.0156,1.0,5,True,-0.0537805938224955,-0.0321604661752086,False,exploratory,L4,,,,mae_all,,90,,,,,,,L4/contrasts_per_budget.csv,RANDOM,UNCERT,-0.0745313453377852,-0.0116522717351966,0.0165890480887038,0.0464493346483708,-0.0409643100039738,29.0,True,0.02,False,,,,,,,,,,,,,,,,,budget9_mae_all,0.0482474226804123,9.0,,0.0156,0.0400655737704918
A,UNCERT_vs_MAXMIN_k9_mae_all,-0.0226912697989475,-0.0579838399693932,0.0004104648354574,0.052,1.0,5,True,-0.0326100068435617,-0.0186982884518189,False,exploratory,L4,,,,mae_all,,90,,,,,,,L4/contrasts_per_budget.csv,MAXMIN,UNCERT,-0.0537794054672416,0.0024140731304332,0.014755635875311,0.041315780450871,-0.0331422550091156,38.0,True,0.02,False,,,,,,,,,,,,,,,,,budget9_mae_all,0.1190839694656488,9.0,,0.052,0.10649237472766883
A,MAXMIN_vs_RANDOM_k9_mae_all,-0.0229440677579134,-0.0537641047379001,0.0178215887148004,0.3966,0.0,5,False,-0.0271846793120714,0.0004495406683531,False,exploratory,L4,,,,mae_all,,90,,,,,,,L4/contrasts_per_budget.csv,RANDOM,MAXMIN,-0.0647492705833124,0.0095643176691381,0.0194808029623874,0.0545462482946848,-0.0078220549948582,41.0,False,0.02,False,,,,,,,,,,,,,,,,,budget9_mae_all,0.5919402985074627,9.0,,0.3966,0.5474361233480176
A,AOPT_vs_RANDOM_k9_sign_acc_strong,0.111672908864409,0.0608409599575064,0.1457217091473179,0.0,5.0,5,True,0.1013756700267812,0.1197926720006365,True,exploratory,L4,,,,sign_acc_strong,,86,,,,,,,L4/contrasts_per_budget.csv,RANDOM,AOPT,0.0592453494352628,0.1448140222842288,0.0215289340993761,0.0602810154782531,0.1078181097615958,73.0,True,0.02,True,,,,,,,,,,,,,,,,,budget9_sign_acc_strong,0.0,9.0,,0.0,0.0
A,AOPT_vs_MAXMIN_k9_sign_acc_strong,0.289651785331529,0.182856900615856,0.3583933644664919,0.0,5.0,5,True,0.24107429090034,0.3023315338147884,True,exploratory,L4,,,,sign_acc_strong,,86,,,,,,,L4/contrasts_per_budget.csv,MAXMIN,AOPT,0.2055168969810005,0.3740838205588551,0.0459237463225672,0.1285864897031881,0.2536256988905033,78.0,True,0.02,True,,,,,,,,,,,,,,,,,budget9_sign_acc_strong,0.0,9.0,,0.0,0.0
A,UNCERT_vs_RANDOM_k9_sign_acc_strong,0.0044403920540949,-0.0444846534943462,0.0727597846816333,0.8102,4.0,5,False,-0.0039169713785132,0.0393098027299617,False,exploratory,L4,,,,sign_acc_strong,,86,,,,,,,L4/contrasts_per_budget.csv,RANDOM,UNCERT,-0.0611635926652201,0.0584808742206255,0.0315144492753408,0.0882404579709542,0.0207112059486174,45.0,False,0.02,False,,,,,,,,,,,,,,,,,budget9_sign_acc_strong,0.8806521739130435,9.0,,0.8102,0.8824889918887602
A,UNCERT_vs_MAXMIN_k9_sign_acc_strong,0.1824192685212148,0.133318769429774,0.2212756959162975,0.0,5.0,5,True,0.1729127666549534,0.1919114787938311,True,exploratory,L4,,,,sign_acc_strong,,86,,,,,,,L4/contrasts_per_budget.csv,MAXMIN,UNCERT,0.1329639406165824,0.2211691866638134,0.0216615009134515,0.0606522025576642,0.1665187950775249,74.0,True,0.02,True,,,,,,,,,,,,,,,,,budget9_sign_acc_strong,0.0,9.0,,0.0,0.0
A,MAXMIN_vs_RANDOM_k9_sign_acc_strong,-0.1779788764671199,-0.2296197394512729,-0.1004941319365727,0.0,0.0,5,True,-0.1866883214471337,-0.1396986208735588,False,exploratory,L4,,,,sign_acc_strong,,86,,,,,,,L4/contrasts_per_budget.csv,RANDOM,MAXMIN,-0.245145822583246,-0.116762059893351,0.0344116181229898,0.0963525307443716,-0.1458075891289074,12.0,True,0.02,False,,,,,,,,,,,,,,,,,budget9_sign_acc_strong,0.0,9.0,,0.0,0.0
A,AOPT_vs_RANDOM_k12_mae_all,0.0382655992028553,0.0156146559248872,0.0651355094666195,0.0032,5.0,5,True,0.0329217733203978,0.0428848856301412,True,exploratory,L4,,,,mae_all,,90,,,,,,,L4/contrasts_per_budget.csv,RANDOM,AOPT,0.0163286358790937,0.0661388859759321,0.0124884861504322,0.0349677612212102,0.0393787849934903,65.0,True,0.02,True,,,,,,,,,,,,,,,,,budget12_mae_all,0.0123076923076923,12.0,,0.0032,0.009862295081967213
A,AOPT_vs_MAXMIN_k12_mae_all,0.0602836237740398,0.0270912190442432,0.0838252466891722,0.0004,5.0,5,True,0.0504864085536858,0.0641934508721638,True,exploratory,L4,,,,mae_all,,90,,,,,,,L4/contrasts_per_budget.csv,MAXMIN,AOPT,0.0306732123895547,0.086956955504854,0.0144824410038285,0.0405508348107199,0.054176741642575,65.0,True,0.02,True,,,,,,,,,,,,,,,,,budget12_mae_all,0.0020689655172413,12.0,,0.0004,0.0015932203389830508
A,UNCERT_vs_RANDOM_k12_mae_all,-0.0222921957014488,-0.0491483722570713,-0.0038577602907381,0.015,0.0,5,True,-0.0297286382092583,-0.0186246510723549,False,exploratory,L4,,,,mae_all,,90,,,,,,,L4/contrasts_per_budget.csv,RANDOM,UNCERT,-0.0464380260863348,-0.0020742803153937,0.011572058818518,0.0324017646918504,-0.0353789328265483,31.0,True,0.02,False,,,,,,,,,,,,,,,,,budget12_mae_all,0.046875,12.0,,0.015,0.03873626373626374
A,UNCERT_vs_MAXMIN_k12_mae_all,-0.0002741711302642,-0.044842710243979,0.0294370293051762,0.9164,3.0,5,False,-0.0208049691489065,0.0050419302777823,False,exploratory,L4,,,,mae_all,,90,,,,,,,L4/contrasts_per_budget.csv,MAXMIN,UNCERT,-0.0342490605489641,0.0375154893533074,0.0193254597218827,0.0541112872212716,-0.0205809761774637,36.0,False,0.02,False,,,,,,,,,,,,,,,,,budget12_mae_all,0.9436734693877552,12.0,,0.9164,0.9557878453038675
A,MAXMIN_vs_RANDOM_k12_mae_all,-0.0220180245711845,-0.042266542095868,0.0070229055339379,0.16,0.0,5,True,-0.0265238657623145,-0.0089236690603518,False,exploratory,L4,,,,mae_all,,90,,,,,,,L4/contrasts_per_budget.csv,RANDOM,MAXMIN,-0.0461255749446323,0.0016791703093259,0.0128916036943346,0.0360964903441368,-0.0147979566490846,36.0,True,0.02,False,,,,,,,,,,,,,,,,,budget12_mae_all,0.2962962962962963,12.0,,0.16,0.26478873239436623
A,AOPT_vs_RANDOM_k12_sign_acc_strong,0.060370425210457,0.0211750881121246,0.1093955996646194,0.0082,5.0,5,True,0.0528702708204659,0.0694269540478174,True,exploratory,L4,,,,sign_acc_strong,,86,,,,,,,L4/contrasts_per_budget.csv,RANDOM,AOPT,0.0194095828200249,0.1072379417681207,0.0220806419419682,0.0618257974375111,0.0683456956071508,64.0,True,0.02,True,,,,,,,,,,,,,,,,,budget12_sign_acc_strong,0.0279545454545454,12.0,,0.0082,0.023253316656544985
A,AOPT_vs_MAXMIN_k12_sign_acc_strong,0.1253183354770267,0.0653345915668284,0.1665750131547356,0.0,5.0,5,True,0.1075583192500152,0.1331044335414623,True,exploratory,L4,,,,sign_acc_strong,,86,,,,,,,L4/contrasts_per_budget.csv,MAXMIN,AOPT,0.0725166470049183,0.1717057959237622,0.0258197950471863,0.0722954261321216,0.1191100091008477,72.0,True,0.02,True,,,,,,,,,,,,,,,,,budget12_sign_acc_strong,0.0,12.0,,0.0,0.0
A,UNCERT_vs_RANDOM_k12_sign_acc_strong,-0.0054510553082127,-0.0377396189755817,0.0245017720613444,0.6978,3.0,5,True,-0.0127886159956499,-0.0004317380382409,False,exploratory,L4,,,,sign_acc_strong,,86,,,,,,,L4/contrasts_per_budget.csv,RANDOM,UNCERT,-0.0358396068978069,0.026178535205236,0.0155925282115184,0.0436590789922517,-0.0215537953132322,48.0,True,0.02,False,,,,,,,,,,,,,,,,,budget12_sign_acc_strong,0.8238910505836576,12.0,,0.6978,0.8107935723114957
A,UNCERT_vs_MAXMIN_k12_sign_acc_strong,0.0594968549583569,-0.0081178085701649,0.1015023717535524,0.0844,4.0,5,True,0.0317229840122246,0.0670668589975387,False,exploratory,L4,,,,sign_acc_strong,,86,,,,,,,L4/contrasts_per_budget.csv,MAXMIN,UNCERT,0.006390520533282,0.1101109158462849,0.0283283563162767,0.0793193976855748,0.0292105181804646,53.0,True,0.02,False,,,,,,,,,,,,,,,,,budget12_sign_acc_strong,0.1746206896551724,12.0,,0.0844,0.15435019455252919
A,MAXMIN_vs_RANDOM_k12_sign_acc_strong,-0.0649479102665697,-0.1073369622736657,-0.0024704945392557,0.0392,0.0,5,True,-0.0737553488489358,-0.0381313652021978,False,exploratory,L4,,,,sign_acc_strong,,86,,,,,,,L4/contrasts_per_budget.csv,RANDOM,MAXMIN,-0.1155659242196961,-0.0127253921447105,0.0276468972577843,0.0774113123217961,-0.0507643134936969,31.0,True,0.02,False,,,,,,,,,,,,,,,,,budget12_sign_acc_strong,0.0988235294117647,12.0,,0.0392,0.0852962962962963
A,AOPT_vs_RANDOM_k16_mae_all,0.0248103687734759,0.0065647932799828,0.0506874961329732,0.0072,4.0,5,True,0.0205823062222097,0.032264048504901,True,exploratory,L4,,,,mae_all,,90,,,,,,,L4/contrasts_per_budget.csv,RANDOM,AOPT,0.0055884777692869,0.0489311783108189,0.0111569143986551,0.0312393603162345,0.0297983727979096,59.0,True,0.02,True,,,,,,,,,,,,,,,,,budget16_mae_all,0.0248275862068965,16.0,,0.0072,0.02057142857142857
A,AOPT_vs_MAXMIN_k16_mae_all,0.050595638045705,0.027393310036768,0.0669271703507852,0.0,5.0,5,True,0.042897803948081,0.0529233582536779,True,exploratory,L4,,,,mae_all,,90,,,,,,,L4/contrasts_per_budget.csv,MAXMIN,AOPT,0.0310607179551661,0.0704201276680708,0.0101091011908707,0.028305483334438,0.0444627984842054,68.0,True,0.02,True,,,,,,,,,,,,,,,,,budget16_mae_all,0.0,16.0,,0.0,0.0
A,UNCERT_vs_RANDOM_k16_mae_all,-0.0135067852772958,-0.0370901997177732,0.0024040028785859,0.1022,1.0,5,True,-0.018984045594126,-0.0100548634217504,False,exploratory,L4,,,,mae_all,,90,,,,,,,L4/contrasts_per_budget.csv,RANDOM,UNCERT,-0.0355367384938462,0.0031746869536391,0.0100137799593697,0.0280385838862353,-0.0208237823729761,35.0,True,0.02,False,,,,,,,,,,,,,,,,,budget16_mae_all,0.2044,16.0,,0.1022,0.18160302457466918
A,UNCERT_vs_MAXMIN_k16_mae_all,0.0122784839949332,-0.0337726488803188,0.0433357643821695,0.6376,4.0,5,False,-0.008350290150946,0.0171661438403081,False,exploratory,L4,,,,mae_all,,90,,,,,,,L4/contrasts_per_budget.csv,MAXMIN,UNCERT,-0.0241912903864375,0.0517091360390011,0.0202628206335262,0.0567358977738733,-0.0061593566866802,42.0,False,0.02,False,,,,,,,,,,,,,,,,,budget16_mae_all,0.7904132231404958,16.0,,0.6376,0.7615552731893265
A,MAXMIN_vs_RANDOM_k16_mae_all,-0.025785269272229,-0.0475623135540341,0.0058664976713615,0.1252,0.0,5,True,-0.0303079888786567,-0.0106337554431799,False,exploratory,L4,,,,mae_all,,90,,,,,,,L4/contrasts_per_budget.csv,RANDOM,MAXMIN,-0.0530720224298382,-0.0009103506890173,0.0140635909879301,0.0393780547662044,-0.0146644256862958,27.0,True,0.02,False,,,,,,,,,,,,,,,,,budget16_mae_all,0.2396178343949045,16.0,,0.1252,0.21393103448275863
A,AOPT_vs_RANDOM_k16_sign_acc_strong,0.0390150357621233,0.0035910505724144,0.0828219634326303,0.034,4.0,5,True,0.0311626250196075,0.0464409697797407,True,exploratory,L4,,,,sign_acc_strong,,86,,,,,,,L4/contrasts_per_budget.csv,RANDOM,AOPT,0.0028302826834698,0.0824028646640276,0.0199079752842033,0.0557423307957694,0.0448016048476035,63.0,True,0.02,True,,,,,,,,,,,,,,,,,budget16_sign_acc_strong,0.09,16.0,,0.034,0.07645933014354067
A,AOPT_vs_MAXMIN_k16_sign_acc_strong,0.1014834058920841,0.0518383378900629,0.1340843630907543,0.0,5.0,5,True,0.0811345574614671,0.1062273283143439,True,exploratory,L4,,,,sign_acc_strong,,86,,,,,,,L4/contrasts_per_budget.csv,MAXMIN,AOPT,0.0617896629293413,0.1433791160795797,0.0214709649642123,0.0601187018997946,0.0878730340889914,63.0,True,0.02,True,,,,,,,,,,,,,,,,,budget16_sign_acc_strong,0.0,16.0,,0.0,0.0
A,UNCERT_vs_RANDOM_k16_sign_acc_strong,-0.0104684551152686,-0.0381573257953306,0.0173647634562246,0.4148,2.0,5,True,-0.0144768242135775,-0.0054260867349558,False,exploratory,L4,,,,sign_acc_strong,,86,,,,,,,L4/contrasts_per_budget.csv,RANDOM,UNCERT,-0.0387542590505055,0.0165175209789244,0.0135392623433484,0.0379099345613756,-0.0178474507468385,52.0,True,0.02,False,,,,,,,,,,,,,,,,,budget16_sign_acc_strong,0.6040776699029126,16.0,,0.4148,0.5659100145137881
A,UNCERT_vs_MAXMIN_k16_sign_acc_strong,0.0519999150146921,-0.0155440201319505,0.0946548402763126,0.1334,5.0,5,True,0.0273671711528962,0.0602122259163698,False,exploratory,L4,,,,sign_acc_strong,,86,,,,,,,L4/contrasts_per_budget.csv,MAXMIN,UNCERT,-0.0041270357401463,0.103818138143691,0.0285165749160781,0.0798464097650187,0.0252239784945493,50.0,True,0.02,False,,,,,,,,,,,,,,,,,budget16_sign_acc_strong,0.2532911392405063,16.0,,0.1334,0.2259387387387387
A,MAXMIN_vs_RANDOM_k16_sign_acc_strong,-0.0624683701299608,-0.103246675205693,-0.0011901099063936,0.0434,0.0,5,True,-0.070580319181311,-0.0346935876817263,False,exploratory,L4,,,,sign_acc_strong,,86,,,,,,,L4/contrasts_per_budget.csv,RANDOM,MAXMIN,-0.1128701399962566,-0.0135928406550363,0.026973129442958,0.0755247624402824,-0.0430714292413879,32.0,True,0.02,False,,,,,,,,,,,,,,,,,budget16_sign_acc_strong,0.1067213114754098,16.0,,0.0434,0.09292938496583143
A,AOPT_vs_RANDOM_k20_mae_all,0.0260013836674453,0.0116355221527589,0.0473100601725985,0.0,4.0,5,True,0.0221104577674872,0.0335304457374812,True,exploratory,L4,,,,mae_all,,90,,,,,,,L4/contrasts_per_budget.csv,RANDOM,AOPT,0.0101114510088819,0.0452022608889245,0.0092967802745841,0.0260309847688355,0.0316121119348117,59.0,True,0.02,True,,,,,,,,,,,,,,,,,budget20_mae_all,0.0,20.0,,0.0,0.0
A,AOPT_vs_MAXMIN_k20_mae_all,0.0443152470330318,0.0262026663880299,0.0583265565048515,0.0,5.0,5,True,0.0408620450566494,0.0468435019150113,True,exploratory,L4,,,,mae_all,,90,,,,,,,L4/contrasts_per_budget.csv,MAXMIN,AOPT,0.0281553082270191,0.0599229689314533,0.0080456230028911,0.0225277444080952,0.04051303776973,71.0,True,0.02,True,,,,,,,,,,,,,,,,,budget20_mae_all,0.0,20.0,,0.0,0.0
A,UNCERT_vs_RANDOM_k20_mae_all,-0.0047115618999454,-0.0310597031242096,0.0115729955132407,0.6024,1.0,5,True,-0.0137206057748333,-0.0019189828423074,False,exploratory,L4,,,,mae_all,,90,,,,,,,L4/contrasts_per_budget.csv,RANDOM,UNCERT,-0.0263324100937185,0.0149581087932353,0.0109468872001938,0.0306512841605427,-0.01316096313834,40.0,True,0.02,False,,,,,,,,,,,,,,,,,budget20_mae_all,0.7657627118644069,20.0,,0.6024,0.7363537061118337
A,UNCERT_vs_MAXMIN_k20_mae_all,0.013602301465641,-0.0311946452469194,0.0425645042602978,0.5836,5.0,5,False,-0.006389006455665,0.018505081587014,False,exploratory,L4,,,,mae_all,,90,,,,,,,L4/contrasts_per_budget.csv,MAXMIN,UNCERT,-0.0211547964200715,0.051076794930651,0.0192480740654158,0.0538946073831642,-0.0042600373034218,51.0,False,0.02,False,,,,,,,,,,,,,,,,,budget20_mae_all,0.7567659574468085,20.0,,0.5836,0.722772068511199
A,MAXMIN_vs_RANDOM_k20_mae_all,-0.0183138633655865,-0.0345779868388417,0.0059333798152722,0.1576,0.0,5,True,-0.0209940717209591,-0.0073315993191682,False,exploratory,L4,,,,mae_all,,90,,,,,,,L4/contrasts_per_budget.csv,RANDOM,MAXMIN,-0.0387311783650176,0.0010133700326607,0.0106213654625324,0.0297398232950908,-0.0089009258349182,28.0,True,0.02,False,,,,,,,,,,,,,,,,,budget20_mae_all,0.2936645962732919,20.0,,0.1576,0.26173851590106
A,AOPT_vs_RANDOM_k20_sign_acc_strong,0.0361593139908463,0.0070170376249232,0.0655604964336348,0.0192,4.0,5,True,0.0303095753698658,0.0413985154509956,True,exploratory,L4,,,,sign_acc_strong,,86,,,,,,,L4/contrasts_per_budget.csv,RANDOM,AOPT,0.0074736254675672,0.0659798100327615,0.0145927275745768,0.0408596372088152,0.0389634874057897,71.0,True,0.02,True,,,,,,,,,,,,,,,,,budget20_sign_acc_strong,0.057029702970297,20.0,,0.0192,0.047246073298429316
A,AOPT_vs_MAXMIN_k20_sign_acc_strong,0.0819201180257109,0.0375463030495037,0.11084729351212,0.0,5.0,5,True,0.0659550237254371,0.0858501707707145,True,exploratory,L4,,,,sign_acc_strong,,86,,,,,,,L4/contrasts_per_budget.csv,MAXMIN,AOPT,0.0451144183024703,0.1173333596321289,0.0189179321450974,0.0529702100062727,0.0717487468912917,63.0,True,0.02,True,,,,,,,,,,,,,,,,,budget20_sign_acc_strong,0.0,20.0,,0.0,0.0
A,UNCERT_vs_RANDOM_k20_sign_acc_strong,0.0090621682712915,-0.018086214419952,0.0321289616795926,0.4434,4.0,5,True,0.0043994326932456,0.0138992176027523,False,exploratory,L4,,,,sign_acc_strong,,86,,,,,,,L4/contrasts_per_budget.csv,RANDOM,UNCERT,-0.0183856216831724,0.0318439307836607,0.012432708176396,0.0348115828939089,0.0038264735238423,67.0,True,0.02,False,,,,,,,,,,,,,,,,,budget20_sign_acc_strong,0.6334285714285715,20.0,,0.4434,0.596274678111588
A,UNCERT_vs_MAXMIN_k20_sign_acc_strong,0.0548229723061562,0.0001447044694299,0.0883253827133904,0.0488,5.0,5,True,0.0379799767517922,0.0633082767185933,True,exploratory,L4,,,,sign_acc_strong,,86,,,,,,,L4/contrasts_per_budget.csv,MAXMIN,UNCERT,0.00688214579564,0.0933134051600413,0.0227178865422601,0.0636100823183283,0.0366117330093443,65.0,True,0.02,True,,,,,,,,,,,,,,,,,budget20_sign_acc_strong,0.114375,20.0,,0.0488,0.10239285714285715
A,MAXMIN_vs_RANDOM_k20_sign_acc_strong,-0.0457608040348646,-0.071203126715987,-0.0063749307847518,0.0198,0.0,5,True,-0.0498559236325445,-0.0292199479254658,False,exploratory,L4,,,,sign_acc_strong,,86,,,,,,,L4/contrasts_per_budget.csv,RANDOM,MAXMIN,-0.0772617258190867,-0.0135226044198075,0.0170436408775798,0.0477221944572235,-0.032785259485502,31.0,True,0.02,False,,,,,,,,,,,,,,,,,budget20_sign_acc_strong,0.058235294117647,20.0,,0.0198,0.048468750000000005
A,AOPT_vs_RANDOM_k24_mae_all,0.0116722262312108,3.635203840976276e-05,0.0282599789734884,0.0492,5.0,5,True,0.0096244572444985,0.0196110629737565,False,exploratory,L4,,,,mae_all,,90,,,,,,,L4/contrasts_per_budget.csv,RANDOM,AOPT,-0.0035343535291673,0.0247589834104838,0.0074130545486661,0.0207565527362652,0.018871346970193,52.0,True,0.02,False,,,,,,,,,,,,,,,,,budget24_mae_all,0.1144186046511627,24.0,,0.0492,0.10277333333333333
A,AOPT_vs_MAXMIN_k24_mae_all,0.0259927627690771,0.0086037875916918,0.0513574087220717,0.0012,5.0,5,True,0.021848808882091,0.0381809888425943,True,exploratory,L4,,,,mae_all,,90,,,,,,,L4/contrasts_per_budget.csv,MAXMIN,AOPT,0.0036133449888652,0.0459811763412939,0.0113592283417628,0.0318058393569359,0.0363741295656613,59.0,True,0.02,True,,,,,,,,,,,,,,,,,budget24_mae_all,0.0055384615384615,24.0,,0.0012,0.004193308550185873
A,UNCERT_vs_RANDOM_k24_mae_all,-0.0076031969345998,-0.0315134305774813,0.0081777650376051,0.386,1.0,5,True,-0.0150374776623358,-0.0054048454182474,False,exploratory,L4,,,,mae_all,,90,,,,,,,L4/contrasts_per_budget.csv,RANDOM,UNCERT,-0.0276310903038976,0.0110224083832011,0.0102536543276867,0.0287102321175229,-0.0165398605791081,35.0,True,0.02,False,,,,,,,,,,,,,,,,,budget24_mae_all,0.5848484848484848,24.0,,0.386,0.5359527326440178
A,UNCERT_vs_MAXMIN_k24_mae_all,0.0067173396032664,-0.0208731532561126,0.0305791339395905,0.6256,3.0,5,False,-0.0013549658637263,0.0095866707547129,False,exploratory,L4,,,,mae_all,,90,,,,,,,L4/contrasts_per_budget.csv,MAXMIN,UNCERT,-0.0166187784876079,0.035711160099943,0.0129181762907158,0.0361708936140044,0.0009629220163601,42.0,False,0.02,False,,,,,,,,,,,,,,,,,budget24_mae_all,0.782,24.0,,0.6256,0.7539282051282052
A,MAXMIN_vs_RANDOM_k24_mae_all,-0.0143205365378663,-0.0294916503375316,-0.003756145578017,0.0056,0.0,5,True,-0.0185699258688377,-0.0112885208255475,False,exploratory,L4,,,,mae_all,,90,,,,,,,L4/contrasts_per_budget.csv,RANDOM,MAXMIN,-0.0290091843232538,-0.0034999095109523,0.00657529912461,0.0184108375489081,-0.0175027825954682,31.0,True,0.02,False,,,,,,,,,,,,,,,,,budget24_mae_all,0.0202409638554216,24.0,,0.0056,0.016605678233438486
A,AOPT_vs_RANDOM_k24_sign_acc_strong,1.574599484866387e-05,-0.0200429111001007,0.020360674178577,0.9862,2.0,5,False,-0.0031075433577958,0.0034050595470472,False,exploratory,L4,,,,sign_acc_strong,,86,,,,,,,L4/contrasts_per_budget.csv,RANDOM,AOPT,-0.0210810748745675,0.0195536799366559,0.009977100015817,0.0279358800442877,0.0055740559562092,55.0,False,0.02,False,,,,,,,,,,,,,,,,,budget24_sign_acc_strong,0.9862,24.0,,0.9862,0.9946652360515021
A,AOPT_vs_MAXMIN_k24_sign_acc_strong,0.029847990641906,0.0113107271954067,0.0584968894104899,0.002,5.0,5,True,0.0229104556901818,0.0371274557412772,True,exploratory,L4,,,,sign_acc_strong,,86,,,,,,,L4/contrasts_per_budget.csv,MAXMIN,AOPT,0.0113030526996072,0.0584865180688696,0.0120970783495782,0.0338718193788191,0.0419737334761808,57.0,True,0.02,True,,,,,,,,,,,,,,,,,budget24_sign_acc_strong,0.008695652173913,24.0,,0.002,0.006573426573426574
A,UNCERT_vs_RANDOM_k24_sign_acc_strong,0.0050880909524233,-0.0173520653066941,0.0281255033547905,0.6254,4.0,5,False,-0.0004255942374546,0.0088312093969196,False,exploratory,L4,,,,sign_acc_strong,,86,,,,,,,L4/contrasts_per_budget.csv,RANDOM,UNCERT,-0.0168846293099643,0.028652304015251,0.0113125976409186,0.0316752733945721,0.0047099495112805,59.0,False,0.02,False,,,,,,,,,,,,,,,,,budget24_sign_acc_strong,0.782,24.0,,0.6254,0.7539282051282052
A,UNCERT_vs_MAXMIN_k24_sign_acc_strong,0.0349203355994806,0.0009902185882457,0.0789432712582464,0.0424,5.0,5,True,0.0259543310265552,0.0446938187095651,True,exploratory,L4,,,,sign_acc_strong,,86,,,,,,,L4/contrasts_per_budget.csv,MAXMIN,UNCERT,0.0015294963756189,0.0795540723182969,0.019492381133071,0.0545786671725988,0.0411096270312521,58.0,True,0.02,True,,,,,,,,,,,,,,,,,budget24_sign_acc_strong,0.1051239669421487,24.0,,0.0424,0.09120366132723112
A,MAXMIN_vs_RANDOM_k24_sign_acc_strong,-0.0298322446470573,-0.056770663607577,-0.0113895868031176,0.0008,0.0,5,True,-0.0377143883283999,-0.0243642077062534,False,exploratory,L4,,,,sign_acc_strong,,86,,,,,,,L4/contrasts_per_budget.csv,RANDOM,MAXMIN,-0.0554839251094155,-0.0107775305445772,0.0115928153975645,0.0324598831131807,-0.0363996775199715,32.0,True,0.02,False,,,,,,,,,,,,,,,,,budget24_sign_acc_strong,0.0038709677419354,24.0,,0.0008,0.002949019607843137
BP,AOPT_vs_RANDOM_k6_mae_all,0.0565885650682267,0.0161895559852625,0.0835516585739146,0.0068,4.0,5,True,0.0439298244823316,0.062888287875726,True,exploratory,L4,,,,mae_all,,90,,,,,,,L4/contrasts_per_budget.csv,RANDOM,AOPT,0.020639125121549,0.0862650111552718,0.0172370808299457,0.0482638263238479,0.0533148644024723,66.0,True,0.02,True,,,,,,,,,,,,,,,,,budget6_mae_all,0.0237209302325581,6.0,,0.0068,0.019607361963190184
BP,AOPT_vs_MAXMIN_k6_mae_all,0.0291271851215404,-0.0381510480231467,0.0752331845721518,0.422,4.0,5,False,-0.001253028001422,0.0404006988447865,False,exploratory,L4,,,,mae_all,,90,,,,,,,L4/contrasts_per_budget.csv,MAXMIN,AOPT,-0.0255823030069551,0.08543045370368,0.0298476765575904,0.0835734943612533,0.020018422537068,54.0,False,0.02,False,,,,,,,,,,,,,,,,,budget6_mae_all,0.6115942028985507,6.0,,0.422,0.5740665701881331
BP,UNCERT_vs_RANDOM_k6_mae_all,-0.0365819333713256,-0.1170323957344237,0.0634057937665784,0.647,2.0,5,False,-0.0538143314538141,0.0258509811348244,False,exploratory,L4,,,,mae_all,,90,,,,,,,L4/contrasts_per_budget.csv,RANDOM,UNCERT,-0.1485606497155428,0.0438714352775827,0.0501531531232267,0.1404288287450349,0.0116428793516168,42.0,False,0.02,False,,,,,,,,,,,,,,,,,budget6_mae_all,0.7987654320987654,6.0,,0.647,0.7698481012658228
BP,UNCERT_vs_MAXMIN_k6_mae_all,-0.0640433133180119,-0.1256481388266097,0.0165940542122459,0.164,2.0,5,True,-0.0757236627556404,-0.0193318713489292,False,exploratory,L4,,,,mae_all,,90,,,,,,,L4/contrasts_per_budget.csv,MAXMIN,UNCERT,-0.1452976569249903,0.0009583288656496,0.0385606043780818,0.1079696922586292,-0.0216535625137875,36.0,True,0.02,False,,,,,,,,,,,,,,,,,budget6_mae_all,0.3,6.0,,0.164,0.2695104895104895
BP,MAXMIN_vs_RANDOM_k6_mae_all,0.0274613799466863,0.0017589835611351,0.0627972236369713,0.032,5.0,5,True,0.0219093313018262,0.0451828524837537,False,exploratory,L4,,,,mae_all,,90,,,,,,,L4/contrasts_per_budget.csv,RANDOM,MAXMIN,-0.004886818894883,0.0561185569461249,0.0162410274203397,0.0454748767769513,0.0332964418654043,51.0,True,0.02,False,,,,,,,,,,,,,,,,,budget6_mae_all,0.087027027027027,6.0,,0.032,0.07283292978208233
BP,AOPT_vs_RANDOM_k6_sign_acc_strong,0.2282704765907348,0.1501940668557429,0.2829686838325452,0.0,5.0,5,True,0.2113310951485744,0.2417699548134558,True,exploratory,L4,,,,sign_acc_strong,,86,,,,,,,L4/contrasts_per_budget.csv,RANDOM,AOPT,0.1497810908983283,0.2827645163644721,0.033823164198801,0.0947048597566429,0.2207874572025204,72.0,True,0.02,True,,,,,,,,,,,,,,,,,budget6_sign_acc_strong,0.0,6.0,,0.0,0.0
BP,AOPT_vs_MAXMIN_k6_sign_acc_strong,0.4651896327067563,0.3442254924695103,0.554255495565229,0.0,5.0,5,True,0.4375077253609442,0.4967208619655368,True,exploratory,L4,,,,sign_acc_strong,,86,,,,,,,L4/contrasts_per_budget.csv,MAXMIN,AOPT,0.3426237732587534,0.5531531864624496,0.0539933717562774,0.1511814409175767,0.4542691407220843,76.0,True,0.02,True,,,,,,,,,,,,,,,,,budget6_sign_acc_strong,0.0,6.0,,0.0,0.0
BP,UNCERT_vs_RANDOM_k6_sign_acc_strong,0.1694341555097389,0.0618044974549847,0.3095138125615513,0.0004,5.0,5,True,0.1466221855480603,0.2503654485237994,True,exploratory,L4,,,,sign_acc_strong,,86,,,,,,,L4/contrasts_per_budget.csv,RANDOM,UNCERT,0.0245422543160002,0.2812308109913701,0.0673888758741949,0.1886888524477458,0.2250840854495515,55.0,True,0.02,True,,,,,,,,,,,,,,,,,budget6_sign_acc_strong,0.0021052631578947,6.0,,0.0004,0.0015932203389830508
BP,UNCERT_vs_MAXMIN_k6_sign_acc_strong,0.4063533116257604,0.3029671346090096,0.5496265437299082,0.0,5.0,5,True,0.3745086801988736,0.4800642586562926,True,exploratory,L4,,,,sign_acc_strong,,86,,,,,,,L4/contrasts_per_budget.csv,MAXMIN,UNCERT,0.2753365188159153,0.5220665780119521,0.0662188297534657,0.1854127233097041,0.4585657689691154,81.0,True,0.02,True,,,,,,,,,,,,,,,,,budget6_sign_acc_strong,0.0,6.0,,0.0,0.0
BP,MAXMIN_vs_RANDOM_k6_sign_acc_strong,-0.2369191561160214,-0.2863759896451182,-0.1793005307458408,0.0,0.0,5,True,-0.2549509071520809,-0.2193270330471298,False,exploratory,L4,,,,sign_acc_strong,,86,,,,,,,L4/contrasts_per_budget.csv,RANDOM,MAXMIN,-0.2845979048112735,-0.1772941840530854,0.0270643300018438,0.0757801240051628,-0.2334816835195639,4.0,True,0.02,False,,,,,,,,,,,,,,,,,budget6_sign_acc_strong,0.0,6.0,,0.0,0.0
BP,AOPT_vs_RANDOM_k9_mae_all,0.0851834871658549,0.0282796195523722,0.1290655311877562,0.0002,5.0,5,True,0.0506943045049943,0.089582741152956,True,exploratory,L4,,,,mae_all,,90,,,,,,,L4/contrasts_per_budget.csv,RANDOM,AOPT,0.0401939677088538,0.146037223733485,0.0277487679417597,0.0776965502369271,0.0574127965337336,69.0,True,0.02,True,,,,,,,,,,,,,,,,,budget9_mae_all,0.0011111111111111,9.0,,0.0002,0.000828193832599119
BP,AOPT_vs_MAXMIN_k9_mae_all,0.0895692267417906,0.0112947066725029,0.1513661264870811,0.0118,5.0,5,True,0.0414406599381125,0.100361489670429,True,exploratory,L4,,,,mae_all,,90,,,,,,,L4/contrasts_per_budget.csv,MAXMIN,AOPT,0.0267771463399014,0.1747273814364821,0.0387902968316253,0.1086128311285509,0.0639710206815129,62.0,True,0.02,True,,,,,,,,,,,,,,,,,budget9_mae_all,0.0389010989010989,9.0,,0.0118,0.03224418604651163
BP,UNCERT_vs_RANDOM_k9_mae_all,-0.028211829308805,-0.0942782477086251,0.0585808663306961,0.651,1.0,5,False,-0.0462610351384359,0.0215922355472602,False,exploratory,L4,,,,mae_all,,90,,,,,,,L4/contrasts_per_budget.csv,RANDOM,UNCERT,-0.1174647875875216,0.0410444757003265,0.0417416419282212,0.1168765973990194,0.0101001999217844,45.0,False,0.02,False,,,,,,,,,,,,,,,,,budget9_mae_all,0.8004098360655738,9.0,,0.651,0.7707052896725441
BP,UNCERT_vs_MAXMIN_k9_mae_all,-0.0238260897328693,-0.0754397558860672,0.0448174675758461,0.5892,2.0,5,False,-0.0346819747941616,0.0123385909803784,False,exploratory,L4,,,,mae_all,,90,,,,,,,L4/contrasts_per_budget.csv,MAXMIN,UNCERT,-0.0916001422648941,0.0312445133123204,0.0323033214141205,0.0904492999595374,0.0166584240695636,41.0,False,0.02,False,,,,,,,,,,,,,,,,,budget9_mae_all,0.7567659574468085,9.0,,0.5892,0.7263748361730014
BP,MAXMIN_vs_RANDOM_k9_mae_all,-0.0043857395759357,-0.0285072122035752,0.030560467798328,0.8178,2.0,5,False,-0.0115790603442742,0.0092536445668817,False,exploratory,L4,,,,mae_all,,90,,,,,,,L4/contrasts_per_budget.csv,RANDOM,MAXMIN,-0.0318172315470864,0.0255426421423343,0.0152043098033556,0.0425720674493959,-0.0065582241477792,33.0,False,0.02,False,,,,,,,,,,,,,,,,,budget9_mae_all,0.8825179856115108,9.0,,0.8178,0.8866574394463668
BP,AOPT_vs_RANDOM_k9_sign_acc_strong,0.139469113925442,0.0514153657738127,0.1984273198115961,0.0004,5.0,5,True,0.0950633892423604,0.1500279023522382,True,exploratory,L4,,,,sign_acc_strong,,86,,,,,,,L4/contrasts_per_budget.csv,RANDOM,AOPT,0.0726018287171323,0.2175238363250436,0.0390828089732282,0.1094318651250389,0.1090708025899865,66.0,True,0.02,True,,,,,,,,,,,,,,,,,budget9_sign_acc_strong,0.0020689655172413,9.0,,0.0004,0.0015932203389830508
BP,AOPT_vs_MAXMIN_k9_sign_acc_strong,0.1934201980525401,0.0622308928507714,0.2888300101871034,0.0,5.0,5,True,0.1187788237137075,0.2129957239731802,True,exploratory,L4,,,,sign_acc_strong,,86,,,,,,,L4/contrasts_per_budget.csv,MAXMIN,AOPT,0.0897623174351216,0.3215229433828753,0.0618023305995025,0.1730465256786071,0.1497854128291768,70.0,True,0.02,True,,,,,,,,,,,,,,,,,budget9_sign_acc_strong,0.0,9.0,,0.0,0.0
BP,UNCERT_vs_RANDOM_k9_sign_acc_strong,0.028518912153942,-0.0781955349330475,0.1609184322999412,0.5922,2.0,5,True,0.0089589301361128,0.1123368995464979,False,exploratory,L4,,,,sign_acc_strong,,86,,,,,,,L4/contrasts_per_budget.csv,RANDOM,UNCERT,-0.1206107109068217,0.1362077309201652,0.0665341145105573,0.1862955206295605,0.0924561537101172,50.0,True,0.02,False,,,,,,,,,,,,,,,,,budget9_sign_acc_strong,0.7567659574468085,9.0,,0.5922,0.7284078431372548
BP,UNCERT_vs_MAXMIN_k9_sign_acc_strong,0.0824699962810401,0.0057279370874803,0.1885435921587665,0.0342,4.0,5,True,0.06292898861932,0.136052334017845,False,exploratory,L4,,,,sign_acc_strong,,86,,,,,,,L4/contrasts_per_budget.csv,MAXMIN,UNCERT,-0.0165295860933208,0.1659440889858447,0.0486432769172804,0.1362011753683853,0.1331707639493075,54.0,True,0.02,False,,,,,,,,,,,,,,,,,budget9_sign_acc_strong,0.09,9.0,,0.0342,0.0767255369928401
BP,MAXMIN_vs_RANDOM_k9_sign_acc_strong,-0.053951084127098,-0.0986108484506697,0.010759086296831,0.1196,1.0,5,True,-0.0644632721374818,-0.023715434471347,False,exploratory,L4,,,,sign_acc_strong,,86,,,,,,,L4/contrasts_per_budget.csv,RANDOM,MAXMIN,-0.1093066958430483,-0.0011058037173681,0.0289575531578757,0.081081148842052,-0.0407146102391902,30.0,True,0.02,False,,,,,,,,,,,,,,,,,budget9_sign_acc_strong,0.2345098039215686,9.0,,0.1196,0.20552833638025592
BP,AOPT_vs_RANDOM_k12_mae_all,0.0691122259271962,0.0305708006396743,0.0974183824509955,0.0,5.0,5,True,0.0478673845463005,0.0721065305031016,True,exploratory,L4,,,,mae_all,,90,,,,,,,L4/contrasts_per_budget.csv,RANDOM,AOPT,0.0394433786585977,0.1082566645965348,0.0179809878741234,0.0503467660475456,0.0472641918704198,72.0,True,0.02,True,,,,,,,,,,,,,,,,,budget12_mae_all,0.0,12.0,,0.0,0.0
BP,AOPT_vs_MAXMIN_k12_mae_all,0.0996700665683111,0.0273485509805229,0.1577084912665522,0.0,5.0,5,True,0.054140943266823,0.1101098331034531,True,exploratory,L4,,,,mae_all,,90,,,,,,,L4/contrasts_per_budget.csv,MAXMIN,AOPT,0.0403778743163571,0.1808720439347,0.0364052059885377,0.1019345767679057,0.065228141230752,70.0,True,0.02,True,,,,,,,,,,,,,,,,,budget12_mae_all,0.0,12.0,,0.0,0.0
BP,UNCERT_vs_RANDOM_k12_mae_all,-0.0278128203806592,-0.066436873941974,0.0269550089172357,0.357,3.0,5,True,-0.0401116222872042,-0.0032536516274612,False,exploratory,L4,,,,mae_all,,90,,,,,,,L4/contrasts_per_budget.csv,RANDOM,UNCERT,-0.0745821581594971,0.0174052701603811,0.0247437288002609,0.0692824406407305,-0.0072854996007633,38.0,True,0.02,False,,,,,,,,,,,,,,,,,budget12_mae_all,0.552061855670103,12.0,,0.357,0.5069184290030211
BP,UNCERT_vs_MAXMIN_k12_mae_all,0.0027450202604555,-0.0334977250645169,0.0342424005636173,0.8314,2.0,5,False,-0.0032814234310526,0.0124981559888303,False,exploratory,L4,,,,mae_all,,90,,,,,,,L4/contrasts_per_budget.csv,MAXMIN,UNCERT,-0.0368022446562216,0.0317516639859699,0.0169072216057058,0.0473402204959764,0.0106784497595688,41.0,False,0.02,False,,,,,,,,,,,,,,,,,budget12_mae_all,0.8884697508896798,12.0,,0.8314,0.898126291618829
BP,MAXMIN_vs_RANDOM_k12_mae_all,-0.0305578406411148,-0.0646970335275113,0.0169880132544732,0.2672,1.0,5,True,-0.0396045242021371,-0.0062735587205225,False,exploratory,L4,,,,mae_all,,90,,,,,,,L4/contrasts_per_budget.csv,RANDOM,MAXMIN,-0.0734823986123048,0.0077386940188757,0.0218489360780605,0.0611770210185696,-0.0179639493603322,32.0,True,0.02,False,,,,,,,,,,,,,,,,,budget12_mae_all,0.4380327868852459,12.0,,0.2672,0.40315890850722313
BP,AOPT_vs_RANDOM_k12_sign_acc_strong,0.1082734784328746,0.0472963587737276,0.1479088938902806,0.0002,5.0,5,True,0.078481739451412,0.1138346994822914,True,exploratory,L4,,,,sign_acc_strong,,86,,,,,,,L4/contrasts_per_budget.csv,RANDOM,AOPT,0.0618605465016573,0.1591383015772752,0.026599012763638,0.0744772357381864,0.0773146626352596,69.0,True,0.02,True,,,,,,,,,,,,,,,,,budget12_sign_acc_strong,0.001090909090909,12.0,,0.0002,0.000828193832599119
BP,AOPT_vs_MAXMIN_k12_sign_acc_strong,0.1540828624527665,0.0281443968619687,0.2462727369195819,0.0024,5.0,5,True,0.0826808904010484,0.1688384200937852,True,exploratory,L4,,,,sign_acc_strong,,86,,,,,,,L4/contrasts_per_budget.csv,MAXMIN,AOPT,0.0527201505012929,0.2757416588995047,0.0596924483407993,0.1671388553542382,0.094622724741395,64.0,True,0.02,True,,,,,,,,,,,,,,,,,budget12_sign_acc_strong,0.0102857142857142,12.0,,0.0024,0.007752577319587628
BP,UNCERT_vs_RANDOM_k12_sign_acc_strong,0.0192102761630588,-0.0449742469485439,0.1061360855056172,0.5662,3.0,5,True,0.0044443831030639,0.0647875982086756,False,exploratory,L4,,,,sign_acc_strong,,86,,,,,,,L4/contrasts_per_budget.csv,RANDOM,UNCERT,-0.062634045986397,0.0893051349779674,0.0406577876063683,0.1138418052978313,0.0557508126985461,47.0,True,0.02,False,,,,,,,,,,,,,,,,,budget12_sign_acc_strong,0.7472489082969432,12.0,,0.5662,0.7098880000000001
BP,UNCERT_vs_MAXMIN_k12_sign_acc_strong,0.0650196601829508,0.0018595088947204,0.1364112802697306,0.0462,4.0,5,True,0.040095523308706,0.0786218918377743,True,exploratory,L4,,,,sign_acc_strong,,86,,,,,,,L4/contrasts_per_budget.csv,MAXMIN,UNCERT,0.0109451650936827,0.1512901113147082,0.0336056348670141,0.0940957776276395,0.0730588748046815,66.0,True,0.02,True,,,,,,,,,,,,,,,,,budget12_sign_acc_strong,0.1117741935483871,12.0,,0.0462,0.0978108108108108
BP,MAXMIN_vs_RANDOM_k12_sign_acc_strong,-0.0458093840198919,-0.1068117912403239,0.0415913771600091,0.3694,2.0,5,True,-0.0607997841097083,-0.0041991509496363,False,exploratory,L4,,,,sign_acc_strong,,86,,,,,,,L4/contrasts_per_budget.csv,RANDOM,MAXMIN,-0.1205318761492513,0.0267528126423084,0.0396296656279378,0.1109630637582259,-0.0173080621061353,36.0,True,0.02,False,,,,,,,,,,,,,,,,,budget12_sign_acc_strong,0.5625380710659899,12.0,,0.3694,0.5213753753753754
BP,AOPT_vs_RANDOM_k16_mae_all,0.0601826426745885,0.03591964226734,0.0757400110452845,0.0,5.0,5,True,0.0508482106821357,0.0623990328360902,True,exploratory,L4,,,,mae_all,,90,,,,,,,L4/contrasts_per_budget.csv,RANDOM,AOPT,0.0405666094099972,0.0787932501647191,0.0103370858479845,0.0289438403743568,0.047005169356213,82.0,True,0.02,True,,,,,,,,,,,,,,,,,budget16_mae_all,0.0,16.0,,0.0,0.0
BP,AOPT_vs_MAXMIN_k16_mae_all,0.0985713300157796,0.0355900137925061,0.1526641367480358,0.0,5.0,5,True,0.0540856299507502,0.1032440371668164,True,exploratory,L4,,,,mae_all,,90,,,,,,,L4/contrasts_per_budget.csv,MAXMIN,AOPT,0.0455365958891861,0.1769597891754734,0.0337841027591476,0.0945954877256133,0.0578972219311509,76.0,True,0.02,True,,,,,,,,,,,,,,,,,budget16_mae_all,0.0,16.0,,0.0,0.0
BP,UNCERT_vs_RANDOM_k16_mae_all,0.0288608786526758,-0.0105231340587322,0.0550486551960949,0.1658,4.0,5,True,0.0118205506538188,0.0324172428341316,False,exploratory,L4,,,,mae_all,,90,,,,,,,L4/contrasts_per_budget.csv,RANDOM,UNCERT,-0.0028111325536774,0.0610638819677646,0.0170762333626017,0.0478134534152849,0.0160241675364043,55.0,True,0.02,False,,,,,,,,,,,,,,,,,budget16_mae_all,0.3014545454545455,16.0,,0.1658,0.2719930191972077
BP,UNCERT_vs_MAXMIN_k16_mae_all,0.0672495659938668,-0.0097468560511349,0.1309056869140823,0.1364,4.0,5,True,0.0150579699224333,0.0740190717058208,False,exploratory,L4,,,,mae_all,,90,,,,,,,L4/contrasts_per_budget.csv,MAXMIN,UNCERT,0.0044282066848864,0.1600276826290187,0.0400673331267571,0.11218853275492,0.0269162201113421,56.0,True,0.02,False,,,,,,,,,,,,,,,,,budget16_mae_all,0.2573584905660377,16.0,,0.1364,0.23011469534050177
BP,MAXMIN_vs_RANDOM_k16_mae_all,-0.038388687341191,-0.0825027137380684,0.015557115968544,0.3054,1.0,5,True,-0.0465093374039743,-0.0032374192686145,False,exploratory,L4,,,,mae_all,,90,,,,,,,L4/contrasts_per_budget.csv,RANDOM,MAXMIN,-0.0995983232403893,0.0062234721100477,0.0275929488523165,0.0772602567864862,-0.0108920525749378,34.0,True,0.02,False,,,,,,,,,,,,,,,,,budget16_mae_all,0.492192513368984,16.0,,0.3054,0.45066875981161697
BP,AOPT_vs_RANDOM_k16_sign_acc_strong,0.0942544759881001,0.0480820114859311,0.1224952297426831,0.0,5.0,5,True,0.0764246525404235,0.1010972696340753,True,exploratory,L4,,,,sign_acc_strong,,86,,,,,,,L4/contrasts_per_budget.csv,RANDOM,AOPT,0.0569481492910067,0.127566141801185,0.0193047343378605,0.0540532561460096,0.0770743268676848,76.0,True,0.02,True,,,,,,,,,,,,,,,,,budget16_sign_acc_strong,0.0,16.0,,0.0,0.0
BP,AOPT_vs_MAXMIN_k16_sign_acc_strong,0.1568633202472948,0.0411870961239624,0.2520441655980543,0.0,5.0,5,True,0.0760833139635134,0.1646336943064123,True,exploratory,L4,,,,sign_acc_strong,,86,,,,,,,L4/contrasts_per_budget.csv,MAXMIN,AOPT,0.0589405861825594,0.2921127931687636,0.0610044880065414,0.1708125664183161,0.0887998245057186,68.0,True,0.02,True,,,,,,,,,,,,,,,,,budget16_sign_acc_strong,0.0,16.0,,0.0,0.0
BP,UNCERT_vs_RANDOM_k16_sign_acc_strong,0.0806553823850444,0.0288796722657531,0.1127243414234402,0.0028,5.0,5,True,0.0657526963702673,0.0897594221016951,True,exploratory,L4,,,,sign_acc_strong,,86,,,,,,,L4/contrasts_per_budget.csv,RANDOM,UNCERT,0.0329777062096547,0.1148359078452147,0.021285976301114,0.0596007336431193,0.0717232854101851,69.0,True,0.02,True,,,,,,,,,,,,,,,,,budget16_sign_acc_strong,0.0113513513513513,16.0,,0.0028,0.008832214765100672
BP,UNCERT_vs_MAXMIN_k16_sign_acc_strong,0.1432642266442392,0.0197893568848377,0.2378385335700364,0.0118,5.0,5,True,0.0654113577933573,0.1528465349953405,True,exploratory,L4,,,,sign_acc_strong,,86,,,,,,,L4/contrasts_per_budget.csv,MAXMIN,UNCERT,0.0441808561636129,0.2759478979951193,0.0609130065780721,0.170556418418602,0.0834487830482188,61.0,True,0.02,True,,,,,,,,,,,,,,,,,budget16_sign_acc_strong,0.0384782608695652,16.0,,0.0118,0.03224418604651163
BP,MAXMIN_vs_RANDOM_k16_sign_acc_strong,-0.0626088442591947,-0.1385252463113647,0.0335500245426583,0.3916,2.0,5,False,-0.0759506159139104,0.00034133857691,False,exploratory,L4,,,,sign_acc_strong,,86,,,,,,,L4/contrasts_per_budget.csv,RANDOM,MAXMIN,-0.1674320134044559,0.0179372783753603,0.0488466003894993,0.1367704810905982,-0.0117254976380337,37.0,False,0.02,False,,,,,,,,,,,,,,,,,budget16_sign_acc_strong,0.5903517587939698,16.0,,0.3916,0.5421266568483063
BP,AOPT_vs_RANDOM_k20_mae_all,0.0208460168067749,0.0092005620043854,0.0343356365739458,0.003,5.0,5,True,0.0173955996435273,0.0229079534166281,True,exploratory,L4,,,,mae_all,,90,,,,,,,L4/contrasts_per_budget.csv,RANDOM,AOPT,0.0100801937735987,0.0353214528488304,0.0063330304046244,0.0177324851329484,0.0172745213858709,74.0,True,0.02,True,,,,,,,,,,,,,,,,,budget20_mae_all,0.0116883116883116,20.0,,0.003,0.009306930693069307
BP,AOPT_vs_MAXMIN_k20_mae_all,0.0228160344258057,0.0082750162611532,0.0439175795481721,0.001,5.0,5,True,0.0179506809961405,0.0295348991298116,True,exploratory,L4,,,,mae_all,,90,,,,,,,L4/contrasts_per_budget.csv,MAXMIN,AOPT,0.0076137080006298,0.0427620977405953,0.0092355260551434,0.0258594729544015,0.0236677456426923,60.0,True,0.02,True,,,,,,,,,,,,,,,,,budget20_mae_all,0.0046875,20.0,,0.001,0.003560606060606061
BP,UNCERT_vs_RANDOM_k20_mae_all,0.0042335177784928,-0.0179356692186242,0.0205433916396402,0.659,3.0,5,False,-0.0001800262342806,0.0081678253342556,False,exploratory,L4,,,,mae_all,,90,,,,,,,L4/contrasts_per_budget.csv,RANDOM,UNCERT,-0.0174475251001703,0.0209526485699765,0.009690524978547,0.0271334699399316,0.0031382836983916,50.0,False,0.02,False,,,,,,,,,,,,,,,,,budget20_mae_all,0.8069387755102041,20.0,,0.659,0.7782160804020101
BP,UNCERT_vs_MAXMIN_k20_mae_all,0.0062035353975236,-0.01277282588061,0.0249752950820518,0.4718,2.0,5,True,0.0031927288209172,0.010496633306359,False,exploratory,L4,,,,mae_all,,90,,,,,,,L4/contrasts_per_budget.csv,MAXMIN,UNCERT,-0.0132803990006287,0.0240162248215861,0.0093091022991534,0.0260654864376295,0.009531507955213,57.0,True,0.02,False,,,,,,,,,,,,,,,,,budget20_mae_all,0.6645070422535211,20.0,,0.4718,0.6220084151472651
BP,MAXMIN_vs_RANDOM_k20_mae_all,-0.0019700176190308,-0.0206217240903521,0.0107252544167825,0.7912,3.0,5,False,-0.0066269457131834,0.0028893356304513,False,exploratory,L4,,,,mae_all,,90,,,,,,,L4/contrasts_per_budget.csv,RANDOM,MAXMIN,-0.0204309010758503,0.0108088703420694,0.0080261974319506,0.0224733528094618,-0.0063932242568213,46.0,False,0.02,False,,,,,,,,,,,,,,,,,budget20_mae_all,0.8631272727272727,20.0,,0.7912,0.8658067520372527
BP,AOPT_vs_RANDOM_k20_sign_acc_strong,0.0290000106492954,0.0034264794749764,0.0533484679909494,0.0288,5.0,5,True,0.0222695805148045,0.0339881061409453,True,exploratory,L4,,,,sign_acc_strong,,86,,,,,,,L4/contrasts_per_budget.csv,RANDOM,AOPT,0.0042730007345408,0.0544291498825911,0.0124104376619154,0.0347492254533633,0.0228988778961103,67.0,True,0.02,True,,,,,,,,,,,,,,,,,budget20_sign_acc_strong,0.0807476635514018,20.0,,0.0288,0.06734328358208955
BP,AOPT_vs_MAXMIN_k20_sign_acc_strong,0.0317391524875641,0.006340775476515,0.0661078906646752,0.014,5.0,5,True,0.0215980819104732,0.0388439960738043,True,exploratory,L4,,,,sign_acc_strong,,86,,,,,,,L4/contrasts_per_budget.csv,MAXMIN,AOPT,0.0085894307675117,0.0708697117379049,0.0152012295359609,0.0425634427006907,0.0306247736066946,61.0,True,0.02,True,,,,,,,,,,,,,,,,,budget20_sign_acc_strong,0.0446808510638297,20.0,,0.014,0.03665738161559889
BP,UNCERT_vs_RANDOM_k20_sign_acc_strong,0.0279203096962291,0.0007356285720214,0.0597351574256559,0.0466,4.0,5,True,0.0240353859988548,0.0348214735325339,False,exploratory,L4,,,,sign_acc_strong,,86,,,,,,,L4/contrasts_per_budget.csv,RANDOM,UNCERT,-0.0030683484901905,0.0558880982954062,0.0145694146138277,0.0407943609187177,0.0430581632806258,70.0,True,0.02,False,,,,,,,,,,,,,,,,,budget20_sign_acc_strong,0.11184,20.0,,0.0466,0.09843595505617977
BP,UNCERT_vs_MAXMIN_k20_sign_acc_strong,0.0306594515344977,0.0007169276638872,0.075320644442217,0.0444,4.0,5,True,0.0204374033859269,0.0438196275060632,False,exploratory,L4,,,,sign_acc_strong,,86,,,,,,,L4/contrasts_per_budget.csv,MAXMIN,UNCERT,-0.0013404469376903,0.0720944228820694,0.0192303091681602,0.0538448656708485,0.05078405899121,61.0,True,0.02,False,,,,,,,,,,,,,,,,,budget20_sign_acc_strong,0.1082926829268292,20.0,,0.0444,0.09463945578231293
BP,MAXMIN_vs_RANDOM_k20_sign_acc_strong,-0.0027391418382686,-0.035915178048539,0.0195494280700141,0.8644,3.0,5,False,-0.0098726789169302,0.007474846204186,False,exploratory,L4,,,,sign_acc_strong,,86,,,,,,,L4/contrasts_per_budget.csv,RANDOM,MAXMIN,-0.039186071106414,0.0180266724803841,0.0142969880370449,0.0400315665037257,-0.0077258957105842,56.0,False,0.02,False,,,,,,,,,,,,,,,,,budget20_sign_acc_strong,0.9130985915492956,20.0,,0.8644,0.9212426303854875
BP,AOPT_vs_RANDOM_k24_mae_all,0.0084789728624884,0.0016369496455353,0.0192147899805395,0.01,5.0,5,True,0.0071655069358836,0.011840090244107,False,exploratory,L4,,,,mae_all,,90,,,,,,,L4/contrasts_per_budget.csv,RANDOM,AOPT,0.0009914621631093,0.017884996003337,0.0044946957819836,0.0125851481895541,0.0136571628382026,53.0,True,0.02,True,,,,,,,,,,,,,,,,,budget24_mae_all,0.0337078651685393,24.0,,0.01,0.027728613569321534
BP,AOPT_vs_MAXMIN_k24_mae_all,0.009497818039366,-0.0011192941779438,0.0273318211590402,0.0914,4.0,5,True,0.0070617870730664,0.0162203749752506,False,exploratory,L4,,,,mae_all,,90,,,,,,,L4/contrasts_per_budget.csv,MAXMIN,AOPT,-0.002818512428129,0.0241103345463842,0.0073758208481526,0.0206522983748272,0.0216923657317664,48.0,True,0.02,False,,,,,,,,,,,,,,,,,budget24_mae_all,0.1865306122448979,24.0,,0.0914,0.16522307692307692
BP,UNCERT_vs_RANDOM_k24_mae_all,-0.0058507596123597,-0.0226234000453053,0.004812781394464,0.3202,2.0,5,True,-0.0089892332174666,-0.0016359835920434,False,exploratory,L4,,,,mae_all,,90,,,,,,,L4/contrasts_per_budget.csv,RANDOM,UNCERT,-0.0240399142815749,0.0040851311781265,0.0069287818548064,0.019400589193458,-0.0081564707992968,51.0,True,0.02,False,,,,,,,,,,,,,,,,,budget24_mae_all,0.5095238095238095,24.0,,0.3202,0.4673726708074534
BP,UNCERT_vs_MAXMIN_k24_mae_all,-0.0048319144354821,-0.023399877133886,0.0112570974884561,0.5586,2.0,5,False,-0.0074705162397563,0.0012213099453753,False,exploratory,L4,,,,mae_all,,90,,,,,,,L4/contrasts_per_budget.csv,MAXMIN,UNCERT,-0.0277531422186446,0.0085396805402809,0.0086052664245839,0.0240947459888349,-0.000121267905733,40.0,False,0.02,False,,,,,,,,,,,,,,,,,budget24_mae_all,0.7447999999999999,24.0,,0.5586,0.7065771812080538
BP,MAXMIN_vs_RANDOM_k24_mae_all,-0.0010188451768775,-0.0139682041938812,0.0075143228932542,0.8322,3.0,5,False,-0.0043802847311435,0.0008691387802718,False,exploratory,L4,,,,mae_all,,90,,,,,,,L4/contrasts_per_budget.csv,RANDOM,MAXMIN,-0.0130325889166013,0.008036435120794,0.0054476642996793,0.0152534600391022,-0.0080352028935638,49.0,False,0.02,False,,,,,,,,,,,,,,,,,budget24_mae_all,0.8884697508896798,24.0,,0.8322,0.898126291618829
BP,AOPT_vs_RANDOM_k24_sign_acc_strong,0.0121323360669001,-0.0031932781385491,0.0337509875199004,0.1216,4.0,5,True,0.0095691870794518,0.0178892429980177,False,exploratory,L4,,,,sign_acc_strong,,86,,,,,,,L4/contrasts_per_budget.csv,RANDOM,AOPT,-0.0057622129153319,0.0306132386520422,0.0094100828703512,0.0263482320369833,0.0232498604699607,65.0,True,0.02,False,,,,,,,,,,,,,,,,,budget24_sign_acc_strong,0.2353548387096774,24.0,,0.1216,0.2082040072859745
BP,AOPT_vs_MAXMIN_k24_sign_acc_strong,0.0080515104246324,-0.0101530274102394,0.0364706065111702,0.4136,3.0,5,True,0.0033168223119811,0.0139354297042862,False,exploratory,L4,,,,sign_acc_strong,,86,,,,,,,L4/contrasts_per_budget.csv,MAXMIN,AOPT,-0.0101856750492064,0.0363941540622405,0.0117477539121419,0.0328937109539974,0.0247831841495869,29.0,True,0.02,False,,,,,,,,,,,,,,,,,budget24_sign_acc_strong,0.6040776699029126,24.0,,0.4136,0.5659100145137881
BP,UNCERT_vs_RANDOM_k24_sign_acc_strong,-0.0024547092358698,-0.0223821826696038,0.0153664648636463,0.8174,2.0,5,False,-0.0047952930885955,0.0034767611334373,False,exploratory,L4,,,,sign_acc_strong,,86,,,,,,,L4/contrasts_per_budget.csv,RANDOM,UNCERT,-0.027818569275796,0.0122943910313676,0.0093741373149668,0.0262475844819071,0.0022114472766899,60.0,False,0.02,False,,,,,,,,,,,,,,,,,budget24_sign_acc_strong,0.8825179856115108,24.0,,0.8174,0.8866574394463668
BP,UNCERT_vs_MAXMIN_k24_sign_acc_strong,-0.0065355348781375,-0.032089211326412,0.0187027201379381,0.5802,2.0,5,False,-0.0114418352884685,0.0013459439405649,False,exploratory,L4,,,,sign_acc_strong,,86,,,,,,,L4/contrasts_per_budget.csv,MAXMIN,UNCERT,-0.0356008417919247,0.0163366538762479,0.0126324724894564,0.0353709229704781,0.0037447709563161,22.0,False,0.02,False,,,,,,,,,,,,,,,,,budget24_sign_acc_strong,0.7567659574468085,24.0,,0.5802,0.719509234828496
BP,MAXMIN_vs_RANDOM_k24_sign_acc_strong,0.0040808256422676,-0.0112748775538524,0.0171771198578152,0.513,3.0,5,True,0.0021308171928723,0.0071464824145296,False,exploratory,L4,,,,sign_acc_strong,,86,,,,,,,L4/contrasts_per_budget.csv,RANDOM,MAXMIN,-0.0128713492859674,0.016062325955156,0.0070619551451,0.0197734744062801,-0.0015333236796262,61.0,True,0.02,False,,,,,,,,,,,,,,,,,budget24_sign_acc_strong,0.7059633027522936,24.0,,0.513,0.6614814814814816
B,PLATT_vs_CONST,0.0779028609658918,0.0089528551994403,0.1314656006769559,0.0294,5.0,5,,0.0641159123591534,0.0953118843932154,True,registered,L5,,,,brier,,82,,,,,,,L5/calibration_direction_contrasts.csv,CONST,PLATT,0.0032923245216812,0.1278935079929812,0.0308639623911479,0.0864190946952142,0.0662990720599735,62.0,True,0.02,True,,,,,,,,,,,,,,,,,,,,0.0827586206896551,0.0294,0.06857568238213399
B,RAW_vs_CONST,0.1351201764933136,0.057170659887176,0.1817850528971401,0.0016,5.0,5,,0.1175888040946334,0.1518013075219647,True,exploratory,L5,,,,brier,,82,,,,,,,L5/calibration_direction_contrasts.csv,CONST,RAW,0.0525988587417292,0.1800396303788643,0.0320586845014961,0.0897643166041892,0.1201546723784608,68.0,True,0.02,True,,,,,,,,,,,,,,,,,,,,0.0034285714285714,0.0016,0.005469090909090909
B,PLATT_vs_RAW,-0.0572173155274217,-0.0807952563080133,-0.0236425454384514,0.0002,0.0,5,,-0.0634584985057575,-0.0434231635563967,False,exploratory,L5,,,,brier,,82,,,,,,,L5/calibration_direction_contrasts.csv,RAW,PLATT,-0.0857111340807794,-0.0291528990195418,0.0148871440808267,0.0416840034263148,-0.0538556003184872,16.0,True,0.02,False,,,,,,,,,,,,,,,,,,,,0.0005357142857142,0.0002,0.000828193832599119
B,RAW_vs_CONSTCELL,0.148084819623664,0.073573737843488,0.2486687341222623,0.001,5.0,5,,0.1300326863820586,0.172098195430783,True,exploratory,L5,,,,brier,,82,,,,,,,L5/calibration_direction_contrasts.csv,CONSTCELL,RAW,0.0642193777740395,0.2383865824009743,0.0441790362238285,0.12370130142672,0.1707142390026091,62.0,True,0.02,True,,,,,,,,,,,,,,,,,,,,0.0023076923076923,0.001,0.003560606060606061
B,PLATT_vs_CONSTCELL,0.0908675040962423,0.0128294787916783,0.2042257075707266,0.0254,5.0,5,,0.0735618498402542,0.1286750318743863,False,exploratory,L5,,,,brier,,82,,,,,,,L5/calibration_direction_contrasts.csv,CONSTCELL,PLATT,-0.0041750315640675,0.186921450322345,0.048552565221784,0.1359471826209953,0.1168586386841219,57.0,True,0.02,False,,,,,,,,,,,,,,,,,,,,0.047625,0.0254,0.06029292929292929
BR,PLATT_vs_CONST,0.0153086239593912,-0.0317530943408576,0.0795608195203247,0.5418,4.0,5,,0.0066192053747415,0.0341336020717245,False,registered,L5,,,,brier,,82,,,,,,,L5/calibration_direction_contrasts.csv,CONST,PLATT,-0.0368173249749555,0.0731880220175767,0.0284365572345256,0.0796223602566717,0.0262975429445327,38.0,True,0.02,False,,,,,,,,,,,,,,,,,,,,0.7339016393442623,0.5418,0.6891637347767253
BR,RAW_vs_CONST,0.1282572637556488,0.0496030806221513,0.1762938860544445,0.003,5.0,5,,0.1113306781226867,0.1448317201170684,True,exploratory,L5,,,,brier,,82,,,,,,,L5/calibration_direction_contrasts.csv,CONST,RAW,0.0451822675089059,0.1745578596969149,0.03267270861587,0.0914835841244361,0.1095375438750758,67.0,True,0.02,True,,,,,,,,,,,,,,,,,,,,0.006338028169014,0.003,0.009306930693069307
BR,PLATT_vs_RAW,-0.1129486397962576,-0.1575561615546831,-0.0445349280750149,0.0,0.0,5,,-0.1204160060468232,-0.0771970760509621,False,exploratory,L5,,,,brier,,82,,,,,,,L5/calibration_direction_contrasts.csv,RAW,PLATT,-0.172630143964771,-0.0603576918375612,0.0304068323369264,0.0851391305433941,-0.0832400009305431,12.0,True,0.02,False,,,,,,,,,,,,,,,,,,,,0.0,0.0,0.0
BR,RAW_vs_CONSTCELL,0.1411270251436304,0.0660449183065555,0.2430181305859235,0.0012,5.0,5,,0.1234527778053471,0.16713067819618,True,exploratory,L5,,,,brier,,82,,,,,,,L5/calibration_direction_contrasts.csv,CONSTCELL,RAW,0.0560852762200205,0.232582547732164,0.0446602923493659,0.1250488185782246,0.1605618013745437,59.0,True,0.02,True,,,,,,,,,,,,,,,,,,,,0.0026865671641791,0.0012,0.004193308550185873
BR,PLATT_vs_CONSTCELL,0.0281783853473728,-0.0600232830405753,0.1707941146151399,0.5664,4.0,5,,0.0058406297936092,0.0899336021452178,False,exploratory,L5,,,,brier,,82,,,,,,,L5/calibration_direction_contrasts.csv,CONSTCELL,PLATT,-0.0845236186077768,0.1390808444039362,0.0600719929820288,0.1682015803496808,0.0773218004440006,36.0,True,0.02,False,,,,,,,,,,,,,,,,,,,,0.5941258741258741,0.5664,0.7098880000000001
BQ,PLATT_vs_CONST,0.0859877201090833,-0.0089459505845029,0.1435799644785303,0.0754,5.0,5,,0.054455125134631,0.1022832774459961,False,registered,L5,,,,brier,,82,,,,,,,L5/calibration_direction_contrasts.csv,CONST,PLATT,0.0007710297355641,0.1477463861454246,0.0397894791120584,0.1114105415137636,0.0591565891982185,60.0,True,0.02,False,,,,,,,,,,,,,,,,,,,,0.1508,0.0754,0.141752
BQ,RAW_vs_CONST,0.1351563304140345,0.0589494581346651,0.1810247810645731,0.0016,5.0,5,,0.1182232463338899,0.1510445104123833,True,exploratory,L5,,,,brier,,82,,,,,,,L5/calibration_direction_contrasts.csv,CONST,RAW,0.0536420998678308,0.1793489015836361,0.0314416523982747,0.0880366267151692,0.1206029289154769,68.0,True,0.02,True,,,,,,,,,,,,,,,,,,,,0.0034285714285714,0.0016,0.005469090909090909
BQ,PLATT_vs_RAW,-0.0491686103049511,-0.0889396522536086,-0.0241865654802979,0.0,1.0,5,,-0.0637681211992588,-0.0406083524153587,False,exploratory,L5,,,,brier,,82,,,,,,,L5/calibration_direction_contrasts.csv,RAW,PLATT,-0.0833626502441913,-0.0210623263431552,0.0168178336735517,0.0470899342859449,-0.0614463397172584,26.0,True,0.02,False,,,,,,,,,,,,,,,,,,,,0.0,0.0,0.0
BQ,RAW_vs_CONSTCELL,0.1608480316769647,0.0862880046973628,0.2459045789877158,0.0006,5.0,5,,0.1440839292980743,0.1819716080755269,True,exploratory,L5,,,,brier,,82,,,,,,,L5/calibration_direction_contrasts.csv,CONSTCELL,RAW,0.0788388728053546,0.2396760745347249,0.0398964598797756,0.1117100876633716,0.1712233349950061,67.0,True,0.02,True,,,,,,,,,,,,,,,,,,,,0.0014516129032258,0.0006,0.002292682926829268
BQ,PLATT_vs_CONSTCELL,0.1116794213720135,0.0303432484783848,0.1878665927013976,0.012,5.0,5,,0.0961923743117566,0.1332103751091397,True,exploratory,L5,,,,brier,,82,,,,,,,L5/calibration_direction_contrasts.csv,CONSTCELL,PLATT,0.0227954647791516,0.1821716166508204,0.0391852023716408,0.1097185666405944,0.1097769952777476,60.0,True,0.02,True,,,,,,,,,,,,,,,,,,,,0.0233766233766233,0.012,0.03269565217391304
A,PLATT_vs_CONST,0.0745187547958833,0.0182774667459514,0.1338890331577671,0.0128,4.0,5,,0.0634541732279648,0.0862713849847672,True,registered,L5,,,,brier,,82,,,,,,,L5/calibration_direction_contrasts.csv,CONST,PLATT,0.0145262440072777,0.1299085039267466,0.0286163988334074,0.0801259167335408,0.0729603666698427,63.0,True,0.02,True,,,,,,,,,,,,,,,,,,,,0.0538947368421052,0.0128,0.034377142857142856
A,RAW_vs_CONST,0.1250770180207263,0.057853398772697,0.1687053352883288,0.0004,5.0,5,,0.114018575921821,0.1369112078977198,True,exploratory,L5,,,,brier,,82,,,,,,,L5/calibration_direction_contrasts.csv,CONST,RAW,0.0549277285747372,0.1667707227041019,0.0276390302563437,0.0773892847177625,0.1090536823422564,67.0,True,0.02,True,,,,,,,,,,,,,,,,,,,,0.001,0.0004,0.0015932203389830508
A,PLATT_vs_RAW,-0.050558263224843,-0.0750564685337951,-0.017198402485651,0.0,0.0,5,,-0.0547813929146833,-0.0303211200278621,False,exploratory,L5,,,,brier,,82,,,,,,,L5/calibration_direction_contrasts.csv,RAW,PLATT,-0.0829169572404274,-0.0243686119665476,0.0159379260276903,0.0446261928775331,-0.0360933156724136,9.0,True,0.02,False,,,,,,,,,,,,,,,,,,,,0.0,0.0,0.0
A,RAW_vs_CONSTCELL,0.132273240392061,0.0616505100198623,0.2441270616127251,0.0002,5.0,5,,0.1140660588891203,0.1773375960448259,True,exploratory,L5,,,,brier,,82,,,,,,,L5/calibration_direction_contrasts.csv,CONSTCELL,RAW,0.0458833024477685,0.2232702644630051,0.0473719024373385,0.1326413268245478,0.1680959203802098,66.0,True,0.02,True,,,,,,,,,,,,,,,,,,,,0.0005357142857142,0.0002,0.000828193832599119
A,PLATT_vs_CONSTCELL,0.081714977167218,-0.0090716651770165,0.2203784838108317,0.0796,4.0,5,,0.0611894979980829,0.1470164760169638,False,exploratory,L5,,,,brier,,82,,,,,,,L5/calibration_direction_contrasts.csv,CONSTCELL,PLATT,-0.0350176210308591,0.1885476520579098,0.0600479537336757,0.1681342704542921,0.1320026047077962,40.0,True,0.02,False,,,,,,,,,,,,,,,,,,,,0.1105555555555555,0.0796,0.14846031746031746
BP,PLATT_vs_CONST,0.057816098399788,-0.00178651134146,0.1065076522815477,0.0564,3.0,5,,0.0508566736323732,0.0684271907746526,False,registered,L5,,,,brier,,82,,,,,,,L5/calibration_direction_contrasts.csv,CONST,PLATT,-0.0075418031523019,0.102512425535178,0.0268635936730624,0.0752180622845749,0.0425953141612363,59.0,True,0.02,False,,,,,,,,,,,,,,,,,,,,0.1253333333333333,0.0564,0.11328205128205128
BP,RAW_vs_CONST,0.1461920232469286,0.0385976336576698,0.207768082707349,0.0076,5.0,5,,0.107146006371645,0.1625042219044458,True,exploratory,L5,,,,brier,,82,,,,,,,L5/calibration_direction_contrasts.csv,CONST,RAW,0.0537687025627349,0.2155809853834666,0.0440429097573938,0.1233201473207029,0.1012827111620267,67.0,True,0.02,True,,,,,,,,,,,,,,,,,,,,0.0151999999999999,0.0076,0.021648484848484847
BP,PLATT_vs_RAW,-0.0883759248471406,-0.1322710711407436,-0.017559919192451,0.0096,1.0,5,,-0.0997253363374797,-0.0524456364649515,False,exploratory,L5,,,,brier,,82,,,,,,,L5/calibration_direction_contrasts.csv,RAW,PLATT,-0.1453980189658296,-0.0345671805625158,0.0305090484518576,0.0854253356652013,-0.0586873970007903,10.0,True,0.02,False,,,,,,,,,,,,,,,,,,,,0.0189473684210526,0.0096,0.026857142857142854
BP,RAW_vs_CONSTCELL,0.1274556603819961,0.0457272757515666,0.2424536368497723,0.0034,5.0,5,,0.1085135093439552,0.161774013133851,True,exploratory,L5,,,,brier,,82,,,,,,,L5/calibration_direction_contrasts.csv,CONSTCELL,RAW,0.0345507122977497,0.2289237673604868,0.0497421566421843,0.1392780385981161,0.1467584092838373,60.0,True,0.02,True,,,,,,,,,,,,,,,,,,,,0.0070833333333333,0.0034,0.010444444444444444
BP,PLATT_vs_CONSTCELL,0.0390797355348554,-0.0578439316639204,0.1899481364055554,0.465,3.0,5,,0.0158408305311208,0.1093283766688994,False,exploratory,L5,,,,brier,,82,,,,,,,L5/calibration_direction_contrasts.csv,CONSTCELL,PLATT,-0.0827677468291487,0.1565293648227586,0.064982673791401,0.1819514866159229,0.088071012283047,34.0,True,0.02,False,,,,,,,,,,,,,,,,,,,,0.5050359712230216,0.465,0.6163544303797468
B,LW_vs_POOLED@k1,-0.0030738118751043,-0.0165532548756384,0.006084375996868,0.5188,1.0,5,,-0.0103746133716644,-0.0012197863290389,False,registered,L5,,,,mae_all,,84,,,,,,,L5/contrasts_cov.csv,G14_POOLED@doptk1,G14_LW@doptk1,-0.0132135976216543,0.0094565515249918,0.0060732413847289,0.0170050758772409,-0.0110593439261722,41.0,True,0.02,False,,,,,,,,,,,,,,,,,,,,0.7155862068965518,0.5188,0.6653096862210096
B,LOWRANK2_vs_POOLED@k1,0.0033933409256521,-0.0064372879869769,0.0101539574357785,0.5708,5.0,5,,-0.0016807520101757,0.0045411299409692,False,registered,L5,,,,mae_all,,84,,,,,,,L5/contrasts_cov.csv,G14_POOLED@doptk1,G14_LOWRANK2@doptk1,-0.0041953902202051,0.0120707114589823,0.004407448282007,0.0123408551896198,-0.0009426192641144,37.0,False,0.02,False,,,,,,,,,,,,,,,,,,,,0.736516129032258,0.5708,0.7116074270557029
B,LOWRANK3_vs_POOLED@k1,0.0010305841049753,-0.0096242752506606,0.0084969711286961,0.9424,2.0,5,,-0.0051179601480219,0.0020941064872753,False,registered,L5,,,,mae_all,,84,,,,,,,L5/contrasts_cov.csv,G14_POOLED@doptk1,G14_LOWRANK3@doptk1,-0.0070998243834833,0.0114565496084384,0.0049139415726216,0.0137590364033406,-0.0055067080487033,39.0,False,0.02,False,,,,,,,,,,,,,,,,,,,,0.9543291139240506,0.9424,0.9666521264994546
B,HIER_vs_POOLED@k1,0.0017729524909751,-0.0075397307723593,0.0080725228143616,0.762,4.0,5,,-0.0028185594268632,0.0028947009474996,False,registered,L5,,,,mae_all,,84,,,,,,,L5/contrasts_cov.csv,G14_POOLED@doptk1,G14_HIER@doptk1,-0.0054252877640382,0.009851287622228,0.0041369459029597,0.0115834485282871,-0.0022858092148548,46.0,False,0.02,False,,,,,,,,,,,,,,,,,,,,0.8585915492957746,0.762,0.8503487544483985
B,LW_vs_POOLED@k2,-0.7579524264377433,-1.4935844927098352,-0.302716196434604,0.0,0.0,5,,-1.0498119666825985,-0.5788476380935217,False,registered,L5,,,,mae_all,,84,,,,,,,L5/contrasts_cov.csv,G14_POOLED@doptk2,G14_LW@doptk2,-1.4035931994540294,-0.2604107965143469,0.3115449812884468,0.872325947607651,-0.7551368542200904,25.0,True,0.02,False,,,,,,,,,,,,,,,,,,,,0.0,0.0,0.0
B,LOWRANK2_vs_POOLED@k2,0.0096816562713712,0.0008040772024186,0.0179961046345336,0.0328,5.0,5,,0.0074161090051481,0.0110788555007435,False,registered,L5,,,,mae_all,,84,,,,,,,L5/contrasts_cov.csv,G14_POOLED@doptk2,G14_LOWRANK2@doptk2,0.0017137598502894,0.0190991641069697,0.0043110896572318,0.0120710510402491,0.0094014202620294,48.0,True,0.02,True,,,,,,,,,,,,,,,,,,,,0.0874666666666666,0.0328,0.07429397590361447
B,LOWRANK3_vs_POOLED@k2,0.0078564403688628,-0.0020393379026049,0.014949747560917,0.1164,4.0,5,,0.0044148208958774,0.0092129931751133,False,registered,L5,,,,mae_all,,84,,,,,,,L5/contrasts_cov.csv,G14_POOLED@doptk2,G14_LOWRANK3@doptk2,-0.0005726623030273,0.0164266885052002,0.0044007571407966,0.0123221199942306,0.0062539205224222,44.0,True,0.02,False,,,,,,,,,,,,,,,,,,,,0.2217142857142857,0.1164,0.20187453874538744
B,HIER_vs_POOLED@k2,-0.0017253034210351,-0.0151189547084178,0.00658935578177,0.7032,2.0,5,,-0.0071194142829073,0.0004945905701846,False,registered,L5,,,,mae_all,,84,,,,,,,L5/contrasts_cov.csv,G14_POOLED@doptk2,G14_HIER@doptk2,-0.0127449805821417,0.0081433401914671,0.0056683894824775,0.0158714905509372,-0.0075359373333927,47.0,False,0.02,False,,,,,,,,,,,,,,,,,,,,0.8272941176470588,0.7032,0.812972972972973
B,LW_vs_POOLED@k3,-78.88439363680509,-179.16736999143595,-23.33463209308433,0.0,0.0,5,,-108.63039630010512,-52.45252289740319,False,registered,L5,,,,mae_all,,84,,,,,,,L5/contrasts_cov.csv,G14_POOLED@doptk3,G14_LW@doptk3,-184.37948276840973,-24.76876974872016,40.68352451924342,113.91386865388156,-104.29901524968048,16.0,True,0.02,False,,,,,,,,,,,,,,,,,,,,0.0,0.0,0.0
B,LOWRANK2_vs_POOLED@k3,-0.0036286560591324,-0.0127255637072875,0.0015046840479329,0.2026,2.0,5,,-0.0064172003179202,-0.0015434296734238,False,registered,L5,,,,mae_all,,84,,,,,,,L5/contrasts_cov.csv,G14_POOLED@doptk3,G14_LOWRANK2@doptk3,-0.0121575716261387,0.0017261028259037,0.0036526075405923,0.0102273011136586,-0.0090405891105569,37.0,True,0.02,False,,,,,,,,,,,,,,,,,,,,0.3523478260869565,0.2026,0.3222402707275804
B,LOWRANK3_vs_POOLED@k3,-0.0062245424170181,-0.0173701078753051,-0.0002965837756219,0.036,1.0,5,,-0.0086450616434376,-0.0028677398825267,False,registered,L5,,,,mae_all,,84,,,,,,,L5/contrasts_cov.csv,G14_POOLED@doptk3,G14_LOWRANK3@doptk3,-0.0205548373815488,-0.0008776040117517,0.0044883288683706,0.0125673208314377,-0.0109990005086063,30.0,True,0.02,False,,,,,,,,,,,,,,,,,,,,0.0929032258064516,0.036,0.07957600920751955
B,HIER_vs_POOLED@k3,-0.0092912384893391,-0.0235012280321113,-0.0007537007117957,0.03,0.0,5,,-0.0150685965649237,-0.0067108519278617,False,registered,L5,,,,mae_all,,84,,,,,,,L5/contrasts_cov.csv,G14_POOLED@doptk3,G14_HIER@doptk3,-0.0209493816728197,0.0008615874351123,0.0059588753393084,0.0166848509500637,-0.0181364889251117,39.0,True,0.02,False,,,,,,,,,,,,,,,,,,,,0.0827586206896551,0.03,0.06957843137254903
B,POOLED_vs_NAIVE@k1,0.0149063877324227,-0.0005047626757323,0.0299866464697873,0.0556,5.0,5,,0.0112372725086327,0.0170881943385335,False,exploratory,L5,,,,mae_all,,84,,,,,,,L5/contrasts_cov.csv,NAIVE_LINE_POOLED@doptk1,G14_POOLED@doptk1,0.0001862313642105,0.0306871061924878,0.0076351707837702,0.0213784781945568,0.0142836712972676,48.0,True,0.02,False,,,,,,,,,,,,,,,,,,,,0.0859793814432989,0.0556,0.11215450643776823
B,LW_vs_NAIVE@k1,0.0221883753750062,-0.0028576987694592,0.0443719229874009,0.079,5.0,5,,0.0154116366390631,0.0256542571292981,False,exploratory,L5,,,,mae_all,,84,,,,,,,L5/contrasts_cov.csv,NAIVE_LINE_LW@doptk1,G14_LW@doptk1,-0.0002110025638362,0.0476422120857205,0.0117469246416374,0.0328913889965848,0.0211896431235927,45.0,True,0.02,False,,,,,,,,,,,,,,,,,,,,0.1105555555555555,0.079,0.14763419483101392
B,LOWRANK2_vs_NAIVE@k1,0.0203958953608316,-6.327003888886572e-05,0.0373888629172224,0.0508,5.0,5,,0.0157616628793455,0.0237450050571632,False,exploratory,L5,,,,mae_all,,84,,,,,,,L5/contrasts_cov.csv,NAIVE_LINE_LOWRANK2@doptk1,G14_LOWRANK2@doptk1,0.0005469514991787,0.0380928862427375,0.0094802902767578,0.026544812774922,0.0206682359371026,47.0,True,0.02,False,,,,,,,,,,,,,,,,,,,,0.081063829787234,0.0508,0.10471929824561403
B,LOWRANK3_vs_NAIVE@k1,0.0190647942252838,-0.0013442474369266,0.0348872464831302,0.0692,5.0,5,,0.0142058750180403,0.0223697415581013,False,exploratory,L5,,,,mae_all,,84,,,,,,,L5/contrasts_cov.csv,NAIVE_LINE_LOWRANK3@doptk1,G14_LOWRANK3@doptk1,-0.0006746215503669,0.0355073537209223,0.0092636910858398,0.0259383350403515,0.0182721870691587,49.0,True,0.02,False,,,,,,,,,,,,,,,,,,,,0.1027722772277227,0.0692,0.1324806517311609
B,HIER_vs_NAIVE@k1,0.0297879217171923,0.0037994946732085,0.0598959221916111,0.0288,5.0,5,,0.0201895235554631,0.0325688447873834,True,exploratory,L5,,,,mae_all,,84,,,,,,,L5/contrasts_cov.csv,NAIVE_LINE_HIER@doptk1,G14_HIER@doptk1,0.0079344690930076,0.0690794741356968,0.0139982133312933,0.0391949973276213,0.0334423538969749,46.0,True,0.02,True,,,,,,,,,,,,,,,,,,,,0.0533333333333333,0.0288,0.06734328358208955
B,POOLED_vs_NAIVE@k2,0.0319407738513716,0.0153843912853157,0.0462430241522417,0.0006,5.0,5,,0.0290626550618516,0.0346775548040124,True,exploratory,L5,,,,mae_all,,84,,,,,,,L5/contrasts_cov.csv,NAIVE_LINE_POOLED@doptk2,G14_POOLED@doptk2,0.0148509705078596,0.0457934509125706,0.0077405620468734,0.0216735737312456,0.0335618313675905,60.0,True,0.02,True,,,,,,,,,,,,,,,,,,,,0.0014516129032258,0.0006,0.002292682926829268
B,LW_vs_NAIVE@k2,-0.7237071281597485,-1.4621175232326022,-0.2665336938070179,0.0,0.0,5,,-1.0173141096262257,-0.5447281368298844,False,exploratory,L5,,,,mae_all,,84,,,,,,,L5/contrasts_cov.csv,NAIVE_LINE_LW@doptk2,G14_LW@doptk2,-1.3757061879098793,-0.2239345597259759,0.3132590762223768,0.877125413422655,-0.7215242938782025,28.0,True,0.02,False,,,,,,,,,,,,,,,,,,,,0.0,0.0,0.0
B,LOWRANK2_vs_NAIVE@k2,0.0503953922749782,0.0315765278370931,0.0665999624489289,0.0,5.0,5,,0.0472082689933781,0.0536868219671377,True,exploratory,L5,,,,mae_all,,84,,,,,,,L5/contrasts_cov.csv,NAIVE_LINE_LOWRANK2@doptk2,G14_LOWRANK2@doptk2,0.0313366744322266,0.0663614644462368,0.0088206468677991,0.0246978112298376,0.0530672711065304,65.0,True,0.02,True,,,,,,,,,,,,,,,,,,,,0.0,0.0,0.0
B,LOWRANK3_vs_NAIVE@k2,0.0471684324227334,0.0261249142280031,0.0630198900909411,0.0,5.0,5,,0.0421052521463588,0.0509060362321152,True,exploratory,L5,,,,mae_all,,84,,,,,,,L5/contrasts_cov.csv,NAIVE_LINE_LOWRANK3@doptk2,G14_LOWRANK3@doptk2,0.02646298487167,0.0633567330334292,0.0093849912060936,0.0262779753770622,0.0485053263794432,64.0,True,0.02,True,,,,,,,,,,,,,,,,,,,,0.0,0.0,0.0
B,HIER_vs_NAIVE@k2,0.0338372848580788,0.0094251788084412,0.0498080429640454,0.0066,5.0,5,,0.0259589212515799,0.0373856267408637,True,exploratory,L5,,,,mae_all,,84,,,,,,,L5/contrasts_cov.csv,NAIVE_LINE_HIER@doptk2,G14_HIER@doptk2,0.0125754596166944,0.0516950923078087,0.0103017990238382,0.028845037266747,0.0252677834917742,61.0,True,0.02,True,,,,,,,,,,,,,,,,,,,,0.0133783783783783,0.0066,0.019148148148148147
B,POOLED_vs_NAIVE@k3,0.0605228229613724,0.0452073731969512,0.0767832158315195,0.0,5.0,5,,0.0572119529111641,0.0631637254717015,True,exploratory,L5,,,,mae_all,,84,,,,,,,L5/contrasts_cov.csv,NAIVE_LINE_POOLED@doptk3,G14_POOLED@doptk3,0.045171453997063,0.0767405546108767,0.0078720800535313,0.0220418241498877,0.0656835129500393,74.0,True,0.02,True,,,,,,,,,,,,,,,,,,,,0.0,0.0,0.0
B,LW_vs_NAIVE@k3,-78.81815786091504,-179.1080967762818,-23.25945426313073,0.0,0.0,5,,-108.56461451877216,-52.387293315915365,False,exploratory,L5,,,,mae_all,,84,,,,,,,L5/contrasts_cov.csv,NAIVE_LINE_LW@doptk3,G14_LW@doptk3,-184.29504607554904,-24.69653429454392,40.6842149005306,113.91580172148566,-104.2267217417241,25.0,True,0.02,False,,,,,,,,,,,,,,,,,,,,0.0,0.0,0.0
B,LOWRANK2_vs_NAIVE@k3,0.0575339445065678,0.0392984544654036,0.0716795815637614,0.0,5.0,5,,0.0530072495980454,0.060070305430145,True,exploratory,L5,,,,mae_all,,84,,,,,,,L5/contrasts_cov.csv,NAIVE_LINE_LOWRANK2@doptk3,G14_LOWRANK2@doptk3,0.0400319037000434,0.0723343252928367,0.0081831755679303,0.022912891590205,0.056130077961772,72.0,True,0.02,True,,,,,,,,,,,,,,,,,,,,0.0,0.0,0.0
B,LOWRANK3_vs_NAIVE@k3,0.0558349240893425,0.0380554320905308,0.0708265259503378,0.0,5.0,5,,0.0528036262228548,0.0586240819097974,True,exploratory,L5,,,,mae_all,,84,,,,,,,L5/contrasts_cov.csv,NAIVE_LINE_LOWRANK3@doptk3,G14_LOWRANK3@doptk3,0.0380245539268529,0.0708078738512159,0.0082514410061366,0.0231040348171825,0.0566897921892909,72.0,True,0.02,True,,,,,,,,,,,,,,,,,,,,0.0,0.0,0.0
B,HIER_vs_NAIVE@k3,0.0524162223738276,0.0332384394433089,0.0662402208260493,0.0,5.0,5,,0.0466861921828691,0.0550551808197549,True,exploratory,L5,,,,mae_all,,84,,,,,,,L5/contrasts_cov.csv,NAIVE_LINE_HIER@doptk3,G14_HIER@doptk3,0.034682783901726,0.0673466670649695,0.0084860847868078,0.023761037403062,0.0479914377735505,69.0,True,0.02,True,,,,,,,,,,,,,,,,,,,,0.0,0.0,0.0
B,POOLED_vs_FLAT@k0,0.0805136535849227,0.0015323103764582,0.1355166474512156,0.0434,5.0,5,,0.0378619041283074,0.0895366582917006,True,exploratory,L5,,,,mae_all,,84,,,,,,,L5/contrasts_cov.csv,FLAT_POOLED@doptk0,G14_POOLED@doptk0,0.0181069707559939,0.1536016838864206,0.0359971691705235,0.100792073677466,0.0535938710266452,56.0,True,0.02,True,,,,,,,,,,,,,,,,,,,,0.0723333333333333,0.0434,0.09292938496583143
B,POOLED_vs_FLAT@k1,0.0058229934712301,-0.0066435691998875,0.0145919017367917,0.3112,5.0,5,,0.0029299196226805,0.0076118528778175,False,exploratory,L5,,,,mae_all,,84,,,,,,,L5/contrasts_cov.csv,FLAT_POOLED@doptk1,G14_POOLED@doptk1,-0.0061262361985412,0.0148675852580115,0.0053507825876301,0.0149821912453644,0.0008731409665372,53.0,True,0.02,False,,,,,,,,,,,,,,,,,,,,0.359076923076923,0.3112,0.45779029733959303
B,POOLED_vs_FLAT@k2,0.003619281430953,-0.0078419477437957,0.0116856501405803,0.468,5.0,5,,0.0007536740756879,0.0056701705416475,False,exploratory,L5,,,,mae_all,,84,,,,,,,L5/contrasts_cov.csv,FLAT_POOLED@doptk2,G14_POOLED@doptk2,-0.0075400499057865,0.0117939230948246,0.0048950105662675,0.013706029585549,0.0014479160249005,50.0,True,0.02,False,,,,,,,,,,,,,,,,,,,,0.5050359712230216,0.468,0.6178651685393258
B,POOLED_vs_FLAT@k3,0.0065344841539739,-0.0008245854405457,0.0119335515115916,0.0744,5.0,5,,0.0050482837082479,0.0081123183117609,False,exploratory,L5,,,,mae_all,,84,,,,,,,L5/contrasts_cov.csv,FLAT_POOLED@doptk3,G14_POOLED@doptk3,-0.0012060363038994,0.0117615648489419,0.0032199727374439,0.0090159236648429,0.0050675124664521,56.0,True,0.02,False,,,,,,,,,,,,,,,,,,,,0.1073076923076923,0.0744,0.14015230460921843
B,LW_vs_POOLED_FLATprior@k3,-90.6368849184602,-216.6141872862195,-23.143252215935707,0.0,0.0,5,,-124.8164084804946,-56.173248095744015,False,exploratory,L5,,,,mae_all,,84,,,,,,,L5/contrasts_cov.csv,FLAT_POOLED@doptk3,FLAT_LW@doptk3,-231.09589553487103,-26.46097567143027,50.51425334679384,141.43990937102274,-126.6002159485057,15.0,True,0.02,False,,,,,,,,,,,,,,,,,,,,0.0,0.0,0.0
B,LOWRANK2_vs_POOLED_FLATprior@k3,-0.0005203568063077,-0.0099459567181078,0.0049486810370045,0.8736,3.0,5,,-0.0036578203269738,0.0016108628198432,False,exploratory,L5,,,,mae_all,,84,,,,,,,L5/contrasts_cov.csv,FLAT_POOLED@doptk3,FLAT_LOWRANK2@doptk3,-0.0088827618808648,0.0053829408855719,0.0038545631970241,0.0107927769516675,-0.0054770086242585,46.0,False,0.02,False,,,,,,,,,,,,,,,,,,,,0.8736000000000002,0.8736,0.9257993235625706
B,LOWRANK3_vs_POOLED_FLATprior@k3,-0.0035249057581712,-0.0148721840778181,0.0033270716467116,0.4004,2.0,5,,-0.0057363053706514,-2.719659146923445e-05,False,exploratory,L5,,,,mae_all,,84,,,,,,,L5/contrasts_cov.csv,FLAT_POOLED@doptk3,FLAT_LOWRANK3@doptk3,-0.0184670278245182,0.0024223808256879,0.0047315527350937,0.0132483476582625,-0.0069569136104092,33.0,True,0.02,False,,,,,,,,,,,,,,,,,,,,0.4482089552238805,0.4004,0.5518709677419354
B,HIER_vs_POOLED_FLATprior@k3,-0.006777788121691,-0.0221309226144688,0.0022579091706969,0.172,0.0,5,,-0.0132332387723191,-0.0038550054577354,False,exploratory,L5,,,,mae_all,,84,,,,,,,L5/contrasts_cov.csv,FLAT_POOLED@doptk3,FLAT_HIER@doptk3,-0.0192529557998327,0.0041277132138873,0.006387133606773,0.0178839740989645,-0.0152129992497965,38.0,True,0.02,False,,,,,,,,,,,,,,,,,,,,0.2047619047619047,0.172,0.2806944444444444
BR,LW_vs_POOLED@k1,0.0021136042459023,-0.008969540729836,0.010408478610148,0.756,3.0,5,,-0.0029596580121109,0.0036915342714416,False,registered,L5,,,,mae_all,,84,,,,,,,L5/contrasts_cov.csv,G14_POOLED@doptk1,G14_LW@doptk1,-0.007056129995568,0.012694444397143,0.0051414886966736,0.0143961683506861,0.0002947735452663,39.0,False,0.02,False,,,,,,,,,,,,,,,,,,,,0.8585915492957746,0.756,0.8462238095238095
BR,LOWRANK2_vs_POOLED@k1,0.0060180020060937,-0.0056070632429668,0.0151492648744353,0.329,4.0,5,,0.0018629066098528,0.007462517000317,False,registered,L5,,,,mae_all,,84,,,,,,,L5/contrasts_cov.csv,G14_POOLED@doptk1,G14_LOWRANK2@doptk1,-0.0034496045972179,0.0177301001417723,0.0053176964429128,0.014889550040156,0.0041838203973677,38.0,True,0.02,False,,,,,,,,,,,,,,,,,,,,0.5264,0.329,0.4785718701700155
BR,LOWRANK3_vs_POOLED@k1,0.0036384139360957,-0.0071529927580827,0.0115094280022667,0.5596,4.0,5,,-0.0013252943845877,0.0047809257689236,False,registered,L5,,,,mae_all,,84,,,,,,,L5/contrasts_cov.csv,G14_POOLED@doptk1,G14_LOWRANK3@doptk1,-0.005062646337825,0.0138687953690385,0.0049230034276852,0.0137844095975186,0.0003966371302882,37.0,False,0.02,False,,,,,,,,,,,,,,,,,,,,0.7339016393442623,0.5596,0.7065771812080538
BR,HIER_vs_POOLED@k1,0.0018712155441619,-0.0098268330136088,0.0092399565859236,0.7562,3.0,5,,-0.0028837506279263,0.0043495316493025,False,registered,L5,,,,mae_all,,84,,,,,,,L5/contrasts_cov.csv,G14_POOLED@doptk1,G14_HIER@doptk1,-0.007602780474733,0.0106886500720303,0.0049833190867695,0.0139532934429547,-0.0030425279415041,45.0,False,0.02,False,,,,,,,,,,,,,,,,,,,,0.8585915492957746,0.7562,0.8462238095238095
BR,LW_vs_POOLED@k2,-0.547790985726638,-1.200232175269035,-0.1994616723158105,0.0,0.0,5,,-0.7600776840760282,-0.3605849349745627,False,registered,L5,,,,mae_all,,84,,,,,,,L5/contrasts_cov.csv,G14_POOLED@doptk2,G14_LW@doptk2,-1.1817078742432503,-0.1958424775986229,0.2586022033648441,0.7240861694215633,-0.5716964396211224,27.0,True,0.02,False,,,,,,,,,,,,,,,,,,,,0.0,0.0,0.0
BR,LOWRANK2_vs_POOLED@k2,0.0117619674418012,0.0021469408522785,0.0217737927238721,0.0184,4.0,5,,0.0090288875438659,0.0130960141220109,False,registered,L5,,,,mae_all,,84,,,,,,,L5/contrasts_cov.csv,G14_POOLED@doptk2,G14_LOWRANK2@doptk2,0.0032885594466526,0.023422966890332,0.0048745725180428,0.01364880305052,0.012247621154909,47.0,True,0.02,True,,,,,,,,,,,,,,,,,,,,0.0700952380952381,0.0184,0.04551578947368421
BR,LOWRANK3_vs_POOLED@k2,0.009446500516841,-0.0005242040202343,0.0177764854426597,0.0626,3.0,5,,0.0071203238863811,0.0108843982593228,False,registered,L5,,,,mae_all,,84,,,,,,,L5/contrasts_cov.csv,G14_POOLED@doptk2,G14_LOWRANK3@doptk2,0.0003401197187939,0.0188666201131105,0.0046441248888575,0.0130035496888012,0.00969356223722,44.0,True,0.02,False,,,,,,,,,,,,,,,,,,,,0.1296410256410256,0.0626,0.12233679833679834
BR,HIER_vs_POOLED@k2,0.001143070764012,-0.0100938580559357,0.0086881172416152,0.8408,3.0,5,,-0.0028004909401437,0.0030968068106231,False,registered,L5,,,,mae_all,,84,,,,,,,L5/contrasts_cov.csv,G14_POOLED@doptk2,G14_HIER@doptk2,-0.0089157051159392,0.0095035480638433,0.0049075446964383,0.0137411251500273,-0.0022443637068394,52.0,False,0.02,False,,,,,,,,,,,,,,,,,,,,0.9045333333333334,0.8408,0.9036891428571429
BR,LW_vs_POOLED@k3,-33.88306557750754,-62.84619717519978,-17.087924863514374,0.0,0.0,5,,-46.660370380561744,-29.06093895716772,False,registered,L5,,,,mae_all,,84,,,,,,,L5/contrasts_cov.csv,G14_POOLED@doptk3,G14_LW@doptk3,-56.30388453994511,-12.92420273782128,12.013521319239354,33.63785969387019,-50.248427118333474,15.0,True,0.02,False,,,,,,,,,,,,,,,,,,,,0.0,0.0,0.0
BR,LOWRANK2_vs_POOLED@k3,-0.0048832724422917,-0.0123870127303557,0.000282307266488,0.0632,1.0,5,,-0.0059505863278579,-0.0032144233511344,False,registered,L5,,,,mae_all,,84,,,,,,,L5/contrasts_cov.csv,G14_POOLED@doptk3,G14_LOWRANK2@doptk3,-0.0131333748324812,-6.524616671605949e-05,0.003179857180201,0.008903600104563,-0.00979150211728,33.0,True,0.02,False,,,,,,,,,,,,,,,,,,,,0.1296410256410256,0.0632,0.12299792960662527
BR,LOWRANK3_vs_POOLED@k3,-0.005845404850207,-0.0156740933292119,5.9244523542828696e-05,0.0524,1.0,5,,-0.0072713444444762,-0.002882971400845,False,registered,L5,,,,mae_all,,84,,,,,,,L5/contrasts_cov.csv,G14_POOLED@doptk3,G14_LOWRANK3@doptk3,-0.0195209341108146,-0.0008585439622859,0.0040851322108633,0.0114383701904172,-0.0109383165100861,30.0,True,0.02,False,,,,,,,,,,,,,,,,,,,,0.1197714285714285,0.0524,0.10684598698481562
BR,HIER_vs_POOLED@k3,-0.0093989160657224,-0.0228189744177179,-0.0015131377202106,0.0126,0.0,5,,-0.0139683696757017,-0.0068311871686058,False,registered,L5,,,,mae_all,,84,,,,,,,L5/contrasts_cov.csv,G14_POOLED@doptk3,G14_HIER@doptk3,-0.0211297324986182,-0.0008212534108336,0.0055095766654983,0.0154268146633954,-0.0175061301142832,39.0,True,0.02,False,,,,,,,,,,,,,,,,,,,,0.0538947368421052,0.0126,0.03393696275071633
BR,POOLED_vs_NAIVE@k1,0.0174568571290999,0.0011653835035391,0.0355724116838075,0.036,5.0,5,,0.0135042564684024,0.0197788511389077,False,exploratory,L5,,,,mae_all,,84,,,,,,,L5/contrasts_cov.csv,NAIVE_LINE_POOLED@doptk1,G14_POOLED@doptk1,0.0019456521279176,0.0370446466906034,0.0085886080075847,0.0240481024212374,0.0197620505709412,49.0,True,0.02,True,,,,,,,,,,,,,,,,,,,,0.0627906976744186,0.036,0.07957600920751955
BR,LW_vs_NAIVE@k1,0.0278712499975301,-7.959325863958463e-05,0.0619813767493951,0.0504,5.0,5,,0.0162007812405042,0.0314493587458638,False,exploratory,L5,,,,mae_all,,84,,,,,,,L5/contrasts_cov.csv,NAIVE_LINE_LW@doptk1,G14_LW@doptk1,0.0052773701339886,0.075917342956894,0.0154647887545167,0.0433014085126469,0.0328714799220362,44.0,True,0.02,False,,,,,,,,,,,,,,,,,,,,0.081063829787234,0.0504,0.10412307692307692
BR,LOWRANK2_vs_NAIVE@k1,0.0197202402859637,-0.0010334112389798,0.0370137516402416,0.0656,5.0,5,,0.0150493956898584,0.0230550435300238,False,exploratory,L5,,,,mae_all,,84,,,,,,,L5/contrasts_cov.csv,NAIVE_LINE_LOWRANK2@doptk1,G14_LOWRANK2@doptk1,-0.0003987883949482,0.0378441699831673,0.0096498124759648,0.0270194749327015,0.0200107318389892,47.0,True,0.02,False,,,,,,,,,,,,,,,,,,,,0.0993939393939394,0.0656,0.12688065843621402
BR,LOWRANK3_vs_NAIVE@k1,0.0191089541086592,-0.0015925649703089,0.035297826650279,0.073,5.0,5,,0.0140407138456018,0.0223209827559062,False,exploratory,L5,,,,mae_all,,84,,,,,,,L5/contrasts_cov.csv,NAIVE_LINE_LOWRANK3@doptk1,G14_LOWRANK3@doptk1,-0.00088370047253,0.0359163228310375,0.0094302873597329,0.0264048046072522,0.0179689015903897,46.0,True,0.02,False,,,,,,,,,,,,,,,,,,,,0.1063106796116504,0.073,0.13779116465863453
BR,HIER_vs_NAIVE@k1,0.0279102885078636,0.003295176475422,0.0551195838908818,0.0302,5.0,5,,0.0196706843845285,0.0305838322748028,True,exploratory,L5,,,,mae_all,,84,,,,,,,L5/contrasts_cov.csv,NAIVE_LINE_HIER@doptk1,G14_HIER@doptk1,0.0065529098715129,0.0607049342938081,0.0128562309108064,0.0359974465502581,0.0300505423634615,45.0,True,0.02,True,,,,,,,,,,,,,,,,,,,,0.054,0.0302,0.06957843137254903
BR,POOLED_vs_NAIVE@k2,0.0283531844135869,0.0095973243910148,0.0430766491381226,0.005,5.0,5,,0.0248343877432679,0.031108305872067,True,exploratory,L5,,,,mae_all,,84,,,,,,,L5/contrasts_cov.csv,NAIVE_LINE_POOLED@doptk2,G14_POOLED@doptk2,0.0095041176601168,0.0429443312178302,0.0084591161600623,0.0236855252481747,0.0266801760203676,55.0,True,0.02,True,,,,,,,,,,,,,,,,,,,,0.0102739726027397,0.005,0.014968152866242038
BR,LW_vs_NAIVE@k2,-0.5120175054600803,-1.159387834460938,-0.1648310719499935,0.0,0.0,5,,-0.7255806445348609,-0.3257164043526805,False,exploratory,L5,,,,mae_all,,84,,,,,,,L5/contrasts_cov.csv,NAIVE_LINE_LW@doptk2,G14_LW@doptk2,-1.142808273246952,-0.1613898600335427,0.2575157060079299,0.7210439768222037,-0.5351664364303046,26.0,True,0.02,False,,,,,,,,,,,,,,,,,,,,0.0,0.0,0.0
BR,LOWRANK2_vs_NAIVE@k2,0.0507345088678645,0.0314784352588022,0.0677204150748174,0.0,5.0,5,,0.0474574935692668,0.0543226925212044,True,exploratory,L5,,,,mae_all,,84,,,,,,,L5/contrasts_cov.csv,NAIVE_LINE_LOWRANK2@doptk2,G14_LOWRANK2@doptk2,0.0310677722884604,0.0673794824411312,0.0091097513824297,0.0255073038708032,0.0543548488554389,66.0,True,0.02,True,,,,,,,,,,,,,,,,,,,,0.0,0.0,0.0
BR,LOWRANK3_vs_NAIVE@k2,0.04792032050922,0.0275807231778219,0.0644370881160133,0.0,5.0,5,,0.0436808960082006,0.051651028242045,True,exploratory,L5,,,,mae_all,,84,,,,,,,L5/contrasts_cov.csv,NAIVE_LINE_LOWRANK3@doptk2,G14_LOWRANK3@doptk2,0.0274427413200197,0.0643110365636429,0.0093263695904569,0.0261138348532794,0.0507072927923857,61.0,True,0.02,True,,,,,,,,,,,,,,,,,,,,0.0,0.0,0.0
BR,HIER_vs_NAIVE@k2,0.0360153522985183,0.0144227725050299,0.0509163017963261,0.0008,5.0,5,,0.0295409179927088,0.0387364912236671,True,exploratory,L5,,,,mae_all,,84,,,,,,,L5/contrasts_cov.csv,NAIVE_LINE_HIER@doptk2,G14_HIER@doptk2,0.0167965857636009,0.0524094625499402,0.0092936631481497,0.0260222568148192,0.0305275023281294,60.0,True,0.02,True,,,,,,,,,,,,,,,,,,,,0.0019047619047619,0.0008,0.002949019607843137
BR,POOLED_vs_NAIVE@k3,0.0607035438381795,0.0445273324795597,0.0783716268702613,0.0,5.0,5,,0.0569091202489377,0.0635076587012943,True,exploratory,L5,,,,mae_all,,84,,,,,,,L5/contrasts_cov.csv,NAIVE_LINE_POOLED@doptk3,G14_POOLED@doptk3,0.044384006690981,0.0781659672627139,0.0084074088875977,0.0235407448852737,0.0671757040419176,72.0,True,0.02,True,,,,,,,,,,,,,,,,,,,,0.0,0.0,0.0
BR,LW_vs_NAIVE@k3,-33.817378772342344,-62.77782920111307,-17.020677729387067,0.0,0.0,5,,-46.59489597781944,-28.996123369167776,False,exploratory,L5,,,,mae_all,,84,,,,,,,L5/contrasts_cov.csv,NAIVE_LINE_LW@doptk3,G14_LW@doptk3,-56.220445441069565,-12.849716913279474,12.012971369398905,33.63631983431693,-50.17591270601666,26.0,True,0.02,False,,,,,,,,,,,,,,,,,,,,0.0,0.0,0.0
BR,LOWRANK2_vs_NAIVE@k3,0.0558193370420155,0.0387054749546533,0.0701655401214456,0.0,5.0,5,,0.0526258790022923,0.0582880362051685,True,exploratory,L5,,,,mae_all,,84,,,,,,,L5/contrasts_cov.csv,NAIVE_LINE_LOWRANK2@doptk3,G14_LOWRANK2@doptk3,0.0387852269744298,0.0702536001567524,0.0078828815741868,0.022072068407723,0.0558783339887808,69.0,True,0.02,True,,,,,,,,,,,,,,,,,,,,0.0,0.0,0.0
BR,LOWRANK3_vs_NAIVE@k3,0.0558695353017592,0.039043690096293,0.0708554091966532,0.0,5.0,5,,0.0531036044044599,0.0586186963429353,True,exploratory,L5,,,,mae_all,,84,,,,,,,L5/contrasts_cov.csv,NAIVE_LINE_LOWRANK3@doptk3,G14_LOWRANK3@doptk3,0.0389724262193946,0.0707918099455704,0.0079831558893065,0.0223528364900584,0.0576999427839377,73.0,True,0.02,True,,,,,,,,,,,,,,,,,,,,0.0,0.0,0.0
BR,HIER_vs_NAIVE@k3,0.052178927639256,0.0334654658743106,0.0664444478219477,0.0,5.0,5,,0.0475042118976985,0.055091014208464,True,exploratory,L5,,,,mae_all,,84,,,,,,,L5/contrasts_cov.csv,NAIVE_LINE_HIER@doptk3,G14_HIER@doptk3,0.0339628709001305,0.0669306697653435,0.0083874376469615,0.0234848254114923,0.0497571066991369,69.0,True,0.02,True,,,,,,,,,,,,,,,,,,,,0.0,0.0,0.0
BR,POOLED_vs_FLAT@k0,0.0828972177415399,0.003371696269595,0.1385594482277171,0.0388,5.0,5,,0.039753364490721,0.0921117128617313,True,exploratory,L5,,,,mae_all,,84,,,,,,,L5/contrasts_cov.csv,FLAT_POOLED@doptk0,G14_POOLED@doptk0,0.0195162424750097,0.156822158985715,0.0364409421227401,0.1020346379436723,0.0567052524473638,55.0,True,0.02,True,,,,,,,,,,,,,,,,,,,,0.0661363636363636,0.0388,0.08462180974477959
BR,POOLED_vs_FLAT@k1,0.0049816059224716,-0.0076619238195865,0.0137709822227403,0.3812,5.0,5,,0.0020301125548615,0.0067054016556698,False,exploratory,L5,,,,mae_all,,84,,,,,,,L5/contrasts_cov.csv,FLAT_POOLED@doptk1,G14_POOLED@doptk1,-0.0072622603864256,0.0141469836936716,0.0054086710468329,0.0151442789311323,-0.0005285835223117,50.0,True,0.02,False,,,,,,,,,,,,,,,,,,,,0.4299248120300752,0.3812,0.5319228486646884
BR,POOLED_vs_FLAT@k2,0.0029127699918685,-0.0086567105666842,0.0111254500770658,0.5652,4.0,5,,8.89008309156595e-05,0.0049442896169596,False,exploratory,L5,,,,mae_all,,84,,,,,,,L5/contrasts_cov.csv,FLAT_POOLED@doptk2,G14_POOLED@doptk2,-0.0085619063974916,0.0112117644825556,0.0049924176038419,0.0139787692907574,0.0004480781967807,47.0,True,0.02,False,,,,,,,,,,,,,,,,,,,,0.5941258741258741,0.5652,0.7098880000000001
BR,POOLED_vs_FLAT@k3,0.0060895169545164,-0.0016830701214683,0.0118855733892626,0.1096,5.0,5,,0.0045759617671763,0.0077924074306995,False,exploratory,L5,,,,mae_all,,84,,,,,,,L5/contrasts_cov.csv,FLAT_POOLED@doptk3,G14_POOLED@doptk3,-0.0023453251933875,0.0115513098166707,0.0034252430233379,0.0095906804653461,0.0050013255504254,55.0,True,0.02,False,,,,,,,,,,,,,,,,,,,,0.137,0.1096,0.1907851851851852
BR,LW_vs_POOLED_FLATprior@k3,-41.23975280329676,-80.37757179003498,-19.44242525273976,0.0,0.0,5,,-56.79300719874638,-33.60860255722076,False,exploratory,L5,,,,mae_all,,84,,,,,,,L5/contrasts_cov.csv,FLAT_POOLED@doptk3,FLAT_LW@doptk3,-73.2283363436595,-15.738705019507965,15.91808753971109,44.57064511119105,-63.65661562004824,16.0,True,0.02,False,,,,,,,,,,,,,,,,,,,,0.0,0.0,0.0
BR,LOWRANK2_vs_POOLED_FLATprior@k3,-0.0020113100674195,-0.0096098232034316,0.0034962140538549,0.488,1.0,5,,-0.003223307601658,-0.0001956404365423,False,exploratory,L5,,,,mae_all,,84,,,,,,,L5/contrasts_cov.csv,FLAT_POOLED@doptk3,FLAT_LOWRANK2@doptk3,-0.0103300750125472,0.0031024671660614,0.0032691754470577,0.0091536912517615,-0.0053895827175167,35.0,True,0.02,False,,,,,,,,,,,,,,,,,,,,0.5228571428571429,0.488,0.6385201668984701
BR,LOWRANK3_vs_POOLED_FLATprior@k3,-0.0040398567442052,-0.0143126541379789,0.0028548849187897,0.2864,2.0,5,,-0.0052834006944105,-0.0008639263088985,False,exploratory,L5,,,,mae_all,,84,,,,,,,L5/contrasts_cov.csv,FLAT_POOLED@doptk3,FLAT_LOWRANK3@doptk3,-0.0180710546705605,0.0016986126672079,0.00435613405139,0.0121971753438921,-0.0071632800103832,38.0,True,0.02,False,,,,,,,,,,,,,,,,,,,,0.3330232558139535,0.2864,0.428006359300477
BR,HIER_vs_POOLED_FLATprior@k3,-0.0074223839296023,-0.0224753260779323,0.0012239095450973,0.104,0.0,5,,-0.0128998886161963,-0.0043423678196735,False,exploratory,L5,,,,mae_all,,84,,,,,,,L5/contrasts_cov.csv,FLAT_POOLED@doptk3,FLAT_HIER@doptk3,-0.0204158291126426,0.0022944841372605,0.0061695073837251,0.0172746206744304,-0.0151445636754556,39.0,True,0.02,False,,,,,,,,,,,,,,,,,,,,0.1333333333333333,0.104,0.1840158772785767
BQ,LW_vs_POOLED@k1,-0.0040295093367853,-0.0188114357890134,0.0055308704666885,0.4538,1.0,5,,-0.0103294099777864,-0.0016237471505612,False,registered,L5,,,,mae_all,,84,,,,,,,L5/contrasts_cov.csv,G14_POOLED@doptk1,G14_LW@doptk1,-0.0158417898296283,0.0078247580063329,0.0063762243247817,0.0178534281093888,-0.0101130972495728,40.0,True,0.02,False,,,,,,,,,,,,,,,,,,,,0.6369122807017544,0.4538,0.6076524216524216
BQ,LOWRANK2_vs_POOLED@k1,0.0033332951200374,-0.0080641236297168,0.0124937040563123,0.5896,4.0,5,,-0.0005315956772536,0.0045754399168237,False,registered,L5,,,,mae_all,,84,,,,,,,L5/contrasts_cov.csv,G14_POOLED@doptk1,G14_LOWRANK2@doptk1,-0.0058516492881757,0.0154439300127488,0.0052095723683671,0.0145868026314279,0.0011561582023601,36.0,False,0.02,False,,,,,,,,,,,,,,,,,,,,0.738909090909091,0.5896,0.7263748361730014
BQ,LOWRANK3_vs_POOLED@k1,0.0014080031718226,-0.0092411261809489,0.0090333742058405,0.848,3.0,5,,-0.0032733537574193,0.002415127127765,False,registered,L5,,,,mae_all,,84,,,,,,,L5/contrasts_cov.csv,G14_POOLED@doptk1,G14_LOWRANK3@doptk1,-0.007084005077772,0.0112869034992002,0.0047817894646925,0.013389010501139,-0.0023018505284642,38.0,False,0.02,False,,,,,,,,,,,,,,,,,,,,0.9045333333333334,0.848,0.9087380410022778
BQ,HIER_vs_POOLED@k1,0.0036652639282679,-0.0040074065660465,0.0091781432648396,0.3514,4.0,5,,0.0007559637961917,0.0049624184788662,False,registered,L5,,,,mae_all,,84,,,,,,,L5/contrasts_cov.csv,G14_POOLED@doptk1,G14_HIER@doptk1,-0.0028413044896103,0.0099838172990361,0.0033926378781016,0.0094993860586845,0.0028873905048382,44.0,True,0.02,False,,,,,,,,,,,,,,,,,,,,0.5319245283018867,0.3514,0.502
BQ,LW_vs_POOLED@k2,-0.4857297889872763,-0.9036118090139456,-0.2321432092285457,0.0,0.0,5,,-0.6752629651619271,-0.413602403705138,False,registered,L5,,,,mae_all,,84,,,,,,,L5/contrasts_cov.csv,G14_POOLED@doptk2,G14_LW@doptk2,-0.8047634434273806,-0.1708053106078755,0.1766415294276075,0.4945962823973012,-0.6917057822009927,26.0,True,0.02,False,,,,,,,,,,,,,,,,,,,,0.0,0.0,0.0
BQ,LOWRANK2_vs_POOLED@k2,0.0099621619790958,1.0610434622171594e-05,0.0179646248167558,0.0498,5.0,5,,0.0073178482681222,0.0111802737554658,False,registered,L5,,,,mae_all,,84,,,,,,,L5/contrasts_cov.csv,G14_POOLED@doptk2,G14_LOWRANK2@doptk2,0.0010543859813636,0.0190119705306254,0.004568266186517,0.0127911453222476,0.008187527297343,50.0,True,0.02,True,,,,,,,,,,,,,,,,,,,,0.1171764705882353,0.0498,0.10356637168141593
BQ,LOWRANK3_vs_POOLED@k2,0.0079477473328556,-0.0026017309096095,0.0154854401998303,0.1366,4.0,5,,0.0044079158425797,0.0092979160493458,False,registered,L5,,,,mae_all,,84,,,,,,,L5/contrasts_cov.csv,G14_POOLED@doptk2,G14_LOWRANK3@doptk2,-0.0009854850602937,0.0168605460145762,0.0046368875304826,0.0129832850853514,0.0057519807590814,43.0,True,0.02,False,,,,,,,,,,,,,,,,,,,,0.2541395348837209,0.1366,0.23011469534050177
BQ,HIER_vs_POOLED@k2,0.0001235072221073,-0.0147037031669644,0.0092682312407844,0.9854,2.0,5,,-0.0052659621991465,0.0029268317786938,False,registered,L5,,,,mae_all,,84,,,,,,,L5/contrasts_cov.csv,G14_POOLED@doptk2,G14_HIER@doptk2,-0.0124593100306145,0.0103821845979063,0.0061638982641681,0.0172589151396707,-0.006916674966568,49.0,False,0.02,False,,,,,,,,,,,,,,,,,,,,0.9854,0.9854,0.9946652360515021
BQ,LW_vs_POOLED@k3,-105.63111096527,-306.5002985681288,-21.437242352224853,0.0,0.0,5,,-145.4614489414082,-37.64724944854665,False,registered,L5,,,,mae_all,,84,,,,,,,L5/contrasts_cov.csv,G14_POOLED@doptk3,G14_LW@doptk3,-401.5485326226544,-26.30899589015276,78.19493248544403,218.9458109592433,-94.65269316774707,14.0,True,0.02,False,,,,,,,,,,,,,,,,,,,,0.0,0.0,0.0
BQ,LOWRANK2_vs_POOLED@k3,-0.0040947556749911,-0.01089474938058,0.0007593956960174,0.1018,2.0,5,,-0.0052692682602012,-0.0028534571031866,False,registered,L5,,,,mae_all,,84,,,,,,,L5/contrasts_cov.csv,G14_POOLED@doptk3,G14_LOWRANK2@doptk3,-0.0109367507169045,0.0007120540995872,0.0029461381374466,0.0082491867848506,-0.0080021934493983,33.0,True,0.02,False,,,,,,,,,,,,,,,,,,,,0.1986341463414634,0.1018,0.1812348484848485
BQ,LOWRANK3_vs_POOLED@k3,-0.006307552365897,-0.0161631624647236,-0.0007906353008987,0.021,1.0,5,,-0.0084350031403294,-0.0035647671274367,False,registered,L5,,,,mae_all,,84,,,,,,,L5/contrasts_cov.csv,G14_POOLED@doptk3,G14_LOWRANK3@doptk3,-0.0179936849845587,-0.001282455591012,0.0039848548544366,0.0111575935924227,-0.0115191963263731,29.0,True,0.02,False,,,,,,,,,,,,,,,,,,,,0.0730434782608695,0.021,0.051272727272727275
BQ,HIER_vs_POOLED@k3,-0.0097347214299444,-0.0216956582499221,-0.002444114178887,0.0048,1.0,5,,-0.0144114285333162,-0.0083086363721076,False,registered,L5,,,,mae_all,,84,,,,,,,L5/contrasts_cov.csv,G14_POOLED@doptk3,G14_HIER@doptk3,-0.0195402635611908,-0.0010047735242121,0.0049977392717687,0.0139936699609524,-0.0173464283561159,36.0,True,0.02,False,,,,,,,,,,,,,,,,,,,,0.0225882352941176,0.0048,0.01446153846153846
BQ,POOLED_vs_NAIVE@k1,0.0149693334304976,-0.0010012860501674,0.029487166306954,0.0626,5.0,5,,0.01163612465256,0.0170736482721205,False,exploratory,L5,,,,mae_all,,84,,,,,,,L5/contrasts_cov.csv,NAIVE_LINE_POOLED@doptk1,G14_POOLED@doptk1,-0.0006440527601464,0.0297628994428564,0.0076005343907906,0.0212814962942138,0.0134318855392824,49.0,True,0.02,False,,,,,,,,,,,,,,,,,,,,0.0958163265306122,0.0626,0.12233679833679834
BQ,LW_vs_NAIVE@k1,0.0231750373534382,-0.0076989768089756,0.0557968182581955,0.1348,5.0,5,,0.0117147119707776,0.026445054109085,False,exploratory,L5,,,,mae_all,,84,,,,,,,L5/contrasts_cov.csv,NAIVE_LINE_LW@doptk1,G14_LW@doptk1,-0.0015683318203518,0.0676779001634713,0.015725406093761,0.0440311370625309,0.0233426305546945,44.0,True,0.02,False,,,,,,,,,,,,,,,,,,,,0.164390243902439,0.1348,0.22789928057553957
BQ,LOWRANK2_vs_NAIVE@k1,0.0191957585065463,-0.0020634162664449,0.0364643559617394,0.0762,5.0,5,,0.014062723557418,0.0224328993336152,False,exploratory,L5,,,,mae_all,,84,,,,,,,L5/contrasts_cov.csv,NAIVE_LINE_LOWRANK2@doptk1,G14_LOWRANK2@doptk1,-0.0010454005004848,0.0376492285820119,0.0097682542072348,0.0273511117802576,0.0186474459689782,48.0,True,0.02,False,,,,,,,,,,,,,,,,,,,,0.1088571428571428,0.0762,0.14297005988023953
BQ,LOWRANK3_vs_NAIVE@k1,0.0184864008711038,-0.0023481301972694,0.0343695104786253,0.0844,5.0,5,,0.0130215952143622,0.0217095541220121,False,exploratory,L5,,,,mae_all,,84,,,,,,,L5/contrasts_cov.csv,NAIVE_LINE_LOWRANK3@doptk1,G14_LOWRANK3@doptk1,-0.0014927940085698,0.0353553296524137,0.009445319098192,0.0264468934749378,0.0168980812873676,46.0,True,0.02,False,,,,,,,,,,,,,,,,,,,,0.1128318584070796,0.0844,0.15435019455252919
BQ,HIER_vs_NAIVE@k1,0.0297726024828205,0.0034049525114834,0.0600104404429528,0.0304,5.0,5,,0.0200496219758954,0.0325696104907393,True,exploratory,L5,,,,mae_all,,84,,,,,,,L5/contrasts_cov.csv,NAIVE_LINE_HIER@doptk1,G14_HIER@doptk1,0.0076617942114242,0.0690682104824547,0.0141473376522136,0.0396125454261983,0.0329410844016404,48.0,True,0.02,True,,,,,,,,,,,,,,,,,,,,0.054,0.0304,0.0698679706601467
BQ,POOLED_vs_NAIVE@k2,0.0328074341744098,0.0163199119079262,0.0471845576527352,0.0004,5.0,5,,0.030307876729299,0.0355398715197523,True,exploratory,L5,,,,mae_all,,84,,,,,,,L5/contrasts_cov.csv,NAIVE_LINE_POOLED@doptk2,G14_POOLED@doptk2,0.0157208782540374,0.0467671212138233,0.0077427099000188,0.0216795877200526,0.0350531197412602,57.0,True,0.02,True,,,,,,,,,,,,,,,,,,,,0.001,0.0004,0.0015932203389830508
BQ,LW_vs_NAIVE@k2,-0.4508247828866127,-0.8674869209466552,-0.1967788915445497,0.0,0.0,5,,-0.6426972302642565,-0.3790278783798075,False,exploratory,L5,,,,mae_all,,84,,,,,,,L5/contrasts_cov.csv,NAIVE_LINE_LW@doptk2,G14_LW@doptk2,-0.7649701368799429,-0.1316541007599012,0.1765008416721361,0.494202356681981,-0.6574211151392784,27.0,True,0.02,False,,,,,,,,,,,,,,,,,,,,0.0,0.0,0.0
BQ,LOWRANK2_vs_NAIVE@k2,0.0505702307255796,0.0303356468725731,0.0675692879588975,0.0,5.0,5,,0.0463806621861234,0.0541105489068522,True,exploratory,L5,,,,mae_all,,84,,,,,,,L5/contrasts_cov.csv,NAIVE_LINE_LOWRANK2@doptk2,G14_LOWRANK2@doptk2,0.0304418001693222,0.0677444995079853,0.0094057741273787,0.0263361675566604,0.0533165899990653,66.0,True,0.02,True,,,,,,,,,,,,,,,,,,,,0.0,0.0,0.0
BQ,LOWRANK3_vs_NAIVE@k2,0.0480335096294111,0.0265654918475342,0.0642643574694805,0.0,5.0,5,,0.042854115884704,0.0517114697350387,True,exploratory,L5,,,,mae_all,,84,,,,,,,L5/contrasts_cov.csv,NAIVE_LINE_LOWRANK3@doptk2,G14_LOWRANK3@doptk2,0.0270260654967906,0.0646059351672378,0.0095888187057179,0.0268486923760102,0.0495348464715681,61.0,True,0.02,True,,,,,,,,,,,,,,,,,,,,0.0,0.0,0.0
BQ,HIER_vs_NAIVE@k2,0.036782819463506,0.013842453393616,0.0517607746476277,0.0016,5.0,5,,0.0293237701027507,0.039789821069234,True,exploratory,L5,,,,mae_all,,84,,,,,,,L5/contrasts_cov.csv,NAIVE_LINE_HIER@doptk2,G14_HIER@doptk2,0.0168179144051073,0.0534069415769202,0.0096560488875031,0.0270369368850088,0.0281642451233031,61.0,True,0.02,True,,,,,,,,,,,,,,,,,,,,0.0034285714285714,0.0016,0.005469090909090909
BQ,POOLED_vs_NAIVE@k3,0.0606300255106656,0.0456929939866766,0.0749976918385862,0.0,5.0,5,,0.0584612536077429,0.0632818772356929,True,exploratory,L5,,,,mae_all,,84,,,,,,,L5/contrasts_cov.csv,NAIVE_LINE_POOLED@doptk3,G14_POOLED@doptk3,0.045263044520837,0.0746016249112125,0.0073720500249073,0.0206417400697406,0.0648603310194638,73.0,True,0.02,True,,,,,,,,,,,,,,,,,,,,0.0,0.0,0.0
BQ,LW_vs_NAIVE@k3,-105.56396783694386,-306.45563952497673,-21.36894259809176,0.0,0.0,5,,-145.39533544734255,-37.57769462367778,False,exploratory,L5,,,,mae_all,,84,,,,,,,L5/contrasts_cov.csv,NAIVE_LINE_LW@doptk3,G14_LW@doptk3,-401.4919880885859,-26.23847777474344,78.19716733148842,218.9520685281676,-94.57942122413274,26.0,True,0.02,False,,,,,,,,,,,,,,,,,,,,0.0,0.0,0.0
BQ,LOWRANK2_vs_NAIVE@k3,0.0571981846894445,0.040178071600469,0.0716760010697213,0.0,5.0,5,,0.0539190274647935,0.0596440606057267,True,exploratory,L5,,,,mae_all,,84,,,,,,,L5/contrasts_cov.csv,NAIVE_LINE_LOWRANK2@doptk3,G14_LOWRANK2@doptk3,0.0401808746237719,0.0716821189241054,0.0079223265256551,0.0221825142718344,0.0576540223808695,69.0,True,0.02,True,,,,,,,,,,,,,,,,,,,,0.0,0.0,0.0
BQ,LOWRANK3_vs_NAIVE@k3,0.0571139572562176,0.0389156411667925,0.0719575979179617,0.0,5.0,5,,0.0534546219977878,0.0598914689911364,True,exploratory,L5,,,,mae_all,,84,,,,,,,L5/contrasts_cov.csv,NAIVE_LINE_LOWRANK3@doptk3,G14_LOWRANK3@doptk3,0.0392931084087315,0.0722565286461016,0.0082882845858795,0.0232071968404628,0.0573688375609412,73.0,True,0.02,True,,,,,,,,,,,,,,,,,,,,0.0,0.0,0.0
BQ,HIER_vs_NAIVE@k3,0.0549650376365236,0.0348637542332363,0.0712030335304734,0.0,5.0,5,,0.0503095345181015,0.0578132238942542,True,exploratory,L5,,,,mae_all,,84,,,,,,,L5/contrasts_cov.csv,NAIVE_LINE_HIER@doptk3,G14_HIER@doptk3,0.0360111823464875,0.0721115977580952,0.0091519341923478,0.0256254157385738,0.0533554174450206,69.0,True,0.02,True,,,,,,,,,,,,,,,,,,,,0.0,0.0,0.0
BQ,POOLED_vs_FLAT@k0,0.08232195455497,0.0042196976326396,0.1370807153688979,0.0374,5.0,5,,0.0396208403649241,0.0913709110426303,True,exploratory,L5,,,,mae_all,,84,,,,,,,L5/contrasts_cov.csv,FLAT_POOLED@doptk0,G14_POOLED@doptk0,0.0199641933482186,0.1554078414270818,0.035909904280459,0.1005477319852854,0.0558012527278859,56.0,True,0.02,True,,,,,,,,,,,,,,,,,,,,0.0644827586206896,0.0374,0.08194871794871796
BQ,POOLED_vs_FLAT@k1,0.0045096976239948,-0.0079481774999408,0.0132458098455117,0.4128,5.0,5,,0.0018366492461904,0.0061924670881447,False,exploratory,L5,,,,mae_all,,84,,,,,,,L5/contrasts_cov.csv,FLAT_POOLED@doptk1,G14_POOLED@doptk1,-0.0074987933515709,0.0134670645264043,0.0053178916708656,0.0148900966784237,-0.0010027803013595,50.0,True,0.02,False,,,,,,,,,,,,,,,,,,,,0.4586666666666666,0.4128,0.5659100145137881
BQ,POOLED_vs_FLAT@k2,0.0030268282912778,-0.008687312584718,0.011093894210254,0.56,4.0,5,,-2.52309217255508e-05,0.0050440689830061,False,exploratory,L5,,,,mae_all,,84,,,,,,,L5/contrasts_cov.csv,FLAT_POOLED@doptk2,G14_POOLED@doptk2,-0.0082224912605961,0.01136450006569,0.0050212206555802,0.0140594178356248,-0.0001713787785181,47.0,False,0.02,False,,,,,,,,,,,,,,,,,,,,0.5941258741258741,0.56,0.7065771812080538
BQ,POOLED_vs_FLAT@k3,0.0067155110724814,-0.0009987008425091,0.0120599058866983,0.0772,5.0,5,,0.0048571732935612,0.0083121146198815,False,exploratory,L5,,,,mae_all,,84,,,,,,,L5/contrasts_cov.csv,FLAT_POOLED@doptk3,G14_POOLED@doptk3,-0.0011019757499598,0.0120085700953849,0.0033041716574818,0.0092516806409491,0.0046222818874908,54.0,True,0.02,False,,,,,,,,,,,,,,,,,,,,0.1092452830188679,0.0772,0.14455776892430278
BQ,LW_vs_POOLED_FLATprior@k3,-101.86174306747948,-287.5557429081864,-22.774310314371828,0.0,0.0,5,,-140.27324518365228,-39.84946596575856,False,exploratory,L5,,,,mae_all,,84,,,,,,,L5/contrasts_cov.csv,FLAT_POOLED@doptk3,FLAT_LW@doptk3,-367.3076895742033,-27.817636491814067,71.98955280675791,201.5707478589221,-93.63255318244634,15.0,True,0.02,False,,,,,,,,,,,,,,,,,,,,0.0,0.0,0.0
BQ,LOWRANK2_vs_POOLED_FLATprior@k3,-0.0011135594141969,-0.007933496232965,0.0034207890912928,0.6732,2.0,5,,-0.0029117918293025,0.0001542336660561,False,exploratory,L5,,,,mae_all,,84,,,,,,,L5/contrasts_cov.csv,FLAT_POOLED@doptk3,FLAT_LOWRANK2@doptk3,-0.0075639118371603,0.0037119963555924,0.0029208564320167,0.0081783980096468,-0.0049264042663899,38.0,False,0.02,False,,,,,,,,,,,,,,,,,,,,0.6822972972972974,0.6732,0.79101
BQ,LOWRANK3_vs_POOLED_FLATprior@k3,-0.0037658387050472,-0.0136547845871969,0.0020568708440117,0.261,1.0,5,,-0.0058415878575117,-0.0009256840156753,False,exploratory,L5,,,,mae_all,,84,,,,,,,L5/contrasts_cov.csv,FLAT_POOLED@doptk3,FLAT_LOWRANK3@doptk3,-0.015906177166042,0.001467472752826,0.0040651978467571,0.01138255397092,-0.0079170185899296,39.0,True,0.02,False,,,,,,,,,,,,,,,,,,,,0.305859375,0.261,0.39507246376811594
BQ,HIER_vs_POOLED_FLATprior@k3,-0.0068387651906751,-0.019077568591231,0.0007650604527973,0.0838,1.0,5,,-0.0124015674208649,-0.0053813923334544,False,exploratory,L5,,,,mae_all,,84,,,,,,,L5/contrasts_cov.csv,FLAT_POOLED@doptk3,FLAT_HIER@doptk3,-0.0167564387050999,0.002753887797972,0.0052509848383748,0.0147027575474496,-0.0142322441824385,33.0,True,0.02,False,,,,,,,,,,,,,,,,,,,,0.1128318584070796,0.0838,0.15415264187866928
A,LW_vs_POOLED@k1,0.0018833168717732,-0.0081713965312715,0.0094031073553074,0.7894,3.0,5,,-0.0034650902788783,0.0032297573665305,False,registered,L5,,,,mae_all,,84,,,,,,,L5/contrasts_cov.csv,G14_POOLED@doptk1,G14_LW@doptk1,-0.0061523158194288,0.0115292109547856,0.0046901129576542,0.0131323162814317,-0.0005301241662369,39.0,False,0.02,False,,,,,,,,,,,,,,,,,,,,0.8771111111111112,0.7894,0.8648438228438228
A,LOWRANK2_vs_POOLED@k1,0.0044829861496533,-0.0059890180489507,0.0113851959742156,0.4298,4.0,5,,-0.0003305977249561,0.0057243444763174,False,registered,L5,,,,mae_all,,84,,,,,,,L5/contrasts_cov.csv,G14_POOLED@doptk1,G14_LOWRANK2@doptk1,-0.0037523855946605,0.0130595883662887,0.0045460571277917,0.0127289599578167,0.0007183963729608,39.0,False,0.02,False,,,,,,,,,,,,,,,,,,,,0.6251636363636364,0.4298,0.5838323699421966
A,LOWRANK3_vs_POOLED@k1,0.0032449617530937,-0.006433837909954,0.0102221450805944,0.6276,4.0,5,,-0.0023109220869835,0.0042778782073081,False,registered,L5,,,,mae_all,,84,,,,,,,L5/contrasts_cov.csv,G14_POOLED@doptk1,G14_LOWRANK3@doptk1,-0.0042645930655869,0.0125818769101295,0.0045128449381924,0.0126359658269388,-0.0015921525451158,37.0,False,0.02,False,,,,,,,,,,,,,,,,,,,,0.7493731343283583,0.6276,0.7544040920716113
A,HIER_vs_POOLED@k1,0.0035668208660202,-0.0050404108944555,0.0095108137272444,0.4422,5.0,5,,-0.0003059210549914,0.0045476885593153,False,registered,L5,,,,mae_all,,84,,,,,,,L5/contrasts_cov.csv,G14_POOLED@doptk1,G14_HIER@doptk1,-0.0032678716468759,0.0109254206550042,0.0037949039312441,0.0106257310074835,5.749617649013233e-05,46.0,False,0.02,False,,,,,,,,,,,,,,,,,,,,0.6317142857142857,0.4422,0.595512893982808
A,LW_vs_POOLED@k2,-2.6266945366063634,-6.7509207569673935,-0.5575265361063034,0.0,0.0,5,,-3.622174592623288,-1.62203243446394,False,registered,L5,,,,mae_all,,84,,,,,,,L5/contrasts_cov.csv,G14_POOLED@doptk2,G14_LW@doptk2,-7.600908932321369,-0.6719073719472352,1.6262539975323675,4.553511193090629,-4.651531608705893,24.0,True,0.02,False,,,,,,,,,,,,,,,,,,,,0.0,0.0,0.0
A,LOWRANK2_vs_POOLED@k2,0.0047704869093611,-0.0058039628802144,0.012944766010745,0.3362,3.0,5,,0.0023742043520043,0.0065042084463139,False,registered,L5,,,,mae_all,,84,,,,,,,L5/contrasts_cov.csv,G14_POOLED@doptk2,G14_LOWRANK2@doptk2,-0.0047439282320109,0.0138286079687475,0.0046777786826262,0.0130977803113534,0.0015936794826984,45.0,True,0.02,False,,,,,,,,,,,,,,,,,,,,0.5273725490196078,0.3362,0.48545007680491553
A,LOWRANK3_vs_POOLED@k2,0.0034286695169736,-0.0088862441358446,0.0119148998252154,0.558,3.0,5,,-0.0004103743912511,0.0050790663061073,False,registered,L5,,,,mae_all,,84,,,,,,,L5/contrasts_cov.csv,G14_POOLED@doptk2,G14_LOWRANK3@doptk2,-0.0072902181030927,0.0131012063337163,0.0053212439983102,0.0148994831952687,-0.0015539267607488,46.0,False,0.02,False,,,,,,,,,,,,,,,,,,,,0.7339016393442623,0.558,0.7065771812080538
A,HIER_vs_POOLED@k2,-0.0057958713624619,-0.0240464824717957,0.0047455320930165,0.3524,1.0,5,,-0.0117179500428003,-0.001718955966632,False,registered,L5,,,,mae_all,,84,,,,,,,L5/contrasts_cov.csv,G14_POOLED@doptk2,G14_HIER@doptk2,-0.0228222296735215,0.0052296705441977,0.0074375567957259,0.0208251590280325,-0.0132924137910639,42.0,True,0.02,False,,,,,,,,,,,,,,,,,,,,0.5319245283018867,0.3524,0.5026646433990895
A,LW_vs_POOLED@k3,-60.38503923343288,-140.2989853863092,-22.41521999681566,0.0,0.0,5,,-83.15550243248803,-36.24246566362785,False,registered,L5,,,,mae_all,,84,,,,,,,L5/contrasts_cov.csv,G14_POOLED@doptk3,G14_LW@doptk3,-150.01724306365293,-24.08672616475932,31.040021409614248,86.91205994691988,-72.1063455921307,14.0,True,0.02,False,,,,,,,,,,,,,,,,,,,,0.0,0.0,0.0
A,LOWRANK2_vs_POOLED@k3,-0.0047922425282462,-0.0125567760145948,0.000241845738849,0.063,1.0,5,,-0.0064347151018334,-0.0033260188066033,False,registered,L5,,,,mae_all,,84,,,,,,,L5/contrasts_cov.csv,G14_POOLED@doptk3,G14_LOWRANK2@doptk3,-0.0126436013379325,0.0001764705547481,0.0032768137619785,0.0091750785335399,-0.0103283121855364,33.0,True,0.02,False,,,,,,,,,,,,,,,,,,,,0.1296410256410256,0.063,0.12286307053941908
A,LOWRANK3_vs_POOLED@k3,-0.006522038940739,-0.0160977058059699,-0.0006691605246696,0.0272,0.0,5,,-0.008594984228841,-0.0042669113168823,False,registered,L5,,,,mae_all,,84,,,,,,,L5/contrasts_cov.csv,G14_POOLED@doptk3,G14_LOWRANK3@doptk3,-0.0164364528373709,-0.0008180177246409,0.0039154655603667,0.010963303569027,-0.0120595736373795,26.0,True,0.02,False,,,,,,,,,,,,,,,,,,,,0.0827586206896551,0.0272,0.06408020050125313
A,HIER_vs_POOLED@k3,-0.0074083095176411,-0.0186827621044245,-0.0009429166272735,0.0196,0.0,5,,-0.011176876434766,-0.0057707241225849,False,registered,L5,,,,mae_all,,84,,,,,,,L5/contrasts_cov.csv,G14_POOLED@doptk3,G14_HIER@doptk3,-0.0171558478478999,-0.0002606331995687,0.0045938762521494,0.0128628535060184,-0.015682378657673,39.0,True,0.02,False,,,,,,,,,,,,,,,,,,,,0.0712727272727272,0.0196,0.04810443864229765
A,POOLED_vs_NAIVE@k1,0.013469264697193,-0.0029091966288473,0.0281450215186304,0.1012,5.0,5,,0.0093390602384524,0.0160734069851265,False,exploratory,L5,,,,mae_all,,84,,,,,,,L5/contrasts_cov.csv,NAIVE_LINE_POOLED@doptk1,G14_POOLED@doptk1,-0.001910238046178,0.0294244504402335,0.0078785598596164,0.0220599676069261,0.0113213697810828,45.0,True,0.02,False,,,,,,,,,,,,,,,,,,,,0.1308620689655172,0.1012,0.18050853889943075
A,LW_vs_NAIVE@k1,0.0316513125913416,-0.0005045161001535,0.0744425854341716,0.054,5.0,5,,0.0166158860585941,0.0360010482192535,False,exploratory,L5,,,,mae_all,,84,,,,,,,L5/contrasts_cov.csv,NAIVE_LINE_LW@doptk1,G14_LW@doptk1,0.0070643908051194,0.1005441153616444,0.0188384823107825,0.0527477504701912,0.0403417341590029,44.0,True,0.02,False,,,,,,,,,,,,,,,,,,,,0.0843749999999999,0.054,0.1096328293736501
A,LOWRANK2_vs_NAIVE@k1,0.0189961152510464,-0.0027429052417053,0.0363395496796329,0.085,5.0,5,,0.0135121307743164,0.0228430459760052,False,exploratory,L5,,,,mae_all,,84,,,,,,,L5/contrasts_cov.csv,NAIVE_LINE_LOWRANK2@doptk1,G14_LOWRANK2@doptk1,-0.0013881617007925,0.0374433650797762,0.0098774498485405,0.0276568595759134,0.0187532978245924,45.0,True,0.02,False,,,,,,,,,,,,,,,,,,,,0.1128318584070796,0.085,0.15484496124031008
A,LOWRANK3_vs_NAIVE@k1,0.0190959418163822,-0.0030036545948074,0.0350489683807475,0.0896,5.0,5,,0.0125965987564152,0.0227198957240894,False,exploratory,L5,,,,mae_all,,84,,,,,,,L5/contrasts_cov.csv,NAIVE_LINE_LOWRANK3@doptk1,G14_LOWRANK3@doptk1,-0.0012298803236509,0.0366163126031393,0.0098173362064503,0.0274885413780609,0.0160788945839832,45.0,True,0.02,False,,,,,,,,,,,,,,,,,,,,0.1178947368421052,0.0896,0.16228131021194606
A,HIER_vs_NAIVE@k1,0.0279427881926964,0.0008871697564035,0.0598665934210036,0.045,5.0,5,,0.0176337996413252,0.0306453207613842,True,exploratory,L5,,,,mae_all,,84,,,,,,,L5/contrasts_cov.csv,NAIVE_LINE_HIER@doptk1,G14_HIER@doptk1,0.0057427494836492,0.0706948191107869,0.0147395632396099,0.0412707770709079,0.0314539280989527,43.0,True,0.02,True,,,,,,,,,,,,,,,,,,,,0.0741758241758241,0.045,0.09548532731376974
A,POOLED_vs_NAIVE@k2,0.0339325064338902,0.0165840984132766,0.0487693901354965,0.0002,5.0,5,,0.0309226323647398,0.037144126714683,True,exploratory,L5,,,,mae_all,,84,,,,,,,L5/contrasts_cov.csv,NAIVE_LINE_POOLED@doptk2,G14_POOLED@doptk2,0.0160265102998096,0.0483422831620288,0.0081573128406979,0.0228404759539541,0.0365255900230108,56.0,True,0.02,True,,,,,,,,,,,,,,,,,,,,0.0005357142857142,0.0002,0.000828193832599119
A,LW_vs_NAIVE@k2,-2.592615338141883,-6.718308648642152,-0.5230037912986523,0.0,0.0,5,,-3.591125412358019,-1.5878499433676636,False,exploratory,L5,,,,mae_all,,84,,,,,,,L5/contrasts_cov.csv,NAIVE_LINE_LW@doptk2,G14_LW@doptk2,-7.5754929586465245,-0.6382909294800031,1.6276773097003148,4.557496467160881,-4.623121160305878,25.0,True,0.02,False,,,,,,,,,,,,,,,,,,,,0.0,0.0,0.0
A,LOWRANK2_vs_NAIVE@k2,0.0435216166772602,0.0233427453811726,0.0588311556278989,0.0,5.0,5,,0.0383391051039996,0.0468509027609142,True,exploratory,L5,,,,mae_all,,84,,,,,,,L5/contrasts_cov.csv,NAIVE_LINE_LOWRANK2@doptk2,G14_LOWRANK2@doptk2,0.0241828284311556,0.0595922059834961,0.0090116691879043,0.0252326737261322,0.0425012341054079,66.0,True,0.02,True,,,,,,,,,,,,,,,,,,,,0.0,0.0,0.0
A,LOWRANK3_vs_NAIVE@k2,0.0410080436284256,0.0192870183597021,0.0568831895138824,0.0004,5.0,5,,0.03515185294732,0.0442318354293957,True,exploratory,L5,,,,mae_all,,84,,,,,,,L5/contrasts_cov.csv,NAIVE_LINE_LOWRANK3@doptk2,G14_LOWRANK3@doptk2,0.0205015680451962,0.0577057220558266,0.0095536577121265,0.0267502415939543,0.0380803025887161,62.0,True,0.02,True,,,,,,,,,,,,,,,,,,,,0.001,0.0004,0.0015932203389830508
A,HIER_vs_NAIVE@k2,0.0308320930589012,0.004696702018886,0.0480934690097602,0.0224,5.0,5,,0.0226329086449896,0.034366810735667,True,exploratory,L5,,,,mae_all,,84,,,,,,,L5/contrasts_cov.csv,NAIVE_LINE_HIER@doptk2,G14_HIER@doptk2,0.0084754472324876,0.050238757901089,0.0110292610552865,0.0308819309548022,0.0223847004521837,57.0,True,0.02,True,,,,,,,,,,,,,,,,,,,,0.0425316455696202,0.0224,0.053714285714285714
A,POOLED_vs_NAIVE@k3,0.0571072253292107,0.0405664372983587,0.0708795753543028,0.0,5.0,5,,0.0540550399373417,0.0599241580556546,True,exploratory,L5,,,,mae_all,,84,,,,,,,L5/contrasts_cov.csv,NAIVE_LINE_POOLED@doptk3,G14_POOLED@doptk3,0.0400172706860269,0.0704294929324046,0.0076613023897388,0.0214516466912686,0.0594863952677065,71.0,True,0.02,True,,,,,,,,,,,,,,,,,,,,0.0,0.0,0.0
A,LW_vs_NAIVE@k3,-60.31921906262546,-140.24193285785384,-22.343475889864184,0.0,0.0,5,,-83.09007844728356,-36.17700754221241,False,exploratory,L5,,,,mae_all,,84,,,,,,,L5/contrasts_cov.csv,NAIVE_LINE_LW@doptk3,G14_LW@doptk3,-149.9456451806513,-24.028745846051592,31.039225064079776,86.90983017942337,-72.03506800468298,25.0,True,0.02,False,,,,,,,,,,,,,,,,,,,,0.0,0.0,0.0
A,LOWRANK2_vs_NAIVE@k3,0.0544146381911057,0.0362524559154615,0.0685986802555878,0.0,5.0,5,,0.0499484202984802,0.0567916206839639,True,exploratory,L5,,,,mae_all,,84,,,,,,,L5/contrasts_cov.csv,NAIVE_LINE_LOWRANK2@doptk3,G14_LOWRANK2@doptk3,0.0369443705351816,0.0692292630548457,0.008232618548319,0.0230513319352932,0.0527881649650429,70.0,True,0.02,True,,,,,,,,,,,,,,,,,,,,0.0,0.0,0.0
A,LOWRANK3_vs_NAIVE@k3,0.053590997710429,0.035124337824907,0.0685430323651649,0.0,5.0,5,,0.0498027944964494,0.0562917583410687,True,exploratory,L5,,,,mae_all,,84,,,,,,,L5/contrasts_cov.csv,NAIVE_LINE_LOWRANK3@doptk3,G14_LOWRANK3@doptk3,0.0353921534697438,0.0687699800501453,0.0083951421124486,0.0235063979148561,0.0528834379190252,71.0,True,0.02,True,,,,,,,,,,,,,,,,,,,,0.0,0.0,0.0
A,HIER_vs_NAIVE@k3,0.0528459818712169,0.0341191949619122,0.0670925417118201,0.0,5.0,5,,0.0481192957592062,0.0554493857742765,True,exploratory,L5,,,,mae_all,,84,,,,,,,L5/contrasts_cov.csv,NAIVE_LINE_HIER@doptk3,G14_HIER@doptk3,0.0349456793374819,0.067590695574307,0.008378461545035,0.0234596923260981,0.0489596292043584,69.0,True,0.02,True,,,,,,,,,,,,,,,,,,,,0.0,0.0,0.0
A,POOLED_vs_FLAT@k0,0.08301734709713,0.0021208439347332,0.1405525097467434,0.0422,5.0,5,,0.0386382995137796,0.0924700669618103,True,exploratory,L5,,,,mae_all,,84,,,,,,,L5/contrasts_cov.csv,FLAT_POOLED@doptk0,G14_POOLED@doptk0,0.0181794407983801,0.1587356826024722,0.0373726166097774,0.1046433265073769,0.0588236000966052,58.0,True,0.02,True,,,,,,,,,,,,,,,,,,,,0.0711235955056179,0.0422,0.09098165137614679
A,POOLED_vs_FLAT@k1,0.0050257236139827,-0.0085322292177971,0.013846345981488,0.442,5.0,5,,0.0003614049300559,0.0066843598354003,False,exploratory,L5,,,,mae_all,,84,,,,,,,L5/contrasts_cov.csv,FLAT_POOLED@doptk1,G14_POOLED@doptk1,-0.0067211678728305,0.0150604524085175,0.0057770630732482,0.0161757766050951,-0.0016682933358432,49.0,True,0.02,False,,,,,,,,,,,,,,,,,,,,0.4875,0.442,0.595512893982808
A,POOLED_vs_FLAT@k2,0.0023265546977479,-0.0090734474656264,0.0101325690288703,0.6648,4.0,5,,-0.0013357936492619,0.0039667492219523,False,exploratory,L5,,,,mae_all,,84,,,,,,,L5/contrasts_cov.csv,FLAT_POOLED@doptk2,G14_POOLED@doptk2,-0.0080083674356546,0.0108521989587791,0.0049431084300877,0.0138407036042458,-0.0010246683969106,48.0,False,0.02,False,,,,,,,,,,,,,,,,,,,,0.6783673469387755,0.6648,0.7830977443609022
A,POOLED_vs_FLAT@k3,0.0055602409079453,-0.0015734509235599,0.0108727308616274,0.1134,5.0,5,,0.003917339272514,0.0069728375003074,False,exploratory,L5,,,,mae_all,,84,,,,,,,L5/contrasts_cov.csv,FLAT_POOLED@doptk3,G14_POOLED@doptk3,-0.0017462674175923,0.0107351536647458,0.0031516127228973,0.0088245156241126,0.0049288669169094,55.0,True,0.02,False,,,,,,,,,,,,,,,,,,,,0.1405785123966942,0.1134,0.1970351201478743
A,LW_vs_POOLED_FLATprior@k3,-59.66139163949182,-120.7320162611062,-25.332457781319803,0.0,0.0,5,,-82.1611160239656,-43.80949134040888,False,exploratory,L5,,,,mae_all,,84,,,,,,,L5/contrasts_cov.csv,FLAT_POOLED@doptk3,FLAT_LW@doptk3,-113.30038521405396,-22.652161417589014,25.106147224807973,70.29721222946232,-76.94991313843742,17.0,True,0.02,False,,,,,,,,,,,,,,,,,,,,0.0,0.0,0.0
A,LOWRANK2_vs_POOLED_FLATprior@k3,-0.0021865825921948,-0.0098275639782739,0.0032740281011037,0.4598,2.0,5,,-0.0040292572060767,-0.0009697085904824,False,exploratory,L5,,,,mae_all,,84,,,,,,,L5/contrasts_cov.csv,FLAT_POOLED@doptk3,FLAT_LOWRANK2@doptk3,-0.0092268245222472,0.0035830524566496,0.0033291270074517,0.0093215556208648,-0.0061200574125161,36.0,True,0.02,False,,,,,,,,,,,,,,,,,,,,0.5034306569343066,0.4598,0.6121983002832861
A,LOWRANK3_vs_POOLED_FLATprior@k3,-0.0043723685865378,-0.0131377287933546,0.0016488580876006,0.1634,1.0,5,,-0.006150010251553,-0.0021612590012214,False,exploratory,L5,,,,mae_all,,84,,,,,,,L5/contrasts_cov.csv,FLAT_POOLED@doptk3,FLAT_LOWRANK3@doptk3,-0.0137679667143257,0.0014034045051714,0.0037751259294838,0.0105703526025546,-0.007541373894087,35.0,True,0.02,False,,,,,,,,,,,,,,,,,,,,0.1960799999999999,0.1634,0.26899474605954465
A,HIER_vs_POOLED_FLATprior@k3,-0.0061030154787289,-0.0185394739533265,0.0010454279071334,0.1066,1.0,5,,-0.0105109425775372,-0.0042368379978258,False,exploratory,L5,,,,mae_all,,84,,,,,,,L5/contrasts_cov.csv,FLAT_POOLED@doptk3,FLAT_HIER@doptk3,-0.0165434464142607,0.0019830396514957,0.0050741484733,0.0142076157252401,-0.0139197118393855,42.0,True,0.02,False,,,,,,,,,,,,,,,,,,,,0.1355084745762712,0.1066,0.1865996275605214
BP,LW_vs_POOLED@k1,0.0012374053963905,-0.0146200178478234,0.0114364783019868,0.9248,4.0,5,,-0.0060353156442433,0.0042283713855495,False,registered,L5,,,,mae_all,,84,,,,,,,L5/contrasts_cov.csv,G14_POOLED@doptk1,G14_LW@doptk1,-0.0110192747073077,0.0140371487613452,0.006808656997083,0.0190642395918325,-0.0040326972975857,41.0,False,0.02,False,,,,,,,,,,,,,,,,,,,,0.9485128205128204,0.9248,0.9573920704845815
BP,LOWRANK2_vs_POOLED@k1,0.0074274090683069,-0.0025557468539654,0.0149309712432146,0.1922,5.0,5,,0.0019458891506895,0.008602747185638,False,registered,L5,,,,mae_all,,84,,,,,,,L5/contrasts_cov.csv,G14_POOLED@doptk1,G14_LOWRANK2@doptk1,-0.0005240088685078,0.0172488373443184,0.0046926421813348,0.0131393981077374,0.0043118858005582,42.0,True,0.02,False,,,,,,,,,,,,,,,,,,,,0.3416888888888889,0.1922,0.30725850340136057
BP,LOWRANK3_vs_POOLED@k1,0.0044624954982878,-0.0074077531009095,0.0132511934343823,0.6096,5.0,5,,-0.0026309592668769,0.0055090649917867,False,registered,L5,,,,mae_all,,84,,,,,,,L5/contrasts_cov.csv,G14_POOLED@doptk1,G14_LOWRANK3@doptk1,-0.0047112996726731,0.0163799392551047,0.005625006121461,0.0157500171400909,-0.0019279428972624,36.0,False,0.02,False,,,,,,,,,,,,,,,,,,,,0.738909090909091,0.6096,0.7393858064516129
BP,HIER_vs_POOLED@k1,0.0016884888466872,-0.0145955616180484,0.0113887132596775,0.8172,3.0,5,,-0.0039371519823394,0.0056560745373405,False,registered,L5,,,,mae_all,,84,,,,,,,L5/contrasts_cov.csv,G14_POOLED@doptk1,G14_HIER@doptk1,-0.0128626833420105,0.012224004271207,0.0067341516498085,0.0188556246194639,-0.0043028588955276,49.0,False,0.02,False,,,,,,,,,,,,,,,,,,,,0.8955616438356165,0.8172,0.8866574394463668
BP,LW_vs_POOLED@k2,-0.4501049405908575,-0.8444007464518187,-0.2064761369150959,0.0,0.0,5,,-0.6263017417212438,-0.3777951355642135,False,registered,L5,,,,mae_all,,84,,,,,,,L5/contrasts_cov.csv,G14_POOLED@doptk2,G14_LW@doptk2,-0.7665833227697463,-0.1627352287994199,0.1672821834022497,0.4683901135262993,-0.5788412056609672,25.0,True,0.02,False,,,,,,,,,,,,,,,,,,,,0.0,0.0,0.0
BP,LOWRANK2_vs_POOLED@k2,0.0150880110598515,0.0066986045007415,0.0232273857278435,0.002,5.0,5,,0.0136632881710281,0.0166183094582427,False,registered,L5,,,,mae_all,,84,,,,,,,L5/contrasts_cov.csv,G14_POOLED@doptk2,G14_LOWRANK2@doptk2,0.0070108271124084,0.0235814330368297,0.0041214388087132,0.011540028664397,0.0137426685533113,55.0,True,0.02,True,,,,,,,,,,,,,,,,,,,,0.01,0.002,0.006573426573426574
BP,LOWRANK3_vs_POOLED@k2,0.0120002596706245,0.0018426434293285,0.0198450214146707,0.023,5.0,5,,0.009441646567455,0.0134836689656227,False,registered,L5,,,,mae_all,,84,,,,,,,L5/contrasts_cov.csv,G14_POOLED@doptk2,G14_LOWRANK3@doptk2,0.0027624972040396,0.0207069830701929,0.0046009958717057,0.0128827884407761,0.0097798063359083,53.0,True,0.02,True,,,,,,,,,,,,,,,,,,,,0.0736,0.023,0.05487309644670051
BP,HIER_vs_POOLED@k2,0.0030819947677734,-0.0121735151368984,0.0118853910037225,0.605,3.0,5,,-0.0007593323550712,0.0071319319400641,False,registered,L5,,,,mae_all,,84,,,,,,,L5/contrasts_cov.csv,G14_POOLED@doptk2,G14_HIER@doptk2,-0.0136010685716694,0.0114787934192871,0.0062418337442858,0.0174771344840004,-0.0033617998386464,53.0,False,0.02,False,,,,,,,,,,,,,,,,,,,,0.738909090909091,0.605,0.7385714285714284
BP,LW_vs_POOLED@k3,-34.01644920447419,-71.36473979675957,-14.197141035853136,0.0,0.0,5,,-46.84532472401837,-26.13248057066377,False,registered,L5,,,,mae_all,,84,,,,,,,L5/contrasts_cov.csv,G14_POOLED@doptk3,G14_LW@doptk3,-66.50538513701493,-13.074511543410091,14.81543235638572,41.48321059788002,-55.81518336350004,16.0,True,0.02,False,,,,,,,,,,,,,,,,,,,,0.0,0.0,0.0
BP,LOWRANK2_vs_POOLED@k3,0.0002819002625874,-0.0060320535199312,0.0052242898010699,0.9158,4.0,5,,-0.0005522129898866,0.0014331833268081,False,registered,L5,,,,mae_all,,84,,,,,,,L5/contrasts_cov.csv,G14_POOLED@doptk3,G14_LOWRANK2@doptk3,-0.0060685620671582,0.0051939999652239,0.0028016576381678,0.0078446413868698,-0.0034324585337719,36.0,False,0.02,False,,,,,,,,,,,,,,,,,,,,0.9485128205128204,0.9158,0.9557878453038675
BP,LOWRANK3_vs_POOLED@k3,-0.0019873981339597,-0.012528939920471,0.0038685365487186,0.607,1.0,5,,-0.0047180006971987,0.0007181255130559,False,registered,L5,,,,mae_all,,84,,,,,,,L5/contrasts_cov.csv,G14_POOLED@doptk3,G14_LOWRANK3@doptk3,-0.0129744797049585,0.003681208836111,0.0042214799084988,0.0118201437437968,-0.0069586111020253,39.0,False,0.02,False,,,,,,,,,,,,,,,,,,,,0.738909090909091,0.607,0.7386235446313066
BP,HIER_vs_POOLED@k3,-0.0053009925729037,-0.0208954609785246,0.0035566999082515,0.3192,1.0,5,,-0.0083586587755598,-0.0010932594844281,False,registered,L5,,,,mae_all,,84,,,,,,,L5/contrasts_cov.csv,G14_POOLED@doptk3,G14_HIER@doptk3,-0.0238380886351162,0.0028354432601099,0.0062676976316314,0.017549553368568,-0.0136057573745317,39.0,True,0.02,False,,,,,,,,,,,,,,,,,,,,0.5211428571428571,0.3192,0.46663763608087094
BP,POOLED_vs_NAIVE@k1,0.0068916444734655,-0.0082174847157526,0.0218469827592364,0.3406,4.0,5,,0.0032728035312517,0.0093053453814301,False,exploratory,L5,,,,mae_all,,84,,,,,,,L5/contrasts_cov.csv,NAIVE_LINE_POOLED@doptk1,G14_POOLED@doptk1,-0.0076933326158917,0.0222954497700445,0.0074830207916479,0.0209524582166143,0.0058472239931034,44.0,True,0.02,False,,,,,,,,,,,,,,,,,,,,0.39,0.3406,0.4902970903522205
BP,LW_vs_NAIVE@k1,0.0172558790454173,-0.0047702883525812,0.034372145066235,0.119,5.0,5,,0.0124336341627777,0.0207343327708773,False,exploratory,L5,,,,mae_all,,84,,,,,,,L5/contrasts_cov.csv,NAIVE_LINE_LW@doptk1,G14_LW@doptk1,-0.0039398050759849,0.0350199853280701,0.0099202908961267,0.0277768145091549,0.0135407566990536,48.0,True,0.02,False,,,,,,,,,,,,,,,,,,,,0.146311475409836,0.119,0.20524770642201834
BP,LOWRANK2_vs_NAIVE@k1,0.0170543840931892,-0.003836665514769,0.0337169582404099,0.1084,5.0,5,,0.012454968013136,0.020716622899242,False,exploratory,L5,,,,mae_all,,84,,,,,,,L5/contrasts_cov.csv,NAIVE_LINE_LOWRANK2@doptk1,G14_LOWRANK2@doptk1,-0.0033756504399978,0.0342794336258111,0.0095591050684605,0.0267654941916894,0.0159179865432592,45.0,True,0.02,False,,,,,,,,,,,,,,,,,,,,0.1366386554621848,0.1084,0.18904638218923933
BP,LOWRANK3_vs_NAIVE@k1,0.0157987471111685,-0.0054827763580259,0.0312749129744274,0.1414,5.0,5,,0.0097870994283843,0.0194503039626976,False,exploratory,L5,,,,mae_all,,84,,,,,,,L5/contrasts_cov.csv,NAIVE_LINE_LOWRANK3@doptk1,G14_LOWRANK3@doptk1,-0.0043233240880354,0.0321944085208767,0.0095012045193598,0.0266033726542076,0.0135685619902348,45.0,True,0.02,False,,,,,,,,,,,,,,,,,,,,0.1710483870967742,0.1414,0.2365053380782918
BP,HIER_vs_NAIVE@k1,0.019550256444839,-0.0027117966498733,0.0405785341720443,0.0804,5.0,5,,0.0146299080514941,0.0221827777688628,False,exploratory,L5,,,,mae_all,,84,,,,,,,L5/contrasts_cov.csv,NAIVE_LINE_HIER@doptk1,G14_HIER@doptk1,-0.0014428007415045,0.0419840060214845,0.0106983132670755,0.0299552771478113,0.0174505975282989,45.0,True,0.02,False,,,,,,,,,,,,,,,,,,,,0.1106422018348623,0.0804,0.14965544554455446
BP,POOLED_vs_NAIVE@k2,0.0229563555888542,0.0024775062781023,0.0381481459110246,0.0302,5.0,5,,0.0184210617614495,0.0259016913310925,True,exploratory,L5,,,,mae_all,,84,,,,,,,L5/contrasts_cov.csv,NAIVE_LINE_POOLED@doptk2,G14_POOLED@doptk2,0.0024360866241424,0.0381331791957811,0.0090634267326586,0.0253775948514441,0.0211457574574572,52.0,True,0.02,True,,,,,,,,,,,,,,,,,,,,0.054,0.0302,0.06957843137254903
BP,LW_vs_NAIVE@k2,-0.4157405949396769,-0.807066199265748,-0.1718403813747668,0.0,0.0,5,,-0.5928924610142196,-0.3408535896742361,False,exploratory,L5,,,,mae_all,,84,,,,,,,L5/contrasts_cov.csv,NAIVE_LINE_LW@doptk2,G14_LW@doptk2,-0.729129682708464,-0.1264501961685395,0.1670088886936583,0.4676248883422434,-0.5419283562917009,25.0,True,0.02,False,,,,,,,,,,,,,,,,,,,,0.0,0.0,0.0
BP,LOWRANK2_vs_NAIVE@k2,0.0447022564318861,0.0240668421577191,0.0603485210320951,0.0002,5.0,5,,0.0395468594981371,0.0477525406687941,True,exploratory,L5,,,,mae_all,,84,,,,,,,L5/contrasts_cov.csv,NAIVE_LINE_LOWRANK2@doptk2,G14_LOWRANK2@doptk2,0.0250155856387371,0.0608718740901874,0.0091700707010655,0.0256761979629836,0.042000646041215,62.0,True,0.02,True,,,,,,,,,,,,,,,,,,,,0.0005357142857142,0.0002,0.000828193832599119
BP,LOWRANK3_vs_NAIVE@k2,0.0415021830783953,0.0181368852377139,0.0578955352158247,0.001,5.0,5,,0.0345406971216702,0.0452077347422959,True,exploratory,L5,,,,mae_all,,84,,,,,,,L5/contrasts_cov.csv,NAIVE_LINE_LOWRANK3@doptk2,G14_LOWRANK3@doptk2,0.020143759139972,0.0593226511742754,0.0101091553983927,0.0283056351154997,0.0385924832737402,60.0,True,0.02,True,,,,,,,,,,,,,,,,,,,,0.0023076923076923,0.001,0.003560606060606061
BP,HIER_vs_NAIVE@k2,0.0266438413119082,-0.0060453179802649,0.0473578505772241,0.097,5.0,5,,0.0178059965696333,0.0338793800686874,False,exploratory,L5,,,,mae_all,,84,,,,,,,L5/contrasts_cov.csv,NAIVE_LINE_HIER@doptk2,G14_HIER@doptk2,-0.0047315625309879,0.0478413239325573,0.0135350503538738,0.0378981409908467,0.0155030667759909,54.0,True,0.02,False,,,,,,,,,,,,,,,,,,,,0.1265217391304348,0.097,0.17467432950191572
BP,POOLED_vs_NAIVE@k3,0.0582714097330692,0.0415007600299421,0.0745177705777363,0.0,5.0,5,,0.0544823831156152,0.0610495563846656,True,exploratory,L5,,,,mae_all,,84,,,,,,,L5/contrasts_cov.csv,NAIVE_LINE_POOLED@doptk3,G14_POOLED@doptk3,0.0413883166411734,0.0744234059579699,0.0082051438702941,0.0229744028368237,0.0630944956246394,72.0,True,0.02,True,,,,,,,,,,,,,,,,,,,,0.0,0.0,0.0
BP,LW_vs_NAIVE@k3,-33.953068457860645,-71.31725391145274,-14.136693572401215,0.0,0.0,5,,-46.78310120702086,-26.07098423668485,False,exploratory,L5,,,,mae_all,,84,,,,,,,L5/contrasts_cov.csv,NAIVE_LINE_LW@doptk3,G14_LW@doptk3,-66.45237778223313,-13.011713915933308,14.814322837643916,41.48010394540296,-55.74695980408976,26.0,True,0.02,False,,,,,,,,,,,,,,,,,,,,0.0,0.0,0.0
BP,LOWRANK2_vs_NAIVE@k3,0.0574455372823928,0.0395584768282808,0.0721690753509612,0.0,5.0,5,,0.0537991892042532,0.0599016497151316,True,exploratory,L5,,,,mae_all,,84,,,,,,,L5/contrasts_cov.csv,NAIVE_LINE_LOWRANK2@doptk3,G14_LOWRANK2@doptk3,0.039549242821655,0.0721613736570007,0.0081811777938203,0.022907297822697,0.0577381105981138,71.0,True,0.02,True,,,,,,,,,,,,,,,,,,,,0.0,0.0,0.0
BP,LOWRANK3_vs_NAIVE@k3,0.0581687963575843,0.0380528616829526,0.0732477851011892,0.0,5.0,5,,0.0527955751296492,0.0612896977152857,True,exploratory,L5,,,,mae_all,,84,,,,,,,L5/contrasts_cov.csv,NAIVE_LINE_LOWRANK3@doptk3,G14_LOWRANK3@doptk3,0.0391266573112283,0.0741424438492283,0.00892134190446,0.0249797573324881,0.0584038763146802,72.0,True,0.02,True,,,,,,,,,,,,,,,,,,,,0.0,0.0,0.0
BP,HIER_vs_NAIVE@k3,0.0484096120421811,0.0252025803008799,0.0647105106004725,0.0,5.0,5,,0.0422719015651676,0.0516994713043896,True,exploratory,L5,,,,mae_all,,84,,,,,,,L5/contrasts_cov.csv,NAIVE_LINE_HIER@doptk3,G14_HIER@doptk3,0.0267604179866292,0.0657098113666837,0.0100230456948552,0.0280645279455945,0.0417757833155115,66.0,True,0.02,True,,,,,,,,,,,,,,,,,,,,0.0,0.0,0.0
BP,POOLED_vs_FLAT@k0,0.0750733537286094,0.0003406210869111,0.1265622934928148,0.049,5.0,5,,0.0372022641480391,0.0843052445880293,True,exploratory,L5,,,,mae_all,,84,,,,,,,L5/contrasts_cov.csv,FLAT_POOLED@doptk0,G14_POOLED@doptk0,0.0152470088437554,0.1417421093712788,0.0336173128330665,0.0941284759325862,0.0539817629084863,56.0,True,0.02,True,,,,,,,,,,,,,,,,,,,,0.0798913043478261,0.049,0.10258351893095768
BP,POOLED_vs_FLAT@k1,0.0031248010979901,-0.0101519246876635,0.0125123983276654,0.5976,3.0,5,,-4.045412718517143e-05,0.0048656885877674,False,exploratory,L5,,,,mae_all,,84,,,,,,,L5/contrasts_cov.csv,FLAT_POOLED@doptk1,G14_POOLED@doptk1,-0.0094923788672986,0.0130011458702423,0.0057578181660139,0.016121890864839,-0.002608419992854,49.0,False,0.02,False,,,,,,,,,,,,,,,,,,,,0.6215172413793104,0.5976,0.7333472584856398
BP,POOLED_vs_FLAT@k2,0.0031341875377449,-0.0102861716182202,0.0123080937507521,0.6008,4.0,5,,-0.0005674733042931,0.0051521194750248,False,exploratory,L5,,,,mae_all,,84,,,,,,,L5/contrasts_cov.csv,FLAT_POOLED@doptk2,G14_POOLED@doptk2,-0.009581265685405,0.0128262757799179,0.0057723618924034,0.0161626132987295,-0.0003069022456446,49.0,False,0.02,False,,,,,,,,,,,,,,,,,,,,0.6215172413793104,0.6008,0.7355989583333332
BP,POOLED_vs_FLAT@k3,0.0066321679481083,-0.0008961124567766,0.0128331986706387,0.0712,4.0,5,,0.0054646270176636,0.0082893610585786,False,exploratory,L5,,,,mae_all,,84,,,,,,,L5/contrasts_cov.csv,FLAT_POOLED@doptk3,G14_POOLED@doptk3,-0.0016932937529633,0.0122841735660179,0.0034422287787858,0.0096382405806003,0.0057330543056029,56.0,True,0.02,False,,,,,,,,,,,,,,,,,,,,0.1047058823529411,0.0712,0.1352080808080808
BP,LW_vs_POOLED_FLATprior@k3,-44.47513561995565,-95.7534359390378,-17.921034639341844,0.0,0.0,5,,-61.24926744320419,-33.50381338503536,False,exploratory,L5,,,,mae_all,,84,,,,,,,L5/contrasts_cov.csv,FLAT_POOLED@doptk3,FLAT_LW@doptk3,-91.42486985170862,-16.64746712465395,20.24735928048589,56.692605985360494,-77.54929515283361,19.0,True,0.02,False,,,,,,,,,,,,,,,,,,,,0.0,0.0,0.0
BP,LOWRANK2_vs_POOLED_FLATprior@k3,0.0037959747625774,-0.0025674184765205,0.0096338635458906,0.2008,4.0,5,,0.0028284877677356,0.0049257590450569,False,exploratory,L5,,,,mae_all,,84,,,,,,,L5/contrasts_cov.csv,FLAT_POOLED@doptk3,FLAT_LOWRANK2@doptk3,-0.0024956543778632,0.0096905811538113,0.0029995663944895,0.0083987859045706,0.0014419802470327,45.0,True,0.02,False,,,,,,,,,,,,,,,,,,,,0.2371653543307086,0.2008,0.31991864406779663
BP,LOWRANK3_vs_POOLED_FLATprior@k3,0.0018185953913034,-0.0086480556691199,0.0081740078632442,0.647,5.0,5,,-0.0007058233068421,0.0045431849669082,False,exploratory,L5,,,,mae_all,,84,,,,,,,L5/contrasts_cov.csv,FLAT_POOLED@doptk3,FLAT_LOWRANK3@doptk3,-0.0092590633638815,0.0079539758622433,0.0043067750874298,0.0120589702448036,-0.0022050733736658,46.0,False,0.02,False,,,,,,,,,,,,,,,,,,,,0.6647260273972603,0.647,0.7698481012658228
BP,HIER_vs_POOLED_FLATprior@k3,-0.0020938310719075,-0.018960606933069,0.0077900180834495,0.7534,3.0,5,,-0.0053188738735698,0.0023164523435247,False,exploratory,L5,,,,mae_all,,84,,,,,,,L5/contrasts_cov.csv,FLAT_POOLED@doptk3,FLAT_HIER@doptk3,-0.0216118936676156,0.0068996450636064,0.006762541403321,0.0189351159292989,-0.010557148686541,45.0,False,0.02,False,,,,,,,,,,,,,,,,,,,,0.7584563758389261,0.7534,0.8461123058542412
B,MIX6meanPC_vs_POOLED@k1,0.0043339656510638,-0.002648997740025,0.0089978119759215,0.2812,5.0,5,,0.0006113383296133,0.0050911414055764,False,registered,L5,,,,mae_all,,84,,,,,,,L5/contrasts_mix.csv,G14_POOLED@doptk1,MIX6meanPC_POOLED@doptk1,-0.0010526464144634,0.0105648955966893,0.0031227440321272,0.0087436832899563,0.0012029775849392,46.0,True,0.02,False,,,,,,,,,,,,,,,,,,,,0.4686666666666667,0.2812,0.42217543859649126
B,MIX6meanPC_vs_POOLED@k2,0.0060026941596511,0.0008051663219054,0.0091659484376938,0.0222,5.0,5,,0.0043943589566875,0.0068313572920042,False,registered,L5,,,,mae_all,,84,,,,,,,L5/contrasts_mix.csv,G14_POOLED@doptk2,MIX6meanPC_POOLED@doptk2,0.001318428420557,0.0094633150277461,0.0021466375356037,0.0060105850996905,0.0047417503132576,59.0,True,0.02,True,,,,,,,,,,,,,,,,,,,,0.0736,0.0222,0.05350769230769231
B,MIX6meanPC_vs_POOLED@k3,0.0079200290976301,0.0052256245334613,0.0110834801396352,0.0,5.0,5,,0.007424012070543,0.0084908937387844,False,registered,L5,,,,mae_all,,84,,,,,,,L5/contrasts_mix.csv,G14_POOLED@doptk3,MIX6meanPC_POOLED@doptk3,0.0051742131946035,0.0110449198838325,0.0014618379643752,0.0040931463002508,0.0087588957070423,60.0,True,0.02,True,,,,,,,,,,,,,,,,,,,,0.0,0.0,0.0
B,MIX6meanPC_vs_NAIVE@k1,0.0192403533834865,-0.0002244815918133,0.0343426504194459,0.0524,5.0,5,,0.0149314154435966,0.0217903495442178,False,exploratory,L5,,,,mae_all,,84,,,,,,,L5/contrasts_mix.csv,NAIVE_LINE_POOLED@doptk1,MIX6meanPC_POOLED@doptk1,0.0010473143443897,0.0353190871401892,0.0087427067299758,0.0244795788439325,0.0154866488822069,49.0,True,0.02,False,,,,,,,,,,,,,,,,,,,,0.0827368421052631,0.0524,0.10684598698481562
B,MIX6meanPC_vs_NAIVE@k2,0.0379434680110227,0.0196493866418347,0.0521911414447463,0.0004,5.0,5,,0.0341585241056644,0.0408523089719997,True,exploratory,L5,,,,mae_all,,84,,,,,,,L5/contrasts_mix.csv,NAIVE_LINE_POOLED@doptk2,MIX6meanPC_POOLED@doptk2,0.0195310527305802,0.0521274665512187,0.0082189814247722,0.0230131479893622,0.0383035816808482,61.0,True,0.02,True,,,,,,,,,,,,,,,,,,,,0.001,0.0004,0.0015932203389830508
B,MIX6meanPC_vs_NAIVE@k3,0.0684428520590026,0.0540314949769909,0.0842761414667498,0.0,5.0,5,,0.0652376964590698,0.0711918925903467,True,exploratory,L5,,,,mae_all,,84,,,,,,,L5/contrasts_mix.csv,NAIVE_LINE_POOLED@doptk3,MIX6meanPC_POOLED@doptk3,0.053924104488749,0.0842114718041745,0.0075064173173112,0.0210179684884714,0.0744424086570817,75.0,True,0.02,True,,,,,,,,,,,,,,,,,,,,0.0,0.0,0.0
BR,MIX6meanPC_vs_POOLED@k1,0.0048517855477974,-0.0018677787978945,0.0091699627668532,0.1842,5.0,5,,0.0014803163136694,0.005683779258673,False,registered,L5,,,,mae_all,,84,,,,,,,L5/contrasts_mix.csv,G14_POOLED@doptk1,MIX6meanPC_POOLED@doptk1,-0.0003451522794052,0.010440689176398,0.0029462217517349,0.0082494209048579,0.0019227965620875,51.0,True,0.02,False,,,,,,,,,,,,,,,,,,,,0.3349090909090909,0.1842,0.29699485420240135
BR,MIX6meanPC_vs_POOLED@k2,0.0058796160312945,0.0011697845055544,0.0089882287613806,0.0168,5.0,5,,0.0048429815166848,0.006760495902582,False,registered,L5,,,,mae_all,,84,,,,,,,L5/contrasts_mix.csv,G14_POOLED@doptk2,MIX6meanPC_POOLED@doptk2,0.0011853675880337,0.0090018181780318,0.0019818699675222,0.0055492359090622,0.0050246492021914,61.0,True,0.02,True,,,,,,,,,,,,,,,,,,,,0.0672,0.0168,0.04233780160857909
BR,MIX6meanPC_vs_POOLED@k3,0.0077091587216265,0.0049563133063084,0.011364375805496,0.0,5.0,5,,0.0071029657763785,0.008524802649955,False,registered,L5,,,,mae_all,,84,,,,,,,L5/contrasts_mix.csv,G14_POOLED@doptk3,MIX6meanPC_POOLED@doptk3,0.0049067785169388,0.0112810834268393,0.0016076856613809,0.0045015198518667,0.0087725412248157,61.0,True,0.02,True,,,,,,,,,,,,,,,,,,,,0.0,0.0,0.0
BR,MIX6meanPC_vs_NAIVE@k1,0.0223086426768974,0.0024375787489103,0.0404186732541498,0.0306,5.0,5,,0.0182188496606729,0.0248294545761936,True,exploratory,L5,,,,mae_all,,84,,,,,,,L5/contrasts_mix.csv,NAIVE_LINE_POOLED@doptk1,MIX6meanPC_POOLED@doptk1,0.0033078506750026,0.0412067415478328,0.0094621342652593,0.0264939759427261,0.0216848471330287,48.0,True,0.02,True,,,,,,,,,,,,,,,,,,,,0.054,0.0306,0.06998540145985402
BR,MIX6meanPC_vs_NAIVE@k2,0.0342328004448814,0.0143878113505526,0.0489622893917541,0.0012,5.0,5,,0.0296773692599527,0.0369056295361239,True,exploratory,L5,,,,mae_all,,84,,,,,,,L5/contrasts_mix.csv,NAIVE_LINE_POOLED@doptk2,MIX6meanPC_POOLED@doptk2,0.01454156185287,0.0490500222844473,0.0087813795958364,0.024587862868342,0.031704825222559,58.0,True,0.02,True,,,,,,,,,,,,,,,,,,,,0.0026865671641791,0.0012,0.004193308550185873
BR,MIX6meanPC_vs_NAIVE@k3,0.0684127025598061,0.0532860461187861,0.0856653939150121,0.0,5.0,5,,0.0648602503697051,0.0714709288093697,True,exploratory,L5,,,,mae_all,,84,,,,,,,L5/contrasts_mix.csv,NAIVE_LINE_POOLED@doptk3,MIX6meanPC_POOLED@doptk3,0.053283607380996,0.0856404774796572,0.0080432864471074,0.0225212020519008,0.0759482452667333,74.0,True,0.02,True,,,,,,,,,,,,,,,,,,,,0.0,0.0,0.0
BQ,MIX6meanPC_vs_POOLED@k1,0.0032345334488317,-0.0032846268330153,0.0074848113657021,0.3874,4.0,5,,-7.956195670125938e-05,0.0040358759497696,False,registered,L5,,,,mae_all,,84,,,,,,,L5/contrasts_mix.csv,G14_POOLED@doptk1,MIX6meanPC_POOLED@doptk1,-0.0017596119567604,0.008798323898569,0.0028606025073808,0.0080096870206663,0.0003931616238546,45.0,False,0.02,False,,,,,,,,,,,,,,,,,,,,0.573925925925926,0.3874,0.5371032448377582
BQ,MIX6meanPC_vs_POOLED@k2,0.0050796157200016,0.0002611554646837,0.008202979992924,0.0408,5.0,5,,0.0037490104565931,0.0059568216639307,False,registered,L5,,,,mae_all,,84,,,,,,,L5/contrasts_mix.csv,G14_POOLED@doptk2,MIX6meanPC_POOLED@doptk2,0.0004980674186293,0.0083483118625494,0.0020348634756214,0.0056976177317399,0.0043798158133349,55.0,True,0.02,True,,,,,,,,,,,,,,,,,,,,0.0989090909090909,0.0408,0.08836866359447006
BQ,MIX6meanPC_vs_POOLED@k3,0.0076150463473202,0.0048926139244658,0.0109947428081982,0.0,5.0,5,,0.0071476697216972,0.0081225932901912,False,registered,L5,,,,mae_all,,84,,,,,,,L5/contrasts_mix.csv,G14_POOLED@doptk3,MIX6meanPC_POOLED@doptk3,0.0049046886107555,0.0110306230229798,0.0015074022317273,0.0042207262488366,0.008875252479211,58.0,True,0.02,True,,,,,,,,,,,,,,,,,,,,0.0,0.0,0.0
BQ,MIX6meanPC_vs_NAIVE@k1,0.0182038668793293,-0.0013022018850819,0.0326889170031132,0.0668,5.0,5,,0.0132535704445337,0.0206144463195671,False,exploratory,L5,,,,mae_all,,84,,,,,,,L5/contrasts_mix.csv,NAIVE_LINE_POOLED@doptk1,MIX6meanPC_POOLED@doptk1,-2.998209939971302e-05,0.0338015810694622,0.0086496729099253,0.0242190841477909,0.0138250471631371,49.0,True,0.02,False,,,,,,,,,,,,,,,,,,,,0.1002,0.0668,0.12867213114754097
BQ,MIX6meanPC_vs_NAIVE@k2,0.0378870498944115,0.0201079135603016,0.0519269042763746,0.0002,5.0,5,,0.0343959474583832,0.0406976646778623,True,exploratory,L5,,,,mae_all,,84,,,,,,,L5/contrasts_mix.csv,NAIVE_LINE_POOLED@doptk2,MIX6meanPC_POOLED@doptk2,0.0197167298765376,0.0516841629604336,0.008029825807119,0.0224835122599332,0.0394329355545952,59.0,True,0.02,True,,,,,,,,,,,,,,,,,,,,0.0005357142857142,0.0002,0.000828193832599119
BQ,MIX6meanPC_vs_NAIVE@k3,0.0682450718579859,0.0543418893188512,0.0821126304043584,0.0,5.0,5,,0.0662063926623605,0.070942674938071,True,exploratory,L5,,,,mae_all,,84,,,,,,,L5/contrasts_mix.csv,NAIVE_LINE_POOLED@doptk3,MIX6meanPC_POOLED@doptk3,0.0536480108426411,0.0814348317235193,0.006985917938212,0.0195605702269937,0.0737355834986748,76.0,True,0.02,True,,,,,,,,,,,,,,,,,,,,0.0,0.0,0.0
A,MIX6meanPC_vs_POOLED@k1,0.0055537104341107,-0.002204601986915,0.0108902503550403,0.2176,5.0,5,,0.0011837132526438,0.0063100763589946,False,registered,L5,,,,mae_all,,84,,,,,,,L5/contrasts_mix.csv,G14_POOLED@doptk1,MIX6meanPC_POOLED@doptk1,-0.0004679894488861,0.0127905949058535,0.0035510284963694,0.0099428797898345,0.0016675087507839,51.0,True,0.02,False,,,,,,,,,,,,,,,,,,,,0.3703829787234042,0.2176,0.33921061359867327
A,MIX6meanPC_vs_POOLED@k2,0.0064966884401092,0.0007541800007108,0.0097964462375714,0.0286,5.0,5,,0.00445502632381,0.0073235673845235,False,registered,L5,,,,mae_all,,84,,,,,,,L5/contrasts_mix.csv,G14_POOLED@doptk2,MIX6meanPC_POOLED@doptk2,0.0017124225724691,0.0103307004560669,0.0023400424367292,0.0065521188228418,0.0042232707521639,60.0,True,0.02,True,,,,,,,,,,,,,,,,,,,,0.0827586206896551,0.0286,0.06721
A,MIX6meanPC_vs_POOLED@k3,0.007580920588481,0.0047773343515685,0.0110592349799128,0.0,5.0,5,,0.0068855825062119,0.0083206772620637,False,registered,L5,,,,mae_all,,84,,,,,,,L5/contrasts_mix.csv,G14_POOLED@doptk3,MIX6meanPC_POOLED@doptk3,0.004690688463948,0.0109548757380407,0.0015851858107791,0.0044385202701816,0.0084096114191341,62.0,True,0.02,True,,,,,,,,,,,,,,,,,,,,0.0,0.0,0.0
A,MIX6meanPC_vs_NAIVE@k1,0.0190229751313037,-0.0022819992780783,0.0346581332611845,0.0828,5.0,5,,0.0129354679563598,0.0218678332313215,False,exploratory,L5,,,,mae_all,,84,,,,,,,L5/contrasts_mix.csv,NAIVE_LINE_POOLED@doptk1,MIX6meanPC_POOLED@doptk1,-0.0002795678738997,0.0364008532643381,0.009542022631722,0.0267176633688216,0.0129888785318668,47.0,True,0.02,False,,,,,,,,,,,,,,,,,,,,0.1128318584070796,0.0828,0.15321259842519683
A,MIX6meanPC_vs_NAIVE@k2,0.0404291948739994,0.0210580678128102,0.0548894339871844,0.0,5.0,5,,0.0357395235987842,0.043293458914586,True,exploratory,L5,,,,mae_all,,84,,,,,,,L5/contrasts_mix.csv,NAIVE_LINE_POOLED@doptk2,MIX6meanPC_POOLED@doptk2,0.0213709148837403,0.0551389836052561,0.0086281311006671,0.0241587670818678,0.0407488607751748,61.0,True,0.02,True,,,,,,,,,,,,,,,,,,,,0.0,0.0,0.0
A,MIX6meanPC_vs_NAIVE@k3,0.0646881459176918,0.0491221036036314,0.078059093247456,0.0,5.0,5,,0.0623757171994054,0.0676406377354098,True,exploratory,L5,,,,mae_all,,84,,,,,,,L5/contrasts_mix.csv,NAIVE_LINE_POOLED@doptk3,MIX6meanPC_POOLED@doptk3,0.0484670443290991,0.0775841852145508,0.0072740006663733,0.0203672018658455,0.0678960066868407,73.0,True,0.02,True,,,,,,,,,,,,,,,,,,,,0.0,0.0,0.0
BP,MIX6meanPC_vs_POOLED@k1,0.0001627729138326,-0.0028914175639263,0.0031667930797498,0.8804,3.0,5,,-0.0003217230974867,0.0009823323894268,False,registered,L5,,,,mae_all,,84,,,,,,,L5/contrasts_mix.csv,G14_POOLED@doptk1,MIX6meanPC_POOLED@doptk1,-0.0032442166262798,0.0028841337553977,0.0015022129160984,0.0042061961650755,0.000391187637073,45.0,False,0.02,False,,,,,,,,,,,,,,,,,,,,0.9267368421052632,0.8804,0.9288170594837261
BP,MIX6meanPC_vs_POOLED@k2,0.0035502336422701,0.0002051353271754,0.0062121684098509,0.0402,5.0,5,,0.003128527544171,0.004452036531902,False,registered,L5,,,,mae_all,,84,,,,,,,L5/contrasts_mix.csv,G14_POOLED@doptk2,MIX6meanPC_POOLED@doptk2,-0.0003730399913555,0.0058835452455988,0.0015045591635474,0.0042127656579327,0.0035370513672108,56.0,True,0.02,False,,,,,,,,,,,,,,,,,,,,0.0989090909090909,0.0402,0.08727020785219398
BP,MIX6meanPC_vs_POOLED@k3,0.0070419538906454,0.0044427102882722,0.01112008309628,0.0,5.0,5,,0.0064505270502531,0.0088861990560053,False,registered,L5,,,,mae_all,,84,,,,,,,L5/contrasts_mix.csv,G14_POOLED@doptk3,MIX6meanPC_POOLED@doptk3,0.0038793151352173,0.0102310754093764,0.0017464398094481,0.0048900314664548,0.0092854949933409,57.0,True,0.02,True,,,,,,,,,,,,,,,,,,,,0.0,0.0,0.0
BP,MIX6meanPC_vs_NAIVE@k1,0.0070544173872982,-0.0087683975109569,0.023418283308449,0.3542,4.0,5,,0.002951080433765,0.0093514141904332,False,exploratory,L5,,,,mae_all,,84,,,,,,,L5/contrasts_mix.csv,NAIVE_LINE_POOLED@doptk1,MIX6meanPC_POOLED@doptk1,-0.0079617056138258,0.0242624569065945,0.0079703176779999,0.0223168894983998,0.0062384116301764,44.0,True,0.02,False,,,,,,,,,,,,,,,,,,,,0.4025,0.3542,0.5039878971255672
BP,MIX6meanPC_vs_NAIVE@k2,0.0265065892311243,0.0056536518041867,0.04210421585624,0.0168,5.0,5,,0.0216548316162265,0.0293932843042892,True,exploratory,L5,,,,mae_all,,84,,,,,,,L5/contrasts_mix.csv,NAIVE_LINE_POOLED@doptk2,MIX6meanPC_POOLED@doptk2,0.005688994265132,0.042118063814182,0.0092884266759712,0.0260075946927193,0.024682808824668,55.0,True,0.02,True,,,,,,,,,,,,,,,,,,,,0.0323076923076923,0.0168,0.04233780160857909
BP,MIX6meanPC_vs_NAIVE@k3,0.0653133636237147,0.050453243082081,0.0819239318943206,0.0,5.0,5,,0.0616888141723736,0.0680719116770086,True,exploratory,L5,,,,mae_all,,84,,,,,,,L5/contrasts_mix.csv,NAIVE_LINE_POOLED@doptk3,MIX6meanPC_POOLED@doptk3,0.0507077863715403,0.0821342648116821,0.0077861907138231,0.0218013339987047,0.0723799906179803,74.0,True,0.02,True,,,,,,,,,,,,,,,,,,,,0.0,0.0,0.0
BP,AOPT_vs_RANDOM,0.0584094969755539,0.0239163753154518,0.085900880915958,0.0,5.0,5,,0.0367282415411718,0.0611051285670772,True,registered,L4,,,,mae_all,,90,,,,,,,L4/_dry/contrasts_abc.csv,RANDOM,AOPT,0.0308559508118158,0.0978657588466453,0.0172303046722939,0.048244853082423,0.0413220128186598,72.0,True,0.02,True,,,,,,,,,,,,,,,,,ABC_mae_all,0.0,,,0.0,0.0
BP,AOPT_vs_MAXMIN,0.0670536953426334,0.0146336097593418,0.1113389614055605,0.0002,5.0,5,,0.0317618203166517,0.0734216461658676,True,registered,L4,,,,mae_all,,90,,,,,,,L4/_dry/contrasts_abc.csv,MAXMIN,AOPT,0.0236308098354581,0.1296746955718064,0.0274010207186752,0.0767228580122906,0.044509252946,70.0,True,0.02,True,,,,,,,,,,,,,,,,,ABC_mae_all,0.0004,,,0.0002,0.000828193832599119
BP,UNCERT_vs_RANDOM,-0.0025496458156312,-0.0278684359309641,0.0317849529391645,0.8726,3.0,5,,-0.0112587880631539,0.0065526235985178,False,registered,L4,,,,mae_all,,90,,,,,,,L4/_dry/contrasts_abc.csv,RANDOM,UNCERT,-0.0284038229694983,0.0309661109729598,0.0151516663552022,0.0424246657945663,0.0062444884388639,42.0,False,0.02,False,,,,,,,,,,,,,,,,,ABC_mae_all,0.8726,,,0.8726,0.925783295711061
BP,UNCERT_vs_MAXMIN,0.0060945525514483,-0.0249964443509815,0.0288570748793301,0.6334,3.0,5,,0.0015862023739976,0.0131999234280674,False,registered,L4,,,,mae_all,,90,,,,,,,L4/_dry/contrasts_abc.csv,MAXMIN,UNCERT,-0.0278100489683875,0.0276985852684419,0.0136439186857681,0.0382029723201507,0.009431728566204,53.0,True,0.02,False,,,,,,,,,,,,,,,,,ABC_mae_all,0.8445333333333332,,,0.6334,0.7584662420382166
BP,MAXMIN_vs_RANDOM,-0.0086441983670795,-0.0291248295474235,0.0204575127213758,0.6074,2.0,5,,-0.013359670196319,0.0049664212245201,False,exploratory,L4,,,,mae_all,,90,,,,,,,L4/_dry/contrasts_abc.csv,RANDOM,MAXMIN,-0.0340169841852087,0.0149800425284006,0.0130605475563283,0.0365695331577194,-0.0031872401273401,36.0,False,0.02,False,,,,,,,,,,,,,,,,,ABC_mae_all,0.7202133333333334,,,0.6074,0.7386235446313066
BP,AOPT_vs_RANDOM_sign_acc_strong,0.1138910078576926,0.0509929129793486,0.1578546146429012,0.0,5.0,5,,0.0807331983178658,0.1207835375232385,True,exploratory,L4,,,,sign_acc_strong,,86,,,,,,,L4/_dry/contrasts_abc.csv,RANDOM,AOPT,0.0655198394105353,0.1711979690583159,0.0285035114450659,0.0798098320461847,0.0894656619626268,71.0,True,0.02,True,,,,,,,,,,,,,,,,,ABC_sign_acc_strong,0.0,,,0.0,0.0
BP,AOPT_vs_MAXMIN_sign_acc_strong,0.1785337400765888,0.0930528852638189,0.2394157790610186,0.0,5.0,5,,0.1331412799832082,0.1901799579108296,True,exploratory,L4,,,,sign_acc_strong,,86,,,,,,,L4/_dry/contrasts_abc.csv,MAXMIN,AOPT,0.1110448559149383,0.2561930619605096,0.0393604375089407,0.1102092250250341,0.1484840288435541,73.0,True,0.02,True,,,,,,,,,,,,,,,,,ABC_sign_acc_strong,0.0,,,0.0,0.0
BP,UNCERT_vs_RANDOM_sign_acc_strong,0.065871747027492,0.0232249398831919,0.1217884434419878,0.0022,3.0,5,,0.0556584082009794,0.0836495689594173,False,exploratory,L4,,,,sign_acc_strong,,86,,,,,,,L4/_dry/contrasts_abc.csv,RANDOM,UNCERT,0.0185500365955192,0.1163960553498053,0.0254379660524009,0.0712263049467227,0.0827803219899923,67.0,True,0.02,True,,,,,,,,,,,,,,,,,ABC_sign_acc_strong,0.0044,,,0.0022,0.007131034482758621
BP,UNCERT_vs_MAXMIN_sign_acc_strong,0.1305144792463882,0.0817001606036722,0.1839804504644666,0.0002,5.0,5,,0.1153203186351731,0.1423442033906838,True,exploratory,L4,,,,sign_acc_strong,,86,,,,,,,L4/_dry/contrasts_abc.csv,MAXMIN,UNCERT,0.0838234700310657,0.1862755360927141,0.0253112336903524,0.0708714543329869,0.1417986888709196,74.0,True,0.02,True,,,,,,,,,,,,,,,,,ABC_sign_acc_strong,0.0008,,,0.0002,0.000828193832599119
BP,MAXMIN_vs_RANDOM_sign_acc_strong,-0.0646427322188962,-0.0923228357061896,-0.0242915761557956,0.0018,2.0,5,,-0.0717180839839148,-0.0524080816653423,False,exploratory,L4,,,,sign_acc_strong,,86,,,,,,,L4/_dry/contrasts_abc.csv,RANDOM,MAXMIN,-0.0947459474212581,-0.0272399753589406,0.0176660400398371,0.0494649121115439,-0.0590183668809273,20.0,True,0.02,False,,,,,,,,,,,,,,,,,ABC_sign_acc_strong,0.0041142857142857,,,0.0018,0.006042857142857142
BP,AOPT_vs_RANDOM_mae_far,0.0925798376064575,0.035426414202085,0.1378457583364545,0.0,5.0,5,,0.056327073852796,0.0972557432558818,True,exploratory,L4,,,,mae_far,,88,,,,,,,L4/_dry/contrasts_abc.csv,RANDOM,AOPT,0.0467064938037167,0.1563398420087428,0.0285626191590632,0.0799753336453771,0.0636402792653046,71.0,True,0.02,True,,,,,,,,,,,,,,,,,ABC_mae_far,0.0,,,0.0,0.0
BP,AOPT_vs_MAXMIN_mae_far,0.1093241869363386,0.0244070789787767,0.1799764110084704,0.0002,5.0,5,,0.0519321150459445,0.1187415370021487,True,exploratory,L4,,,,mae_far,,88,,,,,,,L4/_dry/contrasts_abc.csv,MAXMIN,AOPT,0.0387747862622385,0.2093372971827422,0.0442156124335183,0.1238037148138515,0.0725272495359683,69.0,True,0.02,True,,,,,,,,,,,,,,,,,ABC_mae_far,0.00064,,,0.0002,0.000828193832599119
BP,UNCERT_vs_RANDOM_mae_far,-0.0104208427591283,-0.0486317942781765,0.0367094075700619,0.6422,3.0,5,,-0.0221295378450016,0.0004439571058062,False,exploratory,L4,,,,mae_far,,88,,,,,,,L4/_dry/contrasts_abc.csv,RANDOM,UNCERT,-0.0496413721143497,0.0353644112364916,0.0215033685147913,0.0602094318414157,-0.0011693318202439,41.0,False,0.02,False,,,,,,,,,,,,,,,,,ABC_mae_far,0.7202133333333334,,,0.6422,0.7660761421319797
BP,UNCERT_vs_MAXMIN_mae_far,0.0063235065707528,-0.046176823589902,0.0413722088182803,0.756,2.0,5,,-0.0039510017010452,0.0176452654336526,False,exploratory,L4,,,,mae_far,,88,,,,,,,L4/_dry/contrasts_abc.csv,MAXMIN,UNCERT,-0.0475967222617633,0.0406724167676326,0.021978432347955,0.0615396105742742,0.0077176384504197,54.0,False,0.02,False,,,,,,,,,,,,,,,,,ABC_mae_far,0.756,,,0.756,0.8462238095238095
BP,MAXMIN_vs_RANDOM_mae_far,-0.0167443493298811,-0.0487457104018271,0.029165587863235,0.5148,2.0,5,,-0.0229790401067739,0.0043949588068514,False,exploratory,L4,,,,mae_far,,88,,,,,,,L4/_dry/contrasts_abc.csv,RANDOM,MAXMIN,-0.0561378256554088,0.0201266427938474,0.020414648003267,0.0571610144091476,-0.0088869702706637,33.0,False,0.02,False,,,,,,,,,,,,,,,,,ABC_mae_far,0.7202133333333334,,,0.5148,0.6619863201094391
BP,AOPT_vs_RANDOM_pair_spearman,0.1345875568554469,0.0444225212263486,0.1992671960150976,0.0008,5.0,5,,0.0820757990635194,0.1435359198897399,True,exploratory,L4,,,,pair_spearman,,84,,,,,,,L4/_dry/contrasts_abc.csv,RANDOM,AOPT,0.0645106650687456,0.2232403708465176,0.0424696929283918,0.1189151401994973,0.0905453848408721,69.0,True,0.02,True,,,,,,,,,,,,,,,,,ABC_pair_spearman,0.0021333333333333,,,0.0008,0.002949019607843137
BP,AOPT_vs_MAXMIN_pair_spearman,0.1560581811950632,0.0133597921702637,0.2686199851345863,0.018,5.0,5,,0.0615245681838862,0.1737001182249349,True,exploratory,L4,,,,pair_spearman,,84,,,,,,,L4/_dry/contrasts_abc.csv,MAXMIN,AOPT,0.0387383981072021,0.3114082577289484,0.072467598826404,0.2029092767139313,0.0962030057264592,56.0,True,0.02,True,,,,,,,,,,,,,,,,,ABC_pair_spearman,0.032,,,0.018,0.045
BP,UNCERT_vs_RANDOM_pair_spearman,0.0195662935012503,-0.04124462711423,0.1024662567502182,0.556,3.0,5,,0.004784906403813,0.0503409208288933,False,exploratory,L4,,,,pair_spearman,,84,,,,,,,L4/_dry/contrasts_abc.csv,RANDOM,UNCERT,-0.0523644219573567,0.0922137289546961,0.0374359584626272,0.1048206836953562,0.0414539613761265,45.0,True,0.02,False,,,,,,,,,,,,,,,,,ABC_pair_spearman,0.7202133333333334,,,0.556,0.7053171390013496
BP,UNCERT_vs_MAXMIN_pair_spearman,0.0410369178408666,-0.0389215680370316,0.096817483005421,0.2484,4.0,5,,0.02978968994926,0.0610970592115839,False,exploratory,L4,,,,pair_spearman,,84,,,,,,,L4/_dry/contrasts_abc.csv,MAXMIN,UNCERT,-0.0477231843043159,0.0929086547427442,0.0340232620451864,0.095265133726522,0.0471115822617137,56.0,True,0.02,False,,,,,,,,,,,,,,,,,ABC_pair_spearman,0.39744,,,0.2484,0.37966829268292684
BP,MAXMIN_vs_RANDOM_pair_spearman,-0.0214706243396163,-0.0783001193998712,0.0596593263748522,0.6752,2.0,5,,-0.0337365179063175,0.0205512308796332,False,exploratory,L4,,,,pair_spearman,,84,,,,,,,L4/_dry/contrasts_abc.csv,RANDOM,MAXMIN,-0.0956354773800049,0.0432123410168659,0.0368960918014049,0.1033090570439337,-0.0056576208855871,40.0,False,0.02,False,,,,,,,,,,,,,,,,,ABC_pair_spearman,0.7202133333333334,,,0.6752,0.7916159600997505
BP,AOPT_vs_RANDOM_k6_mae_all,0.068913850959197,-0.0043017030808425,0.1270604698822147,0.0806,4.0,5,,0.0240857242576681,0.0820607042948923,False,exploratory,L4,,,,mae_all,,90,,,,,,,L4/_dry/contrasts_per_budget.csv,RANDOM,AOPT,0.0101400641510809,0.1498226323974722,0.0362694267356716,0.1015543948598804,0.04603574848485,66.0,True,0.02,False,,,,,,,,,,,,,,,,,budget6_mae_all,0.1612,6.0,,0.0806,0.1497312252964427
BP,AOPT_vs_MAXMIN_k6_mae_all,0.0463626026195463,-0.0466516199120319,0.1201081979367667,0.497,4.0,5,,-0.0104643264831531,0.0602951426616728,False,exploratory,L4,,,,mae_all,,90,,,,,,,L4/_dry/contrasts_per_budget.csv,MAXMIN,AOPT,-0.0282569156565974,0.1483788816263888,0.0459527911448448,0.1286678152055655,0.01566804173302,54.0,False,0.02,False,,,,,,,,,,,,,,,,,budget6_mae_all,0.5734615384615385,6.0,,0.497,0.6474688796680498
BP,UNCERT_vs_RANDOM_k6_mae_all,-0.0242566474803553,-0.0680631991009425,0.0364354178911549,0.5108,2.0,5,,-0.0340636573055346,0.0060068809101609,False,exploratory,L4,,,,mae_all,,90,,,,,,,L4/_dry/contrasts_per_budget.csv,RANDOM,UNCERT,-0.0799047669041848,0.0246973737909835,0.0279800947254716,0.0783442652313206,0.0043637634339944,40.0,False,0.02,False,,,,,,,,,,,,,,,,,budget6_mae_all,0.5782641509433963,6.0,,0.5108,0.6604566712517195
BP,UNCERT_vs_MAXMIN_k6_mae_all,-0.046807895820006,-0.0853078178421059,0.005929637986699,0.0854,2.0,5,,-0.0558292189387541,-0.0285431698306603,False,exploratory,L4,,,,mae_all,,90,,,,,,,L4/_dry/contrasts_per_budget.csv,MAXMIN,UNCERT,-0.0897449550711793,0.0009292440954795,0.023538621327878,0.0659081397180586,-0.0260039433178355,34.0,True,0.02,False,,,,,,,,,,,,,,,,,budget6_mae_all,0.1652903225806452,6.0,,0.0854,0.154972972972973
BP,MAXMIN_vs_RANDOM_k6_mae_all,0.0225512483396506,0.0012335026253681,0.0550208802807885,0.0332,3.0,5,,0.0165796660090028,0.0345500507408213,False,exploratory,L4,,,,mae_all,,90,,,,,,,L4/_dry/contrasts_per_budget.csv,RANDOM,MAXMIN,-0.0018305594221795,0.0497737352160671,0.013940750204798,0.0390341005734344,0.03036770675183,45.0,True,0.02,False,,,,,,,,,,,,,,,,,budget6_mae_all,0.0711428571428571,6.0,,0.0332,0.07501923076923077
BP,AOPT_vs_RANDOM_k6_sign_acc_strong,0.220001061775031,0.0732328805297395,0.3276583564012747,0.0002,4.0,5,,0.136690275095421,0.247590678255372,True,exploratory,L4,,,,sign_acc_strong,,86,,,,,,,L4/_dry/contrasts_per_budget.csv,RANDOM,AOPT,0.1012955509170386,0.3621453693006708,0.069152003994663,0.1936256111850564,0.1706569617273973,69.0,True,0.02,True,,,,,,,,,,,,,,,,,budget6_sign_acc_strong,0.0013333333333333,6.0,,0.0002,0.000828193832599119
BP,AOPT_vs_MAXMIN_k6_sign_acc_strong,0.4893772592398197,0.3442341219823316,0.5870982972656104,0.0,5.0,5,,0.4454417124324673,0.5227931967302173,True,exploratory,L4,,,,sign_acc_strong,,86,,,,,,,L4/_dry/contrasts_per_budget.csv,MAXMIN,AOPT,0.3538658082514743,0.5945132344646844,0.0631782355972385,0.1768990596722679,0.459733664582882,76.0,True,0.02,True,,,,,,,,,,,,,,,,,budget6_sign_acc_strong,0.0,6.0,,0.0,0.0
BP,UNCERT_vs_RANDOM_k6_sign_acc_strong,0.1611647406940352,0.1020802925104543,0.2316937693631635,0.0,4.0,5,,0.1451759149983949,0.175724628470646,True,exploratory,L4,,,,sign_acc_strong,,86,,,,,,,L4/_dry/contrasts_per_budget.csv,RANDOM,UNCERT,0.1010967445987866,0.2304974494303991,0.0327840285869324,0.0917952800434109,0.1749535899744285,72.0,True,0.02,True,,,,,,,,,,,,,,,,,budget6_sign_acc_strong,0.0,6.0,,0.0,0.0
BP,UNCERT_vs_MAXMIN_k6_sign_acc_strong,0.4305409381588236,0.3374669331689235,0.564287981977419,0.0,5.0,5,,0.3965815085207355,0.4844760658076923,True,exploratory,L4,,,,sign_acc_strong,,86,,,,,,,L4/_dry/contrasts_per_budget.csv,MAXMIN,UNCERT,0.3257294370707857,0.5458830388235818,0.0592431130383514,0.1658807165073841,0.4640302928299133,79.0,True,0.02,True,,,,,,,,,,,,,,,,,budget6_sign_acc_strong,0.0,6.0,,0.0,0.0
BP,MAXMIN_vs_RANDOM_k6_sign_acc_strong,-0.2693761974647885,-0.3632418014565828,-0.2071295364505615,0.0,0.0,5,,-0.3087514373370463,-0.2514055935223406,False,exploratory,L4,,,,sign_acc_strong,,86,,,,,,,L4/_dry/contrasts_per_budget.csv,RANDOM,MAXMIN,-0.34944998972974,-0.1968945702480145,0.0409809187564854,0.1147465725181592,-0.2890767028554848,5.0,True,0.02,False,,,,,,,,,,,,,,,,,budget6_sign_acc_strong,0.0,6.0,,0.0,0.0
BP,AOPT_vs_RANDOM_k9_mae_all,0.0853899160684186,0.0210552431086209,0.1342278308421746,0.0022,5.0,5,,0.0464831161924198,0.0909010083025414,True,exploratory,L4,,,,mae_all,,90,,,,,,,L4/_dry/contrasts_per_budget.csv,RANDOM,AOPT,0.035404003736765,0.1560773042645065,0.0312566911071914,0.0875187351001361,0.0513346454925435,63.0,True,0.02,True,,,,,,,,,,,,,,,,,budget9_mae_all,0.0077647058823529,9.0,,0.0022,0.007131034482758621
BP,AOPT_vs_MAXMIN_k9_mae_all,0.1092787947903867,0.0080174786612649,0.1934075351863918,0.0222,5.0,5,,0.0421517681117822,0.1204525594468122,True,exploratory,L4,,,,mae_all,,90,,,,,,,L4/_dry/contrasts_per_budget.csv,MAXMIN,AOPT,0.0265176110550045,0.2269536453570537,0.0522605747150712,0.1463296092021994,0.0700349775138746,60.0,True,0.02,True,,,,,,,,,,,,,,,,,budget9_mae_all,0.0512307692307692,9.0,,0.0222,0.05350769230769231
BP,UNCERT_vs_RANDOM_k9_mae_all,-0.0280054004062413,-0.090324988420043,0.0570196679986358,0.6194,2.0,5,,-0.0473048096988533,0.0173810472346857,False,exploratory,L4,,,,mae_all,,90,,,,,,,L4/_dry/contrasts_per_budget.csv,RANDOM,UNCERT,-0.1085966287915574,0.0402379608716135,0.0396789398133982,0.1111010314775149,0.0040220488805942,40.0,False,0.02,False,,,,,,,,,,,,,,,,,budget9_mae_all,0.6636428571428571,9.0,,0.6194,0.7503041237113401
BP,UNCERT_vs_MAXMIN_k9_mae_all,-0.0041165216842732,-0.0458563440348258,0.0517870669970433,0.8862,2.0,5,,-0.0165478526079949,0.0130496991540481,False,exploratory,L4,,,,mae_all,,90,,,,,,,L4/_dry/contrasts_per_budget.csv,MAXMIN,UNCERT,-0.0496274239838317,0.0478335179816666,0.0252479901701505,0.0706943724764215,0.0227223809019253,36.0,False,0.02,False,,,,,,,,,,,,,,,,,budget9_mae_all,0.8862,9.0,,0.8862,0.9332664444194737
BP,MAXMIN_vs_RANDOM_k9_mae_all,-0.023888878721968,-0.0648070879172522,0.0327480786298005,0.4756,2.0,5,,-0.0331118747394007,0.0043313480806375,False,exploratory,L4,,,,mae_all,,90,,,,,,,L4/_dry/contrasts_per_budget.csv,RANDOM,MAXMIN,-0.0752406322492777,0.0218563924792927,0.0260807156384759,0.0730260037877327,-0.018700332021331,35.0,False,0.02,False,,,,,,,,,,,,,,,,,budget9_mae_all,0.5595294117647059,9.0,,0.4756,0.626140056022409
BP,AOPT_vs_RANDOM_k9_sign_acc_strong,0.1422689570661142,0.0465168458352266,0.2072778139741472,0.0004,5.0,5,,0.0981327812650464,0.1517277417581646,True,exploratory,L4,,,,sign_acc_strong,,86,,,,,,,L4/_dry/contrasts_per_budget.csv,RANDOM,AOPT,0.0672333397897381,0.2248921516895641,0.0423244734172165,0.1185085255682063,0.109788262678411,64.0,True,0.02,True,,,,,,,,,,,,,,,,,budget9_sign_acc_strong,0.0021818181818181,9.0,,0.0004,0.0015932203389830508
BP,AOPT_vs_MAXMIN_k9_sign_acc_strong,0.2086976747750625,0.0633309505612942,0.3146976032940303,0.0008,4.0,5,,0.1237938063435013,0.223950807283457,True,exploratory,L4,,,,sign_acc_strong,,86,,,,,,,L4/_dry/contrasts_per_budget.csv,MAXMIN,AOPT,0.0940749865106143,0.3522913423334989,0.0688986251285853,0.1929161503600389,0.1519119744482674,64.0,True,0.02,True,,,,,,,,,,,,,,,,,budget9_sign_acc_strong,0.0034285714285714,9.0,,0.0008,0.002949019607843137
BP,UNCERT_vs_RANDOM_k9_sign_acc_strong,0.0313187552946143,-0.0779021870861231,0.1742245099076745,0.5778,3.0,5,,0.0064239546235117,0.1154062915691839,False,exploratory,L4,,,,sign_acc_strong,,86,,,,,,,L4/_dry/contrasts_per_budget.csv,RANDOM,UNCERT,-0.11674399969623,0.1452706676278894,0.0688672152577201,0.1928282027216163,0.0931736137985418,46.0,True,0.02,False,,,,,,,,,,,,,,,,,budget9_sign_acc_strong,0.6418909090909092,9.0,,0.5778,0.7174795244385732
BP,UNCERT_vs_MAXMIN_k9_sign_acc_strong,0.0977474730035625,0.0188863935806855,0.2059543594824798,0.0112,3.0,5,,0.0782317265389995,0.1410673166476388,False,exploratory,L4,,,,sign_acc_strong,,86,,,,,,,L4/_dry/contrasts_per_budget.csv,MAXMIN,UNCERT,0.0058465861134825,0.1904158236362822,0.0486344601331941,0.1361764883729437,0.1352973255683982,44.0,True,0.02,True,,,,,,,,,,,,,,,,,budget9_sign_acc_strong,0.0336,9.0,,0.0112,0.030783625730994153
BP,MAXMIN_vs_RANDOM_k9_sign_acc_strong,-0.0664287177089482,-0.1236765409239419,0.0168328170272263,0.1372,2.0,5,,-0.0782691648160725,-0.0256610250784548,False,exploratory,L4,,,,sign_acc_strong,,86,,,,,,,L4/_dry/contrasts_per_budget.csv,RANDOM,MAXMIN,-0.1406798759880795,-0.0007378213087712,0.0371516731571673,0.1040246848400685,-0.0421237117698564,28.0,True,0.02,False,,,,,,,,,,,,,,,,,budget9_sign_acc_strong,0.25725,9.0,,0.1372,0.2306357142857143
BP,AOPT_vs_RANDOM_k12_mae_all,0.075669353957571,0.0280891496670663,0.1085724625001698,0.0002,5.0,5,,0.0514473375648299,0.0800087977449503,True,exploratory,L4,,,,mae_all,,90,,,,,,,L4/_dry/contrasts_per_budget.csv,RANDOM,AOPT,0.0394305687389894,0.118564131022864,0.0214582486219198,0.0600830961413756,0.0487320734428991,72.0,True,0.02,True,,,,,,,,,,,,,,,,,budget12_mae_all,0.0012,12.0,,0.0002,0.000828193832599119
BP,AOPT_vs_MAXMIN_k12_mae_all,0.115228305430359,0.0356661497158169,0.1820461764669634,0.0,5.0,5,,0.0625424802741225,0.1258640223743985,True,exploratory,L4,,,,mae_all,,90,,,,,,,L4/_dry/contrasts_per_budget.csv,MAXMIN,AOPT,0.048679590852473,0.209166853298301,0.0413052506037041,0.1156547016903715,0.0780663209349387,72.0,True,0.02,True,,,,,,,,,,,,,,,,,budget12_mae_all,0.0,12.0,,0.0,0.0
BP,UNCERT_vs_RANDOM_k12_mae_all,-0.0212556923502845,-0.0616822291198431,0.035500560184172,0.4662,3.0,5,,-0.0344568048607655,0.000326301391068,False,exploratory,L4,,,,mae_all,,90,,,,,,,L4/_dry/contrasts_per_budget.csv,RANDOM,UNCERT,-0.0667221347879466,0.0283005008962605,0.0251618118396543,0.0704530731510322,-0.0058176180282839,36.0,False,0.02,False,,,,,,,,,,,,,,,,,budget12_mae_all,0.55944,12.0,,0.4662,0.6163544303797468
BP,UNCERT_vs_MAXMIN_k12_mae_all,0.0183032591225035,-0.024774850411597,0.050201025017409,0.3414,2.0,5,,0.0114214441003606,0.0282067182231177,False,exploratory,L4,,,,mae_all,,90,,,,,,,L4/_dry/contrasts_per_budget.csv,MAXMIN,UNCERT,-0.0277820866906494,0.0484348959204208,0.018929219813561,0.0530018154779708,0.0235166294637555,54.0,True,0.02,False,,,,,,,,,,,,,,,,,budget12_mae_all,0.4996097560975609,12.0,,0.3414,0.49069724770642204
BP,MAXMIN_vs_RANDOM_k12_mae_all,-0.039558951472788,-0.0797079938072811,0.014472659106057,0.1932,2.0,5,,-0.0497038960466439,-0.0110951427092926,False,exploratory,L4,,,,mae_all,,90,,,,,,,L4/_dry/contrasts_per_budget.csv,RANDOM,MAXMIN,-0.0914099632537191,0.0034315037374934,0.0251321618744791,0.0703700532485414,-0.0293342474920395,31.0,True,0.02,False,,,,,,,,,,,,,,,,,budget12_mae_all,0.3132972972972973,12.0,,0.1932,0.3083327674023769
BP,AOPT_vs_RANDOM_k12_sign_acc_strong,0.1247876466114341,0.0546264625937035,0.1707584520194929,0.0006,5.0,5,,0.1033994987582681,0.1339089527219766,True,exploratory,L4,,,,sign_acc_strong,,86,,,,,,,L4/_dry/contrasts_per_budget.csv,RANDOM,AOPT,0.0658815718181031,0.1780162499295016,0.0297028692527283,0.0831680339076394,0.0951276540062692,66.0,True,0.02,True,,,,,,,,,,,,,,,,,budget12_sign_acc_strong,0.0027692307692307,12.0,,0.0006,0.002292682926829268
BP,AOPT_vs_MAXMIN_k12_sign_acc_strong,0.1736645655831836,0.0406018224632051,0.2728942510767638,0.0006,5.0,5,,0.0962341832791582,0.1911986854504895,True,exploratory,L4,,,,sign_acc_strong,,86,,,,,,,L4/_dry/contrasts_per_budget.csv,MAXMIN,AOPT,0.0654795710580971,0.305451179347297,0.0639371817171881,0.1790241088081268,0.1191794200895113,55.0,True,0.02,True,,,,,,,,,,,,,,,,,budget12_sign_acc_strong,0.0027692307692307,12.0,,0.0006,0.002292682926829268
BP,UNCERT_vs_RANDOM_k12_sign_acc_strong,0.0357244443416184,-0.0441274590456917,0.146005417003098,0.4136,3.0,5,,0.0140114453951836,0.0897053575155318,False,exploratory,L4,,,,sign_acc_strong,,86,,,,,,,L4/_dry/contrasts_per_budget.csv,RANDOM,UNCERT,-0.0627380212263849,0.1254393937564004,0.0505949175582671,0.141665769163148,0.0735638040695558,44.0,True,0.02,False,,,,,,,,,,,,,,,,,budget12_sign_acc_strong,0.531063829787234,12.0,,0.4136,0.5659100145137881
BP,UNCERT_vs_MAXMIN_k12_sign_acc_strong,0.0846013633133679,0.0143002786310979,0.1544165553270344,0.0222,4.0,5,,0.0620685124426382,0.0991707403264937,True,exploratory,L4,,,,sign_acc_strong,,86,,,,,,,L4/_dry/contrasts_per_budget.csv,MAXMIN,UNCERT,0.0218913072753424,0.1630057606499944,0.0348037579075873,0.0974505221412446,0.0976155701527978,57.0,True,0.02,True,,,,,,,,,,,,,,,,,budget12_sign_acc_strong,0.0493333333333333,12.0,,0.0222,0.05350769230769231
BP,MAXMIN_vs_RANDOM_k12_sign_acc_strong,-0.0488769189717494,-0.1244758039907493,0.0534963073466519,0.4534,2.0,5,,-0.0657015796670536,0.0071653154791098,False,exploratory,L4,,,,sign_acc_strong,,86,,,,,,,L4/_dry/contrasts_per_budget.csv,RANDOM,MAXMIN,-0.1478578560008406,0.0330119839950145,0.047887372158305,0.1340846420432541,-0.024051766083242,34.0,False,0.02,False,,,,,,,,,,,,,,,,,budget12_sign_acc_strong,0.5551836734693878,12.0,,0.4534,0.6076524216524216
BP,AOPT_vs_RANDOM_k16_mae_all,0.0729684317116069,0.0327723773719082,0.102058194569028,0.0,5.0,5,,0.0513558317230745,0.0768672995331506,True,exploratory,L4,,,,mae_all,,90,,,,,,,L4/_dry/contrasts_per_budget.csv,RANDOM,AOPT,0.0418224490727528,0.1120676894754875,0.0185841637552864,0.052035658514802,0.0551974299546988,81.0,True,0.02,True,,,,,,,,,,,,,,,,,budget16_mae_all,0.0,16.0,,0.0,0.0
BP,AOPT_vs_MAXMIN_k16_mae_all,0.1018444031525953,0.0319514773561317,0.1625474329933711,0.0,5.0,5,,0.0517338512156325,0.1065901105192981,True,exploratory,L4,,,,mae_all,,90,,,,,,,L4/_dry/contrasts_per_budget.csv,MAXMIN,AOPT,0.0428255515736698,0.1900493347798059,0.0378885556392589,0.106087955789925,0.0580115869331169,74.0,True,0.02,True,,,,,,,,,,,,,,,,,budget16_mae_all,0.0,16.0,,0.0,0.0
BP,UNCERT_vs_RANDOM_k16_mae_all,0.0416466676896941,-0.0139247152119072,0.080996860346849,0.1802,5.0,5,,0.0123281716947577,0.0477054728079744,False,exploratory,L4,,,,mae_all,,90,,,,,,,L4/_dry/contrasts_per_budget.csv,RANDOM,UNCERT,-0.0016762304563686,0.0940111429093051,0.0256163720976407,0.071725841873394,0.0242164281348901,57.0,True,0.02,False,,,,,,,,,,,,,,,,,budget16_mae_all,0.3043333333333333,16.0,,0.1802,0.2923724137931034
BP,UNCERT_vs_MAXMIN_k16_mae_all,0.0705226391306825,-0.0153126913753031,0.1412167570963353,0.1826,5.0,5,,0.0127061911873157,0.0784332469621959,False,exploratory,L4,,,,mae_all,,90,,,,,,,L4/_dry/contrasts_per_budget.csv,MAXMIN,UNCERT,0.0001952693208773,0.1724099906362705,0.0444835643379044,0.1245539801461323,0.0270305851133081,54.0,True,0.02,False,,,,,,,,,,,,,,,,,budget16_mae_all,0.3043333333333333,16.0,,0.1826,0.29492096219931274
BP,MAXMIN_vs_RANDOM_k16_mae_all,-0.0288759714409884,-0.0669453531013419,0.022611564318693,0.384,2.0,5,,-0.0357508665785508,-0.000378019492558,False,exploratory,L4,,,,mae_all,,90,,,,,,,L4/_dry/contrasts_per_budget.csv,RANDOM,MAXMIN,-0.0791197384292118,0.0124595602215059,0.0243280775654678,0.06811861718331,-0.002814156978418,37.0,True,0.02,False,,,,,,,,,,,,,,,,,budget16_mae_all,0.512,16.0,,0.384,0.5339644970414201
BP,AOPT_vs_RANDOM_k16_sign_acc_strong,0.1204696718901877,0.0400805582509462,0.1742506072246444,0.0018,5.0,5,,0.080751822933444,0.1327386542258326,True,exploratory,L4,,,,sign_acc_strong,,86,,,,,,,L4/_dry/contrasts_per_budget.csv,RANDOM,AOPT,0.0588406592497439,0.1885329017997798,0.0354347341008365,0.0992172554823422,0.0940112485898677,74.0,True,0.02,True,,,,,,,,,,,,,,,,,budget16_sign_acc_strong,0.00675,16.0,,0.0018,0.006042857142857142
BP,AOPT_vs_MAXMIN_k16_sign_acc_strong,0.164246913728381,0.0402508850395549,0.2673230261273234,0.0,5.0,5,,0.0768787917940051,0.1742626551282169,True,exploratory,L4,,,,sign_acc_strong,,86,,,,,,,L4/_dry/contrasts_per_budget.csv,MAXMIN,AOPT,0.0596373663581407,0.3109055038786355,0.0657619628306262,0.1841334959257536,0.0955074346693928,59.0,True,0.02,True,,,,,,,,,,,,,,,,,budget16_sign_acc_strong,0.0,16.0,,0.0,0.0
BP,UNCERT_vs_RANDOM_k16_sign_acc_strong,0.106870578287132,0.0216079313263785,0.1612606380234813,0.0124,5.0,5,,0.0700798667632878,0.1194949785314667,True,exploratory,L4,,,,sign_acc_strong,,86,,,,,,,L4/_dry/contrasts_per_budget.csv,RANDOM,UNCERT,0.0398129335381274,0.1732986099354125,0.0364246700995928,0.1019890762788599,0.088660207132368,70.0,True,0.02,True,,,,,,,,,,,,,,,,,budget16_sign_acc_strong,0.0354285714285714,16.0,,0.0124,0.03359077809798271
BP,UNCERT_vs_MAXMIN_k16_sign_acc_strong,0.1506478201253253,0.0158794425695983,0.2535814074380153,0.017,5.0,5,,0.0662068356238489,0.1625209633777928,True,exploratory,L4,,,,sign_acc_strong,,86,,,,,,,L4/_dry/contrasts_per_budget.csv,MAXMIN,UNCERT,0.0427915138473631,0.2950514534579037,0.0661758593300022,0.1852924061240062,0.0901563932118931,53.0,True,0.02,True,,,,,,,,,,,,,,,,,budget16_sign_acc_strong,0.0425,16.0,,0.017,0.04272727272727273
BP,MAXMIN_vs_RANDOM_k16_sign_acc_strong,-0.0437772418381932,-0.108560609955995,0.0499451039482684,0.4412,2.0,5,,-0.0573375621981271,0.0038730311394388,False,exploratory,L4,,,,sign_acc_strong,,86,,,,,,,L4/_dry/contrasts_per_budget.csv,RANDOM,MAXMIN,-0.1257897712197588,0.0316529550040534,0.0425980426500107,0.11927451942003,-0.001496186079525,42.0,False,0.02,False,,,,,,,,,,,,,,,,,budget16_sign_acc_strong,0.5515,16.0,,0.4412,0.595512893982808
BP,AOPT_vs_RANDOM_k20_mae_all,0.030028455218621,0.01243517220082,0.047536545891267,0.0026,5.0,5,,0.0256296306449163,0.0322356274834578,True,exploratory,L4,,,,mae_all,,90,,,,,,,L4/_dry/contrasts_per_budget.csv,RANDOM,AOPT,0.0143017319033574,0.0496203335889079,0.0087645861098351,0.0245408411075383,0.0242592115510032,69.0,True,0.02,True,,,,,,,,,,,,,,,,,budget20_mae_all,0.0086666666666666,20.0,,0.0026,0.00836986301369863
BP,AOPT_vs_MAXMIN_k20_mae_all,0.0201296627610669,0.0047783066228472,0.0418002898290544,0.0062,5.0,5,,0.0172674990954448,0.0279186566810018,True,exploratory,L4,,,,mae_all,,90,,,,,,,L4/_dry/contrasts_per_budget.csv,MAXMIN,AOPT,0.0026788788820419,0.0388269386699082,0.0096075780950291,0.0269012186660816,0.0229731153790025,56.0,True,0.02,True,,,,,,,,,,,,,,,,,budget20_mae_all,0.019578947368421,20.0,,0.0062,0.01815576323987539
BP,UNCERT_vs_RANDOM_k20_mae_all,0.0134159561903388,-0.0133936835003124,0.0330439900840381,0.3006,5.0,5,,0.0068761903481884,0.0168299263831229,False,exploratory,L4,,,,mae_all,,90,,,,,,,L4/_dry/contrasts_per_budget.csv,RANDOM,UNCERT,-0.0118347718130097,0.0341487301036964,0.011860223399733,0.0332086255192525,0.0101229738635239,52.0,True,0.02,False,,,,,,,,,,,,,,,,,budget20_mae_all,0.4508999999999999,20.0,,0.3006,0.4456845425867507
BP,UNCERT_vs_MAXMIN_k20_mae_all,0.0035171637327847,-0.0150011459410531,0.0242385285273983,0.6848,3.0,5,,-0.000544203786707,0.0074620550069707,False,exploratory,L4,,,,mae_all,,90,,,,,,,L4/_dry/contrasts_per_budget.csv,MAXMIN,UNCERT,-0.0148981952361183,0.0242753768502532,0.0097632110446487,0.0273369909250164,0.0088368776915232,50.0,False,0.02,False,,,,,,,,,,,,,,,,,budget20_mae_all,0.720842105263158,20.0,,0.6848,0.7998539324072302
BP,MAXMIN_vs_RANDOM_k20_mae_all,0.0098987924575541,-0.0120303944804135,0.0245942838057623,0.3724,4.0,5,,0.001852309354217,0.0134989927572018,False,exploratory,L4,,,,mae_all,,90,,,,,,,L4/_dry/contrasts_per_budget.csv,RANDOM,MAXMIN,-0.008439668144402,0.0274035433265275,0.0094845294463312,0.0265566824497275,0.0012860961720007,53.0,True,0.02,False,,,,,,,,,,,,,,,,,budget20_mae_all,0.512,20.0,,0.3724,0.5240359281437126
BP,AOPT_vs_RANDOM_k20_sign_acc_strong,0.0438893919636183,0.0094175567592995,0.0713276080064238,0.0184,5.0,5,,0.0365036256788412,0.04865886728248,True,exploratory,L4,,,,sign_acc_strong,,86,,,,,,,L4/_dry/contrasts_per_budget.csv,RANDOM,AOPT,0.0114764045467078,0.0726441907718047,0.0156702127073582,0.043876595580603,0.0316191239867349,56.0,True,0.02,True,,,,,,,,,,,,,,,,,budget20_sign_acc_strong,0.04416,20.0,,0.0184,0.04551578947368421
BP,AOPT_vs_MAXMIN_k20_sign_acc_strong,0.0252405811361811,0.0004232225219516,0.0617858318862006,0.0448,4.0,5,,0.020091958054728,0.0381456285849244,False,exploratory,L4,,,,sign_acc_strong,,86,,,,,,,L4/_dry/contrasts_per_budget.csv,MAXMIN,AOPT,-0.0028964086209939,0.0573098932850161,0.015959201789397,0.0446857650103118,0.0353342481505908,42.0,True,0.02,False,,,,,,,,,,,,,,,,,budget20_sign_acc_strong,0.0926896551724138,20.0,,0.0448,0.09527601809954751
BP,UNCERT_vs_RANDOM_k20_sign_acc_strong,0.042809691010552,0.0095703089166291,0.0750190242813854,0.0152,4.0,5,,0.037430981493029,0.0494922346740685,True,exploratory,L4,,,,sign_acc_strong,,86,,,,,,,L4/_dry/contrasts_per_budget.csv,RANDOM,UNCERT,0.0075851330168248,0.0736405869202276,0.0162519282072368,0.0455053989802632,0.0517784093712503,59.0,True,0.02,True,,,,,,,,,,,,,,,,,budget20_sign_acc_strong,0.0414545454545454,20.0,,0.0152,0.03914520547945206
BP,UNCERT_vs_MAXMIN_k20_sign_acc_strong,0.0241608801831147,-0.0085427029740909,0.076378124275678,0.1688,3.0,5,,0.0162098317146808,0.0431212600171833,False,exploratory,L4,,,,sign_acc_strong,,86,,,,,,,L4/_dry/contrasts_per_budget.csv,MAXMIN,UNCERT,-0.0142553280637129,0.0659760465071692,0.0217780363202882,0.0609785016968072,0.0554935335351062,25.0,True,0.02,False,,,,,,,,,,,,,,,,,budget20_sign_acc_strong,0.2978823529411765,20.0,,0.1688,0.27643205574912894
BP,MAXMIN_vs_RANDOM_k20_sign_acc_strong,0.0186488108274372,-0.0211411211041667,0.0440390633970204,0.3768,3.0,5,,0.0009372250512491,0.0228583175190294,False,exploratory,L4,,,,sign_acc_strong,,86,,,,,,,L4/_dry/contrasts_per_budget.csv,RANDOM,MAXMIN,-0.0126684156287901,0.0511417751159835,0.0171548708403164,0.048033638352886,-0.0037151241638558,52.0,True,0.02,False,,,,,,,,,,,,,,,,,budget20_sign_acc_strong,0.512,20.0,,0.3768,0.528644776119403
BP,AOPT_vs_RANDOM_k24_mae_all,0.0174869739379089,0.006486476746403,0.0301328616820327,0.0012,4.0,5,,0.0148343525238377,0.0196721367830507,False,exploratory,L4,,,,mae_all,,90,,,,,,,L4/_dry/contrasts_per_budget.csv,RANDOM,AOPT,0.007117142944455,0.0310226596087968,0.0058565329362075,0.0163982922213811,0.0223729679859643,56.0,True,0.02,True,,,,,,,,,,,,,,,,,budget24_mae_all,0.0048,24.0,,0.0012,0.004193308550185873
BP,AOPT_vs_MAXMIN_k24_mae_all,0.0094784033018465,-0.00250988392513,0.0295124780279577,0.1442,5.0,5,,0.0065937254097693,0.0166884921005242,False,exploratory,L4,,,,mae_all,,90,,,,,,,L4/_dry/contrasts_per_budget.csv,MAXMIN,AOPT,-0.0040760689867831,0.0261808396561212,0.0082855001936403,0.0231994005421929,0.0223014751820472,45.0,True,0.02,False,,,,,,,,,,,,,,,,,budget24_mae_all,0.2621818181818182,24.0,,0.1442,0.2407602131438721
BP,UNCERT_vs_RANDOM_k24_mae_all,0.0031572414630607,-0.0144862468700796,0.0151823511975974,0.733,2.0,5,,-0.0036028499877536,0.0060328619959106,False,exploratory,L4,,,,mae_all,,90,,,,,,,L4/_dry/contrasts_per_budget.csv,RANDOM,UNCERT,-0.0118375099813187,0.0170609129688204,0.0076710632336001,0.0214789770540805,0.0005593343484648,49.0,False,0.02,False,,,,,,,,,,,,,,,,,budget24_mae_all,0.7460338983050848,24.0,,0.733,0.8298243080625752
BP,UNCERT_vs_MAXMIN_k24_mae_all,-0.0048513291730016,-0.0244014360703748,0.0130322060254222,0.5884,2.0,5,,-0.0078309230943021,0.0013608482641901,False,exploratory,L4,,,,mae_all,,90,,,,,,,L4/_dry/contrasts_per_budget.csv,MAXMIN,UNCERT,-0.0278661147893202,0.0106426349730935,0.0093163724599526,0.0260858428878673,0.0004878415445477,37.0,False,0.02,False,,,,,,,,,,,,,,,,,budget24_mae_all,0.6418909090909092,24.0,,0.5884,0.7263748361730014
BP,MAXMIN_vs_RANDOM_k24_mae_all,0.0080085706360624,-0.0118245261862779,0.0219528583142829,0.416,4.0,5,,0.0005379813732957,0.0109200395691399,False,exploratory,L4,,,,mae_all,,90,,,,,,,L4/_dry/contrasts_per_budget.csv,RANDOM,MAXMIN,-0.0086739315997869,0.0246997287583819,0.0087205194919385,0.0244174545774278,7.149280391711637e-05,50.0,True,0.02,False,,,,,,,,,,,,,,,,,budget24_mae_all,0.531063829787234,24.0,,0.416,0.5667246376811593
BP,AOPT_vs_RANDOM_k24_sign_acc_strong,0.03192931783977,0.0064738868467494,0.0523117744348512,0.0168,4.0,5,,0.0263419582188419,0.0364226039320026,True,exploratory,L4,,,,sign_acc_strong,,86,,,,,,,L4/_dry/contrasts_per_budget.csv,RANDOM,AOPT,0.0063064737228201,0.0521175459520973,0.0116256138427469,0.0325517187596915,0.0355907207870804,57.0,True,0.02,True,,,,,,,,,,,,,,,,,budget24_sign_acc_strong,0.0425,24.0,,0.0168,0.04233780160857909
BP,AOPT_vs_MAXMIN_k24_sign_acc_strong,0.0099754459969051,-0.0103242145768314,0.0430105622517374,0.3814,3.0,5,,0.0042104512439275,0.0183535574651928,False,exploratory,L4,,,,sign_acc_strong,,86,,,,,,,L4/_dry/contrasts_per_budget.csv,MAXMIN,AOPT,-0.0111974315703413,0.0410674637465428,0.0136013225651303,0.038083703182365,0.02923743112068,26.0,True,0.02,False,,,,,,,,,,,,,,,,,budget24_sign_acc_strong,0.512,24.0,,0.3814,0.5319228486646884
BP,UNCERT_vs_RANDOM_k24_sign_acc_strong,0.017342272537,-0.0107983751755893,0.0355973187649294,0.2228,2.0,5,,0.0069227843694218,0.0219336724623974,False,exploratory,L4,,,,sign_acc_strong,,86,,,,,,,L4/_dry/contrasts_per_budget.csv,RANDOM,UNCERT,-0.006987813824695,0.0378083429226465,0.0120990358866242,0.0338773004825478,0.0145523075938095,52.0,True,0.02,False,,,,,,,,,,,,,,,,,budget24_sign_acc_strong,0.3427692307692307,24.0,,0.2228,0.34627479194298977
BP,UNCERT_vs_MAXMIN_k24_sign_acc_strong,-0.0046115993058648,-0.0312604342408778,0.0250331252033582,0.7336,2.0,5,,-0.0091364416506397,0.0035361866912601,False,exploratory,L4,,,,sign_acc_strong,,86,,,,,,,L4/_dry/contrasts_per_budget.csv,MAXMIN,UNCERT,-0.0337055805446258,0.0230244101597219,0.0139822381978224,0.0391502669539027,0.0081990179274092,20.0,False,0.02,False,,,,,,,,,,,,,,,,,budget24_sign_acc_strong,0.7460338983050848,24.0,,0.7336,0.8298243080625752
BP,MAXMIN_vs_RANDOM_k24_sign_acc_strong,0.0219538718428649,-0.0118516602398871,0.0441119003783099,0.21,4.0,5,,0.0079884007536491,0.0264926956745004,False,exploratory,L4,,,,sign_acc_strong,,86,,,,,,,L4/_dry/contrasts_per_budget.csv,RANDOM,MAXMIN,-0.0058314705950499,0.0489087543133515,0.0146059518318263,0.0408966651291137,0.0063532896664003,50.0,True,0.02,False,,,,,,,,,,,,,,,,,budget24_sign_acc_strong,0.331578947368421,24.0,,0.21,0.33010033444816056
