ablation,estimator_kind,outer_fold,candidate_index,inner_fold_count,inner_split_seed,max_features,min_samples_leaf,inner_macro_group_mae,inner_n_rows,inner_mae,inner_rmse,inner_r2,inner_pearson,inner_spearman,selected
A0,forest,0,0,3,104729,0.35,2,0.7225140945164015,5743,0.7156825323305965,1.0078191317850875,-0.7903520895381293,-0.0346882657599433,-0.032101723785478396,True
A0,forest,0,1,3,104729,0.7,2,0.7225140945164015,5743,0.7156825323305965,1.0078191317850875,-0.7903520895381293,0.10164071040664832,0.048506408101359116,False
A0,forest,0,2,3,104729,1.0,4,0.7225140945164015,5743,0.7156825323305965,1.0078191317850875,-0.7903520895381293,-0.01116248299013085,-0.10628984991960987,False
A1,forest,0,0,3,104729,0.35,2,0.3789762348583377,5743,0.4924789180570559,0.7350882078232748,0.04752812089711189,0.47585381720124204,0.45971659590864006,True
A1,forest,0,1,3,104729,0.7,2,0.3984780975475784,5743,0.5285942021980587,0.8027675799183333,-0.1359334816680302,0.396362921697883,0.34093229777286693,False
A1,forest,0,2,3,104729,1.0,4,0.40881400254685923,5743,0.567751336226477,0.8845398982493238,-0.37913920587554806,0.30197931363264785,0.27223374687993557,False
A2,forest,0,0,3,104729,0.35,2,0.3396239034867877,5743,0.3654244665353483,0.536414893712702,0.4928050673919028,0.7058488643070235,0.7212176286191163,True
A2,forest,0,1,3,104729,0.7,2,0.3507475646207711,5743,0.38587489574265477,0.5633032446220926,0.4406833393279126,0.6727135488710602,0.7043970205152568,False
A2,forest,0,2,3,104729,1.0,4,0.3666459358593084,5743,0.4053411181132093,0.5888909590295891,0.3887160060520053,0.6401125478889897,0.6870025763345623,False
A3,forest,0,0,3,104729,0.35,2,0.3594601503890671,5743,0.49326205002141343,0.7512139074600718,0.005280825376341891,0.4472669955078148,0.3995085440993671,True
A3,forest,0,1,3,104729,0.7,2,0.365576628036868,5743,0.511877387745577,0.7920560001670423,-0.10582149396456608,0.3949618688757996,0.34046192262369784,False
A3,forest,0,2,3,104729,1.0,4,0.3704378793452933,5743,0.514515392891582,0.7922874439216683,-0.1064678444030076,0.3960281609943673,0.3531497663180473,False
A4,forest,0,0,3,104729,0.35,2,0.3447214911492395,5743,0.35791000250871297,0.5247922928678901,0.5145459292240837,0.7199680471890048,0.7311202125304253,True
A4,forest,0,1,3,104729,0.7,2,0.35046359218897494,5743,0.3829712810633092,0.5616492363205187,0.4439631223495366,0.6739068610107499,0.715562664534547,False
A4,forest,0,2,3,104729,1.0,4,0.36523850001427477,5743,0.40552511882925146,0.5933204022039433,0.37948566998197975,0.6327844677142629,0.701333943817585,False
A5,forest,0,0,3,104729,0.35,2,0.34725527615627044,5743,0.3638382850928222,0.5318716441744601,0.501360216775809,0.7112360363891932,0.727494478238761,True
A5,forest,0,1,3,104729,0.7,2,0.35039521705643045,5743,0.3720877287961964,0.5473397652750619,0.4719351577889588,0.6918456852036178,0.7184459987246504,False
A5,forest,0,2,3,104729,1.0,4,0.3634128715219924,5743,0.3969661637769094,0.5801664389081518,0.4066943892808321,0.6514751609592967,0.7027815458423295,False
A6,forest,0,0,3,104729,0.35,2,0.3462409971706434,5743,0.36044611977208074,0.5303058841320577,0.5042917550284423,0.7128585639579404,0.7287199220005791,True
A6,forest,0,1,3,104729,0.7,2,0.34998856007463147,5743,0.37666062425151176,0.5541698195210509,0.4586738704868315,0.6826750883880593,0.720587933155905,False
A6,forest,0,2,3,104729,1.0,4,0.3625640420392952,5743,0.396748088219472,0.5836974053051495,0.3994505465649294,0.6459251878864498,0.7059209341771422,False
A2+D1,forest,0,0,3,104729,0.35,2,0.34678324522498793,5743,0.3664304947895624,0.5354956968292373,0.4945418295809394,0.7062077311131165,0.7255452164299123,True
A2+D1,forest,0,1,3,104729,0.7,2,0.34916286637207533,5743,0.3833094133936567,0.5577791958602065,0.45159945940698487,0.6787804205812605,0.7147280347955209,False
A2+D1,forest,0,2,3,104729,1.0,4,0.36462254856467397,5743,0.407921271318843,0.5933169985217949,0.37949278933092534,0.6330224024201525,0.6950413038863363,False
A2+D2,forest,0,0,3,104729,0.35,2,0.3469954767440755,5743,0.36995444241253994,0.5383892011510135,0.48906467345227855,0.7040251559535635,0.7202415264794129,True
A2+D2,forest,0,1,3,104729,0.7,2,0.3533112934984191,5743,0.39460730000778954,0.5743310921374232,0.4185693704201139,0.6565539949357373,0.7087272281593663,False
A2+D2,forest,0,2,3,104729,1.0,4,0.3705607075610223,5743,0.415568114889767,0.6041296655886771,0.3566703395658519,0.6193451380396487,0.6897272064943132,False
A2+D3,forest,0,0,3,104729,0.35,2,0.3419398488448165,5743,0.3613123063129073,0.5322127475485239,0.500720429882706,0.7112415330478377,0.7223509185594429,True
A2+D3,forest,0,1,3,104729,0.7,2,0.34760715738477743,5743,0.37134631286103875,0.5489953415004547,0.4687357783239805,0.691978847734374,0.7086892778050076,False
A2+D3,forest,0,2,3,104729,1.0,4,0.36752328853149696,5743,0.3935424581751163,0.5776684870502581,0.41179243775432794,0.6553498987669907,0.6928778748174031,False
A2+D4,forest,0,0,3,104729,0.35,2,0.346778855956424,5743,0.37172947997833083,0.5411626582703007,0.4837870522488096,0.6993393891658197,0.7226363400788225,True
A2+D4,forest,0,1,3,104729,0.7,2,0.35196729561697715,5743,0.39368440688026396,0.5710047377935011,0.42528481251612116,0.6614081076527545,0.7084753852978471,False
A2+D4,forest,0,2,3,104729,1.0,4,0.36651921314838776,5743,0.4168529859495673,0.604895303122232,0.3550386717922146,0.6173030335994725,0.6866162652366736,False
A2+D5,forest,0,0,3,104729,0.35,2,0.3462675922779988,5743,0.37017249361500165,0.5393843491071201,0.48717412232285295,0.7026871094067462,0.721181977032925,True
A2+D5,forest,0,1,3,104729,0.7,2,0.35068876815448485,5743,0.3898063022670009,0.5696704589808543,0.42796757261601603,0.6635354522224876,0.7097299048905193,False
A2+D5,forest,0,2,3,104729,1.0,4,0.36819021837284027,5743,0.4098492621457571,0.5968996831597123,0.3719764242724548,0.628457286287974,0.690268303407614,False
A5_SHUFFLED_s1009,forest,0,0,3,104729,0.35,2,0.34435261455588945,5743,0.36219329409311657,0.5287653934124322,0.5071675473965527,0.7140791134572643,0.7257698380359766,True
A5_SHUFFLED_s1009,forest,0,1,3,104729,0.7,2,0.3522693562062833,5743,0.38304827239656564,0.5570005699916442,0.453129458439514,0.6790978816362834,0.7116847744882737,False
A5_SHUFFLED_s1009,forest,0,2,3,104729,1.0,4,0.36944141905611216,5743,0.4070322704799781,0.5896537364054616,0.3871314153206299,0.6379162259094119,0.6874744824818976,False
A5_SHUFFLED_s2017,forest,0,0,3,104729,0.35,2,0.34607849633287996,5743,0.36233623151579836,0.5282005273340918,0.5082199447090017,0.7153929393401406,0.7229265873647666,True
A5_SHUFFLED_s2017,forest,0,1,3,104729,0.7,2,0.35389809021052054,5743,0.3798745764637509,0.5524612589162406,0.46200664937572133,0.685600820043552,0.7106384001106268,False
A5_SHUFFLED_s2017,forest,0,2,3,104729,1.0,4,0.3669836093259202,5743,0.40166998631203765,0.5816361294123504,0.40368463201942306,0.6490087263854576,0.6927025503825304,False
A5_SHUFFLED_s3019,forest,0,0,3,104729,0.35,2,0.3478703770711099,5743,0.3645684219248612,0.5302981534438623,0.5043062075852031,0.7127268293135846,0.724950651420488,True
A5_SHUFFLED_s3019,forest,0,1,3,104729,0.7,2,0.35568933066662484,5743,0.38244077894383627,0.557756066718876,0.45164493894699687,0.6787444404932398,0.7146861181605414,False
A5_SHUFFLED_s3019,forest,0,2,3,104729,1.0,4,0.3683971282194926,5743,0.40458654083363627,0.5897283753568167,0.38697625048131334,0.6384200078986181,0.6995180445229852,False
A5s,forest,0,0,3,104729,0.35,2,0.3440950252908078,5743,0.3596180542557058,0.5286509122482992,0.5073809271901113,0.7146829084086795,0.7319899165114219,True
A5s,forest,0,1,3,104729,0.7,2,0.3500707223704383,5743,0.3712019015973888,0.5467896043809397,0.47299619751289634,0.6926857679512699,0.7210388232888886,False
A5s,forest,0,2,3,104729,1.0,4,0.36199771180813556,5743,0.39038244309825154,0.5732271261571581,0.4208024472658686,0.6594156980054582,0.7110006165285406,False
A6s,forest,0,0,3,104729,0.35,2,0.35944775477621976,5743,0.36745681043779316,0.5370591757100746,0.4915859632546784,0.7043240794408588,0.7284196874486671,False
A6s,forest,0,1,3,104729,0.7,2,0.3579968584024039,5743,0.37706538425266695,0.5527952661633091,0.46135593226309213,0.6845172641067448,0.7243264663501844,True
A6s,forest,0,2,3,104729,1.0,4,0.3731032414795204,5743,0.4054414964897579,0.5920783709475721,0.38208086649612194,0.6341269815487054,0.7052312520319826,False
C1,forest,0,0,3,104729,0.35,2,0.3486239491109309,5743,0.3635533262775985,0.5298412148896661,0.5051600820302821,0.7131708670606012,0.7269893754241122,True
C1,forest,0,1,3,104729,0.7,2,0.350021596791839,5743,0.37152949271492314,0.5451971358347263,0.4760614162981164,0.6945080572768937,0.720426745991047,False
C1,forest,0,2,3,104729,1.0,4,0.3659459595864831,5743,0.4021756459377455,0.5899542502263512,0.38650656585143395,0.6366761249208873,0.7008111796896042,False
C2,forest,0,0,3,104729,0.35,2,0.34366050099685835,5743,0.3598111804762197,0.5237639571739359,0.516446569352795,0.7205715965381158,0.721440697978659,True
C2,forest,0,1,3,104729,0.7,2,0.35164009663642304,5743,0.3786410609108427,0.5484623858843147,0.46976676272498474,0.6897361288053268,0.710363232008489,False
C2,forest,0,2,3,104729,1.0,4,0.36450936044558085,5743,0.3953529417809704,0.5722402422927197,0.42279505595850275,0.6606014972002757,0.6946292050492197,False
C3,forest,0,0,3,104729,0.35,2,0.3499113118902612,5743,0.35781392405535073,0.5234380592453027,0.5170481381759724,0.7209991328334724,0.7287747640662592,True
C3,forest,0,1,3,104729,0.7,2,0.3520119404486104,5743,0.3713039438176921,0.5471323574725149,0.4723352895678926,0.6919750472989346,0.7202010325666091,False
C3,forest,0,2,3,104729,1.0,4,0.3670512004426704,5743,0.39299497018731533,0.57854474256462,0.4100066002105388,0.6509432821587122,0.7027259829689536,False
E2,forest,0,0,3,104729,0.35,2,0.34687005276563754,5743,0.37075177277648397,0.5395020407190279,0.4869503045983655,0.7016176539137753,0.7184554358705735,True
E2,forest,0,1,3,104729,0.7,2,0.35388824309454137,5743,0.3927839496815207,0.5749045021895474,0.417407794444398,0.6550650110694932,0.7041584324194143,False
E2,forest,0,2,3,104729,1.0,4,0.37148586792482524,5743,0.41630732647801555,0.6088316219727136,0.3466172677025392,0.6110424035673307,0.6813211328190326,False
E3,forest,0,0,3,104729,0.35,2,0.34302580307215336,5743,0.3590057913129356,0.5225943731902591,0.5186037429652308,0.7218821860062009,0.7271092822210444,True
E3,forest,0,1,3,104729,0.7,2,0.3496149115071192,5743,0.3732051061503743,0.5395492126487582,0.48686058259401055,0.7016038866050229,0.7097072350635105,False
E3,forest,0,2,3,104729,1.0,4,0.36297358121326134,5743,0.3986555156095329,0.576186081073143,0.41480746667080626,0.6560588488303196,0.6963656081613139,False
E4,forest,0,0,3,104729,0.35,2,0.34350226975371256,5743,0.3635604355564422,0.5308101453524803,0.5033485812977859,0.712922415386321,0.7229234673228108,True
E4,forest,0,1,3,104729,0.7,2,0.3499023093536021,5743,0.38466788032775845,0.5613752622388639,0.4445054627542072,0.6747295055281494,0.7067072160684493,False
E4,forest,0,2,3,104729,1.0,4,0.3673932707657099,5743,0.4068209957890371,0.5917539658054733,0.3827578080574692,0.636621687906606,0.6867964374311613,False
G2,forest,0,0,3,104729,0.35,2,0.3483329910340371,5743,0.3671759140950628,0.5317945318189222,0.5015047948945281,0.710972818906926,0.7248372476361666,True
G2,forest,0,1,3,104729,0.7,2,0.3540689056615407,5743,0.3870179227403062,0.5606200939866527,0.44599897240615427,0.6750208868047688,0.7143556610532182,False
G2,forest,0,2,3,104729,1.0,4,0.3641314588571363,5743,0.4084232201753323,0.5923220093664122,0.381572218238601,0.635304149353296,0.693490745112671,False
G4,forest,0,0,3,104729,0.35,2,0.3450211576553942,5743,0.36461718201452675,0.5322587103933298,0.5006341888055041,0.7106108398628054,0.7325559505948207,True
G4,forest,0,1,3,104729,0.7,2,0.34958780504485043,5743,0.3845881393393158,0.562403659902266,0.4424683493151752,0.6729804231489965,0.7202761628472768,False
G4,forest,0,2,3,104729,1.0,4,0.3672526856160112,5743,0.4100850748613622,0.5993166790941447,0.36688007822995683,0.6252076004637906,0.7010727034343218,False
G2_SHUFFLED_s1009,forest,0,0,3,104729,0.35,2,0.3494687763765569,5743,0.36489093401583866,0.5310562404319973,0.5028879578369417,0.7107793045537667,0.7239434514706218,True
G2_SHUFFLED_s1009,forest,0,1,3,104729,0.7,2,0.3541137670147529,5743,0.38216686004715406,0.5550186474776573,0.4570142901877823,0.6814753475403729,0.7074402100234141,False
G2_SHUFFLED_s1009,forest,0,2,3,104729,1.0,4,0.36654302574508846,5743,0.4013708742839642,0.5826716062900347,0.4015595219017992,0.6469264324459966,0.693463947287125,False
G2_SHUFFLED_s2017,forest,0,0,3,104729,0.35,2,0.3483770236411388,5743,0.3654340078111155,0.531482951252555,0.5020887644817427,0.7111275184798818,0.7197730275888892,True
G2_SHUFFLED_s2017,forest,0,1,3,104729,0.7,2,0.3549333371791723,5743,0.38085427927130994,0.5527466828974792,0.4614506072343769,0.6849088829482631,0.7064541419008883,False
G2_SHUFFLED_s2017,forest,0,2,3,104729,1.0,4,0.3679512779808978,5743,0.40313387783373467,0.5835499368988132,0.39975396022626786,0.6463397899846083,0.6884719432486357,False
G2_SHUFFLED_s3019,forest,0,0,3,104729,0.35,2,0.35168365170807886,5743,0.3650286414034088,0.5314054097497422,0.5022340408972332,0.7110091122493876,0.7238778808004395,True
G2_SHUFFLED_s3019,forest,0,1,3,104729,0.7,2,0.35416355800923754,5743,0.3807604388265777,0.5550512202136068,0.4569505552151977,0.6815298822800342,0.7165449273022589,False
G2_SHUFFLED_s3019,forest,0,2,3,104729,1.0,4,0.3710750980263798,5743,0.40442340442952474,0.5910048845444958,0.3843195108608912,0.6356985033435876,0.6975198737215805,False
E3_SHUFFLED_s1009,forest,0,0,3,104729,0.35,2,0.3499756340967991,5743,0.36755041366970204,0.533752839431867,0.4978266661659353,0.7079921050026771,0.7224655068147561,True
E3_SHUFFLED_s1009,forest,0,1,3,104729,0.7,2,0.3514193869191661,5743,0.38234139275672685,0.5536151409853767,0.45975697427725604,0.6834785109349685,0.7119797124806653,False
E3_SHUFFLED_s1009,forest,0,2,3,104729,1.0,4,0.36516399249211495,5743,0.4061689375925896,0.5869130191782254,0.3928154151106814,0.6424957362683046,0.6922672918047645,False
E3_SHUFFLED_s2017,forest,0,0,3,104729,0.35,2,0.34941021894472274,5743,0.36247492740167364,0.5294478824039568,0.5058945072292185,0.7134968996980825,0.7305702610067009,True
E3_SHUFFLED_s2017,forest,0,1,3,104729,0.7,2,0.3505899482973049,5743,0.3809897136696356,0.5526951420938666,0.46155103650961404,0.6848201500849403,0.7136724026735937,False
E3_SHUFFLED_s2017,forest,0,2,3,104729,1.0,4,0.3656275398757955,5743,0.4047632884586697,0.5876475321686531,0.3912946990167778,0.6414686398256796,0.6936830939595833,False
E3_SHUFFLED_s3019,forest,0,0,3,104729,0.35,2,0.3494897511696034,5743,0.3631962973920804,0.5288228181098202,0.5070604969293395,0.7143585264547461,0.727968203083178,True
E3_SHUFFLED_s3019,forest,0,1,3,104729,0.7,2,0.3548390680519579,5743,0.3881591014653748,0.5640020212546589,0.43929481606638354,0.6711674061985732,0.7104829237810657,False
E3_SHUFFLED_s3019,forest,0,2,3,104729,1.0,4,0.3678293492753381,5743,0.4031546130435021,0.5865610574116393,0.3935434333154372,0.6425111940443362,0.6984334468261615,False
E2_SHUFFLED_s1009,forest,0,0,3,104729,0.35,2,0.353350140919083,5743,0.3683492343096153,0.5373714673869131,0.49099452141207944,0.7041458284409613,0.7185994683634115,True
E2_SHUFFLED_s1009,forest,0,1,3,104729,0.7,2,0.35508079443388374,5743,0.38488089156169414,0.5590306219616579,0.44913593038638133,0.6762950171004516,0.7021915570019422,False
E2_SHUFFLED_s1009,forest,0,2,3,104729,1.0,4,0.3715705781355143,5743,0.4078435977603123,0.5919017412197767,0.3824494886713884,0.634375700606585,0.6847570751574649,False
E2_SHUFFLED_s2017,forest,0,0,3,104729,0.35,2,0.3468896594964184,5743,0.36396769402353374,0.5319482360059896,0.5012165938375419,0.7110602605691978,0.7235736632507808,True
E2_SHUFFLED_s2017,forest,0,1,3,104729,0.7,2,0.35342061051192436,5743,0.38767423450931,0.5644577922357983,0.4383882363072955,0.6699236624383641,0.7047902970791848,False
E2_SHUFFLED_s2017,forest,0,2,3,104729,1.0,4,0.3687399003014803,5743,0.4106933998408465,0.5964821973539737,0.3728546262372098,0.6295271806671476,0.6873661966663408,False
E2_SHUFFLED_s3019,forest,0,0,3,104729,0.35,2,0.3454140315332343,5743,0.36554819122455756,0.532682541162613,0.4998385950180856,0.7099983528082547,0.723570202096371,True
E2_SHUFFLED_s3019,forest,0,1,3,104729,0.7,2,0.35558072541521596,5743,0.3858675365477025,0.5625365483725292,0.4422048436282511,0.6724269186407846,0.7044062945416976,False
E2_SHUFFLED_s3019,forest,0,2,3,104729,1.0,4,0.3704248923592325,5743,0.4100439919792405,0.5972857949168444,0.3711636722435946,0.6276757666066282,0.6875471695293858,False
E4_SHUFFLED_s1009,forest,0,0,3,104729,0.35,2,0.3433195753999415,5743,0.36627769675290955,0.5354883515807809,0.49455569594963245,0.7070101079347131,0.7207366656400345,True
E4_SHUFFLED_s1009,forest,0,1,3,104729,0.7,2,0.35078411731901016,5743,0.38577239649303335,0.5634093048566169,0.4404727002401648,0.6714919866362985,0.7061018141369878,False
E4_SHUFFLED_s1009,forest,0,2,3,104729,1.0,4,0.36700556302210074,5743,0.40741745776189725,0.5921983445152939,0.3818304216983519,0.6357892825612004,0.6880043950172233,False
E4_SHUFFLED_s2017,forest,0,0,3,104729,0.35,2,0.34385179654371606,5743,0.365565175145545,0.5336272259973687,0.4980630013755083,0.7089886525695592,0.7210435623601055,True
E4_SHUFFLED_s2017,forest,0,1,3,104729,0.7,2,0.34857952442698525,5743,0.38305773160254464,0.5588194722142892,0.44955198216640646,0.6776403513439949,0.7081898360499307,False
E4_SHUFFLED_s2017,forest,0,2,3,104729,1.0,4,0.36843406726921524,5743,0.40973028092983393,0.5954888813391647,0.37494164525265694,0.6316279535899197,0.6856506756607537,False
E4_SHUFFLED_s3019,forest,0,0,3,104729,0.35,2,0.3447219646764916,5743,0.36769277635017145,0.5366340606009702,0.4923905261656363,0.7062814345447225,0.7193110723581864,True
E4_SHUFFLED_s3019,forest,0,1,3,104729,0.7,2,0.34921822005548286,5743,0.3824238591991758,0.559141115304691,0.44891815044578043,0.6773054275652721,0.7093278571909433,False
E4_SHUFFLED_s3019,forest,0,2,3,104729,1.0,4,0.3685770529152345,5743,0.409802057450624,0.5951081445226436,0.3757406749449147,0.6324900104817414,0.6864144402859149,False
G4_SHUFFLED_s1009,forest,0,0,3,104729,0.35,2,0.34719556684775227,5743,0.36782873242317854,0.5337290026845327,0.49787151805507046,0.707907355821058,0.7258990120242672,True
G4_SHUFFLED_s1009,forest,0,1,3,104729,0.7,2,0.35438445580730693,5743,0.3866249702615763,0.5611950814135118,0.44486199218616274,0.6738204898958176,0.7112374059052456,False
G4_SHUFFLED_s1009,forest,0,2,3,104729,1.0,4,0.3702238014013746,5743,0.40636062131787737,0.5883728329544214,0.38979118929375944,0.639667211496071,0.6960189600662434,False
G4_SHUFFLED_s2017,forest,0,0,3,104729,0.35,2,0.3472005741989985,5743,0.3671677569277347,0.5335462225808469,0.49821537563170626,0.7087006624022133,0.7253065376023256,True
G4_SHUFFLED_s2017,forest,0,1,3,104729,0.7,2,0.3533611783580833,5743,0.38080999129406334,0.553274886504831,0.4604208420371032,0.6843047917966089,0.7127059745767848,False
G4_SHUFFLED_s2017,forest,0,2,3,104729,1.0,4,0.37096171544133555,5743,0.4081824664027477,0.590822508389577,0.38469943366124626,0.6369029191321358,0.6902663245279389,False
G4_SHUFFLED_s3019,forest,0,0,3,104729,0.35,2,0.34782093987986484,5743,0.3665057653842367,0.5343689517049909,0.49666667712549983,0.7077674527994564,0.7278505277539722,True
G4_SHUFFLED_s3019,forest,0,1,3,104729,0.7,2,0.3513462728812351,5743,0.3855113639241898,0.5624760572240521,0.44232479976462225,0.6722946510919022,0.713766692757598,False
G4_SHUFFLED_s3019,forest,0,2,3,104729,1.0,4,0.3693047876714685,5743,0.40386422978720815,0.5898082096975363,0.38681026335375557,0.6374483201697709,0.6991193632171973,False
S1,forest,0,0,3,104729,0.35,2,0.3836006330814697,5743,0.41156748758093975,0.5738621916978891,0.4195183762766739,0.6788129383897807,0.7131105555730652,True
S1,forest,0,1,3,104729,0.7,2,0.3897602557159115,5743,0.39920538814585177,0.558465247602054,0.4502495972198288,0.6883964137564353,0.7138939738801273,False
S1,forest,0,2,3,104729,1.0,4,0.3902396951541152,5743,0.39431070610485164,0.5576495431464757,0.4518543751701988,0.6864629779204012,0.7184923701241459,False
S2,forest,0,0,3,104729,0.35,2,0.3653913367899196,5743,0.38743732520728974,0.5655957568498393,0.4361214998398304,0.6796942322896146,0.7118038168541223,True
S2,forest,0,1,3,104729,0.7,2,0.37761137074596823,5743,0.40997095131817396,0.5915812642716942,0.38311803586894755,0.6506818590675221,0.689426009300433,False
S2,forest,0,2,3,104729,1.0,4,0.38403994514667944,5743,0.4126434309764947,0.5985267028215029,0.36854804477460346,0.6347027942795512,0.6905738650356836,False
S3,forest,0,0,3,104729,0.35,2,0.3936267319320929,5743,0.4142491707797066,0.5849799833856957,0.39680843163284585,0.6612403246406889,0.7132543885721432,False
S3,forest,0,1,3,104729,0.7,2,0.3913030112580323,5743,0.39909793788349585,0.5660140569072603,0.4352871313779807,0.6779657193040677,0.7207596972757148,True
S3,forest,0,2,3,104729,1.0,4,0.39349869750333155,5743,0.3962453391437229,0.5655910702820961,0.4361308444779729,0.6765543354949405,0.7225353565048491,False
S4,forest,0,0,3,104729,0.35,2,0.392198225663569,5743,0.40121842355299847,0.5637892934089795,0.43971770501727114,0.685519868885489,0.7210394756909156,False
S4,forest,0,1,3,104729,0.7,2,0.39039406279632777,5743,0.39687369325990857,0.558376848947549,0.45042362183438867,0.6876927808837501,0.7212950796210651,True
S4,forest,0,2,3,104729,1.0,4,0.39418457023630615,5743,0.39552748168373675,0.559904199084461,0.4474129541326589,0.6843500665719034,0.7193243974131548,False
S5,forest,0,0,3,104729,0.35,2,0.38212128819134267,5743,0.4058057898523691,0.5645592257288129,0.43818637405246774,0.6875890318514614,0.7152263880706544,True
S5,forest,0,1,3,104729,0.7,2,0.3854960942402584,5743,0.39794962697729347,0.5565265500731047,0.4540598604509839,0.6910578174896833,0.7165274571858825,False
S5,forest,0,2,3,104729,1.0,4,0.39219311472785007,5743,0.3956485459341173,0.5588514936661132,0.44948889685686577,0.6846300825612469,0.7172044655712138,False
S4_SHUFFLED_s1009,forest,0,0,3,104729,0.35,2,0.39010324681482106,5743,0.4042497577431618,0.566377152370545,0.4345623774755968,0.6831419120872669,0.713356714323657,True
S4_SHUFFLED_s1009,forest,0,1,3,104729,0.7,2,0.3932149969680079,5743,0.3988591816534739,0.5612271740170974,0.4447984979253624,0.6834003684529837,0.7148361860005356,False
S4_SHUFFLED_s1009,forest,0,2,3,104729,1.0,4,0.39591697662896963,5743,0.3929647580031994,0.5581730637701128,0.45082469534956615,0.685592746948768,0.719599745020197,False
S4_SHUFFLED_s2017,forest,0,0,3,104729,0.35,2,0.3959503769314002,5743,0.40545770990854635,0.567534377942333,0.43224940511055476,0.680123550687106,0.7082564551655303,False
S4_SHUFFLED_s2017,forest,0,1,3,104729,0.7,2,0.3933387325697995,5743,0.3960955291604619,0.556799106745779,0.45352498546645925,0.6887911726366119,0.7133153815789162,True
S4_SHUFFLED_s2017,forest,0,2,3,104729,1.0,4,0.3971218597295352,5743,0.39216035446261527,0.5561908599840895,0.4547182708067544,0.6870513323878703,0.7149758791499919,False
S4_SHUFFLED_s3019,forest,0,0,3,104729,0.35,2,0.3896823295809827,5743,0.402087693705617,0.564184894497354,0.438931148579796,0.6863068910637361,0.7165096158532567,True
S4_SHUFFLED_s3019,forest,0,1,3,104729,0.7,2,0.3913081685179099,5743,0.39598231897363123,0.5580634324102485,0.4510404023648853,0.688603786725667,0.7195114746409643,False
S4_SHUFFLED_s3019,forest,0,2,3,104729,1.0,4,0.3952566395719414,5743,0.38972967671120046,0.5543685392023845,0.45828557275098636,0.6893934525688249,0.7225158735159283,False
S5_SHUFFLED_s1009,forest,0,0,3,104729,0.35,2,0.38961950418429986,5743,0.40852608447824057,0.5722410449387507,0.42279343673794445,0.6771466565971612,0.7129836888049136,True
S5_SHUFFLED_s1009,forest,0,1,3,104729,0.7,2,0.3898785486654636,5743,0.3993401391049771,0.5603606112171506,0.44651169199760177,0.6871890230944792,0.7167606588420692,False
S5_SHUFFLED_s1009,forest,0,2,3,104729,1.0,4,0.39347154612671587,5743,0.39296526247998925,0.556521573794865,0.4540696236433782,0.6883597151954737,0.7203031528664203,False
S5_SHUFFLED_s2017,forest,0,0,3,104729,0.35,2,0.39050462649415735,5743,0.40678362930920725,0.5684141523524843,0.43048782162555466,0.6808195935714109,0.7163743847400336,False
S5_SHUFFLED_s2017,forest,0,1,3,104729,0.7,2,0.3902454270831084,5743,0.39902061170269826,0.5597639568491766,0.4476897384011166,0.6871793629877763,0.7177886974844597,True
S5_SHUFFLED_s2017,forest,0,2,3,104729,1.0,4,0.39334230408443555,5743,0.39184548229079197,0.5550630304204104,0.4569274452958013,0.6902880333459489,0.7235388131494376,False
S5_SHUFFLED_s3019,forest,0,0,3,104729,0.35,2,0.38795491282039785,5743,0.40186273817252355,0.5600513443433653,0.44712247140918837,0.6931259740937045,0.7186091847090841,True
S5_SHUFFLED_s3019,forest,0,1,3,104729,0.7,2,0.39151839032583935,5743,0.40182921549993594,0.5641884720123727,0.43892403304506267,0.6814414250187276,0.7160233188742628,False
S5_SHUFFLED_s3019,forest,0,2,3,104729,1.0,4,0.39354233815855366,5743,0.3936163750887997,0.5580601620477675,0.4510468363704374,0.6863825412306475,0.7206769635465804,False
B0_trivial,mean,0,0,3,104729,0.0,0,0.7225140945164015,5743,0.7156825323305965,1.0078191317850875,-0.7903520895381293,,,True
B1_ridge_A2,ridge,0,0,3,104729,1.0,0,0.4264540060960571,5743,0.3608331345471137,0.5190819388238608,0.525053067872285,0.727277072858606,0.7302615991719903,True
B1_ridge_A2,ridge,0,1,3,104729,10.0,0,0.42776463658908814,5743,0.3601473423254703,0.5183113889288551,0.5264620888744602,0.7290683693076435,0.7308190651561627,False
B1_ridge_A2,ridge,0,2,3,104729,100.0,0,0.44054001177534113,5743,0.36990786183783586,0.5248509762635268,0.5144373541307157,0.724887296207468,0.7200751560826797,False
B2_ridge_A5,ridge,0,0,3,104729,1.0,0,0.45061326215411923,5743,0.4066942519532067,0.5727320979660755,0.42180238359514144,0.6658134133132947,0.6771319156211097,True
B2_ridge_A5,ridge,0,1,3,104729,10.0,0,0.45063990684585375,5743,0.40331769248840244,0.5702029773311055,0.4268976202058321,0.666250135171431,0.6790723191977317,False
B2_ridge_A5,ridge,0,2,3,104729,100.0,0,0.45661194789906795,5743,0.4051255580161319,0.5694414088283538,0.428427479819955,0.6612357939034448,0.6693720659220473,False
A0,forest,1,0,3,114736,0.35,2,0.6513743071193793,5783,0.681088853682641,0.9909925540347919,-0.6888422928770943,0.0190586671890203,0.022166015630716327,True
A0,forest,1,1,3,114736,0.7,2,0.6513743071193793,5783,0.681088853682641,0.9909925540347919,-0.6888422928770943,0.20588079994375325,0.21554576721861185,False
A0,forest,1,2,3,114736,1.0,4,0.6513743071193793,5783,0.681088853682641,0.9909925540347919,-0.6888422928770943,0.06950934091036141,0.09562585107716799,False
A1,forest,1,0,3,114736,0.35,2,0.3904301550910762,5783,0.5528712654957868,0.8024897332989838,-0.10745804767210987,0.390397439609961,0.23518703042433575,True
A1,forest,1,1,3,114736,0.7,2,0.39306360341878727,5783,0.5609718326274339,0.8178083543269339,-0.15014183084770027,0.3779024914490129,0.22618274416061862,False
A1,forest,1,2,3,114736,1.0,4,0.39220686198012816,5783,0.571802386594324,0.8353418859284909,-0.19998779933017063,0.3652985718260664,0.21476998809409015,False
A2,forest,1,0,3,114736,0.35,2,0.34108535710660703,5783,0.4545859902446349,0.6699567065321991,0.22813421266597134,0.5462125436610202,0.5217665216897139,True
A2,forest,1,1,3,114736,0.7,2,0.3475455139881727,5783,0.45903423109636476,0.6853962359999993,0.19214811309784297,0.52613207697385,0.5200630604470232,False
A2,forest,1,2,3,114736,1.0,4,0.35775260678475646,5783,0.4596197037618856,0.6875733195861553,0.18700786212102938,0.5210115169504891,0.5071333449015524,False
A3,forest,1,0,3,114736,0.35,2,0.42637847481465424,5783,0.586365975585785,0.8765489272960166,-0.3212975774834226,0.26725545787766675,0.16677455472689315,False
A3,forest,1,1,3,114736,0.7,2,0.41723424502686096,5783,0.5831205954569011,0.8838005038949476,-0.34324985764373483,0.2645473193689453,0.18194358837200245,False
A3,forest,1,2,3,114736,1.0,4,0.41224439651111205,5783,0.5820115819953787,0.8785382378173227,-0.32730170052205865,0.28477874509976353,0.18727748921537318,True
A4,forest,1,0,3,114736,0.35,2,0.3560801400687063,5783,0.45438445898457874,0.6645141467439889,0.24062416022031297,0.5486401938879646,0.5298381300483916,True
A4,forest,1,1,3,114736,0.7,2,0.35804715710470697,5783,0.4550130700365927,0.6754390070548676,0.21545006784997978,0.5335637032334398,0.5224235899356875,False
A4,forest,1,2,3,114736,1.0,4,0.36744063660959103,5783,0.4593854760220978,0.6831317627196041,0.19747740122829816,0.5231367432734297,0.5174988814352816,False
A5,forest,1,0,3,114736,0.35,2,0.35997613204153156,5783,0.4629233016907427,0.6824604741247169,0.19905384549502358,0.5217335833584877,0.4917275722019057,True
A5,forest,1,1,3,114736,0.7,2,0.3600395623337121,5783,0.46598190242386484,0.6924488954537606,0.17543714410182953,0.5110138034708539,0.47606115852879655,False
A5,forest,1,2,3,114736,1.0,4,0.36951055370800434,5783,0.4657305878766482,0.6919863900527938,0.17653827204023353,0.510660668720413,0.4821182710137857,False
A6,forest,1,0,3,114736,0.35,2,0.3660573821335092,5783,0.4619137505430292,0.6790426258587271,0.2070562357427742,0.5261479115194738,0.5043792814703507,False
A6,forest,1,1,3,114736,0.7,2,0.36532223726574936,5783,0.4601795256273222,0.6803721830982697,0.20394804724230375,0.5247406357692445,0.4954589015128843,True
A6,forest,1,2,3,114736,1.0,4,0.375349972900169,5783,0.462524258503289,0.6820938164142495,0.19991424461018303,0.5220442870240984,0.4970586306670783,False
A2+D1,forest,1,0,3,114736,0.35,2,0.3533183666998498,5783,0.4596401067807856,0.6760702695981725,0.2139829082310547,0.5346039005564314,0.5168272462447223,True
A2+D1,forest,1,1,3,114736,0.7,2,0.35333921553311604,5783,0.46110486393254574,0.6872514546650295,0.18776883523010512,0.5197046247285564,0.5133769844422074,False
A2+D1,forest,1,2,3,114736,1.0,4,0.36397609992158664,5783,0.4626359684570212,0.6865171790037672,0.18950352190645647,0.5197188581118681,0.5094689102446354,False
A2+D2,forest,1,0,3,114736,0.35,2,0.34901645378208374,5783,0.45907428202860967,0.6737986397979253,0.21925614735391818,0.5381842388744523,0.5105412046408403,True
A2+D2,forest,1,1,3,114736,0.7,2,0.35582107942464364,5783,0.4613762598474228,0.6879015554755555,0.18623145941471908,0.5195290577932664,0.4969236588811667,False
A2+D2,forest,1,2,3,114736,1.0,4,0.3641490721452727,5783,0.45777092918301066,0.6811081881082727,0.20222482826581667,0.5274839619006649,0.5240746881302447,False
A2+D3,forest,1,0,3,114736,0.35,2,0.3483605123163764,5783,0.470732947386396,0.6961229168120917,0.16666393793680312,0.5125765103349854,0.4631989768691015,True
A2+D3,forest,1,1,3,114736,0.7,2,0.3508191320253255,5783,0.46299637321690496,0.6912544597365886,0.17827934052888839,0.5208309459520881,0.48603364453606823,False
A2+D3,forest,1,2,3,114736,1.0,4,0.3578667788170115,5783,0.4648214049834276,0.6923219666974384,0.1757394079833141,0.5155460399159557,0.4820637708573355,False
A2+D4,forest,1,0,3,114736,0.35,2,0.3483978692621723,5783,0.4582559974603679,0.6734628260369971,0.22003418155899757,0.5390646135151415,0.5175434925746977,True
A2+D4,forest,1,1,3,114736,0.7,2,0.35313294510450816,5783,0.4618051850825928,0.688168626776455,0.18559946080963508,0.521482178200715,0.5008034612448239,False
A2+D4,forest,1,2,3,114736,1.0,4,0.361142258648999,5783,0.46103388782048993,0.6860196814557813,0.1906777792225417,0.5217179447486258,0.5111143440774903,False
A2+D5,forest,1,0,3,114736,0.35,2,0.3474855009134203,5783,0.45568217125488075,0.6708187054709267,0.22614669461509296,0.5432816847485925,0.5253061069392343,True
A2+D5,forest,1,1,3,114736,0.7,2,0.3495134557245921,5783,0.4585626242125798,0.6855371229120679,0.19181596229368403,0.5229676092961926,0.5123974598559075,False
A2+D5,forest,1,2,3,114736,1.0,4,0.35621112838815144,5783,0.4567050885099606,0.6806678467619686,0.20325602960048605,0.5282809677006074,0.5190025679557073,False
A5_SHUFFLED_s1009,forest,1,0,3,114736,0.35,2,0.356467707494679,5783,0.46034551262271634,0.6764050717444048,0.2132042158910169,0.5304713090067908,0.5183314944791083,True
A5_SHUFFLED_s1009,forest,1,1,3,114736,0.7,2,0.35977994332714297,5783,0.4619000784189848,0.688980494078707,0.18367674838207004,0.5146816282198471,0.5021429580969505,False
A5_SHUFFLED_s1009,forest,1,2,3,114736,1.0,4,0.36704444601673364,5783,0.46094816795780097,0.6863673274560841,0.18985731027466568,0.5176383740733244,0.5125962934081182,False
A5_SHUFFLED_s2017,forest,1,0,3,114736,0.35,2,0.3593815037013675,5783,0.459543069448371,0.6728370193577965,0.2214830545061195,0.5343264347387439,0.5215150860527294,True
A5_SHUFFLED_s2017,forest,1,1,3,114736,0.7,2,0.36215300460379046,5783,0.4606591003926968,0.683365931590639,0.19692711787015416,0.5217307339834264,0.5073807614830841,False
A5_SHUFFLED_s2017,forest,1,2,3,114736,1.0,4,0.3691670706086991,5783,0.4609923644760237,0.6847911216936702,0.19357393634205156,0.5203121590641387,0.5049732305926781,False
A5_SHUFFLED_s3019,forest,1,0,3,114736,0.35,2,0.35913247963664524,5783,0.46007521142488317,0.6734660915310019,0.22002661772687382,0.5348448188095322,0.5138488899851245,True
A5_SHUFFLED_s3019,forest,1,1,3,114736,0.7,2,0.36193805917948424,5783,0.45292330596425223,0.670802124922553,0.22618494862765803,0.5386214944735301,0.533662793090991,False
A5_SHUFFLED_s3019,forest,1,2,3,114736,1.0,4,0.36863388478293785,5783,0.4607136138395063,0.683182526831075,0.197358124501396,0.5206352189617116,0.5046579317497917,False
A5s,forest,1,0,3,114736,0.35,2,0.3702032399422986,5783,0.4749060247541394,0.696061413817844,0.166811183193891,0.5018398958600971,0.4545417340995553,True
A5s,forest,1,1,3,114736,0.7,2,0.37360186482813523,5783,0.4714729386940621,0.6957787991269199,0.16748762809443707,0.49972107100875446,0.46257767267151384,False
A5s,forest,1,2,3,114736,1.0,4,0.37896394534601985,5783,0.4687297136686566,0.6901445282292799,0.18091605818171086,0.506736090115105,0.4818410652585619,False
A6s,forest,1,0,3,114736,0.35,2,0.37897210180061763,5783,0.46410920667380945,0.6788307189914798,0.20755106185305228,0.5219343154755558,0.5186891039985452,False
A6s,forest,1,1,3,114736,0.7,2,0.3770682807278449,5783,0.461688799618886,0.67762049194259,0.21037411689917396,0.5255689032499117,0.5160486971252998,True
A6s,forest,1,2,3,114736,1.0,4,0.3810852815026218,5783,0.4635480333143386,0.680195113357185,0.20436234510566564,0.5206808798519748,0.5058591977145693,False
C1,forest,1,0,3,114736,0.35,2,0.36404758041210955,5783,0.4530923070341477,0.6634476210951462,0.24305975586966533,0.5468696704072029,0.5276742527295891,True
C1,forest,1,1,3,114736,0.7,2,0.3667042569215015,5783,0.4617913622321871,0.6842054146598063,0.1949528310425065,0.5183010515725243,0.48849380275537163,False
C1,forest,1,2,3,114736,1.0,4,0.37279640282895765,5783,0.4649537438127099,0.6875815026469696,0.1869885105740604,0.5139512779727216,0.48089509903055067,False
C2,forest,1,0,3,114736,0.35,2,0.3585394422150258,5783,0.4500739735990248,0.6499666082898389,0.2735087220512892,0.5667525222303713,0.5322589743381939,True
C2,forest,1,1,3,114736,0.7,2,0.35858689368043667,5783,0.4579158318484594,0.6713854179686285,0.22483862856962755,0.5398824800748229,0.5166628835838509,False
C2,forest,1,2,3,114736,1.0,4,0.3653199735471058,5783,0.4518894472840287,0.6640746984889814,0.24162819015115955,0.5491168405288879,0.5333646613435066,False
C3,forest,1,0,3,114736,0.35,2,0.37220485649492385,5783,0.45021007752442105,0.6551650697921825,0.2618412309956909,0.5545949931810461,0.5433117089796465,True
C3,forest,1,1,3,114736,0.7,2,0.3730457727967469,5783,0.4634572906545501,0.6826153844853171,0.19869019384317155,0.5172684773615961,0.49169137894275555,False
C3,forest,1,2,3,114736,1.0,4,0.3775758311477892,5783,0.4595505501636916,0.6760166947580868,0.21410747833380228,0.5279949942168402,0.5002044837315909,False
E2,forest,1,0,3,114736,0.35,2,0.3517464669265766,5783,0.4613374457252687,0.6770049512774197,0.21180803481674593,0.5335651037253928,0.5011780821648619,True
E2,forest,1,1,3,114736,0.7,2,0.3564197503259379,5783,0.4594410595058324,0.6845987781935039,0.19402688914212474,0.5250360535291712,0.5142168613631336,False
E2,forest,1,2,3,114736,1.0,4,0.36445337756749674,5783,0.45673905088907735,0.6801443600344511,0.2044810750034396,0.5307058156201679,0.5161107796026911,False
E3,forest,1,0,3,114736,0.35,2,0.3521934242512044,5783,0.4431885666844839,0.6402364920438395,0.2950973192607227,0.5827510419942187,0.5521970067332053,True
E3,forest,1,1,3,114736,0.7,2,0.356667691869968,5783,0.4516830217982777,0.6618196261458212,0.24677002003342352,0.5537431170737827,0.5332231217494539,False
E3,forest,1,2,3,114736,1.0,4,0.36362566522455636,5783,0.45275458262322615,0.665891589337166,0.23747274280768638,0.5466004994093625,0.5301208915277804,False
E4,forest,1,0,3,114736,0.35,2,0.34397464342892653,5783,0.4543851862834076,0.6694280944740331,0.22935177371320714,0.5471157567630436,0.5180724905954666,True
E4,forest,1,1,3,114736,0.7,2,0.35325625291906393,5783,0.46420017766532573,0.6942522793542293,0.17113663981158556,0.5138404089178584,0.5011181471211258,False
E4,forest,1,2,3,114736,1.0,4,0.3604650623416214,5783,0.46637840334248043,0.6938063074434466,0.17220118381149985,0.5136895336177759,0.48967404123076713,False
G2,forest,1,0,3,114736,0.35,2,0.3606936517876808,5783,0.45522771059291495,0.6676385795555229,0.23346645973397917,0.541988902917152,0.5210428109949989,True
G2,forest,1,1,3,114736,0.7,2,0.3671910538162421,5783,0.45943497439987413,0.6790914850205048,0.20694212225414987,0.5267303799182146,0.5116480028713499,False
G2,forest,1,2,3,114736,1.0,4,0.3689191896264261,5783,0.46269748353446494,0.685511195187663,0.19187709385327356,0.5183207465963617,0.49934737502146986,False
G4,forest,1,0,3,114736,0.35,2,0.36010218390473375,5783,0.45998953423098066,0.6761179655015586,0.21387199929337908,0.5312115524761283,0.517100937581479,False
G4,forest,1,1,3,114736,0.7,2,0.35947261172462824,5783,0.44873309769175407,0.6620712524354608,0.24619714945633497,0.5510256561248241,0.54183923312302,True
G4,forest,1,2,3,114736,1.0,4,0.36780841325221975,5783,0.4553326603040054,0.6746272724895402,0.21733466028349424,0.5337039078451057,0.5284299879996656,False
G2_SHUFFLED_s1009,forest,1,0,3,114736,0.35,2,0.35766451915108965,5783,0.45616631697390764,0.670981245450275,0.22577163847009196,0.5353024545066618,0.5270214362201461,True
G2_SHUFFLED_s1009,forest,1,1,3,114736,0.7,2,0.3595316875352879,5783,0.45860905175590067,0.6837914808527706,0.1959266188288613,0.5198451092689926,0.5125012516951402,False
G2_SHUFFLED_s1009,forest,1,2,3,114736,1.0,4,0.36694208584615917,5783,0.46002992563522666,0.6861190886156986,0.19044321378790774,0.5155361448561832,0.5154906934772698,False
G2_SHUFFLED_s2017,forest,1,0,3,114736,0.35,2,0.36030328851174837,5783,0.46070336541094653,0.6767103204966742,0.21249392369141895,0.5295917597259028,0.49883586208924063,True
G2_SHUFFLED_s2017,forest,1,1,3,114736,0.7,2,0.36147115035025584,5783,0.4594316835551732,0.6791679228066132,0.20676358077217016,0.5263196713362985,0.5106638197061848,False
G2_SHUFFLED_s2017,forest,1,2,3,114736,1.0,4,0.36930866326973844,5783,0.46509296479630535,0.6900691592978084,0.1810949485679325,0.5127838302750347,0.49945444682101436,False
G2_SHUFFLED_s3019,forest,1,0,3,114736,0.35,2,0.3651378436441,5783,0.45849009318007056,0.670790379722733,0.2262120461352457,0.5371673141733742,0.5223483290220753,False
G2_SHUFFLED_s3019,forest,1,1,3,114736,0.7,2,0.36405017574265214,5783,0.4584046543573846,0.6781337325756512,0.20917751328041911,0.5278125216118688,0.5233704708316884,True
G2_SHUFFLED_s3019,forest,1,2,3,114736,1.0,4,0.3689490043617316,5783,0.46331035750350075,0.6845282516922311,0.19419294125182707,0.5188870829014183,0.5011727458311672,False
E3_SHUFFLED_s1009,forest,1,0,3,114736,0.35,2,0.3486886289312905,5783,0.45594788682704773,0.6688723642859267,0.23063076012165218,0.5441625411259384,0.5241137774621881,True
E3_SHUFFLED_s1009,forest,1,1,3,114736,0.7,2,0.35504606909069286,5783,0.4572990526496476,0.6789609810052222,0.20724690384814448,0.5323762042391833,0.5241981724632199,False
E3_SHUFFLED_s1009,forest,1,2,3,114736,1.0,4,0.3640023866154243,5783,0.4585800728084029,0.6790904766926168,0.20694447734709054,0.5292990793994712,0.5184506679675832,False
E3_SHUFFLED_s2017,forest,1,0,3,114736,0.35,2,0.3516206939232722,5783,0.4550017041443127,0.6664358264067235,0.23622579752194006,0.5479044811488978,0.5313052156392462,True
E3_SHUFFLED_s2017,forest,1,1,3,114736,0.7,2,0.3558030680799273,5783,0.45977889020446555,0.6824544331439408,0.1990680250089759,0.5258778659578133,0.5107902673220962,False
E3_SHUFFLED_s2017,forest,1,2,3,114736,1.0,4,0.3658825949992635,5783,0.46086052828191093,0.6821386860173175,0.1998089784131437,0.5244013186502529,0.510582159759859,False
E3_SHUFFLED_s3019,forest,1,0,3,114736,0.35,2,0.35305611287407973,5783,0.46014063320903487,0.6738814480210417,0.21906423249949258,0.5375396915629534,0.5118016654082764,True
E3_SHUFFLED_s3019,forest,1,1,3,114736,0.7,2,0.3571875808860839,5783,0.46036822694212787,0.6824794904779035,0.1990092091014526,0.5258758261726882,0.522266855308038,False
E3_SHUFFLED_s3019,forest,1,2,3,114736,1.0,4,0.3656567608965704,5783,0.4662985772504671,0.6924680723896451,0.1753914719718458,0.5114068949519935,0.4941899421542336,False
E2_SHUFFLED_s1009,forest,1,0,3,114736,0.35,2,0.3515241078618196,5783,0.45545329277037033,0.6686476463876067,0.23114763600157606,0.5459220159837722,0.5313624220710504,True
E2_SHUFFLED_s1009,forest,1,1,3,114736,0.7,2,0.35449806905805414,5783,0.4617570136392448,0.6904873885365703,0.1801020225172938,0.5165449677272309,0.5075204843880172,False
E2_SHUFFLED_s1009,forest,1,2,3,114736,1.0,4,0.3632941982326956,5783,0.46404617979219603,0.6923766048390244,0.17560930133865194,0.5128581571145929,0.4998417744277399,False
E2_SHUFFLED_s2017,forest,1,0,3,114736,0.35,2,0.3511650568551583,5783,0.46050120857226756,0.6776163884030586,0.21038368051554512,0.5321774593375448,0.5073690438751899,True
E2_SHUFFLED_s2017,forest,1,1,3,114736,0.7,2,0.35925653121465634,5783,0.4599386178927144,0.6832798966366946,0.1971293169728976,0.523810810970053,0.5106703301900194,False
E2_SHUFFLED_s2017,forest,1,2,3,114736,1.0,4,0.3628522961480128,5783,0.46217368365483086,0.6881848222591352,0.185561127864722,0.5178942619626385,0.5036444182216367,False
E2_SHUFFLED_s3019,forest,1,0,3,114736,0.35,2,0.3496215448722786,5783,0.45942118586444686,0.6753193991771093,0.21572790209666393,0.5370381252359097,0.5129734466117926,True
E2_SHUFFLED_s3019,forest,1,1,3,114736,0.7,2,0.35268042610273237,5783,0.45825836853187374,0.6835817637385753,0.1964197577314052,0.5267080797684955,0.5178017803885507,False
E2_SHUFFLED_s3019,forest,1,2,3,114736,1.0,4,0.3623353577603159,5783,0.46295986475970924,0.6909086484120426,0.17910129322008872,0.5133390555368446,0.5023178836908643,False
E4_SHUFFLED_s1009,forest,1,0,3,114736,0.35,2,0.3424692305348547,5783,0.4572468808066126,0.6764485833280603,0.21310298710628095,0.5366436667222977,0.5123853505060448,True
E4_SHUFFLED_s1009,forest,1,1,3,114736,0.7,2,0.3519237744280152,5783,0.4618223676173843,0.6912806321978583,0.17821711493606052,0.5172119948596716,0.4982900969321514,False
E4_SHUFFLED_s1009,forest,1,2,3,114736,1.0,4,0.36041094053811223,5783,0.461234153839455,0.6874659852724764,0.18726166819407863,0.5221202193174758,0.505861957396347,False
E4_SHUFFLED_s2017,forest,1,0,3,114736,0.35,2,0.34375799914807087,5783,0.4575508625237692,0.6756568988243766,0.21494380586531203,0.5394181858422749,0.517210193871833,True
E4_SHUFFLED_s2017,forest,1,1,3,114736,0.7,2,0.3501716555336179,5783,0.4603179961978078,0.6863941013300056,0.18979410481478765,0.5243254228975655,0.5111752074255684,False
E4_SHUFFLED_s2017,forest,1,2,3,114736,1.0,4,0.35762672061539647,5783,0.46041457132418906,0.689956541461372,0.18136221392408147,0.5174350471916576,0.5036160011149943,False
E4_SHUFFLED_s3019,forest,1,0,3,114736,0.35,2,0.34249811413349196,5783,0.45701113055411885,0.6751895537228567,0.21602946126102718,0.5390694137322356,0.5124817661652907,True
E4_SHUFFLED_s3019,forest,1,1,3,114736,0.7,2,0.3513725165440374,5783,0.458367617593249,0.6826317037151521,0.19865187968997344,0.5297184837245186,0.5158434517158925,False
E4_SHUFFLED_s3019,forest,1,2,3,114736,1.0,4,0.3582864873081612,5783,0.46248880415060784,0.6901428326137884,0.1809200829900156,0.5180487607368514,0.498980179438213,False
G4_SHUFFLED_s1009,forest,1,0,3,114736,0.35,2,0.3523880241420887,5783,0.4555775990214701,0.6667211569920778,0.23557164663760477,0.5462944806583369,0.5319215866197207,True
G4_SHUFFLED_s1009,forest,1,1,3,114736,0.7,2,0.35760547944160104,5783,0.4634622486327667,0.6888830482947201,0.1839076450026591,0.518853767284404,0.5051700764192812,False
G4_SHUFFLED_s1009,forest,1,2,3,114736,1.0,4,0.3639721011460613,5783,0.46076798810301745,0.6828005359382133,0.19825544303280374,0.5251844621492849,0.5147500047205187,False
G4_SHUFFLED_s2017,forest,1,0,3,114736,0.35,2,0.35484733220293513,5783,0.4645587231970386,0.6831166008103917,0.19751302434060936,0.5227394151375339,0.4908844915225955,True
G4_SHUFFLED_s2017,forest,1,1,3,114736,0.7,2,0.3556237689920098,5783,0.462681441224337,0.6905619961396671,0.17992483194535358,0.5137745105132248,0.5009978895578774,False
G4_SHUFFLED_s2017,forest,1,2,3,114736,1.0,4,0.36532957043940834,5783,0.4619269225906252,0.6863915825539804,0.1898000510297566,0.5188083962191244,0.5062746232702809,False
G4_SHUFFLED_s3019,forest,1,0,3,114736,0.35,2,0.35504072598048864,5783,0.45837800250643473,0.6741614620923168,0.21841510219246174,0.5338628386576167,0.5174671407165243,True
G4_SHUFFLED_s3019,forest,1,1,3,114736,0.7,2,0.3592163018147209,5783,0.4612399525275656,0.68544034921162,0.19204412044016894,0.518967645838207,0.5008382890410757,False
G4_SHUFFLED_s3019,forest,1,2,3,114736,1.0,4,0.36788611645828323,5783,0.46063594056774887,0.6812571191990597,0.20187590714437254,0.5246869249171217,0.5148027439736088,False
S1,forest,1,0,3,114736,0.35,2,0.3895883985415282,5783,0.49943041172754515,0.7135500294137921,0.12441730358260972,0.4919880722430085,0.4891126394966284,False
S1,forest,1,1,3,114736,0.7,2,0.39203302732458084,5783,0.5008943769424521,0.7240494182447182,0.09846055860005021,0.47785268448397217,0.48491239839932876,False
S1,forest,1,2,3,114736,1.0,4,0.3894834701958347,5783,0.49502810585076507,0.7203446444383209,0.1076628441518308,0.4769094517584373,0.4887260270928767,True
S2,forest,1,0,3,114736,0.35,2,0.37647274856449897,5783,0.4755842628196377,0.6903543292245269,0.1804179864324721,0.5255437891102098,0.5084693581515627,True
S2,forest,1,1,3,114736,0.7,2,0.3825553857292321,5783,0.4778532921989375,0.7062374049814073,0.14227168922063826,0.5096342231707698,0.49317525404222784,False
S2,forest,1,2,3,114736,1.0,4,0.3817427375552646,5783,0.4692778985174343,0.7015233809852174,0.15368387849545206,0.5160657270701039,0.49330913245792973,False
S3,forest,1,0,3,114736,0.35,2,0.3984540139747523,5783,0.5117389707036838,0.7415960838766089,0.05423515007120705,0.43758319114345434,0.3829893747008164,False
S3,forest,1,1,3,114736,0.7,2,0.40213316567985763,5783,0.5066080987855247,0.7349617385235279,0.07108115205039855,0.44781410942172606,0.429849063413853,False
S3,forest,1,2,3,114736,1.0,4,0.3966970626718349,5783,0.5046496999921459,0.734300138133071,0.07275279405855828,0.44863558812940124,0.4286115425054439,True
S4,forest,1,0,3,114736,0.35,2,0.40038028188599534,5783,0.4932652089937045,0.7055544090623099,0.1439298898732274,0.48964971190797724,0.4846050717044183,False
S4,forest,1,1,3,114736,0.7,2,0.4011855080149948,5783,0.49861312420513115,0.7188220745364973,0.1114310677176924,0.47209113725874335,0.4747721546541037,False
S4,forest,1,2,3,114736,1.0,4,0.39906653692465127,5783,0.49370958633192313,0.7114409587283238,0.12958564942164086,0.48401139708638774,0.49174392382413457,True
S5,forest,1,0,3,114736,0.35,2,0.39161007040249657,5783,0.4837233195489118,0.6835979269464391,0.1963817561674811,0.5282379547224183,0.5143633376168768,True
S5,forest,1,1,3,114736,0.7,2,0.39761248237411695,5783,0.49104540294956145,0.7019399693978824,0.15267843753108434,0.501758427398613,0.5013246514818218,False
S5,forest,1,2,3,114736,1.0,4,0.3983559596192361,5783,0.48210475989888996,0.6911657365965865,0.1784902641832199,0.5154440731733957,0.5167410764202609,False
S4_SHUFFLED_s1009,forest,1,0,3,114736,0.35,2,0.39339423698797843,5783,0.49526097268739727,0.7102206756839426,0.13256900579033148,0.4824975255666141,0.47044588459400893,True
S4_SHUFFLED_s1009,forest,1,1,3,114736,0.7,2,0.3956955282545694,5783,0.490684359674024,0.7096029299787731,0.1340773221466579,0.48481253642731337,0.49653574843284737,False
S4_SHUFFLED_s1009,forest,1,2,3,114736,1.0,4,0.39537835015913353,5783,0.49044937393510457,0.7118689908924697,0.1285379801556793,0.4808535839037349,0.5000990449286851,False
S4_SHUFFLED_s2017,forest,1,0,3,114736,0.35,2,0.400052359102558,5783,0.49966653016822526,0.7139678238394351,0.12339166936109447,0.4793572296144547,0.4626157333916913,False
S4_SHUFFLED_s2017,forest,1,1,3,114736,0.7,2,0.40222983900984666,5783,0.49660309048519,0.7157875541748797,0.1189174519107079,0.4796930368823665,0.48557606974842976,False
S4_SHUFFLED_s2017,forest,1,2,3,114736,1.0,4,0.39765218793457474,5783,0.4927055350106875,0.7129505196962286,0.12588797781677552,0.4854831670809247,0.4933748645840253,True
S4_SHUFFLED_s3019,forest,1,0,3,114736,0.35,2,0.4012214843526871,5783,0.4990894979028269,0.7131618484331567,0.1253697023908018,0.479145376557018,0.4685913921965468,False
S4_SHUFFLED_s3019,forest,1,1,3,114736,0.7,2,0.40110352414318157,5783,0.4948974886268099,0.7117162955800743,0.1289117958311956,0.4828741488028738,0.49185946226478994,False
S4_SHUFFLED_s3019,forest,1,2,3,114736,1.0,4,0.39930394255702883,5783,0.4935880984889122,0.7115489142267105,0.1293214724912466,0.48460543652044086,0.48862986266869857,True
S5_SHUFFLED_s1009,forest,1,0,3,114736,0.35,2,0.3937792566854578,5783,0.502469713368152,0.720608178347128,0.10700981197721204,0.4721336627803574,0.457593624775849,True
S5_SHUFFLED_s1009,forest,1,1,3,114736,0.7,2,0.3944619844467268,5783,0.49781132412410756,0.7164832499292845,0.11720391759654858,0.4819511208508351,0.4815283403037384,False
S5_SHUFFLED_s1009,forest,1,2,3,114736,1.0,4,0.39437674613531915,5783,0.49630225902119357,0.7185835402665616,0.11202069617116739,0.47836227199749665,0.4846587922358873,False
S5_SHUFFLED_s2017,forest,1,0,3,114736,0.35,2,0.3900516366998188,5783,0.5016600097574818,0.7163377651875251,0.11756239163104376,0.4824426312299872,0.46201709226241516,True
S5_SHUFFLED_s2017,forest,1,1,3,114736,0.7,2,0.3962466409542896,5783,0.4996425729719132,0.7195136847893927,0.10972038284774821,0.47767258834535264,0.47865603384006256,False
S5_SHUFFLED_s2017,forest,1,2,3,114736,1.0,4,0.3939521841156091,5783,0.4940946984578272,0.715435850847999,0.11978308175209174,0.4819042572062253,0.49117922592213836,False
S5_SHUFFLED_s3019,forest,1,0,3,114736,0.35,2,0.3892883475382101,5783,0.49551742659846604,0.7073323928934764,0.13960989243700528,0.4953774519182443,0.4886168714156945,True
S5_SHUFFLED_s3019,forest,1,1,3,114736,0.7,2,0.3934918176814753,5783,0.49625259866276394,0.7150589715968451,0.12071020363547169,0.48421759364783473,0.4897064564087438,False
S5_SHUFFLED_s3019,forest,1,2,3,114736,1.0,4,0.39196857506576305,5783,0.49266569574131425,0.7136947767035217,0.1240620346546707,0.48431591023558773,0.4982426927270408,False
B0_trivial,mean,1,0,3,114736,0.0,0,0.6513743071193793,5783,0.681088853682641,0.9909925540347919,-0.6888422928770943,,,True
B1_ridge_A2,ridge,1,0,3,114736,1.0,0,0.5023721296277407,5783,0.42479825792507914,0.6059624906442348,0.3685487933566617,0.6119221882888677,0.614406104848389,True
B1_ridge_A2,ridge,1,1,3,114736,10.0,0,0.5030258206361058,5783,0.424538712608355,0.6052435329652861,0.37004630311872144,0.6127766510038408,0.6137913372328452,False
B1_ridge_A2,ridge,1,2,3,114736,100.0,0,0.5113096436894279,5783,0.4332376605028662,0.6088585369159538,0.3624986437951421,0.6069632680018049,0.5952317538553483,False
B2_ridge_A5,ridge,1,0,3,114736,1.0,0,0.6170606670071016,5783,0.5067187513944331,0.6990191427374294,0.15971530801776546,0.5098110425373285,0.5111905274567875,False
B2_ridge_A5,ridge,1,1,3,114736,10.0,0,0.6016003970393698,5783,0.4923855088582247,0.6859715153075735,0.19079142192582466,0.5175955344971257,0.5205900199978503,False
B2_ridge_A5,ridge,1,2,3,114736,100.0,0,0.5896244767520721,5783,0.4776318921708072,0.6770559266738797,0.211689335801439,0.5065177628792163,0.5186892007136041,True
A0,forest,2,0,3,124743,0.35,2,0.6012432391559797,5784,0.6115711228268194,0.9010300248120927,-0.6744446570892142,-0.0870608195642463,-0.018283565748473292,True
A0,forest,2,1,3,124743,0.7,2,0.6012432391559797,5784,0.6115711228268194,0.9010300248120927,-0.6744446570892142,0.04728533113459066,0.10777858891438087,False
A0,forest,2,2,3,124743,1.0,4,0.6012432391559797,5784,0.6115711228268194,0.9010300248120927,-0.6744446570892142,0.02593894786106376,0.08213964387948139,False
A1,forest,2,0,3,124743,0.35,2,0.3573824565694102,5784,0.42230656307477216,0.5995578530783533,0.2585967876857499,0.5697418684120954,0.5264432063427181,False
A1,forest,2,1,3,124743,0.7,2,0.3559578879289501,5784,0.42618381175639725,0.6071271243639701,0.23975855102078258,0.5596924163824217,0.525652277211748,True
A1,forest,2,2,3,124743,1.0,4,0.356844899820723,5784,0.4224584989628841,0.5973863179738118,0.2639576298453087,0.5779102095123455,0.5282787250626925,False
A2,forest,2,0,3,124743,0.35,2,0.36101938201641104,5784,0.43936223485134895,0.6266690301472952,0.19003036707994692,0.5301414921902171,0.5102079912077493,True
A2,forest,2,1,3,124743,0.7,2,0.3709665649126053,5784,0.45184698718480665,0.6436212895360504,0.14561606426037976,0.5109389579784743,0.49437810724805964,False
A2,forest,2,2,3,124743,1.0,4,0.3828764261083559,5784,0.45652787694452823,0.6505655959813378,0.12707997363915546,0.49959255319091656,0.4810143325954238,False
A3,forest,2,0,3,124743,0.35,2,0.37419963917073257,5784,0.41253747019724785,0.5815808585426988,0.30239034881993887,0.5857806884682142,0.5538372265648955,False
A3,forest,2,1,3,124743,0.7,2,0.37163700822915746,5784,0.4201524344485955,0.595870936881467,0.26768710930409423,0.5649729262337426,0.5397038569357687,False
A3,forest,2,2,3,124743,1.0,4,0.3687131640023927,5784,0.41981511595892007,0.5921714397418545,0.27675209033342285,0.576398779383365,0.5347553551495638,True
A4,forest,2,0,3,124743,0.35,2,0.3686717149264667,5784,0.43376859429448195,0.6186214253507384,0.21069984809089493,0.5382298081010796,0.5296065606611466,True
A4,forest,2,1,3,124743,0.7,2,0.3786452507152197,5784,0.4442131360382742,0.6348290271626716,0.16879944493456112,0.521969465358419,0.5176662142101756,False
A4,forest,2,2,3,124743,1.0,4,0.38948996339726477,5784,0.4551834146372926,0.651708748477708,0.12400954558382526,0.49655131977866723,0.504273559948098,False
A5,forest,2,0,3,124743,0.35,2,0.37194062950533674,5784,0.41788970217758487,0.589944798704093,0.2821808756040741,0.5809933896486578,0.5396531198961277,True
A5,forest,2,1,3,124743,0.7,2,0.3831806691803035,5784,0.43427962198650083,0.6133845167800929,0.22400684530838433,0.5547118114800963,0.49879706895119386,False
A5,forest,2,2,3,124743,1.0,4,0.38887211628452945,5784,0.4477762370454011,0.6335429960183036,0.1721637115975999,0.521437307080138,0.470815636887946,False
A6,forest,2,0,3,124743,0.35,2,0.3763435069371535,5784,0.4207870805583117,0.5954436523373938,0.2687369802463704,0.5715342683153076,0.5393155266311563,True
A6,forest,2,1,3,124743,0.7,2,0.38482306979794445,5784,0.4360919131915441,0.6166177799565232,0.21580447730365482,0.546558103724912,0.5120999886984839,False
A6,forest,2,2,3,124743,1.0,4,0.3914861015407261,5784,0.44395255560834523,0.6279538059919398,0.18670581743431547,0.5305308958796662,0.49067653624780055,False
A2+D1,forest,2,0,3,124743,0.35,2,0.3696015641830344,5784,0.42766185741705687,0.607734347348029,0.2382370675712563,0.5534156353375338,0.5381825150199662,True
A2+D1,forest,2,1,3,124743,0.7,2,0.3815806752178952,5784,0.4452892537825783,0.634218509767886,0.17039741340008385,0.5211623435778471,0.5104050336943592,False
A2+D1,forest,2,2,3,124743,1.0,4,0.3870037671188549,5784,0.4493929004172755,0.638788328003886,0.1583990521237335,0.5169861902365293,0.49909423138921893,False
A2+D2,forest,2,0,3,124743,0.35,2,0.3674382109007873,5784,0.4344742553804071,0.6169420580386704,0.21497944664234703,0.5423126841002966,0.5189668497541049,True
A2+D2,forest,2,1,3,124743,0.7,2,0.3772976662423893,5784,0.45032074337438566,0.6433192428872517,0.14641778805375694,0.5088254280714811,0.5053497391439021,False
A2+D2,forest,2,2,3,124743,1.0,4,0.3830370665213404,5784,0.45011330550760703,0.6407823276251422,0.1531366792780573,0.5125828516355215,0.48767177404569295,False
A2+D3,forest,2,0,3,124743,0.35,2,0.36613383979158914,5784,0.4340927779878574,0.6111996971075964,0.22952503373555733,0.5620733557969843,0.4937169009756626,True
A2+D3,forest,2,1,3,124743,0.7,2,0.3726718965457669,5784,0.43896762855926097,0.617983981213301,0.21232564219410865,0.5601253169364343,0.47289474628448397,False
A2+D3,forest,2,2,3,124743,1.0,4,0.38391767653928005,5784,0.46164105564395996,0.6522317573213563,0.12260298293420147,0.49962354536209896,0.44551608896459144,False
A2+D4,forest,2,0,3,124743,0.35,2,0.3660928409544418,5784,0.4388436814910428,0.6252807248235884,0.19361516071951135,0.5285899841718111,0.5072674991895637,True
A2+D4,forest,2,1,3,124743,0.7,2,0.37807193129094085,5784,0.45366320831236057,0.6489268062056396,0.13147224599698393,0.5009922800872724,0.4950452880964088,False
A2+D4,forest,2,2,3,124743,1.0,4,0.38697915950927636,5784,0.45780408463587907,0.6532207623429095,0.11994010138011713,0.4959017642276312,0.4729736084687767,False
A2+D5,forest,2,0,3,124743,0.35,2,0.3657328436244769,5784,0.4412963806094192,0.6292388682672279,0.18337371542882008,0.525844598957746,0.511751145429818,True
A2+D5,forest,2,1,3,124743,0.7,2,0.3762798661754624,5784,0.451263420370242,0.6434710709889521,0.14601483707309204,0.5114213907343692,0.5068164188865648,False
A2+D5,forest,2,2,3,124743,1.0,4,0.38644047500252715,5784,0.4592900523822852,0.6553566392688316,0.11417551817835347,0.49429942673231253,0.48515473924052765,False
A5_SHUFFLED_s1009,forest,2,0,3,124743,0.35,2,0.3718188845838152,5784,0.42786933698125723,0.6057738166729912,0.24314398348703536,0.5560669164579882,0.5444007255840035,True
A5_SHUFFLED_s1009,forest,2,1,3,124743,0.7,2,0.3808510886380205,5784,0.43829040124321456,0.6195528037295446,0.20832136436493343,0.5428713114848231,0.5229436438484877,False
A5_SHUFFLED_s1009,forest,2,2,3,124743,1.0,4,0.38919157915664504,5784,0.4413314121230703,0.6228546414460159,0.19986055244140033,0.5383785938462553,0.5075433655228289,False
A5_SHUFFLED_s2017,forest,2,0,3,124743,0.35,2,0.3677419709341032,5784,0.42631113732089454,0.6049251811320653,0.24526307479843235,0.556035877606897,0.5460694542271322,True
A5_SHUFFLED_s2017,forest,2,1,3,124743,0.7,2,0.3769315123191233,5784,0.43444920920492813,0.6156806724982115,0.21818623495619416,0.548295655485657,0.5281205447389804,False
A5_SHUFFLED_s2017,forest,2,2,3,124743,1.0,4,0.38593474302160785,5784,0.44080730715655797,0.6226605153462978,0.20035923619261875,0.5386171073843635,0.5049810442090241,False
A5_SHUFFLED_s3019,forest,2,0,3,124743,0.35,2,0.3727546482777359,5784,0.43180845650276967,0.6110648888437242,0.22986487336077266,0.5457360370541681,0.529931926344617,True
A5_SHUFFLED_s3019,forest,2,1,3,124743,0.7,2,0.38196947452395047,5784,0.44332365125737805,0.6285189807169929,0.18524118687840974,0.5274767606586298,0.4990128527297448,False
A5_SHUFFLED_s3019,forest,2,2,3,124743,1.0,4,0.3877288958805161,5784,0.44569647254470296,0.631080843931363,0.17858568514262774,0.5236606650426991,0.4892940339616803,False
A5s,forest,2,0,3,124743,0.35,2,0.3770468380904106,5784,0.41943452424278616,0.5904563989618714,0.28093534997642033,0.5773050952273435,0.5394765896241994,True
A5s,forest,2,1,3,124743,0.7,2,0.3857662237776697,5784,0.4327414398736844,0.6110893206525486,0.2298032885088973,0.5551791099861824,0.5118657171936701,False
A5s,forest,2,2,3,124743,1.0,4,0.39171474686053154,5784,0.4448587266237923,0.6287797110718446,0.18456506913830018,0.5256864299605308,0.48435967860848184,False
A6s,forest,2,0,3,124743,0.35,2,0.3807525263751064,5784,0.4211045077756073,0.5935226236975528,0.2734477908923991,0.5703178752933244,0.5545923384486403,True
A6s,forest,2,1,3,124743,0.7,2,0.390181112151244,5784,0.43752517219546033,0.617615450894736,0.21326480999479458,0.5414801465889104,0.5168455912895172,False
A6s,forest,2,2,3,124743,1.0,4,0.39296457524521555,5784,0.4487455610731198,0.6383991097857344,0.15942432642105497,0.5075371360874854,0.5084564190267198,False
C1,forest,2,0,3,124743,0.35,2,0.37861028670556474,5784,0.4200174965036131,0.5929693790422592,0.2748016526288607,0.5723780824897191,0.5408947706366001,True
C1,forest,2,1,3,124743,0.7,2,0.38727430151396336,5784,0.43863596991170317,0.6197884988506829,0.20771889663746945,0.5411547907126446,0.4965171297175104,False
C1,forest,2,2,3,124743,1.0,4,0.3926970349545865,5784,0.4456261256382198,0.6310794276690688,0.17858937195019875,0.5238424974331052,0.4798940415281245,False
C2,forest,2,0,3,124743,0.35,2,0.3678622975685381,5784,0.42232564704447956,0.5960482730449355,0.26725115958749535,0.5693800781695941,0.5380286780198223,True
C2,forest,2,1,3,124743,0.7,2,0.3763743951343604,5784,0.4390445713394899,0.6216153517922249,0.2030414488452168,0.5361501419984578,0.5102713390009312,False
C2,forest,2,2,3,124743,1.0,4,0.38525833526854597,5784,0.4490331171555055,0.6370354828939336,0.16301144737549733,0.5138832702127331,0.49290863242163774,False
C3,forest,2,0,3,124743,0.35,2,0.3788791748634739,5784,0.4120383027236172,0.581374276286526,0.30288585405660184,0.5877738257545223,0.5628901254150278,True
C3,forest,2,1,3,124743,0.7,2,0.38567285467936147,5784,0.42891622743528773,0.6060432307124224,0.24247062001580844,0.5569703370928647,0.5212521271660004,False
C3,forest,2,2,3,124743,1.0,4,0.3932858553339109,5784,0.44026556146182927,0.6229803152651852,0.19953763046816053,0.5298702222423333,0.5085834586017957,False
E2,forest,2,0,3,124743,0.35,2,0.3681139535046078,5784,0.4406468124391723,0.6249845251359648,0.1943789596193366,0.5295622088188653,0.4943975090601722,True
E2,forest,2,1,3,124743,0.7,2,0.3809171183928771,5784,0.45594962384884596,0.6503470345296638,0.12766640065394608,0.4979294183907711,0.4747590093945324,False
E2,forest,2,2,3,124743,1.0,4,0.3907701863624421,5784,0.4609037139528335,0.6560222788102321,0.11237515723813352,0.48972881033501964,0.46496816324549545,False
E3,forest,2,0,3,124743,0.35,2,0.3623356421243145,5784,0.42526355493844786,0.6025274483660801,0.2512342958871956,0.5606075916655735,0.5335089707457382,True
E3,forest,2,1,3,124743,0.7,2,0.3720089155680118,5784,0.4420570283287949,0.6269212157628029,0.18937833616561572,0.5285656379469225,0.5089420483295466,False
E3,forest,2,2,3,124743,1.0,4,0.38335872468598986,5784,0.44936188670075683,0.637752186378046,0.1611270623625819,0.5143546355298464,0.4931951025473337,False
E4,forest,2,0,3,124743,0.35,2,0.36273126145902856,5784,0.4361851810484438,0.6200051971595849,0.2071647850684254,0.5407533970444839,0.5125607723345964,True
E4,forest,2,1,3,124743,0.7,2,0.3773025444950434,5784,0.4582198736607877,0.6537723127031497,0.11845330761603101,0.4963419798167367,0.4866212407097685,False
E4,forest,2,2,3,124743,1.0,4,0.38598761667494785,5784,0.4567342829712475,0.6492106419279313,0.1307123047744736,0.5015860139332601,0.47959303948210014,False
G2,forest,2,0,3,124743,0.35,2,0.3792735007955809,5784,0.431416563349816,0.6099525446409647,0.23266613279574233,0.54768901898782,0.5275023356787929,True
G2,forest,2,1,3,124743,0.7,2,0.3896863074233746,5784,0.4479541304095334,0.6357462654710588,0.16639577482785584,0.5166118684868075,0.4970640156968732,False
G2,forest,2,2,3,124743,1.0,4,0.39357932917862065,5784,0.45521373895934175,0.6472795241150364,0.13587611494574248,0.5009528667851955,0.4695197468476506,False
G4,forest,2,0,3,124743,0.35,2,0.37182634719539714,5784,0.432557943260353,0.6175756845142194,0.213366117705583,0.5374507615220693,0.5389404827490716,True
G4,forest,2,1,3,124743,0.7,2,0.383338979632622,5784,0.44929832267073344,0.6432330982888917,0.14664637308197492,0.5078353225690634,0.5165804063381093,False
G4,forest,2,2,3,124743,1.0,4,0.39069540969265304,5784,0.45783897633383375,0.6571855663466115,0.10922441543280403,0.48781413708327376,0.4862350385601777,False
G2_SHUFFLED_s1009,forest,2,0,3,124743,0.35,2,0.3744541008746437,5784,0.4261590613619879,0.6026933844954712,0.2508218187728125,0.5606752693392901,0.5410683182833145,True
G2_SHUFFLED_s1009,forest,2,1,3,124743,0.7,2,0.38180694497663314,5784,0.43644005857664425,0.6174115131992249,0.21378428686925455,0.5448788814692684,0.5202182315955433,False
G2_SHUFFLED_s1009,forest,2,2,3,124743,1.0,4,0.38648904240436815,5784,0.4381565436737473,0.6192703074333112,0.20904316012873625,0.5429407377219146,0.5078737476779924,False
G2_SHUFFLED_s2017,forest,2,0,3,124743,0.35,2,0.37453945688174634,5784,0.4286477702579385,0.6055793123414525,0.24362993430178836,0.5568420431816301,0.5350976585527808,True
G2_SHUFFLED_s2017,forest,2,1,3,124743,0.7,2,0.38296166250845837,5784,0.4421646643560694,0.6263341584036856,0.19089577915658185,0.534073521863576,0.5135176971939548,False
G2_SHUFFLED_s2017,forest,2,2,3,124743,1.0,4,0.3888060791401249,5784,0.44295532311803976,0.6260816512509813,0.19154802977238383,0.5349354015288842,0.5059234680936571,False
G2_SHUFFLED_s3019,forest,2,0,3,124743,0.35,2,0.374552572931751,5784,0.429069564692214,0.6056371717145085,0.2434853943957681,0.5548940070591841,0.5220030398733226,True
G2_SHUFFLED_s3019,forest,2,1,3,124743,0.7,2,0.3840328275061247,5784,0.4448045490410343,0.6293484710769252,0.18308920557138164,0.5277323822604822,0.49497337675785086,False
G2_SHUFFLED_s3019,forest,2,2,3,124743,1.0,4,0.38903841609965856,5784,0.44618688693005765,0.6309792439466725,0.1788501487678532,0.524324956494766,0.4796300691585791,False
E3_SHUFFLED_s1009,forest,2,0,3,124743,0.35,2,0.36914947589327657,5784,0.4312628928945783,0.6128736545016488,0.22529889144606352,0.5474827549795651,0.5335966593892746,True
E3_SHUFFLED_s1009,forest,2,1,3,124743,0.7,2,0.37882774465950897,5784,0.44258638909095205,0.6297447074560648,0.1820602313629054,0.5282469934058892,0.5182487608965034,False
E3_SHUFFLED_s1009,forest,2,2,3,124743,1.0,4,0.38584923442014096,5784,0.4459862090894987,0.6325049937964827,0.17487415737068357,0.5243132513011132,0.4990979987817893,False
E3_SHUFFLED_s2017,forest,2,0,3,124743,0.35,2,0.36422644088705464,5784,0.4275251422646344,0.6073896388827883,0.23910097023761057,0.5523982714975721,0.5375266918308952,True
E3_SHUFFLED_s2017,forest,2,1,3,124743,0.7,2,0.3771531021318005,5784,0.441712585211146,0.6262002231191178,0.19124177982075308,0.5325606981134827,0.5135279884957673,False
E3_SHUFFLED_s2017,forest,2,2,3,124743,1.0,4,0.38247317943556314,5784,0.4470708533587917,0.6344592422424643,0.16976750372937122,0.5217969981230693,0.495491035779874,False
E3_SHUFFLED_s3019,forest,2,0,3,124743,0.35,2,0.37002489260144805,5784,0.4253229258909073,0.600053512933831,0.25737043160264805,0.5649262378836108,0.5316211666167854,True
E3_SHUFFLED_s3019,forest,2,1,3,124743,0.7,2,0.3787664502789792,5784,0.4442218491810091,0.6319757741656821,0.17625435235755404,0.5246664997133763,0.4999918145743225,False
E3_SHUFFLED_s3019,forest,2,2,3,124743,1.0,4,0.3855508715774049,5784,0.4472414932798726,0.633121209558836,0.17326562230564246,0.5234917950481303,0.48817222530329163,False
E2_SHUFFLED_s1009,forest,2,0,3,124743,0.35,2,0.3688505549484101,5784,0.43995372254177917,0.6257509476338707,0.1924018716937328,0.5296680989759974,0.5079917707286555,True
E2_SHUFFLED_s1009,forest,2,1,3,124743,0.7,2,0.3779704136407331,5784,0.44911803017905283,0.6396884208859324,0.15602564395260943,0.5139155290049768,0.5013446033153793,False
E2_SHUFFLED_s1009,forest,2,2,3,124743,1.0,4,0.3873750788729415,5784,0.4508414870212046,0.6395335641931972,0.15643421554414672,0.5163147392491886,0.49676489497819204,False
E2_SHUFFLED_s2017,forest,2,0,3,124743,0.35,2,0.36771811596616405,5784,0.4407674662490255,0.6285266670734008,0.1852212588727028,0.5239063740758295,0.5104265945624922,True
E2_SHUFFLED_s2017,forest,2,1,3,124743,0.7,2,0.3758239548192521,5784,0.45032016499734884,0.6430177123949139,0.1472177664435177,0.5093620432607859,0.5008573558001597,False
E2_SHUFFLED_s2017,forest,2,2,3,124743,1.0,4,0.3860165375321915,5784,0.4530554560051671,0.643687620086091,0.14543995238349228,0.5093282612860897,0.4882928978429621,False
E2_SHUFFLED_s3019,forest,2,0,3,124743,0.35,2,0.36538927554847694,5784,0.4360529872353443,0.6196558871822762,0.2080578976969677,0.5369248573758275,0.5121231783166206,True
E2_SHUFFLED_s3019,forest,2,1,3,124743,0.7,2,0.3768675512886369,5784,0.4496977684894892,0.6397473871487575,0.1558700422384669,0.5126400085159775,0.4918178959649393,False
E2_SHUFFLED_s3019,forest,2,2,3,124743,1.0,4,0.3863824791275434,5784,0.44939244351155333,0.6365622510603399,0.16425452572005106,0.5182189137027955,0.48278481521996097,False
E4_SHUFFLED_s1009,forest,2,0,3,124743,0.35,2,0.3648747145575393,5784,0.4377210780593929,0.6237038441128767,0.19767723803441029,0.5343927138012827,0.5138772800609677,True
E4_SHUFFLED_s1009,forest,2,1,3,124743,0.7,2,0.374309388738731,5784,0.4549505676844851,0.6485027439638977,0.13260701029047073,0.5023383691126906,0.48927147700828055,False
E4_SHUFFLED_s1009,forest,2,2,3,124743,1.0,4,0.3850507034167916,5784,0.45565875586322974,0.6481660546568636,0.13350744174202256,0.5043303514117962,0.4800839086675528,False
E4_SHUFFLED_s2017,forest,2,0,3,124743,0.35,2,0.3623373505491174,5784,0.43779923562181905,0.6228046804473291,0.19998891035973954,0.5346202922049074,0.5121950079887091,True
E4_SHUFFLED_s2017,forest,2,1,3,124743,0.7,2,0.37555754343996306,5784,0.4551706041434103,0.648581316799025,0.1323968102388634,0.5029222732633706,0.4862890723724437,False
E4_SHUFFLED_s2017,forest,2,2,3,124743,1.0,4,0.3852874816225935,5784,0.45937042249116933,0.6536980492454567,0.11865356995803478,0.49549984867857094,0.4726608784564641,False
E4_SHUFFLED_s3019,forest,2,0,3,124743,0.35,2,0.3633185690968941,5784,0.43773501560032135,0.6214625341849794,0.20343324846277777,0.5370031394638941,0.5102715672482037,True
E4_SHUFFLED_s3019,forest,2,1,3,124743,0.7,2,0.37495168745270563,5784,0.45727545067886666,0.6518173837441967,0.12371747834299429,0.49854094232418467,0.48591699829383017,False
E4_SHUFFLED_s3019,forest,2,2,3,124743,1.0,4,0.3856338193518856,5784,0.45899970716878163,0.6532182998257619,0.11994673668208977,0.495408653130239,0.47340052332946214,False
G4_SHUFFLED_s1009,forest,2,0,3,124743,0.35,2,0.3706011001821128,5784,0.43216822202515454,0.6129947447820155,0.22499273359112637,0.5447960596583153,0.5327675421163371,True
G4_SHUFFLED_s1009,forest,2,1,3,124743,0.7,2,0.3818216578648568,5784,0.44453377619175166,0.6319191973056355,0.17640183540358323,0.5236712955870572,0.5195915819880738,False
G4_SHUFFLED_s1009,forest,2,2,3,124743,1.0,4,0.3877353295623034,5784,0.44591467715614397,0.6325724036652941,0.17469827073163413,0.5233315149062381,0.5079700451656219,False
G4_SHUFFLED_s2017,forest,2,0,3,124743,0.35,2,0.36671273431096546,5784,0.4290859630811181,0.6105073299329774,0.23126963351526586,0.5463885800599696,0.5362061300719358,True
G4_SHUFFLED_s2017,forest,2,1,3,124743,0.7,2,0.3788985151977999,5784,0.44481513749379537,0.6324871647063441,0.17492067411229828,0.5225489014402042,0.5145087635666268,False
G4_SHUFFLED_s2017,forest,2,2,3,124743,1.0,4,0.3856284791441935,5784,0.4442737573538294,0.6313621097948316,0.1778533311381345,0.5248559216041017,0.5074788813125017,False
G4_SHUFFLED_s3019,forest,2,0,3,124743,0.35,2,0.37020184278766094,5784,0.4313028027811915,0.6117462055756099,0.22814656660844446,0.5453850684183347,0.5331036451913962,True
G4_SHUFFLED_s3019,forest,2,1,3,124743,0.7,2,0.38193994659387837,5784,0.4442958003976771,0.6315687741688377,0.17731501490987023,0.5210306521614048,0.5092504924423554,False
G4_SHUFFLED_s3019,forest,2,2,3,124743,1.0,4,0.38551446293768193,5784,0.4440324464996741,0.6307465676742946,0.17945564208892095,0.5254007656572895,0.5027491830966725,False
S1,forest,2,0,3,124743,0.35,2,0.41242110968933915,5784,0.46645007973393116,0.6514375860548781,0.12473835666001565,0.4880866702499148,0.5091919492432797,True
S1,forest,2,1,3,124743,0.7,2,0.41993298328587303,5784,0.46943222547685953,0.6596424910655806,0.10255153730653721,0.47898298069089723,0.5138224846608748,False
S1,forest,2,2,3,124743,1.0,4,0.4148602545215236,5784,0.46204165047278584,0.6507414532809176,0.1266079840121771,0.4882221747945971,0.5149132546232125,False
S2,forest,2,0,3,124743,0.35,2,0.36509005890234697,5784,0.4399859349246272,0.629395449543039,0.18296724246129414,0.5380805130081054,0.5177170394005814,True
S2,forest,2,1,3,124743,0.7,2,0.37513224269617773,5784,0.46159845600342037,0.6651152590074387,0.0875982811128646,0.49487950360333915,0.492549225600581,False
S2,forest,2,2,3,124743,1.0,4,0.3735899830879141,5784,0.4518210882584277,0.6525406687673887,0.12177167669053279,0.5066942896051515,0.49036881114043784,False
S3,forest,2,0,3,124743,0.35,2,0.4000733488585336,5784,0.43807749796578066,0.6137876863556714,0.2229864098699036,0.5390432961443216,0.5474510728613178,True
S3,forest,2,1,3,124743,0.7,2,0.4123593816270003,5784,0.4456071456771765,0.6252943108221721,0.19358011833976252,0.5261668337022027,0.529605709134303,False
S3,forest,2,2,3,124743,1.0,4,0.41080500113921803,5784,0.4482761585447634,0.6303150125881475,0.18057808640689932,0.515700609932824,0.5177633264948874,False
S4,forest,2,0,3,124743,0.35,2,0.40270742265887627,5784,0.4380551827253914,0.6156208601095211,0.21833813148130243,0.5331380891907234,0.5435457867473776,True
S4,forest,2,1,3,124743,0.7,2,0.412840943212085,5784,0.45186304040670217,0.6366316099202942,0.16407239267281304,0.5054917591783883,0.520824558025272,False
S4,forest,2,2,3,124743,1.0,4,0.4158509911026791,5784,0.4528919537863343,0.638688495531326,0.15866208929716474,0.5038067036747534,0.517829361781059,False
S5,forest,2,0,3,124743,0.35,2,0.3936521775094618,5784,0.4375403286270427,0.6137304787613364,0.22313124499035764,0.5387691049634511,0.5499728676771573,True
S5,forest,2,1,3,124743,0.7,2,0.4001070106249592,5784,0.4446760173954947,0.6261877380082497,0.19127402936334648,0.5235529439914828,0.5395585439485598,False
S5,forest,2,2,3,124743,1.0,4,0.401739589559577,5784,0.4413659324518384,0.6205634473345941,0.20573641105697327,0.5320173973210804,0.5376775797375154,False
S4_SHUFFLED_s1009,forest,2,0,3,124743,0.35,2,0.40612374152634106,5784,0.4389483460369179,0.6143043843278242,0.22167765004124285,0.536370018941924,0.5466278916140258,True
S4_SHUFFLED_s1009,forest,2,1,3,124743,0.7,2,0.41733143511504356,5784,0.4482793971001272,0.6285799183393754,0.18508319046692523,0.5190938096230596,0.5355456915137768,False
S4_SHUFFLED_s1009,forest,2,2,3,124743,1.0,4,0.41429273910542214,5784,0.44364845044774887,0.6224094382459998,0.20100398883227588,0.5277031341078041,0.5383476040550295,False
S4_SHUFFLED_s2017,forest,2,0,3,124743,0.35,2,0.4001675597750235,5784,0.4361010680735023,0.6098782557334314,0.2328530356090709,0.5427104715466042,0.5541008392434553,True
S4_SHUFFLED_s2017,forest,2,1,3,124743,0.7,2,0.4073501988700375,5784,0.4418239997513037,0.6192184715241286,0.20917556838561358,0.5332279864975568,0.5513937369652421,False
S4_SHUFFLED_s2017,forest,2,2,3,124743,1.0,4,0.40976112223723865,5784,0.4424464527808518,0.6193721441048812,0.20878299898778496,0.5319003642469782,0.5424443201808933,False
S4_SHUFFLED_s3019,forest,2,0,3,124743,0.35,2,0.4004090662572169,5784,0.43846984626801816,0.6140416039445777,0.2223433919935729,0.5361629649848048,0.5470374427748016,True
S4_SHUFFLED_s3019,forest,2,1,3,124743,0.7,2,0.410070747195111,5784,0.44931659272065,0.6317719881554675,0.1767855144071555,0.512956259395704,0.5359667082995109,False
S4_SHUFFLED_s3019,forest,2,2,3,124743,1.0,4,0.41268482569245923,5784,0.4467423635386628,0.6272867054381444,0.18843288974000227,0.5195397875093751,0.5328219768357385,False
S5_SHUFFLED_s1009,forest,2,0,3,124743,0.35,2,0.4022369917658497,5784,0.4422047370514702,0.6186027076656899,0.21074761122207508,0.534081152497263,0.5453649618734918,True
S5_SHUFFLED_s1009,forest,2,1,3,124743,0.7,2,0.4109274512556556,5784,0.4495615409994858,0.630958754892377,0.1789034763880103,0.517737677925767,0.543703463478845,False
S5_SHUFFLED_s1009,forest,2,2,3,124743,1.0,4,0.41083089682903284,5784,0.44462919444543453,0.6255234309199097,0.1929890339494792,0.5236301725970347,0.544782135419974,False
S5_SHUFFLED_s2017,forest,2,0,3,124743,0.35,2,0.39662889196315276,5784,0.43784094989273914,0.6159720749368941,0.21744599293713474,0.5330011682686324,0.5518409394284675,True
S5_SHUFFLED_s2017,forest,2,1,3,124743,0.7,2,0.4066293992994494,5784,0.44874063409325426,0.6328496563827828,0.17397466252344118,0.5102176063868249,0.5385327438330408,False
S5_SHUFFLED_s2017,forest,2,2,3,124743,1.0,4,0.40774983660600445,5784,0.44625699280727343,0.6289668750208052,0.18407954858571884,0.5162884500161936,0.5404013998758768,False
S5_SHUFFLED_s3019,forest,2,0,3,124743,0.35,2,0.400176386547562,5784,0.44040071848116064,0.6167591824670442,0.21544477333936263,0.535925577795376,0.546566038803793,True
S5_SHUFFLED_s3019,forest,2,1,3,124743,0.7,2,0.40842821134149754,5784,0.44665452009155193,0.6282662321218621,0.1858963388982855,0.5219046160317395,0.5416288888708016,False
S5_SHUFFLED_s3019,forest,2,2,3,124743,1.0,4,0.4100616723611302,5784,0.4487391201698234,0.6323128198988989,0.1753754769236916,0.5141651183316939,0.534867752014878,False
B0_trivial,mean,2,0,3,124743,0.0,0,0.6012432391559797,5784,0.6115711228268194,0.9010300248120927,-0.6744446570892142,,,True
B1_ridge_A2,ridge,2,0,3,124743,1.0,0,0.476087290789087,5784,0.38451563638414266,0.5488643577380142,0.3786699896869714,0.6195361172191999,0.6104271741066464,True
B1_ridge_A2,ridge,2,1,3,124743,10.0,0,0.47625353652891744,5784,0.38256499107687303,0.5471540893382005,0.3825361014717662,0.6215772441930654,0.6126527889381067,False
B1_ridge_A2,ridge,2,2,3,124743,100.0,0,0.4847407985937024,5784,0.386702624479324,0.5489836599999599,0.3783998532472611,0.6176883096620047,0.6028108289098758,False
B2_ridge_A5,ridge,2,0,3,124743,1.0,0,0.4987804011960463,5784,0.41851044983594027,0.5724808002318453,0.32405069831243527,0.6079153593813508,0.5736894179676089,False
B2_ridge_A5,ridge,2,1,3,124743,10.0,0,0.5006108160624236,5784,0.41391752596231673,0.5704912425378201,0.3287408233057064,0.6085708551069949,0.5752914034665877,False
B2_ridge_A5,ridge,2,2,3,124743,100.0,0,0.49823583081553807,5784,0.40119559202890476,0.5564143133224303,0.36145889642582274,0.6116596365832041,0.5752814113688305,True
A0,forest,3,0,3,134750,0.35,2,0.6330676124088271,3778,0.6003221653237435,0.9230359227393603,-0.533158494727481,0.0493642229257873,0.03135952210020673,True
A0,forest,3,1,3,134750,0.7,2,0.6330676124088271,3778,0.6003221653237435,0.9230359227393603,-0.533158494727481,-0.21399631941281572,-0.27613361563576727,False
A0,forest,3,2,3,134750,1.0,4,0.6330676124088271,3778,0.6003221653237435,0.9230359227393603,-0.533158494727481,0.01008773421969743,-0.051188929443346236,False
A1,forest,3,0,3,134750,0.35,2,0.3761759118516188,3778,0.4044535832510096,0.5709940793123427,0.4133040946454771,0.6604382709370733,0.5347472856467397,False
A1,forest,3,1,3,134750,0.7,2,0.37510477739089904,3778,0.39912796584782756,0.5607719689229235,0.43412248153449096,0.6745550838990488,0.5502494037156297,True
A1,forest,3,2,3,134750,1.0,4,0.3751191295840762,3778,0.3927329435259677,0.5530674049558686,0.44956508352787306,0.6826970498990638,0.5618766571378623,False
A2,forest,3,0,3,134750,0.35,2,0.34768829748341895,3778,0.3845055459147176,0.5615058611600517,0.4326403644111769,0.6680498048836131,0.583104193564821,True
A2,forest,3,1,3,134750,0.7,2,0.3515030989960953,3778,0.391938685501588,0.567083417823973,0.4213129768843509,0.6616452869159493,0.5715451642993696,False
A2,forest,3,2,3,134750,1.0,4,0.3595261053051392,3778,0.3967797012432726,0.572384646235553,0.410443002473309,0.6546301891731291,0.5680424474731732,False
A3,forest,3,0,3,134750,0.35,2,0.38609004778214895,3778,0.41118345357479263,0.5934575985352298,0.36623356190193324,0.6216684117229611,0.5376308756042968,True
A3,forest,3,1,3,134750,0.7,2,0.38899012970862545,3778,0.4095705706865849,0.5852979981766706,0.3835413872173238,0.6367947803062819,0.5328395753827186,False
A3,forest,3,2,3,134750,1.0,4,0.38804535425281744,3778,0.40313038257358014,0.5780713523649059,0.39867017862405885,0.6482258921834606,0.54515202546779,False
A4,forest,3,0,3,134750,0.35,2,0.35294764130690215,3778,0.38865036792733176,0.5645992288840043,0.42637191221170156,0.6623135127768934,0.5800766334345566,True
A4,forest,3,1,3,134750,0.7,2,0.3534366474040356,3778,0.39268054694251686,0.5659366180882323,0.42365114116247826,0.6620172730577344,0.5757963058877358,False
A4,forest,3,2,3,134750,1.0,4,0.35679466528259257,3778,0.3958085645176723,0.5698111191169842,0.41573255752966254,0.6570642054829591,0.5704226572738769,False
A5,forest,3,0,3,134750,0.35,2,0.3610732196389243,3778,0.3915670120336615,0.5746014149243438,0.4058676098692867,0.6491599971961368,0.5855434466279728,True
A5,forest,3,1,3,134750,0.7,2,0.36692071377492685,3778,0.4016358788496291,0.5891163948427328,0.3754717826354168,0.6326764786774605,0.5783031857921822,False
A5,forest,3,2,3,134750,1.0,4,0.3705534106980937,3778,0.40666989336721765,0.5903699277621666,0.37281118929376833,0.6310619498190047,0.5690311461251917,False
A6,forest,3,0,3,134750,0.35,2,0.36224516048508343,3778,0.3950897332819333,0.5801078347028517,0.3944258768875083,0.6424219695070299,0.5802089847334468,True
A6,forest,3,1,3,134750,0.7,2,0.36436745280739186,3778,0.3997394802893101,0.5784380127038339,0.39790711115953625,0.6459064609690359,0.5803550360963385,False
A6,forest,3,2,3,134750,1.0,4,0.3700964228159119,3778,0.4067611007766755,0.5915333511143704,0.3703367912631711,0.6280136466499663,0.5727352859059217,False
A2+D1,forest,3,0,3,134750,0.35,2,0.35310282854825165,3778,0.38508481013276,0.5639818779271468,0.4276256731886424,0.663440039406627,0.5865312980331061,True
A2+D1,forest,3,1,3,134750,0.7,2,0.35718492924920453,3778,0.39062319953409086,0.5637998103972242,0.42799516718489183,0.6650268806875909,0.5782512090561269,False
A2+D1,forest,3,2,3,134750,1.0,4,0.36390792328945076,3778,0.39825894152895186,0.5721118597270798,0.4110048095499982,0.6540605443276328,0.564337936116942,False
A2+D2,forest,3,0,3,134750,0.35,2,0.3516350745774775,3778,0.38622231868176776,0.5635589284044763,0.4284838379051279,0.6645217770565004,0.5858039513031686,True
A2+D2,forest,3,1,3,134750,0.7,2,0.3526183498707174,3778,0.391209259276665,0.5627200534693794,0.43018401063097833,0.6668304208090177,0.5793622600178927,False
A2+D2,forest,3,2,3,134750,1.0,4,0.3586642649641185,3778,0.3949994388758519,0.5683292681650305,0.418767498198624,0.6587250967361056,0.5682312821385599,False
A2+D3,forest,3,0,3,134750,0.35,2,0.3558451460722502,3778,0.39285267925465445,0.5794171998968639,0.3958669248594734,0.6473938422394901,0.5763068520925333,True
A2+D3,forest,3,1,3,134750,0.7,2,0.3582914020590543,3778,0.39805847288524226,0.5841571800538101,0.3859421532624798,0.6413454926945032,0.5727506281429585,False
A2+D3,forest,3,2,3,134750,1.0,4,0.3657582563731018,3778,0.40515347591233025,0.5907330840326173,0.37203934238095726,0.6311579782422346,0.5636477820879706,False
A2+D4,forest,3,0,3,134750,0.35,2,0.35157132563728966,3778,0.38794169115323207,0.5662711409184702,0.42296958486273295,0.6600023529454901,0.5797864558523446,True
A2+D4,forest,3,1,3,134750,0.7,2,0.3572189473487475,3778,0.39439971848157257,0.5696735803383393,0.4160145798676661,0.6573346540846572,0.5758353600792927,False
A2+D4,forest,3,2,3,134750,1.0,4,0.36144355828202623,3778,0.39821179464969314,0.5752645634805286,0.4044954399323879,0.6503300634939652,0.5681478777444754,False
A2+D5,forest,3,0,3,134750,0.35,2,0.3500493292614283,3778,0.38848283141997625,0.5677159936484314,0.4200212177559307,0.6595933328192719,0.5802394038515736,True
A2+D5,forest,3,1,3,134750,0.7,2,0.35249104293264744,3778,0.39122700375038094,0.5659420887214316,0.4236399985421211,0.6628130142187012,0.5797578833911333,False
A2+D5,forest,3,2,3,134750,1.0,4,0.3577945325522749,3778,0.3947051013219856,0.5682493908320666,0.41893086842096716,0.6595720505364222,0.5736944083430416,False
A5_SHUFFLED_s1009,forest,3,0,3,134750,0.35,2,0.3549081971890481,3778,0.38859012826287015,0.5628979491658892,0.4298236757374192,0.664170480532866,0.5807408991046688,True
A5_SHUFFLED_s1009,forest,3,1,3,134750,0.7,2,0.35921297071485575,3778,0.3971698384025314,0.5719946596493082,0.41124610226347313,0.652894663747452,0.5680078292739188,False
A5_SHUFFLED_s1009,forest,3,2,3,134750,1.0,4,0.36546207012168963,3778,0.4024794751480517,0.5754428626471915,0.4041262379057068,0.6488601161629671,0.5640468508303664,False
A5_SHUFFLED_s2017,forest,3,0,3,134750,0.35,2,0.35788520054837586,3778,0.3908317835000117,0.5668751167340521,0.42173802545838346,0.6585986515033452,0.578359686021567,False
A5_SHUFFLED_s2017,forest,3,1,3,134750,0.7,2,0.3546026361491559,3778,0.3916319110759286,0.5671571035493602,0.42116258016290564,0.6590317946736742,0.5818845797929816,True
A5_SHUFFLED_s2017,forest,3,2,3,134750,1.0,4,0.36411410581222486,3778,0.3988311506611878,0.5742146876666149,0.4066670853430262,0.6503992417609373,0.5756644189614082,False
A5_SHUFFLED_s3019,forest,3,0,3,134750,0.35,2,0.35382203425729186,3778,0.3891499366641984,0.5664596327732048,0.42258537444674127,0.6595317760025898,0.5755195799997936,True
A5_SHUFFLED_s3019,forest,3,1,3,134750,0.7,2,0.35652149096248226,3778,0.3959495823072942,0.5742665823211873,0.4065598355680775,0.6502826350288166,0.5653894370614628,False
A5_SHUFFLED_s3019,forest,3,2,3,134750,1.0,4,0.3662531004378788,3778,0.40646321800665325,0.5839695924263396,0.3863364689137382,0.6379100444209495,0.5532163264387985,False
A5s,forest,3,0,3,134750,0.35,2,0.36261574825910403,3778,0.3960094757537436,0.5858817359383129,0.3823111434189538,0.634518332367836,0.5781045546836869,True
A5s,forest,3,1,3,134750,0.7,2,0.36904988512362036,3778,0.4008947481931555,0.5835037486334225,0.38731514084481855,0.6389521832435544,0.5748360172353998,False
A5s,forest,3,2,3,134750,1.0,4,0.37520627827099085,3778,0.4104180067666433,0.5952642689420228,0.3623689220319677,0.6223911568222614,0.5644039800005405,False
A6s,forest,3,0,3,134750,0.35,2,0.3647773146008966,3778,0.39381403681670707,0.5746753973182186,0.4057146058387444,0.6482193716195271,0.5845411534734618,True
A6s,forest,3,1,3,134750,0.7,2,0.3705805434060661,3778,0.40447734873281466,0.5872463382058366,0.37943042132313287,0.6320988564975146,0.5720265687720127,False
A6s,forest,3,2,3,134750,1.0,4,0.3747178377680444,3778,0.40825061179807476,0.5918127161548109,0.3697419053612566,0.6249240277460891,0.5637360889254852,False
C1,forest,3,0,3,134750,0.35,2,0.36590482528868484,3778,0.396103653197484,0.5830053127486766,0.3883614192592195,0.6381969793126608,0.5804118515856163,True
C1,forest,3,1,3,134750,0.7,2,0.36644255628762623,3778,0.400876643495049,0.5857695761945586,0.3825476184214879,0.6355668150575586,0.579859695010511,False
C1,forest,3,2,3,134750,1.0,4,0.37290520566358115,3778,0.40814183109176294,0.5936175370940662,0.36589191205229254,0.6254420134759597,0.5716950245304363,False
C2,forest,3,0,3,134750,0.35,2,0.3549521458164974,3778,0.39128722593050397,0.5725656248408799,0.4100701270937025,0.6515656818796447,0.5749939821076412,False
C2,forest,3,1,3,134750,0.7,2,0.3539722797083226,3778,0.3907194762094451,0.5662939475765557,0.4229231039476896,0.6599896688380614,0.5792768490447567,True
C2,forest,3,2,3,134750,1.0,4,0.36111447463046353,3778,0.397896457925152,0.5716342871248071,0.41198773118651566,0.6530511728529108,0.5729774458744364,False
C3,forest,3,0,3,134750,0.35,2,0.36402895596497425,3778,0.39443383028480894,0.5819078954043465,0.390661882173549,0.638562275593101,0.5811069959679769,True
C3,forest,3,1,3,134750,0.7,2,0.3681090746356205,3778,0.4006626875647179,0.5846103626594884,0.38498902527599665,0.6366197616528882,0.5800029503882859,False
C3,forest,3,2,3,134750,1.0,4,0.3721827714697605,3778,0.40676277431531366,0.5915101979700073,0.37038608146070007,0.625352900942571,0.5642064941580721,False
E2,forest,3,0,3,134750,0.35,2,0.3525298449934469,3778,0.38903342239557026,0.5691044610391395,0.41718083144581874,0.6579367707320383,0.5767359305716093,True
E2,forest,3,1,3,134750,0.7,2,0.35610078089758046,3778,0.3931635607799757,0.5685365747974184,0.418343394302474,0.6587757565708127,0.5713260099083403,False
E2,forest,3,2,3,134750,1.0,4,0.36256096949082073,3778,0.4004195279557267,0.5778062390497332,0.3992216122328145,0.6460809351161407,0.5601856987282346,False
E3,forest,3,0,3,134750,0.35,2,0.3492454579691305,3778,0.38598909468336495,0.5632464785761111,0.42911738522767473,0.6644354623915635,0.587079251567042,True
E3,forest,3,1,3,134750,0.7,2,0.3539089938420261,3778,0.38960548100513676,0.5601662317473983,0.43534432549121693,0.6689144005231179,0.5816668295813757,False
E3,forest,3,2,3,134750,1.0,4,0.35906279805675956,3778,0.3953800567126018,0.5668139499718977,0.4218628095716831,0.6596582642130183,0.5742182002317484,False
E4,forest,3,0,3,134750,0.35,2,0.34892386756958943,3778,0.38614003737721986,0.5635916804965387,0.42841740689699204,0.6658855024478367,0.5820841509424814,True
E4,forest,3,1,3,134750,0.7,2,0.3499111359836276,3778,0.3907575323375323,0.5658187968881924,0.4238910939890014,0.6637697489524471,0.5747881318954142,False
E4,forest,3,2,3,134750,1.0,4,0.357311286189454,3778,0.3968878200983086,0.5719537506368043,0.41133031451569313,0.6555854554198771,0.5692933579970614,False
G2,forest,3,0,3,134750,0.35,2,0.357455897400605,3778,0.3885829736524428,0.5655466302357667,0.4244451933661548,0.6599382307822292,0.5841061177445808,True
G2,forest,3,1,3,134750,0.7,2,0.36273309826606465,3778,0.39670093901558295,0.5732729645041729,0.4086116443241492,0.6522071519692827,0.5854246170976078,False
G2,forest,3,2,3,134750,1.0,4,0.3704885116655369,3778,0.40638342115089293,0.5852941645405899,0.3835494626600827,0.6355641612798771,0.5679912247148626,False
G4,forest,3,0,3,134750,0.35,2,0.3561531052185745,3778,0.3909391305207066,0.5672502164485076,0.4209725035360169,0.6580781939501107,0.5827714249729903,False
G4,forest,3,1,3,134750,0.7,2,0.354366847715006,3778,0.39221706408952445,0.5640184773887293,0.42755138260331826,0.6638024663831922,0.5839244130733623,True
G4,forest,3,2,3,134750,1.0,4,0.35692192503530995,3778,0.39490250077259104,0.5686262951945483,0.418159798095207,0.657474581884146,0.5768245242403613,False
G2_SHUFFLED_s1009,forest,3,0,3,134750,0.35,2,0.3583903526471267,3778,0.3890051413463165,0.5643103270228412,0.42695880576094514,0.6621397754177408,0.5824696915788001,True
G2_SHUFFLED_s1009,forest,3,1,3,134750,0.7,2,0.3599155023683427,3778,0.3932333183232133,0.5658278842217509,0.4238725886446597,0.660930315071809,0.5808541529052316,False
G2_SHUFFLED_s1009,forest,3,2,3,134750,1.0,4,0.36714007557157674,3778,0.4049185823883345,0.5868684653567141,0.38022879479720695,0.6340602094582608,0.5621916430990835,False
G2_SHUFFLED_s2017,forest,3,0,3,134750,0.35,2,0.35954649843320063,3778,0.39097582010528303,0.5677360290434542,0.4199802807057825,0.6567258696589583,0.578560213976659,True
G2_SHUFFLED_s2017,forest,3,1,3,134750,0.7,2,0.3598959881441001,3778,0.3930363326477618,0.5653402490073041,0.42486518361350467,0.6618497544421652,0.5792161072321927,False
G2_SHUFFLED_s2017,forest,3,2,3,134750,1.0,4,0.3661084638855102,3778,0.40166136570298167,0.5796998853727263,0.3952772933961307,0.6426984310177449,0.5672874669408007,False
G2_SHUFFLED_s3019,forest,3,0,3,134750,0.35,2,0.35419438000642217,3778,0.38924884326619213,0.5669488591655794,0.42158756827163124,0.6592711059038545,0.5749397446928816,True
G2_SHUFFLED_s3019,forest,3,1,3,134750,0.7,2,0.3615393752599423,3778,0.3993519961253985,0.5774891474995456,0.39988082795306257,0.6461886396289237,0.5674152014971563,False
G2_SHUFFLED_s3019,forest,3,2,3,134750,1.0,4,0.363574913347046,3778,0.4017951943687055,0.5779953050937611,0.398828382222458,0.646099049506767,0.5634353625223513,False
E3_SHUFFLED_s1009,forest,3,0,3,134750,0.35,2,0.34741853632332154,3778,0.3842563033018225,0.5606073494995043,0.43445466917166287,0.6676610943618634,0.5850159609856418,True
E3_SHUFFLED_s1009,forest,3,1,3,134750,0.7,2,0.351072381377211,3778,0.3903046898731104,0.5645169974907466,0.4265389928571893,0.6636989149866008,0.5770857252392128,False
E3_SHUFFLED_s1009,forest,3,2,3,134750,1.0,4,0.3556144865366727,3778,0.3927566012985808,0.5664541471862713,0.4225965577424432,0.6608801718025491,0.5743313521527503,False
E3_SHUFFLED_s2017,forest,3,0,3,134750,0.35,2,0.3501716692746993,3778,0.3859730850562159,0.5619547742710103,0.43173281559072196,0.6664611560000807,0.585002224563738,False
E3_SHUFFLED_s2017,forest,3,1,3,134750,0.7,2,0.350081748183229,3778,0.38786480251383487,0.560400534080671,0.43487186641277553,0.6690375113044262,0.5844381720978529,True
E3_SHUFFLED_s2017,forest,3,2,3,134750,1.0,4,0.35571613724998535,3778,0.3930687733979344,0.5686096520675488,0.41819385736661363,0.6586561168807714,0.5765751507479223,False
E3_SHUFFLED_s3019,forest,3,0,3,134750,0.35,2,0.35012160785567525,3778,0.38503120203572083,0.5600283910228344,0.43562218219418225,0.668923396000774,0.5818050023503714,True
E3_SHUFFLED_s3019,forest,3,1,3,134750,0.7,2,0.3549808589998285,3778,0.3950621646518096,0.5709965737731729,0.41329896852173986,0.656204349250351,0.5702743812210178,False
E3_SHUFFLED_s3019,forest,3,2,3,134750,1.0,4,0.3563537726092135,3778,0.39468836624609144,0.5701678519180475,0.4150007620354407,0.6562707191591268,0.5702892543970627,False
E2_SHUFFLED_s1009,forest,3,0,3,134750,0.35,2,0.3503318769257585,3778,0.38654251341409657,0.5648245165257398,0.4259140401651137,0.6632754032247618,0.5769211585867063,True
E2_SHUFFLED_s1009,forest,3,1,3,134750,0.7,2,0.35369494329617657,3778,0.3930121230291287,0.5681031664709784,0.4192298763281196,0.6600672890189169,0.5695869667698202,False
E2_SHUFFLED_s1009,forest,3,2,3,134750,1.0,4,0.36080662415113157,3778,0.3990150168922385,0.5756445229577877,0.4037085243458951,0.6500599972264051,0.5630007591579591,False
E2_SHUFFLED_s2017,forest,3,0,3,134750,0.35,2,0.35208456063052085,3778,0.3865144986301521,0.5622486243527647,0.4311383584381169,0.6662625466937429,0.5843164592197277,True
E2_SHUFFLED_s2017,forest,3,1,3,134750,0.7,2,0.35434286233147105,3778,0.3935424128154395,0.5735872137414529,0.4079631076311704,0.6530722909787002,0.5700337567203301,False
E2_SHUFFLED_s2017,forest,3,2,3,134750,1.0,4,0.3639920953151926,3778,0.40199203884041473,0.5827124437634968,0.3889757703607465,0.641389584274309,0.5603429828825165,False
E2_SHUFFLED_s3019,forest,3,0,3,134750,0.35,2,0.3510038465612258,3778,0.38776193627932515,0.5676153631852087,0.4202268077395045,0.6600585559073705,0.5744915937193764,True
E2_SHUFFLED_s3019,forest,3,1,3,134750,0.7,2,0.35346742889944716,3778,0.39318426252981536,0.5692981439245854,0.41678406313867267,0.6581943140459039,0.565299501200568,False
E2_SHUFFLED_s3019,forest,3,2,3,134750,1.0,4,0.36222043488161965,3778,0.4002147320604636,0.5776158396500215,0.399617485416771,0.6472798342507979,0.5589856569796278,False
E4_SHUFFLED_s1009,forest,3,0,3,134750,0.35,2,0.34686616284305777,3778,0.38632370591477955,0.5647015316528243,0.4261640158658955,0.6644809087565035,0.5802495317472367,True
E4_SHUFFLED_s1009,forest,3,1,3,134750,0.7,2,0.35103443477346685,3778,0.39090184710553494,0.5660976984586628,0.4233230065380611,0.6629654693910491,0.5750459346904166,False
E4_SHUFFLED_s1009,forest,3,2,3,134750,1.0,4,0.358583265808767,3778,0.3983545013752363,0.5737153430199687,0.4076985768653367,0.6526863037209748,0.5669091095570138,False
E4_SHUFFLED_s2017,forest,3,0,3,134750,0.35,2,0.350188829178121,3778,0.3880633647322587,0.5659822864881403,0.42355812017278527,0.662565727257833,0.5799470030826152,True
E4_SHUFFLED_s2017,forest,3,1,3,134750,0.7,2,0.35054601549184183,3778,0.392970388339074,0.5688127813146759,0.41777809603421856,0.659266199982796,0.5707026939432842,False
E4_SHUFFLED_s2017,forest,3,2,3,134750,1.0,4,0.3582224546927118,3778,0.39699708821824425,0.5691648287322263,0.41705717992965086,0.6590248438873705,0.5713217506309577,False
E4_SHUFFLED_s3019,forest,3,0,3,134750,0.35,2,0.3504761747690088,3778,0.38832015007250203,0.567123475815118,0.4212312186891455,0.6618806869202289,0.580935639346768,False
E4_SHUFFLED_s3019,forest,3,1,3,134750,0.7,2,0.350414351646539,3778,0.390495019303691,0.5650090624303072,0.42553883506168544,0.6639803556167124,0.5770777018955943,True
E4_SHUFFLED_s3019,forest,3,2,3,134750,1.0,4,0.35688155695875495,3778,0.3948452130175951,0.5687078774209741,0.4179928300015414,0.6591229666072972,0.5737788962483799,False
G4_SHUFFLED_s1009,forest,3,0,3,134750,0.35,2,0.3491342661248088,3778,0.3852044581809961,0.563038991150794,0.42953790857245167,0.6640107960700884,0.5864990482758753,True
G4_SHUFFLED_s1009,forest,3,1,3,134750,0.7,2,0.3521314629040061,3778,0.39077096769591485,0.5636560854094799,0.42828676327032356,0.664645123181315,0.580514025154682,False
G4_SHUFFLED_s1009,forest,3,2,3,134750,1.0,4,0.35575218900746913,3778,0.39422444436148735,0.5689865470784715,0.4174223175062509,0.6579579391708986,0.5767811368682716,False
G4_SHUFFLED_s2017,forest,3,0,3,134750,0.35,2,0.35196870114017725,3778,0.3874502896808937,0.5649347996777152,0.42568983534325144,0.6616320588042234,0.5859992474959254,True
G4_SHUFFLED_s2017,forest,3,1,3,134750,0.7,2,0.35199270631696616,3778,0.38890689319654276,0.561975225690752,0.43169145253901253,0.6670068594003792,0.5825855661388627,False
G4_SHUFFLED_s2017,forest,3,2,3,134750,1.0,4,0.3586866791304981,3778,0.3952193586846046,0.5679118917075557,0.4196208896991681,0.6593381595508729,0.5744448546099189,False
G4_SHUFFLED_s3019,forest,3,0,3,134750,0.35,2,0.35097274778760773,3778,0.388227276029954,0.5657817672861827,0.42396649758307425,0.6603019567802298,0.5772702739079109,True
G4_SHUFFLED_s3019,forest,3,1,3,134750,0.7,2,0.3517869385530446,3778,0.39345933918436443,0.5709554220292263,0.4133835326039369,0.6551045136130899,0.5689346365581472,False
G4_SHUFFLED_s3019,forest,3,2,3,134750,1.0,4,0.3568018804747817,3778,0.39487767921919303,0.569674897378397,0.4160118796087561,0.6568477108565254,0.5710891055168437,False
S1,forest,3,0,3,134750,0.35,2,0.3698531913601766,3778,0.39468449031918174,0.5635160102690122,0.4285708828363368,0.6733181216893193,0.6171807214793731,False
S1,forest,3,1,3,134750,0.7,2,0.36710693204210626,3778,0.38937782669590876,0.5552970038287456,0.44511816518422576,0.6837861647102069,0.6179752727139896,False
S1,forest,3,2,3,134750,1.0,4,0.36363335399172997,3778,0.3836190119190852,0.5493212537135592,0.45699647073974714,0.6889169919045619,0.6219981036897021,True
S2,forest,3,0,3,134750,0.35,2,0.3860054497624773,3778,0.419100092838922,0.6057887600458475,0.3396224977664225,0.6289591239260341,0.5462446844418457,True
S2,forest,3,1,3,134750,0.7,2,0.3919964915557902,3778,0.4265005620517942,0.6059040540139711,0.33937110720595487,0.6334904337951932,0.5441282754329592,False
S2,forest,3,2,3,134750,1.0,4,0.390886324503757,3778,0.4251740285025971,0.604173572022675,0.3431392743826732,0.6332804460182232,0.5437873064438234,False
S3,forest,3,0,3,134750,0.35,2,0.377940190062847,3778,0.4005528783555167,0.5790941098872049,0.3965404807744439,0.6484835413533963,0.6077366628270449,False
S3,forest,3,1,3,134750,0.7,2,0.37545379123857153,3778,0.3938824052007947,0.5690659117253355,0.4172597853800323,0.6625403036857092,0.6148299754702321,False
S3,forest,3,2,3,134750,1.0,4,0.3720268870040787,3778,0.3902743337055533,0.5644186722979664,0.42673874150540037,0.6672537415626131,0.6157368229554513,True
S4,forest,3,0,3,134750,0.35,2,0.3756176575813924,3778,0.4022515517243457,0.5780771501551965,0.3986581164394548,0.6481529469930664,0.6027788399098318,False
S4,forest,3,1,3,134750,0.7,2,0.3721940903372805,3778,0.392316633064152,0.5591620504744521,0.43736696945317277,0.673720596958276,0.6168027809392954,False
S4,forest,3,2,3,134750,1.0,4,0.36974917003096147,3778,0.3885773258489595,0.5545079789192647,0.4466939148787026,0.6792121220336828,0.6169900015732048,True
S5,forest,3,0,3,134750,0.35,2,0.368067709266693,3778,0.3943591471749066,0.5660444158165869,0.42343155821693745,0.6655434445524983,0.6126771193257164,False
S5,forest,3,1,3,134750,0.7,2,0.36502787650423496,3778,0.38595539834138687,0.5509420834928609,0.45378736596876346,0.684430463186124,0.6185890599950679,False
S5,forest,3,2,3,134750,1.0,4,0.3637590359334107,3778,0.3831238528778142,0.5474446525319204,0.4607001705068776,0.6883760569271684,0.6244582648125894,True
S4_SHUFFLED_s1009,forest,3,0,3,134750,0.35,2,0.3719783178115324,3778,0.39691411146330297,0.5665344572112546,0.4224328213754719,0.6643202871566587,0.6076751006883441,False
S4_SHUFFLED_s1009,forest,3,1,3,134750,0.7,2,0.367807173970936,3778,0.3872126509102318,0.5519603719343134,0.4517664057495756,0.6835074108523719,0.6170580649179624,True
S4_SHUFFLED_s1009,forest,3,2,3,134750,1.0,4,0.36864108574073057,3778,0.38616436062279774,0.5537350514233607,0.4482353441893019,0.680989561766997,0.6161936643476471,False
S4_SHUFFLED_s2017,forest,3,0,3,134750,0.35,2,0.3683887503456997,3778,0.39270894676000145,0.561186803028288,0.43328494993810296,0.6700726282757181,0.6113717406793101,False
S4_SHUFFLED_s2017,forest,3,1,3,134750,0.7,2,0.36408452957529497,3778,0.38380569023415245,0.5474792111718634,0.4606320793973636,0.6890295888170563,0.623624668681717,True
S4_SHUFFLED_s2017,forest,3,2,3,134750,1.0,4,0.36493177281506034,3778,0.3824457635179946,0.5464314394195291,0.4626946004192022,0.6894774253082502,0.6251551804118844,False
S4_SHUFFLED_s3019,forest,3,0,3,134750,0.35,2,0.372992098053278,3778,0.3970580928243558,0.5681901612081605,0.41905199380371616,0.66227703575236,0.607971718019477,False
S4_SHUFFLED_s3019,forest,3,1,3,134750,0.7,2,0.37088361690603144,3778,0.39114190837010243,0.5571102414850063,0.44148848478963854,0.6775574566647742,0.6108734230119813,False
S4_SHUFFLED_s3019,forest,3,2,3,134750,1.0,4,0.3676479155835665,3778,0.38811950649017074,0.5550122588270269,0.44568708350494746,0.6792067065587922,0.6107307724958972,True
S5_SHUFFLED_s1009,forest,3,0,3,134750,0.35,2,0.366290567236537,3778,0.39125007594118905,0.5582067669545345,0.43928775411916254,0.6762024855799461,0.619072894499304,False
S5_SHUFFLED_s1009,forest,3,1,3,134750,0.7,2,0.36330305506357846,3778,0.3834965489708966,0.5463278640543529,0.4628982721870182,0.691433698912169,0.6248148045159257,True
S5_SHUFFLED_s1009,forest,3,2,3,134750,1.0,4,0.3635588984093946,3778,0.3832190097359924,0.5482320741412103,0.4591476418935525,0.6887367104094338,0.6237973488398123,False
S5_SHUFFLED_s2017,forest,3,0,3,134750,0.35,2,0.36663512246835506,3778,0.39071925030853566,0.5587549332305105,0.438185960019148,0.6760531940453469,0.6222429688459118,False
S5_SHUFFLED_s2017,forest,3,1,3,134750,0.7,2,0.36435952753650763,3778,0.3853596351411765,0.5506384617298312,0.4543892308489037,0.6866296295199591,0.6256493475512171,True
S5_SHUFFLED_s2017,forest,3,2,3,134750,1.0,4,0.36464871297197987,3778,0.3858444466461227,0.5538232391687938,0.4480595823133544,0.682068380314363,0.6225110730837162,False
S5_SHUFFLED_s3019,forest,3,0,3,134750,0.35,2,0.3686569710194658,3778,0.3919440954294462,0.5595161124975006,0.4366542241661775,0.674532062432328,0.6203495638942867,False
S5_SHUFFLED_s3019,forest,3,1,3,134750,0.7,2,0.36575605807150163,3778,0.3857056621266916,0.5512209473380705,0.45323428603990745,0.6852860906595204,0.623543791781939,False
S5_SHUFFLED_s3019,forest,3,2,3,134750,1.0,4,0.3641069872767296,3778,0.3832500175075139,0.5469832058948841,0.4616089499022782,0.6900298110390146,0.6254395501038869,True
B0_trivial,mean,3,0,3,134750,0.0,0,0.6330676124088271,3778,0.6003221653237435,0.9230359227393603,-0.533158494727481,,,True
B1_ridge_A2,ridge,3,0,3,134750,1.0,0,0.44437918917731983,3778,0.4313866859560093,0.6171191999008869,0.31468858769523644,0.5620717717376217,0.5502829183503508,True
B1_ridge_A2,ridge,3,1,3,134750,10.0,0,0.44586560015781174,3778,0.4316273835821486,0.6158452313308371,0.31751515355453386,0.563774158920228,0.550195115739906,False
B1_ridge_A2,ridge,3,2,3,134750,100.0,0,0.4605350997950694,3778,0.44178362630121304,0.619975920703188,0.30832912039777816,0.5559596006800936,0.5329555317358187,False
B2_ridge_A5,ridge,3,0,3,134750,1.0,0,0.48197713409967863,3778,0.4958085143629919,0.6818156705250705,0.16346560065418092,0.4779608758145305,0.4628817058884275,False
B2_ridge_A5,ridge,3,1,3,134750,10.0,0,0.47168654277285904,3778,0.484291054299843,0.6694181867602121,0.19361050527003243,0.488273873776502,0.47361871535009037,True
B2_ridge_A5,ridge,3,2,3,134750,100.0,0,0.4805703158707858,3778,0.48651966954307013,0.6701341165140093,0.19188474711415493,0.46920723016100674,0.44792303767941677,False
A0,forest,4,0,3,144757,0.35,2,0.5803458739765855,5708,0.6590553781251977,0.954152161283206,-0.6898500715465348,-0.013824511869854653,0.03608055704840795,True
A0,forest,4,1,3,144757,0.7,2,0.5803458739765855,5708,0.6590553781251977,0.954152161283206,-0.6898500715465348,-0.09970818143922582,0.002810320775765281,False
A0,forest,4,2,3,144757,1.0,4,0.5803458739765855,5708,0.6590553781251977,0.954152161283206,-0.6898500715465348,-0.16937843577308334,-0.1698935140221162,False
A1,forest,4,0,3,144757,0.35,2,0.4006085186887293,5708,0.5210089210750765,0.7485334006157753,-0.040004612883563384,0.3784668430820806,0.3456364007513772,True
A1,forest,4,1,3,144757,0.7,2,0.40764774269940046,5708,0.5469897375124874,0.7904454579510434,-0.1597295261486975,0.32584197426735423,0.21845607752531482,False
A1,forest,4,2,3,144757,1.0,4,0.4063773470830565,5708,0.5560553416543843,0.8082403775647184,-0.2125341623968544,0.3095672154949406,0.19749227027225266,False
A2,forest,4,0,3,144757,0.35,2,0.3384753206950376,5708,0.45412950704097743,0.658037398254362,0.19626283463223948,0.5134438310579994,0.5078387534072532,True
A2,forest,4,1,3,144757,0.7,2,0.3445738973660681,5708,0.4427001918433192,0.6387854113169422,0.24260422894867495,0.5443821709852733,0.5326349326994048,False
A2,forest,4,2,3,144757,1.0,4,0.3517739460136375,5708,0.4448468628472243,0.645711106134226,0.22609186778165424,0.5295028746846132,0.5182912646256265,False
A3,forest,4,0,3,144757,0.35,2,0.4121151406502561,5708,0.5538701693588728,0.8328401537474187,-0.287467305007294,0.24158825942066087,0.1717460315260081,True
A3,forest,4,1,3,144757,0.7,2,0.41762563696457966,5708,0.5700507729674351,0.8647036323719441,-0.3878657693606369,0.21396950524272812,0.1481569120457424,False
A3,forest,4,2,3,144757,1.0,4,0.4190273360526468,5708,0.5820997895791503,0.8816260427232115,-0.4427188917334641,0.2004335468899745,0.14808535810651224,False
A4,forest,4,0,3,144757,0.35,2,0.35722418578972254,5708,0.4527694403939445,0.6484945368000229,0.21940540249221985,0.5251388310808384,0.5123784814033445,True
A4,forest,4,1,3,144757,0.7,2,0.3607400016526373,5708,0.45025924777718435,0.6471820668950661,0.22256185215744984,0.5259067646212082,0.5171417150601952,False
A4,forest,4,2,3,144757,1.0,4,0.36434898914435976,5708,0.4530563290429033,0.656500065608906,0.20001389207729725,0.5115013813937577,0.5114866435791164,False
A5,forest,4,0,3,144757,0.35,2,0.36378528609279387,5708,0.4526089879250534,0.6470958219768465,0.22276904461623137,0.5262788136971774,0.5049810030485329,True
A5,forest,4,1,3,144757,0.7,2,0.36707909883250794,5708,0.445399029690239,0.6376932602085347,0.24519190073815156,0.5423250150563793,0.5172097741539403,False
A5,forest,4,2,3,144757,1.0,4,0.3693137296487301,5708,0.4519603722295001,0.6536022041877002,0.20706075315689731,0.515959253698283,0.5005710165343621,False
A6,forest,4,0,3,144757,0.35,2,0.3667469653616479,5708,0.452140458983071,0.6456152752168638,0.2263215643817056,0.5272863751581984,0.5138233326403446,True
A6,forest,4,1,3,144757,0.7,2,0.36876027000152234,5708,0.449159646409996,0.6426595413201319,0.23338940499313676,0.5329585045177772,0.5115569350904661,False
A6,forest,4,2,3,144757,1.0,4,0.37355460556914444,5708,0.45650279338380934,0.6606832517076825,0.18978646704278623,0.5013482480518342,0.5047632602706713,False
A2+D1,forest,4,0,3,144757,0.35,2,0.35391156040746374,5708,0.45176156633957415,0.6476094886494427,0.22153461817376352,0.5267101212446911,0.517070245467362,True
A2+D1,forest,4,1,3,144757,0.7,2,0.35782261564296747,5708,0.44573937019126303,0.6384665911233773,0.24336007841548657,0.5415315098154413,0.5218239957334174,False
A2+D1,forest,4,2,3,144757,1.0,4,0.36420897380648964,5708,0.4460930864009251,0.6429664754932203,0.2326569637444782,0.5333138451324815,0.5202090495991163,False
A2+D2,forest,4,0,3,144757,0.35,2,0.3472709988137353,5708,0.4514262705896301,0.6518023374825196,0.21142187640493748,0.5213524306072288,0.5109841094687587,True
A2+D2,forest,4,1,3,144757,0.7,2,0.35841260352595394,5708,0.4540155430133956,0.6547574463291439,0.204255235135669,0.5163500531902749,0.507694386601173,False
A2+D2,forest,4,2,3,144757,1.0,4,0.36463826405376587,5708,0.45571116402834044,0.6586910649068979,0.19466524420017173,0.509250198201519,0.5020560205676557,False
A2+D3,forest,4,0,3,144757,0.35,2,0.3432255702300194,5708,0.4504882653204398,0.6454887098249564,0.22662487602888182,0.5364906444103725,0.49811231354862423,True
A2+D3,forest,4,1,3,144757,0.7,2,0.34876704225805344,5708,0.4417471818697043,0.6337312555700069,0.2545420481664855,0.5564128286668565,0.51412637347333,False
A2+D3,forest,4,2,3,144757,1.0,4,0.35494138325405405,5708,0.45569205289608633,0.6629701238843327,0.18416785481659492,0.5058589965179646,0.4887495145347718,False
A2+D4,forest,4,0,3,144757,0.35,2,0.34821406965404583,5708,0.4488563670384179,0.645229047173446,0.2272469666733682,0.5313367262697334,0.5187974162319863,True
A2+D4,forest,4,1,3,144757,0.7,2,0.35623712433073285,5708,0.4487053267967798,0.6441975310136345,0.22971576464317434,0.5327026144683971,0.5165163245922889,False
A2+D4,forest,4,2,3,144757,1.0,4,0.3632906799079343,5708,0.45363338300938194,0.6581476659886025,0.19599344659452278,0.509606052541066,0.5062529595471998,False
A2+D5,forest,4,0,3,144757,0.35,2,0.34336329012924255,5708,0.45355134755632315,0.6536429027331346,0.20696200049511393,0.5197882485977982,0.5115314461095182,True
A2+D5,forest,4,1,3,144757,0.7,2,0.35226620989664315,5708,0.4505874996048244,0.6482561776683723,0.21997912407551135,0.528845740905366,0.5188149507844145,False
A2+D5,forest,4,2,3,144757,1.0,4,0.3580137361219285,5708,0.45129941206075236,0.6535875742888198,0.20709625025618517,0.5181924851974413,0.5118650400737403,False
A5_SHUFFLED_s1009,forest,4,0,3,144757,0.35,2,0.354731690271473,5708,0.44731318609648324,0.6405931954679376,0.23831125199885483,0.5363078449790639,0.524673330290021,True
A5_SHUFFLED_s1009,forest,4,1,3,144757,0.7,2,0.35566766616546996,5708,0.44513812938818753,0.6414753065214737,0.23621208305592878,0.5354702304241974,0.5212265594780402,False
A5_SHUFFLED_s1009,forest,4,2,3,144757,1.0,4,0.3634674689155283,5708,0.44619659802282896,0.6457490535240161,0.22600090246845228,0.5280692810006893,0.5209404649536963,False
A5_SHUFFLED_s2017,forest,4,0,3,144757,0.35,2,0.3571103695786595,5708,0.4526193412108586,0.6448600408591445,0.22813058842327105,0.5296318979346715,0.5058560145433372,True
A5_SHUFFLED_s2017,forest,4,1,3,144757,0.7,2,0.3611861290156957,5708,0.44750940185580534,0.6422459167664097,0.23437588975976553,0.5334841741317182,0.520683692887689,False
A5_SHUFFLED_s2017,forest,4,2,3,144757,1.0,4,0.3676896287259932,5708,0.4527348398102013,0.6525819021131343,0.20953444765056795,0.5174433037145891,0.5054954931254387,False
A5_SHUFFLED_s3019,forest,4,0,3,144757,0.35,2,0.35307492984968974,5708,0.4484932647028794,0.6440457739318542,0.23007864190721694,0.5299695785380237,0.5237777083954035,True
A5_SHUFFLED_s3019,forest,4,1,3,144757,0.7,2,0.3608468327296112,5708,0.4523542003330696,0.6497789797087176,0.21631016554312077,0.5230016392832404,0.5174715469484059,False
A5_SHUFFLED_s3019,forest,4,2,3,144757,1.0,4,0.3630826290266046,5708,0.4519116807737259,0.6547910297572461,0.20417360331124357,0.5138344991360011,0.5135482844205795,False
A5s,forest,4,0,3,144757,0.35,2,0.369184224209456,5708,0.45323221188288865,0.6466764418676381,0.2237761584524739,0.5245407687676529,0.5091952427773021,True
A5s,forest,4,1,3,144757,0.7,2,0.37177799762213004,5708,0.44552538707868994,0.6390329184237797,0.24201718625804447,0.536772980123467,0.5171772951258694,False
A5s,forest,4,2,3,144757,1.0,4,0.3764754734228862,5708,0.45337810393180134,0.6551949750451869,0.20319139840304312,0.508969496377303,0.5055802432301423,False
A6s,forest,4,0,3,144757,0.35,2,0.37785436044967907,5708,0.4555997243881444,0.6475200459451225,0.2217496342967593,0.5210605540725114,0.5050178731967401,False
A6s,forest,4,1,3,144757,0.7,2,0.377483595976071,5708,0.45140447473169176,0.6449819344622508,0.2278387581656568,0.5251054825529067,0.5066881669403166,True
A6s,forest,4,2,3,144757,1.0,4,0.3830603499289363,5708,0.45749653498835063,0.6613848809291277,0.1880646999505815,0.4977723058667095,0.49283910920706886,False
C1,forest,4,0,3,144757,0.35,2,0.3705812856006445,5708,0.45000517278384433,0.6391975039270092,0.24162669292175887,0.5368099055497494,0.5109709706605767,False
C1,forest,4,1,3,144757,0.7,2,0.37035143108730284,5708,0.44646400515438495,0.6381015744960196,0.24422498570174633,0.5393083758622474,0.5171460160274982,True
C1,forest,4,2,3,144757,1.0,4,0.37516847691996397,5708,0.45381066967104494,0.6528890382646296,0.2087902110148251,0.5152229712418964,0.4971730446221506,False
C2,forest,4,0,3,144757,0.35,2,0.3531214445623797,5708,0.4429775618400916,0.6300100723377355,0.2632707999026781,0.5540181532319151,0.5207487922142046,True
C2,forest,4,1,3,144757,0.7,2,0.36171925677923056,5708,0.44654467916304746,0.634852659192543,0.25190150025003955,0.5464052916194352,0.5145615340367283,False
C2,forest,4,2,3,144757,1.0,4,0.3684570773628443,5708,0.45211869969497415,0.6478687002954902,0.2209113176194627,0.5244626968631984,0.501737402186323,False
C3,forest,4,0,3,144757,0.35,2,0.37057388085702886,5708,0.43149684577289493,0.6122814268304485,0.3041509015788594,0.5765416869332517,0.5509110702334667,True
C3,forest,4,1,3,144757,0.7,2,0.37221721966181814,5708,0.44051390947688607,0.6292935020638293,0.26494575096172457,0.5505680729420749,0.5307725052214601,False
C3,forest,4,2,3,144757,1.0,4,0.37799241575762865,5708,0.44623042748246294,0.6402129294016354,0.2392152841281252,0.5334732318832136,0.5142997840772058,False
E2,forest,4,0,3,144757,0.35,2,0.3504966340504225,5708,0.4586675106854837,0.6594005864721204,0.1929293465833002,0.5103381451108363,0.48297270615031496,True
E2,forest,4,1,3,144757,0.7,2,0.3580984499709751,5708,0.455315357350274,0.6554036313504604,0.20268380717000511,0.5143734907541415,0.4950564565555826,False
E2,forest,4,2,3,144757,1.0,4,0.35931200183508816,5708,0.4561217936290382,0.6627640657500992,0.18467491454258755,0.5013515669822246,0.4914991969356762,False
E3,forest,4,0,3,144757,0.35,2,0.34967666270270725,5708,0.4410693179130756,0.6269802804412024,0.270339794373199,0.559570351802623,0.5261090164924812,True
E3,forest,4,1,3,144757,0.7,2,0.3586526711398264,5708,0.4404397703568195,0.6265455911988785,0.2713511993631069,0.5603334614915576,0.5240260998327743,False
E3,forest,4,2,3,144757,1.0,4,0.3644462400221636,5708,0.44618320512668175,0.6399968770451396,0.23972868080689358,0.5383193506525995,0.5156611828244162,False
E4,forest,4,0,3,144757,0.35,2,0.34273077413583763,5708,0.450816213034058,0.6491788514754733,0.21775711049523083,0.5279289165321676,0.5130404179391038,True
E4,forest,4,1,3,144757,0.7,2,0.3506961732786315,5708,0.449233926582639,0.6459374767843744,0.22554914583037233,0.5328343225013139,0.5156168361714886,False
E4,forest,4,2,3,144757,1.0,4,0.35932475340108816,5708,0.45006673920786994,0.6493448910039842,0.21735691307572846,0.5262878262659251,0.5119983066412281,False
G2,forest,4,0,3,144757,0.35,2,0.36234680894271193,5708,0.45208759277597166,0.6443430140812662,0.22936780935901369,0.5303446435582876,0.5101494669865609,True
G2,forest,4,1,3,144757,0.7,2,0.367170098493074,5708,0.4534514000216677,0.6509793939497466,0.21341188335994388,0.5186760383215018,0.5043151763366862,False
G2,forest,4,2,3,144757,1.0,4,0.37416518465821746,5708,0.457045259517547,0.6584216260076567,0.19532395703806837,0.5092120699624134,0.49693166433794356,False
G4,forest,4,0,3,144757,0.35,2,0.3599767812283534,5708,0.4524314344276346,0.6474617864406041,0.22188967147789362,0.5257536941612644,0.5155933128652884,True
G4,forest,4,1,3,144757,0.7,2,0.3636288143146878,5708,0.45920749002516276,0.6607410265865037,0.189644759090404,0.5033719114937825,0.5008210388161848,False
G4,forest,4,2,3,144757,1.0,4,0.3692708111984982,5708,0.4587473843179831,0.6643143886776117,0.18085607275814342,0.49671010200950094,0.5031501582140584,False
G2_SHUFFLED_s1009,forest,4,0,3,144757,0.35,2,0.3548396964114233,5708,0.445380196535452,0.6388770655217271,0.24238686804460263,0.5378876987457101,0.5237391946172504,True
G2_SHUFFLED_s1009,forest,4,1,3,144757,0.7,2,0.3614183559299019,5708,0.44901941614000274,0.646539514333416,0.22410483955845573,0.5272088864198085,0.5159761276793816,False
G2_SHUFFLED_s1009,forest,4,2,3,144757,1.0,4,0.36777061514666337,5708,0.4479963036373496,0.6466203252172783,0.22391086938094906,0.5292229768841175,0.5111760105501574,False
G2_SHUFFLED_s2017,forest,4,0,3,144757,0.35,2,0.3598323168557133,5708,0.4480886733712218,0.6381201033718938,0.24418109342721117,0.5395140265929079,0.5154555817699233,True
G2_SHUFFLED_s2017,forest,4,1,3,144757,0.7,2,0.3634180789271242,5708,0.44679723530886867,0.6395402017140038,0.24081329011084673,0.5382361536030008,0.5173668678272172,False
G2_SHUFFLED_s2017,forest,4,2,3,144757,1.0,4,0.3718521684933571,5708,0.45391748874166793,0.6523522571390432,0.21009068281715493,0.5191779028798831,0.5022689316597234,False
G2_SHUFFLED_s3019,forest,4,0,3,144757,0.35,2,0.35540128767948675,5708,0.45051852040246726,0.6478089692070084,0.22105496916424794,0.5230290320356347,0.5227407912425217,True
G2_SHUFFLED_s3019,forest,4,1,3,144757,0.7,2,0.3577258366482943,5708,0.4493573872801995,0.6455291187197184,0.22652804331371423,0.5297587390240984,0.5179035199282481,False
G2_SHUFFLED_s3019,forest,4,2,3,144757,1.0,4,0.3666165466446307,5708,0.45151254534207097,0.6536505570611033,0.20694342702493274,0.5165201732956755,0.5075339450461325,False
E3_SHUFFLED_s1009,forest,4,0,3,144757,0.35,2,0.346630182402428,5708,0.4410778113411619,0.6310686116286254,0.2607930237693338,0.5533824196388015,0.5316440565431017,True
E3_SHUFFLED_s1009,forest,4,1,3,144757,0.7,2,0.3556519271676489,5708,0.4443843358967895,0.637613615885138,0.24538043158840062,0.5435669135574533,0.522653428083156,False
E3_SHUFFLED_s1009,forest,4,2,3,144757,1.0,4,0.3597969595306952,5708,0.4471170120442811,0.6475518753451998,0.2216731212954054,0.5271498571803032,0.5188677160527155,False
E3_SHUFFLED_s2017,forest,4,0,3,144757,0.35,2,0.34878211769300826,5708,0.446609551173948,0.6389335907044176,0.24225280120308323,0.5420678927773418,0.5158214657646698,True
E3_SHUFFLED_s2017,forest,4,1,3,144757,0.7,2,0.3532551334038878,5708,0.44322490176870255,0.6347933900023522,0.252041177140072,0.5490363514383382,0.5245100351121513,False
E3_SHUFFLED_s2017,forest,4,2,3,144757,1.0,4,0.35772699314429196,5708,0.4463028738462395,0.6456985500212181,0.2261219654008383,0.5314422626294792,0.5206065520001303,False
E3_SHUFFLED_s3019,forest,4,0,3,144757,0.35,2,0.3484590065265877,5708,0.442886381550178,0.6332958318294526,0.25556607397353404,0.5493733517408561,0.5290062636309141,True
E3_SHUFFLED_s3019,forest,4,1,3,144757,0.7,2,0.35662468209798726,5708,0.444597204906111,0.6379340684236277,0.2446217259482374,0.5424829192050784,0.527913677909799,False
E3_SHUFFLED_s3019,forest,4,2,3,144757,1.0,4,0.3605563161739858,5708,0.44531919850023,0.6436200818729946,0.23109608851060048,0.532460451304213,0.5185698833526446,False
E2_SHUFFLED_s1009,forest,4,0,3,144757,0.35,2,0.3483892057675909,5708,0.45110354131420327,0.6503348919122243,0.21496863520773035,0.5231788762453093,0.5117800033873786,True
E2_SHUFFLED_s1009,forest,4,1,3,144757,0.7,2,0.3584649571811416,5708,0.44730820743205146,0.6435152215700681,0.23134661185916328,0.5345787740452689,0.5198402318849257,False
E2_SHUFFLED_s1009,forest,4,2,3,144757,1.0,4,0.35989924799468986,5708,0.4477365378578732,0.648130462824121,0.22028163008474466,0.5258379120378155,0.5132189134195864,False
E2_SHUFFLED_s2017,forest,4,0,3,144757,0.35,2,0.3495380063758944,5708,0.44880850406022965,0.6435910648668645,0.23116541756729037,0.5337518604684038,0.5120842643312163,True
E2_SHUFFLED_s2017,forest,4,1,3,144757,0.7,2,0.35612951865169395,5708,0.446054509858334,0.6405678549475224,0.23837151241885346,0.5376741262054654,0.5223328370780416,False
E2_SHUFFLED_s2017,forest,4,2,3,144757,1.0,4,0.3575805720553099,5708,0.44356189629754655,0.6429173266389153,0.2327742718502146,0.5335811386509602,0.5226474256519265,False
E2_SHUFFLED_s3019,forest,4,0,3,144757,0.35,2,0.34846040860462396,5708,0.44778802131622286,0.6438914210521265,0.2304476384691635,0.5334982583905876,0.5181699232149866,True
E2_SHUFFLED_s3019,forest,4,1,3,144757,0.7,2,0.35385050968363396,5708,0.4462810690295701,0.6433397812176327,0.23176566780208496,0.5336676173589859,0.5219343576023296,False
E2_SHUFFLED_s3019,forest,4,2,3,144757,1.0,4,0.35813827182885205,5708,0.4484219899725492,0.6497181805971011,0.21645681669077743,0.5224715467900539,0.5139460517503999,False
E4_SHUFFLED_s1009,forest,4,0,3,144757,0.35,2,0.3402009872855101,5708,0.451721500642475,0.6514367018514493,0.2123063512579091,0.5249029776037022,0.5117761417897556,True
E4_SHUFFLED_s1009,forest,4,1,3,144757,0.7,2,0.349374933738367,5708,0.45244244081673485,0.6523423717611914,0.21011462231554823,0.5240628217574683,0.51351237067914,False
E4_SHUFFLED_s1009,forest,4,2,3,144757,1.0,4,0.35628754806477975,5708,0.4484102776177984,0.6475217050551099,0.22174564614344494,0.5300083225921824,0.5093042127630921,False
E4_SHUFFLED_s2017,forest,4,0,3,144757,0.35,2,0.340010778797696,5708,0.4497992204689047,0.6499521577292057,0.21589237443538778,0.525912765338082,0.5127794432355677,True
E4_SHUFFLED_s2017,forest,4,1,3,144757,0.7,2,0.3483909973011245,5708,0.4473788625759716,0.6444966467442299,0.2290002771981009,0.5350702493368646,0.518361260026416,False
E4_SHUFFLED_s2017,forest,4,2,3,144757,1.0,4,0.35524670165541417,5708,0.44862445702163206,0.6511970597763024,0.21288577768538608,0.5225247092226839,0.5099883008918202,False
E4_SHUFFLED_s3019,forest,4,0,3,144757,0.35,2,0.3411142080393773,5708,0.4484055635172463,0.6470029375049731,0.22299215687588414,0.5298037292503223,0.516438763022715,True
E4_SHUFFLED_s3019,forest,4,1,3,144757,0.7,2,0.34857823630781765,5708,0.4482863111813311,0.6459681780424132,0.2254755251428745,0.5332214466805345,0.5172893308771178,False
E4_SHUFFLED_s3019,forest,4,2,3,144757,1.0,4,0.35675555543620946,5708,0.4512587912188915,0.6546474872199213,0.20452248536317674,0.5171196266781847,0.5052245792626787,False
G4_SHUFFLED_s1009,forest,4,0,3,144757,0.35,2,0.34874811938663525,5708,0.44400664042878923,0.6370087830745723,0.24681139914116068,0.5423055826396547,0.5270718271251355,True
G4_SHUFFLED_s1009,forest,4,1,3,144757,0.7,2,0.3557313929826017,5708,0.44611698545308265,0.64263547291232,0.2334468249791135,0.5338660258084447,0.5258778037958634,False
G4_SHUFFLED_s1009,forest,4,2,3,144757,1.0,4,0.36350603830676603,5708,0.4489987219110021,0.647143315728181,0.2226549503287628,0.5264730698070955,0.5172854457002167,False
G4_SHUFFLED_s2017,forest,4,0,3,144757,0.35,2,0.3536229180448032,5708,0.44845896378183076,0.6432011560955252,0.23209670625927104,0.5320685990344817,0.5243600714807901,True
G4_SHUFFLED_s2017,forest,4,1,3,144757,0.7,2,0.35792040260510555,5708,0.4446454343968988,0.6379940655156273,0.2444796340512183,0.5416958990315737,0.5268832407187326,False
G4_SHUFFLED_s2017,forest,4,2,3,144757,1.0,4,0.3629013539919273,5708,0.44620174068744733,0.6444334411792515,0.22915149313936167,0.5302418371097747,0.518265973750683,False
G4_SHUFFLED_s3019,forest,4,0,3,144757,0.35,2,0.35163545893727716,5708,0.44260809309697546,0.634450419559816,0.25284918325116323,0.5464460514007085,0.5348507141458448,True
G4_SHUFFLED_s3019,forest,4,1,3,144757,0.7,2,0.356782341487887,5708,0.44378028637725964,0.6376017385374323,0.24540854515215393,0.5421011047632662,0.5293983201494478,False
G4_SHUFFLED_s3019,forest,4,2,3,144757,1.0,4,0.3598386764225548,5708,0.4461316470916435,0.645957990760353,0.22549995432480308,0.5283918950618335,0.521913202991475,False
S1,forest,4,0,3,144757,0.35,2,0.3843339327590754,5708,0.46295033052929285,0.6608578846909395,0.18935809624508226,0.5183709955381565,0.5350275775640404,True
S1,forest,4,1,3,144757,0.7,2,0.39436571475408055,5708,0.4622890303266731,0.6624162778539434,0.18553037974105824,0.5218519923757625,0.540000261194206,False
S1,forest,4,2,3,144757,1.0,4,0.39816617641684976,5708,0.46080297171313334,0.6559963330579885,0.20124107989042705,0.5276701103312929,0.5376187672420962,False
S2,forest,4,0,3,144757,0.35,2,0.33984250514890085,5708,0.44707538825524495,0.6468282546631107,0.2234116653745688,0.5296064084636959,0.5169912476355035,True
S2,forest,4,1,3,144757,0.7,2,0.3476909164080588,5708,0.44477835182471726,0.6454449385218766,0.22672975931706973,0.5296636134882006,0.5202229880467092,False
S2,forest,4,2,3,144757,1.0,4,0.35454917798654234,5708,0.44876220121449495,0.6563272175939516,0.2004350887072489,0.5078174589643534,0.5038620157033752,False
S3,forest,4,0,3,144757,0.35,2,0.38914924238511467,5708,0.46489131836279673,0.665181821182649,0.17871547190791748,0.5035317713355385,0.5292000216719795,True
S3,forest,4,1,3,144757,0.7,2,0.40062738326201236,5708,0.46291769798768206,0.6588028490867924,0.19439187986044348,0.5201149314012639,0.5313976423370248,False
S3,forest,4,2,3,144757,1.0,4,0.40311191591496837,5708,0.4606197737704924,0.6555730413588278,0.20227157021113784,0.5215786177990226,0.5363861595265503,False
S4,forest,4,0,3,144757,0.35,2,0.38924210795999936,5708,0.461653578286158,0.6582126002336898,0.19583478878338734,0.5117552475618838,0.5297734914403408,True
S4,forest,4,1,3,144757,0.7,2,0.3970894181043043,5708,0.4650246853576165,0.6615333364648948,0.18770016238300247,0.5139076029492334,0.5213393632872377,False
S4,forest,4,2,3,144757,1.0,4,0.40041623550323713,5708,0.46607495109546393,0.6621888175183082,0.18608962845578736,0.5118081940554378,0.5248346912984571,False
S5,forest,4,0,3,144757,0.35,2,0.38379398157495054,5708,0.44339224670245614,0.6227969413196638,0.2800441918162583,0.5693456329340082,0.5609787541115029,True
S5,forest,4,1,3,144757,0.7,2,0.39782954373825524,5708,0.4461971069494422,0.6280251719252092,0.2679057432257167,0.566075805534993,0.5516204519603909,False
S5,forest,4,2,3,144757,1.0,4,0.3984064364221567,5708,0.44812698099380416,0.6320094363038015,0.25858729664342484,0.560698488502477,0.5493388385881207,False
S4_SHUFFLED_s1009,forest,4,0,3,144757,0.35,2,0.38810048141989595,5708,0.4548473988181091,0.6452653928562901,0.22715990603083658,0.5336009647764168,0.5445143875544411,True
S4_SHUFFLED_s1009,forest,4,1,3,144757,0.7,2,0.39405961446046756,5708,0.4533164134513952,0.6448872480433351,0.2280654554178646,0.5392293960530496,0.5510590506772437,False
S4_SHUFFLED_s1009,forest,4,2,3,144757,1.0,4,0.39961796196420174,5708,0.4552983792057651,0.6470877073555659,0.2227885375416735,0.5357486336760907,0.5465155254703533,False
S4_SHUFFLED_s2017,forest,4,0,3,144757,0.35,2,0.3891325198669196,5708,0.45433826618338274,0.6452863227610633,0.22710976935192728,0.5320842979516599,0.5439268021496432,True
S4_SHUFFLED_s2017,forest,4,1,3,144757,0.7,2,0.39687184552060384,5708,0.45703633615307415,0.6489416044811183,0.21832875839268118,0.531541914952728,0.538196796742351,False
S4_SHUFFLED_s2017,forest,4,2,3,144757,1.0,4,0.3995498095140759,5708,0.4590374050091801,0.6513008870080091,0.21263476179222462,0.5265250470262138,0.5331874123989176,False
S4_SHUFFLED_s3019,forest,4,0,3,144757,0.35,2,0.3871235267082885,5708,0.4518674251576936,0.6442310920996959,0.22963550277419387,0.535168618723018,0.5578262942630048,True
S4_SHUFFLED_s3019,forest,4,1,3,144757,0.7,2,0.3963268296811058,5708,0.4578592296900756,0.6517857081000873,0.2114621137565338,0.5295629473202276,0.5460674746713584,False
S4_SHUFFLED_s3019,forest,4,2,3,144757,1.0,4,0.3975435536921913,5708,0.4569497316139481,0.6511507524836421,0.21299771870887518,0.5277446650779917,0.5469955469786495,False
S5_SHUFFLED_s1009,forest,4,0,3,144757,0.35,2,0.38426592324102476,5708,0.45029868136269435,0.6367433981549356,0.24743884185306175,0.5506754227847362,0.5534252908959824,True
S5_SHUFFLED_s1009,forest,4,1,3,144757,0.7,2,0.3934268529635498,5708,0.44993170467006116,0.6377930987113906,0.24495553377476742,0.552772515942395,0.5531736342553938,False
S5_SHUFFLED_s1009,forest,4,2,3,144757,1.0,4,0.39912390222978045,5708,0.4550388608342864,0.6430442131439247,0.23247140181157577,0.5443153117625987,0.5435964454161166,False
S5_SHUFFLED_s2017,forest,4,0,3,144757,0.35,2,0.3822559996671928,5708,0.45355374166196366,0.6421214452243335,0.23467262711980363,0.5405696902402901,0.5499362384883343,True
S5_SHUFFLED_s2017,forest,4,1,3,144757,0.7,2,0.3923953229274218,5708,0.45797684367924457,0.6486259495972715,0.21908900657114705,0.5371766479718911,0.5417123185911102,False
S5_SHUFFLED_s2017,forest,4,2,3,144757,1.0,4,0.39897845573909607,5708,0.45987661542184155,0.6516253542963589,0.2118500618005683,0.5320800414523371,0.5372525239956211,False
S5_SHUFFLED_s3019,forest,4,0,3,144757,0.35,2,0.3811374940195214,5708,0.45138909531842175,0.641716829253949,0.23563682514409912,0.540924313160203,0.5554693445641333,True
S5_SHUFFLED_s3019,forest,4,1,3,144757,0.7,2,0.3917000513439855,5708,0.4493650036566261,0.6368851078816977,0.24710383373657896,0.5539320526722799,0.5606316295221144,False
S5_SHUFFLED_s3019,forest,4,2,3,144757,1.0,4,0.39635106615575,5708,0.45486567949567186,0.6438292444623833,0.23059625306381637,0.5432019434659596,0.5469807687363953,False
B0_trivial,mean,4,0,3,144757,0.0,0,0.5803458739765855,5708,0.6590553781251977,0.954152161283206,-0.6898500715465348,,,True
B1_ridge_A2,ridge,4,0,3,144757,1.0,0,0.5025170781148947,5708,0.4426203834840391,0.6299507310124534,0.2634095799955105,0.5380188762171948,0.5598403199698462,True
B1_ridge_A2,ridge,4,1,3,144757,10.0,0,0.5031697039106168,5708,0.4413793511044828,0.6296540500924956,0.2641032242848462,0.5369543138050085,0.5621914127087955,False
B1_ridge_A2,ridge,4,2,3,144757,100.0,0,0.5130359975955664,5708,0.4459477210379678,0.6356752629730453,0.24996156241749112,0.520025256024644,0.5504873065040861,False
B2_ridge_A5,ridge,4,0,3,144757,1.0,0,0.5620442963997943,5708,0.5028324240707629,0.6948376315937824,0.10385237057226171,0.48216606952736696,0.49089275128627424,False
B2_ridge_A5,ridge,4,1,3,144757,10.0,0,0.5511658401566115,5708,0.4880146187195884,0.6792609506845809,0.14358119482876142,0.4886708383996096,0.49429385205788284,False
B2_ridge_A5,ridge,4,2,3,144757,100.0,0,0.5376883766371302,5708,0.46605810813511267,0.6617600863436716,0.1871432125023993,0.48278290969693183,0.496313425824444,True
