BP: 289 well-determined cells; magnitude class thresholds [-0.361 -0.019]
baseline donor-topology accuracy 0.7683  (15s)
  coord__arm__core_branch_degree                       drop +0.0186
  coord__arm__core_donor_eccentricity                  drop -0.0037
D:\ml_separator_gh\.venv\Lib\site-packages\sklearn\utils\parallel.py:144: UserWarning: `sklearn.utils.parallel.delayed` should be used with `sklearn.utils.parallel.Parallel` to make it possible to propagate the scikit-learn configuration of the current thread to the joblib workers.
  warnings.warn(
D:\ml_separator_gh\.venv\Lib\site-packages\sklearn\utils\parallel.py:144: UserWarning: `sklearn.utils.parallel.delayed` should be used with `sklearn.utils.parallel.Parallel` to make it possible to propagate the scikit-learn configuration of the current thread to the joblib workers.
  warnings.warn(
D:\ml_separator_gh\.venv\Lib\site-packages\sklearn\utils\parallel.py:144: UserWarning: `sklearn.utils.parallel.delayed` should be used with `sklearn.utils.parallel.Parallel` to make it possible to propagate the scikit-learn configuration of the current thread to the joblib workers.
  warnings.warn(
D:\ml_separator_gh\.venv\Lib\site-packages\sklearn\utils\parallel.py:144: UserWarning: `sklearn.utils.parallel.delayed` should be used with `sklearn.utils.parallel.Parallel` to make it possible to propagate the scikit-learn configuration of the current thread to the joblib workers.
  warnings.warn(
D:\ml_separator_gh\.venv\Lib\site-packages\sklearn\utils\parallel.py:144: UserWarning: `sklearn.utils.parallel.delayed` should be used with `sklearn.utils.parallel.Parallel` to make it possible to propagate the scikit-learn configuration of the current thread to the joblib workers.
  warnings.warn(
D:\ml_separator_gh\.venv\Lib\site-packages\sklearn\utils\parallel.py:144: UserWarning: `sklearn.utils.parallel.delayed` should be used with `sklearn.utils.parallel.Parallel` to make it possible to propagate the scikit-learn configuration of the current thread to the joblib workers.
  warnings.warn(
D:\ml_separator_gh\.venv\Lib\site-packages\sklearn\utils\parallel.py:144: UserWarning: `sklearn.utils.parallel.delayed` should be used with `sklearn.utils.parallel.Parallel` to make it possible to propagate the scikit-learn configuration of the current thread to the joblib workers.
  warnings.warn(
D:\ml_separator_gh\.venv\Lib\site-packages\sklearn\utils\parallel.py:144: UserWarning: `sklearn.utils.parallel.delayed` should be used with `sklearn.utils.parallel.Parallel` to make it possible to propagate the scikit-learn configuration of the current thread to the joblib workers.
  warnings.warn(
D:\ml_separator_gh\.venv\Lib\site-packages\sklearn\utils\parallel.py:144: UserWarning: `sklearn.utils.parallel.delayed` should be used with `sklearn.utils.parallel.Parallel` to make it possible to propagate the scikit-learn configuration of the current thread to the joblib workers.
  warnings.warn(
D:\ml_separator_gh\.venv\Lib\site-packages\sklearn\utils\parallel.py:144: UserWarning: `sklearn.utils.parallel.delayed` should be used with `sklearn.utils.parallel.Parallel` to make it possible to propagate the scikit-learn configuration of the current thread to the joblib workers.
  warnings.warn(
D:\ml_separator_gh\.venv\Lib\site-packages\sklearn\utils\parallel.py:144: UserWarning: `sklearn.utils.parallel.delayed` should be used with `sklearn.utils.parallel.Parallel` to make it possible to propagate the scikit-learn configuration of the current thread to the joblib workers.
  warnings.warn(
D:\ml_separator_gh\.venv\Lib\site-packages\sklearn\utils\parallel.py:144: UserWarning: `sklearn.utils.parallel.delayed` should be used with `sklearn.utils.parallel.Parallel` to make it possible to propagate the scikit-learn configuration of the current thread to the joblib workers.
  warnings.warn(
D:\ml_separator_gh\.venv\Lib\site-packages\sklearn\utils\parallel.py:144: UserWarning: `sklearn.utils.parallel.delayed` should be used with `sklearn.utils.parallel.Parallel` to make it possible to propagate the scikit-learn configuration of the current thread to the joblib workers.
  warnings.warn(
D:\ml_separator_gh\.venv\Lib\site-packages\sklearn\utils\parallel.py:144: UserWarning: `sklearn.utils.parallel.delayed` should be used with `sklearn.utils.parallel.Parallel` to make it possible to propagate the scikit-learn configuration of the current thread to the joblib workers.
  warnings.warn(
D:\ml_separator_gh\.venv\Lib\site-packages\sklearn\utils\parallel.py:144: UserWarning: `sklearn.utils.parallel.delayed` should be used with `sklearn.utils.parallel.Parallel` to make it possible to propagate the scikit-learn configuration of the current thread to the joblib workers.
  warnings.warn(
D:\ml_separator_gh\.venv\Lib\site-packages\sklearn\utils\parallel.py:144: UserWarning: `sklearn.utils.parallel.delayed` should be used with `sklearn.utils.parallel.Parallel` to make it possible to propagate the scikit-learn configuration of the current thread to the joblib workers.
  warnings.warn(
D:\ml_separator_gh\.venv\Lib\site-packages\sklearn\utils\parallel.py:144: UserWarning: `sklearn.utils.parallel.delayed` should be used with `sklearn.utils.parallel.Parallel` to make it possible to propagate the scikit-learn configuration of the current thread to the joblib workers.
  warnings.warn(
D:\ml_separator_gh\.venv\Lib\site-packages\sklearn\utils\parallel.py:144: UserWarning: `sklearn.utils.parallel.delayed` should be used with `sklearn.utils.parallel.Parallel` to make it possible to propagate the scikit-learn configuration of the current thread to the joblib workers.
  warnings.warn(
D:\ml_separator_gh\.venv\Lib\site-packages\sklearn\utils\parallel.py:144: UserWarning: `sklearn.utils.parallel.delayed` should be used with `sklearn.utils.parallel.Parallel` to make it possible to propagate the scikit-learn configuration of the current thread to the joblib workers.
  warnings.warn(
D:\ml_separator_gh\.venv\Lib\site-packages\sklearn\utils\parallel.py:144: UserWarning: `sklearn.utils.parallel.delayed` should be used with `sklearn.utils.parallel.Parallel` to make it possible to propagate the scikit-learn configuration of the current thread to the joblib workers.
  warnings.warn(
D:\ml_separator_gh\.venv\Lib\site-packages\sklearn\utils\parallel.py:144: UserWarning: `sklearn.utils.parallel.delayed` should be used with `sklearn.utils.parallel.Parallel` to make it possible to propagate the scikit-learn configuration of the current thread to the joblib workers.
  warnings.warn(
D:\ml_separator_gh\.venv\Lib\site-packages\sklearn\utils\parallel.py:144: UserWarning: `sklearn.utils.parallel.delayed` should be used with `sklearn.utils.parallel.Parallel` to make it possible to propagate the scikit-learn configuration of the current thread to the joblib workers.
  warnings.warn(
D:\ml_separator_gh\.venv\Lib\site-packages\sklearn\utils\parallel.py:144: UserWarning: `sklearn.utils.parallel.delayed` should be used with `sklearn.utils.parallel.Parallel` to make it possible to propagate the scikit-learn configuration of the current thread to the joblib workers.
  warnings.warn(
D:\ml_separator_gh\.venv\Lib\site-packages\sklearn\utils\parallel.py:144: UserWarning: `sklearn.utils.parallel.delayed` should be used with `sklearn.utils.parallel.Parallel` to make it possible to propagate the scikit-learn configuration of the current thread to the joblib workers.
  warnings.warn(
D:\ml_separator_gh\.venv\Lib\site-packages\sklearn\utils\parallel.py:144: UserWarning: `sklearn.utils.parallel.delayed` should be used with `sklearn.utils.parallel.Parallel` to make it possible to propagate the scikit-learn configuration of the current thread to the joblib workers.
  warnings.warn(
D:\ml_separator_gh\.venv\Lib\site-packages\sklearn\utils\parallel.py:144: UserWarning: `sklearn.utils.parallel.delayed` should be used with `sklearn.utils.parallel.Parallel` to make it possible to propagate the scikit-learn configuration of the current thread to the joblib workers.
  warnings.warn(
D:\ml_separator_gh\.venv\Lib\site-packages\sklearn\utils\parallel.py:144: UserWarning: `sklearn.utils.parallel.delayed` should be used with `sklearn.utils.parallel.Parallel` to make it possible to propagate the scikit-learn configuration of the current thread to the joblib workers.
  warnings.warn(
D:\ml_separator_gh\.venv\Lib\site-packages\sklearn\utils\parallel.py:144: UserWarning: `sklearn.utils.parallel.delayed` should be used with `sklearn.utils.parallel.Parallel` to make it possible to propagate the scikit-learn configuration of the current thread to the joblib workers.
  warnings.warn(
D:\ml_separator_gh\.venv\Lib\site-packages\sklearn\utils\parallel.py:144: UserWarning: `sklearn.utils.parallel.delayed` should be used with `sklearn.utils.parallel.Parallel` to make it possible to propagate the scikit-learn configuration of the current thread to the joblib workers.
  warnings.warn(
D:\ml_separator_gh\.venv\Lib\site-packages\sklearn\utils\parallel.py:144: UserWarning: `sklearn.utils.parallel.delayed` should be used with `sklearn.utils.parallel.Parallel` to make it possible to propagate the scikit-learn configuration of the current thread to the joblib workers.
  warnings.warn(
D:\ml_separator_gh\.venv\Lib\site-packages\sklearn\utils\parallel.py:144: UserWarning: `sklearn.utils.parallel.delayed` should be used with `sklearn.utils.parallel.Parallel` to make it possible to propagate the scikit-learn configuration of the current thread to the joblib workers.
  warnings.warn(
D:\ml_separator_gh\.venv\Lib\site-packages\sklearn\utils\parallel.py:144: UserWarning: `sklearn.utils.parallel.delayed` should be used with `sklearn.utils.parallel.Parallel` to make it possible to propagate the scikit-learn configuration of the current thread to the joblib workers.
  warnings.warn(
D:\ml_separator_gh\.venv\Lib\site-packages\sklearn\utils\parallel.py:144: UserWarning: `sklearn.utils.parallel.delayed` should be used with `sklearn.utils.parallel.Parallel` to make it possible to propagate the scikit-learn configuration of the current thread to the joblib workers.
  warnings.warn(
D:\ml_separator_gh\.venv\Lib\site-packages\sklearn\utils\parallel.py:144: UserWarning: `sklearn.utils.parallel.delayed` should be used with `sklearn.utils.parallel.Parallel` to make it possible to propagate the scikit-learn configuration of the current thread to the joblib workers.
  warnings.warn(
D:\ml_separator_gh\.venv\Lib\site-packages\sklearn\utils\parallel.py:144: UserWarning: `sklearn.utils.parallel.delayed` should be used with `sklearn.utils.parallel.Parallel` to make it possible to propagate the scikit-learn configuration of the current thread to the joblib workers.
  warnings.warn(
D:\ml_separator_gh\.venv\Lib\site-packages\sklearn\utils\parallel.py:144: UserWarning: `sklearn.utils.parallel.delayed` should be used with `sklearn.utils.parallel.Parallel` to make it possible to propagate the scikit-learn configuration of the current thread to the joblib workers.
  warnings.warn(
D:\ml_separator_gh\.venv\Lib\site-packages\sklearn\utils\parallel.py:144: UserWarning: `sklearn.utils.parallel.delayed` should be used with `sklearn.utils.parallel.Parallel` to make it possible to propagate the scikit-learn configuration of the current thread to the joblib workers.
  warnings.warn(
D:\ml_separator_gh\.venv\Lib\site-packages\sklearn\utils\parallel.py:144: UserWarning: `sklearn.utils.parallel.delayed` should be used with `sklearn.utils.parallel.Parallel` to make it possible to propagate the scikit-learn configuration of the current thread to the joblib workers.
  warnings.warn(
D:\ml_separator_gh\.venv\Lib\site-packages\sklearn\utils\parallel.py:144: UserWarning: `sklearn.utils.parallel.delayed` should be used with `sklearn.utils.parallel.Parallel` to make it possible to propagate the scikit-learn configuration of the current thread to the joblib workers.
  warnings.warn(
D:\ml_separator_gh\.venv\Lib\site-packages\sklearn\utils\parallel.py:144: UserWarning: `sklearn.utils.parallel.delayed` should be used with `sklearn.utils.parallel.Parallel` to make it possible to propagate the scikit-learn configuration of the current thread to the joblib workers.
  warnings.warn(
D:\ml_separator_gh\.venv\Lib\site-packages\sklearn\utils\parallel.py:144: UserWarning: `sklearn.utils.parallel.delayed` should be used with `sklearn.utils.parallel.Parallel` to make it possible to propagate the scikit-learn configuration of the current thread to the joblib workers.
  warnings.warn(
D:\ml_separator_gh\.venv\Lib\site-packages\sklearn\utils\parallel.py:144: UserWarning: `sklearn.utils.parallel.delayed` should be used with `sklearn.utils.parallel.Parallel` to make it possible to propagate the scikit-learn configuration of the current thread to the joblib workers.
  warnings.warn(
D:\ml_separator_gh\.venv\Lib\site-packages\sklearn\utils\parallel.py:144: UserWarning: `sklearn.utils.parallel.delayed` should be used with `sklearn.utils.parallel.Parallel` to make it possible to propagate the scikit-learn configuration of the current thread to the joblib workers.
  warnings.warn(
D:\ml_separator_gh\.venv\Lib\site-packages\sklearn\utils\parallel.py:144: UserWarning: `sklearn.utils.parallel.delayed` should be used with `sklearn.utils.parallel.Parallel` to make it possible to propagate the scikit-learn configuration of the current thread to the joblib workers.
  warnings.warn(
D:\ml_separator_gh\.venv\Lib\site-packages\sklearn\utils\parallel.py:144: UserWarning: `sklearn.utils.parallel.delayed` should be used with `sklearn.utils.parallel.Parallel` to make it possible to propagate the scikit-learn configuration of the current thread to the joblib workers.
  warnings.warn(
D:\ml_separator_gh\.venv\Lib\site-packages\sklearn\utils\parallel.py:144: UserWarning: `sklearn.utils.parallel.delayed` should be used with `sklearn.utils.parallel.Parallel` to make it possible to propagate the scikit-learn configuration of the current thread to the joblib workers.
  warnings.warn(
D:\ml_separator_gh\.venv\Lib\site-packages\sklearn\utils\parallel.py:144: UserWarning: `sklearn.utils.parallel.delayed` should be used with `sklearn.utils.parallel.Parallel` to make it possible to propagate the scikit-learn configuration of the current thread to the joblib workers.
  warnings.warn(
D:\ml_separator_gh\.venv\Lib\site-packages\sklearn\utils\parallel.py:144: UserWarning: `sklearn.utils.parallel.delayed` should be used with `sklearn.utils.parallel.Parallel` to make it possible to propagate the scikit-learn configuration of the current thread to the joblib workers.
  warnings.warn(
D:\ml_separator_gh\.venv\Lib\site-packages\sklearn\utils\parallel.py:144: UserWarning: `sklearn.utils.parallel.delayed` should be used with `sklearn.utils.parallel.Parallel` to make it possible to propagate the scikit-learn configuration of the current thread to the joblib workers.
  warnings.warn(
D:\ml_separator_gh\.venv\Lib\site-packages\sklearn\utils\parallel.py:144: UserWarning: `sklearn.utils.parallel.delayed` should be used with `sklearn.utils.parallel.Parallel` to make it possible to propagate the scikit-learn configuration of the current thread to the joblib workers.
  warnings.warn(
D:\ml_separator_gh\.venv\Lib\site-packages\sklearn\utils\parallel.py:144: UserWarning: `sklearn.utils.parallel.delayed` should be used with `sklearn.utils.parallel.Parallel` to make it possible to propagate the scikit-learn configuration of the current thread to the joblib workers.
  warnings.warn(
D:\ml_separator_gh\.venv\Lib\site-packages\sklearn\utils\parallel.py:144: UserWarning: `sklearn.utils.parallel.delayed` should be used with `sklearn.utils.parallel.Parallel` to make it possible to propagate the scikit-learn configuration of the current thread to the joblib workers.
  warnings.warn(
D:\ml_separator_gh\.venv\Lib\site-packages\sklearn\utils\parallel.py:144: UserWarning: `sklearn.utils.parallel.delayed` should be used with `sklearn.utils.parallel.Parallel` to make it possible to propagate the scikit-learn configuration of the current thread to the joblib workers.
  warnings.warn(
D:\ml_separator_gh\.venv\Lib\site-packages\sklearn\utils\parallel.py:144: UserWarning: `sklearn.utils.parallel.delayed` should be used with `sklearn.utils.parallel.Parallel` to make it possible to propagate the scikit-learn configuration of the current thread to the joblib workers.
  warnings.warn(
D:\ml_separator_gh\.venv\Lib\site-packages\sklearn\utils\parallel.py:144: UserWarning: `sklearn.utils.parallel.delayed` should be used with `sklearn.utils.parallel.Parallel` to make it possible to propagate the scikit-learn configuration of the current thread to the joblib workers.
  warnings.warn(
D:\ml_separator_gh\.venv\Lib\site-packages\sklearn\utils\parallel.py:144: UserWarning: `sklearn.utils.parallel.delayed` should be used with `sklearn.utils.parallel.Parallel` to make it possible to propagate the scikit-learn configuration of the current thread to the joblib workers.
  warnings.warn(
D:\ml_separator_gh\.venv\Lib\site-packages\sklearn\utils\parallel.py:144: UserWarning: `sklearn.utils.parallel.delayed` should be used with `sklearn.utils.parallel.Parallel` to make it possible to propagate the scikit-learn configuration of the current thread to the joblib workers.
  warnings.warn(
D:\ml_separator_gh\.venv\Lib\site-packages\sklearn\utils\parallel.py:144: UserWarning: `sklearn.utils.parallel.delayed` should be used with `sklearn.utils.parallel.Parallel` to make it possible to propagate the scikit-learn configuration of the current thread to the joblib workers.
  warnings.warn(
D:\ml_separator_gh\.venv\Lib\site-packages\sklearn\utils\parallel.py:144: UserWarning: `sklearn.utils.parallel.delayed` should be used with `sklearn.utils.parallel.Parallel` to make it possible to propagate the scikit-learn configuration of the current thread to the joblib workers.
  warnings.warn(
D:\ml_separator_gh\.venv\Lib\site-packages\sklearn\utils\parallel.py:144: UserWarning: `sklearn.utils.parallel.delayed` should be used with `sklearn.utils.parallel.Parallel` to make it possible to propagate the scikit-learn configuration of the current thread to the joblib workers.
  warnings.warn(
D:\ml_separator_gh\.venv\Lib\site-packages\sklearn\utils\parallel.py:144: UserWarning: `sklearn.utils.parallel.delayed` should be used with `sklearn.utils.parallel.Parallel` to make it possible to propagate the scikit-learn configuration of the current thread to the joblib workers.
  warnings.warn(
D:\ml_separator_gh\.venv\Lib\site-packages\sklearn\utils\parallel.py:144: UserWarning: `sklearn.utils.parallel.delayed` should be used with `sklearn.utils.parallel.Parallel` to make it possible to propagate the scikit-learn configuration of the current thread to the joblib workers.
  warnings.warn(
D:\ml_separator_gh\.venv\Lib\site-packages\sklearn\utils\parallel.py:144: UserWarning: `sklearn.utils.parallel.delayed` should be used with `sklearn.utils.parallel.Parallel` to make it possible to propagate the scikit-learn configuration of the current thread to the joblib workers.
  warnings.warn(
D:\ml_separator_gh\.venv\Lib\site-packages\sklearn\utils\parallel.py:144: UserWarning: `sklearn.utils.parallel.delayed` should be used with `sklearn.utils.parallel.Parallel` to make it possible to propagate the scikit-learn configuration of the current thread to the joblib workers.
  warnings.warn(
D:\ml_separator_gh\.venv\Lib\site-packages\sklearn\utils\parallel.py:144: UserWarning: `sklearn.utils.parallel.delayed` should be used with `sklearn.utils.parallel.Parallel` to make it possible to propagate the scikit-learn configuration of the current thread to the joblib workers.
  warnings.warn(
D:\ml_separator_gh\.venv\Lib\site-packages\sklearn\utils\parallel.py:144: UserWarning: `sklearn.utils.parallel.delayed` should be used with `sklearn.utils.parallel.Parallel` to make it possible to propagate the scikit-learn configuration of the current thread to the joblib workers.
  warnings.warn(
D:\ml_separator_gh\.venv\Lib\site-packages\sklearn\utils\parallel.py:144: UserWarning: `sklearn.utils.parallel.delayed` should be used with `sklearn.utils.parallel.Parallel` to make it possible to propagate the scikit-learn configuration of the current thread to the joblib workers.
  warnings.warn(
D:\ml_separator_gh\.venv\Lib\site-packages\sklearn\utils\parallel.py:144: UserWarning: `sklearn.utils.parallel.delayed` should be used with `sklearn.utils.parallel.Parallel` to make it possible to propagate the scikit-learn configuration of the current thread to the joblib workers.
  warnings.warn(
D:\ml_separator_gh\.venv\Lib\site-packages\sklearn\utils\parallel.py:144: UserWarning: `sklearn.utils.parallel.delayed` should be used with `sklearn.utils.parallel.Parallel` to make it possible to propagate the scikit-learn configuration of the current thread to the joblib workers.
  warnings.warn(
D:\ml_separator_gh\.venv\Lib\site-packages\sklearn\utils\parallel.py:144: UserWarning: `sklearn.utils.parallel.delayed` should be used with `sklearn.utils.parallel.Parallel` to make it possible to propagate the scikit-learn configuration of the current thread to the joblib workers.
  warnings.warn(
D:\ml_separator_gh\.venv\Lib\site-packages\sklearn\utils\parallel.py:144: UserWarning: `sklearn.utils.parallel.delayed` should be used with `sklearn.utils.parallel.Parallel` to make it possible to propagate the scikit-learn configuration of the current thread to the joblib workers.
  warnings.warn(
D:\ml_separator_gh\.venv\Lib\site-packages\sklearn\utils\parallel.py:144: UserWarning: `sklearn.utils.parallel.delayed` should be used with `sklearn.utils.parallel.Parallel` to make it possible to propagate the scikit-learn configuration of the current thread to the joblib workers.
  warnings.warn(
D:\ml_separator_gh\.venv\Lib\site-packages\sklearn\utils\parallel.py:144: UserWarning: `sklearn.utils.parallel.delayed` should be used with `sklearn.utils.parallel.Parallel` to make it possible to propagate the scikit-learn configuration of the current thread to the joblib workers.
  warnings.warn(
D:\ml_separator_gh\.venv\Lib\site-packages\sklearn\utils\parallel.py:144: UserWarning: `sklearn.utils.parallel.delayed` should be used with `sklearn.utils.parallel.Parallel` to make it possible to propagate the scikit-learn configuration of the current thread to the joblib workers.
  warnings.warn(
D:\ml_separator_gh\.venv\Lib\site-packages\sklearn\utils\parallel.py:144: UserWarning: `sklearn.utils.parallel.delayed` should be used with `sklearn.utils.parallel.Parallel` to make it possible to propagate the scikit-learn configuration of the current thread to the joblib workers.
  warnings.warn(
D:\ml_separator_gh\.venv\Lib\site-packages\sklearn\utils\parallel.py:144: UserWarning: `sklearn.utils.parallel.delayed` should be used with `sklearn.utils.parallel.Parallel` to make it possible to propagate the scikit-learn configuration of the current thread to the joblib workers.
  warnings.warn(
D:\ml_separator_gh\.venv\Lib\site-packages\sklearn\utils\parallel.py:144: UserWarning: `sklearn.utils.parallel.delayed` should be used with `sklearn.utils.parallel.Parallel` to make it possible to propagate the scikit-learn configuration of the current thread to the joblib workers.
  warnings.warn(
D:\ml_separator_gh\.venv\Lib\site-packages\sklearn\utils\parallel.py:144: UserWarning: `sklearn.utils.parallel.delayed` should be used with `sklearn.utils.parallel.Parallel` to make it possible to propagate the scikit-learn configuration of the current thread to the joblib workers.
  warnings.warn(
D:\ml_separator_gh\.venv\Lib\site-packages\sklearn\utils\parallel.py:144: UserWarning: `sklearn.utils.parallel.delayed` should be used with `sklearn.utils.parallel.Parallel` to make it possible to propagate the scikit-learn configuration of the current thread to the joblib workers.
  warnings.warn(
D:\ml_separator_gh\.venv\Lib\site-packages\sklearn\utils\parallel.py:144: UserWarning: `sklearn.utils.parallel.delayed` should be used with `sklearn.utils.parallel.Parallel` to make it possible to propagate the scikit-learn configuration of the current thread to the joblib workers.
  warnings.warn(
D:\ml_separator_gh\.venv\Lib\site-packages\sklearn\utils\parallel.py:144: UserWarning: `sklearn.utils.parallel.delayed` should be used with `sklearn.utils.parallel.Parallel` to make it possible to propagate the scikit-learn configuration of the current thread to the joblib workers.
  warnings.warn(
D:\ml_separator_gh\.venv\Lib\site-packages\sklearn\utils\parallel.py:144: UserWarning: `sklearn.utils.parallel.delayed` should be used with `sklearn.utils.parallel.Parallel` to make it possible to propagate the scikit-learn configuration of the current thread to the joblib workers.
  warnings.warn(
D:\ml_separator_gh\.venv\Lib\site-packages\sklearn\utils\parallel.py:144: UserWarning: `sklearn.utils.parallel.delayed` should be used with `sklearn.utils.parallel.Parallel` to make it possible to propagate the scikit-learn configuration of the current thread to the joblib workers.
  warnings.warn(
D:\ml_separator_gh\.venv\Lib\site-packages\sklearn\utils\parallel.py:144: UserWarning: `sklearn.utils.parallel.delayed` should be used with `sklearn.utils.parallel.Parallel` to make it possible to propagate the scikit-learn configuration of the current thread to the joblib workers.
  warnings.warn(
D:\ml_separator_gh\.venv\Lib\site-packages\sklearn\utils\parallel.py:144: UserWarning: `sklearn.utils.parallel.delayed` should be used with `sklearn.utils.parallel.Parallel` to make it possible to propagate the scikit-learn configuration of the current thread to the joblib workers.
  warnings.warn(
D:\ml_separator_gh\.venv\Lib\site-packages\sklearn\utils\parallel.py:144: UserWarning: `sklearn.utils.parallel.delayed` should be used with `sklearn.utils.parallel.Parallel` to make it possible to propagate the scikit-learn configuration of the current thread to the joblib workers.
  warnings.warn(
D:\ml_separator_gh\.venv\Lib\site-packages\sklearn\utils\parallel.py:144: UserWarning: `sklearn.utils.parallel.delayed` should be used with `sklearn.utils.parallel.Parallel` to make it possible to propagate the scikit-learn configuration of the current thread to the joblib workers.
  warnings.warn(
D:\ml_separator_gh\.venv\Lib\site-packages\sklearn\utils\parallel.py:144: UserWarning: `sklearn.utils.parallel.delayed` should be used with `sklearn.utils.parallel.Parallel` to make it possible to propagate the scikit-learn configuration of the current thread to the joblib workers.
  warnings.warn(
D:\ml_separator_gh\.venv\Lib\site-packages\sklearn\utils\parallel.py:144: UserWarning: `sklearn.utils.parallel.delayed` should be used with `sklearn.utils.parallel.Parallel` to make it possible to propagate the scikit-learn configuration of the current thread to the joblib workers.
  warnings.warn(
D:\ml_separator_gh\.venv\Lib\site-packages\sklearn\utils\parallel.py:144: UserWarning: `sklearn.utils.parallel.delayed` should be used with `sklearn.utils.parallel.Parallel` to make it possible to propagate the scikit-learn configuration of the current thread to the joblib workers.
  warnings.warn(
D:\ml_separator_gh\.venv\Lib\site-packages\sklearn\utils\parallel.py:144: UserWarning: `sklearn.utils.parallel.delayed` should be used with `sklearn.utils.parallel.Parallel` to make it possible to propagate the scikit-learn configuration of the current thread to the joblib workers.
  warnings.warn(
D:\ml_separator_gh\.venv\Lib\site-packages\sklearn\utils\parallel.py:144: UserWarning: `sklearn.utils.parallel.delayed` should be used with `sklearn.utils.parallel.Parallel` to make it possible to propagate the scikit-learn configuration of the current thread to the joblib workers.
  warnings.warn(
D:\ml_separator_gh\.venv\Lib\site-packages\sklearn\utils\parallel.py:144: UserWarning: `sklearn.utils.parallel.delayed` should be used with `sklearn.utils.parallel.Parallel` to make it possible to propagate the scikit-learn configuration of the current thread to the joblib workers.
  warnings.warn(
D:\ml_separator_gh\.venv\Lib\site-packages\sklearn\utils\parallel.py:144: UserWarning: `sklearn.utils.parallel.delayed` should be used with `sklearn.utils.parallel.Parallel` to make it possible to propagate the scikit-learn configuration of the current thread to the joblib workers.
  warnings.warn(
D:\ml_separator_gh\.venv\Lib\site-packages\sklearn\utils\parallel.py:144: UserWarning: `sklearn.utils.parallel.delayed` should be used with `sklearn.utils.parallel.Parallel` to make it possible to propagate the scikit-learn configuration of the current thread to the joblib workers.
  warnings.warn(
D:\ml_separator_gh\.venv\Lib\site-packages\sklearn\utils\parallel.py:144: UserWarning: `sklearn.utils.parallel.delayed` should be used with `sklearn.utils.parallel.Parallel` to make it possible to propagate the scikit-learn configuration of the current thread to the joblib workers.
  warnings.warn(
D:\ml_separator_gh\.venv\Lib\site-packages\sklearn\utils\parallel.py:144: UserWarning: `sklearn.utils.parallel.delayed` should be used with `sklearn.utils.parallel.Parallel` to make it possible to propagate the scikit-learn configuration of the current thread to the joblib workers.
  warnings.warn(
D:\ml_separator_gh\.venv\Lib\site-packages\sklearn\utils\parallel.py:144: UserWarning: `sklearn.utils.parallel.delayed` should be used with `sklearn.utils.parallel.Parallel` to make it possible to propagate the scikit-learn configuration of the current thread to the joblib workers.
  warnings.warn(
D:\ml_separator_gh\.venv\Lib\site-packages\sklearn\utils\parallel.py:144: UserWarning: `sklearn.utils.parallel.delayed` should be used with `sklearn.utils.parallel.Parallel` to make it possible to propagate the scikit-learn configuration of the current thread to the joblib workers.
  warnings.warn(
D:\ml_separator_gh\.venv\Lib\site-packages\sklearn\utils\parallel.py:144: UserWarning: `sklearn.utils.parallel.delayed` should be used with `sklearn.utils.parallel.Parallel` to make it possible to propagate the scikit-learn configuration of the current thread to the joblib workers.
  warnings.warn(
D:\ml_separator_gh\.venv\Lib\site-packages\sklearn\utils\parallel.py:144: UserWarning: `sklearn.utils.parallel.delayed` should be used with `sklearn.utils.parallel.Parallel` to make it possible to propagate the scikit-learn configuration of the current thread to the joblib workers.
  warnings.warn(
D:\ml_separator_gh\.venv\Lib\site-packages\sklearn\utils\parallel.py:144: UserWarning: `sklearn.utils.parallel.delayed` should be used with `sklearn.utils.parallel.Parallel` to make it possible to propagate the scikit-learn configuration of the current thread to the joblib workers.
  warnings.warn(
D:\ml_separator_gh\.venv\Lib\site-packages\sklearn\utils\parallel.py:144: UserWarning: `sklearn.utils.parallel.delayed` should be used with `sklearn.utils.parallel.Parallel` to make it possible to propagate the scikit-learn configuration of the current thread to the joblib workers.
  warnings.warn(
D:\ml_separator_gh\.venv\Lib\site-packages\sklearn\utils\parallel.py:144: UserWarning: `sklearn.utils.parallel.delayed` should be used with `sklearn.utils.parallel.Parallel` to make it possible to propagate the scikit-learn configuration of the current thread to the joblib workers.
  warnings.warn(
D:\ml_separator_gh\.venv\Lib\site-packages\sklearn\utils\parallel.py:144: UserWarning: `sklearn.utils.parallel.delayed` should be used with `sklearn.utils.parallel.Parallel` to make it possible to propagate the scikit-learn configuration of the current thread to the joblib workers.
  warnings.warn(
D:\ml_separator_gh\.venv\Lib\site-packages\sklearn\utils\parallel.py:144: UserWarning: `sklearn.utils.parallel.delayed` should be used with `sklearn.utils.parallel.Parallel` to make it possible to propagate the scikit-learn configuration of the current thread to the joblib workers.
  warnings.warn(
D:\ml_separator_gh\.venv\Lib\site-packages\sklearn\utils\parallel.py:144: UserWarning: `sklearn.utils.parallel.delayed` should be used with `sklearn.utils.parallel.Parallel` to make it possible to propagate the scikit-learn configuration of the current thread to the joblib workers.
  warnings.warn(
D:\ml_separator_gh\.venv\Lib\site-packages\sklearn\utils\parallel.py:144: UserWarning: `sklearn.utils.parallel.delayed` should be used with `sklearn.utils.parallel.Parallel` to make it possible to propagate the scikit-learn configuration of the current thread to the joblib workers.
  warnings.warn(
D:\ml_separator_gh\.venv\Lib\site-packages\sklearn\utils\parallel.py:144: UserWarning: `sklearn.utils.parallel.delayed` should be used with `sklearn.utils.parallel.Parallel` to make it possible to propagate the scikit-learn configuration of the current thread to the joblib workers.
  warnings.warn(
D:\ml_separator_gh\.venv\Lib\site-packages\sklearn\utils\parallel.py:144: UserWarning: `sklearn.utils.parallel.delayed` should be used with `sklearn.utils.parallel.Parallel` to make it possible to propagate the scikit-learn configuration of the current thread to the joblib workers.
  warnings.warn(
D:\ml_separator_gh\.venv\Lib\site-packages\sklearn\utils\parallel.py:144: UserWarning: `sklearn.utils.parallel.delayed` should be used with `sklearn.utils.parallel.Parallel` to make it possible to propagate the scikit-learn configuration of the current thread to the joblib workers.
  warnings.warn(
D:\ml_separator_gh\.venv\Lib\site-packages\sklearn\utils\parallel.py:144: UserWarning: `sklearn.utils.parallel.delayed` should be used with `sklearn.utils.parallel.Parallel` to make it possible to propagate the scikit-learn configuration of the current thread to the joblib workers.
  warnings.warn(
D:\ml_separator_gh\.venv\Lib\site-packages\sklearn\utils\parallel.py:144: UserWarning: `sklearn.utils.parallel.delayed` should be used with `sklearn.utils.parallel.Parallel` to make it possible to propagate the scikit-learn configuration of the current thread to the joblib workers.
  warnings.warn(
D:\ml_separator_gh\.venv\Lib\site-packages\sklearn\utils\parallel.py:144: UserWarning: `sklearn.utils.parallel.delayed` should be used with `sklearn.utils.parallel.Parallel` to make it possible to propagate the scikit-learn configuration of the current thread to the joblib workers.
  warnings.warn(
D:\ml_separator_gh\.venv\Lib\site-packages\sklearn\utils\parallel.py:144: UserWarning: `sklearn.utils.parallel.delayed` should be used with `sklearn.utils.parallel.Parallel` to make it possible to propagate the scikit-learn configuration of the current thread to the joblib workers.
  warnings.warn(
D:\ml_separator_gh\.venv\Lib\site-packages\sklearn\utils\parallel.py:144: UserWarning: `sklearn.utils.parallel.delayed` should be used with `sklearn.utils.parallel.Parallel` to make it possible to propagate the scikit-learn configuration of the current thread to the joblib workers.
  warnings.warn(
D:\ml_separator_gh\.venv\Lib\site-packages\sklearn\utils\parallel.py:144: UserWarning: `sklearn.utils.parallel.delayed` should be used with `sklearn.utils.parallel.Parallel` to make it possible to propagate the scikit-learn configuration of the current thread to the joblib workers.
  warnings.warn(
D:\ml_separator_gh\.venv\Lib\site-packages\sklearn\utils\parallel.py:144: UserWarning: `sklearn.utils.parallel.delayed` should be used with `sklearn.utils.parallel.Parallel` to make it possible to propagate the scikit-learn configuration of the current thread to the joblib workers.
  warnings.warn(
D:\ml_separator_gh\.venv\Lib\site-packages\sklearn\utils\parallel.py:144: UserWarning: `sklearn.utils.parallel.delayed` should be used with `sklearn.utils.parallel.Parallel` to make it possible to propagate the scikit-learn configuration of the current thread to the joblib workers.
  warnings.warn(
D:\ml_separator_gh\.venv\Lib\site-packages\sklearn\utils\parallel.py:144: UserWarning: `sklearn.utils.parallel.delayed` should be used with `sklearn.utils.parallel.Parallel` to make it possible to propagate the scikit-learn configuration of the current thread to the joblib workers.
  warnings.warn(
D:\ml_separator_gh\.venv\Lib\site-packages\sklearn\utils\parallel.py:144: UserWarning: `sklearn.utils.parallel.delayed` should be used with `sklearn.utils.parallel.Parallel` to make it possible to propagate the scikit-learn configuration of the current thread to the joblib workers.
  warnings.warn(
D:\ml_separator_gh\.venv\Lib\site-packages\sklearn\utils\parallel.py:144: UserWarning: `sklearn.utils.parallel.delayed` should be used with `sklearn.utils.parallel.Parallel` to make it possible to propagate the scikit-learn configuration of the current thread to the joblib workers.
  warnings.warn(
D:\ml_separator_gh\.venv\Lib\site-packages\sklearn\utils\parallel.py:144: UserWarning: `sklearn.utils.parallel.delayed` should be used with `sklearn.utils.parallel.Parallel` to make it possible to propagate the scikit-learn configuration of the current thread to the joblib workers.
  warnings.warn(
D:\ml_separator_gh\.venv\Lib\site-packages\sklearn\utils\parallel.py:144: UserWarning: `sklearn.utils.parallel.delayed` should be used with `sklearn.utils.parallel.Parallel` to make it possible to propagate the scikit-learn configuration of the current thread to the joblib workers.
  warnings.warn(
D:\ml_separator_gh\.venv\Lib\site-packages\sklearn\utils\parallel.py:144: UserWarning: `sklearn.utils.parallel.delayed` should be used with `sklearn.utils.parallel.Parallel` to make it possible to propagate the scikit-learn configuration of the current thread to the joblib workers.
  warnings.warn(
D:\ml_separator_gh\.venv\Lib\site-packages\sklearn\utils\parallel.py:144: UserWarning: `sklearn.utils.parallel.delayed` should be used with `sklearn.utils.parallel.Parallel` to make it possible to propagate the scikit-learn configuration of the current thread to the joblib workers.
  warnings.warn(
D:\ml_separator_gh\.venv\Lib\site-packages\sklearn\utils\parallel.py:144: UserWarning: `sklearn.utils.parallel.delayed` should be used with `sklearn.utils.parallel.Parallel` to make it possible to propagate the scikit-learn configuration of the current thread to the joblib workers.
  warnings.warn(
D:\ml_separator_gh\.venv\Lib\site-packages\sklearn\utils\parallel.py:144: UserWarning: `sklearn.utils.parallel.delayed` should be used with `sklearn.utils.parallel.Parallel` to make it possible to propagate the scikit-learn configuration of the current thread to the joblib workers.
  warnings.warn(
D:\ml_separator_gh\.venv\Lib\site-packages\sklearn\utils\parallel.py:144: UserWarning: `sklearn.utils.parallel.delayed` should be used with `sklearn.utils.parallel.Parallel` to make it possible to propagate the scikit-learn configuration of the current thread to the joblib workers.
  warnings.warn(
D:\ml_separator_gh\.venv\Lib\site-packages\sklearn\utils\parallel.py:144: UserWarning: `sklearn.utils.parallel.delayed` should be used with `sklearn.utils.parallel.Parallel` to make it possible to propagate the scikit-learn configuration of the current thread to the joblib workers.
  warnings.warn(
D:\ml_separator_gh\.venv\Lib\site-packages\sklearn\utils\parallel.py:144: UserWarning: `sklearn.utils.parallel.delayed` should be used with `sklearn.utils.parallel.Parallel` to make it possible to propagate the scikit-learn configuration of the current thread to the joblib workers.
  warnings.warn(
D:\ml_separator_gh\.venv\Lib\site-packages\sklearn\utils\parallel.py:144: UserWarning: `sklearn.utils.parallel.delayed` should be used with `sklearn.utils.parallel.Parallel` to make it possible to propagate the scikit-learn configuration of the current thread to the joblib workers.
  warnings.warn(
D:\ml_separator_gh\.venv\Lib\site-packages\sklearn\utils\parallel.py:144: UserWarning: `sklearn.utils.parallel.delayed` should be used with `sklearn.utils.parallel.Parallel` to make it possible to propagate the scikit-learn configuration of the current thread to the joblib workers.
  warnings.warn(
D:\ml_separator_gh\.venv\Lib\site-packages\sklearn\utils\parallel.py:144: UserWarning: `sklearn.utils.parallel.delayed` should be used with `sklearn.utils.parallel.Parallel` to make it possible to propagate the scikit-learn configuration of the current thread to the joblib workers.
  warnings.warn(
D:\ml_separator_gh\.venv\Lib\site-packages\sklearn\utils\parallel.py:144: UserWarning: `sklearn.utils.parallel.delayed` should be used with `sklearn.utils.parallel.Parallel` to make it possible to propagate the scikit-learn configuration of the current thread to the joblib workers.
  warnings.warn(
D:\ml_separator_gh\.venv\Lib\site-packages\sklearn\utils\parallel.py:144: UserWarning: `sklearn.utils.parallel.delayed` should be used with `sklearn.utils.parallel.Parallel` to make it possible to propagate the scikit-learn configuration of the current thread to the joblib workers.
  warnings.warn(
D:\ml_separator_gh\.venv\Lib\site-packages\sklearn\utils\parallel.py:144: UserWarning: `sklearn.utils.parallel.delayed` should be used with `sklearn.utils.parallel.Parallel` to make it possible to propagate the scikit-learn configuration of the current thread to the joblib workers.
  warnings.warn(
D:\ml_separator_gh\.venv\Lib\site-packages\sklearn\utils\parallel.py:144: UserWarning: `sklearn.utils.parallel.delayed` should be used with `sklearn.utils.parallel.Parallel` to make it possible to propagate the scikit-learn configuration of the current thread to the joblib workers.
  warnings.warn(
D:\ml_separator_gh\.venv\Lib\site-packages\sklearn\utils\parallel.py:144: UserWarning: `sklearn.utils.parallel.delayed` should be used with `sklearn.utils.parallel.Parallel` to make it possible to propagate the scikit-learn configuration of the current thread to the joblib workers.
  warnings.warn(
D:\ml_separator_gh\.venv\Lib\site-packages\sklearn\utils\parallel.py:144: UserWarning: `sklearn.utils.parallel.delayed` should be used with `sklearn.utils.parallel.Parallel` to make it possible to propagate the scikit-learn configuration of the current thread to the joblib workers.
  warnings.warn(
D:\ml_separator_gh\.venv\Lib\site-packages\sklearn\utils\parallel.py:144: UserWarning: `sklearn.utils.parallel.delayed` should be used with `sklearn.utils.parallel.Parallel` to make it possible to propagate the scikit-learn configuration of the current thread to the joblib workers.
  warnings.warn(
D:\ml_separator_gh\.venv\Lib\site-packages\sklearn\utils\parallel.py:144: UserWarning: `sklearn.utils.parallel.delayed` should be used with `sklearn.utils.parallel.Parallel` to make it possible to propagate the scikit-learn configuration of the current thread to the joblib workers.
  warnings.warn(
D:\ml_separator_gh\.venv\Lib\site-packages\sklearn\utils\parallel.py:144: UserWarning: `sklearn.utils.parallel.delayed` should be used with `sklearn.utils.parallel.Parallel` to make it possible to propagate the scikit-learn configuration of the current thread to the joblib workers.
  warnings.warn(
D:\ml_separator_gh\.venv\Lib\site-packages\sklearn\utils\parallel.py:144: UserWarning: `sklearn.utils.parallel.delayed` should be used with `sklearn.utils.parallel.Parallel` to make it possible to propagate the scikit-learn configuration of the current thread to the joblib workers.
  warnings.warn(
D:\ml_separator_gh\.venv\Lib\site-packages\sklearn\utils\parallel.py:144: UserWarning: `sklearn.utils.parallel.delayed` should be used with `sklearn.utils.parallel.Parallel` to make it possible to propagate the scikit-learn configuration of the current thread to the joblib workers.
  warnings.warn(
D:\ml_separator_gh\.venv\Lib\site-packages\sklearn\utils\parallel.py:144: UserWarning: `sklearn.utils.parallel.delayed` should be used with `sklearn.utils.parallel.Parallel` to make it possible to propagate the scikit-learn configuration of the current thread to the joblib workers.
  warnings.warn(
D:\ml_separator_gh\.venv\Lib\site-packages\sklearn\utils\parallel.py:144: UserWarning: `sklearn.utils.parallel.delayed` should be used with `sklearn.utils.parallel.Parallel` to make it possible to propagate the scikit-learn configuration of the current thread to the joblib workers.
  warnings.warn(
D:\ml_separator_gh\.venv\Lib\site-packages\sklearn\utils\parallel.py:144: UserWarning: `sklearn.utils.parallel.delayed` should be used with `sklearn.utils.parallel.Parallel` to make it possible to propagate the scikit-learn configuration of the current thread to the joblib workers.
  warnings.warn(
D:\ml_separator_gh\.venv\Lib\site-packages\sklearn\utils\parallel.py:144: UserWarning: `sklearn.utils.parallel.delayed` should be used with `sklearn.utils.parallel.Parallel` to make it possible to propagate the scikit-learn configuration of the current thread to the joblib workers.
  warnings.warn(
D:\ml_separator_gh\.venv\Lib\site-packages\sklearn\utils\parallel.py:144: UserWarning: `sklearn.utils.parallel.delayed` should be used with `sklearn.utils.parallel.Parallel` to make it possible to propagate the scikit-learn configuration of the current thread to the joblib workers.
  warnings.warn(
D:\ml_separator_gh\.venv\Lib\site-packages\sklearn\utils\parallel.py:144: UserWarning: `sklearn.utils.parallel.delayed` should be used with `sklearn.utils.parallel.Parallel` to make it possible to propagate the scikit-learn configuration of the current thread to the joblib workers.
  warnings.warn(
D:\ml_separator_gh\.venv\Lib\site-packages\sklearn\utils\parallel.py:144: UserWarning: `sklearn.utils.parallel.delayed` should be used with `sklearn.utils.parallel.Parallel` to make it possible to propagate the scikit-learn configuration of the current thread to the joblib workers.
  warnings.warn(
D:\ml_separator_gh\.venv\Lib\site-packages\sklearn\utils\parallel.py:144: UserWarning: `sklearn.utils.parallel.delayed` should be used with `sklearn.utils.parallel.Parallel` to make it possible to propagate the scikit-learn configuration of the current thread to the joblib workers.
  warnings.warn(
D:\ml_separator_gh\.venv\Lib\site-packages\sklearn\utils\parallel.py:144: UserWarning: `sklearn.utils.parallel.delayed` should be used with `sklearn.utils.parallel.Parallel` to make it possible to propagate the scikit-learn configuration of the current thread to the joblib workers.
  warnings.warn(
D:\ml_separator_gh\.venv\Lib\site-packages\sklearn\utils\parallel.py:144: UserWarning: `sklearn.utils.parallel.delayed` should be used with `sklearn.utils.parallel.Parallel` to make it possible to propagate the scikit-learn configuration of the current thread to the joblib workers.
  warnings.warn(
D:\ml_separator_gh\.venv\Lib\site-packages\sklearn\utils\parallel.py:144: UserWarning: `sklearn.utils.parallel.delayed` should be used with `sklearn.utils.parallel.Parallel` to make it possible to propagate the scikit-learn configuration of the current thread to the joblib workers.
  warnings.warn(
D:\ml_separator_gh\.venv\Lib\site-packages\sklearn\utils\parallel.py:144: UserWarning: `sklearn.utils.parallel.delayed` should be used with `sklearn.utils.parallel.Parallel` to make it possible to propagate the scikit-learn configuration of the current thread to the joblib workers.
  warnings.warn(
D:\ml_separator_gh\.venv\Lib\site-packages\sklearn\utils\parallel.py:144: UserWarning: `sklearn.utils.parallel.delayed` should be used with `sklearn.utils.parallel.Parallel` to make it possible to propagate the scikit-learn configuration of the current thread to the joblib workers.
  warnings.warn(
D:\ml_separator_gh\.venv\Lib\site-packages\sklearn\utils\parallel.py:144: UserWarning: `sklearn.utils.parallel.delayed` should be used with `sklearn.utils.parallel.Parallel` to make it possible to propagate the scikit-learn configuration of the current thread to the joblib workers.
  warnings.warn(
D:\ml_separator_gh\.venv\Lib\site-packages\sklearn\utils\parallel.py:144: UserWarning: `sklearn.utils.parallel.delayed` should be used with `sklearn.utils.parallel.Parallel` to make it possible to propagate the scikit-learn configuration of the current thread to the joblib workers.
  warnings.warn(
D:\ml_separator_gh\.venv\Lib\site-packages\sklearn\utils\parallel.py:144: UserWarning: `sklearn.utils.parallel.delayed` should be used with `sklearn.utils.parallel.Parallel` to make it possible to propagate the scikit-learn configuration of the current thread to the joblib workers.
  warnings.warn(
D:\ml_separator_gh\.venv\Lib\site-packages\sklearn\utils\parallel.py:144: UserWarning: `sklearn.utils.parallel.delayed` should be used with `sklearn.utils.parallel.Parallel` to make it possible to propagate the scikit-learn configuration of the current thread to the joblib workers.
  warnings.warn(
D:\ml_separator_gh\.venv\Lib\site-packages\sklearn\utils\parallel.py:144: UserWarning: `sklearn.utils.parallel.delayed` should be used with `sklearn.utils.parallel.Parallel` to make it possible to propagate the scikit-learn configuration of the current thread to the joblib workers.
  warnings.warn(
D:\ml_separator_gh\.venv\Lib\site-packages\sklearn\utils\parallel.py:144: UserWarning: `sklearn.utils.parallel.delayed` should be used with `sklearn.utils.parallel.Parallel` to make it possible to propagate the scikit-learn configuration of the current thread to the joblib workers.
  warnings.warn(
D:\ml_separator_gh\.venv\Lib\site-packages\sklearn\utils\parallel.py:144: UserWarning: `sklearn.utils.parallel.delayed` should be used with `sklearn.utils.parallel.Parallel` to make it possible to propagate the scikit-learn configuration of the current thread to the joblib workers.
  warnings.warn(
D:\ml_separator_gh\.venv\Lib\site-packages\sklearn\utils\parallel.py:144: UserWarning: `sklearn.utils.parallel.delayed` should be used with `sklearn.utils.parallel.Parallel` to make it possible to propagate the scikit-learn configuration of the current thread to the joblib workers.
  warnings.warn(
D:\ml_separator_gh\.venv\Lib\site-packages\sklearn\utils\parallel.py:144: UserWarning: `sklearn.utils.parallel.delayed` should be used with `sklearn.utils.parallel.Parallel` to make it possible to propagate the scikit-learn configuration of the current thread to the joblib workers.
  warnings.warn(
D:\ml_separator_gh\.venv\Lib\site-packages\sklearn\utils\parallel.py:144: UserWarning: `sklearn.utils.parallel.delayed` should be used with `sklearn.utils.parallel.Parallel` to make it possible to propagate the scikit-learn configuration of the current thread to the joblib workers.
  warnings.warn(
D:\ml_separator_gh\.venv\Lib\site-packages\sklearn\utils\parallel.py:144: UserWarning: `sklearn.utils.parallel.delayed` should be used with `sklearn.utils.parallel.Parallel` to make it possible to propagate the scikit-learn configuration of the current thread to the joblib workers.
  warnings.warn(
D:\ml_separator_gh\.venv\Lib\site-packages\sklearn\utils\parallel.py:144: UserWarning: `sklearn.utils.parallel.delayed` should be used with `sklearn.utils.parallel.Parallel` to make it possible to propagate the scikit-learn configuration of the current thread to the joblib workers.
  warnings.warn(
D:\ml_separator_gh\.venv\Lib\site-packages\sklearn\utils\parallel.py:144: UserWarning: `sklearn.utils.parallel.delayed` should be used with `sklearn.utils.parallel.Parallel` to make it possible to propagate the scikit-learn configuration of the current thread to the joblib workers.
  warnings.warn(
D:\ml_separator_gh\.venv\Lib\site-packages\sklearn\utils\parallel.py:144: UserWarning: `sklearn.utils.parallel.delayed` should be used with `sklearn.utils.parallel.Parallel` to make it possible to propagate the scikit-learn configuration of the current thread to the joblib workers.
  warnings.warn(
D:\ml_separator_gh\.venv\Lib\site-packages\sklearn\utils\parallel.py:144: UserWarning: `sklearn.utils.parallel.delayed` should be used with `sklearn.utils.parallel.Parallel` to make it possible to propagate the scikit-learn configuration of the current thread to the joblib workers.
  warnings.warn(
D:\ml_separator_gh\.venv\Lib\site-packages\sklearn\utils\parallel.py:144: UserWarning: `sklearn.utils.parallel.delayed` should be used with `sklearn.utils.parallel.Parallel` to make it possible to propagate the scikit-learn configuration of the current thread to the joblib workers.
  warnings.warn(
D:\ml_separator_gh\.venv\Lib\site-packages\sklearn\utils\parallel.py:144: UserWarning: `sklearn.utils.parallel.delayed` should be used with `sklearn.utils.parallel.Parallel` to make it possible to propagate the scikit-learn configuration of the current thread to the joblib workers.
  warnings.warn(
D:\ml_separator_gh\.venv\Lib\site-packages\sklearn\utils\parallel.py:144: UserWarning: `sklearn.utils.parallel.delayed` should be used with `sklearn.utils.parallel.Parallel` to make it possible to propagate the scikit-learn configuration of the current thread to the joblib workers.
  warnings.warn(
D:\ml_separator_gh\.venv\Lib\site-packages\sklearn\utils\parallel.py:144: UserWarning: `sklearn.utils.parallel.delayed` should be used with `sklearn.utils.parallel.Parallel` to make it possible to propagate the scikit-learn configuration of the current thread to the joblib workers.
  warnings.warn(
D:\ml_separator_gh\.venv\Lib\site-packages\sklearn\utils\parallel.py:144: UserWarning: `sklearn.utils.parallel.delayed` should be used with `sklearn.utils.parallel.Parallel` to make it possible to propagate the scikit-learn configuration of the current thread to the joblib workers.
  warnings.warn(
D:\ml_separator_gh\.venv\Lib\site-packages\sklearn\utils\parallel.py:144: UserWarning: `sklearn.utils.parallel.delayed` should be used with `sklearn.utils.parallel.Parallel` to make it possible to propagate the scikit-learn configuration of the current thread to the joblib workers.
  warnings.warn(
D:\ml_separator_gh\.venv\Lib\site-packages\sklearn\utils\parallel.py:144: UserWarning: `sklearn.utils.parallel.delayed` should be used with `sklearn.utils.parallel.Parallel` to make it possible to propagate the scikit-learn configuration of the current thread to the joblib workers.
  warnings.warn(
D:\ml_separator_gh\.venv\Lib\site-packages\sklearn\utils\parallel.py:144: UserWarning: `sklearn.utils.parallel.delayed` should be used with `sklearn.utils.parallel.Parallel` to make it possible to propagate the scikit-learn configuration of the current thread to the joblib workers.
  warnings.warn(
D:\ml_separator_gh\.venv\Lib\site-packages\sklearn\utils\parallel.py:144: UserWarning: `sklearn.utils.parallel.delayed` should be used with `sklearn.utils.parallel.Parallel` to make it possible to propagate the scikit-learn configuration of the current thread to the joblib workers.
  warnings.warn(
D:\ml_separator_gh\.venv\Lib\site-packages\sklearn\utils\parallel.py:144: UserWarning: `sklearn.utils.parallel.delayed` should be used with `sklearn.utils.parallel.Parallel` to make it possible to propagate the scikit-learn configuration of the current thread to the joblib workers.
  warnings.warn(
D:\ml_separator_gh\.venv\Lib\site-packages\sklearn\utils\parallel.py:144: UserWarning: `sklearn.utils.parallel.delayed` should be used with `sklearn.utils.parallel.Parallel` to make it possible to propagate the scikit-learn configuration of the current thread to the joblib workers.
  warnings.warn(
D:\ml_separator_gh\.venv\Lib\site-packages\sklearn\utils\parallel.py:144: UserWarning: `sklearn.utils.parallel.delayed` should be used with `sklearn.utils.parallel.Parallel` to make it possible to propagate the scikit-learn configuration of the current thread to the joblib workers.
  warnings.warn(
D:\ml_separator_gh\.venv\Lib\site-packages\sklearn\utils\parallel.py:144: UserWarning: `sklearn.utils.parallel.delayed` should be used with `sklearn.utils.parallel.Parallel` to make it possible to propagate the scikit-learn configuration of the current thread to the joblib workers.
  warnings.warn(
D:\ml_separator_gh\.venv\Lib\site-packages\sklearn\utils\parallel.py:144: UserWarning: `sklearn.utils.parallel.delayed` should be used with `sklearn.utils.parallel.Parallel` to make it possible to propagate the scikit-learn configuration of the current thread to the joblib workers.
  warnings.warn(
D:\ml_separator_gh\.venv\Lib\site-packages\sklearn\utils\parallel.py:144: UserWarning: `sklearn.utils.parallel.delayed` should be used with `sklearn.utils.parallel.Parallel` to make it possible to propagate the scikit-learn configuration of the current thread to the joblib workers.
  warnings.warn(
D:\ml_separator_gh\.venv\Lib\site-packages\sklearn\utils\parallel.py:144: UserWarning: `sklearn.utils.parallel.delayed` should be used with `sklearn.utils.parallel.Parallel` to make it possible to propagate the scikit-learn configuration of the current thread to the joblib workers.
  warnings.warn(
D:\ml_separator_gh\.venv\Lib\site-packages\sklearn\utils\parallel.py:144: UserWarning: `sklearn.utils.parallel.delayed` should be used with `sklearn.utils.parallel.Parallel` to make it possible to propagate the scikit-learn configuration of the current thread to the joblib workers.
  warnings.warn(
D:\ml_separator_gh\.venv\Lib\site-packages\sklearn\utils\parallel.py:144: UserWarning: `sklearn.utils.parallel.delayed` should be used with `sklearn.utils.parallel.Parallel` to make it possible to propagate the scikit-learn configuration of the current thread to the joblib workers.
  warnings.warn(
D:\ml_separator_gh\.venv\Lib\site-packages\sklearn\utils\parallel.py:144: UserWarning: `sklearn.utils.parallel.delayed` should be used with `sklearn.utils.parallel.Parallel` to make it possible to propagate the scikit-learn configuration of the current thread to the joblib workers.
  warnings.warn(
D:\ml_separator_gh\.venv\Lib\site-packages\sklearn\utils\parallel.py:144: UserWarning: `sklearn.utils.parallel.delayed` should be used with `sklearn.utils.parallel.Parallel` to make it possible to propagate the scikit-learn configuration of the current thread to the joblib workers.
  warnings.warn(
D:\ml_separator_gh\.venv\Lib\site-packages\sklearn\utils\parallel.py:144: UserWarning: `sklearn.utils.parallel.delayed` should be used with `sklearn.utils.parallel.Parallel` to make it possible to propagate the scikit-learn configuration of the current thread to the joblib workers.
  warnings.warn(
D:\ml_separator_gh\.venv\Lib\site-packages\sklearn\utils\parallel.py:144: UserWarning: `sklearn.utils.parallel.delayed` should be used with `sklearn.utils.parallel.Parallel` to make it possible to propagate the scikit-learn configuration of the current thread to the joblib workers.
  warnings.warn(
D:\ml_separator_gh\.venv\Lib\site-packages\sklearn\utils\parallel.py:144: UserWarning: `sklearn.utils.parallel.delayed` should be used with `sklearn.utils.parallel.Parallel` to make it possible to propagate the scikit-learn configuration of the current thread to the joblib workers.
  warnings.warn(
D:\ml_separator_gh\.venv\Lib\site-packages\sklearn\utils\parallel.py:144: UserWarning: `sklearn.utils.parallel.delayed` should be used with `sklearn.utils.parallel.Parallel` to make it possible to propagate the scikit-learn configuration of the current thread to the joblib workers.
  warnings.warn(
D:\ml_separator_gh\.venv\Lib\site-packages\sklearn\utils\parallel.py:144: UserWarning: `sklearn.utils.parallel.delayed` should be used with `sklearn.utils.parallel.Parallel` to make it possible to propagate the scikit-learn configuration of the current thread to the joblib workers.
  warnings.warn(
D:\ml_separator_gh\.venv\Lib\site-packages\sklearn\utils\parallel.py:144: UserWarning: `sklearn.utils.parallel.delayed` should be used with `sklearn.utils.parallel.Parallel` to make it possible to propagate the scikit-learn configuration of the current thread to the joblib workers.
  warnings.warn(
D:\ml_separator_gh\.venv\Lib\site-packages\sklearn\utils\parallel.py:144: UserWarning: `sklearn.utils.parallel.delayed` should be used with `sklearn.utils.parallel.Parallel` to make it possible to propagate the scikit-learn configuration of the current thread to the joblib workers.
  warnings.warn(
D:\ml_separator_gh\.venv\Lib\site-packages\sklearn\utils\parallel.py:144: UserWarning: `sklearn.utils.parallel.delayed` should be used with `sklearn.utils.parallel.Parallel` to make it possible to propagate the scikit-learn configuration of the current thread to the joblib workers.
  warnings.warn(
D:\ml_separator_gh\.venv\Lib\site-packages\sklearn\utils\parallel.py:144: UserWarning: `sklearn.utils.parallel.delayed` should be used with `sklearn.utils.parallel.Parallel` to make it possible to propagate the scikit-learn configuration of the current thread to the joblib workers.
  warnings.warn(
D:\ml_separator_gh\.venv\Lib\site-packages\sklearn\utils\parallel.py:144: UserWarning: `sklearn.utils.parallel.delayed` should be used with `sklearn.utils.parallel.Parallel` to make it possible to propagate the scikit-learn configuration of the current thread to the joblib workers.
  warnings.warn(
D:\ml_separator_gh\.venv\Lib\site-packages\sklearn\utils\parallel.py:144: UserWarning: `sklearn.utils.parallel.delayed` should be used with `sklearn.utils.parallel.Parallel` to make it possible to propagate the scikit-learn configuration of the current thread to the joblib workers.
  warnings.warn(
D:\ml_separator_gh\.venv\Lib\site-packages\sklearn\utils\parallel.py:144: UserWarning: `sklearn.utils.parallel.delayed` should be used with `sklearn.utils.parallel.Parallel` to make it possible to propagate the scikit-learn configuration of the current thread to the joblib workers.
  warnings.warn(
D:\ml_separator_gh\.venv\Lib\site-packages\sklearn\utils\parallel.py:144: UserWarning: `sklearn.utils.parallel.delayed` should be used with `sklearn.utils.parallel.Parallel` to make it possible to propagate the scikit-learn configuration of the current thread to the joblib workers.
  warnings.warn(
D:\ml_separator_gh\.venv\Lib\site-packages\sklearn\utils\parallel.py:144: UserWarning: `sklearn.utils.parallel.delayed` should be used with `sklearn.utils.parallel.Parallel` to make it possible to propagate the scikit-learn configuration of the current thread to the joblib workers.
  warnings.warn(
D:\ml_separator_gh\.venv\Lib\site-packages\sklearn\utils\parallel.py:144: UserWarning: `sklearn.utils.parallel.delayed` should be used with `sklearn.utils.parallel.Parallel` to make it possible to propagate the scikit-learn configuration of the current thread to the joblib workers.
  warnings.warn(
D:\ml_separator_gh\.venv\Lib\site-packages\sklearn\utils\parallel.py:144: UserWarning: `sklearn.utils.parallel.delayed` should be used with `sklearn.utils.parallel.Parallel` to make it possible to propagate the scikit-learn configuration of the current thread to the joblib workers.
  warnings.warn(
D:\ml_separator_gh\.venv\Lib\site-packages\sklearn\utils\parallel.py:144: UserWarning: `sklearn.utils.parallel.delayed` should be used with `sklearn.utils.parallel.Parallel` to make it possible to propagate the scikit-learn configuration of the current thread to the joblib workers.
  warnings.warn(
D:\ml_separator_gh\.venv\Lib\site-packages\sklearn\utils\parallel.py:144: UserWarning: `sklearn.utils.parallel.delayed` should be used with `sklearn.utils.parallel.Parallel` to make it possible to propagate the scikit-learn configuration of the current thread to the joblib workers.
  warnings.warn(
D:\ml_separator_gh\.venv\Lib\site-packages\sklearn\utils\parallel.py:144: UserWarning: `sklearn.utils.parallel.delayed` should be used with `sklearn.utils.parallel.Parallel` to make it possible to propagate the scikit-learn configuration of the current thread to the joblib workers.
  warnings.warn(
D:\ml_separator_gh\.venv\Lib\site-packages\sklearn\utils\parallel.py:144: UserWarning: `sklearn.utils.parallel.delayed` should be used with `sklearn.utils.parallel.Parallel` to make it possible to propagate the scikit-learn configuration of the current thread to the joblib workers.
  warnings.warn(
D:\ml_separator_gh\.venv\Lib\site-packages\sklearn\utils\parallel.py:144: UserWarning: `sklearn.utils.parallel.delayed` should be used with `sklearn.utils.parallel.Parallel` to make it possible to propagate the scikit-learn configuration of the current thread to the joblib workers.
  warnings.warn(
D:\ml_separator_gh\.venv\Lib\site-packages\sklearn\utils\parallel.py:144: UserWarning: `sklearn.utils.parallel.delayed` should be used with `sklearn.utils.parallel.Parallel` to make it possible to propagate the scikit-learn configuration of the current thread to the joblib workers.
  warnings.warn(
D:\ml_separator_gh\.venv\Lib\site-packages\sklearn\utils\parallel.py:144: UserWarning: `sklearn.utils.parallel.delayed` should be used with `sklearn.utils.parallel.Parallel` to make it possible to propagate the scikit-learn configuration of the current thread to the joblib workers.
  warnings.warn(
D:\ml_separator_gh\.venv\Lib\site-packages\sklearn\utils\parallel.py:144: UserWarning: `sklearn.utils.parallel.delayed` should be used with `sklearn.utils.parallel.Parallel` to make it possible to propagate the scikit-learn configuration of the current thread to the joblib workers.
  warnings.warn(
D:\ml_separator_gh\.venv\Lib\site-packages\sklearn\utils\parallel.py:144: UserWarning: `sklearn.utils.parallel.delayed` should be used with `sklearn.utils.parallel.Parallel` to make it possible to propagate the scikit-learn configuration of the current thread to the joblib workers.
  warnings.warn(
D:\ml_separator_gh\.venv\Lib\site-packages\sklearn\utils\parallel.py:144: UserWarning: `sklearn.utils.parallel.delayed` should be used with `sklearn.utils.parallel.Parallel` to make it possible to propagate the scikit-learn configuration of the current thread to the joblib workers.
  warnings.warn(
D:\ml_separator_gh\.venv\Lib\site-packages\sklearn\utils\parallel.py:144: UserWarning: `sklearn.utils.parallel.delayed` should be used with `sklearn.utils.parallel.Parallel` to make it possible to propagate the scikit-learn configuration of the current thread to the joblib workers.
  warnings.warn(
D:\ml_separator_gh\.venv\Lib\site-packages\sklearn\utils\parallel.py:144: UserWarning: `sklearn.utils.parallel.delayed` should be used with `sklearn.utils.parallel.Parallel` to make it possible to propagate the scikit-learn configuration of the current thread to the joblib workers.
  warnings.warn(
D:\ml_separator_gh\.venv\Lib\site-packages\sklearn\utils\parallel.py:144: UserWarning: `sklearn.utils.parallel.delayed` should be used with `sklearn.utils.parallel.Parallel` to make it possible to propagate the scikit-learn configuration of the current thread to the joblib workers.
  warnings.warn(
D:\ml_separator_gh\.venv\Lib\site-packages\sklearn\utils\parallel.py:144: UserWarning: `sklearn.utils.parallel.delayed` should be used with `sklearn.utils.parallel.Parallel` to make it possible to propagate the scikit-learn configuration of the current thread to the joblib workers.
  warnings.warn(
D:\ml_separator_gh\.venv\Lib\site-packages\sklearn\utils\parallel.py:144: UserWarning: `sklearn.utils.parallel.delayed` should be used with `sklearn.utils.parallel.Parallel` to make it possible to propagate the scikit-learn configuration of the current thread to the joblib workers.
  warnings.warn(
D:\ml_separator_gh\.venv\Lib\site-packages\sklearn\utils\parallel.py:144: UserWarning: `sklearn.utils.parallel.delayed` should be used with `sklearn.utils.parallel.Parallel` to make it possible to propagate the scikit-learn configuration of the current thread to the joblib workers.
  warnings.warn(
D:\ml_separator_gh\.venv\Lib\site-packages\sklearn\utils\parallel.py:144: UserWarning: `sklearn.utils.parallel.delayed` should be used with `sklearn.utils.parallel.Parallel` to make it possible to propagate the scikit-learn configuration of the current thread to the joblib workers.
  warnings.warn(
D:\ml_separator_gh\.venv\Lib\site-packages\sklearn\utils\parallel.py:144: UserWarning: `sklearn.utils.parallel.delayed` should be used with `sklearn.utils.parallel.Parallel` to make it possible to propagate the scikit-learn configuration of the current thread to the joblib workers.
  warnings.warn(
D:\ml_separator_gh\.venv\Lib\site-packages\sklearn\utils\parallel.py:144: UserWarning: `sklearn.utils.parallel.delayed` should be used with `sklearn.utils.parallel.Parallel` to make it possible to propagate the scikit-learn configuration of the current thread to the joblib workers.
  warnings.warn(
D:\ml_separator_gh\.venv\Lib\site-packages\sklearn\utils\parallel.py:144: UserWarning: `sklearn.utils.parallel.delayed` should be used with `sklearn.utils.parallel.Parallel` to make it possible to propagate the scikit-learn configuration of the current thread to the joblib workers.
  warnings.warn(
D:\ml_separator_gh\.venv\Lib\site-packages\sklearn\utils\parallel.py:144: UserWarning: `sklearn.utils.parallel.delayed` should be used with `sklearn.utils.parallel.Parallel` to make it possible to propagate the scikit-learn configuration of the current thread to the joblib workers.
  warnings.warn(
D:\ml_separator_gh\.venv\Lib\site-packages\sklearn\utils\parallel.py:144: UserWarning: `sklearn.utils.parallel.delayed` should be used with `sklearn.utils.parallel.Parallel` to make it possible to propagate the scikit-learn configuration of the current thread to the joblib workers.
  warnings.warn(
D:\ml_separator_gh\.venv\Lib\site-packages\sklearn\utils\parallel.py:144: UserWarning: `sklearn.utils.parallel.delayed` should be used with `sklearn.utils.parallel.Parallel` to make it possible to propagate the scikit-learn configuration of the current thread to the joblib workers.
  warnings.warn(
D:\ml_separator_gh\.venv\Lib\site-packages\sklearn\utils\parallel.py:144: UserWarning: `sklearn.utils.parallel.delayed` should be used with `sklearn.utils.parallel.Parallel` to make it possible to propagate the scikit-learn configuration of the current thread to the joblib workers.
  warnings.warn(
D:\ml_separator_gh\.venv\Lib\site-packages\sklearn\utils\parallel.py:144: UserWarning: `sklearn.utils.parallel.delayed` should be used with `sklearn.utils.parallel.Parallel` to make it possible to propagate the scikit-learn configuration of the current thread to the joblib workers.
  warnings.warn(
D:\ml_separator_gh\.venv\Lib\site-packages\sklearn\utils\parallel.py:144: UserWarning: `sklearn.utils.parallel.delayed` should be used with `sklearn.utils.parallel.Parallel` to make it possible to propagate the scikit-learn configuration of the current thread to the joblib workers.
  warnings.warn(
D:\ml_separator_gh\.venv\Lib\site-packages\sklearn\utils\parallel.py:144: UserWarning: `sklearn.utils.parallel.delayed` should be used with `sklearn.utils.parallel.Parallel` to make it possible to propagate the scikit-learn configuration of the current thread to the joblib workers.
  warnings.warn(
D:\ml_separator_gh\.venv\Lib\site-packages\sklearn\utils\parallel.py:144: UserWarning: `sklearn.utils.parallel.delayed` should be used with `sklearn.utils.parallel.Parallel` to make it possible to propagate the scikit-learn configuration of the current thread to the joblib workers.
  warnings.warn(
D:\ml_separator_gh\.venv\Lib\site-packages\sklearn\utils\parallel.py:144: UserWarning: `sklearn.utils.parallel.delayed` should be used with `sklearn.utils.parallel.Parallel` to make it possible to propagate the scikit-learn configuration of the current thread to the joblib workers.
  warnings.warn(
D:\ml_separator_gh\.venv\Lib\site-packages\sklearn\utils\parallel.py:144: UserWarning: `sklearn.utils.parallel.delayed` should be used with `sklearn.utils.parallel.Parallel` to make it possible to propagate the scikit-learn configuration of the current thread to the joblib workers.
  warnings.warn(
D:\ml_separator_gh\.venv\Lib\site-packages\sklearn\utils\parallel.py:144: UserWarning: `sklearn.utils.parallel.delayed` should be used with `sklearn.utils.parallel.Parallel` to make it possible to propagate the scikit-learn configuration of the current thread to the joblib workers.
  warnings.warn(
D:\ml_separator_gh\.venv\Lib\site-packages\sklearn\utils\parallel.py:144: UserWarning: `sklearn.utils.parallel.delayed` should be used with `sklearn.utils.parallel.Parallel` to make it possible to propagate the scikit-learn configuration of the current thread to the joblib workers.
  warnings.warn(
D:\ml_separator_gh\.venv\Lib\site-packages\sklearn\utils\parallel.py:144: UserWarning: `sklearn.utils.parallel.delayed` should be used with `sklearn.utils.parallel.Parallel` to make it possible to propagate the scikit-learn configuration of the current thread to the joblib workers.
  warnings.warn(
D:\ml_separator_gh\.venv\Lib\site-packages\sklearn\utils\parallel.py:144: UserWarning: `sklearn.utils.parallel.delayed` should be used with `sklearn.utils.parallel.Parallel` to make it possible to propagate the scikit-learn configuration of the current thread to the joblib workers.
  warnings.warn(
D:\ml_separator_gh\.venv\Lib\site-packages\sklearn\utils\parallel.py:144: UserWarning: `sklearn.utils.parallel.delayed` should be used with `sklearn.utils.parallel.Parallel` to make it possible to propagate the scikit-learn configuration of the current thread to the joblib workers.
  warnings.warn(
D:\ml_separator_gh\.venv\Lib\site-packages\sklearn\utils\parallel.py:144: UserWarning: `sklearn.utils.parallel.delayed` should be used with `sklearn.utils.parallel.Parallel` to make it possible to propagate the scikit-learn configuration of the current thread to the joblib workers.
  warnings.warn(
D:\ml_separator_gh\.venv\Lib\site-packages\sklearn\utils\parallel.py:144: UserWarning: `sklearn.utils.parallel.delayed` should be used with `sklearn.utils.parallel.Parallel` to make it possible to propagate the scikit-learn configuration of the current thread to the joblib workers.
  warnings.warn(
D:\ml_separator_gh\.venv\Lib\site-packages\sklearn\utils\parallel.py:144: UserWarning: `sklearn.utils.parallel.delayed` should be used with `sklearn.utils.parallel.Parallel` to make it possible to propagate the scikit-learn configuration of the current thread to the joblib workers.
  warnings.warn(
D:\ml_separator_gh\.venv\Lib\site-packages\sklearn\utils\parallel.py:144: UserWarning: `sklearn.utils.parallel.delayed` should be used with `sklearn.utils.parallel.Parallel` to make it possible to propagate the scikit-learn configuration of the current thread to the joblib workers.
  warnings.warn(
D:\ml_separator_gh\.venv\Lib\site-packages\sklearn\utils\parallel.py:144: UserWarning: `sklearn.utils.parallel.delayed` should be used with `sklearn.utils.parallel.Parallel` to make it possible to propagate the scikit-learn configuration of the current thread to the joblib workers.
  warnings.warn(
D:\ml_separator_gh\.venv\Lib\site-packages\sklearn\utils\parallel.py:144: UserWarning: `sklearn.utils.parallel.delayed` should be used with `sklearn.utils.parallel.Parallel` to make it possible to propagate the scikit-learn configuration of the current thread to the joblib workers.
  warnings.warn(
D:\ml_separator_gh\.venv\Lib\site-packages\sklearn\utils\parallel.py:144: UserWarning: `sklearn.utils.parallel.delayed` should be used with `sklearn.utils.parallel.Parallel` to make it possible to propagate the scikit-learn configuration of the current thread to the joblib workers.
  warnings.warn(
D:\ml_separator_gh\.venv\Lib\site-packages\sklearn\utils\parallel.py:144: UserWarning: `sklearn.utils.parallel.delayed` should be used with `sklearn.utils.parallel.Parallel` to make it possible to propagate the scikit-learn configuration of the current thread to the joblib workers.
  warnings.warn(
D:\ml_separator_gh\.venv\Lib\site-packages\sklearn\utils\parallel.py:144: UserWarning: `sklearn.utils.parallel.delayed` should be used with `sklearn.utils.parallel.Parallel` to make it possible to propagate the scikit-learn configuration of the current thread to the joblib workers.
  warnings.warn(
D:\ml_separator_gh\.venv\Lib\site-packages\sklearn\utils\parallel.py:144: UserWarning: `sklearn.utils.parallel.delayed` should be used with `sklearn.utils.parallel.Parallel` to make it possible to propagate the scikit-learn configuration of the current thread to the joblib workers.
  warnings.warn(
D:\ml_separator_gh\.venv\Lib\site-packages\sklearn\utils\parallel.py:144: UserWarning: `sklearn.utils.parallel.delayed` should be used with `sklearn.utils.parallel.Parallel` to make it possible to propagate the scikit-learn configuration of the current thread to the joblib workers.
  warnings.warn(
D:\ml_separator_gh\.venv\Lib\site-packages\sklearn\utils\parallel.py:144: UserWarning: `sklearn.utils.parallel.delayed` should be used with `sklearn.utils.parallel.Parallel` to make it possible to propagate the scikit-learn configuration of the current thread to the joblib workers.
  warnings.warn(
D:\ml_separator_gh\.venv\Lib\site-packages\sklearn\utils\parallel.py:144: UserWarning: `sklearn.utils.parallel.delayed` should be used with `sklearn.utils.parallel.Parallel` to make it possible to propagate the scikit-learn configuration of the current thread to the joblib workers.
  warnings.warn(
D:\ml_separator_gh\.venv\Lib\site-packages\sklearn\utils\parallel.py:144: UserWarning: `sklearn.utils.parallel.delayed` should be used with `sklearn.utils.parallel.Parallel` to make it possible to propagate the scikit-learn configuration of the current thread to the joblib workers.
  warnings.warn(
D:\ml_separator_gh\.venv\Lib\site-packages\sklearn\utils\parallel.py:144: UserWarning: `sklearn.utils.parallel.delayed` should be used with `sklearn.utils.parallel.Parallel` to make it possible to propagate the scikit-learn configuration of the current thread to the joblib workers.
  warnings.warn(
D:\ml_separator_gh\.venv\Lib\site-packages\sklearn\utils\parallel.py:144: UserWarning: `sklearn.utils.parallel.delayed` should be used with `sklearn.utils.parallel.Parallel` to make it possible to propagate the scikit-learn configuration of the current thread to the joblib workers.
  warnings.warn(
D:\ml_separator_gh\.venv\Lib\site-packages\sklearn\utils\parallel.py:144: UserWarning: `sklearn.utils.parallel.delayed` should be used with `sklearn.utils.parallel.Parallel` to make it possible to propagate the scikit-learn configuration of the current thread to the joblib workers.
  warnings.warn(
D:\ml_separator_gh\.venv\Lib\site-packages\sklearn\utils\parallel.py:144: UserWarning: `sklearn.utils.parallel.delayed` should be used with `sklearn.utils.parallel.Parallel` to make it possible to propagate the scikit-learn configuration of the current thread to the joblib workers.
  warnings.warn(
D:\ml_separator_gh\.venv\Lib\site-packages\sklearn\utils\parallel.py:144: UserWarning: `sklearn.utils.parallel.delayed` should be used with `sklearn.utils.parallel.Parallel` to make it possible to propagate the scikit-learn configuration of the current thread to the joblib workers.
  warnings.warn(
D:\ml_separator_gh\.venv\Lib\site-packages\sklearn\utils\parallel.py:144: UserWarning: `sklearn.utils.parallel.delayed` should be used with `sklearn.utils.parallel.Parallel` to make it possible to propagate the scikit-learn configuration of the current thread to the joblib workers.
  warnings.warn(
D:\ml_separator_gh\.venv\Lib\site-packages\sklearn\utils\parallel.py:144: UserWarning: `sklearn.utils.parallel.delayed` should be used with `sklearn.utils.parallel.Parallel` to make it possible to propagate the scikit-learn configuration of the current thread to the joblib workers.
  warnings.warn(
D:\ml_separator_gh\.venv\Lib\site-packages\sklearn\utils\parallel.py:144: UserWarning: `sklearn.utils.parallel.delayed` should be used with `sklearn.utils.parallel.Parallel` to make it possible to propagate the scikit-learn configuration of the current thread to the joblib workers.
  warnings.warn(
D:\ml_separator_gh\.venv\Lib\site-packages\sklearn\utils\parallel.py:144: UserWarning: `sklearn.utils.parallel.delayed` should be used with `sklearn.utils.parallel.Parallel` to make it possible to propagate the scikit-learn configuration of the current thread to the joblib workers.
  warnings.warn(
D:\ml_separator_gh\.venv\Lib\site-packages\sklearn\utils\parallel.py:144: UserWarning: `sklearn.utils.parallel.delayed` should be used with `sklearn.utils.parallel.Parallel` to make it possible to propagate the scikit-learn configuration of the current thread to the joblib workers.
  warnings.warn(
D:\ml_separator_gh\.venv\Lib\site-packages\sklearn\utils\parallel.py:144: UserWarning: `sklearn.utils.parallel.delayed` should be used with `sklearn.utils.parallel.Parallel` to make it possible to propagate the scikit-learn configuration of the current thread to the joblib workers.
  warnings.warn(
D:\ml_separator_gh\.venv\Lib\site-packages\sklearn\utils\parallel.py:144: UserWarning: `sklearn.utils.parallel.delayed` should be used with `sklearn.utils.parallel.Parallel` to make it possible to propagate the scikit-learn configuration of the current thread to the joblib workers.
  warnings.warn(
D:\ml_separator_gh\.venv\Lib\site-packages\sklearn\utils\parallel.py:144: UserWarning: `sklearn.utils.parallel.delayed` should be used with `sklearn.utils.parallel.Parallel` to make it possible to propagate the scikit-learn configuration of the current thread to the joblib workers.
  warnings.warn(
D:\ml_separator_gh\.venv\Lib\site-packages\sklearn\utils\parallel.py:144: UserWarning: `sklearn.utils.parallel.delayed` should be used with `sklearn.utils.parallel.Parallel` to make it possible to propagate the scikit-learn configuration of the current thread to the joblib workers.
  warnings.warn(
D:\ml_separator_gh\.venv\Lib\site-packages\sklearn\utils\parallel.py:144: UserWarning: `sklearn.utils.parallel.delayed` should be used with `sklearn.utils.parallel.Parallel` to make it possible to propagate the scikit-learn configuration of the current thread to the joblib workers.
  warnings.warn(
D:\ml_separator_gh\.venv\Lib\site-packages\sklearn\utils\parallel.py:144: UserWarning: `sklearn.utils.parallel.delayed` should be used with `sklearn.utils.parallel.Parallel` to make it possible to propagate the scikit-learn configuration of the current thread to the joblib workers.
  warnings.warn(
D:\ml_separator_gh\.venv\Lib\site-packages\sklearn\utils\parallel.py:144: UserWarning: `sklearn.utils.parallel.delayed` should be used with `sklearn.utils.parallel.Parallel` to make it possible to propagate the scikit-learn configuration of the current thread to the joblib workers.
  warnings.warn(
D:\ml_separator_gh\.venv\Lib\site-packages\sklearn\utils\parallel.py:144: UserWarning: `sklearn.utils.parallel.delayed` should be used with `sklearn.utils.parallel.Parallel` to make it possible to propagate the scikit-learn configuration of the current thread to the joblib workers.
  warnings.warn(
D:\ml_separator_gh\.venv\Lib\site-packages\sklearn\utils\parallel.py:144: UserWarning: `sklearn.utils.parallel.delayed` should be used with `sklearn.utils.parallel.Parallel` to make it possible to propagate the scikit-learn configuration of the current thread to the joblib workers.
  warnings.warn(
D:\ml_separator_gh\.venv\Lib\site-packages\sklearn\utils\parallel.py:144: UserWarning: `sklearn.utils.parallel.delayed` should be used with `sklearn.utils.parallel.Parallel` to make it possible to propagate the scikit-learn configuration of the current thread to the joblib workers.
  warnings.warn(
D:\ml_separator_gh\.venv\Lib\site-packages\sklearn\utils\parallel.py:144: UserWarning: `sklearn.utils.parallel.delayed` should be used with `sklearn.utils.parallel.Parallel` to make it possible to propagate the scikit-learn configuration of the current thread to the joblib workers.
  warnings.warn(
D:\ml_separator_gh\.venv\Lib\site-packages\sklearn\utils\parallel.py:144: UserWarning: `sklearn.utils.parallel.delayed` should be used with `sklearn.utils.parallel.Parallel` to make it possible to propagate the scikit-learn configuration of the current thread to the joblib workers.
  warnings.warn(
D:\ml_separator_gh\.venv\Lib\site-packages\sklearn\utils\parallel.py:144: UserWarning: `sklearn.utils.parallel.delayed` should be used with `sklearn.utils.parallel.Parallel` to make it possible to propagate the scikit-learn configuration of the current thread to the joblib workers.
  warnings.warn(
D:\ml_separator_gh\.venv\Lib\site-packages\sklearn\utils\parallel.py:144: UserWarning: `sklearn.utils.parallel.delayed` should be used with `sklearn.utils.parallel.Parallel` to make it possible to propagate the scikit-learn configuration of the current thread to the joblib workers.
  warnings.warn(
D:\ml_separator_gh\.venv\Lib\site-packages\sklearn\utils\parallel.py:144: UserWarning: `sklearn.utils.parallel.delayed` should be used with `sklearn.utils.parallel.Parallel` to make it possible to propagate the scikit-learn configuration of the current thread to the joblib workers.
  warnings.warn(
D:\ml_separator_gh\.venv\Lib\site-packages\sklearn\utils\parallel.py:144: UserWarning: `sklearn.utils.parallel.delayed` should be used with `sklearn.utils.parallel.Parallel` to make it possible to propagate the scikit-learn configuration of the current thread to the joblib workers.
  warnings.warn(
D:\ml_separator_gh\.venv\Lib\site-packages\sklearn\utils\parallel.py:144: UserWarning: `sklearn.utils.parallel.delayed` should be used with `sklearn.utils.parallel.Parallel` to make it possible to propagate the scikit-learn configuration of the current thread to the joblib workers.
  warnings.warn(
D:\ml_separator_gh\.venv\Lib\site-packages\sklearn\utils\parallel.py:144: UserWarning: `sklearn.utils.parallel.delayed` should be used with `sklearn.utils.parallel.Parallel` to make it possible to propagate the scikit-learn configuration of the current thread to the joblib workers.
  warnings.warn(
D:\ml_separator_gh\.venv\Lib\site-packages\sklearn\utils\parallel.py:144: UserWarning: `sklearn.utils.parallel.delayed` should be used with `sklearn.utils.parallel.Parallel` to make it possible to propagate the scikit-learn configuration of the current thread to the joblib workers.
  warnings.warn(
D:\ml_separator_gh\.venv\Lib\site-packages\sklearn\utils\parallel.py:144: UserWarning: `sklearn.utils.parallel.delayed` should be used with `sklearn.utils.parallel.Parallel` to make it possible to propagate the scikit-learn configuration of the current thread to the joblib workers.
  warnings.warn(
D:\ml_separator_gh\.venv\Lib\site-packages\sklearn\utils\parallel.py:144: UserWarning: `sklearn.utils.parallel.delayed` should be used with `sklearn.utils.parallel.Parallel` to make it possible to propagate the scikit-learn configuration of the current thread to the joblib workers.
  warnings.warn(
D:\ml_separator_gh\.venv\Lib\site-packages\sklearn\utils\parallel.py:144: UserWarning: `sklearn.utils.parallel.delayed` should be used with `sklearn.utils.parallel.Parallel` to make it possible to propagate the scikit-learn configuration of the current thread to the joblib workers.
  warnings.warn(
D:\ml_separator_gh\.venv\Lib\site-packages\sklearn\utils\parallel.py:144: UserWarning: `sklearn.utils.parallel.delayed` should be used with `sklearn.utils.parallel.Parallel` to make it possible to propagate the scikit-learn configuration of the current thread to the joblib workers.
  warnings.warn(
D:\ml_separator_gh\.venv\Lib\site-packages\sklearn\utils\parallel.py:144: UserWarning: `sklearn.utils.parallel.delayed` should be used with `sklearn.utils.parallel.Parallel` to make it possible to propagate the scikit-learn configuration of the current thread to the joblib workers.
  warnings.warn(
D:\ml_separator_gh\.venv\Lib\site-packages\sklearn\utils\parallel.py:144: UserWarning: `sklearn.utils.parallel.delayed` should be used with `sklearn.utils.parallel.Parallel` to make it possible to propagate the scikit-learn configuration of the current thread to the joblib workers.
  warnings.warn(
D:\ml_separator_gh\.venv\Lib\site-packages\sklearn\utils\parallel.py:144: UserWarning: `sklearn.utils.parallel.delayed` should be used with `sklearn.utils.parallel.Parallel` to make it possible to propagate the scikit-learn configuration of the current thread to the joblib workers.
  warnings.warn(
D:\ml_separator_gh\.venv\Lib\site-packages\sklearn\utils\parallel.py:144: UserWarning: `sklearn.utils.parallel.delayed` should be used with `sklearn.utils.parallel.Parallel` to make it possible to propagate the scikit-learn configuration of the current thread to the joblib workers.
  warnings.warn(
D:\ml_separator_gh\.venv\Lib\site-packages\sklearn\utils\parallel.py:144: UserWarning: `sklearn.utils.parallel.delayed` should be used with `sklearn.utils.parallel.Parallel` to make it possible to propagate the scikit-learn configuration of the current thread to the joblib workers.
  warnings.warn(
D:\ml_separator_gh\.venv\Lib\site-packages\sklearn\utils\parallel.py:144: UserWarning: `sklearn.utils.parallel.delayed` should be used with `sklearn.utils.parallel.Parallel` to make it possible to propagate the scikit-learn configuration of the current thread to the joblib workers.
  warnings.warn(
D:\ml_separator_gh\.venv\Lib\site-packages\sklearn\utils\parallel.py:144: UserWarning: `sklearn.utils.parallel.delayed` should be used with `sklearn.utils.parallel.Parallel` to make it possible to propagate the scikit-learn configuration of the current thread to the joblib workers.
  warnings.warn(
D:\ml_separator_gh\.venv\Lib\site-packages\sklearn\utils\parallel.py:144: UserWarning: `sklearn.utils.parallel.delayed` should be used with `sklearn.utils.parallel.Parallel` to make it possible to propagate the scikit-learn configuration of the current thread to the joblib workers.
  warnings.warn(
D:\ml_separator_gh\.venv\Lib\site-packages\sklearn\utils\parallel.py:144: UserWarning: `sklearn.utils.parallel.delayed` should be used with `sklearn.utils.parallel.Parallel` to make it possible to propagate the scikit-learn configuration of the current thread to the joblib workers.
  warnings.warn(
D:\ml_separator_gh\.venv\Lib\site-packages\sklearn\utils\parallel.py:144: UserWarning: `sklearn.utils.parallel.delayed` should be used with `sklearn.utils.parallel.Parallel` to make it possible to propagate the scikit-learn configuration of the current thread to the joblib workers.
  warnings.warn(
D:\ml_separator_gh\.venv\Lib\site-packages\sklearn\utils\parallel.py:144: UserWarning: `sklearn.utils.parallel.delayed` should be used with `sklearn.utils.parallel.Parallel` to make it possible to propagate the scikit-learn configuration of the current thread to the joblib workers.
  warnings.warn(
D:\ml_separator_gh\.venv\Lib\site-packages\sklearn\utils\parallel.py:144: UserWarning: `sklearn.utils.parallel.delayed` should be used with `sklearn.utils.parallel.Parallel` to make it possible to propagate the scikit-learn configuration of the current thread to the joblib workers.
  warnings.warn(
D:\ml_separator_gh\.venv\Lib\site-packages\sklearn\utils\parallel.py:144: UserWarning: `sklearn.utils.parallel.delayed` should be used with `sklearn.utils.parallel.Parallel` to make it possible to propagate the scikit-learn configuration of the current thread to the joblib workers.
  warnings.warn(
D:\ml_separator_gh\.venv\Lib\site-packages\sklearn\utils\parallel.py:144: UserWarning: `sklearn.utils.parallel.delayed` should be used with `sklearn.utils.parallel.Parallel` to make it possible to propagate the scikit-learn configuration of the current thread to the joblib workers.
  warnings.warn(
D:\ml_separator_gh\.venv\Lib\site-packages\sklearn\utils\parallel.py:144: UserWarning: `sklearn.utils.parallel.delayed` should be used with `sklearn.utils.parallel.Parallel` to make it possible to propagate the scikit-learn configuration of the current thread to the joblib workers.
  warnings.warn(
D:\ml_separator_gh\.venv\Lib\site-packages\sklearn\utils\parallel.py:144: UserWarning: `sklearn.utils.parallel.delayed` should be used with `sklearn.utils.parallel.Parallel` to make it possible to propagate the scikit-learn configuration of the current thread to the joblib workers.
  warnings.warn(
D:\ml_separator_gh\.venv\Lib\site-packages\sklearn\utils\parallel.py:144: UserWarning: `sklearn.utils.parallel.delayed` should be used with `sklearn.utils.parallel.Parallel` to make it possible to propagate the scikit-learn configuration of the current thread to the joblib workers.
  warnings.warn(
D:\ml_separator_gh\.venv\Lib\site-packages\sklearn\utils\parallel.py:144: UserWarning: `sklearn.utils.parallel.delayed` should be used with `sklearn.utils.parallel.Parallel` to make it possible to propagate the scikit-learn configuration of the current thread to the joblib workers.
  warnings.warn(
D:\ml_separator_gh\.venv\Lib\site-packages\sklearn\utils\parallel.py:144: UserWarning: `sklearn.utils.parallel.delayed` should be used with `sklearn.utils.parallel.Parallel` to make it possible to propagate the scikit-learn configuration of the current thread to the joblib workers.
  warnings.warn(
D:\ml_separator_gh\.venv\Lib\site-packages\sklearn\utils\parallel.py:144: UserWarning: `sklearn.utils.parallel.delayed` should be used with `sklearn.utils.parallel.Parallel` to make it possible to propagate the scikit-learn configuration of the current thread to the joblib workers.
  warnings.warn(
D:\ml_separator_gh\.venv\Lib\site-packages\sklearn\utils\parallel.py:144: UserWarning: `sklearn.utils.parallel.delayed` should be used with `sklearn.utils.parallel.Parallel` to make it possible to propagate the scikit-learn configuration of the current thread to the joblib workers.
  warnings.warn(
D:\ml_separator_gh\.venv\Lib\site-packages\sklearn\utils\parallel.py:144: UserWarning: `sklearn.utils.parallel.delayed` should be used with `sklearn.utils.parallel.Parallel` to make it possible to propagate the scikit-learn configuration of the current thread to the joblib workers.
  warnings.warn(
D:\ml_separator_gh\.venv\Lib\site-packages\sklearn\utils\parallel.py:144: UserWarning: `sklearn.utils.parallel.delayed` should be used with `sklearn.utils.parallel.Parallel` to make it possible to propagate the scikit-learn configuration of the current thread to the joblib workers.
  warnings.warn(
D:\ml_separator_gh\.venv\Lib\site-packages\sklearn\utils\parallel.py:144: UserWarning: `sklearn.utils.parallel.delayed` should be used with `sklearn.utils.parallel.Parallel` to make it possible to propagate the scikit-learn configuration of the current thread to the joblib workers.
  warnings.warn(
D:\ml_separator_gh\.venv\Lib\site-packages\sklearn\utils\parallel.py:144: UserWarning: `sklearn.utils.parallel.delayed` should be used with `sklearn.utils.parallel.Parallel` to make it possible to propagate the scikit-learn configuration of the current thread to the joblib workers.
  warnings.warn(
D:\ml_separator_gh\.venv\Lib\site-packages\sklearn\utils\parallel.py:144: UserWarning: `sklearn.utils.parallel.delayed` should be used with `sklearn.utils.parallel.Parallel` to make it possible to propagate the scikit-learn configuration of the current thread to the joblib workers.
  warnings.warn(
D:\ml_separator_gh\.venv\Lib\site-packages\sklearn\utils\parallel.py:144: UserWarning: `sklearn.utils.parallel.delayed` should be used with `sklearn.utils.parallel.Parallel` to make it possible to propagate the scikit-learn configuration of the current thread to the joblib workers.
  warnings.warn(
D:\ml_separator_gh\.venv\Lib\site-packages\sklearn\utils\parallel.py:144: UserWarning: `sklearn.utils.parallel.delayed` should be used with `sklearn.utils.parallel.Parallel` to make it possible to propagate the scikit-learn configuration of the current thread to the joblib workers.
  warnings.warn(
D:\ml_separator_gh\.venv\Lib\site-packages\sklearn\utils\parallel.py:144: UserWarning: `sklearn.utils.parallel.delayed` should be used with `sklearn.utils.parallel.Parallel` to make it possible to propagate the scikit-learn configuration of the current thread to the joblib workers.
  warnings.warn(
D:\ml_separator_gh\.venv\Lib\site-packages\sklearn\utils\parallel.py:144: UserWarning: `sklearn.utils.parallel.delayed` should be used with `sklearn.utils.parallel.Parallel` to make it possible to propagate the scikit-learn configuration of the current thread to the joblib workers.
  warnings.warn(
D:\ml_separator_gh\.venv\Lib\site-packages\sklearn\utils\parallel.py:144: UserWarning: `sklearn.utils.parallel.delayed` should be used with `sklearn.utils.parallel.Parallel` to make it possible to propagate the scikit-learn configuration of the current thread to the joblib workers.
  warnings.warn(
D:\ml_separator_gh\.venv\Lib\site-packages\sklearn\utils\parallel.py:144: UserWarning: `sklearn.utils.parallel.delayed` should be used with `sklearn.utils.parallel.Parallel` to make it possible to propagate the scikit-learn configuration of the current thread to the joblib workers.
  warnings.warn(
D:\ml_separator_gh\.venv\Lib\site-packages\sklearn\utils\parallel.py:144: UserWarning: `sklearn.utils.parallel.delayed` should be used with `sklearn.utils.parallel.Parallel` to make it possible to propagate the scikit-learn configuration of the current thread to the joblib workers.
  warnings.warn(
D:\ml_separator_gh\.venv\Lib\site-packages\sklearn\utils\parallel.py:144: UserWarning: `sklearn.utils.parallel.delayed` should be used with `sklearn.utils.parallel.Parallel` to make it possible to propagate the scikit-learn configuration of the current thread to the joblib workers.
  warnings.warn(
D:\ml_separator_gh\.venv\Lib\site-packages\sklearn\utils\parallel.py:144: UserWarning: `sklearn.utils.parallel.delayed` should be used with `sklearn.utils.parallel.Parallel` to make it possible to propagate the scikit-learn configuration of the current thread to the joblib workers.
  warnings.warn(
D:\ml_separator_gh\.venv\Lib\site-packages\sklearn\utils\parallel.py:144: UserWarning: `sklearn.utils.parallel.delayed` should be used with `sklearn.utils.parallel.Parallel` to make it possible to propagate the scikit-learn configuration of the current thread to the joblib workers.
  warnings.warn(
D:\ml_separator_gh\.venv\Lib\site-packages\sklearn\utils\parallel.py:144: UserWarning: `sklearn.utils.parallel.delayed` should be used with `sklearn.utils.parallel.Parallel` to make it possible to propagate the scikit-learn configuration of the current thread to the joblib workers.
  warnings.warn(
D:\ml_separator_gh\.venv\Lib\site-packages\sklearn\utils\parallel.py:144: UserWarning: `sklearn.utils.parallel.delayed` should be used with `sklearn.utils.parallel.Parallel` to make it possible to propagate the scikit-learn configuration of the current thread to the joblib workers.
  warnings.warn(
D:\ml_separator_gh\.venv\Lib\site-packages\sklearn\utils\parallel.py:144: UserWarning: `sklearn.utils.parallel.delayed` should be used with `sklearn.utils.parallel.Parallel` to make it possible to propagate the scikit-learn configuration of the current thread to the joblib workers.
  warnings.warn(
D:\ml_separator_gh\.venv\Lib\site-packages\sklearn\utils\parallel.py:144: UserWarning: `sklearn.utils.parallel.delayed` should be used with `sklearn.utils.parallel.Parallel` to make it possible to propagate the scikit-learn configuration of the current thread to the joblib workers.
  warnings.warn(
D:\ml_separator_gh\.venv\Lib\site-packages\sklearn\utils\parallel.py:144: UserWarning: `sklearn.utils.parallel.delayed` should be used with `sklearn.utils.parallel.Parallel` to make it possible to propagate the scikit-learn configuration of the current thread to the joblib workers.
  warnings.warn(
D:\ml_separator_gh\.venv\Lib\site-packages\sklearn\utils\parallel.py:144: UserWarning: `sklearn.utils.parallel.delayed` should be used with `sklearn.utils.parallel.Parallel` to make it possible to propagate the scikit-learn configuration of the current thread to the joblib workers.
  warnings.warn(
D:\ml_separator_gh\.venv\Lib\site-packages\sklearn\utils\parallel.py:144: UserWarning: `sklearn.utils.parallel.delayed` should be used with `sklearn.utils.parallel.Parallel` to make it possible to propagate the scikit-learn configuration of the current thread to the joblib workers.
  warnings.warn(
D:\ml_separator_gh\.venv\Lib\site-packages\sklearn\utils\parallel.py:144: UserWarning: `sklearn.utils.parallel.delayed` should be used with `sklearn.utils.parallel.Parallel` to make it possible to propagate the scikit-learn configuration of the current thread to the joblib workers.
  warnings.warn(
D:\ml_separator_gh\.venv\Lib\site-packages\sklearn\utils\parallel.py:144: UserWarning: `sklearn.utils.parallel.delayed` should be used with `sklearn.utils.parallel.Parallel` to make it possible to propagate the scikit-learn configuration of the current thread to the joblib workers.
  warnings.warn(
D:\ml_separator_gh\.venv\Lib\site-packages\sklearn\utils\parallel.py:144: UserWarning: `sklearn.utils.parallel.delayed` should be used with `sklearn.utils.parallel.Parallel` to make it possible to propagate the scikit-learn configuration of the current thread to the joblib workers.
  warnings.warn(
D:\ml_separator_gh\.venv\Lib\site-packages\sklearn\utils\parallel.py:144: UserWarning: `sklearn.utils.parallel.delayed` should be used with `sklearn.utils.parallel.Parallel` to make it possible to propagate the scikit-learn configuration of the current thread to the joblib workers.
  warnings.warn(
D:\ml_separator_gh\.venv\Lib\site-packages\sklearn\utils\parallel.py:144: UserWarning: `sklearn.utils.parallel.delayed` should be used with `sklearn.utils.parallel.Parallel` to make it possible to propagate the scikit-learn configuration of the current thread to the joblib workers.
  warnings.warn(
D:\ml_separator_gh\.venv\Lib\site-packages\sklearn\utils\parallel.py:144: UserWarning: `sklearn.utils.parallel.delayed` should be used with `sklearn.utils.parallel.Parallel` to make it possible to propagate the scikit-learn configuration of the current thread to the joblib workers.
  warnings.warn(
D:\ml_separator_gh\.venv\Lib\site-packages\sklearn\utils\parallel.py:144: UserWarning: `sklearn.utils.parallel.delayed` should be used with `sklearn.utils.parallel.Parallel` to make it possible to propagate the scikit-learn configuration of the current thread to the joblib workers.
  warnings.warn(
D:\ml_separator_gh\.venv\Lib\site-packages\sklearn\utils\parallel.py:144: UserWarning: `sklearn.utils.parallel.delayed` should be used with `sklearn.utils.parallel.Parallel` to make it possible to propagate the scikit-learn configuration of the current thread to the joblib workers.
  warnings.warn(
D:\ml_separator_gh\.venv\Lib\site-packages\sklearn\utils\parallel.py:144: UserWarning: `sklearn.utils.parallel.delayed` should be used with `sklearn.utils.parallel.Parallel` to make it possible to propagate the scikit-learn configuration of the current thread to the joblib workers.
  warnings.warn(
D:\ml_separator_gh\.venv\Lib\site-packages\sklearn\utils\parallel.py:144: UserWarning: `sklearn.utils.parallel.delayed` should be used with `sklearn.utils.parallel.Parallel` to make it possible to propagate the scikit-learn configuration of the current thread to the joblib workers.
  warnings.warn(
D:\ml_separator_gh\.venv\Lib\site-packages\sklearn\utils\parallel.py:144: UserWarning: `sklearn.utils.parallel.delayed` should be used with `sklearn.utils.parallel.Parallel` to make it possible to propagate the scikit-learn configuration of the current thread to the joblib workers.
  warnings.warn(
D:\ml_separator_gh\.venv\Lib\site-packages\sklearn\utils\parallel.py:144: UserWarning: `sklearn.utils.parallel.delayed` should be used with `sklearn.utils.parallel.Parallel` to make it possible to propagate the scikit-learn configuration of the current thread to the joblib workers.
  warnings.warn(
D:\ml_separator_gh\.venv\Lib\site-packages\sklearn\utils\parallel.py:144: UserWarning: `sklearn.utils.parallel.delayed` should be used with `sklearn.utils.parallel.Parallel` to make it possible to propagate the scikit-learn configuration of the current thread to the joblib workers.
  warnings.warn(
D:\ml_separator_gh\.venv\Lib\site-packages\sklearn\utils\parallel.py:144: UserWarning: `sklearn.utils.parallel.delayed` should be used with `sklearn.utils.parallel.Parallel` to make it possible to propagate the scikit-learn configuration of the current thread to the joblib workers.
  warnings.warn(
D:\ml_separator_gh\.venv\Lib\site-packages\sklearn\utils\parallel.py:144: UserWarning: `sklearn.utils.parallel.delayed` should be used with `sklearn.utils.parallel.Parallel` to make it possible to propagate the scikit-learn configuration of the current thread to the joblib workers.
  warnings.warn(
D:\ml_separator_gh\.venv\Lib\site-packages\sklearn\utils\parallel.py:144: UserWarning: `sklearn.utils.parallel.delayed` should be used with `sklearn.utils.parallel.Parallel` to make it possible to propagate the scikit-learn configuration of the current thread to the joblib workers.
  warnings.warn(
D:\ml_separator_gh\.venv\Lib\site-packages\sklearn\utils\parallel.py:144: UserWarning: `sklearn.utils.parallel.delayed` should be used with `sklearn.utils.parallel.Parallel` to make it possible to propagate the scikit-learn configuration of the current thread to the joblib workers.
  warnings.warn(
D:\ml_separator_gh\.venv\Lib\site-packages\sklearn\utils\parallel.py:144: UserWarning: `sklearn.utils.parallel.delayed` should be used with `sklearn.utils.parallel.Parallel` to make it possible to propagate the scikit-learn configuration of the current thread to the joblib workers.
  warnings.warn(
D:\ml_separator_gh\.venv\Lib\site-packages\sklearn\utils\parallel.py:144: UserWarning: `sklearn.utils.parallel.delayed` should be used with `sklearn.utils.parallel.Parallel` to make it possible to propagate the scikit-learn configuration of the current thread to the joblib workers.
  warnings.warn(
D:\ml_separator_gh\.venv\Lib\site-packages\sklearn\utils\parallel.py:144: UserWarning: `sklearn.utils.parallel.delayed` should be used with `sklearn.utils.parallel.Parallel` to make it possible to propagate the scikit-learn configuration of the current thread to the joblib workers.
  warnings.warn(
D:\ml_separator_gh\.venv\Lib\site-packages\sklearn\utils\parallel.py:144: UserWarning: `sklearn.utils.parallel.delayed` should be used with `sklearn.utils.parallel.Parallel` to make it possible to propagate the scikit-learn configuration of the current thread to the joblib workers.
  warnings.warn(
D:\ml_separator_gh\.venv\Lib\site-packages\sklearn\utils\parallel.py:144: UserWarning: `sklearn.utils.parallel.delayed` should be used with `sklearn.utils.parallel.Parallel` to make it possible to propagate the scikit-learn configuration of the current thread to the joblib workers.
  warnings.warn(
D:\ml_separator_gh\.venv\Lib\site-packages\sklearn\utils\parallel.py:144: UserWarning: `sklearn.utils.parallel.delayed` should be used with `sklearn.utils.parallel.Parallel` to make it possible to propagate the scikit-learn configuration of the current thread to the joblib workers.
  warnings.warn(
D:\ml_separator_gh\.venv\Lib\site-packages\sklearn\utils\parallel.py:144: UserWarning: `sklearn.utils.parallel.delayed` should be used with `sklearn.utils.parallel.Parallel` to make it possible to propagate the scikit-learn configuration of the current thread to the joblib workers.
  warnings.warn(
D:\ml_separator_gh\.venv\Lib\site-packages\sklearn\utils\parallel.py:144: UserWarning: `sklearn.utils.parallel.delayed` should be used with `sklearn.utils.parallel.Parallel` to make it possible to propagate the scikit-learn configuration of the current thread to the joblib workers.
  warnings.warn(
D:\ml_separator_gh\.venv\Lib\site-packages\sklearn\utils\parallel.py:144: UserWarning: `sklearn.utils.parallel.delayed` should be used with `sklearn.utils.parallel.Parallel` to make it possible to propagate the scikit-learn configuration of the current thread to the joblib workers.
  warnings.warn(
D:\ml_separator_gh\.venv\Lib\site-packages\sklearn\utils\parallel.py:144: UserWarning: `sklearn.utils.parallel.delayed` should be used with `sklearn.utils.parallel.Parallel` to make it possible to propagate the scikit-learn configuration of the current thread to the joblib workers.
  warnings.warn(
D:\ml_separator_gh\.venv\Lib\site-packages\sklearn\utils\parallel.py:144: UserWarning: `sklearn.utils.parallel.delayed` should be used with `sklearn.utils.parallel.Parallel` to make it possible to propagate the scikit-learn configuration of the current thread to the joblib workers.
  warnings.warn(
D:\ml_separator_gh\.venv\Lib\site-packages\sklearn\utils\parallel.py:144: UserWarning: `sklearn.utils.parallel.delayed` should be used with `sklearn.utils.parallel.Parallel` to make it possible to propagate the scikit-learn configuration of the current thread to the joblib workers.
  warnings.warn(
D:\ml_separator_gh\.venv\Lib\site-packages\sklearn\utils\parallel.py:144: UserWarning: `sklearn.utils.parallel.delayed` should be used with `sklearn.utils.parallel.Parallel` to make it possible to propagate the scikit-learn configuration of the current thread to the joblib workers.
  warnings.warn(
D:\ml_separator_gh\.venv\Lib\site-packages\sklearn\utils\parallel.py:144: UserWarning: `sklearn.utils.parallel.delayed` should be used with `sklearn.utils.parallel.Parallel` to make it possible to propagate the scikit-learn configuration of the current thread to the joblib workers.
  warnings.warn(
D:\ml_separator_gh\.venv\Lib\site-packages\sklearn\utils\parallel.py:144: UserWarning: `sklearn.utils.parallel.delayed` should be used with `sklearn.utils.parallel.Parallel` to make it possible to propagate the scikit-learn configuration of the current thread to the joblib workers.
  warnings.warn(
D:\ml_separator_gh\.venv\Lib\site-packages\sklearn\utils\parallel.py:144: UserWarning: `sklearn.utils.parallel.delayed` should be used with `sklearn.utils.parallel.Parallel` to make it possible to propagate the scikit-learn configuration of the current thread to the joblib workers.
  warnings.warn(
D:\ml_separator_gh\.venv\Lib\site-packages\sklearn\utils\parallel.py:144: UserWarning: `sklearn.utils.parallel.delayed` should be used with `sklearn.utils.parallel.Parallel` to make it possible to propagate the scikit-learn configuration of the current thread to the joblib workers.
  warnings.warn(
D:\ml_separator_gh\.venv\Lib\site-packages\sklearn\utils\parallel.py:144: UserWarning: `sklearn.utils.parallel.delayed` should be used with `sklearn.utils.parallel.Parallel` to make it possible to propagate the scikit-learn configuration of the current thread to the joblib workers.
  warnings.warn(
D:\ml_separator_gh\.venv\Lib\site-packages\sklearn\utils\parallel.py:144: UserWarning: `sklearn.utils.parallel.delayed` should be used with `sklearn.utils.parallel.Parallel` to make it possible to propagate the scikit-learn configuration of the current thread to the joblib workers.
  warnings.warn(
D:\ml_separator_gh\.venv\Lib\site-packages\sklearn\utils\parallel.py:144: UserWarning: `sklearn.utils.parallel.delayed` should be used with `sklearn.utils.parallel.Parallel` to make it possible to propagate the scikit-learn configuration of the current thread to the joblib workers.
  warnings.warn(
D:\ml_separator_gh\.venv\Lib\site-packages\sklearn\utils\parallel.py:144: UserWarning: `sklearn.utils.parallel.delayed` should be used with `sklearn.utils.parallel.Parallel` to make it possible to propagate the scikit-learn configuration of the current thread to the joblib workers.
  warnings.warn(
D:\ml_separator_gh\.venv\Lib\site-packages\sklearn\utils\parallel.py:144: UserWarning: `sklearn.utils.parallel.delayed` should be used with `sklearn.utils.parallel.Parallel` to make it possible to propagate the scikit-learn configuration of the current thread to the joblib workers.
  warnings.warn(
D:\ml_separator_gh\.venv\Lib\site-packages\sklearn\utils\parallel.py:144: UserWarning: `sklearn.utils.parallel.delayed` should be used with `sklearn.utils.parallel.Parallel` to make it possible to propagate the scikit-learn configuration of the current thread to the joblib workers.
  warnings.warn(
D:\ml_separator_gh\.venv\Lib\site-packages\sklearn\utils\parallel.py:144: UserWarning: `sklearn.utils.parallel.delayed` should be used with `sklearn.utils.parallel.Parallel` to make it possible to propagate the scikit-learn configuration of the current thread to the joblib workers.
  warnings.warn(
D:\ml_separator_gh\.venv\Lib\site-packages\sklearn\utils\parallel.py:144: UserWarning: `sklearn.utils.parallel.delayed` should be used with `sklearn.utils.parallel.Parallel` to make it possible to propagate the scikit-learn configuration of the current thread to the joblib workers.
  warnings.warn(
D:\ml_separator_gh\.venv\Lib\site-packages\sklearn\utils\parallel.py:144: UserWarning: `sklearn.utils.parallel.delayed` should be used with `sklearn.utils.parallel.Parallel` to make it possible to propagate the scikit-learn configuration of the current thread to the joblib workers.
  warnings.warn(
D:\ml_separator_gh\.venv\Lib\site-packages\sklearn\utils\parallel.py:144: UserWarning: `sklearn.utils.parallel.delayed` should be used with `sklearn.utils.parallel.Parallel` to make it possible to propagate the scikit-learn configuration of the current thread to the joblib workers.
  warnings.warn(
  coord__arm__estimated_denticity_per_pocket           drop +0.0012
  coord__arm__has_repeated_arms                        drop +0.0000
  coord__arm__is_multitopic                            drop +0.0000
  coord__arm__local_donor_cluster_count                drop +0.0000
  coord__arm__max_connected_donor_motif_size           drop -0.0073
  coord__arm__mean_donor_cluster_size                  drop +0.0000
  coord__arm__mean_donor_distance_to_core              drop -0.0008
  coord__arm__min_donor_cluster_size                   drop -0.0012
  coord__arm__n_amide_branches                         drop -0.0098
  coord__arm__n_clusters_with_2plus_donors             drop +0.0000
  coord__arm__n_clusters_with_3plus_donors             drop +0.0222
  coord__arm__n_distinct_arm_types                     drop +0.0000
  coord__arm__n_donor_bearing_branches                 drop +0.0000
  coord__arm__repeated_arm_count                       drop +0.0000
  coord__arm__topicity                                 drop +0.0000
  coord__dist__donor_eccentricity_max                  drop +0.0049
  coord__dist__donor_eccentricity_mean                 drop +0.0000
  coord__dist__donor_eccentricity_min                  drop +0.0009
  coord__dist__donor_network_diameter                  drop +0.0012
D:\ml_separator_gh\.venv\Lib\site-packages\sklearn\utils\parallel.py:144: UserWarning: `sklearn.utils.parallel.delayed` should be used with `sklearn.utils.parallel.Parallel` to make it possible to propagate the scikit-learn configuration of the current thread to the joblib workers.
  warnings.warn(
D:\ml_separator_gh\.venv\Lib\site-packages\sklearn\utils\parallel.py:144: UserWarning: `sklearn.utils.parallel.delayed` should be used with `sklearn.utils.parallel.Parallel` to make it possible to propagate the scikit-learn configuration of the current thread to the joblib workers.
  warnings.warn(
D:\ml_separator_gh\.venv\Lib\site-packages\sklearn\utils\parallel.py:144: UserWarning: `sklearn.utils.parallel.delayed` should be used with `sklearn.utils.parallel.Parallel` to make it possible to propagate the scikit-learn configuration of the current thread to the joblib workers.
  warnings.warn(
D:\ml_separator_gh\.venv\Lib\site-packages\sklearn\utils\parallel.py:144: UserWarning: `sklearn.utils.parallel.delayed` should be used with `sklearn.utils.parallel.Parallel` to make it possible to propagate the scikit-learn configuration of the current thread to the joblib workers.
  warnings.warn(
D:\ml_separator_gh\.venv\Lib\site-packages\sklearn\utils\parallel.py:144: UserWarning: `sklearn.utils.parallel.delayed` should be used with `sklearn.utils.parallel.Parallel` to make it possible to propagate the scikit-learn configuration of the current thread to the joblib workers.
  warnings.warn(
D:\ml_separator_gh\.venv\Lib\site-packages\sklearn\utils\parallel.py:144: UserWarning: `sklearn.utils.parallel.delayed` should be used with `sklearn.utils.parallel.Parallel` to make it possible to propagate the scikit-learn configuration of the current thread to the joblib workers.
  warnings.warn(
D:\ml_separator_gh\.venv\Lib\site-packages\sklearn\utils\parallel.py:144: UserWarning: `sklearn.utils.parallel.delayed` should be used with `sklearn.utils.parallel.Parallel` to make it possible to propagate the scikit-learn configuration of the current thread to the joblib workers.
  warnings.warn(
D:\ml_separator_gh\.venv\Lib\site-packages\sklearn\utils\parallel.py:144: UserWarning: `sklearn.utils.parallel.delayed` should be used with `sklearn.utils.parallel.Parallel` to make it possible to propagate the scikit-learn configuration of the current thread to the joblib workers.
  warnings.warn(
D:\ml_separator_gh\.venv\Lib\site-packages\sklearn\utils\parallel.py:144: UserWarning: `sklearn.utils.parallel.delayed` should be used with `sklearn.utils.parallel.Parallel` to make it possible to propagate the scikit-learn configuration of the current thread to the joblib workers.
  warnings.warn(
D:\ml_separator_gh\.venv\Lib\site-packages\sklearn\utils\parallel.py:144: UserWarning: `sklearn.utils.parallel.delayed` should be used with `sklearn.utils.parallel.Parallel` to make it possible to propagate the scikit-learn configuration of the current thread to the joblib workers.
  warnings.warn(
D:\ml_separator_gh\.venv\Lib\site-packages\sklearn\utils\parallel.py:144: UserWarning: `sklearn.utils.parallel.delayed` should be used with `sklearn.utils.parallel.Parallel` to make it possible to propagate the scikit-learn configuration of the current thread to the joblib workers.
  warnings.warn(
D:\ml_separator_gh\.venv\Lib\site-packages\sklearn\utils\parallel.py:144: UserWarning: `sklearn.utils.parallel.delayed` should be used with `sklearn.utils.parallel.Parallel` to make it possible to propagate the scikit-learn configuration of the current thread to the joblib workers.
  warnings.warn(
D:\ml_separator_gh\.venv\Lib\site-packages\sklearn\utils\parallel.py:144: UserWarning: `sklearn.utils.parallel.delayed` should be used with `sklearn.utils.parallel.Parallel` to make it possible to propagate the scikit-learn configuration of the current thread to the joblib workers.
  warnings.warn(
D:\ml_separator_gh\.venv\Lib\site-packages\sklearn\utils\parallel.py:144: UserWarning: `sklearn.utils.parallel.delayed` should be used with `sklearn.utils.parallel.Parallel` to make it possible to propagate the scikit-learn configuration of the current thread to the joblib workers.
  warnings.warn(
D:\ml_separator_gh\.venv\Lib\site-packages\sklearn\utils\parallel.py:144: UserWarning: `sklearn.utils.parallel.delayed` should be used with `sklearn.utils.parallel.Parallel` to make it possible to propagate the scikit-learn configuration of the current thread to the joblib workers.
  warnings.warn(
D:\ml_separator_gh\.venv\Lib\site-packages\sklearn\utils\parallel.py:144: UserWarning: `sklearn.utils.parallel.delayed` should be used with `sklearn.utils.parallel.Parallel` to make it possible to propagate the scikit-learn configuration of the current thread to the joblib workers.
  warnings.warn(
D:\ml_separator_gh\.venv\Lib\site-packages\sklearn\utils\parallel.py:144: UserWarning: `sklearn.utils.parallel.delayed` should be used with `sklearn.utils.parallel.Parallel` to make it possible to propagate the scikit-learn configuration of the current thread to the joblib workers.
  warnings.warn(
D:\ml_separator_gh\.venv\Lib\site-packages\sklearn\utils\parallel.py:144: UserWarning: `sklearn.utils.parallel.delayed` should be used with `sklearn.utils.parallel.Parallel` to make it possible to propagate the scikit-learn configuration of the current thread to the joblib workers.
  warnings.warn(
D:\ml_separator_gh\.venv\Lib\site-packages\sklearn\utils\parallel.py:144: UserWarning: `sklearn.utils.parallel.delayed` should be used with `sklearn.utils.parallel.Parallel` to make it possible to propagate the scikit-learn configuration of the current thread to the joblib workers.
  warnings.warn(
D:\ml_separator_gh\.venv\Lib\site-packages\sklearn\utils\parallel.py:144: UserWarning: `sklearn.utils.parallel.delayed` should be used with `sklearn.utils.parallel.Parallel` to make it possible to propagate the scikit-learn configuration of the current thread to the joblib workers.
  warnings.warn(
D:\ml_separator_gh\.venv\Lib\site-packages\sklearn\utils\parallel.py:144: UserWarning: `sklearn.utils.parallel.delayed` should be used with `sklearn.utils.parallel.Parallel` to make it possible to propagate the scikit-learn configuration of the current thread to the joblib workers.
  warnings.warn(
D:\ml_separator_gh\.venv\Lib\site-packages\sklearn\utils\parallel.py:144: UserWarning: `sklearn.utils.parallel.delayed` should be used with `sklearn.utils.parallel.Parallel` to make it possible to propagate the scikit-learn configuration of the current thread to the joblib workers.
  warnings.warn(
D:\ml_separator_gh\.venv\Lib\site-packages\sklearn\utils\parallel.py:144: UserWarning: `sklearn.utils.parallel.delayed` should be used with `sklearn.utils.parallel.Parallel` to make it possible to propagate the scikit-learn configuration of the current thread to the joblib workers.
  warnings.warn(
D:\ml_separator_gh\.venv\Lib\site-packages\sklearn\utils\parallel.py:144: UserWarning: `sklearn.utils.parallel.delayed` should be used with `sklearn.utils.parallel.Parallel` to make it possible to propagate the scikit-learn configuration of the current thread to the joblib workers.
  warnings.warn(
D:\ml_separator_gh\.venv\Lib\site-packages\sklearn\utils\parallel.py:144: UserWarning: `sklearn.utils.parallel.delayed` should be used with `sklearn.utils.parallel.Parallel` to make it possible to propagate the scikit-learn configuration of the current thread to the joblib workers.
  warnings.warn(
D:\ml_separator_gh\.venv\Lib\site-packages\sklearn\utils\parallel.py:144: UserWarning: `sklearn.utils.parallel.delayed` should be used with `sklearn.utils.parallel.Parallel` to make it possible to propagate the scikit-learn configuration of the current thread to the joblib workers.
  warnings.warn(
D:\ml_separator_gh\.venv\Lib\site-packages\sklearn\utils\parallel.py:144: UserWarning: `sklearn.utils.parallel.delayed` should be used with `sklearn.utils.parallel.Parallel` to make it possible to propagate the scikit-learn configuration of the current thread to the joblib workers.
  warnings.warn(
D:\ml_separator_gh\.venv\Lib\site-packages\sklearn\utils\parallel.py:144: UserWarning: `sklearn.utils.parallel.delayed` should be used with `sklearn.utils.parallel.Parallel` to make it possible to propagate the scikit-learn configuration of the current thread to the joblib workers.
  warnings.warn(
D:\ml_separator_gh\.venv\Lib\site-packages\sklearn\utils\parallel.py:144: UserWarning: `sklearn.utils.parallel.delayed` should be used with `sklearn.utils.parallel.Parallel` to make it possible to propagate the scikit-learn configuration of the current thread to the joblib workers.
  warnings.warn(
D:\ml_separator_gh\.venv\Lib\site-packages\sklearn\utils\parallel.py:144: UserWarning: `sklearn.utils.parallel.delayed` should be used with `sklearn.utils.parallel.Parallel` to make it possible to propagate the scikit-learn configuration of the current thread to the joblib workers.
  warnings.warn(
D:\ml_separator_gh\.venv\Lib\site-packages\sklearn\utils\parallel.py:144: UserWarning: `sklearn.utils.parallel.delayed` should be used with `sklearn.utils.parallel.Parallel` to make it possible to propagate the scikit-learn configuration of the current thread to the joblib workers.
  warnings.warn(
D:\ml_separator_gh\.venv\Lib\site-packages\sklearn\utils\parallel.py:144: UserWarning: `sklearn.utils.parallel.delayed` should be used with `sklearn.utils.parallel.Parallel` to make it possible to propagate the scikit-learn configuration of the current thread to the joblib workers.
  warnings.warn(
D:\ml_separator_gh\.venv\Lib\site-packages\sklearn\utils\parallel.py:144: UserWarning: `sklearn.utils.parallel.delayed` should be used with `sklearn.utils.parallel.Parallel` to make it possible to propagate the scikit-learn configuration of the current thread to the joblib workers.
  warnings.warn(
D:\ml_separator_gh\.venv\Lib\site-packages\sklearn\utils\parallel.py:144: UserWarning: `sklearn.utils.parallel.delayed` should be used with `sklearn.utils.parallel.Parallel` to make it possible to propagate the scikit-learn configuration of the current thread to the joblib workers.
  warnings.warn(
D:\ml_separator_gh\.venv\Lib\site-packages\sklearn\utils\parallel.py:144: UserWarning: `sklearn.utils.parallel.delayed` should be used with `sklearn.utils.parallel.Parallel` to make it possible to propagate the scikit-learn configuration of the current thread to the joblib workers.
  warnings.warn(
D:\ml_separator_gh\.venv\Lib\site-packages\sklearn\utils\parallel.py:144: UserWarning: `sklearn.utils.parallel.delayed` should be used with `sklearn.utils.parallel.Parallel` to make it possible to propagate the scikit-learn configuration of the current thread to the joblib workers.
  warnings.warn(
D:\ml_separator_gh\.venv\Lib\site-packages\sklearn\utils\parallel.py:144: UserWarning: `sklearn.utils.parallel.delayed` should be used with `sklearn.utils.parallel.Parallel` to make it possible to propagate the scikit-learn configuration of the current thread to the joblib workers.
  warnings.warn(
D:\ml_separator_gh\.venv\Lib\site-packages\sklearn\utils\parallel.py:144: UserWarning: `sklearn.utils.parallel.delayed` should be used with `sklearn.utils.parallel.Parallel` to make it possible to propagate the scikit-learn configuration of the current thread to the joblib workers.
  warnings.warn(
D:\ml_separator_gh\.venv\Lib\site-packages\sklearn\utils\parallel.py:144: UserWarning: `sklearn.utils.parallel.delayed` should be used with `sklearn.utils.parallel.Parallel` to make it possible to propagate the scikit-learn configuration of the current thread to the joblib workers.
  warnings.warn(
D:\ml_separator_gh\.venv\Lib\site-packages\sklearn\utils\parallel.py:144: UserWarning: `sklearn.utils.parallel.delayed` should be used with `sklearn.utils.parallel.Parallel` to make it possible to propagate the scikit-learn configuration of the current thread to the joblib workers.
  warnings.warn(
D:\ml_separator_gh\.venv\Lib\site-packages\sklearn\utils\parallel.py:144: UserWarning: `sklearn.utils.parallel.delayed` should be used with `sklearn.utils.parallel.Parallel` to make it possible to propagate the scikit-learn configuration of the current thread to the joblib workers.
  warnings.warn(
D:\ml_separator_gh\.venv\Lib\site-packages\sklearn\utils\parallel.py:144: UserWarning: `sklearn.utils.parallel.delayed` should be used with `sklearn.utils.parallel.Parallel` to make it possible to propagate the scikit-learn configuration of the current thread to the joblib workers.
  warnings.warn(
D:\ml_separator_gh\.venv\Lib\site-packages\sklearn\utils\parallel.py:144: UserWarning: `sklearn.utils.parallel.delayed` should be used with `sklearn.utils.parallel.Parallel` to make it possible to propagate the scikit-learn configuration of the current thread to the joblib workers.
  warnings.warn(
D:\ml_separator_gh\.venv\Lib\site-packages\sklearn\utils\parallel.py:144: UserWarning: `sklearn.utils.parallel.delayed` should be used with `sklearn.utils.parallel.Parallel` to make it possible to propagate the scikit-learn configuration of the current thread to the joblib workers.
  warnings.warn(
D:\ml_separator_gh\.venv\Lib\site-packages\sklearn\utils\parallel.py:144: UserWarning: `sklearn.utils.parallel.delayed` should be used with `sklearn.utils.parallel.Parallel` to make it possible to propagate the scikit-learn configuration of the current thread to the joblib workers.
  warnings.warn(
D:\ml_separator_gh\.venv\Lib\site-packages\sklearn\utils\parallel.py:144: UserWarning: `sklearn.utils.parallel.delayed` should be used with `sklearn.utils.parallel.Parallel` to make it possible to propagate the scikit-learn configuration of the current thread to the joblib workers.
  warnings.warn(
D:\ml_separator_gh\.venv\Lib\site-packages\sklearn\utils\parallel.py:144: UserWarning: `sklearn.utils.parallel.delayed` should be used with `sklearn.utils.parallel.Parallel` to make it possible to propagate the scikit-learn configuration of the current thread to the joblib workers.
  warnings.warn(
D:\ml_separator_gh\.venv\Lib\site-packages\sklearn\utils\parallel.py:144: UserWarning: `sklearn.utils.parallel.delayed` should be used with `sklearn.utils.parallel.Parallel` to make it possible to propagate the scikit-learn configuration of the current thread to the joblib workers.
  warnings.warn(
D:\ml_separator_gh\.venv\Lib\site-packages\sklearn\utils\parallel.py:144: UserWarning: `sklearn.utils.parallel.delayed` should be used with `sklearn.utils.parallel.Parallel` to make it possible to propagate the scikit-learn configuration of the current thread to the joblib workers.
  warnings.warn(
D:\ml_separator_gh\.venv\Lib\site-packages\sklearn\utils\parallel.py:144: UserWarning: `sklearn.utils.parallel.delayed` should be used with `sklearn.utils.parallel.Parallel` to make it possible to propagate the scikit-learn configuration of the current thread to the joblib workers.
  warnings.warn(
D:\ml_separator_gh\.venv\Lib\site-packages\sklearn\utils\parallel.py:144: UserWarning: `sklearn.utils.parallel.delayed` should be used with `sklearn.utils.parallel.Parallel` to make it possible to propagate the scikit-learn configuration of the current thread to the joblib workers.
  warnings.warn(
D:\ml_separator_gh\.venv\Lib\site-packages\sklearn\utils\parallel.py:144: UserWarning: `sklearn.utils.parallel.delayed` should be used with `sklearn.utils.parallel.Parallel` to make it possible to propagate the scikit-learn configuration of the current thread to the joblib workers.
  warnings.warn(
D:\ml_separator_gh\.venv\Lib\site-packages\sklearn\utils\parallel.py:144: UserWarning: `sklearn.utils.parallel.delayed` should be used with `sklearn.utils.parallel.Parallel` to make it possible to propagate the scikit-learn configuration of the current thread to the joblib workers.
  warnings.warn(
D:\ml_separator_gh\.venv\Lib\site-packages\sklearn\utils\parallel.py:144: UserWarning: `sklearn.utils.parallel.delayed` should be used with `sklearn.utils.parallel.Parallel` to make it possible to propagate the scikit-learn configuration of the current thread to the joblib workers.
  warnings.warn(
D:\ml_separator_gh\.venv\Lib\site-packages\sklearn\utils\parallel.py:144: UserWarning: `sklearn.utils.parallel.delayed` should be used with `sklearn.utils.parallel.Parallel` to make it possible to propagate the scikit-learn configuration of the current thread to the joblib workers.
  warnings.warn(
D:\ml_separator_gh\.venv\Lib\site-packages\sklearn\utils\parallel.py:144: UserWarning: `sklearn.utils.parallel.delayed` should be used with `sklearn.utils.parallel.Parallel` to make it possible to propagate the scikit-learn configuration of the current thread to the joblib workers.
  warnings.warn(
D:\ml_separator_gh\.venv\Lib\site-packages\sklearn\utils\parallel.py:144: UserWarning: `sklearn.utils.parallel.delayed` should be used with `sklearn.utils.parallel.Parallel` to make it possible to propagate the scikit-learn configuration of the current thread to the joblib workers.
  warnings.warn(
D:\ml_separator_gh\.venv\Lib\site-packages\sklearn\utils\parallel.py:144: UserWarning: `sklearn.utils.parallel.delayed` should be used with `sklearn.utils.parallel.Parallel` to make it possible to propagate the scikit-learn configuration of the current thread to the joblib workers.
  warnings.warn(
D:\ml_separator_gh\.venv\Lib\site-packages\sklearn\utils\parallel.py:144: UserWarning: `sklearn.utils.parallel.delayed` should be used with `sklearn.utils.parallel.Parallel` to make it possible to propagate the scikit-learn configuration of the current thread to the joblib workers.
  warnings.warn(
D:\ml_separator_gh\.venv\Lib\site-packages\sklearn\utils\parallel.py:144: UserWarning: `sklearn.utils.parallel.delayed` should be used with `sklearn.utils.parallel.Parallel` to make it possible to propagate the scikit-learn configuration of the current thread to the joblib workers.
  warnings.warn(
D:\ml_separator_gh\.venv\Lib\site-packages\sklearn\utils\parallel.py:144: UserWarning: `sklearn.utils.parallel.delayed` should be used with `sklearn.utils.parallel.Parallel` to make it possible to propagate the scikit-learn configuration of the current thread to the joblib workers.
  warnings.warn(
D:\ml_separator_gh\.venv\Lib\site-packages\sklearn\utils\parallel.py:144: UserWarning: `sklearn.utils.parallel.delayed` should be used with `sklearn.utils.parallel.Parallel` to make it possible to propagate the scikit-learn configuration of the current thread to the joblib workers.
  warnings.warn(
D:\ml_separator_gh\.venv\Lib\site-packages\sklearn\utils\parallel.py:144: UserWarning: `sklearn.utils.parallel.delayed` should be used with `sklearn.utils.parallel.Parallel` to make it possible to propagate the scikit-learn configuration of the current thread to the joblib workers.
  warnings.warn(
D:\ml_separator_gh\.venv\Lib\site-packages\sklearn\utils\parallel.py:144: UserWarning: `sklearn.utils.parallel.delayed` should be used with `sklearn.utils.parallel.Parallel` to make it possible to propagate the scikit-learn configuration of the current thread to the joblib workers.
  warnings.warn(
D:\ml_separator_gh\.venv\Lib\site-packages\sklearn\utils\parallel.py:144: UserWarning: `sklearn.utils.parallel.delayed` should be used with `sklearn.utils.parallel.Parallel` to make it possible to propagate the scikit-learn configuration of the current thread to the joblib workers.
  warnings.warn(
D:\ml_separator_gh\.venv\Lib\site-packages\sklearn\utils\parallel.py:144: UserWarning: `sklearn.utils.parallel.delayed` should be used with `sklearn.utils.parallel.Parallel` to make it possible to propagate the scikit-learn configuration of the current thread to the joblib workers.
  warnings.warn(
D:\ml_separator_gh\.venv\Lib\site-packages\sklearn\utils\parallel.py:144: UserWarning: `sklearn.utils.parallel.delayed` should be used with `sklearn.utils.parallel.Parallel` to make it possible to propagate the scikit-learn configuration of the current thread to the joblib workers.
  warnings.warn(
D:\ml_separator_gh\.venv\Lib\site-packages\sklearn\utils\parallel.py:144: UserWarning: `sklearn.utils.parallel.delayed` should be used with `sklearn.utils.parallel.Parallel` to make it possible to propagate the scikit-learn configuration of the current thread to the joblib workers.
  warnings.warn(
D:\ml_separator_gh\.venv\Lib\site-packages\sklearn\utils\parallel.py:144: UserWarning: `sklearn.utils.parallel.delayed` should be used with `sklearn.utils.parallel.Parallel` to make it possible to propagate the scikit-learn configuration of the current thread to the joblib workers.
  warnings.warn(
D:\ml_separator_gh\.venv\Lib\site-packages\sklearn\utils\parallel.py:144: UserWarning: `sklearn.utils.parallel.delayed` should be used with `sklearn.utils.parallel.Parallel` to make it possible to propagate the scikit-learn configuration of the current thread to the joblib workers.
  warnings.warn(
D:\ml_separator_gh\.venv\Lib\site-packages\sklearn\utils\parallel.py:144: UserWarning: `sklearn.utils.parallel.delayed` should be used with `sklearn.utils.parallel.Parallel` to make it possible to propagate the scikit-learn configuration of the current thread to the joblib workers.
  warnings.warn(
D:\ml_separator_gh\.venv\Lib\site-packages\sklearn\utils\parallel.py:144: UserWarning: `sklearn.utils.parallel.delayed` should be used with `sklearn.utils.parallel.Parallel` to make it possible to propagate the scikit-learn configuration of the current thread to the joblib workers.
  warnings.warn(
D:\ml_separator_gh\.venv\Lib\site-packages\sklearn\utils\parallel.py:144: UserWarning: `sklearn.utils.parallel.delayed` should be used with `sklearn.utils.parallel.Parallel` to make it possible to propagate the scikit-learn configuration of the current thread to the joblib workers.
  warnings.warn(
D:\ml_separator_gh\.venv\Lib\site-packages\sklearn\utils\parallel.py:144: UserWarning: `sklearn.utils.parallel.delayed` should be used with `sklearn.utils.parallel.Parallel` to make it possible to propagate the scikit-learn configuration of the current thread to the joblib workers.
  warnings.warn(
D:\ml_separator_gh\.venv\Lib\site-packages\sklearn\utils\parallel.py:144: UserWarning: `sklearn.utils.parallel.delayed` should be used with `sklearn.utils.parallel.Parallel` to make it possible to propagate the scikit-learn configuration of the current thread to the joblib workers.
  warnings.warn(
D:\ml_separator_gh\.venv\Lib\site-packages\sklearn\utils\parallel.py:144: UserWarning: `sklearn.utils.parallel.delayed` should be used with `sklearn.utils.parallel.Parallel` to make it possible to propagate the scikit-learn configuration of the current thread to the joblib workers.
  warnings.warn(
D:\ml_separator_gh\.venv\Lib\site-packages\sklearn\utils\parallel.py:144: UserWarning: `sklearn.utils.parallel.delayed` should be used with `sklearn.utils.parallel.Parallel` to make it possible to propagate the scikit-learn configuration of the current thread to the joblib workers.
  warnings.warn(
D:\ml_separator_gh\.venv\Lib\site-packages\sklearn\utils\parallel.py:144: UserWarning: `sklearn.utils.parallel.delayed` should be used with `sklearn.utils.parallel.Parallel` to make it possible to propagate the scikit-learn configuration of the current thread to the joblib workers.
  warnings.warn(
D:\ml_separator_gh\.venv\Lib\site-packages\sklearn\utils\parallel.py:144: UserWarning: `sklearn.utils.parallel.delayed` should be used with `sklearn.utils.parallel.Parallel` to make it possible to propagate the scikit-learn configuration of the current thread to the joblib workers.
  warnings.warn(
D:\ml_separator_gh\.venv\Lib\site-packages\sklearn\utils\parallel.py:144: UserWarning: `sklearn.utils.parallel.delayed` should be used with `sklearn.utils.parallel.Parallel` to make it possible to propagate the scikit-learn configuration of the current thread to the joblib workers.
  warnings.warn(
D:\ml_separator_gh\.venv\Lib\site-packages\sklearn\utils\parallel.py:144: UserWarning: `sklearn.utils.parallel.delayed` should be used with `sklearn.utils.parallel.Parallel` to make it possible to propagate the scikit-learn configuration of the current thread to the joblib workers.
  warnings.warn(
D:\ml_separator_gh\.venv\Lib\site-packages\sklearn\utils\parallel.py:144: UserWarning: `sklearn.utils.parallel.delayed` should be used with `sklearn.utils.parallel.Parallel` to make it possible to propagate the scikit-learn configuration of the current thread to the joblib workers.
  warnings.warn(
D:\ml_separator_gh\.venv\Lib\site-packages\sklearn\utils\parallel.py:144: UserWarning: `sklearn.utils.parallel.delayed` should be used with `sklearn.utils.parallel.Parallel` to make it possible to propagate the scikit-learn configuration of the current thread to the joblib workers.
  warnings.warn(
D:\ml_separator_gh\.venv\Lib\site-packages\sklearn\utils\parallel.py:144: UserWarning: `sklearn.utils.parallel.delayed` should be used with `sklearn.utils.parallel.Parallel` to make it possible to propagate the scikit-learn configuration of the current thread to the joblib workers.
  warnings.warn(
D:\ml_separator_gh\.venv\Lib\site-packages\sklearn\utils\parallel.py:144: UserWarning: `sklearn.utils.parallel.delayed` should be used with `sklearn.utils.parallel.Parallel` to make it possible to propagate the scikit-learn configuration of the current thread to the joblib workers.
  warnings.warn(
D:\ml_separator_gh\.venv\Lib\site-packages\sklearn\utils\parallel.py:144: UserWarning: `sklearn.utils.parallel.delayed` should be used with `sklearn.utils.parallel.Parallel` to make it possible to propagate the scikit-learn configuration of the current thread to the joblib workers.
  warnings.warn(
D:\ml_separator_gh\.venv\Lib\site-packages\sklearn\utils\parallel.py:144: UserWarning: `sklearn.utils.parallel.delayed` should be used with `sklearn.utils.parallel.Parallel` to make it possible to propagate the scikit-learn configuration of the current thread to the joblib workers.
  warnings.warn(
D:\ml_separator_gh\.venv\Lib\site-packages\sklearn\utils\parallel.py:144: UserWarning: `sklearn.utils.parallel.delayed` should be used with `sklearn.utils.parallel.Parallel` to make it possible to propagate the scikit-learn configuration of the current thread to the joblib workers.
  warnings.warn(
D:\ml_separator_gh\.venv\Lib\site-packages\sklearn\utils\parallel.py:144: UserWarning: `sklearn.utils.parallel.delayed` should be used with `sklearn.utils.parallel.Parallel` to make it possible to propagate the scikit-learn configuration of the current thread to the joblib workers.
  warnings.warn(
D:\ml_separator_gh\.venv\Lib\site-packages\sklearn\utils\parallel.py:144: UserWarning: `sklearn.utils.parallel.delayed` should be used with `sklearn.utils.parallel.Parallel` to make it possible to propagate the scikit-learn configuration of the current thread to the joblib workers.
  warnings.warn(
D:\ml_separator_gh\.venv\Lib\site-packages\sklearn\utils\parallel.py:144: UserWarning: `sklearn.utils.parallel.delayed` should be used with `sklearn.utils.parallel.Parallel` to make it possible to propagate the scikit-learn configuration of the current thread to the joblib workers.
  warnings.warn(
D:\ml_separator_gh\.venv\Lib\site-packages\sklearn\utils\parallel.py:144: UserWarning: `sklearn.utils.parallel.delayed` should be used with `sklearn.utils.parallel.Parallel` to make it possible to propagate the scikit-learn configuration of the current thread to the joblib workers.
  warnings.warn(
D:\ml_separator_gh\.venv\Lib\site-packages\sklearn\utils\parallel.py:144: UserWarning: `sklearn.utils.parallel.delayed` should be used with `sklearn.utils.parallel.Parallel` to make it possible to propagate the scikit-learn configuration of the current thread to the joblib workers.
  warnings.warn(
D:\ml_separator_gh\.venv\Lib\site-packages\sklearn\utils\parallel.py:144: UserWarning: `sklearn.utils.parallel.delayed` should be used with `sklearn.utils.parallel.Parallel` to make it possible to propagate the scikit-learn configuration of the current thread to the joblib workers.
  warnings.warn(
D:\ml_separator_gh\.venv\Lib\site-packages\sklearn\utils\parallel.py:144: UserWarning: `sklearn.utils.parallel.delayed` should be used with `sklearn.utils.parallel.Parallel` to make it possible to propagate the scikit-learn configuration of the current thread to the joblib workers.
  warnings.warn(
D:\ml_separator_gh\.venv\Lib\site-packages\sklearn\utils\parallel.py:144: UserWarning: `sklearn.utils.parallel.delayed` should be used with `sklearn.utils.parallel.Parallel` to make it possible to propagate the scikit-learn configuration of the current thread to the joblib workers.
  warnings.warn(
D:\ml_separator_gh\.venv\Lib\site-packages\sklearn\utils\parallel.py:144: UserWarning: `sklearn.utils.parallel.delayed` should be used with `sklearn.utils.parallel.Parallel` to make it possible to propagate the scikit-learn configuration of the current thread to the joblib workers.
  warnings.warn(
D:\ml_separator_gh\.venv\Lib\site-packages\sklearn\utils\parallel.py:144: UserWarning: `sklearn.utils.parallel.delayed` should be used with `sklearn.utils.parallel.Parallel` to make it possible to propagate the scikit-learn configuration of the current thread to the joblib workers.
  warnings.warn(
D:\ml_separator_gh\.venv\Lib\site-packages\sklearn\utils\parallel.py:144: UserWarning: `sklearn.utils.parallel.delayed` should be used with `sklearn.utils.parallel.Parallel` to make it possible to propagate the scikit-learn configuration of the current thread to the joblib workers.
  warnings.warn(
D:\ml_separator_gh\.venv\Lib\site-packages\sklearn\utils\parallel.py:144: UserWarning: `sklearn.utils.parallel.delayed` should be used with `sklearn.utils.parallel.Parallel` to make it possible to propagate the scikit-learn configuration of the current thread to the joblib workers.
  warnings.warn(
D:\ml_separator_gh\.venv\Lib\site-packages\sklearn\utils\parallel.py:144: UserWarning: `sklearn.utils.parallel.delayed` should be used with `sklearn.utils.parallel.Parallel` to make it possible to propagate the scikit-learn configuration of the current thread to the joblib workers.
  warnings.warn(
D:\ml_separator_gh\.venv\Lib\site-packages\sklearn\utils\parallel.py:144: UserWarning: `sklearn.utils.parallel.delayed` should be used with `sklearn.utils.parallel.Parallel` to make it possible to propagate the scikit-learn configuration of the current thread to the joblib workers.
  warnings.warn(
D:\ml_separator_gh\.venv\Lib\site-packages\sklearn\utils\parallel.py:144: UserWarning: `sklearn.utils.parallel.delayed` should be used with `sklearn.utils.parallel.Parallel` to make it possible to propagate the scikit-learn configuration of the current thread to the joblib workers.
  warnings.warn(
D:\ml_separator_gh\.venv\Lib\site-packages\sklearn\utils\parallel.py:144: UserWarning: `sklearn.utils.parallel.delayed` should be used with `sklearn.utils.parallel.Parallel` to make it possible to propagate the scikit-learn configuration of the current thread to the joblib workers.
  warnings.warn(
D:\ml_separator_gh\.venv\Lib\site-packages\sklearn\utils\parallel.py:144: UserWarning: `sklearn.utils.parallel.delayed` should be used with `sklearn.utils.parallel.Parallel` to make it possible to propagate the scikit-learn configuration of the current thread to the joblib workers.
  warnings.warn(
D:\ml_separator_gh\.venv\Lib\site-packages\sklearn\utils\parallel.py:144: UserWarning: `sklearn.utils.parallel.delayed` should be used with `sklearn.utils.parallel.Parallel` to make it possible to propagate the scikit-learn configuration of the current thread to the joblib workers.
  warnings.warn(
D:\ml_separator_gh\.venv\Lib\site-packages\sklearn\utils\parallel.py:144: UserWarning: `sklearn.utils.parallel.delayed` should be used with `sklearn.utils.parallel.Parallel` to make it possible to propagate the scikit-learn configuration of the current thread to the joblib workers.
  warnings.warn(
D:\ml_separator_gh\.venv\Lib\site-packages\sklearn\utils\parallel.py:144: UserWarning: `sklearn.utils.parallel.delayed` should be used with `sklearn.utils.parallel.Parallel` to make it possible to propagate the scikit-learn configuration of the current thread to the joblib workers.
  warnings.warn(
D:\ml_separator_gh\.venv\Lib\site-packages\sklearn\utils\parallel.py:144: UserWarning: `sklearn.utils.parallel.delayed` should be used with `sklearn.utils.parallel.Parallel` to make it possible to propagate the scikit-learn configuration of the current thread to the joblib workers.
  warnings.warn(
D:\ml_separator_gh\.venv\Lib\site-packages\sklearn\utils\parallel.py:144: UserWarning: `sklearn.utils.parallel.delayed` should be used with `sklearn.utils.parallel.Parallel` to make it possible to propagate the scikit-learn configuration of the current thread to the joblib workers.
  warnings.warn(
D:\ml_separator_gh\.venv\Lib\site-packages\sklearn\utils\parallel.py:144: UserWarning: `sklearn.utils.parallel.delayed` should be used with `sklearn.utils.parallel.Parallel` to make it possible to propagate the scikit-learn configuration of the current thread to the joblib workers.
  warnings.warn(
D:\ml_separator_gh\.venv\Lib\site-packages\sklearn\utils\parallel.py:144: UserWarning: `sklearn.utils.parallel.delayed` should be used with `sklearn.utils.parallel.Parallel` to make it possible to propagate the scikit-learn configuration of the current thread to the joblib workers.
  warnings.warn(
D:\ml_separator_gh\.venv\Lib\site-packages\sklearn\utils\parallel.py:144: UserWarning: `sklearn.utils.parallel.delayed` should be used with `sklearn.utils.parallel.Parallel` to make it possible to propagate the scikit-learn configuration of the current thread to the joblib workers.
  warnings.warn(
D:\ml_separator_gh\.venv\Lib\site-packages\sklearn\utils\parallel.py:144: UserWarning: `sklearn.utils.parallel.delayed` should be used with `sklearn.utils.parallel.Parallel` to make it possible to propagate the scikit-learn configuration of the current thread to the joblib workers.
  warnings.warn(
D:\ml_separator_gh\.venv\Lib\site-packages\sklearn\utils\parallel.py:144: UserWarning: `sklearn.utils.parallel.delayed` should be used with `sklearn.utils.parallel.Parallel` to make it possible to propagate the scikit-learn configuration of the current thread to the joblib workers.
  warnings.warn(
D:\ml_separator_gh\.venv\Lib\site-packages\sklearn\utils\parallel.py:144: UserWarning: `sklearn.utils.parallel.delayed` should be used with `sklearn.utils.parallel.Parallel` to make it possible to propagate the scikit-learn configuration of the current thread to the joblib workers.
  warnings.warn(
D:\ml_separator_gh\.venv\Lib\site-packages\sklearn\utils\parallel.py:144: UserWarning: `sklearn.utils.parallel.delayed` should be used with `sklearn.utils.parallel.Parallel` to make it possible to propagate the scikit-learn configuration of the current thread to the joblib workers.
  warnings.warn(
D:\ml_separator_gh\.venv\Lib\site-packages\sklearn\utils\parallel.py:144: UserWarning: `sklearn.utils.parallel.delayed` should be used with `sklearn.utils.parallel.Parallel` to make it possible to propagate the scikit-learn configuration of the current thread to the joblib workers.
  warnings.warn(
D:\ml_separator_gh\.venv\Lib\site-packages\sklearn\utils\parallel.py:144: UserWarning: `sklearn.utils.parallel.delayed` should be used with `sklearn.utils.parallel.Parallel` to make it possible to propagate the scikit-learn configuration of the current thread to the joblib workers.
  warnings.warn(
D:\ml_separator_gh\.venv\Lib\site-packages\sklearn\utils\parallel.py:144: UserWarning: `sklearn.utils.parallel.delayed` should be used with `sklearn.utils.parallel.Parallel` to make it possible to propagate the scikit-learn configuration of the current thread to the joblib workers.
  warnings.warn(
D:\ml_separator_gh\.venv\Lib\site-packages\sklearn\utils\parallel.py:144: UserWarning: `sklearn.utils.parallel.delayed` should be used with `sklearn.utils.parallel.Parallel` to make it possible to propagate the scikit-learn configuration of the current thread to the joblib workers.
  warnings.warn(
D:\ml_separator_gh\.venv\Lib\site-packages\sklearn\utils\parallel.py:144: UserWarning: `sklearn.utils.parallel.delayed` should be used with `sklearn.utils.parallel.Parallel` to make it possible to propagate the scikit-learn configuration of the current thread to the joblib workers.
  warnings.warn(
D:\ml_separator_gh\.venv\Lib\site-packages\sklearn\utils\parallel.py:144: UserWarning: `sklearn.utils.parallel.delayed` should be used with `sklearn.utils.parallel.Parallel` to make it possible to propagate the scikit-learn configuration of the current thread to the joblib workers.
  warnings.warn(
D:\ml_separator_gh\.venv\Lib\site-packages\sklearn\utils\parallel.py:144: UserWarning: `sklearn.utils.parallel.delayed` should be used with `sklearn.utils.parallel.Parallel` to make it possible to propagate the scikit-learn configuration of the current thread to the joblib workers.
  warnings.warn(
D:\ml_separator_gh\.venv\Lib\site-packages\sklearn\utils\parallel.py:144: UserWarning: `sklearn.utils.parallel.delayed` should be used with `sklearn.utils.parallel.Parallel` to make it possible to propagate the scikit-learn configuration of the current thread to the joblib workers.
  warnings.warn(
D:\ml_separator_gh\.venv\Lib\site-packages\sklearn\utils\parallel.py:144: UserWarning: `sklearn.utils.parallel.delayed` should be used with `sklearn.utils.parallel.Parallel` to make it possible to propagate the scikit-learn configuration of the current thread to the joblib workers.
  warnings.warn(
D:\ml_separator_gh\.venv\Lib\site-packages\sklearn\utils\parallel.py:144: UserWarning: `sklearn.utils.parallel.delayed` should be used with `sklearn.utils.parallel.Parallel` to make it possible to propagate the scikit-learn configuration of the current thread to the joblib workers.
  warnings.warn(
D:\ml_separator_gh\.venv\Lib\site-packages\sklearn\utils\parallel.py:144: UserWarning: `sklearn.utils.parallel.delayed` should be used with `sklearn.utils.parallel.Parallel` to make it possible to propagate the scikit-learn configuration of the current thread to the joblib workers.
  warnings.warn(
D:\ml_separator_gh\.venv\Lib\site-packages\sklearn\utils\parallel.py:144: UserWarning: `sklearn.utils.parallel.delayed` should be used with `sklearn.utils.parallel.Parallel` to make it possible to propagate the scikit-learn configuration of the current thread to the joblib workers.
  warnings.warn(
D:\ml_separator_gh\.venv\Lib\site-packages\sklearn\utils\parallel.py:144: UserWarning: `sklearn.utils.parallel.delayed` should be used with `sklearn.utils.parallel.Parallel` to make it possible to propagate the scikit-learn configuration of the current thread to the joblib workers.
  warnings.warn(
D:\ml_separator_gh\.venv\Lib\site-packages\sklearn\utils\parallel.py:144: UserWarning: `sklearn.utils.parallel.delayed` should be used with `sklearn.utils.parallel.Parallel` to make it possible to propagate the scikit-learn configuration of the current thread to the joblib workers.
  warnings.warn(
D:\ml_separator_gh\.venv\Lib\site-packages\sklearn\utils\parallel.py:144: UserWarning: `sklearn.utils.parallel.delayed` should be used with `sklearn.utils.parallel.Parallel` to make it possible to propagate the scikit-learn configuration of the current thread to the joblib workers.
  warnings.warn(
D:\ml_separator_gh\.venv\Lib\site-packages\sklearn\utils\parallel.py:144: UserWarning: `sklearn.utils.parallel.delayed` should be used with `sklearn.utils.parallel.Parallel` to make it possible to propagate the scikit-learn configuration of the current thread to the joblib workers.
  warnings.warn(
D:\ml_separator_gh\.venv\Lib\site-packages\sklearn\utils\parallel.py:144: UserWarning: `sklearn.utils.parallel.delayed` should be used with `sklearn.utils.parallel.Parallel` to make it possible to propagate the scikit-learn configuration of the current thread to the joblib workers.
  warnings.warn(
D:\ml_separator_gh\.venv\Lib\site-packages\sklearn\utils\parallel.py:144: UserWarning: `sklearn.utils.parallel.delayed` should be used with `sklearn.utils.parallel.Parallel` to make it possible to propagate the scikit-learn configuration of the current thread to the joblib workers.
  warnings.warn(
D:\ml_separator_gh\.venv\Lib\site-packages\sklearn\utils\parallel.py:144: UserWarning: `sklearn.utils.parallel.delayed` should be used with `sklearn.utils.parallel.Parallel` to make it possible to propagate the scikit-learn configuration of the current thread to the joblib workers.
  warnings.warn(
D:\ml_separator_gh\.venv\Lib\site-packages\sklearn\utils\parallel.py:144: UserWarning: `sklearn.utils.parallel.delayed` should be used with `sklearn.utils.parallel.Parallel` to make it possible to propagate the scikit-learn configuration of the current thread to the joblib workers.
  warnings.warn(
D:\ml_separator_gh\.venv\Lib\site-packages\sklearn\utils\parallel.py:144: UserWarning: `sklearn.utils.parallel.delayed` should be used with `sklearn.utils.parallel.Parallel` to make it possible to propagate the scikit-learn configuration of the current thread to the joblib workers.
  warnings.warn(
D:\ml_separator_gh\.venv\Lib\site-packages\sklearn\utils\parallel.py:144: UserWarning: `sklearn.utils.parallel.delayed` should be used with `sklearn.utils.parallel.Parallel` to make it possible to propagate the scikit-learn configuration of the current thread to the joblib workers.
  warnings.warn(
D:\ml_separator_gh\.venv\Lib\site-packages\sklearn\utils\parallel.py:144: UserWarning: `sklearn.utils.parallel.delayed` should be used with `sklearn.utils.parallel.Parallel` to make it possible to propagate the scikit-learn configuration of the current thread to the joblib workers.
  warnings.warn(
D:\ml_separator_gh\.venv\Lib\site-packages\sklearn\utils\parallel.py:144: UserWarning: `sklearn.utils.parallel.delayed` should be used with `sklearn.utils.parallel.Parallel` to make it possible to propagate the scikit-learn configuration of the current thread to the joblib workers.
  warnings.warn(
D:\ml_separator_gh\.venv\Lib\site-packages\sklearn\utils\parallel.py:144: UserWarning: `sklearn.utils.parallel.delayed` should be used with `sklearn.utils.parallel.Parallel` to make it possible to propagate the scikit-learn configuration of the current thread to the joblib workers.
  warnings.warn(
D:\ml_separator_gh\.venv\Lib\site-packages\sklearn\utils\parallel.py:144: UserWarning: `sklearn.utils.parallel.delayed` should be used with `sklearn.utils.parallel.Parallel` to make it possible to propagate the scikit-learn configuration of the current thread to the joblib workers.
  warnings.warn(
D:\ml_separator_gh\.venv\Lib\site-packages\sklearn\utils\parallel.py:144: UserWarning: `sklearn.utils.parallel.delayed` should be used with `sklearn.utils.parallel.Parallel` to make it possible to propagate the scikit-learn configuration of the current thread to the joblib workers.
  warnings.warn(
D:\ml_separator_gh\.venv\Lib\site-packages\sklearn\utils\parallel.py:144: UserWarning: `sklearn.utils.parallel.delayed` should be used with `sklearn.utils.parallel.Parallel` to make it possible to propagate the scikit-learn configuration of the current thread to the joblib workers.
  warnings.warn(
D:\ml_separator_gh\.venv\Lib\site-packages\sklearn\utils\parallel.py:144: UserWarning: `sklearn.utils.parallel.delayed` should be used with `sklearn.utils.parallel.Parallel` to make it possible to propagate the scikit-learn configuration of the current thread to the joblib workers.
  warnings.warn(
D:\ml_separator_gh\.venv\Lib\site-packages\sklearn\utils\parallel.py:144: UserWarning: `sklearn.utils.parallel.delayed` should be used with `sklearn.utils.parallel.Parallel` to make it possible to propagate the scikit-learn configuration of the current thread to the joblib workers.
  warnings.warn(
D:\ml_separator_gh\.venv\Lib\site-packages\sklearn\utils\parallel.py:144: UserWarning: `sklearn.utils.parallel.delayed` should be used with `sklearn.utils.parallel.Parallel` to make it possible to propagate the scikit-learn configuration of the current thread to the joblib workers.
  warnings.warn(
D:\ml_separator_gh\.venv\Lib\site-packages\sklearn\utils\parallel.py:144: UserWarning: `sklearn.utils.parallel.delayed` should be used with `sklearn.utils.parallel.Parallel` to make it possible to propagate the scikit-learn configuration of the current thread to the joblib workers.
  warnings.warn(
D:\ml_separator_gh\.venv\Lib\site-packages\sklearn\utils\parallel.py:144: UserWarning: `sklearn.utils.parallel.delayed` should be used with `sklearn.utils.parallel.Parallel` to make it possible to propagate the scikit-learn configuration of the current thread to the joblib workers.
  warnings.warn(
D:\ml_separator_gh\.venv\Lib\site-packages\sklearn\utils\parallel.py:144: UserWarning: `sklearn.utils.parallel.delayed` should be used with `sklearn.utils.parallel.Parallel` to make it possible to propagate the scikit-learn configuration of the current thread to the joblib workers.
  warnings.warn(
D:\ml_separator_gh\.venv\Lib\site-packages\sklearn\utils\parallel.py:144: UserWarning: `sklearn.utils.parallel.delayed` should be used with `sklearn.utils.parallel.Parallel` to make it possible to propagate the scikit-learn configuration of the current thread to the joblib workers.
  warnings.warn(
D:\ml_separator_gh\.venv\Lib\site-packages\sklearn\utils\parallel.py:144: UserWarning: `sklearn.utils.parallel.delayed` should be used with `sklearn.utils.parallel.Parallel` to make it possible to propagate the scikit-learn configuration of the current thread to the joblib workers.
  warnings.warn(
D:\ml_separator_gh\.venv\Lib\site-packages\sklearn\utils\parallel.py:144: UserWarning: `sklearn.utils.parallel.delayed` should be used with `sklearn.utils.parallel.Parallel` to make it possible to propagate the scikit-learn configuration of the current thread to the joblib workers.
  warnings.warn(
D:\ml_separator_gh\.venv\Lib\site-packages\sklearn\utils\parallel.py:144: UserWarning: `sklearn.utils.parallel.delayed` should be used with `sklearn.utils.parallel.Parallel` to make it possible to propagate the scikit-learn configuration of the current thread to the joblib workers.
  warnings.warn(
D:\ml_separator_gh\.venv\Lib\site-packages\sklearn\utils\parallel.py:144: UserWarning: `sklearn.utils.parallel.delayed` should be used with `sklearn.utils.parallel.Parallel` to make it possible to propagate the scikit-learn configuration of the current thread to the joblib workers.
  warnings.warn(
D:\ml_separator_gh\.venv\Lib\site-packages\sklearn\utils\parallel.py:144: UserWarning: `sklearn.utils.parallel.delayed` should be used with `sklearn.utils.parallel.Parallel` to make it possible to propagate the scikit-learn configuration of the current thread to the joblib workers.
  warnings.warn(
D:\ml_separator_gh\.venv\Lib\site-packages\sklearn\utils\parallel.py:144: UserWarning: `sklearn.utils.parallel.delayed` should be used with `sklearn.utils.parallel.Parallel` to make it possible to propagate the scikit-learn configuration of the current thread to the joblib workers.
  warnings.warn(
D:\ml_separator_gh\.venv\Lib\site-packages\sklearn\utils\parallel.py:144: UserWarning: `sklearn.utils.parallel.delayed` should be used with `sklearn.utils.parallel.Parallel` to make it possible to propagate the scikit-learn configuration of the current thread to the joblib workers.
  warnings.warn(
D:\ml_separator_gh\.venv\Lib\site-packages\sklearn\utils\parallel.py:144: UserWarning: `sklearn.utils.parallel.delayed` should be used with `sklearn.utils.parallel.Parallel` to make it possible to propagate the scikit-learn configuration of the current thread to the joblib workers.
  warnings.warn(
D:\ml_separator_gh\.venv\Lib\site-packages\sklearn\utils\parallel.py:144: UserWarning: `sklearn.utils.parallel.delayed` should be used with `sklearn.utils.parallel.Parallel` to make it possible to propagate the scikit-learn configuration of the current thread to the joblib workers.
  warnings.warn(
D:\ml_separator_gh\.venv\Lib\site-packages\sklearn\utils\parallel.py:144: UserWarning: `sklearn.utils.parallel.delayed` should be used with `sklearn.utils.parallel.Parallel` to make it possible to propagate the scikit-learn configuration of the current thread to the joblib workers.
  warnings.warn(
D:\ml_separator_gh\.venv\Lib\site-packages\sklearn\utils\parallel.py:144: UserWarning: `sklearn.utils.parallel.delayed` should be used with `sklearn.utils.parallel.Parallel` to make it possible to propagate the scikit-learn configuration of the current thread to the joblib workers.
  warnings.warn(
D:\ml_separator_gh\.venv\Lib\site-packages\sklearn\utils\parallel.py:144: UserWarning: `sklearn.utils.parallel.delayed` should be used with `sklearn.utils.parallel.Parallel` to make it possible to propagate the scikit-learn configuration of the current thread to the joblib workers.
  warnings.warn(
D:\ml_separator_gh\.venv\Lib\site-packages\sklearn\utils\parallel.py:144: UserWarning: `sklearn.utils.parallel.delayed` should be used with `sklearn.utils.parallel.Parallel` to make it possible to propagate the scikit-learn configuration of the current thread to the joblib workers.
  warnings.warn(
D:\ml_separator_gh\.venv\Lib\site-packages\sklearn\utils\parallel.py:144: UserWarning: `sklearn.utils.parallel.delayed` should be used with `sklearn.utils.parallel.Parallel` to make it possible to propagate the scikit-learn configuration of the current thread to the joblib workers.
  warnings.warn(
D:\ml_separator_gh\.venv\Lib\site-packages\sklearn\utils\parallel.py:144: UserWarning: `sklearn.utils.parallel.delayed` should be used with `sklearn.utils.parallel.Parallel` to make it possible to propagate the scikit-learn configuration of the current thread to the joblib workers.
  warnings.warn(
D:\ml_separator_gh\.venv\Lib\site-packages\sklearn\utils\parallel.py:144: UserWarning: `sklearn.utils.parallel.delayed` should be used with `sklearn.utils.parallel.Parallel` to make it possible to propagate the scikit-learn configuration of the current thread to the joblib workers.
  warnings.warn(
D:\ml_separator_gh\.venv\Lib\site-packages\sklearn\utils\parallel.py:144: UserWarning: `sklearn.utils.parallel.delayed` should be used with `sklearn.utils.parallel.Parallel` to make it possible to propagate the scikit-learn configuration of the current thread to the joblib workers.
  warnings.warn(
D:\ml_separator_gh\.venv\Lib\site-packages\sklearn\utils\parallel.py:144: UserWarning: `sklearn.utils.parallel.delayed` should be used with `sklearn.utils.parallel.Parallel` to make it possible to propagate the scikit-learn configuration of the current thread to the joblib workers.
  warnings.warn(
D:\ml_separator_gh\.venv\Lib\site-packages\sklearn\utils\parallel.py:144: UserWarning: `sklearn.utils.parallel.delayed` should be used with `sklearn.utils.parallel.Parallel` to make it possible to propagate the scikit-learn configuration of the current thread to the joblib workers.
  warnings.warn(
D:\ml_separator_gh\.venv\Lib\site-packages\sklearn\utils\parallel.py:144: UserWarning: `sklearn.utils.parallel.delayed` should be used with `sklearn.utils.parallel.Parallel` to make it possible to propagate the scikit-learn configuration of the current thread to the joblib workers.
  warnings.warn(
D:\ml_separator_gh\.venv\Lib\site-packages\sklearn\utils\parallel.py:144: UserWarning: `sklearn.utils.parallel.delayed` should be used with `sklearn.utils.parallel.Parallel` to make it possible to propagate the scikit-learn configuration of the current thread to the joblib workers.
  warnings.warn(
D:\ml_separator_gh\.venv\Lib\site-packages\sklearn\utils\parallel.py:144: UserWarning: `sklearn.utils.parallel.delayed` should be used with `sklearn.utils.parallel.Parallel` to make it possible to propagate the scikit-learn configuration of the current thread to the joblib workers.
  warnings.warn(
D:\ml_separator_gh\.venv\Lib\site-packages\sklearn\utils\parallel.py:144: UserWarning: `sklearn.utils.parallel.delayed` should be used with `sklearn.utils.parallel.Parallel` to make it possible to propagate the scikit-learn configuration of the current thread to the joblib workers.
  warnings.warn(
D:\ml_separator_gh\.venv\Lib\site-packages\sklearn\utils\parallel.py:144: UserWarning: `sklearn.utils.parallel.delayed` should be used with `sklearn.utils.parallel.Parallel` to make it possible to propagate the scikit-learn configuration of the current thread to the joblib workers.
  warnings.warn(
D:\ml_separator_gh\.venv\Lib\site-packages\sklearn\utils\parallel.py:144: UserWarning: `sklearn.utils.parallel.delayed` should be used with `sklearn.utils.parallel.Parallel` to make it possible to propagate the scikit-learn configuration of the current thread to the joblib workers.
  warnings.warn(
D:\ml_separator_gh\.venv\Lib\site-packages\sklearn\utils\parallel.py:144: UserWarning: `sklearn.utils.parallel.delayed` should be used with `sklearn.utils.parallel.Parallel` to make it possible to propagate the scikit-learn configuration of the current thread to the joblib workers.
  warnings.warn(
D:\ml_separator_gh\.venv\Lib\site-packages\sklearn\utils\parallel.py:144: UserWarning: `sklearn.utils.parallel.delayed` should be used with `sklearn.utils.parallel.Parallel` to make it possible to propagate the scikit-learn configuration of the current thread to the joblib workers.
  warnings.warn(
D:\ml_separator_gh\.venv\Lib\site-packages\sklearn\utils\parallel.py:144: UserWarning: `sklearn.utils.parallel.delayed` should be used with `sklearn.utils.parallel.Parallel` to make it possible to propagate the scikit-learn configuration of the current thread to the joblib workers.
  warnings.warn(
D:\ml_separator_gh\.venv\Lib\site-packages\sklearn\utils\parallel.py:144: UserWarning: `sklearn.utils.parallel.delayed` should be used with `sklearn.utils.parallel.Parallel` to make it possible to propagate the scikit-learn configuration of the current thread to the joblib workers.
  warnings.warn(
D:\ml_separator_gh\.venv\Lib\site-packages\sklearn\utils\parallel.py:144: UserWarning: `sklearn.utils.parallel.delayed` should be used with `sklearn.utils.parallel.Parallel` to make it possible to propagate the scikit-learn configuration of the current thread to the joblib workers.
  warnings.warn(
D:\ml_separator_gh\.venv\Lib\site-packages\sklearn\utils\parallel.py:144: UserWarning: `sklearn.utils.parallel.delayed` should be used with `sklearn.utils.parallel.Parallel` to make it possible to propagate the scikit-learn configuration of the current thread to the joblib workers.
  warnings.warn(
D:\ml_separator_gh\.venv\Lib\site-packages\sklearn\utils\parallel.py:144: UserWarning: `sklearn.utils.parallel.delayed` should be used with `sklearn.utils.parallel.Parallel` to make it possible to propagate the scikit-learn configuration of the current thread to the joblib workers.
  warnings.warn(
D:\ml_separator_gh\.venv\Lib\site-packages\sklearn\utils\parallel.py:144: UserWarning: `sklearn.utils.parallel.delayed` should be used with `sklearn.utils.parallel.Parallel` to make it possible to propagate the scikit-learn configuration of the current thread to the joblib workers.
  warnings.warn(
D:\ml_separator_gh\.venv\Lib\site-packages\sklearn\utils\parallel.py:144: UserWarning: `sklearn.utils.parallel.delayed` should be used with `sklearn.utils.parallel.Parallel` to make it possible to propagate the scikit-learn configuration of the current thread to the joblib workers.
  warnings.warn(
D:\ml_separator_gh\.venv\Lib\site-packages\sklearn\utils\parallel.py:144: UserWarning: `sklearn.utils.parallel.delayed` should be used with `sklearn.utils.parallel.Parallel` to make it possible to propagate the scikit-learn configuration of the current thread to the joblib workers.
  warnings.warn(
D:\ml_separator_gh\.venv\Lib\site-packages\sklearn\utils\parallel.py:144: UserWarning: `sklearn.utils.parallel.delayed` should be used with `sklearn.utils.parallel.Parallel` to make it possible to propagate the scikit-learn configuration of the current thread to the joblib workers.
  warnings.warn(
D:\ml_separator_gh\.venv\Lib\site-packages\sklearn\utils\parallel.py:144: UserWarning: `sklearn.utils.parallel.delayed` should be used with `sklearn.utils.parallel.Parallel` to make it possible to propagate the scikit-learn configuration of the current thread to the joblib workers.
  warnings.warn(
D:\ml_separator_gh\.venv\Lib\site-packages\sklearn\utils\parallel.py:144: UserWarning: `sklearn.utils.parallel.delayed` should be used with `sklearn.utils.parallel.Parallel` to make it possible to propagate the scikit-learn configuration of the current thread to the joblib workers.
  warnings.warn(
D:\ml_separator_gh\.venv\Lib\site-packages\sklearn\utils\parallel.py:144: UserWarning: `sklearn.utils.parallel.delayed` should be used with `sklearn.utils.parallel.Parallel` to make it possible to propagate the scikit-learn configuration of the current thread to the joblib workers.
  warnings.warn(
D:\ml_separator_gh\.venv\Lib\site-packages\sklearn\utils\parallel.py:144: UserWarning: `sklearn.utils.parallel.delayed` should be used with `sklearn.utils.parallel.Parallel` to make it possible to propagate the scikit-learn configuration of the current thread to the joblib workers.
  warnings.warn(
D:\ml_separator_gh\.venv\Lib\site-packages\sklearn\utils\parallel.py:144: UserWarning: `sklearn.utils.parallel.delayed` should be used with `sklearn.utils.parallel.Parallel` to make it possible to propagate the scikit-learn configuration of the current thread to the joblib workers.
  warnings.warn(
D:\ml_separator_gh\.venv\Lib\site-packages\sklearn\utils\parallel.py:144: UserWarning: `sklearn.utils.parallel.delayed` should be used with `sklearn.utils.parallel.Parallel` to make it possible to propagate the scikit-learn configuration of the current thread to the joblib workers.
  warnings.warn(
D:\ml_separator_gh\.venv\Lib\site-packages\sklearn\utils\parallel.py:144: UserWarning: `sklearn.utils.parallel.delayed` should be used with `sklearn.utils.parallel.Parallel` to make it possible to propagate the scikit-learn configuration of the current thread to the joblib workers.
  warnings.warn(
D:\ml_separator_gh\.venv\Lib\site-packages\sklearn\utils\parallel.py:144: UserWarning: `sklearn.utils.parallel.delayed` should be used with `sklearn.utils.parallel.Parallel` to make it possible to propagate the scikit-learn configuration of the current thread to the joblib workers.
  warnings.warn(
D:\ml_separator_gh\.venv\Lib\site-packages\sklearn\utils\parallel.py:144: UserWarning: `sklearn.utils.parallel.delayed` should be used with `sklearn.utils.parallel.Parallel` to make it possible to propagate the scikit-learn configuration of the current thread to the joblib workers.
  warnings.warn(
D:\ml_separator_gh\.venv\Lib\site-packages\sklearn\utils\parallel.py:144: UserWarning: `sklearn.utils.parallel.delayed` should be used with `sklearn.utils.parallel.Parallel` to make it possible to propagate the scikit-learn configuration of the current thread to the joblib workers.
  warnings.warn(
D:\ml_separator_gh\.venv\Lib\site-packages\sklearn\utils\parallel.py:144: UserWarning: `sklearn.utils.parallel.delayed` should be used with `sklearn.utils.parallel.Parallel` to make it possible to propagate the scikit-learn configuration of the current thread to the joblib workers.
  warnings.warn(
D:\ml_separator_gh\.venv\Lib\site-packages\sklearn\utils\parallel.py:144: UserWarning: `sklearn.utils.parallel.delayed` should be used with `sklearn.utils.parallel.Parallel` to make it possible to propagate the scikit-learn configuration of the current thread to the joblib workers.
  warnings.warn(
D:\ml_separator_gh\.venv\Lib\site-packages\sklearn\utils\parallel.py:144: UserWarning: `sklearn.utils.parallel.delayed` should be used with `sklearn.utils.parallel.Parallel` to make it possible to propagate the scikit-learn configuration of the current thread to the joblib workers.
  warnings.warn(
D:\ml_separator_gh\.venv\Lib\site-packages\sklearn\utils\parallel.py:144: UserWarning: `sklearn.utils.parallel.delayed` should be used with `sklearn.utils.parallel.Parallel` to make it possible to propagate the scikit-learn configuration of the current thread to the joblib workers.
  warnings.warn(
D:\ml_separator_gh\.venv\Lib\site-packages\sklearn\utils\parallel.py:144: UserWarning: `sklearn.utils.parallel.delayed` should be used with `sklearn.utils.parallel.Parallel` to make it possible to propagate the scikit-learn configuration of the current thread to the joblib workers.
  warnings.warn(
D:\ml_separator_gh\.venv\Lib\site-packages\sklearn\utils\parallel.py:144: UserWarning: `sklearn.utils.parallel.delayed` should be used with `sklearn.utils.parallel.Parallel` to make it possible to propagate the scikit-learn configuration of the current thread to the joblib workers.
  warnings.warn(
D:\ml_separator_gh\.venv\Lib\site-packages\sklearn\utils\parallel.py:144: UserWarning: `sklearn.utils.parallel.delayed` should be used with `sklearn.utils.parallel.Parallel` to make it possible to propagate the scikit-learn configuration of the current thread to the joblib workers.
  warnings.warn(
D:\ml_separator_gh\.venv\Lib\site-packages\sklearn\utils\parallel.py:144: UserWarning: `sklearn.utils.parallel.delayed` should be used with `sklearn.utils.parallel.Parallel` to make it possible to propagate the scikit-learn configuration of the current thread to the joblib workers.
  warnings.warn(
D:\ml_separator_gh\.venv\Lib\site-packages\sklearn\utils\parallel.py:144: UserWarning: `sklearn.utils.parallel.delayed` should be used with `sklearn.utils.parallel.Parallel` to make it possible to propagate the scikit-learn configuration of the current thread to the joblib workers.
  warnings.warn(
D:\ml_separator_gh\.venv\Lib\site-packages\sklearn\utils\parallel.py:144: UserWarning: `sklearn.utils.parallel.delayed` should be used with `sklearn.utils.parallel.Parallel` to make it possible to propagate the scikit-learn configuration of the current thread to the joblib workers.
  warnings.warn(
D:\ml_separator_gh\.venv\Lib\site-packages\sklearn\utils\parallel.py:144: UserWarning: `sklearn.utils.parallel.delayed` should be used with `sklearn.utils.parallel.Parallel` to make it possible to propagate the scikit-learn configuration of the current thread to the joblib workers.
  warnings.warn(
D:\ml_separator_gh\.venv\Lib\site-packages\sklearn\utils\parallel.py:144: UserWarning: `sklearn.utils.parallel.delayed` should be used with `sklearn.utils.parallel.Parallel` to make it possible to propagate the scikit-learn configuration of the current thread to the joblib workers.
  warnings.warn(
D:\ml_separator_gh\.venv\Lib\site-packages\sklearn\utils\parallel.py:144: UserWarning: `sklearn.utils.parallel.delayed` should be used with `sklearn.utils.parallel.Parallel` to make it possible to propagate the scikit-learn configuration of the current thread to the joblib workers.
  warnings.warn(
D:\ml_separator_gh\.venv\Lib\site-packages\sklearn\utils\parallel.py:144: UserWarning: `sklearn.utils.parallel.delayed` should be used with `sklearn.utils.parallel.Parallel` to make it possible to propagate the scikit-learn configuration of the current thread to the joblib workers.
  warnings.warn(
D:\ml_separator_gh\.venv\Lib\site-packages\sklearn\utils\parallel.py:144: UserWarning: `sklearn.utils.parallel.delayed` should be used with `sklearn.utils.parallel.Parallel` to make it possible to propagate the scikit-learn configuration of the current thread to the joblib workers.
  warnings.warn(
D:\ml_separator_gh\.venv\Lib\site-packages\sklearn\utils\parallel.py:144: UserWarning: `sklearn.utils.parallel.delayed` should be used with `sklearn.utils.parallel.Parallel` to make it possible to propagate the scikit-learn configuration of the current thread to the joblib workers.
  warnings.warn(
D:\ml_separator_gh\.venv\Lib\site-packages\sklearn\utils\parallel.py:144: UserWarning: `sklearn.utils.parallel.delayed` should be used with `sklearn.utils.parallel.Parallel` to make it possible to propagate the scikit-learn configuration of the current thread to the joblib workers.
  warnings.warn(
D:\ml_separator_gh\.venv\Lib\site-packages\sklearn\utils\parallel.py:144: UserWarning: `sklearn.utils.parallel.delayed` should be used with `sklearn.utils.parallel.Parallel` to make it possible to propagate the scikit-learn configuration of the current thread to the joblib workers.
  warnings.warn(
D:\ml_separator_gh\.venv\Lib\site-packages\sklearn\utils\parallel.py:144: UserWarning: `sklearn.utils.parallel.delayed` should be used with `sklearn.utils.parallel.Parallel` to make it possible to propagate the scikit-learn configuration of the current thread to the joblib workers.
  warnings.warn(
D:\ml_separator_gh\.venv\Lib\site-packages\sklearn\utils\parallel.py:144: UserWarning: `sklearn.utils.parallel.delayed` should be used with `sklearn.utils.parallel.Parallel` to make it possible to propagate the scikit-learn configuration of the current thread to the joblib workers.
  warnings.warn(
D:\ml_separator_gh\.venv\Lib\site-packages\sklearn\utils\parallel.py:144: UserWarning: `sklearn.utils.parallel.delayed` should be used with `sklearn.utils.parallel.Parallel` to make it possible to propagate the scikit-learn configuration of the current thread to the joblib workers.
  warnings.warn(
D:\ml_separator_gh\.venv\Lib\site-packages\sklearn\utils\parallel.py:144: UserWarning: `sklearn.utils.parallel.delayed` should be used with `sklearn.utils.parallel.Parallel` to make it possible to propagate the scikit-learn configuration of the current thread to the joblib workers.
  warnings.warn(
D:\ml_separator_gh\.venv\Lib\site-packages\sklearn\utils\parallel.py:144: UserWarning: `sklearn.utils.parallel.delayed` should be used with `sklearn.utils.parallel.Parallel` to make it possible to propagate the scikit-learn configuration of the current thread to the joblib workers.
  warnings.warn(
D:\ml_separator_gh\.venv\Lib\site-packages\sklearn\utils\parallel.py:144: UserWarning: `sklearn.utils.parallel.delayed` should be used with `sklearn.utils.parallel.Parallel` to make it possible to propagate the scikit-learn configuration of the current thread to the joblib workers.
  warnings.warn(
D:\ml_separator_gh\.venv\Lib\site-packages\sklearn\utils\parallel.py:144: UserWarning: `sklearn.utils.parallel.delayed` should be used with `sklearn.utils.parallel.Parallel` to make it possible to propagate the scikit-learn configuration of the current thread to the joblib workers.
  warnings.warn(
D:\ml_separator_gh\.venv\Lib\site-packages\sklearn\utils\parallel.py:144: UserWarning: `sklearn.utils.parallel.delayed` should be used with `sklearn.utils.parallel.Parallel` to make it possible to propagate the scikit-learn configuration of the current thread to the joblib workers.
  warnings.warn(
D:\ml_separator_gh\.venv\Lib\site-packages\sklearn\utils\parallel.py:144: UserWarning: `sklearn.utils.parallel.delayed` should be used with `sklearn.utils.parallel.Parallel` to make it possible to propagate the scikit-learn configuration of the current thread to the joblib workers.
  warnings.warn(
D:\ml_separator_gh\.venv\Lib\site-packages\sklearn\utils\parallel.py:144: UserWarning: `sklearn.utils.parallel.delayed` should be used with `sklearn.utils.parallel.Parallel` to make it possible to propagate the scikit-learn configuration of the current thread to the joblib workers.
  warnings.warn(
D:\ml_separator_gh\.venv\Lib\site-packages\sklearn\utils\parallel.py:144: UserWarning: `sklearn.utils.parallel.delayed` should be used with `sklearn.utils.parallel.Parallel` to make it possible to propagate the scikit-learn configuration of the current thread to the joblib workers.
  warnings.warn(
D:\ml_separator_gh\.venv\Lib\site-packages\sklearn\utils\parallel.py:144: UserWarning: `sklearn.utils.parallel.delayed` should be used with `sklearn.utils.parallel.Parallel` to make it possible to propagate the scikit-learn configuration of the current thread to the joblib workers.
  warnings.warn(
D:\ml_separator_gh\.venv\Lib\site-packages\sklearn\utils\parallel.py:144: UserWarning: `sklearn.utils.parallel.delayed` should be used with `sklearn.utils.parallel.Parallel` to make it possible to propagate the scikit-learn configuration of the current thread to the joblib workers.
  warnings.warn(
D:\ml_separator_gh\.venv\Lib\site-packages\sklearn\utils\parallel.py:144: UserWarning: `sklearn.utils.parallel.delayed` should be used with `sklearn.utils.parallel.Parallel` to make it possible to propagate the scikit-learn configuration of the current thread to the joblib workers.
  warnings.warn(
D:\ml_separator_gh\.venv\Lib\site-packages\sklearn\utils\parallel.py:144: UserWarning: `sklearn.utils.parallel.delayed` should be used with `sklearn.utils.parallel.Parallel` to make it possible to propagate the scikit-learn configuration of the current thread to the joblib workers.
  warnings.warn(
D:\ml_separator_gh\.venv\Lib\site-packages\sklearn\utils\parallel.py:144: UserWarning: `sklearn.utils.parallel.delayed` should be used with `sklearn.utils.parallel.Parallel` to make it possible to propagate the scikit-learn configuration of the current thread to the joblib workers.
  warnings.warn(
D:\ml_separator_gh\.venv\Lib\site-packages\sklearn\utils\parallel.py:144: UserWarning: `sklearn.utils.parallel.delayed` should be used with `sklearn.utils.parallel.Parallel` to make it possible to propagate the scikit-learn configuration of the current thread to the joblib workers.
  warnings.warn(
D:\ml_separator_gh\.venv\Lib\site-packages\sklearn\utils\parallel.py:144: UserWarning: `sklearn.utils.parallel.delayed` should be used with `sklearn.utils.parallel.Parallel` to make it possible to propagate the scikit-learn configuration of the current thread to the joblib workers.
  warnings.warn(
D:\ml_separator_gh\.venv\Lib\site-packages\sklearn\utils\parallel.py:144: UserWarning: `sklearn.utils.parallel.delayed` should be used with `sklearn.utils.parallel.Parallel` to make it possible to propagate the scikit-learn configuration of the current thread to the joblib workers.
  warnings.warn(
D:\ml_separator_gh\.venv\Lib\site-packages\sklearn\utils\parallel.py:144: UserWarning: `sklearn.utils.parallel.delayed` should be used with `sklearn.utils.parallel.Parallel` to make it possible to propagate the scikit-learn configuration of the current thread to the joblib workers.
  warnings.warn(
D:\ml_separator_gh\.venv\Lib\site-packages\sklearn\utils\parallel.py:144: UserWarning: `sklearn.utils.parallel.delayed` should be used with `sklearn.utils.parallel.Parallel` to make it possible to propagate the scikit-learn configuration of the current thread to the joblib workers.
  warnings.warn(
D:\ml_separator_gh\.venv\Lib\site-packages\sklearn\utils\parallel.py:144: UserWarning: `sklearn.utils.parallel.delayed` should be used with `sklearn.utils.parallel.Parallel` to make it possible to propagate the scikit-learn configuration of the current thread to the joblib workers.
  warnings.warn(
D:\ml_separator_gh\.venv\Lib\site-packages\sklearn\utils\parallel.py:144: UserWarning: `sklearn.utils.parallel.delayed` should be used with `sklearn.utils.parallel.Parallel` to make it possible to propagate the scikit-learn configuration of the current thread to the joblib workers.
  warnings.warn(
D:\ml_separator_gh\.venv\Lib\site-packages\sklearn\utils\parallel.py:144: UserWarning: `sklearn.utils.parallel.delayed` should be used with `sklearn.utils.parallel.Parallel` to make it possible to propagate the scikit-learn configuration of the current thread to the joblib workers.
  warnings.warn(
D:\ml_separator_gh\.venv\Lib\site-packages\sklearn\utils\parallel.py:144: UserWarning: `sklearn.utils.parallel.delayed` should be used with `sklearn.utils.parallel.Parallel` to make it possible to propagate the scikit-learn configuration of the current thread to the joblib workers.
  warnings.warn(
D:\ml_separator_gh\.venv\Lib\site-packages\sklearn\utils\parallel.py:144: UserWarning: `sklearn.utils.parallel.delayed` should be used with `sklearn.utils.parallel.Parallel` to make it possible to propagate the scikit-learn configuration of the current thread to the joblib workers.
  warnings.warn(
D:\ml_separator_gh\.venv\Lib\site-packages\sklearn\utils\parallel.py:144: UserWarning: `sklearn.utils.parallel.delayed` should be used with `sklearn.utils.parallel.Parallel` to make it possible to propagate the scikit-learn configuration of the current thread to the joblib workers.
  warnings.warn(
D:\ml_separator_gh\.venv\Lib\site-packages\sklearn\utils\parallel.py:144: UserWarning: `sklearn.utils.parallel.delayed` should be used with `sklearn.utils.parallel.Parallel` to make it possible to propagate the scikit-learn configuration of the current thread to the joblib workers.
  warnings.warn(
D:\ml_separator_gh\.venv\Lib\site-packages\sklearn\utils\parallel.py:144: UserWarning: `sklearn.utils.parallel.delayed` should be used with `sklearn.utils.parallel.Parallel` to make it possible to propagate the scikit-learn configuration of the current thread to the joblib workers.
  warnings.warn(
D:\ml_separator_gh\.venv\Lib\site-packages\sklearn\utils\parallel.py:144: UserWarning: `sklearn.utils.parallel.delayed` should be used with `sklearn.utils.parallel.Parallel` to make it possible to propagate the scikit-learn configuration of the current thread to the joblib workers.
  warnings.warn(
D:\ml_separator_gh\.venv\Lib\site-packages\sklearn\utils\parallel.py:144: UserWarning: `sklearn.utils.parallel.delayed` should be used with `sklearn.utils.parallel.Parallel` to make it possible to propagate the scikit-learn configuration of the current thread to the joblib workers.
  warnings.warn(
D:\ml_separator_gh\.venv\Lib\site-packages\sklearn\utils\parallel.py:144: UserWarning: `sklearn.utils.parallel.delayed` should be used with `sklearn.utils.parallel.Parallel` to make it possible to propagate the scikit-learn configuration of the current thread to the joblib workers.
  warnings.warn(
D:\ml_separator_gh\.venv\Lib\site-packages\sklearn\utils\parallel.py:144: UserWarning: `sklearn.utils.parallel.delayed` should be used with `sklearn.utils.parallel.Parallel` to make it possible to propagate the scikit-learn configuration of the current thread to the joblib workers.
  warnings.warn(
D:\ml_separator_gh\.venv\Lib\site-packages\sklearn\utils\parallel.py:144: UserWarning: `sklearn.utils.parallel.delayed` should be used with `sklearn.utils.parallel.Parallel` to make it possible to propagate the scikit-learn configuration of the current thread to the joblib workers.
  warnings.warn(
D:\ml_separator_gh\.venv\Lib\site-packages\sklearn\utils\parallel.py:144: UserWarning: `sklearn.utils.parallel.delayed` should be used with `sklearn.utils.parallel.Parallel` to make it possible to propagate the scikit-learn configuration of the current thread to the joblib workers.
  warnings.warn(
D:\ml_separator_gh\.venv\Lib\site-packages\sklearn\utils\parallel.py:144: UserWarning: `sklearn.utils.parallel.delayed` should be used with `sklearn.utils.parallel.Parallel` to make it possible to propagate the scikit-learn configuration of the current thread to the joblib workers.
  warnings.warn(
D:\ml_separator_gh\.venv\Lib\site-packages\sklearn\utils\parallel.py:144: UserWarning: `sklearn.utils.parallel.delayed` should be used with `sklearn.utils.parallel.Parallel` to make it possible to propagate the scikit-learn configuration of the current thread to the joblib workers.
  warnings.warn(
D:\ml_separator_gh\.venv\Lib\site-packages\sklearn\utils\parallel.py:144: UserWarning: `sklearn.utils.parallel.delayed` should be used with `sklearn.utils.parallel.Parallel` to make it possible to propagate the scikit-learn configuration of the current thread to the joblib workers.
  warnings.warn(
D:\ml_separator_gh\.venv\Lib\site-packages\sklearn\utils\parallel.py:144: UserWarning: `sklearn.utils.parallel.delayed` should be used with `sklearn.utils.parallel.Parallel` to make it possible to propagate the scikit-learn configuration of the current thread to the joblib workers.
  warnings.warn(
D:\ml_separator_gh\.venv\Lib\site-packages\sklearn\utils\parallel.py:144: UserWarning: `sklearn.utils.parallel.delayed` should be used with `sklearn.utils.parallel.Parallel` to make it possible to propagate the scikit-learn configuration of the current thread to the joblib workers.
  warnings.warn(
D:\ml_separator_gh\.venv\Lib\site-packages\sklearn\utils\parallel.py:144: UserWarning: `sklearn.utils.parallel.delayed` should be used with `sklearn.utils.parallel.Parallel` to make it possible to propagate the scikit-learn configuration of the current thread to the joblib workers.
  warnings.warn(
D:\ml_separator_gh\.venv\Lib\site-packages\sklearn\utils\parallel.py:144: UserWarning: `sklearn.utils.parallel.delayed` should be used with `sklearn.utils.parallel.Parallel` to make it possible to propagate the scikit-learn configuration of the current thread to the joblib workers.
  warnings.warn(
D:\ml_separator_gh\.venv\Lib\site-packages\sklearn\utils\parallel.py:144: UserWarning: `sklearn.utils.parallel.delayed` should be used with `sklearn.utils.parallel.Parallel` to make it possible to propagate the scikit-learn configuration of the current thread to the joblib workers.
  warnings.warn(
D:\ml_separator_gh\.venv\Lib\site-packages\sklearn\utils\parallel.py:144: UserWarning: `sklearn.utils.parallel.delayed` should be used with `sklearn.utils.parallel.Parallel` to make it possible to propagate the scikit-learn configuration of the current thread to the joblib workers.
  warnings.warn(
D:\ml_separator_gh\.venv\Lib\site-packages\sklearn\utils\parallel.py:144: UserWarning: `sklearn.utils.parallel.delayed` should be used with `sklearn.utils.parallel.Parallel` to make it possible to propagate the scikit-learn configuration of the current thread to the joblib workers.
  warnings.warn(
D:\ml_separator_gh\.venv\Lib\site-packages\sklearn\utils\parallel.py:144: UserWarning: `sklearn.utils.parallel.delayed` should be used with `sklearn.utils.parallel.Parallel` to make it possible to propagate the scikit-learn configuration of the current thread to the joblib workers.
  warnings.warn(
D:\ml_separator_gh\.venv\Lib\site-packages\sklearn\utils\parallel.py:144: UserWarning: `sklearn.utils.parallel.delayed` should be used with `sklearn.utils.parallel.Parallel` to make it possible to propagate the scikit-learn configuration of the current thread to the joblib workers.
  warnings.warn(
D:\ml_separator_gh\.venv\Lib\site-packages\sklearn\utils\parallel.py:144: UserWarning: `sklearn.utils.parallel.delayed` should be used with `sklearn.utils.parallel.Parallel` to make it possible to propagate the scikit-learn configuration of the current thread to the joblib workers.
  warnings.warn(
D:\ml_separator_gh\.venv\Lib\site-packages\sklearn\utils\parallel.py:144: UserWarning: `sklearn.utils.parallel.delayed` should be used with `sklearn.utils.parallel.Parallel` to make it possible to propagate the scikit-learn configuration of the current thread to the joblib workers.
  warnings.warn(
D:\ml_separator_gh\.venv\Lib\site-packages\sklearn\utils\parallel.py:144: UserWarning: `sklearn.utils.parallel.delayed` should be used with `sklearn.utils.parallel.Parallel` to make it possible to propagate the scikit-learn configuration of the current thread to the joblib workers.
  warnings.warn(
D:\ml_separator_gh\.venv\Lib\site-packages\sklearn\utils\parallel.py:144: UserWarning: `sklearn.utils.parallel.delayed` should be used with `sklearn.utils.parallel.Parallel` to make it possible to propagate the scikit-learn configuration of the current thread to the joblib workers.
  warnings.warn(
D:\ml_separator_gh\.venv\Lib\site-packages\sklearn\utils\parallel.py:144: UserWarning: `sklearn.utils.parallel.delayed` should be used with `sklearn.utils.parallel.Parallel` to make it possible to propagate the scikit-learn configuration of the current thread to the joblib workers.
  warnings.warn(
D:\ml_separator_gh\.venv\Lib\site-packages\sklearn\utils\parallel.py:144: UserWarning: `sklearn.utils.parallel.delayed` should be used with `sklearn.utils.parallel.Parallel` to make it possible to propagate the scikit-learn configuration of the current thread to the joblib workers.
  warnings.warn(
D:\ml_separator_gh\.venv\Lib\site-packages\sklearn\utils\parallel.py:144: UserWarning: `sklearn.utils.parallel.delayed` should be used with `sklearn.utils.parallel.Parallel` to make it possible to propagate the scikit-learn configuration of the current thread to the joblib workers.
  warnings.warn(
D:\ml_separator_gh\.venv\Lib\site-packages\sklearn\utils\parallel.py:144: UserWarning: `sklearn.utils.parallel.delayed` should be used with `sklearn.utils.parallel.Parallel` to make it possible to propagate the scikit-learn configuration of the current thread to the joblib workers.
  warnings.warn(
D:\ml_separator_gh\.venv\Lib\site-packages\sklearn\utils\parallel.py:144: UserWarning: `sklearn.utils.parallel.delayed` should be used with `sklearn.utils.parallel.Parallel` to make it possible to propagate the scikit-learn configuration of the current thread to the joblib workers.
  warnings.warn(
D:\ml_separator_gh\.venv\Lib\site-packages\sklearn\utils\parallel.py:144: UserWarning: `sklearn.utils.parallel.delayed` should be used with `sklearn.utils.parallel.Parallel` to make it possible to propagate the scikit-learn configuration of the current thread to the joblib workers.
  warnings.warn(
D:\ml_separator_gh\.venv\Lib\site-packages\sklearn\utils\parallel.py:144: UserWarning: `sklearn.utils.parallel.delayed` should be used with `sklearn.utils.parallel.Parallel` to make it possible to propagate the scikit-learn configuration of the current thread to the joblib workers.
  warnings.warn(
D:\ml_separator_gh\.venv\Lib\site-packages\sklearn\utils\parallel.py:144: UserWarning: `sklearn.utils.parallel.delayed` should be used with `sklearn.utils.parallel.Parallel` to make it possible to propagate the scikit-learn configuration of the current thread to the joblib workers.
  warnings.warn(
D:\ml_separator_gh\.venv\Lib\site-packages\sklearn\utils\parallel.py:144: UserWarning: `sklearn.utils.parallel.delayed` should be used with `sklearn.utils.parallel.Parallel` to make it possible to propagate the scikit-learn configuration of the current thread to the joblib workers.
  warnings.warn(
D:\ml_separator_gh\.venv\Lib\site-packages\sklearn\utils\parallel.py:144: UserWarning: `sklearn.utils.parallel.delayed` should be used with `sklearn.utils.parallel.Parallel` to make it possible to propagate the scikit-learn configuration of the current thread to the joblib workers.
  warnings.warn(
D:\ml_separator_gh\.venv\Lib\site-packages\sklearn\utils\parallel.py:144: UserWarning: `sklearn.utils.parallel.delayed` should be used with `sklearn.utils.parallel.Parallel` to make it possible to propagate the scikit-learn configuration of the current thread to the joblib workers.
  warnings.warn(
D:\ml_separator_gh\.venv\Lib\site-packages\sklearn\utils\parallel.py:144: UserWarning: `sklearn.utils.parallel.delayed` should be used with `sklearn.utils.parallel.Parallel` to make it possible to propagate the scikit-learn configuration of the current thread to the joblib workers.
  warnings.warn(
D:\ml_separator_gh\.venv\Lib\site-packages\sklearn\utils\parallel.py:144: UserWarning: `sklearn.utils.parallel.delayed` should be used with `sklearn.utils.parallel.Parallel` to make it possible to propagate the scikit-learn configuration of the current thread to the joblib workers.
  warnings.warn(
D:\ml_separator_gh\.venv\Lib\site-packages\sklearn\utils\parallel.py:144: UserWarning: `sklearn.utils.parallel.delayed` should be used with `sklearn.utils.parallel.Parallel` to make it possible to propagate the scikit-learn configuration of the current thread to the joblib workers.
  warnings.warn(
D:\ml_separator_gh\.venv\Lib\site-packages\sklearn\utils\parallel.py:144: UserWarning: `sklearn.utils.parallel.delayed` should be used with `sklearn.utils.parallel.Parallel` to make it possible to propagate the scikit-learn configuration of the current thread to the joblib workers.
  warnings.warn(
D:\ml_separator_gh\.venv\Lib\site-packages\sklearn\utils\parallel.py:144: UserWarning: `sklearn.utils.parallel.delayed` should be used with `sklearn.utils.parallel.Parallel` to make it possible to propagate the scikit-learn configuration of the current thread to the joblib workers.
  warnings.warn(
D:\ml_separator_gh\.venv\Lib\site-packages\sklearn\utils\parallel.py:144: UserWarning: `sklearn.utils.parallel.delayed` should be used with `sklearn.utils.parallel.Parallel` to make it possible to propagate the scikit-learn configuration of the current thread to the joblib workers.
  warnings.warn(
D:\ml_separator_gh\.venv\Lib\site-packages\sklearn\utils\parallel.py:144: UserWarning: `sklearn.utils.parallel.delayed` should be used with `sklearn.utils.parallel.Parallel` to make it possible to propagate the scikit-learn configuration of the current thread to the joblib workers.
  warnings.warn(
D:\ml_separator_gh\.venv\Lib\site-packages\sklearn\utils\parallel.py:144: UserWarning: `sklearn.utils.parallel.delayed` should be used with `sklearn.utils.parallel.Parallel` to make it possible to propagate the scikit-learn configuration of the current thread to the joblib workers.
  warnings.warn(
D:\ml_separator_gh\.venv\Lib\site-packages\sklearn\utils\parallel.py:144: UserWarning: `sklearn.utils.parallel.delayed` should be used with `sklearn.utils.parallel.Parallel` to make it possible to propagate the scikit-learn configuration of the current thread to the joblib workers.
  warnings.warn(
D:\ml_separator_gh\.venv\Lib\site-packages\sklearn\utils\parallel.py:144: UserWarning: `sklearn.utils.parallel.delayed` should be used with `sklearn.utils.parallel.Parallel` to make it possible to propagate the scikit-learn configuration of the current thread to the joblib workers.
  warnings.warn(
D:\ml_separator_gh\.venv\Lib\site-packages\sklearn\utils\parallel.py:144: UserWarning: `sklearn.utils.parallel.delayed` should be used with `sklearn.utils.parallel.Parallel` to make it possible to propagate the scikit-learn configuration of the current thread to the joblib workers.
  warnings.warn(
D:\ml_separator_gh\.venv\Lib\site-packages\sklearn\utils\parallel.py:144: UserWarning: `sklearn.utils.parallel.delayed` should be used with `sklearn.utils.parallel.Parallel` to make it possible to propagate the scikit-learn configuration of the current thread to the joblib workers.
  warnings.warn(
D:\ml_separator_gh\.venv\Lib\site-packages\sklearn\utils\parallel.py:144: UserWarning: `sklearn.utils.parallel.delayed` should be used with `sklearn.utils.parallel.Parallel` to make it possible to propagate the scikit-learn configuration of the current thread to the joblib workers.
  warnings.warn(
D:\ml_separator_gh\.venv\Lib\site-packages\sklearn\utils\parallel.py:144: UserWarning: `sklearn.utils.parallel.delayed` should be used with `sklearn.utils.parallel.Parallel` to make it possible to propagate the scikit-learn configuration of the current thread to the joblib workers.
  warnings.warn(
D:\ml_separator_gh\.venv\Lib\site-packages\sklearn\utils\parallel.py:144: UserWarning: `sklearn.utils.parallel.delayed` should be used with `sklearn.utils.parallel.Parallel` to make it possible to propagate the scikit-learn configuration of the current thread to the joblib workers.
  warnings.warn(
D:\ml_separator_gh\.venv\Lib\site-packages\sklearn\utils\parallel.py:144: UserWarning: `sklearn.utils.parallel.delayed` should be used with `sklearn.utils.parallel.Parallel` to make it possible to propagate the scikit-learn configuration of the current thread to the joblib workers.
  warnings.warn(
D:\ml_separator_gh\.venv\Lib\site-packages\sklearn\utils\parallel.py:144: UserWarning: `sklearn.utils.parallel.delayed` should be used with `sklearn.utils.parallel.Parallel` to make it possible to propagate the scikit-learn configuration of the current thread to the joblib workers.
  warnings.warn(
D:\ml_separator_gh\.venv\Lib\site-packages\sklearn\utils\parallel.py:144: UserWarning: `sklearn.utils.parallel.delayed` should be used with `sklearn.utils.parallel.Parallel` to make it possible to propagate the scikit-learn configuration of the current thread to the joblib workers.
  warnings.warn(
D:\ml_separator_gh\.venv\Lib\site-packages\sklearn\utils\parallel.py:144: UserWarning: `sklearn.utils.parallel.delayed` should be used with `sklearn.utils.parallel.Parallel` to make it possible to propagate the scikit-learn configuration of the current thread to the joblib workers.
  warnings.warn(
D:\ml_separator_gh\.venv\Lib\site-packages\sklearn\utils\parallel.py:144: UserWarning: `sklearn.utils.parallel.delayed` should be used with `sklearn.utils.parallel.Parallel` to make it possible to propagate the scikit-learn configuration of the current thread to the joblib workers.
  warnings.warn(
D:\ml_separator_gh\.venv\Lib\site-packages\sklearn\utils\parallel.py:144: UserWarning: `sklearn.utils.parallel.delayed` should be used with `sklearn.utils.parallel.Parallel` to make it possible to propagate the scikit-learn configuration of the current thread to the joblib workers.
  warnings.warn(
D:\ml_separator_gh\.venv\Lib\site-packages\sklearn\utils\parallel.py:144: UserWarning: `sklearn.utils.parallel.delayed` should be used with `sklearn.utils.parallel.Parallel` to make it possible to propagate the scikit-learn configuration of the current thread to the joblib workers.
  warnings.warn(
D:\ml_separator_gh\.venv\Lib\site-packages\sklearn\utils\parallel.py:144: UserWarning: `sklearn.utils.parallel.delayed` should be used with `sklearn.utils.parallel.Parallel` to make it possible to propagate the scikit-learn configuration of the current thread to the joblib workers.
  warnings.warn(
D:\ml_separator_gh\.venv\Lib\site-packages\sklearn\utils\parallel.py:144: UserWarning: `sklearn.utils.parallel.delayed` should be used with `sklearn.utils.parallel.Parallel` to make it possible to propagate the scikit-learn configuration of the current thread to the joblib workers.
  warnings.warn(
D:\ml_separator_gh\.venv\Lib\site-packages\sklearn\utils\parallel.py:144: UserWarning: `sklearn.utils.parallel.delayed` should be used with `sklearn.utils.parallel.Parallel` to make it possible to propagate the scikit-learn configuration of the current thread to the joblib workers.
  warnings.warn(
D:\ml_separator_gh\.venv\Lib\site-packages\sklearn\utils\parallel.py:144: UserWarning: `sklearn.utils.parallel.delayed` should be used with `sklearn.utils.parallel.Parallel` to make it possible to propagate the scikit-learn configuration of the current thread to the joblib workers.
  warnings.warn(
D:\ml_separator_gh\.venv\Lib\site-packages\sklearn\utils\parallel.py:144: UserWarning: `sklearn.utils.parallel.delayed` should be used with `sklearn.utils.parallel.Parallel` to make it possible to propagate the scikit-learn configuration of the current thread to the joblib workers.
  warnings.warn(
D:\ml_separator_gh\.venv\Lib\site-packages\sklearn\utils\parallel.py:144: UserWarning: `sklearn.utils.parallel.delayed` should be used with `sklearn.utils.parallel.Parallel` to make it possible to propagate the scikit-learn configuration of the current thread to the joblib workers.
  warnings.warn(
D:\ml_separator_gh\.venv\Lib\site-packages\sklearn\utils\parallel.py:144: UserWarning: `sklearn.utils.parallel.delayed` should be used with `sklearn.utils.parallel.Parallel` to make it possible to propagate the scikit-learn configuration of the current thread to the joblib workers.
  warnings.warn(
D:\ml_separator_gh\.venv\Lib\site-packages\sklearn\utils\parallel.py:144: UserWarning: `sklearn.utils.parallel.delayed` should be used with `sklearn.utils.parallel.Parallel` to make it possible to propagate the scikit-learn configuration of the current thread to the joblib workers.
  warnings.warn(
D:\ml_separator_gh\.venv\Lib\site-packages\sklearn\utils\parallel.py:144: UserWarning: `sklearn.utils.parallel.delayed` should be used with `sklearn.utils.parallel.Parallel` to make it possible to propagate the scikit-learn configuration of the current thread to the joblib workers.
  warnings.warn(
D:\ml_separator_gh\.venv\Lib\site-packages\sklearn\utils\parallel.py:144: UserWarning: `sklearn.utils.parallel.delayed` should be used with `sklearn.utils.parallel.Parallel` to make it possible to propagate the scikit-learn configuration of the current thread to the joblib workers.
  warnings.warn(
D:\ml_separator_gh\.venv\Lib\site-packages\sklearn\utils\parallel.py:144: UserWarning: `sklearn.utils.parallel.delayed` should be used with `sklearn.utils.parallel.Parallel` to make it possible to propagate the scikit-learn configuration of the current thread to the joblib workers.
  warnings.warn(
D:\ml_separator_gh\.venv\Lib\site-packages\sklearn\utils\parallel.py:144: UserWarning: `sklearn.utils.parallel.delayed` should be used with `sklearn.utils.parallel.Parallel` to make it possible to propagate the scikit-learn configuration of the current thread to the joblib workers.
  warnings.warn(
D:\ml_separator_gh\.venv\Lib\site-packages\sklearn\utils\parallel.py:144: UserWarning: `sklearn.utils.parallel.delayed` should be used with `sklearn.utils.parallel.Parallel` to make it possible to propagate the scikit-learn configuration of the current thread to the joblib workers.
  warnings.warn(
D:\ml_separator_gh\.venv\Lib\site-packages\sklearn\utils\parallel.py:144: UserWarning: `sklearn.utils.parallel.delayed` should be used with `sklearn.utils.parallel.Parallel` to make it possible to propagate the scikit-learn configuration of the current thread to the joblib workers.
  warnings.warn(
D:\ml_separator_gh\.venv\Lib\site-packages\sklearn\utils\parallel.py:144: UserWarning: `sklearn.utils.parallel.delayed` should be used with `sklearn.utils.parallel.Parallel` to make it possible to propagate the scikit-learn configuration of the current thread to the joblib workers.
  warnings.warn(
D:\ml_separator_gh\.venv\Lib\site-packages\sklearn\utils\parallel.py:144: UserWarning: `sklearn.utils.parallel.delayed` should be used with `sklearn.utils.parallel.Parallel` to make it possible to propagate the scikit-learn configuration of the current thread to the joblib workers.
  warnings.warn(
D:\ml_separator_gh\.venv\Lib\site-packages\sklearn\utils\parallel.py:144: UserWarning: `sklearn.utils.parallel.delayed` should be used with `sklearn.utils.parallel.Parallel` to make it possible to propagate the scikit-learn configuration of the current thread to the joblib workers.
  warnings.warn(
D:\ml_separator_gh\.venv\Lib\site-packages\sklearn\utils\parallel.py:144: UserWarning: `sklearn.utils.parallel.delayed` should be used with `sklearn.utils.parallel.Parallel` to make it possible to propagate the scikit-learn configuration of the current thread to the joblib workers.
  warnings.warn(
D:\ml_separator_gh\.venv\Lib\site-packages\sklearn\utils\parallel.py:144: UserWarning: `sklearn.utils.parallel.delayed` should be used with `sklearn.utils.parallel.Parallel` to make it possible to propagate the scikit-learn configuration of the current thread to the joblib workers.
  warnings.warn(
D:\ml_separator_gh\.venv\Lib\site-packages\sklearn\utils\parallel.py:144: UserWarning: `sklearn.utils.parallel.delayed` should be used with `sklearn.utils.parallel.Parallel` to make it possible to propagate the scikit-learn configuration of the current thread to the joblib workers.
  warnings.warn(
D:\ml_separator_gh\.venv\Lib\site-packages\sklearn\utils\parallel.py:144: UserWarning: `sklearn.utils.parallel.delayed` should be used with `sklearn.utils.parallel.Parallel` to make it possible to propagate the scikit-learn configuration of the current thread to the joblib workers.
  warnings.warn(
D:\ml_separator_gh\.venv\Lib\site-packages\sklearn\utils\parallel.py:144: UserWarning: `sklearn.utils.parallel.delayed` should be used with `sklearn.utils.parallel.Parallel` to make it possible to propagate the scikit-learn configuration of the current thread to the joblib workers.
  warnings.warn(
D:\ml_separator_gh\.venv\Lib\site-packages\sklearn\utils\parallel.py:144: UserWarning: `sklearn.utils.parallel.delayed` should be used with `sklearn.utils.parallel.Parallel` to make it possible to propagate the scikit-learn configuration of the current thread to the joblib workers.
  warnings.warn(
D:\ml_separator_gh\.venv\Lib\site-packages\sklearn\utils\parallel.py:144: UserWarning: `sklearn.utils.parallel.delayed` should be used with `sklearn.utils.parallel.Parallel` to make it possible to propagate the scikit-learn configuration of the current thread to the joblib workers.
  warnings.warn(
D:\ml_separator_gh\.venv\Lib\site-packages\sklearn\utils\parallel.py:144: UserWarning: `sklearn.utils.parallel.delayed` should be used with `sklearn.utils.parallel.Parallel` to make it possible to propagate the scikit-learn configuration of the current thread to the joblib workers.
  warnings.warn(
D:\ml_separator_gh\.venv\Lib\site-packages\sklearn\utils\parallel.py:144: UserWarning: `sklearn.utils.parallel.delayed` should be used with `sklearn.utils.parallel.Parallel` to make it possible to propagate the scikit-learn configuration of the current thread to the joblib workers.
  warnings.warn(
D:\ml_separator_gh\.venv\Lib\site-packages\sklearn\utils\parallel.py:144: UserWarning: `sklearn.utils.parallel.delayed` should be used with `sklearn.utils.parallel.Parallel` to make it possible to propagate the scikit-learn configuration of the current thread to the joblib workers.
  warnings.warn(
D:\ml_separator_gh\.venv\Lib\site-packages\sklearn\utils\parallel.py:144: UserWarning: `sklearn.utils.parallel.delayed` should be used with `sklearn.utils.parallel.Parallel` to make it possible to propagate the scikit-learn configuration of the current thread to the joblib workers.
  warnings.warn(
D:\ml_separator_gh\.venv\Lib\site-packages\sklearn\utils\parallel.py:144: UserWarning: `sklearn.utils.parallel.delayed` should be used with `sklearn.utils.parallel.Parallel` to make it possible to propagate the scikit-learn configuration of the current thread to the joblib workers.
  warnings.warn(
D:\ml_separator_gh\.venv\Lib\site-packages\sklearn\utils\parallel.py:144: UserWarning: `sklearn.utils.parallel.delayed` should be used with `sklearn.utils.parallel.Parallel` to make it possible to propagate the scikit-learn configuration of the current thread to the joblib workers.
  warnings.warn(
D:\ml_separator_gh\.venv\Lib\site-packages\sklearn\utils\parallel.py:144: UserWarning: `sklearn.utils.parallel.delayed` should be used with `sklearn.utils.parallel.Parallel` to make it possible to propagate the scikit-learn configuration of the current thread to the joblib workers.
  warnings.warn(
D:\ml_separator_gh\.venv\Lib\site-packages\sklearn\utils\parallel.py:144: UserWarning: `sklearn.utils.parallel.delayed` should be used with `sklearn.utils.parallel.Parallel` to make it possible to propagate the scikit-learn configuration of the current thread to the joblib workers.
  warnings.warn(
D:\ml_separator_gh\.venv\Lib\site-packages\sklearn\utils\parallel.py:144: UserWarning: `sklearn.utils.parallel.delayed` should be used with `sklearn.utils.parallel.Parallel` to make it possible to propagate the scikit-learn configuration of the current thread to the joblib workers.
  warnings.warn(
D:\ml_separator_gh\.venv\Lib\site-packages\sklearn\utils\parallel.py:144: UserWarning: `sklearn.utils.parallel.delayed` should be used with `sklearn.utils.parallel.Parallel` to make it possible to propagate the scikit-learn configuration of the current thread to the joblib workers.
  warnings.warn(
D:\ml_separator_gh\.venv\Lib\site-packages\sklearn\utils\parallel.py:144: UserWarning: `sklearn.utils.parallel.delayed` should be used with `sklearn.utils.parallel.Parallel` to make it possible to propagate the scikit-learn configuration of the current thread to the joblib workers.
  warnings.warn(
D:\ml_separator_gh\.venv\Lib\site-packages\sklearn\utils\parallel.py:144: UserWarning: `sklearn.utils.parallel.delayed` should be used with `sklearn.utils.parallel.Parallel` to make it possible to propagate the scikit-learn configuration of the current thread to the joblib workers.
  warnings.warn(
D:\ml_separator_gh\.venv\Lib\site-packages\sklearn\utils\parallel.py:144: UserWarning: `sklearn.utils.parallel.delayed` should be used with `sklearn.utils.parallel.Parallel` to make it possible to propagate the scikit-learn configuration of the current thread to the joblib workers.
  warnings.warn(
D:\ml_separator_gh\.venv\Lib\site-packages\sklearn\utils\parallel.py:144: UserWarning: `sklearn.utils.parallel.delayed` should be used with `sklearn.utils.parallel.Parallel` to make it possible to propagate the scikit-learn configuration of the current thread to the joblib workers.
  warnings.warn(
D:\ml_separator_gh\.venv\Lib\site-packages\sklearn\utils\parallel.py:144: UserWarning: `sklearn.utils.parallel.delayed` should be used with `sklearn.utils.parallel.Parallel` to make it possible to propagate the scikit-learn configuration of the current thread to the joblib workers.
  warnings.warn(
D:\ml_separator_gh\.venv\Lib\site-packages\sklearn\utils\parallel.py:144: UserWarning: `sklearn.utils.parallel.delayed` should be used with `sklearn.utils.parallel.Parallel` to make it possible to propagate the scikit-learn configuration of the current thread to the joblib workers.
  warnings.warn(
D:\ml_separator_gh\.venv\Lib\site-packages\sklearn\utils\parallel.py:144: UserWarning: `sklearn.utils.parallel.delayed` should be used with `sklearn.utils.parallel.Parallel` to make it possible to propagate the scikit-learn configuration of the current thread to the joblib workers.
  warnings.warn(
D:\ml_separator_gh\.venv\Lib\site-packages\sklearn\utils\parallel.py:144: UserWarning: `sklearn.utils.parallel.delayed` should be used with `sklearn.utils.parallel.Parallel` to make it possible to propagate the scikit-learn configuration of the current thread to the joblib workers.
  warnings.warn(
D:\ml_separator_gh\.venv\Lib\site-packages\sklearn\utils\parallel.py:144: UserWarning: `sklearn.utils.parallel.delayed` should be used with `sklearn.utils.parallel.Parallel` to make it possible to propagate the scikit-learn configuration of the current thread to the joblib workers.
  warnings.warn(
D:\ml_separator_gh\.venv\Lib\site-packages\sklearn\utils\parallel.py:144: UserWarning: `sklearn.utils.parallel.delayed` should be used with `sklearn.utils.parallel.Parallel` to make it possible to propagate the scikit-learn configuration of the current thread to the joblib workers.
  warnings.warn(
D:\ml_separator_gh\.venv\Lib\site-packages\sklearn\utils\parallel.py:144: UserWarning: `sklearn.utils.parallel.delayed` should be used with `sklearn.utils.parallel.Parallel` to make it possible to propagate the scikit-learn configuration of the current thread to the joblib workers.
  warnings.warn(
D:\ml_separator_gh\.venv\Lib\site-packages\sklearn\utils\parallel.py:144: UserWarning: `sklearn.utils.parallel.delayed` should be used with `sklearn.utils.parallel.Parallel` to make it possible to propagate the scikit-learn configuration of the current thread to the joblib workers.
  warnings.warn(
D:\ml_separator_gh\.venv\Lib\site-packages\sklearn\utils\parallel.py:144: UserWarning: `sklearn.utils.parallel.delayed` should be used with `sklearn.utils.parallel.Parallel` to make it possible to propagate the scikit-learn configuration of the current thread to the joblib workers.
  warnings.warn(
D:\ml_separator_gh\.venv\Lib\site-packages\sklearn\utils\parallel.py:144: UserWarning: `sklearn.utils.parallel.delayed` should be used with `sklearn.utils.parallel.Parallel` to make it possible to propagate the scikit-learn configuration of the current thread to the joblib workers.
  warnings.warn(
D:\ml_separator_gh\.venv\Lib\site-packages\sklearn\utils\parallel.py:144: UserWarning: `sklearn.utils.parallel.delayed` should be used with `sklearn.utils.parallel.Parallel` to make it possible to propagate the scikit-learn configuration of the current thread to the joblib workers.
  warnings.warn(
D:\ml_separator_gh\.venv\Lib\site-packages\sklearn\utils\parallel.py:144: UserWarning: `sklearn.utils.parallel.delayed` should be used with `sklearn.utils.parallel.Parallel` to make it possible to propagate the scikit-learn configuration of the current thread to the joblib workers.
  warnings.warn(
D:\ml_separator_gh\.venv\Lib\site-packages\sklearn\utils\parallel.py:144: UserWarning: `sklearn.utils.parallel.delayed` should be used with `sklearn.utils.parallel.Parallel` to make it possible to propagate the scikit-learn configuration of the current thread to the joblib workers.
  warnings.warn(
D:\ml_separator_gh\.venv\Lib\site-packages\sklearn\utils\parallel.py:144: UserWarning: `sklearn.utils.parallel.delayed` should be used with `sklearn.utils.parallel.Parallel` to make it possible to propagate the scikit-learn configuration of the current thread to the joblib workers.
  warnings.warn(
D:\ml_separator_gh\.venv\Lib\site-packages\sklearn\utils\parallel.py:144: UserWarning: `sklearn.utils.parallel.delayed` should be used with `sklearn.utils.parallel.Parallel` to make it possible to propagate the scikit-learn configuration of the current thread to the joblib workers.
  warnings.warn(
D:\ml_separator_gh\.venv\Lib\site-packages\sklearn\utils\parallel.py:144: UserWarning: `sklearn.utils.parallel.delayed` should be used with `sklearn.utils.parallel.Parallel` to make it possible to propagate the scikit-learn configuration of the current thread to the joblib workers.
  warnings.warn(
D:\ml_separator_gh\.venv\Lib\site-packages\sklearn\utils\parallel.py:144: UserWarning: `sklearn.utils.parallel.delayed` should be used with `sklearn.utils.parallel.Parallel` to make it possible to propagate the scikit-learn configuration of the current thread to the joblib workers.
  warnings.warn(
D:\ml_separator_gh\.venv\Lib\site-packages\sklearn\utils\parallel.py:144: UserWarning: `sklearn.utils.parallel.delayed` should be used with `sklearn.utils.parallel.Parallel` to make it possible to propagate the scikit-learn configuration of the current thread to the joblib workers.
  warnings.warn(
D:\ml_separator_gh\.venv\Lib\site-packages\sklearn\utils\parallel.py:144: UserWarning: `sklearn.utils.parallel.delayed` should be used with `sklearn.utils.parallel.Parallel` to make it possible to propagate the scikit-learn configuration of the current thread to the joblib workers.
  warnings.warn(
D:\ml_separator_gh\.venv\Lib\site-packages\sklearn\utils\parallel.py:144: UserWarning: `sklearn.utils.parallel.delayed` should be used with `sklearn.utils.parallel.Parallel` to make it possible to propagate the scikit-learn configuration of the current thread to the joblib workers.
  warnings.warn(
D:\ml_separator_gh\.venv\Lib\site-packages\sklearn\utils\parallel.py:144: UserWarning: `sklearn.utils.parallel.delayed` should be used with `sklearn.utils.parallel.Parallel` to make it possible to propagate the scikit-learn configuration of the current thread to the joblib workers.
  warnings.warn(
D:\ml_separator_gh\.venv\Lib\site-packages\sklearn\utils\parallel.py:144: UserWarning: `sklearn.utils.parallel.delayed` should be used with `sklearn.utils.parallel.Parallel` to make it possible to propagate the scikit-learn configuration of the current thread to the joblib workers.
  warnings.warn(
D:\ml_separator_gh\.venv\Lib\site-packages\sklearn\utils\parallel.py:144: UserWarning: `sklearn.utils.parallel.delayed` should be used with `sklearn.utils.parallel.Parallel` to make it possible to propagate the scikit-learn configuration of the current thread to the joblib workers.
  warnings.warn(
D:\ml_separator_gh\.venv\Lib\site-packages\sklearn\utils\parallel.py:144: UserWarning: `sklearn.utils.parallel.delayed` should be used with `sklearn.utils.parallel.Parallel` to make it possible to propagate the scikit-learn configuration of the current thread to the joblib workers.
  warnings.warn(
D:\ml_separator_gh\.venv\Lib\site-packages\sklearn\utils\parallel.py:144: UserWarning: `sklearn.utils.parallel.delayed` should be used with `sklearn.utils.parallel.Parallel` to make it possible to propagate the scikit-learn configuration of the current thread to the joblib workers.
  warnings.warn(
D:\ml_separator_gh\.venv\Lib\site-packages\sklearn\utils\parallel.py:144: UserWarning: `sklearn.utils.parallel.delayed` should be used with `sklearn.utils.parallel.Parallel` to make it possible to propagate the scikit-learn configuration of the current thread to the joblib workers.
  warnings.warn(
D:\ml_separator_gh\.venv\Lib\site-packages\sklearn\utils\parallel.py:144: UserWarning: `sklearn.utils.parallel.delayed` should be used with `sklearn.utils.parallel.Parallel` to make it possible to propagate the scikit-learn configuration of the current thread to the joblib workers.
  warnings.warn(
D:\ml_separator_gh\.venv\Lib\site-packages\sklearn\utils\parallel.py:144: UserWarning: `sklearn.utils.parallel.delayed` should be used with `sklearn.utils.parallel.Parallel` to make it possible to propagate the scikit-learn configuration of the current thread to the joblib workers.
  warnings.warn(
D:\ml_separator_gh\.venv\Lib\site-packages\sklearn\utils\parallel.py:144: UserWarning: `sklearn.utils.parallel.delayed` should be used with `sklearn.utils.parallel.Parallel` to make it possible to propagate the scikit-learn configuration of the current thread to the joblib workers.
  warnings.warn(
D:\ml_separator_gh\.venv\Lib\site-packages\sklearn\utils\parallel.py:144: UserWarning: `sklearn.utils.parallel.delayed` should be used with `sklearn.utils.parallel.Parallel` to make it possible to propagate the scikit-learn configuration of the current thread to the joblib workers.
  warnings.warn(
D:\ml_separator_gh\.venv\Lib\site-packages\sklearn\utils\parallel.py:144: UserWarning: `sklearn.utils.parallel.delayed` should be used with `sklearn.utils.parallel.Parallel` to make it possible to propagate the scikit-learn configuration of the current thread to the joblib workers.
  warnings.warn(
D:\ml_separator_gh\.venv\Lib\site-packages\sklearn\utils\parallel.py:144: UserWarning: `sklearn.utils.parallel.delayed` should be used with `sklearn.utils.parallel.Parallel` to make it possible to propagate the scikit-learn configuration of the current thread to the joblib workers.
  warnings.warn(
D:\ml_separator_gh\.venv\Lib\site-packages\sklearn\utils\parallel.py:144: UserWarning: `sklearn.utils.parallel.delayed` should be used with `sklearn.utils.parallel.Parallel` to make it possible to propagate the scikit-learn configuration of the current thread to the joblib workers.
  warnings.warn(
D:\ml_separator_gh\.venv\Lib\site-packages\sklearn\utils\parallel.py:144: UserWarning: `sklearn.utils.parallel.delayed` should be used with `sklearn.utils.parallel.Parallel` to make it possible to propagate the scikit-learn configuration of the current thread to the joblib workers.
  warnings.warn(
D:\ml_separator_gh\.venv\Lib\site-packages\sklearn\utils\parallel.py:144: UserWarning: `sklearn.utils.parallel.delayed` should be used with `sklearn.utils.parallel.Parallel` to make it possible to propagate the scikit-learn configuration of the current thread to the joblib workers.
  warnings.warn(
D:\ml_separator_gh\.venv\Lib\site-packages\sklearn\utils\parallel.py:144: UserWarning: `sklearn.utils.parallel.delayed` should be used with `sklearn.utils.parallel.Parallel` to make it possible to propagate the scikit-learn configuration of the current thread to the joblib workers.
  warnings.warn(
D:\ml_separator_gh\.venv\Lib\site-packages\sklearn\utils\parallel.py:144: UserWarning: `sklearn.utils.parallel.delayed` should be used with `sklearn.utils.parallel.Parallel` to make it possible to propagate the scikit-learn configuration of the current thread to the joblib workers.
  warnings.warn(
D:\ml_separator_gh\.venv\Lib\site-packages\sklearn\utils\parallel.py:144: UserWarning: `sklearn.utils.parallel.delayed` should be used with `sklearn.utils.parallel.Parallel` to make it possible to propagate the scikit-learn configuration of the current thread to the joblib workers.
  warnings.warn(
D:\ml_separator_gh\.venv\Lib\site-packages\sklearn\utils\parallel.py:144: UserWarning: `sklearn.utils.parallel.delayed` should be used with `sklearn.utils.parallel.Parallel` to make it possible to propagate the scikit-learn configuration of the current thread to the joblib workers.
  warnings.warn(
D:\ml_separator_gh\.venv\Lib\site-packages\sklearn\utils\parallel.py:144: UserWarning: `sklearn.utils.parallel.delayed` should be used with `sklearn.utils.parallel.Parallel` to make it possible to propagate the scikit-learn configuration of the current thread to the joblib workers.
  warnings.warn(
D:\ml_separator_gh\.venv\Lib\site-packages\sklearn\utils\parallel.py:144: UserWarning: `sklearn.utils.parallel.delayed` should be used with `sklearn.utils.parallel.Parallel` to make it possible to propagate the scikit-learn configuration of the current thread to the joblib workers.
  warnings.warn(
D:\ml_separator_gh\.venv\Lib\site-packages\sklearn\utils\parallel.py:144: UserWarning: `sklearn.utils.parallel.delayed` should be used with `sklearn.utils.parallel.Parallel` to make it possible to propagate the scikit-learn configuration of the current thread to the joblib workers.
  warnings.warn(
D:\ml_separator_gh\.venv\Lib\site-packages\sklearn\utils\parallel.py:144: UserWarning: `sklearn.utils.parallel.delayed` should be used with `sklearn.utils.parallel.Parallel` to make it possible to propagate the scikit-learn configuration of the current thread to the joblib workers.
  warnings.warn(
D:\ml_separator_gh\.venv\Lib\site-packages\sklearn\utils\parallel.py:144: UserWarning: `sklearn.utils.parallel.delayed` should be used with `sklearn.utils.parallel.Parallel` to make it possible to propagate the scikit-learn configuration of the current thread to the joblib workers.
  warnings.warn(
D:\ml_separator_gh\.venv\Lib\site-packages\sklearn\utils\parallel.py:144: UserWarning: `sklearn.utils.parallel.delayed` should be used with `sklearn.utils.parallel.Parallel` to make it possible to propagate the scikit-learn configuration of the current thread to the joblib workers.
  warnings.warn(
D:\ml_separator_gh\.venv\Lib\site-packages\sklearn\utils\parallel.py:144: UserWarning: `sklearn.utils.parallel.delayed` should be used with `sklearn.utils.parallel.Parallel` to make it possible to propagate the scikit-learn configuration of the current thread to the joblib workers.
  warnings.warn(
D:\ml_separator_gh\.venv\Lib\site-packages\sklearn\utils\parallel.py:144: UserWarning: `sklearn.utils.parallel.delayed` should be used with `sklearn.utils.parallel.Parallel` to make it possible to propagate the scikit-learn configuration of the current thread to the joblib workers.
  warnings.warn(
D:\ml_separator_gh\.venv\Lib\site-packages\sklearn\utils\parallel.py:144: UserWarning: `sklearn.utils.parallel.delayed` should be used with `sklearn.utils.parallel.Parallel` to make it possible to propagate the scikit-learn configuration of the current thread to the joblib workers.
  warnings.warn(
D:\ml_separator_gh\.venv\Lib\site-packages\sklearn\utils\parallel.py:144: UserWarning: `sklearn.utils.parallel.delayed` should be used with `sklearn.utils.parallel.Parallel` to make it possible to propagate the scikit-learn configuration of the current thread to the joblib workers.
  warnings.warn(
D:\ml_separator_gh\.venv\Lib\site-packages\sklearn\utils\parallel.py:144: UserWarning: `sklearn.utils.parallel.delayed` should be used with `sklearn.utils.parallel.Parallel` to make it possible to propagate the scikit-learn configuration of the current thread to the joblib workers.
  warnings.warn(
D:\ml_separator_gh\.venv\Lib\site-packages\sklearn\utils\parallel.py:144: UserWarning: `sklearn.utils.parallel.delayed` should be used with `sklearn.utils.parallel.Parallel` to make it possible to propagate the scikit-learn configuration of the current thread to the joblib workers.
  warnings.warn(
D:\ml_separator_gh\.venv\Lib\site-packages\sklearn\utils\parallel.py:144: UserWarning: `sklearn.utils.parallel.delayed` should be used with `sklearn.utils.parallel.Parallel` to make it possible to propagate the scikit-learn configuration of the current thread to the joblib workers.
  warnings.warn(
D:\ml_separator_gh\.venv\Lib\site-packages\sklearn\utils\parallel.py:144: UserWarning: `sklearn.utils.parallel.delayed` should be used with `sklearn.utils.parallel.Parallel` to make it possible to propagate the scikit-learn configuration of the current thread to the joblib workers.
  warnings.warn(
D:\ml_separator_gh\.venv\Lib\site-packages\sklearn\utils\parallel.py:144: UserWarning: `sklearn.utils.parallel.delayed` should be used with `sklearn.utils.parallel.Parallel` to make it possible to propagate the scikit-learn configuration of the current thread to the joblib workers.
  warnings.warn(
D:\ml_separator_gh\.venv\Lib\site-packages\sklearn\utils\parallel.py:144: UserWarning: `sklearn.utils.parallel.delayed` should be used with `sklearn.utils.parallel.Parallel` to make it possible to propagate the scikit-learn configuration of the current thread to the joblib workers.
  warnings.warn(
D:\ml_separator_gh\.venv\Lib\site-packages\sklearn\utils\parallel.py:144: UserWarning: `sklearn.utils.parallel.delayed` should be used with `sklearn.utils.parallel.Parallel` to make it possible to propagate the scikit-learn configuration of the current thread to the joblib workers.
  warnings.warn(
D:\ml_separator_gh\.venv\Lib\site-packages\sklearn\utils\parallel.py:144: UserWarning: `sklearn.utils.parallel.delayed` should be used with `sklearn.utils.parallel.Parallel` to make it possible to propagate the scikit-learn configuration of the current thread to the joblib workers.
  warnings.warn(
D:\ml_separator_gh\.venv\Lib\site-packages\sklearn\utils\parallel.py:144: UserWarning: `sklearn.utils.parallel.delayed` should be used with `sklearn.utils.parallel.Parallel` to make it possible to propagate the scikit-learn configuration of the current thread to the joblib workers.
  warnings.warn(
D:\ml_separator_gh\.venv\Lib\site-packages\sklearn\utils\parallel.py:144: UserWarning: `sklearn.utils.parallel.delayed` should be used with `sklearn.utils.parallel.Parallel` to make it possible to propagate the scikit-learn configuration of the current thread to the joblib workers.
  warnings.warn(
D:\ml_separator_gh\.venv\Lib\site-packages\sklearn\utils\parallel.py:144: UserWarning: `sklearn.utils.parallel.delayed` should be used with `sklearn.utils.parallel.Parallel` to make it possible to propagate the scikit-learn configuration of the current thread to the joblib workers.
  warnings.warn(
D:\ml_separator_gh\.venv\Lib\site-packages\sklearn\utils\parallel.py:144: UserWarning: `sklearn.utils.parallel.delayed` should be used with `sklearn.utils.parallel.Parallel` to make it possible to propagate the scikit-learn configuration of the current thread to the joblib workers.
  warnings.warn(
D:\ml_separator_gh\.venv\Lib\site-packages\sklearn\utils\parallel.py:144: UserWarning: `sklearn.utils.parallel.delayed` should be used with `sklearn.utils.parallel.Parallel` to make it possible to propagate the scikit-learn configuration of the current thread to the joblib workers.
  warnings.warn(
D:\ml_separator_gh\.venv\Lib\site-packages\sklearn\utils\parallel.py:144: UserWarning: `sklearn.utils.parallel.delayed` should be used with `sklearn.utils.parallel.Parallel` to make it possible to propagate the scikit-learn configuration of the current thread to the joblib workers.
  warnings.warn(
D:\ml_separator_gh\.venv\Lib\site-packages\sklearn\utils\parallel.py:144: UserWarning: `sklearn.utils.parallel.delayed` should be used with `sklearn.utils.parallel.Parallel` to make it possible to propagate the scikit-learn configuration of the current thread to the joblib workers.
  warnings.warn(
  coord__dist__donor_pair_max                          drop +0.0061
  coord__dist__donor_pair_mean                         drop +0.0024
  coord__dist__donor_pair_median                       drop +0.0159
  coord__dist__donor_pair_min                          drop +0.0144
  coord__dist__donor_pair_proximity_count              drop -0.0004
  coord__dist__donor_pair_sd                           drop -0.0024
  coord__dist__frac_donor_pairs_within_3               drop -0.0046
  coord__dist__mean_intercluster_distance              drop +0.0000
  coord__dist__min_intercluster_distance               drop +0.0000
  coord__dist__n_donor_pairs_beyond_6                  drop -0.0073
  coord__dist__n_donor_pairs_within_2                  drop +0.0049
  coord__dist__n_donor_pairs_within_3                  drop -0.0089
  coord__dist__n_donor_pairs_within_4                  drop +0.0008
  coord__dist__n_donor_pairs_within_5                  drop -0.0041
  coord__dist__n_donor_pairs_within_6                  drop -0.0049
  coord__dist__n_five_membered_chelate_pairs           drop -0.0024
  coord__dist__n_four_membered_chelate_pairs           drop +0.0008
  coord__dist__n_linker_atoms_between_units            drop +0.0000

top 10 by permutation importance:
                                   feature  accuracy_permuted  importance  ci_low  ci_high  p_two_sided
  coord__arm__n_clusters_with_3plus_donors             0.7461      0.0222 -0.0017   0.0561       0.0710
            coord__arm__core_branch_degree             0.7497      0.0186 -0.0134   0.0562       0.2315
            coord__dist__donor_pair_median             0.7525      0.0159 -0.0070   0.0425       0.1760
               coord__dist__donor_pair_min             0.7539      0.0144  0.0026   0.0358       0.0075
               coord__dist__donor_pair_max             0.7622      0.0061 -0.0013   0.0194       0.1610
       coord__dist__n_donor_pairs_within_2             0.7634      0.0049  0.0000   0.0154       0.2645
       coord__dist__donor_eccentricity_max             0.7634      0.0049 -0.0017   0.0158       0.2295
              coord__dist__donor_pair_mean             0.7659      0.0024  0.0000   0.0095       0.7245
coord__arm__estimated_denticity_per_pocket             0.7671      0.0012 -0.0037   0.0083       0.8995
       coord__dist__donor_network_diameter             0.7671      0.0012 -0.0078   0.0120       0.8670

=== three-way magnitude class ===
  donor_topology   macro accuracy 0.4823  CI [0.3840, 0.6426]
  full_lean        macro accuracy 0.4773  CI [0.3946, 0.5927]
  majority class   macro accuracy 0.4624  CI [0.3118, 0.7037]
