split_seed,fold,cell_id,p_heavy,dir_conf,sign,train_mean_magnitude,train_mean_curvature
104729,0,7ae1cf22d55d9cc1,0.8236221447672807,0.3236221447672807,-1.0,0.3067620537336472,-0.07510903150165367
104729,0,7ad5ac5e8cdc02e6,0.9954443046170486,0.4954443046170486,-1.0,0.3067620537336472,-0.07510903150165367
104729,0,d0c6d7ffec5d58c3,0.8236221447672807,0.3236221447672807,-1.0,0.3067620537336472,-0.07510903150165367
104729,0,b0a65fc4ebf31640,0.8236221447672807,0.3236221447672807,-1.0,0.3067620537336472,-0.07510903150165367
104729,0,5336017ed36fd28f,0.8236221447672807,0.3236221447672807,-1.0,0.3067620537336472,-0.07510903150165367
104729,0,b3f035de0e7be945,0.8236221447672807,0.3236221447672807,-1.0,0.3067620537336472,-0.07510903150165367
104729,0,cea7fbe06302870b,0.8236221447672807,0.3236221447672807,-1.0,0.3067620537336472,-0.07510903150165367
104729,0,5a6a2f3bf13a7d55,0.8236221447672807,0.3236221447672807,-1.0,0.3067620537336472,-0.07510903150165367
104729,0,c61ecb085d8df371,0.8236221447672807,0.3236221447672807,-1.0,0.3067620537336472,-0.07510903150165367
104729,0,4f2be71378594542,0.8236221447672807,0.3236221447672807,-1.0,0.3067620537336472,-0.07510903150165367
104729,0,b35f13943d04ca50,0.8236221447672807,0.3236221447672807,-1.0,0.3067620537336472,-0.07510903150165367
104729,0,d871da32cd728745,0.8236221447672807,0.3236221447672807,-1.0,0.3067620537336472,-0.07510903150165367
104729,0,ee9ed6c5b9f7b397,0.8236221447672807,0.3236221447672807,-1.0,0.3067620537336472,-0.07510903150165367
104729,0,9ed4efa5a12f8c67,0.8236221447672807,0.3236221447672807,-1.0,0.3067620537336472,-0.07510903150165367
104729,0,343f9328b4ddf79c,0.8236221447672807,0.3236221447672807,-1.0,0.3067620537336472,-0.07510903150165367
104729,0,0f9c166921b14844,0.8236221447672807,0.3236221447672807,-1.0,0.3067620537336472,-0.07510903150165367
104729,0,adf989d8af50b9a8,0.8236221447672807,0.3236221447672807,-1.0,0.3067620537336472,-0.07510903150165367
104729,0,71dc32e0ed7e16a2,0.8236221447672807,0.3236221447672807,-1.0,0.3067620537336472,-0.07510903150165367
104729,0,9f318a8d2aacfaf8,0.8236221447672807,0.3236221447672807,-1.0,0.3067620537336472,-0.07510903150165367
104729,0,519ef744e75b8881,0.8236221447672807,0.3236221447672807,-1.0,0.3067620537336472,-0.07510903150165367
104729,0,b67683ce7ad0ddd2,0.8236221447672807,0.3236221447672807,-1.0,0.3067620537336472,-0.07510903150165367
104729,0,24f200d78a2ccb55,0.8236221447672807,0.3236221447672807,-1.0,0.3067620537336472,-0.07510903150165367
104729,0,815c365f83ac70cf,0.8236221447672807,0.3236221447672807,-1.0,0.3067620537336472,-0.07510903150165367
104729,0,9a5a0eda0a6fd590,0.8236221447672807,0.3236221447672807,-1.0,0.3067620537336472,-0.07510903150165367
104729,0,e7c3a51331914d65,0.8236221447672807,0.3236221447672807,-1.0,0.3067620537336472,-0.07510903150165367
104729,0,a155938e4ae9d704,0.8236221447672807,0.3236221447672807,-1.0,0.3067620537336472,-0.07510903150165367
104729,0,ca0b84d43992b03d,0.8236221447672807,0.3236221447672807,-1.0,0.3067620537336472,-0.07510903150165367
104729,0,d4a3b4eae29da29b,0.40801063302282803,0.09198936697717197,1.0,0.3067620537336472,-0.07510903150165367
104729,0,543ce167788b1f3e,0.8236221447672807,0.3236221447672807,-1.0,0.3067620537336472,-0.07510903150165367
104729,0,99c8495117d32d72,0.8236221447672807,0.3236221447672807,-1.0,0.3067620537336472,-0.07510903150165367
104729,0,43615d8a80044b19,0.8236221447672807,0.3236221447672807,-1.0,0.3067620537336472,-0.07510903150165367
104729,0,a1da294020dc650f,0.8236221447672807,0.3236221447672807,-1.0,0.3067620537336472,-0.07510903150165367
104729,0,26cbed1ed70886fe,0.8236221447672807,0.3236221447672807,-1.0,0.3067620537336472,-0.07510903150165367
104729,0,ac59b211ab998989,0.8236221447672807,0.3236221447672807,-1.0,0.3067620537336472,-0.07510903150165367
104729,0,accd65ebb9e6d5bd,0.8236221447672807,0.3236221447672807,-1.0,0.3067620537336472,-0.07510903150165367
104729,0,e9d3da7afd6b290d,0.8236221447672807,0.3236221447672807,-1.0,0.3067620537336472,-0.07510903150165367
104729,0,27060368c02ab464,0.8236221447672807,0.3236221447672807,-1.0,0.3067620537336472,-0.07510903150165367
104729,0,2b26c5cb857798ec,0.8236221447672807,0.3236221447672807,-1.0,0.3067620537336472,-0.07510903150165367
104729,0,6d2db02e8c8d2145,0.8236221447672807,0.3236221447672807,-1.0,0.3067620537336472,-0.07510903150165367
104729,0,e0636d7b6780bb2a,0.8236221447672807,0.3236221447672807,-1.0,0.3067620537336472,-0.07510903150165367
104729,0,417462f881b93736,0.8236221447672807,0.3236221447672807,-1.0,0.3067620537336472,-0.07510903150165367
104729,0,34036c3b224f37de,0.8236221447672807,0.3236221447672807,-1.0,0.3067620537336472,-0.07510903150165367
104729,0,4fcbabe856178b53,0.8236221447672807,0.3236221447672807,-1.0,0.3067620537336472,-0.07510903150165367
104729,0,492b7bdb48f08e41,0.8236221447672807,0.3236221447672807,-1.0,0.3067620537336472,-0.07510903150165367
104729,0,40257a80e298d1e7,0.8236221447672807,0.3236221447672807,-1.0,0.3067620537336472,-0.07510903150165367
104729,0,d107e225e8d2b292,0.8236221447672807,0.3236221447672807,-1.0,0.3067620537336472,-0.07510903150165367
104729,0,b4fd2a49bcbf3d25,0.8236221447672807,0.3236221447672807,-1.0,0.3067620537336472,-0.07510903150165367
104729,0,754e9dee83f16dd1,0.8236221447672807,0.3236221447672807,-1.0,0.3067620537336472,-0.07510903150165367
104729,0,a1364f38e19a30c6,0.8236221447672807,0.3236221447672807,-1.0,0.3067620537336472,-0.07510903150165367
104729,0,ad16fef01adc5432,0.8236221447672807,0.3236221447672807,-1.0,0.3067620537336472,-0.07510903150165367
104729,0,a1d1bb9061317e70,0.7237257802525916,0.2237257802525916,-1.0,0.3067620537336472,-0.07510903150165367
104729,0,818f1d78902d2a6d,0.7237257802525916,0.2237257802525916,-1.0,0.3067620537336472,-0.07510903150165367
104729,0,bd699b6a4b2c634b,0.7237257802525916,0.2237257802525916,-1.0,0.3067620537336472,-0.07510903150165367
104729,0,b3438d0b792d8a58,0.7237257802525916,0.2237257802525916,-1.0,0.3067620537336472,-0.07510903150165367
104729,0,d5e6b9dc02e2364e,0.7237257802525916,0.2237257802525916,-1.0,0.3067620537336472,-0.07510903150165367
104729,0,180c0a7827d406e0,0.7237257802525916,0.2237257802525916,-1.0,0.3067620537336472,-0.07510903150165367
104729,0,80b108c560581bbc,0.7237257802525916,0.2237257802525916,-1.0,0.3067620537336472,-0.07510903150165367
104729,0,77428ad94822a7d6,0.7237257802525916,0.2237257802525916,-1.0,0.3067620537336472,-0.07510903150165367
104729,0,372778033811af53,0.7237257802525916,0.2237257802525916,-1.0,0.3067620537336472,-0.07510903150165367
104729,0,71f1d37fa44d6ef0,0.7237257802525916,0.2237257802525916,-1.0,0.3067620537336472,-0.07510903150165367
104729,0,d2ff63c7d43f2890,0.8236221447672807,0.3236221447672807,-1.0,0.3067620537336472,-0.07510903150165367
104729,0,c03f1b0e1f75ae1a,0.8236221447672807,0.3236221447672807,-1.0,0.3067620537336472,-0.07510903150165367
104729,0,61603b00599eb0d5,0.8236221447672807,0.3236221447672807,-1.0,0.3067620537336472,-0.07510903150165367
104729,0,526c53b206ce2492,0.8236221447672807,0.3236221447672807,-1.0,0.3067620537336472,-0.07510903150165367
104729,0,80c76967ecfe2dc2,0.8236221447672807,0.3236221447672807,-1.0,0.3067620537336472,-0.07510903150165367
104729,0,3983850cd373720d,0.8236221447672807,0.3236221447672807,-1.0,0.3067620537336472,-0.07510903150165367
104729,0,73b19eb785eed129,0.8236221447672807,0.3236221447672807,-1.0,0.3067620537336472,-0.07510903150165367
104729,0,0b799dd83f93411e,0.8236221447672807,0.3236221447672807,-1.0,0.3067620537336472,-0.07510903150165367
104729,0,d4c1e23a091d0960,0.8236221447672807,0.3236221447672807,-1.0,0.3067620537336472,-0.07510903150165367
104729,0,e4ee526bda3920c2,0.8236221447672807,0.3236221447672807,-1.0,0.3067620537336472,-0.07510903150165367
104729,0,4c5b14e536cc1334,0.8236221447672807,0.3236221447672807,-1.0,0.3067620537336472,-0.07510903150165367
104729,0,a00500e26347bc0e,0.8236221447672807,0.3236221447672807,-1.0,0.3067620537336472,-0.07510903150165367
104729,0,5b0255daf759f446,0.8236221447672807,0.3236221447672807,-1.0,0.3067620537336472,-0.07510903150165367
104729,0,4998005b3d3757a8,0.8236221447672807,0.3236221447672807,-1.0,0.3067620537336472,-0.07510903150165367
104729,0,63d11bbb7d28eb4c,0.8236221447672807,0.3236221447672807,-1.0,0.3067620537336472,-0.07510903150165367
104729,0,e4ff4ed289f6bac3,0.8236221447672807,0.3236221447672807,-1.0,0.3067620537336472,-0.07510903150165367
104729,0,124db139bedffacf,0.8236221447672807,0.3236221447672807,-1.0,0.3067620537336472,-0.07510903150165367
104729,0,cb4273c993344634,0.8236221447672807,0.3236221447672807,-1.0,0.3067620537336472,-0.07510903150165367
104729,0,4759cae892250232,0.8236221447672807,0.3236221447672807,-1.0,0.3067620537336472,-0.07510903150165367
104729,0,830861fddf3571ee,0.8236221447672807,0.3236221447672807,-1.0,0.3067620537336472,-0.07510903150165367
104729,0,259e68bb986bb484,0.8236221447672807,0.3236221447672807,-1.0,0.3067620537336472,-0.07510903150165367
104729,0,f05bea29ca56cbf9,0.8236221447672807,0.3236221447672807,-1.0,0.3067620537336472,-0.07510903150165367
104729,0,f12454cc3399cc0a,0.8236221447672807,0.3236221447672807,-1.0,0.3067620537336472,-0.07510903150165367
104729,0,3036e4501bafe469,0.8236221447672807,0.3236221447672807,-1.0,0.3067620537336472,-0.07510903150165367
104729,0,441f7ec26db26341,0.8236221447672807,0.3236221447672807,-1.0,0.3067620537336472,-0.07510903150165367
104729,0,aecd3ccb7d054807,0.8236221447672807,0.3236221447672807,-1.0,0.3067620537336472,-0.07510903150165367
104729,0,d03955e5b6e2a037,0.8236221447672807,0.3236221447672807,-1.0,0.3067620537336472,-0.07510903150165367
104729,0,7116690484a80f02,0.8236221447672807,0.3236221447672807,-1.0,0.3067620537336472,-0.07510903150165367
104729,0,7a1bd3c43d402b71,0.8236221447672807,0.3236221447672807,-1.0,0.3067620537336472,-0.07510903150165367
104729,0,121733ad19650ea3,0.8236221447672807,0.3236221447672807,-1.0,0.3067620537336472,-0.07510903150165367
104729,0,86b7dbca3f1859b3,0.8236221447672807,0.3236221447672807,-1.0,0.3067620537336472,-0.07510903150165367
104729,0,933a525b1e59cce1,0.8236221447672807,0.3236221447672807,-1.0,0.3067620537336472,-0.07510903150165367
104729,0,7eb305c480cbd81c,0.8236221447672807,0.3236221447672807,-1.0,0.3067620537336472,-0.07510903150165367
104729,0,05a73c87538dea60,0.8236221447672807,0.3236221447672807,-1.0,0.3067620537336472,-0.07510903150165367
104729,0,8cb0deef770e3ca0,0.7679697863707104,0.26796978637071045,-1.0,0.3067620537336472,-0.07510903150165367
104729,0,6b4bf3c0659fff4c,0.8236221447672807,0.3236221447672807,-1.0,0.3067620537336472,-0.07510903150165367
104729,0,b05b2b6bc2a58cde,0.8236221447672807,0.3236221447672807,-1.0,0.3067620537336472,-0.07510903150165367
104729,0,05c3538c00451781,0.8236221447672807,0.3236221447672807,-1.0,0.3067620537336472,-0.07510903150165367
104729,0,459b90da32d12340,0.8236221447672807,0.3236221447672807,-1.0,0.3067620537336472,-0.07510903150165367
104729,0,5add2b02243710d8,0.8236221447672807,0.3236221447672807,-1.0,0.3067620537336472,-0.07510903150165367
104729,0,2a41f3ebef788345,0.8236221447672807,0.3236221447672807,-1.0,0.3067620537336472,-0.07510903150165367
104729,0,099cafc95a99e1db,0.8236221447672807,0.3236221447672807,-1.0,0.3067620537336472,-0.07510903150165367
104729,0,e29c1cf41e785a94,0.8236221447672807,0.3236221447672807,-1.0,0.3067620537336472,-0.07510903150165367
104729,0,61f97ff8feb9afab,0.8236221447672807,0.3236221447672807,-1.0,0.3067620537336472,-0.07510903150165367
104729,0,4481c5627928131d,0.8236221447672807,0.3236221447672807,-1.0,0.3067620537336472,-0.07510903150165367
104729,0,929b2959e4085af9,0.8236221447672807,0.3236221447672807,-1.0,0.3067620537336472,-0.07510903150165367
104729,0,4ae2a0e0a04e22fc,0.8236221447672807,0.3236221447672807,-1.0,0.3067620537336472,-0.07510903150165367
104729,0,f76d16dc48d41e27,0.8236221447672807,0.3236221447672807,-1.0,0.3067620537336472,-0.07510903150165367
104729,0,ca38ba3a8898a577,0.8236221447672807,0.3236221447672807,-1.0,0.3067620537336472,-0.07510903150165367
104729,0,b88c40d83066f30e,0.8236221447672807,0.3236221447672807,-1.0,0.3067620537336472,-0.07510903150165367
104729,0,86753032d9fa008d,0.8236221447672807,0.3236221447672807,-1.0,0.3067620537336472,-0.07510903150165367
104729,0,658588ea845cbbcd,0.8236221447672807,0.3236221447672807,-1.0,0.3067620537336472,-0.07510903150165367
104729,0,76711e79e2ec01ef,0.8236221447672807,0.3236221447672807,-1.0,0.3067620537336472,-0.07510903150165367
104729,0,b7bc69fc789d9b76,0.8236221447672807,0.3236221447672807,-1.0,0.3067620537336472,-0.07510903150165367
104729,0,0abbcf420e23e3c7,0.8236221447672807,0.3236221447672807,-1.0,0.3067620537336472,-0.07510903150165367
104729,0,2a8b4d6487a26c27,0.8236221447672807,0.3236221447672807,-1.0,0.3067620537336472,-0.07510903150165367
104729,0,f1cc02a92c08ce5a,0.8236221447672807,0.3236221447672807,-1.0,0.3067620537336472,-0.07510903150165367
104729,0,652810ec40425074,0.8236221447672807,0.3236221447672807,-1.0,0.3067620537336472,-0.07510903150165367
104729,0,85fadbeefe51dede,0.8236221447672807,0.3236221447672807,-1.0,0.3067620537336472,-0.07510903150165367
104729,0,0cf584c973b138fa,0.8236221447672807,0.3236221447672807,-1.0,0.3067620537336472,-0.07510903150165367
104729,0,0f586242f57f20f6,0.8236221447672807,0.3236221447672807,-1.0,0.3067620537336472,-0.07510903150165367
104729,0,0711104e8af2bd43,0.8236221447672807,0.3236221447672807,-1.0,0.3067620537336472,-0.07510903150165367
104729,0,4e816bdc993aa716,0.8236221447672807,0.3236221447672807,-1.0,0.3067620537336472,-0.07510903150165367
104729,0,e72207fd3b60a738,0.8236221447672807,0.3236221447672807,-1.0,0.3067620537336472,-0.07510903150165367
104729,0,fb395fc20ad441b8,0.8236221447672807,0.3236221447672807,-1.0,0.3067620537336472,-0.07510903150165367
104729,0,ef0fb6c09176b30a,0.8236221447672807,0.3236221447672807,-1.0,0.3067620537336472,-0.07510903150165367
104729,0,c76f680dd1db3efb,0.8236221447672807,0.3236221447672807,-1.0,0.3067620537336472,-0.07510903150165367
104729,0,37d3f22ee01322f7,0.8236221447672807,0.3236221447672807,-1.0,0.3067620537336472,-0.07510903150165367
104729,0,7a8033cd695a09db,0.8236221447672807,0.3236221447672807,-1.0,0.3067620537336472,-0.07510903150165367
104729,0,2ac1b0d9b7b83726,0.8236221447672807,0.3236221447672807,-1.0,0.3067620537336472,-0.07510903150165367
104729,0,babf32ba697c93fe,0.8236221447672807,0.3236221447672807,-1.0,0.3067620537336472,-0.07510903150165367
104729,0,e492acad0936b2a0,0.8236221447672807,0.3236221447672807,-1.0,0.3067620537336472,-0.07510903150165367
104729,0,9dc40db146f97226,0.8236221447672807,0.3236221447672807,-1.0,0.3067620537336472,-0.07510903150165367
104729,0,03d73939b53041d6,0.8236221447672807,0.3236221447672807,-1.0,0.3067620537336472,-0.07510903150165367
104729,0,9171eebe4dc639c6,0.8236221447672807,0.3236221447672807,-1.0,0.3067620537336472,-0.07510903150165367
104729,0,30c8114cc055d4b0,0.8236221447672807,0.3236221447672807,-1.0,0.3067620537336472,-0.07510903150165367
104729,0,472fc6d9059f3c8e,0.8236221447672807,0.3236221447672807,-1.0,0.3067620537336472,-0.07510903150165367
104729,0,0e0915921cb03b61,0.8236221447672807,0.3236221447672807,-1.0,0.3067620537336472,-0.07510903150165367
104729,0,af971a0b699f29ae,0.8236221447672807,0.3236221447672807,-1.0,0.3067620537336472,-0.07510903150165367
104729,0,7aec532eedbe347b,0.8236221447672807,0.3236221447672807,-1.0,0.3067620537336472,-0.07510903150165367
104729,0,2e7197a7efd242c9,0.8236221447672807,0.3236221447672807,-1.0,0.3067620537336472,-0.07510903150165367
104729,0,10ca3ef9ac6e7fb0,0.8236221447672807,0.3236221447672807,-1.0,0.3067620537336472,-0.07510903150165367
104729,0,8226bcd57b08d4d8,0.8236221447672807,0.3236221447672807,-1.0,0.3067620537336472,-0.07510903150165367
104729,0,44012938119033a5,0.8236221447672807,0.3236221447672807,-1.0,0.3067620537336472,-0.07510903150165367
104729,0,1651b0a3bd1a4142,0.8236221447672807,0.3236221447672807,-1.0,0.3067620537336472,-0.07510903150165367
104729,0,1052c7804a84fd4c,0.8236221447672807,0.3236221447672807,-1.0,0.3067620537336472,-0.07510903150165367
104729,0,2b9cc1a4fc46c0df,0.8236221447672807,0.3236221447672807,-1.0,0.3067620537336472,-0.07510903150165367
104729,0,4cb2ffb4332ca124,0.8236221447672807,0.3236221447672807,-1.0,0.3067620537336472,-0.07510903150165367
104729,0,5169c377777d282b,0.8236221447672807,0.3236221447672807,-1.0,0.3067620537336472,-0.07510903150165367
104729,0,9f969f90406c97a4,0.8236221447672807,0.3236221447672807,-1.0,0.3067620537336472,-0.07510903150165367
104729,0,4abc313a070a9a28,0.8236221447672807,0.3236221447672807,-1.0,0.3067620537336472,-0.07510903150165367
104729,0,070747aae4dc989c,0.8236221447672807,0.3236221447672807,-1.0,0.3067620537336472,-0.07510903150165367
104729,0,baac03fd9286c92d,0.8236221447672807,0.3236221447672807,-1.0,0.3067620537336472,-0.07510903150165367
104729,0,cfb0cf901791360b,0.8236221447672807,0.3236221447672807,-1.0,0.3067620537336472,-0.07510903150165367
104729,0,ee5f0a21fa37baaf,0.8236221447672807,0.3236221447672807,-1.0,0.3067620537336472,-0.07510903150165367
104729,0,82698a4f2e790a6d,0.8236221447672807,0.3236221447672807,-1.0,0.3067620537336472,-0.07510903150165367
104729,0,c10ed3995524f655,0.8236221447672807,0.3236221447672807,-1.0,0.3067620537336472,-0.07510903150165367
104729,0,eca00c5272e79ac3,0.8236221447672807,0.3236221447672807,-1.0,0.3067620537336472,-0.07510903150165367
104729,0,4315ec27cd357b25,0.8236221447672807,0.3236221447672807,-1.0,0.3067620537336472,-0.07510903150165367
104729,0,070f43b8e6fa53cc,0.8236221447672807,0.3236221447672807,-1.0,0.3067620537336472,-0.07510903150165367
104729,0,e7db5fe739b82aaa,0.8236221447672807,0.3236221447672807,-1.0,0.3067620537336472,-0.07510903150165367
104729,0,0973c72a8ec4d510,0.8236221447672807,0.3236221447672807,-1.0,0.3067620537336472,-0.07510903150165367
104729,0,74533b00ce755709,0.8236221447672807,0.3236221447672807,-1.0,0.3067620537336472,-0.07510903150165367
104729,0,953982f25eb9e94b,0.8236221447672807,0.3236221447672807,-1.0,0.3067620537336472,-0.07510903150165367
104729,0,ef98d769b40a6680,0.8236221447672807,0.3236221447672807,-1.0,0.3067620537336472,-0.07510903150165367
104729,0,d4654555019558c8,0.8236221447672807,0.3236221447672807,-1.0,0.3067620537336472,-0.07510903150165367
104729,0,3d131164e9134388,0.8236221447672807,0.3236221447672807,-1.0,0.3067620537336472,-0.07510903150165367
104729,0,fc3b90c2ca040eec,0.8236221447672807,0.3236221447672807,-1.0,0.3067620537336472,-0.07510903150165367
104729,0,9c591c4879c888e6,0.8236221447672807,0.3236221447672807,-1.0,0.3067620537336472,-0.07510903150165367
104729,0,6bc4387fd909f896,0.8236221447672807,0.3236221447672807,-1.0,0.3067620537336472,-0.07510903150165367
104729,0,f6224659cc3203a0,0.8236221447672807,0.3236221447672807,-1.0,0.3067620537336472,-0.07510903150165367
104729,0,366305791859fdae,0.8236221447672807,0.3236221447672807,-1.0,0.3067620537336472,-0.07510903150165367
104729,0,131a35ee31599805,0.8236221447672807,0.3236221447672807,-1.0,0.3067620537336472,-0.07510903150165367
104729,0,3634230792682dfb,0.8236221447672807,0.3236221447672807,-1.0,0.3067620537336472,-0.07510903150165367
104729,0,1fb1bf5499f79939,0.8236221447672807,0.3236221447672807,-1.0,0.3067620537336472,-0.07510903150165367
104729,0,3ebd75679757f580,0.8236221447672807,0.3236221447672807,-1.0,0.3067620537336472,-0.07510903150165367
104729,0,7ef399519f43aa6d,0.8236221447672807,0.3236221447672807,-1.0,0.3067620537336472,-0.07510903150165367
104729,0,37eb96b580471a48,0.8236221447672807,0.3236221447672807,-1.0,0.3067620537336472,-0.07510903150165367
104729,0,75aae14ed0f55590,0.8236221447672807,0.3236221447672807,-1.0,0.3067620537336472,-0.07510903150165367
104729,0,029b985df55ed873,0.8236221447672807,0.3236221447672807,-1.0,0.3067620537336472,-0.07510903150165367
104729,0,d294b06ac73b17a1,0.8236221447672807,0.3236221447672807,-1.0,0.3067620537336472,-0.07510903150165367
104729,0,48baeebc441c0964,0.8236221447672807,0.3236221447672807,-1.0,0.3067620537336472,-0.07510903150165367
104729,0,260b9aefd9095405,0.8236221447672807,0.3236221447672807,-1.0,0.3067620537336472,-0.07510903150165367
104729,0,8f1b939eaa272815,0.8236221447672807,0.3236221447672807,-1.0,0.3067620537336472,-0.07510903150165367
104729,0,e44232cadf8273f0,0.8236221447672807,0.3236221447672807,-1.0,0.3067620537336472,-0.07510903150165367
104729,0,2c1daccff16e80f6,0.8236221447672807,0.3236221447672807,-1.0,0.3067620537336472,-0.07510903150165367
104729,0,097373dc643a54b1,0.8236221447672807,0.3236221447672807,-1.0,0.3067620537336472,-0.07510903150165367
104729,0,497c56cf4bb6611a,0.8236221447672807,0.3236221447672807,-1.0,0.3067620537336472,-0.07510903150165367
104729,0,0ecd4ac4bf29bfb9,0.8236221447672807,0.3236221447672807,-1.0,0.3067620537336472,-0.07510903150165367
104729,0,4530a24acedc122d,0.8236221447672807,0.3236221447672807,-1.0,0.3067620537336472,-0.07510903150165367
104729,0,99b0e9e1b01ed092,0.8236221447672807,0.3236221447672807,-1.0,0.3067620537336472,-0.07510903150165367
104729,0,430134a653758ce5,0.8236221447672807,0.3236221447672807,-1.0,0.3067620537336472,-0.07510903150165367
104729,0,aaa0149134925bf9,0.8236221447672807,0.3236221447672807,-1.0,0.3067620537336472,-0.07510903150165367
104729,0,6514717fd97a63b2,0.8236221447672807,0.3236221447672807,-1.0,0.3067620537336472,-0.07510903150165367
104729,0,478c3b52611a0cbd,0.8236221447672807,0.3236221447672807,-1.0,0.3067620537336472,-0.07510903150165367
104729,0,fe998c00ebf02b5b,0.8236221447672807,0.3236221447672807,-1.0,0.3067620537336472,-0.07510903150165367
104729,0,c65334e8d3752fcf,0.8236221447672807,0.3236221447672807,-1.0,0.3067620537336472,-0.07510903150165367
104729,0,1d1d29abd9feee01,0.8236221447672807,0.3236221447672807,-1.0,0.3067620537336472,-0.07510903150165367
104729,0,c45da4f8ae11b5f9,0.8236221447672807,0.3236221447672807,-1.0,0.3067620537336472,-0.07510903150165367
104729,0,9f79dc8e188218c9,0.8236221447672807,0.3236221447672807,-1.0,0.3067620537336472,-0.07510903150165367
104729,0,8d45ecdd34fd5e01,0.8236221447672807,0.3236221447672807,-1.0,0.3067620537336472,-0.07510903150165367
104729,0,7a309c8298db1979,0.8236221447672807,0.3236221447672807,-1.0,0.3067620537336472,-0.07510903150165367
104729,0,d4b5d2329ee89d8e,0.8236221447672807,0.3236221447672807,-1.0,0.3067620537336472,-0.07510903150165367
104729,0,a05f6146165f6248,0.8236221447672807,0.3236221447672807,-1.0,0.3067620537336472,-0.07510903150165367
104729,0,39d3ae4f08f0d5ec,0.8236221447672807,0.3236221447672807,-1.0,0.3067620537336472,-0.07510903150165367
104729,0,4b954c190b025231,0.8236221447672807,0.3236221447672807,-1.0,0.3067620537336472,-0.07510903150165367
104729,0,d52651311f410143,0.8236221447672807,0.3236221447672807,-1.0,0.3067620537336472,-0.07510903150165367
104729,0,f4f56d69fbd053d6,0.8236221447672807,0.3236221447672807,-1.0,0.3067620537336472,-0.07510903150165367
104729,0,e5a1360bc75a4ef8,0.8236221447672807,0.3236221447672807,-1.0,0.3067620537336472,-0.07510903150165367
104729,0,0f38fd2187cd586a,0.8236221447672807,0.3236221447672807,-1.0,0.3067620537336472,-0.07510903150165367
104729,0,07f266b8e7152849,0.8236221447672807,0.3236221447672807,-1.0,0.3067620537336472,-0.07510903150165367
104729,0,dfe8526ff61dd220,0.8236221447672807,0.3236221447672807,-1.0,0.3067620537336472,-0.07510903150165367
104729,0,22146f154f5452a4,0.8236221447672807,0.3236221447672807,-1.0,0.3067620537336472,-0.07510903150165367
104729,0,fc75ac98d4051976,0.8236221447672807,0.3236221447672807,-1.0,0.3067620537336472,-0.07510903150165367
104729,0,e9c503b9e624ab1c,0.8236221447672807,0.3236221447672807,-1.0,0.3067620537336472,-0.07510903150165367
104729,0,152fe9af83f615b7,0.8236221447672807,0.3236221447672807,-1.0,0.3067620537336472,-0.07510903150165367
104729,0,4348c0181a7fb6a9,0.8236221447672807,0.3236221447672807,-1.0,0.3067620537336472,-0.07510903150165367
104729,0,9fa143d673f003c5,0.8236221447672807,0.3236221447672807,-1.0,0.3067620537336472,-0.07510903150165367
104729,0,b4fc1c58dae55cf7,0.8236221447672807,0.3236221447672807,-1.0,0.3067620537336472,-0.07510903150165367
104729,0,29a2dce9745c7f69,0.8236221447672807,0.3236221447672807,-1.0,0.3067620537336472,-0.07510903150165367
104729,0,b140586b970b08e2,0.8236221447672807,0.3236221447672807,-1.0,0.3067620537336472,-0.07510903150165367
104729,0,e83d4c4ecf844dc8,0.8236221447672807,0.3236221447672807,-1.0,0.3067620537336472,-0.07510903150165367
104729,0,06bdf21af7ecb9fc,0.8236221447672807,0.3236221447672807,-1.0,0.3067620537336472,-0.07510903150165367
104729,0,e5fea5a198d61ae9,0.8236221447672807,0.3236221447672807,-1.0,0.3067620537336472,-0.07510903150165367
104729,0,5481e24299d25612,0.8236221447672807,0.3236221447672807,-1.0,0.3067620537336472,-0.07510903150165367
104729,0,12aa9245de21a311,0.8236221447672807,0.3236221447672807,-1.0,0.3067620537336472,-0.07510903150165367
104729,0,bce6d77fae97e9e6,0.8236221447672807,0.3236221447672807,-1.0,0.3067620537336472,-0.07510903150165367
104729,0,566a8c43ddcbece4,0.8236221447672807,0.3236221447672807,-1.0,0.3067620537336472,-0.07510903150165367
104729,0,60eaef2e90387f04,0.8236221447672807,0.3236221447672807,-1.0,0.3067620537336472,-0.07510903150165367
104729,0,fab613e45cd89915,0.8236221447672807,0.3236221447672807,-1.0,0.3067620537336472,-0.07510903150165367
104729,0,2395ee06cb8f62e4,0.8236221447672807,0.3236221447672807,-1.0,0.3067620537336472,-0.07510903150165367
104729,0,b8ff7dd7bbffc321,0.8236221447672807,0.3236221447672807,-1.0,0.3067620537336472,-0.07510903150165367
104729,0,1531b6ddd3ece892,0.8236221447672807,0.3236221447672807,-1.0,0.3067620537336472,-0.07510903150165367
104729,0,ba23ebfd4dec23af,0.8236221447672807,0.3236221447672807,-1.0,0.3067620537336472,-0.07510903150165367
104729,0,22e6722fa25f0f33,0.8236221447672807,0.3236221447672807,-1.0,0.3067620537336472,-0.07510903150165367
104729,0,ad437829e7500cdc,0.8236221447672807,0.3236221447672807,-1.0,0.3067620537336472,-0.07510903150165367
104729,0,49d8fec581f11a1b,0.8236221447672807,0.3236221447672807,-1.0,0.3067620537336472,-0.07510903150165367
104729,0,a5f895ea5f21c7c6,0.8236221447672807,0.3236221447672807,-1.0,0.3067620537336472,-0.07510903150165367
104729,0,a978e980884d447d,0.8236221447672807,0.3236221447672807,-1.0,0.3067620537336472,-0.07510903150165367
104729,0,caae8f09ae6fe8a6,0.8236221447672807,0.3236221447672807,-1.0,0.3067620537336472,-0.07510903150165367
104729,0,e6726c67347a268e,0.8236221447672807,0.3236221447672807,-1.0,0.3067620537336472,-0.07510903150165367
104729,0,e3d66fb2c7ee2b84,0.8236221447672807,0.3236221447672807,-1.0,0.3067620537336472,-0.07510903150165367
104729,0,e4e934e4aa6ddbdc,0.8236221447672807,0.3236221447672807,-1.0,0.3067620537336472,-0.07510903150165367
104729,0,96867429887d5f2b,0.8236221447672807,0.3236221447672807,-1.0,0.3067620537336472,-0.07510903150165367
104729,0,c093459038ad6cd5,0.8236221447672807,0.3236221447672807,-1.0,0.3067620537336472,-0.07510903150165367
104729,0,2e2178a0708ace3c,0.8236221447672807,0.3236221447672807,-1.0,0.3067620537336472,-0.07510903150165367
104729,0,b0550b120cab19f8,0.8236221447672807,0.3236221447672807,-1.0,0.3067620537336472,-0.07510903150165367
104729,0,e43827453c7e2411,0.8236221447672807,0.3236221447672807,-1.0,0.3067620537336472,-0.07510903150165367
104729,0,04eecc879c91a669,0.8236221447672807,0.3236221447672807,-1.0,0.3067620537336472,-0.07510903150165367
104729,0,b1583a60dbdcf380,0.8236221447672807,0.3236221447672807,-1.0,0.3067620537336472,-0.07510903150165367
104729,0,79d8f74457709963,0.8236221447672807,0.3236221447672807,-1.0,0.3067620537336472,-0.07510903150165367
104729,0,24bf78605a7f0d14,0.8236221447672807,0.3236221447672807,-1.0,0.3067620537336472,-0.07510903150165367
104729,0,8fb7e7e0342b2039,0.8236221447672807,0.3236221447672807,-1.0,0.3067620537336472,-0.07510903150165367
104729,0,7f5406552bbba735,0.8236221447672807,0.3236221447672807,-1.0,0.3067620537336472,-0.07510903150165367
104729,0,a5aca35a0cadf96f,0.8236221447672807,0.3236221447672807,-1.0,0.3067620537336472,-0.07510903150165367
104729,0,69e195a80b7d4973,0.8236221447672807,0.3236221447672807,-1.0,0.3067620537336472,-0.07510903150165367
104729,0,8dcd9e7787055e69,0.8236221447672807,0.3236221447672807,-1.0,0.3067620537336472,-0.07510903150165367
104729,0,9c6851ce5dc22a05,0.8236221447672807,0.3236221447672807,-1.0,0.3067620537336472,-0.07510903150165367
104729,0,4c356ac82685bc22,0.8236221447672807,0.3236221447672807,-1.0,0.3067620537336472,-0.07510903150165367
104729,0,f11938d8b12f2f1b,0.8236221447672807,0.3236221447672807,-1.0,0.3067620537336472,-0.07510903150165367
104729,0,38f978381235fa0f,0.8236221447672807,0.3236221447672807,-1.0,0.3067620537336472,-0.07510903150165367
104729,0,f547ce1a9dc13fd7,0.8236221447672807,0.3236221447672807,-1.0,0.3067620537336472,-0.07510903150165367
104729,0,d39be844f6c19a24,0.8236221447672807,0.3236221447672807,-1.0,0.3067620537336472,-0.07510903150165367
104729,0,07308b2583d8c4cd,0.8236221447672807,0.3236221447672807,-1.0,0.3067620537336472,-0.07510903150165367
104729,0,adbb998b58b05ba5,0.8236221447672807,0.3236221447672807,-1.0,0.3067620537336472,-0.07510903150165367
104729,0,27ba9ec8c5c1679d,0.8236221447672807,0.3236221447672807,-1.0,0.3067620537336472,-0.07510903150165367
104729,0,0c8dfe9e52efea32,0.8236221447672807,0.3236221447672807,-1.0,0.3067620537336472,-0.07510903150165367
104729,0,94001676fbdcec6a,0.8236221447672807,0.3236221447672807,-1.0,0.3067620537336472,-0.07510903150165367
104729,0,14c81e86e596e17b,0.8236221447672807,0.3236221447672807,-1.0,0.3067620537336472,-0.07510903150165367
104729,0,8af48925d3a43351,0.8236221447672807,0.3236221447672807,-1.0,0.3067620537336472,-0.07510903150165367
104729,0,63e05c745b39b25c,0.8236221447672807,0.3236221447672807,-1.0,0.3067620537336472,-0.07510903150165367
104729,0,f646cbd900a6ac93,0.8236221447672807,0.3236221447672807,-1.0,0.3067620537336472,-0.07510903150165367
104729,0,405c419d213255a8,0.8236221447672807,0.3236221447672807,-1.0,0.3067620537336472,-0.07510903150165367
104729,0,d53530d6840d94f0,0.8236221447672807,0.3236221447672807,-1.0,0.3067620537336472,-0.07510903150165367
104729,0,5c3c61f9e9a49367,0.8236221447672807,0.3236221447672807,-1.0,0.3067620537336472,-0.07510903150165367
104729,0,ef9024103123aa88,0.8236221447672807,0.3236221447672807,-1.0,0.3067620537336472,-0.07510903150165367
104729,0,c06060f01ef3c33c,0.8236221447672807,0.3236221447672807,-1.0,0.3067620537336472,-0.07510903150165367
104729,0,3069581a1411c359,0.8236221447672807,0.3236221447672807,-1.0,0.3067620537336472,-0.07510903150165367
104729,0,ebc272cce63b19b5,0.8236221447672807,0.3236221447672807,-1.0,0.3067620537336472,-0.07510903150165367
104729,0,89a2a9e8ba87e99e,0.8236221447672807,0.3236221447672807,-1.0,0.3067620537336472,-0.07510903150165367
104729,0,8a5480f4c0ec7738,0.8236221447672807,0.3236221447672807,-1.0,0.3067620537336472,-0.07510903150165367
104729,0,ee4424ee933309ba,0.8236221447672807,0.3236221447672807,-1.0,0.3067620537336472,-0.07510903150165367
104729,0,c41d53a5c2625ad2,0.8236221447672807,0.3236221447672807,-1.0,0.3067620537336472,-0.07510903150165367
104729,0,da1466fd10c76caa,0.8236221447672807,0.3236221447672807,-1.0,0.3067620537336472,-0.07510903150165367
104729,0,55bd7b92214b4418,0.8236221447672807,0.3236221447672807,-1.0,0.3067620537336472,-0.07510903150165367
104729,0,27dac1aeb58ec2cb,0.8236221447672807,0.3236221447672807,-1.0,0.3067620537336472,-0.07510903150165367
104729,0,a9cb3ebbf14bf055,0.8236221447672807,0.3236221447672807,-1.0,0.3067620537336472,-0.07510903150165367
104729,0,62607940a098ba04,0.8236221447672807,0.3236221447672807,-1.0,0.3067620537336472,-0.07510903150165367
104729,0,80726b41095fe6a4,0.8236221447672807,0.3236221447672807,-1.0,0.3067620537336472,-0.07510903150165367
104729,0,f8b348637519af6d,0.8236221447672807,0.3236221447672807,-1.0,0.3067620537336472,-0.07510903150165367
104729,0,cd3067ece810d420,0.8236221447672807,0.3236221447672807,-1.0,0.3067620537336472,-0.07510903150165367
104729,0,6284e51a92450ff1,0.8236221447672807,0.3236221447672807,-1.0,0.3067620537336472,-0.07510903150165367
104729,0,f863fb3745a236ed,0.8236221447672807,0.3236221447672807,-1.0,0.3067620537336472,-0.07510903150165367
104729,0,354fe634113a078e,0.8236221447672807,0.3236221447672807,-1.0,0.3067620537336472,-0.07510903150165367
104729,0,bd881878983afa89,0.8236221447672807,0.3236221447672807,-1.0,0.3067620537336472,-0.07510903150165367
104729,0,cb88f30f510766d7,0.8236221447672807,0.3236221447672807,-1.0,0.3067620537336472,-0.07510903150165367
104729,0,f05d823b963a6c6e,0.8236221447672807,0.3236221447672807,-1.0,0.3067620537336472,-0.07510903150165367
104729,0,bad44c25ba1e0e47,0.8236221447672807,0.3236221447672807,-1.0,0.3067620537336472,-0.07510903150165367
104729,0,0e9aecd4edb08739,0.8236221447672807,0.3236221447672807,-1.0,0.3067620537336472,-0.07510903150165367
104729,0,fadca46ff2b140c2,0.8236221447672807,0.3236221447672807,-1.0,0.3067620537336472,-0.07510903150165367
104729,0,33dd4fb571535d39,0.8236221447672807,0.3236221447672807,-1.0,0.3067620537336472,-0.07510903150165367
104729,0,c1531bb6a4c0d5dd,0.8236221447672807,0.3236221447672807,-1.0,0.3067620537336472,-0.07510903150165367
104729,0,491a11bbcf7316ac,0.8236221447672807,0.3236221447672807,-1.0,0.3067620537336472,-0.07510903150165367
104729,0,bbf8561763b5fe90,0.8236221447672807,0.3236221447672807,-1.0,0.3067620537336472,-0.07510903150165367
104729,0,23c2e4b4e083bf41,0.8236221447672807,0.3236221447672807,-1.0,0.3067620537336472,-0.07510903150165367
104729,0,94b61f812fd04ae1,0.8236221447672807,0.3236221447672807,-1.0,0.3067620537336472,-0.07510903150165367
104729,0,15d9f57efc2109b2,0.8236221447672807,0.3236221447672807,-1.0,0.3067620537336472,-0.07510903150165367
104729,0,3f970389a16936b0,0.8236221447672807,0.3236221447672807,-1.0,0.3067620537336472,-0.07510903150165367
104729,0,9581b7e59a4fde6b,0.8236221447672807,0.3236221447672807,-1.0,0.3067620537336472,-0.07510903150165367
104729,0,f3f59bcc6a57bf85,0.8236221447672807,0.3236221447672807,-1.0,0.3067620537336472,-0.07510903150165367
104729,0,baac592a9be0ecbc,0.8236221447672807,0.3236221447672807,-1.0,0.3067620537336472,-0.07510903150165367
104729,0,5ecd5d29fae16278,0.8236221447672807,0.3236221447672807,-1.0,0.3067620537336472,-0.07510903150165367
104729,0,1ae066ee87478b63,0.8236221447672807,0.3236221447672807,-1.0,0.3067620537336472,-0.07510903150165367
104729,0,2ff88a5f6fb6d0e9,0.8236221447672807,0.3236221447672807,-1.0,0.3067620537336472,-0.07510903150165367
104729,0,01ee039385fc7c75,0.8236221447672807,0.3236221447672807,-1.0,0.3067620537336472,-0.07510903150165367
104729,0,60987e3ba2606ed9,0.8236221447672807,0.3236221447672807,-1.0,0.3067620537336472,-0.07510903150165367
104729,0,13a35b2f0047182d,0.8236221447672807,0.3236221447672807,-1.0,0.3067620537336472,-0.07510903150165367
104729,0,1ebc2c5cdec573d0,0.8236221447672807,0.3236221447672807,-1.0,0.3067620537336472,-0.07510903150165367
104729,0,481ba480489b2751,0.8236221447672807,0.3236221447672807,-1.0,0.3067620537336472,-0.07510903150165367
104729,0,32de9d815d2846a5,0.8236221447672807,0.3236221447672807,-1.0,0.3067620537336472,-0.07510903150165367
104729,0,af1d270486f91d93,0.8236221447672807,0.3236221447672807,-1.0,0.3067620537336472,-0.07510903150165367
104729,0,969dd6704f8fe61e,0.8236221447672807,0.3236221447672807,-1.0,0.3067620537336472,-0.07510903150165367
104729,0,6cee88301287bd45,0.8236221447672807,0.3236221447672807,-1.0,0.3067620537336472,-0.07510903150165367
104729,0,08c04f254321daed,0.8236221447672807,0.3236221447672807,-1.0,0.3067620537336472,-0.07510903150165367
104729,0,f45cda7484a41d88,0.8236221447672807,0.3236221447672807,-1.0,0.3067620537336472,-0.07510903150165367
104729,0,6488e219e288487a,0.8236221447672807,0.3236221447672807,-1.0,0.3067620537336472,-0.07510903150165367
104729,0,ed6d5074650c9b8b,0.8236221447672807,0.3236221447672807,-1.0,0.3067620537336472,-0.07510903150165367
104729,0,084576c4c03d3466,0.8236221447672807,0.3236221447672807,-1.0,0.3067620537336472,-0.07510903150165367
104729,0,0656e632ce1a7169,0.8236221447672807,0.3236221447672807,-1.0,0.3067620537336472,-0.07510903150165367
104729,0,b0cdf84d11493940,0.8236221447672807,0.3236221447672807,-1.0,0.3067620537336472,-0.07510903150165367
104729,0,64c611b30ca8ba77,0.8236221447672807,0.3236221447672807,-1.0,0.3067620537336472,-0.07510903150165367
104729,0,be97fe183683ad4a,0.8236221447672807,0.3236221447672807,-1.0,0.3067620537336472,-0.07510903150165367
104729,0,c0e9076f69d33056,0.8236221447672807,0.3236221447672807,-1.0,0.3067620537336472,-0.07510903150165367
104729,0,ab8854b327c314cc,0.8236221447672807,0.3236221447672807,-1.0,0.3067620537336472,-0.07510903150165367
104729,0,e0e5be665a068d70,0.8236221447672807,0.3236221447672807,-1.0,0.3067620537336472,-0.07510903150165367
104729,0,8277f2b9e9f965fa,0.8236221447672807,0.3236221447672807,-1.0,0.3067620537336472,-0.07510903150165367
104729,0,258319f8cf1775bd,0.8236221447672807,0.3236221447672807,-1.0,0.3067620537336472,-0.07510903150165367
104729,0,7bcc49d3346d5a47,0.8236221447672807,0.3236221447672807,-1.0,0.3067620537336472,-0.07510903150165367
104729,0,7bb5ec1010ef08b4,0.8236221447672807,0.3236221447672807,-1.0,0.3067620537336472,-0.07510903150165367
104729,0,5df28757679cae26,0.8236221447672807,0.3236221447672807,-1.0,0.3067620537336472,-0.07510903150165367
104729,0,f8ed87d3cf7f4281,0.8236221447672807,0.3236221447672807,-1.0,0.3067620537336472,-0.07510903150165367
104729,0,3ab42c60b155d54b,0.8236221447672807,0.3236221447672807,-1.0,0.3067620537336472,-0.07510903150165367
104729,0,96048bf491b8182c,0.8236221447672807,0.3236221447672807,-1.0,0.3067620537336472,-0.07510903150165367
104729,0,32442e4168bf1ab2,0.8236221447672807,0.3236221447672807,-1.0,0.3067620537336472,-0.07510903150165367
104729,0,590ee18b85260498,0.8236221447672807,0.3236221447672807,-1.0,0.3067620537336472,-0.07510903150165367
104729,0,bc71259110d506f1,0.8236221447672807,0.3236221447672807,-1.0,0.3067620537336472,-0.07510903150165367
104729,0,0a152227108b8080,0.8236221447672807,0.3236221447672807,-1.0,0.3067620537336472,-0.07510903150165367
104729,0,dea5592aab4c6cf0,0.8236221447672807,0.3236221447672807,-1.0,0.3067620537336472,-0.07510903150165367
104729,0,a3bc2e7b55a95970,0.7237257802525916,0.2237257802525916,-1.0,0.3067620537336472,-0.07510903150165367
104729,0,2cf8480c768c5553,0.7237257802525916,0.2237257802525916,-1.0,0.3067620537336472,-0.07510903150165367
104729,0,4ab68efc604014ca,0.3311105657429993,0.1688894342570007,1.0,0.3067620537336472,-0.07510903150165367
104729,0,001f596e6e90825f,0.3311105657429993,0.1688894342570007,1.0,0.3067620537336472,-0.07510903150165367
104729,0,b5e24d8ee05b0308,0.8236221447672807,0.3236221447672807,-1.0,0.3067620537336472,-0.07510903150165367
104729,0,224867547c5f97b1,0.8236221447672807,0.3236221447672807,-1.0,0.3067620537336472,-0.07510903150165367
104729,0,247f57741141188a,0.8236221447672807,0.3236221447672807,-1.0,0.3067620537336472,-0.07510903150165367
104729,0,62e7cdd6fa003391,0.8236221447672807,0.3236221447672807,-1.0,0.3067620537336472,-0.07510903150165367
104729,0,5148f598b8fefae0,0.9231440655680966,0.4231440655680966,-1.0,0.3067620537336472,-0.07510903150165367
104729,0,3bb58e5ef9b428b7,0.8236221447672807,0.3236221447672807,-1.0,0.3067620537336472,-0.07510903150165367
104729,0,786daf3e0a82df88,0.8236221447672807,0.3236221447672807,-1.0,0.3067620537336472,-0.07510903150165367
104729,0,25190cd2ec1fac11,0.8236221447672807,0.3236221447672807,-1.0,0.3067620537336472,-0.07510903150165367
104729,0,ecd9159fe62e40e4,0.8236221447672807,0.3236221447672807,-1.0,0.3067620537336472,-0.07510903150165367
104729,0,4e8be969a97aed3a,0.8236221447672807,0.3236221447672807,-1.0,0.3067620537336472,-0.07510903150165367
104729,0,a423fa7862a329ed,0.8236221447672807,0.3236221447672807,-1.0,0.3067620537336472,-0.07510903150165367
104729,0,bdb8b0e62f40bcf2,0.8236221447672807,0.3236221447672807,-1.0,0.3067620537336472,-0.07510903150165367
104729,0,d9a3a6a909e7df82,0.8236221447672807,0.3236221447672807,-1.0,0.3067620537336472,-0.07510903150165367
104729,0,254bf7e2512ca599,0.8236221447672807,0.3236221447672807,-1.0,0.3067620537336472,-0.07510903150165367
104729,0,ffb2b8db7dbc8411,0.8236221447672807,0.3236221447672807,-1.0,0.3067620537336472,-0.07510903150165367
104729,0,84d57d2109ba58e4,0.8236221447672807,0.3236221447672807,-1.0,0.3067620537336472,-0.07510903150165367
104729,0,fa59d2e1b76c4a24,0.8236221447672807,0.3236221447672807,-1.0,0.3067620537336472,-0.07510903150165367
104729,0,f345a56eda1f9ed1,0.8236221447672807,0.3236221447672807,-1.0,0.3067620537336472,-0.07510903150165367
104729,0,51a739465b8fb046,0.8236221447672807,0.3236221447672807,-1.0,0.3067620537336472,-0.07510903150165367
104729,0,c8a6ffeb23a0bcc2,0.8236221447672807,0.3236221447672807,-1.0,0.3067620537336472,-0.07510903150165367
104729,0,8ce2ac39e721d1aa,0.8236221447672807,0.3236221447672807,-1.0,0.3067620537336472,-0.07510903150165367
104729,0,bfa7684fc1fda64f,0.8236221447672807,0.3236221447672807,-1.0,0.3067620537336472,-0.07510903150165367
104729,0,704fc6f6bf74b603,0.8236221447672807,0.3236221447672807,-1.0,0.3067620537336472,-0.07510903150165367
104729,0,294703df92b6533e,0.8236221447672807,0.3236221447672807,-1.0,0.3067620537336472,-0.07510903150165367
104729,0,4e73fc9e25c9b546,0.8236221447672807,0.3236221447672807,-1.0,0.3067620537336472,-0.07510903150165367
104729,0,cdf8056c8a18ea40,0.8236221447672807,0.3236221447672807,-1.0,0.3067620537336472,-0.07510903150165367
104729,0,5c166731d1d5fbd1,0.8236221447672807,0.3236221447672807,-1.0,0.3067620537336472,-0.07510903150165367
104729,0,eb33bd3082722c29,0.8236221447672807,0.3236221447672807,-1.0,0.3067620537336472,-0.07510903150165367
104729,0,df85bbf19f37e424,0.8236221447672807,0.3236221447672807,-1.0,0.3067620537336472,-0.07510903150165367
104729,0,191dc47465a7947d,0.8236221447672807,0.3236221447672807,-1.0,0.3067620537336472,-0.07510903150165367
104729,0,0bfe8db0dedc76b3,0.8236221447672807,0.3236221447672807,-1.0,0.3067620537336472,-0.07510903150165367
104729,0,858435d031f0b505,0.8236221447672807,0.3236221447672807,-1.0,0.3067620537336472,-0.07510903150165367
104729,0,703f3002cd07af0a,0.8236221447672807,0.3236221447672807,-1.0,0.3067620537336472,-0.07510903150165367
104729,0,55c8024e6aeb8645,0.8236221447672807,0.3236221447672807,-1.0,0.3067620537336472,-0.07510903150165367
104729,0,43852ce0a368a901,0.8236221447672807,0.3236221447672807,-1.0,0.3067620537336472,-0.07510903150165367
104729,0,170f4449e685df34,0.8236221447672807,0.3236221447672807,-1.0,0.3067620537336472,-0.07510903150165367
104729,0,80831f6aeb20c04c,0.8236221447672807,0.3236221447672807,-1.0,0.3067620537336472,-0.07510903150165367
104729,0,44ffaf6d189cbdca,0.8236221447672807,0.3236221447672807,-1.0,0.3067620537336472,-0.07510903150165367
104729,0,60dbe004cb66ba19,0.3311105657429993,0.1688894342570007,1.0,0.3067620537336472,-0.07510903150165367
104729,0,b5e65446da21df7b,0.8236221447672807,0.3236221447672807,-1.0,0.3067620537336472,-0.07510903150165367
104729,0,15dc1799c184fc3a,0.8236221447672807,0.3236221447672807,-1.0,0.3067620537336472,-0.07510903150165367
104729,0,9d9213331ad7dd69,0.8236221447672807,0.3236221447672807,-1.0,0.3067620537336472,-0.07510903150165367
104729,0,dccc576d9bc9c6e4,0.8236221447672807,0.3236221447672807,-1.0,0.3067620537336472,-0.07510903150165367
104729,0,67e6ec7793b157fe,0.8236221447672807,0.3236221447672807,-1.0,0.3067620537336472,-0.07510903150165367
104729,0,0566ed2ca037d109,0.8236221447672807,0.3236221447672807,-1.0,0.3067620537336472,-0.07510903150165367
104729,0,dacc5a494d43359d,0.8236221447672807,0.3236221447672807,-1.0,0.3067620537336472,-0.07510903150165367
104729,0,507af5394b70a4dd,0.8236221447672807,0.3236221447672807,-1.0,0.3067620537336472,-0.07510903150165367
104729,0,c69bbc62cd828d2d,0.8236221447672807,0.3236221447672807,-1.0,0.3067620537336472,-0.07510903150165367
104729,0,30c4c895c1f14a00,0.3311105657429993,0.1688894342570007,1.0,0.3067620537336472,-0.07510903150165367
104729,0,a336d7efac6d497f,0.3311105657429993,0.1688894342570007,1.0,0.3067620537336472,-0.07510903150165367
104729,0,def49c5f51a54d90,0.3311105657429993,0.1688894342570007,1.0,0.3067620537336472,-0.07510903150165367
104729,0,3ca8bfeb40f3602a,0.8236221447672807,0.3236221447672807,-1.0,0.3067620537336472,-0.07510903150165367
104729,0,13bdb1b842aedadd,0.8236221447672807,0.3236221447672807,-1.0,0.3067620537336472,-0.07510903150165367
104729,0,f69839108b2c85f5,0.8236221447672807,0.3236221447672807,-1.0,0.3067620537336472,-0.07510903150165367
104729,0,406f42dfb5421781,0.8236221447672807,0.3236221447672807,-1.0,0.3067620537336472,-0.07510903150165367
104729,0,61c102ab7cc7f620,0.8236221447672807,0.3236221447672807,-1.0,0.3067620537336472,-0.07510903150165367
104729,0,22e588a0e0c13f2f,0.8236221447672807,0.3236221447672807,-1.0,0.3067620537336472,-0.07510903150165367
104729,0,ba30679f20d1f8ba,0.8236221447672807,0.3236221447672807,-1.0,0.3067620537336472,-0.07510903150165367
104729,0,0fa0546f61f02ef1,0.8236221447672807,0.3236221447672807,-1.0,0.3067620537336472,-0.07510903150165367
104729,0,0fa842aec22f7c26,0.8236221447672807,0.3236221447672807,-1.0,0.3067620537336472,-0.07510903150165367
104729,0,674109bd60361b81,0.8236221447672807,0.3236221447672807,-1.0,0.3067620537336472,-0.07510903150165367
104729,0,85ee7a988bff9651,0.8236221447672807,0.3236221447672807,-1.0,0.3067620537336472,-0.07510903150165367
104729,0,05a9d42bc9a52c2f,0.8236221447672807,0.3236221447672807,-1.0,0.3067620537336472,-0.07510903150165367
104729,0,7d36bc477a0e0230,0.8236221447672807,0.3236221447672807,-1.0,0.3067620537336472,-0.07510903150165367
104729,0,63f496241ad8d2c6,0.8236221447672807,0.3236221447672807,-1.0,0.3067620537336472,-0.07510903150165367
104729,0,fe42258fb5d2f4c0,0.33111056574299935,0.16888943425700065,1.0,0.3067620537336472,-0.07510903150165367
104729,1,109e14b8ccc21bad,0.002665913042491114,0.49733408695750886,1.0,0.2738682242259046,-0.10651909309127956
104729,1,1e24cffad4644246,0.5737315095835327,0.0737315095835327,-1.0,0.2738682242259046,-0.10651909309127956
104729,1,303084e36adee19e,0.7867835730520186,0.2867835730520186,-1.0,0.2738682242259046,-0.10651909309127956
104729,1,e5564b444fdaf53f,0.7867835730520186,0.2867835730520186,-1.0,0.2738682242259046,-0.10651909309127956
104729,1,8dbcbd7ca36dfcac,0.0009149144794489419,0.49908508552055103,1.0,0.2738682242259046,-0.10651909309127956
104729,1,8af24844744ac7f2,0.0009149144794489419,0.49908508552055103,1.0,0.2738682242259046,-0.10651909309127956
104729,1,da6bc9ba440520e9,0.027499212917322623,0.4725007870826774,1.0,0.2738682242259046,-0.10651909309127956
104729,1,b33dc03c40457417,0.027499212917322623,0.4725007870826774,1.0,0.2738682242259046,-0.10651909309127956
104729,1,f457e9a3d6532cc8,0.7867835730520186,0.2867835730520186,-1.0,0.2738682242259046,-0.10651909309127956
104729,1,9754896d384a387f,0.7867835730520186,0.2867835730520186,-1.0,0.2738682242259046,-0.10651909309127956
104729,1,e48388064c30fbb4,0.7867835730520186,0.2867835730520186,-1.0,0.2738682242259046,-0.10651909309127956
104729,1,cd097fce666bd34a,0.7867835730520186,0.2867835730520186,-1.0,0.2738682242259046,-0.10651909309127956
104729,1,fbd013078d5396c3,0.7867835730520186,0.2867835730520186,-1.0,0.2738682242259046,-0.10651909309127956
104729,1,196797dc24f71fda,0.7867835730520186,0.2867835730520186,-1.0,0.2738682242259046,-0.10651909309127956
104729,1,575484a7b0e30ce4,0.7867835730520186,0.2867835730520186,-1.0,0.2738682242259046,-0.10651909309127956
104729,1,8a78c3b1777b0625,0.7867835730520186,0.2867835730520186,-1.0,0.2738682242259046,-0.10651909309127956
104729,1,ceb21275e22d7bc5,0.7867835730520186,0.2867835730520186,-1.0,0.2738682242259046,-0.10651909309127956
104729,1,7054e94bc4c6833f,0.7867835730520186,0.2867835730520186,-1.0,0.2738682242259046,-0.10651909309127956
104729,1,387c8149db0709ba,0.06759859684165465,0.43240140315834535,1.0,0.2738682242259046,-0.10651909309127956
104729,1,a0d4af2988976e92,0.3748147700805929,0.12518522991940711,1.0,0.2738682242259046,-0.10651909309127956
104729,1,8c5403780d088101,0.3748147700805928,0.12518522991940723,1.0,0.2738682242259046,-0.10651909309127956
104729,1,a578b16e226e3955,0.06772160105615019,0.4322783989438498,1.0,0.2738682242259046,-0.10651909309127956
104729,2,2d78f120adfe3686,2.711737712573764e-05,0.49997288262287426,1.0,0.3421578266285512,-0.08639792475110637
104729,2,80c823b698d1e2e3,0.9505031936054065,0.45050319360540647,-1.0,0.3421578266285512,-0.08639792475110637
104729,2,26c34ebae098cb88,0.7296772441365946,0.22967724413659463,-1.0,0.3421578266285512,-0.08639792475110637
104729,2,24e25ef33361b113,0.7296772441365946,0.22967724413659463,-1.0,0.3421578266285512,-0.08639792475110637
104729,2,867065d232568bc2,0.7296772441365946,0.22967724413659463,-1.0,0.3421578266285512,-0.08639792475110637
104729,2,1d24c65c4467674c,0.7296772441365946,0.22967724413659463,-1.0,0.3421578266285512,-0.08639792475110637
104729,2,bd3fc29ffabf7ddb,0.7296772441365946,0.22967724413659463,-1.0,0.3421578266285512,-0.08639792475110637
104729,2,1ae01662fc857c0c,0.7296772441365946,0.22967724413659463,-1.0,0.3421578266285512,-0.08639792475110637
104729,2,39e5721af352391f,5.8117638662567926e-05,0.4999418823613374,1.0,0.3421578266285512,-0.08639792475110637
104729,2,e50fafc498d71881,0.003018374336449296,0.4969816256635507,1.0,0.3421578266285512,-0.08639792475110637
104729,2,67f2cc5a43a622c3,0.00012710958521907126,0.49987289041478095,1.0,0.3421578266285512,-0.08639792475110637
104729,2,0ff595d576155f6c,0.7296772441365946,0.22967724413659463,-1.0,0.3421578266285512,-0.08639792475110637
104729,2,ac87efdb82643345,0.7296772441365946,0.22967724413659463,-1.0,0.3421578266285512,-0.08639792475110637
104729,2,bc9a63898c4a9f31,0.7296772441365946,0.22967724413659463,-1.0,0.3421578266285512,-0.08639792475110637
104729,2,cf940348affe2b22,0.7296772441365946,0.22967724413659463,-1.0,0.3421578266285512,-0.08639792475110637
104729,2,f9634fd0d4f54298,2.711737712573764e-05,0.49997288262287426,1.0,0.3421578266285512,-0.08639792475110637
104729,2,12a3128354fdff0d,2.711737712573764e-05,0.49997288262287426,1.0,0.3421578266285512,-0.08639792475110637
104729,2,69c48d6302dc0419,0.00012710958521907126,0.49987289041478095,1.0,0.3421578266285512,-0.08639792475110637
104729,2,99b606925e9e5da5,0.005817522999412673,0.4941824770005873,1.0,0.3421578266285512,-0.08639792475110637
104729,2,737616fbf4da4cc5,0.005817522999412673,0.4941824770005873,1.0,0.3421578266285512,-0.08639792475110637
104729,2,dfd12fd9a63c1bed,0.00012710958521907126,0.49987289041478095,1.0,0.3421578266285512,-0.08639792475110637
104729,2,7e28c59c22bb78a1,0.00012710958521907126,0.49987289041478095,1.0,0.3421578266285512,-0.08639792475110637
104729,2,f900d30f4f9cb904,0.00012710958521907126,0.49987289041478095,1.0,0.3421578266285512,-0.08639792475110637
104729,2,6ff6056da7469332,0.00012710958521907126,0.49987289041478095,1.0,0.3421578266285512,-0.08639792475110637
104729,2,b1d9860b27f6967a,0.998561219428774,0.49856121942877396,-1.0,0.3421578266285512,-0.08639792475110637
104729,2,8aacfa427d94a6c3,0.00047350810291573754,0.49952649189708426,1.0,0.3421578266285512,-0.08639792475110637
104729,2,a4d656d2b626c103,0.00047350810291573836,0.49952649189708426,1.0,0.3421578266285512,-0.08639792475110637
104729,3,0f09c750ad725e62,0.00012079192858203779,0.49987920807141795,1.0,0.30345013348841104,-0.04904630997580017
104729,3,b3e96da836b2a8d7,0.6806070141150196,0.18060701411501956,-1.0,0.30345013348841104,-0.04904630997580017
104729,3,5a784610642d15eb,0.6806070141150196,0.18060701411501956,-1.0,0.30345013348841104,-0.04904630997580017
104729,3,83e92ef55cb48b32,0.2541747664292624,0.2458252335707376,1.0,0.30345013348841104,-0.04904630997580017
104729,3,b12fc13eb540e876,0.2541747664292624,0.2458252335707376,1.0,0.30345013348841104,-0.04904630997580017
104729,3,b20623fec7beda7f,0.2541747664292624,0.2458252335707376,1.0,0.30345013348841104,-0.04904630997580017
104729,3,c85d5c123ee3faf7,0.2541747664292624,0.2458252335707376,1.0,0.30345013348841104,-0.04904630997580017
104729,3,6bb24aa7ebde5cf2,0.2541747664292624,0.2458252335707376,1.0,0.30345013348841104,-0.04904630997580017
104729,3,62210f1ed9c0290a,0.01685230592079042,0.4831476940792096,1.0,0.30345013348841104,-0.04904630997580017
104729,3,e5801ade018e294c,0.21680018675391843,0.28319981324608157,1.0,0.30345013348841104,-0.04904630997580017
104729,3,b6dd725c12a98df4,0.12166507442303165,0.37833492557696835,1.0,0.30345013348841104,-0.04904630997580017
104729,3,99a96142eb77b2ba,0.12166507442303165,0.37833492557696835,1.0,0.30345013348841104,-0.04904630997580017
104729,3,cf100c942f2bcf49,0.6806070141150196,0.18060701411501956,-1.0,0.30345013348841104,-0.04904630997580017
104729,3,96334e652839c42f,0.04287181506480904,0.457128184935191,1.0,0.30345013348841104,-0.04904630997580017
104729,4,51b8bb1801b4ae88,0.00017993017084517914,0.49982006982915483,1.0,0.2997149741036747,-0.09593130470526902
104729,4,5fe61fb5cb043ac8,0.09896648402982827,0.40103351597017173,1.0,0.2997149741036747,-0.09593130470526902
104729,4,75373a48cee6831b,0.09896648402982827,0.40103351597017173,1.0,0.2997149741036747,-0.09593130470526902
104729,4,6b5aa379bd39e0ef,0.09896648402982827,0.40103351597017173,1.0,0.2997149741036747,-0.09593130470526902
104729,4,5fb4f83d5104f22b,0.7539820182933555,0.25398201829335554,-1.0,0.2997149741036747,-0.09593130470526902
104729,4,14adb12855160ba8,0.0020191657577647458,0.49798083424223527,1.0,0.2997149741036747,-0.09593130470526902
104729,4,2ce4216d747e06bd,0.7539820182933555,0.25398201829335554,-1.0,0.2997149741036747,-0.09593130470526902
104729,4,9556abeb71c0402e,0.0020191657577647458,0.49798083424223527,1.0,0.2997149741036747,-0.09593130470526902
104729,4,933cfc281ff52df6,0.16137206560678605,0.3386279343932139,1.0,0.2997149741036747,-0.09593130470526902
104729,4,c950dc2982e96b83,0.9792304537632665,0.47923045376326645,-1.0,0.2997149741036747,-0.09593130470526902
104729,4,e750e112570d7faa,0.9792304537632665,0.47923045376326645,-1.0,0.2997149741036747,-0.09593130470526902
104729,4,894c0f669179ac88,0.9792304537632665,0.47923045376326645,-1.0,0.2997149741036747,-0.09593130470526902
104729,4,ca1d836f90fd7326,0.9792304537632665,0.47923045376326645,-1.0,0.2997149741036747,-0.09593130470526902
104729,4,1d5bd9571e76b6b9,0.9792304537632665,0.47923045376326645,-1.0,0.2997149741036747,-0.09593130470526902
104729,4,12e5b227c6778b31,0.9792304537632665,0.47923045376326645,-1.0,0.2997149741036747,-0.09593130470526902
104729,4,cc0aa04a7d4e6736,0.9792304537632665,0.47923045376326645,-1.0,0.2997149741036747,-0.09593130470526902
104729,4,9d3ad92a7e474a02,0.9792304537632665,0.47923045376326645,-1.0,0.2997149741036747,-0.09593130470526902
104729,4,85c3345fc4f19f94,0.9792304537632665,0.47923045376326645,-1.0,0.2997149741036747,-0.09593130470526902
104729,4,326289072f176f80,0.9792304537632665,0.47923045376326645,-1.0,0.2997149741036747,-0.09593130470526902
104729,4,9586db05ac5e234b,0.9792304537632665,0.47923045376326645,-1.0,0.2997149741036747,-0.09593130470526902
104729,4,210a7fd223b28532,0.9792304537632665,0.47923045376326645,-1.0,0.2997149741036747,-0.09593130470526902
104729,4,dc13ffb6702915b0,0.9792304537632665,0.47923045376326645,-1.0,0.2997149741036747,-0.09593130470526902
104729,4,b602105bc79ff59a,0.9792304537632665,0.47923045376326645,-1.0,0.2997149741036747,-0.09593130470526902
104729,4,7e60dab22fb414cd,0.9792304537632665,0.47923045376326645,-1.0,0.2997149741036747,-0.09593130470526902
104729,4,c6571910bb94ca86,0.9792304537632665,0.47923045376326645,-1.0,0.2997149741036747,-0.09593130470526902
104729,4,62448b158626bc3b,0.0020191657577647458,0.49798083424223527,1.0,0.2997149741036747,-0.09593130470526902
104729,4,a726b022cfb7eec7,0.010280302809577037,0.48971969719042296,1.0,0.2997149741036747,-0.09593130470526902
104729,4,cc095c60c1836798,0.9988537758477081,0.49885377584770807,-1.0,0.2997149741036747,-0.09593130470526902
104729,4,1fc3aa577dd17d3b,0.7539820182933555,0.25398201829335554,-1.0,0.2997149741036747,-0.09593130470526902
104729,4,b5dd8ce73ca20571,0.7539820182933555,0.25398201829335554,-1.0,0.2997149741036747,-0.09593130470526902
104729,4,8a2c6f5152aeaf90,0.7539820182933555,0.25398201829335554,-1.0,0.2997149741036747,-0.09593130470526902
104729,4,d353d5dcb1e2552e,0.7539820182933555,0.25398201829335554,-1.0,0.2997149741036747,-0.09593130470526902
104729,4,122d16835afa0b32,0.7539820182933555,0.25398201829335554,-1.0,0.2997149741036747,-0.09593130470526902
104729,4,fb63e1a1688b55ca,0.7539820182933555,0.25398201829335554,-1.0,0.2997149741036747,-0.09593130470526902
104729,4,37b0cdc532627e1d,0.7539820182933555,0.25398201829335554,-1.0,0.2997149741036747,-0.09593130470526902
104729,4,b1319c6a60fe25e2,0.7539820182933555,0.25398201829335554,-1.0,0.2997149741036747,-0.09593130470526902
104729,4,1b71b86063cd1faf,0.7539820182933555,0.25398201829335554,-1.0,0.2997149741036747,-0.09593130470526902
104729,4,bab15f498e85e69e,0.7539820182933555,0.25398201829335554,-1.0,0.2997149741036747,-0.09593130470526902
104729,4,77a9b05cb0bdbcf2,0.7539820182933555,0.25398201829335554,-1.0,0.2997149741036747,-0.09593130470526902
104729,4,2c83afeaea6f67e0,0.7539820182933555,0.25398201829335554,-1.0,0.2997149741036747,-0.09593130470526902
130363,0,7ae1cf22d55d9cc1,0.7749475595019898,0.2749475595019898,-1.0,0.3189712972182957,-0.036856522282450205
130363,0,51b8bb1801b4ae88,0.00011710193340805982,0.4998828980665919,1.0,0.3189712972182957,-0.036856522282450205
130363,0,5fe61fb5cb043ac8,0.15821561517154922,0.34178438482845075,1.0,0.3189712972182957,-0.036856522282450205
130363,0,75373a48cee6831b,0.15821561517154922,0.34178438482845075,1.0,0.3189712972182957,-0.036856522282450205
130363,0,6b5aa379bd39e0ef,0.15821561517154922,0.34178438482845075,1.0,0.3189712972182957,-0.036856522282450205
130363,0,303084e36adee19e,0.7749475595019898,0.2749475595019898,-1.0,0.3189712972182957,-0.036856522282450205
130363,0,67f2cc5a43a622c3,0.0006734318857263434,0.4993265681142737,1.0,0.3189712972182957,-0.036856522282450205
130363,0,e5564b444fdaf53f,0.7749475595019898,0.2749475595019898,-1.0,0.3189712972182957,-0.036856522282450205
130363,0,8dbcbd7ca36dfcac,0.001584097036703969,0.498415902963296,1.0,0.3189712972182957,-0.036856522282450205
130363,0,8af24844744ac7f2,0.001584097036703969,0.498415902963296,1.0,0.3189712972182957,-0.036856522282450205
130363,0,69c48d6302dc0419,0.0006734318857263434,0.4993265681142737,1.0,0.3189712972182957,-0.036856522282450205
130363,0,dfd12fd9a63c1bed,0.0006734318857263434,0.4993265681142737,1.0,0.3189712972182957,-0.036856522282450205
130363,0,7e28c59c22bb78a1,0.0006734318857263434,0.4993265681142737,1.0,0.3189712972182957,-0.036856522282450205
130363,0,f900d30f4f9cb904,0.0006734318857263434,0.4993265681142737,1.0,0.3189712972182957,-0.036856522282450205
130363,0,e5801ade018e294c,0.5357523761934204,0.03575237619342042,-1.0,0.3189712972182957,-0.036856522282450205
130363,0,30c4c895c1f14a00,0.3434919438585065,0.1565080561414935,1.0,0.3189712972182957,-0.036856522282450205
130363,0,a336d7efac6d497f,0.3434919438585065,0.1565080561414935,1.0,0.3189712972182957,-0.036856522282450205
130363,0,def49c5f51a54d90,0.3434919438585065,0.1565080561414935,1.0,0.3189712972182957,-0.036856522282450205
130363,0,3ca8bfeb40f3602a,0.7749475595019898,0.2749475595019898,-1.0,0.3189712972182957,-0.036856522282450205
130363,0,13bdb1b842aedadd,0.7749475595019898,0.2749475595019898,-1.0,0.3189712972182957,-0.036856522282450205
130363,0,fe42258fb5d2f4c0,0.3434919438585065,0.1565080561414935,1.0,0.3189712972182957,-0.036856522282450205
130363,0,8aacfa427d94a6c3,0.0006095971113123436,0.49939040288868763,1.0,0.3189712972182957,-0.036856522282450205
130363,1,0f09c750ad725e62,0.00017359254832207356,0.49982640745167795,1.0,0.30141764673372123,-0.09491448852937377
130363,1,b3e96da836b2a8d7,0.6873823654262372,0.1873823654262372,-1.0,0.30141764673372123,-0.09491448852937377
130363,1,4f2be71378594542,0.6873823654262372,0.1873823654262372,-1.0,0.30141764673372123,-0.09491448852937377
130363,1,b35f13943d04ca50,0.6873823654262372,0.1873823654262372,-1.0,0.30141764673372123,-0.09491448852937377
130363,1,d871da32cd728745,0.6873823654262372,0.1873823654262372,-1.0,0.30141764673372123,-0.09491448852937377
130363,1,ee9ed6c5b9f7b397,0.6873823654262372,0.1873823654262372,-1.0,0.30141764673372123,-0.09491448852937377
130363,1,9ed4efa5a12f8c67,0.6873823654262372,0.1873823654262372,-1.0,0.30141764673372123,-0.09491448852937377
130363,1,343f9328b4ddf79c,0.6873823654262372,0.1873823654262372,-1.0,0.30141764673372123,-0.09491448852937377
130363,1,0f9c166921b14844,0.6873823654262372,0.1873823654262372,-1.0,0.30141764673372123,-0.09491448852937377
130363,1,adf989d8af50b9a8,0.6873823654262372,0.1873823654262372,-1.0,0.30141764673372123,-0.09491448852937377
130363,1,71dc32e0ed7e16a2,0.6873823654262372,0.1873823654262372,-1.0,0.30141764673372123,-0.09491448852937377
130363,1,9f318a8d2aacfaf8,0.6873823654262372,0.1873823654262372,-1.0,0.30141764673372123,-0.09491448852937377
130363,1,519ef744e75b8881,0.6873823654262372,0.1873823654262372,-1.0,0.30141764673372123,-0.09491448852937377
130363,1,b67683ce7ad0ddd2,0.6873823654262372,0.1873823654262372,-1.0,0.30141764673372123,-0.09491448852937377
130363,1,24f200d78a2ccb55,0.6873823654262372,0.1873823654262372,-1.0,0.30141764673372123,-0.09491448852937377
130363,1,815c365f83ac70cf,0.6873823654262372,0.1873823654262372,-1.0,0.30141764673372123,-0.09491448852937377
130363,1,9a5a0eda0a6fd590,0.6873823654262372,0.1873823654262372,-1.0,0.30141764673372123,-0.09491448852937377
130363,1,e7c3a51331914d65,0.6873823654262372,0.1873823654262372,-1.0,0.30141764673372123,-0.09491448852937377
130363,1,a155938e4ae9d704,0.6873823654262372,0.1873823654262372,-1.0,0.30141764673372123,-0.09491448852937377
130363,1,d4a3b4eae29da29b,0.99925602922692,0.49925602922692003,-1.0,0.30141764673372123,-0.09491448852937377
130363,1,26c34ebae098cb88,0.6873823654262372,0.1873823654262372,-1.0,0.30141764673372123,-0.09491448852937377
130363,1,24e25ef33361b113,0.6873823654262372,0.1873823654262372,-1.0,0.30141764673372123,-0.09491448852937377
130363,1,867065d232568bc2,0.6873823654262372,0.1873823654262372,-1.0,0.30141764673372123,-0.09491448852937377
130363,1,1d24c65c4467674c,0.6873823654262372,0.1873823654262372,-1.0,0.30141764673372123,-0.09491448852937377
130363,1,bd3fc29ffabf7ddb,0.6873823654262372,0.1873823654262372,-1.0,0.30141764673372123,-0.09491448852937377
130363,1,1ae01662fc857c0c,0.6873823654262372,0.1873823654262372,-1.0,0.30141764673372123,-0.09491448852937377
130363,1,39e5721af352391f,0.00021481830654710636,0.4997851816934529,1.0,0.30141764673372123,-0.09491448852937377
130363,1,e50fafc498d71881,0.007705402081593629,0.49229459791840635,1.0,0.30141764673372123,-0.09491448852937377
130363,1,0ff595d576155f6c,0.6873823654262372,0.1873823654262372,-1.0,0.30141764673372123,-0.09491448852937377
130363,1,14adb12855160ba8,0.00031802952559399395,0.499681970474406,1.0,0.30141764673372123,-0.09491448852937377
130363,1,83e92ef55cb48b32,0.39325224372072176,0.10674775627927824,1.0,0.30141764673372123,-0.09491448852937377
130363,1,b12fc13eb540e876,0.39325224372072176,0.10674775627927824,1.0,0.30141764673372123,-0.09491448852937377
130363,1,b20623fec7beda7f,0.39325224372072176,0.10674775627927824,1.0,0.30141764673372123,-0.09491448852937377
130363,1,c85d5c123ee3faf7,0.39325224372072176,0.10674775627927824,1.0,0.30141764673372123,-0.09491448852937377
130363,1,6bb24aa7ebde5cf2,0.39325224372072176,0.10674775627927824,1.0,0.30141764673372123,-0.09491448852937377
130363,1,ac87efdb82643345,0.6873823654262372,0.1873823654262372,-1.0,0.30141764673372123,-0.09491448852937377
130363,1,bc9a63898c4a9f31,0.6873823654262372,0.1873823654262372,-1.0,0.30141764673372123,-0.09491448852937377
130363,1,cf940348affe2b22,0.6873823654262372,0.1873823654262372,-1.0,0.30141764673372123,-0.09491448852937377
130363,1,9556abeb71c0402e,0.00031802952559399395,0.499681970474406,1.0,0.30141764673372123,-0.09491448852937377
130363,1,99b606925e9e5da5,0.010065277192108178,0.4899347228078918,1.0,0.30141764673372123,-0.09491448852937377
130363,1,737616fbf4da4cc5,0.010065277192108178,0.4899347228078918,1.0,0.30141764673372123,-0.09491448852937377
130363,1,c950dc2982e96b83,0.9790727532713933,0.4790727532713933,-1.0,0.30141764673372123,-0.09491448852937377
130363,1,e750e112570d7faa,0.9790727532713933,0.4790727532713933,-1.0,0.30141764673372123,-0.09491448852937377
130363,1,894c0f669179ac88,0.9790727532713933,0.4790727532713933,-1.0,0.30141764673372123,-0.09491448852937377
130363,1,ca1d836f90fd7326,0.9790727532713933,0.4790727532713933,-1.0,0.30141764673372123,-0.09491448852937377
130363,1,1d5bd9571e76b6b9,0.9790727532713933,0.4790727532713933,-1.0,0.30141764673372123,-0.09491448852937377
130363,1,12e5b227c6778b31,0.9790727532713933,0.4790727532713933,-1.0,0.30141764673372123,-0.09491448852937377
130363,1,cc0aa04a7d4e6736,0.9790727532713933,0.4790727532713933,-1.0,0.30141764673372123,-0.09491448852937377
130363,1,9d3ad92a7e474a02,0.9790727532713933,0.4790727532713933,-1.0,0.30141764673372123,-0.09491448852937377
130363,1,85c3345fc4f19f94,0.9790727532713933,0.4790727532713933,-1.0,0.30141764673372123,-0.09491448852937377
130363,1,326289072f176f80,0.9790727532713933,0.4790727532713933,-1.0,0.30141764673372123,-0.09491448852937377
130363,1,9586db05ac5e234b,0.9790727532713933,0.4790727532713933,-1.0,0.30141764673372123,-0.09491448852937377
130363,1,210a7fd223b28532,0.9790727532713933,0.4790727532713933,-1.0,0.30141764673372123,-0.09491448852937377
130363,1,dc13ffb6702915b0,0.9790727532713933,0.4790727532713933,-1.0,0.30141764673372123,-0.09491448852937377
130363,1,b602105bc79ff59a,0.9790727532713933,0.4790727532713933,-1.0,0.30141764673372123,-0.09491448852937377
130363,1,7e60dab22fb414cd,0.9790727532713933,0.4790727532713933,-1.0,0.30141764673372123,-0.09491448852937377
130363,1,c6571910bb94ca86,0.9790727532713933,0.4790727532713933,-1.0,0.30141764673372123,-0.09491448852937377
130363,1,62448b158626bc3b,0.00031802952559399395,0.499681970474406,1.0,0.30141764673372123,-0.09491448852937377
130363,1,a726b022cfb7eec7,0.0005683995807325566,0.49943160041926743,1.0,0.30141764673372123,-0.09491448852937377
130363,1,cc095c60c1836798,0.9951697633699248,0.4951697633699248,-1.0,0.30141764673372123,-0.09491448852937377
130363,2,109e14b8ccc21bad,0.0025826232170881236,0.49741737678291187,1.0,0.26507495135589865,-0.0862655977996437
130363,2,80c823b698d1e2e3,0.9451135204205316,0.44511352042053165,-1.0,0.26507495135589865,-0.0862655977996437
130363,2,2ce4216d747e06bd,0.7521008104890423,0.2521008104890423,-1.0,0.26507495135589865,-0.0862655977996437
130363,2,5148f598b8fefae0,0.7511639505697508,0.2511639505697508,-1.0,0.26507495135589865,-0.0862655977996437
130363,2,da6bc9ba440520e9,0.019571275119831668,0.48042872488016836,1.0,0.26507495135589865,-0.0862655977996437
130363,2,b33dc03c40457417,0.019571275119831668,0.48042872488016836,1.0,0.26507495135589865,-0.0862655977996437
130363,2,f69839108b2c85f5,0.7521008104890423,0.2521008104890423,-1.0,0.26507495135589865,-0.0862655977996437
130363,2,406f42dfb5421781,0.7521008104890423,0.2521008104890423,-1.0,0.26507495135589865,-0.0862655977996437
130363,2,61c102ab7cc7f620,0.7521008104890423,0.2521008104890423,-1.0,0.26507495135589865,-0.0862655977996437
130363,2,22e588a0e0c13f2f,0.7521008104890423,0.2521008104890423,-1.0,0.26507495135589865,-0.0862655977996437
130363,2,ba30679f20d1f8ba,0.7521008104890423,0.2521008104890423,-1.0,0.26507495135589865,-0.0862655977996437
130363,2,0fa0546f61f02ef1,0.7521008104890423,0.2521008104890423,-1.0,0.26507495135589865,-0.0862655977996437
130363,2,0fa842aec22f7c26,0.7521008104890423,0.2521008104890423,-1.0,0.26507495135589865,-0.0862655977996437
130363,2,674109bd60361b81,0.7521008104890423,0.2521008104890423,-1.0,0.26507495135589865,-0.0862655977996437
130363,2,85ee7a988bff9651,0.7521008104890423,0.2521008104890423,-1.0,0.26507495135589865,-0.0862655977996437
130363,2,05a9d42bc9a52c2f,0.7521008104890423,0.2521008104890423,-1.0,0.26507495135589865,-0.0862655977996437
130363,2,7d36bc477a0e0230,0.7521008104890423,0.2521008104890423,-1.0,0.26507495135589865,-0.0862655977996437
130363,2,63f496241ad8d2c6,0.7521008104890423,0.2521008104890423,-1.0,0.26507495135589865,-0.0862655977996437
130363,2,f457e9a3d6532cc8,0.7521008104890423,0.2521008104890423,-1.0,0.26507495135589865,-0.0862655977996437
130363,2,9754896d384a387f,0.7521008104890423,0.2521008104890423,-1.0,0.26507495135589865,-0.0862655977996437
130363,2,e48388064c30fbb4,0.7521008104890423,0.2521008104890423,-1.0,0.26507495135589865,-0.0862655977996437
130363,2,cd097fce666bd34a,0.7521008104890423,0.2521008104890423,-1.0,0.26507495135589865,-0.0862655977996437
130363,2,fbd013078d5396c3,0.7521008104890423,0.2521008104890423,-1.0,0.26507495135589865,-0.0862655977996437
130363,2,196797dc24f71fda,0.7521008104890423,0.2521008104890423,-1.0,0.26507495135589865,-0.0862655977996437
130363,2,575484a7b0e30ce4,0.7521008104890423,0.2521008104890423,-1.0,0.26507495135589865,-0.0862655977996437
130363,2,8a78c3b1777b0625,0.7521008104890423,0.2521008104890423,-1.0,0.26507495135589865,-0.0862655977996437
130363,2,ceb21275e22d7bc5,0.7521008104890423,0.2521008104890423,-1.0,0.26507495135589865,-0.0862655977996437
130363,2,7054e94bc4c6833f,0.7521008104890423,0.2521008104890423,-1.0,0.26507495135589865,-0.0862655977996437
130363,2,b1d9860b27f6967a,0.9980181827163899,0.49801818271638987,-1.0,0.26507495135589865,-0.0862655977996437
130363,2,a578b16e226e3955,0.1568577086046845,0.3431422913953155,1.0,0.26507495135589865,-0.0862655977996437
130363,3,d0c6d7ffec5d58c3,0.7487929665222252,0.24879296652222516,-1.0,0.3565617146431482,-0.07364807262568254
130363,3,b0a65fc4ebf31640,0.7487929665222252,0.24879296652222516,-1.0,0.3565617146431482,-0.07364807262568254
130363,3,5336017ed36fd28f,0.7487929665222252,0.24879296652222516,-1.0,0.3565617146431482,-0.07364807262568254
130363,3,b3f035de0e7be945,0.7487929665222252,0.24879296652222516,-1.0,0.3565617146431482,-0.07364807262568254
130363,3,cea7fbe06302870b,0.7487929665222252,0.24879296652222516,-1.0,0.3565617146431482,-0.07364807262568254
130363,3,5a6a2f3bf13a7d55,0.7487929665222252,0.24879296652222516,-1.0,0.3565617146431482,-0.07364807262568254
130363,3,c61ecb085d8df371,0.7487929665222252,0.24879296652222516,-1.0,0.3565617146431482,-0.07364807262568254
130363,3,ca0b84d43992b03d,0.7487929665222252,0.24879296652222516,-1.0,0.3565617146431482,-0.07364807262568254
130363,3,543ce167788b1f3e,0.7487929665222252,0.24879296652222516,-1.0,0.3565617146431482,-0.07364807262568254
130363,3,99c8495117d32d72,0.7487929665222252,0.24879296652222516,-1.0,0.3565617146431482,-0.07364807262568254
130363,3,43615d8a80044b19,0.7487929665222252,0.24879296652222516,-1.0,0.3565617146431482,-0.07364807262568254
130363,3,a1da294020dc650f,0.7487929665222252,0.24879296652222516,-1.0,0.3565617146431482,-0.07364807262568254
130363,3,26cbed1ed70886fe,0.7487929665222252,0.24879296652222516,-1.0,0.3565617146431482,-0.07364807262568254
130363,3,ac59b211ab998989,0.7487929665222252,0.24879296652222516,-1.0,0.3565617146431482,-0.07364807262568254
130363,3,accd65ebb9e6d5bd,0.7487929665222252,0.24879296652222516,-1.0,0.3565617146431482,-0.07364807262568254
130363,3,e9d3da7afd6b290d,0.7487929665222252,0.24879296652222516,-1.0,0.3565617146431482,-0.07364807262568254
130363,3,27060368c02ab464,0.7487929665222252,0.24879296652222516,-1.0,0.3565617146431482,-0.07364807262568254
130363,3,2b26c5cb857798ec,0.7487929665222252,0.24879296652222516,-1.0,0.3565617146431482,-0.07364807262568254
130363,3,6d2db02e8c8d2145,0.7487929665222252,0.24879296652222516,-1.0,0.3565617146431482,-0.07364807262568254
130363,3,e0636d7b6780bb2a,0.7487929665222252,0.24879296652222516,-1.0,0.3565617146431482,-0.07364807262568254
130363,3,417462f881b93736,0.7487929665222252,0.24879296652222516,-1.0,0.3565617146431482,-0.07364807262568254
130363,3,34036c3b224f37de,0.7487929665222252,0.24879296652222516,-1.0,0.3565617146431482,-0.07364807262568254
130363,3,4fcbabe856178b53,0.7487929665222252,0.24879296652222516,-1.0,0.3565617146431482,-0.07364807262568254
130363,3,492b7bdb48f08e41,0.7487929665222252,0.24879296652222516,-1.0,0.3565617146431482,-0.07364807262568254
130363,3,40257a80e298d1e7,0.7487929665222252,0.24879296652222516,-1.0,0.3565617146431482,-0.07364807262568254
130363,3,d107e225e8d2b292,0.7487929665222252,0.24879296652222516,-1.0,0.3565617146431482,-0.07364807262568254
130363,3,b4fd2a49bcbf3d25,0.7487929665222252,0.24879296652222516,-1.0,0.3565617146431482,-0.07364807262568254
130363,3,754e9dee83f16dd1,0.7487929665222252,0.24879296652222516,-1.0,0.3565617146431482,-0.07364807262568254
130363,3,a1364f38e19a30c6,0.7487929665222252,0.24879296652222516,-1.0,0.3565617146431482,-0.07364807262568254
130363,3,ad16fef01adc5432,0.7487929665222252,0.24879296652222516,-1.0,0.3565617146431482,-0.07364807262568254
130363,3,a1d1bb9061317e70,0.43565924956639573,0.06434075043360427,1.0,0.3565617146431482,-0.07364807262568254
130363,3,818f1d78902d2a6d,0.43565924956639573,0.06434075043360427,1.0,0.3565617146431482,-0.07364807262568254
130363,3,bd699b6a4b2c634b,0.43565924956639573,0.06434075043360427,1.0,0.3565617146431482,-0.07364807262568254
130363,3,b3438d0b792d8a58,0.43565924956639573,0.06434075043360427,1.0,0.3565617146431482,-0.07364807262568254
130363,3,d5e6b9dc02e2364e,0.43565924956639573,0.06434075043360427,1.0,0.3565617146431482,-0.07364807262568254
130363,3,180c0a7827d406e0,0.43565924956639573,0.06434075043360427,1.0,0.3565617146431482,-0.07364807262568254
130363,3,80b108c560581bbc,0.43565924956639573,0.06434075043360427,1.0,0.3565617146431482,-0.07364807262568254
130363,3,77428ad94822a7d6,0.43565924956639573,0.06434075043360427,1.0,0.3565617146431482,-0.07364807262568254
130363,3,372778033811af53,0.43565924956639573,0.06434075043360427,1.0,0.3565617146431482,-0.07364807262568254
130363,3,71f1d37fa44d6ef0,0.43565924956639573,0.06434075043360427,1.0,0.3565617146431482,-0.07364807262568254
130363,3,d2ff63c7d43f2890,0.7487929665222252,0.24879296652222516,-1.0,0.3565617146431482,-0.07364807262568254
130363,3,c03f1b0e1f75ae1a,0.7487929665222252,0.24879296652222516,-1.0,0.3565617146431482,-0.07364807262568254
130363,3,61603b00599eb0d5,0.7487929665222252,0.24879296652222516,-1.0,0.3565617146431482,-0.07364807262568254
130363,3,526c53b206ce2492,0.7487929665222252,0.24879296652222516,-1.0,0.3565617146431482,-0.07364807262568254
130363,3,80c76967ecfe2dc2,0.7487929665222252,0.24879296652222516,-1.0,0.3565617146431482,-0.07364807262568254
130363,3,3983850cd373720d,0.7487929665222252,0.24879296652222516,-1.0,0.3565617146431482,-0.07364807262568254
130363,3,73b19eb785eed129,0.7487929665222252,0.24879296652222516,-1.0,0.3565617146431482,-0.07364807262568254
130363,3,0b799dd83f93411e,0.7487929665222252,0.24879296652222516,-1.0,0.3565617146431482,-0.07364807262568254
130363,3,d4c1e23a091d0960,0.7487929665222252,0.24879296652222516,-1.0,0.3565617146431482,-0.07364807262568254
130363,3,e4ee526bda3920c2,0.7487929665222252,0.24879296652222516,-1.0,0.3565617146431482,-0.07364807262568254
130363,3,4c5b14e536cc1334,0.7487929665222252,0.24879296652222516,-1.0,0.3565617146431482,-0.07364807262568254
130363,3,a00500e26347bc0e,0.7487929665222252,0.24879296652222516,-1.0,0.3565617146431482,-0.07364807262568254
130363,3,5b0255daf759f446,0.7487929665222252,0.24879296652222516,-1.0,0.3565617146431482,-0.07364807262568254
130363,3,4998005b3d3757a8,0.7487929665222252,0.24879296652222516,-1.0,0.3565617146431482,-0.07364807262568254
130363,3,63d11bbb7d28eb4c,0.7487929665222252,0.24879296652222516,-1.0,0.3565617146431482,-0.07364807262568254
130363,3,e4ff4ed289f6bac3,0.7487929665222252,0.24879296652222516,-1.0,0.3565617146431482,-0.07364807262568254
130363,3,124db139bedffacf,0.7487929665222252,0.24879296652222516,-1.0,0.3565617146431482,-0.07364807262568254
130363,3,cb4273c993344634,0.7487929665222252,0.24879296652222516,-1.0,0.3565617146431482,-0.07364807262568254
130363,3,4759cae892250232,0.7487929665222252,0.24879296652222516,-1.0,0.3565617146431482,-0.07364807262568254
130363,3,830861fddf3571ee,0.7487929665222252,0.24879296652222516,-1.0,0.3565617146431482,-0.07364807262568254
130363,3,259e68bb986bb484,0.7487929665222252,0.24879296652222516,-1.0,0.3565617146431482,-0.07364807262568254
130363,3,f05bea29ca56cbf9,0.7487929665222252,0.24879296652222516,-1.0,0.3565617146431482,-0.07364807262568254
130363,3,f12454cc3399cc0a,0.7487929665222252,0.24879296652222516,-1.0,0.3565617146431482,-0.07364807262568254
130363,3,3036e4501bafe469,0.7487929665222252,0.24879296652222516,-1.0,0.3565617146431482,-0.07364807262568254
130363,3,441f7ec26db26341,0.7487929665222252,0.24879296652222516,-1.0,0.3565617146431482,-0.07364807262568254
130363,3,aecd3ccb7d054807,0.7487929665222252,0.24879296652222516,-1.0,0.3565617146431482,-0.07364807262568254
130363,3,d03955e5b6e2a037,0.7487929665222252,0.24879296652222516,-1.0,0.3565617146431482,-0.07364807262568254
130363,3,7116690484a80f02,0.7487929665222252,0.24879296652222516,-1.0,0.3565617146431482,-0.07364807262568254
130363,3,7a1bd3c43d402b71,0.7487929665222252,0.24879296652222516,-1.0,0.3565617146431482,-0.07364807262568254
130363,3,121733ad19650ea3,0.7487929665222252,0.24879296652222516,-1.0,0.3565617146431482,-0.07364807262568254
130363,3,86b7dbca3f1859b3,0.7487929665222252,0.24879296652222516,-1.0,0.3565617146431482,-0.07364807262568254
130363,3,933a525b1e59cce1,0.7487929665222252,0.24879296652222516,-1.0,0.3565617146431482,-0.07364807262568254
130363,3,7eb305c480cbd81c,0.7487929665222252,0.24879296652222516,-1.0,0.3565617146431482,-0.07364807262568254
130363,3,05a73c87538dea60,0.7487929665222252,0.24879296652222516,-1.0,0.3565617146431482,-0.07364807262568254
130363,3,6b4bf3c0659fff4c,0.7487929665222252,0.24879296652222516,-1.0,0.3565617146431482,-0.07364807262568254
130363,3,b05b2b6bc2a58cde,0.7487929665222252,0.24879296652222516,-1.0,0.3565617146431482,-0.07364807262568254
130363,3,05c3538c00451781,0.7487929665222252,0.24879296652222516,-1.0,0.3565617146431482,-0.07364807262568254
130363,3,459b90da32d12340,0.7487929665222252,0.24879296652222516,-1.0,0.3565617146431482,-0.07364807262568254
130363,3,5add2b02243710d8,0.7487929665222252,0.24879296652222516,-1.0,0.3565617146431482,-0.07364807262568254
130363,3,2a41f3ebef788345,0.7487929665222252,0.24879296652222516,-1.0,0.3565617146431482,-0.07364807262568254
130363,3,099cafc95a99e1db,0.7487929665222252,0.24879296652222516,-1.0,0.3565617146431482,-0.07364807262568254
130363,3,e29c1cf41e785a94,0.7487929665222252,0.24879296652222516,-1.0,0.3565617146431482,-0.07364807262568254
130363,3,61f97ff8feb9afab,0.7487929665222252,0.24879296652222516,-1.0,0.3565617146431482,-0.07364807262568254
130363,3,4481c5627928131d,0.7487929665222252,0.24879296652222516,-1.0,0.3565617146431482,-0.07364807262568254
130363,3,929b2959e4085af9,0.7487929665222252,0.24879296652222516,-1.0,0.3565617146431482,-0.07364807262568254
130363,3,4ae2a0e0a04e22fc,0.7487929665222252,0.24879296652222516,-1.0,0.3565617146431482,-0.07364807262568254
130363,3,f76d16dc48d41e27,0.7487929665222252,0.24879296652222516,-1.0,0.3565617146431482,-0.07364807262568254
130363,3,ca38ba3a8898a577,0.7487929665222252,0.24879296652222516,-1.0,0.3565617146431482,-0.07364807262568254
130363,3,b88c40d83066f30e,0.7487929665222252,0.24879296652222516,-1.0,0.3565617146431482,-0.07364807262568254
130363,3,86753032d9fa008d,0.7487929665222252,0.24879296652222516,-1.0,0.3565617146431482,-0.07364807262568254
130363,3,658588ea845cbbcd,0.7487929665222252,0.24879296652222516,-1.0,0.3565617146431482,-0.07364807262568254
130363,3,76711e79e2ec01ef,0.7487929665222252,0.24879296652222516,-1.0,0.3565617146431482,-0.07364807262568254
130363,3,b7bc69fc789d9b76,0.7487929665222252,0.24879296652222516,-1.0,0.3565617146431482,-0.07364807262568254
130363,3,0abbcf420e23e3c7,0.7487929665222252,0.24879296652222516,-1.0,0.3565617146431482,-0.07364807262568254
130363,3,2a8b4d6487a26c27,0.7487929665222252,0.24879296652222516,-1.0,0.3565617146431482,-0.07364807262568254
130363,3,f1cc02a92c08ce5a,0.7487929665222252,0.24879296652222516,-1.0,0.3565617146431482,-0.07364807262568254
130363,3,652810ec40425074,0.7487929665222252,0.24879296652222516,-1.0,0.3565617146431482,-0.07364807262568254
130363,3,85fadbeefe51dede,0.7487929665222252,0.24879296652222516,-1.0,0.3565617146431482,-0.07364807262568254
130363,3,0cf584c973b138fa,0.7487929665222252,0.24879296652222516,-1.0,0.3565617146431482,-0.07364807262568254
130363,3,0f586242f57f20f6,0.7487929665222252,0.24879296652222516,-1.0,0.3565617146431482,-0.07364807262568254
130363,3,0711104e8af2bd43,0.7487929665222252,0.24879296652222516,-1.0,0.3565617146431482,-0.07364807262568254
130363,3,4e816bdc993aa716,0.7487929665222252,0.24879296652222516,-1.0,0.3565617146431482,-0.07364807262568254
130363,3,e72207fd3b60a738,0.7487929665222252,0.24879296652222516,-1.0,0.3565617146431482,-0.07364807262568254
130363,3,fb395fc20ad441b8,0.7487929665222252,0.24879296652222516,-1.0,0.3565617146431482,-0.07364807262568254
130363,3,ef0fb6c09176b30a,0.7487929665222252,0.24879296652222516,-1.0,0.3565617146431482,-0.07364807262568254
130363,3,c76f680dd1db3efb,0.7487929665222252,0.24879296652222516,-1.0,0.3565617146431482,-0.07364807262568254
130363,3,37d3f22ee01322f7,0.7487929665222252,0.24879296652222516,-1.0,0.3565617146431482,-0.07364807262568254
130363,3,7a8033cd695a09db,0.7487929665222252,0.24879296652222516,-1.0,0.3565617146431482,-0.07364807262568254
130363,3,2ac1b0d9b7b83726,0.7487929665222252,0.24879296652222516,-1.0,0.3565617146431482,-0.07364807262568254
130363,3,babf32ba697c93fe,0.7487929665222252,0.24879296652222516,-1.0,0.3565617146431482,-0.07364807262568254
130363,3,e492acad0936b2a0,0.7487929665222252,0.24879296652222516,-1.0,0.3565617146431482,-0.07364807262568254
130363,3,9dc40db146f97226,0.7487929665222252,0.24879296652222516,-1.0,0.3565617146431482,-0.07364807262568254
130363,3,03d73939b53041d6,0.7487929665222252,0.24879296652222516,-1.0,0.3565617146431482,-0.07364807262568254
130363,3,9171eebe4dc639c6,0.7487929665222252,0.24879296652222516,-1.0,0.3565617146431482,-0.07364807262568254
130363,3,30c8114cc055d4b0,0.7487929665222252,0.24879296652222516,-1.0,0.3565617146431482,-0.07364807262568254
130363,3,472fc6d9059f3c8e,0.7487929665222252,0.24879296652222516,-1.0,0.3565617146431482,-0.07364807262568254
130363,3,0e0915921cb03b61,0.7487929665222252,0.24879296652222516,-1.0,0.3565617146431482,-0.07364807262568254
130363,3,af971a0b699f29ae,0.7487929665222252,0.24879296652222516,-1.0,0.3565617146431482,-0.07364807262568254
130363,3,7aec532eedbe347b,0.7487929665222252,0.24879296652222516,-1.0,0.3565617146431482,-0.07364807262568254
130363,3,2e7197a7efd242c9,0.7487929665222252,0.24879296652222516,-1.0,0.3565617146431482,-0.07364807262568254
130363,3,10ca3ef9ac6e7fb0,0.7487929665222252,0.24879296652222516,-1.0,0.3565617146431482,-0.07364807262568254
130363,3,8226bcd57b08d4d8,0.7487929665222252,0.24879296652222516,-1.0,0.3565617146431482,-0.07364807262568254
130363,3,44012938119033a5,0.7487929665222252,0.24879296652222516,-1.0,0.3565617146431482,-0.07364807262568254
130363,3,1651b0a3bd1a4142,0.7487929665222252,0.24879296652222516,-1.0,0.3565617146431482,-0.07364807262568254
130363,3,1052c7804a84fd4c,0.7487929665222252,0.24879296652222516,-1.0,0.3565617146431482,-0.07364807262568254
130363,3,2b9cc1a4fc46c0df,0.7487929665222252,0.24879296652222516,-1.0,0.3565617146431482,-0.07364807262568254
130363,3,4cb2ffb4332ca124,0.7487929665222252,0.24879296652222516,-1.0,0.3565617146431482,-0.07364807262568254
130363,3,5169c377777d282b,0.7487929665222252,0.24879296652222516,-1.0,0.3565617146431482,-0.07364807262568254
130363,3,9f969f90406c97a4,0.7487929665222252,0.24879296652222516,-1.0,0.3565617146431482,-0.07364807262568254
130363,3,4abc313a070a9a28,0.7487929665222252,0.24879296652222516,-1.0,0.3565617146431482,-0.07364807262568254
130363,3,070747aae4dc989c,0.7487929665222252,0.24879296652222516,-1.0,0.3565617146431482,-0.07364807262568254
130363,3,baac03fd9286c92d,0.7487929665222252,0.24879296652222516,-1.0,0.3565617146431482,-0.07364807262568254
130363,3,cfb0cf901791360b,0.7487929665222252,0.24879296652222516,-1.0,0.3565617146431482,-0.07364807262568254
130363,3,ee5f0a21fa37baaf,0.7487929665222252,0.24879296652222516,-1.0,0.3565617146431482,-0.07364807262568254
130363,3,82698a4f2e790a6d,0.7487929665222252,0.24879296652222516,-1.0,0.3565617146431482,-0.07364807262568254
130363,3,c10ed3995524f655,0.7487929665222252,0.24879296652222516,-1.0,0.3565617146431482,-0.07364807262568254
130363,3,eca00c5272e79ac3,0.7487929665222252,0.24879296652222516,-1.0,0.3565617146431482,-0.07364807262568254
130363,3,4315ec27cd357b25,0.7487929665222252,0.24879296652222516,-1.0,0.3565617146431482,-0.07364807262568254
130363,3,070f43b8e6fa53cc,0.7487929665222252,0.24879296652222516,-1.0,0.3565617146431482,-0.07364807262568254
130363,3,e7db5fe739b82aaa,0.7487929665222252,0.24879296652222516,-1.0,0.3565617146431482,-0.07364807262568254
130363,3,0973c72a8ec4d510,0.7487929665222252,0.24879296652222516,-1.0,0.3565617146431482,-0.07364807262568254
130363,3,74533b00ce755709,0.7487929665222252,0.24879296652222516,-1.0,0.3565617146431482,-0.07364807262568254
130363,3,953982f25eb9e94b,0.7487929665222252,0.24879296652222516,-1.0,0.3565617146431482,-0.07364807262568254
130363,3,ef98d769b40a6680,0.7487929665222252,0.24879296652222516,-1.0,0.3565617146431482,-0.07364807262568254
130363,3,d4654555019558c8,0.7487929665222252,0.24879296652222516,-1.0,0.3565617146431482,-0.07364807262568254
130363,3,3d131164e9134388,0.7487929665222252,0.24879296652222516,-1.0,0.3565617146431482,-0.07364807262568254
130363,3,fc3b90c2ca040eec,0.7487929665222252,0.24879296652222516,-1.0,0.3565617146431482,-0.07364807262568254
130363,3,9c591c4879c888e6,0.7487929665222252,0.24879296652222516,-1.0,0.3565617146431482,-0.07364807262568254
130363,3,6bc4387fd909f896,0.7487929665222252,0.24879296652222516,-1.0,0.3565617146431482,-0.07364807262568254
130363,3,f6224659cc3203a0,0.7487929665222252,0.24879296652222516,-1.0,0.3565617146431482,-0.07364807262568254
130363,3,366305791859fdae,0.7487929665222252,0.24879296652222516,-1.0,0.3565617146431482,-0.07364807262568254
130363,3,131a35ee31599805,0.7487929665222252,0.24879296652222516,-1.0,0.3565617146431482,-0.07364807262568254
130363,3,5fb4f83d5104f22b,0.7487929665222252,0.24879296652222516,-1.0,0.3565617146431482,-0.07364807262568254
130363,3,3634230792682dfb,0.7487929665222252,0.24879296652222516,-1.0,0.3565617146431482,-0.07364807262568254
130363,3,1fb1bf5499f79939,0.7487929665222252,0.24879296652222516,-1.0,0.3565617146431482,-0.07364807262568254
130363,3,3ebd75679757f580,0.7487929665222252,0.24879296652222516,-1.0,0.3565617146431482,-0.07364807262568254
130363,3,7ef399519f43aa6d,0.7487929665222252,0.24879296652222516,-1.0,0.3565617146431482,-0.07364807262568254
130363,3,37eb96b580471a48,0.7487929665222252,0.24879296652222516,-1.0,0.3565617146431482,-0.07364807262568254
130363,3,75aae14ed0f55590,0.7487929665222252,0.24879296652222516,-1.0,0.3565617146431482,-0.07364807262568254
130363,3,029b985df55ed873,0.7487929665222252,0.24879296652222516,-1.0,0.3565617146431482,-0.07364807262568254
130363,3,d294b06ac73b17a1,0.7487929665222252,0.24879296652222516,-1.0,0.3565617146431482,-0.07364807262568254
130363,3,48baeebc441c0964,0.7487929665222252,0.24879296652222516,-1.0,0.3565617146431482,-0.07364807262568254
130363,3,260b9aefd9095405,0.7487929665222252,0.24879296652222516,-1.0,0.3565617146431482,-0.07364807262568254
130363,3,8f1b939eaa272815,0.7487929665222252,0.24879296652222516,-1.0,0.3565617146431482,-0.07364807262568254
130363,3,e44232cadf8273f0,0.7487929665222252,0.24879296652222516,-1.0,0.3565617146431482,-0.07364807262568254
130363,3,2c1daccff16e80f6,0.7487929665222252,0.24879296652222516,-1.0,0.3565617146431482,-0.07364807262568254
130363,3,097373dc643a54b1,0.7487929665222252,0.24879296652222516,-1.0,0.3565617146431482,-0.07364807262568254
130363,3,497c56cf4bb6611a,0.7487929665222252,0.24879296652222516,-1.0,0.3565617146431482,-0.07364807262568254
130363,3,0ecd4ac4bf29bfb9,0.7487929665222252,0.24879296652222516,-1.0,0.3565617146431482,-0.07364807262568254
130363,3,4530a24acedc122d,0.7487929665222252,0.24879296652222516,-1.0,0.3565617146431482,-0.07364807262568254
130363,3,99b0e9e1b01ed092,0.7487929665222252,0.24879296652222516,-1.0,0.3565617146431482,-0.07364807262568254
130363,3,430134a653758ce5,0.7487929665222252,0.24879296652222516,-1.0,0.3565617146431482,-0.07364807262568254
130363,3,aaa0149134925bf9,0.7487929665222252,0.24879296652222516,-1.0,0.3565617146431482,-0.07364807262568254
130363,3,6514717fd97a63b2,0.7487929665222252,0.24879296652222516,-1.0,0.3565617146431482,-0.07364807262568254
130363,3,478c3b52611a0cbd,0.7487929665222252,0.24879296652222516,-1.0,0.3565617146431482,-0.07364807262568254
130363,3,fe998c00ebf02b5b,0.7487929665222252,0.24879296652222516,-1.0,0.3565617146431482,-0.07364807262568254
130363,3,c65334e8d3752fcf,0.7487929665222252,0.24879296652222516,-1.0,0.3565617146431482,-0.07364807262568254
130363,3,1d1d29abd9feee01,0.7487929665222252,0.24879296652222516,-1.0,0.3565617146431482,-0.07364807262568254
130363,3,c45da4f8ae11b5f9,0.7487929665222252,0.24879296652222516,-1.0,0.3565617146431482,-0.07364807262568254
130363,3,9f79dc8e188218c9,0.7487929665222252,0.24879296652222516,-1.0,0.3565617146431482,-0.07364807262568254
130363,3,8d45ecdd34fd5e01,0.7487929665222252,0.24879296652222516,-1.0,0.3565617146431482,-0.07364807262568254
130363,3,7a309c8298db1979,0.7487929665222252,0.24879296652222516,-1.0,0.3565617146431482,-0.07364807262568254
130363,3,d4b5d2329ee89d8e,0.7487929665222252,0.24879296652222516,-1.0,0.3565617146431482,-0.07364807262568254
130363,3,a05f6146165f6248,0.7487929665222252,0.24879296652222516,-1.0,0.3565617146431482,-0.07364807262568254
130363,3,39d3ae4f08f0d5ec,0.7487929665222252,0.24879296652222516,-1.0,0.3565617146431482,-0.07364807262568254
130363,3,4b954c190b025231,0.7487929665222252,0.24879296652222516,-1.0,0.3565617146431482,-0.07364807262568254
130363,3,d52651311f410143,0.7487929665222252,0.24879296652222516,-1.0,0.3565617146431482,-0.07364807262568254
130363,3,f4f56d69fbd053d6,0.7487929665222252,0.24879296652222516,-1.0,0.3565617146431482,-0.07364807262568254
130363,3,e5a1360bc75a4ef8,0.7487929665222252,0.24879296652222516,-1.0,0.3565617146431482,-0.07364807262568254
130363,3,0f38fd2187cd586a,0.7487929665222252,0.24879296652222516,-1.0,0.3565617146431482,-0.07364807262568254
130363,3,07f266b8e7152849,0.7487929665222252,0.24879296652222516,-1.0,0.3565617146431482,-0.07364807262568254
130363,3,dfe8526ff61dd220,0.7487929665222252,0.24879296652222516,-1.0,0.3565617146431482,-0.07364807262568254
130363,3,22146f154f5452a4,0.7487929665222252,0.24879296652222516,-1.0,0.3565617146431482,-0.07364807262568254
130363,3,fc75ac98d4051976,0.7487929665222252,0.24879296652222516,-1.0,0.3565617146431482,-0.07364807262568254
130363,3,e9c503b9e624ab1c,0.7487929665222252,0.24879296652222516,-1.0,0.3565617146431482,-0.07364807262568254
130363,3,152fe9af83f615b7,0.7487929665222252,0.24879296652222516,-1.0,0.3565617146431482,-0.07364807262568254
130363,3,4348c0181a7fb6a9,0.7487929665222252,0.24879296652222516,-1.0,0.3565617146431482,-0.07364807262568254
130363,3,9fa143d673f003c5,0.7487929665222252,0.24879296652222516,-1.0,0.3565617146431482,-0.07364807262568254
130363,3,b4fc1c58dae55cf7,0.7487929665222252,0.24879296652222516,-1.0,0.3565617146431482,-0.07364807262568254
130363,3,29a2dce9745c7f69,0.7487929665222252,0.24879296652222516,-1.0,0.3565617146431482,-0.07364807262568254
130363,3,b140586b970b08e2,0.7487929665222252,0.24879296652222516,-1.0,0.3565617146431482,-0.07364807262568254
130363,3,e83d4c4ecf844dc8,0.7487929665222252,0.24879296652222516,-1.0,0.3565617146431482,-0.07364807262568254
130363,3,06bdf21af7ecb9fc,0.7487929665222252,0.24879296652222516,-1.0,0.3565617146431482,-0.07364807262568254
130363,3,e5fea5a198d61ae9,0.7487929665222252,0.24879296652222516,-1.0,0.3565617146431482,-0.07364807262568254
130363,3,5481e24299d25612,0.7487929665222252,0.24879296652222516,-1.0,0.3565617146431482,-0.07364807262568254
130363,3,12aa9245de21a311,0.7487929665222252,0.24879296652222516,-1.0,0.3565617146431482,-0.07364807262568254
130363,3,bce6d77fae97e9e6,0.7487929665222252,0.24879296652222516,-1.0,0.3565617146431482,-0.07364807262568254
130363,3,566a8c43ddcbece4,0.7487929665222252,0.24879296652222516,-1.0,0.3565617146431482,-0.07364807262568254
130363,3,60eaef2e90387f04,0.7487929665222252,0.24879296652222516,-1.0,0.3565617146431482,-0.07364807262568254
130363,3,fab613e45cd89915,0.7487929665222252,0.24879296652222516,-1.0,0.3565617146431482,-0.07364807262568254
130363,3,2395ee06cb8f62e4,0.7487929665222252,0.24879296652222516,-1.0,0.3565617146431482,-0.07364807262568254
130363,3,b8ff7dd7bbffc321,0.7487929665222252,0.24879296652222516,-1.0,0.3565617146431482,-0.07364807262568254
130363,3,1531b6ddd3ece892,0.7487929665222252,0.24879296652222516,-1.0,0.3565617146431482,-0.07364807262568254
130363,3,ba23ebfd4dec23af,0.7487929665222252,0.24879296652222516,-1.0,0.3565617146431482,-0.07364807262568254
130363,3,22e6722fa25f0f33,0.7487929665222252,0.24879296652222516,-1.0,0.3565617146431482,-0.07364807262568254
130363,3,ad437829e7500cdc,0.7487929665222252,0.24879296652222516,-1.0,0.3565617146431482,-0.07364807262568254
130363,3,49d8fec581f11a1b,0.7487929665222252,0.24879296652222516,-1.0,0.3565617146431482,-0.07364807262568254
130363,3,a5f895ea5f21c7c6,0.7487929665222252,0.24879296652222516,-1.0,0.3565617146431482,-0.07364807262568254
130363,3,a978e980884d447d,0.7487929665222252,0.24879296652222516,-1.0,0.3565617146431482,-0.07364807262568254
130363,3,caae8f09ae6fe8a6,0.7487929665222252,0.24879296652222516,-1.0,0.3565617146431482,-0.07364807262568254
130363,3,e6726c67347a268e,0.7487929665222252,0.24879296652222516,-1.0,0.3565617146431482,-0.07364807262568254
130363,3,e3d66fb2c7ee2b84,0.7487929665222252,0.24879296652222516,-1.0,0.3565617146431482,-0.07364807262568254
130363,3,e4e934e4aa6ddbdc,0.7487929665222252,0.24879296652222516,-1.0,0.3565617146431482,-0.07364807262568254
130363,3,96867429887d5f2b,0.7487929665222252,0.24879296652222516,-1.0,0.3565617146431482,-0.07364807262568254
130363,3,c093459038ad6cd5,0.7487929665222252,0.24879296652222516,-1.0,0.3565617146431482,-0.07364807262568254
130363,3,2e2178a0708ace3c,0.7487929665222252,0.24879296652222516,-1.0,0.3565617146431482,-0.07364807262568254
130363,3,b0550b120cab19f8,0.7487929665222252,0.24879296652222516,-1.0,0.3565617146431482,-0.07364807262568254
130363,3,e43827453c7e2411,0.7487929665222252,0.24879296652222516,-1.0,0.3565617146431482,-0.07364807262568254
130363,3,04eecc879c91a669,0.7487929665222252,0.24879296652222516,-1.0,0.3565617146431482,-0.07364807262568254
130363,3,b1583a60dbdcf380,0.7487929665222252,0.24879296652222516,-1.0,0.3565617146431482,-0.07364807262568254
130363,3,79d8f74457709963,0.7487929665222252,0.24879296652222516,-1.0,0.3565617146431482,-0.07364807262568254
130363,3,24bf78605a7f0d14,0.7487929665222252,0.24879296652222516,-1.0,0.3565617146431482,-0.07364807262568254
130363,3,8fb7e7e0342b2039,0.7487929665222252,0.24879296652222516,-1.0,0.3565617146431482,-0.07364807262568254
130363,3,7f5406552bbba735,0.7487929665222252,0.24879296652222516,-1.0,0.3565617146431482,-0.07364807262568254
130363,3,a5aca35a0cadf96f,0.7487929665222252,0.24879296652222516,-1.0,0.3565617146431482,-0.07364807262568254
130363,3,69e195a80b7d4973,0.7487929665222252,0.24879296652222516,-1.0,0.3565617146431482,-0.07364807262568254
130363,3,8dcd9e7787055e69,0.7487929665222252,0.24879296652222516,-1.0,0.3565617146431482,-0.07364807262568254
130363,3,9c6851ce5dc22a05,0.7487929665222252,0.24879296652222516,-1.0,0.3565617146431482,-0.07364807262568254
130363,3,4c356ac82685bc22,0.7487929665222252,0.24879296652222516,-1.0,0.3565617146431482,-0.07364807262568254
130363,3,f11938d8b12f2f1b,0.7487929665222252,0.24879296652222516,-1.0,0.3565617146431482,-0.07364807262568254
130363,3,38f978381235fa0f,0.7487929665222252,0.24879296652222516,-1.0,0.3565617146431482,-0.07364807262568254
130363,3,f547ce1a9dc13fd7,0.7487929665222252,0.24879296652222516,-1.0,0.3565617146431482,-0.07364807262568254
130363,3,d39be844f6c19a24,0.7487929665222252,0.24879296652222516,-1.0,0.3565617146431482,-0.07364807262568254
130363,3,07308b2583d8c4cd,0.7487929665222252,0.24879296652222516,-1.0,0.3565617146431482,-0.07364807262568254
130363,3,adbb998b58b05ba5,0.7487929665222252,0.24879296652222516,-1.0,0.3565617146431482,-0.07364807262568254
130363,3,27ba9ec8c5c1679d,0.7487929665222252,0.24879296652222516,-1.0,0.3565617146431482,-0.07364807262568254
130363,3,0c8dfe9e52efea32,0.7487929665222252,0.24879296652222516,-1.0,0.3565617146431482,-0.07364807262568254
130363,3,94001676fbdcec6a,0.7487929665222252,0.24879296652222516,-1.0,0.3565617146431482,-0.07364807262568254
130363,3,14c81e86e596e17b,0.7487929665222252,0.24879296652222516,-1.0,0.3565617146431482,-0.07364807262568254
130363,3,8af48925d3a43351,0.7487929665222252,0.24879296652222516,-1.0,0.3565617146431482,-0.07364807262568254
130363,3,63e05c745b39b25c,0.7487929665222252,0.24879296652222516,-1.0,0.3565617146431482,-0.07364807262568254
130363,3,f646cbd900a6ac93,0.7487929665222252,0.24879296652222516,-1.0,0.3565617146431482,-0.07364807262568254
130363,3,405c419d213255a8,0.7487929665222252,0.24879296652222516,-1.0,0.3565617146431482,-0.07364807262568254
130363,3,d53530d6840d94f0,0.7487929665222252,0.24879296652222516,-1.0,0.3565617146431482,-0.07364807262568254
130363,3,5c3c61f9e9a49367,0.7487929665222252,0.24879296652222516,-1.0,0.3565617146431482,-0.07364807262568254
130363,3,ef9024103123aa88,0.7487929665222252,0.24879296652222516,-1.0,0.3565617146431482,-0.07364807262568254
130363,3,c06060f01ef3c33c,0.7487929665222252,0.24879296652222516,-1.0,0.3565617146431482,-0.07364807262568254
130363,3,3069581a1411c359,0.7487929665222252,0.24879296652222516,-1.0,0.3565617146431482,-0.07364807262568254
130363,3,ebc272cce63b19b5,0.7487929665222252,0.24879296652222516,-1.0,0.3565617146431482,-0.07364807262568254
130363,3,89a2a9e8ba87e99e,0.7487929665222252,0.24879296652222516,-1.0,0.3565617146431482,-0.07364807262568254
130363,3,8a5480f4c0ec7738,0.7487929665222252,0.24879296652222516,-1.0,0.3565617146431482,-0.07364807262568254
130363,3,ee4424ee933309ba,0.7487929665222252,0.24879296652222516,-1.0,0.3565617146431482,-0.07364807262568254
130363,3,c41d53a5c2625ad2,0.7487929665222252,0.24879296652222516,-1.0,0.3565617146431482,-0.07364807262568254
130363,3,da1466fd10c76caa,0.7487929665222252,0.24879296652222516,-1.0,0.3565617146431482,-0.07364807262568254
130363,3,55bd7b92214b4418,0.7487929665222252,0.24879296652222516,-1.0,0.3565617146431482,-0.07364807262568254
130363,3,27dac1aeb58ec2cb,0.7487929665222252,0.24879296652222516,-1.0,0.3565617146431482,-0.07364807262568254
130363,3,a9cb3ebbf14bf055,0.7487929665222252,0.24879296652222516,-1.0,0.3565617146431482,-0.07364807262568254
130363,3,62607940a098ba04,0.7487929665222252,0.24879296652222516,-1.0,0.3565617146431482,-0.07364807262568254
130363,3,80726b41095fe6a4,0.7487929665222252,0.24879296652222516,-1.0,0.3565617146431482,-0.07364807262568254
130363,3,f8b348637519af6d,0.7487929665222252,0.24879296652222516,-1.0,0.3565617146431482,-0.07364807262568254
130363,3,cd3067ece810d420,0.7487929665222252,0.24879296652222516,-1.0,0.3565617146431482,-0.07364807262568254
130363,3,6284e51a92450ff1,0.7487929665222252,0.24879296652222516,-1.0,0.3565617146431482,-0.07364807262568254
130363,3,f863fb3745a236ed,0.7487929665222252,0.24879296652222516,-1.0,0.3565617146431482,-0.07364807262568254
130363,3,354fe634113a078e,0.7487929665222252,0.24879296652222516,-1.0,0.3565617146431482,-0.07364807262568254
130363,3,bd881878983afa89,0.7487929665222252,0.24879296652222516,-1.0,0.3565617146431482,-0.07364807262568254
130363,3,cb88f30f510766d7,0.7487929665222252,0.24879296652222516,-1.0,0.3565617146431482,-0.07364807262568254
130363,3,f05d823b963a6c6e,0.7487929665222252,0.24879296652222516,-1.0,0.3565617146431482,-0.07364807262568254
130363,3,bad44c25ba1e0e47,0.7487929665222252,0.24879296652222516,-1.0,0.3565617146431482,-0.07364807262568254
130363,3,0e9aecd4edb08739,0.7487929665222252,0.24879296652222516,-1.0,0.3565617146431482,-0.07364807262568254
130363,3,fadca46ff2b140c2,0.7487929665222252,0.24879296652222516,-1.0,0.3565617146431482,-0.07364807262568254
130363,3,33dd4fb571535d39,0.7487929665222252,0.24879296652222516,-1.0,0.3565617146431482,-0.07364807262568254
130363,3,c1531bb6a4c0d5dd,0.7487929665222252,0.24879296652222516,-1.0,0.3565617146431482,-0.07364807262568254
130363,3,491a11bbcf7316ac,0.7487929665222252,0.24879296652222516,-1.0,0.3565617146431482,-0.07364807262568254
130363,3,bbf8561763b5fe90,0.7487929665222252,0.24879296652222516,-1.0,0.3565617146431482,-0.07364807262568254
130363,3,23c2e4b4e083bf41,0.7487929665222252,0.24879296652222516,-1.0,0.3565617146431482,-0.07364807262568254
130363,3,94b61f812fd04ae1,0.7487929665222252,0.24879296652222516,-1.0,0.3565617146431482,-0.07364807262568254
130363,3,15d9f57efc2109b2,0.7487929665222252,0.24879296652222516,-1.0,0.3565617146431482,-0.07364807262568254
130363,3,3f970389a16936b0,0.7487929665222252,0.24879296652222516,-1.0,0.3565617146431482,-0.07364807262568254
130363,3,9581b7e59a4fde6b,0.7487929665222252,0.24879296652222516,-1.0,0.3565617146431482,-0.07364807262568254
130363,3,f3f59bcc6a57bf85,0.7487929665222252,0.24879296652222516,-1.0,0.3565617146431482,-0.07364807262568254
130363,3,baac592a9be0ecbc,0.7487929665222252,0.24879296652222516,-1.0,0.3565617146431482,-0.07364807262568254
130363,3,5ecd5d29fae16278,0.7487929665222252,0.24879296652222516,-1.0,0.3565617146431482,-0.07364807262568254
130363,3,1ae066ee87478b63,0.7487929665222252,0.24879296652222516,-1.0,0.3565617146431482,-0.07364807262568254
130363,3,2ff88a5f6fb6d0e9,0.7487929665222252,0.24879296652222516,-1.0,0.3565617146431482,-0.07364807262568254
130363,3,01ee039385fc7c75,0.7487929665222252,0.24879296652222516,-1.0,0.3565617146431482,-0.07364807262568254
130363,3,60987e3ba2606ed9,0.7487929665222252,0.24879296652222516,-1.0,0.3565617146431482,-0.07364807262568254
130363,3,13a35b2f0047182d,0.7487929665222252,0.24879296652222516,-1.0,0.3565617146431482,-0.07364807262568254
130363,3,1ebc2c5cdec573d0,0.7487929665222252,0.24879296652222516,-1.0,0.3565617146431482,-0.07364807262568254
130363,3,481ba480489b2751,0.7487929665222252,0.24879296652222516,-1.0,0.3565617146431482,-0.07364807262568254
130363,3,32de9d815d2846a5,0.7487929665222252,0.24879296652222516,-1.0,0.3565617146431482,-0.07364807262568254
130363,3,af1d270486f91d93,0.7487929665222252,0.24879296652222516,-1.0,0.3565617146431482,-0.07364807262568254
130363,3,969dd6704f8fe61e,0.7487929665222252,0.24879296652222516,-1.0,0.3565617146431482,-0.07364807262568254
130363,3,6cee88301287bd45,0.7487929665222252,0.24879296652222516,-1.0,0.3565617146431482,-0.07364807262568254
130363,3,08c04f254321daed,0.7487929665222252,0.24879296652222516,-1.0,0.3565617146431482,-0.07364807262568254
130363,3,f45cda7484a41d88,0.7487929665222252,0.24879296652222516,-1.0,0.3565617146431482,-0.07364807262568254
130363,3,6488e219e288487a,0.7487929665222252,0.24879296652222516,-1.0,0.3565617146431482,-0.07364807262568254
130363,3,ed6d5074650c9b8b,0.7487929665222252,0.24879296652222516,-1.0,0.3565617146431482,-0.07364807262568254
130363,3,084576c4c03d3466,0.7487929665222252,0.24879296652222516,-1.0,0.3565617146431482,-0.07364807262568254
130363,3,0656e632ce1a7169,0.7487929665222252,0.24879296652222516,-1.0,0.3565617146431482,-0.07364807262568254
130363,3,b0cdf84d11493940,0.7487929665222252,0.24879296652222516,-1.0,0.3565617146431482,-0.07364807262568254
130363,3,64c611b30ca8ba77,0.7487929665222252,0.24879296652222516,-1.0,0.3565617146431482,-0.07364807262568254
130363,3,be97fe183683ad4a,0.7487929665222252,0.24879296652222516,-1.0,0.3565617146431482,-0.07364807262568254
130363,3,c0e9076f69d33056,0.7487929665222252,0.24879296652222516,-1.0,0.3565617146431482,-0.07364807262568254
130363,3,ab8854b327c314cc,0.7487929665222252,0.24879296652222516,-1.0,0.3565617146431482,-0.07364807262568254
130363,3,e0e5be665a068d70,0.7487929665222252,0.24879296652222516,-1.0,0.3565617146431482,-0.07364807262568254
130363,3,8277f2b9e9f965fa,0.7487929665222252,0.24879296652222516,-1.0,0.3565617146431482,-0.07364807262568254
130363,3,258319f8cf1775bd,0.7487929665222252,0.24879296652222516,-1.0,0.3565617146431482,-0.07364807262568254
130363,3,7bcc49d3346d5a47,0.7487929665222252,0.24879296652222516,-1.0,0.3565617146431482,-0.07364807262568254
130363,3,7bb5ec1010ef08b4,0.7487929665222252,0.24879296652222516,-1.0,0.3565617146431482,-0.07364807262568254
130363,3,5df28757679cae26,0.7487929665222252,0.24879296652222516,-1.0,0.3565617146431482,-0.07364807262568254
130363,3,f8ed87d3cf7f4281,0.7487929665222252,0.24879296652222516,-1.0,0.3565617146431482,-0.07364807262568254
130363,3,3ab42c60b155d54b,0.7487929665222252,0.24879296652222516,-1.0,0.3565617146431482,-0.07364807262568254
130363,3,96048bf491b8182c,0.7487929665222252,0.24879296652222516,-1.0,0.3565617146431482,-0.07364807262568254
130363,3,32442e4168bf1ab2,0.7487929665222252,0.24879296652222516,-1.0,0.3565617146431482,-0.07364807262568254
130363,3,590ee18b85260498,0.7487929665222252,0.24879296652222516,-1.0,0.3565617146431482,-0.07364807262568254
130363,3,bc71259110d506f1,0.7487929665222252,0.24879296652222516,-1.0,0.3565617146431482,-0.07364807262568254
130363,3,0a152227108b8080,0.7487929665222252,0.24879296652222516,-1.0,0.3565617146431482,-0.07364807262568254
130363,3,dea5592aab4c6cf0,0.7487929665222252,0.24879296652222516,-1.0,0.3565617146431482,-0.07364807262568254
130363,3,a3bc2e7b55a95970,0.43565924956639573,0.06434075043360427,1.0,0.3565617146431482,-0.07364807262568254
130363,3,2cf8480c768c5553,0.43565924956639573,0.06434075043360427,1.0,0.3565617146431482,-0.07364807262568254
130363,3,b5e24d8ee05b0308,0.7487929665222252,0.24879296652222516,-1.0,0.3565617146431482,-0.07364807262568254
130363,3,224867547c5f97b1,0.7487929665222252,0.24879296652222516,-1.0,0.3565617146431482,-0.07364807262568254
130363,3,247f57741141188a,0.7487929665222252,0.24879296652222516,-1.0,0.3565617146431482,-0.07364807262568254
130363,3,62e7cdd6fa003391,0.7487929665222252,0.24879296652222516,-1.0,0.3565617146431482,-0.07364807262568254
130363,3,933cfc281ff52df6,0.07441405853873322,0.42558594146126677,1.0,0.3565617146431482,-0.07364807262568254
130363,3,62210f1ed9c0290a,0.27009228284567444,0.22990771715432556,1.0,0.3565617146431482,-0.07364807262568254
130363,3,3bb58e5ef9b428b7,0.7487929665222252,0.24879296652222516,-1.0,0.3565617146431482,-0.07364807262568254
130363,3,786daf3e0a82df88,0.7487929665222252,0.24879296652222516,-1.0,0.3565617146431482,-0.07364807262568254
130363,3,25190cd2ec1fac11,0.7487929665222252,0.24879296652222516,-1.0,0.3565617146431482,-0.07364807262568254
130363,3,ecd9159fe62e40e4,0.7487929665222252,0.24879296652222516,-1.0,0.3565617146431482,-0.07364807262568254
130363,3,4e8be969a97aed3a,0.7487929665222252,0.24879296652222516,-1.0,0.3565617146431482,-0.07364807262568254
130363,3,a423fa7862a329ed,0.7487929665222252,0.24879296652222516,-1.0,0.3565617146431482,-0.07364807262568254
130363,3,bdb8b0e62f40bcf2,0.7487929665222252,0.24879296652222516,-1.0,0.3565617146431482,-0.07364807262568254
130363,3,d9a3a6a909e7df82,0.7487929665222252,0.24879296652222516,-1.0,0.3565617146431482,-0.07364807262568254
130363,3,254bf7e2512ca599,0.7487929665222252,0.24879296652222516,-1.0,0.3565617146431482,-0.07364807262568254
130363,3,ffb2b8db7dbc8411,0.7487929665222252,0.24879296652222516,-1.0,0.3565617146431482,-0.07364807262568254
130363,3,84d57d2109ba58e4,0.7487929665222252,0.24879296652222516,-1.0,0.3565617146431482,-0.07364807262568254
130363,3,fa59d2e1b76c4a24,0.7487929665222252,0.24879296652222516,-1.0,0.3565617146431482,-0.07364807262568254
130363,3,f345a56eda1f9ed1,0.7487929665222252,0.24879296652222516,-1.0,0.3565617146431482,-0.07364807262568254
130363,3,51a739465b8fb046,0.7487929665222252,0.24879296652222516,-1.0,0.3565617146431482,-0.07364807262568254
130363,3,c8a6ffeb23a0bcc2,0.7487929665222252,0.24879296652222516,-1.0,0.3565617146431482,-0.07364807262568254
130363,3,8ce2ac39e721d1aa,0.7487929665222252,0.24879296652222516,-1.0,0.3565617146431482,-0.07364807262568254
130363,3,bfa7684fc1fda64f,0.7487929665222252,0.24879296652222516,-1.0,0.3565617146431482,-0.07364807262568254
130363,3,704fc6f6bf74b603,0.7487929665222252,0.24879296652222516,-1.0,0.3565617146431482,-0.07364807262568254
130363,3,294703df92b6533e,0.7487929665222252,0.24879296652222516,-1.0,0.3565617146431482,-0.07364807262568254
130363,3,4e73fc9e25c9b546,0.7487929665222252,0.24879296652222516,-1.0,0.3565617146431482,-0.07364807262568254
130363,3,cdf8056c8a18ea40,0.7487929665222252,0.24879296652222516,-1.0,0.3565617146431482,-0.07364807262568254
130363,3,5c166731d1d5fbd1,0.7487929665222252,0.24879296652222516,-1.0,0.3565617146431482,-0.07364807262568254
130363,3,eb33bd3082722c29,0.7487929665222252,0.24879296652222516,-1.0,0.3565617146431482,-0.07364807262568254
130363,3,df85bbf19f37e424,0.7487929665222252,0.24879296652222516,-1.0,0.3565617146431482,-0.07364807262568254
130363,3,191dc47465a7947d,0.7487929665222252,0.24879296652222516,-1.0,0.3565617146431482,-0.07364807262568254
130363,3,0bfe8db0dedc76b3,0.7487929665222252,0.24879296652222516,-1.0,0.3565617146431482,-0.07364807262568254
130363,3,858435d031f0b505,0.7487929665222252,0.24879296652222516,-1.0,0.3565617146431482,-0.07364807262568254
130363,3,703f3002cd07af0a,0.7487929665222252,0.24879296652222516,-1.0,0.3565617146431482,-0.07364807262568254
130363,3,55c8024e6aeb8645,0.7487929665222252,0.24879296652222516,-1.0,0.3565617146431482,-0.07364807262568254
130363,3,43852ce0a368a901,0.7487929665222252,0.24879296652222516,-1.0,0.3565617146431482,-0.07364807262568254
130363,3,170f4449e685df34,0.7487929665222252,0.24879296652222516,-1.0,0.3565617146431482,-0.07364807262568254
130363,3,80831f6aeb20c04c,0.7487929665222252,0.24879296652222516,-1.0,0.3565617146431482,-0.07364807262568254
130363,3,44ffaf6d189cbdca,0.7487929665222252,0.24879296652222516,-1.0,0.3565617146431482,-0.07364807262568254
130363,3,b5e65446da21df7b,0.7487929665222252,0.24879296652222516,-1.0,0.3565617146431482,-0.07364807262568254
130363,3,15dc1799c184fc3a,0.7487929665222252,0.24879296652222516,-1.0,0.3565617146431482,-0.07364807262568254
130363,3,9d9213331ad7dd69,0.7487929665222252,0.24879296652222516,-1.0,0.3565617146431482,-0.07364807262568254
130363,3,dccc576d9bc9c6e4,0.7487929665222252,0.24879296652222516,-1.0,0.3565617146431482,-0.07364807262568254
130363,3,67e6ec7793b157fe,0.7487929665222252,0.24879296652222516,-1.0,0.3565617146431482,-0.07364807262568254
130363,3,0566ed2ca037d109,0.7487929665222252,0.24879296652222516,-1.0,0.3565617146431482,-0.07364807262568254
130363,3,dacc5a494d43359d,0.7487929665222252,0.24879296652222516,-1.0,0.3565617146431482,-0.07364807262568254
130363,3,507af5394b70a4dd,0.7487929665222252,0.24879296652222516,-1.0,0.3565617146431482,-0.07364807262568254
130363,3,c69bbc62cd828d2d,0.7487929665222252,0.24879296652222516,-1.0,0.3565617146431482,-0.07364807262568254
130363,3,b6dd725c12a98df4,0.07441405853873322,0.42558594146126677,1.0,0.3565617146431482,-0.07364807262568254
130363,3,99a96142eb77b2ba,0.07441405853873322,0.42558594146126677,1.0,0.3565617146431482,-0.07364807262568254
130363,3,1fc3aa577dd17d3b,0.7487929665222252,0.24879296652222516,-1.0,0.3565617146431482,-0.07364807262568254
130363,3,b5dd8ce73ca20571,0.7487929665222252,0.24879296652222516,-1.0,0.3565617146431482,-0.07364807262568254
130363,3,8a2c6f5152aeaf90,0.7487929665222252,0.24879296652222516,-1.0,0.3565617146431482,-0.07364807262568254
130363,3,d353d5dcb1e2552e,0.7487929665222252,0.24879296652222516,-1.0,0.3565617146431482,-0.07364807262568254
130363,3,122d16835afa0b32,0.7487929665222252,0.24879296652222516,-1.0,0.3565617146431482,-0.07364807262568254
130363,3,fb63e1a1688b55ca,0.7487929665222252,0.24879296652222516,-1.0,0.3565617146431482,-0.07364807262568254
130363,3,37b0cdc532627e1d,0.7487929665222252,0.24879296652222516,-1.0,0.3565617146431482,-0.07364807262568254
130363,3,b1319c6a60fe25e2,0.7487929665222252,0.24879296652222516,-1.0,0.3565617146431482,-0.07364807262568254
130363,3,1b71b86063cd1faf,0.7487929665222252,0.24879296652222516,-1.0,0.3565617146431482,-0.07364807262568254
130363,3,bab15f498e85e69e,0.7487929665222252,0.24879296652222516,-1.0,0.3565617146431482,-0.07364807262568254
130363,3,77a9b05cb0bdbcf2,0.7487929665222252,0.24879296652222516,-1.0,0.3565617146431482,-0.07364807262568254
130363,3,2c83afeaea6f67e0,0.7487929665222252,0.24879296652222516,-1.0,0.3565617146431482,-0.07364807262568254
130363,3,96334e652839c42f,0.9865021310100862,0.4865021310100862,-1.0,0.3565617146431482,-0.07364807262568254
130363,3,387c8149db0709ba,0.9897836843781233,0.48978368437812325,-1.0,0.3565617146431482,-0.07364807262568254
130363,4,2d78f120adfe3686,6.081668502375241e-05,0.4999391833149762,1.0,0.2770488766703545,-0.10456969144029825
130363,4,7ad5ac5e8cdc02e6,0.9928365005844842,0.49283650058448425,-1.0,0.2770488766703545,-0.10456969144029825
130363,4,1e24cffad4644246,0.5992896784788042,0.09928967847880421,-1.0,0.2770488766703545,-0.10456969144029825
130363,4,5a784610642d15eb,0.7127401757009956,0.21274017570099557,-1.0,0.2770488766703545,-0.10456969144029825
130363,4,8cb0deef770e3ca0,0.6387651271240622,0.1387651271240622,-1.0,0.2770488766703545,-0.10456969144029825
130363,4,4ab68efc604014ca,0.38866078220576905,0.11133921779423095,1.0,0.2770488766703545,-0.10456969144029825
130363,4,001f596e6e90825f,0.38866078220576905,0.11133921779423095,1.0,0.2770488766703545,-0.10456969144029825
130363,4,f9634fd0d4f54298,6.081668502375241e-05,0.4999391833149762,1.0,0.2770488766703545,-0.10456969144029825
130363,4,12a3128354fdff0d,6.081668502375241e-05,0.4999391833149762,1.0,0.2770488766703545,-0.10456969144029825
130363,4,60dbe004cb66ba19,0.38866078220576905,0.11133921779423095,1.0,0.2770488766703545,-0.10456969144029825
130363,4,cf100c942f2bcf49,0.7127401757009956,0.21274017570099557,-1.0,0.2770488766703545,-0.10456969144029825
130363,4,6ff6056da7469332,8.533298085433572e-05,0.49991466701914566,1.0,0.2770488766703545,-0.10456969144029825
130363,4,a0d4af2988976e92,0.38866078220576905,0.11133921779423095,1.0,0.2770488766703545,-0.10456969144029825
130363,4,8c5403780d088101,0.38866078220576905,0.11133921779423095,1.0,0.2770488766703545,-0.10456969144029825
130363,4,a4d656d2b626c103,0.0019411285933174061,0.4980588714066826,1.0,0.2770488766703545,-0.10456969144029825
155921,0,1e24cffad4644246,0.6038864141193055,0.10388641411930555,-1.0,0.3124999887125735,-0.07800225094144346
155921,0,67f2cc5a43a622c3,6.559933462115341e-05,0.49993440066537886,1.0,0.3124999887125735,-0.07800225094144346
155921,0,14adb12855160ba8,6.559933462115341e-05,0.49993440066537886,1.0,0.3124999887125735,-0.07800225094144346
155921,0,8dbcbd7ca36dfcac,0.001123766680897553,0.49887623331910247,1.0,0.3124999887125735,-0.07800225094144346
155921,0,8af24844744ac7f2,0.001123766680897553,0.49887623331910247,1.0,0.3124999887125735,-0.07800225094144346
155921,0,69c48d6302dc0419,6.559933462115341e-05,0.49993440066537886,1.0,0.3124999887125735,-0.07800225094144346
155921,0,9556abeb71c0402e,6.559933462115341e-05,0.49993440066537886,1.0,0.3124999887125735,-0.07800225094144346
155921,0,dfd12fd9a63c1bed,6.559933462115341e-05,0.49993440066537886,1.0,0.3124999887125735,-0.07800225094144346
155921,0,7e28c59c22bb78a1,6.559933462115341e-05,0.49993440066537886,1.0,0.3124999887125735,-0.07800225094144346
155921,0,f900d30f4f9cb904,6.559933462115341e-05,0.49993440066537886,1.0,0.3124999887125735,-0.07800225094144346
155921,0,62210f1ed9c0290a,0.2028866281761735,0.29711337182382647,1.0,0.3124999887125735,-0.07800225094144346
155921,0,62448b158626bc3b,6.559933462115341e-05,0.49993440066537886,1.0,0.3124999887125735,-0.07800225094144346
155921,0,a726b022cfb7eec7,0.0007450974282356615,0.49925490257176436,1.0,0.3124999887125735,-0.07800225094144346
155921,0,e5801ade018e294c,0.5047817458007632,0.004781745800763182,-1.0,0.3124999887125735,-0.07800225094144346
155921,0,f457e9a3d6532cc8,0.7239833289622439,0.22398332896224393,-1.0,0.3124999887125735,-0.07800225094144346
155921,0,9754896d384a387f,0.7239833289622439,0.22398332896224393,-1.0,0.3124999887125735,-0.07800225094144346
155921,0,e48388064c30fbb4,0.7239833289622439,0.22398332896224393,-1.0,0.3124999887125735,-0.07800225094144346
155921,0,cd097fce666bd34a,0.7239833289622439,0.22398332896224393,-1.0,0.3124999887125735,-0.07800225094144346
155921,0,fbd013078d5396c3,0.7239833289622439,0.22398332896224393,-1.0,0.3124999887125735,-0.07800225094144346
155921,0,196797dc24f71fda,0.7239833289622439,0.22398332896224393,-1.0,0.3124999887125735,-0.07800225094144346
155921,0,575484a7b0e30ce4,0.7239833289622439,0.22398332896224393,-1.0,0.3124999887125735,-0.07800225094144346
155921,0,8a78c3b1777b0625,0.7239833289622439,0.22398332896224393,-1.0,0.3124999887125735,-0.07800225094144346
155921,0,ceb21275e22d7bc5,0.7239833289622439,0.22398332896224393,-1.0,0.3124999887125735,-0.07800225094144346
155921,0,7054e94bc4c6833f,0.7239833289622439,0.22398332896224393,-1.0,0.3124999887125735,-0.07800225094144346
155921,0,a0d4af2988976e92,0.3776506678712535,0.12234933212874649,1.0,0.3124999887125735,-0.07800225094144346
155921,0,8c5403780d088101,0.3776506678712535,0.12234933212874649,1.0,0.3124999887125735,-0.07800225094144346
155921,0,a578b16e226e3955,0.023079332401876564,0.47692066759812346,1.0,0.3124999887125735,-0.07800225094144346
155921,1,7ae1cf22d55d9cc1,0.7741776792818699,0.27417767928186987,-1.0,0.2944744413128087,-0.06880969012460657
155921,1,80c823b698d1e2e3,0.9520366931289728,0.45203669312897277,-1.0,0.2944744413128087,-0.06880969012460657
155921,1,7ad5ac5e8cdc02e6,0.9868980687420291,0.4868980687420291,-1.0,0.2944744413128087,-0.06880969012460657
155921,1,5148f598b8fefae0,0.8049959667030996,0.3049959667030996,-1.0,0.2944744413128087,-0.06880969012460657
155921,1,30c4c895c1f14a00,0.33852389461736504,0.16147610538263496,1.0,0.2944744413128087,-0.06880969012460657
155921,1,a336d7efac6d497f,0.33852389461736504,0.16147610538263496,1.0,0.2944744413128087,-0.06880969012460657
155921,1,def49c5f51a54d90,0.33852389461736504,0.16147610538263496,1.0,0.2944744413128087,-0.06880969012460657
155921,1,3ca8bfeb40f3602a,0.7741776792818699,0.27417767928186987,-1.0,0.2944744413128087,-0.06880969012460657
155921,1,13bdb1b842aedadd,0.7741776792818699,0.27417767928186987,-1.0,0.2944744413128087,-0.06880969012460657
155921,1,cf100c942f2bcf49,0.7741776792818699,0.27417767928186987,-1.0,0.2944744413128087,-0.06880969012460657
155921,1,fe42258fb5d2f4c0,0.33852389461736504,0.16147610538263496,1.0,0.2944744413128087,-0.06880969012460657
155921,1,6ff6056da7469332,0.00036874096319807197,0.49963125903680194,1.0,0.2944744413128087,-0.06880969012460657
155921,1,96334e652839c42f,0.02346398781306183,0.4765360121869382,1.0,0.2944744413128087,-0.06880969012460657
155921,1,8aacfa427d94a6c3,0.000320435717977478,0.49967956428202254,1.0,0.2944744413128087,-0.06880969012460657
155921,2,0f09c750ad725e62,0.0038651886687911725,0.49613481133120885,1.0,0.30431474186719304,-0.07447323816597776
155921,2,2d78f120adfe3686,0.00033175155024033656,0.49966824844975966,1.0,0.30431474186719304,-0.07447323816597776
155921,2,4f2be71378594542,0.6971902357997123,0.1971902357997123,-1.0,0.30431474186719304,-0.07447323816597776
155921,2,b35f13943d04ca50,0.6971902357997123,0.1971902357997123,-1.0,0.30431474186719304,-0.07447323816597776
155921,2,d871da32cd728745,0.6971902357997123,0.1971902357997123,-1.0,0.30431474186719304,-0.07447323816597776
155921,2,ee9ed6c5b9f7b397,0.6971902357997123,0.1971902357997123,-1.0,0.30431474186719304,-0.07447323816597776
155921,2,9ed4efa5a12f8c67,0.6971902357997123,0.1971902357997123,-1.0,0.30431474186719304,-0.07447323816597776
155921,2,343f9328b4ddf79c,0.6971902357997123,0.1971902357997123,-1.0,0.30431474186719304,-0.07447323816597776
155921,2,0f9c166921b14844,0.6971902357997123,0.1971902357997123,-1.0,0.30431474186719304,-0.07447323816597776
155921,2,adf989d8af50b9a8,0.6971902357997123,0.1971902357997123,-1.0,0.30431474186719304,-0.07447323816597776
155921,2,71dc32e0ed7e16a2,0.6971902357997123,0.1971902357997123,-1.0,0.30431474186719304,-0.07447323816597776
155921,2,9f318a8d2aacfaf8,0.6971902357997123,0.1971902357997123,-1.0,0.30431474186719304,-0.07447323816597776
155921,2,519ef744e75b8881,0.6971902357997123,0.1971902357997123,-1.0,0.30431474186719304,-0.07447323816597776
155921,2,b67683ce7ad0ddd2,0.6971902357997123,0.1971902357997123,-1.0,0.30431474186719304,-0.07447323816597776
155921,2,24f200d78a2ccb55,0.6971902357997123,0.1971902357997123,-1.0,0.30431474186719304,-0.07447323816597776
155921,2,815c365f83ac70cf,0.6971902357997123,0.1971902357997123,-1.0,0.30431474186719304,-0.07447323816597776
155921,2,9a5a0eda0a6fd590,0.6971902357997123,0.1971902357997123,-1.0,0.30431474186719304,-0.07447323816597776
155921,2,e7c3a51331914d65,0.6971902357997123,0.1971902357997123,-1.0,0.30431474186719304,-0.07447323816597776
155921,2,a155938e4ae9d704,0.6971902357997123,0.1971902357997123,-1.0,0.30431474186719304,-0.07447323816597776
155921,2,d4a3b4eae29da29b,0.9828222730195456,0.4828222730195456,-1.0,0.30431474186719304,-0.07447323816597776
155921,2,5fe61fb5cb043ac8,0.12710821178242152,0.3728917882175785,1.0,0.30431474186719304,-0.07447323816597776
155921,2,75373a48cee6831b,0.12710821178242152,0.3728917882175785,1.0,0.30431474186719304,-0.07447323816597776
155921,2,6b5aa379bd39e0ef,0.12710821178242152,0.3728917882175785,1.0,0.30431474186719304,-0.07447323816597776
155921,2,26c34ebae098cb88,0.6971902357997123,0.1971902357997123,-1.0,0.30431474186719304,-0.07447323816597776
155921,2,24e25ef33361b113,0.6971902357997123,0.1971902357997123,-1.0,0.30431474186719304,-0.07447323816597776
155921,2,867065d232568bc2,0.6971902357997123,0.1971902357997123,-1.0,0.30431474186719304,-0.07447323816597776
155921,2,1d24c65c4467674c,0.6971902357997123,0.1971902357997123,-1.0,0.30431474186719304,-0.07447323816597776
155921,2,bd3fc29ffabf7ddb,0.6971902357997123,0.1971902357997123,-1.0,0.30431474186719304,-0.07447323816597776
155921,2,1ae01662fc857c0c,0.6971902357997123,0.1971902357997123,-1.0,0.30431474186719304,-0.07447323816597776
155921,2,8cb0deef770e3ca0,0.6099441588342532,0.10994415883425324,-1.0,0.30431474186719304,-0.07447323816597776
155921,2,0ff595d576155f6c,0.6971902357997123,0.1971902357997123,-1.0,0.30431474186719304,-0.07447323816597776
155921,2,ac87efdb82643345,0.6971902357997123,0.1971902357997123,-1.0,0.30431474186719304,-0.07447323816597776
155921,2,bc9a63898c4a9f31,0.6971902357997123,0.1971902357997123,-1.0,0.30431474186719304,-0.07447323816597776
155921,2,cf940348affe2b22,0.6971902357997123,0.1971902357997123,-1.0,0.30431474186719304,-0.07447323816597776
155921,2,4ab68efc604014ca,0.3941975586640939,0.1058024413359061,1.0,0.30431474186719304,-0.07447323816597776
155921,2,001f596e6e90825f,0.3941975586640939,0.1058024413359061,1.0,0.30431474186719304,-0.07447323816597776
155921,2,f9634fd0d4f54298,0.00033175155024033656,0.49966824844975966,1.0,0.30431474186719304,-0.07447323816597776
155921,2,12a3128354fdff0d,0.00033175155024033656,0.49966824844975966,1.0,0.30431474186719304,-0.07447323816597776
155921,2,933cfc281ff52df6,0.3941975586640939,0.1058024413359061,1.0,0.30431474186719304,-0.07447323816597776
155921,2,60dbe004cb66ba19,0.3941975586640939,0.1058024413359061,1.0,0.30431474186719304,-0.07447323816597776
155921,2,a4d656d2b626c103,0.0038651886687911725,0.49613481133120885,1.0,0.30431474186719304,-0.07447323816597776
155921,3,b3e96da836b2a8d7,0.6870068007442792,0.18700680074427922,-1.0,0.22945286640884802,-0.09796144055718127
155921,3,d0c6d7ffec5d58c3,0.6870068007442792,0.18700680074427922,-1.0,0.22945286640884802,-0.09796144055718127
155921,3,b0a65fc4ebf31640,0.6870068007442792,0.18700680074427922,-1.0,0.22945286640884802,-0.09796144055718127
155921,3,5336017ed36fd28f,0.6870068007442792,0.18700680074427922,-1.0,0.22945286640884802,-0.09796144055718127
155921,3,b3f035de0e7be945,0.6870068007442792,0.18700680074427922,-1.0,0.22945286640884802,-0.09796144055718127
155921,3,cea7fbe06302870b,0.6870068007442792,0.18700680074427922,-1.0,0.22945286640884802,-0.09796144055718127
155921,3,5a6a2f3bf13a7d55,0.6870068007442792,0.18700680074427922,-1.0,0.22945286640884802,-0.09796144055718127
155921,3,c61ecb085d8df371,0.6870068007442792,0.18700680074427922,-1.0,0.22945286640884802,-0.09796144055718127
155921,3,51b8bb1801b4ae88,0.005665184170102106,0.4943348158298979,1.0,0.22945286640884802,-0.09796144055718127
155921,3,ca0b84d43992b03d,0.6870068007442792,0.18700680074427922,-1.0,0.22945286640884802,-0.09796144055718127
155921,3,543ce167788b1f3e,0.6870068007442792,0.18700680074427922,-1.0,0.22945286640884802,-0.09796144055718127
155921,3,99c8495117d32d72,0.6870068007442792,0.18700680074427922,-1.0,0.22945286640884802,-0.09796144055718127
155921,3,43615d8a80044b19,0.6870068007442792,0.18700680074427922,-1.0,0.22945286640884802,-0.09796144055718127
155921,3,a1da294020dc650f,0.6870068007442792,0.18700680074427922,-1.0,0.22945286640884802,-0.09796144055718127
155921,3,26cbed1ed70886fe,0.6870068007442792,0.18700680074427922,-1.0,0.22945286640884802,-0.09796144055718127
155921,3,ac59b211ab998989,0.6870068007442792,0.18700680074427922,-1.0,0.22945286640884802,-0.09796144055718127
155921,3,accd65ebb9e6d5bd,0.6870068007442792,0.18700680074427922,-1.0,0.22945286640884802,-0.09796144055718127
155921,3,e9d3da7afd6b290d,0.6870068007442792,0.18700680074427922,-1.0,0.22945286640884802,-0.09796144055718127
155921,3,27060368c02ab464,0.6870068007442792,0.18700680074427922,-1.0,0.22945286640884802,-0.09796144055718127
155921,3,2b26c5cb857798ec,0.6870068007442792,0.18700680074427922,-1.0,0.22945286640884802,-0.09796144055718127
155921,3,6d2db02e8c8d2145,0.6870068007442792,0.18700680074427922,-1.0,0.22945286640884802,-0.09796144055718127
155921,3,e0636d7b6780bb2a,0.6870068007442792,0.18700680074427922,-1.0,0.22945286640884802,-0.09796144055718127
155921,3,417462f881b93736,0.6870068007442792,0.18700680074427922,-1.0,0.22945286640884802,-0.09796144055718127
155921,3,34036c3b224f37de,0.6870068007442792,0.18700680074427922,-1.0,0.22945286640884802,-0.09796144055718127
155921,3,4fcbabe856178b53,0.6870068007442792,0.18700680074427922,-1.0,0.22945286640884802,-0.09796144055718127
155921,3,492b7bdb48f08e41,0.6870068007442792,0.18700680074427922,-1.0,0.22945286640884802,-0.09796144055718127
155921,3,40257a80e298d1e7,0.6870068007442792,0.18700680074427922,-1.0,0.22945286640884802,-0.09796144055718127
155921,3,d107e225e8d2b292,0.6870068007442792,0.18700680074427922,-1.0,0.22945286640884802,-0.09796144055718127
155921,3,b4fd2a49bcbf3d25,0.6870068007442792,0.18700680074427922,-1.0,0.22945286640884802,-0.09796144055718127
155921,3,754e9dee83f16dd1,0.6870068007442792,0.18700680074427922,-1.0,0.22945286640884802,-0.09796144055718127
155921,3,a1364f38e19a30c6,0.6870068007442792,0.18700680074427922,-1.0,0.22945286640884802,-0.09796144055718127
155921,3,ad16fef01adc5432,0.6870068007442792,0.18700680074427922,-1.0,0.22945286640884802,-0.09796144055718127
155921,3,a1d1bb9061317e70,0.6630769770319979,0.16307697703199786,-1.0,0.22945286640884802,-0.09796144055718127
155921,3,818f1d78902d2a6d,0.6630769770319979,0.16307697703199786,-1.0,0.22945286640884802,-0.09796144055718127
155921,3,bd699b6a4b2c634b,0.6630769770319979,0.16307697703199786,-1.0,0.22945286640884802,-0.09796144055718127
155921,3,b3438d0b792d8a58,0.6630769770319979,0.16307697703199786,-1.0,0.22945286640884802,-0.09796144055718127
155921,3,d5e6b9dc02e2364e,0.6630769770319979,0.16307697703199786,-1.0,0.22945286640884802,-0.09796144055718127
155921,3,180c0a7827d406e0,0.6630769770319979,0.16307697703199786,-1.0,0.22945286640884802,-0.09796144055718127
155921,3,80b108c560581bbc,0.6630769770319979,0.16307697703199786,-1.0,0.22945286640884802,-0.09796144055718127
155921,3,77428ad94822a7d6,0.6630769770319979,0.16307697703199786,-1.0,0.22945286640884802,-0.09796144055718127
155921,3,372778033811af53,0.6630769770319979,0.16307697703199786,-1.0,0.22945286640884802,-0.09796144055718127
155921,3,71f1d37fa44d6ef0,0.6630769770319979,0.16307697703199786,-1.0,0.22945286640884802,-0.09796144055718127
155921,3,d2ff63c7d43f2890,0.6870068007442792,0.18700680074427922,-1.0,0.22945286640884802,-0.09796144055718127
155921,3,c03f1b0e1f75ae1a,0.6870068007442792,0.18700680074427922,-1.0,0.22945286640884802,-0.09796144055718127
155921,3,61603b00599eb0d5,0.6870068007442792,0.18700680074427922,-1.0,0.22945286640884802,-0.09796144055718127
155921,3,526c53b206ce2492,0.6870068007442792,0.18700680074427922,-1.0,0.22945286640884802,-0.09796144055718127
155921,3,80c76967ecfe2dc2,0.6870068007442792,0.18700680074427922,-1.0,0.22945286640884802,-0.09796144055718127
155921,3,3983850cd373720d,0.6870068007442792,0.18700680074427922,-1.0,0.22945286640884802,-0.09796144055718127
155921,3,73b19eb785eed129,0.6870068007442792,0.18700680074427922,-1.0,0.22945286640884802,-0.09796144055718127
155921,3,0b799dd83f93411e,0.6870068007442792,0.18700680074427922,-1.0,0.22945286640884802,-0.09796144055718127
155921,3,d4c1e23a091d0960,0.6870068007442792,0.18700680074427922,-1.0,0.22945286640884802,-0.09796144055718127
155921,3,e4ee526bda3920c2,0.6870068007442792,0.18700680074427922,-1.0,0.22945286640884802,-0.09796144055718127
155921,3,4c5b14e536cc1334,0.6870068007442792,0.18700680074427922,-1.0,0.22945286640884802,-0.09796144055718127
155921,3,a00500e26347bc0e,0.6870068007442792,0.18700680074427922,-1.0,0.22945286640884802,-0.09796144055718127
155921,3,5b0255daf759f446,0.6870068007442792,0.18700680074427922,-1.0,0.22945286640884802,-0.09796144055718127
155921,3,4998005b3d3757a8,0.6870068007442792,0.18700680074427922,-1.0,0.22945286640884802,-0.09796144055718127
155921,3,63d11bbb7d28eb4c,0.6870068007442792,0.18700680074427922,-1.0,0.22945286640884802,-0.09796144055718127
155921,3,e4ff4ed289f6bac3,0.6870068007442792,0.18700680074427922,-1.0,0.22945286640884802,-0.09796144055718127
155921,3,124db139bedffacf,0.6870068007442792,0.18700680074427922,-1.0,0.22945286640884802,-0.09796144055718127
155921,3,cb4273c993344634,0.6870068007442792,0.18700680074427922,-1.0,0.22945286640884802,-0.09796144055718127
155921,3,4759cae892250232,0.6870068007442792,0.18700680074427922,-1.0,0.22945286640884802,-0.09796144055718127
155921,3,830861fddf3571ee,0.6870068007442792,0.18700680074427922,-1.0,0.22945286640884802,-0.09796144055718127
155921,3,259e68bb986bb484,0.6870068007442792,0.18700680074427922,-1.0,0.22945286640884802,-0.09796144055718127
155921,3,f05bea29ca56cbf9,0.6870068007442792,0.18700680074427922,-1.0,0.22945286640884802,-0.09796144055718127
155921,3,f12454cc3399cc0a,0.6870068007442792,0.18700680074427922,-1.0,0.22945286640884802,-0.09796144055718127
155921,3,3036e4501bafe469,0.6870068007442792,0.18700680074427922,-1.0,0.22945286640884802,-0.09796144055718127
155921,3,441f7ec26db26341,0.6870068007442792,0.18700680074427922,-1.0,0.22945286640884802,-0.09796144055718127
155921,3,aecd3ccb7d054807,0.6870068007442792,0.18700680074427922,-1.0,0.22945286640884802,-0.09796144055718127
155921,3,d03955e5b6e2a037,0.6870068007442792,0.18700680074427922,-1.0,0.22945286640884802,-0.09796144055718127
155921,3,7116690484a80f02,0.6870068007442792,0.18700680074427922,-1.0,0.22945286640884802,-0.09796144055718127
155921,3,7a1bd3c43d402b71,0.6870068007442792,0.18700680074427922,-1.0,0.22945286640884802,-0.09796144055718127
155921,3,121733ad19650ea3,0.6870068007442792,0.18700680074427922,-1.0,0.22945286640884802,-0.09796144055718127
155921,3,86b7dbca3f1859b3,0.6870068007442792,0.18700680074427922,-1.0,0.22945286640884802,-0.09796144055718127
155921,3,933a525b1e59cce1,0.6870068007442792,0.18700680074427922,-1.0,0.22945286640884802,-0.09796144055718127
155921,3,7eb305c480cbd81c,0.6870068007442792,0.18700680074427922,-1.0,0.22945286640884802,-0.09796144055718127
155921,3,05a73c87538dea60,0.6870068007442792,0.18700680074427922,-1.0,0.22945286640884802,-0.09796144055718127
155921,3,303084e36adee19e,0.6870068007442792,0.18700680074427922,-1.0,0.22945286640884802,-0.09796144055718127
155921,3,6b4bf3c0659fff4c,0.6870068007442792,0.18700680074427922,-1.0,0.22945286640884802,-0.09796144055718127
155921,3,b05b2b6bc2a58cde,0.6870068007442792,0.18700680074427922,-1.0,0.22945286640884802,-0.09796144055718127
155921,3,05c3538c00451781,0.6870068007442792,0.18700680074427922,-1.0,0.22945286640884802,-0.09796144055718127
155921,3,459b90da32d12340,0.6870068007442792,0.18700680074427922,-1.0,0.22945286640884802,-0.09796144055718127
155921,3,5add2b02243710d8,0.6870068007442792,0.18700680074427922,-1.0,0.22945286640884802,-0.09796144055718127
155921,3,2a41f3ebef788345,0.6870068007442792,0.18700680074427922,-1.0,0.22945286640884802,-0.09796144055718127
155921,3,099cafc95a99e1db,0.6870068007442792,0.18700680074427922,-1.0,0.22945286640884802,-0.09796144055718127
155921,3,e29c1cf41e785a94,0.6870068007442792,0.18700680074427922,-1.0,0.22945286640884802,-0.09796144055718127
155921,3,61f97ff8feb9afab,0.6870068007442792,0.18700680074427922,-1.0,0.22945286640884802,-0.09796144055718127
155921,3,4481c5627928131d,0.6870068007442792,0.18700680074427922,-1.0,0.22945286640884802,-0.09796144055718127
155921,3,929b2959e4085af9,0.6870068007442792,0.18700680074427922,-1.0,0.22945286640884802,-0.09796144055718127
155921,3,4ae2a0e0a04e22fc,0.6870068007442792,0.18700680074427922,-1.0,0.22945286640884802,-0.09796144055718127
155921,3,f76d16dc48d41e27,0.6870068007442792,0.18700680074427922,-1.0,0.22945286640884802,-0.09796144055718127
155921,3,ca38ba3a8898a577,0.6870068007442792,0.18700680074427922,-1.0,0.22945286640884802,-0.09796144055718127
155921,3,b88c40d83066f30e,0.6870068007442792,0.18700680074427922,-1.0,0.22945286640884802,-0.09796144055718127
155921,3,86753032d9fa008d,0.6870068007442792,0.18700680074427922,-1.0,0.22945286640884802,-0.09796144055718127
155921,3,658588ea845cbbcd,0.6870068007442792,0.18700680074427922,-1.0,0.22945286640884802,-0.09796144055718127
155921,3,76711e79e2ec01ef,0.6870068007442792,0.18700680074427922,-1.0,0.22945286640884802,-0.09796144055718127
155921,3,b7bc69fc789d9b76,0.6870068007442792,0.18700680074427922,-1.0,0.22945286640884802,-0.09796144055718127
155921,3,0abbcf420e23e3c7,0.6870068007442792,0.18700680074427922,-1.0,0.22945286640884802,-0.09796144055718127
155921,3,2a8b4d6487a26c27,0.6870068007442792,0.18700680074427922,-1.0,0.22945286640884802,-0.09796144055718127
155921,3,f1cc02a92c08ce5a,0.6870068007442792,0.18700680074427922,-1.0,0.22945286640884802,-0.09796144055718127
155921,3,652810ec40425074,0.6870068007442792,0.18700680074427922,-1.0,0.22945286640884802,-0.09796144055718127
155921,3,85fadbeefe51dede,0.6870068007442792,0.18700680074427922,-1.0,0.22945286640884802,-0.09796144055718127
155921,3,0cf584c973b138fa,0.6870068007442792,0.18700680074427922,-1.0,0.22945286640884802,-0.09796144055718127
155921,3,0f586242f57f20f6,0.6870068007442792,0.18700680074427922,-1.0,0.22945286640884802,-0.09796144055718127
155921,3,0711104e8af2bd43,0.6870068007442792,0.18700680074427922,-1.0,0.22945286640884802,-0.09796144055718127
155921,3,4e816bdc993aa716,0.6870068007442792,0.18700680074427922,-1.0,0.22945286640884802,-0.09796144055718127
155921,3,e72207fd3b60a738,0.6870068007442792,0.18700680074427922,-1.0,0.22945286640884802,-0.09796144055718127
155921,3,fb395fc20ad441b8,0.6870068007442792,0.18700680074427922,-1.0,0.22945286640884802,-0.09796144055718127
155921,3,ef0fb6c09176b30a,0.6870068007442792,0.18700680074427922,-1.0,0.22945286640884802,-0.09796144055718127
155921,3,c76f680dd1db3efb,0.6870068007442792,0.18700680074427922,-1.0,0.22945286640884802,-0.09796144055718127
155921,3,37d3f22ee01322f7,0.6870068007442792,0.18700680074427922,-1.0,0.22945286640884802,-0.09796144055718127
155921,3,7a8033cd695a09db,0.6870068007442792,0.18700680074427922,-1.0,0.22945286640884802,-0.09796144055718127
155921,3,2ac1b0d9b7b83726,0.6870068007442792,0.18700680074427922,-1.0,0.22945286640884802,-0.09796144055718127
155921,3,babf32ba697c93fe,0.6870068007442792,0.18700680074427922,-1.0,0.22945286640884802,-0.09796144055718127
155921,3,e492acad0936b2a0,0.6870068007442792,0.18700680074427922,-1.0,0.22945286640884802,-0.09796144055718127
155921,3,9dc40db146f97226,0.6870068007442792,0.18700680074427922,-1.0,0.22945286640884802,-0.09796144055718127
155921,3,03d73939b53041d6,0.6870068007442792,0.18700680074427922,-1.0,0.22945286640884802,-0.09796144055718127
155921,3,9171eebe4dc639c6,0.6870068007442792,0.18700680074427922,-1.0,0.22945286640884802,-0.09796144055718127
155921,3,30c8114cc055d4b0,0.6870068007442792,0.18700680074427922,-1.0,0.22945286640884802,-0.09796144055718127
155921,3,472fc6d9059f3c8e,0.6870068007442792,0.18700680074427922,-1.0,0.22945286640884802,-0.09796144055718127
155921,3,0e0915921cb03b61,0.6870068007442792,0.18700680074427922,-1.0,0.22945286640884802,-0.09796144055718127
155921,3,af971a0b699f29ae,0.6870068007442792,0.18700680074427922,-1.0,0.22945286640884802,-0.09796144055718127
155921,3,7aec532eedbe347b,0.6870068007442792,0.18700680074427922,-1.0,0.22945286640884802,-0.09796144055718127
155921,3,2e7197a7efd242c9,0.6870068007442792,0.18700680074427922,-1.0,0.22945286640884802,-0.09796144055718127
155921,3,10ca3ef9ac6e7fb0,0.6870068007442792,0.18700680074427922,-1.0,0.22945286640884802,-0.09796144055718127
155921,3,8226bcd57b08d4d8,0.6870068007442792,0.18700680074427922,-1.0,0.22945286640884802,-0.09796144055718127
155921,3,44012938119033a5,0.6870068007442792,0.18700680074427922,-1.0,0.22945286640884802,-0.09796144055718127
155921,3,1651b0a3bd1a4142,0.6870068007442792,0.18700680074427922,-1.0,0.22945286640884802,-0.09796144055718127
155921,3,1052c7804a84fd4c,0.6870068007442792,0.18700680074427922,-1.0,0.22945286640884802,-0.09796144055718127
155921,3,2b9cc1a4fc46c0df,0.6870068007442792,0.18700680074427922,-1.0,0.22945286640884802,-0.09796144055718127
155921,3,4cb2ffb4332ca124,0.6870068007442792,0.18700680074427922,-1.0,0.22945286640884802,-0.09796144055718127
155921,3,5169c377777d282b,0.6870068007442792,0.18700680074427922,-1.0,0.22945286640884802,-0.09796144055718127
155921,3,9f969f90406c97a4,0.6870068007442792,0.18700680074427922,-1.0,0.22945286640884802,-0.09796144055718127
155921,3,4abc313a070a9a28,0.6870068007442792,0.18700680074427922,-1.0,0.22945286640884802,-0.09796144055718127
155921,3,070747aae4dc989c,0.6870068007442792,0.18700680074427922,-1.0,0.22945286640884802,-0.09796144055718127
155921,3,baac03fd9286c92d,0.6870068007442792,0.18700680074427922,-1.0,0.22945286640884802,-0.09796144055718127
155921,3,cfb0cf901791360b,0.6870068007442792,0.18700680074427922,-1.0,0.22945286640884802,-0.09796144055718127
155921,3,ee5f0a21fa37baaf,0.6870068007442792,0.18700680074427922,-1.0,0.22945286640884802,-0.09796144055718127
155921,3,82698a4f2e790a6d,0.6870068007442792,0.18700680074427922,-1.0,0.22945286640884802,-0.09796144055718127
155921,3,c10ed3995524f655,0.6870068007442792,0.18700680074427922,-1.0,0.22945286640884802,-0.09796144055718127
155921,3,eca00c5272e79ac3,0.6870068007442792,0.18700680074427922,-1.0,0.22945286640884802,-0.09796144055718127
155921,3,4315ec27cd357b25,0.6870068007442792,0.18700680074427922,-1.0,0.22945286640884802,-0.09796144055718127
155921,3,070f43b8e6fa53cc,0.6870068007442792,0.18700680074427922,-1.0,0.22945286640884802,-0.09796144055718127
155921,3,e7db5fe739b82aaa,0.6870068007442792,0.18700680074427922,-1.0,0.22945286640884802,-0.09796144055718127
155921,3,0973c72a8ec4d510,0.6870068007442792,0.18700680074427922,-1.0,0.22945286640884802,-0.09796144055718127
155921,3,74533b00ce755709,0.6870068007442792,0.18700680074427922,-1.0,0.22945286640884802,-0.09796144055718127
155921,3,953982f25eb9e94b,0.6870068007442792,0.18700680074427922,-1.0,0.22945286640884802,-0.09796144055718127
155921,3,ef98d769b40a6680,0.6870068007442792,0.18700680074427922,-1.0,0.22945286640884802,-0.09796144055718127
155921,3,d4654555019558c8,0.6870068007442792,0.18700680074427922,-1.0,0.22945286640884802,-0.09796144055718127
155921,3,3d131164e9134388,0.6870068007442792,0.18700680074427922,-1.0,0.22945286640884802,-0.09796144055718127
155921,3,fc3b90c2ca040eec,0.6870068007442792,0.18700680074427922,-1.0,0.22945286640884802,-0.09796144055718127
155921,3,9c591c4879c888e6,0.6870068007442792,0.18700680074427922,-1.0,0.22945286640884802,-0.09796144055718127
155921,3,6bc4387fd909f896,0.6870068007442792,0.18700680074427922,-1.0,0.22945286640884802,-0.09796144055718127
155921,3,f6224659cc3203a0,0.6870068007442792,0.18700680074427922,-1.0,0.22945286640884802,-0.09796144055718127
155921,3,366305791859fdae,0.6870068007442792,0.18700680074427922,-1.0,0.22945286640884802,-0.09796144055718127
155921,3,131a35ee31599805,0.6870068007442792,0.18700680074427922,-1.0,0.22945286640884802,-0.09796144055718127
155921,3,5fb4f83d5104f22b,0.6870068007442792,0.18700680074427922,-1.0,0.22945286640884802,-0.09796144055718127
155921,3,3634230792682dfb,0.6870068007442792,0.18700680074427922,-1.0,0.22945286640884802,-0.09796144055718127
155921,3,1fb1bf5499f79939,0.6870068007442792,0.18700680074427922,-1.0,0.22945286640884802,-0.09796144055718127
155921,3,3ebd75679757f580,0.6870068007442792,0.18700680074427922,-1.0,0.22945286640884802,-0.09796144055718127
155921,3,83e92ef55cb48b32,0.2845856438883211,0.21541435611167892,1.0,0.22945286640884802,-0.09796144055718127
155921,3,b12fc13eb540e876,0.2845856438883211,0.21541435611167892,1.0,0.22945286640884802,-0.09796144055718127
155921,3,b20623fec7beda7f,0.2845856438883211,0.21541435611167892,1.0,0.22945286640884802,-0.09796144055718127
155921,3,c85d5c123ee3faf7,0.2845856438883211,0.21541435611167892,1.0,0.22945286640884802,-0.09796144055718127
155921,3,6bb24aa7ebde5cf2,0.2845856438883211,0.21541435611167892,1.0,0.22945286640884802,-0.09796144055718127
155921,3,7ef399519f43aa6d,0.6870068007442792,0.18700680074427922,-1.0,0.22945286640884802,-0.09796144055718127
155921,3,37eb96b580471a48,0.6870068007442792,0.18700680074427922,-1.0,0.22945286640884802,-0.09796144055718127
155921,3,75aae14ed0f55590,0.6870068007442792,0.18700680074427922,-1.0,0.22945286640884802,-0.09796144055718127
155921,3,029b985df55ed873,0.6870068007442792,0.18700680074427922,-1.0,0.22945286640884802,-0.09796144055718127
155921,3,d294b06ac73b17a1,0.6870068007442792,0.18700680074427922,-1.0,0.22945286640884802,-0.09796144055718127
155921,3,48baeebc441c0964,0.6870068007442792,0.18700680074427922,-1.0,0.22945286640884802,-0.09796144055718127
155921,3,260b9aefd9095405,0.6870068007442792,0.18700680074427922,-1.0,0.22945286640884802,-0.09796144055718127
155921,3,8f1b939eaa272815,0.6870068007442792,0.18700680074427922,-1.0,0.22945286640884802,-0.09796144055718127
155921,3,e44232cadf8273f0,0.6870068007442792,0.18700680074427922,-1.0,0.22945286640884802,-0.09796144055718127
155921,3,2c1daccff16e80f6,0.6870068007442792,0.18700680074427922,-1.0,0.22945286640884802,-0.09796144055718127
155921,3,097373dc643a54b1,0.6870068007442792,0.18700680074427922,-1.0,0.22945286640884802,-0.09796144055718127
155921,3,497c56cf4bb6611a,0.6870068007442792,0.18700680074427922,-1.0,0.22945286640884802,-0.09796144055718127
155921,3,0ecd4ac4bf29bfb9,0.6870068007442792,0.18700680074427922,-1.0,0.22945286640884802,-0.09796144055718127
155921,3,4530a24acedc122d,0.6870068007442792,0.18700680074427922,-1.0,0.22945286640884802,-0.09796144055718127
155921,3,99b0e9e1b01ed092,0.6870068007442792,0.18700680074427922,-1.0,0.22945286640884802,-0.09796144055718127
155921,3,430134a653758ce5,0.6870068007442792,0.18700680074427922,-1.0,0.22945286640884802,-0.09796144055718127
155921,3,aaa0149134925bf9,0.6870068007442792,0.18700680074427922,-1.0,0.22945286640884802,-0.09796144055718127
155921,3,6514717fd97a63b2,0.6870068007442792,0.18700680074427922,-1.0,0.22945286640884802,-0.09796144055718127
155921,3,478c3b52611a0cbd,0.6870068007442792,0.18700680074427922,-1.0,0.22945286640884802,-0.09796144055718127
155921,3,fe998c00ebf02b5b,0.6870068007442792,0.18700680074427922,-1.0,0.22945286640884802,-0.09796144055718127
155921,3,c65334e8d3752fcf,0.6870068007442792,0.18700680074427922,-1.0,0.22945286640884802,-0.09796144055718127
155921,3,1d1d29abd9feee01,0.6870068007442792,0.18700680074427922,-1.0,0.22945286640884802,-0.09796144055718127
155921,3,c45da4f8ae11b5f9,0.6870068007442792,0.18700680074427922,-1.0,0.22945286640884802,-0.09796144055718127
155921,3,9f79dc8e188218c9,0.6870068007442792,0.18700680074427922,-1.0,0.22945286640884802,-0.09796144055718127
155921,3,8d45ecdd34fd5e01,0.6870068007442792,0.18700680074427922,-1.0,0.22945286640884802,-0.09796144055718127
155921,3,7a309c8298db1979,0.6870068007442792,0.18700680074427922,-1.0,0.22945286640884802,-0.09796144055718127
155921,3,d4b5d2329ee89d8e,0.6870068007442792,0.18700680074427922,-1.0,0.22945286640884802,-0.09796144055718127
155921,3,a05f6146165f6248,0.6870068007442792,0.18700680074427922,-1.0,0.22945286640884802,-0.09796144055718127
155921,3,39d3ae4f08f0d5ec,0.6870068007442792,0.18700680074427922,-1.0,0.22945286640884802,-0.09796144055718127
155921,3,4b954c190b025231,0.6870068007442792,0.18700680074427922,-1.0,0.22945286640884802,-0.09796144055718127
155921,3,d52651311f410143,0.6870068007442792,0.18700680074427922,-1.0,0.22945286640884802,-0.09796144055718127
155921,3,f4f56d69fbd053d6,0.6870068007442792,0.18700680074427922,-1.0,0.22945286640884802,-0.09796144055718127
155921,3,e5a1360bc75a4ef8,0.6870068007442792,0.18700680074427922,-1.0,0.22945286640884802,-0.09796144055718127
155921,3,0f38fd2187cd586a,0.6870068007442792,0.18700680074427922,-1.0,0.22945286640884802,-0.09796144055718127
155921,3,07f266b8e7152849,0.6870068007442792,0.18700680074427922,-1.0,0.22945286640884802,-0.09796144055718127
155921,3,dfe8526ff61dd220,0.6870068007442792,0.18700680074427922,-1.0,0.22945286640884802,-0.09796144055718127
155921,3,22146f154f5452a4,0.6870068007442792,0.18700680074427922,-1.0,0.22945286640884802,-0.09796144055718127
155921,3,fc75ac98d4051976,0.6870068007442792,0.18700680074427922,-1.0,0.22945286640884802,-0.09796144055718127
155921,3,e9c503b9e624ab1c,0.6870068007442792,0.18700680074427922,-1.0,0.22945286640884802,-0.09796144055718127
155921,3,152fe9af83f615b7,0.6870068007442792,0.18700680074427922,-1.0,0.22945286640884802,-0.09796144055718127
155921,3,4348c0181a7fb6a9,0.6870068007442792,0.18700680074427922,-1.0,0.22945286640884802,-0.09796144055718127
155921,3,9fa143d673f003c5,0.6870068007442792,0.18700680074427922,-1.0,0.22945286640884802,-0.09796144055718127
155921,3,b4fc1c58dae55cf7,0.6870068007442792,0.18700680074427922,-1.0,0.22945286640884802,-0.09796144055718127
155921,3,29a2dce9745c7f69,0.6870068007442792,0.18700680074427922,-1.0,0.22945286640884802,-0.09796144055718127
155921,3,b140586b970b08e2,0.6870068007442792,0.18700680074427922,-1.0,0.22945286640884802,-0.09796144055718127
155921,3,e83d4c4ecf844dc8,0.6870068007442792,0.18700680074427922,-1.0,0.22945286640884802,-0.09796144055718127
155921,3,06bdf21af7ecb9fc,0.6870068007442792,0.18700680074427922,-1.0,0.22945286640884802,-0.09796144055718127
155921,3,e5fea5a198d61ae9,0.6870068007442792,0.18700680074427922,-1.0,0.22945286640884802,-0.09796144055718127
155921,3,5481e24299d25612,0.6870068007442792,0.18700680074427922,-1.0,0.22945286640884802,-0.09796144055718127
155921,3,12aa9245de21a311,0.6870068007442792,0.18700680074427922,-1.0,0.22945286640884802,-0.09796144055718127
155921,3,bce6d77fae97e9e6,0.6870068007442792,0.18700680074427922,-1.0,0.22945286640884802,-0.09796144055718127
155921,3,566a8c43ddcbece4,0.6870068007442792,0.18700680074427922,-1.0,0.22945286640884802,-0.09796144055718127
155921,3,60eaef2e90387f04,0.6870068007442792,0.18700680074427922,-1.0,0.22945286640884802,-0.09796144055718127
155921,3,fab613e45cd89915,0.6870068007442792,0.18700680074427922,-1.0,0.22945286640884802,-0.09796144055718127
155921,3,2395ee06cb8f62e4,0.6870068007442792,0.18700680074427922,-1.0,0.22945286640884802,-0.09796144055718127
155921,3,b8ff7dd7bbffc321,0.6870068007442792,0.18700680074427922,-1.0,0.22945286640884802,-0.09796144055718127
155921,3,1531b6ddd3ece892,0.6870068007442792,0.18700680074427922,-1.0,0.22945286640884802,-0.09796144055718127
155921,3,ba23ebfd4dec23af,0.6870068007442792,0.18700680074427922,-1.0,0.22945286640884802,-0.09796144055718127
155921,3,22e6722fa25f0f33,0.6870068007442792,0.18700680074427922,-1.0,0.22945286640884802,-0.09796144055718127
155921,3,ad437829e7500cdc,0.6870068007442792,0.18700680074427922,-1.0,0.22945286640884802,-0.09796144055718127
155921,3,49d8fec581f11a1b,0.6870068007442792,0.18700680074427922,-1.0,0.22945286640884802,-0.09796144055718127
155921,3,a5f895ea5f21c7c6,0.6870068007442792,0.18700680074427922,-1.0,0.22945286640884802,-0.09796144055718127
155921,3,a978e980884d447d,0.6870068007442792,0.18700680074427922,-1.0,0.22945286640884802,-0.09796144055718127
155921,3,caae8f09ae6fe8a6,0.6870068007442792,0.18700680074427922,-1.0,0.22945286640884802,-0.09796144055718127
155921,3,e6726c67347a268e,0.6870068007442792,0.18700680074427922,-1.0,0.22945286640884802,-0.09796144055718127
155921,3,e3d66fb2c7ee2b84,0.6870068007442792,0.18700680074427922,-1.0,0.22945286640884802,-0.09796144055718127
155921,3,e4e934e4aa6ddbdc,0.6870068007442792,0.18700680074427922,-1.0,0.22945286640884802,-0.09796144055718127
155921,3,96867429887d5f2b,0.6870068007442792,0.18700680074427922,-1.0,0.22945286640884802,-0.09796144055718127
155921,3,c093459038ad6cd5,0.6870068007442792,0.18700680074427922,-1.0,0.22945286640884802,-0.09796144055718127
155921,3,2e2178a0708ace3c,0.6870068007442792,0.18700680074427922,-1.0,0.22945286640884802,-0.09796144055718127
155921,3,b0550b120cab19f8,0.6870068007442792,0.18700680074427922,-1.0,0.22945286640884802,-0.09796144055718127
155921,3,e43827453c7e2411,0.6870068007442792,0.18700680074427922,-1.0,0.22945286640884802,-0.09796144055718127
155921,3,04eecc879c91a669,0.6870068007442792,0.18700680074427922,-1.0,0.22945286640884802,-0.09796144055718127
155921,3,b1583a60dbdcf380,0.6870068007442792,0.18700680074427922,-1.0,0.22945286640884802,-0.09796144055718127
155921,3,79d8f74457709963,0.6870068007442792,0.18700680074427922,-1.0,0.22945286640884802,-0.09796144055718127
155921,3,24bf78605a7f0d14,0.6870068007442792,0.18700680074427922,-1.0,0.22945286640884802,-0.09796144055718127
155921,3,8fb7e7e0342b2039,0.6870068007442792,0.18700680074427922,-1.0,0.22945286640884802,-0.09796144055718127
155921,3,7f5406552bbba735,0.6870068007442792,0.18700680074427922,-1.0,0.22945286640884802,-0.09796144055718127
155921,3,a5aca35a0cadf96f,0.6870068007442792,0.18700680074427922,-1.0,0.22945286640884802,-0.09796144055718127
155921,3,69e195a80b7d4973,0.6870068007442792,0.18700680074427922,-1.0,0.22945286640884802,-0.09796144055718127
155921,3,8dcd9e7787055e69,0.6870068007442792,0.18700680074427922,-1.0,0.22945286640884802,-0.09796144055718127
155921,3,9c6851ce5dc22a05,0.6870068007442792,0.18700680074427922,-1.0,0.22945286640884802,-0.09796144055718127
155921,3,4c356ac82685bc22,0.6870068007442792,0.18700680074427922,-1.0,0.22945286640884802,-0.09796144055718127
155921,3,f11938d8b12f2f1b,0.6870068007442792,0.18700680074427922,-1.0,0.22945286640884802,-0.09796144055718127
155921,3,38f978381235fa0f,0.6870068007442792,0.18700680074427922,-1.0,0.22945286640884802,-0.09796144055718127
155921,3,f547ce1a9dc13fd7,0.6870068007442792,0.18700680074427922,-1.0,0.22945286640884802,-0.09796144055718127
155921,3,d39be844f6c19a24,0.6870068007442792,0.18700680074427922,-1.0,0.22945286640884802,-0.09796144055718127
155921,3,07308b2583d8c4cd,0.6870068007442792,0.18700680074427922,-1.0,0.22945286640884802,-0.09796144055718127
155921,3,adbb998b58b05ba5,0.6870068007442792,0.18700680074427922,-1.0,0.22945286640884802,-0.09796144055718127
155921,3,27ba9ec8c5c1679d,0.6870068007442792,0.18700680074427922,-1.0,0.22945286640884802,-0.09796144055718127
155921,3,0c8dfe9e52efea32,0.6870068007442792,0.18700680074427922,-1.0,0.22945286640884802,-0.09796144055718127
155921,3,94001676fbdcec6a,0.6870068007442792,0.18700680074427922,-1.0,0.22945286640884802,-0.09796144055718127
155921,3,14c81e86e596e17b,0.6870068007442792,0.18700680074427922,-1.0,0.22945286640884802,-0.09796144055718127
155921,3,8af48925d3a43351,0.6870068007442792,0.18700680074427922,-1.0,0.22945286640884802,-0.09796144055718127
155921,3,63e05c745b39b25c,0.6870068007442792,0.18700680074427922,-1.0,0.22945286640884802,-0.09796144055718127
155921,3,f646cbd900a6ac93,0.6870068007442792,0.18700680074427922,-1.0,0.22945286640884802,-0.09796144055718127
155921,3,405c419d213255a8,0.6870068007442792,0.18700680074427922,-1.0,0.22945286640884802,-0.09796144055718127
155921,3,d53530d6840d94f0,0.6870068007442792,0.18700680074427922,-1.0,0.22945286640884802,-0.09796144055718127
155921,3,5c3c61f9e9a49367,0.6870068007442792,0.18700680074427922,-1.0,0.22945286640884802,-0.09796144055718127
155921,3,ef9024103123aa88,0.6870068007442792,0.18700680074427922,-1.0,0.22945286640884802,-0.09796144055718127
155921,3,c06060f01ef3c33c,0.6870068007442792,0.18700680074427922,-1.0,0.22945286640884802,-0.09796144055718127
155921,3,3069581a1411c359,0.6870068007442792,0.18700680074427922,-1.0,0.22945286640884802,-0.09796144055718127
155921,3,ebc272cce63b19b5,0.6870068007442792,0.18700680074427922,-1.0,0.22945286640884802,-0.09796144055718127
155921,3,89a2a9e8ba87e99e,0.6870068007442792,0.18700680074427922,-1.0,0.22945286640884802,-0.09796144055718127
155921,3,8a5480f4c0ec7738,0.6870068007442792,0.18700680074427922,-1.0,0.22945286640884802,-0.09796144055718127
155921,3,ee4424ee933309ba,0.6870068007442792,0.18700680074427922,-1.0,0.22945286640884802,-0.09796144055718127
155921,3,c41d53a5c2625ad2,0.6870068007442792,0.18700680074427922,-1.0,0.22945286640884802,-0.09796144055718127
155921,3,da1466fd10c76caa,0.6870068007442792,0.18700680074427922,-1.0,0.22945286640884802,-0.09796144055718127
155921,3,55bd7b92214b4418,0.6870068007442792,0.18700680074427922,-1.0,0.22945286640884802,-0.09796144055718127
155921,3,27dac1aeb58ec2cb,0.6870068007442792,0.18700680074427922,-1.0,0.22945286640884802,-0.09796144055718127
155921,3,a9cb3ebbf14bf055,0.6870068007442792,0.18700680074427922,-1.0,0.22945286640884802,-0.09796144055718127
155921,3,62607940a098ba04,0.6870068007442792,0.18700680074427922,-1.0,0.22945286640884802,-0.09796144055718127
155921,3,80726b41095fe6a4,0.6870068007442792,0.18700680074427922,-1.0,0.22945286640884802,-0.09796144055718127
155921,3,f8b348637519af6d,0.6870068007442792,0.18700680074427922,-1.0,0.22945286640884802,-0.09796144055718127
155921,3,cd3067ece810d420,0.6870068007442792,0.18700680074427922,-1.0,0.22945286640884802,-0.09796144055718127
155921,3,6284e51a92450ff1,0.6870068007442792,0.18700680074427922,-1.0,0.22945286640884802,-0.09796144055718127
155921,3,f863fb3745a236ed,0.6870068007442792,0.18700680074427922,-1.0,0.22945286640884802,-0.09796144055718127
155921,3,354fe634113a078e,0.6870068007442792,0.18700680074427922,-1.0,0.22945286640884802,-0.09796144055718127
155921,3,bd881878983afa89,0.6870068007442792,0.18700680074427922,-1.0,0.22945286640884802,-0.09796144055718127
155921,3,cb88f30f510766d7,0.6870068007442792,0.18700680074427922,-1.0,0.22945286640884802,-0.09796144055718127
155921,3,f05d823b963a6c6e,0.6870068007442792,0.18700680074427922,-1.0,0.22945286640884802,-0.09796144055718127
155921,3,bad44c25ba1e0e47,0.6870068007442792,0.18700680074427922,-1.0,0.22945286640884802,-0.09796144055718127
155921,3,0e9aecd4edb08739,0.6870068007442792,0.18700680074427922,-1.0,0.22945286640884802,-0.09796144055718127
155921,3,fadca46ff2b140c2,0.6870068007442792,0.18700680074427922,-1.0,0.22945286640884802,-0.09796144055718127
155921,3,33dd4fb571535d39,0.6870068007442792,0.18700680074427922,-1.0,0.22945286640884802,-0.09796144055718127
155921,3,c1531bb6a4c0d5dd,0.6870068007442792,0.18700680074427922,-1.0,0.22945286640884802,-0.09796144055718127
155921,3,491a11bbcf7316ac,0.6870068007442792,0.18700680074427922,-1.0,0.22945286640884802,-0.09796144055718127
155921,3,bbf8561763b5fe90,0.6870068007442792,0.18700680074427922,-1.0,0.22945286640884802,-0.09796144055718127
155921,3,23c2e4b4e083bf41,0.6870068007442792,0.18700680074427922,-1.0,0.22945286640884802,-0.09796144055718127
155921,3,94b61f812fd04ae1,0.6870068007442792,0.18700680074427922,-1.0,0.22945286640884802,-0.09796144055718127
155921,3,15d9f57efc2109b2,0.6870068007442792,0.18700680074427922,-1.0,0.22945286640884802,-0.09796144055718127
155921,3,3f970389a16936b0,0.6870068007442792,0.18700680074427922,-1.0,0.22945286640884802,-0.09796144055718127
155921,3,9581b7e59a4fde6b,0.6870068007442792,0.18700680074427922,-1.0,0.22945286640884802,-0.09796144055718127
155921,3,f3f59bcc6a57bf85,0.6870068007442792,0.18700680074427922,-1.0,0.22945286640884802,-0.09796144055718127
155921,3,baac592a9be0ecbc,0.6870068007442792,0.18700680074427922,-1.0,0.22945286640884802,-0.09796144055718127
155921,3,5ecd5d29fae16278,0.6870068007442792,0.18700680074427922,-1.0,0.22945286640884802,-0.09796144055718127
155921,3,1ae066ee87478b63,0.6870068007442792,0.18700680074427922,-1.0,0.22945286640884802,-0.09796144055718127
155921,3,2ff88a5f6fb6d0e9,0.6870068007442792,0.18700680074427922,-1.0,0.22945286640884802,-0.09796144055718127
155921,3,01ee039385fc7c75,0.6870068007442792,0.18700680074427922,-1.0,0.22945286640884802,-0.09796144055718127
155921,3,60987e3ba2606ed9,0.6870068007442792,0.18700680074427922,-1.0,0.22945286640884802,-0.09796144055718127
155921,3,13a35b2f0047182d,0.6870068007442792,0.18700680074427922,-1.0,0.22945286640884802,-0.09796144055718127
155921,3,1ebc2c5cdec573d0,0.6870068007442792,0.18700680074427922,-1.0,0.22945286640884802,-0.09796144055718127
155921,3,481ba480489b2751,0.6870068007442792,0.18700680074427922,-1.0,0.22945286640884802,-0.09796144055718127
155921,3,32de9d815d2846a5,0.6870068007442792,0.18700680074427922,-1.0,0.22945286640884802,-0.09796144055718127
155921,3,af1d270486f91d93,0.6870068007442792,0.18700680074427922,-1.0,0.22945286640884802,-0.09796144055718127
155921,3,969dd6704f8fe61e,0.6870068007442792,0.18700680074427922,-1.0,0.22945286640884802,-0.09796144055718127
155921,3,6cee88301287bd45,0.6870068007442792,0.18700680074427922,-1.0,0.22945286640884802,-0.09796144055718127
155921,3,08c04f254321daed,0.6870068007442792,0.18700680074427922,-1.0,0.22945286640884802,-0.09796144055718127
155921,3,f45cda7484a41d88,0.6870068007442792,0.18700680074427922,-1.0,0.22945286640884802,-0.09796144055718127
155921,3,6488e219e288487a,0.6870068007442792,0.18700680074427922,-1.0,0.22945286640884802,-0.09796144055718127
155921,3,ed6d5074650c9b8b,0.6870068007442792,0.18700680074427922,-1.0,0.22945286640884802,-0.09796144055718127
155921,3,084576c4c03d3466,0.6870068007442792,0.18700680074427922,-1.0,0.22945286640884802,-0.09796144055718127
155921,3,0656e632ce1a7169,0.6870068007442792,0.18700680074427922,-1.0,0.22945286640884802,-0.09796144055718127
155921,3,b0cdf84d11493940,0.6870068007442792,0.18700680074427922,-1.0,0.22945286640884802,-0.09796144055718127
155921,3,64c611b30ca8ba77,0.6870068007442792,0.18700680074427922,-1.0,0.22945286640884802,-0.09796144055718127
155921,3,be97fe183683ad4a,0.6870068007442792,0.18700680074427922,-1.0,0.22945286640884802,-0.09796144055718127
155921,3,c0e9076f69d33056,0.6870068007442792,0.18700680074427922,-1.0,0.22945286640884802,-0.09796144055718127
155921,3,ab8854b327c314cc,0.6870068007442792,0.18700680074427922,-1.0,0.22945286640884802,-0.09796144055718127
155921,3,e0e5be665a068d70,0.6870068007442792,0.18700680074427922,-1.0,0.22945286640884802,-0.09796144055718127
155921,3,8277f2b9e9f965fa,0.6870068007442792,0.18700680074427922,-1.0,0.22945286640884802,-0.09796144055718127
155921,3,258319f8cf1775bd,0.6870068007442792,0.18700680074427922,-1.0,0.22945286640884802,-0.09796144055718127
155921,3,7bcc49d3346d5a47,0.6870068007442792,0.18700680074427922,-1.0,0.22945286640884802,-0.09796144055718127
155921,3,7bb5ec1010ef08b4,0.6870068007442792,0.18700680074427922,-1.0,0.22945286640884802,-0.09796144055718127
155921,3,5df28757679cae26,0.6870068007442792,0.18700680074427922,-1.0,0.22945286640884802,-0.09796144055718127
155921,3,f8ed87d3cf7f4281,0.6870068007442792,0.18700680074427922,-1.0,0.22945286640884802,-0.09796144055718127
155921,3,3ab42c60b155d54b,0.6870068007442792,0.18700680074427922,-1.0,0.22945286640884802,-0.09796144055718127
155921,3,96048bf491b8182c,0.6870068007442792,0.18700680074427922,-1.0,0.22945286640884802,-0.09796144055718127
155921,3,32442e4168bf1ab2,0.6870068007442792,0.18700680074427922,-1.0,0.22945286640884802,-0.09796144055718127
155921,3,590ee18b85260498,0.6870068007442792,0.18700680074427922,-1.0,0.22945286640884802,-0.09796144055718127
155921,3,bc71259110d506f1,0.6870068007442792,0.18700680074427922,-1.0,0.22945286640884802,-0.09796144055718127
155921,3,0a152227108b8080,0.6870068007442792,0.18700680074427922,-1.0,0.22945286640884802,-0.09796144055718127
155921,3,dea5592aab4c6cf0,0.6870068007442792,0.18700680074427922,-1.0,0.22945286640884802,-0.09796144055718127
155921,3,a3bc2e7b55a95970,0.6630769770319979,0.16307697703199786,-1.0,0.22945286640884802,-0.09796144055718127
155921,3,2cf8480c768c5553,0.6630769770319979,0.16307697703199786,-1.0,0.22945286640884802,-0.09796144055718127
155921,3,e5564b444fdaf53f,0.6870068007442792,0.18700680074427922,-1.0,0.22945286640884802,-0.09796144055718127
155921,3,b5e24d8ee05b0308,0.6870068007442792,0.18700680074427922,-1.0,0.22945286640884802,-0.09796144055718127
155921,3,224867547c5f97b1,0.6870068007442792,0.18700680074427922,-1.0,0.22945286640884802,-0.09796144055718127
155921,3,247f57741141188a,0.6870068007442792,0.18700680074427922,-1.0,0.22945286640884802,-0.09796144055718127
155921,3,62e7cdd6fa003391,0.6870068007442792,0.18700680074427922,-1.0,0.22945286640884802,-0.09796144055718127
155921,3,da6bc9ba440520e9,0.024999075396700692,0.4750009246032993,1.0,0.22945286640884802,-0.09796144055718127
155921,3,b33dc03c40457417,0.024999075396700692,0.4750009246032993,1.0,0.22945286640884802,-0.09796144055718127
155921,3,c950dc2982e96b83,0.8996072876696102,0.3996072876696102,-1.0,0.22945286640884802,-0.09796144055718127
155921,3,e750e112570d7faa,0.8996072876696102,0.3996072876696102,-1.0,0.22945286640884802,-0.09796144055718127
155921,3,894c0f669179ac88,0.8996072876696102,0.3996072876696102,-1.0,0.22945286640884802,-0.09796144055718127
155921,3,ca1d836f90fd7326,0.8996072876696102,0.3996072876696102,-1.0,0.22945286640884802,-0.09796144055718127
155921,3,1d5bd9571e76b6b9,0.8996072876696102,0.3996072876696102,-1.0,0.22945286640884802,-0.09796144055718127
155921,3,12e5b227c6778b31,0.8996072876696102,0.3996072876696102,-1.0,0.22945286640884802,-0.09796144055718127
155921,3,cc0aa04a7d4e6736,0.8996072876696102,0.3996072876696102,-1.0,0.22945286640884802,-0.09796144055718127
155921,3,9d3ad92a7e474a02,0.8996072876696102,0.3996072876696102,-1.0,0.22945286640884802,-0.09796144055718127
155921,3,85c3345fc4f19f94,0.8996072876696102,0.3996072876696102,-1.0,0.22945286640884802,-0.09796144055718127
155921,3,326289072f176f80,0.8996072876696102,0.3996072876696102,-1.0,0.22945286640884802,-0.09796144055718127
155921,3,9586db05ac5e234b,0.8996072876696102,0.3996072876696102,-1.0,0.22945286640884802,-0.09796144055718127
155921,3,210a7fd223b28532,0.8996072876696102,0.3996072876696102,-1.0,0.22945286640884802,-0.09796144055718127
155921,3,dc13ffb6702915b0,0.8996072876696102,0.3996072876696102,-1.0,0.22945286640884802,-0.09796144055718127
155921,3,b602105bc79ff59a,0.8996072876696102,0.3996072876696102,-1.0,0.22945286640884802,-0.09796144055718127
155921,3,7e60dab22fb414cd,0.8996072876696102,0.3996072876696102,-1.0,0.22945286640884802,-0.09796144055718127
155921,3,c6571910bb94ca86,0.8996072876696102,0.3996072876696102,-1.0,0.22945286640884802,-0.09796144055718127
155921,3,3bb58e5ef9b428b7,0.6870068007442792,0.18700680074427922,-1.0,0.22945286640884802,-0.09796144055718127
155921,3,786daf3e0a82df88,0.6870068007442792,0.18700680074427922,-1.0,0.22945286640884802,-0.09796144055718127
155921,3,25190cd2ec1fac11,0.6870068007442792,0.18700680074427922,-1.0,0.22945286640884802,-0.09796144055718127
155921,3,ecd9159fe62e40e4,0.6870068007442792,0.18700680074427922,-1.0,0.22945286640884802,-0.09796144055718127
155921,3,4e8be969a97aed3a,0.6870068007442792,0.18700680074427922,-1.0,0.22945286640884802,-0.09796144055718127
155921,3,a423fa7862a329ed,0.6870068007442792,0.18700680074427922,-1.0,0.22945286640884802,-0.09796144055718127
155921,3,bdb8b0e62f40bcf2,0.6870068007442792,0.18700680074427922,-1.0,0.22945286640884802,-0.09796144055718127
155921,3,d9a3a6a909e7df82,0.6870068007442792,0.18700680074427922,-1.0,0.22945286640884802,-0.09796144055718127
155921,3,254bf7e2512ca599,0.6870068007442792,0.18700680074427922,-1.0,0.22945286640884802,-0.09796144055718127
155921,3,ffb2b8db7dbc8411,0.6870068007442792,0.18700680074427922,-1.0,0.22945286640884802,-0.09796144055718127
155921,3,84d57d2109ba58e4,0.6870068007442792,0.18700680074427922,-1.0,0.22945286640884802,-0.09796144055718127
155921,3,fa59d2e1b76c4a24,0.6870068007442792,0.18700680074427922,-1.0,0.22945286640884802,-0.09796144055718127
155921,3,f345a56eda1f9ed1,0.6870068007442792,0.18700680074427922,-1.0,0.22945286640884802,-0.09796144055718127
155921,3,51a739465b8fb046,0.6870068007442792,0.18700680074427922,-1.0,0.22945286640884802,-0.09796144055718127
155921,3,c8a6ffeb23a0bcc2,0.6870068007442792,0.18700680074427922,-1.0,0.22945286640884802,-0.09796144055718127
155921,3,8ce2ac39e721d1aa,0.6870068007442792,0.18700680074427922,-1.0,0.22945286640884802,-0.09796144055718127
155921,3,bfa7684fc1fda64f,0.6870068007442792,0.18700680074427922,-1.0,0.22945286640884802,-0.09796144055718127
155921,3,704fc6f6bf74b603,0.6870068007442792,0.18700680074427922,-1.0,0.22945286640884802,-0.09796144055718127
155921,3,294703df92b6533e,0.6870068007442792,0.18700680074427922,-1.0,0.22945286640884802,-0.09796144055718127
155921,3,4e73fc9e25c9b546,0.6870068007442792,0.18700680074427922,-1.0,0.22945286640884802,-0.09796144055718127
155921,3,cdf8056c8a18ea40,0.6870068007442792,0.18700680074427922,-1.0,0.22945286640884802,-0.09796144055718127
155921,3,5c166731d1d5fbd1,0.6870068007442792,0.18700680074427922,-1.0,0.22945286640884802,-0.09796144055718127
155921,3,eb33bd3082722c29,0.6870068007442792,0.18700680074427922,-1.0,0.22945286640884802,-0.09796144055718127
155921,3,df85bbf19f37e424,0.6870068007442792,0.18700680074427922,-1.0,0.22945286640884802,-0.09796144055718127
155921,3,191dc47465a7947d,0.6870068007442792,0.18700680074427922,-1.0,0.22945286640884802,-0.09796144055718127
155921,3,0bfe8db0dedc76b3,0.6870068007442792,0.18700680074427922,-1.0,0.22945286640884802,-0.09796144055718127
155921,3,858435d031f0b505,0.6870068007442792,0.18700680074427922,-1.0,0.22945286640884802,-0.09796144055718127
155921,3,703f3002cd07af0a,0.6870068007442792,0.18700680074427922,-1.0,0.22945286640884802,-0.09796144055718127
155921,3,55c8024e6aeb8645,0.6870068007442792,0.18700680074427922,-1.0,0.22945286640884802,-0.09796144055718127
155921,3,43852ce0a368a901,0.6870068007442792,0.18700680074427922,-1.0,0.22945286640884802,-0.09796144055718127
155921,3,170f4449e685df34,0.6870068007442792,0.18700680074427922,-1.0,0.22945286640884802,-0.09796144055718127
155921,3,80831f6aeb20c04c,0.6870068007442792,0.18700680074427922,-1.0,0.22945286640884802,-0.09796144055718127
155921,3,44ffaf6d189cbdca,0.6870068007442792,0.18700680074427922,-1.0,0.22945286640884802,-0.09796144055718127
155921,3,b5e65446da21df7b,0.6870068007442792,0.18700680074427922,-1.0,0.22945286640884802,-0.09796144055718127
155921,3,15dc1799c184fc3a,0.6870068007442792,0.18700680074427922,-1.0,0.22945286640884802,-0.09796144055718127
155921,3,9d9213331ad7dd69,0.6870068007442792,0.18700680074427922,-1.0,0.22945286640884802,-0.09796144055718127
155921,3,dccc576d9bc9c6e4,0.6870068007442792,0.18700680074427922,-1.0,0.22945286640884802,-0.09796144055718127
155921,3,67e6ec7793b157fe,0.6870068007442792,0.18700680074427922,-1.0,0.22945286640884802,-0.09796144055718127
155921,3,0566ed2ca037d109,0.6870068007442792,0.18700680074427922,-1.0,0.22945286640884802,-0.09796144055718127
155921,3,dacc5a494d43359d,0.6870068007442792,0.18700680074427922,-1.0,0.22945286640884802,-0.09796144055718127
155921,3,507af5394b70a4dd,0.6870068007442792,0.18700680074427922,-1.0,0.22945286640884802,-0.09796144055718127
155921,3,c69bbc62cd828d2d,0.6870068007442792,0.18700680074427922,-1.0,0.22945286640884802,-0.09796144055718127
155921,3,cc095c60c1836798,0.9706930241451158,0.4706930241451158,-1.0,0.22945286640884802,-0.09796144055718127
155921,3,1fc3aa577dd17d3b,0.6870068007442792,0.18700680074427922,-1.0,0.22945286640884802,-0.09796144055718127
155921,3,b5dd8ce73ca20571,0.6870068007442792,0.18700680074427922,-1.0,0.22945286640884802,-0.09796144055718127
155921,3,8a2c6f5152aeaf90,0.6870068007442792,0.18700680074427922,-1.0,0.22945286640884802,-0.09796144055718127
155921,3,d353d5dcb1e2552e,0.6870068007442792,0.18700680074427922,-1.0,0.22945286640884802,-0.09796144055718127
155921,3,122d16835afa0b32,0.6870068007442792,0.18700680074427922,-1.0,0.22945286640884802,-0.09796144055718127
155921,3,fb63e1a1688b55ca,0.6870068007442792,0.18700680074427922,-1.0,0.22945286640884802,-0.09796144055718127
155921,3,37b0cdc532627e1d,0.6870068007442792,0.18700680074427922,-1.0,0.22945286640884802,-0.09796144055718127
155921,3,b1319c6a60fe25e2,0.6870068007442792,0.18700680074427922,-1.0,0.22945286640884802,-0.09796144055718127
155921,3,1b71b86063cd1faf,0.6870068007442792,0.18700680074427922,-1.0,0.22945286640884802,-0.09796144055718127
155921,3,bab15f498e85e69e,0.6870068007442792,0.18700680074427922,-1.0,0.22945286640884802,-0.09796144055718127
155921,3,77a9b05cb0bdbcf2,0.6870068007442791,0.1870068007442791,-1.0,0.22945286640884802,-0.09796144055718127
155921,4,109e14b8ccc21bad,0.010407399758138787,0.4895926002418612,1.0,0.30774523810964455,-0.07754143843107253
155921,4,5a784610642d15eb,0.8163949605259939,0.3163949605259939,-1.0,0.30774523810964455,-0.07754143843107253
155921,4,39e5721af352391f,0.0001620973870007258,0.49983790261299926,1.0,0.30774523810964455,-0.07754143843107253
155921,4,e50fafc498d71881,0.015458104873642768,0.48454189512635726,1.0,0.30774523810964455,-0.07754143843107253
155921,4,2ce4216d747e06bd,0.8163949605259939,0.3163949605259939,-1.0,0.30774523810964455,-0.07754143843107253
155921,4,99b606925e9e5da5,0.11474528590148825,0.38525471409851175,1.0,0.30774523810964455,-0.07754143843107253
155921,4,737616fbf4da4cc5,0.11474528590148825,0.38525471409851175,1.0,0.30774523810964455,-0.07754143843107253
155921,4,b6dd725c12a98df4,0.10603822383218088,0.39396177616781913,1.0,0.30774523810964455,-0.07754143843107253
155921,4,99a96142eb77b2ba,0.10603822383218088,0.39396177616781913,1.0,0.30774523810964455,-0.07754143843107253
155921,4,f69839108b2c85f5,0.8163949605259939,0.3163949605259939,-1.0,0.30774523810964455,-0.07754143843107253
155921,4,406f42dfb5421781,0.8163949605259939,0.3163949605259939,-1.0,0.30774523810964455,-0.07754143843107253
155921,4,61c102ab7cc7f620,0.8163949605259939,0.3163949605259939,-1.0,0.30774523810964455,-0.07754143843107253
155921,4,22e588a0e0c13f2f,0.8163949605259939,0.3163949605259939,-1.0,0.30774523810964455,-0.07754143843107253
155921,4,ba30679f20d1f8ba,0.8163949605259939,0.3163949605259939,-1.0,0.30774523810964455,-0.07754143843107253
155921,4,0fa0546f61f02ef1,0.8163949605259939,0.3163949605259939,-1.0,0.30774523810964455,-0.07754143843107253
155921,4,0fa842aec22f7c26,0.8163949605259939,0.3163949605259939,-1.0,0.30774523810964455,-0.07754143843107253
155921,4,674109bd60361b81,0.8163949605259939,0.3163949605259939,-1.0,0.30774523810964455,-0.07754143843107253
155921,4,85ee7a988bff9651,0.8163949605259939,0.3163949605259939,-1.0,0.30774523810964455,-0.07754143843107253
155921,4,05a9d42bc9a52c2f,0.8163949605259939,0.3163949605259939,-1.0,0.30774523810964455,-0.07754143843107253
155921,4,7d36bc477a0e0230,0.8163949605259939,0.3163949605259939,-1.0,0.30774523810964455,-0.07754143843107253
155921,4,63f496241ad8d2c6,0.8163949605259939,0.3163949605259939,-1.0,0.30774523810964455,-0.07754143843107253
155921,4,b1d9860b27f6967a,0.9999256858523347,0.49992568585233466,-1.0,0.30774523810964455,-0.07754143843107253
155921,4,2c83afeaea6f67e0,0.8163949605259939,0.3163949605259939,-1.0,0.30774523810964455,-0.07754143843107253
155921,4,387c8149db0709ba,0.9983359939633878,0.4983359939633878,-1.0,0.30774523810964455,-0.07754143843107253
196613,0,7ad5ac5e8cdc02e6,0.999457555549054,0.499457555549054,-1.0,0.2635248885906468,-0.08193980165836934
196613,0,1e24cffad4644246,0.3330733215168527,0.1669266784831473,1.0,0.2635248885906468,-0.08193980165836934
196613,0,5a784610642d15eb,0.8033631327904481,0.30336313279044813,-1.0,0.2635248885906468,-0.08193980165836934
196613,0,5fb4f83d5104f22b,0.8033631327904481,0.30336313279044813,-1.0,0.2635248885906468,-0.08193980165836934
196613,0,b6dd725c12a98df4,0.11064844352339158,0.3893515564766084,1.0,0.2635248885906468,-0.08193980165836934
196613,0,99a96142eb77b2ba,0.11064844352339158,0.3893515564766084,1.0,0.2635248885906468,-0.08193980165836934
196613,0,f69839108b2c85f5,0.8033631327904481,0.30336313279044813,-1.0,0.2635248885906468,-0.08193980165836934
196613,0,406f42dfb5421781,0.8033631327904481,0.30336313279044813,-1.0,0.2635248885906468,-0.08193980165836934
196613,0,61c102ab7cc7f620,0.8033631327904481,0.30336313279044813,-1.0,0.2635248885906468,-0.08193980165836934
196613,0,22e588a0e0c13f2f,0.8033631327904481,0.30336313279044813,-1.0,0.2635248885906468,-0.08193980165836934
196613,0,ba30679f20d1f8ba,0.8033631327904481,0.30336313279044813,-1.0,0.2635248885906468,-0.08193980165836934
196613,0,0fa0546f61f02ef1,0.8033631327904481,0.30336313279044813,-1.0,0.2635248885906468,-0.08193980165836934
196613,0,0fa842aec22f7c26,0.8033631327904481,0.30336313279044813,-1.0,0.2635248885906468,-0.08193980165836934
196613,0,674109bd60361b81,0.8033631327904481,0.30336313279044813,-1.0,0.2635248885906468,-0.08193980165836934
196613,0,85ee7a988bff9651,0.8033631327904481,0.30336313279044813,-1.0,0.2635248885906468,-0.08193980165836934
196613,0,05a9d42bc9a52c2f,0.8033631327904481,0.30336313279044813,-1.0,0.2635248885906468,-0.08193980165836934
196613,0,7d36bc477a0e0230,0.8033631327904481,0.30336313279044813,-1.0,0.2635248885906468,-0.08193980165836934
196613,0,63f496241ad8d2c6,0.8033631327904481,0.30336313279044813,-1.0,0.2635248885906468,-0.08193980165836934
196613,0,6ff6056da7469332,0.0015781713716617233,0.4984218286283383,1.0,0.2635248885906468,-0.08193980165836934
196613,0,2c83afeaea6f67e0,0.8033631327904481,0.30336313279044813,-1.0,0.2635248885906468,-0.08193980165836934
196613,0,387c8149db0709ba,0.9972445575924463,0.49724455759244635,-1.0,0.2635248885906468,-0.08193980165836934
196613,1,d0c6d7ffec5d58c3,0.6460003183759415,0.14600031837594152,-1.0,0.27504616509252233,-0.08511560053896938
196613,1,b0a65fc4ebf31640,0.6460003183759415,0.14600031837594152,-1.0,0.27504616509252233,-0.08511560053896938
196613,1,5336017ed36fd28f,0.6460003183759415,0.14600031837594152,-1.0,0.27504616509252233,-0.08511560053896938
196613,1,b3f035de0e7be945,0.6460003183759415,0.14600031837594152,-1.0,0.27504616509252233,-0.08511560053896938
196613,1,cea7fbe06302870b,0.6460003183759415,0.14600031837594152,-1.0,0.27504616509252233,-0.08511560053896938
196613,1,5a6a2f3bf13a7d55,0.6460003183759415,0.14600031837594152,-1.0,0.27504616509252233,-0.08511560053896938
196613,1,c61ecb085d8df371,0.6460003183759415,0.14600031837594152,-1.0,0.27504616509252233,-0.08511560053896938
196613,1,51b8bb1801b4ae88,0.0027658907560528688,0.4972341092439471,1.0,0.27504616509252233,-0.08511560053896938
196613,1,ca0b84d43992b03d,0.6460003183759415,0.14600031837594152,-1.0,0.27504616509252233,-0.08511560053896938
196613,1,d4a3b4eae29da29b,0.9722653575606425,0.4722653575606425,-1.0,0.27504616509252233,-0.08511560053896938
196613,1,543ce167788b1f3e,0.6460003183759415,0.14600031837594152,-1.0,0.27504616509252233,-0.08511560053896938
196613,1,99c8495117d32d72,0.6460003183759415,0.14600031837594152,-1.0,0.27504616509252233,-0.08511560053896938
196613,1,43615d8a80044b19,0.6460003183759415,0.14600031837594152,-1.0,0.27504616509252233,-0.08511560053896938
196613,1,a1da294020dc650f,0.6460003183759415,0.14600031837594152,-1.0,0.27504616509252233,-0.08511560053896938
196613,1,26cbed1ed70886fe,0.6460003183759415,0.14600031837594152,-1.0,0.27504616509252233,-0.08511560053896938
196613,1,ac59b211ab998989,0.6460003183759415,0.14600031837594152,-1.0,0.27504616509252233,-0.08511560053896938
196613,1,accd65ebb9e6d5bd,0.6460003183759415,0.14600031837594152,-1.0,0.27504616509252233,-0.08511560053896938
196613,1,e9d3da7afd6b290d,0.6460003183759415,0.14600031837594152,-1.0,0.27504616509252233,-0.08511560053896938
196613,1,27060368c02ab464,0.6460003183759415,0.14600031837594152,-1.0,0.27504616509252233,-0.08511560053896938
196613,1,2b26c5cb857798ec,0.6460003183759415,0.14600031837594152,-1.0,0.27504616509252233,-0.08511560053896938
196613,1,6d2db02e8c8d2145,0.6460003183759415,0.14600031837594152,-1.0,0.27504616509252233,-0.08511560053896938
196613,1,e0636d7b6780bb2a,0.6460003183759415,0.14600031837594152,-1.0,0.27504616509252233,-0.08511560053896938
196613,1,417462f881b93736,0.6460003183759415,0.14600031837594152,-1.0,0.27504616509252233,-0.08511560053896938
196613,1,34036c3b224f37de,0.6460003183759415,0.14600031837594152,-1.0,0.27504616509252233,-0.08511560053896938
196613,1,4fcbabe856178b53,0.6460003183759415,0.14600031837594152,-1.0,0.27504616509252233,-0.08511560053896938
196613,1,492b7bdb48f08e41,0.6460003183759415,0.14600031837594152,-1.0,0.27504616509252233,-0.08511560053896938
196613,1,40257a80e298d1e7,0.6460003183759415,0.14600031837594152,-1.0,0.27504616509252233,-0.08511560053896938
196613,1,d107e225e8d2b292,0.6460003183759415,0.14600031837594152,-1.0,0.27504616509252233,-0.08511560053896938
196613,1,b4fd2a49bcbf3d25,0.6460003183759415,0.14600031837594152,-1.0,0.27504616509252233,-0.08511560053896938
196613,1,754e9dee83f16dd1,0.6460003183759415,0.14600031837594152,-1.0,0.27504616509252233,-0.08511560053896938
196613,1,a1364f38e19a30c6,0.6460003183759415,0.14600031837594152,-1.0,0.27504616509252233,-0.08511560053896938
196613,1,ad16fef01adc5432,0.6460003183759415,0.14600031837594152,-1.0,0.27504616509252233,-0.08511560053896938
196613,1,a1d1bb9061317e70,0.5348795518372825,0.03487955183728253,-1.0,0.27504616509252233,-0.08511560053896938
196613,1,818f1d78902d2a6d,0.5348795518372825,0.03487955183728253,-1.0,0.27504616509252233,-0.08511560053896938
196613,1,bd699b6a4b2c634b,0.5348795518372825,0.03487955183728253,-1.0,0.27504616509252233,-0.08511560053896938
196613,1,b3438d0b792d8a58,0.5348795518372825,0.03487955183728253,-1.0,0.27504616509252233,-0.08511560053896938
196613,1,d5e6b9dc02e2364e,0.5348795518372825,0.03487955183728253,-1.0,0.27504616509252233,-0.08511560053896938
196613,1,180c0a7827d406e0,0.5348795518372825,0.03487955183728253,-1.0,0.27504616509252233,-0.08511560053896938
196613,1,80b108c560581bbc,0.5348795518372825,0.03487955183728253,-1.0,0.27504616509252233,-0.08511560053896938
196613,1,77428ad94822a7d6,0.5348795518372825,0.03487955183728253,-1.0,0.27504616509252233,-0.08511560053896938
196613,1,372778033811af53,0.5348795518372825,0.03487955183728253,-1.0,0.27504616509252233,-0.08511560053896938
196613,1,71f1d37fa44d6ef0,0.5348795518372825,0.03487955183728253,-1.0,0.27504616509252233,-0.08511560053896938
196613,1,d2ff63c7d43f2890,0.6460003183759415,0.14600031837594152,-1.0,0.27504616509252233,-0.08511560053896938
196613,1,c03f1b0e1f75ae1a,0.6460003183759415,0.14600031837594152,-1.0,0.27504616509252233,-0.08511560053896938
196613,1,61603b00599eb0d5,0.6460003183759415,0.14600031837594152,-1.0,0.27504616509252233,-0.08511560053896938
196613,1,526c53b206ce2492,0.6460003183759415,0.14600031837594152,-1.0,0.27504616509252233,-0.08511560053896938
196613,1,80c76967ecfe2dc2,0.6460003183759415,0.14600031837594152,-1.0,0.27504616509252233,-0.08511560053896938
196613,1,3983850cd373720d,0.6460003183759415,0.14600031837594152,-1.0,0.27504616509252233,-0.08511560053896938
196613,1,73b19eb785eed129,0.6460003183759415,0.14600031837594152,-1.0,0.27504616509252233,-0.08511560053896938
196613,1,0b799dd83f93411e,0.6460003183759415,0.14600031837594152,-1.0,0.27504616509252233,-0.08511560053896938
196613,1,d4c1e23a091d0960,0.6460003183759415,0.14600031837594152,-1.0,0.27504616509252233,-0.08511560053896938
196613,1,e4ee526bda3920c2,0.6460003183759415,0.14600031837594152,-1.0,0.27504616509252233,-0.08511560053896938
196613,1,4c5b14e536cc1334,0.6460003183759415,0.14600031837594152,-1.0,0.27504616509252233,-0.08511560053896938
196613,1,a00500e26347bc0e,0.6460003183759415,0.14600031837594152,-1.0,0.27504616509252233,-0.08511560053896938
196613,1,5b0255daf759f446,0.6460003183759415,0.14600031837594152,-1.0,0.27504616509252233,-0.08511560053896938
196613,1,4998005b3d3757a8,0.6460003183759415,0.14600031837594152,-1.0,0.27504616509252233,-0.08511560053896938
196613,1,63d11bbb7d28eb4c,0.6460003183759415,0.14600031837594152,-1.0,0.27504616509252233,-0.08511560053896938
196613,1,e4ff4ed289f6bac3,0.6460003183759415,0.14600031837594152,-1.0,0.27504616509252233,-0.08511560053896938
196613,1,124db139bedffacf,0.6460003183759415,0.14600031837594152,-1.0,0.27504616509252233,-0.08511560053896938
196613,1,cb4273c993344634,0.6460003183759415,0.14600031837594152,-1.0,0.27504616509252233,-0.08511560053896938
196613,1,4759cae892250232,0.6460003183759415,0.14600031837594152,-1.0,0.27504616509252233,-0.08511560053896938
196613,1,830861fddf3571ee,0.6460003183759415,0.14600031837594152,-1.0,0.27504616509252233,-0.08511560053896938
196613,1,259e68bb986bb484,0.6460003183759415,0.14600031837594152,-1.0,0.27504616509252233,-0.08511560053896938
196613,1,f05bea29ca56cbf9,0.6460003183759415,0.14600031837594152,-1.0,0.27504616509252233,-0.08511560053896938
196613,1,f12454cc3399cc0a,0.6460003183759415,0.14600031837594152,-1.0,0.27504616509252233,-0.08511560053896938
196613,1,3036e4501bafe469,0.6460003183759415,0.14600031837594152,-1.0,0.27504616509252233,-0.08511560053896938
196613,1,441f7ec26db26341,0.6460003183759415,0.14600031837594152,-1.0,0.27504616509252233,-0.08511560053896938
196613,1,aecd3ccb7d054807,0.6460003183759415,0.14600031837594152,-1.0,0.27504616509252233,-0.08511560053896938
196613,1,d03955e5b6e2a037,0.6460003183759415,0.14600031837594152,-1.0,0.27504616509252233,-0.08511560053896938
196613,1,7116690484a80f02,0.6460003183759415,0.14600031837594152,-1.0,0.27504616509252233,-0.08511560053896938
196613,1,7a1bd3c43d402b71,0.6460003183759415,0.14600031837594152,-1.0,0.27504616509252233,-0.08511560053896938
196613,1,121733ad19650ea3,0.6460003183759415,0.14600031837594152,-1.0,0.27504616509252233,-0.08511560053896938
196613,1,86b7dbca3f1859b3,0.6460003183759415,0.14600031837594152,-1.0,0.27504616509252233,-0.08511560053896938
196613,1,933a525b1e59cce1,0.6460003183759415,0.14600031837594152,-1.0,0.27504616509252233,-0.08511560053896938
196613,1,7eb305c480cbd81c,0.6460003183759415,0.14600031837594152,-1.0,0.27504616509252233,-0.08511560053896938
196613,1,05a73c87538dea60,0.6460003183759415,0.14600031837594152,-1.0,0.27504616509252233,-0.08511560053896938
196613,1,6b4bf3c0659fff4c,0.6460003183759415,0.14600031837594152,-1.0,0.27504616509252233,-0.08511560053896938
196613,1,b05b2b6bc2a58cde,0.6460003183759415,0.14600031837594152,-1.0,0.27504616509252233,-0.08511560053896938
196613,1,05c3538c00451781,0.6460003183759415,0.14600031837594152,-1.0,0.27504616509252233,-0.08511560053896938
196613,1,459b90da32d12340,0.6460003183759415,0.14600031837594152,-1.0,0.27504616509252233,-0.08511560053896938
196613,1,5add2b02243710d8,0.6460003183759415,0.14600031837594152,-1.0,0.27504616509252233,-0.08511560053896938
196613,1,2a41f3ebef788345,0.6460003183759415,0.14600031837594152,-1.0,0.27504616509252233,-0.08511560053896938
196613,1,099cafc95a99e1db,0.6460003183759415,0.14600031837594152,-1.0,0.27504616509252233,-0.08511560053896938
196613,1,e29c1cf41e785a94,0.6460003183759415,0.14600031837594152,-1.0,0.27504616509252233,-0.08511560053896938
196613,1,61f97ff8feb9afab,0.6460003183759415,0.14600031837594152,-1.0,0.27504616509252233,-0.08511560053896938
196613,1,4481c5627928131d,0.6460003183759415,0.14600031837594152,-1.0,0.27504616509252233,-0.08511560053896938
196613,1,929b2959e4085af9,0.6460003183759415,0.14600031837594152,-1.0,0.27504616509252233,-0.08511560053896938
196613,1,4ae2a0e0a04e22fc,0.6460003183759415,0.14600031837594152,-1.0,0.27504616509252233,-0.08511560053896938
196613,1,f76d16dc48d41e27,0.6460003183759415,0.14600031837594152,-1.0,0.27504616509252233,-0.08511560053896938
196613,1,ca38ba3a8898a577,0.6460003183759415,0.14600031837594152,-1.0,0.27504616509252233,-0.08511560053896938
196613,1,b88c40d83066f30e,0.6460003183759415,0.14600031837594152,-1.0,0.27504616509252233,-0.08511560053896938
196613,1,86753032d9fa008d,0.6460003183759415,0.14600031837594152,-1.0,0.27504616509252233,-0.08511560053896938
196613,1,658588ea845cbbcd,0.6460003183759415,0.14600031837594152,-1.0,0.27504616509252233,-0.08511560053896938
196613,1,76711e79e2ec01ef,0.6460003183759415,0.14600031837594152,-1.0,0.27504616509252233,-0.08511560053896938
196613,1,b7bc69fc789d9b76,0.6460003183759415,0.14600031837594152,-1.0,0.27504616509252233,-0.08511560053896938
196613,1,0abbcf420e23e3c7,0.6460003183759415,0.14600031837594152,-1.0,0.27504616509252233,-0.08511560053896938
196613,1,2a8b4d6487a26c27,0.6460003183759415,0.14600031837594152,-1.0,0.27504616509252233,-0.08511560053896938
196613,1,f1cc02a92c08ce5a,0.6460003183759415,0.14600031837594152,-1.0,0.27504616509252233,-0.08511560053896938
196613,1,652810ec40425074,0.6460003183759415,0.14600031837594152,-1.0,0.27504616509252233,-0.08511560053896938
196613,1,85fadbeefe51dede,0.6460003183759415,0.14600031837594152,-1.0,0.27504616509252233,-0.08511560053896938
196613,1,0cf584c973b138fa,0.6460003183759415,0.14600031837594152,-1.0,0.27504616509252233,-0.08511560053896938
196613,1,0f586242f57f20f6,0.6460003183759415,0.14600031837594152,-1.0,0.27504616509252233,-0.08511560053896938
196613,1,0711104e8af2bd43,0.6460003183759415,0.14600031837594152,-1.0,0.27504616509252233,-0.08511560053896938
196613,1,4e816bdc993aa716,0.6460003183759415,0.14600031837594152,-1.0,0.27504616509252233,-0.08511560053896938
196613,1,e72207fd3b60a738,0.6460003183759415,0.14600031837594152,-1.0,0.27504616509252233,-0.08511560053896938
196613,1,fb395fc20ad441b8,0.6460003183759415,0.14600031837594152,-1.0,0.27504616509252233,-0.08511560053896938
196613,1,ef0fb6c09176b30a,0.6460003183759415,0.14600031837594152,-1.0,0.27504616509252233,-0.08511560053896938
196613,1,c76f680dd1db3efb,0.6460003183759415,0.14600031837594152,-1.0,0.27504616509252233,-0.08511560053896938
196613,1,37d3f22ee01322f7,0.6460003183759415,0.14600031837594152,-1.0,0.27504616509252233,-0.08511560053896938
196613,1,7a8033cd695a09db,0.6460003183759415,0.14600031837594152,-1.0,0.27504616509252233,-0.08511560053896938
196613,1,2ac1b0d9b7b83726,0.6460003183759415,0.14600031837594152,-1.0,0.27504616509252233,-0.08511560053896938
196613,1,babf32ba697c93fe,0.6460003183759415,0.14600031837594152,-1.0,0.27504616509252233,-0.08511560053896938
196613,1,e492acad0936b2a0,0.6460003183759415,0.14600031837594152,-1.0,0.27504616509252233,-0.08511560053896938
196613,1,9dc40db146f97226,0.6460003183759415,0.14600031837594152,-1.0,0.27504616509252233,-0.08511560053896938
196613,1,03d73939b53041d6,0.6460003183759415,0.14600031837594152,-1.0,0.27504616509252233,-0.08511560053896938
196613,1,9171eebe4dc639c6,0.6460003183759415,0.14600031837594152,-1.0,0.27504616509252233,-0.08511560053896938
196613,1,30c8114cc055d4b0,0.6460003183759415,0.14600031837594152,-1.0,0.27504616509252233,-0.08511560053896938
196613,1,472fc6d9059f3c8e,0.6460003183759415,0.14600031837594152,-1.0,0.27504616509252233,-0.08511560053896938
196613,1,0e0915921cb03b61,0.6460003183759415,0.14600031837594152,-1.0,0.27504616509252233,-0.08511560053896938
196613,1,af971a0b699f29ae,0.6460003183759415,0.14600031837594152,-1.0,0.27504616509252233,-0.08511560053896938
196613,1,7aec532eedbe347b,0.6460003183759415,0.14600031837594152,-1.0,0.27504616509252233,-0.08511560053896938
196613,1,2e7197a7efd242c9,0.6460003183759415,0.14600031837594152,-1.0,0.27504616509252233,-0.08511560053896938
196613,1,10ca3ef9ac6e7fb0,0.6460003183759415,0.14600031837594152,-1.0,0.27504616509252233,-0.08511560053896938
196613,1,8226bcd57b08d4d8,0.6460003183759415,0.14600031837594152,-1.0,0.27504616509252233,-0.08511560053896938
196613,1,44012938119033a5,0.6460003183759415,0.14600031837594152,-1.0,0.27504616509252233,-0.08511560053896938
196613,1,1651b0a3bd1a4142,0.6460003183759415,0.14600031837594152,-1.0,0.27504616509252233,-0.08511560053896938
196613,1,1052c7804a84fd4c,0.6460003183759415,0.14600031837594152,-1.0,0.27504616509252233,-0.08511560053896938
196613,1,2b9cc1a4fc46c0df,0.6460003183759415,0.14600031837594152,-1.0,0.27504616509252233,-0.08511560053896938
196613,1,4cb2ffb4332ca124,0.6460003183759415,0.14600031837594152,-1.0,0.27504616509252233,-0.08511560053896938
196613,1,5169c377777d282b,0.6460003183759415,0.14600031837594152,-1.0,0.27504616509252233,-0.08511560053896938
196613,1,9f969f90406c97a4,0.6460003183759415,0.14600031837594152,-1.0,0.27504616509252233,-0.08511560053896938
196613,1,4abc313a070a9a28,0.6460003183759415,0.14600031837594152,-1.0,0.27504616509252233,-0.08511560053896938
196613,1,070747aae4dc989c,0.6460003183759415,0.14600031837594152,-1.0,0.27504616509252233,-0.08511560053896938
196613,1,baac03fd9286c92d,0.6460003183759415,0.14600031837594152,-1.0,0.27504616509252233,-0.08511560053896938
196613,1,cfb0cf901791360b,0.6460003183759415,0.14600031837594152,-1.0,0.27504616509252233,-0.08511560053896938
196613,1,ee5f0a21fa37baaf,0.6460003183759415,0.14600031837594152,-1.0,0.27504616509252233,-0.08511560053896938
196613,1,82698a4f2e790a6d,0.6460003183759415,0.14600031837594152,-1.0,0.27504616509252233,-0.08511560053896938
196613,1,c10ed3995524f655,0.6460003183759415,0.14600031837594152,-1.0,0.27504616509252233,-0.08511560053896938
196613,1,eca00c5272e79ac3,0.6460003183759415,0.14600031837594152,-1.0,0.27504616509252233,-0.08511560053896938
196613,1,4315ec27cd357b25,0.6460003183759415,0.14600031837594152,-1.0,0.27504616509252233,-0.08511560053896938
196613,1,070f43b8e6fa53cc,0.6460003183759415,0.14600031837594152,-1.0,0.27504616509252233,-0.08511560053896938
196613,1,e7db5fe739b82aaa,0.6460003183759415,0.14600031837594152,-1.0,0.27504616509252233,-0.08511560053896938
196613,1,0973c72a8ec4d510,0.6460003183759415,0.14600031837594152,-1.0,0.27504616509252233,-0.08511560053896938
196613,1,74533b00ce755709,0.6460003183759415,0.14600031837594152,-1.0,0.27504616509252233,-0.08511560053896938
196613,1,953982f25eb9e94b,0.6460003183759415,0.14600031837594152,-1.0,0.27504616509252233,-0.08511560053896938
196613,1,ef98d769b40a6680,0.6460003183759415,0.14600031837594152,-1.0,0.27504616509252233,-0.08511560053896938
196613,1,d4654555019558c8,0.6460003183759415,0.14600031837594152,-1.0,0.27504616509252233,-0.08511560053896938
196613,1,3d131164e9134388,0.6460003183759415,0.14600031837594152,-1.0,0.27504616509252233,-0.08511560053896938
196613,1,fc3b90c2ca040eec,0.6460003183759415,0.14600031837594152,-1.0,0.27504616509252233,-0.08511560053896938
196613,1,9c591c4879c888e6,0.6460003183759415,0.14600031837594152,-1.0,0.27504616509252233,-0.08511560053896938
196613,1,6bc4387fd909f896,0.6460003183759415,0.14600031837594152,-1.0,0.27504616509252233,-0.08511560053896938
196613,1,f6224659cc3203a0,0.6460003183759415,0.14600031837594152,-1.0,0.27504616509252233,-0.08511560053896938
196613,1,366305791859fdae,0.6460003183759415,0.14600031837594152,-1.0,0.27504616509252233,-0.08511560053896938
196613,1,131a35ee31599805,0.6460003183759415,0.14600031837594152,-1.0,0.27504616509252233,-0.08511560053896938
196613,1,3634230792682dfb,0.6460003183759415,0.14600031837594152,-1.0,0.27504616509252233,-0.08511560053896938
196613,1,1fb1bf5499f79939,0.6460003183759415,0.14600031837594152,-1.0,0.27504616509252233,-0.08511560053896938
196613,1,3ebd75679757f580,0.6460003183759415,0.14600031837594152,-1.0,0.27504616509252233,-0.08511560053896938
196613,1,7ef399519f43aa6d,0.6460003183759415,0.14600031837594152,-1.0,0.27504616509252233,-0.08511560053896938
196613,1,37eb96b580471a48,0.6460003183759415,0.14600031837594152,-1.0,0.27504616509252233,-0.08511560053896938
196613,1,75aae14ed0f55590,0.6460003183759415,0.14600031837594152,-1.0,0.27504616509252233,-0.08511560053896938
196613,1,029b985df55ed873,0.6460003183759415,0.14600031837594152,-1.0,0.27504616509252233,-0.08511560053896938
196613,1,d294b06ac73b17a1,0.6460003183759415,0.14600031837594152,-1.0,0.27504616509252233,-0.08511560053896938
196613,1,48baeebc441c0964,0.6460003183759415,0.14600031837594152,-1.0,0.27504616509252233,-0.08511560053896938
196613,1,260b9aefd9095405,0.6460003183759415,0.14600031837594152,-1.0,0.27504616509252233,-0.08511560053896938
196613,1,8f1b939eaa272815,0.6460003183759415,0.14600031837594152,-1.0,0.27504616509252233,-0.08511560053896938
196613,1,e44232cadf8273f0,0.6460003183759415,0.14600031837594152,-1.0,0.27504616509252233,-0.08511560053896938
196613,1,2c1daccff16e80f6,0.6460003183759415,0.14600031837594152,-1.0,0.27504616509252233,-0.08511560053896938
196613,1,097373dc643a54b1,0.6460003183759415,0.14600031837594152,-1.0,0.27504616509252233,-0.08511560053896938
196613,1,497c56cf4bb6611a,0.6460003183759415,0.14600031837594152,-1.0,0.27504616509252233,-0.08511560053896938
196613,1,0ecd4ac4bf29bfb9,0.6460003183759415,0.14600031837594152,-1.0,0.27504616509252233,-0.08511560053896938
196613,1,4530a24acedc122d,0.6460003183759415,0.14600031837594152,-1.0,0.27504616509252233,-0.08511560053896938
196613,1,99b0e9e1b01ed092,0.6460003183759415,0.14600031837594152,-1.0,0.27504616509252233,-0.08511560053896938
196613,1,430134a653758ce5,0.6460003183759415,0.14600031837594152,-1.0,0.27504616509252233,-0.08511560053896938
196613,1,aaa0149134925bf9,0.6460003183759415,0.14600031837594152,-1.0,0.27504616509252233,-0.08511560053896938
196613,1,6514717fd97a63b2,0.6460003183759415,0.14600031837594152,-1.0,0.27504616509252233,-0.08511560053896938
196613,1,478c3b52611a0cbd,0.6460003183759415,0.14600031837594152,-1.0,0.27504616509252233,-0.08511560053896938
196613,1,fe998c00ebf02b5b,0.6460003183759415,0.14600031837594152,-1.0,0.27504616509252233,-0.08511560053896938
196613,1,c65334e8d3752fcf,0.6460003183759415,0.14600031837594152,-1.0,0.27504616509252233,-0.08511560053896938
196613,1,1d1d29abd9feee01,0.6460003183759415,0.14600031837594152,-1.0,0.27504616509252233,-0.08511560053896938
196613,1,c45da4f8ae11b5f9,0.6460003183759415,0.14600031837594152,-1.0,0.27504616509252233,-0.08511560053896938
196613,1,9f79dc8e188218c9,0.6460003183759415,0.14600031837594152,-1.0,0.27504616509252233,-0.08511560053896938
196613,1,8d45ecdd34fd5e01,0.6460003183759415,0.14600031837594152,-1.0,0.27504616509252233,-0.08511560053896938
196613,1,7a309c8298db1979,0.6460003183759415,0.14600031837594152,-1.0,0.27504616509252233,-0.08511560053896938
196613,1,d4b5d2329ee89d8e,0.6460003183759415,0.14600031837594152,-1.0,0.27504616509252233,-0.08511560053896938
196613,1,a05f6146165f6248,0.6460003183759415,0.14600031837594152,-1.0,0.27504616509252233,-0.08511560053896938
196613,1,39d3ae4f08f0d5ec,0.6460003183759415,0.14600031837594152,-1.0,0.27504616509252233,-0.08511560053896938
196613,1,4b954c190b025231,0.6460003183759415,0.14600031837594152,-1.0,0.27504616509252233,-0.08511560053896938
196613,1,d52651311f410143,0.6460003183759415,0.14600031837594152,-1.0,0.27504616509252233,-0.08511560053896938
196613,1,f4f56d69fbd053d6,0.6460003183759415,0.14600031837594152,-1.0,0.27504616509252233,-0.08511560053896938
196613,1,e5a1360bc75a4ef8,0.6460003183759415,0.14600031837594152,-1.0,0.27504616509252233,-0.08511560053896938
196613,1,0f38fd2187cd586a,0.6460003183759415,0.14600031837594152,-1.0,0.27504616509252233,-0.08511560053896938
196613,1,07f266b8e7152849,0.6460003183759415,0.14600031837594152,-1.0,0.27504616509252233,-0.08511560053896938
196613,1,dfe8526ff61dd220,0.6460003183759415,0.14600031837594152,-1.0,0.27504616509252233,-0.08511560053896938
196613,1,22146f154f5452a4,0.6460003183759415,0.14600031837594152,-1.0,0.27504616509252233,-0.08511560053896938
196613,1,fc75ac98d4051976,0.6460003183759415,0.14600031837594152,-1.0,0.27504616509252233,-0.08511560053896938
196613,1,e9c503b9e624ab1c,0.6460003183759415,0.14600031837594152,-1.0,0.27504616509252233,-0.08511560053896938
196613,1,152fe9af83f615b7,0.6460003183759415,0.14600031837594152,-1.0,0.27504616509252233,-0.08511560053896938
196613,1,4348c0181a7fb6a9,0.6460003183759415,0.14600031837594152,-1.0,0.27504616509252233,-0.08511560053896938
196613,1,9fa143d673f003c5,0.6460003183759415,0.14600031837594152,-1.0,0.27504616509252233,-0.08511560053896938
196613,1,b4fc1c58dae55cf7,0.6460003183759415,0.14600031837594152,-1.0,0.27504616509252233,-0.08511560053896938
196613,1,29a2dce9745c7f69,0.6460003183759415,0.14600031837594152,-1.0,0.27504616509252233,-0.08511560053896938
196613,1,b140586b970b08e2,0.6460003183759415,0.14600031837594152,-1.0,0.27504616509252233,-0.08511560053896938
196613,1,e83d4c4ecf844dc8,0.6460003183759415,0.14600031837594152,-1.0,0.27504616509252233,-0.08511560053896938
196613,1,06bdf21af7ecb9fc,0.6460003183759415,0.14600031837594152,-1.0,0.27504616509252233,-0.08511560053896938
196613,1,e5fea5a198d61ae9,0.6460003183759415,0.14600031837594152,-1.0,0.27504616509252233,-0.08511560053896938
196613,1,5481e24299d25612,0.6460003183759415,0.14600031837594152,-1.0,0.27504616509252233,-0.08511560053896938
196613,1,12aa9245de21a311,0.6460003183759415,0.14600031837594152,-1.0,0.27504616509252233,-0.08511560053896938
196613,1,bce6d77fae97e9e6,0.6460003183759415,0.14600031837594152,-1.0,0.27504616509252233,-0.08511560053896938
196613,1,566a8c43ddcbece4,0.6460003183759415,0.14600031837594152,-1.0,0.27504616509252233,-0.08511560053896938
196613,1,60eaef2e90387f04,0.6460003183759415,0.14600031837594152,-1.0,0.27504616509252233,-0.08511560053896938
196613,1,fab613e45cd89915,0.6460003183759415,0.14600031837594152,-1.0,0.27504616509252233,-0.08511560053896938
196613,1,2395ee06cb8f62e4,0.6460003183759415,0.14600031837594152,-1.0,0.27504616509252233,-0.08511560053896938
196613,1,b8ff7dd7bbffc321,0.6460003183759415,0.14600031837594152,-1.0,0.27504616509252233,-0.08511560053896938
196613,1,1531b6ddd3ece892,0.6460003183759415,0.14600031837594152,-1.0,0.27504616509252233,-0.08511560053896938
196613,1,ba23ebfd4dec23af,0.6460003183759415,0.14600031837594152,-1.0,0.27504616509252233,-0.08511560053896938
196613,1,22e6722fa25f0f33,0.6460003183759415,0.14600031837594152,-1.0,0.27504616509252233,-0.08511560053896938
196613,1,ad437829e7500cdc,0.6460003183759415,0.14600031837594152,-1.0,0.27504616509252233,-0.08511560053896938
196613,1,49d8fec581f11a1b,0.6460003183759415,0.14600031837594152,-1.0,0.27504616509252233,-0.08511560053896938
196613,1,a5f895ea5f21c7c6,0.6460003183759415,0.14600031837594152,-1.0,0.27504616509252233,-0.08511560053896938
196613,1,a978e980884d447d,0.6460003183759415,0.14600031837594152,-1.0,0.27504616509252233,-0.08511560053896938
196613,1,caae8f09ae6fe8a6,0.6460003183759415,0.14600031837594152,-1.0,0.27504616509252233,-0.08511560053896938
196613,1,e6726c67347a268e,0.6460003183759415,0.14600031837594152,-1.0,0.27504616509252233,-0.08511560053896938
196613,1,e3d66fb2c7ee2b84,0.6460003183759415,0.14600031837594152,-1.0,0.27504616509252233,-0.08511560053896938
196613,1,e4e934e4aa6ddbdc,0.6460003183759415,0.14600031837594152,-1.0,0.27504616509252233,-0.08511560053896938
196613,1,96867429887d5f2b,0.6460003183759415,0.14600031837594152,-1.0,0.27504616509252233,-0.08511560053896938
196613,1,c093459038ad6cd5,0.6460003183759415,0.14600031837594152,-1.0,0.27504616509252233,-0.08511560053896938
196613,1,2e2178a0708ace3c,0.6460003183759415,0.14600031837594152,-1.0,0.27504616509252233,-0.08511560053896938
196613,1,b0550b120cab19f8,0.6460003183759415,0.14600031837594152,-1.0,0.27504616509252233,-0.08511560053896938
196613,1,e43827453c7e2411,0.6460003183759415,0.14600031837594152,-1.0,0.27504616509252233,-0.08511560053896938
196613,1,04eecc879c91a669,0.6460003183759415,0.14600031837594152,-1.0,0.27504616509252233,-0.08511560053896938
196613,1,b1583a60dbdcf380,0.6460003183759415,0.14600031837594152,-1.0,0.27504616509252233,-0.08511560053896938
196613,1,79d8f74457709963,0.6460003183759415,0.14600031837594152,-1.0,0.27504616509252233,-0.08511560053896938
196613,1,24bf78605a7f0d14,0.6460003183759415,0.14600031837594152,-1.0,0.27504616509252233,-0.08511560053896938
196613,1,8fb7e7e0342b2039,0.6460003183759415,0.14600031837594152,-1.0,0.27504616509252233,-0.08511560053896938
196613,1,7f5406552bbba735,0.6460003183759415,0.14600031837594152,-1.0,0.27504616509252233,-0.08511560053896938
196613,1,a5aca35a0cadf96f,0.6460003183759415,0.14600031837594152,-1.0,0.27504616509252233,-0.08511560053896938
196613,1,69e195a80b7d4973,0.6460003183759415,0.14600031837594152,-1.0,0.27504616509252233,-0.08511560053896938
196613,1,8dcd9e7787055e69,0.6460003183759415,0.14600031837594152,-1.0,0.27504616509252233,-0.08511560053896938
196613,1,9c6851ce5dc22a05,0.6460003183759415,0.14600031837594152,-1.0,0.27504616509252233,-0.08511560053896938
196613,1,4c356ac82685bc22,0.6460003183759415,0.14600031837594152,-1.0,0.27504616509252233,-0.08511560053896938
196613,1,f11938d8b12f2f1b,0.6460003183759415,0.14600031837594152,-1.0,0.27504616509252233,-0.08511560053896938
196613,1,38f978381235fa0f,0.6460003183759415,0.14600031837594152,-1.0,0.27504616509252233,-0.08511560053896938
196613,1,f547ce1a9dc13fd7,0.6460003183759415,0.14600031837594152,-1.0,0.27504616509252233,-0.08511560053896938
196613,1,d39be844f6c19a24,0.6460003183759415,0.14600031837594152,-1.0,0.27504616509252233,-0.08511560053896938
196613,1,07308b2583d8c4cd,0.6460003183759415,0.14600031837594152,-1.0,0.27504616509252233,-0.08511560053896938
196613,1,adbb998b58b05ba5,0.6460003183759415,0.14600031837594152,-1.0,0.27504616509252233,-0.08511560053896938
196613,1,27ba9ec8c5c1679d,0.6460003183759415,0.14600031837594152,-1.0,0.27504616509252233,-0.08511560053896938
196613,1,0c8dfe9e52efea32,0.6460003183759415,0.14600031837594152,-1.0,0.27504616509252233,-0.08511560053896938
196613,1,94001676fbdcec6a,0.6460003183759415,0.14600031837594152,-1.0,0.27504616509252233,-0.08511560053896938
196613,1,14c81e86e596e17b,0.6460003183759415,0.14600031837594152,-1.0,0.27504616509252233,-0.08511560053896938
196613,1,8af48925d3a43351,0.6460003183759415,0.14600031837594152,-1.0,0.27504616509252233,-0.08511560053896938
196613,1,63e05c745b39b25c,0.6460003183759415,0.14600031837594152,-1.0,0.27504616509252233,-0.08511560053896938
196613,1,f646cbd900a6ac93,0.6460003183759415,0.14600031837594152,-1.0,0.27504616509252233,-0.08511560053896938
196613,1,405c419d213255a8,0.6460003183759415,0.14600031837594152,-1.0,0.27504616509252233,-0.08511560053896938
196613,1,d53530d6840d94f0,0.6460003183759415,0.14600031837594152,-1.0,0.27504616509252233,-0.08511560053896938
196613,1,5c3c61f9e9a49367,0.6460003183759415,0.14600031837594152,-1.0,0.27504616509252233,-0.08511560053896938
196613,1,ef9024103123aa88,0.6460003183759415,0.14600031837594152,-1.0,0.27504616509252233,-0.08511560053896938
196613,1,c06060f01ef3c33c,0.6460003183759415,0.14600031837594152,-1.0,0.27504616509252233,-0.08511560053896938
196613,1,3069581a1411c359,0.6460003183759415,0.14600031837594152,-1.0,0.27504616509252233,-0.08511560053896938
196613,1,ebc272cce63b19b5,0.6460003183759415,0.14600031837594152,-1.0,0.27504616509252233,-0.08511560053896938
196613,1,89a2a9e8ba87e99e,0.6460003183759415,0.14600031837594152,-1.0,0.27504616509252233,-0.08511560053896938
196613,1,8a5480f4c0ec7738,0.6460003183759415,0.14600031837594152,-1.0,0.27504616509252233,-0.08511560053896938
196613,1,ee4424ee933309ba,0.6460003183759415,0.14600031837594152,-1.0,0.27504616509252233,-0.08511560053896938
196613,1,c41d53a5c2625ad2,0.6460003183759415,0.14600031837594152,-1.0,0.27504616509252233,-0.08511560053896938
196613,1,da1466fd10c76caa,0.6460003183759415,0.14600031837594152,-1.0,0.27504616509252233,-0.08511560053896938
196613,1,55bd7b92214b4418,0.6460003183759415,0.14600031837594152,-1.0,0.27504616509252233,-0.08511560053896938
196613,1,27dac1aeb58ec2cb,0.6460003183759415,0.14600031837594152,-1.0,0.27504616509252233,-0.08511560053896938
196613,1,a9cb3ebbf14bf055,0.6460003183759415,0.14600031837594152,-1.0,0.27504616509252233,-0.08511560053896938
196613,1,62607940a098ba04,0.6460003183759415,0.14600031837594152,-1.0,0.27504616509252233,-0.08511560053896938
196613,1,80726b41095fe6a4,0.6460003183759415,0.14600031837594152,-1.0,0.27504616509252233,-0.08511560053896938
196613,1,f8b348637519af6d,0.6460003183759415,0.14600031837594152,-1.0,0.27504616509252233,-0.08511560053896938
196613,1,cd3067ece810d420,0.6460003183759415,0.14600031837594152,-1.0,0.27504616509252233,-0.08511560053896938
196613,1,6284e51a92450ff1,0.6460003183759415,0.14600031837594152,-1.0,0.27504616509252233,-0.08511560053896938
196613,1,f863fb3745a236ed,0.6460003183759415,0.14600031837594152,-1.0,0.27504616509252233,-0.08511560053896938
196613,1,354fe634113a078e,0.6460003183759415,0.14600031837594152,-1.0,0.27504616509252233,-0.08511560053896938
196613,1,bd881878983afa89,0.6460003183759415,0.14600031837594152,-1.0,0.27504616509252233,-0.08511560053896938
196613,1,cb88f30f510766d7,0.6460003183759415,0.14600031837594152,-1.0,0.27504616509252233,-0.08511560053896938
196613,1,f05d823b963a6c6e,0.6460003183759415,0.14600031837594152,-1.0,0.27504616509252233,-0.08511560053896938
196613,1,bad44c25ba1e0e47,0.6460003183759415,0.14600031837594152,-1.0,0.27504616509252233,-0.08511560053896938
196613,1,0e9aecd4edb08739,0.6460003183759415,0.14600031837594152,-1.0,0.27504616509252233,-0.08511560053896938
196613,1,fadca46ff2b140c2,0.6460003183759415,0.14600031837594152,-1.0,0.27504616509252233,-0.08511560053896938
196613,1,33dd4fb571535d39,0.6460003183759415,0.14600031837594152,-1.0,0.27504616509252233,-0.08511560053896938
196613,1,c1531bb6a4c0d5dd,0.6460003183759415,0.14600031837594152,-1.0,0.27504616509252233,-0.08511560053896938
196613,1,491a11bbcf7316ac,0.6460003183759415,0.14600031837594152,-1.0,0.27504616509252233,-0.08511560053896938
196613,1,bbf8561763b5fe90,0.6460003183759415,0.14600031837594152,-1.0,0.27504616509252233,-0.08511560053896938
196613,1,23c2e4b4e083bf41,0.6460003183759415,0.14600031837594152,-1.0,0.27504616509252233,-0.08511560053896938
196613,1,94b61f812fd04ae1,0.6460003183759415,0.14600031837594152,-1.0,0.27504616509252233,-0.08511560053896938
196613,1,15d9f57efc2109b2,0.6460003183759415,0.14600031837594152,-1.0,0.27504616509252233,-0.08511560053896938
196613,1,3f970389a16936b0,0.6460003183759415,0.14600031837594152,-1.0,0.27504616509252233,-0.08511560053896938
196613,1,9581b7e59a4fde6b,0.6460003183759415,0.14600031837594152,-1.0,0.27504616509252233,-0.08511560053896938
196613,1,f3f59bcc6a57bf85,0.6460003183759415,0.14600031837594152,-1.0,0.27504616509252233,-0.08511560053896938
196613,1,baac592a9be0ecbc,0.6460003183759415,0.14600031837594152,-1.0,0.27504616509252233,-0.08511560053896938
196613,1,5ecd5d29fae16278,0.6460003183759415,0.14600031837594152,-1.0,0.27504616509252233,-0.08511560053896938
196613,1,1ae066ee87478b63,0.6460003183759415,0.14600031837594152,-1.0,0.27504616509252233,-0.08511560053896938
196613,1,2ff88a5f6fb6d0e9,0.6460003183759415,0.14600031837594152,-1.0,0.27504616509252233,-0.08511560053896938
196613,1,01ee039385fc7c75,0.6460003183759415,0.14600031837594152,-1.0,0.27504616509252233,-0.08511560053896938
196613,1,60987e3ba2606ed9,0.6460003183759415,0.14600031837594152,-1.0,0.27504616509252233,-0.08511560053896938
196613,1,13a35b2f0047182d,0.6460003183759415,0.14600031837594152,-1.0,0.27504616509252233,-0.08511560053896938
196613,1,1ebc2c5cdec573d0,0.6460003183759415,0.14600031837594152,-1.0,0.27504616509252233,-0.08511560053896938
196613,1,481ba480489b2751,0.6460003183759415,0.14600031837594152,-1.0,0.27504616509252233,-0.08511560053896938
196613,1,32de9d815d2846a5,0.6460003183759415,0.14600031837594152,-1.0,0.27504616509252233,-0.08511560053896938
196613,1,af1d270486f91d93,0.6460003183759415,0.14600031837594152,-1.0,0.27504616509252233,-0.08511560053896938
196613,1,969dd6704f8fe61e,0.6460003183759415,0.14600031837594152,-1.0,0.27504616509252233,-0.08511560053896938
196613,1,6cee88301287bd45,0.6460003183759415,0.14600031837594152,-1.0,0.27504616509252233,-0.08511560053896938
196613,1,08c04f254321daed,0.6460003183759415,0.14600031837594152,-1.0,0.27504616509252233,-0.08511560053896938
196613,1,f45cda7484a41d88,0.6460003183759415,0.14600031837594152,-1.0,0.27504616509252233,-0.08511560053896938
196613,1,6488e219e288487a,0.6460003183759415,0.14600031837594152,-1.0,0.27504616509252233,-0.08511560053896938
196613,1,ed6d5074650c9b8b,0.6460003183759415,0.14600031837594152,-1.0,0.27504616509252233,-0.08511560053896938
196613,1,084576c4c03d3466,0.6460003183759415,0.14600031837594152,-1.0,0.27504616509252233,-0.08511560053896938
196613,1,0656e632ce1a7169,0.6460003183759415,0.14600031837594152,-1.0,0.27504616509252233,-0.08511560053896938
196613,1,b0cdf84d11493940,0.6460003183759415,0.14600031837594152,-1.0,0.27504616509252233,-0.08511560053896938
196613,1,64c611b30ca8ba77,0.6460003183759415,0.14600031837594152,-1.0,0.27504616509252233,-0.08511560053896938
196613,1,be97fe183683ad4a,0.6460003183759415,0.14600031837594152,-1.0,0.27504616509252233,-0.08511560053896938
196613,1,c0e9076f69d33056,0.6460003183759415,0.14600031837594152,-1.0,0.27504616509252233,-0.08511560053896938
196613,1,ab8854b327c314cc,0.6460003183759415,0.14600031837594152,-1.0,0.27504616509252233,-0.08511560053896938
196613,1,e0e5be665a068d70,0.6460003183759415,0.14600031837594152,-1.0,0.27504616509252233,-0.08511560053896938
196613,1,8277f2b9e9f965fa,0.6460003183759415,0.14600031837594152,-1.0,0.27504616509252233,-0.08511560053896938
196613,1,258319f8cf1775bd,0.6460003183759415,0.14600031837594152,-1.0,0.27504616509252233,-0.08511560053896938
196613,1,7bcc49d3346d5a47,0.6460003183759415,0.14600031837594152,-1.0,0.27504616509252233,-0.08511560053896938
196613,1,7bb5ec1010ef08b4,0.6460003183759415,0.14600031837594152,-1.0,0.27504616509252233,-0.08511560053896938
196613,1,5df28757679cae26,0.6460003183759415,0.14600031837594152,-1.0,0.27504616509252233,-0.08511560053896938
196613,1,f8ed87d3cf7f4281,0.6460003183759415,0.14600031837594152,-1.0,0.27504616509252233,-0.08511560053896938
196613,1,3ab42c60b155d54b,0.6460003183759415,0.14600031837594152,-1.0,0.27504616509252233,-0.08511560053896938
196613,1,96048bf491b8182c,0.6460003183759415,0.14600031837594152,-1.0,0.27504616509252233,-0.08511560053896938
196613,1,32442e4168bf1ab2,0.6460003183759415,0.14600031837594152,-1.0,0.27504616509252233,-0.08511560053896938
196613,1,590ee18b85260498,0.6460003183759415,0.14600031837594152,-1.0,0.27504616509252233,-0.08511560053896938
196613,1,bc71259110d506f1,0.6460003183759415,0.14600031837594152,-1.0,0.27504616509252233,-0.08511560053896938
196613,1,0a152227108b8080,0.6460003183759415,0.14600031837594152,-1.0,0.27504616509252233,-0.08511560053896938
196613,1,dea5592aab4c6cf0,0.6460003183759415,0.14600031837594152,-1.0,0.27504616509252233,-0.08511560053896938
196613,1,a3bc2e7b55a95970,0.5348795518372825,0.03487955183728253,-1.0,0.27504616509252233,-0.08511560053896938
196613,1,2cf8480c768c5553,0.5348795518372825,0.03487955183728253,-1.0,0.27504616509252233,-0.08511560053896938
196613,1,2ce4216d747e06bd,0.6460003183759415,0.14600031837594152,-1.0,0.27504616509252233,-0.08511560053896938
196613,1,b5e24d8ee05b0308,0.6460003183759415,0.14600031837594152,-1.0,0.27504616509252233,-0.08511560053896938
196613,1,224867547c5f97b1,0.6460003183759415,0.14600031837594152,-1.0,0.27504616509252233,-0.08511560053896938
196613,1,247f57741141188a,0.6460003183759415,0.14600031837594152,-1.0,0.27504616509252233,-0.08511560053896938
196613,1,62e7cdd6fa003391,0.6460003183759415,0.14600031837594152,-1.0,0.27504616509252233,-0.08511560053896938
196613,1,c950dc2982e96b83,0.9806743615021116,0.4806743615021116,-1.0,0.27504616509252233,-0.08511560053896938
196613,1,e750e112570d7faa,0.9806743615021116,0.4806743615021116,-1.0,0.27504616509252233,-0.08511560053896938
196613,1,894c0f669179ac88,0.9806743615021116,0.4806743615021116,-1.0,0.27504616509252233,-0.08511560053896938
196613,1,ca1d836f90fd7326,0.9806743615021116,0.4806743615021116,-1.0,0.27504616509252233,-0.08511560053896938
196613,1,1d5bd9571e76b6b9,0.9806743615021116,0.4806743615021116,-1.0,0.27504616509252233,-0.08511560053896938
196613,1,12e5b227c6778b31,0.9806743615021116,0.4806743615021116,-1.0,0.27504616509252233,-0.08511560053896938
196613,1,cc0aa04a7d4e6736,0.9806743615021116,0.4806743615021116,-1.0,0.27504616509252233,-0.08511560053896938
196613,1,9d3ad92a7e474a02,0.9806743615021116,0.4806743615021116,-1.0,0.27504616509252233,-0.08511560053896938
196613,1,85c3345fc4f19f94,0.9806743615021116,0.4806743615021116,-1.0,0.27504616509252233,-0.08511560053896938
196613,1,326289072f176f80,0.9806743615021116,0.4806743615021116,-1.0,0.27504616509252233,-0.08511560053896938
196613,1,9586db05ac5e234b,0.9806743615021116,0.4806743615021116,-1.0,0.27504616509252233,-0.08511560053896938
196613,1,210a7fd223b28532,0.9806743615021116,0.4806743615021116,-1.0,0.27504616509252233,-0.08511560053896938
196613,1,dc13ffb6702915b0,0.9806743615021116,0.4806743615021116,-1.0,0.27504616509252233,-0.08511560053896938
196613,1,b602105bc79ff59a,0.9806743615021116,0.4806743615021116,-1.0,0.27504616509252233,-0.08511560053896938
196613,1,7e60dab22fb414cd,0.9806743615021116,0.4806743615021116,-1.0,0.27504616509252233,-0.08511560053896938
196613,1,c6571910bb94ca86,0.9806743615021116,0.4806743615021116,-1.0,0.27504616509252233,-0.08511560053896938
196613,1,62210f1ed9c0290a,0.12519927630696884,0.3748007236930312,1.0,0.27504616509252233,-0.08511560053896938
196613,1,3bb58e5ef9b428b7,0.6460003183759415,0.14600031837594152,-1.0,0.27504616509252233,-0.08511560053896938
196613,1,786daf3e0a82df88,0.6460003183759415,0.14600031837594152,-1.0,0.27504616509252233,-0.08511560053896938
196613,1,25190cd2ec1fac11,0.6460003183759415,0.14600031837594152,-1.0,0.27504616509252233,-0.08511560053896938
196613,1,ecd9159fe62e40e4,0.6460003183759415,0.14600031837594152,-1.0,0.27504616509252233,-0.08511560053896938
196613,1,4e8be969a97aed3a,0.6460003183759415,0.14600031837594152,-1.0,0.27504616509252233,-0.08511560053896938
196613,1,a423fa7862a329ed,0.6460003183759415,0.14600031837594152,-1.0,0.27504616509252233,-0.08511560053896938
196613,1,bdb8b0e62f40bcf2,0.6460003183759415,0.14600031837594152,-1.0,0.27504616509252233,-0.08511560053896938
196613,1,d9a3a6a909e7df82,0.6460003183759415,0.14600031837594152,-1.0,0.27504616509252233,-0.08511560053896938
196613,1,254bf7e2512ca599,0.6460003183759415,0.14600031837594152,-1.0,0.27504616509252233,-0.08511560053896938
196613,1,ffb2b8db7dbc8411,0.6460003183759415,0.14600031837594152,-1.0,0.27504616509252233,-0.08511560053896938
196613,1,84d57d2109ba58e4,0.6460003183759415,0.14600031837594152,-1.0,0.27504616509252233,-0.08511560053896938
196613,1,fa59d2e1b76c4a24,0.6460003183759415,0.14600031837594152,-1.0,0.27504616509252233,-0.08511560053896938
196613,1,f345a56eda1f9ed1,0.6460003183759415,0.14600031837594152,-1.0,0.27504616509252233,-0.08511560053896938
196613,1,51a739465b8fb046,0.6460003183759415,0.14600031837594152,-1.0,0.27504616509252233,-0.08511560053896938
196613,1,c8a6ffeb23a0bcc2,0.6460003183759415,0.14600031837594152,-1.0,0.27504616509252233,-0.08511560053896938
196613,1,8ce2ac39e721d1aa,0.6460003183759415,0.14600031837594152,-1.0,0.27504616509252233,-0.08511560053896938
196613,1,bfa7684fc1fda64f,0.6460003183759415,0.14600031837594152,-1.0,0.27504616509252233,-0.08511560053896938
196613,1,704fc6f6bf74b603,0.6460003183759415,0.14600031837594152,-1.0,0.27504616509252233,-0.08511560053896938
196613,1,294703df92b6533e,0.6460003183759415,0.14600031837594152,-1.0,0.27504616509252233,-0.08511560053896938
196613,1,4e73fc9e25c9b546,0.6460003183759415,0.14600031837594152,-1.0,0.27504616509252233,-0.08511560053896938
196613,1,cdf8056c8a18ea40,0.6460003183759415,0.14600031837594152,-1.0,0.27504616509252233,-0.08511560053896938
196613,1,5c166731d1d5fbd1,0.6460003183759415,0.14600031837594152,-1.0,0.27504616509252233,-0.08511560053896938
196613,1,eb33bd3082722c29,0.6460003183759415,0.14600031837594152,-1.0,0.27504616509252233,-0.08511560053896938
196613,1,df85bbf19f37e424,0.6460003183759415,0.14600031837594152,-1.0,0.27504616509252233,-0.08511560053896938
196613,1,191dc47465a7947d,0.6460003183759415,0.14600031837594152,-1.0,0.27504616509252233,-0.08511560053896938
196613,1,0bfe8db0dedc76b3,0.6460003183759415,0.14600031837594152,-1.0,0.27504616509252233,-0.08511560053896938
196613,1,858435d031f0b505,0.6460003183759415,0.14600031837594152,-1.0,0.27504616509252233,-0.08511560053896938
196613,1,703f3002cd07af0a,0.6460003183759415,0.14600031837594152,-1.0,0.27504616509252233,-0.08511560053896938
196613,1,55c8024e6aeb8645,0.6460003183759415,0.14600031837594152,-1.0,0.27504616509252233,-0.08511560053896938
196613,1,43852ce0a368a901,0.6460003183759415,0.14600031837594152,-1.0,0.27504616509252233,-0.08511560053896938
196613,1,170f4449e685df34,0.6460003183759415,0.14600031837594152,-1.0,0.27504616509252233,-0.08511560053896938
196613,1,80831f6aeb20c04c,0.6460003183759415,0.14600031837594152,-1.0,0.27504616509252233,-0.08511560053896938
196613,1,44ffaf6d189cbdca,0.6460003183759415,0.14600031837594152,-1.0,0.27504616509252233,-0.08511560053896938
196613,1,b5e65446da21df7b,0.6460003183759415,0.14600031837594152,-1.0,0.27504616509252233,-0.08511560053896938
196613,1,15dc1799c184fc3a,0.6460003183759415,0.14600031837594152,-1.0,0.27504616509252233,-0.08511560053896938
196613,1,9d9213331ad7dd69,0.6460003183759415,0.14600031837594152,-1.0,0.27504616509252233,-0.08511560053896938
196613,1,dccc576d9bc9c6e4,0.6460003183759415,0.14600031837594152,-1.0,0.27504616509252233,-0.08511560053896938
196613,1,67e6ec7793b157fe,0.6460003183759415,0.14600031837594152,-1.0,0.27504616509252233,-0.08511560053896938
196613,1,0566ed2ca037d109,0.6460003183759415,0.14600031837594152,-1.0,0.27504616509252233,-0.08511560053896938
196613,1,dacc5a494d43359d,0.6460003183759415,0.14600031837594152,-1.0,0.27504616509252233,-0.08511560053896938
196613,1,507af5394b70a4dd,0.6460003183759415,0.14600031837594152,-1.0,0.27504616509252233,-0.08511560053896938
196613,1,c69bbc62cd828d2d,0.6460003183759415,0.14600031837594152,-1.0,0.27504616509252233,-0.08511560053896938
196613,1,cc095c60c1836798,0.9877112824486044,0.4877112824486044,-1.0,0.27504616509252233,-0.08511560053896938
196613,1,a0d4af2988976e92,0.39471155629317367,0.10528844370682633,1.0,0.27504616509252233,-0.08511560053896938
196613,1,8c5403780d088101,0.39471155629317367,0.10528844370682633,1.0,0.27504616509252233,-0.08511560053896938
196613,1,a578b16e226e3955,0.07781501846216154,0.42218498153783846,1.0,0.27504616509252233,-0.08511560053896938
196613,1,8aacfa427d94a6c3,0.008977923050382183,0.4910220769496178,1.0,0.27504616509252233,-0.08511560053896938
196613,2,80c823b698d1e2e3,0.9620734617532022,0.4620734617532022,-1.0,0.26766154432032696,-0.04450377378063395
196613,2,303084e36adee19e,0.7917046459007184,0.29170464590071843,-1.0,0.26766154432032696,-0.04450377378063395
196613,2,8cb0deef770e3ca0,0.7944012592315676,0.29440125923156757,-1.0,0.26766154432032696,-0.04450377378063395
196613,2,39e5721af352391f,0.0005696630322841733,0.4994303369677158,1.0,0.26766154432032696,-0.04450377378063395
196613,2,e50fafc498d71881,0.050490201288728095,0.4495097987112719,1.0,0.26766154432032696,-0.04450377378063395
196613,2,e5564b444fdaf53f,0.7917046459007184,0.29170464590071843,-1.0,0.26766154432032696,-0.04450377378063395
196613,2,4ab68efc604014ca,0.3348836045551807,0.16511639544481932,1.0,0.26766154432032696,-0.04450377378063395
196613,2,001f596e6e90825f,0.3348836045551807,0.16511639544481932,1.0,0.26766154432032696,-0.04450377378063395
196613,2,8dbcbd7ca36dfcac,0.17034634808283092,0.3296536519171691,1.0,0.26766154432032696,-0.04450377378063395
196613,2,8af24844744ac7f2,0.17034634808283092,0.3296536519171691,1.0,0.26766154432032696,-0.04450377378063395
196613,2,99b606925e9e5da5,0.053894072033303105,0.4461059279666969,1.0,0.26766154432032696,-0.04450377378063395
196613,2,737616fbf4da4cc5,0.053894072033303105,0.4461059279666969,1.0,0.26766154432032696,-0.04450377378063395
196613,2,da6bc9ba440520e9,0.5857630281029994,0.0857630281029994,-1.0,0.26766154432032696,-0.04450377378063395
196613,2,b33dc03c40457417,0.5857630281029994,0.0857630281029994,-1.0,0.26766154432032696,-0.04450377378063395
196613,2,60dbe004cb66ba19,0.3348836045551807,0.16511639544481932,1.0,0.26766154432032696,-0.04450377378063395
196613,2,e5801ade018e294c,0.9782968592177769,0.47829685921777687,-1.0,0.26766154432032696,-0.04450377378063395
196613,2,30c4c895c1f14a00,0.3348836045551807,0.16511639544481932,1.0,0.26766154432032696,-0.04450377378063395
196613,2,a336d7efac6d497f,0.3348836045551807,0.16511639544481932,1.0,0.26766154432032696,-0.04450377378063395
196613,2,def49c5f51a54d90,0.3348836045551807,0.16511639544481932,1.0,0.26766154432032696,-0.04450377378063395
196613,2,3ca8bfeb40f3602a,0.7917046459007184,0.29170464590071843,-1.0,0.26766154432032696,-0.04450377378063395
196613,2,13bdb1b842aedadd,0.7917046459007184,0.29170464590071843,-1.0,0.26766154432032696,-0.04450377378063395
196613,2,fe42258fb5d2f4c0,0.33488360455518057,0.16511639544481943,1.0,0.26766154432032696,-0.04450377378063395
196613,2,96334e652839c42f,0.019249956275726197,0.4807500437242738,1.0,0.26766154432032696,-0.04450377378063395
196613,3,109e14b8ccc21bad,0.00323081176951612,0.4967691882304839,1.0,0.2678179595486875,-0.07616010106287986
196613,3,7ae1cf22d55d9cc1,0.6747736575789922,0.17477365757899221,-1.0,0.2678179595486875,-0.07616010106287986
196613,3,b3e96da836b2a8d7,0.6747736575789922,0.17477365757899221,-1.0,0.2678179595486875,-0.07616010106287986
196613,3,26c34ebae098cb88,0.6747736575789922,0.17477365757899221,-1.0,0.2678179595486875,-0.07616010106287986
196613,3,24e25ef33361b113,0.6747736575789922,0.17477365757899221,-1.0,0.2678179595486875,-0.07616010106287986
196613,3,867065d232568bc2,0.6747736575789922,0.17477365757899221,-1.0,0.2678179595486875,-0.07616010106287986
196613,3,1d24c65c4467674c,0.6747736575789922,0.17477365757899221,-1.0,0.2678179595486875,-0.07616010106287986
196613,3,bd3fc29ffabf7ddb,0.6747736575789922,0.17477365757899221,-1.0,0.2678179595486875,-0.07616010106287986
196613,3,1ae01662fc857c0c,0.6747736575789922,0.17477365757899221,-1.0,0.2678179595486875,-0.07616010106287986
196613,3,0ff595d576155f6c,0.6747736575789922,0.17477365757899221,-1.0,0.2678179595486875,-0.07616010106287986
196613,3,14adb12855160ba8,0.0003975572792289419,0.49960244272077103,1.0,0.2678179595486875,-0.07616010106287986
196613,3,83e92ef55cb48b32,0.24327780032478738,0.2567221996752126,1.0,0.2678179595486875,-0.07616010106287986
196613,3,b12fc13eb540e876,0.24327780032478738,0.2567221996752126,1.0,0.2678179595486875,-0.07616010106287986
196613,3,b20623fec7beda7f,0.24327780032478738,0.2567221996752126,1.0,0.2678179595486875,-0.07616010106287986
196613,3,c85d5c123ee3faf7,0.24327780032478738,0.2567221996752126,1.0,0.2678179595486875,-0.07616010106287986
196613,3,6bb24aa7ebde5cf2,0.24327780032478738,0.2567221996752126,1.0,0.2678179595486875,-0.07616010106287986
196613,3,ac87efdb82643345,0.6747736575789922,0.17477365757899221,-1.0,0.2678179595486875,-0.07616010106287986
196613,3,bc9a63898c4a9f31,0.6747736575789922,0.17477365757899221,-1.0,0.2678179595486875,-0.07616010106287986
196613,3,cf940348affe2b22,0.6747736575789922,0.17477365757899221,-1.0,0.2678179595486875,-0.07616010106287986
196613,3,9556abeb71c0402e,0.0003975572792289419,0.49960244272077103,1.0,0.2678179595486875,-0.07616010106287986
196613,3,5148f598b8fefae0,0.3905034428218775,0.10949655717812251,1.0,0.2678179595486875,-0.07616010106287986
196613,3,62448b158626bc3b,0.0003975572792289419,0.49960244272077103,1.0,0.2678179595486875,-0.07616010106287986
196613,3,a726b022cfb7eec7,0.0004968622648976659,0.49950313773510235,1.0,0.2678179595486875,-0.07616010106287986
196613,3,f457e9a3d6532cc8,0.6747736575789922,0.17477365757899221,-1.0,0.2678179595486875,-0.07616010106287986
196613,3,9754896d384a387f,0.6747736575789922,0.17477365757899221,-1.0,0.2678179595486875,-0.07616010106287986
196613,3,e48388064c30fbb4,0.6747736575789922,0.17477365757899221,-1.0,0.2678179595486875,-0.07616010106287986
196613,3,cd097fce666bd34a,0.6747736575789922,0.17477365757899221,-1.0,0.2678179595486875,-0.07616010106287986
196613,3,fbd013078d5396c3,0.6747736575789922,0.17477365757899221,-1.0,0.2678179595486875,-0.07616010106287986
196613,3,196797dc24f71fda,0.6747736575789922,0.17477365757899221,-1.0,0.2678179595486875,-0.07616010106287986
196613,3,575484a7b0e30ce4,0.6747736575789922,0.17477365757899221,-1.0,0.2678179595486875,-0.07616010106287986
196613,3,8a78c3b1777b0625,0.6747736575789922,0.17477365757899221,-1.0,0.2678179595486875,-0.07616010106287986
196613,3,ceb21275e22d7bc5,0.6747736575789922,0.17477365757899221,-1.0,0.2678179595486875,-0.07616010106287986
196613,3,7054e94bc4c6833f,0.6747736575789922,0.17477365757899221,-1.0,0.2678179595486875,-0.07616010106287986
196613,3,a4d656d2b626c103,0.0011363921388825478,0.49886360786111744,1.0,0.2678179595486875,-0.07616010106287986
196613,4,0f09c750ad725e62,0.0044326088669319795,0.495567391133068,1.0,0.36838603239268136,-0.06351533960223528
196613,4,2d78f120adfe3686,0.0005195378299280381,0.49948046217007197,1.0,0.36838603239268136,-0.06351533960223528
196613,4,4f2be71378594542,0.7501861630992073,0.25018616309920727,-1.0,0.36838603239268136,-0.06351533960223528
196613,4,b35f13943d04ca50,0.7501861630992073,0.25018616309920727,-1.0,0.36838603239268136,-0.06351533960223528
196613,4,d871da32cd728745,0.7501861630992073,0.25018616309920727,-1.0,0.36838603239268136,-0.06351533960223528
196613,4,ee9ed6c5b9f7b397,0.7501861630992073,0.25018616309920727,-1.0,0.36838603239268136,-0.06351533960223528
196613,4,9ed4efa5a12f8c67,0.7501861630992073,0.25018616309920727,-1.0,0.36838603239268136,-0.06351533960223528
196613,4,343f9328b4ddf79c,0.7501861630992073,0.25018616309920727,-1.0,0.36838603239268136,-0.06351533960223528
196613,4,0f9c166921b14844,0.7501861630992073,0.25018616309920727,-1.0,0.36838603239268136,-0.06351533960223528
196613,4,adf989d8af50b9a8,0.7501861630992073,0.25018616309920727,-1.0,0.36838603239268136,-0.06351533960223528
196613,4,71dc32e0ed7e16a2,0.7501861630992073,0.25018616309920727,-1.0,0.36838603239268136,-0.06351533960223528
196613,4,9f318a8d2aacfaf8,0.7501861630992073,0.25018616309920727,-1.0,0.36838603239268136,-0.06351533960223528
196613,4,519ef744e75b8881,0.7501861630992073,0.25018616309920727,-1.0,0.36838603239268136,-0.06351533960223528
196613,4,b67683ce7ad0ddd2,0.7501861630992073,0.25018616309920727,-1.0,0.36838603239268136,-0.06351533960223528
196613,4,24f200d78a2ccb55,0.7501861630992073,0.25018616309920727,-1.0,0.36838603239268136,-0.06351533960223528
196613,4,815c365f83ac70cf,0.7501861630992073,0.25018616309920727,-1.0,0.36838603239268136,-0.06351533960223528
196613,4,9a5a0eda0a6fd590,0.7501861630992073,0.25018616309920727,-1.0,0.36838603239268136,-0.06351533960223528
196613,4,e7c3a51331914d65,0.7501861630992073,0.25018616309920727,-1.0,0.36838603239268136,-0.06351533960223528
196613,4,a155938e4ae9d704,0.7501861630992073,0.25018616309920727,-1.0,0.36838603239268136,-0.06351533960223528
196613,4,5fe61fb5cb043ac8,0.3394924823973298,0.16050751760267018,1.0,0.36838603239268136,-0.06351533960223528
196613,4,75373a48cee6831b,0.3394924823973298,0.16050751760267018,1.0,0.36838603239268136,-0.06351533960223528
196613,4,6b5aa379bd39e0ef,0.3394924823973298,0.16050751760267018,1.0,0.36838603239268136,-0.06351533960223528
196613,4,67f2cc5a43a622c3,0.0034924547351386885,0.4965075452648613,1.0,0.36838603239268136,-0.06351533960223528
196613,4,f9634fd0d4f54298,0.0005195378299280381,0.49948046217007197,1.0,0.36838603239268136,-0.06351533960223528
196613,4,12a3128354fdff0d,0.0005195378299280381,0.49948046217007197,1.0,0.36838603239268136,-0.06351533960223528
196613,4,69c48d6302dc0419,0.0034924547351386885,0.4965075452648613,1.0,0.36838603239268136,-0.06351533960223528
196613,4,933cfc281ff52df6,0.38553006747472784,0.11446993252527216,1.0,0.36838603239268136,-0.06351533960223528
196613,4,dfd12fd9a63c1bed,0.0034924547351386885,0.4965075452648613,1.0,0.36838603239268136,-0.06351533960223528
196613,4,7e28c59c22bb78a1,0.0034924547351386885,0.4965075452648613,1.0,0.36838603239268136,-0.06351533960223528
196613,4,f900d30f4f9cb904,0.0034924547351386885,0.4965075452648613,1.0,0.36838603239268136,-0.06351533960223528
196613,4,cf100c942f2bcf49,0.7501861630992073,0.25018616309920727,-1.0,0.36838603239268136,-0.06351533960223528
196613,4,1fc3aa577dd17d3b,0.7501861630992073,0.25018616309920727,-1.0,0.36838603239268136,-0.06351533960223528
196613,4,b5dd8ce73ca20571,0.7501861630992073,0.25018616309920727,-1.0,0.36838603239268136,-0.06351533960223528
196613,4,8a2c6f5152aeaf90,0.7501861630992073,0.25018616309920727,-1.0,0.36838603239268136,-0.06351533960223528
196613,4,d353d5dcb1e2552e,0.7501861630992073,0.25018616309920727,-1.0,0.36838603239268136,-0.06351533960223528
196613,4,122d16835afa0b32,0.7501861630992073,0.25018616309920727,-1.0,0.36838603239268136,-0.06351533960223528
196613,4,fb63e1a1688b55ca,0.7501861630992073,0.25018616309920727,-1.0,0.36838603239268136,-0.06351533960223528
196613,4,37b0cdc532627e1d,0.7501861630992073,0.25018616309920727,-1.0,0.36838603239268136,-0.06351533960223528
196613,4,b1319c6a60fe25e2,0.7501861630992073,0.25018616309920727,-1.0,0.36838603239268136,-0.06351533960223528
196613,4,1b71b86063cd1faf,0.7501861630992073,0.25018616309920727,-1.0,0.36838603239268136,-0.06351533960223528
196613,4,bab15f498e85e69e,0.7501861630992073,0.25018616309920727,-1.0,0.36838603239268136,-0.06351533960223528
196613,4,77a9b05cb0bdbcf2,0.7501861630992073,0.25018616309920727,-1.0,0.36838603239268136,-0.06351533960223528
196613,4,b1d9860b27f6967a,0.9998659135114856,0.49986591351148557,-1.0,0.36838603239268136,-0.06351533960223528
262147,0,7ae1cf22d55d9cc1,0.6720958622424219,0.1720958622424219,-1.0,0.2884194224011974,-0.06502015086563061
262147,0,2d78f120adfe3686,0.0002194292588306516,0.4997805707411693,1.0,0.2884194224011974,-0.06502015086563061
262147,0,d4a3b4eae29da29b,0.20249810881172212,0.29750189118827786,1.0,0.2884194224011974,-0.06502015086563061
262147,0,5fe61fb5cb043ac8,0.09793892496951082,0.40206107503048916,1.0,0.2884194224011974,-0.06502015086563061
262147,0,75373a48cee6831b,0.09793892496951082,0.40206107503048916,1.0,0.2884194224011974,-0.06502015086563061
262147,0,6b5aa379bd39e0ef,0.09793892496951082,0.40206107503048916,1.0,0.2884194224011974,-0.06502015086563061
262147,0,26c34ebae098cb88,0.6720958622424219,0.1720958622424219,-1.0,0.2884194224011974,-0.06502015086563061
262147,0,24e25ef33361b113,0.6720958622424219,0.1720958622424219,-1.0,0.2884194224011974,-0.06502015086563061
262147,0,867065d232568bc2,0.6720958622424219,0.1720958622424219,-1.0,0.2884194224011974,-0.06502015086563061
262147,0,1d24c65c4467674c,0.6720958622424219,0.1720958622424219,-1.0,0.2884194224011974,-0.06502015086563061
262147,0,bd3fc29ffabf7ddb,0.6720958622424219,0.1720958622424219,-1.0,0.2884194224011974,-0.06502015086563061
262147,0,1ae01662fc857c0c,0.6720958622424219,0.1720958622424219,-1.0,0.2884194224011974,-0.06502015086563061
262147,0,5fb4f83d5104f22b,0.6720958622424219,0.1720958622424219,-1.0,0.2884194224011974,-0.06502015086563061
262147,0,0ff595d576155f6c,0.6720958622424219,0.1720958622424219,-1.0,0.2884194224011974,-0.06502015086563061
262147,0,ac87efdb82643345,0.6720958622424219,0.1720958622424219,-1.0,0.2884194224011974,-0.06502015086563061
262147,0,bc9a63898c4a9f31,0.6720958622424219,0.1720958622424219,-1.0,0.2884194224011974,-0.06502015086563061
262147,0,cf940348affe2b22,0.6720958622424219,0.1720958622424219,-1.0,0.2884194224011974,-0.06502015086563061
262147,0,f9634fd0d4f54298,0.0002194292588306516,0.4997805707411693,1.0,0.2884194224011974,-0.06502015086563061
262147,0,12a3128354fdff0d,0.0002194292588306516,0.4997805707411693,1.0,0.2884194224011974,-0.06502015086563061
262147,0,5148f598b8fefae0,0.7867924140407808,0.2867924140407808,-1.0,0.2884194224011974,-0.06502015086563061
262147,0,f457e9a3d6532cc8,0.6720958622424219,0.1720958622424219,-1.0,0.2884194224011974,-0.06502015086563061
262147,0,9754896d384a387f,0.6720958622424219,0.1720958622424219,-1.0,0.2884194224011974,-0.06502015086563061
262147,0,e48388064c30fbb4,0.6720958622424219,0.1720958622424219,-1.0,0.2884194224011974,-0.06502015086563061
262147,0,cd097fce666bd34a,0.6720958622424219,0.1720958622424219,-1.0,0.2884194224011974,-0.06502015086563061
262147,0,fbd013078d5396c3,0.6720958622424219,0.1720958622424219,-1.0,0.2884194224011974,-0.06502015086563061
262147,0,196797dc24f71fda,0.6720958622424219,0.1720958622424219,-1.0,0.2884194224011974,-0.06502015086563061
262147,0,575484a7b0e30ce4,0.6720958622424219,0.1720958622424219,-1.0,0.2884194224011974,-0.06502015086563061
262147,0,8a78c3b1777b0625,0.6720958622424219,0.1720958622424219,-1.0,0.2884194224011974,-0.06502015086563061
262147,0,ceb21275e22d7bc5,0.6720958622424219,0.1720958622424219,-1.0,0.2884194224011974,-0.06502015086563061
262147,0,7054e94bc4c6833f,0.6720958622424219,0.1720958622424219,-1.0,0.2884194224011974,-0.06502015086563061
262147,0,b1d9860b27f6967a,0.04232031516539759,0.4576796848346024,1.0,0.2884194224011974,-0.06502015086563061
262147,1,1e24cffad4644246,0.5017824776047511,0.0017824776047511426,-1.0,0.31139407702034144,-0.06239224180258123
262147,1,5a784610642d15eb,0.7893238379047264,0.2893238379047264,-1.0,0.31139407702034144,-0.06239224180258123
262147,1,67f2cc5a43a622c3,0.0005025905894176742,0.49949740941058235,1.0,0.31139407702034144,-0.06239224180258123
262147,1,14adb12855160ba8,0.0005025905894176742,0.49949740941058235,1.0,0.31139407702034144,-0.06239224180258123
262147,1,8dbcbd7ca36dfcac,0.0018693543667694132,0.49813064563323056,1.0,0.31139407702034144,-0.06239224180258123
262147,1,8af24844744ac7f2,0.0018693543667694132,0.49813064563323056,1.0,0.31139407702034144,-0.06239224180258123
262147,1,69c48d6302dc0419,0.0005025905894176742,0.49949740941058235,1.0,0.31139407702034144,-0.06239224180258123
262147,1,9556abeb71c0402e,0.0005025905894176742,0.49949740941058235,1.0,0.31139407702034144,-0.06239224180258123
262147,1,dfd12fd9a63c1bed,0.0005025905894176742,0.49949740941058235,1.0,0.31139407702034144,-0.06239224180258123
262147,1,7e28c59c22bb78a1,0.0005025905894176742,0.49949740941058235,1.0,0.31139407702034144,-0.06239224180258123
262147,1,f900d30f4f9cb904,0.0005025905894176742,0.49949740941058235,1.0,0.31139407702034144,-0.06239224180258123
262147,1,62448b158626bc3b,0.0005025905894176742,0.49949740941058235,1.0,0.31139407702034144,-0.06239224180258123
262147,1,a726b022cfb7eec7,0.01596307178654579,0.48403692821345423,1.0,0.31139407702034144,-0.06239224180258123
262147,1,e5801ade018e294c,0.08981731493049684,0.4101826850695032,1.0,0.31139407702034144,-0.06239224180258123
262147,1,2c83afeaea6f67e0,0.7893238379047264,0.2893238379047264,-1.0,0.31139407702034144,-0.06239224180258123
262147,1,96334e652839c42f,0.9977806998813669,0.49778069988136686,-1.0,0.31139407702034144,-0.06239224180258123
262147,1,387c8149db0709ba,0.9911154434398862,0.4911154434398862,-1.0,0.31139407702034144,-0.06239224180258123
262147,2,0f09c750ad725e62,0.01250683788904625,0.4874931621109537,1.0,0.2825648066781694,-0.095407249822866
262147,2,109e14b8ccc21bad,0.027236583969972125,0.47276341603002786,1.0,0.2825648066781694,-0.095407249822866
262147,2,b3e96da836b2a8d7,0.6910403152049661,0.19104031520496612,-1.0,0.2825648066781694,-0.095407249822866
262147,2,7ad5ac5e8cdc02e6,0.9550916232528938,0.45509162325289376,-1.0,0.2825648066781694,-0.095407249822866
262147,2,d0c6d7ffec5d58c3,0.6910403152049661,0.19104031520496612,-1.0,0.2825648066781694,-0.095407249822866
262147,2,b0a65fc4ebf31640,0.6910403152049661,0.19104031520496612,-1.0,0.2825648066781694,-0.095407249822866
262147,2,5336017ed36fd28f,0.6910403152049661,0.19104031520496612,-1.0,0.2825648066781694,-0.095407249822866
262147,2,b3f035de0e7be945,0.6910403152049661,0.19104031520496612,-1.0,0.2825648066781694,-0.095407249822866
262147,2,cea7fbe06302870b,0.6910403152049661,0.19104031520496612,-1.0,0.2825648066781694,-0.095407249822866
262147,2,5a6a2f3bf13a7d55,0.6910403152049661,0.19104031520496612,-1.0,0.2825648066781694,-0.095407249822866
262147,2,c61ecb085d8df371,0.6910403152049661,0.19104031520496612,-1.0,0.2825648066781694,-0.095407249822866
262147,2,4f2be71378594542,0.6910403152049661,0.19104031520496612,-1.0,0.2825648066781694,-0.095407249822866
262147,2,b35f13943d04ca50,0.6910403152049661,0.19104031520496612,-1.0,0.2825648066781694,-0.095407249822866
262147,2,d871da32cd728745,0.6910403152049661,0.19104031520496612,-1.0,0.2825648066781694,-0.095407249822866
262147,2,ee9ed6c5b9f7b397,0.6910403152049661,0.19104031520496612,-1.0,0.2825648066781694,-0.095407249822866
262147,2,9ed4efa5a12f8c67,0.6910403152049661,0.19104031520496612,-1.0,0.2825648066781694,-0.095407249822866
262147,2,343f9328b4ddf79c,0.6910403152049661,0.19104031520496612,-1.0,0.2825648066781694,-0.095407249822866
262147,2,0f9c166921b14844,0.6910403152049661,0.19104031520496612,-1.0,0.2825648066781694,-0.095407249822866
262147,2,adf989d8af50b9a8,0.6910403152049661,0.19104031520496612,-1.0,0.2825648066781694,-0.095407249822866
262147,2,71dc32e0ed7e16a2,0.6910403152049661,0.19104031520496612,-1.0,0.2825648066781694,-0.095407249822866
262147,2,9f318a8d2aacfaf8,0.6910403152049661,0.19104031520496612,-1.0,0.2825648066781694,-0.095407249822866
262147,2,519ef744e75b8881,0.6910403152049661,0.19104031520496612,-1.0,0.2825648066781694,-0.095407249822866
262147,2,b67683ce7ad0ddd2,0.6910403152049661,0.19104031520496612,-1.0,0.2825648066781694,-0.095407249822866
262147,2,24f200d78a2ccb55,0.6910403152049661,0.19104031520496612,-1.0,0.2825648066781694,-0.095407249822866
262147,2,815c365f83ac70cf,0.6910403152049661,0.19104031520496612,-1.0,0.2825648066781694,-0.095407249822866
262147,2,9a5a0eda0a6fd590,0.6910403152049661,0.19104031520496612,-1.0,0.2825648066781694,-0.095407249822866
262147,2,e7c3a51331914d65,0.6910403152049661,0.19104031520496612,-1.0,0.2825648066781694,-0.095407249822866
262147,2,a155938e4ae9d704,0.6910403152049661,0.19104031520496612,-1.0,0.2825648066781694,-0.095407249822866
262147,2,ca0b84d43992b03d,0.6910403152049661,0.19104031520496612,-1.0,0.2825648066781694,-0.095407249822866
262147,2,543ce167788b1f3e,0.6910403152049661,0.19104031520496612,-1.0,0.2825648066781694,-0.095407249822866
262147,2,99c8495117d32d72,0.6910403152049661,0.19104031520496612,-1.0,0.2825648066781694,-0.095407249822866
262147,2,43615d8a80044b19,0.6910403152049661,0.19104031520496612,-1.0,0.2825648066781694,-0.095407249822866
262147,2,a1da294020dc650f,0.6910403152049661,0.19104031520496612,-1.0,0.2825648066781694,-0.095407249822866
262147,2,26cbed1ed70886fe,0.6910403152049661,0.19104031520496612,-1.0,0.2825648066781694,-0.095407249822866
262147,2,ac59b211ab998989,0.6910403152049661,0.19104031520496612,-1.0,0.2825648066781694,-0.095407249822866
262147,2,accd65ebb9e6d5bd,0.6910403152049661,0.19104031520496612,-1.0,0.2825648066781694,-0.095407249822866
262147,2,e9d3da7afd6b290d,0.6910403152049661,0.19104031520496612,-1.0,0.2825648066781694,-0.095407249822866
262147,2,27060368c02ab464,0.6910403152049661,0.19104031520496612,-1.0,0.2825648066781694,-0.095407249822866
262147,2,2b26c5cb857798ec,0.6910403152049661,0.19104031520496612,-1.0,0.2825648066781694,-0.095407249822866
262147,2,6d2db02e8c8d2145,0.6910403152049661,0.19104031520496612,-1.0,0.2825648066781694,-0.095407249822866
262147,2,e0636d7b6780bb2a,0.6910403152049661,0.19104031520496612,-1.0,0.2825648066781694,-0.095407249822866
262147,2,417462f881b93736,0.6910403152049661,0.19104031520496612,-1.0,0.2825648066781694,-0.095407249822866
262147,2,34036c3b224f37de,0.6910403152049661,0.19104031520496612,-1.0,0.2825648066781694,-0.095407249822866
262147,2,4fcbabe856178b53,0.6910403152049661,0.19104031520496612,-1.0,0.2825648066781694,-0.095407249822866
262147,2,492b7bdb48f08e41,0.6910403152049661,0.19104031520496612,-1.0,0.2825648066781694,-0.095407249822866
262147,2,40257a80e298d1e7,0.6910403152049661,0.19104031520496612,-1.0,0.2825648066781694,-0.095407249822866
262147,2,d107e225e8d2b292,0.6910403152049661,0.19104031520496612,-1.0,0.2825648066781694,-0.095407249822866
262147,2,b4fd2a49bcbf3d25,0.6910403152049661,0.19104031520496612,-1.0,0.2825648066781694,-0.095407249822866
262147,2,754e9dee83f16dd1,0.6910403152049661,0.19104031520496612,-1.0,0.2825648066781694,-0.095407249822866
262147,2,a1364f38e19a30c6,0.6910403152049661,0.19104031520496612,-1.0,0.2825648066781694,-0.095407249822866
262147,2,ad16fef01adc5432,0.6910403152049661,0.19104031520496612,-1.0,0.2825648066781694,-0.095407249822866
262147,2,a1d1bb9061317e70,0.6114236057007351,0.11142360570073506,-1.0,0.2825648066781694,-0.095407249822866
262147,2,818f1d78902d2a6d,0.6114236057007351,0.11142360570073506,-1.0,0.2825648066781694,-0.095407249822866
262147,2,bd699b6a4b2c634b,0.6114236057007351,0.11142360570073506,-1.0,0.2825648066781694,-0.095407249822866
262147,2,b3438d0b792d8a58,0.6114236057007351,0.11142360570073506,-1.0,0.2825648066781694,-0.095407249822866
262147,2,d5e6b9dc02e2364e,0.6114236057007351,0.11142360570073506,-1.0,0.2825648066781694,-0.095407249822866
262147,2,180c0a7827d406e0,0.6114236057007351,0.11142360570073506,-1.0,0.2825648066781694,-0.095407249822866
262147,2,80b108c560581bbc,0.6114236057007351,0.11142360570073506,-1.0,0.2825648066781694,-0.095407249822866
262147,2,77428ad94822a7d6,0.6114236057007351,0.11142360570073506,-1.0,0.2825648066781694,-0.095407249822866
262147,2,372778033811af53,0.6114236057007351,0.11142360570073506,-1.0,0.2825648066781694,-0.095407249822866
262147,2,71f1d37fa44d6ef0,0.6114236057007351,0.11142360570073506,-1.0,0.2825648066781694,-0.095407249822866
262147,2,d2ff63c7d43f2890,0.6910403152049661,0.19104031520496612,-1.0,0.2825648066781694,-0.095407249822866
262147,2,c03f1b0e1f75ae1a,0.6910403152049661,0.19104031520496612,-1.0,0.2825648066781694,-0.095407249822866
262147,2,61603b00599eb0d5,0.6910403152049661,0.19104031520496612,-1.0,0.2825648066781694,-0.095407249822866
262147,2,526c53b206ce2492,0.6910403152049661,0.19104031520496612,-1.0,0.2825648066781694,-0.095407249822866
262147,2,80c76967ecfe2dc2,0.6910403152049661,0.19104031520496612,-1.0,0.2825648066781694,-0.095407249822866
262147,2,3983850cd373720d,0.6910403152049661,0.19104031520496612,-1.0,0.2825648066781694,-0.095407249822866
262147,2,73b19eb785eed129,0.6910403152049661,0.19104031520496612,-1.0,0.2825648066781694,-0.095407249822866
262147,2,0b799dd83f93411e,0.6910403152049661,0.19104031520496612,-1.0,0.2825648066781694,-0.095407249822866
262147,2,d4c1e23a091d0960,0.6910403152049661,0.19104031520496612,-1.0,0.2825648066781694,-0.095407249822866
262147,2,e4ee526bda3920c2,0.6910403152049661,0.19104031520496612,-1.0,0.2825648066781694,-0.095407249822866
262147,2,4c5b14e536cc1334,0.6910403152049661,0.19104031520496612,-1.0,0.2825648066781694,-0.095407249822866
262147,2,a00500e26347bc0e,0.6910403152049661,0.19104031520496612,-1.0,0.2825648066781694,-0.095407249822866
262147,2,5b0255daf759f446,0.6910403152049661,0.19104031520496612,-1.0,0.2825648066781694,-0.095407249822866
262147,2,4998005b3d3757a8,0.6910403152049661,0.19104031520496612,-1.0,0.2825648066781694,-0.095407249822866
262147,2,63d11bbb7d28eb4c,0.6910403152049661,0.19104031520496612,-1.0,0.2825648066781694,-0.095407249822866
262147,2,e4ff4ed289f6bac3,0.6910403152049661,0.19104031520496612,-1.0,0.2825648066781694,-0.095407249822866
262147,2,124db139bedffacf,0.6910403152049661,0.19104031520496612,-1.0,0.2825648066781694,-0.095407249822866
262147,2,cb4273c993344634,0.6910403152049661,0.19104031520496612,-1.0,0.2825648066781694,-0.095407249822866
262147,2,4759cae892250232,0.6910403152049661,0.19104031520496612,-1.0,0.2825648066781694,-0.095407249822866
262147,2,830861fddf3571ee,0.6910403152049661,0.19104031520496612,-1.0,0.2825648066781694,-0.095407249822866
262147,2,259e68bb986bb484,0.6910403152049661,0.19104031520496612,-1.0,0.2825648066781694,-0.095407249822866
262147,2,f05bea29ca56cbf9,0.6910403152049661,0.19104031520496612,-1.0,0.2825648066781694,-0.095407249822866
262147,2,f12454cc3399cc0a,0.6910403152049661,0.19104031520496612,-1.0,0.2825648066781694,-0.095407249822866
262147,2,3036e4501bafe469,0.6910403152049661,0.19104031520496612,-1.0,0.2825648066781694,-0.095407249822866
262147,2,441f7ec26db26341,0.6910403152049661,0.19104031520496612,-1.0,0.2825648066781694,-0.095407249822866
262147,2,aecd3ccb7d054807,0.6910403152049661,0.19104031520496612,-1.0,0.2825648066781694,-0.095407249822866
262147,2,d03955e5b6e2a037,0.6910403152049661,0.19104031520496612,-1.0,0.2825648066781694,-0.095407249822866
262147,2,7116690484a80f02,0.6910403152049661,0.19104031520496612,-1.0,0.2825648066781694,-0.095407249822866
262147,2,7a1bd3c43d402b71,0.6910403152049661,0.19104031520496612,-1.0,0.2825648066781694,-0.095407249822866
262147,2,121733ad19650ea3,0.6910403152049661,0.19104031520496612,-1.0,0.2825648066781694,-0.095407249822866
262147,2,86b7dbca3f1859b3,0.6910403152049661,0.19104031520496612,-1.0,0.2825648066781694,-0.095407249822866
262147,2,933a525b1e59cce1,0.6910403152049661,0.19104031520496612,-1.0,0.2825648066781694,-0.095407249822866
262147,2,7eb305c480cbd81c,0.6910403152049661,0.19104031520496612,-1.0,0.2825648066781694,-0.095407249822866
262147,2,05a73c87538dea60,0.6910403152049661,0.19104031520496612,-1.0,0.2825648066781694,-0.095407249822866
262147,2,303084e36adee19e,0.6910403152049661,0.19104031520496612,-1.0,0.2825648066781694,-0.095407249822866
262147,2,6b4bf3c0659fff4c,0.6910403152049661,0.19104031520496612,-1.0,0.2825648066781694,-0.095407249822866
262147,2,b05b2b6bc2a58cde,0.6910403152049661,0.19104031520496612,-1.0,0.2825648066781694,-0.095407249822866
262147,2,05c3538c00451781,0.6910403152049661,0.19104031520496612,-1.0,0.2825648066781694,-0.095407249822866
262147,2,459b90da32d12340,0.6910403152049661,0.19104031520496612,-1.0,0.2825648066781694,-0.095407249822866
262147,2,5add2b02243710d8,0.6910403152049661,0.19104031520496612,-1.0,0.2825648066781694,-0.095407249822866
262147,2,2a41f3ebef788345,0.6910403152049661,0.19104031520496612,-1.0,0.2825648066781694,-0.095407249822866
262147,2,099cafc95a99e1db,0.6910403152049661,0.19104031520496612,-1.0,0.2825648066781694,-0.095407249822866
262147,2,e29c1cf41e785a94,0.6910403152049661,0.19104031520496612,-1.0,0.2825648066781694,-0.095407249822866
262147,2,61f97ff8feb9afab,0.6910403152049661,0.19104031520496612,-1.0,0.2825648066781694,-0.095407249822866
262147,2,4481c5627928131d,0.6910403152049661,0.19104031520496612,-1.0,0.2825648066781694,-0.095407249822866
262147,2,929b2959e4085af9,0.6910403152049661,0.19104031520496612,-1.0,0.2825648066781694,-0.095407249822866
262147,2,4ae2a0e0a04e22fc,0.6910403152049661,0.19104031520496612,-1.0,0.2825648066781694,-0.095407249822866
262147,2,f76d16dc48d41e27,0.6910403152049661,0.19104031520496612,-1.0,0.2825648066781694,-0.095407249822866
262147,2,ca38ba3a8898a577,0.6910403152049661,0.19104031520496612,-1.0,0.2825648066781694,-0.095407249822866
262147,2,b88c40d83066f30e,0.6910403152049661,0.19104031520496612,-1.0,0.2825648066781694,-0.095407249822866
262147,2,86753032d9fa008d,0.6910403152049661,0.19104031520496612,-1.0,0.2825648066781694,-0.095407249822866
262147,2,658588ea845cbbcd,0.6910403152049661,0.19104031520496612,-1.0,0.2825648066781694,-0.095407249822866
262147,2,76711e79e2ec01ef,0.6910403152049661,0.19104031520496612,-1.0,0.2825648066781694,-0.095407249822866
262147,2,b7bc69fc789d9b76,0.6910403152049661,0.19104031520496612,-1.0,0.2825648066781694,-0.095407249822866
262147,2,0abbcf420e23e3c7,0.6910403152049661,0.19104031520496612,-1.0,0.2825648066781694,-0.095407249822866
262147,2,2a8b4d6487a26c27,0.6910403152049661,0.19104031520496612,-1.0,0.2825648066781694,-0.095407249822866
262147,2,f1cc02a92c08ce5a,0.6910403152049661,0.19104031520496612,-1.0,0.2825648066781694,-0.095407249822866
262147,2,652810ec40425074,0.6910403152049661,0.19104031520496612,-1.0,0.2825648066781694,-0.095407249822866
262147,2,85fadbeefe51dede,0.6910403152049661,0.19104031520496612,-1.0,0.2825648066781694,-0.095407249822866
262147,2,0cf584c973b138fa,0.6910403152049661,0.19104031520496612,-1.0,0.2825648066781694,-0.095407249822866
262147,2,0f586242f57f20f6,0.6910403152049661,0.19104031520496612,-1.0,0.2825648066781694,-0.095407249822866
262147,2,0711104e8af2bd43,0.6910403152049661,0.19104031520496612,-1.0,0.2825648066781694,-0.095407249822866
262147,2,4e816bdc993aa716,0.6910403152049661,0.19104031520496612,-1.0,0.2825648066781694,-0.095407249822866
262147,2,e72207fd3b60a738,0.6910403152049661,0.19104031520496612,-1.0,0.2825648066781694,-0.095407249822866
262147,2,fb395fc20ad441b8,0.6910403152049661,0.19104031520496612,-1.0,0.2825648066781694,-0.095407249822866
262147,2,ef0fb6c09176b30a,0.6910403152049661,0.19104031520496612,-1.0,0.2825648066781694,-0.095407249822866
262147,2,c76f680dd1db3efb,0.6910403152049661,0.19104031520496612,-1.0,0.2825648066781694,-0.095407249822866
262147,2,37d3f22ee01322f7,0.6910403152049661,0.19104031520496612,-1.0,0.2825648066781694,-0.095407249822866
262147,2,7a8033cd695a09db,0.6910403152049661,0.19104031520496612,-1.0,0.2825648066781694,-0.095407249822866
262147,2,2ac1b0d9b7b83726,0.6910403152049661,0.19104031520496612,-1.0,0.2825648066781694,-0.095407249822866
262147,2,babf32ba697c93fe,0.6910403152049661,0.19104031520496612,-1.0,0.2825648066781694,-0.095407249822866
262147,2,e492acad0936b2a0,0.6910403152049661,0.19104031520496612,-1.0,0.2825648066781694,-0.095407249822866
262147,2,9dc40db146f97226,0.6910403152049661,0.19104031520496612,-1.0,0.2825648066781694,-0.095407249822866
262147,2,03d73939b53041d6,0.6910403152049661,0.19104031520496612,-1.0,0.2825648066781694,-0.095407249822866
262147,2,9171eebe4dc639c6,0.6910403152049661,0.19104031520496612,-1.0,0.2825648066781694,-0.095407249822866
262147,2,30c8114cc055d4b0,0.6910403152049661,0.19104031520496612,-1.0,0.2825648066781694,-0.095407249822866
262147,2,472fc6d9059f3c8e,0.6910403152049661,0.19104031520496612,-1.0,0.2825648066781694,-0.095407249822866
262147,2,0e0915921cb03b61,0.6910403152049661,0.19104031520496612,-1.0,0.2825648066781694,-0.095407249822866
262147,2,af971a0b699f29ae,0.6910403152049661,0.19104031520496612,-1.0,0.2825648066781694,-0.095407249822866
262147,2,7aec532eedbe347b,0.6910403152049661,0.19104031520496612,-1.0,0.2825648066781694,-0.095407249822866
262147,2,2e7197a7efd242c9,0.6910403152049661,0.19104031520496612,-1.0,0.2825648066781694,-0.095407249822866
262147,2,10ca3ef9ac6e7fb0,0.6910403152049661,0.19104031520496612,-1.0,0.2825648066781694,-0.095407249822866
262147,2,8226bcd57b08d4d8,0.6910403152049661,0.19104031520496612,-1.0,0.2825648066781694,-0.095407249822866
262147,2,44012938119033a5,0.6910403152049661,0.19104031520496612,-1.0,0.2825648066781694,-0.095407249822866
262147,2,1651b0a3bd1a4142,0.6910403152049661,0.19104031520496612,-1.0,0.2825648066781694,-0.095407249822866
262147,2,1052c7804a84fd4c,0.6910403152049661,0.19104031520496612,-1.0,0.2825648066781694,-0.095407249822866
262147,2,2b9cc1a4fc46c0df,0.6910403152049661,0.19104031520496612,-1.0,0.2825648066781694,-0.095407249822866
262147,2,4cb2ffb4332ca124,0.6910403152049661,0.19104031520496612,-1.0,0.2825648066781694,-0.095407249822866
262147,2,5169c377777d282b,0.6910403152049661,0.19104031520496612,-1.0,0.2825648066781694,-0.095407249822866
262147,2,9f969f90406c97a4,0.6910403152049661,0.19104031520496612,-1.0,0.2825648066781694,-0.095407249822866
262147,2,4abc313a070a9a28,0.6910403152049661,0.19104031520496612,-1.0,0.2825648066781694,-0.095407249822866
262147,2,070747aae4dc989c,0.6910403152049661,0.19104031520496612,-1.0,0.2825648066781694,-0.095407249822866
262147,2,baac03fd9286c92d,0.6910403152049661,0.19104031520496612,-1.0,0.2825648066781694,-0.095407249822866
262147,2,cfb0cf901791360b,0.6910403152049661,0.19104031520496612,-1.0,0.2825648066781694,-0.095407249822866
262147,2,ee5f0a21fa37baaf,0.6910403152049661,0.19104031520496612,-1.0,0.2825648066781694,-0.095407249822866
262147,2,82698a4f2e790a6d,0.6910403152049661,0.19104031520496612,-1.0,0.2825648066781694,-0.095407249822866
262147,2,c10ed3995524f655,0.6910403152049661,0.19104031520496612,-1.0,0.2825648066781694,-0.095407249822866
262147,2,eca00c5272e79ac3,0.6910403152049661,0.19104031520496612,-1.0,0.2825648066781694,-0.095407249822866
262147,2,4315ec27cd357b25,0.6910403152049661,0.19104031520496612,-1.0,0.2825648066781694,-0.095407249822866
262147,2,070f43b8e6fa53cc,0.6910403152049661,0.19104031520496612,-1.0,0.2825648066781694,-0.095407249822866
262147,2,e7db5fe739b82aaa,0.6910403152049661,0.19104031520496612,-1.0,0.2825648066781694,-0.095407249822866
262147,2,0973c72a8ec4d510,0.6910403152049661,0.19104031520496612,-1.0,0.2825648066781694,-0.095407249822866
262147,2,74533b00ce755709,0.6910403152049661,0.19104031520496612,-1.0,0.2825648066781694,-0.095407249822866
262147,2,953982f25eb9e94b,0.6910403152049661,0.19104031520496612,-1.0,0.2825648066781694,-0.095407249822866
262147,2,ef98d769b40a6680,0.6910403152049661,0.19104031520496612,-1.0,0.2825648066781694,-0.095407249822866
262147,2,d4654555019558c8,0.6910403152049661,0.19104031520496612,-1.0,0.2825648066781694,-0.095407249822866
262147,2,3d131164e9134388,0.6910403152049661,0.19104031520496612,-1.0,0.2825648066781694,-0.095407249822866
262147,2,fc3b90c2ca040eec,0.6910403152049661,0.19104031520496612,-1.0,0.2825648066781694,-0.095407249822866
262147,2,9c591c4879c888e6,0.6910403152049661,0.19104031520496612,-1.0,0.2825648066781694,-0.095407249822866
262147,2,6bc4387fd909f896,0.6910403152049661,0.19104031520496612,-1.0,0.2825648066781694,-0.095407249822866
262147,2,f6224659cc3203a0,0.6910403152049661,0.19104031520496612,-1.0,0.2825648066781694,-0.095407249822866
262147,2,366305791859fdae,0.6910403152049661,0.19104031520496612,-1.0,0.2825648066781694,-0.095407249822866
262147,2,131a35ee31599805,0.6910403152049661,0.19104031520496612,-1.0,0.2825648066781694,-0.095407249822866
262147,2,3634230792682dfb,0.6910403152049661,0.19104031520496612,-1.0,0.2825648066781694,-0.095407249822866
262147,2,1fb1bf5499f79939,0.6910403152049661,0.19104031520496612,-1.0,0.2825648066781694,-0.095407249822866
262147,2,3ebd75679757f580,0.6910403152049661,0.19104031520496612,-1.0,0.2825648066781694,-0.095407249822866
262147,2,7ef399519f43aa6d,0.6910403152049661,0.19104031520496612,-1.0,0.2825648066781694,-0.095407249822866
262147,2,37eb96b580471a48,0.6910403152049661,0.19104031520496612,-1.0,0.2825648066781694,-0.095407249822866
262147,2,75aae14ed0f55590,0.6910403152049661,0.19104031520496612,-1.0,0.2825648066781694,-0.095407249822866
262147,2,029b985df55ed873,0.6910403152049661,0.19104031520496612,-1.0,0.2825648066781694,-0.095407249822866
262147,2,d294b06ac73b17a1,0.6910403152049661,0.19104031520496612,-1.0,0.2825648066781694,-0.095407249822866
262147,2,48baeebc441c0964,0.6910403152049661,0.19104031520496612,-1.0,0.2825648066781694,-0.095407249822866
262147,2,260b9aefd9095405,0.6910403152049661,0.19104031520496612,-1.0,0.2825648066781694,-0.095407249822866
262147,2,8f1b939eaa272815,0.6910403152049661,0.19104031520496612,-1.0,0.2825648066781694,-0.095407249822866
262147,2,e44232cadf8273f0,0.6910403152049661,0.19104031520496612,-1.0,0.2825648066781694,-0.095407249822866
262147,2,2c1daccff16e80f6,0.6910403152049661,0.19104031520496612,-1.0,0.2825648066781694,-0.095407249822866
262147,2,097373dc643a54b1,0.6910403152049661,0.19104031520496612,-1.0,0.2825648066781694,-0.095407249822866
262147,2,497c56cf4bb6611a,0.6910403152049661,0.19104031520496612,-1.0,0.2825648066781694,-0.095407249822866
262147,2,0ecd4ac4bf29bfb9,0.6910403152049661,0.19104031520496612,-1.0,0.2825648066781694,-0.095407249822866
262147,2,4530a24acedc122d,0.6910403152049661,0.19104031520496612,-1.0,0.2825648066781694,-0.095407249822866
262147,2,99b0e9e1b01ed092,0.6910403152049661,0.19104031520496612,-1.0,0.2825648066781694,-0.095407249822866
262147,2,430134a653758ce5,0.6910403152049661,0.19104031520496612,-1.0,0.2825648066781694,-0.095407249822866
262147,2,aaa0149134925bf9,0.6910403152049661,0.19104031520496612,-1.0,0.2825648066781694,-0.095407249822866
262147,2,6514717fd97a63b2,0.6910403152049661,0.19104031520496612,-1.0,0.2825648066781694,-0.095407249822866
262147,2,478c3b52611a0cbd,0.6910403152049661,0.19104031520496612,-1.0,0.2825648066781694,-0.095407249822866
262147,2,fe998c00ebf02b5b,0.6910403152049661,0.19104031520496612,-1.0,0.2825648066781694,-0.095407249822866
262147,2,c65334e8d3752fcf,0.6910403152049661,0.19104031520496612,-1.0,0.2825648066781694,-0.095407249822866
262147,2,1d1d29abd9feee01,0.6910403152049661,0.19104031520496612,-1.0,0.2825648066781694,-0.095407249822866
262147,2,c45da4f8ae11b5f9,0.6910403152049661,0.19104031520496612,-1.0,0.2825648066781694,-0.095407249822866
262147,2,9f79dc8e188218c9,0.6910403152049661,0.19104031520496612,-1.0,0.2825648066781694,-0.095407249822866
262147,2,8d45ecdd34fd5e01,0.6910403152049661,0.19104031520496612,-1.0,0.2825648066781694,-0.095407249822866
262147,2,7a309c8298db1979,0.6910403152049661,0.19104031520496612,-1.0,0.2825648066781694,-0.095407249822866
262147,2,d4b5d2329ee89d8e,0.6910403152049661,0.19104031520496612,-1.0,0.2825648066781694,-0.095407249822866
262147,2,a05f6146165f6248,0.6910403152049661,0.19104031520496612,-1.0,0.2825648066781694,-0.095407249822866
262147,2,39d3ae4f08f0d5ec,0.6910403152049661,0.19104031520496612,-1.0,0.2825648066781694,-0.095407249822866
262147,2,4b954c190b025231,0.6910403152049661,0.19104031520496612,-1.0,0.2825648066781694,-0.095407249822866
262147,2,d52651311f410143,0.6910403152049661,0.19104031520496612,-1.0,0.2825648066781694,-0.095407249822866
262147,2,f4f56d69fbd053d6,0.6910403152049661,0.19104031520496612,-1.0,0.2825648066781694,-0.095407249822866
262147,2,e5a1360bc75a4ef8,0.6910403152049661,0.19104031520496612,-1.0,0.2825648066781694,-0.095407249822866
262147,2,0f38fd2187cd586a,0.6910403152049661,0.19104031520496612,-1.0,0.2825648066781694,-0.095407249822866
262147,2,07f266b8e7152849,0.6910403152049661,0.19104031520496612,-1.0,0.2825648066781694,-0.095407249822866
262147,2,dfe8526ff61dd220,0.6910403152049661,0.19104031520496612,-1.0,0.2825648066781694,-0.095407249822866
262147,2,22146f154f5452a4,0.6910403152049661,0.19104031520496612,-1.0,0.2825648066781694,-0.095407249822866
262147,2,fc75ac98d4051976,0.6910403152049661,0.19104031520496612,-1.0,0.2825648066781694,-0.095407249822866
262147,2,e9c503b9e624ab1c,0.6910403152049661,0.19104031520496612,-1.0,0.2825648066781694,-0.095407249822866
262147,2,152fe9af83f615b7,0.6910403152049661,0.19104031520496612,-1.0,0.2825648066781694,-0.095407249822866
262147,2,4348c0181a7fb6a9,0.6910403152049661,0.19104031520496612,-1.0,0.2825648066781694,-0.095407249822866
262147,2,9fa143d673f003c5,0.6910403152049661,0.19104031520496612,-1.0,0.2825648066781694,-0.095407249822866
262147,2,b4fc1c58dae55cf7,0.6910403152049661,0.19104031520496612,-1.0,0.2825648066781694,-0.095407249822866
262147,2,29a2dce9745c7f69,0.6910403152049661,0.19104031520496612,-1.0,0.2825648066781694,-0.095407249822866
262147,2,b140586b970b08e2,0.6910403152049661,0.19104031520496612,-1.0,0.2825648066781694,-0.095407249822866
262147,2,e83d4c4ecf844dc8,0.6910403152049661,0.19104031520496612,-1.0,0.2825648066781694,-0.095407249822866
262147,2,06bdf21af7ecb9fc,0.6910403152049661,0.19104031520496612,-1.0,0.2825648066781694,-0.095407249822866
262147,2,e5fea5a198d61ae9,0.6910403152049661,0.19104031520496612,-1.0,0.2825648066781694,-0.095407249822866
262147,2,5481e24299d25612,0.6910403152049661,0.19104031520496612,-1.0,0.2825648066781694,-0.095407249822866
262147,2,12aa9245de21a311,0.6910403152049661,0.19104031520496612,-1.0,0.2825648066781694,-0.095407249822866
262147,2,bce6d77fae97e9e6,0.6910403152049661,0.19104031520496612,-1.0,0.2825648066781694,-0.095407249822866
262147,2,566a8c43ddcbece4,0.6910403152049661,0.19104031520496612,-1.0,0.2825648066781694,-0.095407249822866
262147,2,60eaef2e90387f04,0.6910403152049661,0.19104031520496612,-1.0,0.2825648066781694,-0.095407249822866
262147,2,fab613e45cd89915,0.6910403152049661,0.19104031520496612,-1.0,0.2825648066781694,-0.095407249822866
262147,2,2395ee06cb8f62e4,0.6910403152049661,0.19104031520496612,-1.0,0.2825648066781694,-0.095407249822866
262147,2,b8ff7dd7bbffc321,0.6910403152049661,0.19104031520496612,-1.0,0.2825648066781694,-0.095407249822866
262147,2,1531b6ddd3ece892,0.6910403152049661,0.19104031520496612,-1.0,0.2825648066781694,-0.095407249822866
262147,2,ba23ebfd4dec23af,0.6910403152049661,0.19104031520496612,-1.0,0.2825648066781694,-0.095407249822866
262147,2,22e6722fa25f0f33,0.6910403152049661,0.19104031520496612,-1.0,0.2825648066781694,-0.095407249822866
262147,2,ad437829e7500cdc,0.6910403152049661,0.19104031520496612,-1.0,0.2825648066781694,-0.095407249822866
262147,2,49d8fec581f11a1b,0.6910403152049661,0.19104031520496612,-1.0,0.2825648066781694,-0.095407249822866
262147,2,a5f895ea5f21c7c6,0.6910403152049661,0.19104031520496612,-1.0,0.2825648066781694,-0.095407249822866
262147,2,a978e980884d447d,0.6910403152049661,0.19104031520496612,-1.0,0.2825648066781694,-0.095407249822866
262147,2,caae8f09ae6fe8a6,0.6910403152049661,0.19104031520496612,-1.0,0.2825648066781694,-0.095407249822866
262147,2,e6726c67347a268e,0.6910403152049661,0.19104031520496612,-1.0,0.2825648066781694,-0.095407249822866
262147,2,e3d66fb2c7ee2b84,0.6910403152049661,0.19104031520496612,-1.0,0.2825648066781694,-0.095407249822866
262147,2,e4e934e4aa6ddbdc,0.6910403152049661,0.19104031520496612,-1.0,0.2825648066781694,-0.095407249822866
262147,2,96867429887d5f2b,0.6910403152049661,0.19104031520496612,-1.0,0.2825648066781694,-0.095407249822866
262147,2,c093459038ad6cd5,0.6910403152049661,0.19104031520496612,-1.0,0.2825648066781694,-0.095407249822866
262147,2,2e2178a0708ace3c,0.6910403152049661,0.19104031520496612,-1.0,0.2825648066781694,-0.095407249822866
262147,2,b0550b120cab19f8,0.6910403152049661,0.19104031520496612,-1.0,0.2825648066781694,-0.095407249822866
262147,2,e43827453c7e2411,0.6910403152049661,0.19104031520496612,-1.0,0.2825648066781694,-0.095407249822866
262147,2,04eecc879c91a669,0.6910403152049661,0.19104031520496612,-1.0,0.2825648066781694,-0.095407249822866
262147,2,b1583a60dbdcf380,0.6910403152049661,0.19104031520496612,-1.0,0.2825648066781694,-0.095407249822866
262147,2,79d8f74457709963,0.6910403152049661,0.19104031520496612,-1.0,0.2825648066781694,-0.095407249822866
262147,2,24bf78605a7f0d14,0.6910403152049661,0.19104031520496612,-1.0,0.2825648066781694,-0.095407249822866
262147,2,8fb7e7e0342b2039,0.6910403152049661,0.19104031520496612,-1.0,0.2825648066781694,-0.095407249822866
262147,2,7f5406552bbba735,0.6910403152049661,0.19104031520496612,-1.0,0.2825648066781694,-0.095407249822866
262147,2,a5aca35a0cadf96f,0.6910403152049661,0.19104031520496612,-1.0,0.2825648066781694,-0.095407249822866
262147,2,69e195a80b7d4973,0.6910403152049661,0.19104031520496612,-1.0,0.2825648066781694,-0.095407249822866
262147,2,8dcd9e7787055e69,0.6910403152049661,0.19104031520496612,-1.0,0.2825648066781694,-0.095407249822866
262147,2,9c6851ce5dc22a05,0.6910403152049661,0.19104031520496612,-1.0,0.2825648066781694,-0.095407249822866
262147,2,4c356ac82685bc22,0.6910403152049661,0.19104031520496612,-1.0,0.2825648066781694,-0.095407249822866
262147,2,f11938d8b12f2f1b,0.6910403152049661,0.19104031520496612,-1.0,0.2825648066781694,-0.095407249822866
262147,2,38f978381235fa0f,0.6910403152049661,0.19104031520496612,-1.0,0.2825648066781694,-0.095407249822866
262147,2,f547ce1a9dc13fd7,0.6910403152049661,0.19104031520496612,-1.0,0.2825648066781694,-0.095407249822866
262147,2,d39be844f6c19a24,0.6910403152049661,0.19104031520496612,-1.0,0.2825648066781694,-0.095407249822866
262147,2,07308b2583d8c4cd,0.6910403152049661,0.19104031520496612,-1.0,0.2825648066781694,-0.095407249822866
262147,2,adbb998b58b05ba5,0.6910403152049661,0.19104031520496612,-1.0,0.2825648066781694,-0.095407249822866
262147,2,27ba9ec8c5c1679d,0.6910403152049661,0.19104031520496612,-1.0,0.2825648066781694,-0.095407249822866
262147,2,0c8dfe9e52efea32,0.6910403152049661,0.19104031520496612,-1.0,0.2825648066781694,-0.095407249822866
262147,2,94001676fbdcec6a,0.6910403152049661,0.19104031520496612,-1.0,0.2825648066781694,-0.095407249822866
262147,2,14c81e86e596e17b,0.6910403152049661,0.19104031520496612,-1.0,0.2825648066781694,-0.095407249822866
262147,2,8af48925d3a43351,0.6910403152049661,0.19104031520496612,-1.0,0.2825648066781694,-0.095407249822866
262147,2,63e05c745b39b25c,0.6910403152049661,0.19104031520496612,-1.0,0.2825648066781694,-0.095407249822866
262147,2,f646cbd900a6ac93,0.6910403152049661,0.19104031520496612,-1.0,0.2825648066781694,-0.095407249822866
262147,2,405c419d213255a8,0.6910403152049661,0.19104031520496612,-1.0,0.2825648066781694,-0.095407249822866
262147,2,d53530d6840d94f0,0.6910403152049661,0.19104031520496612,-1.0,0.2825648066781694,-0.095407249822866
262147,2,5c3c61f9e9a49367,0.6910403152049661,0.19104031520496612,-1.0,0.2825648066781694,-0.095407249822866
262147,2,ef9024103123aa88,0.6910403152049661,0.19104031520496612,-1.0,0.2825648066781694,-0.095407249822866
262147,2,c06060f01ef3c33c,0.6910403152049661,0.19104031520496612,-1.0,0.2825648066781694,-0.095407249822866
262147,2,3069581a1411c359,0.6910403152049661,0.19104031520496612,-1.0,0.2825648066781694,-0.095407249822866
262147,2,ebc272cce63b19b5,0.6910403152049661,0.19104031520496612,-1.0,0.2825648066781694,-0.095407249822866
262147,2,89a2a9e8ba87e99e,0.6910403152049661,0.19104031520496612,-1.0,0.2825648066781694,-0.095407249822866
262147,2,8a5480f4c0ec7738,0.6910403152049661,0.19104031520496612,-1.0,0.2825648066781694,-0.095407249822866
262147,2,ee4424ee933309ba,0.6910403152049661,0.19104031520496612,-1.0,0.2825648066781694,-0.095407249822866
262147,2,c41d53a5c2625ad2,0.6910403152049661,0.19104031520496612,-1.0,0.2825648066781694,-0.095407249822866
262147,2,da1466fd10c76caa,0.6910403152049661,0.19104031520496612,-1.0,0.2825648066781694,-0.095407249822866
262147,2,55bd7b92214b4418,0.6910403152049661,0.19104031520496612,-1.0,0.2825648066781694,-0.095407249822866
262147,2,27dac1aeb58ec2cb,0.6910403152049661,0.19104031520496612,-1.0,0.2825648066781694,-0.095407249822866
262147,2,a9cb3ebbf14bf055,0.6910403152049661,0.19104031520496612,-1.0,0.2825648066781694,-0.095407249822866
262147,2,62607940a098ba04,0.6910403152049661,0.19104031520496612,-1.0,0.2825648066781694,-0.095407249822866
262147,2,80726b41095fe6a4,0.6910403152049661,0.19104031520496612,-1.0,0.2825648066781694,-0.095407249822866
262147,2,f8b348637519af6d,0.6910403152049661,0.19104031520496612,-1.0,0.2825648066781694,-0.095407249822866
262147,2,cd3067ece810d420,0.6910403152049661,0.19104031520496612,-1.0,0.2825648066781694,-0.095407249822866
262147,2,6284e51a92450ff1,0.6910403152049661,0.19104031520496612,-1.0,0.2825648066781694,-0.095407249822866
262147,2,f863fb3745a236ed,0.6910403152049661,0.19104031520496612,-1.0,0.2825648066781694,-0.095407249822866
262147,2,354fe634113a078e,0.6910403152049661,0.19104031520496612,-1.0,0.2825648066781694,-0.095407249822866
262147,2,bd881878983afa89,0.6910403152049661,0.19104031520496612,-1.0,0.2825648066781694,-0.095407249822866
262147,2,cb88f30f510766d7,0.6910403152049661,0.19104031520496612,-1.0,0.2825648066781694,-0.095407249822866
262147,2,f05d823b963a6c6e,0.6910403152049661,0.19104031520496612,-1.0,0.2825648066781694,-0.095407249822866
262147,2,bad44c25ba1e0e47,0.6910403152049661,0.19104031520496612,-1.0,0.2825648066781694,-0.095407249822866
262147,2,0e9aecd4edb08739,0.6910403152049661,0.19104031520496612,-1.0,0.2825648066781694,-0.095407249822866
262147,2,fadca46ff2b140c2,0.6910403152049661,0.19104031520496612,-1.0,0.2825648066781694,-0.095407249822866
262147,2,33dd4fb571535d39,0.6910403152049661,0.19104031520496612,-1.0,0.2825648066781694,-0.095407249822866
262147,2,c1531bb6a4c0d5dd,0.6910403152049661,0.19104031520496612,-1.0,0.2825648066781694,-0.095407249822866
262147,2,491a11bbcf7316ac,0.6910403152049661,0.19104031520496612,-1.0,0.2825648066781694,-0.095407249822866
262147,2,bbf8561763b5fe90,0.6910403152049661,0.19104031520496612,-1.0,0.2825648066781694,-0.095407249822866
262147,2,23c2e4b4e083bf41,0.6910403152049661,0.19104031520496612,-1.0,0.2825648066781694,-0.095407249822866
262147,2,94b61f812fd04ae1,0.6910403152049661,0.19104031520496612,-1.0,0.2825648066781694,-0.095407249822866
262147,2,15d9f57efc2109b2,0.6910403152049661,0.19104031520496612,-1.0,0.2825648066781694,-0.095407249822866
262147,2,3f970389a16936b0,0.6910403152049661,0.19104031520496612,-1.0,0.2825648066781694,-0.095407249822866
262147,2,9581b7e59a4fde6b,0.6910403152049661,0.19104031520496612,-1.0,0.2825648066781694,-0.095407249822866
262147,2,f3f59bcc6a57bf85,0.6910403152049661,0.19104031520496612,-1.0,0.2825648066781694,-0.095407249822866
262147,2,baac592a9be0ecbc,0.6910403152049661,0.19104031520496612,-1.0,0.2825648066781694,-0.095407249822866
262147,2,5ecd5d29fae16278,0.6910403152049661,0.19104031520496612,-1.0,0.2825648066781694,-0.095407249822866
262147,2,1ae066ee87478b63,0.6910403152049661,0.19104031520496612,-1.0,0.2825648066781694,-0.095407249822866
262147,2,2ff88a5f6fb6d0e9,0.6910403152049661,0.19104031520496612,-1.0,0.2825648066781694,-0.095407249822866
262147,2,01ee039385fc7c75,0.6910403152049661,0.19104031520496612,-1.0,0.2825648066781694,-0.095407249822866
262147,2,60987e3ba2606ed9,0.6910403152049661,0.19104031520496612,-1.0,0.2825648066781694,-0.095407249822866
262147,2,13a35b2f0047182d,0.6910403152049661,0.19104031520496612,-1.0,0.2825648066781694,-0.095407249822866
262147,2,1ebc2c5cdec573d0,0.6910403152049661,0.19104031520496612,-1.0,0.2825648066781694,-0.095407249822866
262147,2,481ba480489b2751,0.6910403152049661,0.19104031520496612,-1.0,0.2825648066781694,-0.095407249822866
262147,2,32de9d815d2846a5,0.6910403152049661,0.19104031520496612,-1.0,0.2825648066781694,-0.095407249822866
262147,2,af1d270486f91d93,0.6910403152049661,0.19104031520496612,-1.0,0.2825648066781694,-0.095407249822866
262147,2,969dd6704f8fe61e,0.6910403152049661,0.19104031520496612,-1.0,0.2825648066781694,-0.095407249822866
262147,2,6cee88301287bd45,0.6910403152049661,0.19104031520496612,-1.0,0.2825648066781694,-0.095407249822866
262147,2,08c04f254321daed,0.6910403152049661,0.19104031520496612,-1.0,0.2825648066781694,-0.095407249822866
262147,2,f45cda7484a41d88,0.6910403152049661,0.19104031520496612,-1.0,0.2825648066781694,-0.095407249822866
262147,2,6488e219e288487a,0.6910403152049661,0.19104031520496612,-1.0,0.2825648066781694,-0.095407249822866
262147,2,ed6d5074650c9b8b,0.6910403152049661,0.19104031520496612,-1.0,0.2825648066781694,-0.095407249822866
262147,2,084576c4c03d3466,0.6910403152049661,0.19104031520496612,-1.0,0.2825648066781694,-0.095407249822866
262147,2,0656e632ce1a7169,0.6910403152049661,0.19104031520496612,-1.0,0.2825648066781694,-0.095407249822866
262147,2,b0cdf84d11493940,0.6910403152049661,0.19104031520496612,-1.0,0.2825648066781694,-0.095407249822866
262147,2,64c611b30ca8ba77,0.6910403152049661,0.19104031520496612,-1.0,0.2825648066781694,-0.095407249822866
262147,2,be97fe183683ad4a,0.6910403152049661,0.19104031520496612,-1.0,0.2825648066781694,-0.095407249822866
262147,2,c0e9076f69d33056,0.6910403152049661,0.19104031520496612,-1.0,0.2825648066781694,-0.095407249822866
262147,2,ab8854b327c314cc,0.6910403152049661,0.19104031520496612,-1.0,0.2825648066781694,-0.095407249822866
262147,2,e0e5be665a068d70,0.6910403152049661,0.19104031520496612,-1.0,0.2825648066781694,-0.095407249822866
262147,2,8277f2b9e9f965fa,0.6910403152049661,0.19104031520496612,-1.0,0.2825648066781694,-0.095407249822866
262147,2,258319f8cf1775bd,0.6910403152049661,0.19104031520496612,-1.0,0.2825648066781694,-0.095407249822866
262147,2,7bcc49d3346d5a47,0.6910403152049661,0.19104031520496612,-1.0,0.2825648066781694,-0.095407249822866
262147,2,7bb5ec1010ef08b4,0.6910403152049661,0.19104031520496612,-1.0,0.2825648066781694,-0.095407249822866
262147,2,5df28757679cae26,0.6910403152049661,0.19104031520496612,-1.0,0.2825648066781694,-0.095407249822866
262147,2,f8ed87d3cf7f4281,0.6910403152049661,0.19104031520496612,-1.0,0.2825648066781694,-0.095407249822866
262147,2,3ab42c60b155d54b,0.6910403152049661,0.19104031520496612,-1.0,0.2825648066781694,-0.095407249822866
262147,2,96048bf491b8182c,0.6910403152049661,0.19104031520496612,-1.0,0.2825648066781694,-0.095407249822866
262147,2,32442e4168bf1ab2,0.6910403152049661,0.19104031520496612,-1.0,0.2825648066781694,-0.095407249822866
262147,2,590ee18b85260498,0.6910403152049661,0.19104031520496612,-1.0,0.2825648066781694,-0.095407249822866
262147,2,bc71259110d506f1,0.6910403152049661,0.19104031520496612,-1.0,0.2825648066781694,-0.095407249822866
262147,2,0a152227108b8080,0.6910403152049661,0.19104031520496612,-1.0,0.2825648066781694,-0.095407249822866
262147,2,dea5592aab4c6cf0,0.6910403152049661,0.19104031520496612,-1.0,0.2825648066781694,-0.095407249822866
262147,2,a3bc2e7b55a95970,0.6114236057007351,0.11142360570073506,-1.0,0.2825648066781694,-0.095407249822866
262147,2,2cf8480c768c5553,0.6114236057007351,0.11142360570073506,-1.0,0.2825648066781694,-0.095407249822866
262147,2,e5564b444fdaf53f,0.6910403152049661,0.19104031520496612,-1.0,0.2825648066781694,-0.095407249822866
262147,2,2ce4216d747e06bd,0.6910403152049661,0.19104031520496612,-1.0,0.2825648066781694,-0.095407249822866
262147,2,b5e24d8ee05b0308,0.6910403152049661,0.19104031520496612,-1.0,0.2825648066781694,-0.095407249822866
262147,2,224867547c5f97b1,0.6910403152049661,0.19104031520496612,-1.0,0.2825648066781694,-0.095407249822866
262147,2,247f57741141188a,0.6910403152049661,0.19104031520496612,-1.0,0.2825648066781694,-0.095407249822866
262147,2,62e7cdd6fa003391,0.6910403152049661,0.19104031520496612,-1.0,0.2825648066781694,-0.095407249822866
262147,2,3bb58e5ef9b428b7,0.6910403152049661,0.19104031520496612,-1.0,0.2825648066781694,-0.095407249822866
262147,2,786daf3e0a82df88,0.6910403152049661,0.19104031520496612,-1.0,0.2825648066781694,-0.095407249822866
262147,2,25190cd2ec1fac11,0.6910403152049661,0.19104031520496612,-1.0,0.2825648066781694,-0.095407249822866
262147,2,ecd9159fe62e40e4,0.6910403152049661,0.19104031520496612,-1.0,0.2825648066781694,-0.095407249822866
262147,2,4e8be969a97aed3a,0.6910403152049661,0.19104031520496612,-1.0,0.2825648066781694,-0.095407249822866
262147,2,a423fa7862a329ed,0.6910403152049661,0.19104031520496612,-1.0,0.2825648066781694,-0.095407249822866
262147,2,bdb8b0e62f40bcf2,0.6910403152049661,0.19104031520496612,-1.0,0.2825648066781694,-0.095407249822866
262147,2,d9a3a6a909e7df82,0.6910403152049661,0.19104031520496612,-1.0,0.2825648066781694,-0.095407249822866
262147,2,254bf7e2512ca599,0.6910403152049661,0.19104031520496612,-1.0,0.2825648066781694,-0.095407249822866
262147,2,ffb2b8db7dbc8411,0.6910403152049661,0.19104031520496612,-1.0,0.2825648066781694,-0.095407249822866
262147,2,84d57d2109ba58e4,0.6910403152049661,0.19104031520496612,-1.0,0.2825648066781694,-0.095407249822866
262147,2,fa59d2e1b76c4a24,0.6910403152049661,0.19104031520496612,-1.0,0.2825648066781694,-0.095407249822866
262147,2,f345a56eda1f9ed1,0.6910403152049661,0.19104031520496612,-1.0,0.2825648066781694,-0.095407249822866
262147,2,51a739465b8fb046,0.6910403152049661,0.19104031520496612,-1.0,0.2825648066781694,-0.095407249822866
262147,2,c8a6ffeb23a0bcc2,0.6910403152049661,0.19104031520496612,-1.0,0.2825648066781694,-0.095407249822866
262147,2,8ce2ac39e721d1aa,0.6910403152049661,0.19104031520496612,-1.0,0.2825648066781694,-0.095407249822866
262147,2,bfa7684fc1fda64f,0.6910403152049661,0.19104031520496612,-1.0,0.2825648066781694,-0.095407249822866
262147,2,704fc6f6bf74b603,0.6910403152049661,0.19104031520496612,-1.0,0.2825648066781694,-0.095407249822866
262147,2,294703df92b6533e,0.6910403152049661,0.19104031520496612,-1.0,0.2825648066781694,-0.095407249822866
262147,2,4e73fc9e25c9b546,0.6910403152049661,0.19104031520496612,-1.0,0.2825648066781694,-0.095407249822866
262147,2,cdf8056c8a18ea40,0.6910403152049661,0.19104031520496612,-1.0,0.2825648066781694,-0.095407249822866
262147,2,5c166731d1d5fbd1,0.6910403152049661,0.19104031520496612,-1.0,0.2825648066781694,-0.095407249822866
262147,2,eb33bd3082722c29,0.6910403152049661,0.19104031520496612,-1.0,0.2825648066781694,-0.095407249822866
262147,2,df85bbf19f37e424,0.6910403152049661,0.19104031520496612,-1.0,0.2825648066781694,-0.095407249822866
262147,2,191dc47465a7947d,0.6910403152049661,0.19104031520496612,-1.0,0.2825648066781694,-0.095407249822866
262147,2,0bfe8db0dedc76b3,0.6910403152049661,0.19104031520496612,-1.0,0.2825648066781694,-0.095407249822866
262147,2,858435d031f0b505,0.6910403152049661,0.19104031520496612,-1.0,0.2825648066781694,-0.095407249822866
262147,2,703f3002cd07af0a,0.6910403152049661,0.19104031520496612,-1.0,0.2825648066781694,-0.095407249822866
262147,2,55c8024e6aeb8645,0.6910403152049661,0.19104031520496612,-1.0,0.2825648066781694,-0.095407249822866
262147,2,43852ce0a368a901,0.6910403152049661,0.19104031520496612,-1.0,0.2825648066781694,-0.095407249822866
262147,2,170f4449e685df34,0.6910403152049661,0.19104031520496612,-1.0,0.2825648066781694,-0.095407249822866
262147,2,80831f6aeb20c04c,0.6910403152049661,0.19104031520496612,-1.0,0.2825648066781694,-0.095407249822866
262147,2,44ffaf6d189cbdca,0.6910403152049661,0.19104031520496612,-1.0,0.2825648066781694,-0.095407249822866
262147,2,b5e65446da21df7b,0.6910403152049661,0.19104031520496612,-1.0,0.2825648066781694,-0.095407249822866
262147,2,15dc1799c184fc3a,0.6910403152049661,0.19104031520496612,-1.0,0.2825648066781694,-0.095407249822866
262147,2,9d9213331ad7dd69,0.6910403152049661,0.19104031520496612,-1.0,0.2825648066781694,-0.095407249822866
262147,2,dccc576d9bc9c6e4,0.6910403152049661,0.19104031520496612,-1.0,0.2825648066781694,-0.095407249822866
262147,2,67e6ec7793b157fe,0.6910403152049661,0.19104031520496612,-1.0,0.2825648066781694,-0.095407249822866
262147,2,0566ed2ca037d109,0.6910403152049661,0.19104031520496612,-1.0,0.2825648066781694,-0.095407249822866
262147,2,dacc5a494d43359d,0.6910403152049661,0.19104031520496612,-1.0,0.2825648066781694,-0.095407249822866
262147,2,507af5394b70a4dd,0.6910403152049661,0.19104031520496612,-1.0,0.2825648066781694,-0.095407249822866
262147,2,c69bbc62cd828d2d,0.6910403152049661,0.19104031520496612,-1.0,0.2825648066781694,-0.095407249822866
262147,2,a578b16e226e3955,0.10902847641805712,0.39097152358194287,1.0,0.2825648066781694,-0.095407249822866
262147,3,80c823b698d1e2e3,0.8485575327003869,0.3485575327003869,-1.0,0.33973497019304005,-0.0952391518273529
262147,3,83e92ef55cb48b32,0.5977370627805066,0.09773706278050664,-1.0,0.33973497019304005,-0.0952391518273529
262147,3,b12fc13eb540e876,0.5977370627805066,0.09773706278050664,-1.0,0.33973497019304005,-0.0952391518273529
262147,3,b20623fec7beda7f,0.5977370627805066,0.09773706278050664,-1.0,0.33973497019304005,-0.0952391518273529
262147,3,c85d5c123ee3faf7,0.5977370627805066,0.09773706278050664,-1.0,0.33973497019304005,-0.0952391518273529
262147,3,6bb24aa7ebde5cf2,0.5977370627805066,0.09773706278050664,-1.0,0.33973497019304005,-0.0952391518273529
262147,3,c950dc2982e96b83,0.8485575327003869,0.3485575327003869,-1.0,0.33973497019304005,-0.0952391518273529
262147,3,e750e112570d7faa,0.8485575327003869,0.3485575327003869,-1.0,0.33973497019304005,-0.0952391518273529
262147,3,894c0f669179ac88,0.8485575327003869,0.3485575327003869,-1.0,0.33973497019304005,-0.0952391518273529
262147,3,ca1d836f90fd7326,0.8485575327003869,0.3485575327003869,-1.0,0.33973497019304005,-0.0952391518273529
262147,3,1d5bd9571e76b6b9,0.8485575327003869,0.3485575327003869,-1.0,0.33973497019304005,-0.0952391518273529
262147,3,12e5b227c6778b31,0.8485575327003869,0.3485575327003869,-1.0,0.33973497019304005,-0.0952391518273529
262147,3,cc0aa04a7d4e6736,0.8485575327003869,0.3485575327003869,-1.0,0.33973497019304005,-0.0952391518273529
262147,3,9d3ad92a7e474a02,0.8485575327003869,0.3485575327003869,-1.0,0.33973497019304005,-0.0952391518273529
262147,3,85c3345fc4f19f94,0.8485575327003869,0.3485575327003869,-1.0,0.33973497019304005,-0.0952391518273529
262147,3,326289072f176f80,0.8485575327003869,0.3485575327003869,-1.0,0.33973497019304005,-0.0952391518273529
262147,3,9586db05ac5e234b,0.8485575327003869,0.3485575327003869,-1.0,0.33973497019304005,-0.0952391518273529
262147,3,210a7fd223b28532,0.8485575327003869,0.3485575327003869,-1.0,0.33973497019304005,-0.0952391518273529
262147,3,dc13ffb6702915b0,0.8485575327003869,0.3485575327003869,-1.0,0.33973497019304005,-0.0952391518273529
262147,3,b602105bc79ff59a,0.8485575327003869,0.3485575327003869,-1.0,0.33973497019304005,-0.0952391518273529
262147,3,7e60dab22fb414cd,0.8485575327003869,0.3485575327003869,-1.0,0.33973497019304005,-0.0952391518273529
262147,3,c6571910bb94ca86,0.8485575327003869,0.3485575327003869,-1.0,0.33973497019304005,-0.0952391518273529
262147,3,62210f1ed9c0290a,0.4853766726896454,0.014623327310354595,1.0,0.33973497019304005,-0.0952391518273529
262147,3,cc095c60c1836798,0.9867821102042196,0.4867821102042196,-1.0,0.33973497019304005,-0.0952391518273529
262147,3,30c4c895c1f14a00,0.449311769018347,0.05068823098165298,1.0,0.33973497019304005,-0.0952391518273529
262147,3,a336d7efac6d497f,0.449311769018347,0.05068823098165298,1.0,0.33973497019304005,-0.0952391518273529
262147,3,def49c5f51a54d90,0.449311769018347,0.05068823098165298,1.0,0.33973497019304005,-0.0952391518273529
262147,3,3ca8bfeb40f3602a,0.7938523376642906,0.29385233766429064,-1.0,0.33973497019304005,-0.0952391518273529
262147,3,13bdb1b842aedadd,0.7938523376642906,0.29385233766429064,-1.0,0.33973497019304005,-0.0952391518273529
262147,3,f69839108b2c85f5,0.7938523376642906,0.29385233766429064,-1.0,0.33973497019304005,-0.0952391518273529
262147,3,406f42dfb5421781,0.7938523376642906,0.29385233766429064,-1.0,0.33973497019304005,-0.0952391518273529
262147,3,61c102ab7cc7f620,0.7938523376642906,0.29385233766429064,-1.0,0.33973497019304005,-0.0952391518273529
262147,3,22e588a0e0c13f2f,0.7938523376642906,0.29385233766429064,-1.0,0.33973497019304005,-0.0952391518273529
262147,3,ba30679f20d1f8ba,0.7938523376642906,0.29385233766429064,-1.0,0.33973497019304005,-0.0952391518273529
262147,3,0fa0546f61f02ef1,0.7938523376642906,0.29385233766429064,-1.0,0.33973497019304005,-0.0952391518273529
262147,3,0fa842aec22f7c26,0.7938523376642906,0.29385233766429064,-1.0,0.33973497019304005,-0.0952391518273529
262147,3,674109bd60361b81,0.7938523376642906,0.29385233766429064,-1.0,0.33973497019304005,-0.0952391518273529
262147,3,85ee7a988bff9651,0.7938523376642906,0.29385233766429064,-1.0,0.33973497019304005,-0.0952391518273529
262147,3,05a9d42bc9a52c2f,0.7938523376642906,0.29385233766429064,-1.0,0.33973497019304005,-0.0952391518273529
262147,3,7d36bc477a0e0230,0.7938523376642906,0.29385233766429064,-1.0,0.33973497019304005,-0.0952391518273529
262147,3,63f496241ad8d2c6,0.7938523376642906,0.29385233766429064,-1.0,0.33973497019304005,-0.0952391518273529
262147,3,fe42258fb5d2f4c0,0.449311769018347,0.05068823098165298,1.0,0.33973497019304005,-0.0952391518273529
262147,3,1fc3aa577dd17d3b,0.7938523376642906,0.29385233766429064,-1.0,0.33973497019304005,-0.0952391518273529
262147,3,b5dd8ce73ca20571,0.7938523376642906,0.29385233766429064,-1.0,0.33973497019304005,-0.0952391518273529
262147,3,8a2c6f5152aeaf90,0.7938523376642906,0.29385233766429064,-1.0,0.33973497019304005,-0.0952391518273529
262147,3,d353d5dcb1e2552e,0.7938523376642906,0.29385233766429064,-1.0,0.33973497019304005,-0.0952391518273529
262147,3,122d16835afa0b32,0.7938523376642906,0.29385233766429064,-1.0,0.33973497019304005,-0.0952391518273529
262147,3,fb63e1a1688b55ca,0.7938523376642906,0.29385233766429064,-1.0,0.33973497019304005,-0.0952391518273529
262147,3,37b0cdc532627e1d,0.7938523376642906,0.29385233766429064,-1.0,0.33973497019304005,-0.0952391518273529
262147,3,b1319c6a60fe25e2,0.7938523376642906,0.29385233766429064,-1.0,0.33973497019304005,-0.0952391518273529
262147,3,1b71b86063cd1faf,0.7938523376642906,0.29385233766429064,-1.0,0.33973497019304005,-0.0952391518273529
262147,3,bab15f498e85e69e,0.7938523376642906,0.29385233766429064,-1.0,0.33973497019304005,-0.0952391518273529
262147,3,77a9b05cb0bdbcf2,0.7938523376642906,0.29385233766429064,-1.0,0.33973497019304005,-0.0952391518273529
262147,3,a0d4af2988976e92,0.449311769018347,0.05068823098165298,1.0,0.33973497019304005,-0.0952391518273529
262147,3,8c5403780d088101,0.449311769018347,0.05068823098165298,1.0,0.33973497019304005,-0.0952391518273529
262147,3,8aacfa427d94a6c3,0.00013158102449344286,0.49986841897550655,1.0,0.33973497019304005,-0.0952391518273529
262147,4,51b8bb1801b4ae88,0.0007851671196026578,0.49921483288039736,1.0,0.3042553564114441,-0.10270931612307078
262147,4,8cb0deef770e3ca0,0.8373723216504337,0.33737232165043374,-1.0,0.3042553564114441,-0.10270931612307078
262147,4,39e5721af352391f,0.0001023025697740934,0.4998976974302259,1.0,0.3042553564114441,-0.10270931612307078
262147,4,e50fafc498d71881,0.014731928267121847,0.48526807173287817,1.0,0.3042553564114441,-0.10270931612307078
262147,4,4ab68efc604014ca,0.036833957000087736,0.46316604299991226,1.0,0.3042553564114441,-0.10270931612307078
262147,4,001f596e6e90825f,0.036833957000087736,0.46316604299991226,1.0,0.3042553564114441,-0.10270931612307078
262147,4,99b606925e9e5da5,0.061129462760858386,0.4388705372391416,1.0,0.3042553564114441,-0.10270931612307078
262147,4,737616fbf4da4cc5,0.061129462760858386,0.4388705372391416,1.0,0.3042553564114441,-0.10270931612307078
262147,4,933cfc281ff52df6,0.036833957000087736,0.46316604299991226,1.0,0.3042553564114441,-0.10270931612307078
262147,4,da6bc9ba440520e9,0.6392531451505091,0.13925314515050913,-1.0,0.3042553564114441,-0.10270931612307078
262147,4,b33dc03c40457417,0.6392531451505091,0.13925314515050913,-1.0,0.3042553564114441,-0.10270931612307078
262147,4,60dbe004cb66ba19,0.036833957000087736,0.46316604299991226,1.0,0.3042553564114441,-0.10270931612307078
262147,4,b6dd725c12a98df4,0.036833957000087736,0.46316604299991226,1.0,0.3042553564114441,-0.10270931612307078
262147,4,99a96142eb77b2ba,0.036833957000087736,0.46316604299991226,1.0,0.3042553564114441,-0.10270931612307078
262147,4,cf100c942f2bcf49,0.7758830370745435,0.27588303707454354,-1.0,0.3042553564114441,-0.10270931612307078
262147,4,6ff6056da7469332,0.0005280453630085213,0.49947195463699146,1.0,0.3042553564114441,-0.10270931612307078
262147,4,a4d656d2b626c103,0.0005864164056834076,0.4994135835943166,1.0,0.3042553564114441,-0.10270931612307078
