[21:13:53] cohort 4881 rows, 91 extractants, 74 ECFP clusters, 1932 conditions; target sd 1.643
[21:13:53] blocks {'METAL': 3, 'PHYSCHEM': 10, 'DONORS': 13, 'COND': 64, 'ECFP': 2048, 'LIG2D_EXT': 206, 'COMPLEX_PHYS': 26, 'POLYHEDRON': 58, 'GEOM_COND': 46, 'MASSACTION': 8}; arms ['A_metal', 'A_cond', 'A_physchem', 'A_ecfp', 'A_lig2d_ext', 'A_donors', 'A_complex_phys', 'A_polyhedron', 'MC', 'MC_physchem', 'MC_ecfp', 'MC_lig2d_ext', 'MC_donors', 'MC_complex_phys', 'MC_polyhedron', 'MC_all2d', 'MC_all3d', 'MC_everything']; seeds [104729, 130363, 155921, 196613, 262147]; folds 5; trees 400
[21:13:53] replicate noise floor: {'replicated_cells': 313, 'median_within_cell_sd': 0.23743791768856243, 'pooled_within_cell_sd': 0.7755680574941233, 'mae_floor_median_sd': 0.18944804867288553, 'mae_floor_pooled_sd': 0.61881377892643, 'cells_with_sd_over_1': 36}
[21:13:53] regime unseen_chemotype
[21:15:35]   unseen_chemotype seed 104729 fold 0: train 4562 test 319
[21:17:16]   unseen_chemotype seed 104729 fold 1: train 4582 test 299
[21:18:19]   unseen_chemotype seed 104729 fold 2: train 1205 test 3676
[21:19:59]   unseen_chemotype seed 104729 fold 3: train 4646 test 235
[21:21:38]   unseen_chemotype seed 104729 fold 4: train 4529 test 352
[21:22:41]   unseen_chemotype seed 130363 fold 0: train 1277 test 3604
[21:24:20]   unseen_chemotype seed 130363 fold 1: train 4458 test 423
[21:26:01]   unseen_chemotype seed 130363 fold 2: train 4606 test 275
[21:27:40]   unseen_chemotype seed 130363 fold 3: train 4613 test 268
[21:29:20]   unseen_chemotype seed 130363 fold 4: train 4570 test 311
[21:30:59]   unseen_chemotype seed 155921 fold 0: train 4677 test 204
[21:32:37]   unseen_chemotype seed 155921 fold 1: train 4479 test 402
[21:34:18]   unseen_chemotype seed 155921 fold 2: train 4638 test 243
[21:35:57]   unseen_chemotype seed 155921 fold 3: train 4540 test 341
[21:37:00]   unseen_chemotype seed 155921 fold 4: train 1190 test 3691
[21:38:27]   unseen_chemotype seed 196613 fold 0: train 4703 test 178
[21:39:19]   unseen_chemotype seed 196613 fold 1: train 1311 test 3570
[21:41:06]   unseen_chemotype seed 196613 fold 2: train 4658 test 223
[21:42:34]   unseen_chemotype seed 196613 fold 3: train 4423 test 458
[21:44:06]   unseen_chemotype seed 196613 fold 4: train 4429 test 452
[21:45:47]   unseen_chemotype seed 262147 fold 0: train 4502 test 379
[21:47:10]   unseen_chemotype seed 262147 fold 1: train 4384 test 497
[21:48:32]   unseen_chemotype seed 262147 fold 2: train 4634 test 247
[21:49:34]   unseen_chemotype seed 262147 fold 3: train 1303 test 3578
[21:51:22]   unseen_chemotype seed 262147 fold 4: train 4701 test 180
[21:51:22] regime unseen_ligand
[21:53:04]   unseen_ligand seed 104729 fold 0: train 4467 test 414
[21:54:27]   unseen_ligand seed 104729 fold 1: train 3931 test 950
[21:55:49]   unseen_ligand seed 104729 fold 2: train 4537 test 344
[21:56:57]   unseen_ligand seed 104729 fold 3: train 2577 test 2304
[21:58:34]   unseen_ligand seed 104729 fold 4: train 4012 test 869
[21:59:58]   unseen_ligand seed 130363 fold 0: train 4073 test 808
[22:01:34]   unseen_ligand seed 130363 fold 1: train 4579 test 302
[22:03:13]   unseen_ligand seed 130363 fold 2: train 4496 test 385
[22:04:33]   unseen_ligand seed 130363 fold 3: train 4108 test 773
[22:05:36]   unseen_ligand seed 130363 fold 4: train 2268 test 2613
[22:07:04]   unseen_ligand seed 155921 fold 0: train 4354 test 527
[22:08:41]   unseen_ligand seed 155921 fold 1: train 4290 test 591
[22:09:42]   unseen_ligand seed 155921 fold 2: train 2162 test 2719
[22:11:00]   unseen_ligand seed 155921 fold 3: train 4454 test 427
[22:12:22]   unseen_ligand seed 155921 fold 4: train 4264 test 617
[22:14:04]   unseen_ligand seed 196613 fold 0: train 4457 test 424
[22:15:26]   unseen_ligand seed 196613 fold 1: train 3980 test 901
[22:17:03]   unseen_ligand seed 196613 fold 2: train 4480 test 401
[22:18:13]   unseen_ligand seed 196613 fold 3: train 2049 test 2832
[22:19:35]   unseen_ligand seed 196613 fold 4: train 4558 test 323
[22:21:20]   unseen_ligand seed 262147 fold 0: train 4557 test 324
[22:22:52]   unseen_ligand seed 262147 fold 1: train 3798 test 1083
[22:23:58]   unseen_ligand seed 262147 fold 2: train 2414 test 2467
[22:25:21]   unseen_ligand seed 262147 fold 3: train 4508 test 373
[22:27:01]   unseen_ligand seed 262147 fold 4: train 4247 test 634
[22:27:01] regime unseen_series
[22:28:25]   unseen_series seed 104729 fold 0: train 3769 test 1112
[22:29:40]   unseen_series seed 104729 fold 1: train 4052 test 829
[22:31:04]   unseen_series seed 104729 fold 2: train 4092 test 789
[22:32:37]   unseen_series seed 104729 fold 3: train 3922 test 959
[22:33:52]   unseen_series seed 104729 fold 4: train 3689 test 1192
[22:35:22]   unseen_series seed 130363 fold 0: train 3946 test 935
[22:36:56]   unseen_series seed 130363 fold 1: train 4019 test 862
[22:38:13]   unseen_series seed 130363 fold 2: train 3856 test 1025
[22:39:51]   unseen_series seed 130363 fold 3: train 4119 test 762
[22:41:10]   unseen_series seed 130363 fold 4: train 3584 test 1297
[22:42:40]   unseen_series seed 155921 fold 0: train 3946 test 935
[22:44:11]   unseen_series seed 155921 fold 1: train 4258 test 623
[22:45:42]   unseen_series seed 155921 fold 2: train 4015 test 866
[22:47:07]   unseen_series seed 155921 fold 3: train 3634 test 1247
[22:48:31]   unseen_series seed 155921 fold 4: train 3671 test 1210
[22:50:02]   unseen_series seed 196613 fold 0: train 3637 test 1244
[22:51:22]   unseen_series seed 196613 fold 1: train 3953 test 928
[22:52:51]   unseen_series seed 196613 fold 2: train 4285 test 596
[22:55:58]   unseen_series seed 196613 fold 3: train 3775 test 1106
[22:59:05]   unseen_series seed 196613 fold 4: train 3874 test 1007
[23:02:11]   unseen_series seed 262147 fold 0: train 3783 test 1098
[23:05:26]   unseen_series seed 262147 fold 1: train 3889 test 992
[23:08:24]   unseen_series seed 262147 fold 2: train 3942 test 939
[23:11:31]   unseen_series seed 262147 fold 3: train 3928 test 953
[23:14:36]   unseen_series seed 262147 fold 4: train 3982 test 899
[23:14:36] regime unseen_conditions
[23:17:47]   unseen_conditions seed 104729 fold 0: train 3958 test 923
[23:20:53]   unseen_conditions seed 104729 fold 1: train 3926 test 955
[23:24:01]   unseen_conditions seed 104729 fold 2: train 3880 test 1001
[23:27:07]   unseen_conditions seed 104729 fold 3: train 3758 test 1123
[23:30:10]   unseen_conditions seed 104729 fold 4: train 4002 test 879
[23:33:19]   unseen_conditions seed 130363 fold 0: train 3938 test 943
[23:36:29]   unseen_conditions seed 130363 fold 1: train 3978 test 903
[23:39:38]   unseen_conditions seed 130363 fold 2: train 3800 test 1081
[23:42:45]   unseen_conditions seed 130363 fold 3: train 3889 test 992
[23:45:56]   unseen_conditions seed 130363 fold 4: train 3919 test 962
[23:49:09]   unseen_conditions seed 155921 fold 0: train 4086 test 795
[23:52:23]   unseen_conditions seed 155921 fold 1: train 3993 test 888
[23:55:31]   unseen_conditions seed 155921 fold 2: train 3987 test 894
[23:58:44]   unseen_conditions seed 155921 fold 3: train 3911 test 970
[00:01:48]   unseen_conditions seed 155921 fold 4: train 3547 test 1334
[00:04:59]   unseen_conditions seed 196613 fold 0: train 3983 test 898
[00:08:03]   unseen_conditions seed 196613 fold 1: train 3810 test 1071
[00:11:17]   unseen_conditions seed 196613 fold 2: train 3930 test 951
[00:14:18]   unseen_conditions seed 196613 fold 3: train 3850 test 1031
[00:17:21]   unseen_conditions seed 196613 fold 4: train 3951 test 930
[00:20:30]   unseen_conditions seed 262147 fold 0: train 3946 test 935
[00:23:38]   unseen_conditions seed 262147 fold 1: train 3727 test 1154
[00:26:47]   unseen_conditions seed 262147 fold 2: train 4026 test 855
[00:29:54]   unseen_conditions seed 262147 fold 3: train 3987 test 894
[00:33:12]   unseen_conditions seed 262147 fold 4: train 3838 test 1043
[00:33:20] fitting done in 11966.3s
[00:34:04] k-shot calibration on the unseen_ligand OOF
gen5 level (log D) study — 20260818T211350Z
cohort: 4881 rows, 91 extractants (of 190 in the source table), 74 ECFP clusters, 40 Tanimoto-0.7 super-clusters, 1932 conditions, 230 series, 14 metals; target sd 1.643
filters: min_rows_per_extractant=10 (dropped 99 of 190 extractants / 418 cells), replicate_policy=mean, log_D floor -6.0
seeds [104729, 130363, 155921, 196613, 262147]; 5 folds; 400 trees; arms ['A_metal', 'A_cond', 'A_physchem', 'A_ecfp', 'A_lig2d_ext', 'A_donors', 'A_complex_phys', 'A_polyhedron', 'MC', 'MC_physchem', 'MC_ecfp', 'MC_lig2d_ext', 'MC_donors', 'MC_complex_phys', 'MC_polyhedron', 'MC_all2d', 'MC_all3d', 'MC_everything']
REGIMES RUN: ['unseen_chemotype', 'unseen_ligand', 'unseen_series', 'unseen_conditions']
replicate reproducibility over 313 replicated cells: median within-cell sd 0.237 (pooled 0.776; 36 cells with sd > 1 are probably not true repeats). Implied MAE floor vs a single new measurement ≈ 0.19 (median) / 0.62 (pooled).

READING THIS REPORT
  * macro_mae weights each ECFP cluster equally (one ligand = one vote); pooled_mae is
    row-weighted; the largest ECFP cluster (the macro voting unit) is 41% of rows and the largest single extractant 30%. They can disagree — the macro is primary.
  * fold grouping differs by regime: unseen_chemotype -> tanimoto_cluster; unseen_ligand -> ecfp_cluster; unseen_series -> series_id; unseen_conditions -> condition_id.
    Ligand regimes group on the cluster, not the extractant: 91 extractants collapse to 74 bit-identical ECFP clusters, and grouping on the extractant would put
    identical fingerprints on both sides of a fold.
  * within_lig_r2 is DEPLOYABLE (raw error vs within-ligand variance; a constant-per-ligand predictor
    scores < 0). within_lig_r2_shape centres both sides on their per-ligand means and grants a free
    offset — it scores the response *shape* only. Read the two together. BOTH are row-weighted,
    even more so than pooled_mae: the largest ligand holds ~41% of the within-ligand
    variance, so neither has a macro (equal-ligand) counterpart. Do not rank arms on them alone.
  * *_SHUF arms are the same arm with its own feature block permuted. An arm that does not beat
    its shuffled twin is not using that block.
  * NULL_metal_mean / NULL_global_mean use no ligand information at all. NULL_extractant_mean and
    NULL_nearest_condition need the ligand in training: under a ligand-held-out regime they have
    nothing to fall back on and collapse to NULL_global_mean (they are printed for completeness,
    not as three separate controls).

LEADERBOARD (mean over seeds; lower macro_mae is better)
           regime                    arm  macro_mae  macro_mae_sd  pooled_mae  pooled_r2  within_lig_r2  within_lig_r2_shape  dispersion  within_0_5  within_1_0  n_rows  n_groups
 unseen_chemotype              MC_donors     1.0303        0.0395      1.1432     0.2360        -0.4422               0.1228      0.5626      0.2862      0.5098    4881        74
 unseen_chemotype           MC_lig2d_ext     1.0373        0.0493      1.1307     0.2662        -0.3852               0.1705      0.5539      0.2742      0.5237    4881        74
 unseen_chemotype                MC_ecfp     1.0567        0.0529      1.1031     0.3152        -0.2927               0.2252      0.5157      0.2756      0.5056    4881        74
 unseen_chemotype               MC_all2d     1.0680        0.0531      1.1379     0.2703        -0.3775               0.2012      0.5298      0.2691      0.5039    4881        74
 unseen_chemotype            MC_ecfp@hgb     1.0686        0.0381      1.1267     0.2679        -0.3820               0.1892      0.6477      0.2779      0.5096    4881        74
 unseen_chemotype          MC_everything     1.0713        0.0432      1.1692     0.2255        -0.4621               0.1908      0.5711      0.2653      0.4944    4881        74
 unseen_chemotype            MC_physchem     1.0901        0.0273      1.1398     0.2526        -0.4109               0.1881      0.5202      0.2737      0.5092    4881        74
 unseen_chemotype           MC_all2d@hgb     1.0929        0.0367      1.1105     0.2588        -0.3991               0.2030      0.6790      0.2961      0.5356    4881        74
 unseen_chemotype               MC_all3d     1.1083        0.0441      1.2025     0.1603        -0.5851               0.0601      0.5217      0.2687      0.4861    4881        74
 unseen_chemotype       MC_lig2d_ext@hgb     1.1128        0.0487      1.1362     0.2251        -0.4627               0.1705      0.6857      0.2872      0.5260    4881        74
 unseen_chemotype          MC_polyhedron     1.1139        0.0280      1.2308     0.1199        -0.6614               0.0521      0.4453      0.2655      0.4880    4881        74
 unseen_chemotype        MC_complex_phys     1.1222        0.0342      1.2191     0.1222        -0.6571               0.0604      0.4807      0.2765      0.4917    4881        74
 unseen_chemotype               A_donors     1.1387        0.0242      1.1553     0.2362        -0.4418               0.0393      0.4038      0.2751      0.4965    4881        74
 unseen_chemotype                     MC     1.1470        0.0448      1.3005     0.0156        -0.8582               0.0781      0.5160      0.2631      0.4597    4881        74
 unseen_chemotype         MC_donors_SHUF     1.1671        0.0392      1.3142    -0.0018        -0.8912               0.0750      0.4889      0.2577      0.4576    4881        74
 unseen_chemotype                 MC@hgb     1.1693        0.0423      1.2614     0.0549        -0.7841               0.1345      0.6458      0.2701      0.4792    4881        74
 unseen_chemotype            A_lig2d_ext     1.1748        0.0344      1.2190     0.1737        -0.5598               0.0000      0.4280      0.2545      0.4649    4881        74
 unseen_chemotype           MC_ecfp_SHUF     1.1874        0.0560      1.3276    -0.0266        -0.9379               0.0603      0.4873      0.2524      0.4560    4881        74
 unseen_chemotype                 A_ecfp     1.1875        0.0429      1.1998     0.2093        -0.4925               0.0000      0.4158      0.2539      0.4663    4881        74
 unseen_chemotype         A_complex_phys     1.1879        0.0277      1.2559     0.0867        -0.7241              -0.0798      0.4339      0.2626      0.4767    4881        74
 unseen_chemotype                 A_cond     1.1900        0.0367      1.3313    -0.0315        -0.9472               0.0057      0.4956      0.2551      0.4515    4881        74
 unseen_chemotype      MC_lig2d_ext_SHUF     1.1902        0.0531      1.3334    -0.0329        -0.9498               0.0608      0.4656      0.2524      0.4534    4881        74
 unseen_chemotype           A_polyhedron     1.1962        0.0314      1.2672     0.0892        -0.7193              -0.0176      0.3211      0.2452      0.4719    4881        74
 unseen_chemotype          MC_ecfp@ridge     1.2038        0.0498      1.1845     0.1950        -0.5197               0.0846      0.5595      0.2462      0.4880    4881        74
 unseen_chemotype             A_physchem     1.2323        0.0185      1.2708     0.0965        -0.7056               0.0000      0.4670      0.2374      0.4443    4881        74
 unseen_chemotype               MC@ridge     1.2852        0.0390      1.4582    -0.2529        -1.3651              -0.2709      0.6089      0.2390      0.4222    4881        74
 unseen_chemotype                A_metal     1.3699        0.0317      1.4516    -0.1798        -1.2271               0.0080      0.2119      0.2184      0.4134    4881        74
 unseen_chemotype         MC_all2d@ridge     1.4275        0.0715      1.2503     0.0180        -0.8536               0.1112      0.7393      0.2530      0.4797    4881        74
 unseen_chemotype       NULL_global_mean     1.4542        0.0804      1.5645    -0.3686        -1.5836               0.0000      0.2364      0.2066      0.3872    4881        74
 unseen_chemotype   NULL_extractant_mean     1.4542        0.0804      1.5645    -0.3686        -1.5836               0.0000      0.2364      0.2066      0.3872    4881        74
 unseen_chemotype NULL_nearest_condition     1.4542        0.0804      1.5645    -0.3686        -1.5836               0.0000      0.2364      0.2066      0.3872    4881        74
 unseen_chemotype        NULL_metal_mean     1.4702        0.0864      1.5702    -0.3682        -1.5828               0.0274      0.3337      0.2021      0.3789    4881        74
 unseen_chemotype     MC_lig2d_ext@ridge     1.5067        0.0706      1.2538    -0.0482        -0.9786               0.0821      0.8613      0.2564      0.4910    4881        74
 unseen_chemotype           MC_cond_SHUF     1.5186        0.0680      1.5441    -0.3308        -1.5121              -0.1335      0.4090      0.2011      0.3862    4881        74
unseen_conditions          MC_everything     0.7649        0.0214      0.5949     0.7276         0.4858               0.6125      0.8766      0.5755      0.8152    4881        74
unseen_conditions            MC_physchem     0.7854        0.0126      0.5984     0.7396         0.5085               0.6466      0.8303      0.5572      0.8222    4881        74
unseen_conditions           MC_lig2d_ext     0.7913        0.0272      0.5937     0.7346         0.4990               0.6414      0.8521      0.5721      0.8207    4881        74
unseen_conditions               MC_all2d     0.7953        0.0271      0.6064     0.7212         0.4737               0.6220      0.8533      0.5677      0.8111    4881        74
unseen_conditions                MC_ecfp     0.7996        0.0298      0.5920     0.7341         0.4981               0.6496      0.8560      0.5735      0.8172    4881        74
unseen_conditions        MC_complex_phys     0.8026        0.0089      0.6447     0.7019         0.4372               0.5807      0.8098      0.5314      0.7898    4881        74
unseen_conditions               MC_all3d     0.8044        0.0132      0.6351     0.7010         0.4356               0.5875      0.8410      0.5400      0.8012    4881        74
unseen_conditions           MC_all2d@hgb     0.8047        0.0286      0.7692     0.6096         0.2631               0.4445      0.7926      0.4373      0.7057    4881        74
unseen_conditions       MC_lig2d_ext@hgb     0.8071        0.0423      0.7638     0.6181         0.2790               0.4516      0.7923      0.4416      0.7074    4881        74
unseen_conditions          MC_polyhedron     0.8369        0.0093      0.6739     0.6811         0.3980               0.5415      0.7989      0.5071      0.7718    4881        74
unseen_conditions            MC_ecfp@hgb     0.8641        0.0407      0.7800     0.6012         0.2472               0.4652      0.7943      0.4262      0.7059    4881        74
unseen_conditions NULL_nearest_condition     0.8682        0.0106      0.7242     0.5824         0.2117               0.3684      0.9740      0.5009      0.7637    4881        74
unseen_conditions              MC_donors     0.9019        0.0091      0.6691     0.6617         0.3615               0.5871      0.8410      0.5299      0.7857    4881        74
unseen_conditions                 MC@hgb     0.9323        0.0170      0.8532     0.4980         0.0524               0.3661      0.7676      0.4387      0.6717    4881        74
unseen_conditions         A_complex_phys     0.9899        0.0196      0.9745     0.4348        -0.0670               0.0705      0.6984      0.3190      0.5949    4881        74
unseen_conditions           A_polyhedron     1.0245        0.0214      0.9872     0.4254        -0.0847               0.0673      0.6943      0.3144      0.5873    4881        74
unseen_conditions                     MC     1.0246        0.0241      0.7054     0.6328         0.3068               0.5653      0.8016      0.5142      0.7604    4881        74
unseen_conditions         MC_donors_SHUF     1.0360        0.0288      0.7444     0.6142         0.2718               0.5268      0.7745      0.4703      0.7409    4881        74
unseen_conditions                 A_cond     1.0373        0.0144      0.7942     0.5701         0.1885               0.4498      0.8032      0.4438      0.6966    4881        74
unseen_conditions   NULL_extractant_mean     1.0513        0.0213      1.0624     0.3629        -0.2027              -0.0848      0.6710      0.2765      0.5363    4881        74
unseen_conditions           MC_ecfp_SHUF     1.0557        0.0240      0.7600     0.5979         0.2410               0.4972      0.7665      0.4602      0.7334    4881        74
unseen_conditions      MC_lig2d_ext_SHUF     1.0641        0.0207      0.7905     0.5809         0.2089               0.4617      0.7462      0.4352      0.7159    4881        74
unseen_conditions             A_physchem     1.0709        0.0191      1.1233     0.2988        -0.3236              -0.0778      0.6388      0.2674      0.4953    4881        74
unseen_conditions         MC_all2d@ridge     1.0739        0.0438      0.9680     0.4566        -0.0257               0.2483      0.7386      0.2997      0.5909    4881        74
unseen_conditions            A_lig2d_ext     1.0775        0.0428      1.0757     0.3485        -0.2299              -0.0848      0.6910      0.2665      0.5312    4881        74
unseen_conditions               A_donors     1.0913        0.0158      1.1117     0.2886        -0.3430               0.0144      0.4774      0.2871      0.5189    4881        74
unseen_conditions                 A_ecfp     1.1151        0.0494      1.1150     0.3028        -0.3161              -0.0845      0.6722      0.2607      0.5084    4881        74
unseen_conditions          MC_ecfp@ridge     1.1177        0.0383      0.9779     0.4424        -0.0526               0.2397      0.7289      0.2956      0.5834    4881        74
unseen_conditions     MC_lig2d_ext@ridge     1.1270        0.0143      1.0086     0.3850        -0.1608               0.2455      0.7366      0.2957      0.5810    4881        74
unseen_conditions               MC@ridge     1.1948        0.0087      1.1614     0.2156        -0.4807               0.1201      0.5848      0.2772      0.5114    4881        74
unseen_conditions        NULL_metal_mean     1.3198        0.0040      1.2775     0.0453        -0.8021               0.0629      0.2275      0.2612      0.4574    4881        74
unseen_conditions                A_metal     1.3206        0.0106      1.3564    -0.0305        -0.9452               0.0466      0.2143      0.2324      0.4301    4881        74
unseen_conditions       NULL_global_mean     1.3410        0.0038      1.3120    -0.0028        -0.8931              -0.0011      0.0171      0.2606      0.4478    4881        74
unseen_conditions           MC_cond_SHUF     1.4376        0.0223      1.4514    -0.2107        -1.2855              -0.3335      0.4960      0.2218      0.4127    4881        74
    unseen_ligand           MC_lig2d_ext     0.8358        0.0350      0.9867     0.4294        -0.0772               0.2506      0.6033      0.3218      0.5808    4881        74
    unseen_ligand           MC_all2d@hgb     0.8543        0.0348      0.9826     0.4264        -0.0827               0.3051      0.6890      0.3303      0.5803    4881        74
    unseen_ligand       MC_lig2d_ext@hgb     0.8604        0.0231      1.0047     0.3949        -0.1422               0.2677      0.7014      0.3285      0.5761    4881        74
    unseen_ligand               MC_all2d     0.8741        0.0355      0.9946     0.4214        -0.0922               0.2370      0.6185      0.3175      0.5696    4881        74
    unseen_ligand              MC_donors     0.8746        0.0303      1.0082     0.3961        -0.1399               0.2485      0.6112      0.3257      0.5679    4881        74
    unseen_ligand            MC_ecfp@hgb     0.8868        0.0402      0.9511     0.4583        -0.0225               0.3049      0.7002      0.3403      0.6025    4881        74
    unseen_ligand          MC_everything     0.8872        0.0350      0.9918     0.4240        -0.0874               0.2509      0.6262      0.3218      0.5730    4881        74
    unseen_ligand            MC_physchem     0.8995        0.0243      1.0333     0.3831        -0.1646               0.2468      0.5824      0.3016      0.5551    4881        74
    unseen_ligand                MC_ecfp     0.9105        0.0343      0.9945     0.4205        -0.0938               0.2564      0.6401      0.3249      0.5705    4881        74
    unseen_ligand                 MC@hgb     0.9352        0.0365      1.1548     0.1857        -0.5372               0.1090      0.6950      0.3089      0.5217    4881        74
    unseen_ligand                     MC     0.9587        0.0350      1.1512     0.1998        -0.5105               0.1411      0.6056      0.3097      0.5226    4881        74
    unseen_ligand        MC_complex_phys     0.9722        0.0317      1.0722     0.3256        -0.2731               0.1862      0.5003      0.3036      0.5462    4881        74
    unseen_ligand               MC_all3d     0.9758        0.0341      1.0710     0.3339        -0.2574               0.2235      0.5487      0.2994      0.5435    4881        74
    unseen_ligand         MC_donors_SHUF     0.9950        0.0320      1.1583     0.1988        -0.5124               0.1368      0.5805      0.2998      0.5168    4881        74
    unseen_ligand          MC_polyhedron     0.9997        0.0246      1.1018     0.2998        -0.3218               0.1727      0.4568      0.2934      0.5236    4881        74
    unseen_ligand                 A_cond     1.0025        0.0282      1.2100     0.1279        -0.6463               0.0717      0.5828      0.2935      0.4951    4881        74
    unseen_ligand           MC_ecfp_SHUF     1.0157        0.0286      1.1643     0.1937        -0.5220               0.1245      0.5679      0.2934      0.5138    4881        74
    unseen_ligand      MC_lig2d_ext_SHUF     1.0271        0.0410      1.1735     0.1866        -0.5355               0.1260      0.5390      0.2907      0.5062    4881        74
    unseen_ligand            A_lig2d_ext     1.0396        0.0284      1.1447     0.2710        -0.3762               0.0000      0.4858      0.2629      0.4942    4881        74
    unseen_ligand         MC_all2d@ridge     1.0721        0.0210      1.1031     0.2975        -0.3262               0.1844      0.6652      0.2656      0.5214    4881        74
    unseen_ligand          MC_ecfp@ridge     1.0767        0.0189      1.0762     0.3375        -0.2507               0.1794      0.6306      0.2674      0.5234    4881        74
    unseen_ligand             A_physchem     1.0862        0.0272      1.2611     0.1165        -0.6678               0.0000      0.5257      0.2387      0.4534    4881        74
    unseen_ligand               A_donors     1.0881        0.0149      1.1166     0.2823        -0.3548               0.0419      0.4409      0.2802      0.5197    4881        74
    unseen_ligand               MC@ridge     1.0989        0.0221      1.3169    -0.0270        -0.9386              -0.1465      0.6373      0.2546      0.4624    4881        74
    unseen_ligand         A_complex_phys     1.1121        0.0202      1.1779     0.1932        -0.5230              -0.0430      0.4396      0.2826      0.5012    4881        74
    unseen_ligand                 A_ecfp     1.1147        0.0310      1.2066     0.2037        -0.5031               0.0000      0.4267      0.2474      0.4578    4881        74
    unseen_ligand           A_polyhedron     1.1448        0.0096      1.2065     0.1725        -0.5621              -0.0270      0.3643      0.2641      0.4871    4881        74
    unseen_ligand     MC_lig2d_ext@ridge     1.2689        0.1214      1.1802     0.1191        -0.6629               0.1661      0.7880      0.2695      0.5017    4881        74
    unseen_ligand                A_metal     1.2929        0.0043      1.3484    -0.0209        -0.9271               0.0625      0.1948      0.2350      0.4344    4881        74
    unseen_ligand        NULL_metal_mean     1.3249        0.0149      1.3709    -0.0875        -1.0529               0.0522      0.2718      0.2369      0.4408    4881        74
    unseen_ligand       NULL_global_mean     1.3438        0.0125      1.3870    -0.1194        -1.1131               0.0000      0.1432      0.2456      0.4344    4881        74
    unseen_ligand   NULL_extractant_mean     1.3438        0.0125      1.3870    -0.1194        -1.1131               0.0000      0.1432      0.2456      0.4344    4881        74
    unseen_ligand NULL_nearest_condition     1.3438        0.0125      1.3870    -0.1194        -1.1131               0.0000      0.1432      0.2456      0.4344    4881        74
    unseen_ligand           MC_cond_SHUF     1.4326        0.0571      1.4554    -0.2168        -1.2969              -0.1871      0.4349      0.2202      0.4127    4881        74
    unseen_series            MC_ecfp@hgb     0.7933        0.0304      0.9047     0.5082         0.0716               0.2840      0.7243      0.3609      0.6184    4881        74
    unseen_series              MC_donors     0.8051        0.0195      0.8832     0.5179         0.0899               0.3335      0.6822      0.3632      0.6455    4881        74
    unseen_series          MC_everything     0.8207        0.0241      0.8656     0.5180         0.0902               0.3076      0.7320      0.4047      0.6590    4881        74
    unseen_series           MC_lig2d_ext     0.8223        0.0388      0.8924     0.4955         0.0476               0.2859      0.6903      0.3736      0.6552    4881        74
    unseen_series               MC_all2d     0.8378        0.0367      0.8993     0.4864         0.0305               0.2751      0.7050      0.3722      0.6483    4881        74
    unseen_series                MC_ecfp     0.8386        0.0309      0.8810     0.5016         0.0591               0.3047      0.7180      0.3905      0.6544    4881        74
    unseen_series           MC_all2d@hgb     0.8422        0.0232      0.9401     0.4652        -0.0095               0.2434      0.7216      0.3518      0.6051    4881        74
    unseen_series       MC_lig2d_ext@hgb     0.8462        0.0251      0.9365     0.4659        -0.0081               0.2375      0.7223      0.3570      0.6075    4881        74
    unseen_series                 MC@hgb     0.8559        0.0376      1.0091     0.3685        -0.1920               0.1955      0.6823      0.3456      0.5732    4881        74
    unseen_series               MC_all3d     0.8640        0.0207      0.9069     0.4957         0.0480               0.3375      0.6511      0.3671      0.6301    4881        74
    unseen_series            MC_physchem     0.8803        0.0191      0.9099     0.4979         0.0522               0.3211      0.6543      0.3428      0.6363    4881        74
    unseen_series        MC_complex_phys     0.8841        0.0103      0.9198     0.4876         0.0327               0.3255      0.5987      0.3478      0.6269    4881        74
    unseen_series          MC_polyhedron     0.9070        0.0160      0.9497     0.4628        -0.0140               0.2844      0.5788      0.3367      0.6038    4881        74
    unseen_series                     MC     0.9240        0.0175      1.0078     0.3611        -0.2061               0.2585      0.6166      0.3397      0.5857    4881        74
    unseen_series         MC_donors_SHUF     0.9531        0.0206      1.0290     0.3453        -0.2359               0.2417      0.5882      0.3258      0.5736    4881        74
    unseen_series           MC_ecfp_SHUF     0.9667        0.0064      1.0242     0.3604        -0.2073               0.2401      0.5767      0.3261      0.5717    4881        74
    unseen_series                 A_cond     0.9879        0.0371      1.0624     0.3063        -0.3095               0.1679      0.5991      0.3223      0.5467    4881        74
    unseen_series      MC_lig2d_ext_SHUF     1.0007        0.0279      1.0530     0.3304        -0.2641               0.2265      0.5499      0.3113      0.5560    4881        74
    unseen_series         A_complex_phys     1.0389        0.0246      1.1115     0.2849        -0.3499              -0.0468      0.5602      0.2861      0.5205    4881        74
    unseen_series            A_lig2d_ext     1.0746        0.0371      1.1453     0.2698        -0.3784              -0.1681      0.6118      0.2529      0.4963    4881        74
    unseen_series           A_polyhedron     1.0761        0.0182      1.1318     0.2685        -0.3808              -0.0590      0.5435      0.2745      0.5081    4881        74
    unseen_series               A_donors     1.0772        0.0165      1.1215     0.2703        -0.3775               0.0119      0.4423      0.2915      0.5165    4881        74
    unseen_series                 A_ecfp     1.0868        0.0325      1.1529     0.2634        -0.3904              -0.1304      0.5988      0.2570      0.4863    4881        74
    unseen_series         MC_all2d@ridge     1.0980        0.0357      1.0853     0.3503        -0.2265               0.1122      0.7444      0.2554      0.5128    4881        74
    unseen_series               MC@ridge     1.1007        0.0335      1.2836     0.0485        -0.7961              -0.1048      0.6266      0.2612      0.4645    4881        74
    unseen_series          MC_ecfp@ridge     1.1034        0.0342      1.0902     0.3417        -0.2426               0.0878      0.7228      0.2569      0.5131    4881        74
    unseen_series             A_physchem     1.1113        0.0331      1.2103     0.1877        -0.5333              -0.1561      0.5633      0.2521      0.4665    4881        74
    unseen_series     MC_lig2d_ext@ridge     1.1566        0.0450      1.1015     0.2928        -0.3351               0.1351      0.7522      0.2645      0.5237    4881        74
    unseen_series NULL_nearest_condition     1.1947        0.0322      1.2164     0.0839        -0.7293              -0.3631      0.8497      0.3042      0.5013    4881        74
    unseen_series   NULL_extractant_mean     1.2125        0.0273      1.1700     0.2324        -0.4489              -0.1725      0.5593      0.2533      0.4901    4881        74
    unseen_series                A_metal     1.2999        0.0080      1.3556    -0.0285        -0.9415               0.0471      0.2162      0.2311      0.4300    4881        74
    unseen_series        NULL_metal_mean     1.3242        0.0045      1.2965     0.0150        -0.8595               0.0464      0.2390      0.2541      0.4538    4881        74
    unseen_series       NULL_global_mean     1.3473        0.0057      1.3217    -0.0208        -0.9270              -0.0083      0.0474      0.2561      0.4464    4881        74
    unseen_series           MC_cond_SHUF     1.4342        0.0488      1.4164    -0.1493        -1.1695              -0.1979      0.4400      0.2191      0.4231    4881        74

PROPERTY FAMILIES — alone (A_*) and added to a reference, macro MAE by regime
  gain = reference - with_family (positive = family helps); ci95 from the paired cluster
  bootstrap on that reference; seeds_pos = number of split seeds where the gain is > 0.
           regime                    family      alone_arm  alone_mae reference_arm  reference_mae         with_family_arm  with_family_mae    gain  ci95_low  ci95_high  seeds_pos  seeds_total
 unseen_chemotype                  physchem     A_physchem     1.2323            MC         1.1470             MC_physchem           1.0901  0.0569   -0.0385     0.1856        5.0            5
 unseen_chemotype                      ecfp         A_ecfp     1.1875            MC         1.1470                 MC_ecfp           1.0567  0.0904   -0.0562     0.1807        4.0            5
 unseen_chemotype                 lig2d_ext    A_lig2d_ext     1.1748            MC         1.1470            MC_lig2d_ext           1.0373  0.1097    0.0057     0.2269        5.0            5
 unseen_chemotype                    donors       A_donors     1.1387            MC         1.1470               MC_donors           1.0303  0.1168    0.0377     0.1848        5.0            5
 unseen_chemotype              complex_phys A_complex_phys     1.1879            MC         1.1470         MC_complex_phys           1.1222  0.0248   -0.0484     0.1189        4.0            5
 unseen_chemotype                polyhedron   A_polyhedron     1.1962            MC         1.1470           MC_polyhedron           1.1139  0.0331   -0.0571     0.1116        5.0            5
 unseen_chemotype     cond (added to metal)         A_cond     1.1900       A_metal         1.3699                      MC           1.1470  0.2228    0.0720     0.3633        5.0            5
 unseen_chemotype massaction (log-conc law)                       NaN            MC         1.1470           MC_massaction              NaN     NaN       NaN        NaN        NaN            5
 unseen_chemotype        massaction on ecfp                       NaN       MC_ecfp         1.0567      MC_ecfp_massaction              NaN     NaN       NaN        NaN        NaN            5
 unseen_chemotype   massaction on lig2d_ext                       NaN  MC_lig2d_ext         1.0373 MC_lig2d_ext_massaction              NaN     NaN       NaN        NaN        NaN            5
 unseen_chemotype       massaction on all2d                       NaN      MC_all2d         1.0680     MC_all2d_massaction              NaN     NaN       NaN        NaN        NaN            5
 unseen_chemotype                     all2d                       NaN            MC         1.1470                MC_all2d           1.0680  0.0791   -0.0300     0.1726        4.0            5
 unseen_chemotype                     all3d                       NaN            MC         1.1470                MC_all3d           1.1083  0.0387   -0.0550     0.1260        5.0            5
 unseen_chemotype                everything                       NaN            MC         1.1470           MC_everything           1.0713  0.0757   -0.0396     0.1834        5.0            5
 unseen_chemotype            all3d vs all2d                       NaN      MC_all2d         1.0680                MC_all3d           1.1083 -0.0403   -0.0994     0.0316        1.0            5
 unseen_chemotype       everything vs all2d                       NaN      MC_all2d         1.0680           MC_everything           1.0713 -0.0033   -0.0369     0.0457        2.0            5
unseen_conditions                  physchem     A_physchem     1.0709            MC         1.0246             MC_physchem           0.7854  0.2391    0.1221     0.3530        5.0            5
unseen_conditions                      ecfp         A_ecfp     1.1151            MC         1.0246                 MC_ecfp           0.7996  0.2250    0.1057     0.3413        5.0            5
unseen_conditions                 lig2d_ext    A_lig2d_ext     1.0775            MC         1.0246            MC_lig2d_ext           0.7913  0.2333    0.1232     0.3457        5.0            5
unseen_conditions                    donors       A_donors     1.0913            MC         1.0246               MC_donors           0.9019  0.1227    0.0373     0.2127        5.0            5
unseen_conditions              complex_phys A_complex_phys     0.9899            MC         1.0246         MC_complex_phys           0.8026  0.2220    0.1223     0.3266        5.0            5
unseen_conditions                polyhedron   A_polyhedron     1.0245            MC         1.0246           MC_polyhedron           0.8369  0.1877    0.0947     0.2828        5.0            5
unseen_conditions     cond (added to metal)         A_cond     1.0373       A_metal         1.3206                      MC           1.0246  0.2960    0.1195     0.4745        5.0            5
unseen_conditions massaction (log-conc law)                       NaN            MC         1.0246           MC_massaction              NaN     NaN       NaN        NaN        NaN            5
unseen_conditions        massaction on ecfp                       NaN       MC_ecfp         0.7996      MC_ecfp_massaction              NaN     NaN       NaN        NaN        NaN            5
unseen_conditions   massaction on lig2d_ext                       NaN  MC_lig2d_ext         0.7913 MC_lig2d_ext_massaction              NaN     NaN       NaN        NaN        NaN            5
unseen_conditions       massaction on all2d                       NaN      MC_all2d         0.7953     MC_all2d_massaction              NaN     NaN       NaN        NaN        NaN            5
unseen_conditions                     all2d                       NaN            MC         1.0246                MC_all2d           0.7953  0.2292    0.1184     0.3413        5.0            5
unseen_conditions                     all3d                       NaN            MC         1.0246                MC_all3d           0.8044  0.2201    0.1137     0.3318        5.0            5
unseen_conditions                everything                       NaN            MC         1.0246           MC_everything           0.7649  0.2597    0.1466     0.3736        5.0            5
unseen_conditions            all3d vs all2d                       NaN      MC_all2d         0.7953                MC_all3d           0.8044 -0.0091   -0.0763     0.0672        3.0            5
unseen_conditions       everything vs all2d                       NaN      MC_all2d         0.7953           MC_everything           0.7649  0.0305   -0.0101     0.0757        5.0            5
    unseen_ligand                  physchem     A_physchem     1.0862            MC         0.9587             MC_physchem           0.8995  0.0592   -0.0350     0.1537        5.0            5
    unseen_ligand                      ecfp         A_ecfp     1.1147            MC         0.9587                 MC_ecfp           0.9105  0.0482   -0.0458     0.1443        4.0            5
    unseen_ligand                 lig2d_ext    A_lig2d_ext     1.0396            MC         0.9587            MC_lig2d_ext           0.8358  0.1229    0.0217     0.2290        5.0            5
    unseen_ligand                    donors       A_donors     1.0881            MC         0.9587               MC_donors           0.8746  0.0842    0.0214     0.1561        5.0            5
    unseen_ligand              complex_phys A_complex_phys     1.1121            MC         0.9587         MC_complex_phys           0.9722 -0.0135   -0.1085     0.0766        0.0            5
    unseen_ligand                polyhedron   A_polyhedron     1.1448            MC         0.9587           MC_polyhedron           0.9997 -0.0409   -0.1403     0.0571        0.0            5
    unseen_ligand     cond (added to metal)         A_cond     1.0025       A_metal         1.2929                      MC           0.9587  0.3342    0.1666     0.5018        5.0            5
    unseen_ligand massaction (log-conc law)                       NaN            MC         0.9587           MC_massaction              NaN     NaN       NaN        NaN        NaN            5
    unseen_ligand        massaction on ecfp                       NaN       MC_ecfp         0.9105      MC_ecfp_massaction              NaN     NaN       NaN        NaN        NaN            5
    unseen_ligand   massaction on lig2d_ext                       NaN  MC_lig2d_ext         0.8358 MC_lig2d_ext_massaction              NaN     NaN       NaN        NaN        NaN            5
    unseen_ligand       massaction on all2d                       NaN      MC_all2d         0.8741     MC_all2d_massaction              NaN     NaN       NaN        NaN        NaN            5
    unseen_ligand                     all2d                       NaN            MC         0.9587                MC_all2d           0.8741  0.0846   -0.0105     0.1860        5.0            5
    unseen_ligand                     all3d                       NaN            MC         0.9587                MC_all3d           0.9758 -0.0171   -0.1141     0.0789        0.0            5
    unseen_ligand                everything                       NaN            MC         0.9587           MC_everything           0.8872  0.0715   -0.0242     0.1731        5.0            5
    unseen_ligand            all3d vs all2d                       NaN      MC_all2d         0.8741                MC_all3d           0.9758 -0.1017   -0.1767    -0.0341        0.0            5
    unseen_ligand       everything vs all2d                       NaN      MC_all2d         0.8741           MC_everything           0.8872 -0.0131   -0.0405     0.0170        0.0            5
    unseen_series                  physchem     A_physchem     1.1113            MC         0.9240             MC_physchem           0.8803  0.0436   -0.0630     0.1440        4.0            5
    unseen_series                      ecfp         A_ecfp     1.0868            MC         0.9240                 MC_ecfp           0.8386  0.0854   -0.0183     0.1883        5.0            5
    unseen_series                 lig2d_ext    A_lig2d_ext     1.0746            MC         0.9240            MC_lig2d_ext           0.8223  0.1017   -0.0101     0.2112        5.0            5
    unseen_series                    donors       A_donors     1.0772            MC         0.9240               MC_donors           0.8051  0.1189    0.0424     0.1952        5.0            5
    unseen_series              complex_phys A_complex_phys     1.0389            MC         0.9240         MC_complex_phys           0.8841  0.0398   -0.0510     0.1241        5.0            5
    unseen_series                polyhedron   A_polyhedron     1.0761            MC         0.9240           MC_polyhedron           0.9070  0.0170   -0.0758     0.1079        4.0            5
    unseen_series     cond (added to metal)         A_cond     0.9879       A_metal         1.2999                      MC           0.9240  0.3760    0.2287     0.5260        5.0            5
    unseen_series massaction (log-conc law)                       NaN            MC         0.9240           MC_massaction              NaN     NaN       NaN        NaN        NaN            5
    unseen_series        massaction on ecfp                       NaN       MC_ecfp         0.8386      MC_ecfp_massaction              NaN     NaN       NaN        NaN        NaN            5
    unseen_series   massaction on lig2d_ext                       NaN  MC_lig2d_ext         0.8223 MC_lig2d_ext_massaction              NaN     NaN       NaN        NaN        NaN            5
    unseen_series       massaction on all2d                       NaN      MC_all2d         0.8378     MC_all2d_massaction              NaN     NaN       NaN        NaN        NaN            5
    unseen_series                     all2d                       NaN            MC         0.9240                MC_all2d           0.8378  0.0861   -0.0181     0.1880        5.0            5
    unseen_series                     all3d                       NaN            MC         0.9240                MC_all3d           0.8640  0.0600   -0.0338     0.1518        5.0            5
    unseen_series                everything                       NaN            MC         0.9240           MC_everything           0.8207  0.1033   -0.0054     0.2078        5.0            5
    unseen_series            all3d vs all2d                       NaN      MC_all2d         0.8378                MC_all3d           0.8640 -0.0261   -0.0962     0.0426        1.0            5
    unseen_series       everything vs all2d                       NaN      MC_all2d         0.8378           MC_everything           0.8207  0.0171   -0.0145     0.0511        5.0            5

PAIRED CLUSTER BOOTSTRAP vs MC_ecfp (positive delta = candidate better than MC_ecfp)
           regime              candidate  point_delta_mae  ci95_low  ci95_high  p_worse_one_sided  groups_improved  groups_total
 unseen_chemotype                A_metal          -0.3132   -0.4540    -0.0991             0.9976               22            74
 unseen_chemotype                 A_cond          -0.1333   -0.2616     0.0611             0.8938               27            74
 unseen_chemotype             A_physchem          -0.1756   -0.3552     0.0730             0.8770               27            74
 unseen_chemotype                 A_ecfp          -0.1308   -0.1892    -0.0509             0.9992               21            74
 unseen_chemotype            A_lig2d_ext          -0.1182   -0.2421     0.0675             0.8754               29            74
 unseen_chemotype               A_donors          -0.0820   -0.1813     0.0421             0.9264               27            74
 unseen_chemotype         A_complex_phys          -0.1312   -0.2116    -0.0128             0.9844               24            74
 unseen_chemotype           A_polyhedron          -0.1396   -0.2389    -0.0043             0.9782               27            74
 unseen_chemotype                     MC          -0.0904   -0.1807     0.0562             0.8908               27            74
 unseen_chemotype            MC_physchem          -0.0334   -0.1402     0.1370             0.6229               40            74
 unseen_chemotype           MC_lig2d_ext           0.0194   -0.0706     0.1537             0.3421               39            74
 unseen_chemotype              MC_donors           0.0264   -0.0378     0.1369             0.2420               38            74
 unseen_chemotype        MC_complex_phys          -0.0655   -0.1554     0.0676             0.7720               28            74
 unseen_chemotype          MC_polyhedron          -0.0572   -0.1305     0.0548             0.8308               33            74
 unseen_chemotype               MC_all2d          -0.0113   -0.0717     0.0802             0.5691               39            74
 unseen_chemotype               MC_all3d          -0.0516   -0.1322     0.0737             0.7778               36            74
 unseen_chemotype          MC_everything          -0.0146   -0.0934     0.1101             0.5797               32            74
 unseen_chemotype                 MC@hgb          -0.1126   -0.2610     0.0768             0.8750               35            74
 unseen_chemotype               MC@ridge          -0.2285   -0.3446    -0.0484             0.9964               19            74
 unseen_chemotype            MC_ecfp@hgb          -0.0120   -0.0928     0.0503             0.6593               34            74
 unseen_chemotype          MC_ecfp@ridge          -0.1472   -0.2531    -0.0394             0.9964               19            74
 unseen_chemotype       MC_lig2d_ext@hgb          -0.0562   -0.1822     0.1356             0.6965               41            74
 unseen_chemotype     MC_lig2d_ext@ridge          -0.4501   -0.6482    -0.1798             0.9998               23            74
 unseen_chemotype           MC_all2d@hgb          -0.0363   -0.1561     0.1375             0.6299               45            74
 unseen_chemotype         MC_all2d@ridge          -0.3708   -0.6037    -0.0814             0.9996               20            74
 unseen_chemotype           MC_ecfp_SHUF          -0.1308   -0.2240     0.0119             0.9600               28            74
 unseen_chemotype      MC_lig2d_ext_SHUF          -0.1336   -0.2244     0.0066             0.9682               27            74
 unseen_chemotype         MC_donors_SHUF          -0.1105   -0.1964     0.0240             0.9440               26            74
 unseen_chemotype           MC_cond_SHUF          -0.4619   -0.6139    -0.2946             1.0000               14            74
 unseen_chemotype        NULL_metal_mean          -0.4136   -0.5736    -0.1829             0.9998               16            74
 unseen_chemotype       NULL_global_mean          -0.3975   -0.5728    -0.1644             0.9994               17            74
 unseen_chemotype   NULL_extractant_mean          -0.3975   -0.5728    -0.1644             0.9994               17            74
 unseen_chemotype NULL_nearest_condition          -0.3975   -0.5728    -0.1644             0.9994               17            74
unseen_conditions                A_metal          -0.5210   -0.6923    -0.3520             1.0000               18            74
unseen_conditions                 A_cond          -0.2377   -0.3540    -0.1176             1.0000               23            74
unseen_conditions             A_physchem          -0.2714   -0.4029    -0.1359             0.9998               18            74
unseen_conditions                 A_ecfp          -0.3155   -0.4087    -0.2237             1.0000               18            74
unseen_conditions            A_lig2d_ext          -0.2779   -0.4105    -0.1454             1.0000               16            74
unseen_conditions               A_donors          -0.2918   -0.4237    -0.1617             1.0000               17            74
unseen_conditions         A_complex_phys          -0.1903   -0.3010    -0.0771             1.0000               22            74
unseen_conditions           A_polyhedron          -0.2249   -0.3349    -0.1170             1.0000               22            74
unseen_conditions                     MC          -0.2250   -0.3413    -0.1057             1.0000               23            74
unseen_conditions            MC_physchem           0.0141   -0.0638     0.1022             0.3859               39            74
unseen_conditions           MC_lig2d_ext           0.0083   -0.0928     0.1127             0.4423               31            74
unseen_conditions              MC_donors          -0.1023   -0.2050    -0.0021             0.9782               31            74
unseen_conditions        MC_complex_phys          -0.0030   -0.0792     0.0804             0.5393               26            74
unseen_conditions          MC_polyhedron          -0.0373   -0.1144     0.0425             0.8164               26            74
unseen_conditions               MC_all2d           0.0042   -0.0800     0.0910             0.4711               28            74
unseen_conditions               MC_all3d          -0.0049   -0.0854     0.0841             0.5593               32            74
unseen_conditions          MC_everything           0.0347   -0.0424     0.1174             0.2046               38            74
unseen_conditions                 MC@hgb          -0.1327   -0.2466    -0.0225             0.9908               34            74
unseen_conditions               MC@ridge          -0.3952   -0.5184    -0.2737             1.0000               17            74
unseen_conditions            MC_ecfp@hgb          -0.0645   -0.1495     0.0212             0.9242               36            74
unseen_conditions          MC_ecfp@ridge          -0.3182   -0.4285    -0.2100             1.0000               14            74
unseen_conditions       MC_lig2d_ext@hgb          -0.0076   -0.1014     0.0898             0.5667               39            74
unseen_conditions     MC_lig2d_ext@ridge          -0.3274   -0.4714    -0.1921             1.0000               13            74
unseen_conditions           MC_all2d@hgb          -0.0051   -0.0951     0.0830             0.5405               38            74
unseen_conditions         MC_all2d@ridge          -0.2743   -0.3852    -0.1704             1.0000               15            74
unseen_conditions           MC_ecfp_SHUF          -0.2562   -0.3644    -0.1462             1.0000               18            74
unseen_conditions      MC_lig2d_ext_SHUF          -0.2646   -0.3723    -0.1569             1.0000               14            74
unseen_conditions         MC_donors_SHUF          -0.2364   -0.3434    -0.1271             1.0000               19            74
unseen_conditions           MC_cond_SHUF          -0.6381   -0.8126    -0.4696             1.0000               15            74
unseen_conditions        NULL_metal_mean          -0.5202   -0.7093    -0.3407             1.0000               16            74
unseen_conditions       NULL_global_mean          -0.5414   -0.7350    -0.3606             1.0000               18            74
unseen_conditions   NULL_extractant_mean          -0.2517   -0.3817    -0.1174             0.9996               19            74
unseen_conditions NULL_nearest_condition          -0.0686   -0.2015     0.0603             0.8530               34            74
    unseen_ligand                A_metal          -0.3825   -0.5260    -0.2415             1.0000               20            74
    unseen_ligand                 A_cond          -0.0920   -0.1957     0.0086             0.9638               35            74
    unseen_ligand             A_physchem          -0.1758   -0.2875    -0.0694             1.0000               27            74
    unseen_ligand                 A_ecfp          -0.2042   -0.2885    -0.1214             1.0000               20            74
    unseen_ligand            A_lig2d_ext          -0.1292   -0.2227    -0.0360             0.9960               26            74
    unseen_ligand               A_donors          -0.1777   -0.2897    -0.0677             0.9996               23            74
    unseen_ligand         A_complex_phys          -0.2016   -0.3102    -0.0963             1.0000               22            74
    unseen_ligand           A_polyhedron          -0.2344   -0.3514    -0.1198             1.0000               23            74
    unseen_ligand                     MC          -0.0482   -0.1443     0.0458             0.8450               36            74
    unseen_ligand            MC_physchem           0.0110   -0.0621     0.0866             0.3969               38            74
    unseen_ligand           MC_lig2d_ext           0.0746    0.0012     0.1481             0.0226               46            74
    unseen_ligand              MC_donors           0.0359   -0.0425     0.1141             0.1748               41            74
    unseen_ligand        MC_complex_phys          -0.0617   -0.1332     0.0109             0.9514               30            74
    unseen_ligand          MC_polyhedron          -0.0892   -0.1590    -0.0191             0.9932               23            74
    unseen_ligand               MC_all2d           0.0364   -0.0148     0.0887             0.0774               43            74
    unseen_ligand               MC_all3d          -0.0653   -0.1411     0.0075             0.9596               31            74
    unseen_ligand          MC_everything           0.0233   -0.0328     0.0812             0.2184               43            74
    unseen_ligand                 MC@hgb          -0.0248   -0.1193     0.0676             0.7123               36            74
    unseen_ligand               MC@ridge          -0.1885   -0.2691    -0.1044             1.0000               18            74
    unseen_ligand            MC_ecfp@hgb           0.0237   -0.0394     0.0857             0.2244               40            74
    unseen_ligand          MC_ecfp@ridge          -0.1663   -0.2550    -0.0806             1.0000               21            74
    unseen_ligand       MC_lig2d_ext@hgb           0.0501   -0.0312     0.1321             0.1140               47            74
    unseen_ligand     MC_lig2d_ext@ridge          -0.3584   -0.5482    -0.1862             1.0000               20            74
    unseen_ligand           MC_all2d@hgb           0.0562   -0.0257     0.1356             0.0826               48            74
    unseen_ligand         MC_all2d@ridge          -0.1616   -0.2539    -0.0738             0.9998               22            74
    unseen_ligand           MC_ecfp_SHUF          -0.1052   -0.1884    -0.0236             0.9954               30            74
    unseen_ligand      MC_lig2d_ext_SHUF          -0.1166   -0.1955    -0.0389             0.9982               26            74
    unseen_ligand         MC_donors_SHUF          -0.0845   -0.1702    -0.0048             0.9810               31            74
    unseen_ligand           MC_cond_SHUF          -0.5222   -0.6617    -0.3863             1.0000               14            74
    unseen_ligand        NULL_metal_mean          -0.4144   -0.5700    -0.2656             1.0000               20            74
    unseen_ligand       NULL_global_mean          -0.4334   -0.5939    -0.2760             1.0000               19            74
    unseen_ligand   NULL_extractant_mean          -0.4334   -0.5939    -0.2760             1.0000               19            74
    unseen_ligand NULL_nearest_condition          -0.4334   -0.5939    -0.2760             1.0000               19            74
    unseen_series                A_metal          -0.4614   -0.6154    -0.3108             1.0000               19            74
    unseen_series                 A_cond          -0.1493   -0.2674    -0.0307             0.9918               30            74
    unseen_series             A_physchem          -0.2727   -0.4102    -0.1434             1.0000               24            74
    unseen_series                 A_ecfp          -0.2483   -0.3394    -0.1616             1.0000               22            74
    unseen_series            A_lig2d_ext          -0.2360   -0.3689    -0.1149             1.0000               25            74
    unseen_series               A_donors          -0.2386   -0.3759    -0.1109             1.0000               28            74
    unseen_series         A_complex_phys          -0.2003   -0.3045    -0.1037             1.0000               24            74
    unseen_series           A_polyhedron          -0.2375   -0.3488    -0.1360             1.0000               25            74
    unseen_series                     MC          -0.0854   -0.1883     0.0183             0.9408               34            74
    unseen_series            MC_physchem          -0.0417   -0.1292     0.0451             0.8260               37            74
    unseen_series           MC_lig2d_ext           0.0163   -0.0573     0.0966             0.3457               34            74
    unseen_series              MC_donors           0.0335   -0.0465     0.1140             0.2106               40            74
    unseen_series        MC_complex_phys          -0.0455   -0.1304     0.0358             0.8592               35            74
    unseen_series          MC_polyhedron          -0.0684   -0.1486     0.0111             0.9528               30            74
    unseen_series               MC_all2d           0.0007   -0.0525     0.0568             0.5001               27            74
    unseen_series               MC_all3d          -0.0254   -0.1069     0.0534             0.7289               38            74
    unseen_series          MC_everything           0.0179   -0.0357     0.0753             0.2657               38            74
    unseen_series                 MC@hgb          -0.0173   -0.1212     0.0849             0.6277               38            74
    unseen_series               MC@ridge          -0.2622   -0.3859    -0.1375             1.0000               21            74
    unseen_series            MC_ecfp@hgb           0.0452   -0.0117     0.1010             0.0582               49            74
    unseen_series          MC_ecfp@ridge          -0.2648   -0.3821    -0.1524             1.0000               16            74
    unseen_series       MC_lig2d_ext@hgb          -0.0076   -0.1091     0.0853             0.5417               38            74
    unseen_series     MC_lig2d_ext@ridge          -0.3180   -0.4762    -0.1796             1.0000               15            74
    unseen_series           MC_all2d@hgb          -0.0037   -0.0987     0.0879             0.5131               40            74
    unseen_series         MC_all2d@ridge          -0.2595   -0.3757    -0.1465             1.0000               18            74
    unseen_series           MC_ecfp_SHUF          -0.1281   -0.2314    -0.0223             0.9918               33            74
    unseen_series      MC_lig2d_ext_SHUF          -0.1622   -0.2642    -0.0586             0.9986               28            74
    unseen_series         MC_donors_SHUF          -0.1146   -0.2141    -0.0164             0.9884               32            74
    unseen_series           MC_cond_SHUF          -0.5956   -0.7527    -0.4424             1.0000               10            74
    unseen_series        NULL_metal_mean          -0.4857   -0.6610    -0.3207             1.0000               20            74
    unseen_series       NULL_global_mean          -0.5087   -0.6895    -0.3378             1.0000               23            74
    unseen_series   NULL_extractant_mean          -0.3739   -0.5296    -0.2344             1.0000               20            74
    unseen_series NULL_nearest_condition          -0.3562   -0.5098    -0.2163             1.0000               18            74

PAIRED CLUSTER BOOTSTRAP vs MC (positive delta = candidate better than MC)
           regime              candidate  point_delta_mae  ci95_low  ci95_high  p_worse_one_sided  groups_improved  groups_total
 unseen_chemotype                A_metal          -0.2228   -0.3633    -0.0720             0.9980               25            74
 unseen_chemotype                 A_cond          -0.0429   -0.0991     0.0369             0.8022               33            74
 unseen_chemotype             A_physchem          -0.0853   -0.2177     0.1072             0.7882               28            74
 unseen_chemotype                 A_ecfp          -0.0405   -0.1698     0.0518             0.8060               31            74
 unseen_chemotype            A_lig2d_ext          -0.0278   -0.1347     0.1170             0.6715               33            74
 unseen_chemotype               A_donors           0.0084   -0.1393     0.1156             0.4621               37            74
 unseen_chemotype         A_complex_phys          -0.0409   -0.1590     0.0425             0.8272               32            74
 unseen_chemotype           A_polyhedron          -0.0492   -0.1882     0.0576             0.8232               34            74
 unseen_chemotype            MC_physchem           0.0569   -0.0385     0.1856             0.1126               42            74
 unseen_chemotype                MC_ecfp           0.0904   -0.0562     0.1807             0.1094               47            74
 unseen_chemotype           MC_lig2d_ext           0.1097    0.0057     0.2269             0.0208               47            74
 unseen_chemotype              MC_donors           0.1168    0.0377     0.1848             0.0016               46            74
 unseen_chemotype        MC_complex_phys           0.0248   -0.0484     0.1189             0.2474               41            74
 unseen_chemotype          MC_polyhedron           0.0331   -0.0571     0.1116             0.2074               42            74
 unseen_chemotype               MC_all2d           0.0791   -0.0300     0.1726             0.0630               41            74
 unseen_chemotype               MC_all3d           0.0387   -0.0550     0.1260             0.1822               44            74
 unseen_chemotype          MC_everything           0.0757   -0.0396     0.1834             0.0836               41            74
 unseen_chemotype                 MC@hgb          -0.0222   -0.1800     0.0932             0.5983               38            74
 unseen_chemotype               MC@ridge          -0.1381   -0.2413     0.0082             0.9702               24            74
 unseen_chemotype            MC_ecfp@hgb           0.0784   -0.1025     0.1865             0.1982               43            74
 unseen_chemotype          MC_ecfp@ridge          -0.0568   -0.2451     0.0670             0.8034               35            74
 unseen_chemotype       MC_lig2d_ext@hgb           0.0342   -0.0800     0.1958             0.3001               42            74
 unseen_chemotype     MC_lig2d_ext@ridge          -0.3597   -0.5799    -0.1022             0.9974               26            74
 unseen_chemotype           MC_all2d@hgb           0.0541   -0.0583     0.2062             0.1834               45            74
 unseen_chemotype         MC_all2d@ridge          -0.2804   -0.4680    -0.0061             0.9776               32            74
 unseen_chemotype           MC_ecfp_SHUF          -0.0404   -0.0762     0.0076             0.9514               36            74
 unseen_chemotype      MC_lig2d_ext_SHUF          -0.0432   -0.0875     0.0109             0.9484               34            74
 unseen_chemotype         MC_donors_SHUF          -0.0201   -0.0579     0.0127             0.9002               34            74
 unseen_chemotype           MC_cond_SHUF          -0.3716   -0.5529    -0.2457             1.0000               17            74
 unseen_chemotype        NULL_metal_mean          -0.3232   -0.4842    -0.1622             1.0000               18            74
 unseen_chemotype       NULL_global_mean          -0.3071   -0.4851    -0.1418             0.9996               23            74
 unseen_chemotype   NULL_extractant_mean          -0.3071   -0.4851    -0.1418             0.9996               23            74
 unseen_chemotype NULL_nearest_condition          -0.3071   -0.4851    -0.1418             0.9996               23            74
unseen_conditions                A_metal          -0.2960   -0.4745    -0.1195             1.0000               28            74
unseen_conditions                 A_cond          -0.0127   -0.0424     0.0176             0.7890               35            74
unseen_conditions             A_physchem          -0.0464   -0.1789     0.0931             0.7520               28            74
unseen_conditions                 A_ecfp          -0.0905   -0.2219     0.0437             0.9056               28            74
unseen_conditions            A_lig2d_ext          -0.0529   -0.1869     0.0853             0.7770               30            74
unseen_conditions               A_donors          -0.0668   -0.2049     0.0730             0.8220               32            74
unseen_conditions         A_complex_phys           0.0347   -0.0929     0.1643             0.3089               35            74
unseen_conditions           A_polyhedron           0.0001   -0.1226     0.1257             0.5023               36            74
unseen_conditions            MC_physchem           0.2391    0.1221     0.3530             0.0002               51            74
unseen_conditions                MC_ecfp           0.2250    0.1057     0.3413             0.0002               51            74
unseen_conditions           MC_lig2d_ext           0.2333    0.1232     0.3457             0.0002               51            74
unseen_conditions              MC_donors           0.1227    0.0373     0.2127             0.0022               50            74
unseen_conditions        MC_complex_phys           0.2220    0.1223     0.3266             0.0002               49            74
unseen_conditions          MC_polyhedron           0.1877    0.0947     0.2828             0.0002               48            74
unseen_conditions               MC_all2d           0.2292    0.1184     0.3413             0.0002               46            74
unseen_conditions               MC_all3d           0.2201    0.1137     0.3318             0.0002               46            74
unseen_conditions          MC_everything           0.2597    0.1466     0.3736             0.0002               48            74
unseen_conditions                 MC@hgb           0.0923    0.0245     0.1610             0.0048               44            74
unseen_conditions               MC@ridge          -0.1702   -0.2774    -0.0626             0.9982               19            74
unseen_conditions            MC_ecfp@hgb           0.1605    0.0479     0.2760             0.0030               49            74
unseen_conditions          MC_ecfp@ridge          -0.0932   -0.2245     0.0329             0.9232               26            74
unseen_conditions       MC_lig2d_ext@hgb           0.2174    0.0966     0.3415             0.0004               56            74
unseen_conditions     MC_lig2d_ext@ridge          -0.1024   -0.2687     0.0518             0.8984               31            74
unseen_conditions           MC_all2d@hgb           0.2199    0.0978     0.3422             0.0004               53            74
unseen_conditions         MC_all2d@ridge          -0.0493   -0.1884     0.0857             0.7516               32            74
unseen_conditions           MC_ecfp_SHUF          -0.0312   -0.0679     0.0060             0.9500               29            74
unseen_conditions      MC_lig2d_ext_SHUF          -0.0396   -0.0862     0.0075             0.9486               26            74
unseen_conditions         MC_donors_SHUF          -0.0114   -0.0355     0.0126             0.8256               30            74
unseen_conditions           MC_cond_SHUF          -0.4131   -0.5889    -0.2423             1.0000               26            74
unseen_conditions        NULL_metal_mean          -0.2952   -0.4926    -0.1051             0.9990               29            74
unseen_conditions       NULL_global_mean          -0.3164   -0.5085    -0.1292             0.9996               28            74
unseen_conditions   NULL_extractant_mean          -0.0267   -0.1676     0.1100             0.6515               30            74
unseen_conditions NULL_nearest_condition           0.1564    0.0225     0.2843             0.0132               49            74
    unseen_ligand                A_metal          -0.3342   -0.5018    -0.1666             1.0000               19            74
    unseen_ligand                 A_cond          -0.0438   -0.0918     0.0014             0.9714               35            74
    unseen_ligand             A_physchem          -0.1275   -0.2582     0.0127             0.9608               23            74
    unseen_ligand                 A_ecfp          -0.1560   -0.2692    -0.0375             0.9954               26            74
    unseen_ligand            A_lig2d_ext          -0.0809   -0.1980     0.0471             0.9032               28            74
    unseen_ligand               A_donors          -0.1294   -0.2664     0.0097             0.9644               27            74
    unseen_ligand         A_complex_phys          -0.1534   -0.2899    -0.0187             0.9858               26            74
    unseen_ligand           A_polyhedron          -0.1861   -0.3322    -0.0377             0.9932               27            74
    unseen_ligand            MC_physchem           0.0592   -0.0350     0.1537             0.1122               41            74
    unseen_ligand                MC_ecfp           0.0482   -0.0458     0.1443             0.1552               38            74
    unseen_ligand           MC_lig2d_ext           0.1229    0.0217     0.2290             0.0090               42            74
    unseen_ligand              MC_donors           0.0842    0.0214     0.1561             0.0038               46            74
    unseen_ligand        MC_complex_phys          -0.0135   -0.1085     0.0766             0.6135               42            74
    unseen_ligand          MC_polyhedron          -0.0409   -0.1403     0.0571             0.7904               33            74
    unseen_ligand               MC_all2d           0.0846   -0.0105     0.1860             0.0400               43            74
    unseen_ligand               MC_all3d          -0.0171   -0.1141     0.0789             0.6353               39            74
    unseen_ligand          MC_everything           0.0715   -0.0242     0.1731             0.0752               41            74
    unseen_ligand                 MC@hgb           0.0235   -0.0291     0.0760             0.1898               40            74
    unseen_ligand               MC@ridge          -0.1402   -0.2517    -0.0185             0.9882               17            74
    unseen_ligand            MC_ecfp@hgb           0.0720   -0.0399     0.1826             0.1028               41            74
    unseen_ligand          MC_ecfp@ridge          -0.1180   -0.2443     0.0148             0.9606               25            74
    unseen_ligand       MC_lig2d_ext@hgb           0.0983   -0.0271     0.2215             0.0590               43            74
    unseen_ligand     MC_lig2d_ext@ridge          -0.3102   -0.5366    -0.1066             0.9992               24            74
    unseen_ligand           MC_all2d@hgb           0.1044   -0.0176     0.2270             0.0476               45            74
    unseen_ligand         MC_all2d@ridge          -0.1133   -0.2448     0.0216             0.9522               28            74
    unseen_ligand           MC_ecfp_SHUF          -0.0570   -0.0952    -0.0213             0.9996               24            74
    unseen_ligand      MC_lig2d_ext_SHUF          -0.0684   -0.1209    -0.0186             0.9970               26            74
    unseen_ligand         MC_donors_SHUF          -0.0363   -0.0678    -0.0092             0.9962               22            74
    unseen_ligand           MC_cond_SHUF          -0.4739   -0.6294    -0.3139             1.0000               16            74
    unseen_ligand        NULL_metal_mean          -0.3662   -0.5347    -0.2004             1.0000               18            74
    unseen_ligand       NULL_global_mean          -0.3851   -0.5580    -0.2121             1.0000               20            74
    unseen_ligand   NULL_extractant_mean          -0.3851   -0.5580    -0.2121             1.0000               20            74
    unseen_ligand NULL_nearest_condition          -0.3851   -0.5580    -0.2121             1.0000               20            74
    unseen_series                A_metal          -0.3760   -0.5260    -0.2287             1.0000               21            74
    unseen_series                 A_cond          -0.0639   -0.1196    -0.0167             0.9982               33            74
    unseen_series             A_physchem          -0.1873   -0.3280    -0.0424             0.9940               24            74
    unseen_series                 A_ecfp          -0.1629   -0.2774    -0.0425             0.9964               27            74
    unseen_series            A_lig2d_ext          -0.1506   -0.2862    -0.0164             0.9848               27            74
    unseen_series               A_donors          -0.1532   -0.2868    -0.0194             0.9888               27            74
    unseen_series         A_complex_phys          -0.1149   -0.2323     0.0033             0.9722               26            74
    unseen_series           A_polyhedron          -0.1522   -0.2769    -0.0235             0.9894               26            74
    unseen_series            MC_physchem           0.0436   -0.0630     0.1440             0.1958               44            74
    unseen_series                MC_ecfp           0.0854   -0.0183     0.1883             0.0594               40            74
    unseen_series           MC_lig2d_ext           0.1017   -0.0101     0.2112             0.0370               45            74
    unseen_series              MC_donors           0.1189    0.0424     0.1952             0.0012               47            74
    unseen_series        MC_complex_phys           0.0398   -0.0510     0.1241             0.1834               47            74
    unseen_series          MC_polyhedron           0.0170   -0.0758     0.1079             0.3519               39            74
    unseen_series               MC_all2d           0.0861   -0.0181     0.1880             0.0528               43            74
    unseen_series               MC_all3d           0.0600   -0.0338     0.1518             0.1016               43            74
    unseen_series          MC_everything           0.1033   -0.0054     0.2078             0.0316               45            74
    unseen_series                 MC@hgb           0.0681    0.0110     0.1264             0.0088               44            74
    unseen_series               MC@ridge          -0.1768   -0.2879    -0.0541             0.9984               19            74
    unseen_series            MC_ecfp@hgb           0.1306    0.0039     0.2509             0.0220               48            74
    unseen_series          MC_ecfp@ridge          -0.1795   -0.3158    -0.0440             0.9968               22            74
    unseen_series       MC_lig2d_ext@hgb           0.0778   -0.0561     0.2092             0.1262               45            74
    unseen_series     MC_lig2d_ext@ridge          -0.2327   -0.4228    -0.0689             0.9980               21            74
    unseen_series           MC_all2d@hgb           0.0817   -0.0500     0.2116             0.1106               44            74
    unseen_series         MC_all2d@ridge          -0.1741   -0.3104    -0.0436             0.9972               25            74
    unseen_series           MC_ecfp_SHUF          -0.0427   -0.0892     0.0021             0.9696               30            74
    unseen_series      MC_lig2d_ext_SHUF          -0.0768   -0.1320    -0.0254             0.9986               27            74
    unseen_series         MC_donors_SHUF          -0.0292   -0.0615    -0.0012             0.9806               30            74
    unseen_series           MC_cond_SHUF          -0.5102   -0.6571    -0.3644             1.0000               15            74
    unseen_series        NULL_metal_mean          -0.4003   -0.5533    -0.2511             1.0000               18            74
    unseen_series       NULL_global_mean          -0.4233   -0.5820    -0.2708             1.0000               22            74
    unseen_series   NULL_extractant_mean          -0.2885   -0.4440    -0.1372             1.0000               22            74
    unseen_series NULL_nearest_condition          -0.2708   -0.4341    -0.1063             1.0000               26            74

PAIRED CLUSTER BOOTSTRAP vs MC_all2d (positive delta = candidate better than MC_all2d)
           regime              candidate  point_delta_mae  ci95_low  ci95_high  p_worse_one_sided  groups_improved  groups_total
 unseen_chemotype                A_metal          -0.3019   -0.4327    -0.1369             0.9990               15            74
 unseen_chemotype                 A_cond          -0.1220   -0.2156     0.0264             0.9510               28            74
 unseen_chemotype             A_physchem          -0.1643   -0.2924     0.0151             0.9582               23            74
 unseen_chemotype                 A_ecfp          -0.1195   -0.2149    -0.0503             0.9992               26            74
 unseen_chemotype            A_lig2d_ext          -0.1069   -0.1802    -0.0004             0.9754               23            74
 unseen_chemotype               A_donors          -0.0707   -0.1988     0.0343             0.9158               28            74
 unseen_chemotype         A_complex_phys          -0.1199   -0.2216    -0.0328             0.9934               22            74
 unseen_chemotype           A_polyhedron          -0.1283   -0.2451    -0.0231             0.9896               24            74
 unseen_chemotype                     MC          -0.0791   -0.1726     0.0300             0.9372               33            74
 unseen_chemotype            MC_physchem          -0.0221   -0.0804     0.0753             0.6691               40            74
 unseen_chemotype                MC_ecfp           0.0113   -0.0802     0.0717             0.4311               35            74
 unseen_chemotype           MC_lig2d_ext           0.0307   -0.0018     0.0810             0.0338               42            74
 unseen_chemotype              MC_donors           0.0377   -0.0393     0.1183             0.1612               39            74
 unseen_chemotype        MC_complex_phys          -0.0542   -0.1069     0.0313             0.9016               31            74
 unseen_chemotype          MC_polyhedron          -0.0459   -0.1052     0.0230             0.9168               31            74
 unseen_chemotype               MC_all3d          -0.0403   -0.0994     0.0316             0.8804               28            74
 unseen_chemotype          MC_everything          -0.0033   -0.0369     0.0457             0.5927               26            74
 unseen_chemotype                 MC@hgb          -0.1013   -0.2480     0.0321             0.9330               34            74
 unseen_chemotype               MC@ridge          -0.2172   -0.2927    -0.0908             1.0000               16            74
 unseen_chemotype            MC_ecfp@hgb          -0.0007   -0.1234     0.0756             0.5451               40            74
 unseen_chemotype          MC_ecfp@ridge          -0.1359   -0.2699    -0.0494             0.9994               28            74
 unseen_chemotype       MC_lig2d_ext@hgb          -0.0449   -0.1172     0.0730             0.7730               40            74
 unseen_chemotype     MC_lig2d_ext@ridge          -0.4388   -0.6072    -0.2265             1.0000               19            74
 unseen_chemotype           MC_all2d@hgb          -0.0250   -0.0931     0.0767             0.6731               44            74
 unseen_chemotype         MC_all2d@ridge          -0.3595   -0.5416    -0.1204             1.0000               21            74
 unseen_chemotype           MC_ecfp_SHUF          -0.1195   -0.1966    -0.0171             0.9854               26            74
 unseen_chemotype      MC_lig2d_ext_SHUF          -0.1223   -0.1984    -0.0216             0.9872               28            74
 unseen_chemotype         MC_donors_SHUF          -0.0992   -0.1833    -0.0046             0.9782               30            74
 unseen_chemotype           MC_cond_SHUF          -0.4506   -0.6279    -0.3128             1.0000                9            74
 unseen_chemotype        NULL_metal_mean          -0.4023   -0.5646    -0.2149             1.0000               15            74
 unseen_chemotype       NULL_global_mean          -0.3862   -0.5660    -0.1934             1.0000               19            74
 unseen_chemotype   NULL_extractant_mean          -0.3862   -0.5660    -0.1934             1.0000               19            74
 unseen_chemotype NULL_nearest_condition          -0.3862   -0.5660    -0.1934             1.0000               19            74
unseen_conditions                A_metal          -0.5253   -0.6937    -0.3619             1.0000               18            74
unseen_conditions                 A_cond          -0.2420   -0.3523    -0.1293             1.0000               23            74
unseen_conditions             A_physchem          -0.2756   -0.3716    -0.1775             1.0000               15            74
unseen_conditions                 A_ecfp          -0.3198   -0.4337    -0.2042             1.0000               18            74
unseen_conditions            A_lig2d_ext          -0.2821   -0.3670    -0.1982             1.0000               12            74
unseen_conditions               A_donors          -0.2960   -0.4147    -0.1766             1.0000               17            74
unseen_conditions         A_complex_phys          -0.1946   -0.2936    -0.0981             1.0000               19            74
unseen_conditions           A_polyhedron          -0.2291   -0.3315    -0.1264             1.0000               20            74
unseen_conditions                     MC          -0.2292   -0.3413    -0.1184             1.0000               28            74
unseen_conditions            MC_physchem           0.0099   -0.0538     0.0797             0.4019               40            74
unseen_conditions                MC_ecfp          -0.0042   -0.0910     0.0800             0.5291               46            74
unseen_conditions           MC_lig2d_ext           0.0041   -0.0202     0.0311             0.3903               34            74
unseen_conditions              MC_donors          -0.1065   -0.2031    -0.0126             0.9894               36            74
unseen_conditions        MC_complex_phys          -0.0072   -0.0630     0.0557             0.6043               34            74
unseen_conditions          MC_polyhedron          -0.0415   -0.1065     0.0315             0.8832               30            74
unseen_conditions               MC_all3d          -0.0091   -0.0763     0.0672             0.6059               34            74
unseen_conditions          MC_everything           0.0305   -0.0101     0.0757             0.0760               39            74
unseen_conditions                 MC@hgb          -0.1370   -0.2503    -0.0297             0.9942               33            74
unseen_conditions               MC@ridge          -0.3995   -0.5201    -0.2785             1.0000               15            74
unseen_conditions            MC_ecfp@hgb          -0.0688   -0.1694     0.0245             0.9224               39            74
unseen_conditions          MC_ecfp@ridge          -0.3224   -0.4375    -0.2189             1.0000               12            74
unseen_conditions       MC_lig2d_ext@hgb          -0.0118   -0.0716     0.0509             0.6409               37            74
unseen_conditions     MC_lig2d_ext@ridge          -0.3316   -0.4728    -0.2047             1.0000               17            74
unseen_conditions           MC_all2d@hgb          -0.0094   -0.0669     0.0491             0.6095               36            74
unseen_conditions         MC_all2d@ridge          -0.2785   -0.3927    -0.1779             1.0000               12            74
unseen_conditions           MC_ecfp_SHUF          -0.2604   -0.3639    -0.1584             1.0000               21            74
unseen_conditions      MC_lig2d_ext_SHUF          -0.2688   -0.3730    -0.1671             1.0000               16            74
unseen_conditions         MC_donors_SHUF          -0.2407   -0.3431    -0.1410             1.0000               22            74
unseen_conditions           MC_cond_SHUF          -0.6423   -0.8129    -0.4811             1.0000               13            74
unseen_conditions        NULL_metal_mean          -0.5244   -0.7096    -0.3521             1.0000               15            74
unseen_conditions       NULL_global_mean          -0.5456   -0.7372    -0.3705             1.0000               18            74
unseen_conditions   NULL_extractant_mean          -0.2560   -0.3665    -0.1384             1.0000               18            74
unseen_conditions NULL_nearest_condition          -0.0728   -0.1820     0.0374             0.9026               32            74
    unseen_ligand                A_metal          -0.4188   -0.5581    -0.2810             1.0000               13            74
    unseen_ligand                 A_cond          -0.1284   -0.2329    -0.0273             0.9948               33            74
    unseen_ligand             A_physchem          -0.2122   -0.3060    -0.1260             1.0000               21            74
    unseen_ligand                 A_ecfp          -0.2406   -0.3244    -0.1575             1.0000               14            74
    unseen_ligand            A_lig2d_ext          -0.1655   -0.2355    -0.0957             1.0000               19            74
    unseen_ligand               A_donors          -0.2140   -0.3181    -0.1093             0.9996               23            74
    unseen_ligand         A_complex_phys          -0.2380   -0.3404    -0.1365             0.9998               17            74
    unseen_ligand           A_polyhedron          -0.2708   -0.3835    -0.1583             1.0000               20            74
    unseen_ligand                     MC          -0.0846   -0.1860     0.0105             0.9602               31            74
    unseen_ligand            MC_physchem          -0.0254   -0.0838     0.0321             0.8010               35            74
    unseen_ligand                MC_ecfp          -0.0364   -0.0887     0.0148             0.9228               31            74
    unseen_ligand           MC_lig2d_ext           0.0383    0.0075     0.0693             0.0078               44            74
    unseen_ligand              MC_donors          -0.0005   -0.0842     0.0791             0.4937               40            74
    unseen_ligand        MC_complex_phys          -0.0981   -0.1717    -0.0318             0.9996               27            74
    unseen_ligand          MC_polyhedron          -0.1256   -0.1986    -0.0556             1.0000               24            74
    unseen_ligand               MC_all3d          -0.1017   -0.1767    -0.0341             0.9990               27            74
    unseen_ligand          MC_everything          -0.0131   -0.0405     0.0170             0.8138               27            74
    unseen_ligand                 MC@hgb          -0.0611   -0.1590     0.0297             0.9038               36            74
    unseen_ligand               MC@ridge          -0.2249   -0.2974    -0.1487             1.0000               14            74
    unseen_ligand            MC_ecfp@hgb          -0.0127   -0.0725     0.0450             0.6545               35            74
    unseen_ligand          MC_ecfp@ridge          -0.2026   -0.2901    -0.1199             1.0000               19            74
    unseen_ligand       MC_lig2d_ext@hgb           0.0137   -0.0472     0.0711             0.3263               40            74
    unseen_ligand     MC_lig2d_ext@ridge          -0.3948   -0.5760    -0.2314             1.0000               16            74
    unseen_ligand           MC_all2d@hgb           0.0198   -0.0404     0.0748             0.2422               38            74
    unseen_ligand         MC_all2d@ridge          -0.1980   -0.2858    -0.1157             1.0000               20            74
    unseen_ligand           MC_ecfp_SHUF          -0.1416   -0.2266    -0.0635             1.0000               24            74
    unseen_ligand      MC_lig2d_ext_SHUF          -0.1530   -0.2354    -0.0795             1.0000               23            74
    unseen_ligand         MC_donors_SHUF          -0.1209   -0.2129    -0.0405             0.9984               28            74
    unseen_ligand           MC_cond_SHUF          -0.5586   -0.6929    -0.4276             1.0000               10            74
    unseen_ligand        NULL_metal_mean          -0.4508   -0.6015    -0.3063             1.0000               17            74
    unseen_ligand       NULL_global_mean          -0.4697   -0.6250    -0.3157             1.0000               15            74
    unseen_ligand   NULL_extractant_mean          -0.4697   -0.6250    -0.3157             1.0000               15            74
    unseen_ligand NULL_nearest_condition          -0.4697   -0.6250    -0.3157             1.0000               15            74
    unseen_series                A_metal          -0.4621   -0.6146    -0.3138             1.0000               17            74
    unseen_series                 A_cond          -0.1500   -0.2673    -0.0272             0.9920               28            74
    unseen_series             A_physchem          -0.2735   -0.3906    -0.1650             1.0000               23            74
    unseen_series                 A_ecfp          -0.2490   -0.3429    -0.1598             1.0000               23            74
    unseen_series            A_lig2d_ext          -0.2367   -0.3455    -0.1417             1.0000               21            74
    unseen_series               A_donors          -0.2394   -0.3608    -0.1239             1.0000               23            74
    unseen_series         A_complex_phys          -0.2010   -0.2918    -0.1182             1.0000               24            74
    unseen_series           A_polyhedron          -0.2383   -0.3365    -0.1444             1.0000               23            74
    unseen_series                     MC          -0.0861   -0.1880     0.0181             0.9474               31            74
    unseen_series            MC_physchem          -0.0425   -0.1083     0.0172             0.9134               38            74
    unseen_series                MC_ecfp          -0.0007   -0.0568     0.0525             0.5001               47            74
    unseen_series           MC_lig2d_ext           0.0156   -0.0135     0.0462             0.1540               43            74
    unseen_series              MC_donors           0.0327   -0.0421     0.1074             0.1966               40            74
    unseen_series        MC_complex_phys          -0.0463   -0.1169     0.0210             0.9042               31            74
    unseen_series          MC_polyhedron          -0.0691   -0.1356    -0.0029             0.9792               28            74
    unseen_series               MC_all3d          -0.0261   -0.0962     0.0426             0.7622               28            74
    unseen_series          MC_everything           0.0171   -0.0145     0.0511             0.1468               42            74
    unseen_series                 MC@hgb          -0.0180   -0.1196     0.0815             0.6351               33            74
    unseen_series               MC@ridge          -0.2629   -0.3765    -0.1476             1.0000               18            74
    unseen_series            MC_ecfp@hgb           0.0445   -0.0140     0.1023             0.0640               49            74
    unseen_series          MC_ecfp@ridge          -0.2656   -0.3785    -0.1600             1.0000               17            74
    unseen_series       MC_lig2d_ext@hgb          -0.0083   -0.0895     0.0624             0.5673               41            74
    unseen_series     MC_lig2d_ext@ridge          -0.3188   -0.4665    -0.1924             1.0000               17            74
    unseen_series           MC_all2d@hgb          -0.0044   -0.0794     0.0624             0.5217               40            74
    unseen_series         MC_all2d@ridge          -0.2602   -0.3694    -0.1596             1.0000               19            74
    unseen_series           MC_ecfp_SHUF          -0.1288   -0.2250    -0.0303             0.9936               29            74
    unseen_series      MC_lig2d_ext_SHUF          -0.1629   -0.2595    -0.0684             1.0000               28            74
    unseen_series         MC_donors_SHUF          -0.1153   -0.2100    -0.0185             0.9900               30            74
    unseen_series           MC_cond_SHUF          -0.5964   -0.7510    -0.4488             1.0000               11            74
    unseen_series        NULL_metal_mean          -0.4864   -0.6578    -0.3246             1.0000               18            74
    unseen_series       NULL_global_mean          -0.5095   -0.6892    -0.3382             1.0000               20            74
    unseen_series   NULL_extractant_mean          -0.3747   -0.5180    -0.2460             1.0000               19            74
    unseen_series NULL_nearest_condition          -0.3569   -0.4957    -0.2298             1.0000               16            74

PAIRED CLUSTER BOOTSTRAP vs A_metal (positive delta = candidate better than A_metal)
           regime              candidate  point_delta_mae  ci95_low  ci95_high  p_worse_one_sided  groups_improved  groups_total
 unseen_chemotype                 A_cond           0.1799    0.0549     0.3512             0.0032               46            74
 unseen_chemotype             A_physchem           0.1376    0.0066     0.3402             0.0196               40            74
 unseen_chemotype                 A_ecfp           0.1824    0.0127     0.3000             0.0184               44            74
 unseen_chemotype            A_lig2d_ext           0.1950    0.0715     0.3415             0.0022               50            74
 unseen_chemotype               A_donors           0.2312    0.0447     0.3564             0.0068               53            74
 unseen_chemotype         A_complex_phys           0.1820    0.0435     0.2789             0.0044               50            74
 unseen_chemotype           A_polyhedron           0.1736    0.0177     0.2805             0.0154               47            74
 unseen_chemotype                     MC           0.2228    0.0720     0.3633             0.0022               49            74
 unseen_chemotype            MC_physchem           0.2798    0.1277     0.4495             0.0010               52            74
 unseen_chemotype                MC_ecfp           0.3132    0.0991     0.4540             0.0026               52            74
 unseen_chemotype           MC_lig2d_ext           0.3326    0.1816     0.4769             0.0002               59            74
 unseen_chemotype              MC_donors           0.3396    0.1701     0.4772             0.0002               59            74
 unseen_chemotype        MC_complex_phys           0.2477    0.1323     0.3731             0.0004               57            74
 unseen_chemotype          MC_polyhedron           0.2560    0.1280     0.3578             0.0002               55            74
 unseen_chemotype               MC_all2d           0.3019    0.1369     0.4327             0.0012               59            74
 unseen_chemotype               MC_all3d           0.2616    0.1283     0.3742             0.0004               57            74
 unseen_chemotype          MC_everything           0.2986    0.1338     0.4340             0.0012               60            74
 unseen_chemotype                 MC@hgb           0.2006    0.0394     0.3421             0.0088               49            74
 unseen_chemotype               MC@ridge           0.0847   -0.0445     0.2376             0.0924               44            74
 unseen_chemotype            MC_ecfp@hgb           0.3012    0.0537     0.4568             0.0080               53            74
 unseen_chemotype          MC_ecfp@ridge           0.1660   -0.0607     0.3203             0.0712               50            74
 unseen_chemotype       MC_lig2d_ext@hgb           0.2570    0.1103     0.4261             0.0012               52            74
 unseen_chemotype     MC_lig2d_ext@ridge          -0.1369   -0.3955     0.1412             0.8416               44            74
 unseen_chemotype           MC_all2d@hgb           0.2770    0.1372     0.4341             0.0006               54            74
 unseen_chemotype         MC_all2d@ridge          -0.0576   -0.2475     0.2391             0.6423               48            74
 unseen_chemotype           MC_ecfp_SHUF           0.1824    0.0568     0.3164             0.0036               47            74
 unseen_chemotype      MC_lig2d_ext_SHUF           0.1797    0.0586     0.3043             0.0028               45            74
 unseen_chemotype         MC_donors_SHUF           0.2027    0.0616     0.3325             0.0024               49            74
 unseen_chemotype           MC_cond_SHUF          -0.1487   -0.2472    -0.0797             1.0000               13            74
 unseen_chemotype        NULL_metal_mean          -0.1004   -0.1669    -0.0381             0.9982               21            74
 unseen_chemotype       NULL_global_mean          -0.0843   -0.1684    -0.0182             0.9924               26            74
 unseen_chemotype   NULL_extractant_mean          -0.0843   -0.1684    -0.0182             0.9924               26            74
 unseen_chemotype NULL_nearest_condition          -0.0843   -0.1684    -0.0182             0.9924               26            74
unseen_conditions                 A_cond           0.2833    0.1042     0.4631             0.0018               46            74
unseen_conditions             A_physchem           0.2497    0.1065     0.4013             0.0008               44            74
unseen_conditions                 A_ecfp           0.2055    0.0600     0.3622             0.0034               45            74
unseen_conditions            A_lig2d_ext           0.2431    0.0875     0.4028             0.0018               46            74
unseen_conditions               A_donors           0.2293    0.1085     0.3604             0.0002               51            74
unseen_conditions         A_complex_phys           0.3307    0.2016     0.4658             0.0002               56            74
unseen_conditions           A_polyhedron           0.2961    0.1680     0.4325             0.0002               52            74
unseen_conditions                     MC           0.2960    0.1195     0.4745             0.0002               46            74
unseen_conditions            MC_physchem           0.5352    0.3648     0.7024             0.0002               58            74
unseen_conditions                MC_ecfp           0.5210    0.3520     0.6923             0.0002               56            74
unseen_conditions           MC_lig2d_ext           0.5293    0.3646     0.6990             0.0002               55            74
unseen_conditions              MC_donors           0.4187    0.2377     0.6072             0.0002               53            74
unseen_conditions        MC_complex_phys           0.5181    0.3578     0.6786             0.0002               61            74
unseen_conditions          MC_polyhedron           0.4837    0.3286     0.6428             0.0002               60            74
unseen_conditions               MC_all2d           0.5253    0.3619     0.6937             0.0002               56            74
unseen_conditions               MC_all3d           0.5162    0.3463     0.6867             0.0002               61            74
unseen_conditions          MC_everything           0.5557    0.3955     0.7230             0.0002               57            74
unseen_conditions                 MC@hgb           0.3883    0.2190     0.5661             0.0002               56            74
unseen_conditions               MC@ridge           0.1258   -0.0282     0.2839             0.0556               42            74
unseen_conditions            MC_ecfp@hgb           0.4565    0.2643     0.6566             0.0002               53            74
unseen_conditions          MC_ecfp@ridge           0.2029    0.0078     0.3970             0.0202               52            74
unseen_conditions       MC_lig2d_ext@hgb           0.5135    0.3239     0.7091             0.0002               57            74
unseen_conditions     MC_lig2d_ext@ridge           0.1936   -0.0228     0.4001             0.0392               52            74
unseen_conditions           MC_all2d@hgb           0.5159    0.3275     0.7082             0.0002               59            74
unseen_conditions         MC_all2d@ridge           0.2467    0.0598     0.4350             0.0048               53            74
unseen_conditions           MC_ecfp_SHUF           0.2649    0.1112     0.4252             0.0004               46            74
unseen_conditions      MC_lig2d_ext_SHUF           0.2565    0.1127     0.4097             0.0002               47            74
unseen_conditions         MC_donors_SHUF           0.2846    0.1229     0.4490             0.0002               47            74
unseen_conditions           MC_cond_SHUF          -0.1170   -0.1520    -0.0834             1.0000               16            74
unseen_conditions        NULL_metal_mean           0.0009   -0.0715     0.0701             0.5007               38            74
unseen_conditions       NULL_global_mean          -0.0204   -0.0899     0.0468             0.7255               41            74
unseen_conditions   NULL_extractant_mean           0.2693    0.1223     0.4194             0.0002               48            74
unseen_conditions NULL_nearest_condition           0.4524    0.2818     0.6237             0.0002               55            74
    unseen_ligand                 A_cond           0.2904    0.1236     0.4579             0.0002               51            74
    unseen_ligand             A_physchem           0.2067    0.0849     0.3345             0.0004               47            74
    unseen_ligand                 A_ecfp           0.1783    0.0633     0.2966             0.0012               44            74
    unseen_ligand            A_lig2d_ext           0.2533    0.1322     0.3801             0.0002               51            74
    unseen_ligand               A_donors           0.2048    0.1012     0.3120             0.0002               51            74
    unseen_ligand         A_complex_phys           0.1808    0.0973     0.2670             0.0002               52            74
    unseen_ligand           A_polyhedron           0.1481    0.0653     0.2342             0.0004               43            74
    unseen_ligand                     MC           0.3342    0.1666     0.5018             0.0002               55            74
    unseen_ligand            MC_physchem           0.3935    0.2333     0.5535             0.0002               60            74
    unseen_ligand                MC_ecfp           0.3825    0.2415     0.5260             0.0002               54            74
    unseen_ligand           MC_lig2d_ext           0.4571    0.3146     0.6005             0.0002               61            74
    unseen_ligand              MC_donors           0.4184    0.2640     0.5725             0.0002               60            74
    unseen_ligand        MC_complex_phys           0.3207    0.1928     0.4440             0.0002               61            74
    unseen_ligand          MC_polyhedron           0.2933    0.1819     0.4045             0.0002               57            74
    unseen_ligand               MC_all2d           0.4188    0.2810     0.5581             0.0002               61            74
    unseen_ligand               MC_all3d           0.3172    0.1859     0.4461             0.0002               56            74
    unseen_ligand          MC_everything           0.4057    0.2660     0.5458             0.0002               58            74
    unseen_ligand                 MC@hgb           0.3577    0.1954     0.5215             0.0002               52            74
    unseen_ligand               MC@ridge           0.1940    0.0690     0.3190             0.0020               47            74
    unseen_ligand            MC_ecfp@hgb           0.4062    0.2362     0.5731             0.0002               56            74
    unseen_ligand          MC_ecfp@ridge           0.2162    0.0600     0.3712             0.0032               51            74
    unseen_ligand       MC_lig2d_ext@hgb           0.4326    0.2709     0.5901             0.0002               62            74
    unseen_ligand     MC_lig2d_ext@ridge           0.0241   -0.2278     0.2604             0.4163               49            74
    unseen_ligand           MC_all2d@hgb           0.4386    0.2806     0.5941             0.0002               61            74
    unseen_ligand         MC_all2d@ridge           0.2209    0.0550     0.3841             0.0054               50            74
    unseen_ligand           MC_ecfp_SHUF           0.2773    0.1259     0.4256             0.0002               50            74
    unseen_ligand      MC_lig2d_ext_SHUF           0.2659    0.1263     0.4019             0.0002               49            74
    unseen_ligand         MC_donors_SHUF           0.2979    0.1411     0.4519             0.0002               50            74
    unseen_ligand           MC_cond_SHUF          -0.1397   -0.1826    -0.0976             1.0000               12            74
    unseen_ligand        NULL_metal_mean          -0.0319   -0.0892     0.0247             0.8712               35            74
    unseen_ligand       NULL_global_mean          -0.0509   -0.1089     0.0062             0.9600               30            74
    unseen_ligand   NULL_extractant_mean          -0.0509   -0.1089     0.0062             0.9600               30            74
    unseen_ligand NULL_nearest_condition          -0.0509   -0.1089     0.0062             0.9600               30            74
    unseen_series                 A_cond           0.3121    0.1603     0.4659             0.0002               48            74
    unseen_series             A_physchem           0.1886    0.0435     0.3381             0.0054               45            74
    unseen_series                 A_ecfp           0.2131    0.0771     0.3580             0.0008               49            74
    unseen_series            A_lig2d_ext           0.2254    0.0690     0.3825             0.0032               49            74
    unseen_series               A_donors           0.2227    0.1035     0.3525             0.0002               50            74
    unseen_series         A_complex_phys           0.2611    0.1444     0.3859             0.0002               52            74
    unseen_series           A_polyhedron           0.2238    0.1086     0.3471             0.0002               50            74
    unseen_series                     MC           0.3760    0.2287     0.5260             0.0002               53            74
    unseen_series            MC_physchem           0.4196    0.2610     0.5797             0.0002               58            74
    unseen_series                MC_ecfp           0.4614    0.3108     0.6154             0.0002               55            74
    unseen_series           MC_lig2d_ext           0.4777    0.3293     0.6300             0.0002               58            74
    unseen_series              MC_donors           0.4948    0.3446     0.6485             0.0002               60            74
    unseen_series        MC_complex_phys           0.4158    0.2743     0.5562             0.0002               58            74
    unseen_series          MC_polyhedron           0.3930    0.2604     0.5271             0.0002               57            74
    unseen_series               MC_all2d           0.4621    0.3138     0.6146             0.0002               57            74
    unseen_series               MC_all3d           0.4360    0.2917     0.5831             0.0002               57            74
    unseen_series          MC_everything           0.4793    0.3318     0.6319             0.0002               56            74
    unseen_series                 MC@hgb           0.4441    0.2941     0.5966             0.0002               57            74
    unseen_series               MC@ridge           0.1992    0.0720     0.3306             0.0008               46            74
    unseen_series            MC_ecfp@hgb           0.5066    0.3393     0.6761             0.0002               61            74
    unseen_series          MC_ecfp@ridge           0.1965    0.0187     0.3671             0.0148               46            74
    unseen_series       MC_lig2d_ext@hgb           0.4538    0.2737     0.6334             0.0002               58            74
    unseen_series     MC_lig2d_ext@ridge           0.1433   -0.0756     0.3540             0.0934               44            74
    unseen_series           MC_all2d@hgb           0.4577    0.2804     0.6344             0.0002               60            74
    unseen_series         MC_all2d@ridge           0.2019    0.0215     0.3844             0.0134               47            74
    unseen_series           MC_ecfp_SHUF           0.3333    0.1985     0.4664             0.0002               50            74
    unseen_series      MC_lig2d_ext_SHUF           0.2992    0.1715     0.4261             0.0002               50            74
    unseen_series         MC_donors_SHUF           0.3468    0.2115     0.4810             0.0002               54            74
    unseen_series           MC_cond_SHUF          -0.1343   -0.1816    -0.0875             1.0000               23            74
    unseen_series        NULL_metal_mean          -0.0243   -0.0888     0.0361             0.7832               38            74
    unseen_series       NULL_global_mean          -0.0473   -0.1120     0.0148             0.9326               32            74
    unseen_series   NULL_extractant_mean           0.0874   -0.0649     0.2350             0.1274               38            74
    unseen_series NULL_nearest_condition           0.1052   -0.0607     0.2668             0.1102               33            74

PAIRED CLUSTER BOOTSTRAP vs MC_lig2d_ext (positive delta = candidate better than MC_lig2d_ext)
           regime              candidate  point_delta_mae  ci95_low  ci95_high  p_worse_one_sided  groups_improved  groups_total
 unseen_chemotype                A_metal          -0.3326   -0.4769    -0.1816             1.0000               15            74
 unseen_chemotype                 A_cond          -0.1526   -0.2436    -0.0243             0.9856               22            74
 unseen_chemotype             A_physchem          -0.1950   -0.3007    -0.0403             0.9970               17            74
 unseen_chemotype                 A_ecfp          -0.1502   -0.2850    -0.0643             0.9996               24            74
 unseen_chemotype            A_lig2d_ext          -0.1375   -0.1974    -0.0572             1.0000               20            74
 unseen_chemotype               A_donors          -0.1014   -0.2583     0.0124             0.9574               26            74
 unseen_chemotype         A_complex_phys          -0.1506   -0.2830    -0.0563             0.9988               20            74
 unseen_chemotype           A_polyhedron          -0.1589   -0.3039    -0.0508             0.9980               24            74
 unseen_chemotype                     MC          -0.1097   -0.2269    -0.0057             0.9794               27            74
 unseen_chemotype            MC_physchem          -0.0528   -0.0980     0.0132             0.9416               35            74
 unseen_chemotype                MC_ecfp          -0.0194   -0.1537     0.0706             0.6581               35            74
 unseen_chemotype              MC_donors           0.0070   -0.1007     0.0898             0.4521               35            74
 unseen_chemotype        MC_complex_phys          -0.0849   -0.1517    -0.0100             0.9850               26            74
 unseen_chemotype          MC_polyhedron          -0.0766   -0.1631    -0.0093             0.9844               26            74
 unseen_chemotype               MC_all2d          -0.0307   -0.0810     0.0018             0.9664               32            74
 unseen_chemotype               MC_all3d          -0.0710   -0.1553    -0.0042             0.9806               28            74
 unseen_chemotype          MC_everything          -0.0340   -0.0868     0.0006             0.9722               28            74
 unseen_chemotype                 MC@hgb          -0.1320   -0.2890    -0.0134             0.9872               31            74
 unseen_chemotype               MC@ridge          -0.2478   -0.3277    -0.1378             1.0000               14            74
 unseen_chemotype            MC_ecfp@hgb          -0.0313   -0.1871     0.0692             0.7179               37            74
 unseen_chemotype          MC_ecfp@ridge          -0.1665   -0.3263    -0.0643             0.9998               21            74
 unseen_chemotype       MC_lig2d_ext@hgb          -0.0755   -0.1304     0.0074             0.9612               35            74
 unseen_chemotype     MC_lig2d_ext@ridge          -0.4694   -0.6386    -0.2740             1.0000               16            74
 unseen_chemotype           MC_all2d@hgb          -0.0556   -0.1088     0.0153             0.9296               40            74
 unseen_chemotype         MC_all2d@ridge          -0.3901   -0.5485    -0.1690             1.0000               23            74
 unseen_chemotype           MC_ecfp_SHUF          -0.1501   -0.2476    -0.0539             0.9962               22            74
 unseen_chemotype      MC_lig2d_ext_SHUF          -0.1529   -0.2510    -0.0590             0.9970               26            74
 unseen_chemotype         MC_donors_SHUF          -0.1298   -0.2394    -0.0407             0.9952               24            74
 unseen_chemotype           MC_cond_SHUF          -0.4813   -0.6777    -0.3444             1.0000               10            74
 unseen_chemotype        NULL_metal_mean          -0.4329   -0.6085    -0.2620             1.0000               12            74
 unseen_chemotype       NULL_global_mean          -0.4168   -0.6106    -0.2373             1.0000               19            74
 unseen_chemotype   NULL_extractant_mean          -0.4168   -0.6106    -0.2373             1.0000               19            74
 unseen_chemotype NULL_nearest_condition          -0.4168   -0.6106    -0.2373             1.0000               19            74
unseen_conditions                A_metal          -0.5293   -0.6990    -0.3646             1.0000               19            74
unseen_conditions                 A_cond          -0.2460   -0.3588    -0.1356             1.0000               23            74
unseen_conditions             A_physchem          -0.2796   -0.3709    -0.1869             1.0000               15            74
unseen_conditions                 A_ecfp          -0.3238   -0.4486    -0.1986             1.0000               21            74
unseen_conditions            A_lig2d_ext          -0.2862   -0.3644    -0.2073             1.0000               18            74
unseen_conditions               A_donors          -0.3000   -0.4218    -0.1755             1.0000               16            74
unseen_conditions         A_complex_phys          -0.1986   -0.2989    -0.0990             1.0000               20            74
unseen_conditions           A_polyhedron          -0.2332   -0.3360    -0.1264             1.0000               19            74
unseen_conditions                     MC          -0.2333   -0.3457    -0.1232             1.0000               23            74
unseen_conditions            MC_physchem           0.0059   -0.0632     0.0832             0.4643               42            74
unseen_conditions                MC_ecfp          -0.0083   -0.1127     0.0928             0.5579               43            74
unseen_conditions              MC_donors          -0.1106   -0.2129    -0.0144             0.9894               36            74
unseen_conditions        MC_complex_phys          -0.0113   -0.0738     0.0611             0.6407               28            74
unseen_conditions          MC_polyhedron          -0.0456   -0.1166     0.0361             0.8744               27            74
unseen_conditions               MC_all2d          -0.0041   -0.0311     0.0202             0.6099               40            74
unseen_conditions               MC_all3d          -0.0132   -0.0868     0.0716             0.6351               32            74
unseen_conditions          MC_everything           0.0264   -0.0217     0.0783             0.1510               44            74
unseen_conditions                 MC@hgb          -0.1410   -0.2580    -0.0298             0.9950               32            74
unseen_conditions               MC@ridge          -0.4035   -0.5268    -0.2777             1.0000               14            74
unseen_conditions            MC_ecfp@hgb          -0.0728   -0.1800     0.0247             0.9184               38            74
unseen_conditions          MC_ecfp@ridge          -0.3265   -0.4442    -0.2192             1.0000               10            74
unseen_conditions       MC_lig2d_ext@hgb          -0.0158   -0.0758     0.0471             0.6863               36            74
unseen_conditions     MC_lig2d_ext@ridge          -0.3357   -0.4821    -0.2031             1.0000               14            74
unseen_conditions           MC_all2d@hgb          -0.0134   -0.0739     0.0489             0.6527               35            74
unseen_conditions         MC_all2d@ridge          -0.2826   -0.3989    -0.1780             1.0000               12            74
unseen_conditions           MC_ecfp_SHUF          -0.2644   -0.3694    -0.1628             1.0000               23            74
unseen_conditions      MC_lig2d_ext_SHUF          -0.2729   -0.3766    -0.1710             1.0000               18            74
unseen_conditions         MC_donors_SHUF          -0.2447   -0.3480    -0.1438             1.0000               22            74
unseen_conditions           MC_cond_SHUF          -0.6464   -0.8169    -0.4854             1.0000               14            74
unseen_conditions        NULL_metal_mean          -0.5285   -0.7182    -0.3520             1.0000               14            74
unseen_conditions       NULL_global_mean          -0.5497   -0.7426    -0.3745             1.0000               19            74
unseen_conditions   NULL_extractant_mean          -0.2600   -0.3700    -0.1435             1.0000               18            74
unseen_conditions NULL_nearest_condition          -0.0769   -0.1872     0.0330             0.9116               34            74
    unseen_ligand                A_metal          -0.4571   -0.6005    -0.3146             1.0000               13            74
    unseen_ligand                 A_cond          -0.1667   -0.2752    -0.0605             0.9998               34            74
    unseen_ligand             A_physchem          -0.2504   -0.3422    -0.1615             1.0000               15            74
    unseen_ligand                 A_ecfp          -0.2788   -0.3711    -0.1800             1.0000               14            74
    unseen_ligand            A_lig2d_ext          -0.2038   -0.2712    -0.1360             1.0000               20            74
    unseen_ligand               A_donors          -0.2523   -0.3620    -0.1394             0.9998               15            74
    unseen_ligand         A_complex_phys          -0.2763   -0.3828    -0.1669             0.9998               12            74
    unseen_ligand           A_polyhedron          -0.3090   -0.4248    -0.1901             1.0000               15            74
    unseen_ligand                     MC          -0.1229   -0.2290    -0.0217             0.9912               32            74
    unseen_ligand            MC_physchem          -0.0636   -0.1186    -0.0121             0.9932               30            74
    unseen_ligand                MC_ecfp          -0.0746   -0.1481    -0.0012             0.9776               28            74
    unseen_ligand              MC_donors          -0.0387   -0.1304     0.0463             0.8042               35            74
    unseen_ligand        MC_complex_phys          -0.1364   -0.2169    -0.0640             1.0000               23            74
    unseen_ligand          MC_polyhedron          -0.1638   -0.2444    -0.0847             1.0000               19            74
    unseen_ligand               MC_all2d          -0.0383   -0.0693    -0.0075             0.9924               30            74
    unseen_ligand               MC_all3d          -0.1399   -0.2236    -0.0649             1.0000               24            74
    unseen_ligand          MC_everything          -0.0514   -0.0901    -0.0099             0.9912               25            74
    unseen_ligand                 MC@hgb          -0.0994   -0.2009    -0.0025             0.9790               30            74
    unseen_ligand               MC@ridge          -0.2631   -0.3450    -0.1750             1.0000               10            74
    unseen_ligand            MC_ecfp@hgb          -0.0509   -0.1195     0.0181             0.9260               31            74
    unseen_ligand          MC_ecfp@ridge          -0.2409   -0.3319    -0.1504             1.0000               19            74
    unseen_ligand       MC_lig2d_ext@hgb          -0.0245   -0.0804     0.0310             0.8010               32            74
    unseen_ligand     MC_lig2d_ext@ridge          -0.4330   -0.6186    -0.2668             1.0000               14            74
    unseen_ligand           MC_all2d@hgb          -0.0185   -0.0744     0.0345             0.7363               35            74
    unseen_ligand         MC_all2d@ridge          -0.2362   -0.3287    -0.1468             1.0000               18            74
    unseen_ligand           MC_ecfp_SHUF          -0.1798   -0.2709    -0.0922             1.0000               22            74
    unseen_ligand      MC_lig2d_ext_SHUF          -0.1912   -0.2812    -0.1073             1.0000               19            74
    unseen_ligand         MC_donors_SHUF          -0.1592   -0.2549    -0.0672             1.0000               24            74
    unseen_ligand           MC_cond_SHUF          -0.5968   -0.7351    -0.4599             1.0000               13            74
    unseen_ligand        NULL_metal_mean          -0.4890   -0.6452    -0.3384             1.0000               13            74
    unseen_ligand       NULL_global_mean          -0.5080   -0.6706    -0.3508             1.0000               13            74
    unseen_ligand   NULL_extractant_mean          -0.5080   -0.6706    -0.3508             1.0000               13            74
    unseen_ligand NULL_nearest_condition          -0.5080   -0.6706    -0.3508             1.0000               13            74
    unseen_series                A_metal          -0.4777   -0.6300    -0.3293             1.0000               16            74
    unseen_series                 A_cond          -0.1656   -0.2886    -0.0376             0.9954               28            74
    unseen_series             A_physchem          -0.2890   -0.3949    -0.1874             1.0000               19            74
    unseen_series                 A_ecfp          -0.2646   -0.3653    -0.1645             1.0000               20            74
    unseen_series            A_lig2d_ext          -0.2523   -0.3534    -0.1622             1.0000               22            74
    unseen_series               A_donors          -0.2549   -0.3701    -0.1405             1.0000               20            74
    unseen_series         A_complex_phys          -0.2166   -0.3047    -0.1323             1.0000               20            74
    unseen_series           A_polyhedron          -0.2539   -0.3466    -0.1615             1.0000               22            74
    unseen_series                     MC          -0.1017   -0.2112     0.0101             0.9632               29            74
    unseen_series            MC_physchem          -0.0581   -0.1173    -0.0035             0.9814               33            74
    unseen_series                MC_ecfp          -0.0163   -0.0966     0.0573             0.6545               40            74
    unseen_series              MC_donors           0.0172   -0.0631     0.0931             0.3299               37            74
    unseen_series        MC_complex_phys          -0.0619   -0.1312     0.0067             0.9626               26            74
    unseen_series          MC_polyhedron          -0.0847   -0.1518    -0.0156             0.9920               24            74
    unseen_series               MC_all2d          -0.0156   -0.0462     0.0135             0.8462               31            74
    unseen_series               MC_all3d          -0.0417   -0.1123     0.0287             0.8798               25            74
    unseen_series          MC_everything           0.0016   -0.0438     0.0483             0.4759               34            74
    unseen_series                 MC@hgb          -0.0336   -0.1405     0.0722             0.7277               32            74
    unseen_series               MC@ridge          -0.2785   -0.3952    -0.1596             0.9998               18            74
    unseen_series            MC_ecfp@hgb           0.0289   -0.0407     0.0983             0.2112               44            74
    unseen_series          MC_ecfp@ridge          -0.2812   -0.3956    -0.1730             1.0000               16            74
    unseen_series       MC_lig2d_ext@hgb          -0.0239   -0.0963     0.0418             0.7463               38            74
    unseen_series     MC_lig2d_ext@ridge          -0.3344   -0.4828    -0.2015             1.0000               16            74
    unseen_series           MC_all2d@hgb          -0.0200   -0.0853     0.0405             0.7247               36            74
    unseen_series         MC_all2d@ridge          -0.2758   -0.3843    -0.1746             1.0000               15            74
    unseen_series           MC_ecfp_SHUF          -0.1444   -0.2485    -0.0405             0.9970               28            74
    unseen_series      MC_lig2d_ext_SHUF          -0.1785   -0.2810    -0.0775             0.9998               25            74
    unseen_series         MC_donors_SHUF          -0.1309   -0.2355    -0.0253             0.9932               27            74
    unseen_series           MC_cond_SHUF          -0.6119   -0.7674    -0.4609             1.0000               13            74
    unseen_series        NULL_metal_mean          -0.5020   -0.6748    -0.3406             1.0000               18            74
    unseen_series       NULL_global_mean          -0.5250   -0.7068    -0.3564             1.0000               21            74
    unseen_series   NULL_extractant_mean          -0.3902   -0.5255    -0.2628             1.0000               18            74
    unseen_series NULL_nearest_condition          -0.3725   -0.5032    -0.2480             1.0000               15            74

K-SHOT ON LEVELS (unseen ligand), one arm. Columns from most to least contaminated:
  mae_all = every query row; mae_free = condition vector not in the k support rows (same titration
  curve still allowed); mae_series_free = measurement series not in the support either — the transfer
  number. All three are averaged over the SAME draws (those where mae_series_free exists), so the
  gaps between them are real. NULL_kmean = mean of the k measured values, no model — the model must
  beat this, not k=0. n_extractants = extractants contributing to that row.
  none (k=0) = zero-shot over all query rows. none_at_k = the SAME zero-shot prediction
  restricted to that k's masks — compare the calibrated forms against none_at_k, never
  against the k=0 row, which is averaged over a different (larger) set of draws.
    arm  k       form  mae_all  mae_free  mae_series_free  n_draws  n_extractants  reject
MC_ecfp  0       none   0.9517    0.9517           0.9517     4000             40     0.0
MC_ecfp  1  none_at_k   0.9183    0.9273           0.9032     3399             34     0.0
MC_ecfp  1 NULL_kmean   1.2225    1.2702           1.3828     3399             34     0.0
MC_ecfp  1     offset   0.8727    0.9012           0.9523     3399             34     0.0
MC_ecfp  1      scale   0.8712    0.8948           0.9300     3399             34     0.0
MC_ecfp  1     affine   0.8731    0.9062           0.9679     3399             34     0.0
MC_ecfp  2  none_at_k   0.9148    0.9381           0.9252     2762             34     0.0
MC_ecfp  2 NULL_kmean   1.1120    1.1552           1.2468     2762             34     0.0
MC_ecfp  2     offset   0.8456    0.8854           0.9519     2762             34     0.0
MC_ecfp  2      scale   0.8477    0.8835           0.9399     2762             34     0.0
MC_ecfp  2     affine   0.8363    0.8808           0.9579     2762             34     0.0
MC_ecfp  3  none_at_k   0.9170    0.9550           0.9501     2374             34     0.0
MC_ecfp  3 NULL_kmean   1.0760    1.1244           1.2062     2374             34     0.0
MC_ecfp  3     offset   0.8269    0.8730           0.9540     2374             34     0.0
MC_ecfp  3      scale   0.8329    0.8807           0.9485     2374             34     0.0
MC_ecfp  3     affine   0.8100    0.8627           0.9594     2374             34     0.0
MC_ecfp  5  none_at_k   0.9201    0.9829           0.9911     1942             34     0.0
MC_ecfp  5 NULL_kmean   1.0405    1.0923           1.1967     1942             34     0.0
MC_ecfp  5     offset   0.8013    0.8521           0.9761     1942             34     0.0
MC_ecfp  5      scale   0.8122    0.8705           0.9615     1942             34     0.0
MC_ecfp  5     affine   0.7758    0.8332           0.9795     1942             34     0.0
  CAUTION: read ACROSS a k (forms are on identical rows), not DOWN it. Each k keeps only the
  draws where mae_series_free exists at that k, so n_draws/n_extractants shrink as k grows and
  the k=1 and k=5 rows describe different ligand populations. 6 of 40 admitted extractants have
  a single measurement series and can never contribute a series-free row at any k.
  Admission gate: n_query >= 10 after the k_max support (--kshot-min-query); a k-shot table is only comparable across runs at an equal gate.
[00:34:09] written to /nfs/home/nshank3/ml_separator/runs/gen5_levels_20260818T211105Z
