build_id,geometry_key,geometry_source,xyz_path,n_atoms,xtb_properties_available,xtb_provenance,complex_pi_eligible
ebd03e170d8f,58|CCCCCCOP(=O)(O)OCCCCCC|nitrate,final_dataset_3d/accepted_geometries.csv,geometries/Ce_03c12597fa60.xyz,89,False,unverified_missing_xtb_properties,False
03f87059d30f,58|CC(C)CCCC(C)CCCCN(C)C(=O)COCC(=O)N(C)CCCCC(C)CCCC(C)C|water,final_dataset_3d/accepted_geometries.csv,geometries/Ce_03f87059d30f.xyz,286,True,extxyz_xtb_properties_present,True
0453c5e4f135,58|c1ccc2c(c1)OCCOCCOc1ccccc1OCCOCCO2|nitrate,final_dataset_3d/accepted_geometries.csv,geometries/Ce_0453c5e4f135.xyz,58,True,extxyz_xtb_properties_present,True
071dab5d8629,58|CCCCCCN(CCC(C)CCC=C(C)C)C(=O)COCC(=O)N(CCCCCC)CCC(C)CCC=C(C)C|water,final_dataset_3d/accepted_geometries.csv,geometries/Ce_071dab5d8629.xyz,328,True,extxyz_xtb_properties_present,True
0d6f25660483,58|CCN(C(=O)c1cccc(-c2cccc(C(=O)N(CC)c3ccc(C)cc3C)n2)n1)c1ccc(C)cc1C|nitrate,final_dataset_3d/accepted_geometries.csv,geometries/Ce_0d6f25660483.xyz,148,True,extxyz_xtb_properties_present,True
0dd26267bf56,58|CN(C(=O)COCC(=O)N(C)c1ccccc1)c1ccccc1|nitrate,final_dataset_3d/accepted_geometries.csv,geometries/Ce_0dd26267bf56.xyz,130,True,extxyz_xtb_properties_present,True
12c512965f48,58|CCCCCCCCN(CCCCCCCC)C(=O)COCCOCC(=O)N(CCCCCCCC)CCCCCCCC|nitrate,final_dataset_3d/accepted_geometries.csv,geometries/Ce_12c512965f48.xyz,244,True,extxyz_xtb_properties_present,True
13028df1064c,58|CCCCCCCCN(C)C(=O)COCC(=O)N(C)CCCCCCCC|water,final_dataset_3d/accepted_geometries.csv,geometries/Ce_13028df1064c.xyz,214,True,extxyz_xtb_properties_present,True
1c8d038cf561,58|c1cc2nc(c1)COc1ccccc1OCCOCCOc1ccccc1OC2|nitrate,final_dataset_3d/accepted_geometries.csv,geometries/Ce_1c8d038cf561.xyz,60,True,extxyz_xtb_properties_present,True
1ce299c12425,58|CCCCCCCCC(C)(C)SCC1CN(C(=O)COCC(=O)N2CC(C)C(CSC(C)(C)CCCCCCCC)C2)CC1C|water,final_dataset_3d/accepted_geometries.csv,geometries/Ce_1ce299c12425.xyz,352,True,extxyz_xtb_properties_present,True
38aae406e17f,58|O=C(O)CN(CCO)CCN(CC(=O)O)CC(=O)O|nitrate,final_dataset_3d/accepted_geometries.csv,geometries/Ce_1deb3f946bab.xyz,42,True,extxyz_xtb_properties_present,True
767120592b2e,58|CCCCCCn1c(-c2ccccc2)c(-c2ccccc2)c2cc3ccc4cc5c(-c6ccccc6)c(-c6ccccc6)n(CCCCCC)c(=O)c5nc4c3nc2c1=O|water,final_dataset_3d/accepted_geometries.csv,geometries/Ce_1e103e29e69e.xyz,126,True,extxyz_xtb_properties_present,True
1f868e7f9752,58|CCCCCCCCCCCCN(CCCCCCCCCCCC)C(=O)COC1CCCN(CCCCCC)C1=O|nitrate,final_dataset_3d/accepted_geometries.csv,geometries/Ce_1f868e7f9752.xyz,343,True,extxyz_xtb_properties_present,True
ece8d8720fdf,58|CCCCCCn1c(-c2ccccc2)c(-c2ccccc2)c2cc3ccc4cc5c(-c6ccccc6)c(-c6ccccc6)n(CCCCCC)c(=O)c5nc4c3nc2c1=O|nitrate,final_dataset_3d/accepted_geometries.csv,geometries/Ce_23bc11341179.xyz,119,True,extxyz_xtb_properties_present,True
27bd49628d7d,58|CCCCCCCCN(CCCCCCCC)C(=O)[C@H](C)O[C@@H](C)C(=O)N(CCCCCCCC)CCCCCCCC|nitrate,final_dataset_3d/accepted_geometries.csv,geometries/Ce_27bd49628d7d.xyz,358,True,extxyz_xtb_properties_present,True
2bb8a487a3df,58|CCCCCCCCN(CCCCCCCC)C(=O)COCC(=O)N(CCCCCCCC)CCCCCCCC|water,final_dataset_3d/accepted_geometries.csv,geometries/Ce_2bb8a487a3df.xyz,340,True,extxyz_xtb_properties_present,True
2cd2f8a48ec8,58|CCCCCCCCN(CCCCCCCC)C(=O)c1ccc2ccc3ccc(C(=O)N(CCCCCCCC)CCCCCCCC)nc3c2n1|water,final_dataset_3d/accepted_geometries.csv,geometries/Ce_2cd2f8a48ec8.xyz,256,True,extxyz_xtb_properties_present,True
35a401f1b743,58|CCCCCCCCP(=O)(CC(=O)N(CC(C)C)CC(C)C)c1ccccc1|nitrate,final_dataset_3d/accepted_geometries.csv,geometries/Ce_35a401f1b743.xyz,284,True,extxyz_xtb_properties_present,True
3789eabe5f06,58|CCCCCCCCN(CCC(C)CC(C)(C)C)C(=O)COCC(=O)N(CCCCCCCC)CCC(C)CC(C)(C)C|water,final_dataset_3d/accepted_geometries.csv,geometries/Ce_3789eabe5f06.xyz,358,True,extxyz_xtb_properties_present,True
3a24ab54d81a,58|CCCCCCCCN(C)C(=O)COCC(=O)N(CCCCCCCC)CCCCCCCC|water,final_dataset_3d/accepted_geometries.csv,geometries/Ce_3a24ab54d81a.xyz,277,True,extxyz_xtb_properties_present,True
3ba1ae8a2e42,58|CCCCN(CCCC)C(=O)COCC(=O)N(CCCC)CCCC|nitrate,final_dataset_3d/accepted_geometries.csv,geometries/Ce_3ba1ae8a2e42.xyz,196,True,extxyz_xtb_properties_present,True
3fdaf88840c9,58|CCN(C(=O)c1cccc(C(=O)N(CC)c2cccc(C)c2)n1)c1cccc(C)c1|nitrate,final_dataset_3d/accepted_geometries.csv,geometries/Ce_3fdaf88840c9.xyz,172,True,extxyz_xtb_properties_present,True
432d228e95b0,58|CCCCCCCCN(C)C(=O)C(CCOCCCCCC)C(=O)N(C)CCCCCCCC|nitrate,final_dataset_3d/accepted_geometries.csv,geometries/Ce_432d228e95b0.xyz,277,True,extxyz_xtb_properties_present,True
a81c6e51917a,58|CC12CCC(c3nnc(-c4cccc(-c5nnc6c(n5)C5(C)CCC6C5(C)C)n4)nc31)C2(C)C|nitrate,final_dataset_3d/accepted_geometries.csv,geometries/Ce_436f63f21bbe.xyz,196,True,extxyz_xtb_properties_present,True
453fd2c396d7,58|CCCCC(CC)CN(CC(CC)CCCC)C(=O)COCC(=O)N(CC(CC)CCCC)CC(CC)CCCC|water,final_dataset_3d/accepted_geometries.csv,geometries/Ce_453fd2c396d7.xyz,340,True,extxyz_xtb_properties_present,True
4a2a29392892,58|CCCCCCCCCCN(CCCCCCCCCC)C(=O)[C@H](C)O[C@H](CC)C(=O)N(CCCCCCCCCC)CCCCCCCCCC|nitrate,final_dataset_3d/accepted_geometries.csv,geometries/Ce_4a2a29392892.xyz,439,True,extxyz_xtb_properties_present,True
4c832a9d11b3,58|CCCCCCCCCCCCN(CCCCCCCCCCCC)C(=O)COCCOCC(=O)N(CCCCCCCCCCCC)CCCCCCCCCCCC|nitrate,final_dataset_3d/accepted_geometries.csv,geometries/Ce_4c832a9d11b3.xyz,340,True,extxyz_xtb_properties_present,True
b977d7df5bfe,58|CC1(C)CCC(C)(C)c2nc(-c3cccc(-c4cccc(-c5nnc6c(n5)C(C)(C)CCC6(C)C)n4)n3)nnc21|nitrate,final_dataset_3d/accepted_geometries.csv,geometries/Ce_4de900a55128.xyz,87,True,extxyz_xtb_properties_present,True
571ba3077142,58|COCCN(CCOC)C(=O)COCC(=O)N(CCOC)CCOC|water,final_dataset_3d/accepted_geometries.csv,geometries/Ce_571ba3077142.xyz,64,True,extxyz_xtb_properties_present,True
5aa4cf743db2,58|CN(C(=O)c1cccc(C(=O)N(C)c2ccccc2)n1)c1ccccc1|nitrate,final_dataset_3d/accepted_geometries.csv,geometries/Ce_5aa4cf743db2.xyz,136,True,extxyz_xtb_properties_present,True
9ea34695245b,58|O=C(O)CN(CC(=O)O)C1CCCCC1N(CC(=O)O)CC(=O)O|nitrate,final_dataset_3d/accepted_geometries.csv,geometries/Ce_6774552a35e9.xyz,51,True,extxyz_xtb_properties_present,True
6c4c4b9f9946,58|CCCCCCCCN(CCCCCCCC)C(=O)C(C)OC(C)C(=O)N(CCCCCCCC)CCCCCCCC|nitrate,final_dataset_3d/accepted_geometries.csv,geometries/Ce_6c4c4b9f9946.xyz,358,True,extxyz_xtb_properties_present,True
b0f064433a85,58|CCCCCc1nnc(-c2cccc(-c3cccc(-c4nnc(CCCCC)c(CCCCC)n4)n3)n2)nc1CCCCC|nitrate,final_dataset_3d/accepted_geometries.csv,geometries/Ce_70e091c4e6a2.xyz,103,True,extxyz_xtb_properties_present,True
71027d67add4,58|CCCCCCCCN(CCCCCCCC)C(=O)[C@H](CCC)O[C@H](CCC)C(=O)N(CCCCCCCC)CCCCCCCC|nitrate,final_dataset_3d/accepted_geometries.csv,geometries/Ce_71027d67add4.xyz,394,True,extxyz_xtb_properties_present,True
7f484cb99e8d,58|CCN(CC)C(=O)COCC(=O)N(CC)CC|nitrate,final_dataset_3d/accepted_geometries.csv,geometries/Ce_7f484cb99e8d.xyz,124,True,extxyz_xtb_properties_present,True
816fdab6b6d4,58|CCCCCCC(CCCC)CCCN(C)C(=O)COCC(=O)N(C)CCCC(CCCC)CCCCCC|water,final_dataset_3d/accepted_geometries.csv,geometries/Ce_816fdab6b6d4.xyz,322,True,extxyz_xtb_properties_present,True
823ce0596fcf,58|CCCCCCCCP(=O)(CCCCCCCC)Cc1cccc(CP(=O)(CCCCCCCC)CCCCCCCC)[n+]1[O-]|nitrate,final_dataset_3d/accepted_geometries.csv,geometries/Ce_823ce0596fcf.xyz,361,True,extxyz_xtb_properties_present,True
843d313cd0ba,58|O=C(COCC(=O)N1CCCCC1)N1CCCCC1|water,final_dataset_3d/accepted_geometries.csv,geometries/Ce_843d313cd0ba.xyz,130,True,extxyz_xtb_properties_present,True
86c6baa1f1ac,58|CCCCCCCCN(CCCC(CCCC)CCCCCC)C(=O)COCC(=O)N(CCCCCCCC)CCCC(CCCC)CCCCCC|water,final_dataset_3d/accepted_geometries.csv,geometries/Ce_86c6baa1f1ac.xyz,448,True,extxyz_xtb_properties_present,True
88362553f959,58|CCCCCCCCP(=O)(CCCCCCCC)Cc1cccc(CP(=O)(CCCCCCCC)CCCCCCCC)[n+]1[O-]|water,final_dataset_3d/accepted_geometries.csv,geometries/Ce_88362553f959.xyz,361,True,extxyz_xtb_properties_present,True
3b2820db6fc4,58|CCCCCCCCN(CCCCCCCC)C(=O)CN(CC(=O)N(CCCCCCCC)CCCCCCCC)CC(=O)N(CCCCCCCC)CCCCCCCC|nitrate,final_dataset_3d/accepted_geometries.csv,geometries/Ce_8891c25d4c67.xyz,181,False,unverified_missing_xtb_properties,False
8ed5d86a6446,58|CCCCCCN(CCC(C)CCCC(C)C)C(=O)COCC(=O)N(CCCCCC)CCC(C)CCCC(C)C|water,final_dataset_3d/accepted_geometries.csv,geometries/Ce_8ed5d86a6446.xyz,340,True,extxyz_xtb_properties_present,True
8f30fbba865f,58|CCCCN(CCCC)C(=O)c1ccc2ccc3ccc(C(=O)N(CCCC)CCCC)nc3c2n1|nitrate,final_dataset_3d/accepted_geometries.csv,geometries/Ce_8f30fbba865f.xyz,160,True,extxyz_xtb_properties_present,True
9ce3bd94dcd5,58|O=C(c1cc(Cl)c2ccc3c(Cl)cc(C(=O)N4CCCC4)nc3c2n1)N1CCCC1|nitrate,final_dataset_3d/accepted_geometries.csv,geometries/Ce_9ce3bd94dcd5.xyz,104,True,extxyz_xtb_properties_present,True
db492aca339e,58|CCCc1nnc(-c2cccc(-c3nnc(CCC)c(CCC)n3)n2)nc1CCC|nitrate,final_dataset_3d/accepted_geometries.csv,geometries/Ce_9fa96db16fe2.xyz,184,True,extxyz_xtb_properties_present,True
a8c13c432ddc,58|CCN(C(=O)c1cccc(-c2cccc(C(=O)N(CC)c3ccccc3)n2)n1)c1ccccc1|nitrate,final_dataset_3d/accepted_geometries.csv,geometries/Ce_a8c13c432ddc.xyz,124,True,extxyz_xtb_properties_present,True
aac6ecb6c550,58|CCN(C(=O)c1cccc(-c2cccc(C(=O)N(CC)c3cc(C)ccc3C)n2)n1)c1cc(C)ccc1C|nitrate,final_dataset_3d/accepted_geometries.csv,geometries/Ce_aac6ecb6c550.xyz,148,True,extxyz_xtb_properties_present,True
ac8fe0d053b4,58|CCCCCCCCN(CCC)C(=O)COCC(=O)N(CCC)CCCCCCCC|water,final_dataset_3d/accepted_geometries.csv,geometries/Ce_ac8fe0d053b4.xyz,250,True,extxyz_xtb_properties_present,True
ae2559f4836f,58|CCCCCCCCN(C)C(=O)COCC(=O)N(C)CCCCCCCC|nitrate,final_dataset_3d/accepted_geometries.csv,geometries/Ce_ae2559f4836f.xyz,214,True,extxyz_xtb_properties_present,True
b07fdb80b7a7,58|CCCCCCCCN(CCCCCCCC)C(=O)[C@H](C)O[C@H](C)C(=O)N(CCCCCCCC)CCCCCCCC|nitrate,final_dataset_3d/accepted_geometries.csv,geometries/Ce_b07fdb80b7a7.xyz,358,True,extxyz_xtb_properties_present,True
b57e3861f8d5,58|CCCCCCCCN(CCCCCCCC)C(=O)COCC(=O)N(C)C|water,final_dataset_3d/accepted_geometries.csv,geometries/Ce_b57e3861f8d5.xyz,214,True,extxyz_xtb_properties_present,True
b7ac3832cbad,58|CCCCCCCCCCN(CCCCCCCCCC)C(=O)COCC(=O)N(CCCCCC)CCCCCC|nitrate,final_dataset_3d/accepted_geometries.csv,geometries/Ce_b7ac3832cbad.xyz,340,True,extxyz_xtb_properties_present,True
b9647f2772c3,58|CCCCCCCCN(CC)C(=O)COCC(=O)N(CC)CCCCCCCC|water,final_dataset_3d/accepted_geometries.csv,geometries/Ce_b9647f2772c3.xyz,232,True,extxyz_xtb_properties_present,True
bf3d4b94b8f1,58|CCc1ccc(N(CC)C(=O)c2ccc3ccc4ccc(C(=O)N(CC)c5ccc(CC)cc5)nc4c3n2)cc1|nitrate,final_dataset_3d/accepted_geometries.csv,geometries/Ce_bf3d4b94b8f1.xyz,152,True,extxyz_xtb_properties_present,True
bffb797bc9ad,58|CCCCCCCCN(CCCCC(C)CCCC(C)C)C(=O)COCC(=O)N(CCCCCCCC)CCCCC(C)CCCC(C)C|water,final_dataset_3d/accepted_geometries.csv,geometries/Ce_bffb797bc9ad.xyz,412,True,extxyz_xtb_properties_present,True
c389650f6ed2,58|CCN(C(=O)c1cccc(C(=O)N(CC)c2ccc(C)cc2)n1)c1ccc(C)cc1|nitrate,final_dataset_3d/accepted_geometries.csv,geometries/Ce_c389650f6ed2.xyz,172,True,extxyz_xtb_properties_present,True
c833e23c281d,58|CCCCC(CC)CN(CC(CC)CCCC)C(=O)COCC(=O)N(CC(CC)CCCC)CC(CC)CCCC|nitrate,final_dataset_3d/accepted_geometries.csv,geometries/Ce_c833e23c281d.xyz,340,True,extxyz_xtb_properties_present,True
c845df018794,58|CCCCCCCCN(CCCCCCCC)C(=O)[C@H](C)O[C@@H](CC)C(=O)N(CCCCCCCC)CCCCCCCC|nitrate,final_dataset_3d/accepted_geometries.csv,geometries/Ce_c845df018794.xyz,367,True,extxyz_xtb_properties_present,True
d37d47878554,58|CCCN(CCC)C(=O)COCC(=O)N(CCC)CCC|nitrate,final_dataset_3d/accepted_geometries.csv,geometries/Ce_d37d47878554.xyz,160,True,extxyz_xtb_properties_present,True
d3fa6c984bee,58|CCCCC(CC)CN(C)C(=O)COCC(=O)N(C)CC(CC)CCCC|water,final_dataset_3d/accepted_geometries.csv,geometries/Ce_d3fa6c984bee.xyz,214,True,extxyz_xtb_properties_present,True
d84dbffddc12,58|CCCCCCCCCCCCN(CCCCCCCC)C(=O)COCC(=O)N(CCCCCCCC)CCCCCCCCCCCC|water,final_dataset_3d/accepted_geometries.csv,geometries/Ce_d84dbffddc12.xyz,412,True,extxyz_xtb_properties_present,True
da9ddf9cfb60,58|CN(C(=O)CC(=O)N(C)c1ccccc1)c1ccccc1|nitrate,final_dataset_3d/accepted_geometries.csv,geometries/Ce_da9ddf9cfb60.xyz,160,True,extxyz_xtb_properties_present,True
daa93503e260,58|CCCCCCCCN(CCCCCCCC)C(=O)COCC(=O)N(CCCCCCCC)CCCCCCCC|nitrate,final_dataset_3d/accepted_geometries.csv,geometries/Ce_daa93503e260.xyz,340,True,extxyz_xtb_properties_present,True
de0fecd6bded,58|CCCCCCCCN(C(=O)c1ccc2ccc3cccnc3c2n1)c1ccc(C)cc1|nitrate,final_dataset_3d/accepted_geometries.csv,geometries/Ce_de0fecd6bded.xyz,190,True,extxyz_xtb_properties_present,True
e1e2f450e02a,58|CCCCCCCCCCCCN(CCCCCCCCCCCC)C(=O)COCCOCC(=O)N(CCCCCCCCCCCC)CCCCCCCCCCCC|water,final_dataset_3d/accepted_geometries.csv,geometries/Ce_e1e2f450e02a.xyz,340,True,extxyz_xtb_properties_present,True
e2bb2cfe2897,58|CCCCCCc1ccc(N(CC)C(=O)c2cccc(-c3cccc(C(=O)N(CC)c4ccc(CCCCCC)cc4)n3)n2)cc1|nitrate,final_dataset_3d/accepted_geometries.csv,geometries/Ce_e2bb2cfe2897.xyz,196,True,extxyz_xtb_properties_present,True
e8a79da64745,58|C1COCCOCCOCCOCCOCCO1|nitrate,final_dataset_3d/accepted_geometries.csv,geometries/Ce_e8a79da64745.xyz,50,True,extxyz_xtb_properties_present,True
f34cec6407eb,58|CCN(C(=O)c1cccc(C(=O)N(CC)c2ccccc2C)n1)c1ccccc1C|nitrate,final_dataset_3d/accepted_geometries.csv,geometries/Ce_f34cec6407eb.xyz,172,True,extxyz_xtb_properties_present,True
f5babe805079,58|CCCCCCCCCCN(CCCCCCCCCC)C(=O)[C@H](CCC)O[C@H](CCC)C(=O)N(CCCCCCCCCC)CCCCCCCCCC|nitrate,final_dataset_3d/accepted_geometries.csv,geometries/Ce_f5babe805079.xyz,466,True,extxyz_xtb_properties_present,True
f9562d4a626b,58|CCCCCCCCCCN(CCCCCCCCCC)C(=O)C(C)OC(C)C(=O)N(CCCCCCCCCC)CCCCCCCCCC|nitrate,final_dataset_3d/accepted_geometries.csv,geometries/Ce_f9562d4a626b.xyz,430,True,extxyz_xtb_properties_present,True
fbc895642171,58|CCN(C(=O)c1cccc(-c2cccc(C(=O)N(CC)c3cc(C)cc(C)c3)n2)n1)c1cc(C)cc(C)c1|nitrate,final_dataset_3d/accepted_geometries.csv,geometries/Ce_fbc895642171.xyz,148,True,extxyz_xtb_properties_present,True
00afa7add2b7,66|CC(C)CN(CC(C)C)C(=O)COCC(=O)N(CC(C)C)CC(C)C|nitrate,final_dataset_3d/accepted_geometries.csv,geometries/Dy_00afa7add2b7.xyz,135,True,extxyz_xtb_properties_present,True
02b82eed2591,66|CCCCCCCCN(CCCCCCCC)C(=O)COCC(=O)N(CCCCCCCC)CCCCCCCC|water,final_dataset_3d/accepted_geometries.csv,geometries/Dy_02b82eed2591.xyz,233,True,extxyz_xtb_properties_present,True
03203ba59250,66|CCCCCCCCN(CCCC(CCCC)CCCCCC)C(=O)COCC(=O)N(CCCCCCCC)CCCC(CCCC)CCCCCC|water,final_dataset_3d/accepted_geometries.csv,geometries/Dy_03203ba59250.xyz,305,True,extxyz_xtb_properties_present,True
09d9173d54bc,66|CC(C)CCCC(C)CCCCN(C)C(=O)COCC(=O)N(C)CCCCC(C)CCCC(C)C|water,final_dataset_3d/accepted_geometries.csv,geometries/Dy_09d9173d54bc.xyz,197,True,extxyz_xtb_properties_present,True
0aa6481162e6,66|CCCCCCCCN(C)C(=O)COCC(=O)N(C)CCCCCCCC|nitrate,final_dataset_3d/accepted_geometries.csv,geometries/Dy_0aa6481162e6.xyz,147,True,extxyz_xtb_properties_present,True
0b2630ca1d2e,66|CCCCCCCCN(C)C(=O)CC(=O)N(C)CCCCCCCC|nitrate,final_dataset_3d/accepted_geometries.csv,geometries/Dy_0b2630ca1d2e.xyz,269,True,extxyz_xtb_properties_present,True
1373457e030d,66|CCCCCCC(CCCC)CCCN(C)C(=O)COCC(=O)N(C)CCCC(CCCC)CCCCCC|water,final_dataset_3d/accepted_geometries.csv,geometries/Dy_1373457e030d.xyz,221,True,extxyz_xtb_properties_present,True
19e40aa7a143,66|CN(C(=O)c1cccc(C(=O)N(C)c2ccccc2)n1)c1ccccc1|nitrate,final_dataset_3d/accepted_geometries.csv,geometries/Dy_19e40aa7a143.xyz,95,True,extxyz_xtb_properties_present,True
1f9fe069510d,66|CCCCCCCCN(CC)C(=O)COCC(=O)N(CC)CCCCCCCC|water,final_dataset_3d/accepted_geometries.csv,geometries/Dy_1f9fe069510d.xyz,161,True,extxyz_xtb_properties_present,True
20004d3bcbb4,66|CCCCCCCCN(C(=O)c1ccc2ccc3cccnc3c2n1)c1ccc(C)cc1|nitrate,final_dataset_3d/accepted_geometries.csv,geometries/Dy_20004d3bcbb4.xyz,131,True,extxyz_xtb_properties_present,True
2b349d0725cb,66|CCCCCCCCCCN(CCCCCCCCCC)C(=O)COCC(=O)N(CCCCCC)CCCCCC|water,final_dataset_3d/accepted_geometries.csv,geometries/Dy_2b349d0725cb.xyz,233,True,extxyz_xtb_properties_present,True
3422077ed716,66|CCCCCCCCCCCCN(CCCCCCCCCCCC)C(=O)COC1CCCN(CCCCCC)C1=O|nitrate,final_dataset_3d/accepted_geometries.csv,geometries/Dy_3422077ed716.xyz,233,True,extxyz_xtb_properties_present,True
3bd15b1e93cf,66|CCCCCCN(C)C(=O)CC(=O)N(C)CCCCCC|nitrate,final_dataset_3d/accepted_geometries.csv,geometries/Dy_3bd15b1e93cf.xyz,221,True,extxyz_xtb_properties_present,True
40012f263bb5,66|CCCCCCCCP(=O)(CC(=O)N(CC(C)C)CC(C)C)c1ccccc1|nitrate,final_dataset_3d/accepted_geometries.csv,geometries/Dy_40012f263bb5.xyz,281,True,extxyz_xtb_properties_present,True
4143c21a233c,66|CCCCN(CCCC)C(=O)CCC(=O)N(CCCC)CCCC|nitrate,final_dataset_3d/accepted_geometries.csv,geometries/Dy_4143c21a233c.xyz,257,True,extxyz_xtb_properties_present,True
49191ed2a440,66|CCCCCCCCN(CCCCCCCC)C(=O)c1ccc2ccc3ccc(C(=O)N(CCCCCCCC)CCCCCCCC)nc3c2n1|water,final_dataset_3d/accepted_geometries.csv,geometries/Dy_49191ed2a440.xyz,253,True,extxyz_xtb_properties_present,True
4beea503351e,66|CCN(C(=O)c1cccc(-c2cccc(C(=O)N(CC)c3cc(C)ccc3C)n2)n1)c1cc(C)ccc1C|nitrate,final_dataset_3d/accepted_geometries.csv,geometries/Dy_4beea503351e.xyz,145,True,extxyz_xtb_properties_present,True
60e55854a033,66|CCCCCCCCN(CCCCCCCC)C(=O)CN(CC(=O)N(CCCCCCCC)CCCCCCCC)CC(=O)N(CCCCCCCC)CCCCCCCC|nitrate,final_dataset_3d/accepted_geometries.csv,geometries/Dy_4ca0b6f30178.xyz,178,False,unverified_missing_xtb_properties,False
4fcd65d35e78,66|CCCCCCc1ccc(N(CC)C(=O)c2cccc(-c3cccc(C(=O)N(CC)c4ccc(CCCCCC)cc4)n3)n2)cc1|nitrate,final_dataset_3d/accepted_geometries.csv,geometries/Dy_4fcd65d35e78.xyz,193,True,extxyz_xtb_properties_present,True
5370ba03ef04,66|CCN(C(=O)c1cccc(C(=O)N(CC)c2ccc(C)cc2)n1)c1ccc(C)cc1|nitrate,final_dataset_3d/accepted_geometries.csv,geometries/Dy_5370ba03ef04.xyz,119,True,extxyz_xtb_properties_present,True
5b1c88b12f99,66|CCCCCCCCCCN(CCCCCCCCCC)C(=O)C(C)OC(C)C(=O)N(CCCCCCCCCC)CCCCCCCCCC|nitrate,final_dataset_3d/accepted_geometries.csv,geometries/Dy_5b1c88b12f99.xyz,291,True,extxyz_xtb_properties_present,True
5c220c9f12b3,66|CCCCCCCCN(CCC(C)CC(C)(C)C)C(=O)COCC(=O)N(CCCCCCCC)CCC(C)CC(C)(C)C|water,final_dataset_3d/accepted_geometries.csv,geometries/Dy_5c220c9f12b3.xyz,245,True,extxyz_xtb_properties_present,True
5cb8d5f242e0,66|CCN(CC)C(=O)COCC(=O)N(CC)CC|nitrate,final_dataset_3d/accepted_geometries.csv,geometries/Dy_5cb8d5f242e0.xyz,87,True,extxyz_xtb_properties_present,True
5e4d792ef262,66|CCCCCCOP(=O)(O)OCCCCCC|nitrate,final_dataset_3d/accepted_geometries.csv,geometries/Dy_5e4d792ef262.xyz,89,False,unverified_missing_xtb_properties,False
5eb61b1dbb69,66|O=C(O)CN(CC(=O)O)C1CCCCC1N(CC(=O)O)CC(=O)O|nitrate,final_dataset_3d/accepted_geometries.csv,geometries/Dy_5eb61b1dbb69.xyz,47,True,extxyz_xtb_properties_present,True
637dd5830a7e,66|CCCCC(CC)CN(C)C(=O)COCC(=O)N(C)CC(CC)CCCC|water,final_dataset_3d/accepted_geometries.csv,geometries/Dy_637dd5830a7e.xyz,149,True,extxyz_xtb_properties_present,True
644deea19edd,66|CCCCCCC(C)N(CCCC)C(=O)COCC(=O)N(CCCC)C(C)CCCCCC|water,final_dataset_3d/accepted_geometries.csv,geometries/Dy_644deea19edd.xyz,185,True,extxyz_xtb_properties_present,True
64d28ef826fc,66|CCCCCCN(CCC(C)CCC=C(C)C)C(=O)COCC(=O)N(CCCCCC)CCC(C)CCC=C(C)C|water,final_dataset_3d/accepted_geometries.csv,geometries/Dy_64d28ef826fc.xyz,225,True,extxyz_xtb_properties_present,True
66cc8b0df11e,66|CCCCCCCCN(CCCCCCCC)C(=O)[C@H](C)O[C@@H](CC)C(=O)N(CCCCCCCC)CCCCCCCC|nitrate,final_dataset_3d/accepted_geometries.csv,geometries/Dy_66cc8b0df11e.xyz,249,True,extxyz_xtb_properties_present,True
691f291b34fa,66|CCCCCCCCN(CCCCCCCC)C(=O)COCCOCC(=O)N(CCCCCCCC)CCCCCCCC|nitrate,final_dataset_3d/accepted_geometries.csv,geometries/Dy_691f291b34fa.xyz,241,True,extxyz_xtb_properties_present,True
6beb6e4f3fac,66|CCCCCCCCCCN(CCCCCCCCCC)C(=O)COCC(=O)N(CCCCCC)CCCCCC|nitrate,final_dataset_3d/accepted_geometries.csv,geometries/Dy_6beb6e4f3fac.xyz,231,True,extxyz_xtb_properties_present,True
6eed3d683da1,66|CCCCN(CCCC)C(=O)CC(=O)N(CCCC)CCCC|nitrate,final_dataset_3d/accepted_geometries.csv,geometries/Dy_6eed3d683da1.xyz,245,True,extxyz_xtb_properties_present,True
703d7ea29cc6,66|CCN(C(=O)c1cccc(-c2cccc(C(=O)N(CC)c3cc(C)cc(C)c3)n2)n1)c1cc(C)cc(C)c1|nitrate,final_dataset_3d/accepted_geometries.csv,geometries/Dy_703d7ea29cc6.xyz,145,True,extxyz_xtb_properties_present,True
71c5db64de9f,66|CCCCN(CCCC)C(=O)c1ccc2ccc3ccc(C(=O)N(CCCC)CCCC)nc3c2n1|nitrate,final_dataset_3d/accepted_geometries.csv,geometries/Dy_71c5db64de9f.xyz,157,True,extxyz_xtb_properties_present,True
7218af7f73e0,66|CCCCCCCCN(C)C(=O)C(CCCCCC)C(=O)N(C)CCCCCCCC|nitrate,final_dataset_3d/accepted_geometries.csv,geometries/Dy_7218af7f73e0.xyz,341,True,extxyz_xtb_properties_present,True
72cbb52679c0,66|CCCCCCCCN(C)C(=O)C(CCOCCCCCC)C(=O)N(C)CCCCCCCC|nitrate,final_dataset_3d/accepted_geometries.csv,geometries/Dy_72cbb52679c0.xyz,189,True,extxyz_xtb_properties_present,True
75b6e521a71e,66|CCCCCCCCN(CCC)C(=O)COCC(=O)N(CCC)CCCCCCCC|water,final_dataset_3d/accepted_geometries.csv,geometries/Dy_75b6e521a71e.xyz,173,True,extxyz_xtb_properties_present,True
75d4009f7aec,66|CCCCCCCCN(CCCCCCCC)C(=O)CC(=O)N(CCCCCCCC)CCCCCCCC|nitrate,final_dataset_3d/accepted_geometries.csv,geometries/Dy_75d4009f7aec.xyz,437,True,extxyz_xtb_properties_present,True
76e2ec6f2f0b,66|CCCCCCCCN(CCCCCCCC)C(=O)c1ccc2ccc3ccc(C(=O)N(CCCCCCCC)CCCCCCCC)nc3c2n1|nitrate,final_dataset_3d/accepted_geometries.csv,geometries/Dy_76e2ec6f2f0b.xyz,253,True,extxyz_xtb_properties_present,True
776e28284952,66|CCCCCCCCCCN(CCCCCCCCCC)C(=O)COCC(=O)N(CCCCCCCCCC)CCCCCCCCCC|nitrate,final_dataset_3d/accepted_geometries.csv,geometries/Dy_776e28284952.xyz,279,True,extxyz_xtb_properties_present,True
79fdb4206d8e,66|CCN(C(=O)c1cccc(-c2cccc(C(=O)N(CC)c3ccccc3)n2)n1)c1ccccc1|nitrate,final_dataset_3d/accepted_geometries.csv,geometries/Dy_79fdb4206d8e.xyz,121,True,extxyz_xtb_properties_present,True
7aa90e4f17c0,66|O=C(c1cc(Cl)c2ccc3c(Cl)cc(C(=O)N4CCCC4)nc3c2n1)N1CCCC1|nitrate,final_dataset_3d/accepted_geometries.csv,geometries/Dy_7aa90e4f17c0.xyz,101,True,extxyz_xtb_properties_present,True
7ec9b7797bf7,66|CCCCN(CCCC)C(=O)COCC(=O)N(CCCC)CCCC|nitrate,final_dataset_3d/accepted_geometries.csv,geometries/Dy_7ec9b7797bf7.xyz,135,True,extxyz_xtb_properties_present,True
39706cc981cc,66|CC1(C)CCC(C)(C)c2nc(-c3cccc(-c4cccc(-c5nnc6c(n5)C(C)(C)CCC6(C)C)n4)n3)nnc21|nitrate,final_dataset_3d/accepted_geometries.csv,geometries/Dy_7fca7db38c62.xyz,87,True,extxyz_xtb_properties_present,True
910e5c06c523,66|CCCCCCN(CCCCCC)C(=O)COCC(=O)N(CCCCCC)CCCCCC|nitrate,final_dataset_3d/accepted_geometries.csv,geometries/Dy_910e5c06c523.xyz,183,True,extxyz_xtb_properties_present,True
92f9ea690461,66|CCCCCCCCN(CC(CC)CCCC)C(=O)COCC(=O)N(CCCCCCCC)CC(CC)CCCC|nitrate,final_dataset_3d/accepted_geometries.csv,geometries/Dy_92f9ea690461.xyz,231,True,extxyz_xtb_properties_present,True
2b190032c56e,66|O=C(O)CN(CCO)CCN(CC(=O)O)CC(=O)O|nitrate,final_dataset_3d/accepted_geometries.csv,geometries/Dy_932ef4e2c665.xyz,42,True,extxyz_xtb_properties_present,True
934c6c1bb5b7,66|CCCCCCCCN(C)C(=O)COCC(=O)N(C)CCCCCCCC|water,final_dataset_3d/accepted_geometries.csv,geometries/Dy_934c6c1bb5b7.xyz,149,True,extxyz_xtb_properties_present,True
98ef331a5303,66|CCCCC(CC)CN(CC(CC)CCCC)C(=O)COCC(=O)N(CC(CC)CCCC)CC(CC)CCCC|nitrate,final_dataset_3d/accepted_geometries.csv,geometries/Dy_98ef331a5303.xyz,231,True,extxyz_xtb_properties_present,True
9a7c62d243a2,66|CCc1ccc(N(CC)C(=O)c2ccc3ccc4ccc(C(=O)N(CC)c5ccc(CC)cc5)nc4c3n2)cc1|nitrate,final_dataset_3d/accepted_geometries.csv,geometries/Dy_9a7c62d243a2.xyz,149,True,extxyz_xtb_properties_present,True
9e16a74d1a8a,66|CCCCCCCCN(CCCCCCCC)C(=O)C(C)OC(C)C(=O)N(CCCCCCCC)CCCCCCCC|nitrate,final_dataset_3d/accepted_geometries.csv,geometries/Dy_9e16a74d1a8a.xyz,243,True,extxyz_xtb_properties_present,True
9f02bbfb7e4d,66|CCCCCCCCN(CC(C)C)C(=O)COCC(=O)N(CCCCCCCC)CC(C)C|nitrate,final_dataset_3d/accepted_geometries.csv,geometries/Dy_9f02bbfb7e4d.xyz,183,True,extxyz_xtb_properties_present,True
ae268fc436f5,66|CCCCCCn1c(-c2ccccc2)c(-c2ccccc2)c2cc3ccc4cc5c(-c6ccccc6)c(-c6ccccc6)n(CCCCCC)c(=O)c5nc4c3nc2c1=O|water,final_dataset_3d/accepted_geometries.csv,geometries/Dy_a61bb065986b.xyz,123,True,extxyz_xtb_properties_present,True
2a517d56ff41,66|CCCCCCn1c(-c2ccccc2)c(-c2ccccc2)c2cc3ccc4cc5c(-c6ccccc6)c(-c6ccccc6)n(CCCCCC)c(=O)c5nc4c3nc2c1=O|nitrate,final_dataset_3d/accepted_geometries.csv,geometries/Dy_af2a56f162b8.xyz,119,True,extxyz_xtb_properties_present,True
b34391760a14,66|CCCCN(CCCC)C(=O)COCC(=O)N(CCCC)CCCC|water,final_dataset_3d/accepted_geometries.csv,geometries/Dy_b34391760a14.xyz,137,True,extxyz_xtb_properties_present,True
b7bfe4c62b95,66|CCCCCCCCCCN(CCCCCCCCCC)C(=O)[C@H](C)O[C@H](CC)C(=O)N(CCCCCCCCCC)CCCCCCCCCC|nitrate,final_dataset_3d/accepted_geometries.csv,geometries/Dy_b7bfe4c62b95.xyz,297,True,extxyz_xtb_properties_present,True
b82b233b5b64,66|CCCN(CCC)C(=O)COCC(=O)N(CCC)CCC|nitrate,final_dataset_3d/accepted_geometries.csv,geometries/Dy_b82b233b5b64.xyz,111,True,extxyz_xtb_properties_present,True
bcc96fe0b456,66|CCCCCCN(CCCCCC)C(=O)CC(=O)N(CCCCCC)CCCCCC|nitrate,final_dataset_3d/accepted_geometries.csv,geometries/Dy_bcc96fe0b456.xyz,341,True,extxyz_xtb_properties_present,True
be5e74a1f67e,66|CCN(C(=O)c1cccc(-c2cccc(C(=O)N(CC)c3ccc(C)cc3C)n2)n1)c1ccc(C)cc1C|nitrate,final_dataset_3d/accepted_geometries.csv,geometries/Dy_be5e74a1f67e.xyz,145,True,extxyz_xtb_properties_present,True
e60cac798f29,66|CC12CCC(c3nnc(-c4cccc(-c5nnc6c(n5)C5(C)CCC6C5(C)C)n4)nc31)C2(C)C|nitrate,final_dataset_3d/accepted_geometries.csv,geometries/Dy_c155a4660cba.xyz,196,True,extxyz_xtb_properties_present,True
c23d9f998f3e,66|CCCCCCCCCCN(CCCCCCCCCC)C(=O)[C@H](CCC)O[C@H](CCC)C(=O)N(CCCCCCCCCC)CCCCCCCCCC|nitrate,final_dataset_3d/accepted_geometries.csv,geometries/Dy_c23d9f998f3e.xyz,315,True,extxyz_xtb_properties_present,True
c2e2fa5b2f13,66|CCCCCCCCC(C)(C)SCC1CN(C(=O)COCC(=O)N2CC(C)C(CSC(C)(C)CCCCCCCC)C2)CC1C|water,final_dataset_3d/accepted_geometries.csv,geometries/Dy_c2e2fa5b2f13.xyz,241,True,extxyz_xtb_properties_present,True
c351813a0a93,66|CCCCC(CC)CN(CC(CC)CCCC)C(=O)COCC(=O)N(CC(CC)CCCC)CC(CC)CCCC|water,final_dataset_3d/accepted_geometries.csv,geometries/Dy_c351813a0a93.xyz,233,True,extxyz_xtb_properties_present,True
d2620984ee9f,66|CCCCCCCCN(C)C(=O)COCC(=O)N(CCCCCCCC)CCCCCCCC|water,final_dataset_3d/accepted_geometries.csv,geometries/Dy_d2620984ee9f.xyz,191,True,extxyz_xtb_properties_present,True
d2b28654fc73,66|CCCCCCCCP(=O)(CCCCCCCC)Cc1cccc(CP(=O)(CCCCCCCC)CCCCCCCC)[n+]1[O-]|water,final_dataset_3d/accepted_geometries.csv,geometries/Dy_d2b28654fc73.xyz,247,True,extxyz_xtb_properties_present,True
d81cc3a82d7c,66|CCCCCCCCCCCCN(CCCCCCCC)C(=O)COCC(=O)N(CCCCCCCC)CCCCCCCCCCCC|water,final_dataset_3d/accepted_geometries.csv,geometries/Dy_d81cc3a82d7c.xyz,281,True,extxyz_xtb_properties_present,True
da451a1ff71f,66|CCCCCCCCN(CCCCCCCC)C(=O)[C@H](C)O[C@H](C)C(=O)N(CCCCCCCC)CCCCCCCC|nitrate,final_dataset_3d/accepted_geometries.csv,geometries/Dy_da451a1ff71f.xyz,243,True,extxyz_xtb_properties_present,True
df97869cd157,66|CN(C(=O)COCC(=O)N(C)c1ccccc1)c1ccccc1|nitrate,final_dataset_3d/accepted_geometries.csv,geometries/Dy_df97869cd157.xyz,91,True,extxyz_xtb_properties_present,True
e2618656e862,66|CCCCCCCCN(CCCCCCCC)C(=O)[C@H](CCC)O[C@H](CCC)C(=O)N(CCCCCCCC)CCCCCCCC|nitrate,final_dataset_3d/accepted_geometries.csv,geometries/Dy_e2618656e862.xyz,267,True,extxyz_xtb_properties_present,True
e31a306be74a,66|COCCN(CCOC)C(=O)COCC(=O)N(CCOC)CCOC|water,final_dataset_3d/accepted_geometries.csv,geometries/Dy_e31a306be74a.xyz,61,True,extxyz_xtb_properties_present,True
e6ee8642b159,66|CCCCCCN(CCC(C)CCCC(C)C)C(=O)COCC(=O)N(CCCCCC)CCC(C)CCCC(C)C|water,final_dataset_3d/accepted_geometries.csv,geometries/Dy_e6ee8642b159.xyz,233,True,extxyz_xtb_properties_present,True
4cf99f0458dc,66|CCCCCc1nnc(-c2cccc(-c3cccc(-c4nnc(CCCCC)c(CCCCC)n4)n3)n2)nc1CCCCC|nitrate,final_dataset_3d/accepted_geometries.csv,geometries/Dy_ebb31779ee01.xyz,103,True,extxyz_xtb_properties_present,True
ec0644f69d41,66|CCCCCCCCN(CCCCCCCC)C(=O)[C@H](C)O[C@@H](C)C(=O)N(CCCCCCCC)CCCCCCCC|nitrate,final_dataset_3d/accepted_geometries.csv,geometries/Dy_ec0644f69d41.xyz,243,True,extxyz_xtb_properties_present,True
ece8108f76e3,66|CCCCCCCCN(CCCCCCCC)C(=O)COCC(=O)N(CCCCCCCC)CCCCCCCC|nitrate,final_dataset_3d/accepted_geometries.csv,geometries/Dy_ece8108f76e3.xyz,231,True,extxyz_xtb_properties_present,True
f500c12758c4,66|CCCCCCCCCCCCN(CCCCCCCCCCCC)C(=O)COCCOCC(=O)N(CCCCCCCCCCCC)CCCCCCCCCCCC|nitrate,final_dataset_3d/accepted_geometries.csv,geometries/Dy_f500c12758c4.xyz,337,True,extxyz_xtb_properties_present,True
f81049ab872c,66|O=C(COCC(=O)N1CCCCC1)N1CCCCC1|water,final_dataset_3d/accepted_geometries.csv,geometries/Dy_f81049ab872c.xyz,93,True,extxyz_xtb_properties_present,True
f91982a596b6,66|CCCCCCCCCCCCN(CCCCCCCCCCCC)C(=O)COCCOCC(=O)N(CCCCCCCCCCCC)CCCCCCCCCCCC|water,final_dataset_3d/accepted_geometries.csv,geometries/Dy_f91982a596b6.xyz,337,True,extxyz_xtb_properties_present,True
f96ab850a665,66|CN(C(=O)CC(=O)N(C)c1ccccc1)c1ccccc1|nitrate,final_dataset_3d/accepted_geometries.csv,geometries/Dy_f96ab850a665.xyz,157,True,extxyz_xtb_properties_present,True
fc8ab66e02d0,66|CCCCCCCCN(CCCCC(C)CCCC(C)C)C(=O)COCC(=O)N(CCCCCCCC)CCCCC(C)CCCC(C)C|water,final_dataset_3d/accepted_geometries.csv,geometries/Dy_fc8ab66e02d0.xyz,281,True,extxyz_xtb_properties_present,True
a8cebae3a691,66|CCCc1nnc(-c2cccc(-c3nnc(CCC)c(CCC)n3)n2)nc1CCC|nitrate,final_dataset_3d/accepted_geometries.csv,geometries/Dy_fefdc4e8deb0.xyz,184,True,extxyz_xtb_properties_present,True
03fee2e60a8c,68|CCCCCCCCCCCCN(CCCCCCCCCCCC)C(=O)COCCOCC(=O)N(CCCCCCCCCCCC)CCCCCCCCCCCC|nitrate,final_dataset_3d/accepted_geometries.csv,geometries/Er_03fee2e60a8c.xyz,337,True,extxyz_xtb_properties_present,True
06422e6981c2,68|CCCCCCCCN(CC)C(=O)COCC(=O)N(CC)CCCCCCCC|water,final_dataset_3d/accepted_geometries.csv,geometries/Er_06422e6981c2.xyz,161,True,extxyz_xtb_properties_present,True
129af7e0e0bc,68|O=C(c1cc(Cl)c2ccc3c(Cl)cc(C(=O)N4CCCC4)nc3c2n1)N1CCCC1|nitrate,final_dataset_3d/accepted_geometries.csv,geometries/Er_129af7e0e0bc.xyz,101,True,extxyz_xtb_properties_present,True
17ade3ff0dc6,68|C1COCCOCCOCCOCCOCCO1|nitrate,final_dataset_3d/accepted_geometries.csv,geometries/Er_17ade3ff0dc6.xyz,47,True,extxyz_xtb_properties_present,True
199a952d6faf,68|CCCCCCCCP(=O)(CC(=O)N(CC(C)C)CC(C)C)c1ccccc1|nitrate,final_dataset_3d/accepted_geometries.csv,geometries/Er_199a952d6faf.xyz,281,True,extxyz_xtb_properties_present,True
1c200b75910f,68|CCCCC(CC)CN(CC(CC)CCCC)C(=O)COCC(=O)N(CC(CC)CCCC)CC(CC)CCCC|water,final_dataset_3d/accepted_geometries.csv,geometries/Er_1c200b75910f.xyz,233,True,extxyz_xtb_properties_present,True
1d2f8dd1ad95,68|CCCCN(CCCC)C(=O)c1ccccc1C(=O)O|nitrate,final_dataset_3d/accepted_geometries.csv,geometries/Er_1d2f8dd1ad95.xyz,91,True,extxyz_xtb_properties_present,True
23a7524634d5,68|CN(C(=O)CC(=O)N(C)c1ccccc1)c1ccccc1|nitrate,final_dataset_3d/accepted_geometries.csv,geometries/Er_23a7524634d5.xyz,157,True,extxyz_xtb_properties_present,True
25e2506fda2c,68|CCc1ccc(N(CC)C(=O)c2ccc3ccc4ccc(C(=O)N(CC)c5ccc(CC)cc5)nc4c3n2)cc1|nitrate,final_dataset_3d/accepted_geometries.csv,geometries/Er_25e2506fda2c.xyz,149,True,extxyz_xtb_properties_present,True
2fa73f2a7520,68|CCCCCCCCP(=O)(CCCCCCCC)Cc1cccc(CP(=O)(CCCCCCCC)CCCCCCCC)[n+]1[O-]|water,final_dataset_3d/accepted_geometries.csv,geometries/Er_2fa73f2a7520.xyz,247,True,extxyz_xtb_properties_present,True
36e15ccb1383,68|CCCCCCN(CCCCCC)C(=O)CC(=O)N(CCCCCC)CCCCCC|nitrate,final_dataset_3d/accepted_geometries.csv,geometries/Er_36e15ccb1383.xyz,341,True,extxyz_xtb_properties_present,True
389643f6ef69,68|CCCCCCCCN(CCCCCCCC)C(=O)COCC(=O)N(CCCCCCCC)CCCCCCCC|nitrate,final_dataset_3d/accepted_geometries.csv,geometries/Er_389643f6ef69.xyz,231,True,extxyz_xtb_properties_present,True
39307714ab2a,68|CCN(C(=O)c1cccc(-c2cccc(C(=O)N(CC)c3cc(C)ccc3C)n2)n1)c1cc(C)ccc1C|nitrate,final_dataset_3d/accepted_geometries.csv,geometries/Er_39307714ab2a.xyz,145,True,extxyz_xtb_properties_present,True
3b23537feca7,68|CCCCCCCCN(CCCCCCCC)C(=O)c1ccc2ccc3ccc(C(=O)N(CCCCCCCC)CCCCCCCC)nc3c2n1|water,final_dataset_3d/accepted_geometries.csv,geometries/Er_3b23537feca7.xyz,253,True,extxyz_xtb_properties_present,True
3b80b406e1b9,68|CCCCCCCCCCCCN(CCCCCCCCCCCC)C(=O)COC1CCCN(CCCCCC)C1=O|nitrate,final_dataset_3d/accepted_geometries.csv,geometries/Er_3b80b406e1b9.xyz,233,True,extxyz_xtb_properties_present,True
43d1908c5871,68|CCCCN(CCCC)C(=O)CC(=O)N(CCCC)CCCC|nitrate,final_dataset_3d/accepted_geometries.csv,geometries/Er_43d1908c5871.xyz,245,True,extxyz_xtb_properties_present,True
44e81bdfe89c,68|CCCCCCCCN(CCCCCCCC)C(=O)COCCOCC(=O)N(CCCCCCCC)CCCCCCCC|nitrate,final_dataset_3d/accepted_geometries.csv,geometries/Er_44e81bdfe89c.xyz,241,True,extxyz_xtb_properties_present,True
6fdbdd68aedf,68|CC12CCC(c3nnc(-c4cccc(-c5nnc6c(n5)C5(C)CCC6C5(C)C)n4)nc31)C2(C)C|nitrate,final_dataset_3d/accepted_geometries.csv,geometries/Er_46ce34695899.xyz,196,True,extxyz_xtb_properties_present,True
47192dd771b6,68|CCCCCCCCN(CCCC(CCCC)CCCCCC)C(=O)COCC(=O)N(CCCCCCCC)CCCC(CCCC)CCCCCC|water,final_dataset_3d/accepted_geometries.csv,geometries/Er_47192dd771b6.xyz,305,True,extxyz_xtb_properties_present,True
47aaf10896e4,68|CCCCC(CC)CN(C)C(=O)COCC(=O)N(C)CC(CC)CCCC|water,final_dataset_3d/accepted_geometries.csv,geometries/Er_47aaf10896e4.xyz,149,True,extxyz_xtb_properties_present,True
536594e3fe2c,68|CCCCCCC(CCCC)CCCN(C)C(=O)COCC(=O)N(C)CCCC(CCCC)CCCCCC|water,final_dataset_3d/accepted_geometries.csv,geometries/Er_536594e3fe2c.xyz,221,True,extxyz_xtb_properties_present,True
55e629e17e99,68|CCCCCCCCCCN(CCCCCCCCCC)C(=O)COCC(=O)N(CCCCCC)CCCCCC|nitrate,final_dataset_3d/accepted_geometries.csv,geometries/Er_55e629e17e99.xyz,231,True,extxyz_xtb_properties_present,True
5901e5087775,68|CCCCCCN(CCC(C)CCC=C(C)C)C(=O)COCC(=O)N(CCCCCC)CCC(C)CCC=C(C)C|water,final_dataset_3d/accepted_geometries.csv,geometries/Er_5901e5087775.xyz,225,True,extxyz_xtb_properties_present,True
5a960f57de99,68|CCN(C(=O)c1cccc(-c2cccc(C(=O)N(CC)c3ccc(C)cc3C)n2)n1)c1ccc(C)cc1C|nitrate,final_dataset_3d/accepted_geometries.csv,geometries/Er_5a960f57de99.xyz,145,True,extxyz_xtb_properties_present,True
5cb934b765ab,68|CCCCN(CCCC)C(=O)c1ccc2ccc3ccc(C(=O)N(CCCC)CCCC)nc3c2n1|nitrate,final_dataset_3d/accepted_geometries.csv,geometries/Er_5cb934b765ab.xyz,157,True,extxyz_xtb_properties_present,True
5d016859aec1,68|CCCCCCCCN(CCC(C)CC(C)(C)C)C(=O)COCC(=O)N(CCCCCCCC)CCC(C)CC(C)(C)C|water,final_dataset_3d/accepted_geometries.csv,geometries/Er_5d016859aec1.xyz,245,True,extxyz_xtb_properties_present,True
63cc5cb9d9a2,68|CCN(CC)C(=O)COCC(=O)N(CC)CC|nitrate,final_dataset_3d/accepted_geometries.csv,geometries/Er_63cc5cb9d9a2.xyz,87,True,extxyz_xtb_properties_present,True
644ba168e77c,68|CCCCCCCCN(CCCCCCCC)C(=O)[C@H](CCC)O[C@H](CCC)C(=O)N(CCCCCCCC)CCCCCCCC|nitrate,final_dataset_3d/accepted_geometries.csv,geometries/Er_644ba168e77c.xyz,267,True,extxyz_xtb_properties_present,True
6dae4c73926f,68|CCCCCCCCN(C)C(=O)COCC(=O)N(C)CCCCCCCC|water,final_dataset_3d/accepted_geometries.csv,geometries/Er_6dae4c73926f.xyz,149,True,extxyz_xtb_properties_present,True
74994befb54c,68|CCCCCCCCN(C)C(=O)CC(=O)N(C)CCCCCCCC|nitrate,final_dataset_3d/accepted_geometries.csv,geometries/Er_74994befb54c.xyz,269,True,extxyz_xtb_properties_present,True
99b569fa6f64,68|CCCCCCn1c(-c2ccccc2)c(-c2ccccc2)c2cc3ccc4cc5c(-c6ccccc6)c(-c6ccccc6)n(CCCCCC)c(=O)c5nc4c3nc2c1=O|water,final_dataset_3d/accepted_geometries.csv,geometries/Er_7672a8a7b733.xyz,123,True,extxyz_xtb_properties_present,True
76f5e8b1cf36,68|CCCCCCCCN(CCCCCCCC)C(=O)CC(=O)N(CCCCCCCC)CCCCCCCC|nitrate,final_dataset_3d/accepted_geometries.csv,geometries/Er_76f5e8b1cf36.xyz,437,True,extxyz_xtb_properties_present,True
7969957ddddb,68|CCCCCCCCN(CCCCCCCC)C(=O)COCC(=O)N(CCCCCCCC)CCCCCCCC|water,final_dataset_3d/accepted_geometries.csv,geometries/Er_7969957ddddb.xyz,233,True,extxyz_xtb_properties_present,True
7c6902521d28,68|CCCCCCN(CCC(C)CCCC(C)C)C(=O)COCC(=O)N(CCCCCC)CCC(C)CCCC(C)C|water,final_dataset_3d/accepted_geometries.csv,geometries/Er_7c6902521d28.xyz,233,True,extxyz_xtb_properties_present,True
7c88aac9cc30,68|CCCCCCCCCCCCN(CCCCCCCC)C(=O)COCC(=O)N(CCCCCCCC)CCCCCCCCCCCC|water,final_dataset_3d/accepted_geometries.csv,geometries/Er_7c88aac9cc30.xyz,281,True,extxyz_xtb_properties_present,True
7c8f4755d2ca,68|CCN(C(=O)c1cccc(C(=O)N(CC)c2ccc(C)cc2)n1)c1ccc(C)cc1|nitrate,final_dataset_3d/accepted_geometries.csv,geometries/Er_7c8f4755d2ca.xyz,119,True,extxyz_xtb_properties_present,True
7f8927df857d,68|CCCCCCCCCCN(CCCCCCCCCC)C(=O)COCC(=O)N(CCCCCCCCCC)CCCCCCCCCC|nitrate,final_dataset_3d/accepted_geometries.csv,geometries/Er_7f8927df857d.xyz,279,True,extxyz_xtb_properties_present,True
83d476ae87dd,68|CCN(C(=O)c1cccc(-c2cccc(C(=O)N(CC)c3cc(C)cc(C)c3)n2)n1)c1cc(C)cc(C)c1|nitrate,final_dataset_3d/accepted_geometries.csv,geometries/Er_83d476ae87dd.xyz,145,True,extxyz_xtb_properties_present,True
84835de65489,68|CCCCCCCCN(C)C(=O)C(CCCCCC)C(=O)N(C)CCCCCCCC|nitrate,final_dataset_3d/accepted_geometries.csv,geometries/Er_84835de65489.xyz,341,True,extxyz_xtb_properties_present,True
861bc1afc7af,68|c1cc2nc(c1)COc1ccccc1OCCOCCOc1ccccc1OC2|nitrate,final_dataset_3d/accepted_geometries.csv,geometries/Er_861bc1afc7af.xyz,57,True,extxyz_xtb_properties_present,True
880c18c582c3,68|CCCCCCCCN(CC(CC)CCCC)C(=O)COCC(=O)N(CCCCCCCC)CC(CC)CCCC|nitrate,final_dataset_3d/accepted_geometries.csv,geometries/Er_880c18c582c3.xyz,231,True,extxyz_xtb_properties_present,True
8d26801d9f01,68|CC(C)CN(CC(C)C)C(=O)COCC(=O)N(CC(C)C)CC(C)C|nitrate,final_dataset_3d/accepted_geometries.csv,geometries/Er_8d26801d9f01.xyz,135,True,extxyz_xtb_properties_present,True
90005743a06b,68|CCCCCCCCC(C)(C)SCC1CN(C(=O)COCC(=O)N2CC(C)C(CSC(C)(C)CCCCCCCC)C2)CC1C|water,final_dataset_3d/accepted_geometries.csv,geometries/Er_90005743a06b.xyz,241,True,extxyz_xtb_properties_present,True
9217936670e5,68|CCCCCCCCCCN(CCCCCCCCCC)C(=O)COCC(=O)N(CCCCCC)CCCCCC|water,final_dataset_3d/accepted_geometries.csv,geometries/Er_9217936670e5.xyz,233,True,extxyz_xtb_properties_present,True
92aa293d5923,68|CCCCCCCCCCN(CCCCCCCCCC)C(=O)[C@H](CCC)O[C@H](CCC)C(=O)N(CCCCCCCCCC)CCCCCCCCCC|nitrate,final_dataset_3d/accepted_geometries.csv,geometries/Er_92aa293d5923.xyz,315,True,extxyz_xtb_properties_present,True
9549b9713c8b,68|CCCCCCCCCCCCN(CCCCCCCCCCCC)C(=O)COCCOCC(=O)N(CCCCCCCCCCCC)CCCCCCCCCCCC|water,final_dataset_3d/accepted_geometries.csv,geometries/Er_9549b9713c8b.xyz,337,True,extxyz_xtb_properties_present,True
96205c46099b,68|CCCCCCCCN(C(=O)c1ccc2ccc3cccnc3c2n1)c1ccc(C)cc1|nitrate,final_dataset_3d/accepted_geometries.csv,geometries/Er_96205c46099b.xyz,131,True,extxyz_xtb_properties_present,True
9680eb2381ef,68|CCCN(CCC)C(=O)COCC(=O)N(CCC)CCC|nitrate,final_dataset_3d/accepted_geometries.csv,geometries/Er_9680eb2381ef.xyz,111,True,extxyz_xtb_properties_present,True
9badbb5df239,68|CCCCCCCCN(CCCCC(C)CCCC(C)C)C(=O)COCC(=O)N(CCCCCCCC)CCCCC(C)CCCC(C)C|water,final_dataset_3d/accepted_geometries.csv,geometries/Er_9badbb5df239.xyz,281,True,extxyz_xtb_properties_present,True
9ce84f078e7a,68|CC(C)CCCC(C)CCCCN(C)C(=O)COCC(=O)N(C)CCCCC(C)CCCC(C)C|water,final_dataset_3d/accepted_geometries.csv,geometries/Er_9ce84f078e7a.xyz,197,True,extxyz_xtb_properties_present,True
9e27ed7c1632,68|CCCCCCCCN(C)C(=O)COCC(=O)N(CCCCCCCC)CCCCCCCC|water,final_dataset_3d/accepted_geometries.csv,geometries/Er_9e27ed7c1632.xyz,191,True,extxyz_xtb_properties_present,True
9ec20d692d39,68|CCCCCCCCN(CC(C)C)C(=O)COCC(=O)N(CCCCCCCC)CC(C)C|nitrate,final_dataset_3d/accepted_geometries.csv,geometries/Er_9ec20d692d39.xyz,183,True,extxyz_xtb_properties_present,True
3613f9313097,68|CC1(C)CCC(C)(C)c2nc(-c3cccc(-c4cccc(-c5nnc6c(n5)C(C)(C)CCC6(C)C)n4)n3)nnc21|nitrate,final_dataset_3d/accepted_geometries.csv,geometries/Er_a79e7ea6e06f.xyz,87,True,extxyz_xtb_properties_present,True
b06f8748e35b,68|CCCCC(CC)CN(CC(CC)CCCC)C(=O)COCC(=O)N(CC(CC)CCCC)CC(CC)CCCC|nitrate,final_dataset_3d/accepted_geometries.csv,geometries/Er_b06f8748e35b.xyz,231,True,extxyz_xtb_properties_present,True
e12fcd7548a4,68|CCCCCc1nnc(-c2cccc(-c3cccc(-c4nnc(CCCCC)c(CCCCC)n4)n3)n2)nc1CCCCC|nitrate,final_dataset_3d/accepted_geometries.csv,geometries/Er_bec89700cf93.xyz,103,True,extxyz_xtb_properties_present,True
c2a594478281,68|CCCCCCN(C)C(=O)CC(=O)N(C)CCCCCC|nitrate,final_dataset_3d/accepted_geometries.csv,geometries/Er_c2a594478281.xyz,221,True,extxyz_xtb_properties_present,True
c38dd131bf1c,68|CCCCCCCCN(CCC)C(=O)COCC(=O)N(CCC)CCCCCCCC|water,final_dataset_3d/accepted_geometries.csv,geometries/Er_c38dd131bf1c.xyz,173,True,extxyz_xtb_properties_present,True
c3ea73c61984,68|CCCCCCCCN(CCCCCCCC)C(=O)[C@H](C)O[C@H](C)C(=O)N(CCCCCCCC)CCCCCCCC|nitrate,final_dataset_3d/accepted_geometries.csv,geometries/Er_c3ea73c61984.xyz,243,True,extxyz_xtb_properties_present,True
c49dc298becb,68|c1ccc2c(c1)OCCOCCOc1ccccc1OCCOCCO2|nitrate,final_dataset_3d/accepted_geometries.csv,geometries/Er_c49dc298becb.xyz,55,True,extxyz_xtb_properties_present,True
ca3d536acbf6,68|COCCN(CCOC)C(=O)COCC(=O)N(CCOC)CCOC|water,final_dataset_3d/accepted_geometries.csv,geometries/Er_ca3d536acbf6.xyz,61,True,extxyz_xtb_properties_present,True
daf564d7d6e5,68|CCCCCCCCN(CCCCCCCC)C(=O)C(C)OC(C)C(=O)N(CCCCCCCC)CCCCCCCC|nitrate,final_dataset_3d/accepted_geometries.csv,geometries/Er_daf564d7d6e5.xyz,243,True,extxyz_xtb_properties_present,True
dc8e155c1f6f,68|CCCCCCCCCCN(CCCCCCCCCC)C(=O)[C@H](C)O[C@H](CC)C(=O)N(CCCCCCCCCC)CCCCCCCCCC|nitrate,final_dataset_3d/accepted_geometries.csv,geometries/Er_dc8e155c1f6f.xyz,297,True,extxyz_xtb_properties_present,True
df3c7afb2be0,68|CCCCCCCCN(C)C(=O)COCC(=O)N(C)CCCCCCCC|nitrate,final_dataset_3d/accepted_geometries.csv,geometries/Er_df3c7afb2be0.xyz,147,True,extxyz_xtb_properties_present,True
e15dd3ef134f,68|C1CCC2OCCOCCOC3CCCCC3OCCOCCOC2C1|nitrate,final_dataset_3d/accepted_geometries.csv,geometries/Er_e15dd3ef134f.xyz,67,True,extxyz_xtb_properties_present,True
e2b24a5fecd5,68|CCCCCCC(C)N(CCCC)C(=O)COCC(=O)N(CCCC)C(C)CCCCCC|water,final_dataset_3d/accepted_geometries.csv,geometries/Er_e2b24a5fecd5.xyz,185,True,extxyz_xtb_properties_present,True
e2e7b8542799,68|CCCCCCCCN(CCCCCCCC)C(=O)[C@H](C)O[C@@H](C)C(=O)N(CCCCCCCC)CCCCCCCC|nitrate,final_dataset_3d/accepted_geometries.csv,geometries/Er_e2e7b8542799.xyz,243,True,extxyz_xtb_properties_present,True
e63f7a39c141,68|CN(C(=O)COCC(=O)N(C)c1ccccc1)c1ccccc1|nitrate,final_dataset_3d/accepted_geometries.csv,geometries/Er_e63f7a39c141.xyz,91,True,extxyz_xtb_properties_present,True
07e48b9adbd1,68|CCCCCCn1c(-c2ccccc2)c(-c2ccccc2)c2cc3ccc4cc5c(-c6ccccc6)c(-c6ccccc6)n(CCCCCC)c(=O)c5nc4c3nc2c1=O|nitrate,final_dataset_3d/accepted_geometries.csv,geometries/Er_e95e58f27630.xyz,119,True,extxyz_xtb_properties_present,True
eeb5530e9484,68|CCN(C(=O)c1cccc(-c2cccc(C(=O)N(CC)c3ccccc3)n2)n1)c1ccccc1|nitrate,final_dataset_3d/accepted_geometries.csv,geometries/Er_eeb5530e9484.xyz,121,True,extxyz_xtb_properties_present,True
3055a9eb1f23,68|CCCc1nnc(-c2cccc(-c3nnc(CCC)c(CCC)n3)n2)nc1CCC|nitrate,final_dataset_3d/accepted_geometries.csv,geometries/Er_f2837669b392.xyz,184,True,extxyz_xtb_properties_present,True
f287c1970d51,68|CCCCCCc1ccc(N(CC)C(=O)c2cccc(-c3cccc(C(=O)N(CC)c4ccc(CCCCCC)cc4)n3)n2)cc1|nitrate,final_dataset_3d/accepted_geometries.csv,geometries/Er_f287c1970d51.xyz,193,True,extxyz_xtb_properties_present,True
f439c607c7d3,68|CCCCN(CCCC)C(=O)COCC(=O)N(CCCC)CCCC|nitrate,final_dataset_3d/accepted_geometries.csv,geometries/Er_f439c607c7d3.xyz,135,True,extxyz_xtb_properties_present,True
f4ceaeffb0e0,68|O=C(COCC(=O)N1CCCCC1)N1CCCCC1|water,final_dataset_3d/accepted_geometries.csv,geometries/Er_f4ceaeffb0e0.xyz,93,True,extxyz_xtb_properties_present,True
f5f08a9e7494,68|CCCCCCCCN(CCCCCCCC)C(=O)c1ccc2ccc3ccc(C(=O)N(CCCCCCCC)CCCCCCCC)nc3c2n1|nitrate,final_dataset_3d/accepted_geometries.csv,geometries/Er_f5f08a9e7494.xyz,253,True,extxyz_xtb_properties_present,True
f8d2de87160c,68|CCCCCCCCN(C)C(=O)C(CCOCCCCCC)C(=O)N(C)CCCCCCCC|nitrate,final_dataset_3d/accepted_geometries.csv,geometries/Er_f8d2de87160c.xyz,189,True,extxyz_xtb_properties_present,True
fede56dffefa,68|CCCCN(CCCC)C(=O)COCC(=O)N(CCCC)CCCC|water,final_dataset_3d/accepted_geometries.csv,geometries/Er_fede56dffefa.xyz,137,True,extxyz_xtb_properties_present,True
05f5c88c078b,63|CCN(C(=O)c1ccc2ccc3ccc(C(=O)N(CC)c4ccc(C)cc4)nc3c2n1)c1ccc(C)cc1|nitrate,final_dataset_3d/accepted_geometries.csv,geometries/Eu_05f5c88c078b.xyz,140,True,extxyz_xtb_properties_present,True
19c18e2bf872,63|Cc1cc(-c2cc(C)cc(-c3nnc4c(n3)C(C)(C)CCC4(C)C)n2)nc(-c2nnc3c(n2)C(C)(C)CCC3(C)C)c1|water,final_dataset_3d/accepted_geometries.csv,geometries/Eu_063ec39d482f.xyz,100,True,extxyz_xtb_properties_present,True
07655ff7a828,63|O=C(c1cccc(C(=O)N2CCCC2)n1)N1CCCC1|nitrate,final_dataset_3d/accepted_geometries.csv,geometries/Eu_07655ff7a828.xyz,118,True,extxyz_xtb_properties_present,True
085249651ebf,63|CCCCN(CCCC)C(=O)c1ccccc1C(=O)O|nitrate,final_dataset_3d/accepted_geometries.csv,geometries/Eu_085249651ebf.xyz,130,True,extxyz_xtb_properties_present,True
08cfcc1735a0,63|CCN(CC)C(=O)c1ccc2ccc3cccnc3c2n1|water,final_dataset_3d/accepted_geometries.csv,geometries/Eu_08cfcc1735a0.xyz,115,True,extxyz_xtb_properties_present,True
09167c1368f2,63|CCCCCCCCN(CCCCCCCC)C(=O)C(C)OC(C(=O)N(CCCCCCCC)CCCCCCCC)c1ccccc1|water,final_dataset_3d/accepted_geometries.csv,geometries/Eu_09167c1368f2.xyz,379,True,extxyz_xtb_properties_present,True
0ab3f3c24f19,63|CC(C)(C)c1ccc(NCC(=O)c2cccc(C(=O)CNc3ccc(C(C)(C)C)cc3)n2)cc1|nitrate,final_dataset_3d/accepted_geometries.csv,geometries/Eu_0ab3f3c24f19.xyz,78,True,extxyz_xtb_properties_present,True
0eb9f51b6fdf,63|CCCCCCCCCCCCN(CCCCCCCCCCCC)C(=O)COC1CCCN(CCCCCC)C1=O|nitrate,final_dataset_3d/accepted_geometries.csv,geometries/Eu_0eb9f51b6fdf.xyz,343,True,extxyz_xtb_properties_present,True
102814b0efc1,63|CCCCCCCCN(CCCCCCCC)C(=O)COCC(=O)NCc1cccc(CNC(=O)COCC(=O)N(CCCCCCCC)CCCCCCCC)c1|nitrate,final_dataset_3d/accepted_geometries.csv,geometries/Eu_102814b0efc1.xyz,433,True,extxyz_xtb_properties_present,True
11b5c5aa9ae3,63|CCCCCCCCN(CCCCCCCC)C(=O)COCC(=O)N(C)C|water,final_dataset_3d/accepted_geometries.csv,geometries/Eu_11b5c5aa9ae3.xyz,214,True,extxyz_xtb_properties_present,True
b71ea25cd505,63|CC1(C)SC(C)(C)c2nc(-c3cccc(-c4cccc(-c5nnc6c(n5)C(C)(C)SC6(C)C)n4)n3)nnc21|nitrate,final_dataset_3d/accepted_geometries.csv,geometries/Eu_11c19850c8fc.xyz,77,True,extxyz_xtb_properties_present,True
1567f4f803ce,63|CCCCCCCCN(CCCCCCCC)C(=O)COCC(=O)NCCCOCCCNC(=O)COCC(=O)N(CCCCCCCC)CCCCCCCC|nitrate,final_dataset_3d/accepted_geometries.csv,geometries/Eu_1567f4f803ce.xyz,442,True,extxyz_xtb_properties_present,True
16c7c8951ba2,63|CCCCCCCCCCCCOc1cc(CNC(=O)COCC(=O)N(CCCC)CCCC)cc(CNC(=O)COCC(=O)N(CCCC)CCCC)c1|nitrate,final_dataset_3d/accepted_geometries.csv,geometries/Eu_16c7c8951ba2.xyz,400,True,extxyz_xtb_properties_present,True
1841839a3d87,63|CCCCCCCCN(CCCCCCCC)C(=O)COCP(=O)(OCCCC)OCCCC|water,final_dataset_3d/accepted_geometries.csv,geometries/Eu_1841839a3d87.xyz,103,True,extxyz_xtb_properties_present,True
192ab9676a31,63|CCCCCCCCN(CCCCCCCC)C(=O)[C@H](CCC)O[C@H](CCC)C(=O)N(CCCCCCCC)CCCCCCCC|nitrate,final_dataset_3d/accepted_geometries.csv,geometries/Eu_192ab9676a31.xyz,394,True,extxyz_xtb_properties_present,True
1a2c675a4d6b,63|CCCCC(CC)CN(CC(=O)N(CC(CC)CCCC)CC(CC)CCCC)CC(=O)N(CC(CC)CCCC)CC(CC)CCCC|nitrate,final_dataset_3d/accepted_geometries.csv,geometries/Eu_1a2c675a4d6b.xyz,415,False,unverified_missing_xtb_properties,False
4c679e68d502,63|Cc1cc(-c2cc(C)cc(-c3nnc4c(n3)C(C)(C)CCC4(C)C)n2)nc(-c2nnc3c(n2)C(C)(C)CCC3(C)C)c1|nitrate,final_dataset_3d/accepted_geometries.csv,geometries/Eu_1a8a8a56f3cb.xyz,93,True,extxyz_xtb_properties_present,True
1c021f009609,63|CCCCCCCCN(CC(=O)N(CCCCCCCC)CCCCCCCC)CC(=O)N(CCCCCCCC)CCCCCCCC|water,final_dataset_3d/accepted_geometries.csv,geometries/Eu_1c021f009609.xyz,415,False,unverified_missing_xtb_properties,False
1c6448b96579,63|CCN(CC)C(=O)COCC(=O)N(CC)CC|nitrate,final_dataset_3d/accepted_geometries.csv,geometries/Eu_1c6448b96579.xyz,124,True,extxyz_xtb_properties_present,True
1df9841672b3,63|CCCCCCCCN(CCCCCCCC)C(=O)COCC(=O)N1CCOCC1|water,final_dataset_3d/accepted_geometries.csv,geometries/Eu_1df9841672b3.xyz,156,True,extxyz_xtb_properties_present,True
1ea050391df5,63|CCN(C(=O)c1cccc(C(=O)N(CC)c2cccc(C)c2)n1)c1cccc(C)c1|nitrate,final_dataset_3d/accepted_geometries.csv,geometries/Eu_1ea050391df5.xyz,172,True,extxyz_xtb_properties_present,True
1a0470dc9c6f,63|CC(C)(C)c1ccc(NC(=O)c2cc(=O)cc(C(=O)Nc3ccc(C(C)(C)C)cc3)o2)cc1|nitrate,final_dataset_3d/accepted_geometries.csv,geometries/Eu_1f1106359435.xyz,190,True,extxyz_xtb_properties_present,True
1f306743dfde,63|CCCCCCCCN(C)C(=O)COCC(=O)N(C)CCCCCCCC|water,final_dataset_3d/accepted_geometries.csv,geometries/Eu_1f306743dfde.xyz,214,True,extxyz_xtb_properties_present,True
02b320c2cae4,63|CC1(C)CCC(C)(C)c2nc(-c3cccc(-c4cccc(-c5nnc6c(n5)C(C)(C)CCC6(C)C)n4)n3)nnc21|nitrate,final_dataset_3d/accepted_geometries.csv,geometries/Eu_1fec5a3a3c29.xyz,87,True,extxyz_xtb_properties_present,True
2004891d770f,63|CCCCCCCCN(CCCCCCCC)C(=O)COC(C(=O)N(CCCCCCCC)CCCCCCCC)c1ccccc1|water,final_dataset_3d/accepted_geometries.csv,geometries/Eu_2004891d770f.xyz,370,True,extxyz_xtb_properties_present,True
2061d93f0660,63|CCCCCCCCN(CCCCCCCC)C(=O)CNCC(=O)N(CCCCCCCC)CCCCCCCC|water,final_dataset_3d/accepted_geometries.csv,geometries/Eu_2061d93f0660.xyz,343,True,extxyz_xtb_properties_present,True
23a2b97a5a9a,63|CCOP(=S)(COCP(=S)(OCC)OCC)OCC|water,final_dataset_3d/accepted_geometries.csv,geometries/Eu_23a2b97a5a9a.xyz,50,True,extxyz_xtb_properties_present,True
240ecd647aa0,63|CCCCOP(=S)(CP(=S)(OCCCC)OCCCC)OCCCC|nitrate,final_dataset_3d/accepted_geometries.csv,geometries/Eu_240ecd647aa0.xyz,71,True,extxyz_xtb_properties_present,True
9144cf676175,63|CC1(C)CCC(C)(C)c2nc(-c3cccc(-c4cccc(-c5cccc(-c6nnc7c(n6)C(C)(C)CCC7(C)C)n5)n4)n3)nnc21|water,final_dataset_3d/accepted_geometries.csv,geometries/Eu_25ade73f3220.xyz,100,True,extxyz_xtb_properties_present,True
26cecbefbbe2,63|CCCCCCCCCCCCN(CCCCCCCC)C(=O)COCC(=O)N(CCCCCCCC)CCCCCCCCCCCC|water,final_dataset_3d/accepted_geometries.csv,geometries/Eu_26cecbefbbe2.xyz,412,True,extxyz_xtb_properties_present,True
36aba4126012,63|CCCCP(=S)(CCCC)CP(=S)(CCCC)CCCC|nitrate,final_dataset_3d/accepted_geometries.csv,geometries/Eu_26e84fc6133e.xyz,237,True,extxyz_xtb_properties_present,True
288717351ab4,63|CCCCCCCCN(CCC)C(=O)COCC(=O)N(CCC)CCCCCCCC|water,final_dataset_3d/accepted_geometries.csv,geometries/Eu_288717351ab4.xyz,250,True,extxyz_xtb_properties_present,True
4db2c8debf20,63|O=C(O)CN(CCO)CCN(CC(=O)O)CC(=O)O|nitrate,final_dataset_3d/accepted_geometries.csv,geometries/Eu_28e521f57d3b.xyz,42,True,extxyz_xtb_properties_present,True
a3c3712e6094,63|CCCCCCn1c(-c2ccccc2)c(-c2ccccc2)c2cc3ccc4cc5c(-c6ccccc6)c(-c6ccccc6)n(CCCCCC)c(=O)c5nc4c3nc2c1=O|nitrate,final_dataset_3d/accepted_geometries.csv,geometries/Eu_2a477ef1f0f3.xyz,119,True,extxyz_xtb_properties_present,True
2ba2430d45f9,63|CCCCCCN(CCC(C)CCCC(C)C)C(=O)COCC(=O)N(CCCCCC)CCC(C)CCCC(C)C|water,final_dataset_3d/accepted_geometries.csv,geometries/Eu_2ba2430d45f9.xyz,340,True,extxyz_xtb_properties_present,True
2d076d76c359,63|CCN(CC)C(=O)c1ccc2ccc3cccnc3c2n1|nitrate,final_dataset_3d/accepted_geometries.csv,geometries/Eu_2d076d76c359.xyz,115,True,extxyz_xtb_properties_present,True
2dec4a230529,63|CC(C)CN(CC(C)C)C(=O)COCC(=O)N(CC(C)C)CC(C)C|nitrate,final_dataset_3d/accepted_geometries.csv,geometries/Eu_2dec4a230529.xyz,196,True,extxyz_xtb_properties_present,True
31f52aef156c,63|c1cc2nc(c1)COc1ccccc1OCCOCCOc1ccccc1OC2|nitrate,final_dataset_3d/accepted_geometries.csv,geometries/Eu_31f52aef156c.xyz,60,True,extxyz_xtb_properties_present,True
32f3a20cc804,63|CCCCCCCCN(CCCCCCCC)C(=O)CN(CC(=O)N(CCCCCCCC)CCCCCCCC)c1ccccc1|nitrate,final_dataset_3d/accepted_geometries.csv,geometries/Eu_32f3a20cc804.xyz,373,True,extxyz_xtb_properties_present,True
33805e18724f,63|CCCCN(CCCC)C(=O)c1ccc2ccc3cccnc3c2n1|water,final_dataset_3d/accepted_geometries.csv,geometries/Eu_33805e18724f.xyz,151,True,extxyz_xtb_properties_present,True
33c10b1775e6,63|CCCCCCCCN(CCCCCCCC)C(=O)c1ccc2ccccc2n1|nitrate,final_dataset_3d/accepted_geometries.csv,geometries/Eu_33c10b1775e6.xyz,280,False,unverified_missing_xtb_properties,False
3522f6225878,63|CCCCCCCCCCCCNCC(=O)c1cccc(C(=O)CNCCCCCCCCCCCC)n1|nitrate,final_dataset_3d/accepted_geometries.csv,geometries/Eu_3522f6225878.xyz,106,True,extxyz_xtb_properties_present,True
3569f0ba49db,63|CCCCCCCCN(CCCCCCCC)C(=O)COCCOCC(=O)N(CCCCCCCC)CCCCCCCC|nitrate,final_dataset_3d/accepted_geometries.csv,geometries/Eu_3569f0ba49db.xyz,244,True,extxyz_xtb_properties_present,True
d183c84956a2,63|CCCCOP(=S)(CP(=S)(OCCCC)OCCCC)OCCCC|water,final_dataset_3d/accepted_geometries.csv,geometries/Eu_382cd9e53432.xyz,256,False,unverified_missing_xtb_properties,False
1e38ddd02002,63|CCCCCCCCCCCCOCc1cc(-n2ccc(C)n2)nc(-n2ccc(C)n2)c1|nitrate,final_dataset_3d/accepted_geometries.csv,geometries/Eu_3893f73b679f.xyz,146,False,unverified_missing_xtb_properties,False
3ab984981feb,63|CCCCCCCCN(CCCCCCCC)C(=O)[C@H](C)O[C@H](C)C(=O)N(CCCCCCCC)CCCCCCCC|nitrate,final_dataset_3d/accepted_geometries.csv,geometries/Eu_3ab984981feb.xyz,358,True,extxyz_xtb_properties_present,True
3afdf5d4d1a3,63|CN(C(=O)c1cccc(C(=O)N(C)c2ccccc2)n1)c1ccccc1|nitrate,final_dataset_3d/accepted_geometries.csv,geometries/Eu_3afdf5d4d1a3.xyz,136,True,extxyz_xtb_properties_present,True
3beb4537ab26,63|CCCCCCCCNC(=O)c1cc(OC)ccn1|nitrate,final_dataset_3d/accepted_geometries.csv,geometries/Eu_3beb4537ab26.xyz,130,False,unverified_missing_xtb_properties,False
3d04c2c215bc,63|CCCCC(CC)CN(C)C(=O)COCC(=O)N(C)CC(CC)CCCC|water,final_dataset_3d/accepted_geometries.csv,geometries/Eu_3d04c2c215bc.xyz,214,True,extxyz_xtb_properties_present,True
3f1e9baa527a,63|CCCCCCCCN(CCCCCCCC)C(=O)COCC(=O)N(CCCCCCCC)CCCCCCCC|nitrate,final_dataset_3d/accepted_geometries.csv,geometries/Eu_3f1e9baa527a.xyz,340,True,extxyz_xtb_properties_present,True
37dcfb7d60f1,63|CC1(C)CCC(C)(C)c2nc(-c3ccc4ccc5ccc(-c6nnc7c(n6)C(C)(C)CCC7(C)C)nc5c4n3)nnc21|water,final_dataset_3d/accepted_geometries.csv,geometries/Eu_43dcce0bcec9.xyz,96,True,extxyz_xtb_properties_present,True
150992a2339b,63|CCCCCCCCn1cc(-c2cc(CC(=O)O)cc(-c3cn(CCCCCCCC)nn3)n2)nn1|water,final_dataset_3d/accepted_geometries.csv,geometries/Eu_4582e319dba6.xyz,232,True,extxyz_xtb_properties_present,True
45970656f998,63|CCCCCCCCN(CCCCCCCC)C(=S)c1ccc(C(=S)N(CCCCCCCC)CCCCCCCC)s1|nitrate,final_dataset_3d/accepted_geometries.csv,geometries/Eu_45970656f998.xyz,122,True,extxyz_xtb_properties_present,True
e56f5098c185,63|CCCCCc1nnc(-c2cccc(-c3cccc(-c4nnc(CCCCC)c(CCCCC)n4)n3)n2)nc1CCCCC|water,final_dataset_3d/accepted_geometries.csv,geometries/Eu_459f887bb756.xyz,110,True,extxyz_xtb_properties_present,True
4845cbe233b2,63|CCCCCCCCN(CC(CC)CCCC)C(=O)COCC(=O)N(CCCCCCCC)CC(CC)CCCC|nitrate,final_dataset_3d/accepted_geometries.csv,geometries/Eu_4845cbe233b2.xyz,340,True,extxyz_xtb_properties_present,True
4982246f582c,63|CCCCCCCCCCN(CCCCCCCCCC)C(=O)C(C)OC(C)C(=O)N(CCCCCCCCCC)CCCCCCCCCC|nitrate,final_dataset_3d/accepted_geometries.csv,geometries/Eu_4982246f582c.xyz,430,True,extxyz_xtb_properties_present,True
4ac6a95798cc,63|CCc1ccc(N(CC)C(=O)c2ccc3ccc4ccc(C(=O)N(CC)c5ccc(CC)cc5)nc4c3n2)cc1|nitrate,final_dataset_3d/accepted_geometries.csv,geometries/Eu_4ac6a95798cc.xyz,152,True,extxyz_xtb_properties_present,True
4cbc57f69c3c,63|CCN(C(=O)c1cccc(-c2cccc(C(=O)N(CC)c3cc(C)cc(C)c3)n2)n1)c1cc(C)cc(C)c1|nitrate,final_dataset_3d/accepted_geometries.csv,geometries/Eu_4cbc57f69c3c.xyz,148,True,extxyz_xtb_properties_present,True
4d8d2c661a75,63|CCCCCN(CCCCC)C(=O)COCC(=O)N(CCCCC)CCCCC|nitrate,final_dataset_3d/accepted_geometries.csv,geometries/Eu_4d8d2c661a75.xyz,232,True,extxyz_xtb_properties_present,True
4d984cc3fa59,63|CCCCCCN(CCC(C)CCC=C(C)C)C(=O)COCC(=O)N(CCCCCC)CCC(C)CCC=C(C)C|water,final_dataset_3d/accepted_geometries.csv,geometries/Eu_4d984cc3fa59.xyz,328,True,extxyz_xtb_properties_present,True
810d12deae71,63|CCCCCCCCN(CCCCCCCC)C(=S)c1ccc2ccc3ccc(C(=S)N(CCCCCCCC)CCCCCCCC)nc3c2n1|nitrate,final_dataset_3d/accepted_geometries.csv,geometries/Eu_501e57106fbd.xyz,138,True,extxyz_xtb_properties_present,True
50ea21f5a29e,63|CCCN(CCC)C(=O)COCC(=O)N(CCC)CCC|nitrate,final_dataset_3d/accepted_geometries.csv,geometries/Eu_50ea21f5a29e.xyz,160,True,extxyz_xtb_properties_present,True
51249be7a086,63|CCCCCCCCN(CCCCCCCC)C(=O)CCOCCC(=O)N(CCCCCCCC)CCCCCCCC|nitrate,final_dataset_3d/accepted_geometries.csv,geometries/Eu_51249be7a086.xyz,358,True,extxyz_xtb_properties_present,True
5239bc4153d8,63|CCCCCCCCN(CCCCCCCC)C(=O)C1CCC(C(=O)N(CCCCCCCC)CCCCCCCC)O1|nitrate,final_dataset_3d/accepted_geometries.csv,geometries/Eu_5239bc4153d8.xyz,352,True,extxyz_xtb_properties_present,True
53cb1f844381,63|CCCCCCOc1cc(CNC(=O)COCC(=O)N(CCCC)CCCC)cc(CNC(=O)COCC(=O)N(CCCC)CCCC)c1|nitrate,final_dataset_3d/accepted_geometries.csv,geometries/Eu_53cb1f844381.xyz,346,True,extxyz_xtb_properties_present,True
d22ea5b4507c,63|CC(C)(C)c1cc(-c2cc(C(C)(C)C)cc(-c3nnc4c(n3)C(C)(C)CCC4(C)C)n2)nc(-c2nnc3c(n2)C(C)(C)CCC3(C)C)c1|nitrate,final_dataset_3d/accepted_geometries.csv,geometries/Eu_54b95afb1c96.xyz,111,True,extxyz_xtb_properties_present,True
550111e74c0a,63|O=C(c1cc(Cl)c2ccc3c(Cl)cc(C(=O)N4CCc5ccccc54)nc3c2n1)N1CCc2ccccc21|nitrate,final_dataset_3d/accepted_geometries.csv,geometries/Eu_550111e74c0a.xyz,120,True,extxyz_xtb_properties_present,True
55d76dbadee1,63|CC1(C)CCC(C)(C)c2nc(-c3cccc(-c4cccc(-c5ccccn5)n4)n3)nnc21|nitrate,final_dataset_3d/accepted_geometries.csv,geometries/Eu_55d76dbadee1.xyz,66,True,extxyz_xtb_properties_present,True
0c66b1f20c6f,63|S=P(S)(c1ccccc1Cl)c1ccccc1Cl|nitrate,final_dataset_3d/accepted_geometries.csv,geometries/Eu_564f08cabcd9.xyz,105,False,unverified_missing_xtb_properties,False
56c925ac0a96,63|CCCCCCN(CCCCCC)C(=O)COCC(=O)N(CCCCCC)CCCCCC|nitrate,final_dataset_3d/accepted_geometries.csv,geometries/Eu_56c925ac0a96.xyz,268,True,extxyz_xtb_properties_present,True
56de36f8cde4,63|CCCCCCCCN(CCCCCCCC)C(=O)c1ccc(C(=O)N(CCCCCCCC)CCCCCCCC)o1|water,final_dataset_3d/accepted_geometries.csv,geometries/Eu_56de36f8cde4.xyz,340,True,extxyz_xtb_properties_present,True
57344db3e043,63|CCCCCCCCN(CCCCCCCC)C(=O)COCP(=O)(CCCC)CCCC|nitrate,final_dataset_3d/accepted_geometries.csv,geometries/Eu_57344db3e043.xyz,265,True,extxyz_xtb_properties_present,True
5826276f1bcb,63|CCCCN(C)C(=O)CC(=O)N(C)CCCC|nitrate,final_dataset_3d/accepted_geometries.csv,geometries/Eu_5826276f1bcb.xyz,176,True,extxyz_xtb_properties_present,True
5a7b8d4059f6,63|CCCCCCCCN(CCCCCCCC)C(=O)C(C)OC(C(=O)N(CCCCCCCC)CCCCCCCC)c1ccccc1|nitrate,final_dataset_3d/accepted_geometries.csv,geometries/Eu_5a7b8d4059f6.xyz,379,True,extxyz_xtb_properties_present,True
5add7e7980fc,63|CCCCN(CCCC)C(=O)COCC(=O)N(CCN(C(=O)COCC(=O)N(CCCC)CCCC)C(C)C)C(C)C|nitrate,final_dataset_3d/accepted_geometries.csv,geometries/Eu_5add7e7980fc.xyz,313,True,extxyz_xtb_properties_present,True
5e17d48e6b5d,63|CN(C(=O)COCC(=O)N(C)c1ccccc1)c1ccccc1|nitrate,final_dataset_3d/accepted_geometries.csv,geometries/Eu_5e17d48e6b5d.xyz,130,True,extxyz_xtb_properties_present,True
5f3f0e0d19d5,63|CCCCCCCCN(CCCCCCCC)C(=O)COCC(=O)NCCOCCNC(=O)COCC(=O)N(CCCCCCCC)CCCCCCCC|nitrate,final_dataset_3d/accepted_geometries.csv,geometries/Eu_5f3f0e0d19d5.xyz,146,True,extxyz_xtb_properties_present,True
3c25127f39bd,63|CC1(C)CCC(C)(C)c2nc(-c3ccc4ccc5ccc(-c6nnc7c(n6)C(C)(C)CCC7(C)C)nc5c4n3)nnc21|nitrate,final_dataset_3d/accepted_geometries.csv,geometries/Eu_5fdbc90e8042.xyz,89,True,extxyz_xtb_properties_present,True
611528cad430,63|CCCCCCC(CCCC)CCCN(C)C(=O)COCC(=O)N(C)CCCC(CCCC)CCCCCC|water,final_dataset_3d/accepted_geometries.csv,geometries/Eu_611528cad430.xyz,322,True,extxyz_xtb_properties_present,True
61dd876b1799,63|C1COCCOCCOCCOCCOCCO1|nitrate,final_dataset_3d/accepted_geometries.csv,geometries/Eu_61dd876b1799.xyz,50,True,extxyz_xtb_properties_present,True
aa3c3491a89d,63|CCCc1nnc(-c2cccc(-c3nnc(CCC)c(CCC)n3)n2)nc1CCC|nitrate,final_dataset_3d/accepted_geometries.csv,geometries/Eu_623b05528a11.xyz,184,True,extxyz_xtb_properties_present,True
64a8e48f3f41,63|CCCCN(CCCC)C(=O)CC(=O)N(CCCC)CCCC|nitrate,final_dataset_3d/accepted_geometries.csv,geometries/Eu_64a8e48f3f41.xyz,248,True,extxyz_xtb_properties_present,True
6562b23bd4a8,63|Cc1cc(C)n(-c2cccc(-n3nc(C)cc3C)n2)n1|nitrate,final_dataset_3d/accepted_geometries.csv,geometries/Eu_6562b23bd4a8.xyz,46,True,extxyz_xtb_properties_present,True
6587dff62b60,63|CCCCC(CC)CN(CC(CC)CCCC)C(=O)COCC(=O)N(CC(CC)CCCC)CC(CC)CCCC|nitrate,final_dataset_3d/accepted_geometries.csv,geometries/Eu_6587dff62b60.xyz,340,True,extxyz_xtb_properties_present,True
65b25391293d,63|CCCCCCN(CCCCCC)C(=O)COCC(=O)N1CCOCC1|nitrate,final_dataset_3d/accepted_geometries.csv,geometries/Eu_65b25391293d.xyz,132,True,extxyz_xtb_properties_present,True
e3d769529fab,63|O=c1c(O)c(-c2ccc(O)c(O)c2)oc2cc(O)cc(O)c12|nitrate,final_dataset_3d/accepted_geometries.csv,geometries/Eu_6657c2fbd39d.xyz,73,True,extxyz_xtb_properties_present,True
6857f8009f97,63|CCCCCCCCCCCCN(CCCCCCCCCCCC)C(=O)COCCOCC(=O)N(CCCCCCCCCCCC)CCCCCCCCCCCC|nitrate,final_dataset_3d/accepted_geometries.csv,geometries/Eu_6857f8009f97.xyz,340,True,extxyz_xtb_properties_present,True
3ead850b1035,63|CCCCCCCCN(CCCCCCCC)C(=S)c1ccc2ccc3ccc(C(=S)N(CCCCCCCC)CCCCCCCC)nc3c2n1|water,final_dataset_3d/accepted_geometries.csv,geometries/Eu_68c904700053.xyz,142,True,extxyz_xtb_properties_present,True
6956f042cf41,63|CCCCCCCCN(CCCCCCCC)C(=O)COCC(=O)N1CCCCC1|nitrate,final_dataset_3d/accepted_geometries.csv,geometries/Eu_6956f042cf41.xyz,235,True,extxyz_xtb_properties_present,True
69ec30d576fe,63|CCCCCCN(CCCCCC)C(=O)COCC(=O)N1CCCC1|nitrate,final_dataset_3d/accepted_geometries.csv,geometries/Eu_69ec30d576fe.xyz,190,True,extxyz_xtb_properties_present,True
6afca3f27250,63|CCCCCCCCN(CCCCCCCC)C(=O)C(C)OC(C)C(=O)N(CCCCCCCC)CCCCCCCC|nitrate,final_dataset_3d/accepted_geometries.csv,geometries/Eu_6afca3f27250.xyz,358,True,extxyz_xtb_properties_present,True
e202f7ff20ad,63|CCCCCCOP(=O)(O)OCCCCCC|nitrate,final_dataset_3d/accepted_geometries.csv,geometries/Eu_6b37907bfc14.xyz,89,False,unverified_missing_xtb_properties,False
6be1220425fa,63|CCCCCCCCCCN(CCCCCCCCCC)C(=O)COCC(=O)N(CCCCCCCCCC)CCCCCCCCCC|nitrate,final_dataset_3d/accepted_geometries.csv,geometries/Eu_6be1220425fa.xyz,412,True,extxyz_xtb_properties_present,True
6d3185d738e5,63|CCCCCCCCN(CCCCCCCC)C(=O)[C@H](C)O[C@@H](C)C(=O)N(CCCCCCCC)CCCCCCCC|nitrate,final_dataset_3d/accepted_geometries.csv,geometries/Eu_6d3185d738e5.xyz,358,True,extxyz_xtb_properties_present,True
6d919d6af533,63|CCCCCCCCN(CCCCCCCC)C(=O)CNCC(=O)N(CCCCCCCC)CCCCCCCC|nitrate,final_dataset_3d/accepted_geometries.csv,geometries/Eu_6d919d6af533.xyz,343,True,extxyz_xtb_properties_present,True
710d25d80b46,63|CCCCCCCCN(C)C(=O)CC(=O)N(C)CCCCCCCC|nitrate,final_dataset_3d/accepted_geometries.csv,geometries/Eu_710d25d80b46.xyz,272,True,extxyz_xtb_properties_present,True
71953fa62ef7,63|CCCCCCCCN(CCCCCCCC)C(=O)CNCP(=O)(CCCC)CCCC|nitrate,final_dataset_3d/accepted_geometries.csv,geometries/Eu_71953fa62ef7.xyz,268,True,extxyz_xtb_properties_present,True
7243680b7bcc,63|CCCCC(CC)CP(=O)(CC(=O)N(CC(C)C)CC(C)C)c1ccccc1|nitrate,final_dataset_3d/accepted_geometries.csv,geometries/Eu_7243680b7bcc.xyz,284,True,extxyz_xtb_properties_present,True
77028478e24f,63|CN(C(=O)CC(=O)N(C)c1ccccc1)c1ccccc1|nitrate,final_dataset_3d/accepted_geometries.csv,geometries/Eu_77028478e24f.xyz,160,True,extxyz_xtb_properties_present,True
770e7e252dd6,63|CCCCN(CCCC)C(=O)c1ccc2ccc3ccc(C(=O)N(CCCC)CCCC)nc3c2n1|nitrate,final_dataset_3d/accepted_geometries.csv,geometries/Eu_770e7e252dd6.xyz,160,True,extxyz_xtb_properties_present,True
797cf8bfb668,63|CCCCCCCCN(CCCCCCCC)C(=O)c1ccc2ccc3ccc(C(=O)N(CCCCCCCC)CCCCCCCC)nc3c2n1|nitrate,final_dataset_3d/accepted_geometries.csv,geometries/Eu_797cf8bfb668.xyz,256,True,extxyz_xtb_properties_present,True
115e33f041fa,63|CCOP(=O)(OCC)c1ccc2ccc3ccc(P(=O)(OCC)OCC)nc3c2n1|nitrate,final_dataset_3d/accepted_geometries.csv,geometries/Eu_7cee7f336f10.xyz,113,True,extxyz_xtb_properties_present,True
1282107c3ef3,63|CCCCN(CCCC)C(=O)CCC(=O)N(CCCC)CCCC|nitrate,final_dataset_3d/accepted_geometries.csv,geometries/Eu_8085bc618fe6.xyz,257,True,extxyz_xtb_properties_present,True
816b93f5201d,63|O=P(c1ccccc1)(c1ccccc1)c1ccc2ccc3ccc(P(=O)(c4ccccc4)c4ccccc4)nc3c2n1|nitrate,final_dataset_3d/accepted_geometries.csv,geometries/Eu_816b93f5201d.xyz,140,True,extxyz_xtb_properties_present,True
81e5f5a1605e,63|CCCCCCCCNC(=O)c1cc(Cl)ccn1|nitrate,final_dataset_3d/accepted_geometries.csv,geometries/Eu_81e5f5a1605e.xyz,160,True,extxyz_xtb_properties_present,True
82d3d05875a8,63|CCCCN(CCCC)C(=O)COCC(=O)NCc1cccc(CNC(=O)COCC(=O)N(CCCC)CCCC)c1|nitrate,final_dataset_3d/accepted_geometries.csv,geometries/Eu_82d3d05875a8.xyz,289,True,extxyz_xtb_properties_present,True
8452882fd016,63|CCCCCCCCN(CCCCCCCC)C(=O)COCC(=O)N1CCCCC1|water,final_dataset_3d/accepted_geometries.csv,geometries/Eu_8452882fd016.xyz,235,True,extxyz_xtb_properties_present,True
86140b949960,63|CCCCCCCCCCN(CCCCCCCCCC)C(=O)[C@H](C)O[C@H](CC)C(=O)N(CCCCCCCCCC)CCCCCCCCCC|nitrate,final_dataset_3d/accepted_geometries.csv,geometries/Eu_86140b949960.xyz,439,True,extxyz_xtb_properties_present,True
86c497c70791,63|CCCCCCCCCCN(CCCCCCCCCC)C(=O)COCC(=O)N(CCCCCC)CCCCCC|nitrate,final_dataset_3d/accepted_geometries.csv,geometries/Eu_86c497c70791.xyz,340,True,extxyz_xtb_properties_present,True
870627e86abc,63|CCCCCCCCN(CCCCCCCC)C(=O)CNCP(=O)(OCCCC)OCCCC|nitrate,final_dataset_3d/accepted_geometries.csv,geometries/Eu_870627e86abc.xyz,100,True,extxyz_xtb_properties_present,True
874e7dab0087,63|CCN(C(=O)c1cccc(-c2cccc(C(=O)N(CC)c3ccc(C)cc3C)n2)n1)c1ccc(C)cc1C|nitrate,final_dataset_3d/accepted_geometries.csv,geometries/Eu_874e7dab0087.xyz,148,True,extxyz_xtb_properties_present,True
881269e891b6,63|CCCCCCN(CCCCCC)C(=O)COCC(=O)N1CCOCC1|water,final_dataset_3d/accepted_geometries.csv,geometries/Eu_881269e891b6.xyz,132,True,extxyz_xtb_properties_present,True
d69bcbed26a0,63|CC1(C)SC(C)(C)c2nc(-c3cccc(-c4cccc(-c5nnc6c(n5)C(C)(C)SC6(C)C)n4)n3)nnc21|water,final_dataset_3d/accepted_geometries.csv,geometries/Eu_88a67671977b.xyz,84,True,extxyz_xtb_properties_present,True
89a0bef80c28,63|CCCCCCCCN(CCCCCCCC)C(=O)COCC(=O)N1CCCC1|water,final_dataset_3d/accepted_geometries.csv,geometries/Eu_89a0bef80c28.xyz,226,True,extxyz_xtb_properties_present,True
89a99631619b,63|CCCCCCN(CCCCCC)C(=O)COCC(=O)N1CCCCC1|water,final_dataset_3d/accepted_geometries.csv,geometries/Eu_89a99631619b.xyz,199,True,extxyz_xtb_properties_present,True
cf2925f73b64,63|CC12CCC(c3nnc(-c4cccc(-c5cccc(-c6nnc7c(n6)C6(C)CCC7C6(C)C)n5)n4)nc31)C2(C)C|nitrate,final_dataset_3d/accepted_geometries.csv,geometries/Eu_8ba2ae0e67b2.xyz,83,True,extxyz_xtb_properties_present,True
8cbfdc7e4dd4,63|CCCCCCCCN(CCCCCCCC)C(=O)COCC(=O)NCCCCCCNC(=O)COCC(=O)N(CCCCCCCC)CCCCCCCC|nitrate,final_dataset_3d/accepted_geometries.csv,geometries/Eu_8cbfdc7e4dd4.xyz,439,True,extxyz_xtb_properties_present,True
86854fe552dc,63|CC1(C)OC(C)(C)c2nc(-c3cccc(-c4cccc(-c5nnc6c(n5)C(C)(C)OC6(C)C)n4)n3)nnc21|nitrate,final_dataset_3d/accepted_geometries.csv,geometries/Eu_8d3294e0ac8d.xyz,77,True,extxyz_xtb_properties_present,True
8ef1fca4d9b9,63|CCCCCCCCN(CCCCCCCC)C(=O)C(C)OC(C)C(=O)N(CCCCCCCC)CCCCCCCC|water,final_dataset_3d/accepted_geometries.csv,geometries/Eu_8ef1fca4d9b9.xyz,358,True,extxyz_xtb_properties_present,True
8f2b8f746d4d,63|CCCCCCCCN(CCCCCCCC)C(=O)CNCP(=O)(CCCC)CCCC|water,final_dataset_3d/accepted_geometries.csv,geometries/Eu_8f2b8f746d4d.xyz,268,True,extxyz_xtb_properties_present,True
90fce4a008ab,63|Cc1ccn(-c2cccc(-n3ccc(C)n3)n2)n1|nitrate,final_dataset_3d/accepted_geometries.csv,geometries/Eu_90fce4a008ab.xyz,40,True,extxyz_xtb_properties_present,True
92f7d2015574,63|CCCCCCOCCC(C(=O)N(C)CCCC)C(=O)N(C)CCCC|nitrate,final_dataset_3d/accepted_geometries.csv,geometries/Eu_92f7d2015574.xyz,205,True,extxyz_xtb_properties_present,True
fcba5faeb46f,63|O=C(O)CN(CC(=O)O)C1CCCCC1N(CC(=O)O)CC(=O)O|nitrate,final_dataset_3d/accepted_geometries.csv,geometries/Eu_95358dc8e1c2.xyz,51,False,unverified_missing_xtb_properties,False
96914ff1df96,63|CCCCCCCCP(=O)(CC(=O)N(CC(C)C)CC(C)C)c1ccccc1|nitrate,final_dataset_3d/accepted_geometries.csv,geometries/Eu_96914ff1df96.xyz,284,True,extxyz_xtb_properties_present,True
973e13880b10,63|CCCCCCCCN(CCCCCCCC)C(=O)COCC(=O)N1CCOCC1|nitrate,final_dataset_3d/accepted_geometries.csv,geometries/Eu_973e13880b10.xyz,156,True,extxyz_xtb_properties_present,True
991e05389d9e,63|CCCCN(CCCC)C(=O)c1ccc2ccc3cccnc3c2n1|nitrate,final_dataset_3d/accepted_geometries.csv,geometries/Eu_991e05389d9e.xyz,151,True,extxyz_xtb_properties_present,True
9a05c75e6ef1,63|CC(C)(C)Cc1cc(-c2cccc(-c3cc(CC(C)(C)C)[nH]n3)n2)n[nH]1|nitrate,final_dataset_3d/accepted_geometries.csv,geometries/Eu_9a05c75e6ef1.xyz,64,True,extxyz_xtb_properties_present,True
9c6735a06e2b,63|CCCCN(CCCC)C(=O)COCC(=O)NCCCCCNC(=O)COCC(=O)N(CCCC)CCCC|nitrate,final_dataset_3d/accepted_geometries.csv,geometries/Eu_9c6735a06e2b.xyz,286,True,extxyz_xtb_properties_present,True
9c969388a823,63|CCN(C(=O)c1cccc(C(=O)N(CC)c2ccccc2C)n1)c1ccccc1C|nitrate,final_dataset_3d/accepted_geometries.csv,geometries/Eu_9c969388a823.xyz,172,True,extxyz_xtb_properties_present,True
9ce4f4d1c0d5,63|CCCCCCCCN(CCCCCCCC)C(=O)COCC(=O)NCCCCCNC(=O)COCC(=O)N(CCCCCCCC)CCCCCCCC|nitrate,final_dataset_3d/accepted_geometries.csv,geometries/Eu_9ce4f4d1c0d5.xyz,430,False,unverified_missing_xtb_properties,False
a0be3cc9b33b,63|CCCCCCN(CCCCCC)C(=O)c1ccc2ccc3cccnc3c2n1|nitrate,final_dataset_3d/accepted_geometries.csv,geometries/Eu_a0be3cc9b33b.xyz,187,True,extxyz_xtb_properties_present,True
a3b3468ffd90,63|CCCCCCCCN(CCCCCCCC)C(=O)c1ccc2ccc3ccc(C(=O)N(CCCCCCCC)CCCCCCCC)nc3c2n1|water,final_dataset_3d/accepted_geometries.csv,geometries/Eu_a3b3468ffd90.xyz,256,True,extxyz_xtb_properties_present,True
a51968909434,63|CCCCCCCCP(=O)(CCCCCCCC)Cc1cccc(CP(=O)(CCCCCCCC)CCCCCCCC)[n+]1[O-]|nitrate,final_dataset_3d/accepted_geometries.csv,geometries/Eu_a51968909434.xyz,361,True,extxyz_xtb_properties_present,True
a69ec7cc9333,63|CCCCCCCCN(CCCCCCCC)C(=O)CO|nitrate,final_dataset_3d/accepted_geometries.csv,geometries/Eu_a69ec7cc9333.xyz,236,True,extxyz_xtb_properties_present,True
a6c0fadcfd26,63|C1CCC2OCCOCCOC3CCCCC3OCCOCCOC2C1|nitrate,final_dataset_3d/accepted_geometries.csv,geometries/Eu_a6c0fadcfd26.xyz,70,True,extxyz_xtb_properties_present,True
af7d4ce816f6,63|CCCCCCCCNC(=O)c1cnccn1|nitrate,final_dataset_3d/accepted_geometries.csv,geometries/Eu_af7d4ce816f6.xyz,115,False,unverified_missing_xtb_properties,False
b0690393d5ce,63|CCCCN(CCCC)C(=O)COCC(=O)N(CCCC)CCCC|nitrate,final_dataset_3d/accepted_geometries.csv,geometries/Eu_b0690393d5ce.xyz,196,True,extxyz_xtb_properties_present,True
b1bab48b743d,63|CCCCCCCCN(CCCCCCCC)C(=O)COCC(=O)NCc1cccc(CNC(=O)COCC(=O)N(CCCCCCCC)CCCCCCCC)c1|water,final_dataset_3d/accepted_geometries.csv,geometries/Eu_b1bab48b743d.xyz,433,True,extxyz_xtb_properties_present,True
b2eb8a1e67a0,63|CCCCCCCCC(C)(C)SCC1CN(C(=O)COCC(=O)N2CC(C)C(CSC(C)(C)CCCCCCCC)C2)CC1C|water,final_dataset_3d/accepted_geometries.csv,geometries/Eu_b2eb8a1e67a0.xyz,352,True,extxyz_xtb_properties_present,True
82898fce9546,63|Cc1cc(C)n(-c2cncc(-n3nc(C)cc3C)n2)n1|nitrate,final_dataset_3d/accepted_geometries.csv,geometries/Eu_b327caa3b7fb.xyz,76,False,unverified_missing_xtb_properties,False
85f24a4c19c9,63|CC1(C)CCC(C)(C)c2nc(-c3cccc(-c4cccc(-c5ccccn5)n4)n3)nnc21|water,final_dataset_3d/accepted_geometries.csv,geometries/Eu_b42eadd4a6e5.xyz,74,True,extxyz_xtb_properties_present,True
b50df1b297d6,63|CCCCC(CC)CN(CC(CC)CCCC)C(=O)CN(CC(=O)N(CC(CC)CCCC)CC(CC)CCCC)CC(=O)N(CC(CC)CCCC)CC(CC)CCCC|water,final_dataset_3d/accepted_geometries.csv,geometries/Eu_b50df1b297d6.xyz,342,True,extxyz_xtb_properties_present,True
b5ceae618f36,63|CCCCCCCCN(CCCCCCCC)C(=O)COCC(=O)N(CCCCCCCC)CCCCCCCC|water,final_dataset_3d/accepted_geometries.csv,geometries/Eu_b5ceae618f36.xyz,340,True,extxyz_xtb_properties_present,True
b81a4e01a33f,63|CCCCCCCCN(C)C(=O)COCC(=O)N(C)Cc1cccc(CN(C)C(=O)COCC(=O)N(C)CCCCCCCC)c1|nitrate,final_dataset_3d/accepted_geometries.csv,geometries/Eu_b81a4e01a33f.xyz,325,True,extxyz_xtb_properties_present,True
b863767b3d63,63|CCN(C(=O)c1cccc(-c2cccc(C(=O)N(CC)c3cc(C)ccc3C)n2)n1)c1cc(C)ccc1C|nitrate,final_dataset_3d/accepted_geometries.csv,geometries/Eu_b863767b3d63.xyz,148,True,extxyz_xtb_properties_present,True
ba4db0bfd97a,63|CCCCCCCCN(CCCCCCCC)C(=O)COC(C(=O)N(CCCCCCCC)CCCCCCCC)c1ccccc1|nitrate,final_dataset_3d/accepted_geometries.csv,geometries/Eu_ba4db0bfd97a.xyz,370,True,extxyz_xtb_properties_present,True
0eb858552e51,63|CCCCCCCCn1cc(-c2cc(CC(=O)O)cc(-c3cn(CCCCCCCC)nn3)n2)nn1|nitrate,final_dataset_3d/accepted_geometries.csv,geometries/Eu_bbe930277304.xyz,232,True,extxyz_xtb_properties_present,True
bd3b6d612c1f,63|CCCCCCCCCCCCN(CCCCCCCCCCCC)C(=O)COCCOCC(=O)N(CCCCCCCCCCCC)CCCCCCCCCCCC|water,final_dataset_3d/accepted_geometries.csv,geometries/Eu_bd3b6d612c1f.xyz,340,True,extxyz_xtb_properties_present,True
bdc61b13a8a3,63|CCCCCCCCN(CCCCCCCC)C(=O)COCC(=O)NCc1ccc(CNC(=O)COCC(=O)N(CCCCCCCC)CCCCCCCC)cc1|nitrate,final_dataset_3d/accepted_geometries.csv,geometries/Eu_bdc61b13a8a3.xyz,433,True,extxyz_xtb_properties_present,True
bea7c107a7cb,63|CCCCC(CC)CN(CC(CC)CCCC)C(=O)CCOCCC(=O)N(CC(CC)CCCC)CC(CC)CCCC|water,final_dataset_3d/accepted_geometries.csv,geometries/Eu_bea7c107a7cb.xyz,358,True,extxyz_xtb_properties_present,True
bf53aa2b47c6,63|CCCCN(CCCC)C(=O)COCC(=O)NCCCCCCNC(=O)COCC(=O)N(CCCC)CCCC|nitrate,final_dataset_3d/accepted_geometries.csv,geometries/Eu_bf53aa2b47c6.xyz,295,True,extxyz_xtb_properties_present,True
bf9e03e12455,63|CCCCC(CC)CN(CC(CC)CCCC)C(=O)CN(CC(=O)N(CC(CC)CCCC)CC(CC)CCCC)CC(=O)N(CC(CC)CCCC)CC(CC)CCCC|nitrate,final_dataset_3d/accepted_geometries.csv,geometries/Eu_bf9e03e12455.xyz,342,True,extxyz_xtb_properties_present,True
c0236f78b8f1,63|CCCCCCCCN(CCCCCCCC)C(=O)CNCP(=O)(OCCCC)OCCCC|water,final_dataset_3d/accepted_geometries.csv,geometries/Eu_c0236f78b8f1.xyz,104,True,extxyz_xtb_properties_present,True
c25357ab689e,63|CCCCCC(C)Oc1cc(CNC(=O)COCC(=O)N(CCCC)CCCC)cc(CNC(=O)COCC(=O)N(CCCC)CCCC)c1|nitrate,final_dataset_3d/accepted_geometries.csv,geometries/Eu_c25357ab689e.xyz,355,True,extxyz_xtb_properties_present,True
c3a75dd9fb48,63|CCCCCCCCN(C(=O)c1ccc2ccc3cccnc3c2n1)c1ccc(C)cc1|nitrate,final_dataset_3d/accepted_geometries.csv,geometries/Eu_c3a75dd9fb48.xyz,190,True,extxyz_xtb_properties_present,True
c42c62569058,63|CCCCCCCCN(CC)C(=O)COCC(=O)N(CC)CCCCCCCC|water,final_dataset_3d/accepted_geometries.csv,geometries/Eu_c42c62569058.xyz,232,True,extxyz_xtb_properties_present,True
c52cf9b12c74,63|CCCCCCCCN(CCCCCCCC)C(=O)C1CCC(C(=O)N(CCCCCCCC)CCCCCCCC)O1|water,final_dataset_3d/accepted_geometries.csv,geometries/Eu_c52cf9b12c74.xyz,352,True,extxyz_xtb_properties_present,True
cafe7bff72b2,63|CC(C)(C)c1ccc(NC(=O)c2cnccn2)cc1|nitrate,final_dataset_3d/accepted_geometries.csv,geometries/Eu_cafe7bff72b2.xyz,109,False,unverified_missing_xtb_properties,False
edbaf992f7bf,63|Cc1ccn(-c2cncc(-n3ccc(C)n3)n2)n1|nitrate,final_dataset_3d/accepted_geometries.csv,geometries/Eu_cb9b04403ae5.xyz,64,False,unverified_missing_xtb_properties,False
cbaab9141d24,63|CCCCCCN(CCCCCC)C(=O)COCC(=O)N1CCCCC1|nitrate,final_dataset_3d/accepted_geometries.csv,geometries/Eu_cbaab9141d24.xyz,199,True,extxyz_xtb_properties_present,True
ce738ef3149c,63|O=C(c1cc(Cl)c2ccc3c(Cl)cc(C(=O)N4CCCC4)nc3c2n1)N1CCCC1|nitrate,final_dataset_3d/accepted_geometries.csv,geometries/Eu_ce738ef3149c.xyz,104,True,extxyz_xtb_properties_present,True
cf6c818eb329,63|CCCCCCN(CCCCCC)C(=O)c1ccc2ccc3cccnc3c2n1|water,final_dataset_3d/accepted_geometries.csv,geometries/Eu_cf6c818eb329.xyz,187,True,extxyz_xtb_properties_present,True
d0e83cebbf21,63|CCCCCCCCN(C)C(=O)COCC(=O)N(C)CCCCCCCC|nitrate,final_dataset_3d/accepted_geometries.csv,geometries/Eu_d0e83cebbf21.xyz,214,True,extxyz_xtb_properties_present,True
d385338b84da,63|O=C(COCC(=O)N1CCCCC1)N1CCCCC1|water,final_dataset_3d/accepted_geometries.csv,geometries/Eu_d385338b84da.xyz,130,True,extxyz_xtb_properties_present,True
d17be0d31bd6,63|CCCCCc1nnc(-c2cccc(-c3cccc(-c4nnc(CCCCC)c(CCCCC)n4)n3)n2)nc1CCCCC|nitrate,final_dataset_3d/accepted_geometries.csv,geometries/Eu_d85063f2c2c1.xyz,103,True,extxyz_xtb_properties_present,True
d853ee339030,63|CCCCCCCCN(CCC(C)CC(C)(C)C)C(=O)COCC(=O)N(CCCCCCCC)CCC(C)CC(C)(C)C|water,final_dataset_3d/accepted_geometries.csv,geometries/Eu_d853ee339030.xyz,358,True,extxyz_xtb_properties_present,True
d8e5a70b033d,63|CCCCCCCCCCN(CCCCCCCCCC)C(=O)[C@H](CCC)O[C@H](CCC)C(=O)N(CCCCCCCCCC)CCCCCCCCCC|nitrate,final_dataset_3d/accepted_geometries.csv,geometries/Eu_d8e5a70b033d.xyz,466,True,extxyz_xtb_properties_present,True
dc1c8a4299f0,63|CCCCCCCCN(CC(C)C)C(=O)COCC(=O)N(CCCCCCCC)CC(C)C|nitrate,final_dataset_3d/accepted_geometries.csv,geometries/Eu_dc1c8a4299f0.xyz,268,True,extxyz_xtb_properties_present,True
dde20ae789d3,63|CCCCCCc1ccc(N(CC)C(=O)c2cccc(-c3cccc(C(=O)N(CC)c4ccc(CCCCCC)cc4)n3)n2)cc1|nitrate,final_dataset_3d/accepted_geometries.csv,geometries/Eu_dde20ae789d3.xyz,196,True,extxyz_xtb_properties_present,True
eb62218d1b12,63|CCCCCCCCOc1cc(C(=O)N(C)c2ccc(C(C)(C)C)cc2)nc(C(=O)N(C)c2ccc(C(C)(C)C)cc2)c1|nitrate,final_dataset_3d/accepted_geometries.csv,geometries/Eu_dfa51784b875.xyz,283,True,extxyz_xtb_properties_present,True
dfc3c13eccab,63|CCCCCCCCN(CCCCCCCC)C(=O)COCC(=O)N1CCCC1|nitrate,final_dataset_3d/accepted_geometries.csv,geometries/Eu_dfc3c13eccab.xyz,226,True,extxyz_xtb_properties_present,True
e12925d7cdf4,63|CCCCCCN(CCCCCC)C(=O)CC(=O)N(CCCCCC)CCCCCC|nitrate,final_dataset_3d/accepted_geometries.csv,geometries/Eu_e12925d7cdf4.xyz,344,True,extxyz_xtb_properties_present,True
e144203cfc4e,63|CCCCCCCCN(CCCCCCCC)C(=O)COCP(=O)(CCCC)CCCC|water,final_dataset_3d/accepted_geometries.csv,geometries/Eu_e144203cfc4e.xyz,265,True,extxyz_xtb_properties_present,True
e4175b10a80b,63|CCCCCCCCN(CCCCCCCC)C(=O)COCP(=O)(OCCCC)OCCCC|nitrate,final_dataset_3d/accepted_geometries.csv,geometries/Eu_e4175b10a80b.xyz,99,True,extxyz_xtb_properties_present,True
e53e8fa1150f,63|CCCCCCCCP(=O)(CCCCCCCC)Cc1cccc(CP(=O)(CCCCCCCC)CCCCCCCC)[n+]1[O-]|water,final_dataset_3d/accepted_geometries.csv,geometries/Eu_e53e8fa1150f.xyz,361,True,extxyz_xtb_properties_present,True
e9fcac340ff5,63|S=P(COCP(=S)(c1ccccc1)c1ccccc1)(c1ccccc1)c1ccccc1|water,final_dataset_3d/accepted_geometries.csv,geometries/Eu_e9fcac340ff5.xyz,166,False,unverified_missing_xtb_properties,False
ec36e99efff5,63|CCCCCCCCN(C)C(=O)COCC(=O)NCc1cccc(CNC(=O)COCC(=O)N(C)CCCCCCCC)c1|nitrate,final_dataset_3d/accepted_geometries.csv,geometries/Eu_ec36e99efff5.xyz,307,True,extxyz_xtb_properties_present,True
ec68ed441941,63|CCCCCCCCCCCCNC(=O)c1cc(OC)ccn1|nitrate,final_dataset_3d/accepted_geometries.csv,geometries/Eu_ec68ed441941.xyz,166,False,unverified_missing_xtb_properties,False
da66a3b16f13,63|CCCCCCCCOc1cc(C(=O)Nc2ccc(C(C)(C)C)cc2)nc(C(=O)Nc2ccc(C(C)(C)C)cc2)c1|nitrate,final_dataset_3d/accepted_geometries.csv,geometries/Eu_ecdd71aa88de.xyz,265,True,extxyz_xtb_properties_present,True
edb5c2a0f205,63|CCCCCCCCN(CCCCCCCC)C(=O)COCC(=O)NCCCCCCCNC(=O)COCC(=O)N(CCCCCCCC)CCCCCCCC|nitrate,final_dataset_3d/accepted_geometries.csv,geometries/Eu_edb5c2a0f205.xyz,448,True,extxyz_xtb_properties_present,True
ee1036964dae,63|CCCCP(=S)(CCCC)COCP(=S)(CCCC)CCCC|water,final_dataset_3d/accepted_geometries.csv,geometries/Eu_ee1036964dae.xyz,190,False,unverified_missing_xtb_properties,False
f0368514bd3f,63|CCCCCCCCN(CCCCCCCC)C(=O)COC(C)C(=O)N(CCCCCCCC)CCCCCCCC|water,final_dataset_3d/accepted_geometries.csv,geometries/Eu_f0368514bd3f.xyz,349,True,extxyz_xtb_properties_present,True
f119e0afc8fb,63|CCN(C(=O)c1cccc(-c2cccc(C(=O)N(CC)c3ccccc3)n2)n1)c1ccccc1|nitrate,final_dataset_3d/accepted_geometries.csv,geometries/Eu_f119e0afc8fb.xyz,124,True,extxyz_xtb_properties_present,True
f1ce22c5ae19,63|CCCCCCCCN(CCCCCCCC)C(=O)c1ccc(C(=O)N(CCCCCCCC)CCCCCCCC)o1|nitrate,final_dataset_3d/accepted_geometries.csv,geometries/Eu_f1ce22c5ae19.xyz,340,True,extxyz_xtb_properties_present,True
f27594aadde3,63|CCCCCCCCN(CCCCC(C)CCCC(C)C)C(=O)COCC(=O)N(CCCCCCCC)CCCCC(C)CCCC(C)C|water,final_dataset_3d/accepted_geometries.csv,geometries/Eu_f27594aadde3.xyz,412,True,extxyz_xtb_properties_present,True
f2bec3b5bee8,63|COCCN(CCOC)C(=O)COCC(=O)N(CCOC)CCOC|water,final_dataset_3d/accepted_geometries.csv,geometries/Eu_f2bec3b5bee8.xyz,64,True,extxyz_xtb_properties_present,True
f31ab54d2cd7,63|CCN(C(=O)c1cccc(C(=O)N(CC)c2ccc(C)cc2)n1)c1ccc(C)cc1|nitrate,final_dataset_3d/accepted_geometries.csv,geometries/Eu_f31ab54d2cd7.xyz,172,True,extxyz_xtb_properties_present,True
f32387e7edd6,63|CCCCP(=S)(CCCC)COCP(=S)(CCCC)CCCC|nitrate,final_dataset_3d/accepted_geometries.csv,geometries/Eu_f32387e7edd6.xyz,190,False,unverified_missing_xtb_properties,False
655f731d48c2,63|CCCCCCCCN(CCCCCCCC)C(=O)CN(CC(=O)N(CCCCCCCC)CCCCCCCC)CC(=O)N(CCCCCCCC)CCCCCCCC|nitrate,final_dataset_3d/accepted_geometries.csv,geometries/Eu_f3f070427c1f.xyz,181,True,extxyz_xtb_properties_present,True
f4c272db6d7f,63|CCCCCCN(CCCCCC)C(=O)COCC(=O)N1CCCC1|water,final_dataset_3d/accepted_geometries.csv,geometries/Eu_f4c272db6d7f.xyz,190,True,extxyz_xtb_properties_present,True
f55824b32885,63|CCCCCCCCN(CCCC(CCCC)CCCCCC)C(=O)COCC(=O)N(CCCCCCCC)CCCC(CCCC)CCCCCC|water,final_dataset_3d/accepted_geometries.csv,geometries/Eu_f55824b32885.xyz,448,True,extxyz_xtb_properties_present,True
f5a4d693ef5a,63|CC(C)CCCC(C)CCCCN(C)C(=O)COCC(=O)N(C)CCCCC(C)CCCC(C)C|water,final_dataset_3d/accepted_geometries.csv,geometries/Eu_f5a4d693ef5a.xyz,286,True,extxyz_xtb_properties_present,True
f6f2a2b1f613,63|CC(C)CCN(CCC(C)C)C(=O)COCC(=O)NCc1cccc(CNC(=O)COCC(=O)N(CCC(C)C)CCC(C)C)c1|nitrate,final_dataset_3d/accepted_geometries.csv,geometries/Eu_f6f2a2b1f613.xyz,325,True,extxyz_xtb_properties_present,True
f868270ec4a9,63|c1cc(-n2cccn2)nc(-n2cccn2)c1|nitrate,final_dataset_3d/accepted_geometries.csv,geometries/Eu_f868270ec4a9.xyz,34,True,extxyz_xtb_properties_present,True
f877a1dc60e3,63|CCCCP(=S)(CCCC)CP(=S)(CCCC)CCCC|water,final_dataset_3d/accepted_geometries.csv,geometries/Eu_f877a1dc60e3.xyz,240,False,unverified_missing_xtb_properties,False
f8c89bfcafa6,63|CCCCC(CC)CN(CC(CC)CCCC)C(=O)COCC(=O)N(CC(CC)CCCC)CC(CC)CCCC|water,final_dataset_3d/accepted_geometries.csv,geometries/Eu_f8c89bfcafa6.xyz,340,True,extxyz_xtb_properties_present,True
03b447c331ab,63|CCCCCCCCN(C)C(=O)C(CCOCCCCCC)C(=O)N(C)CCCCCCCC|nitrate,final_dataset_3d/accepted_geometries.csv,geometries/Eu_fb46283268e8.xyz,372,False,unverified_missing_xtb_properties,False
fb58571ea1e3,63|CCCCCCN(C)C(=O)CC(=O)N(C)CCCCCC|nitrate,final_dataset_3d/accepted_geometries.csv,geometries/Eu_fb58571ea1e3.xyz,224,True,extxyz_xtb_properties_present,True
fb7d0e22e502,63|O=C(c1ccccc1)c1ccc2ccccc2n1|nitrate,final_dataset_3d/accepted_geometries.csv,geometries/Eu_fb7d0e22e502.xyz,120,True,extxyz_xtb_properties_present,True
5355a09ac181,63|CCCCCCn1c(-c2ccccc2)c(-c2ccccc2)c2cc3ccc4cc5c(-c6ccccc6)c(-c6ccccc6)n(CCCCCC)c(=O)c5nc4c3nc2c1=O|water,final_dataset_3d/accepted_geometries.csv,geometries/Eu_fbeb4feade31.xyz,126,True,extxyz_xtb_properties_present,True
fcc8b7852054,63|CCCCCCCCN(C)C(=O)COCC(=O)N(CCCCCCCC)CCCCCCCC|water,final_dataset_3d/accepted_geometries.csv,geometries/Eu_fcc8b7852054.xyz,277,True,extxyz_xtb_properties_present,True
fce2cd1d1147,63|CCCCC(CC)CN(CC(CC)CCCC)C(=O)CCOCCC(=O)N(CC(CC)CCCC)CC(CC)CCCC|nitrate,final_dataset_3d/accepted_geometries.csv,geometries/Eu_fce2cd1d1147.xyz,358,True,extxyz_xtb_properties_present,True
fdb14b12fa26,63|CCCCCCCCN(CCCCCCCC)C(=O)CCOCCC(=O)N(CCCCCCCC)CCCCCCCC|water,final_dataset_3d/accepted_geometries.csv,geometries/Eu_fdb14b12fa26.xyz,358,True,extxyz_xtb_properties_present,True
fe5652c1478d,63|c1ccc2c(c1)OCCOCCOc1ccccc1OCCOCCO2|nitrate,final_dataset_3d/accepted_geometries.csv,geometries/Eu_fe5652c1478d.xyz,58,True,extxyz_xtb_properties_present,True
0507ced001b2,64|CCCCCCN(CCC(C)CCC=C(C)C)C(=O)COCC(=O)N(CCCCCC)CCC(C)CCC=C(C)C|water,final_dataset_3d/accepted_geometries.csv,geometries/Gd_0507ced001b2.xyz,328,True,extxyz_xtb_properties_present,True
052f2dceaa7c,64|CCCCCCCCN(C(=O)c1ccc2ccc3cccnc3c2n1)c1ccc(C)cc1|nitrate,final_dataset_3d/accepted_geometries.csv,geometries/Gd_052f2dceaa7c.xyz,190,True,extxyz_xtb_properties_present,True
68eed951c1f9,64|CCCCCCn1c(-c2ccccc2)c(-c2ccccc2)c2cc3ccc4cc5c(-c6ccccc6)c(-c6ccccc6)n(CCCCCC)c(=O)c5nc4c3nc2c1=O|nitrate,final_dataset_3d/accepted_geometries.csv,geometries/Gd_05a03a08886e.xyz,119,True,extxyz_xtb_properties_present,True
07350ab67185,64|CCCCC(CC)CN(CC(CC)CCCC)C(=O)COCC(=O)N(CC(CC)CCCC)CC(CC)CCCC|nitrate,final_dataset_3d/accepted_geometries.csv,geometries/Gd_07350ab67185.xyz,340,True,extxyz_xtb_properties_present,True
076b08bdd522,64|CCCCCCCCCCCCN(CCCCCCCCCCCC)C(=O)COC1CCCN(CCCCCC)C1=O|nitrate,final_dataset_3d/accepted_geometries.csv,geometries/Gd_076b08bdd522.xyz,343,True,extxyz_xtb_properties_present,True
0bf6d3175147,64|CCCCCCCCN(CCCCCCCC)C(=O)C(C)OC(C)C(=O)N(CCCCCCCC)CCCCCCCC|nitrate,final_dataset_3d/accepted_geometries.csv,geometries/Gd_0bf6d3175147.xyz,358,True,extxyz_xtb_properties_present,True
0d198a0a6ef3,64|CCCCCCCCN(CCCC(CCCC)CCCCCC)C(=O)COCC(=O)N(CCCCCCCC)CCCC(CCCC)CCCCCC|water,final_dataset_3d/accepted_geometries.csv,geometries/Gd_0d198a0a6ef3.xyz,448,True,extxyz_xtb_properties_present,True
0df3026619d7,64|CCCCN(CCCC)C(=O)CC(=O)N(CCCC)CCCC|nitrate,final_dataset_3d/accepted_geometries.csv,geometries/Gd_0df3026619d7.xyz,248,True,extxyz_xtb_properties_present,True
208e08f30042,64|CCCCCCOP(=O)(O)OCCCCCC|nitrate,final_dataset_3d/accepted_geometries.csv,geometries/Gd_0fbcda847eb3.xyz,89,False,unverified_missing_xtb_properties,False
10baf97b18c4,64|CCCCCCCCN(CCCCCCCC)C(=O)[C@H](C)O[C@@H](C)C(=O)N(CCCCCCCC)CCCCCCCC|nitrate,final_dataset_3d/accepted_geometries.csv,geometries/Gd_10baf97b18c4.xyz,358,True,extxyz_xtb_properties_present,True
125a61fe04b1,64|CCCCCCCCCCN(CCCCCCCCCC)C(=O)COCC(=O)N(CCCCCC)CCCCCC|water,final_dataset_3d/accepted_geometries.csv,geometries/Gd_125a61fe04b1.xyz,340,True,extxyz_xtb_properties_present,True
ddcd093eef63,64|CC12CCC(c3nnc(-c4cccc(-c5nnc6c(n5)C5(C)CCC6C5(C)C)n4)nc31)C2(C)C|nitrate,final_dataset_3d/accepted_geometries.csv,geometries/Gd_1516d237b7fa.xyz,196,True,extxyz_xtb_properties_present,True
17f690b1fab1,64|CCCCN(CCCC)C(=O)CCC(=O)N(CCCC)CCCC|nitrate,final_dataset_3d/accepted_geometries.csv,geometries/Gd_17f690b1fab1.xyz,260,True,extxyz_xtb_properties_present,True
20b8e39bea83,64|CN(C(=O)CC(=O)N(C)c1ccccc1)c1ccccc1|nitrate,final_dataset_3d/accepted_geometries.csv,geometries/Gd_20b8e39bea83.xyz,160,True,extxyz_xtb_properties_present,True
20e7fddc1791,64|CCN(C(=O)c1cccc(C(=O)N(CC)c2ccc(C)cc2)n1)c1ccc(C)cc1|nitrate,final_dataset_3d/accepted_geometries.csv,geometries/Gd_20e7fddc1791.xyz,172,True,extxyz_xtb_properties_present,True
22416499ab5a,64|CCCCCCN(CCCCCC)C(=O)COCC(=O)N(CCCCCC)CCCCCC|nitrate,final_dataset_3d/accepted_geometries.csv,geometries/Gd_22416499ab5a.xyz,268,True,extxyz_xtb_properties_present,True
2b6df3205d87,64|CCCCCCCCN(CCCCCCCC)C(=O)COCCOCC(=O)N(CCCCCCCC)CCCCCCCC|nitrate,final_dataset_3d/accepted_geometries.csv,geometries/Gd_2b6df3205d87.xyz,244,True,extxyz_xtb_properties_present,True
2dd51d06502d,64|CCCCCCC(C)N(CCCC)C(=O)COCC(=O)N(CCCC)C(C)CCCCCC|water,final_dataset_3d/accepted_geometries.csv,geometries/Gd_2dd51d06502d.xyz,268,True,extxyz_xtb_properties_present,True
37a7e6578c98,64|CCCCCCn1c(-c2ccccc2)c(-c2ccccc2)c2cc3ccc4cc5c(-c6ccccc6)c(-c6ccccc6)n(CCCCCC)c(=O)c5nc4c3nc2c1=O|water,final_dataset_3d/accepted_geometries.csv,geometries/Gd_2e531fb08047.xyz,126,True,extxyz_xtb_properties_present,True
337c532af554,64|COCCN(CCOC)C(=O)COCC(=O)N(CCOC)CCOC|water,final_dataset_3d/accepted_geometries.csv,geometries/Gd_337c532af554.xyz,64,True,extxyz_xtb_properties_present,True
33aeb266fd28,64|CC(C)CN(CC(C)C)C(=O)COCC(=O)N(CC(C)C)CC(C)C|nitrate,final_dataset_3d/accepted_geometries.csv,geometries/Gd_33aeb266fd28.xyz,196,True,extxyz_xtb_properties_present,True
33fae4967c19,64|CCCCCCCCC(C)(C)SCC1CN(C(=O)COCC(=O)N2CC(C)C(CSC(C)(C)CCCCCCCC)C2)CC1C|water,final_dataset_3d/accepted_geometries.csv,geometries/Gd_33fae4967c19.xyz,352,True,extxyz_xtb_properties_present,True
362436cb1022,64|CCCCCCc1ccc(N(CC)C(=O)c2cccc(-c3cccc(C(=O)N(CC)c4ccc(CCCCCC)cc4)n3)n2)cc1|nitrate,final_dataset_3d/accepted_geometries.csv,geometries/Gd_362436cb1022.xyz,196,True,extxyz_xtb_properties_present,True
37b6322ee57d,64|CCCCCCCCCCN(CCCCCCCCCC)C(=O)C(C)OC(C)C(=O)N(CCCCCCCCCC)CCCCCCCCCC|nitrate,final_dataset_3d/accepted_geometries.csv,geometries/Gd_37b6322ee57d.xyz,430,True,extxyz_xtb_properties_present,True
3df1d7358828,64|CCCCCCCCP(=O)(CCCCCCCC)Cc1cccc(CP(=O)(CCCCCCCC)CCCCCCCC)[n+]1[O-]|nitrate,final_dataset_3d/accepted_geometries.csv,geometries/Gd_3df1d7358828.xyz,361,True,extxyz_xtb_properties_present,True
40369a910258,64|CCCCCCCCN(CCCCCCCC)C(=O)[C@H](C)O[C@H](C)C(=O)N(CCCCCCCC)CCCCCCCC|nitrate,final_dataset_3d/accepted_geometries.csv,geometries/Gd_40369a910258.xyz,358,True,extxyz_xtb_properties_present,True
447e5cac899d,64|CCCCCCN(C)C(=O)CC(=O)N(C)CCCCCC|nitrate,final_dataset_3d/accepted_geometries.csv,geometries/Gd_447e5cac899d.xyz,224,True,extxyz_xtb_properties_present,True
4a5715743e89,64|CCN(C(=O)c1cccc(-c2cccc(C(=O)N(CC)c3ccc(C)cc3C)n2)n1)c1ccc(C)cc1C|nitrate,final_dataset_3d/accepted_geometries.csv,geometries/Gd_4a5715743e89.xyz,148,True,extxyz_xtb_properties_present,True
4b48ab5095c7,64|CCCCCCCCN(CC)C(=O)COCC(=O)N(CC)CCCCCCCC|water,final_dataset_3d/accepted_geometries.csv,geometries/Gd_4b48ab5095c7.xyz,232,True,extxyz_xtb_properties_present,True
4b8ebeec8a69,64|CC(C)CCCC(C)CCCCN(C)C(=O)COCC(=O)N(C)CCCCC(C)CCCC(C)C|water,final_dataset_3d/accepted_geometries.csv,geometries/Gd_4b8ebeec8a69.xyz,286,True,extxyz_xtb_properties_present,True
4d6e73ab7534,64|O=C(c1cc(Cl)c2ccc3c(Cl)cc(C(=O)N4CCCC4)nc3c2n1)N1CCCC1|nitrate,final_dataset_3d/accepted_geometries.csv,geometries/Gd_4d6e73ab7534.xyz,104,True,extxyz_xtb_properties_present,True
5e68de46eed8,64|O=C(COCC(=O)N1CCCCC1)N1CCCCC1|water,final_dataset_3d/accepted_geometries.csv,geometries/Gd_5e68de46eed8.xyz,130,True,extxyz_xtb_properties_present,True
616c00e0345b,64|CCCCCCCCCCN(CCCCCCCCCC)C(=O)[C@H](CCC)O[C@H](CCC)C(=O)N(CCCCCCCCCC)CCCCCCCCCC|nitrate,final_dataset_3d/accepted_geometries.csv,geometries/Gd_616c00e0345b.xyz,466,True,extxyz_xtb_properties_present,True
61dddb6a20be,64|CCCCCCCCN(C)C(=O)COCC(=O)N(CCCCCCCC)CCCCCCCC|water,final_dataset_3d/accepted_geometries.csv,geometries/Gd_61dddb6a20be.xyz,277,True,extxyz_xtb_properties_present,True
62f8e8df04ed,64|CCN(C(=O)c1cccc(-c2cccc(C(=O)N(CC)c3cc(C)ccc3C)n2)n1)c1cc(C)ccc1C|nitrate,final_dataset_3d/accepted_geometries.csv,geometries/Gd_62f8e8df04ed.xyz,148,True,extxyz_xtb_properties_present,True
6594b7e2cb96,64|CCCCCCN(CCC(C)CCCC(C)C)C(=O)COCC(=O)N(CCCCCC)CCC(C)CCCC(C)C|water,final_dataset_3d/accepted_geometries.csv,geometries/Gd_6594b7e2cb96.xyz,340,True,extxyz_xtb_properties_present,True
72e74d3d47e2,64|CCCCCCN(CCCCCC)C(=O)CC(=O)N(CCCCCC)CCCCCC|nitrate,final_dataset_3d/accepted_geometries.csv,geometries/Gd_72e74d3d47e2.xyz,344,True,extxyz_xtb_properties_present,True
767f19fc0623,64|CN(C(=O)c1cccc(C(=O)N(C)c2ccccc2)n1)c1ccccc1|nitrate,final_dataset_3d/accepted_geometries.csv,geometries/Gd_767f19fc0623.xyz,136,True,extxyz_xtb_properties_present,True
776127a45bd2,64|CCCCCCCCCCCCN(CCCCCCCC)C(=O)COCC(=O)N(CCCCCCCC)CCCCCCCCCCCC|water,final_dataset_3d/accepted_geometries.csv,geometries/Gd_776127a45bd2.xyz,412,True,extxyz_xtb_properties_present,True
a78f15424f2a,64|O=C(O)CN(CCO)CCN(CC(=O)O)CC(=O)O|nitrate,final_dataset_3d/accepted_geometries.csv,geometries/Gd_797b56c554e7.xyz,42,True,extxyz_xtb_properties_present,True
7c4a1221da48,64|CCCCCCCCCCCCN(C)C(=O)C1CC(OC)CC(C(=O)N(C)CCCCCCCCCCCC)O1|nitrate,final_dataset_3d/accepted_geometries.csv,geometries/Gd_7c4a1221da48.xyz,216,True,extxyz_xtb_properties_present,True
8016e2df9486,64|CCN(CC)C(=O)COCC(=O)N(CC)CC|nitrate,final_dataset_3d/accepted_geometries.csv,geometries/Gd_8016e2df9486.xyz,124,True,extxyz_xtb_properties_present,True
8c6b3ff26d81,64|CCCCN(CCCC)C(=O)COCC(=O)N(CCCC)CCCC|water,final_dataset_3d/accepted_geometries.csv,geometries/Gd_8c6b3ff26d81.xyz,196,True,extxyz_xtb_properties_present,True
a1b1948ac9a0,64|CCCCCc1nnc(-c2cccc(-c3cccc(-c4nnc(CCCCC)c(CCCCC)n4)n3)n2)nc1CCCCC|nitrate,final_dataset_3d/accepted_geometries.csv,geometries/Gd_8fc663eda6f3.xyz,103,True,extxyz_xtb_properties_present,True
9060a51020d0,64|CCCCCCCCN(CCCCCCCC)C(=O)COCC(=O)N(CCCCCCCC)CCCCCCCC|water,final_dataset_3d/accepted_geometries.csv,geometries/Gd_9060a51020d0.xyz,340,True,extxyz_xtb_properties_present,True
9401327b7867,64|CCCCCCCCN(CC(C)C)C(=O)COCC(=O)N(CCCCCCCC)CC(C)C|nitrate,final_dataset_3d/accepted_geometries.csv,geometries/Gd_9401327b7867.xyz,268,True,extxyz_xtb_properties_present,True
94c7d618f2c0,64|CCN(C(=O)c1cccc(C(=O)N(CC)c2cccc(C)c2)n1)c1cccc(C)c1|nitrate,final_dataset_3d/accepted_geometries.csv,geometries/Gd_94c7d618f2c0.xyz,172,True,extxyz_xtb_properties_present,True
9517759666e7,64|CCCCCCCCN(CCCCCCCC)C(=O)c1ccc2ccc3ccc(C(=O)N(CCCCCCCC)CCCCCCCC)nc3c2n1|water,final_dataset_3d/accepted_geometries.csv,geometries/Gd_9517759666e7.xyz,256,True,extxyz_xtb_properties_present,True
381edbfc03cf,64|CC1(C)CCC(C)(C)c2nc(-c3cccc(-c4cccc(-c5nnc6c(n5)C(C)(C)CCC6(C)C)n4)n3)nnc21|nitrate,final_dataset_3d/accepted_geometries.csv,geometries/Gd_95a1bbb26c49.xyz,87,True,extxyz_xtb_properties_present,True
244348293c3a,64|O=C(O)CN(CC(=O)O)C1CCCCC1N(CC(=O)O)CC(=O)O|nitrate,final_dataset_3d/accepted_geometries.csv,geometries/Gd_98f86a1f1a95.xyz,51,True,extxyz_xtb_properties_present,True
9b52da38293d,64|CCCCCCCCCCCCN(CCCCCCCCCCCC)C(=O)COCC(=O)N(CCCCCCCCCCCC)CCCCCCCCCCCC|nitrate,final_dataset_3d/accepted_geometries.csv,geometries/Gd_9b52da38293d.xyz,484,True,extxyz_xtb_properties_present,True
a0171bc7cc0b,64|CCCCCCCCN(C)C(=O)CC(=O)N(C)CCCCCCCC|nitrate,final_dataset_3d/accepted_geometries.csv,geometries/Gd_a0171bc7cc0b.xyz,272,True,extxyz_xtb_properties_present,True
a29d42869fc8,64|CCCCCCCCP(=O)(CCCCCCCC)Cc1cccc(CP(=O)(CCCCCCCC)CCCCCCCC)[n+]1[O-]|water,final_dataset_3d/accepted_geometries.csv,geometries/Gd_a29d42869fc8.xyz,361,True,extxyz_xtb_properties_present,True
a2d13ecdc95c,64|CCCN(CCC)C(=O)COCC(=O)N(CCC)CCC|nitrate,final_dataset_3d/accepted_geometries.csv,geometries/Gd_a2d13ecdc95c.xyz,160,True,extxyz_xtb_properties_present,True
a90ff76c666b,64|CCCCC(CC)CN(C)C(=O)COCC(=O)N(C)CC(CC)CCCC|water,final_dataset_3d/accepted_geometries.csv,geometries/Gd_a90ff76c666b.xyz,214,True,extxyz_xtb_properties_present,True
a95f2ba3f810,64|CCCCC(CC)CN(CC(CC)CCCC)C(=O)COCC(=O)N(CC(CC)CCCC)CC(CC)CCCC|water,final_dataset_3d/accepted_geometries.csv,geometries/Gd_a95f2ba3f810.xyz,340,True,extxyz_xtb_properties_present,True
a9e51bdcf3d2,64|CCN(C(=O)c1cccc(-c2cccc(C(=O)N(CC)c3ccccc3)n2)n1)c1ccccc1|nitrate,final_dataset_3d/accepted_geometries.csv,geometries/Gd_a9e51bdcf3d2.xyz,124,True,extxyz_xtb_properties_present,True
aa36ff9b1588,64|CCCCCCCCN(CCCCCCCC)C(=O)CC(=O)N(CCCCCCCC)CCCCCCCC|nitrate,final_dataset_3d/accepted_geometries.csv,geometries/Gd_aa36ff9b1588.xyz,440,True,extxyz_xtb_properties_present,True
ab223aba5c2d,64|CCCCCCCCN(C)C(=O)C(CCOCCCCCC)C(=O)N(C)CCCCCCCC|nitrate,final_dataset_3d/accepted_geometries.csv,geometries/Gd_ab223aba5c2d.xyz,277,True,extxyz_xtb_properties_present,True
adc6081d21be,64|CCCCCCCCN(C)C(=O)COCC(=O)N(C)CCCCCCCC|nitrate,final_dataset_3d/accepted_geometries.csv,geometries/Gd_adc6081d21be.xyz,214,True,extxyz_xtb_properties_present,True
b1698120a579,64|CCCCN(CCCC)C(=O)c1ccc2ccc3ccc(C(=O)N(CCCC)CCCC)nc3c2n1|nitrate,final_dataset_3d/accepted_geometries.csv,geometries/Gd_b1698120a579.xyz,160,True,extxyz_xtb_properties_present,True
b2c371753758,64|CN(C(=O)COCC(=O)N(C)c1ccccc1)c1ccccc1|nitrate,final_dataset_3d/accepted_geometries.csv,geometries/Gd_b2c371753758.xyz,130,True,extxyz_xtb_properties_present,True
b5d2516206e6,64|CCCCCCCCN(CC(CC)CCCC)C(=O)COCC(=O)N(CCCCCCCC)CC(CC)CCCC|nitrate,final_dataset_3d/accepted_geometries.csv,geometries/Gd_b5d2516206e6.xyz,340,True,extxyz_xtb_properties_present,True
b8f750590859,64|CCCCCCCCCCCCN(CCCCCCCCCCCC)C(=O)COCCOCC(=O)N(CCCCCCCCCCCC)CCCCCCCCCCCC|water,final_dataset_3d/accepted_geometries.csv,geometries/Gd_b8f750590859.xyz,340,True,extxyz_xtb_properties_present,True
b9c24641a88f,64|CCCCN(CCCC)C(=O)COCC(=O)N(CCCC)CCCC|nitrate,final_dataset_3d/accepted_geometries.csv,geometries/Gd_b9c24641a88f.xyz,196,True,extxyz_xtb_properties_present,True
bdf1b6fb0ab0,64|CCCCCCCCN(CCCCCCCC)C(=O)CN(CC(=O)N(CCCCCCCC)CCCCCCCC)CC(=O)N(CCCCCCCC)CCCCCCCC|nitrate,final_dataset_3d/accepted_geometries.csv,geometries/Gd_bd11f8c14383.xyz,181,True,extxyz_xtb_properties_present,True
c413b0bec1f8,64|CCCCCCCCCCN(CCCCCCCCCC)C(=O)COCC(=O)N(CCCCCCCCCC)CCCCCCCCCC|nitrate,final_dataset_3d/accepted_geometries.csv,geometries/Gd_c413b0bec1f8.xyz,412,True,extxyz_xtb_properties_present,True
c9c94892868c,64|CCCCCCCCN(C)C(=O)COCC(=O)N(C)CCCCCCCC|water,final_dataset_3d/accepted_geometries.csv,geometries/Gd_c9c94892868c.xyz,214,True,extxyz_xtb_properties_present,True
d54d08ed7fd7,64|CCCCCCC(CCCC)CCCN(C)C(=O)COCC(=O)N(C)CCCC(CCCC)CCCCCC|water,final_dataset_3d/accepted_geometries.csv,geometries/Gd_d54d08ed7fd7.xyz,322,True,extxyz_xtb_properties_present,True
dc61383f4cc6,64|CCCCCCCCCCN(CCCCCCCCCC)C(=O)[C@H](C)O[C@H](CC)C(=O)N(CCCCCCCCCC)CCCCCCCCCC|nitrate,final_dataset_3d/accepted_geometries.csv,geometries/Gd_dc61383f4cc6.xyz,439,True,extxyz_xtb_properties_present,True
e15b249cea3d,64|CCCCCCCCCCN(CCCCCCCCCC)C(=O)COCC(=O)N(CCCCCC)CCCCCC|nitrate,final_dataset_3d/accepted_geometries.csv,geometries/Gd_e15b249cea3d.xyz,340,True,extxyz_xtb_properties_present,True
e9ec8b6cba4c,64|CCCCCCCCN(CCCCCCCC)C(=O)[C@H](CCC)O[C@H](CCC)C(=O)N(CCCCCCCC)CCCCCCCC|nitrate,final_dataset_3d/accepted_geometries.csv,geometries/Gd_e9ec8b6cba4c.xyz,394,True,extxyz_xtb_properties_present,True
ea4d5ab02e38,64|CCN(C(=O)c1cccc(C(=O)N(CC)c2ccccc2C)n1)c1ccccc1C|nitrate,final_dataset_3d/accepted_geometries.csv,geometries/Gd_ea4d5ab02e38.xyz,172,True,extxyz_xtb_properties_present,True
efcff4e23a7a,64|CCc1ccc(N(CC)C(=O)c2ccc3ccc4ccc(C(=O)N(CC)c5ccc(CC)cc5)nc4c3n2)cc1|nitrate,final_dataset_3d/accepted_geometries.csv,geometries/Gd_efcff4e23a7a.xyz,152,True,extxyz_xtb_properties_present,True
f5dfe43c4b49,64|CCCCCCCCN(CCCCCCCC)C(=O)[C@H](C)O[C@@H](CC)C(=O)N(CCCCCCCC)CCCCCCCC|nitrate,final_dataset_3d/accepted_geometries.csv,geometries/Gd_f5dfe43c4b49.xyz,367,True,extxyz_xtb_properties_present,True
fb5eeebd7f29,64|CCCCCCCCN(CCC)C(=O)COCC(=O)N(CCC)CCCCCCCC|water,final_dataset_3d/accepted_geometries.csv,geometries/Gd_fb5eeebd7f29.xyz,250,True,extxyz_xtb_properties_present,True
fc5d72f99fcc,64|CCCCCCCCN(CCC(C)CC(C)(C)C)C(=O)COCC(=O)N(CCCCCCCC)CCC(C)CC(C)(C)C|water,final_dataset_3d/accepted_geometries.csv,geometries/Gd_fc5d72f99fcc.xyz,358,True,extxyz_xtb_properties_present,True
fc5e058253f6,64|CCCc1nnc(-c2cccc(-c3nnc(CCC)c(CCC)n3)n2)nc1CCC|nitrate,final_dataset_3d/accepted_geometries.csv,geometries/Gd_fc5e058253f6.xyz,66,True,extxyz_xtb_properties_present,True
fcfe47cf4083,64|CCCCCCCCN(CCCCC(C)CCCC(C)C)C(=O)COCC(=O)N(CCCCCCCC)CCCCC(C)CCCC(C)C|water,final_dataset_3d/accepted_geometries.csv,geometries/Gd_fcfe47cf4083.xyz,412,True,extxyz_xtb_properties_present,True
fd7ac44bc180,64|CCN(C(=O)c1cccc(-c2cccc(C(=O)N(CC)c3cc(C)cc(C)c3)n2)n1)c1cc(C)cc(C)c1|nitrate,final_dataset_3d/accepted_geometries.csv,geometries/Gd_fd7ac44bc180.xyz,148,True,extxyz_xtb_properties_present,True
ffeead124530,64|CCCCCCCCN(CCCCCCCC)C(=O)COCC(=O)N(CCCCCCCC)CCCCCCCC|nitrate,final_dataset_3d/accepted_geometries.csv,geometries/Gd_ffeead124530.xyz,340,True,extxyz_xtb_properties_present,True
0153ed287bb6,67|CCN(CC)C(=O)COCC(=O)N(CC)CC|nitrate,final_dataset_3d/accepted_geometries.csv,geometries/Ho_0153ed287bb6.xyz,87,True,extxyz_xtb_properties_present,True
01ab21da6e59,67|CCCCCCCCCCCCN(CCCCCCCCCCCC)C(=O)COC1CCCN(CCCCCC)C1=O|nitrate,final_dataset_3d/accepted_geometries.csv,geometries/Ho_01ab21da6e59.xyz,233,True,extxyz_xtb_properties_present,True
0247bfe939b7,67|CCCCCCCCN(CCCCCCCC)C(=O)[C@H](C)O[C@H](C)C(=O)N(CCCCCCCC)CCCCCCCC|nitrate,final_dataset_3d/accepted_geometries.csv,geometries/Ho_0247bfe939b7.xyz,243,True,extxyz_xtb_properties_present,True
05d35b9fbea8,67|CCN(C(=O)c1cccc(-c2cccc(C(=O)N(CC)c3ccc(C)cc3C)n2)n1)c1ccc(C)cc1C|nitrate,final_dataset_3d/accepted_geometries.csv,geometries/Ho_05d35b9fbea8.xyz,145,True,extxyz_xtb_properties_present,True
08a1a228803c,67|CN(C(=O)CC(=O)N(C)c1ccccc1)c1ccccc1|nitrate,final_dataset_3d/accepted_geometries.csv,geometries/Ho_08a1a228803c.xyz,157,True,extxyz_xtb_properties_present,True
08ebfb3e6a66,67|CCCCCCCCN(CCCC(CCCC)CCCCCC)C(=O)COCC(=O)N(CCCCCCCC)CCCC(CCCC)CCCCCC|water,final_dataset_3d/accepted_geometries.csv,geometries/Ho_08ebfb3e6a66.xyz,305,True,extxyz_xtb_properties_present,True
0d1fa3691af2,67|CCCCCCCCCCCCN(CCCCCCCCCCCC)C(=O)COCC(=O)N(CCCCCCCCCCCC)CCCCCCCCCCCC|nitrate,final_dataset_3d/accepted_geometries.csv,geometries/Ho_0d1fa3691af2.xyz,327,True,extxyz_xtb_properties_present,True
12150b672fa2,67|CCCCCCCCN(CCCCCCCC)C(=O)[C@H](C)O[C@@H](CC)C(=O)N(CCCCCCCC)CCCCCCCC|nitrate,final_dataset_3d/accepted_geometries.csv,geometries/Ho_12150b672fa2.xyz,249,True,extxyz_xtb_properties_present,True
14ced76044ca,67|CCCCCCCCC(C)(C)SCC1CN(C(=O)COCC(=O)N2CC(C)C(CSC(C)(C)CCCCCCCC)C2)CC1C|water,final_dataset_3d/accepted_geometries.csv,geometries/Ho_14ced76044ca.xyz,241,True,extxyz_xtb_properties_present,True
16c770c06fe9,67|CN(C(=O)COCC(=O)N(C)c1ccccc1)c1ccccc1|nitrate,final_dataset_3d/accepted_geometries.csv,geometries/Ho_16c770c06fe9.xyz,91,True,extxyz_xtb_properties_present,True
196e9237ccfb,67|CCCCCCCCCCN(CCCCCCCCCC)C(=O)[C@H](CCC)O[C@H](CCC)C(=O)N(CCCCCCCCCC)CCCCCCCCCC|nitrate,final_dataset_3d/accepted_geometries.csv,geometries/Ho_196e9237ccfb.xyz,315,True,extxyz_xtb_properties_present,True
19756ae7f14e,67|CCCCCCCCN(CCC(C)CC(C)(C)C)C(=O)COCC(=O)N(CCCCCCCC)CCC(C)CC(C)(C)C|water,final_dataset_3d/accepted_geometries.csv,geometries/Ho_19756ae7f14e.xyz,245,True,extxyz_xtb_properties_present,True
1e92df557489,67|CCCCCCCCN(CCCCCCCC)C(=O)[C@H](CCC)O[C@H](CCC)C(=O)N(CCCCCCCC)CCCCCCCC|nitrate,final_dataset_3d/accepted_geometries.csv,geometries/Ho_1e92df557489.xyz,267,True,extxyz_xtb_properties_present,True
1ffb56bb5571,67|CCCN(CCC)C(=O)COCC(=O)N(CCC)CCC|nitrate,final_dataset_3d/accepted_geometries.csv,geometries/Ho_1ffb56bb5571.xyz,111,True,extxyz_xtb_properties_present,True
21e525fbd19c,67|CCCCCc1nnc(-c2cccc(-c3cccc(-c4nnc(CCCCC)c(CCCCC)n4)n3)n2)nc1CCCCC|nitrate,final_dataset_3d/accepted_geometries.csv,geometries/Ho_250e4cef94d2.xyz,103,True,extxyz_xtb_properties_present,True
26b9e00a4942,67|CCCCCCCCN(CCCCCCCC)C(=O)COCC(=O)N(C)C|water,final_dataset_3d/accepted_geometries.csv,geometries/Ho_26b9e00a4942.xyz,149,True,extxyz_xtb_properties_present,True
34cc22db4387,67|CCc1ccc(N(CC)C(=O)c2ccc3ccc4ccc(C(=O)N(CC)c5ccc(CC)cc5)nc4c3n2)cc1|nitrate,final_dataset_3d/accepted_geometries.csv,geometries/Ho_34cc22db4387.xyz,149,True,extxyz_xtb_properties_present,True
34d035b4dc31,67|CCCCC(CC)CN(CC(CC)CCCC)C(=O)COCC(=O)N(CC(CC)CCCC)CC(CC)CCCC|water,final_dataset_3d/accepted_geometries.csv,geometries/Ho_34d035b4dc31.xyz,233,True,extxyz_xtb_properties_present,True
3e850e102c59,67|CCCCCCCCCCN(CCCCCCCCCC)C(=O)COCC(=O)N(CCCCCC)CCCCCC|nitrate,final_dataset_3d/accepted_geometries.csv,geometries/Ho_3e850e102c59.xyz,231,True,extxyz_xtb_properties_present,True
b0f948efeb96,67|CC12CCC(c3nnc(-c4cccc(-c5nnc6c(n5)C5(C)CCC6C5(C)C)n4)nc31)C2(C)C|nitrate,final_dataset_3d/accepted_geometries.csv,geometries/Ho_41c879df857c.xyz,196,True,extxyz_xtb_properties_present,True
44a23e6db33b,67|CCCCCCCCN(CCCCCCCC)C(=O)COCC(=O)N(CCCCCCCC)CCCCCCCC|water,final_dataset_3d/accepted_geometries.csv,geometries/Ho_44a23e6db33b.xyz,233,True,extxyz_xtb_properties_present,True
4c1137e8e97b,67|COCCN(CCOC)C(=O)COCC(=O)N(CCOC)CCOC|water,final_dataset_3d/accepted_geometries.csv,geometries/Ho_4c1137e8e97b.xyz,61,True,extxyz_xtb_properties_present,True
171464402dab,67|CC1(C)CCC(C)(C)c2nc(-c3cccc(-c4cccc(-c5nnc6c(n5)C(C)(C)CCC6(C)C)n4)n3)nnc21|nitrate,final_dataset_3d/accepted_geometries.csv,geometries/Ho_4cb46c21efa5.xyz,87,True,extxyz_xtb_properties_present,True
54fb82f0d444,67|CCCCCCC(CCCC)CCCN(C)C(=O)COCC(=O)N(C)CCCC(CCCC)CCCCCC|water,final_dataset_3d/accepted_geometries.csv,geometries/Ho_54fb82f0d444.xyz,221,True,extxyz_xtb_properties_present,True
505d828558f4,67|CCCCCCOP(=O)(O)OCCCCCC|nitrate,final_dataset_3d/accepted_geometries.csv,geometries/Ho_59fa2fc349b4.xyz,177,True,extxyz_xtb_properties_present,True
5b7cdd751f3a,67|CCCCCCCCN(CCCCCCCC)C(=O)COCCOCC(=O)N(CCCCCCCC)CCCCCCCC|nitrate,final_dataset_3d/accepted_geometries.csv,geometries/Ho_5b7cdd751f3a.xyz,241,True,extxyz_xtb_properties_present,True
607aa1966b81,67|CC(C)CCCC(C)CCCCN(C)C(=O)COCC(=O)N(C)CCCCC(C)CCCC(C)C|water,final_dataset_3d/accepted_geometries.csv,geometries/Ho_607aa1966b81.xyz,197,True,extxyz_xtb_properties_present,True
45a08ce57e6e,67|CCCCCCn1c(-c2ccccc2)c(-c2ccccc2)c2cc3ccc4cc5c(-c6ccccc6)c(-c6ccccc6)n(CCCCCC)c(=O)c5nc4c3nc2c1=O|water,final_dataset_3d/accepted_geometries.csv,geometries/Ho_62f0b304a15a.xyz,123,True,extxyz_xtb_properties_present,True
6724c57bfa5d,67|CCCCCCCCCCCCN(CCCCCCCC)C(=O)COCC(=O)N(CCCCCCCC)CCCCCCCCCCCC|water,final_dataset_3d/accepted_geometries.csv,geometries/Ho_6724c57bfa5d.xyz,281,True,extxyz_xtb_properties_present,True
6d6eb3546d99,67|CCCCCCCCN(C(=O)c1ccc2ccc3cccnc3c2n1)c1ccc(C)cc1|nitrate,final_dataset_3d/accepted_geometries.csv,geometries/Ho_6d6eb3546d99.xyz,131,True,extxyz_xtb_properties_present,True
79140c5432a1,67|CCN(C(=O)c1cccc(-c2cccc(C(=O)N(CC)c3cc(C)ccc3C)n2)n1)c1cc(C)ccc1C|nitrate,final_dataset_3d/accepted_geometries.csv,geometries/Ho_79140c5432a1.xyz,145,True,extxyz_xtb_properties_present,True
792e27489bd0,67|CCN(C(=O)c1cccc(C(=O)N(CC)c2ccc(C)cc2)n1)c1ccc(C)cc1|nitrate,final_dataset_3d/accepted_geometries.csv,geometries/Ho_792e27489bd0.xyz,119,True,extxyz_xtb_properties_present,True
7b117768e0c1,67|CCCCCCCCCCCCN(CCCCCCCCCCCC)C(=O)COCCOCC(=O)N(CCCCCCCCCCCC)CCCCCCCCCCCC|water,final_dataset_3d/accepted_geometries.csv,geometries/Ho_7b117768e0c1.xyz,337,True,extxyz_xtb_properties_present,True
898d25284bd9,67|CCN(C(=O)c1cccc(-c2cccc(C(=O)N(CC)c3ccccc3)n2)n1)c1ccccc1|nitrate,final_dataset_3d/accepted_geometries.csv,geometries/Ho_898d25284bd9.xyz,121,True,extxyz_xtb_properties_present,True
8d28779c5436,67|CCN(C(=O)c1cccc(-c2cccc(C(=O)N(CC)c3cc(C)cc(C)c3)n2)n1)c1cc(C)cc(C)c1|nitrate,final_dataset_3d/accepted_geometries.csv,geometries/Ho_8d28779c5436.xyz,145,True,extxyz_xtb_properties_present,True
9484194a0100,67|CCCCC(CC)CN(C)C(=O)COCC(=O)N(C)CC(CC)CCCC|water,final_dataset_3d/accepted_geometries.csv,geometries/Ho_9484194a0100.xyz,149,True,extxyz_xtb_properties_present,True
9a0b2ab62928,67|CCCCCCCCN(CCCCCCCC)C(=O)COCC(=O)N(CCCCCCCC)CCCCCCCC|nitrate,final_dataset_3d/accepted_geometries.csv,geometries/Ho_9a0b2ab62928.xyz,231,True,extxyz_xtb_properties_present,True
75c4380e37c9,67|CCCCCCn1c(-c2ccccc2)c(-c2ccccc2)c2cc3ccc4cc5c(-c6ccccc6)c(-c6ccccc6)n(CCCCCC)c(=O)c5nc4c3nc2c1=O|nitrate,final_dataset_3d/accepted_geometries.csv,geometries/Ho_9b88ecdb5d6a.xyz,119,True,extxyz_xtb_properties_present,True
9cc62587b518,67|CCCCCCCCP(=O)(CCCCCCCC)Cc1cccc(CP(=O)(CCCCCCCC)CCCCCCCC)[n+]1[O-]|water,final_dataset_3d/accepted_geometries.csv,geometries/Ho_9cc62587b518.xyz,247,True,extxyz_xtb_properties_present,True
9f301c33744c,67|CCCCCCCCN(CCCCCCCC)C(=O)[C@H](C)O[C@@H](C)C(=O)N(CCCCCCCC)CCCCCCCC|nitrate,final_dataset_3d/accepted_geometries.csv,geometries/Ho_9f301c33744c.xyz,243,True,extxyz_xtb_properties_present,True
a0217c67215b,67|CCCCCCCCN(CCCCCCCC)C(=O)C(C)OC(C)C(=O)N(CCCCCCCC)CCCCCCCC|nitrate,final_dataset_3d/accepted_geometries.csv,geometries/Ho_a0217c67215b.xyz,243,True,extxyz_xtb_properties_present,True
633bb9a91abb,67|CCCc1nnc(-c2cccc(-c3nnc(CCC)c(CCC)n3)n2)nc1CCC|nitrate,final_dataset_3d/accepted_geometries.csv,geometries/Ho_a25c92c2c3c2.xyz,184,True,extxyz_xtb_properties_present,True
b2e4636b1074,67|CCCCCCCCN(CCCCCCCC)C(=O)c1ccc2ccc3ccc(C(=O)N(CCCCCCCC)CCCCCCCC)nc3c2n1|nitrate,final_dataset_3d/accepted_geometries.csv,geometries/Ho_b2e4636b1074.xyz,253,True,extxyz_xtb_properties_present,True
b71d18533908,67|CCCCCCCCN(CCCCC(C)CCCC(C)C)C(=O)COCC(=O)N(CCCCCCCC)CCCCC(C)CCCC(C)C|water,final_dataset_3d/accepted_geometries.csv,geometries/Ho_b71d18533908.xyz,281,True,extxyz_xtb_properties_present,True
b72884625baf,67|CCCCCCCCN(CCCCCCCC)C(=O)CN(CC(=O)N(CCCCCCCC)CCCCCCCC)CC(=O)N(CCCCCCCC)CCCCCCCC|nitrate,final_dataset_3d/accepted_geometries.csv,geometries/Ho_b72884625baf.xyz,339,True,extxyz_xtb_properties_present,True
b808ea3d9637,67|CCCCCCCCCCN(CCCCCCCCCC)C(=O)[C@H](C)O[C@H](CC)C(=O)N(CCCCCCCCCC)CCCCCCCCCC|nitrate,final_dataset_3d/accepted_geometries.csv,geometries/Ho_b808ea3d9637.xyz,297,True,extxyz_xtb_properties_present,True
b87046729578,67|CCCCN(CCCC)C(=O)c1ccc2ccc3ccc(C(=O)N(CCCC)CCCC)nc3c2n1|nitrate,final_dataset_3d/accepted_geometries.csv,geometries/Ho_b87046729578.xyz,157,True,extxyz_xtb_properties_present,True
c0af6f10dc57,67|O=C(c1cc(Cl)c2ccc3c(Cl)cc(C(=O)N4CCCC4)nc3c2n1)N1CCCC1|nitrate,final_dataset_3d/accepted_geometries.csv,geometries/Ho_c0af6f10dc57.xyz,101,True,extxyz_xtb_properties_present,True
c478b38321b6,67|CCCCCCCCN(CC)C(=O)COCC(=O)N(CC)CCCCCCCC|water,final_dataset_3d/accepted_geometries.csv,geometries/Ho_c478b38321b6.xyz,161,True,extxyz_xtb_properties_present,True
c58483c35141,67|CCCCCCN(CCC(C)CCCC(C)C)C(=O)COCC(=O)N(CCCCCC)CCC(C)CCCC(C)C|water,final_dataset_3d/accepted_geometries.csv,geometries/Ho_c58483c35141.xyz,233,True,extxyz_xtb_properties_present,True
c8ad5ca34e13,67|CCCCCCCCP(=O)(CCCCCCCC)Cc1cccc(CP(=O)(CCCCCCCC)CCCCCCCC)[n+]1[O-]|nitrate,final_dataset_3d/accepted_geometries.csv,geometries/Ho_c8ad5ca34e13.xyz,245,True,extxyz_xtb_properties_present,True
d0b19c04ca9c,67|CCCCCCCCN(C)C(=O)COCC(=O)N(C)CCCCCCCC|nitrate,final_dataset_3d/accepted_geometries.csv,geometries/Ho_d0b19c04ca9c.xyz,147,True,extxyz_xtb_properties_present,True
d428610ec05b,67|CCCCCCCCN(CCC)C(=O)COCC(=O)N(CCC)CCCCCCCC|water,final_dataset_3d/accepted_geometries.csv,geometries/Ho_d428610ec05b.xyz,173,True,extxyz_xtb_properties_present,True
dcaf7a1cb18d,67|CCCCCCc1ccc(N(CC)C(=O)c2cccc(-c3cccc(C(=O)N(CC)c4ccc(CCCCCC)cc4)n3)n2)cc1|nitrate,final_dataset_3d/accepted_geometries.csv,geometries/Ho_dcaf7a1cb18d.xyz,193,True,extxyz_xtb_properties_present,True
dcd4a91070b4,67|CCCCCCCCP(=O)(CC(=O)N(CC(C)C)CC(C)C)c1ccccc1|nitrate,final_dataset_3d/accepted_geometries.csv,geometries/Ho_dcd4a91070b4.xyz,281,True,extxyz_xtb_properties_present,True
de567519c7d9,67|CCCCCCCCN(C)C(=O)C(CCOCCCCCC)C(=O)N(C)CCCCCCCC|nitrate,final_dataset_3d/accepted_geometries.csv,geometries/Ho_de567519c7d9.xyz,189,True,extxyz_xtb_properties_present,True
decb7af4dfa8,67|O=C(COCC(=O)N1CCCCC1)N1CCCCC1|water,final_dataset_3d/accepted_geometries.csv,geometries/Ho_decb7af4dfa8.xyz,93,True,extxyz_xtb_properties_present,True
e1552636ab3d,67|CCCCCCCCN(CCCCCCCC)C(=O)c1ccc2ccc3ccc(C(=O)N(CCCCCCCC)CCCCCCCC)nc3c2n1|water,final_dataset_3d/accepted_geometries.csv,geometries/Ho_e1552636ab3d.xyz,253,True,extxyz_xtb_properties_present,True
e564b3438f58,67|CCCCCCCCCCCCN(CCCCCCCCCCCC)C(=O)COCCOCC(=O)N(CCCCCCCCCCCC)CCCCCCCCCCCC|nitrate,final_dataset_3d/accepted_geometries.csv,geometries/Ho_e564b3438f58.xyz,337,True,extxyz_xtb_properties_present,True
ec6e02a60fef,67|CCCCCCCCCCN(CCCCCCCCCC)C(=O)COCC(=O)N(CCCCCC)CCCCCC|water,final_dataset_3d/accepted_geometries.csv,geometries/Ho_ec6e02a60fef.xyz,233,True,extxyz_xtb_properties_present,True
f0f0675f65cf,67|CCCCCCCCN(C)C(=O)COCC(=O)N(C)CCCCCCCC|water,final_dataset_3d/accepted_geometries.csv,geometries/Ho_f0f0675f65cf.xyz,149,True,extxyz_xtb_properties_present,True
f97f64fb03bd,67|CCCCCCN(CCC(C)CCC=C(C)C)C(=O)COCC(=O)N(CCCCCC)CCC(C)CCC=C(C)C|water,final_dataset_3d/accepted_geometries.csv,geometries/Ho_f97f64fb03bd.xyz,225,True,extxyz_xtb_properties_present,True
fc99c5951046,67|CCCCCCCCN(C)C(=O)COCC(=O)N(CCCCCCCC)CCCCCCCC|water,final_dataset_3d/accepted_geometries.csv,geometries/Ho_fc99c5951046.xyz,191,True,extxyz_xtb_properties_present,True
008db255a91a,57|O=C(c1cc(Cl)c2ccc3c(Cl)cc(C(=O)N4CCCC4)nc3c2n1)N1CCCC1|nitrate,final_dataset_3d/accepted_geometries.csv,geometries/La_008db255a91a.xyz,104,True,extxyz_xtb_properties_present,True
816d86767bf5,57|CCCCCCCCN(CCCCCCCC)C(=O)CN(CC(=O)N(CCCCCCCC)CCCCCCCC)CC(=O)N(CCCCCCCC)CCCCCCCC|nitrate,final_dataset_3d/accepted_geometries.csv,geometries/La_033b4c93146d.xyz,181,False,unverified_missing_xtb_properties,False
0345ed41f690,57|C1CCC2OCCOCCOC3CCCCC3OCCOCCOC2C1|nitrate,final_dataset_3d/accepted_geometries.csv,geometries/La_0345ed41f690.xyz,70,True,extxyz_xtb_properties_present,True
03dd780e91d8,57|CCCCCCCCN(CCCC(CCCC)CCCCCC)C(=O)COCC(=O)N(CCCCCCCC)CCCC(CCCC)CCCCCC|water,final_dataset_3d/accepted_geometries.csv,geometries/La_03dd780e91d8.xyz,448,True,extxyz_xtb_properties_present,True
04a989df1e78,57|CCN(C(=O)c1cccc(C(=O)N(CC)c2ccccc2C)n1)c1ccccc1C|nitrate,final_dataset_3d/accepted_geometries.csv,geometries/La_04a989df1e78.xyz,172,True,extxyz_xtb_properties_present,True
0609988c17a4,57|c1ccc2c(c1)OCCOCCOc1ccccc1OCCOCCO2|nitrate,final_dataset_3d/accepted_geometries.csv,geometries/La_0609988c17a4.xyz,58,True,extxyz_xtb_properties_present,True
090126457ba1,57|CN(C(=O)CC(=O)N(C)c1ccccc1)c1ccccc1|nitrate,final_dataset_3d/accepted_geometries.csv,geometries/La_090126457ba1.xyz,160,True,extxyz_xtb_properties_present,True
5c357e68fd47,57|CCCCCCOP(=O)(O)OCCCCCC|nitrate,final_dataset_3d/accepted_geometries.csv,geometries/La_115400ae3367.xyz,89,False,unverified_missing_xtb_properties,False
13274fc9f96f,57|CCN(C(=O)c1cccc(-c2cccc(C(=O)N(CC)c3ccccc3)n2)n1)c1ccccc1|nitrate,final_dataset_3d/accepted_geometries.csv,geometries/La_13274fc9f96f.xyz,124,True,extxyz_xtb_properties_present,True
195a6a071085,57|CCCCCCCCN(CCCCCCCC)C(=O)COCC(=O)N(CCCCCCCC)CCCCCCCC|nitrate,final_dataset_3d/accepted_geometries.csv,geometries/La_195a6a071085.xyz,340,True,extxyz_xtb_properties_present,True
1c89bff6bd02,57|CCN(C(=O)c1cccc(-c2cccc(C(=O)N(CC)c3ccc(C)cc3C)n2)n1)c1ccc(C)cc1C|nitrate,final_dataset_3d/accepted_geometries.csv,geometries/La_1c89bff6bd02.xyz,148,True,extxyz_xtb_properties_present,True
1d80e1c44f32,57|CCN(C(=O)c1cccc(-c2cccc(C(=O)N(CC)c3cc(C)cc(C)c3)n2)n1)c1cc(C)cc(C)c1|nitrate,final_dataset_3d/accepted_geometries.csv,geometries/La_1d80e1c44f32.xyz,148,True,extxyz_xtb_properties_present,True
1f713626bd1d,57|CCCCC(CC)CN(CC(CC)CCCC)C(=O)COCC(=O)N(CC(CC)CCCC)CC(CC)CCCC|water,final_dataset_3d/accepted_geometries.csv,geometries/La_1f713626bd1d.xyz,340,True,extxyz_xtb_properties_present,True
772af3795c1b,57|CCCCCc1nnc(-c2cccc(-c3cccc(-c4nnc(CCCCC)c(CCCCC)n4)n3)n2)nc1CCCCC|nitrate,final_dataset_3d/accepted_geometries.csv,geometries/La_20465e7ee3e2.xyz,103,True,extxyz_xtb_properties_present,True
245aab76c27a,57|CCN(C(=O)c1cccc(C(=O)N(CC)c2ccc(C)cc2)n1)c1ccc(C)cc1|nitrate,final_dataset_3d/accepted_geometries.csv,geometries/La_245aab76c27a.xyz,172,True,extxyz_xtb_properties_present,True
252cfb0c7415,57|CCCCCCCCN(CCCCCCCC)C(=O)[C@H](C)O[C@H](C)C(=O)N(CCCCCCCC)CCCCCCCC|nitrate,final_dataset_3d/accepted_geometries.csv,geometries/La_252cfb0c7415.xyz,358,True,extxyz_xtb_properties_present,True
26475200f159,57|CCCCCCCCN(C)C(=O)C(CCCCCC)C(=O)N(C)CCCCCCCC|nitrate,final_dataset_3d/accepted_geometries.csv,geometries/La_26475200f159.xyz,344,True,extxyz_xtb_properties_present,True
2b60ae62875a,57|CN(C(=O)COCC(=O)N(C)c1ccccc1)c1ccccc1|nitrate,final_dataset_3d/accepted_geometries.csv,geometries/La_2b60ae62875a.xyz,130,True,extxyz_xtb_properties_present,True
2d0e04539acd,57|CCCCCCCCCCCCN(CCCCCCCC)C(=O)COCC(=O)N(CCCCCCCC)CCCCCCCCCCCC|water,final_dataset_3d/accepted_geometries.csv,geometries/La_2d0e04539acd.xyz,412,True,extxyz_xtb_properties_present,True
30f5b0a8fc33,57|CCCCCCOCCC(C(=O)N(C)CCCC)C(=O)N(C)CCCC|nitrate,final_dataset_3d/accepted_geometries.csv,geometries/La_30f5b0a8fc33.xyz,205,True,extxyz_xtb_properties_present,True
3531ba9d5169,57|CCN(C(=O)c1cccc(-c2cccc(C(=O)N(CC)c3cc(C)ccc3C)n2)n1)c1cc(C)ccc1C|nitrate,final_dataset_3d/accepted_geometries.csv,geometries/La_3531ba9d5169.xyz,148,True,extxyz_xtb_properties_present,True
35604f886abb,57|CCCCCCCCCCN(CCCCCCCCCC)C(=O)[C@H](C)O[C@H](CC)C(=O)N(CCCCCCCCCC)CCCCCCCCCC|nitrate,final_dataset_3d/accepted_geometries.csv,geometries/La_35604f886abb.xyz,439,True,extxyz_xtb_properties_present,True
38bcdcf8e36e,57|CCCCCCCCN(CCCCCCCC)C(=O)[C@H](C)O[C@@H](CC)C(=O)N(CCCCCCCC)CCCCCCCC|nitrate,final_dataset_3d/accepted_geometries.csv,geometries/La_38bcdcf8e36e.xyz,367,True,extxyz_xtb_properties_present,True
3982ef27bf6b,57|CCN(C(=O)c1cccc(C(=O)N(CC)c2cccc(C)c2)n1)c1cccc(C)c1|nitrate,final_dataset_3d/accepted_geometries.csv,geometries/La_3982ef27bf6b.xyz,172,True,extxyz_xtb_properties_present,True
3e0312555ae1,57|CCCCCCCCN(CCCCC(C)CCCC(C)C)C(=O)COCC(=O)N(CCCCCCCC)CCCCC(C)CCCC(C)C|water,final_dataset_3d/accepted_geometries.csv,geometries/La_3e0312555ae1.xyz,412,True,extxyz_xtb_properties_present,True
3ebeca6a53a4,57|CCN(CC)C(=O)COCC(=O)N(CC)CC|nitrate,final_dataset_3d/accepted_geometries.csv,geometries/La_3ebeca6a53a4.xyz,124,True,extxyz_xtb_properties_present,True
9c4b708fcd0f,57|O=C(O)CN(CC(=O)O)C1CCCCC1N(CC(=O)O)CC(=O)O|nitrate,final_dataset_3d/accepted_geometries.csv,geometries/La_448f0760f6e6.xyz,51,True,extxyz_xtb_properties_present,True
466343586002,57|CCCCCCCCN(C(=O)c1ccc2ccc3cccnc3c2n1)c1ccc(C)cc1|nitrate,final_dataset_3d/accepted_geometries.csv,geometries/La_466343586002.xyz,190,True,extxyz_xtb_properties_present,True
4a46d09e5596,57|CCCCCCN(CCC(C)CCCC(C)C)C(=O)COCC(=O)N(CCCCCC)CCC(C)CCCC(C)C|water,final_dataset_3d/accepted_geometries.csv,geometries/La_4a46d09e5596.xyz,340,True,extxyz_xtb_properties_present,True
4a8982e90a94,57|CCCCCCCCN(CCCCCCCC)C(=O)CC(=O)N(CCCCCCCC)CCCCCCCC|nitrate,final_dataset_3d/accepted_geometries.csv,geometries/La_4a8982e90a94.xyz,440,True,extxyz_xtb_properties_present,True
4da09d754091,57|CC(C)CCCCCP(=O)(CC(=O)N(CC(C)C)CC(C)C)c1ccccc1|nitrate,final_dataset_3d/accepted_geometries.csv,geometries/La_4da09d754091.xyz,284,True,extxyz_xtb_properties_present,True
565df3b892a1,57|CCCCCCN(CCCCCC)C(=O)CC(=O)N(CCCCCC)CCCCCC|nitrate,final_dataset_3d/accepted_geometries.csv,geometries/La_565df3b892a1.xyz,344,True,extxyz_xtb_properties_present,True
57d7c9a51075,57|CCCCN(CCCC)C(=O)CC(=O)N(CCCC)CCCC|nitrate,final_dataset_3d/accepted_geometries.csv,geometries/La_57d7c9a51075.xyz,248,True,extxyz_xtb_properties_present,True
59820f9615bf,57|CCCCCCCCN(CCCCCCCC)C(=O)c1ccc2ccc3ccc(C(=O)N(CCCCCCCC)CCCCCCCC)nc3c2n1|water,final_dataset_3d/accepted_geometries.csv,geometries/La_59820f9615bf.xyz,256,True,extxyz_xtb_properties_present,True
5ae791922b1e,57|CCCCN(CCCC)C(=O)c1ccc2ccc3ccc(C(=O)N(CCCC)CCCC)nc3c2n1|nitrate,final_dataset_3d/accepted_geometries.csv,geometries/La_5ae791922b1e.xyz,160,True,extxyz_xtb_properties_present,True
5dd23c7b3686,57|CCCCCCN(C)C(=O)CC(=O)N(C)CCCCCC|nitrate,final_dataset_3d/accepted_geometries.csv,geometries/La_5dd23c7b3686.xyz,224,True,extxyz_xtb_properties_present,True
a76a8b802706,57|CCCCCCn1c(-c2ccccc2)c(-c2ccccc2)c2cc3ccc4cc5c(-c6ccccc6)c(-c6ccccc6)n(CCCCCC)c(=O)c5nc4c3nc2c1=O|water,final_dataset_3d/accepted_geometries.csv,geometries/La_65d6bea6dcfa.xyz,126,True,extxyz_xtb_properties_present,True
692b00900b58,57|CCCN(CCC)C(=O)COCC(=O)N(CCC)CCC|nitrate,final_dataset_3d/accepted_geometries.csv,geometries/La_692b00900b58.xyz,160,True,extxyz_xtb_properties_present,True
7e5952e60ece,57|O=C(COCC(=O)N1CCCCC1)N1CCCCC1|water,final_dataset_3d/accepted_geometries.csv,geometries/La_7e5952e60ece.xyz,130,True,extxyz_xtb_properties_present,True
7f50bafcf653,57|CCCCCCCCP(=O)(CCCCCCCC)Cc1cccc(CP(=O)(CCCCCCCC)CCCCCCCC)[n+]1[O-]|water,final_dataset_3d/accepted_geometries.csv,geometries/La_7f50bafcf653.xyz,361,True,extxyz_xtb_properties_present,True
8146c89872e8,57|CCN(C(=O)c1ccc2ccc3ccc(C(=O)N(CC)c4ccc(C)cc4)nc3c2n1)c1ccc(C)cc1|nitrate,final_dataset_3d/accepted_geometries.csv,geometries/La_8146c89872e8.xyz,140,True,extxyz_xtb_properties_present,True
86932934bc2b,57|CC(C)CN(CC(C)C)C(=O)COCC(=O)N(CC(C)C)CC(C)C|nitrate,final_dataset_3d/accepted_geometries.csv,geometries/La_86932934bc2b.xyz,196,True,extxyz_xtb_properties_present,True
ca803c71b2b1,57|CC12CCC(c3nnc(-c4cccc(-c5nnc6c(n5)C5(C)CCC6C5(C)C)n4)nc31)C2(C)C|nitrate,final_dataset_3d/accepted_geometries.csv,geometries/La_86e8f93956e0.xyz,196,True,extxyz_xtb_properties_present,True
6baca1a9f493,57|CCCCCCn1c(-c2ccccc2)c(-c2ccccc2)c2cc3ccc4cc5c(-c6ccccc6)c(-c6ccccc6)n(CCCCCC)c(=O)c5nc4c3nc2c1=O|nitrate,final_dataset_3d/accepted_geometries.csv,geometries/La_8895a6ee019b.xyz,119,True,extxyz_xtb_properties_present,True
89b393ce8294,57|CCCCCCCCC(C)(C)SCC1CN(C(=O)COCC(=O)N2CC(C)C(CSC(C)(C)CCCCCCCC)C2)CC1C|water,final_dataset_3d/accepted_geometries.csv,geometries/La_89b393ce8294.xyz,352,True,extxyz_xtb_properties_present,True
8dec8fe1a8d7,57|CCCCCCCCN(CCCCCCCC)C(=O)C(C)OC(C)C(=O)N(CCCCCCCC)CCCCCCCC|nitrate,final_dataset_3d/accepted_geometries.csv,geometries/La_8dec8fe1a8d7.xyz,358,True,extxyz_xtb_properties_present,True
8f6217e6a4f8,57|CCCCCCCCCCN(CCCCCCCCCC)C(=O)[C@H](CCC)O[C@H](CCC)C(=O)N(CCCCCCCCCC)CCCCCCCCCC|nitrate,final_dataset_3d/accepted_geometries.csv,geometries/La_8f6217e6a4f8.xyz,466,True,extxyz_xtb_properties_present,True
9823bd9409ca,57|COCCN(CCOC)C(=O)COCC(=O)N(CCOC)CCOC|water,final_dataset_3d/accepted_geometries.csv,geometries/La_9823bd9409ca.xyz,64,True,extxyz_xtb_properties_present,True
99cfb384512e,57|CCCCCCC(CCCC)CCCN(C)C(=O)COCC(=O)N(C)CCCC(CCCC)CCCCCC|water,final_dataset_3d/accepted_geometries.csv,geometries/La_99cfb384512e.xyz,322,True,extxyz_xtb_properties_present,True
9bcb2e957ab8,57|CC(C)CCCC(C)CCCCN(C)C(=O)COCC(=O)N(C)CCCCC(C)CCCC(C)C|water,final_dataset_3d/accepted_geometries.csv,geometries/La_9bcb2e957ab8.xyz,286,True,extxyz_xtb_properties_present,True
a00fc375c167,57|CCCCCCN(CCC(C)CCC=C(C)C)C(=O)COCC(=O)N(CCCCCC)CCC(C)CCC=C(C)C|water,final_dataset_3d/accepted_geometries.csv,geometries/La_a00fc375c167.xyz,328,True,extxyz_xtb_properties_present,True
a2811205e7ba,57|CCCCCCCCN(CCCCCCCC)C(=O)COCC(=O)N(C)C|water,final_dataset_3d/accepted_geometries.csv,geometries/La_a2811205e7ba.xyz,214,True,extxyz_xtb_properties_present,True
a4a68747ac9e,57|CCCCCCCCN(CCC(C)CC(C)(C)C)C(=O)COCC(=O)N(CCCCCCCC)CCC(C)CC(C)(C)C|water,final_dataset_3d/accepted_geometries.csv,geometries/La_a4a68747ac9e.xyz,358,True,extxyz_xtb_properties_present,True
a6516ffeed2a,57|CCCCCCN(CCCCCC)C(=O)COCC(=O)N(CCCCCC)CCCCCC|nitrate,final_dataset_3d/accepted_geometries.csv,geometries/La_a6516ffeed2a.xyz,268,True,extxyz_xtb_properties_present,True
a99febda67a7,57|CCCCCCCCN(CC(CC)CCCC)C(=O)COCC(=O)N(CCCCCCCC)CC(CC)CCCC|nitrate,final_dataset_3d/accepted_geometries.csv,geometries/La_a99febda67a7.xyz,340,True,extxyz_xtb_properties_present,True
afde862bf06d,57|CCCCCCCCN(CCCCCCCC)C(=O)[C@H](C)O[C@@H](C)C(=O)N(CCCCCCCC)CCCCCCCC|nitrate,final_dataset_3d/accepted_geometries.csv,geometries/La_afde862bf06d.xyz,358,True,extxyz_xtb_properties_present,True
b183716e4fc0,57|CCCCCCCCCCCCN(CCCCCCCCCCCC)C(=O)COCCOCC(=O)N(CCCCCCCCCCCC)CCCCCCCCCCCC|water,final_dataset_3d/accepted_geometries.csv,geometries/La_b183716e4fc0.xyz,340,True,extxyz_xtb_properties_present,True
b3acce98c3f1,57|CCCCCCCCCCCCN(CCCCCCCCCCCC)C(=O)COCCOCC(=O)N(CCCCCCCCCCCC)CCCCCCCCCCCC|nitrate,final_dataset_3d/accepted_geometries.csv,geometries/La_b3acce98c3f1.xyz,340,True,extxyz_xtb_properties_present,True
b534edeea3a3,57|CCCCC(CC)CN(C)C(=O)COCC(=O)N(C)CC(CC)CCCC|water,final_dataset_3d/accepted_geometries.csv,geometries/La_b534edeea3a3.xyz,214,True,extxyz_xtb_properties_present,True
b5bbb324b00d,57|CCCCCCCCN(CCC)C(=O)COCC(=O)N(CCC)CCCCCCCC|water,final_dataset_3d/accepted_geometries.csv,geometries/La_b5bbb324b00d.xyz,250,True,extxyz_xtb_properties_present,True
b7c2dfd92f92,57|CCCCCCCCN(C)C(=O)COCC(=O)N(C)CCCCCCCC|water,final_dataset_3d/accepted_geometries.csv,geometries/La_b7c2dfd92f92.xyz,214,True,extxyz_xtb_properties_present,True
b958fc57e336,57|CCCCCCCCN(C)C(=O)COCC(=O)N(CCCCCCCC)CCCCCCCC|water,final_dataset_3d/accepted_geometries.csv,geometries/La_b958fc57e336.xyz,277,True,extxyz_xtb_properties_present,True
b962af2d7020,57|CCCCCCCCCCN(CCCCCCCCCC)C(=O)COCC(=O)N(CCCCCC)CCCCCC|nitrate,final_dataset_3d/accepted_geometries.csv,geometries/La_b962af2d7020.xyz,340,True,extxyz_xtb_properties_present,True
bab6dfec3042,57|CCCCCCCCCCN(CCCCCCCCCC)C(=O)COCC(=O)N(CCCCCCCCCC)CCCCCCCCCC|nitrate,final_dataset_3d/accepted_geometries.csv,geometries/La_bab6dfec3042.xyz,412,True,extxyz_xtb_properties_present,True
c14689bc7575,57|CCCCN(CCCC)C(=O)c1ccccc1C(=O)O|nitrate,final_dataset_3d/accepted_geometries.csv,geometries/La_c14689bc7575.xyz,130,True,extxyz_xtb_properties_present,True
cac084a0d563,57|CCCCCCCCN(CCCCCCCC)C(=O)COCC(=O)N(CCCCCCCC)CCCCCCCC|water,final_dataset_3d/accepted_geometries.csv,geometries/La_cac084a0d563.xyz,340,True,extxyz_xtb_properties_present,True
cae25950ae7e,57|CCCCCCCCN(CCCCCCCC)C(=O)c1ccc2ccc3ccc(C(=O)N(CCCCCCCC)CCCCCCCC)nc3c2n1|nitrate,final_dataset_3d/accepted_geometries.csv,geometries/La_cae25950ae7e.xyz,256,True,extxyz_xtb_properties_present,True
cd94e829f2f9,57|CCCCN(CCCC)C(=O)COCC(=O)N(CCCC)CCCC|nitrate,final_dataset_3d/accepted_geometries.csv,geometries/La_cd94e829f2f9.xyz,196,True,extxyz_xtb_properties_present,True
d34bcf644124,57|CCCCCCCCN(CCCCCCCC)C(=O)COCCOCC(=O)N(CCCCCCCC)CCCCCCCC|nitrate,final_dataset_3d/accepted_geometries.csv,geometries/La_d34bcf644124.xyz,244,True,extxyz_xtb_properties_present,True
d4331b78a72d,57|c1cc2nc(c1)COc1ccccc1OCCOCCOc1ccccc1OC2|nitrate,final_dataset_3d/accepted_geometries.csv,geometries/La_d4331b78a72d.xyz,60,True,extxyz_xtb_properties_present,True
54286f463c36,57|O=C(O)CN(CCO)CCN(CC(=O)O)CC(=O)O|nitrate,final_dataset_3d/accepted_geometries.csv,geometries/La_d4d6b8c18118.xyz,42,True,extxyz_xtb_properties_present,True
d655b942946b,57|O=c1c(O)c(-c2ccc(O)c(O)c2)oc2cc(O)cc(O)c12|nitrate,final_dataset_3d/accepted_geometries.csv,geometries/La_d655b942946b.xyz,37,False,unverified_missing_xtb_properties,False
d344f93c2bca,57|CCCc1nnc(-c2cccc(-c3nnc(CCC)c(CCC)n3)n2)nc1CCC|nitrate,final_dataset_3d/accepted_geometries.csv,geometries/La_d7e8ec9f5e9d.xyz,184,True,extxyz_xtb_properties_present,True
d917c0c26159,57|CCCCCCCCCCCCN(CCCCCCCCCCCC)C(=O)COC1CCCN(CCCCCC)C1=O|nitrate,final_dataset_3d/accepted_geometries.csv,geometries/La_d917c0c26159.xyz,343,True,extxyz_xtb_properties_present,True
de8330552bc9,57|CCCCCCCCN(CC)C(=O)COCC(=O)N(CC)CCCCCCCC|water,final_dataset_3d/accepted_geometries.csv,geometries/La_de8330552bc9.xyz,232,True,extxyz_xtb_properties_present,True
e0b3afb2d971,57|CCCCCCc1ccc(N(CC)C(=O)c2cccc(-c3cccc(C(=O)N(CC)c4ccc(CCCCCC)cc4)n3)n2)cc1|nitrate,final_dataset_3d/accepted_geometries.csv,geometries/La_e0b3afb2d971.xyz,196,True,extxyz_xtb_properties_present,True
e1ef5a6db0e5,57|CCCCCCCCN(C)C(=O)CC(=O)N(C)CCCCCCCC|nitrate,final_dataset_3d/accepted_geometries.csv,geometries/La_e1ef5a6db0e5.xyz,272,True,extxyz_xtb_properties_present,True
e432296ef3a0,57|CCCCN(C)C(=O)CC(=O)N(C)CCCC|nitrate,final_dataset_3d/accepted_geometries.csv,geometries/La_e432296ef3a0.xyz,176,True,extxyz_xtb_properties_present,True
e6f1d9a5abba,57|CCCCCCCCN(CCCCCCCC)C(=O)[C@H](CCC)O[C@H](CCC)C(=O)N(CCCCCCCC)CCCCCCCC|nitrate,final_dataset_3d/accepted_geometries.csv,geometries/La_e6f1d9a5abba.xyz,394,True,extxyz_xtb_properties_present,True
e8a069653872,57|CCc1ccc(N(CC)C(=O)c2ccc3ccc4ccc(C(=O)N(CC)c5ccc(CC)cc5)nc4c3n2)cc1|nitrate,final_dataset_3d/accepted_geometries.csv,geometries/La_e8a069653872.xyz,152,True,extxyz_xtb_properties_present,True
e8ea064a4c49,57|CCCCCCCCP(=O)(CCCCCCCC)Cc1cccc(CP(=O)(CCCCCCCC)CCCCCCCC)[n+]1[O-]|nitrate,final_dataset_3d/accepted_geometries.csv,geometries/La_e8ea064a4c49.xyz,361,True,extxyz_xtb_properties_present,True
e90baf173312,57|CCCCC(CC)CN(CC(CC)CCCC)C(=O)COCC(=O)N(CC(CC)CCCC)CC(CC)CCCC|nitrate,final_dataset_3d/accepted_geometries.csv,geometries/La_e90baf173312.xyz,340,True,extxyz_xtb_properties_present,True
ef67e719ab98,57|CCCCCCCCN(CC(C)C)C(=O)COCC(=O)N(CCCCCCCC)CC(C)C|nitrate,final_dataset_3d/accepted_geometries.csv,geometries/La_ef67e719ab98.xyz,268,True,extxyz_xtb_properties_present,True
f06ae7567ce5,57|CN(C(=O)c1cccc(C(=O)N(C)c2ccccc2)n1)c1ccccc1|nitrate,final_dataset_3d/accepted_geometries.csv,geometries/La_f06ae7567ce5.xyz,136,True,extxyz_xtb_properties_present,True
f804d5d017c2,57|CCCCCCCCN(C)C(=O)COCC(=O)N(C)CCCCCCCC|nitrate,final_dataset_3d/accepted_geometries.csv,geometries/La_f804d5d017c2.xyz,214,True,extxyz_xtb_properties_present,True
f8e1f196a8a6,57|CCCCCCCCN(C)C(=O)C(CCOCCCCCC)C(=O)N(C)CCCCCCCC|nitrate,final_dataset_3d/accepted_geometries.csv,geometries/La_f8e1f196a8a6.xyz,277,True,extxyz_xtb_properties_present,True
f8ea0c6a57d9,57|CCCCCCCCCCN(CCCCCCCCCC)C(=O)C(C)OC(C)C(=O)N(CCCCCCCCCC)CCCCCCCCCC|nitrate,final_dataset_3d/accepted_geometries.csv,geometries/La_f8ea0c6a57d9.xyz,430,True,extxyz_xtb_properties_present,True
67cc941de9cc,57|CC1(C)CCC(C)(C)c2nc(-c3cccc(-c4cccc(-c5nnc6c(n5)C(C)(C)CCC6(C)C)n4)n3)nnc21|nitrate,final_dataset_3d/accepted_geometries.csv,geometries/La_fa1405552d8e.xyz,87,True,extxyz_xtb_properties_present,True
ffd5aab1aceb,57|CCCCCCCCCCCCN(C)C(=O)C1CC(OC)CC(C(=O)N(C)CCCCCCCCCCCC)O1|nitrate,final_dataset_3d/accepted_geometries.csv,geometries/La_ffd5aab1aceb.xyz,216,True,extxyz_xtb_properties_present,True
727bfd0c6ac8,71|CCCCCCn1c(-c2ccccc2)c(-c2ccccc2)c2cc3ccc4cc5c(-c6ccccc6)c(-c6ccccc6)n(CCCCCC)c(=O)c5nc4c3nc2c1=O|water,final_dataset_3d/accepted_geometries.csv,geometries/Lu_01e76e93d20f.xyz,123,True,extxyz_xtb_properties_present,True
0607644a06f5,71|CCCCCCCCN(C)C(=O)COCC(=O)N(C)CCCCCCCC|water,final_dataset_3d/accepted_geometries.csv,geometries/Lu_0607644a06f5.xyz,149,True,extxyz_xtb_properties_present,True
0805b1f429c5,71|CN(C(=O)CC(=O)N(C)c1ccccc1)c1ccccc1|nitrate,final_dataset_3d/accepted_geometries.csv,geometries/Lu_0805b1f429c5.xyz,157,True,extxyz_xtb_properties_present,True
0a2e9bb2e54c,71|CCCCCCCCN(CCCCCCCC)C(=O)c1ccc2ccc3ccc(C(=O)N(CCCCCCCC)CCCCCCCC)nc3c2n1|nitrate,final_dataset_3d/accepted_geometries.csv,geometries/Lu_0a2e9bb2e54c.xyz,253,True,extxyz_xtb_properties_present,True
0d0c6ba59d24,71|CCCCC(CC)CN(C)C(=O)COCC(=O)N(C)CC(CC)CCCC|water,final_dataset_3d/accepted_geometries.csv,geometries/Lu_0d0c6ba59d24.xyz,149,True,extxyz_xtb_properties_present,True
128ad64b4147,71|CCCCCCN(CCC(C)CCC=C(C)C)C(=O)COCC(=O)N(CCCCCC)CCC(C)CCC=C(C)C|water,final_dataset_3d/accepted_geometries.csv,geometries/Lu_128ad64b4147.xyz,225,True,extxyz_xtb_properties_present,True
17304295db25,71|CCCCCCCCN(CCCCCCCC)C(=O)[C@H](CCC)O[C@H](CCC)C(=O)N(CCCCCCCC)CCCCCCCC|nitrate,final_dataset_3d/accepted_geometries.csv,geometries/Lu_17304295db25.xyz,267,True,extxyz_xtb_properties_present,True
18b24c265849,71|CCN(C(=O)c1cccc(-c2cccc(C(=O)N(CC)c3ccccc3)n2)n1)c1ccccc1|nitrate,final_dataset_3d/accepted_geometries.csv,geometries/Lu_18b24c265849.xyz,121,True,extxyz_xtb_properties_present,True
23ffe0c0a937,71|CCN(C(=O)c1cccc(-c2cccc(C(=O)N(CC)c3ccc(C)cc3C)n2)n1)c1ccc(C)cc1C|nitrate,final_dataset_3d/accepted_geometries.csv,geometries/Lu_23ffe0c0a937.xyz,145,True,extxyz_xtb_properties_present,True
24b21e3ba58f,71|CCCCCCCCCCCCN(CCCCCCCCCCCC)C(=O)COCCOCC(=O)N(CCCCCCCCCCCC)CCCCCCCCCCCC|nitrate,final_dataset_3d/accepted_geometries.csv,geometries/Lu_24b21e3ba58f.xyz,337,True,extxyz_xtb_properties_present,True
26b646a9e773,71|CC(C)CCCC(C)CCCCN(C)C(=O)COCC(=O)N(C)CCCCC(C)CCCC(C)C|water,final_dataset_3d/accepted_geometries.csv,geometries/Lu_26b646a9e773.xyz,197,True,extxyz_xtb_properties_present,True
3006bf92d707,71|CCCCCCCCP(=O)(CC(=O)N(CC(C)C)CC(C)C)c1ccccc1|nitrate,final_dataset_3d/accepted_geometries.csv,geometries/Lu_3006bf92d707.xyz,281,True,extxyz_xtb_properties_present,True
302a1a766fc4,71|CCCCCCN(CCCCCC)C(=O)COCC(=O)N(CCCCCC)CCCCCC|nitrate,final_dataset_3d/accepted_geometries.csv,geometries/Lu_302a1a766fc4.xyz,183,True,extxyz_xtb_properties_present,True
30403ce9c40d,71|CCCCCCCCN(C)C(=O)C(CCOCCCCCC)C(=O)N(C)CCCCCCCC|nitrate,final_dataset_3d/accepted_geometries.csv,geometries/Lu_30403ce9c40d.xyz,189,True,extxyz_xtb_properties_present,True
3a07c6339ac1,71|CCN(C(=O)c1cccc(-c2cccc(C(=O)N(CC)c3cc(C)ccc3C)n2)n1)c1cc(C)ccc1C|nitrate,final_dataset_3d/accepted_geometries.csv,geometries/Lu_3a07c6339ac1.xyz,145,True,extxyz_xtb_properties_present,True
f572badf7b00,71|CC12CCC(c3nnc(-c4cccc(-c5nnc6c(n5)C5(C)CCC6C5(C)C)n4)nc31)C2(C)C|nitrate,final_dataset_3d/accepted_geometries.csv,geometries/Lu_3ba30f5fe8be.xyz,196,True,extxyz_xtb_properties_present,True
3bf55ebabec5,71|CCN(CC)C(=O)COCC(=O)N(CC)CC|nitrate,final_dataset_3d/accepted_geometries.csv,geometries/Lu_3bf55ebabec5.xyz,87,True,extxyz_xtb_properties_present,True
41cf198cd986,71|CCCCCCCCN(CC)C(=O)COCC(=O)N(CC)CCCCCCCC|water,final_dataset_3d/accepted_geometries.csv,geometries/Lu_41cf198cd986.xyz,161,True,extxyz_xtb_properties_present,True
d08732a72754,71|COCCN(CCOC)C(=O)COCC(=O)N(CCOC)CCOC|water,final_dataset_3d/accepted_geometries.csv,geometries/Lu_422eaccbf51e.xyz,121,True,extxyz_xtb_properties_present,True
477241213e79,71|CCCCCCCCN(CCC(C)CC(C)(C)C)C(=O)COCC(=O)N(CCCCCCCC)CCC(C)CC(C)(C)C|water,final_dataset_3d/accepted_geometries.csv,geometries/Lu_477241213e79.xyz,245,True,extxyz_xtb_properties_present,True
479733750bb5,71|CCCCCCCCN(CC(C)C)C(=O)COCC(=O)N(CCCCCCCC)CC(C)C|nitrate,final_dataset_3d/accepted_geometries.csv,geometries/Lu_479733750bb5.xyz,183,True,extxyz_xtb_properties_present,True
50385a9b9575,71|CCCCCCCCC(C)(C)SCC1CN(C(=O)COCC(=O)N2CC(C)C(CSC(C)(C)CCCCCCCC)C2)CC1C|water,final_dataset_3d/accepted_geometries.csv,geometries/Lu_50385a9b9575.xyz,241,True,extxyz_xtb_properties_present,True
513a2473cb69,71|CCCCCCCCCCCCN(CCCCCCCCCCCC)C(=O)COC1CCCN(CCCCCC)C1=O|nitrate,final_dataset_3d/accepted_geometries.csv,geometries/Lu_513a2473cb69.xyz,233,True,extxyz_xtb_properties_present,True
569888167aa5,71|CCCCCCCCN(CCCCCCCC)C(=O)COCCOCC(=O)N(CCCCCCCC)CCCCCCCC|nitrate,final_dataset_3d/accepted_geometries.csv,geometries/Lu_569888167aa5.xyz,241,True,extxyz_xtb_properties_present,True
5c46ed6bc339,71|CCCCCCCCN(C)C(=O)COCC(=O)N(CCCCCCCC)CCCCCCCC|water,final_dataset_3d/accepted_geometries.csv,geometries/Lu_5c46ed6bc339.xyz,191,True,extxyz_xtb_properties_present,True
64800e3c0b9b,71|CCCCCCCCCCN(CCCCCCCCCC)C(=O)[C@H](C)O[C@H](CC)C(=O)N(CCCCCCCCCC)CCCCCCCCCC|nitrate,final_dataset_3d/accepted_geometries.csv,geometries/Lu_64800e3c0b9b.xyz,297,True,extxyz_xtb_properties_present,True
64cc4261f02c,71|CCCN(CCC)C(=O)COCC(=O)N(CCC)CCC|nitrate,final_dataset_3d/accepted_geometries.csv,geometries/Lu_64cc4261f02c.xyz,111,True,extxyz_xtb_properties_present,True
686dc5817a7b,71|CCCCC(CC)CN(CC(CC)CCCC)C(=O)COCC(=O)N(CC(CC)CCCC)CC(CC)CCCC|water,final_dataset_3d/accepted_geometries.csv,geometries/Lu_686dc5817a7b.xyz,233,True,extxyz_xtb_properties_present,True
69820f6ef382,71|CCCCCCCCCCN(CCCCCCCCCC)C(=O)COCC(=O)N(CCCCCC)CCCCCC|nitrate,final_dataset_3d/accepted_geometries.csv,geometries/Lu_69820f6ef382.xyz,231,True,extxyz_xtb_properties_present,True
6c6142132009,71|CC(C)CN(CC(C)C)C(=O)COCC(=O)N(CC(C)C)CC(C)C|nitrate,final_dataset_3d/accepted_geometries.csv,geometries/Lu_6c6142132009.xyz,135,True,extxyz_xtb_properties_present,True
6cce4e8db490,71|CCCCCCN(CCC(C)CCCC(C)C)C(=O)COCC(=O)N(CCCCCC)CCC(C)CCCC(C)C|water,final_dataset_3d/accepted_geometries.csv,geometries/Lu_6cce4e8db490.xyz,233,True,extxyz_xtb_properties_present,True
7090c77a2fc2,71|CCCCCCCCP(=O)(CCCCCCCC)Cc1cccc(CP(=O)(CCCCCCCC)CCCCCCCC)[n+]1[O-]|water,final_dataset_3d/accepted_geometries.csv,geometries/Lu_7090c77a2fc2.xyz,247,True,extxyz_xtb_properties_present,True
720a392ef0d0,71|CCc1ccc(N(CC)C(=O)c2ccc3ccc4ccc(C(=O)N(CC)c5ccc(CC)cc5)nc4c3n2)cc1|nitrate,final_dataset_3d/accepted_geometries.csv,geometries/Lu_720a392ef0d0.xyz,149,True,extxyz_xtb_properties_present,True
7589c84e6642,71|CN(C(=O)COCC(=O)N(C)c1ccccc1)c1ccccc1|nitrate,final_dataset_3d/accepted_geometries.csv,geometries/Lu_7589c84e6642.xyz,91,True,extxyz_xtb_properties_present,True
79943a359182,71|CCCCC(CC)CN(CC(CC)CCCC)C(=O)COCC(=O)N(CC(CC)CCCC)CC(CC)CCCC|nitrate,final_dataset_3d/accepted_geometries.csv,geometries/Lu_79943a359182.xyz,231,True,extxyz_xtb_properties_present,True
841e714ef7bf,71|CCCCCCCCN(CCCCCCCC)C(=O)COCC(=O)N(CCCCCCCC)CCCCCCCC|nitrate,final_dataset_3d/accepted_geometries.csv,geometries/Lu_841e714ef7bf.xyz,231,True,extxyz_xtb_properties_present,True
8bed09234572,71|CCCCCCCCN(CCCCCCCC)C(=O)[C@H](C)O[C@H](C)C(=O)N(CCCCCCCC)CCCCCCCC|nitrate,final_dataset_3d/accepted_geometries.csv,geometries/Lu_8bed09234572.xyz,243,True,extxyz_xtb_properties_present,True
918443e30249,71|CCCCCCCCN(CCCCCCCC)C(=O)[C@H](C)O[C@@H](C)C(=O)N(CCCCCCCC)CCCCCCCC|nitrate,final_dataset_3d/accepted_geometries.csv,geometries/Lu_918443e30249.xyz,243,True,extxyz_xtb_properties_present,True
91de4635830b,71|O=C(c1cc(Cl)c2ccc3c(Cl)cc(C(=O)N4CCCC4)nc3c2n1)N1CCCC1|nitrate,final_dataset_3d/accepted_geometries.csv,geometries/Lu_91de4635830b.xyz,101,True,extxyz_xtb_properties_present,True
97488ddae00b,71|CCCCCCCCN(CCCC(CCCC)CCCCCC)C(=O)COCC(=O)N(CCCCCCCC)CCCC(CCCC)CCCCCC|water,final_dataset_3d/accepted_geometries.csv,geometries/Lu_97488ddae00b.xyz,305,True,extxyz_xtb_properties_present,True
a1ab40ace66c,71|CCCCN(CCCC)C(=O)COCC(=O)N(CCCC)CCCC|nitrate,final_dataset_3d/accepted_geometries.csv,geometries/Lu_a1ab40ace66c.xyz,135,True,extxyz_xtb_properties_present,True
a543645bb9e1,71|CCCCCCC(CCCC)CCCN(C)C(=O)COCC(=O)N(C)CCCC(CCCC)CCCCCC|water,final_dataset_3d/accepted_geometries.csv,geometries/Lu_a543645bb9e1.xyz,221,True,extxyz_xtb_properties_present,True
a5b6774306ad,71|CCCCCCCCN(CCCCCCCC)C(=O)CN(CC(=O)N(CCCCCCCC)CCCCCCCC)CC(=O)N(CCCCCCCC)CCCCCCCC|nitrate,final_dataset_3d/accepted_geometries.csv,geometries/Lu_a5b6774306ad.xyz,339,True,extxyz_xtb_properties_present,True
a71aa6e38cbc,71|CCCCCCCCP(=O)(CCCCCCCC)Cc1cccc(CP(=O)(CCCCCCCC)CCCCCCCC)[n+]1[O-]|nitrate,final_dataset_3d/accepted_geometries.csv,geometries/Lu_a71aa6e38cbc.xyz,245,True,extxyz_xtb_properties_present,True
58a409ad735b,71|CC1(C)CCC(C)(C)c2nc(-c3cccc(-c4cccc(-c5nnc6c(n5)C(C)(C)CCC6(C)C)n4)n3)nnc21|nitrate,final_dataset_3d/accepted_geometries.csv,geometries/Lu_adecfa6ff040.xyz,87,False,unverified_missing_xtb_properties,False
afcf6c9bafc3,71|CCCCCCCCN(CCCCCCCC)C(=O)C(C)OC(C)C(=O)N(CCCCCCCC)CCCCCCCC|nitrate,final_dataset_3d/accepted_geometries.csv,geometries/Lu_afcf6c9bafc3.xyz,243,True,extxyz_xtb_properties_present,True
b5ff0cc1b468,71|CCCCCCCCCCCCN(CCCCCCCC)C(=O)COCC(=O)N(CCCCCCCC)CCCCCCCCCCCC|water,final_dataset_3d/accepted_geometries.csv,geometries/Lu_b5ff0cc1b468.xyz,281,True,extxyz_xtb_properties_present,True
c0ebc570b8f1,71|CCCCCCc1ccc(N(CC)C(=O)c2cccc(-c3cccc(C(=O)N(CC)c4ccc(CCCCCC)cc4)n3)n2)cc1|nitrate,final_dataset_3d/accepted_geometries.csv,geometries/Lu_c0ebc570b8f1.xyz,193,True,extxyz_xtb_properties_present,True
c25c829ddcb6,71|CCCCCCCCN(CC(CC)CCCC)C(=O)COCC(=O)N(CCCCCCCC)CC(CC)CCCC|nitrate,final_dataset_3d/accepted_geometries.csv,geometries/Lu_c25c829ddcb6.xyz,231,True,extxyz_xtb_properties_present,True
c9e789434032,71|CCCCN(CCCC)C(=O)c1ccc2ccc3ccc(C(=O)N(CCCC)CCCC)nc3c2n1|nitrate,final_dataset_3d/accepted_geometries.csv,geometries/Lu_c9e789434032.xyz,157,True,extxyz_xtb_properties_present,True
08140b63d6f3,71|CCCCCCn1c(-c2ccccc2)c(-c2ccccc2)c2cc3ccc4cc5c(-c6ccccc6)c(-c6ccccc6)n(CCCCCC)c(=O)c5nc4c3nc2c1=O|nitrate,final_dataset_3d/accepted_geometries.csv,geometries/Lu_cc05c1c73d3e.xyz,119,True,extxyz_xtb_properties_present,True
cce95ad37f1c,71|CCCCCCCCCCCCN(CCCCCCCCCCCC)C(=O)COCCOCC(=O)N(CCCCCCCCCCCC)CCCCCCCCCCCC|water,final_dataset_3d/accepted_geometries.csv,geometries/Lu_cce95ad37f1c.xyz,337,True,extxyz_xtb_properties_present,True
d78601d4bdab,71|CCCCCCCCN(C(=O)c1ccc2ccc3cccnc3c2n1)c1ccc(C)cc1|nitrate,final_dataset_3d/accepted_geometries.csv,geometries/Lu_d78601d4bdab.xyz,131,True,extxyz_xtb_properties_present,True
e3ef7a62d641,71|CCCCCCCCN(CCCCC(C)CCCC(C)C)C(=O)COCC(=O)N(CCCCCCCC)CCCCC(C)CCCC(C)C|water,final_dataset_3d/accepted_geometries.csv,geometries/Lu_e3ef7a62d641.xyz,281,True,extxyz_xtb_properties_present,True
e69ce81c1c61,71|CCN(C(=O)c1cccc(-c2cccc(C(=O)N(CC)c3cc(C)cc(C)c3)n2)n1)c1cc(C)cc(C)c1|nitrate,final_dataset_3d/accepted_geometries.csv,geometries/Lu_e69ce81c1c61.xyz,145,True,extxyz_xtb_properties_present,True
e6f9dde6a90b,71|O=C(COCC(=O)N1CCCCC1)N1CCCCC1|water,final_dataset_3d/accepted_geometries.csv,geometries/Lu_e6f9dde6a90b.xyz,93,True,extxyz_xtb_properties_present,True
eed9dc5fbef3,71|CCCCCCCCN(CCCCCCCC)C(=O)COCC(=O)N(CCCCCCCC)CCCCCCCC|water,final_dataset_3d/accepted_geometries.csv,geometries/Lu_eed9dc5fbef3.xyz,233,True,extxyz_xtb_properties_present,True
f195cf428463,71|CCCCCCCCN(CCCCCCCC)C(=O)c1ccc2ccc3ccc(C(=O)N(CCCCCCCC)CCCCCCCC)nc3c2n1|water,final_dataset_3d/accepted_geometries.csv,geometries/Lu_f195cf428463.xyz,253,True,extxyz_xtb_properties_present,True
fc7c12e9d044,71|CCCCCCCCN(CCC)C(=O)COCC(=O)N(CCC)CCCCCCCC|water,final_dataset_3d/accepted_geometries.csv,geometries/Lu_fc7c12e9d044.xyz,173,True,extxyz_xtb_properties_present,True
1e406462b863,71|CCCCCc1nnc(-c2cccc(-c3cccc(-c4nnc(CCCCC)c(CCCCC)n4)n3)n2)nc1CCCCC|nitrate,final_dataset_3d/accepted_geometries.csv,geometries/Lu_ff2323ff5a7c.xyz,103,True,extxyz_xtb_properties_present,True
ffd50c00b3c9,71|CCCCCCCCN(CCCCCCCC)C(=O)[C@H](C)O[C@@H](CC)C(=O)N(CCCCCCCC)CCCCCCCC|nitrate,final_dataset_3d/accepted_geometries.csv,geometries/Lu_ffd50c00b3c9.xyz,249,True,extxyz_xtb_properties_present,True
03fbdef178b7,60|CC(C)CCCCCP(=O)(CC(=O)N(CC(C)C)CC(C)C)c1ccccc1|nitrate,final_dataset_3d/accepted_geometries.csv,geometries/Nd_03fbdef178b7.xyz,284,True,extxyz_xtb_properties_present,True
04e043628161,60|CCCCCCCCCCCCN(CCCCCCCCCCCC)C(=O)COCC(=O)N(CCCCCCCC)CCCCCCCC|nitrate,final_dataset_3d/accepted_geometries.csv,geometries/Nd_04e043628161.xyz,412,True,extxyz_xtb_properties_present,True
1d7e89960f8b,60|O=C(O)CN(CCO)CCN(CC(=O)O)CC(=O)O|nitrate,final_dataset_3d/accepted_geometries.csv,geometries/Nd_08ad5b34d70c.xyz,42,True,extxyz_xtb_properties_present,True
0e14cd9e00e1,60|CCCCN(C)C(=O)CC(=O)N(C)CCCC|nitrate,final_dataset_3d/accepted_geometries.csv,geometries/Nd_0e14cd9e00e1.xyz,176,True,extxyz_xtb_properties_present,True
8130c2a2cc5b,60|CCCCCCn1c(-c2ccccc2)c(-c2ccccc2)c2cc3ccc4cc5c(-c6ccccc6)c(-c6ccccc6)n(CCCCCC)c(=O)c5nc4c3nc2c1=O|nitrate,final_dataset_3d/accepted_geometries.csv,geometries/Nd_11ac249f26c1.xyz,119,True,extxyz_xtb_properties_present,True
17d1a89f3ba2,60|CCCCCCCCN(C(=O)c1ccc2ccc3cccnc3c2n1)c1ccc(C)cc1|nitrate,final_dataset_3d/accepted_geometries.csv,geometries/Nd_17d1a89f3ba2.xyz,190,True,extxyz_xtb_properties_present,True
1de9b7816a1a,60|CCCCCCCCC(C)(C)SCC1CN(C(=O)COCC(=O)N2CC(C)C(CSC(C)(C)CCCCCCCC)C2)CC1C|water,final_dataset_3d/accepted_geometries.csv,geometries/Nd_1de9b7816a1a.xyz,352,True,extxyz_xtb_properties_present,True
2840f6c3bac7,60|CCCCCCCCN(C)C(=O)COCC(=O)N(CCCCCCCC)CCCCCCCC|water,final_dataset_3d/accepted_geometries.csv,geometries/Nd_2840f6c3bac7.xyz,277,True,extxyz_xtb_properties_present,True
2a85606c4a7e,60|CCCCCCCCN(CCCCCCCC)C(=O)c1ccc2ccc3ccc(C(=O)N(CCCCCCCC)CCCCCCCC)nc3c2n1|water,final_dataset_3d/accepted_geometries.csv,geometries/Nd_2a85606c4a7e.xyz,256,True,extxyz_xtb_properties_present,True
3095c50fd4a6,60|CCCCCCC(CCCC)CCCN(C)C(=O)COCC(=O)N(C)CCCC(CCCC)CCCCCC|water,final_dataset_3d/accepted_geometries.csv,geometries/Nd_3095c50fd4a6.xyz,322,True,extxyz_xtb_properties_present,True
311e29964626,60|CCN(C(=O)c1cccc(C(=O)N(CC)c2cccc(C)c2)n1)c1cccc(C)c1|nitrate,final_dataset_3d/accepted_geometries.csv,geometries/Nd_311e29964626.xyz,172,True,extxyz_xtb_properties_present,True
35fb62fe84b7,60|CCCCCCCCN(C)C(=O)C(CCOCCCCCC)C(=O)N(C)CCCCCCCC|nitrate,final_dataset_3d/accepted_geometries.csv,geometries/Nd_35fb62fe84b7.xyz,277,True,extxyz_xtb_properties_present,True
36a8d86e270c,60|CCCCCCCCN(C)C(=O)COCC(=O)N(C)CCCCCCCC|water,final_dataset_3d/accepted_geometries.csv,geometries/Nd_36a8d86e270c.xyz,214,True,extxyz_xtb_properties_present,True
37968b1527ea,60|CC(C)CN(CC(C)C)C(=O)COCC(=O)N(CC(C)C)CC(C)C|nitrate,final_dataset_3d/accepted_geometries.csv,geometries/Nd_37968b1527ea.xyz,196,True,extxyz_xtb_properties_present,True
3be4a2dc935b,60|CCN(C(=O)c1cccc(-c2cccc(C(=O)N(CC)c3cc(C)ccc3C)n2)n1)c1cc(C)ccc1C|nitrate,final_dataset_3d/accepted_geometries.csv,geometries/Nd_3be4a2dc935b.xyz,148,True,extxyz_xtb_properties_present,True
3d1b981eb728,60|CN(C(=O)CC(=O)N(C)c1ccccc1)c1ccccc1|nitrate,final_dataset_3d/accepted_geometries.csv,geometries/Nd_3d1b981eb728.xyz,160,True,extxyz_xtb_properties_present,True
41cf78d27638,60|CCCCCCCCP(=O)(CC(=O)N(CC(C)C)CC(C)C)c1ccccc1|nitrate,final_dataset_3d/accepted_geometries.csv,geometries/Nd_41cf78d27638.xyz,284,True,extxyz_xtb_properties_present,True
c08199fcc06a,60|CCCCCCn1c(-c2ccccc2)c(-c2ccccc2)c2cc3ccc4cc5c(-c6ccccc6)c(-c6ccccc6)n(CCCCCC)c(=O)c5nc4c3nc2c1=O|water,final_dataset_3d/accepted_geometries.csv,geometries/Nd_467fe4b7a7ef.xyz,126,True,extxyz_xtb_properties_present,True
475b12bfbaae,60|CCCCCCCCN(CCCCCCCC)C(=O)COCC(=O)N(C)C|water,final_dataset_3d/accepted_geometries.csv,geometries/Nd_475b12bfbaae.xyz,214,True,extxyz_xtb_properties_present,True
4ee87201c25b,60|CCN(C(=O)c1cccc(C(=O)N(CC)c2ccccc2C)n1)c1ccccc1C|nitrate,final_dataset_3d/accepted_geometries.csv,geometries/Nd_4ee87201c25b.xyz,172,True,extxyz_xtb_properties_present,True
4ff73e9a6d59,60|CCCCCCCCN(CCCCCCCC)C(=O)[C@H](CCC)O[C@H](CCC)C(=O)N(CCCCCCCC)CCCCCCCC|nitrate,final_dataset_3d/accepted_geometries.csv,geometries/Nd_4ff73e9a6d59.xyz,394,True,extxyz_xtb_properties_present,True
5085718391b0,60|CCCCCCCCN(CCCCCCCC)C(=O)COCC(=O)N(CCCCCCCC)CCCCCCCC|water,final_dataset_3d/accepted_geometries.csv,geometries/Nd_5085718391b0.xyz,340,True,extxyz_xtb_properties_present,True
5432c76725a1,60|CCCCCCCCN(CCC)C(=O)COCC(=O)N(CCC)CCCCCCCC|water,final_dataset_3d/accepted_geometries.csv,geometries/Nd_5432c76725a1.xyz,250,True,extxyz_xtb_properties_present,True
56d8843335c1,60|CCCCCCCCCCCCN(C)C(=O)C1CC(OC)CC(C(=O)N(C)CCCCCCCCCCCC)O1|nitrate,final_dataset_3d/accepted_geometries.csv,geometries/Nd_56d8843335c1.xyz,216,True,extxyz_xtb_properties_present,True
5b1dbee9dee8,60|CN(C(=O)COCC(=O)N(C)c1ccccc1)c1ccccc1|nitrate,final_dataset_3d/accepted_geometries.csv,geometries/Nd_5b1dbee9dee8.xyz,130,True,extxyz_xtb_properties_present,True
012a0c00f94b,60|CCCCCCOP(=O)(O)OCCCCCC|nitrate,final_dataset_3d/accepted_geometries.csv,geometries/Nd_5c6b31d59222.xyz,89,False,unverified_missing_xtb_properties,False
5de6ab30ffee,60|CCCCC(CC)CN(CC(CC)CCCC)C(=O)COCC(=O)N(CC(CC)CCCC)CC(CC)CCCC|nitrate,final_dataset_3d/accepted_geometries.csv,geometries/Nd_5de6ab30ffee.xyz,340,True,extxyz_xtb_properties_present,True
61b5adf1c34b,60|CCCCCCCCCCN(CCCCCCCCCC)C(=O)COCC(=O)N(CCCCCC)CCCCCC|nitrate,final_dataset_3d/accepted_geometries.csv,geometries/Nd_61b5adf1c34b.xyz,340,True,extxyz_xtb_properties_present,True
64b85c270e26,60|CCCCCCCCN(CC(CC)CCCC)C(=O)COCC(=O)N(CCCCCCCC)CC(CC)CCCC|nitrate,final_dataset_3d/accepted_geometries.csv,geometries/Nd_64b85c270e26.xyz,340,True,extxyz_xtb_properties_present,True
880bcc070ebf,60|CCCCCCCCCCCCN(CCCCCCCCCCCC)C(=O)COCCOCC(=O)N(CCCCCCCCCCCC)CCCCCCCCCCCC|water,final_dataset_3d/accepted_geometries.csv,geometries/Nd_64eab4384a5e.xyz,184,True,extxyz_xtb_properties_present,True
654a7abbfe0a,60|CCc1ccc(N(CC)C(=O)c2ccc3ccc4ccc(C(=O)N(CC)c5ccc(CC)cc5)nc4c3n2)cc1|nitrate,final_dataset_3d/accepted_geometries.csv,geometries/Nd_654a7abbfe0a.xyz,152,True,extxyz_xtb_properties_present,True
6a813ec13042,60|O=C(COCC(=O)N1CCCCC1)N1CCCCC1|water,final_dataset_3d/accepted_geometries.csv,geometries/Nd_6a813ec13042.xyz,130,True,extxyz_xtb_properties_present,True
6d8e9559aedb,60|CCCCCCCCN(CCCC(CCCC)CCCCCC)C(=O)COCC(=O)N(CCCCCCCC)CCCC(CCCC)CCCCCC|water,final_dataset_3d/accepted_geometries.csv,geometries/Nd_6d8e9559aedb.xyz,448,True,extxyz_xtb_properties_present,True
721a61092186,60|CCCCCCCCN(CCCCCCCC)C(=O)[C@H](C)O[C@@H](C)C(=O)N(CCCCCCCC)CCCCCCCC|nitrate,final_dataset_3d/accepted_geometries.csv,geometries/Nd_721a61092186.xyz,358,True,extxyz_xtb_properties_present,True
730ccd1931fb,60|CCCCCCN(CCC(C)CCCC(C)C)C(=O)COCC(=O)N(CCCCCC)CCC(C)CCCC(C)C|water,final_dataset_3d/accepted_geometries.csv,geometries/Nd_730ccd1931fb.xyz,340,True,extxyz_xtb_properties_present,True
753e733fcdc6,60|CCCCN(CCCC)C(=O)c1ccc2ccc3ccc(C(=O)N(CCCC)CCCC)nc3c2n1|nitrate,final_dataset_3d/accepted_geometries.csv,geometries/Nd_753e733fcdc6.xyz,160,True,extxyz_xtb_properties_present,True
7ba552465e9f,60|CCCCCCCCN(CCCCCCCC)C(=O)[C@H](C)O[C@@H](CC)C(=O)N(CCCCCCCC)CCCCCCCC|nitrate,final_dataset_3d/accepted_geometries.csv,geometries/Nd_7ba552465e9f.xyz,367,True,extxyz_xtb_properties_present,True
7c32cb83c0f4,60|O=C(c1cc(Cl)c2ccc3c(Cl)cc(C(=O)N4CCCC4)nc3c2n1)N1CCCC1|nitrate,final_dataset_3d/accepted_geometries.csv,geometries/Nd_7c32cb83c0f4.xyz,104,True,extxyz_xtb_properties_present,True
bcb0a0d8f7c2,60|CC1(C)CCC(C)(C)c2nc(-c3cccc(-c4cccc(-c5nnc6c(n5)C(C)(C)CCC6(C)C)n4)n3)nnc21|nitrate,final_dataset_3d/accepted_geometries.csv,geometries/Nd_806c58d6243c.xyz,87,True,extxyz_xtb_properties_present,True
842fa08145bb,60|CCCCCCCCCCN(CCCCCCCCCC)C(=O)COCC(=O)N(CCCCCCCCCC)CCCCCCCCCC|nitrate,final_dataset_3d/accepted_geometries.csv,geometries/Nd_842fa08145bb.xyz,412,True,extxyz_xtb_properties_present,True
854baef45df8,60|CCCCCCCCN(CCC(C)CC(C)(C)C)C(=O)COCC(=O)N(CCCCCCCC)CCC(C)CC(C)(C)C|water,final_dataset_3d/accepted_geometries.csv,geometries/Nd_854baef45df8.xyz,358,True,extxyz_xtb_properties_present,True
85d76bb6d3a3,60|CCCCCCCCP(=O)(CCCCCCCC)Cc1cccc(CP(=O)(CCCCCCCC)CCCCCCCC)[n+]1[O-]|water,final_dataset_3d/accepted_geometries.csv,geometries/Nd_85d76bb6d3a3.xyz,361,True,extxyz_xtb_properties_present,True
8ec3e5cffd20,60|CCCCCCCCP(=O)(CCCCCCCC)Cc1cccc(CP(=O)(CCCCCCCC)CCCCCCCC)[n+]1[O-]|nitrate,final_dataset_3d/accepted_geometries.csv,geometries/Nd_8ec3e5cffd20.xyz,361,True,extxyz_xtb_properties_present,True
8ecfa50da786,60|CCCCC(CC)CN(C)C(=O)COCC(=O)N(C)CC(CC)CCCC|water,final_dataset_3d/accepted_geometries.csv,geometries/Nd_8ecfa50da786.xyz,214,True,extxyz_xtb_properties_present,True
90ecb106b04d,60|CCCCCCCCN(CCCCCCCC)C(=O)C(C)OC(C)C(=O)N(CCCCCCCC)CCCCCCCC|nitrate,final_dataset_3d/accepted_geometries.csv,geometries/Nd_90ecb106b04d.xyz,358,True,extxyz_xtb_properties_present,True
93b4cff98f83,60|CCCCCCCCN(CCCCCCCC)C(=O)[C@H](C)O[C@H](C)C(=O)N(CCCCCCCC)CCCCCCCC|nitrate,final_dataset_3d/accepted_geometries.csv,geometries/Nd_93b4cff98f83.xyz,358,True,extxyz_xtb_properties_present,True
9843e72ac7d1,60|CCCN(CCC)C(=O)COCC(=O)N(CCC)CCC|nitrate,final_dataset_3d/accepted_geometries.csv,geometries/Nd_9843e72ac7d1.xyz,160,True,extxyz_xtb_properties_present,True
997619d3a9f1,60|CCCCN(CCCC)C(=O)COCC(=O)N(CCCC)CCCC|nitrate,final_dataset_3d/accepted_geometries.csv,geometries/Nd_997619d3a9f1.xyz,196,True,extxyz_xtb_properties_present,True
9ae8d8b17a3a,60|CCN(CC)C(=O)COCC(=O)N(CC)CC|nitrate,final_dataset_3d/accepted_geometries.csv,geometries/Nd_9ae8d8b17a3a.xyz,124,True,extxyz_xtb_properties_present,True
9b8221fee813,60|CCCCCCN(CCCCCC)C(=O)CC(=O)N(CCCCCC)CCCCCC|nitrate,final_dataset_3d/accepted_geometries.csv,geometries/Nd_9b8221fee813.xyz,344,True,extxyz_xtb_properties_present,True
9cb117b39426,60|CCCCCCCCN(C)C(=O)CC(=O)N(C)CCCCCCCC|nitrate,final_dataset_3d/accepted_geometries.csv,geometries/Nd_9cb117b39426.xyz,272,True,extxyz_xtb_properties_present,True
9f9884fbdcc6,60|CCCCCCCCN(CCCCCCCC)C(=O)CC(=O)N(CCCCCCCC)CCCCCCCC|nitrate,final_dataset_3d/accepted_geometries.csv,geometries/Nd_9f9884fbdcc6.xyz,440,True,extxyz_xtb_properties_present,True
a20cdf540a91,60|CCCCCCCCCCCCN(CCCCCCCC)C(=O)COCC(=O)N(CCCCCCCC)CCCCCCCCCCCC|water,final_dataset_3d/accepted_geometries.csv,geometries/Nd_a20cdf540a91.xyz,412,True,extxyz_xtb_properties_present,True
a44dd5015b38,60|CCCCCCN(CCCCCC)C(=O)COCC(=O)N(CCCCCC)CCCCCC|nitrate,final_dataset_3d/accepted_geometries.csv,geometries/Nd_a44dd5015b38.xyz,268,True,extxyz_xtb_properties_present,True
a6691a2ffe3a,60|CN(C(=O)c1cccc(C(=O)N(C)c2ccccc2)n1)c1ccccc1|nitrate,final_dataset_3d/accepted_geometries.csv,geometries/Nd_a6691a2ffe3a.xyz,136,True,extxyz_xtb_properties_present,True
ab424ae951e3,60|CCCCCCCCN(CC(C)C)C(=O)COCC(=O)N(CCCCCCCC)CC(C)C|nitrate,final_dataset_3d/accepted_geometries.csv,geometries/Nd_ab424ae951e3.xyz,268,True,extxyz_xtb_properties_present,True
ab9583a086df,60|CCCCN(CCCC)C(=O)CC(=O)N(CCCC)CCCC|nitrate,final_dataset_3d/accepted_geometries.csv,geometries/Nd_ab9583a086df.xyz,248,True,extxyz_xtb_properties_present,True
21f2658dbb93,60|O=C(O)CN(CC(=O)O)C1CCCCC1N(CC(=O)O)CC(=O)O|nitrate,final_dataset_3d/accepted_geometries.csv,geometries/Nd_ac16f7a06741.xyz,51,False,unverified_missing_xtb_properties,False
ad294a8deaea,60|CCN(C(=O)c1cccc(-c2cccc(C(=O)N(CC)c3ccc(C)cc3C)n2)n1)c1ccc(C)cc1C|nitrate,final_dataset_3d/accepted_geometries.csv,geometries/Nd_ad294a8deaea.xyz,148,True,extxyz_xtb_properties_present,True
ae99ecec7121,60|CCCCCCCCN(CC)C(=O)COCC(=O)N(CC)CCCCCCCC|water,final_dataset_3d/accepted_geometries.csv,geometries/Nd_ae99ecec7121.xyz,232,True,extxyz_xtb_properties_present,True
b21d53057cbd,60|CCCCCCc1ccc(N(CC)C(=O)c2cccc(-c3cccc(C(=O)N(CC)c4ccc(CCCCCC)cc4)n3)n2)cc1|nitrate,final_dataset_3d/accepted_geometries.csv,geometries/Nd_b21d53057cbd.xyz,196,True,extxyz_xtb_properties_present,True
b27655c8eeb9,60|CCCCCCN(CCC(C)CCC=C(C)C)C(=O)COCC(=O)N(CCCCCC)CCC(C)CCC=C(C)C|water,final_dataset_3d/accepted_geometries.csv,geometries/Nd_b27655c8eeb9.xyz,328,True,extxyz_xtb_properties_present,True
b43f7786b547,60|CCCCCCCCCCCCN(CCCCCCCCCCCC)C(=O)COC1CCCN(CCCCCC)C1=O|nitrate,final_dataset_3d/accepted_geometries.csv,geometries/Nd_b43f7786b547.xyz,343,True,extxyz_xtb_properties_present,True
baede0a95237,60|CCCCCCCCCCN(CCCCCCCCCC)C(=O)COCC(=O)N(CCCCCC)CCCCCC|water,final_dataset_3d/accepted_geometries.csv,geometries/Nd_baede0a95237.xyz,340,True,extxyz_xtb_properties_present,True
bb5c3fb1d709,60|CCCCCCCCCCN(CCCCCCCCCC)C(=O)[C@H](C)O[C@H](CC)C(=O)N(CCCCCCCCCC)CCCCCCCCCC|nitrate,final_dataset_3d/accepted_geometries.csv,geometries/Nd_bb5c3fb1d709.xyz,439,True,extxyz_xtb_properties_present,True
bc638483400c,60|CCCCC(CC)CN(CC(CC)CCCC)C(=O)COCC(=O)N(CC(CC)CCCC)CC(CC)CCCC|water,final_dataset_3d/accepted_geometries.csv,geometries/Nd_bc638483400c.xyz,340,True,extxyz_xtb_properties_present,True
bcfb4e0786bc,60|CCN(C(=O)c1cccc(-c2cccc(C(=O)N(CC)c3ccccc3)n2)n1)c1ccccc1|nitrate,final_dataset_3d/accepted_geometries.csv,geometries/Nd_bcfb4e0786bc.xyz,124,True,extxyz_xtb_properties_present,True
17eeb12c2d08,60|CC12CCC(c3nnc(-c4cccc(-c5nnc6c(n5)C5(C)CCC6C5(C)C)n4)nc31)C2(C)C|nitrate,final_dataset_3d/accepted_geometries.csv,geometries/Nd_c24902aaaf79.xyz,196,True,extxyz_xtb_properties_present,True
c544ee8a251c,60|CCCCCCOCCC(C(=O)N(C)CCCC)C(=O)N(C)CCCC|nitrate,final_dataset_3d/accepted_geometries.csv,geometries/Nd_c544ee8a251c.xyz,205,True,extxyz_xtb_properties_present,True
c6207e834de5,60|CCCCCCN(C)C(=O)CC(=O)N(C)CCCCCC|nitrate,final_dataset_3d/accepted_geometries.csv,geometries/Nd_c6207e834de5.xyz,224,True,extxyz_xtb_properties_present,True
e8bf83422a1a,60|CCCCCc1nnc(-c2cccc(-c3cccc(-c4nnc(CCCCC)c(CCCCC)n4)n3)n2)nc1CCCCC|nitrate,final_dataset_3d/accepted_geometries.csv,geometries/Nd_cb8e9692129f.xyz,103,True,extxyz_xtb_properties_present,True
cfb24bbfbf9d,60|CCCCCCCCN(CCCCC(C)CCCC(C)C)C(=O)COCC(=O)N(CCCCCCCC)CCCCC(C)CCCC(C)C|water,final_dataset_3d/accepted_geometries.csv,geometries/Nd_cfb24bbfbf9d.xyz,412,True,extxyz_xtb_properties_present,True
e244e3a88005,60|CCCCCCCCN(C)C(=O)COCC(=O)N(C)CCCCCCCC|nitrate,final_dataset_3d/accepted_geometries.csv,geometries/Nd_e244e3a88005.xyz,214,True,extxyz_xtb_properties_present,True
e390a47c8764,60|CCN(C(=O)c1cccc(C(=O)N(CC)c2ccc(C)cc2)n1)c1ccc(C)cc1|nitrate,final_dataset_3d/accepted_geometries.csv,geometries/Nd_e390a47c8764.xyz,172,True,extxyz_xtb_properties_present,True
e5884e16a6fa,60|CCCCCCCCCCN(CCCCCCCCCC)C(=O)[C@H](CCC)O[C@H](CCC)C(=O)N(CCCCCCCCCC)CCCCCCCCCC|nitrate,final_dataset_3d/accepted_geometries.csv,geometries/Nd_e5884e16a6fa.xyz,466,True,extxyz_xtb_properties_present,True
ec908defe1cf,60|CCCCCCC(C)N(CCCC)C(=O)COCC(=O)N(CCCC)C(C)CCCCCC|water,final_dataset_3d/accepted_geometries.csv,geometries/Nd_ec908defe1cf.xyz,268,True,extxyz_xtb_properties_present,True
ecf430f58566,60|CCCCCCCCN(CCCCCCCC)C(=O)COCCOCC(=O)N(CCCCCCCC)CCCCCCCC|nitrate,final_dataset_3d/accepted_geometries.csv,geometries/Nd_ecf430f58566.xyz,244,True,extxyz_xtb_properties_present,True
f08b024abf27,60|CCCCCCCCCCN(CCCCCCCCCC)C(=O)C(C)OC(C)C(=O)N(CCCCCCCCCC)CCCCCCCCCC|nitrate,final_dataset_3d/accepted_geometries.csv,geometries/Nd_f08b024abf27.xyz,430,True,extxyz_xtb_properties_present,True
f627b8cfec4b,60|CCCCCCCCN(CCCCCCCC)C(=O)COCC(=O)N(CCCCCCCC)CCCCCCCC|nitrate,final_dataset_3d/accepted_geometries.csv,geometries/Nd_f627b8cfec4b.xyz,340,True,extxyz_xtb_properties_present,True
6b6af1c74412,60|CCCc1nnc(-c2cccc(-c3nnc(CCC)c(CCC)n3)n2)nc1CCC|nitrate,final_dataset_3d/accepted_geometries.csv,geometries/Nd_f6d91e19679c.xyz,184,True,extxyz_xtb_properties_present,True
f8c51a63947a,60|CC(C)CCCC(C)CCCCN(C)C(=O)COCC(=O)N(C)CCCCC(C)CCCC(C)C|water,final_dataset_3d/accepted_geometries.csv,geometries/Nd_f8c51a63947a.xyz,286,True,extxyz_xtb_properties_present,True
fb0185b0aa14,60|CCN(C(=O)c1cccc(-c2cccc(C(=O)N(CC)c3cc(C)cc(C)c3)n2)n1)c1cc(C)cc(C)c1|nitrate,final_dataset_3d/accepted_geometries.csv,geometries/Nd_fb0185b0aa14.xyz,148,True,extxyz_xtb_properties_present,True
fb8eb6781614,60|CCCCCCCCN(C)C(=O)C(CCCCCC)C(=O)N(C)CCCCCCCC|nitrate,final_dataset_3d/accepted_geometries.csv,geometries/Nd_fb8eb6781614.xyz,344,True,extxyz_xtb_properties_present,True
fbf793f2aa3f,60|CCCCCCCCCCCCN(CCCCCCCCCCCC)C(=O)COCCOCC(=O)N(CCCCCCCCCCCC)CCCCCCCCCCCC|nitrate,final_dataset_3d/accepted_geometries.csv,geometries/Nd_fbf793f2aa3f.xyz,340,True,extxyz_xtb_properties_present,True
002121ae5677,59|CCCCCCCCCCN(CCCCCCCCCC)C(=O)C(C)OC(C)C(=O)N(CCCCCCCCCC)CCCCCCCCCC|nitrate,final_dataset_3d/accepted_geometries.csv,geometries/Pr_002121ae5677.xyz,430,True,extxyz_xtb_properties_present,True
0052ca91f101,59|CCCCCCCCCCCCN(CC)C(=O)COCC(=O)N(CC)CCCCCCCCCCCC|water,final_dataset_3d/accepted_geometries.csv,geometries/Pr_0052ca91f101.xyz,304,True,extxyz_xtb_properties_present,True
03005868e3be,59|CN(C(=O)COCC(=O)N(C)c1ccccc1)c1ccccc1|nitrate,final_dataset_3d/accepted_geometries.csv,geometries/Pr_03005868e3be.xyz,130,True,extxyz_xtb_properties_present,True
03f10b544421,59|CC(C)CCCCCP(=O)(CC(=O)N(CC(C)C)CC(C)C)c1ccccc1|nitrate,final_dataset_3d/accepted_geometries.csv,geometries/Pr_03f10b544421.xyz,284,True,extxyz_xtb_properties_present,True
0568596c93c3,59|CCCCCCN(C)C(=O)CC(=O)N(C)CCCCCC|nitrate,final_dataset_3d/accepted_geometries.csv,geometries/Pr_0568596c93c3.xyz,224,True,extxyz_xtb_properties_present,True
0bb00f91f6ef,59|CCCCCCCCN(C)C(=O)COCC(=O)N(CCCCCCCC)CCCCCCCC|water,final_dataset_3d/accepted_geometries.csv,geometries/Pr_0bb00f91f6ef.xyz,277,True,extxyz_xtb_properties_present,True
0fa08d2cc317,59|CCCCCCCCN(CCCCCCCC)C(=O)COCC(=O)N(C)C|water,final_dataset_3d/accepted_geometries.csv,geometries/Pr_0fa08d2cc317.xyz,214,True,extxyz_xtb_properties_present,True
1008ab9ab6ef,59|CC(C)CCCC(C)CCCCN(C)C(=O)COCC(=O)N(C)CCCCC(C)CCCC(C)C|water,final_dataset_3d/accepted_geometries.csv,geometries/Pr_1008ab9ab6ef.xyz,286,True,extxyz_xtb_properties_present,True
11243c52d348,59|CCN(CC)C(=O)COCC(=O)N(CC)CC|nitrate,final_dataset_3d/accepted_geometries.csv,geometries/Pr_11243c52d348.xyz,124,True,extxyz_xtb_properties_present,True
b5aa171b2dd3,59|O=C(O)CN(CC(=O)O)C1CCCCC1N(CC(=O)O)CC(=O)O|nitrate,final_dataset_3d/accepted_geometries.csv,geometries/Pr_1bd312352a39.xyz,51,False,unverified_missing_xtb_properties,False
20d170269605,59|CCCCC(CC)CP(=O)(CC(=O)N(CC(C)C)CC(C)C)c1ccccc1|nitrate,final_dataset_3d/accepted_geometries.csv,geometries/Pr_20d170269605.xyz,284,True,extxyz_xtb_properties_present,True
22aac70a342d,59|CN(C(=O)CC(=O)N(C)c1ccccc1)c1ccccc1|nitrate,final_dataset_3d/accepted_geometries.csv,geometries/Pr_22aac70a342d.xyz,160,True,extxyz_xtb_properties_present,True
279ef781b173,59|CCN(C(=O)c1cccc(-c2cccc(C(=O)N(CC)c3ccc(C)cc3C)n2)n1)c1ccc(C)cc1C|nitrate,final_dataset_3d/accepted_geometries.csv,geometries/Pr_279ef781b173.xyz,148,True,extxyz_xtb_properties_present,True
287451bfb5da,59|CCN(C(=O)c1cccc(C(=O)N(CC)c2ccccc2C)n1)c1ccccc1C|nitrate,final_dataset_3d/accepted_geometries.csv,geometries/Pr_287451bfb5da.xyz,172,True,extxyz_xtb_properties_present,True
28f67169f751,59|CCN(C(=O)c1cccc(-c2cccc(C(=O)N(CC)c3cc(C)cc(C)c3)n2)n1)c1cc(C)cc(C)c1|nitrate,final_dataset_3d/accepted_geometries.csv,geometries/Pr_28f67169f751.xyz,148,True,extxyz_xtb_properties_present,True
2ff01b63ee55,59|CCCCCCCCN(CCCCCCCC)C(=O)[C@H](C)O[C@@H](C)C(=O)N(CCCCCCCC)CCCCCCCC|nitrate,final_dataset_3d/accepted_geometries.csv,geometries/Pr_2ff01b63ee55.xyz,358,True,extxyz_xtb_properties_present,True
dad939b7700d,59|CC1(C)CCC(C)(C)c2nc(-c3cccc(-c4cccc(-c5nnc6c(n5)C(C)(C)CCC6(C)C)n4)n3)nnc21|nitrate,final_dataset_3d/accepted_geometries.csv,geometries/Pr_36570cc1ffa3.xyz,87,True,extxyz_xtb_properties_present,True
383aee8c8ad5,59|CCCCCCCCCCCCN(CCCCCCCCCCCC)C(=O)COCCOCC(=O)N(CCCCCCCCCCCC)CCCCCCCCCCCC|nitrate,final_dataset_3d/accepted_geometries.csv,geometries/Pr_383aee8c8ad5.xyz,340,True,extxyz_xtb_properties_present,True
39d175aefe15,59|CCCCCCCCN(C)C(=O)COCC(=O)N(C)CCCCCCCC|water,final_dataset_3d/accepted_geometries.csv,geometries/Pr_39d175aefe15.xyz,214,True,extxyz_xtb_properties_present,True
45780af8ed77,59|CCN(C(=O)c1cccc(C(=O)N(CC)c2cccc(C)c2)n1)c1cccc(C)c1|nitrate,final_dataset_3d/accepted_geometries.csv,geometries/Pr_45780af8ed77.xyz,172,True,extxyz_xtb_properties_present,True
4604ed2e646b,59|CCCN(CCC)C(=O)COCC(=O)N(CCC)CCC|nitrate,final_dataset_3d/accepted_geometries.csv,geometries/Pr_4604ed2e646b.xyz,160,True,extxyz_xtb_properties_present,True
4ec27284e1c5,59|CCCCCCc1ccc(N(CC)C(=O)c2cccc(-c3cccc(C(=O)N(CC)c4ccc(CCCCCC)cc4)n3)n2)cc1|nitrate,final_dataset_3d/accepted_geometries.csv,geometries/Pr_4ec27284e1c5.xyz,196,True,extxyz_xtb_properties_present,True
b70074b9c893,59|CCCc1nnc(-c2cccc(-c3nnc(CCC)c(CCC)n3)n2)nc1CCC|nitrate,final_dataset_3d/accepted_geometries.csv,geometries/Pr_4f3be724a7f9.xyz,184,True,extxyz_xtb_properties_present,True
53b0f14d2de0,59|CCCCCCCCN(CCCCCCCC)C(=O)c1ccc2ccc3ccc(C(=O)N(CCCCCCCC)CCCCCCCC)nc3c2n1|nitrate,final_dataset_3d/accepted_geometries.csv,geometries/Pr_53b0f14d2de0.xyz,256,True,extxyz_xtb_properties_present,True
54b5f1e8c33a,59|CCCCCCCCN(C)C(=O)C(CCCCCC)C(=O)N(C)CCCCCCCC|nitrate,final_dataset_3d/accepted_geometries.csv,geometries/Pr_54b5f1e8c33a.xyz,344,True,extxyz_xtb_properties_present,True
57d63caa8449,59|CCCCCCC(CCCC)CCCN(C)C(=O)COCC(=O)N(C)CCCC(CCCC)CCCCCC|water,final_dataset_3d/accepted_geometries.csv,geometries/Pr_57d63caa8449.xyz,322,True,extxyz_xtb_properties_present,True
5ac5b6a65542,59|O=C(c1cc(Cl)c2ccc3c(Cl)cc(C(=O)N4CCCC4)nc3c2n1)N1CCCC1|nitrate,final_dataset_3d/accepted_geometries.csv,geometries/Pr_5ac5b6a65542.xyz,104,True,extxyz_xtb_properties_present,True
5e8a65472485,59|CCCCCCCCCCCCN(CCCC)C(=O)COCC(=O)N(CCCC)CCCCCCCCCCCC|water,final_dataset_3d/accepted_geometries.csv,geometries/Pr_5e8a65472485.xyz,340,True,extxyz_xtb_properties_present,True
60f03d2c67cc,59|CCCCCCN(CCC(C)CCCC(C)C)C(=O)COCC(=O)N(CCCCCC)CCC(C)CCCC(C)C|water,final_dataset_3d/accepted_geometries.csv,geometries/Pr_60f03d2c67cc.xyz,340,True,extxyz_xtb_properties_present,True
619f4e86023e,59|CCc1ccc(N(CC)C(=O)c2ccc3ccc4ccc(C(=O)N(CC)c5ccc(CC)cc5)nc4c3n2)cc1|nitrate,final_dataset_3d/accepted_geometries.csv,geometries/Pr_619f4e86023e.xyz,152,True,extxyz_xtb_properties_present,True
62889dab346c,59|CCCCCCCCN(CCCCCCCC)C(=O)[C@H](CCC)O[C@H](CCC)C(=O)N(CCCCCCCC)CCCCCCCC|nitrate,final_dataset_3d/accepted_geometries.csv,geometries/Pr_62889dab346c.xyz,394,True,extxyz_xtb_properties_present,True
67b06e1b77e3,59|CCCCCCCCN(CCCCCCCC)C(=O)[C@H](C)O[C@@H](CC)C(=O)N(CCCCCCCC)CCCCCCCC|nitrate,final_dataset_3d/accepted_geometries.csv,geometries/Pr_67b06e1b77e3.xyz,367,True,extxyz_xtb_properties_present,True
6b34bf7e6a1e,59|CCCCCCCCP(=O)(CCCCCCCC)Cc1cccc(CP(=O)(CCCCCCCC)CCCCCCCC)[n+]1[O-]|nitrate,final_dataset_3d/accepted_geometries.csv,geometries/Pr_6b34bf7e6a1e.xyz,361,True,extxyz_xtb_properties_present,True
72b20e30d213,59|CCCCCCCCN(C)C(=O)COCC(=O)N(C)CCCCCCCC|nitrate,final_dataset_3d/accepted_geometries.csv,geometries/Pr_72b20e30d213.xyz,214,True,extxyz_xtb_properties_present,True
7585da06f83d,59|COCCN(CCOC)C(=O)COCC(=O)N(CCOC)CCOC|water,final_dataset_3d/accepted_geometries.csv,geometries/Pr_7585da06f83d.xyz,64,True,extxyz_xtb_properties_present,True
7671ea468d74,59|CCCCCCCCCCN(CCCCCCCCCC)C(=O)[C@H](C)O[C@H](CC)C(=O)N(CCCCCCCCCC)CCCCCCCCCC|nitrate,final_dataset_3d/accepted_geometries.csv,geometries/Pr_7671ea468d74.xyz,439,True,extxyz_xtb_properties_present,True
78ee86481f9d,59|CCCCCCCCP(=O)(CCCCCCCC)Cc1cccc(CP(=O)(CCCCCCCC)CCCCCCCC)[n+]1[O-]|water,final_dataset_3d/accepted_geometries.csv,geometries/Pr_78ee86481f9d.xyz,361,True,extxyz_xtb_properties_present,True
5af30fa29da4,59|CCCCCCOP(=O)(O)OCCCCCC|nitrate,final_dataset_3d/accepted_geometries.csv,geometries/Pr_7c2f487582c7.xyz,89,False,unverified_missing_xtb_properties,False
7c92b54b6344,59|CCCCCCCCCCCCN(C)C(=O)COCC(=O)N(C)CCCCCCCCCCCC|water,final_dataset_3d/accepted_geometries.csv,geometries/Pr_7c92b54b6344.xyz,286,True,extxyz_xtb_properties_present,True
81535e73c150,59|CCCCCCN(CCC(C)CCC=C(C)C)C(=O)COCC(=O)N(CCCCCC)CCC(C)CCC=C(C)C|water,final_dataset_3d/accepted_geometries.csv,geometries/Pr_81535e73c150.xyz,328,True,extxyz_xtb_properties_present,True
854acace1b9b,59|CCCCCCCCCCCCN(CCCCCCCCCCCC)C(=O)COCCOCC(=O)N(CCCCCCCCCCCC)CCCCCCCCCCCC|water,final_dataset_3d/accepted_geometries.csv,geometries/Pr_854acace1b9b.xyz,340,True,extxyz_xtb_properties_present,True
8c73fec5405e,59|CCCCCCCCCCN(CCCCCCCCCC)C(=O)COCC(=O)N(CCCCCC)CCCCCC|nitrate,final_dataset_3d/accepted_geometries.csv,geometries/Pr_8c73fec5405e.xyz,340,True,extxyz_xtb_properties_present,True
8cca367a290e,59|CCCCCCCCN(CCC)C(=O)COCC(=O)N(CCC)CCCCCCCC|water,final_dataset_3d/accepted_geometries.csv,geometries/Pr_8cca367a290e.xyz,250,True,extxyz_xtb_properties_present,True
960096c39e15,59|CCCCN(CCCC)C(=O)c1ccc2ccc3ccc(C(=O)N(CCCC)CCCC)nc3c2n1|nitrate,final_dataset_3d/accepted_geometries.csv,geometries/Pr_960096c39e15.xyz,160,True,extxyz_xtb_properties_present,True
98efa26929c7,59|CCCCC(CC)CN(C)C(=O)COCC(=O)N(C)CC(CC)CCCC|water,final_dataset_3d/accepted_geometries.csv,geometries/Pr_98efa26929c7.xyz,214,True,extxyz_xtb_properties_present,True
98f74c951744,59|CN(C(=O)c1cccc(C(=O)N(C)c2ccccc2)n1)c1ccccc1|nitrate,final_dataset_3d/accepted_geometries.csv,geometries/Pr_98f74c951744.xyz,136,True,extxyz_xtb_properties_present,True
9aa39b04fcb1,59|CCCCCCCCCCCCN(CCC)C(=O)COCC(=O)N(CCC)CCCCCCCCCCCC|water,final_dataset_3d/accepted_geometries.csv,geometries/Pr_9aa39b04fcb1.xyz,322,True,extxyz_xtb_properties_present,True
8b4027156d43,59|CC12CCC(c3nnc(-c4cccc(-c5nnc6c(n5)C5(C)CCC6C5(C)C)n4)nc31)C2(C)C|nitrate,final_dataset_3d/accepted_geometries.csv,geometries/Pr_a000d0fe0bcb.xyz,196,True,extxyz_xtb_properties_present,True
4e8d617cd747,59|CCCCCCn1c(-c2ccccc2)c(-c2ccccc2)c2cc3ccc4cc5c(-c6ccccc6)c(-c6ccccc6)n(CCCCCC)c(=O)c5nc4c3nc2c1=O|nitrate,final_dataset_3d/accepted_geometries.csv,geometries/Pr_a0d3025a66af.xyz,119,True,extxyz_xtb_properties_present,True
a23ff5b4acd2,59|C1CCC2OCCOCCOC3CCCCC3OCCOCCOC2C1|nitrate,final_dataset_3d/accepted_geometries.csv,geometries/Pr_a23ff5b4acd2.xyz,70,True,extxyz_xtb_properties_present,True
e479404a080b,59|CCCCCCCCN(C)C(=O)C(CCOCCCCCC)C(=O)N(C)CCCCCCCC|nitrate,final_dataset_3d/accepted_geometries.csv,geometries/Pr_a9a7588bfc02.xyz,372,False,unverified_missing_xtb_properties,False
acbc460f3e74,59|CCCCN(CCCC)C(=O)CC(=O)N(CCCC)CCCC|nitrate,final_dataset_3d/accepted_geometries.csv,geometries/Pr_acbc460f3e74.xyz,248,True,extxyz_xtb_properties_present,True
aed05390eeae,59|CCCCCCCCN(CCCCC(C)CCCC(C)C)C(=O)COCC(=O)N(CCCCCCCC)CCCCC(C)CCCC(C)C|water,final_dataset_3d/accepted_geometries.csv,geometries/Pr_aed05390eeae.xyz,412,True,extxyz_xtb_properties_present,True
daa0bba817d6,59|CCCCCc1nnc(-c2cccc(-c3cccc(-c4nnc(CCCCC)c(CCCCC)n4)n3)n2)nc1CCCCC|nitrate,final_dataset_3d/accepted_geometries.csv,geometries/Pr_b23446691216.xyz,103,True,extxyz_xtb_properties_present,True
b280ab6a44f9,59|CCCCCCN(CCCCCC)C(=O)CC(=O)N(CCCCCC)CCCCCC|nitrate,final_dataset_3d/accepted_geometries.csv,geometries/Pr_b280ab6a44f9.xyz,344,True,extxyz_xtb_properties_present,True
b52aaefe9784,59|CCCCCCCCN(CCCC(CCCC)CCCCCC)C(=O)COCC(=O)N(CCCCCCCC)CCCC(CCCC)CCCCCC|water,final_dataset_3d/accepted_geometries.csv,geometries/Pr_b52aaefe9784.xyz,448,True,extxyz_xtb_properties_present,True
b63ff46d0633,59|CCCCCCCCCCCCN(CCCCCCCCCCCC)C(=O)COCC(=O)N(CCCCCCCCCCCC)CCCCCCCCCCCC|nitrate,final_dataset_3d/accepted_geometries.csv,geometries/Pr_b63ff46d0633.xyz,484,False,unverified_missing_xtb_properties,False
bfc694b020e5,59|CCCCCCCCN(CCCCCCCC)C(=O)COCC(=O)N(CCCCCCCC)CCCCCCCC|nitrate,final_dataset_3d/accepted_geometries.csv,geometries/Pr_bfc694b020e5.xyz,340,True,extxyz_xtb_properties_present,True
c055709f2b44,59|CCCCCCCCN(CC)C(=O)COCC(=O)N(CC)CCCCCCCC|water,final_dataset_3d/accepted_geometries.csv,geometries/Pr_c055709f2b44.xyz,232,True,extxyz_xtb_properties_present,True
c08891c4b9a5,59|CCCCCCCCCCCCN(CCCCCCCC)C(=O)COCC(=O)N(CCCCCCCC)CCCCCCCCCCCC|water,final_dataset_3d/accepted_geometries.csv,geometries/Pr_c08891c4b9a5.xyz,412,True,extxyz_xtb_properties_present,True
c301f84f5c52,59|c1ccc2c(c1)OCCOCCOc1ccccc1OCCOCCO2|nitrate,final_dataset_3d/accepted_geometries.csv,geometries/Pr_c301f84f5c52.xyz,58,True,extxyz_xtb_properties_present,True
824d835c63ca,59|CCCCCCCCN(CCCCCCCC)C(=O)c1ccc2ccc3ccc(C(=O)N(CCCCCCCC)CCCCCCCC)nc3c2n1|water,final_dataset_3d/accepted_geometries.csv,geometries/Pr_c30d549b27cf.xyz,142,True,extxyz_xtb_properties_present,True
ca3aae3d8c34,59|CCCCCCCCN(C(=O)c1ccc2ccc3cccnc3c2n1)c1ccc(C)cc1|nitrate,final_dataset_3d/accepted_geometries.csv,geometries/Pr_ca3aae3d8c34.xyz,190,True,extxyz_xtb_properties_present,True
ce16ce22e076,59|CCCCCCCCC(C)(C)SCC1CN(C(=O)COCC(=O)N2CC(C)C(CSC(C)(C)CCCCCCCC)C2)CC1C|water,final_dataset_3d/accepted_geometries.csv,geometries/Pr_ce16ce22e076.xyz,352,True,extxyz_xtb_properties_present,True
d7d9c9a71786,59|CCN(C(=O)c1cccc(-c2cccc(C(=O)N(CC)c3ccccc3)n2)n1)c1ccccc1|nitrate,final_dataset_3d/accepted_geometries.csv,geometries/Pr_d7d9c9a71786.xyz,124,True,extxyz_xtb_properties_present,True
dec418ee11a4,59|CCCCCCCCN(CCC(C)CC(C)(C)C)C(=O)COCC(=O)N(CCCCCCCC)CCC(C)CC(C)(C)C|water,final_dataset_3d/accepted_geometries.csv,geometries/Pr_dec418ee11a4.xyz,358,True,extxyz_xtb_properties_present,True
dffea6f8c61d,59|CCCCCCCCCCCCN(CCCCCCCCCCCC)C(=O)COC1CCCN(CCCCCC)C1=O|nitrate,final_dataset_3d/accepted_geometries.csv,geometries/Pr_dffea6f8c61d.xyz,343,True,extxyz_xtb_properties_present,True
e119696fa421,59|CCCCC(CC)CN(CC(CC)CCCC)C(=O)COCC(=O)N(CC(CC)CCCC)CC(CC)CCCC|water,final_dataset_3d/accepted_geometries.csv,geometries/Pr_e119696fa421.xyz,340,True,extxyz_xtb_properties_present,True
e4103e24a2d3,59|CCCCCCCCN(CCCCCCCC)C(=O)COCC(=O)N(CCCCCCCC)CCCCCCCC|water,final_dataset_3d/accepted_geometries.csv,geometries/Pr_e4103e24a2d3.xyz,340,True,extxyz_xtb_properties_present,True
e716ee59bc93,59|CCCCCCCCN(CCCCCCCC)C(=O)[C@H](C)O[C@H](C)C(=O)N(CCCCCCCC)CCCCCCCC|nitrate,final_dataset_3d/accepted_geometries.csv,geometries/Pr_e716ee59bc93.xyz,358,True,extxyz_xtb_properties_present,True
e8dfdac4fd04,59|CCN(C(=O)c1cccc(-c2cccc(C(=O)N(CC)c3cc(C)ccc3C)n2)n1)c1cc(C)ccc1C|nitrate,final_dataset_3d/accepted_geometries.csv,geometries/Pr_e8dfdac4fd04.xyz,148,True,extxyz_xtb_properties_present,True
ebc307a72df3,59|O=C(COCC(=O)N1CCCCC1)N1CCCCC1|water,final_dataset_3d/accepted_geometries.csv,geometries/Pr_ebc307a72df3.xyz,130,True,extxyz_xtb_properties_present,True
9edd30d43217,59|CCCCCCn1c(-c2ccccc2)c(-c2ccccc2)c2cc3ccc4cc5c(-c6ccccc6)c(-c6ccccc6)n(CCCCCC)c(=O)c5nc4c3nc2c1=O|water,final_dataset_3d/accepted_geometries.csv,geometries/Pr_ed83b77205f9.xyz,126,True,extxyz_xtb_properties_present,True
23f34b616899,59|O=C(O)CN(CCO)CCN(CC(=O)O)CC(=O)O|nitrate,final_dataset_3d/accepted_geometries.csv,geometries/Pr_ee16c94c1ba9.xyz,42,True,extxyz_xtb_properties_present,True
ee75af6cd41a,59|CCCCCCCCN(CCCCCCCC)C(=O)COCCOCC(=O)N(CCCCCCCC)CCCCCCCC|nitrate,final_dataset_3d/accepted_geometries.csv,geometries/Pr_ee75af6cd41a.xyz,244,True,extxyz_xtb_properties_present,True
eeaf9d72b5fd,59|CCCCCCCCN(CCCCCCCC)C(=O)C(C)OC(C)C(=O)N(CCCCCCCC)CCCCCCCC|nitrate,final_dataset_3d/accepted_geometries.csv,geometries/Pr_eeaf9d72b5fd.xyz,358,True,extxyz_xtb_properties_present,True
f3977c66f8e4,59|CCCCCCCCN(C)C(=O)CC(=O)N(C)CCCCCCCC|nitrate,final_dataset_3d/accepted_geometries.csv,geometries/Pr_f3977c66f8e4.xyz,272,True,extxyz_xtb_properties_present,True
f3def7cf2cd1,59|CCCCCCCCP(=O)(CC(=O)N(CC(C)C)CC(C)C)c1ccccc1|nitrate,final_dataset_3d/accepted_geometries.csv,geometries/Pr_f3def7cf2cd1.xyz,284,True,extxyz_xtb_properties_present,True
f9f384f89922,59|C1COCCOCCOCCOCCOCCO1|nitrate,final_dataset_3d/accepted_geometries.csv,geometries/Pr_f9f384f89922.xyz,50,True,extxyz_xtb_properties_present,True
ff03ca9ee573,59|CCN(C(=O)c1cccc(C(=O)N(CC)c2ccc(C)cc2)n1)c1ccc(C)cc1|nitrate,final_dataset_3d/accepted_geometries.csv,geometries/Pr_ff03ca9ee573.xyz,172,True,extxyz_xtb_properties_present,True
04213303955f,62|CCN(C(=O)c1cccc(-c2cccc(C(=O)N(CC)c3ccccc3)n2)n1)c1ccccc1|nitrate,final_dataset_3d/accepted_geometries.csv,geometries/Sm_04213303955f.xyz,124,True,extxyz_xtb_properties_present,True
06c592a86509,62|CCN(C(=O)c1cccc(C(=O)N(CC)c2ccccc2C)n1)c1ccccc1C|nitrate,final_dataset_3d/accepted_geometries.csv,geometries/Sm_06c592a86509.xyz,172,True,extxyz_xtb_properties_present,True
0b18d18633b1,62|CCCCCCCCN(C)C(=O)C(CCOCCCCCC)C(=O)N(C)CCCCCCCC|nitrate,final_dataset_3d/accepted_geometries.csv,geometries/Sm_0b18d18633b1.xyz,277,True,extxyz_xtb_properties_present,True
0eec28e02708,62|CCCCCCCCP(=O)(CCCCCCCC)Cc1cccc(CP(=O)(CCCCCCCC)CCCCCCCC)[n+]1[O-]|nitrate,final_dataset_3d/accepted_geometries.csv,geometries/Sm_0eec28e02708.xyz,361,True,extxyz_xtb_properties_present,True
0fa1f433e09b,62|CCCCN(CCCC)C(=O)COCC(=O)N(CCCC)CCCC|nitrate,final_dataset_3d/accepted_geometries.csv,geometries/Sm_0fa1f433e09b.xyz,196,True,extxyz_xtb_properties_present,True
10ce90d9d103,62|CCCCCCCCCCCCN(CCCCCCCCCCCC)C(=O)COC1CCCN(CCCCCC)C1=O|nitrate,final_dataset_3d/accepted_geometries.csv,geometries/Sm_10ce90d9d103.xyz,343,True,extxyz_xtb_properties_present,True
13d5fe5f17a4,62|CCCCCCCCCCN(CCCCCCCCCC)C(=O)COCC(=O)N(CCCCCC)CCCCCC|nitrate,final_dataset_3d/accepted_geometries.csv,geometries/Sm_13d5fe5f17a4.xyz,340,True,extxyz_xtb_properties_present,True
1a29423d80c9,62|CCCCCCN(CCC(C)CCC=C(C)C)C(=O)COCC(=O)N(CCCCCC)CCC(C)CCC=C(C)C|water,final_dataset_3d/accepted_geometries.csv,geometries/Sm_1a29423d80c9.xyz,328,True,extxyz_xtb_properties_present,True
21044fc0e869,62|CCCCCCCCN(CCCCCCCC)C(=O)COCCOCC(=O)N(CCCCCCCC)CCCCCCCC|nitrate,final_dataset_3d/accepted_geometries.csv,geometries/Sm_21044fc0e869.xyz,244,True,extxyz_xtb_properties_present,True
21b084407405,62|CN(C(=O)COCC(=O)N(C)c1ccccc1)c1ccccc1|nitrate,final_dataset_3d/accepted_geometries.csv,geometries/Sm_21b084407405.xyz,130,True,extxyz_xtb_properties_present,True
225f02af74b6,62|CCCCCCCCN(CC(CC)CCCC)C(=O)COCC(=O)N(CCCCCCCC)CC(CC)CCCC|nitrate,final_dataset_3d/accepted_geometries.csv,geometries/Sm_225f02af74b6.xyz,340,True,extxyz_xtb_properties_present,True
26d0742c0f67,62|CCCCCCC(C)N(CCCC)C(=O)COCC(=O)N(CCCC)C(C)CCCCCC|water,final_dataset_3d/accepted_geometries.csv,geometries/Sm_26d0742c0f67.xyz,268,True,extxyz_xtb_properties_present,True
2f499de791f5,62|CCCCCCCCN(CCCCCCCC)C(=O)[C@H](C)O[C@@H](C)C(=O)N(CCCCCCCC)CCCCCCCC|nitrate,final_dataset_3d/accepted_geometries.csv,geometries/Sm_2f499de791f5.xyz,358,True,extxyz_xtb_properties_present,True
3196db46a239,62|CN(C(=O)c1cccc(C(=O)N(C)c2ccccc2)n1)c1ccccc1|nitrate,final_dataset_3d/accepted_geometries.csv,geometries/Sm_3196db46a239.xyz,136,True,extxyz_xtb_properties_present,True
32566dc9a831,62|CCCCCCCCN(CCCCCCCC)C(=O)COCC(=O)N(CCCCCCCC)CCCCCCCC|water,final_dataset_3d/accepted_geometries.csv,geometries/Sm_32566dc9a831.xyz,340,True,extxyz_xtb_properties_present,True
33940a8ecd8f,62|CCCCCCCCN(CCCCCCCC)C(=O)CC(=O)N(CCCCCCCC)CCCCCCCC|nitrate,final_dataset_3d/accepted_geometries.csv,geometries/Sm_33940a8ecd8f.xyz,440,True,extxyz_xtb_properties_present,True
3993ab98c7c2,62|CCCN(CCC)C(=O)COCC(=O)N(CCC)CCC|nitrate,final_dataset_3d/accepted_geometries.csv,geometries/Sm_3993ab98c7c2.xyz,160,True,extxyz_xtb_properties_present,True
3dedc054e089,62|O=C(COCC(=O)N1CCCCC1)N1CCCCC1|water,final_dataset_3d/accepted_geometries.csv,geometries/Sm_3dedc054e089.xyz,130,True,extxyz_xtb_properties_present,True
41258ba72432,62|CCCCCCCCP(=O)(CC(=O)N(CC(C)C)CC(C)C)c1ccccc1|nitrate,final_dataset_3d/accepted_geometries.csv,geometries/Sm_41258ba72432.xyz,284,True,extxyz_xtb_properties_present,True
41449be55884,62|CCCCCCCCN(C(=O)c1ccc2ccc3cccnc3c2n1)c1ccc(C)cc1|nitrate,final_dataset_3d/accepted_geometries.csv,geometries/Sm_41449be55884.xyz,190,True,extxyz_xtb_properties_present,True
42a7261afaa8,62|CCCCN(CCCC)C(=O)c1ccc2ccc3ccc(C(=O)N(CCCC)CCCC)nc3c2n1|nitrate,final_dataset_3d/accepted_geometries.csv,geometries/Sm_42a7261afaa8.xyz,160,True,extxyz_xtb_properties_present,True
43a07be1eb37,62|CC(C)CCCC(C)CCCCN(C)C(=O)COCC(=O)N(C)CCCCC(C)CCCC(C)C|water,final_dataset_3d/accepted_geometries.csv,geometries/Sm_43a07be1eb37.xyz,286,True,extxyz_xtb_properties_present,True
46b6a5023c7f,62|CCCCCCN(C)C(=O)CC(=O)N(C)CCCCCC|nitrate,final_dataset_3d/accepted_geometries.csv,geometries/Sm_46b6a5023c7f.xyz,224,True,extxyz_xtb_properties_present,True
48dc87a4f65a,62|CCCCCCCCN(CCCCCCCC)C(=O)C(C)OC(C)C(=O)N(CCCCCCCC)CCCCCCCC|nitrate,final_dataset_3d/accepted_geometries.csv,geometries/Sm_48dc87a4f65a.xyz,358,True,extxyz_xtb_properties_present,True
490f1add9e55,62|CCCCCCCCN(CCCCCCCC)C(=O)c1ccc2ccc3ccc(C(=O)N(CCCCCCCC)CCCCCCCC)nc3c2n1|water,final_dataset_3d/accepted_geometries.csv,geometries/Sm_490f1add9e55.xyz,256,True,extxyz_xtb_properties_present,True
49ed05aae948,62|CCCCCCCCN(CCC(C)CC(C)(C)C)C(=O)COCC(=O)N(CCCCCCCC)CCC(C)CC(C)(C)C|water,final_dataset_3d/accepted_geometries.csv,geometries/Sm_49ed05aae948.xyz,358,True,extxyz_xtb_properties_present,True
4b9e6f47ed6d,62|CCCCCCCCCCN(CCCCCCCCCC)C(=O)[C@H](C)O[C@H](CC)C(=O)N(CCCCCCCCCC)CCCCCCCCCC|nitrate,final_dataset_3d/accepted_geometries.csv,geometries/Sm_4b9e6f47ed6d.xyz,439,True,extxyz_xtb_properties_present,True
4bed52a4e22b,62|CCCCCCN(CCC(C)CCCC(C)C)C(=O)COCC(=O)N(CCCCCC)CCC(C)CCCC(C)C|water,final_dataset_3d/accepted_geometries.csv,geometries/Sm_4bed52a4e22b.xyz,340,True,extxyz_xtb_properties_present,True
4c69294529b9,62|CCCCC(CC)CN(CC(CC)CCCC)C(=O)COCC(=O)N(CC(CC)CCCC)CC(CC)CCCC|water,final_dataset_3d/accepted_geometries.csv,geometries/Sm_4c69294529b9.xyz,340,True,extxyz_xtb_properties_present,True
4c7560f50545,62|CCCCC(CC)CP(=O)(CC(=O)N(CC(C)C)CC(C)C)c1ccccc1|nitrate,final_dataset_3d/accepted_geometries.csv,geometries/Sm_4c7560f50545.xyz,284,True,extxyz_xtb_properties_present,True
583ace8b123c,62|CCCCCCCCCCCCN(CCCCCCCCCCCC)C(=O)COCCOCC(=O)N(CCCCCCCCCCCC)CCCCCCCCCCCC|nitrate,final_dataset_3d/accepted_geometries.csv,geometries/Sm_583ace8b123c.xyz,340,True,extxyz_xtb_properties_present,True
61cc2c48be65,62|CCCCC(CC)CN(CC(CC)CCCC)C(=O)COCC(=O)N(CC(CC)CCCC)CC(CC)CCCC|nitrate,final_dataset_3d/accepted_geometries.csv,geometries/Sm_61cc2c48be65.xyz,340,True,extxyz_xtb_properties_present,True
63832a3a0ccc,62|CN(C(=O)CC(=O)N(C)c1ccccc1)c1ccccc1|nitrate,final_dataset_3d/accepted_geometries.csv,geometries/Sm_63832a3a0ccc.xyz,160,True,extxyz_xtb_properties_present,True
63f877d64bd9,62|CCCCCCCCCCN(CCCCCCCCCC)C(=O)C(C)OC(C)C(=O)N(CCCCCCCCCC)CCCCCCCCCC|nitrate,final_dataset_3d/accepted_geometries.csv,geometries/Sm_63f877d64bd9.xyz,430,True,extxyz_xtb_properties_present,True
67942a553292,62|CCCCCCCCN(C)C(=O)C(CCCCCC)C(=O)N(C)CCCCCCCC|nitrate,final_dataset_3d/accepted_geometries.csv,geometries/Sm_67942a553292.xyz,344,True,extxyz_xtb_properties_present,True
68ff2a8a7c68,62|CCCCCCCCCCCCN(CCCCCCCCCCCC)C(=O)COCC(=O)N(CCCCCCCCCCCC)CCCCCCCCCCCC|nitrate,final_dataset_3d/accepted_geometries.csv,geometries/Sm_68ff2a8a7c68.xyz,484,True,extxyz_xtb_properties_present,True
7cbb3cdacf2b,62|CCCCCCn1c(-c2ccccc2)c(-c2ccccc2)c2cc3ccc4cc5c(-c6ccccc6)c(-c6ccccc6)n(CCCCCC)c(=O)c5nc4c3nc2c1=O|nitrate,final_dataset_3d/accepted_geometries.csv,geometries/Sm_6ddb7853aa70.xyz,119,True,extxyz_xtb_properties_present,True
73947a2946b0,62|CCCCCCCCN(C)C(=O)CC(=O)N(C)CCCCCCCC|nitrate,final_dataset_3d/accepted_geometries.csv,geometries/Sm_73947a2946b0.xyz,272,True,extxyz_xtb_properties_present,True
73eeb14fc6d0,62|CCCCC(CC)CN(C)C(=O)COCC(=O)N(C)CC(CC)CCCC|water,final_dataset_3d/accepted_geometries.csv,geometries/Sm_73eeb14fc6d0.xyz,214,True,extxyz_xtb_properties_present,True
7fb42c46d354,62|CCCCCCCCN(CCCCCCCC)C(=O)[C@H](C)O[C@H](C)C(=O)N(CCCCCCCC)CCCCCCCC|nitrate,final_dataset_3d/accepted_geometries.csv,geometries/Sm_7fb42c46d354.xyz,358,True,extxyz_xtb_properties_present,True
849d9b5c14f1,62|CCCCCCCCCCCCN(CCCCCCCCCCCC)C(=O)COCCOCC(=O)N(CCCCCCCCCCCC)CCCCCCCCCCCC|water,final_dataset_3d/accepted_geometries.csv,geometries/Sm_849d9b5c14f1.xyz,340,True,extxyz_xtb_properties_present,True
885c79596cdc,62|CCCCCCCCN(CCCCCCCC)C(=O)COCC(=O)N(C)C|water,final_dataset_3d/accepted_geometries.csv,geometries/Sm_885c79596cdc.xyz,214,True,extxyz_xtb_properties_present,True
895df93270f5,62|CCCCCCCCN(CC(C)C)C(=O)COCC(=O)N(CCCCCCCC)CC(C)C|nitrate,final_dataset_3d/accepted_geometries.csv,geometries/Sm_895df93270f5.xyz,268,True,extxyz_xtb_properties_present,True
8a40905d102b,62|CCCCCCCCN(CCCCCCCC)C(=O)[C@H](CCC)O[C@H](CCC)C(=O)N(CCCCCCCC)CCCCCCCC|nitrate,final_dataset_3d/accepted_geometries.csv,geometries/Sm_8a40905d102b.xyz,394,True,extxyz_xtb_properties_present,True
8f13cdeb94ed,62|O=C(c1cc(Cl)c2ccc3c(Cl)cc(C(=O)N4CCCC4)nc3c2n1)N1CCCC1|nitrate,final_dataset_3d/accepted_geometries.csv,geometries/Sm_8f13cdeb94ed.xyz,104,True,extxyz_xtb_properties_present,True
9103a2256b97,62|CCCCCCCCN(C)C(=O)COCC(=O)N(C)CCCCCCCC|nitrate,final_dataset_3d/accepted_geometries.csv,geometries/Sm_9103a2256b97.xyz,214,True,extxyz_xtb_properties_present,True
932854907794,62|CCCCCCCCN(CCCCCCCC)C(=O)COCC(=O)N(CCCCCCCC)CCCCCCCC|nitrate,final_dataset_3d/accepted_geometries.csv,geometries/Sm_932854907794.xyz,340,True,extxyz_xtb_properties_present,True
957e1899e9b4,62|CCCCCCCCN(CCCC(CCCC)CCCCCC)C(=O)COCC(=O)N(CCCCCCCC)CCCC(CCCC)CCCCCC|water,final_dataset_3d/accepted_geometries.csv,geometries/Sm_957e1899e9b4.xyz,448,True,extxyz_xtb_properties_present,True
9727f98dd0ad,62|CCCCN(CCCC)C(=O)CC(=O)N(CCCC)CCCC|nitrate,final_dataset_3d/accepted_geometries.csv,geometries/Sm_9727f98dd0ad.xyz,248,True,extxyz_xtb_properties_present,True
4f6b97b03ea1,62|CC12CCC(c3nnc(-c4cccc(-c5nnc6c(n5)C5(C)CCC6C5(C)C)n4)nc31)C2(C)C|nitrate,final_dataset_3d/accepted_geometries.csv,geometries/Sm_a2a36cd7a4f4.xyz,196,True,extxyz_xtb_properties_present,True
a738655fc126,62|CCN(C(=O)c1cccc(C(=O)N(CC)c2ccc(C)cc2)n1)c1ccc(C)cc1|nitrate,final_dataset_3d/accepted_geometries.csv,geometries/Sm_a738655fc126.xyz,172,True,extxyz_xtb_properties_present,True
ac443d1a57b1,62|CCCCCCCCN(CCCCCCCC)C(=O)[C@H](C)O[C@@H](CC)C(=O)N(CCCCCCCC)CCCCCCCC|nitrate,final_dataset_3d/accepted_geometries.csv,geometries/Sm_ac443d1a57b1.xyz,367,True,extxyz_xtb_properties_present,True
b33c3ceeb432,62|CCCCCCC(CCCC)CCCN(C)C(=O)COCC(=O)N(C)CCCC(CCCC)CCCCCC|water,final_dataset_3d/accepted_geometries.csv,geometries/Sm_b33c3ceeb432.xyz,322,True,extxyz_xtb_properties_present,True
b3d7d325246c,62|CCCCCCN(CCCCCC)C(=O)COCC(=O)N(CCCCCC)CCCCCC|nitrate,final_dataset_3d/accepted_geometries.csv,geometries/Sm_b3d7d325246c.xyz,268,True,extxyz_xtb_properties_present,True
cd4e4f1ad90f,62|CCCCCCn1c(-c2ccccc2)c(-c2ccccc2)c2cc3ccc4cc5c(-c6ccccc6)c(-c6ccccc6)n(CCCCCC)c(=O)c5nc4c3nc2c1=O|water,final_dataset_3d/accepted_geometries.csv,geometries/Sm_b4c75f037006.xyz,126,True,extxyz_xtb_properties_present,True
b6b591990df4,62|CCCCCCCCN(C)C(=O)COCC(=O)N(C)CCCCCCCC|water,final_dataset_3d/accepted_geometries.csv,geometries/Sm_b6b591990df4.xyz,214,True,extxyz_xtb_properties_present,True
ab02e91222ef,62|CCCCCc1nnc(-c2cccc(-c3cccc(-c4nnc(CCCCC)c(CCCCC)n4)n3)n2)nc1CCCCC|nitrate,final_dataset_3d/accepted_geometries.csv,geometries/Sm_b9cb0fd3aa1f.xyz,103,True,extxyz_xtb_properties_present,True
bf70acef9bd9,62|CCN(C(=O)c1cccc(-c2cccc(C(=O)N(CC)c3cc(C)cc(C)c3)n2)n1)c1cc(C)cc(C)c1|nitrate,final_dataset_3d/accepted_geometries.csv,geometries/Sm_bf70acef9bd9.xyz,148,True,extxyz_xtb_properties_present,True
bf99bcffb62a,62|CCCCCCCCN(CC)C(=O)COCC(=O)N(CC)CCCCCCCC|water,final_dataset_3d/accepted_geometries.csv,geometries/Sm_bf99bcffb62a.xyz,232,True,extxyz_xtb_properties_present,True
c0cc4b663d20,62|CCCCCCc1ccc(N(CC)C(=O)c2cccc(-c3cccc(C(=O)N(CC)c4ccc(CCCCCC)cc4)n3)n2)cc1|nitrate,final_dataset_3d/accepted_geometries.csv,geometries/Sm_c0cc4b663d20.xyz,196,True,extxyz_xtb_properties_present,True
c34baebca319,62|CCCCCCN(CCCCCC)C(=O)CC(=O)N(CCCCCC)CCCCCC|nitrate,final_dataset_3d/accepted_geometries.csv,geometries/Sm_c34baebca319.xyz,344,True,extxyz_xtb_properties_present,True
c3c900cb0dfb,62|CCCCCCCCN(C)C(=O)COCC(=O)N(CCCCCCCC)CCCCCCCC|water,final_dataset_3d/accepted_geometries.csv,geometries/Sm_c3c900cb0dfb.xyz,277,True,extxyz_xtb_properties_present,True
c614ad7fb8d4,62|COCCN(CCOC)C(=O)COCC(=O)N(CCOC)CCOC|water,final_dataset_3d/accepted_geometries.csv,geometries/Sm_c614ad7fb8d4.xyz,64,True,extxyz_xtb_properties_present,True
7429951183bc,62|CCCc1nnc(-c2cccc(-c3nnc(CCC)c(CCC)n3)n2)nc1CCC|nitrate,final_dataset_3d/accepted_geometries.csv,geometries/Sm_ca5af664bc2a.xyz,184,True,extxyz_xtb_properties_present,True
fc63c5b6f4ea,62|CCCCCCOP(=O)(O)OCCCCCC|nitrate,final_dataset_3d/accepted_geometries.csv,geometries/Sm_cfff67068369.xyz,89,False,unverified_missing_xtb_properties,False
d01a3975411c,62|CCCCCCCCC(C)(C)SCC1CN(C(=O)COCC(=O)N2CC(C)C(CSC(C)(C)CCCCCCCC)C2)CC1C|water,final_dataset_3d/accepted_geometries.csv,geometries/Sm_d01a3975411c.xyz,352,True,extxyz_xtb_properties_present,True
d024676a0646,62|CCN(C(=O)c1cccc(C(=O)N(CC)c2cccc(C)c2)n1)c1cccc(C)c1|nitrate,final_dataset_3d/accepted_geometries.csv,geometries/Sm_d024676a0646.xyz,172,True,extxyz_xtb_properties_present,True
d28620aeb924,62|CCN(CC)C(=O)COCC(=O)N(CC)CC|nitrate,final_dataset_3d/accepted_geometries.csv,geometries/Sm_d28620aeb924.xyz,124,True,extxyz_xtb_properties_present,True
d48b4e430acd,62|CCCCCCCCCCN(CCCCCCCCCC)C(=O)COCC(=O)N(CCCCCC)CCCCCC|water,final_dataset_3d/accepted_geometries.csv,geometries/Sm_d48b4e430acd.xyz,340,True,extxyz_xtb_properties_present,True
df9be565e13b,62|CCCCCCCCN(CCCCC(C)CCCC(C)C)C(=O)COCC(=O)N(CCCCCCCC)CCCCC(C)CCCC(C)C|water,final_dataset_3d/accepted_geometries.csv,geometries/Sm_df9be565e13b.xyz,412,True,extxyz_xtb_properties_present,True
e0d716170554,62|CCc1ccc(N(CC)C(=O)c2ccc3ccc4ccc(C(=O)N(CC)c5ccc(CC)cc5)nc4c3n2)cc1|nitrate,final_dataset_3d/accepted_geometries.csv,geometries/Sm_e0d716170554.xyz,152,True,extxyz_xtb_properties_present,True
e1565f3e9c85,62|CCCCCCCCCCCCN(CCCCCCCC)C(=O)COCC(=O)N(CCCCCCCC)CCCCCCCCCCCC|water,final_dataset_3d/accepted_geometries.csv,geometries/Sm_e1565f3e9c85.xyz,412,True,extxyz_xtb_properties_present,True
e499ec14e778,62|CCCCCCCCCCCCN(C)C(=O)C1CC(OC)CC(C(=O)N(C)CCCCCCCCCCCC)O1|nitrate,final_dataset_3d/accepted_geometries.csv,geometries/Sm_e499ec14e778.xyz,216,True,extxyz_xtb_properties_present,True
e9ea13a0e508,62|CCCCCCCCN(CCC)C(=O)COCC(=O)N(CCC)CCCCCCCC|water,final_dataset_3d/accepted_geometries.csv,geometries/Sm_e9ea13a0e508.xyz,250,True,extxyz_xtb_properties_present,True
ee66a08ef9ec,62|CC(C)CN(CC(C)C)C(=O)COCC(=O)N(CC(C)C)CC(C)C|nitrate,final_dataset_3d/accepted_geometries.csv,geometries/Sm_ee66a08ef9ec.xyz,196,True,extxyz_xtb_properties_present,True
ef5a86eedea6,62|CC(C)CCCCCP(=O)(CC(=O)N(CC(C)C)CC(C)C)c1ccccc1|nitrate,final_dataset_3d/accepted_geometries.csv,geometries/Sm_ef5a86eedea6.xyz,284,True,extxyz_xtb_properties_present,True
f1e43bcd041d,62|CCN(C(=O)c1cccc(-c2cccc(C(=O)N(CC)c3cc(C)ccc3C)n2)n1)c1cc(C)ccc1C|nitrate,final_dataset_3d/accepted_geometries.csv,geometries/Sm_f1e43bcd041d.xyz,148,True,extxyz_xtb_properties_present,True
df7cd95d2334,62|CC1(C)CCC(C)(C)c2nc(-c3cccc(-c4cccc(-c5nnc6c(n5)C(C)(C)CCC6(C)C)n4)n3)nnc21|nitrate,final_dataset_3d/accepted_geometries.csv,geometries/Sm_f2ea53fb007e.xyz,87,True,extxyz_xtb_properties_present,True
832f76178078,62|O=C(O)CN(CC(=O)O)C1CCCCC1N(CC(=O)O)CC(=O)O|nitrate,final_dataset_3d/accepted_geometries.csv,geometries/Sm_f495ab846c8b.xyz,51,False,unverified_missing_xtb_properties,False
fbc8200af2c7,62|CCCCCCCCCCN(CCCCCCCCCC)C(=O)COCC(=O)N(CCCCCCCCCC)CCCCCCCCCC|nitrate,final_dataset_3d/accepted_geometries.csv,geometries/Sm_fbc8200af2c7.xyz,412,True,extxyz_xtb_properties_present,True
fe21b9f4cac0,62|CCN(C(=O)c1cccc(-c2cccc(C(=O)N(CC)c3ccc(C)cc3C)n2)n1)c1ccc(C)cc1C|nitrate,final_dataset_3d/accepted_geometries.csv,geometries/Sm_fe21b9f4cac0.xyz,148,True,extxyz_xtb_properties_present,True
05ba35f6ce18,65|O=C(c1cc(Cl)c2ccc3c(Cl)cc(C(=O)N4CCCC4)nc3c2n1)N1CCCC1|nitrate,final_dataset_3d/accepted_geometries.csv,geometries/Tb_05ba35f6ce18.xyz,101,True,extxyz_xtb_properties_present,True
07dc84629842,65|CCCCCCCCN(C)C(=O)COCC(=O)N(C)CCCCCCCC|water,final_dataset_3d/accepted_geometries.csv,geometries/Tb_07dc84629842.xyz,149,True,extxyz_xtb_properties_present,True
120b149e6b53,65|CCN(CC)C(=O)COCC(=O)N(CC)CC|nitrate,final_dataset_3d/accepted_geometries.csv,geometries/Tb_120b149e6b53.xyz,87,True,extxyz_xtb_properties_present,True
160137181465,65|CCCCCCCCC(C)(C)SCC1CN(C(=O)COCC(=O)N2CC(C)C(CSC(C)(C)CCCCCCCC)C2)CC1C|water,final_dataset_3d/accepted_geometries.csv,geometries/Tb_160137181465.xyz,241,True,extxyz_xtb_properties_present,True
16686414c510,65|CCCCCCCCN(CCCCCCCC)C(=O)COCC(=O)N(CCCCCCCC)CCCCCCCC|water,final_dataset_3d/accepted_geometries.csv,geometries/Tb_16686414c510.xyz,233,True,extxyz_xtb_properties_present,True
28d4b8569192,65|CCCCCCCCN(CCCCCCCC)C(=O)COCC(=O)N(CCCCCCCC)CCCCCCCC|nitrate,final_dataset_3d/accepted_geometries.csv,geometries/Tb_28d4b8569192.xyz,231,True,extxyz_xtb_properties_present,True
292c65941063,65|CN(C(=O)COCC(=O)N(C)c1ccccc1)c1ccccc1|nitrate,final_dataset_3d/accepted_geometries.csv,geometries/Tb_292c65941063.xyz,91,True,extxyz_xtb_properties_present,True
29d75ee7f8b2,65|CCCCCCN(CCC(C)CCCC(C)C)C(=O)COCC(=O)N(CCCCCC)CCC(C)CCCC(C)C|water,final_dataset_3d/accepted_geometries.csv,geometries/Tb_29d75ee7f8b2.xyz,233,True,extxyz_xtb_properties_present,True
2bc0b61a513a,65|CCCCCCN(CCC(C)CCC=C(C)C)C(=O)COCC(=O)N(CCCCCC)CCC(C)CCC=C(C)C|water,final_dataset_3d/accepted_geometries.csv,geometries/Tb_2bc0b61a513a.xyz,225,True,extxyz_xtb_properties_present,True
2cc775446b54,65|CCCCCCCCN(C)C(=O)C(CCOCCCCCC)C(=O)N(C)CCCCCCCC|nitrate,final_dataset_3d/accepted_geometries.csv,geometries/Tb_2cc775446b54.xyz,189,True,extxyz_xtb_properties_present,True
3ca0ac76038b,65|CCCCCCCCCCN(CCCCCCCCCC)C(=O)[C@H](CCC)O[C@H](CCC)C(=O)N(CCCCCCCCCC)CCCCCCCCCC|nitrate,final_dataset_3d/accepted_geometries.csv,geometries/Tb_3ca0ac76038b.xyz,315,True,extxyz_xtb_properties_present,True
3e99b612bb57,65|CCCCCCCCN(CCCCCCCC)C(=O)[C@H](C)O[C@@H](C)C(=O)N(CCCCCCCC)CCCCCCCC|nitrate,final_dataset_3d/accepted_geometries.csv,geometries/Tb_3e99b612bb57.xyz,243,True,extxyz_xtb_properties_present,True
4211f1780bf5,65|CCCCCCCCCCCCN(CCCCCCCCCCCC)C(=O)COCC(=O)N(CCCCCCCCCCCC)CCCCCCCCCCCC|nitrate,final_dataset_3d/accepted_geometries.csv,geometries/Tb_4211f1780bf5.xyz,327,True,extxyz_xtb_properties_present,True
43d4b72c1250,65|CCc1ccc(N(CC)C(=O)c2ccc3ccc4ccc(C(=O)N(CC)c5ccc(CC)cc5)nc4c3n2)cc1|nitrate,final_dataset_3d/accepted_geometries.csv,geometries/Tb_43d4b72c1250.xyz,149,True,extxyz_xtb_properties_present,True
440ee3e16f8f,65|CCCCCCCCN(CCCC(CCCC)CCCCCC)C(=O)COCC(=O)N(CCCCCCCC)CCCC(CCCC)CCCCCC|water,final_dataset_3d/accepted_geometries.csv,geometries/Tb_440ee3e16f8f.xyz,305,True,extxyz_xtb_properties_present,True
4841e34210ff,65|CCCCCCCCN(C)C(=O)COCC(=O)N(CCCCCCCC)CCCCCCCC|water,final_dataset_3d/accepted_geometries.csv,geometries/Tb_4841e34210ff.xyz,191,True,extxyz_xtb_properties_present,True
4ac97b18a381,65|CCCCCCN(C)C(=O)CC(=O)N(C)CCCCCC|nitrate,final_dataset_3d/accepted_geometries.csv,geometries/Tb_4ac97b18a381.xyz,221,True,extxyz_xtb_properties_present,True
9ac46db09c4b,65|CCCCCc1nnc(-c2cccc(-c3cccc(-c4nnc(CCCCC)c(CCCCC)n4)n3)n2)nc1CCCCC|nitrate,final_dataset_3d/accepted_geometries.csv,geometries/Tb_507be9f6716c.xyz,103,True,extxyz_xtb_properties_present,True
5370ca21e6d7,65|COCCN(CCOC)C(=O)COCC(=O)N(CCOC)CCOC|water,final_dataset_3d/accepted_geometries.csv,geometries/Tb_5370ca21e6d7.xyz,61,True,extxyz_xtb_properties_present,True
5902593ca024,65|CCCCCCCCN(C)C(=O)COCC(=O)N(C)CCCCCCCC|nitrate,final_dataset_3d/accepted_geometries.csv,geometries/Tb_5902593ca024.xyz,147,True,extxyz_xtb_properties_present,True
a477b66d3580,65|CCCCCCOP(=O)(O)OCCCCCC|nitrate,final_dataset_3d/accepted_geometries.csv,geometries/Tb_5cfc95c5b8bd.xyz,177,True,extxyz_xtb_properties_present,True
604be91b960b,65|CCN(C(=O)c1cccc(-c2cccc(C(=O)N(CC)c3ccc(C)cc3C)n2)n1)c1ccc(C)cc1C|nitrate,final_dataset_3d/accepted_geometries.csv,geometries/Tb_604be91b960b.xyz,145,True,extxyz_xtb_properties_present,True
637dd623b29a,65|CCCCCCCCCCCCN(CCCCCCCCCCCC)C(=O)COC1CCCN(CCCCCC)C1=O|nitrate,final_dataset_3d/accepted_geometries.csv,geometries/Tb_637dd623b29a.xyz,233,True,extxyz_xtb_properties_present,True
672f281b5671,65|CCCCCCCCP(=O)(CCCCCCCC)Cc1cccc(CP(=O)(CCCCCCCC)CCCCCCCC)[n+]1[O-]|nitrate,final_dataset_3d/accepted_geometries.csv,geometries/Tb_672f281b5671.xyz,245,True,extxyz_xtb_properties_present,True
67730a2cee7f,65|CCCCCCCCN(CCCCCCCC)C(=O)[C@H](CCC)O[C@H](CCC)C(=O)N(CCCCCCCC)CCCCCCCC|nitrate,final_dataset_3d/accepted_geometries.csv,geometries/Tb_67730a2cee7f.xyz,267,True,extxyz_xtb_properties_present,True
6ebdcf56451b,65|CCCCCCCCCCN(CCCCCCCCCC)C(=O)[C@H](C)O[C@H](CC)C(=O)N(CCCCCCCCCC)CCCCCCCCCC|nitrate,final_dataset_3d/accepted_geometries.csv,geometries/Tb_6ebdcf56451b.xyz,297,True,extxyz_xtb_properties_present,True
6f4e7788de0c,65|CCCCCCCCP(=O)(CC(=O)N(CC(C)C)CC(C)C)c1ccccc1|nitrate,final_dataset_3d/accepted_geometries.csv,geometries/Tb_6f4e7788de0c.xyz,281,True,extxyz_xtb_properties_present,True
6fcf4b2f3837,65|CCCCCCCCN(CCCCCCCC)C(=O)c1ccc2ccc3ccc(C(=O)N(CCCCCCCC)CCCCCCCC)nc3c2n1|nitrate,final_dataset_3d/accepted_geometries.csv,geometries/Tb_6fcf4b2f3837.xyz,253,True,extxyz_xtb_properties_present,True
71135eb07a7d,65|CCCCCCCCCCCCN(CCCCCCCCCCCC)C(=O)COCCOCC(=O)N(CCCCCCCCCCCC)CCCCCCCCCCCC|water,final_dataset_3d/accepted_geometries.csv,geometries/Tb_71135eb07a7d.xyz,337,True,extxyz_xtb_properties_present,True
76675dfa63d5,65|CCCCCCCCN(CCCCCCCC)C(=O)COCCOCC(=O)N(CCCCCCCC)CCCCCCCC|nitrate,final_dataset_3d/accepted_geometries.csv,geometries/Tb_76675dfa63d5.xyz,241,True,extxyz_xtb_properties_present,True
7a5e099e75cf,65|CCCCCCC(CCCC)CCCN(C)C(=O)COCC(=O)N(C)CCCC(CCCC)CCCCCC|water,final_dataset_3d/accepted_geometries.csv,geometries/Tb_7a5e099e75cf.xyz,221,True,extxyz_xtb_properties_present,True
7edd7c088658,65|CCCCCCCCN(CCCCCCCC)C(=O)[C@H](C)O[C@H](C)C(=O)N(CCCCCCCC)CCCCCCCC|nitrate,final_dataset_3d/accepted_geometries.csv,geometries/Tb_7edd7c088658.xyz,243,True,extxyz_xtb_properties_present,True
835eacd47610,65|CCCCCCCCN(CCCCC(C)CCCC(C)C)C(=O)COCC(=O)N(CCCCCCCC)CCCCC(C)CCCC(C)C|water,final_dataset_3d/accepted_geometries.csv,geometries/Tb_835eacd47610.xyz,281,True,extxyz_xtb_properties_present,True
88156a705de7,65|CCCCCCCCCCCCN(CCCCCCCCCCCC)C(=O)COCCOCC(=O)N(CCCCCCCCCCCC)CCCCCCCCCCCC|nitrate,final_dataset_3d/accepted_geometries.csv,geometries/Tb_88156a705de7.xyz,337,True,extxyz_xtb_properties_present,True
92e9b82aaf06,65|CCCCCCCCN(CCCCCCCC)C(=O)[C@H](C)O[C@@H](CC)C(=O)N(CCCCCCCC)CCCCCCCC|nitrate,final_dataset_3d/accepted_geometries.csv,geometries/Tb_92e9b82aaf06.xyz,249,True,extxyz_xtb_properties_present,True
9346b8592baf,65|CCN(C(=O)c1cccc(-c2cccc(C(=O)N(CC)c3cc(C)ccc3C)n2)n1)c1cc(C)ccc1C|nitrate,final_dataset_3d/accepted_geometries.csv,geometries/Tb_9346b8592baf.xyz,145,True,extxyz_xtb_properties_present,True
257529852176,65|CC12CCC(c3nnc(-c4cccc(-c5nnc6c(n5)C5(C)CCC6C5(C)C)n4)nc31)C2(C)C|nitrate,final_dataset_3d/accepted_geometries.csv,geometries/Tb_94022ba2aba3.xyz,196,True,extxyz_xtb_properties_present,True
9b8d81f13c2b,65|CCCCCCCCN(C)C(=O)CC(=O)N(C)CCCCCCCC|nitrate,final_dataset_3d/accepted_geometries.csv,geometries/Tb_9b8d81f13c2b.xyz,269,True,extxyz_xtb_properties_present,True
a2aa438d036b,65|CCCCN(CCCC)C(=O)CC(=O)N(CCCC)CCCC|nitrate,final_dataset_3d/accepted_geometries.csv,geometries/Tb_a2aa438d036b.xyz,245,True,extxyz_xtb_properties_present,True
5f2b8468aa9e,65|CCCCCCn1c(-c2ccccc2)c(-c2ccccc2)c2cc3ccc4cc5c(-c6ccccc6)c(-c6ccccc6)n(CCCCCC)c(=O)c5nc4c3nc2c1=O|water,final_dataset_3d/accepted_geometries.csv,geometries/Tb_a6e2f5bc31e8.xyz,123,True,extxyz_xtb_properties_present,True
b1148a7d8cb7,65|CCCCCCCCN(CCC(C)CC(C)(C)C)C(=O)COCC(=O)N(CCCCCCCC)CCC(C)CC(C)(C)C|water,final_dataset_3d/accepted_geometries.csv,geometries/Tb_b1148a7d8cb7.xyz,245,True,extxyz_xtb_properties_present,True
b3d93bfa9619,65|CCCCCCCCCCN(CCCCCCCCCC)C(=O)COCC(=O)N(CCCCCC)CCCCCC|nitrate,final_dataset_3d/accepted_geometries.csv,geometries/Tb_b3d93bfa9619.xyz,231,True,extxyz_xtb_properties_present,True
b4b96a003a01,65|CCCCCCCCN(C)C(=O)C(CCCCCC)C(=O)N(C)CCCCCCCC|nitrate,final_dataset_3d/accepted_geometries.csv,geometries/Tb_b4b96a003a01.xyz,341,True,extxyz_xtb_properties_present,True
b8ecbb913546,65|O=C(COCC(=O)N1CCCCC1)N1CCCCC1|water,final_dataset_3d/accepted_geometries.csv,geometries/Tb_b8ecbb913546.xyz,93,True,extxyz_xtb_properties_present,True
b937f642bd0f,65|CCCCCCCCN(CCCCCCCC)C(=O)C(C)OC(C)C(=O)N(CCCCCCCC)CCCCCCCC|nitrate,final_dataset_3d/accepted_geometries.csv,geometries/Tb_b937f642bd0f.xyz,243,True,extxyz_xtb_properties_present,True
b94a7729c663,65|CCCCCCCCCCCCN(CCCCCCCC)C(=O)COCC(=O)N(CCCCCCCC)CCCCCCCCCCCC|water,final_dataset_3d/accepted_geometries.csv,geometries/Tb_b94a7729c663.xyz,281,True,extxyz_xtb_properties_present,True
c5b62f89dd75,65|CC1(C)CCC(C)(C)c2nc(-c3cccc(-c4cccc(-c5nnc6c(n5)C(C)(C)CCC6(C)C)n4)n3)nnc21|nitrate,final_dataset_3d/accepted_geometries.csv,geometries/Tb_b9dbd9b023ab.xyz,87,True,extxyz_xtb_properties_present,True
bad92aaac89e,65|CCCCC(CC)CN(CC(CC)CCCC)C(=O)COCC(=O)N(CC(CC)CCCC)CC(CC)CCCC|water,final_dataset_3d/accepted_geometries.csv,geometries/Tb_bad92aaac89e.xyz,233,True,extxyz_xtb_properties_present,True
c8d46f63de3f,65|CCN(C(=O)c1cccc(-c2cccc(C(=O)N(CC)c3cc(C)cc(C)c3)n2)n1)c1cc(C)cc(C)c1|nitrate,final_dataset_3d/accepted_geometries.csv,geometries/Tb_c8d46f63de3f.xyz,145,True,extxyz_xtb_properties_present,True
ca392dc7b2d2,65|CCCCCCCCN(CC)C(=O)COCC(=O)N(CC)CCCCCCCC|water,final_dataset_3d/accepted_geometries.csv,geometries/Tb_ca392dc7b2d2.xyz,161,True,extxyz_xtb_properties_present,True
cc5ca9680814,65|CCCCN(CCCC)C(=O)c1ccc2ccc3ccc(C(=O)N(CCCC)CCCC)nc3c2n1|nitrate,final_dataset_3d/accepted_geometries.csv,geometries/Tb_cc5ca9680814.xyz,157,True,extxyz_xtb_properties_present,True
ce18f978f6a5,65|CC(C)CCCC(C)CCCCN(C)C(=O)COCC(=O)N(C)CCCCC(C)CCCC(C)C|water,final_dataset_3d/accepted_geometries.csv,geometries/Tb_ce18f978f6a5.xyz,197,True,extxyz_xtb_properties_present,True
d204b76094fd,65|CN(C(=O)CC(=O)N(C)c1ccccc1)c1ccccc1|nitrate,final_dataset_3d/accepted_geometries.csv,geometries/Tb_d204b76094fd.xyz,157,True,extxyz_xtb_properties_present,True
d5355fd47e33,65|CCCCCCN(CCCCCC)C(=O)CC(=O)N(CCCCCC)CCCCCC|nitrate,final_dataset_3d/accepted_geometries.csv,geometries/Tb_d5355fd47e33.xyz,341,True,extxyz_xtb_properties_present,True
d6289c678324,65|CCCCCCCCN(C(=O)c1ccc2ccc3cccnc3c2n1)c1ccc(C)cc1|nitrate,final_dataset_3d/accepted_geometries.csv,geometries/Tb_d6289c678324.xyz,131,True,extxyz_xtb_properties_present,True
d8f03e96fe54,65|CCCCCCCCN(CCCCCCCC)C(=O)c1ccc2ccc3ccc(C(=O)N(CCCCCCCC)CCCCCCCC)nc3c2n1|water,final_dataset_3d/accepted_geometries.csv,geometries/Tb_d8f03e96fe54.xyz,253,True,extxyz_xtb_properties_present,True
d911b763086a,65|CCCCCCCCN(CCCCCCCC)C(=O)CC(=O)N(CCCCCCCC)CCCCCCCC|nitrate,final_dataset_3d/accepted_geometries.csv,geometries/Tb_d911b763086a.xyz,437,True,extxyz_xtb_properties_present,True
de90cb6a80b3,65|CCCCCCc1ccc(N(CC)C(=O)c2cccc(-c3cccc(C(=O)N(CC)c4ccc(CCCCCC)cc4)n3)n2)cc1|nitrate,final_dataset_3d/accepted_geometries.csv,geometries/Tb_de90cb6a80b3.xyz,193,True,extxyz_xtb_properties_present,True
e1b913cafa5c,65|CCN(C(=O)c1cccc(-c2cccc(C(=O)N(CC)c3ccccc3)n2)n1)c1ccccc1|nitrate,final_dataset_3d/accepted_geometries.csv,geometries/Tb_e1b913cafa5c.xyz,121,True,extxyz_xtb_properties_present,True
e4d73cf0cbd7,65|CCN(C(=O)c1cccc(C(=O)N(CC)c2ccc(C)cc2)n1)c1ccc(C)cc1|nitrate,final_dataset_3d/accepted_geometries.csv,geometries/Tb_e4d73cf0cbd7.xyz,119,True,extxyz_xtb_properties_present,True
e6b34f7dfc54,65|CCCCCCCCP(=O)(CCCCCCCC)Cc1cccc(CP(=O)(CCCCCCCC)CCCCCCCC)[n+]1[O-]|water,final_dataset_3d/accepted_geometries.csv,geometries/Tb_e6b34f7dfc54.xyz,247,True,extxyz_xtb_properties_present,True
e96a56b518dc,65|CCCCN(CCCC)C(=O)COCC(=O)N(CCCC)CCCC|nitrate,final_dataset_3d/accepted_geometries.csv,geometries/Tb_e96a56b518dc.xyz,135,True,extxyz_xtb_properties_present,True
f9bcf88fa10e,65|CCCc1nnc(-c2cccc(-c3nnc(CCC)c(CCC)n3)n2)nc1CCC|nitrate,final_dataset_3d/accepted_geometries.csv,geometries/Tb_edd1c598b6f5.xyz,184,True,extxyz_xtb_properties_present,True
ee37a7deb674,65|CCCCCCCCN(CCC)C(=O)COCC(=O)N(CCC)CCCCCCCC|water,final_dataset_3d/accepted_geometries.csv,geometries/Tb_ee37a7deb674.xyz,173,True,extxyz_xtb_properties_present,True
f0d417e127de,65|CCCCC(CC)CN(C)C(=O)COCC(=O)N(C)CC(CC)CCCC|water,final_dataset_3d/accepted_geometries.csv,geometries/Tb_f0d417e127de.xyz,149,True,extxyz_xtb_properties_present,True
720248d0b7c3,65|CCCCCCn1c(-c2ccccc2)c(-c2ccccc2)c2cc3ccc4cc5c(-c6ccccc6)c(-c6ccccc6)n(CCCCCC)c(=O)c5nc4c3nc2c1=O|nitrate,final_dataset_3d/accepted_geometries.csv,geometries/Tb_f6e1351abbb0.xyz,119,True,extxyz_xtb_properties_present,True
fbc5bc0bae10,65|CCCCCCCCCCN(CCCCCCCCCC)C(=O)C(C)OC(C)C(=O)N(CCCCCCCCCC)CCCCCCCCCC|nitrate,final_dataset_3d/accepted_geometries.csv,geometries/Tb_fbc5bc0bae10.xyz,291,True,extxyz_xtb_properties_present,True
02c5eecbaeff,69|CCCCCCCCN(C)C(=O)COCC(=O)N(CCCCCCCC)CCCCCCCC|water,final_dataset_3d/accepted_geometries.csv,geometries/Tm_02c5eecbaeff.xyz,191,True,extxyz_xtb_properties_present,True
06ba812ae6ed,69|CCCCCCCCN(CCCCCCCC)C(=O)COCCOCC(=O)N(CCCCCCCC)CCCCCCCC|nitrate,final_dataset_3d/accepted_geometries.csv,geometries/Tm_06ba812ae6ed.xyz,241,True,extxyz_xtb_properties_present,True
07ab94fa20c7,69|CCN(CC)C(=O)COCC(=O)N(CC)CC|nitrate,final_dataset_3d/accepted_geometries.csv,geometries/Tm_07ab94fa20c7.xyz,87,True,extxyz_xtb_properties_present,True
07bca11114cd,69|CCCCCCCCN(C)C(=O)COCC(=O)N(C)CCCCCCCC|water,final_dataset_3d/accepted_geometries.csv,geometries/Tm_07bca11114cd.xyz,149,True,extxyz_xtb_properties_present,True
082fdc884936,69|CCCCCCc1ccc(N(CC)C(=O)c2cccc(-c3cccc(C(=O)N(CC)c4ccc(CCCCCC)cc4)n3)n2)cc1|nitrate,final_dataset_3d/accepted_geometries.csv,geometries/Tm_082fdc884936.xyz,193,True,extxyz_xtb_properties_present,True
0c9244186a0f,69|CCCN(CCC)C(=O)COCC(=O)N(CCC)CCC|nitrate,final_dataset_3d/accepted_geometries.csv,geometries/Tm_0c9244186a0f.xyz,111,True,extxyz_xtb_properties_present,True
0cdb83c602c5,69|CCN(C(=O)c1cccc(-c2cccc(C(=O)N(CC)c3ccccc3)n2)n1)c1ccccc1|nitrate,final_dataset_3d/accepted_geometries.csv,geometries/Tm_0cdb83c602c5.xyz,121,True,extxyz_xtb_properties_present,True
0d2f900796bc,69|CCCCCCCCN(C)C(=O)COCC(=O)N(C)CCCCCCCC|nitrate,final_dataset_3d/accepted_geometries.csv,geometries/Tm_0d2f900796bc.xyz,147,True,extxyz_xtb_properties_present,True
152d8aff1d8c,69|CCCCCCN(CCC(C)CCCC(C)C)C(=O)COCC(=O)N(CCCCCC)CCC(C)CCCC(C)C|water,final_dataset_3d/accepted_geometries.csv,geometries/Tm_152d8aff1d8c.xyz,233,True,extxyz_xtb_properties_present,True
1850c628e914,69|O=C(c1cc(Cl)c2ccc3c(Cl)cc(C(=O)N4CCCC4)nc3c2n1)N1CCCC1|nitrate,final_dataset_3d/accepted_geometries.csv,geometries/Tm_1850c628e914.xyz,101,True,extxyz_xtb_properties_present,True
1fa2d9a6f39b,69|CCCCCCCCN(C(=O)c1ccc2ccc3cccnc3c2n1)c1ccc(C)cc1|nitrate,final_dataset_3d/accepted_geometries.csv,geometries/Tm_1fa2d9a6f39b.xyz,131,True,extxyz_xtb_properties_present,True
22f43511ec77,69|CCCCCCCCN(CCC(C)CC(C)(C)C)C(=O)COCC(=O)N(CCCCCCCC)CCC(C)CC(C)(C)C|water,final_dataset_3d/accepted_geometries.csv,geometries/Tm_22f43511ec77.xyz,245,True,extxyz_xtb_properties_present,True
287e7462a808,69|CCCCCCCCCCN(CCCCCCCCCC)C(=O)[C@H](CCC)O[C@H](CCC)C(=O)N(CCCCCCCCCC)CCCCCCCCCC|nitrate,final_dataset_3d/accepted_geometries.csv,geometries/Tm_287e7462a808.xyz,315,True,extxyz_xtb_properties_present,True
288f94dc47a0,69|CCCCCCCCCCCCN(CCCCCCCCCCCC)C(=O)COCCOCC(=O)N(CCCCCCCCCCCC)CCCCCCCCCCCC|water,final_dataset_3d/accepted_geometries.csv,geometries/Tm_288f94dc47a0.xyz,337,True,extxyz_xtb_properties_present,True
2e9f73b8c9a6,69|CCN(C(=O)c1cccc(-c2cccc(C(=O)N(CC)c3cc(C)ccc3C)n2)n1)c1cc(C)ccc1C|nitrate,final_dataset_3d/accepted_geometries.csv,geometries/Tm_2e9f73b8c9a6.xyz,145,True,extxyz_xtb_properties_present,True
3cd5bc4527c0,69|CCCCCCCCN(CCCCCCCC)C(=O)c1ccc2ccc3ccc(C(=O)N(CCCCCCCC)CCCCCCCC)nc3c2n1|water,final_dataset_3d/accepted_geometries.csv,geometries/Tm_3cd5bc4527c0.xyz,253,True,extxyz_xtb_properties_present,True
4506e8fc1a6f,69|CCCCCCCCN(CCCCCCCC)C(=O)C(C)OC(C)C(=O)N(CCCCCCCC)CCCCCCCC|nitrate,final_dataset_3d/accepted_geometries.csv,geometries/Tm_4506e8fc1a6f.xyz,243,True,extxyz_xtb_properties_present,True
954cea314d96,69|CC1(C)CCC(C)(C)c2nc(-c3cccc(-c4cccc(-c5nnc6c(n5)C(C)(C)CCC6(C)C)n4)n3)nnc21|nitrate,final_dataset_3d/accepted_geometries.csv,geometries/Tm_47584ae7b3f1.xyz,87,True,extxyz_xtb_properties_present,True
482a321ba7fb,69|CCCCCCC(CCCC)CCCN(C)C(=O)COCC(=O)N(C)CCCC(CCCC)CCCCCC|water,final_dataset_3d/accepted_geometries.csv,geometries/Tm_482a321ba7fb.xyz,221,True,extxyz_xtb_properties_present,True
48ffc9681d72,69|CCCCCCCCCCN(CCCCCCCCCC)C(=O)[C@H](C)O[C@H](CC)C(=O)N(CCCCCCCCCC)CCCCCCCCCC|nitrate,final_dataset_3d/accepted_geometries.csv,geometries/Tm_48ffc9681d72.xyz,297,True,extxyz_xtb_properties_present,True
4b32aee3750c,69|CCCCCCCCCCCCN(CCCCCCCCCCCC)C(=O)COCCOCC(=O)N(CCCCCCCCCCCC)CCCCCCCCCCCC|nitrate,final_dataset_3d/accepted_geometries.csv,geometries/Tm_4b32aee3750c.xyz,337,True,extxyz_xtb_properties_present,True
537758e4db4c,69|CCCCCCCCN(CC)C(=O)COCC(=O)N(CC)CCCCCCCC|water,final_dataset_3d/accepted_geometries.csv,geometries/Tm_537758e4db4c.xyz,161,True,extxyz_xtb_properties_present,True
5bb30e928269,69|CCCCCCCCCCCCN(CCCCCCCCCCCC)C(=O)COC1CCCN(CCCCCC)C1=O|nitrate,final_dataset_3d/accepted_geometries.csv,geometries/Tm_5bb30e928269.xyz,233,True,extxyz_xtb_properties_present,True
5fbd1c742eef,69|CCCCCCN(CCC(C)CCC=C(C)C)C(=O)COCC(=O)N(CCCCCC)CCC(C)CCC=C(C)C|water,final_dataset_3d/accepted_geometries.csv,geometries/Tm_5fbd1c742eef.xyz,225,True,extxyz_xtb_properties_present,True
61e5ab619c27,69|CCCCCCCCN(CCC)C(=O)COCC(=O)N(CCC)CCCCCCCC|water,final_dataset_3d/accepted_geometries.csv,geometries/Tm_61e5ab619c27.xyz,173,True,extxyz_xtb_properties_present,True
62d86ee18db9,69|CCc1ccc(N(CC)C(=O)c2ccc3ccc4ccc(C(=O)N(CC)c5ccc(CC)cc5)nc4c3n2)cc1|nitrate,final_dataset_3d/accepted_geometries.csv,geometries/Tm_62d86ee18db9.xyz,149,True,extxyz_xtb_properties_present,True
6f2b8ea84d8f,69|CCCCCCCCN(CCCCCCCC)C(=O)COCC(=O)N(CCCCCCCC)CCCCCCCC|water,final_dataset_3d/accepted_geometries.csv,geometries/Tm_6f2b8ea84d8f.xyz,233,True,extxyz_xtb_properties_present,True
77a31bcc4546,69|CCCCCCCCN(CCCC(CCCC)CCCCCC)C(=O)COCC(=O)N(CCCCCCCC)CCCC(CCCC)CCCCCC|water,final_dataset_3d/accepted_geometries.csv,geometries/Tm_77a31bcc4546.xyz,305,True,extxyz_xtb_properties_present,True
78c4dd080e4c,69|CCCCCCCCN(CCCCCCCC)C(=O)COCC(=O)N(CCCCCCCC)CCCCCCCC|nitrate,final_dataset_3d/accepted_geometries.csv,geometries/Tm_78c4dd080e4c.xyz,231,True,extxyz_xtb_properties_present,True
88b2fe6d4513,69|CC12CCC(c3nnc(-c4cccc(-c5nnc6c(n5)C5(C)CCC6C5(C)C)n4)nc31)C2(C)C|nitrate,final_dataset_3d/accepted_geometries.csv,geometries/Tm_7b3aca9f455b.xyz,196,True,extxyz_xtb_properties_present,True
7dc84a0bd047,69|CCCCCCCCN(CCCCCCCC)C(=O)CN(CC(=O)N(CCCCCCCC)CCCCCCCC)CC(=O)N(CCCCCCCC)CCCCCCCC|nitrate,final_dataset_3d/accepted_geometries.csv,geometries/Tm_7dc84a0bd047.xyz,339,True,extxyz_xtb_properties_present,True
81621c5616ef,69|CCCCCCCCN(CCCCC(C)CCCC(C)C)C(=O)COCC(=O)N(CCCCCCCC)CCCCC(C)CCCC(C)C|water,final_dataset_3d/accepted_geometries.csv,geometries/Tm_81621c5616ef.xyz,281,True,extxyz_xtb_properties_present,True
83b8adbff60c,69|CCCCCCCCCCN(CCCCCCCCCC)C(=O)COCC(=O)N(CCCCCC)CCCCCC|nitrate,final_dataset_3d/accepted_geometries.csv,geometries/Tm_83b8adbff60c.xyz,231,True,extxyz_xtb_properties_present,True
86fbc882ab62,69|CCCCCCCCP(=O)(CC(=O)N(CC(C)C)CC(C)C)c1ccccc1|nitrate,final_dataset_3d/accepted_geometries.csv,geometries/Tm_86fbc882ab62.xyz,281,True,extxyz_xtb_properties_present,True
8e56bca9caad,69|CN(C(=O)COCC(=O)N(C)c1ccccc1)c1ccccc1|nitrate,final_dataset_3d/accepted_geometries.csv,geometries/Tm_8e56bca9caad.xyz,91,True,extxyz_xtb_properties_present,True
489589433060,69|CCCCCCn1c(-c2ccccc2)c(-c2ccccc2)c2cc3ccc4cc5c(-c6ccccc6)c(-c6ccccc6)n(CCCCCC)c(=O)c5nc4c3nc2c1=O|nitrate,final_dataset_3d/accepted_geometries.csv,geometries/Tm_9fc207440e89.xyz,119,True,extxyz_xtb_properties_present,True
a235e8694a87,69|CCCCCCCCN(CCCCCCCC)C(=O)[C@H](CCC)O[C@H](CCC)C(=O)N(CCCCCCCC)CCCCCCCC|nitrate,final_dataset_3d/accepted_geometries.csv,geometries/Tm_a235e8694a87.xyz,267,True,extxyz_xtb_properties_present,True
ab5942bd2a10,69|CCCCCCCCN(CCCCCCCC)C(=O)[C@H](C)O[C@@H](CC)C(=O)N(CCCCCCCC)CCCCCCCC|nitrate,final_dataset_3d/accepted_geometries.csv,geometries/Tm_ab5942bd2a10.xyz,249,True,extxyz_xtb_properties_present,True
b41c48dbd129,69|CCCCCCCCN(C)C(=O)C(CCOCCCCCC)C(=O)N(C)CCCCCCCC|nitrate,final_dataset_3d/accepted_geometries.csv,geometries/Tm_b41c48dbd129.xyz,189,True,extxyz_xtb_properties_present,True
b3aab25af2f6,69|CCCCCCn1c(-c2ccccc2)c(-c2ccccc2)c2cc3ccc4cc5c(-c6ccccc6)c(-c6ccccc6)n(CCCCCC)c(=O)c5nc4c3nc2c1=O|water,final_dataset_3d/accepted_geometries.csv,geometries/Tm_b6783a4dd86e.xyz,123,True,extxyz_xtb_properties_present,True
bb6dc9c949d5,69|CCCCCCCCN(CCCCCCCC)C(=O)[C@H](C)O[C@H](C)C(=O)N(CCCCCCCC)CCCCCCCC|nitrate,final_dataset_3d/accepted_geometries.csv,geometries/Tm_bb6dc9c949d5.xyz,243,True,extxyz_xtb_properties_present,True
ce70558c9c09,69|CCCCN(CCCC)C(=O)c1ccc2ccc3ccc(C(=O)N(CCCC)CCCC)nc3c2n1|nitrate,final_dataset_3d/accepted_geometries.csv,geometries/Tm_ce70558c9c09.xyz,157,True,extxyz_xtb_properties_present,True
0aecd3489a9f,69|CCCc1nnc(-c2cccc(-c3nnc(CCC)c(CCC)n3)n2)nc1CCC|nitrate,final_dataset_3d/accepted_geometries.csv,geometries/Tm_d686408b6267.xyz,184,True,extxyz_xtb_properties_present,True
da839f1b8723,69|CCCCCCCCN(CCCCCCCC)C(=O)[C@H](C)O[C@@H](C)C(=O)N(CCCCCCCC)CCCCCCCC|nitrate,final_dataset_3d/accepted_geometries.csv,geometries/Tm_da839f1b8723.xyz,243,True,extxyz_xtb_properties_present,True
dbd33e562021,69|CCCCCCCCC(C)(C)SCC1CN(C(=O)COCC(=O)N2CC(C)C(CSC(C)(C)CCCCCCCC)C2)CC1C|water,final_dataset_3d/accepted_geometries.csv,geometries/Tm_dbd33e562021.xyz,241,True,extxyz_xtb_properties_present,True
de74e96ab1ac,69|O=C(COCC(=O)N1CCCCC1)N1CCCCC1|water,final_dataset_3d/accepted_geometries.csv,geometries/Tm_de74e96ab1ac.xyz,93,True,extxyz_xtb_properties_present,True
e063c6236fdd,69|CC(C)CCCC(C)CCCCN(C)C(=O)COCC(=O)N(C)CCCCC(C)CCCC(C)C|water,final_dataset_3d/accepted_geometries.csv,geometries/Tm_e063c6236fdd.xyz,197,True,extxyz_xtb_properties_present,True
e4306ad84f62,69|CCCCC(CC)CN(C)C(=O)COCC(=O)N(C)CC(CC)CCCC|water,final_dataset_3d/accepted_geometries.csv,geometries/Tm_e4306ad84f62.xyz,149,True,extxyz_xtb_properties_present,True
e5410665bf3b,69|CCN(C(=O)c1cccc(-c2cccc(C(=O)N(CC)c3ccc(C)cc3C)n2)n1)c1ccc(C)cc1C|nitrate,final_dataset_3d/accepted_geometries.csv,geometries/Tm_e5410665bf3b.xyz,145,True,extxyz_xtb_properties_present,True
e8416a774195,69|CN(C(=O)CC(=O)N(C)c1ccccc1)c1ccccc1|nitrate,final_dataset_3d/accepted_geometries.csv,geometries/Tm_e8416a774195.xyz,157,True,extxyz_xtb_properties_present,True
e89f796158d3,69|CCN(C(=O)c1cccc(-c2cccc(C(=O)N(CC)c3cc(C)cc(C)c3)n2)n1)c1cc(C)cc(C)c1|nitrate,final_dataset_3d/accepted_geometries.csv,geometries/Tm_e89f796158d3.xyz,145,True,extxyz_xtb_properties_present,True
e95ac61548eb,69|CCCCCCCCP(=O)(CCCCCCCC)Cc1cccc(CP(=O)(CCCCCCCC)CCCCCCCC)[n+]1[O-]|nitrate,final_dataset_3d/accepted_geometries.csv,geometries/Tm_e95ac61548eb.xyz,245,True,extxyz_xtb_properties_present,True
f728fe13d29b,69|CCCCCCCCP(=O)(CCCCCCCC)Cc1cccc(CP(=O)(CCCCCCCC)CCCCCCCC)[n+]1[O-]|water,final_dataset_3d/accepted_geometries.csv,geometries/Tm_f728fe13d29b.xyz,247,True,extxyz_xtb_properties_present,True
fc17b4020e9e,69|CCCCC(CC)CN(CC(CC)CCCC)C(=O)COCC(=O)N(CC(CC)CCCC)CC(CC)CCCC|water,final_dataset_3d/accepted_geometries.csv,geometries/Tm_fc17b4020e9e.xyz,233,True,extxyz_xtb_properties_present,True
fd3fe197d04d,69|COCCN(CCOC)C(=O)COCC(=O)N(CCOC)CCOC|water,final_dataset_3d/accepted_geometries.csv,geometries/Tm_fd3fe197d04d.xyz,61,True,extxyz_xtb_properties_present,True
00b72194210d,70|CCCCCCCCN(C)C(=O)COCC(=O)N(C)CCCCCCCC|nitrate,final_dataset_3d/accepted_geometries.csv,geometries/Yb_00b72194210d.xyz,147,True,extxyz_xtb_properties_present,True
6d3e44b6c9fb,70|CC1(C)CCC(C)(C)c2nc(-c3cccc(-c4cccc(-c5nnc6c(n5)C(C)(C)CCC6(C)C)n4)n3)nnc21|nitrate,final_dataset_3d/accepted_geometries.csv,geometries/Yb_06eed66cb810.xyz,87,True,extxyz_xtb_properties_present,True
099e39a31842,70|CCN(C(=O)c1cccc(C(=O)N(CC)c2ccc(C)cc2)n1)c1ccc(C)cc1|nitrate,final_dataset_3d/accepted_geometries.csv,geometries/Yb_099e39a31842.xyz,119,True,extxyz_xtb_properties_present,True
0d4aaa41f2b0,70|CCCCCCCCCCN(CCCCCCCCCC)C(=O)[C@H](CCC)O[C@H](CCC)C(=O)N(CCCCCCCCCC)CCCCCCCCCC|nitrate,final_dataset_3d/accepted_geometries.csv,geometries/Yb_0d4aaa41f2b0.xyz,315,True,extxyz_xtb_properties_present,True
104d765a0717,70|CN(C(=O)COCC(=O)N(C)c1ccccc1)c1ccccc1|nitrate,final_dataset_3d/accepted_geometries.csv,geometries/Yb_104d765a0717.xyz,91,True,extxyz_xtb_properties_present,True
10b161466831,70|CCCCCCCCN(CCCCCCCC)C(=O)c1ccc2ccc3ccc(C(=O)N(CCCCCCCC)CCCCCCCC)nc3c2n1|water,final_dataset_3d/accepted_geometries.csv,geometries/Yb_10b161466831.xyz,253,True,extxyz_xtb_properties_present,True
152a7e128511,70|CCCCCCCCP(=O)(CC(=O)N(CC(C)C)CC(C)C)c1ccccc1|nitrate,final_dataset_3d/accepted_geometries.csv,geometries/Yb_152a7e128511.xyz,281,True,extxyz_xtb_properties_present,True
159a1c7de3e7,70|CCCCCCCCP(=O)(CCCCCCCC)Cc1cccc(CP(=O)(CCCCCCCC)CCCCCCCC)[n+]1[O-]|water,final_dataset_3d/accepted_geometries.csv,geometries/Yb_159a1c7de3e7.xyz,247,True,extxyz_xtb_properties_present,True
189fe1ed8c01,70|CCCCCCCCN(C)C(=O)COCC(=O)N(C)CCCCCCCC|water,final_dataset_3d/accepted_geometries.csv,geometries/Yb_189fe1ed8c01.xyz,149,True,extxyz_xtb_properties_present,True
1d85f3ac9e11,70|CCCCCCCCCCN(CCCCCCCCCC)C(=O)[C@H](C)O[C@H](CC)C(=O)N(CCCCCCCCCC)CCCCCCCCCC|nitrate,final_dataset_3d/accepted_geometries.csv,geometries/Yb_1d85f3ac9e11.xyz,297,True,extxyz_xtb_properties_present,True
1e21959a3fd8,70|CCCCCCCCCCCCN(CCCCCCCCCCCC)C(=O)COC1CCCN(CCCCCC)C1=O|nitrate,final_dataset_3d/accepted_geometries.csv,geometries/Yb_1e21959a3fd8.xyz,233,True,extxyz_xtb_properties_present,True
9319b3f823f9,70|O=c1c(O)c(-c2ccc(O)c(O)c2)oc2cc(O)cc(O)c12|nitrate,final_dataset_3d/accepted_geometries.csv,geometries/Yb_2008860df8de.xyz,37,False,unverified_missing_xtb_properties,False
214faaf3ceec,70|CCCCCCCCCCN(CCCCCCCCCC)C(=O)COCC(=O)N(CCCCCC)CCCCCC|nitrate,final_dataset_3d/accepted_geometries.csv,geometries/Yb_214faaf3ceec.xyz,231,True,extxyz_xtb_properties_present,True
264ee7c974f3,70|CCCCCCc1ccc(N(CC)C(=O)c2cccc(-c3cccc(C(=O)N(CC)c4ccc(CCCCCC)cc4)n3)n2)cc1|nitrate,final_dataset_3d/accepted_geometries.csv,geometries/Yb_264ee7c974f3.xyz,193,True,extxyz_xtb_properties_present,True
274a07367e74,70|CCCCCCCCCCCCN(CCCCCCCCCCCC)C(=O)COCCOCC(=O)N(CCCCCCCCCCCC)CCCCCCCCCCCC|nitrate,final_dataset_3d/accepted_geometries.csv,geometries/Yb_274a07367e74.xyz,337,True,extxyz_xtb_properties_present,True
2a33354a817f,70|CCCCCCCCN(CCCC(CCCC)CCCCCC)C(=O)COCC(=O)N(CCCCCCCC)CCCC(CCCC)CCCCCC|water,final_dataset_3d/accepted_geometries.csv,geometries/Yb_2a33354a817f.xyz,305,True,extxyz_xtb_properties_present,True
132184907ac8,70|CCCCCc1nnc(-c2cccc(-c3cccc(-c4nnc(CCCCC)c(CCCCC)n4)n3)n2)nc1CCCCC|nitrate,final_dataset_3d/accepted_geometries.csv,geometries/Yb_2bda29f72b55.xyz,103,True,extxyz_xtb_properties_present,True
2db135aa133a,70|CCCCN(CCCC)C(=O)COCC(=O)N(CCCC)CCCC|water,final_dataset_3d/accepted_geometries.csv,geometries/Yb_2db135aa133a.xyz,137,True,extxyz_xtb_properties_present,True
360ac5f4ff3e,70|CCCCCCCCN(CCCCCCCC)C(=O)COCCOCC(=O)N(CCCCCCCC)CCCCCCCC|nitrate,final_dataset_3d/accepted_geometries.csv,geometries/Yb_360ac5f4ff3e.xyz,241,True,extxyz_xtb_properties_present,True
fab4dd563558,70|CCCc1nnc(-c2cccc(-c3nnc(CCC)c(CCC)n3)n2)nc1CCC|nitrate,final_dataset_3d/accepted_geometries.csv,geometries/Yb_3721b0fce820.xyz,184,True,extxyz_xtb_properties_present,True
491f48c27404,70|CCCCCCCCN(CCCCCCCC)C(=O)CN(CC(=O)N(CCCCCCCC)CCCCCCCC)CC(=O)N(CCCCCCCC)CCCCCCCC|nitrate,final_dataset_3d/accepted_geometries.csv,geometries/Yb_3927fc1f583b.xyz,178,False,unverified_missing_xtb_properties,False
3ef926d9b89b,70|CCCCC(CC)CN(CC(CC)CCCC)C(=O)COCC(=O)N(CC(CC)CCCC)CC(CC)CCCC|water,final_dataset_3d/accepted_geometries.csv,geometries/Yb_3ef926d9b89b.xyz,233,True,extxyz_xtb_properties_present,True
406ee69b3ee1,70|CCCCCCCCCCCCN(CCCCCCCCCCCC)C(=O)COCC(=O)N(CCCCCCCCCCCC)CCCCCCCCCCCC|nitrate,final_dataset_3d/accepted_geometries.csv,geometries/Yb_406ee69b3ee1.xyz,327,True,extxyz_xtb_properties_present,True
42c5015cc7f3,70|CCCCC(CC)CN(C)C(=O)COCC(=O)N(C)CC(CC)CCCC|water,final_dataset_3d/accepted_geometries.csv,geometries/Yb_42c5015cc7f3.xyz,149,True,extxyz_xtb_properties_present,True
57cabc7c3566,70|CCN(C(=O)c1cccc(-c2cccc(C(=O)N(CC)c3cc(C)ccc3C)n2)n1)c1cc(C)ccc1C|nitrate,final_dataset_3d/accepted_geometries.csv,geometries/Yb_57cabc7c3566.xyz,145,True,extxyz_xtb_properties_present,True
5ab0d6f82e9f,70|CN(C(=O)CC(=O)N(C)c1ccccc1)c1ccccc1|nitrate,final_dataset_3d/accepted_geometries.csv,geometries/Yb_5ab0d6f82e9f.xyz,157,True,extxyz_xtb_properties_present,True
63e8132ef0eb,70|CC(C)CCCC(C)CCCCN(C)C(=O)COCC(=O)N(C)CCCCC(C)CCCC(C)C|water,final_dataset_3d/accepted_geometries.csv,geometries/Yb_63e8132ef0eb.xyz,197,True,extxyz_xtb_properties_present,True
64d6f07f057c,70|CCCCCCCCN(CCCCCCCC)C(=O)COCC(=O)N(CCCCCCCC)CCCCCCCC|water,final_dataset_3d/accepted_geometries.csv,geometries/Yb_64d6f07f057c.xyz,233,True,extxyz_xtb_properties_present,True
692a566c8add,70|CCCCCCN(CCC(C)CCCC(C)C)C(=O)COCC(=O)N(CCCCCC)CCC(C)CCCC(C)C|water,final_dataset_3d/accepted_geometries.csv,geometries/Yb_692a566c8add.xyz,233,True,extxyz_xtb_properties_present,True
7599752bb1b0,70|CCCCCCCCN(CCC)C(=O)COCC(=O)N(CCC)CCCCCCCC|water,final_dataset_3d/accepted_geometries.csv,geometries/Yb_7599752bb1b0.xyz,173,True,extxyz_xtb_properties_present,True
7cdf4cfae70c,70|CCCCCCCCN(CCCCC(C)CCCC(C)C)C(=O)COCC(=O)N(CCCCCCCC)CCCCC(C)CCCC(C)C|water,final_dataset_3d/accepted_geometries.csv,geometries/Yb_7cdf4cfae70c.xyz,281,True,extxyz_xtb_properties_present,True
7e009e5eb031,70|CCN(C(=O)c1cccc(-c2cccc(C(=O)N(CC)c3ccc(C)cc3C)n2)n1)c1ccc(C)cc1C|nitrate,final_dataset_3d/accepted_geometries.csv,geometries/Yb_7e009e5eb031.xyz,145,True,extxyz_xtb_properties_present,True
801645556b15,70|CCCCCCC(CCCC)CCCN(C)C(=O)COCC(=O)N(C)CCCC(CCCC)CCCCCC|water,final_dataset_3d/accepted_geometries.csv,geometries/Yb_801645556b15.xyz,221,True,extxyz_xtb_properties_present,True
9279ad596860,70|CCN(C(=O)c1ccc2ccc3ccc(C(=O)N(CC)c4ccc(C)cc4)nc3c2n1)c1ccc(C)cc1|nitrate,final_dataset_3d/accepted_geometries.csv,geometries/Yb_9279ad596860.xyz,137,True,extxyz_xtb_properties_present,True
98f5735a8ce8,70|CCN(CC)C(=O)COCC(=O)N(CC)CC|nitrate,final_dataset_3d/accepted_geometries.csv,geometries/Yb_98f5735a8ce8.xyz,87,True,extxyz_xtb_properties_present,True
997308866060,70|CCCCCCCCN(CCCCCCCC)C(=O)[C@H](C)O[C@@H](CC)C(=O)N(CCCCCCCC)CCCCCCCC|nitrate,final_dataset_3d/accepted_geometries.csv,geometries/Yb_997308866060.xyz,249,True,extxyz_xtb_properties_present,True
9db1b97d1982,70|CCCCCCC(C)N(CCCC)C(=O)COCC(=O)N(CCCC)C(C)CCCCCC|water,final_dataset_3d/accepted_geometries.csv,geometries/Yb_9db1b97d1982.xyz,185,True,extxyz_xtb_properties_present,True
9f58c2bc4257,70|CCCCCCCCN(C)C(=O)C(CCOCCCCCC)C(=O)N(C)CCCCCCCC|nitrate,final_dataset_3d/accepted_geometries.csv,geometries/Yb_9f58c2bc4257.xyz,189,True,extxyz_xtb_properties_present,True
22118ecd164c,70|CCCCCCn1c(-c2ccccc2)c(-c2ccccc2)c2cc3ccc4cc5c(-c6ccccc6)c(-c6ccccc6)n(CCCCCC)c(=O)c5nc4c3nc2c1=O|water,final_dataset_3d/accepted_geometries.csv,geometries/Yb_a0aa0701cbf7.xyz,123,True,extxyz_xtb_properties_present,True
8a9d686f7b7f,70|CC12CCC(c3nnc(-c4cccc(-c5nnc6c(n5)C5(C)CCC6C5(C)C)n4)nc31)C2(C)C|nitrate,final_dataset_3d/accepted_geometries.csv,geometries/Yb_a56492569304.xyz,196,True,extxyz_xtb_properties_present,True
a793bef2526f,70|CCCCCCCCN(CCCCCCCC)C(=O)c1ccc2ccc3ccc(C(=O)N(CCCCCCCC)CCCCCCCC)nc3c2n1|nitrate,final_dataset_3d/accepted_geometries.csv,geometries/Yb_a793bef2526f.xyz,253,True,extxyz_xtb_properties_present,True
a88017c110ed,70|CCCCCCCCCCCCN(CCCCCCCC)C(=O)COCC(=O)N(CCCCCCCC)CCCCCCCCCCCC|water,final_dataset_3d/accepted_geometries.csv,geometries/Yb_a88017c110ed.xyz,281,True,extxyz_xtb_properties_present,True
a9474dbf3555,70|CCCCCCN(CCC(C)CCC=C(C)C)C(=O)COCC(=O)N(CCCCCC)CCC(C)CCC=C(C)C|water,final_dataset_3d/accepted_geometries.csv,geometries/Yb_a9474dbf3555.xyz,225,True,extxyz_xtb_properties_present,True
ab5843fab94e,70|CCCCCCCCN(CCCCCCCC)C(=O)[C@H](CCC)O[C@H](CCC)C(=O)N(CCCCCCCC)CCCCCCCC|nitrate,final_dataset_3d/accepted_geometries.csv,geometries/Yb_ab5843fab94e.xyz,267,True,extxyz_xtb_properties_present,True
ace58608600a,70|CCCCCCCCN(CCCCCCCC)C(=O)[C@H](C)O[C@H](C)C(=O)N(CCCCCCCC)CCCCCCCC|nitrate,final_dataset_3d/accepted_geometries.csv,geometries/Yb_ace58608600a.xyz,243,True,extxyz_xtb_properties_present,True
b3f43cb08a3e,70|CCCCCCCCN(C(=O)c1ccc2ccc3cccnc3c2n1)c1ccc(C)cc1|nitrate,final_dataset_3d/accepted_geometries.csv,geometries/Yb_b3f43cb08a3e.xyz,131,True,extxyz_xtb_properties_present,True
467997a16193,70|CCCCCCn1c(-c2ccccc2)c(-c2ccccc2)c2cc3ccc4cc5c(-c6ccccc6)c(-c6ccccc6)n(CCCCCC)c(=O)c5nc4c3nc2c1=O|nitrate,final_dataset_3d/accepted_geometries.csv,geometries/Yb_b6234ce57a75.xyz,119,True,extxyz_xtb_properties_present,True
b626912f120c,70|CCCCCCCCN(CCCCCCCC)C(=O)COCC(=O)N(CCCCCCCC)CCCCCCCC|nitrate,final_dataset_3d/accepted_geometries.csv,geometries/Yb_b626912f120c.xyz,231,True,extxyz_xtb_properties_present,True
b9bcc8dbd520,70|COCCN(CCOC)C(=O)COCC(=O)N(CCOC)CCOC|water,final_dataset_3d/accepted_geometries.csv,geometries/Yb_b9bcc8dbd520.xyz,61,True,extxyz_xtb_properties_present,True
bf029fdb8a36,70|CCCCCCCCN(CCC(C)CC(C)(C)C)C(=O)COCC(=O)N(CCCCCCCC)CCC(C)CC(C)(C)C|water,final_dataset_3d/accepted_geometries.csv,geometries/Yb_bf029fdb8a36.xyz,245,True,extxyz_xtb_properties_present,True
c0ed1cd7ac83,70|CCCCCCCCN(CCCCCCCC)C(=O)[C@H](C)O[C@@H](C)C(=O)N(CCCCCCCC)CCCCCCCC|nitrate,final_dataset_3d/accepted_geometries.csv,geometries/Yb_c0ed1cd7ac83.xyz,243,True,extxyz_xtb_properties_present,True
c15b074e4d23,70|CCCCN(CCCC)C(=O)c1ccc2ccc3ccc(C(=O)N(CCCC)CCCC)nc3c2n1|nitrate,final_dataset_3d/accepted_geometries.csv,geometries/Yb_c15b074e4d23.xyz,157,True,extxyz_xtb_properties_present,True
cadd7085b21f,70|CCN(C(=O)c1cccc(-c2cccc(C(=O)N(CC)c3ccccc3)n2)n1)c1ccccc1|nitrate,final_dataset_3d/accepted_geometries.csv,geometries/Yb_cadd7085b21f.xyz,121,True,extxyz_xtb_properties_present,True
cbc66e092e99,70|CCCCCCCCN(CC)C(=O)COCC(=O)N(CC)CCCCCCCC|water,final_dataset_3d/accepted_geometries.csv,geometries/Yb_cbc66e092e99.xyz,161,True,extxyz_xtb_properties_present,True
ccd7dd4dc900,70|CCCCCCCCCCCCN(CCCCCCCCCCCC)C(=O)COCCOCC(=O)N(CCCCCCCCCCCC)CCCCCCCCCCCC|water,final_dataset_3d/accepted_geometries.csv,geometries/Yb_ccd7dd4dc900.xyz,337,True,extxyz_xtb_properties_present,True
cd5c9451993e,70|CCc1ccc(N(CC)C(=O)c2ccc3ccc4ccc(C(=O)N(CC)c5ccc(CC)cc5)nc4c3n2)cc1|nitrate,final_dataset_3d/accepted_geometries.csv,geometries/Yb_cd5c9451993e.xyz,149,True,extxyz_xtb_properties_present,True
cdfa23f30bc7,70|CCCCCCCCC(C)(C)SCC1CN(C(=O)COCC(=O)N2CC(C)C(CSC(C)(C)CCCCCCCC)C2)CC1C|water,final_dataset_3d/accepted_geometries.csv,geometries/Yb_cdfa23f30bc7.xyz,241,True,extxyz_xtb_properties_present,True
d13c29df7ec2,70|CCCCCCCCN(C)C(=O)COCC(=O)N(CCCCCCCC)CCCCCCCC|water,final_dataset_3d/accepted_geometries.csv,geometries/Yb_d13c29df7ec2.xyz,191,True,extxyz_xtb_properties_present,True
dfc3133e92d7,70|CCCN(CCC)C(=O)COCC(=O)N(CCC)CCC|nitrate,final_dataset_3d/accepted_geometries.csv,geometries/Yb_dfc3133e92d7.xyz,111,True,extxyz_xtb_properties_present,True
edfc3ebb8ed0,70|O=C(COCC(=O)N1CCCCC1)N1CCCCC1|water,final_dataset_3d/accepted_geometries.csv,geometries/Yb_edfc3ebb8ed0.xyz,93,True,extxyz_xtb_properties_present,True
eee22ec9a6e4,70|CCN(C(=O)c1cccc(-c2cccc(C(=O)N(CC)c3cc(C)cc(C)c3)n2)n1)c1cc(C)cc(C)c1|nitrate,final_dataset_3d/accepted_geometries.csv,geometries/Yb_eee22ec9a6e4.xyz,145,True,extxyz_xtb_properties_present,True
fb8fcb46a95e,70|O=C(c1cc(Cl)c2ccc3c(Cl)cc(C(=O)N4CCCC4)nc3c2n1)N1CCCC1|nitrate,final_dataset_3d/accepted_geometries.csv,geometries/Yb_fb8fcb46a95e.xyz,101,True,extxyz_xtb_properties_present,True
feb7945ef3a0,70|CCCCCCCCN(CCCCCCCC)C(=O)C(C)OC(C)C(=O)N(CCCCCCCC)CCCCCCCC|nitrate,final_dataset_3d/accepted_geometries.csv,geometries/Yb_feb7945ef3a0.xyz,243,True,extxyz_xtb_properties_present,True
