ablation,estimator_kind,outer_fold,candidate_index,inner_fold_count,inner_split_seed,max_features,min_samples_leaf,inner_macro_group_mae,inner_n_rows,inner_mae,inner_rmse,inner_r2,inner_pearson,inner_spearman,selected
A0,forest,0,0,3,104729,0.35,2,0.7225140945164015,5743,0.7156825323305965,1.0078191317850875,-0.7903520895381293,-0.10028731736979797,0.03662650277910241,True
A0,forest,0,1,3,104729,0.7,2,0.7225140945164015,5743,0.7156825323305965,1.0078191317850875,-0.7903520895381293,0.031407140977263055,0.0007460007920240987,False
A0,forest,0,2,3,104729,1.0,4,0.7225140945164015,5743,0.7156825323305965,1.0078191317850875,-0.7903520895381293,0.06156906548518531,-0.011876694491661358,False
A1,forest,0,0,3,104729,0.35,2,0.37955352175718327,5743,0.49945758359498044,0.7481933953498627,0.013263960009261777,0.4603573811774215,0.44190718626249564,True
A1,forest,0,1,3,104729,0.7,2,0.4026284996858709,5743,0.5346991148587579,0.8126770977597149,-0.1641509381718882,0.38421035107666535,0.3208163616522284,False
A1,forest,0,2,3,104729,1.0,4,0.4108564808877466,5743,0.5641688089709597,0.8752774604840824,-0.3504071864933189,0.31279746828872695,0.27460960966777687,False
A2,forest,0,0,3,104729,0.35,2,0.3441122324860767,5743,0.3685325440500684,0.5385101408588435,0.48883510231947147,0.704048341512169,0.7210377405972352,True
A2,forest,0,1,3,104729,0.7,2,0.3491797086171919,5743,0.38878106681745933,0.5654034437344867,0.4365048930803621,0.6694429612501869,0.7015237544697601,False
A2,forest,0,2,3,104729,1.0,4,0.37132770867412973,5743,0.41119706287220814,0.5982854611532127,0.3690569671765498,0.6264982732073648,0.6836680247316922,False
A3,forest,0,0,3,104729,0.35,2,0.3622271597459203,5743,0.4969711036973464,0.7532821206298225,-0.000203959461227754,0.4439703177091229,0.39556870198993294,True
A3,forest,0,1,3,104729,0.7,2,0.3645218398881866,5743,0.5048181855847446,0.7718135746318574,-0.05002121998009956,0.4246251380899803,0.3716944745937011,False
A3,forest,0,2,3,104729,1.0,4,0.37250275061873345,5743,0.5270979159604847,0.818336526274512,-0.18042153253455484,0.3619578993547596,0.327121562136298,False
A4,forest,0,0,3,104729,0.35,2,0.3426503587013983,5743,0.359215943720063,0.527388109276833,0.5097315817478094,0.7162006085400456,0.7309122401118784,True
A4,forest,0,1,3,104729,0.7,2,0.3477526095140814,5743,0.3779308559825658,0.5545099130821891,0.45800924381062114,0.6831288236400647,0.7196511392884595,False
A4,forest,0,2,3,104729,1.0,4,0.36570777552017214,5743,0.40578165064882876,0.5931521686270343,0.3798375087018506,0.6335146316088803,0.7001186121678028,False
A5,forest,0,0,3,104729,0.35,2,0.3479696488785434,5743,0.3623583477513199,0.5325764500440664,0.5000378033447104,0.7097824060019156,0.7258090924252265,True
A5,forest,0,1,3,104729,0.7,2,0.35002250744828234,5743,0.3753976174890508,0.5511823801954088,0.46449454110495336,0.6869435681726427,0.7193046089639875,False
A5,forest,0,2,3,104729,1.0,4,0.3632207427238885,5743,0.39743043779779286,0.5814738010022147,0.40401743602852147,0.6491085887570199,0.702350329058452,False
A6,forest,0,0,3,104729,0.35,2,0.3448025368135774,5743,0.35743391290780197,0.5255622862534476,0.5131203341759571,0.7184317555082874,0.7322808361919115,True
A6,forest,0,1,3,104729,0.7,2,0.3466435273363102,5743,0.36887809620869116,0.543263007360629,0.4797722466488028,0.6972188113723768,0.7221935863785325,False
A6,forest,0,2,3,104729,1.0,4,0.3633617710502297,5743,0.391971432547055,0.5752122720958994,0.4167838565822318,0.6572955362362201,0.706709469086534,False
A2+D1,forest,0,0,3,104729,0.35,2,0.34581780459357925,5743,0.3684879539624856,0.5377710004699322,0.4902373538259627,0.7038920916996063,0.7239241515237417,True
A2+D1,forest,0,1,3,104729,0.7,2,0.34930501189618746,5743,0.38037582049849716,0.5549974679727447,0.4570557300534066,0.6819336447785346,0.7157096578848514,False
A2+D1,forest,0,2,3,104729,1.0,4,0.3664339560621851,5743,0.407021718414177,0.5914653816846639,0.3833596894866851,0.6360458906939847,0.6964405126702193,False
A2+D2,forest,0,0,3,104729,0.35,2,0.346118424284382,5743,0.3697048731550568,0.5382542851238985,0.4893207139789024,0.7034284897959688,0.7236923881756627,True
A2+D2,forest,0,1,3,104729,0.7,2,0.35519338384351107,5743,0.38695045170672443,0.5624304446436686,0.44241524263129006,0.6727114152227256,0.7134134764429498,False
A2+D2,forest,0,2,3,104729,1.0,4,0.37004890549515856,5743,0.4098434604511694,0.5952481751785917,0.37544686035633523,0.6304875133440349,0.6920883184746889,False
A2+D3,forest,0,0,3,104729,0.35,2,0.3424384424870333,5743,0.3608246954522268,0.5332848539314865,0.49870687436427563,0.7106586492990964,0.7224444811790856,True
A2+D3,forest,0,1,3,104729,0.7,2,0.34948571516584537,5743,0.3707014747655906,0.5479033990586784,0.47084702770334397,0.6934049030871782,0.7092916561757665,False
A2+D3,forest,0,2,3,104729,1.0,4,0.3676848370526416,5743,0.39164420510873565,0.5759159320135844,0.41535608163076254,0.6577275930965991,0.6940844203247323,False
A2+D4,forest,0,0,3,104729,0.35,2,0.34898079812196187,5743,0.37765577972697234,0.550081637793284,0.46663127478974287,0.6886607302342997,0.7200686011462365,True
A2+D4,forest,0,1,3,104729,0.7,2,0.35318908649316527,5743,0.3960908624980926,0.5758758181342657,0.4154375224019844,0.6556664173118846,0.7042748382070738,False
A2+D4,forest,0,2,3,104729,1.0,4,0.3683619607424966,5743,0.4163029552262964,0.6040700758110172,0.3567972460329085,0.6195541306337634,0.6873722659574931,False
A2+D5,forest,0,0,3,104729,0.35,2,0.34531499379279595,5743,0.3714998294954316,0.5419275987650871,0.4823266733400664,0.6996441461625111,0.7223168961566275,True
A2+D5,forest,0,1,3,104729,0.7,2,0.350349196033212,5743,0.39450211024791504,0.5752369901694264,0.41673373147205284,0.6562268166311723,0.7043560332326417,False
A2+D5,forest,0,2,3,104729,1.0,4,0.36821898651440116,5743,0.41443634331113793,0.6037748059974408,0.35742588813506093,0.6200929023257877,0.6863482454089499,False
A5_SHUFFLED_s1009,forest,0,0,3,104729,0.35,2,0.34717326087126643,5743,0.36704779500610357,0.5337842476504686,0.49776756452661697,0.707954385822843,0.7224383500404862,True
A5_SHUFFLED_s1009,forest,0,1,3,104729,0.7,2,0.35360148806130454,5743,0.3846126447659506,0.5578819775850586,0.4513973337374795,0.6774915234715896,0.7083349894481558,False
A5_SHUFFLED_s1009,forest,0,2,3,104729,1.0,4,0.36767639737369057,5743,0.40563169226159035,0.5880623789809575,0.3904349707874053,0.6402456534390225,0.6908075883457477,False
A5_SHUFFLED_s2017,forest,0,0,3,104729,0.35,2,0.34946816400899783,5743,0.36600930195244896,0.5334836502653516,0.4983330635972014,0.7082461245488243,0.7192877944747156,True
A5_SHUFFLED_s2017,forest,0,1,3,104729,0.7,2,0.3536427156137279,5743,0.3800459019577546,0.5542200836817427,0.45857566760184054,0.6822485041617924,0.7101940483354139,False
A5_SHUFFLED_s2017,forest,0,2,3,104729,1.0,4,0.3714378333559277,5743,0.4015687680850417,0.5825614702446834,0.40178573384627514,0.6482442971171861,0.6924223580354011,False
A5_SHUFFLED_s3019,forest,0,0,3,104729,0.35,2,0.35039621887507444,5743,0.36418399344819413,0.530827439535164,0.5033162182378059,0.712087307134944,0.7254130116311966,True
A5_SHUFFLED_s3019,forest,0,1,3,104729,0.7,2,0.35545453150282447,5743,0.38332624096768847,0.5583336443197839,0.4505086659198725,0.6770749963117427,0.7143119570837273,False
A5_SHUFFLED_s3019,forest,0,2,3,104729,1.0,4,0.3685033255146564,5743,0.4029860362567573,0.587127192623413,0.3923721925633664,0.6414295783926789,0.6992222874149212,False
A5s,forest,0,0,3,104729,0.35,2,0.3470931656722919,5743,0.35945647538683434,0.5306692562370502,0.5036121915301266,0.7126735507761124,0.7298457445630009,True
A5s,forest,0,1,3,104729,0.7,2,0.34905398614094824,5743,0.3759736961375972,0.5530136510520449,0.4609302594415581,0.6850526700969718,0.7197118080782648,False
A5s,forest,0,2,3,104729,1.0,4,0.36274359291961844,5743,0.39999380255264305,0.5862305799812553,0.39422661453030783,0.6422681439069738,0.7067053592001239,False
A6s,forest,0,0,3,104729,0.35,2,0.3551934886442044,5743,0.36708043925736306,0.5345756685111139,0.4962771800127088,0.7083592055284202,0.727310601708995,True
A6s,forest,0,1,3,104729,0.7,2,0.35796482601837093,5743,0.37710327387004833,0.5535778872127565,0.4598296797081207,0.6835940295021605,0.7227240360054334,False
A6s,forest,0,2,3,104729,1.0,4,0.3720947397511623,5743,0.40089161325928285,0.585832461116136,0.3950491165620157,0.6424852674779502,0.7068746061603436,False
C1,forest,0,0,3,104729,0.35,2,0.35166337917693696,5743,0.365229231678591,0.532564389574171,0.5000604468947487,0.7094731671498183,0.7259924853791835,False
C1,forest,0,1,3,104729,0.7,2,0.3511142689928427,5743,0.3710865384686679,0.5460037082356006,0.47451002517862684,0.6931372142113708,0.7211186849843609,True
C1,forest,0,2,3,104729,1.0,4,0.3650000862687863,5743,0.4015418300757115,0.5863848745409458,0.39390769620295496,0.6420461696374239,0.701560374364991,False
C2,forest,0,0,3,104729,0.35,2,0.3415744530204293,5743,0.3592730756812477,0.5204221278733338,0.5225974232963675,0.724226146953419,0.7256750728207724,True
C2,forest,0,1,3,104729,0.7,2,0.34748641657159035,5743,0.3750144787224497,0.5435969932254486,0.47913240140938607,0.6958838731506071,0.7138783452734839,False
C2,forest,0,2,3,104729,1.0,4,0.3635485658284711,5743,0.3968207791200181,0.5752091162710741,0.41679025603865605,0.6565091196540674,0.6947180113615815,False
C3,forest,0,0,3,104729,0.35,2,0.35202897709527603,5743,0.3629042989791112,0.5317815523976686,0.501529127977757,0.7106810432504753,0.7234581689930261,True
C3,forest,0,1,3,104729,0.7,2,0.35408403522436643,5743,0.3727090025087424,0.5466228194240516,0.47331764803225995,0.6920882144956613,0.719277144472448,False
C3,forest,0,2,3,104729,1.0,4,0.36446254786466786,5743,0.3912444663915703,0.5742611194630017,0.4187110370592695,0.6564350628529465,0.7053235267619792,False
E2,forest,0,0,3,104729,0.35,2,0.34790773514460227,5743,0.3752627407280509,0.5465490665863192,0.47345976320248306,0.6929513076215011,0.7175643159965343,True
E2,forest,0,1,3,104729,0.7,2,0.35239700381895794,5743,0.38927002206974926,0.5687850125397504,0.42974442600906626,0.6638106158194604,0.7053705899679055,False
E2,forest,0,2,3,104729,1.0,4,0.3709143327119703,5743,0.41386372754956885,0.602851867634044,0.3593888816761134,0.6190726307125456,0.684306524758658,False
E3,forest,0,0,3,104729,0.35,2,0.3426113981560598,5743,0.3590666529415452,0.5199762988662322,0.5234150240046662,0.7251936253790041,0.7251180772439966,True
E3,forest,0,1,3,104729,0.7,2,0.35026861848845414,5743,0.37873930081293167,0.5468232891435468,0.47293126378101824,0.6925143241188555,0.7089569086513828,False
E3,forest,0,2,3,104729,1.0,4,0.364204813243759,5743,0.3969054586841479,0.5736669026281888,0.4199133924636499,0.658829190549764,0.6983978140132101,False
E4,forest,0,0,3,104729,0.35,2,0.3429782880252806,5743,0.3712793376075796,0.5398471486666321,0.48629372077108357,0.7018261444408287,0.7188650155225689,True
E4,forest,0,1,3,104729,0.7,2,0.34991049794511203,5743,0.38221352965686295,0.5563981982908466,0.4543116518866539,0.6805680492228632,0.7060971124599102,False
E4,forest,0,2,3,104729,1.0,4,0.3654354576348319,5743,0.40436289775939355,0.5853539855232749,0.3960368939444425,0.645372062763034,0.686174303823395,False
G2,forest,0,0,3,104729,0.35,2,0.3478190582719252,5743,0.3687765782429942,0.5340144344142318,0.49733431013040874,0.7079244895179275,0.725761299115976,True
G2,forest,0,1,3,104729,0.7,2,0.3530367354114992,5743,0.3884210015835106,0.5619759572454754,0.4433160219489095,0.6732436234485624,0.7107725713751357,False
G2,forest,0,2,3,104729,1.0,4,0.366287862831385,5743,0.4111599569890402,0.5969697050763385,0.3718290695491625,0.6288964917534958,0.6950191718286847,False
G4,forest,0,0,3,104729,0.35,2,0.34661995279864577,5743,0.3672675653567526,0.5364571480285444,0.4927251590254037,0.7056046868040129,0.7317242924567707,True
G4,forest,0,1,3,104729,0.7,2,0.3529456298515495,5743,0.3866701956378579,0.5643321180483113,0.4386382895295998,0.669967848378899,0.7165765011922086,False
G4,forest,0,2,3,104729,1.0,4,0.3687412813982062,5743,0.4100789235447405,0.6001068885908686,0.36520941823460096,0.6232987773976548,0.6999503697772372,False
G2_SHUFFLED_s1009,forest,0,0,3,104729,0.35,2,0.34807622313211206,5743,0.3670850802831579,0.5335006231031009,0.49830114191802843,0.7080021431626483,0.7210230087961318,True
G2_SHUFFLED_s1009,forest,0,1,3,104729,0.7,2,0.35551569151595297,5743,0.38411025138356897,0.5572372492964401,0.4526646099430245,0.6783279122921824,0.7077323316443396,False
G2_SHUFFLED_s1009,forest,0,2,3,104729,1.0,4,0.3691575320795644,5743,0.400618566087393,0.5819893896545824,0.40296006051557953,0.6475772382768884,0.6938118521571562,False
G2_SHUFFLED_s2017,forest,0,0,3,104729,0.35,2,0.34947852921580824,5743,0.3651323801418733,0.5310621778407223,0.5028768419751874,0.7117472345759263,0.7186658733211678,True
G2_SHUFFLED_s2017,forest,0,1,3,104729,0.7,2,0.3536460110622126,5743,0.3826432135974134,0.5550296813703668,0.45699270062265396,0.6814620713754068,0.7085753558426628,False
G2_SHUFFLED_s2017,forest,0,2,3,104729,1.0,4,0.3696023450496044,5743,0.40599764439396857,0.5878790335905305,0.39081501045639055,0.6408636434005375,0.684119534195501,False
G2_SHUFFLED_s3019,forest,0,0,3,104729,0.35,2,0.35086718824961943,5743,0.3684221990859588,0.5366333025815043,0.492391960206517,0.7042137203428784,0.7252580796838397,True
G2_SHUFFLED_s3019,forest,0,1,3,104729,0.7,2,0.35506836782856477,5743,0.38017723432226735,0.5535118101236016,0.4599586254374224,0.6830653147776563,0.7169565576105262,False
G2_SHUFFLED_s3019,forest,0,2,3,104729,1.0,4,0.3712058354935642,5743,0.40732556883734505,0.5935675658622425,0.37896857825150276,0.6318872866948246,0.6954333360342242,False
E3_SHUFFLED_s1009,forest,0,0,3,104729,0.35,2,0.3466713091817411,5743,0.3654964967330161,0.5308697525762234,0.5032370322828148,0.7115006358666134,0.7260722238422989,True
E3_SHUFFLED_s1009,forest,0,1,3,104729,0.7,2,0.35243273758293614,5743,0.381808386208172,0.5537656023622122,0.45946328015886295,0.6830581112079778,0.7111243084939628,False
E3_SHUFFLED_s1009,forest,0,2,3,104729,1.0,4,0.3691745815683137,5743,0.40520487719915205,0.5868468581274975,0.39295229980934354,0.6412421033649849,0.6956084912057673,False
E3_SHUFFLED_s2017,forest,0,0,3,104729,0.35,2,0.3495578196716494,5743,0.36504651650786585,0.5322186410830391,0.5007093721330187,0.7099471017796712,0.7278983086144359,True
E3_SHUFFLED_s2017,forest,0,1,3,104729,0.7,2,0.35130941375259483,5743,0.38219707085101906,0.5563723946497978,0.4543622646305362,0.6800760650749613,0.7132222269518502,False
E3_SHUFFLED_s2017,forest,0,2,3,104729,1.0,4,0.3676398607373003,5743,0.40175434107280356,0.5842218359494025,0.3983709186006962,0.6447835821412032,0.6977716995224337,False
E3_SHUFFLED_s3019,forest,0,0,3,104729,0.35,2,0.3487443186138875,5743,0.3691144898355094,0.5355314563657234,0.49447431996880875,0.7060822299687116,0.725711365434734,True
E3_SHUFFLED_s3019,forest,0,1,3,104729,0.7,2,0.35507369813449813,5743,0.38443075659259757,0.5598594236554485,0.44750133115418,0.6763531216158515,0.7095418385904416,False
E3_SHUFFLED_s3019,forest,0,2,3,104729,1.0,4,0.3691195884071075,5743,0.4059311919945446,0.5888630286838101,0.3887739895145603,0.6391836322029937,0.6948782454323648,False
E2_SHUFFLED_s1009,forest,0,0,3,104729,0.35,2,0.35184686071119986,5743,0.3726117099271115,0.5424502878975028,0.48132759999199937,0.6979295789761739,0.7175540480115451,True
E2_SHUFFLED_s1009,forest,0,1,3,104729,0.7,2,0.3559830756745429,5743,0.38688350498392704,0.5636268401767763,0.4400405439125298,0.6705362919634289,0.7022908241025004,False
E2_SHUFFLED_s1009,forest,0,2,3,104729,1.0,4,0.3691940109806762,5743,0.40610260765171546,0.5894955534194617,0.38746019261237874,0.6384729380650083,0.6847849230279357,False
E2_SHUFFLED_s2017,forest,0,0,3,104729,0.35,2,0.34715257116000237,5743,0.36771849291020886,0.5373454485612577,0.4910438109817228,0.7047610205169748,0.7205247585924367,True
E2_SHUFFLED_s2017,forest,0,1,3,104729,0.7,2,0.3522649334308122,5743,0.3833347644718991,0.5586904808347339,0.4498060708586059,0.6770811379645775,0.7058232959623963,False
E2_SHUFFLED_s2017,forest,0,2,3,104729,1.0,4,0.36701645767428254,5743,0.4053964968646976,0.5889809090090276,0.388529250995993,0.6387508893377214,0.6914793661478185,False
E2_SHUFFLED_s3019,forest,0,0,3,104729,0.35,2,0.34867848584566064,5743,0.36837658064424217,0.5383168128648619,0.4892020582516554,0.7034155104805049,0.7215569401092418,True
E2_SHUFFLED_s3019,forest,0,1,3,104729,0.7,2,0.35668128360599477,5743,0.389283438039162,0.5661766996239109,0.43496254710350757,0.667834273114773,0.7029793710705087,False
E2_SHUFFLED_s3019,forest,0,2,3,104729,1.0,4,0.3724007451405638,5743,0.4057438057339385,0.5919757867339137,0.38229497077731023,0.6349706364108406,0.6888166747125536,False
E4_SHUFFLED_s1009,forest,0,0,3,104729,0.35,2,0.34507236048463225,5743,0.36532733171125464,0.5341575719382926,0.49706480443751766,0.7085918521827169,0.7238474312988193,True
E4_SHUFFLED_s1009,forest,0,1,3,104729,0.7,2,0.34914792786453225,5743,0.38531120049388157,0.5604331177127404,0.44636844818953103,0.6757644790185569,0.7061870902395448,False
E4_SHUFFLED_s1009,forest,0,2,3,104729,1.0,4,0.36875135480530047,5743,0.40933177555160827,0.5930167875495527,0.38012056822487583,0.6353088339369437,0.6814314159676609,False
E4_SHUFFLED_s2017,forest,0,0,3,104729,0.35,2,0.3426285493173715,5743,0.3703462970119806,0.5394273570507855,0.4870923384676201,0.7021519489504936,0.7188070014995762,True
E4_SHUFFLED_s2017,forest,0,1,3,104729,0.7,2,0.3482766449923378,5743,0.38204793200223547,0.5561070907192204,0.45488251086555775,0.68064735762247,0.7069393712833465,False
E4_SHUFFLED_s2017,forest,0,2,3,104729,1.0,4,0.36546361854887044,5743,0.40698130927914405,0.5917883538243859,0.3826860675905457,0.6366184134463531,0.6854343240223634,False
E4_SHUFFLED_s3019,forest,0,0,3,104729,0.35,2,0.3436311028342026,5743,0.37117177995275796,0.5397446914620512,0.4864886941626976,0.7026829799513941,0.7209866697225925,True
E4_SHUFFLED_s3019,forest,0,1,3,104729,0.7,2,0.3485968256125013,5743,0.3788256201940051,0.5523894134603466,0.4621465681976241,0.6858657367563155,0.7094652615093922,False
E4_SHUFFLED_s3019,forest,0,2,3,104729,1.0,4,0.3663391030289435,5743,0.40797115046725035,0.5905487404847133,0.38526952202958065,0.6379936923003152,0.6849454060966778,False
G4_SHUFFLED_s1009,forest,0,0,3,104729,0.35,2,0.3515362179067562,5743,0.36759664483558635,0.5339888936428409,0.4973823918361656,0.7079511809122259,0.7233049614272671,True
G4_SHUFFLED_s1009,forest,0,1,3,104729,0.7,2,0.354772816156023,5743,0.3835646117036135,0.5557336833520746,0.4556143215221109,0.6808350492889015,0.7115937972287272,False
G4_SHUFFLED_s1009,forest,0,2,3,104729,1.0,4,0.37080691441784575,5743,0.40781597266742664,0.5922649274841015,0.3816914078696595,0.6334358090049409,0.6947240721285193,False
G4_SHUFFLED_s2017,forest,0,0,3,104729,0.35,2,0.351698633713189,5743,0.3672771819511726,0.5339922257507045,0.49737611911652746,0.7078433838470393,0.722917938950661,True
G4_SHUFFLED_s2017,forest,0,1,3,104729,0.7,2,0.3555444476985905,5743,0.3866835575793245,0.5599640244344085,0.4472948607888365,0.6759653119779097,0.7072407844331383,False
G4_SHUFFLED_s2017,forest,0,2,3,104729,1.0,4,0.3693827886890282,5743,0.40508227764055005,0.5906651092843889,0.3850272304419716,0.636110461700906,0.6946090751245096,False
G4_SHUFFLED_s3019,forest,0,0,3,104729,0.35,2,0.3473123400692819,5743,0.3637963081901891,0.531237975274261,0.5025476622903128,0.7112946150819283,0.7274279313213489,True
G4_SHUFFLED_s3019,forest,0,1,3,104729,0.7,2,0.3560408417365942,5743,0.385744566439098,0.5606208008020545,0.4459975754647677,0.6742846968701968,0.7116078860853643,False
G4_SHUFFLED_s3019,forest,0,2,3,104729,1.0,4,0.3688664368200053,5743,0.40647465700317287,0.5934061159823251,0.3793063723567506,0.632258991335024,0.6980810827062957,False
S1,forest,0,0,3,104729,0.35,2,0.3877489262399898,5743,0.4091226314555036,0.5698686940048424,0.42756938945518796,0.682066174843217,0.7138334844926008,True
S1,forest,0,1,3,104729,0.7,2,0.3911235864502523,5743,0.40670116186750965,0.5699802733689363,0.4273452055435365,0.6754639975504304,0.7095497395402234,False
S1,forest,0,2,3,104729,1.0,4,0.3898819847149106,5743,0.3966823306656319,0.5599787653126084,0.44726576082519454,0.6849020774518111,0.7188822408807819,False
S2,forest,0,0,3,104729,0.35,2,0.36613407521904295,5743,0.3942998147590478,0.5740417885401103,0.4191549824806078,0.6676080759379136,0.7098128728476685,True
S2,forest,0,1,3,104729,0.7,2,0.37836432278594934,5743,0.4125837555690743,0.5951246000073546,0.3757061513649662,0.6458590049964826,0.6881828474357106,False
S2,forest,0,2,3,104729,1.0,4,0.3840983696027556,5743,0.41815823160454524,0.604382710336555,0.3561312987134473,0.6258498996514231,0.68741162549423,False
S3,forest,0,0,3,104729,0.35,2,0.39110106794428195,5743,0.41707933180136536,0.5899262962544084,0.38656470314576463,0.6552633987822535,0.710005756454643,True
S3,forest,0,1,3,104729,0.7,2,0.39182354419349685,5743,0.39666698251153437,0.5625458525885247,0.44218639188658015,0.6818140105439281,0.722137848860767,False
S3,forest,0,2,3,104729,1.0,4,0.3962602330910477,5743,0.3996449410336527,0.5700884263332908,0.42712786402334246,0.6704445954505311,0.7203530587802474,False
S4,forest,0,0,3,104729,0.35,2,0.3902594763090916,5743,0.41060786217906425,0.576881228467761,0.4133945881930555,0.6700203773202696,0.7147822256394714,False
S4,forest,0,1,3,104729,0.7,2,0.3899716317381494,5743,0.40043878609711814,0.5653088683752859,0.4366933896152898,0.6793514215797338,0.7209427986661509,True
S4,forest,0,2,3,104729,1.0,4,0.3962312929837399,5743,0.3982190843530176,0.5641369432553605,0.43902651733291487,0.6782101810885768,0.7180459955128313,False
S5,forest,0,0,3,104729,0.35,2,0.3802273791721938,5743,0.39889010307346773,0.5543139738389401,0.45839220719290474,0.6989076932858014,0.7188280424411314,True
S5,forest,0,1,3,104729,0.7,2,0.3871626913159455,5743,0.3989356310942921,0.5593150106618625,0.4485753193632447,0.6870526660001329,0.7159172524695124,False
S5,forest,0,2,3,104729,1.0,4,0.39113391544709275,5743,0.3991361590903534,0.5643676497499251,0.43856759794893574,0.6783322896785404,0.7178259804020833,False
S4_SHUFFLED_s1009,forest,0,0,3,104729,0.35,2,0.3901612190813525,5743,0.4047275937123419,0.567768396222586,0.43178109370704054,0.6804305936109337,0.7122562003447008,True
S4_SHUFFLED_s1009,forest,0,1,3,104729,0.7,2,0.394552763973894,5743,0.39899849686791056,0.5617707275835079,0.443722541843119,0.6830788031869365,0.7138440207063889,False
S4_SHUFFLED_s1009,forest,0,2,3,104729,1.0,4,0.3971915008246971,5743,0.3931905113962586,0.5579114862687568,0.45133929647746895,0.685420394695086,0.717056733815549,False
S4_SHUFFLED_s2017,forest,0,0,3,104729,0.35,2,0.39292505600165784,5743,0.4043420772471747,0.5656951524637683,0.43592329476572234,0.6835194055840077,0.7105783321041068,True
S4_SHUFFLED_s2017,forest,0,1,3,104729,0.7,2,0.39408432630976853,5743,0.4011206576333355,0.5645403827993257,0.43822387600936286,0.6805922122767539,0.7133654573265001,False
S4_SHUFFLED_s2017,forest,0,2,3,104729,1.0,4,0.39673078758927566,5743,0.38992519012850835,0.5525802716812989,0.46177483231430094,0.6908376422159963,0.7146802324030476,False
S4_SHUFFLED_s3019,forest,0,0,3,104729,0.35,2,0.38999548060112965,5743,0.4037494133097174,0.5662310654899927,0.4348540289487838,0.6831727383266116,0.7149903407675932,True
S4_SHUFFLED_s3019,forest,0,1,3,104729,0.7,2,0.3906177399082836,5743,0.39835063591331127,0.5633506199683045,0.44058925524455583,0.6815632215866947,0.71846013117284,False
S4_SHUFFLED_s3019,forest,0,2,3,104729,1.0,4,0.39478436953123824,5743,0.3904973485012519,0.5546744777103774,0.4576874975614802,0.6898210246511282,0.7239492971594342,False
S5_SHUFFLED_s1009,forest,0,0,3,104729,0.35,2,0.3869040593648414,5743,0.4020151243209532,0.5597318566680033,0.4477530820690818,0.6932406012991943,0.7163476961856862,True
S5_SHUFFLED_s1009,forest,0,1,3,104729,0.7,2,0.3906789761891299,5743,0.3991914318931887,0.5615667117712071,0.444126510167546,0.6851398345889375,0.719090939275963,False
S5_SHUFFLED_s1009,forest,0,2,3,104729,1.0,4,0.3941591009777596,5743,0.39582586959611293,0.5614716423489079,0.44431470543325435,0.6816049121592935,0.7173619909195126,False
S5_SHUFFLED_s2017,forest,0,0,3,104729,0.35,2,0.38646353335086475,5743,0.4019607133188434,0.5589783968304359,0.4492388499882085,0.6935313291461653,0.7168216999487148,True
S5_SHUFFLED_s2017,forest,0,1,3,104729,0.7,2,0.39401686477717585,5743,0.39910142337019755,0.5602450206627181,0.4467400143330996,0.6857462482873058,0.7196948318261831,False
S5_SHUFFLED_s2017,forest,0,2,3,104729,1.0,4,0.3926430160155226,5743,0.3934315201658939,0.557652466141898,0.45184862879643806,0.6873933043470094,0.7225170902795788,False
S5_SHUFFLED_s3019,forest,0,0,3,104729,0.35,2,0.3896655945330515,5743,0.4032073152840147,0.5628873410464821,0.4415089547508244,0.6882690300175097,0.7188337039888729,True
S5_SHUFFLED_s3019,forest,0,1,3,104729,0.7,2,0.391776252591886,5743,0.3983160403179408,0.5605660233164321,0.44610583180212215,0.6853138085971378,0.7199481703811127,False
S5_SHUFFLED_s3019,forest,0,2,3,104729,1.0,4,0.3951934740900236,5743,0.39410622947329926,0.5601577757996533,0.44691231513552,0.6823264578306406,0.7214993638173293,False
B0_trivial,mean,0,0,3,104729,0.0,0,0.7225140945164015,5743,0.7156825323305965,1.0078191317850875,-0.7903520895381293,,,True
B1_ridge_A2,ridge,0,0,3,104729,1.0,0,0.4264540060960571,5743,0.3608331345471137,0.5190819388238608,0.525053067872285,0.727277072858606,0.7302615991719903,True
B1_ridge_A2,ridge,0,1,3,104729,10.0,0,0.42776463658908814,5743,0.3601473423254703,0.5183113889288551,0.5264620888744602,0.7290683693076435,0.7308190651561627,False
B1_ridge_A2,ridge,0,2,3,104729,100.0,0,0.44054001177534113,5743,0.36990786183783586,0.5248509762635268,0.5144373541307157,0.724887296207468,0.7200751560826797,False
B2_ridge_A5,ridge,0,0,3,104729,1.0,0,0.45061326215411923,5743,0.4066942519532067,0.5727320979660755,0.42180238359514144,0.6658134133132947,0.6771319156211097,True
B2_ridge_A5,ridge,0,1,3,104729,10.0,0,0.45063990684585375,5743,0.40331769248840244,0.5702029773311055,0.4268976202058321,0.666250135171431,0.6790723191977317,False
B2_ridge_A5,ridge,0,2,3,104729,100.0,0,0.45661194789906795,5743,0.4051255580161319,0.5694414088283538,0.428427479819955,0.6612357939034448,0.6693720659220473,False
A0,forest,1,0,3,114736,0.35,2,0.6513743071193793,5783,0.681088853682641,0.9909925540347919,-0.6888422928770943,0.0009287594979401601,0.060120599239947344,True
A0,forest,1,1,3,114736,0.7,2,0.6513743071193793,5783,0.681088853682641,0.9909925540347919,-0.6888422928770943,-0.0726315004747156,-0.06477401920037015,False
A0,forest,1,2,3,114736,1.0,4,0.6513743071193793,5783,0.681088853682641,0.9909925540347919,-0.6888422928770943,-0.1457889674668687,-0.1525054762816379,False
A1,forest,1,0,3,114736,0.35,2,0.39092674543013173,5783,0.5490361116756652,0.7987185492450946,-0.09707382791736596,0.39300095413780317,0.24811689491283465,True
A1,forest,1,1,3,114736,0.7,2,0.39247701597220236,5783,0.5660783941021096,0.8286733036381582,-0.18090513044738832,0.36548260530397847,0.21517261777781266,False
A1,forest,1,2,3,114736,1.0,4,0.39155359204277856,5783,0.5651266153409141,0.8225683028892223,-0.16356929970363465,0.37939646303938895,0.22574781603207036,False
A2,forest,1,0,3,114736,0.35,2,0.34045658971061804,5783,0.45942860404546654,0.6776260796474144,0.2103610942276325,0.536042496693576,0.5166876653718299,True
A2,forest,1,1,3,114736,0.7,2,0.34876714816383575,5783,0.4605279514255695,0.6871466790666745,0.18801647535820842,0.5241921613882999,0.5128224167754455,False
A2,forest,1,2,3,114736,1.0,4,0.3566992160196744,5783,0.4557050970302651,0.6787224664279851,0.2078037840313275,0.5313833430454623,0.5218356234719511,False
A3,forest,1,0,3,114736,0.35,2,0.4261613966159173,5783,0.588595626942606,0.8761399336556025,-0.32006484257299506,0.2695926648283547,0.15369337953320367,False
A3,forest,1,1,3,114736,0.7,2,0.4193377222757237,5783,0.5771800415793045,0.8644305288552346,-0.2850159142819828,0.29090869769963396,0.1845404014908443,False
A3,forest,1,2,3,114736,1.0,4,0.4123614098402759,5783,0.5938303928329519,0.9024766676804821,-0.40061985574415404,0.25888083442873666,0.1787733577682616,True
A4,forest,1,0,3,114736,0.35,2,0.35459422177232386,5783,0.45195481388442516,0.6599092822118147,0.25111214447746644,0.5556747839657887,0.5356532541685629,True
A4,forest,1,1,3,114736,0.7,2,0.35693359653313844,5783,0.45865615687056105,0.6810306729198642,0.2024064034543558,0.52668752661921,0.5131202487912546,False
A4,forest,1,2,3,114736,1.0,4,0.3656518203480723,5783,0.45588821553255704,0.6771907339352538,0.21137538660708177,0.5314201034085576,0.5255536932718148,False
A5,forest,1,0,3,114736,0.35,2,0.3600692390695803,5783,0.4605243479129446,0.6769080158256567,0.21203372969305812,0.5308242817636029,0.5041070252358368,True
A5,forest,1,1,3,114736,0.7,2,0.3641367161795703,5783,0.46369862256155564,0.6890143359491001,0.18359655283403142,0.5144830407522883,0.4896378655923364,False
A5,forest,1,2,3,114736,1.0,4,0.36862413277135814,5783,0.46322255161553594,0.6842178709883165,0.1949235181400657,0.5205228521215268,0.4896261386963579,False
A6,forest,1,0,3,114736,0.35,2,0.3629234908843901,5783,0.45695623279552566,0.668228673767194,0.2321108553268656,0.5423296190795456,0.5135118789454111,True
A6,forest,1,1,3,114736,0.7,2,0.36489044874587434,5783,0.4583039800908534,0.6765239567839852,0.21292761693577444,0.5299168418904072,0.5059770132722422,False
A6,forest,1,2,3,114736,1.0,4,0.3735621018758513,5783,0.45832243073531675,0.6757762823163407,0.21466635430651226,0.5300544209279919,0.5103933204343746,False
A2+D1,forest,1,0,3,114736,0.35,2,0.3517137039644264,5783,0.46107685798998954,0.678574457181591,0.2081492553722324,0.5296031252767931,0.5145633647205909,True
A2+D1,forest,1,1,3,114736,0.7,2,0.354386244182205,5783,0.46207859964252357,0.6895127160822492,0.18241507839992321,0.5159611495725958,0.5047672785323736,False
A2+D1,forest,1,2,3,114736,1.0,4,0.36430914297842576,5783,0.45896888262777075,0.6820514950066492,0.20001352627521707,0.5259037698071299,0.5215188342255185,False
A2+D2,forest,1,0,3,114736,0.35,2,0.3463863455850415,5783,0.45581068001890446,0.670102978627758,0.22779713192587636,0.5434269604425698,0.5234044605220234,True
A2+D2,forest,1,1,3,114736,0.7,2,0.355221997511412,5783,0.46138730976730724,0.6875771097944811,0.1869988989516479,0.5196115166089075,0.49454851646318326,False
A2+D2,forest,1,2,3,114736,1.0,4,0.36300413371632817,5783,0.4606725060138845,0.6844272709928735,0.19443066689213628,0.5234880745622736,0.5033813273611782,False
A2+D3,forest,1,0,3,114736,0.35,2,0.3480334798400591,5783,0.46560212749805807,0.6861855985509134,0.19028625509079844,0.5253013768036175,0.47870767683340604,True
A2+D3,forest,1,1,3,114736,0.7,2,0.35172757273310146,5783,0.46535318398023917,0.6955068460319571,0.16813829485824605,0.5141276102312555,0.47964823932467454,False
A2+D3,forest,1,2,3,114736,1.0,4,0.3611945316417045,5783,0.45969876933138454,0.6836769498431293,0.19619595129752743,0.5271194655222098,0.4989874113859537,False
A2+D4,forest,1,0,3,114736,0.35,2,0.3467517786380312,5783,0.4587540806708796,0.6761816351476075,0.21372393386451716,0.5361662800614097,0.5138697084798327,True
A2+D4,forest,1,1,3,114736,0.7,2,0.352737020009908,5783,0.4547305933950256,0.6766599950955011,0.21261104939310216,0.5357143852737857,0.521422242085116,False
A2+D4,forest,1,2,3,114736,1.0,4,0.36200412270690946,5783,0.46045551911707355,0.6865217633659355,0.18949269735053498,0.5216850341972729,0.5059146982268103,False
A2+D5,forest,1,0,3,114736,0.35,2,0.34197334543919916,5783,0.4550550625591601,0.6689795466481256,0.23038416772526604,0.5473232161603955,0.5209344311524547,True
A2+D5,forest,1,1,3,114736,0.7,2,0.35305710716109084,5783,0.461981650823401,0.6881411223313392,0.18566455877089372,0.5205020623956432,0.5039126628427691,False
A2+D5,forest,1,2,3,114736,1.0,4,0.35580533645612505,5783,0.45656512321135534,0.6791084128260982,0.20690258443871556,0.5310494462229315,0.5178527705561559,False
A5_SHUFFLED_s1009,forest,1,0,3,114736,0.35,2,0.3542581613306342,5783,0.4626677340513015,0.6803315718712549,0.20404307664688026,0.5255915395880443,0.5085716306516929,True
A5_SHUFFLED_s1009,forest,1,1,3,114736,0.7,2,0.3621999790622985,5783,0.4581131586621377,0.680885395706762,0.2027466519059936,0.525521745314545,0.525415149394983,False
A5_SHUFFLED_s1009,forest,1,2,3,114736,1.0,4,0.36822175534028173,5783,0.46131377495173614,0.688017696072246,0.1859566539822778,0.5151707419933784,0.506410654370687,False
A5_SHUFFLED_s2017,forest,1,0,3,114736,0.35,2,0.3575500717964508,5783,0.46151833345844234,0.677372649478816,0.21095162905265863,0.5279746064717286,0.5107167280124095,True
A5_SHUFFLED_s2017,forest,1,1,3,114736,0.7,2,0.3634380360429841,5783,0.4628405262673307,0.683170819042112,0.19738563422479194,0.5222163600466164,0.5005721580181905,False
A5_SHUFFLED_s2017,forest,1,2,3,114736,1.0,4,0.3689279072585679,5783,0.459502468527974,0.6809035456833826,0.20270414747696375,0.5250560620659122,0.5087381639298832,False
A5_SHUFFLED_s3019,forest,1,0,3,114736,0.35,2,0.3586606839059156,5783,0.45714518890421374,0.6699115148585171,0.2282383409774713,0.5394799080390479,0.5228155486231033,True
A5_SHUFFLED_s3019,forest,1,1,3,114736,0.7,2,0.36193706422173727,5783,0.4568844057993883,0.6763392512933353,0.21335733341152086,0.5318037831816391,0.5226833095677742,False
A5_SHUFFLED_s3019,forest,1,2,3,114736,1.0,4,0.3713381028737004,5783,0.4624883374539024,0.6837426655802993,0.19604141891408777,0.5199704031265311,0.502783276021421,False
A5s,forest,1,0,3,114736,0.35,2,0.369079485958638,5783,0.46692903023542076,0.6831950596601721,0.1973286756635667,0.519248404634846,0.4904327346758405,True
A5s,forest,1,1,3,114736,0.7,2,0.3733284015830334,5783,0.4698287755953128,0.6943309018098901,0.17094889548651993,0.5020315512381365,0.4828777843177289,False
A5s,forest,1,2,3,114736,1.0,4,0.376366727945962,5783,0.4647279177037469,0.6848940149405662,0.19333157914084342,0.5160915913707962,0.4947596985148793,False
A6s,forest,1,0,3,114736,0.35,2,0.37746131859509086,5783,0.4713826556397923,0.6879320438275806,0.18615932405946478,0.5112038802800775,0.49245223484189726,True
A6s,forest,1,1,3,114736,0.7,2,0.3786364200650431,5783,0.46914008154595427,0.6901964165414246,0.18079288838403662,0.5059789305886105,0.48288312602244554,False
A6s,forest,1,2,3,114736,1.0,4,0.37939185889413146,5783,0.4633379777896902,0.6808844587542594,0.20274884607261956,0.5203034353000192,0.5064266677999187,False
C1,forest,1,0,3,114736,0.35,2,0.366415468437419,5783,0.46201913709100495,0.6767799817736564,0.2123317819275049,0.5288201140920467,0.4936994426295088,True
C1,forest,1,1,3,114736,0.7,2,0.36827232007688177,5783,0.4632149915691248,0.6845889548472581,0.1940500188828771,0.5187523669710851,0.48678041007900935,False
C1,forest,1,2,3,114736,1.0,4,0.37256896241096005,5783,0.4660618594461174,0.6874674372585913,0.18725823504671046,0.5153978423684826,0.48295118780708496,False
C2,forest,1,0,3,114736,0.35,2,0.35471450324414927,5783,0.4485026880158214,0.6504274616719196,0.27247813169816815,0.5662214709682107,0.5299601626504045,True
C2,forest,1,1,3,114736,0.7,2,0.35958898610168316,5783,0.45767012353871867,0.6729419203225919,0.22124028086958347,0.5369931105194927,0.5195060562814457,False
C2,forest,1,2,3,114736,1.0,4,0.3640971206718222,5783,0.45689027612195127,0.6691833613777819,0.2299151460987623,0.5423941924298459,0.5198534424611471,False
C3,forest,1,0,3,114736,0.35,2,0.37184291880757586,5783,0.45288466717718506,0.6591476908924169,0.2528397073143763,0.5494751388250654,0.5336050156144899,False
C3,forest,1,1,3,114736,0.7,2,0.37087402645542644,5783,0.46172163443180353,0.6814207636375786,0.20149242709822623,0.5190108925656018,0.5011316379590544,True
C3,forest,1,2,3,114736,1.0,4,0.3749131300088173,5783,0.46011909931847383,0.6779402329906595,0.20962875758112698,0.5250834764577228,0.5084420151671966,False
E2,forest,1,0,3,114736,0.35,2,0.35458937185487577,5783,0.4621447187524658,0.6757106722241969,0.2148188406038991,0.5367995923618976,0.5041961354211653,True
E2,forest,1,1,3,114736,0.7,2,0.35885185630479616,5783,0.4661328959374193,0.6961902130746663,0.16650280802189776,0.5099805830683629,0.4875194290626097,False
E2,forest,1,2,3,114736,1.0,4,0.3671733361897777,5783,0.46050616267889877,0.6849544546886893,0.19318920094409275,0.5235425256558462,0.5076898275077727,False
E3,forest,1,0,3,114736,0.35,2,0.35154983442169047,5783,0.4530778016151016,0.658331875456668,0.2546880569231187,0.5564262210368821,0.5276545733658352,True
E3,forest,1,1,3,114736,0.7,2,0.35646540817272304,5783,0.4510892466422874,0.6643044267409886,0.24110340110212647,0.5491585453319568,0.5349232136468913,False
E3,forest,1,2,3,114736,1.0,4,0.36444949827490963,5783,0.4565666943067901,0.6720411112912623,0.22332380171796484,0.5390329687385412,0.5187149651556096,False
E4,forest,1,0,3,114736,0.35,2,0.34577799590927977,5783,0.459226045614513,0.6762924413719986,0.21346621784196207,0.5371975129226453,0.5093288497049367,True
E4,forest,1,1,3,114736,0.7,2,0.3512225377753902,5783,0.45834909661951295,0.6846280060300651,0.19395806823864636,0.5266353715043843,0.5143695354388996,False
E4,forest,1,2,3,114736,1.0,4,0.3592315846401937,5783,0.46251320347078,0.689334001080793,0.18283884362220915,0.517997301889468,0.5026409705629212,False
G2,forest,1,0,3,114736,0.35,2,0.3654898055269766,5783,0.46084247931679395,0.6748729825708019,0.21676443790134237,0.5319579197987202,0.5132737726218832,False
G2,forest,1,1,3,114736,0.7,2,0.3622182003399897,5783,0.4614431915350499,0.685015339406795,0.19304576182651523,0.5194560420699141,0.4965511363753949,True
G2,forest,1,2,3,114736,1.0,4,0.3722492113360187,5783,0.4625495993151229,0.686056134163403,0.19059176778322018,0.5197969545942047,0.49572969587620386,False
G4,forest,1,0,3,114736,0.35,2,0.35940348829528607,5783,0.4559457484870684,0.6664808946379966,0.23612249240255967,0.5447969788691374,0.5325432697013355,True
G4,forest,1,1,3,114736,0.7,2,0.36237852217739674,5783,0.45746418662347316,0.6756318012054253,0.21500212740486935,0.5332542637959821,0.5262013979355906,False
G4,forest,1,2,3,114736,1.0,4,0.3657502274589233,5783,0.453975443823934,0.6732360794518644,0.22055930278809033,0.5335729078824473,0.5273009748344553,False
G2_SHUFFLED_s1009,forest,1,0,3,114736,0.35,2,0.3582326711173032,5783,0.45420220171783837,0.6684715194472552,0.2315526259254218,0.537636400390936,0.5380051181759705,True
G2_SHUFFLED_s1009,forest,1,1,3,114736,0.7,2,0.3623175901406159,5783,0.4597255737868923,0.6861667772762586,0.19033067349832933,0.5154336738214077,0.5116329573280659,False
G2_SHUFFLED_s1009,forest,1,2,3,114736,1.0,4,0.3726251808455359,5783,0.4635547547143804,0.6910428605881683,0.1787823355604039,0.5076496536366533,0.49616842438237374,False
G2_SHUFFLED_s2017,forest,1,0,3,114736,0.35,2,0.3624338502133893,5783,0.4633076179591014,0.6816588048807436,0.20093444311688546,0.5214958538280722,0.49849374473469393,True
G2_SHUFFLED_s2017,forest,1,1,3,114736,0.7,2,0.36479641879761077,5783,0.46289658634638325,0.6863721829634274,0.18984584799336102,0.5165069071550642,0.4970293617956428,False
G2_SHUFFLED_s2017,forest,1,2,3,114736,1.0,4,0.37133662053804484,5783,0.46780991518255477,0.6947410724805743,0.16996909496669688,0.5053045259514436,0.47890531701517397,False
G2_SHUFFLED_s3019,forest,1,0,3,114736,0.35,2,0.3624381442638747,5783,0.4546214170659731,0.6652898920860584,0.23885015400225673,0.5443777021134406,0.528639199732367,True
G2_SHUFFLED_s3019,forest,1,1,3,114736,0.7,2,0.3667980873581551,5783,0.4639658037859649,0.6886096996439703,0.1845551670634109,0.5123612632824546,0.5001814431358819,False
G2_SHUFFLED_s3019,forest,1,2,3,114736,1.0,4,0.37313168185739465,5783,0.46552931637994077,0.6881411572530847,0.185664476119197,0.512525108089829,0.497527909722039,False
E3_SHUFFLED_s1009,forest,1,0,3,114736,0.35,2,0.350134506175719,5783,0.4629182838205546,0.6798853928784674,0.20508675246114394,0.5300570358855973,0.49704692892485114,True
E3_SHUFFLED_s1009,forest,1,1,3,114736,0.7,2,0.35332572731210377,5783,0.46194641663248553,0.685765413377172,0.19127760653161952,0.5232968985545607,0.5051298300685573,False
E3_SHUFFLED_s1009,forest,1,2,3,114736,1.0,4,0.362903729744269,5783,0.4626231363675292,0.686146126969097,0.19037940704023437,0.5209483320380935,0.5084559935473416,False
E3_SHUFFLED_s2017,forest,1,0,3,114736,0.35,2,0.3522001151915329,5783,0.46027841003533376,0.6756888794738324,0.21486948648465332,0.5339944092613119,0.5078646701969592,True
E3_SHUFFLED_s2017,forest,1,1,3,114736,0.7,2,0.35393405486324686,5783,0.45774549219666916,0.6798274690152196,0.2052221943615391,0.5288857328429848,0.514703994254498,False
E3_SHUFFLED_s2017,forest,1,2,3,114736,1.0,4,0.36536873235202566,5783,0.46097147621267415,0.683560281897656,0.19647026262374467,0.5226805770180413,0.513703259624043,False
E3_SHUFFLED_s3019,forest,1,0,3,114736,0.35,2,0.35120730394680866,5783,0.4592573184852563,0.6725469137846719,0.2221542524577773,0.5397492425963768,0.5174698125549642,True
E3_SHUFFLED_s3019,forest,1,1,3,114736,0.7,2,0.35524382953590505,5783,0.4603243874627798,0.6851745787076453,0.1926705475596504,0.5221862463875536,0.510943181699477,False
E3_SHUFFLED_s3019,forest,1,2,3,114736,1.0,4,0.3651860826996211,5783,0.46237199036320475,0.6859032918985859,0.19095237386402408,0.5200233927775456,0.5085302601388056,False
E2_SHUFFLED_s1009,forest,1,0,3,114736,0.35,2,0.35008357010283725,5783,0.45794571623029057,0.6716332128358772,0.22426633000427687,0.5416446677407878,0.5178602508585215,True
E2_SHUFFLED_s1009,forest,1,1,3,114736,0.7,2,0.35569716419127767,5783,0.4652670293477502,0.6971936958058238,0.16409828462327003,0.5072303933079464,0.4974454093085057,False
E2_SHUFFLED_s1009,forest,1,2,3,114736,1.0,4,0.3645012290348116,5783,0.457284777284561,0.680560956405653,0.20350624726628175,0.5297780103791162,0.5254059460712627,False
E2_SHUFFLED_s2017,forest,1,0,3,114736,0.35,2,0.3522198479823247,5783,0.46232296352499486,0.6780208382157206,0.20944080048363556,0.5327215223210419,0.5107189718753151,True
E2_SHUFFLED_s2017,forest,1,1,3,114736,0.7,2,0.35826777509229596,5783,0.4650013212970676,0.6920563994978793,0.17637164155231688,0.5133390186230017,0.4987730327990716,False
E2_SHUFFLED_s2017,forest,1,2,3,114736,1.0,4,0.36441560668099565,5783,0.4612755969742394,0.6836198375744543,0.19633024032199808,0.5229521511068103,0.5047363226126762,False
E2_SHUFFLED_s3019,forest,1,0,3,114736,0.35,2,0.34978673821872325,5783,0.4575792638150104,0.6714005679323679,0.22480364479174286,0.5427850236506476,0.5242985029370156,True
E2_SHUFFLED_s3019,forest,1,1,3,114736,0.7,2,0.35678706820181194,5783,0.46281345322760564,0.6909427808688392,0.17902018269464892,0.5144231995727458,0.5084046987001717,False
E2_SHUFFLED_s3019,forest,1,2,3,114736,1.0,4,0.36002317346471524,5783,0.4590751228884864,0.6820923522090192,0.1999176795877835,0.5255443624953765,0.5120345539478383,False
E4_SHUFFLED_s1009,forest,1,0,3,114736,0.35,2,0.34296791026671264,5783,0.45522829613112914,0.6709380592615606,0.22587129817396745,0.5449620490516612,0.5180231788467637,True
E4_SHUFFLED_s1009,forest,1,1,3,114736,0.7,2,0.3486434947968455,5783,0.45280639435832815,0.6752429618431769,0.21590543076137525,0.5379472062941709,0.5284398492289557,False
E4_SHUFFLED_s1009,forest,1,2,3,114736,1.0,4,0.3559242070759931,5783,0.4634939682897208,0.6927441631443115,0.17473378915331406,0.5138623539441585,0.4905173717171323,False
E4_SHUFFLED_s2017,forest,1,0,3,114736,0.35,2,0.34070889397417997,5783,0.4560766479824264,0.6726946006140793,0.22181259544309762,0.5428826774034016,0.5198840414059708,True
E4_SHUFFLED_s2017,forest,1,1,3,114736,0.7,2,0.34931894754943843,5783,0.4607361042246177,0.6871593999412691,0.1879864112204802,0.524994221468096,0.4989779855779762,False
E4_SHUFFLED_s2017,forest,1,2,3,114736,1.0,4,0.3577055766915594,5783,0.4628287889568375,0.6906799291378968,0.17964470595463167,0.5156742246873672,0.49662631846552135,False
E4_SHUFFLED_s3019,forest,1,0,3,114736,0.35,2,0.3455766562809816,5783,0.45958143757141456,0.6785805175260455,0.20813511128045958,0.5330842309515876,0.5099976710962534,True
E4_SHUFFLED_s3019,forest,1,1,3,114736,0.7,2,0.35042480184152813,5783,0.45799292056187413,0.6840200250239548,0.19538903683261433,0.5277787092235702,0.5145239526830043,False
E4_SHUFFLED_s3019,forest,1,2,3,114736,1.0,4,0.35811658650400174,5783,0.4603045112759262,0.68809762794408,0.18576749667287273,0.5202382260400187,0.50198331371049,False
G4_SHUFFLED_s1009,forest,1,0,3,114736,0.35,2,0.3525789596193421,5783,0.4574612931117888,0.6692505220230839,0.22976056368071684,0.5441630547659069,0.5225150935660885,True
G4_SHUFFLED_s1009,forest,1,1,3,114736,0.7,2,0.3588414939812013,5783,0.46035041661401666,0.6823265985529287,0.19936805155181558,0.5268069353367762,0.5171917730538391,False
G4_SHUFFLED_s1009,forest,1,2,3,114736,1.0,4,0.36725654539488234,5783,0.460178240733343,0.6817659576232559,0.20068320658947358,0.5254674645512074,0.5216211991457456,False
G4_SHUFFLED_s2017,forest,1,0,3,114736,0.35,2,0.3548384879703717,5783,0.457102204664271,0.670069764513048,0.22787367956057236,0.5409080274994071,0.5249706040745501,True
G4_SHUFFLED_s2017,forest,1,1,3,114736,0.7,2,0.35609107728377065,5783,0.4602695890451424,0.6849667793424744,0.19316016615744258,0.5204083171847634,0.5146940962955634,False
G4_SHUFFLED_s2017,forest,1,2,3,114736,1.0,4,0.36268922610008625,5783,0.457607451377074,0.678465599111447,0.2084032950840643,0.5295780297514671,0.5228679800837767,False
G4_SHUFFLED_s3019,forest,1,0,3,114736,0.35,2,0.35371503067491467,5783,0.4571197473468793,0.6700727412392098,0.2278668193384129,0.5402288340434797,0.5147132702148175,True
G4_SHUFFLED_s3019,forest,1,1,3,114736,0.7,2,0.3608376762230369,5783,0.4656596702488044,0.6910656432217883,0.178728186069395,0.5125537578109669,0.4930863827395148,False
G4_SHUFFLED_s3019,forest,1,2,3,114736,1.0,4,0.3686616931769833,5783,0.4628489366934573,0.6879848473117145,0.18603438360098568,0.5154472334455601,0.4980473669586103,False
S1,forest,1,0,3,114736,0.35,2,0.3886372567851039,5783,0.5033196742886591,0.7202402278031459,0.1079215205811056,0.48141486856690163,0.4736385842943001,False
S1,forest,1,1,3,114736,0.7,2,0.3881458076797944,5783,0.500822816532677,0.7231223369704115,0.10076776368550977,0.4799608367010124,0.484290330838168,False
S1,forest,1,2,3,114736,1.0,4,0.38700172408595784,5783,0.49292422286704557,0.7172372922727183,0.11534479274692022,0.482657831043602,0.49689114717129496,True
S2,forest,1,0,3,114736,0.35,2,0.37643441187009347,5783,0.48206804384420254,0.7019692843762863,0.15260766301170814,0.5101120899027006,0.4841991844889094,True
S2,forest,1,1,3,114736,0.7,2,0.383570772455881,5783,0.48017741883452225,0.7130761458783117,0.12557990305495825,0.50048371547678,0.4706990800408145,False
S2,forest,1,2,3,114736,1.0,4,0.3801184326525844,5783,0.4708481600794586,0.7010947448980472,0.15471777363169814,0.5123211249715647,0.4882169293530714,False
S3,forest,1,0,3,114736,0.35,2,0.40007256587183754,5783,0.5110092046454742,0.7414957715851159,0.05449099128971868,0.43504773673198305,0.3889138962958119,False
S3,forest,1,1,3,114736,0.7,2,0.4012182888133006,5783,0.4986913489625386,0.7193612734400529,0.110097510759121,0.4710421717642386,0.4699907140161684,False
S3,forest,1,2,3,114736,1.0,4,0.3973561282577067,5783,0.49869534527127757,0.7233279502587382,0.10025631389588263,0.46506804509248967,0.4575604162244082,True
S4,forest,1,0,3,114736,0.35,2,0.39894311725735204,5783,0.495367927753346,0.7121826835584434,0.12776977285974223,0.478878926704753,0.4696348857907223,False
S4,forest,1,1,3,114736,0.7,2,0.40041101299528464,5783,0.49249816546867226,0.7076213432065825,0.13890679790055604,0.4894568503265139,0.498594323735317,False
S4,forest,1,2,3,114736,1.0,4,0.3984509969525966,5783,0.49796772782748855,0.7210435471313502,0.1059304528788727,0.46789551373250776,0.4737175165021479,True
S5,forest,1,0,3,114736,0.35,2,0.3919919497408117,5783,0.4847979625131396,0.6839965764010602,0.1954442009944094,0.5293096615198939,0.5148444892951423,True
S5,forest,1,1,3,114736,0.7,2,0.39547375229798193,5783,0.4917889582156641,0.7012382765954814,0.1543716372135886,0.5042709758882811,0.4994234681915203,False
S5,forest,1,2,3,114736,1.0,4,0.3988105094886584,5783,0.4867432148451306,0.6980797073228077,0.1619723642375558,0.5061757082254158,0.5090604136481662,False
S4_SHUFFLED_s1009,forest,1,0,3,114736,0.35,2,0.3961777119698405,5783,0.49580648837429886,0.7100566819629615,0.13296954837601271,0.48138632646217,0.4739366779731297,False
S4_SHUFFLED_s1009,forest,1,1,3,114736,0.7,2,0.39453354426065784,5783,0.4933439610081597,0.7126079367426398,0.12672782272503547,0.48270467133481226,0.4894356277433811,False
S4_SHUFFLED_s1009,forest,1,2,3,114736,1.0,4,0.3931730313004886,5783,0.49261027953464803,0.7153146960041417,0.12008117560221554,0.47778308304007544,0.49513794944103545,True
S4_SHUFFLED_s2017,forest,1,0,3,114736,0.35,2,0.40183498398142053,5783,0.49590413407613004,0.7110837074961597,0.13045958989904216,0.4826559902900222,0.4760589804156258,False
S4_SHUFFLED_s2017,forest,1,1,3,114736,0.7,2,0.3984793671732585,5783,0.49226429741574695,0.7091522139275335,0.13517698305697268,0.4896505825827575,0.49423906565866227,False
S4_SHUFFLED_s2017,forest,1,2,3,114736,1.0,4,0.3976135693117575,5783,0.49022958783864257,0.7095587074970584,0.13418524745235094,0.49004908896201443,0.5004034424384927,True
S4_SHUFFLED_s3019,forest,1,0,3,114736,0.35,2,0.4005290390747455,5783,0.4944766810151988,0.7056359006531732,0.14373212612019381,0.48994983973675865,0.4861947733328424,False
S4_SHUFFLED_s3019,forest,1,1,3,114736,0.7,2,0.4008379465716974,5783,0.4952268591404411,0.7123570044351709,0.12734272920986833,0.48287141378547416,0.48713099586644737,False
S4_SHUFFLED_s3019,forest,1,2,3,114736,1.0,4,0.39717529201619756,5783,0.4925918985127129,0.7091518125692546,0.13517796198299858,0.4891703643176779,0.4975352173858616,True
S5_SHUFFLED_s1009,forest,1,0,3,114736,0.35,2,0.3930851820957404,5783,0.4979968111378694,0.7108908419720964,0.1309312126407659,0.4880485697475471,0.4790889346414712,True
S5_SHUFFLED_s1009,forest,1,1,3,114736,0.7,2,0.3959561785092058,5783,0.4980723052329102,0.7176792521644538,0.1142542120285035,0.4798573794714689,0.4796576421411737,False
S5_SHUFFLED_s1009,forest,1,2,3,114736,1.0,4,0.3955619760431746,5783,0.4967803410400328,0.7195520532318148,0.10962543106652112,0.4745436504677508,0.4850627376064867,False
S5_SHUFFLED_s2017,forest,1,0,3,114736,0.35,2,0.3926091457523291,5783,0.4986694577422681,0.7113313298543095,0.12985388023400068,0.48897682559291955,0.4720864904600955,False
S5_SHUFFLED_s2017,forest,1,1,3,114736,0.7,2,0.3955860095007962,5783,0.5032613015162508,0.7257868964464533,0.09412857651697815,0.46992624573005637,0.4679412747366318,False
S5_SHUFFLED_s2017,forest,1,2,3,114736,1.0,4,0.39190269469600586,5783,0.4912079238966543,0.7108938465243496,0.13092386645497467,0.48844399323164844,0.4940176571922188,True
S5_SHUFFLED_s3019,forest,1,0,3,114736,0.35,2,0.3912097621921536,5783,0.4971494268392972,0.708289293142486,0.1372803952618079,0.4932237462989285,0.48776773609704704,True
S5_SHUFFLED_s3019,forest,1,1,3,114736,0.7,2,0.3931854926206995,5783,0.49879937390772894,0.7201267785201373,0.10820253152501191,0.47752170072375355,0.4860386786673002,False
S5_SHUFFLED_s3019,forest,1,2,3,114736,1.0,4,0.3951592815715848,5783,0.49328710147531385,0.7156102794735242,0.11935382245923554,0.48002354858724067,0.4967054306065405,False
B0_trivial,mean,1,0,3,114736,0.0,0,0.6513743071193793,5783,0.681088853682641,0.9909925540347919,-0.6888422928770943,,,True
B1_ridge_A2,ridge,1,0,3,114736,1.0,0,0.5023721296277407,5783,0.42479825792507914,0.6059624906442348,0.3685487933566617,0.6119221882888677,0.614406104848389,True
B1_ridge_A2,ridge,1,1,3,114736,10.0,0,0.5030258206361058,5783,0.424538712608355,0.6052435329652861,0.37004630311872144,0.6127766510038408,0.6137913372328452,False
B1_ridge_A2,ridge,1,2,3,114736,100.0,0,0.5113096436894279,5783,0.4332376605028662,0.6088585369159538,0.3624986437951421,0.6069632680018049,0.5952317538553483,False
B2_ridge_A5,ridge,1,0,3,114736,1.0,0,0.6170606670071016,5783,0.5067187513944331,0.6990191427374294,0.15971530801776546,0.5098110425373285,0.5111905274567875,False
B2_ridge_A5,ridge,1,1,3,114736,10.0,0,0.6016003970393698,5783,0.4923855088582247,0.6859715153075735,0.19079142192582466,0.5175955344971257,0.5205900199978503,False
B2_ridge_A5,ridge,1,2,3,114736,100.0,0,0.5896244767520721,5783,0.4776318921708072,0.6770559266738797,0.211689335801439,0.5065177628792163,0.5186892007136041,True
A0,forest,2,0,3,124743,0.35,2,0.6012432391559797,5784,0.6115711228268194,0.9010300248120927,-0.6744446570892142,-0.08425791176343961,-0.1413086693995911,True
A0,forest,2,1,3,124743,0.7,2,0.6012432391559797,5784,0.6115711228268194,0.9010300248120927,-0.6744446570892142,-0.0416745146133794,-0.0642697945842533,False
A0,forest,2,2,3,124743,1.0,4,0.6012432391559797,5784,0.6115711228268194,0.9010300248120927,-0.6744446570892142,0.04494636104995083,0.041603072939006676,False
A1,forest,2,0,3,124743,0.35,2,0.3589109844461149,5784,0.421914508691717,0.5968987700187497,0.26515855964280255,0.575052279460216,0.5274028678070971,False
A1,forest,2,1,3,124743,0.7,2,0.35517019762487706,5784,0.42208939681177793,0.6003243335568613,0.25669994210992153,0.5710790176848956,0.5311126523358228,True
A1,forest,2,2,3,124743,1.0,4,0.3572705881937761,5784,0.422671493435451,0.5996500215709578,0.25836882213231127,0.572854085571249,0.5293926938955469,False
A2,forest,2,0,3,124743,0.35,2,0.3623446259135435,5784,0.4427330643817001,0.6318065903202079,0.1766953369892159,0.5224420771659041,0.506605301854658,True
A2,forest,2,1,3,124743,0.7,2,0.3740155827764585,5784,0.4530477695532334,0.6450788337924975,0.141742008277417,0.5092738609985895,0.4946785913666942,False
A2,forest,2,2,3,124743,1.0,4,0.38314021868928455,5784,0.45694855789231686,0.6508474019048491,0.12632356317294513,0.49909878947025005,0.4820467334384314,False
A3,forest,2,0,3,124743,0.35,2,0.37544757601246265,5784,0.4100878339892974,0.5773143822275931,0.312588132380458,0.5914579115529576,0.5583780864279996,False
A3,forest,2,1,3,124743,0.7,2,0.3699362132425214,5784,0.41866304471477045,0.5922791959336423,0.27648885058217343,0.5723593354029805,0.5403913333707729,False
A3,forest,2,2,3,124743,1.0,4,0.36960780381595415,5784,0.4227748409072227,0.598638048158918,0.2608698734883733,0.5649179855259089,0.5317746970956839,True
A4,forest,2,0,3,124743,0.35,2,0.3690068278875525,5784,0.4332501375661196,0.6169532365682877,0.21495099841161536,0.5394012935548731,0.5316291082267557,True
A4,forest,2,1,3,124743,0.7,2,0.37881151590739615,5784,0.44745396049402086,0.6406199033530633,0.15356594743789143,0.5128142222407567,0.5170108015566933,False
A4,forest,2,2,3,124743,1.0,4,0.3865534610927443,5784,0.4536374835604346,0.6490003891449591,0.13127526708418402,0.4999840557571684,0.5008665300509866,False
A5,forest,2,0,3,124743,0.35,2,0.374284760847052,5784,0.4208468679597615,0.594363703568786,0.2713871401261351,0.575137900172245,0.5387280984797963,True
A5,forest,2,1,3,124743,0.7,2,0.3836882369596473,5784,0.43650178728620775,0.6168519087848602,0.21520884856334788,0.5486137026109947,0.49994144013763375,False
A5,forest,2,2,3,124743,1.0,4,0.3871255876818417,5784,0.4480161949508134,0.6337867682672204,0.17152652567772053,0.5204819365419495,0.47171887798596407,False
A6,forest,2,0,3,124743,0.35,2,0.3755621496927276,5784,0.42915681567540387,0.6092494350591078,0.2344341681597215,0.5500926052415025,0.5366462025789931,True
A6,forest,2,1,3,124743,0.7,2,0.3841650239859772,5784,0.4348838751172985,0.6161011568085689,0.21711797767759378,0.5489005333699133,0.5143682752739868,False
A6,forest,2,2,3,124743,1.0,4,0.39069163347989,5784,0.44893882236994365,0.6372049181847942,0.16256615268683328,0.5149840010820141,0.4900402955931026,False
A2+D1,forest,2,0,3,124743,0.35,2,0.36634281222542037,5784,0.42699615590167206,0.6063554026026147,0.24169001470083462,0.5553219968003918,0.5331962211466296,True
A2+D1,forest,2,1,3,124743,0.7,2,0.38077138746206785,5784,0.4417073950298086,0.6283501684578273,0.18567879595375225,0.5320724983332988,0.518262030874449,False
A2+D1,forest,2,2,3,124743,1.0,4,0.3850679724065582,5784,0.44783123971670014,0.6370397627732233,0.16300020083711242,0.518520809265945,0.500916784751841,False
A2+D2,forest,2,0,3,124743,0.35,2,0.3656362767707185,5784,0.4371010543551861,0.6244061383253476,0.19586938043993896,0.5293573220992712,0.5214111340030332,True
A2+D2,forest,2,1,3,124743,0.7,2,0.38042713138715584,5784,0.45128761799197886,0.6435499695672038,0.1458054031171676,0.5097236573699269,0.5049705175347917,False
A2+D2,forest,2,2,3,124743,1.0,4,0.3886013358855528,5784,0.4521954240866208,0.6433724404696336,0.14627661277255666,0.5107133824773145,0.48359527013101344,False
A2+D3,forest,2,0,3,124743,0.35,2,0.3634368703109824,5784,0.4319094460422576,0.6089591969796464,0.23516340455552975,0.562988103385976,0.4959700153915672,True
A2+D3,forest,2,1,3,124743,0.7,2,0.3742810137871919,5784,0.43989716888094105,0.6194409826031207,0.20860711372267915,0.5572297393493832,0.46943369929832285,False
A2+D3,forest,2,2,3,124743,1.0,4,0.38523919885284985,5784,0.4582954663058494,0.6465489885882083,0.13782555699947696,0.5090857885120208,0.4516321716653193,False
A2+D4,forest,2,0,3,124743,0.35,2,0.36687309692632303,5784,0.4371041177923843,0.6232798850785276,0.19876761571429724,0.5325350235751977,0.5195872681233874,True
A2+D4,forest,2,1,3,124743,0.7,2,0.3786234269788716,5784,0.4531024794636528,0.6471563813261683,0.1362048770926494,0.5035721895396625,0.4976955252346469,False
A2+D4,forest,2,2,3,124743,1.0,4,0.3885141727173049,5784,0.45878967287236955,0.6552445889939721,0.11447840178537028,0.49208845355084724,0.4746518468358052,False
A2+D5,forest,2,0,3,124743,0.35,2,0.36673502129050495,5784,0.44156902578206164,0.6297282024234772,0.18210310570694777,0.5253973935648601,0.5109163790028928,True
A2+D5,forest,2,1,3,124743,0.7,2,0.37816564129868563,5784,0.45743293652698425,0.6546917446127272,0.1159720398063232,0.4940735552991156,0.4962817561143161,False
A2+D5,forest,2,2,3,124743,1.0,4,0.3871129512055546,5784,0.4602144331597364,0.6567636183859674,0.11036789848909534,0.49130833522540557,0.4824641833035968,False
A5_SHUFFLED_s1009,forest,2,0,3,124743,0.35,2,0.3703329104579589,5784,0.43022409779404747,0.6093122363104739,0.23427633142673732,0.5500481358998504,0.5370712205563377,True
A5_SHUFFLED_s1009,forest,2,1,3,124743,0.7,2,0.38375927420062866,5784,0.4429128662689093,0.6270821560956071,0.18896208460850838,0.5330196121969281,0.5156654574900443,False
A5_SHUFFLED_s1009,forest,2,2,3,124743,1.0,4,0.3904509520732178,5784,0.4443313123650964,0.6271565836123238,0.1887695512389922,0.5330163307309668,0.5011036108520653,False
A5_SHUFFLED_s2017,forest,2,0,3,124743,0.35,2,0.3701167606230058,5784,0.4304313314925568,0.6112409247905567,0.22942108745051049,0.54742566350497,0.5367487086826901,True
A5_SHUFFLED_s2017,forest,2,1,3,124743,0.7,2,0.3752019695571527,5784,0.43598954980354415,0.6188754050576404,0.21005160874940154,0.542694999548297,0.5215312585704378,False
A5_SHUFFLED_s2017,forest,2,2,3,124743,1.0,4,0.38672918176973603,5784,0.441184336615358,0.6232344392750876,0.1988844535036195,0.5384021076532322,0.5072214845649355,False
A5_SHUFFLED_s3019,forest,2,0,3,124743,0.35,2,0.3733259051271575,5784,0.43340903525008,0.6145266140998508,0.2211144188847285,0.5409776529236846,0.5216926086902636,True
A5_SHUFFLED_s3019,forest,2,1,3,124743,0.7,2,0.38392020559338547,5784,0.44547681735964223,0.6325567758808702,0.17473904860343514,0.5221917198309962,0.5023052661988343,False
A5_SHUFFLED_s3019,forest,2,2,3,124743,1.0,4,0.38794079167951767,5784,0.44645221507115873,0.6321364106273831,0.17583553755900194,0.5236145943847583,0.48955538222517164,False
A5s,forest,2,0,3,124743,0.35,2,0.37712868242176434,5784,0.4164201289300086,0.5881593678271919,0.2865191698503431,0.5806183667318097,0.54808387558805,True
A5s,forest,2,1,3,124743,0.7,2,0.38668226828822044,5784,0.43298054394467855,0.6113524371619757,0.22913989907879306,0.5543554526449825,0.5080488918084687,False
A5s,forest,2,2,3,124743,1.0,4,0.39275381762979933,5784,0.44294598414523007,0.6268394239542439,0.1895898392546418,0.5275140587935102,0.494431158627153,False
A6s,forest,2,0,3,124743,0.35,2,0.3825648717685968,5784,0.4208207512594596,0.5936008531178125,0.2732562514241602,0.5695987942824555,0.5526145874922785,True
A6s,forest,2,1,3,124743,0.7,2,0.38954762914189717,5784,0.43906877451875204,0.6200540875456761,0.207039742413209,0.5369148466341309,0.5122364971521282,False
A6s,forest,2,2,3,124743,1.0,4,0.39559223674732613,5784,0.4502094360434463,0.6382341292778843,0.15985872766046272,0.5088943276747181,0.4971830470848689,False
C1,forest,2,0,3,124743,0.35,2,0.3812746253581451,5784,0.4198482258046354,0.5922506066039612,0.27655869669426125,0.575060963994433,0.5365807035187444,True
C1,forest,2,1,3,124743,0.7,2,0.38786160818221843,5784,0.43305266194403236,0.6114239903076489,0.22895944443568617,0.5534888779729902,0.5101510714926701,False
C1,forest,2,2,3,124743,1.0,4,0.392942146039622,5784,0.4450397281558365,0.6292508896233119,0.1833425124958038,0.525916044308673,0.4819288457822493,False
C2,forest,2,0,3,124743,0.35,2,0.3668014304559946,5784,0.42261731412155434,0.5964757176092969,0.2661998292535749,0.5699650068047095,0.5327675781453013,True
C2,forest,2,1,3,124743,0.7,2,0.3756411027701262,5784,0.4427607334361131,0.6279076264901797,0.18682543177152788,0.5268700008488287,0.4981270904301487,False
C2,forest,2,2,3,124743,1.0,4,0.3821660929215633,5784,0.4497529119558498,0.6399789902165622,0.155258743216234,0.5091842326318831,0.4910633077735943,False
C3,forest,2,0,3,124743,0.35,2,0.379045485713396,5784,0.41154951086757274,0.5803172279541148,0.30541852011662807,0.5893926649585454,0.5618597935651786,True
C3,forest,2,1,3,124743,0.7,2,0.3861034016845842,5784,0.4276940165979186,0.6033915273984984,0.2490851600427626,0.5614520284020101,0.5241659307507358,False
C3,forest,2,2,3,124743,1.0,4,0.3905830433290359,5784,0.43873219238150346,0.620952123997869,0.20474115940193405,0.5337996697777371,0.5069860685989691,False
E2,forest,2,0,3,124743,0.35,2,0.3717749556407351,5784,0.447165152055236,0.6356130590632588,0.16674506446515058,0.5110854850438616,0.48407618940649855,True
E2,forest,2,1,3,124743,0.7,2,0.3825253838187313,5784,0.4592023646887837,0.6556058490335084,0.11350169244611208,0.4909716064331111,0.4688505309837549,False
E2,forest,2,2,3,124743,1.0,4,0.38937131926707014,5784,0.4594890317328045,0.6539858277715179,0.1178774060841643,0.49280942759122637,0.46371426113913,False
E3,forest,2,0,3,124743,0.35,2,0.3622415833451007,5784,0.42830705480127373,0.6064459539269793,0.24146351024374624,0.554186592830075,0.529562786127936,True
E3,forest,2,1,3,124743,0.7,2,0.3743716620155201,5784,0.4426648272984303,0.6275671137701878,0.18770715765699075,0.5288873137790344,0.5071497898069648,False
E3,forest,2,2,3,124743,1.0,4,0.3805403907564988,5784,0.4467529547006034,0.6350176889738481,0.16830533046553398,0.519373426197554,0.4940256400553832,False
E4,forest,2,0,3,124743,0.35,2,0.36866764354757225,5784,0.4409753215041686,0.6254554612636197,0.19316440476738284,0.5322562677008171,0.5042680483019956,True
E4,forest,2,1,3,124743,0.7,2,0.37704428674935747,5784,0.4560897046644822,0.6501719510423455,0.1281360288424911,0.5011443932246102,0.49152144953736254,False
E4,forest,2,2,3,124743,1.0,4,0.3855138744367656,5784,0.4599568382668354,0.6542736142561779,0.11710087911443068,0.49440280788070756,0.47564283357825715,False
G2,forest,2,0,3,124743,0.35,2,0.3779236004210586,5784,0.43648627640793713,0.6221344145661837,0.20170993659217828,0.5288058096328645,0.5223828928804686,True
G2,forest,2,1,3,124743,0.7,2,0.38863254008391235,5784,0.44978483936576613,0.6382502064763241,0.1598164005975361,0.513604241014799,0.48755398768482294,False
G2,forest,2,2,3,124743,1.0,4,0.3934862014226641,5784,0.454882540381744,0.6469583304833912,0.13673349484165365,0.5034644479962339,0.46536909684085925,False
G4,forest,2,0,3,124743,0.35,2,0.37339925057523576,5784,0.43398932812447943,0.6199368445259057,0.20733958807987185,0.5328092805404626,0.5386628880052237,True
G4,forest,2,1,3,124743,0.7,2,0.3808305021391868,5784,0.45002990948688143,0.6462852902548861,0.1385286981501772,0.5021945170210982,0.5080463890910852,False
G4,forest,2,2,3,124743,1.0,4,0.3893457925343545,5784,0.45525792909207335,0.6535251560394407,0.11911971379657316,0.49341064030591175,0.4931771217291117,False
G2_SHUFFLED_s1009,forest,2,0,3,124743,0.35,2,0.372375896034933,5784,0.4267512924905084,0.6033702865570798,0.24913802715000488,0.5596230255976393,0.5379906778236062,True
G2_SHUFFLED_s1009,forest,2,1,3,124743,0.7,2,0.3829979674323917,5784,0.43719522668779964,0.6180863423167469,0.21206468431719483,0.5440202605954182,0.5194497374146017,False
G2_SHUFFLED_s1009,forest,2,2,3,124743,1.0,4,0.38874362289102204,5784,0.44002036714107606,0.6213150157356382,0.2038113705179957,0.5400516068272566,0.5075827977116438,False
G2_SHUFFLED_s2017,forest,2,0,3,124743,0.35,2,0.37381278446270577,5784,0.4319734062603594,0.6123602134281594,0.22659637503262575,0.5454368778081656,0.533422777082286,True
G2_SHUFFLED_s2017,forest,2,1,3,124743,0.7,2,0.3807894485808311,5784,0.439426851176512,0.6224132724356548,0.20099414479236233,0.538874058600961,0.5171744995361464,False
G2_SHUFFLED_s2017,forest,2,2,3,124743,1.0,4,0.38891056900902127,5784,0.4407125430426984,0.6225452346548439,0.20065530316459934,0.5405349402825935,0.5063008557107187,False
G2_SHUFFLED_s3019,forest,2,0,3,124743,0.35,2,0.37688930274852195,5784,0.4317752215847877,0.6089117769948881,0.2352825164032626,0.5505075746858553,0.5244749155095616,True
G2_SHUFFLED_s3019,forest,2,1,3,124743,0.7,2,0.38351443735065416,5784,0.44221364532154117,0.6259993938968104,0.19176045175059653,0.531964424398696,0.5028849016432835,False
G2_SHUFFLED_s3019,forest,2,2,3,124743,1.0,4,0.3922402252291884,5784,0.4484211947852165,0.6335268855912372,0.1722058133228489,0.521105290786478,0.4815023198592,False
E3_SHUFFLED_s1009,forest,2,0,3,124743,0.35,2,0.3664729527874006,5784,0.4295723266693206,0.6104712111938202,0.23136058983600694,0.5515307843970825,0.5356984051243562,True
E3_SHUFFLED_s1009,forest,2,1,3,124743,0.7,2,0.37585554226479734,5784,0.4429420996755725,0.6302381561800037,0.18077790390839443,0.5272344534857465,0.5109788572385114,False
E3_SHUFFLED_s1009,forest,2,2,3,124743,1.0,4,0.38334884700360267,5784,0.4431098595316073,0.6294328682810704,0.18287009131877863,0.5291782454750765,0.506040918934057,False
E3_SHUFFLED_s2017,forest,2,0,3,124743,0.35,2,0.36425784170941533,5784,0.4314405733645519,0.6142748630924842,0.22175245492869977,0.5405166221268903,0.5296743216523422,True
E3_SHUFFLED_s2017,forest,2,1,3,124743,0.7,2,0.37458883014031746,5784,0.44588756831849724,0.6350160782956926,0.16830954953142985,0.5178221387887899,0.5087031238840038,False
E3_SHUFFLED_s2017,forest,2,2,3,124743,1.0,4,0.38332577008963475,5784,0.4452077127990791,0.6323446047116409,0.17529257114037278,0.5243229915899567,0.4972319570806928,False
E3_SHUFFLED_s3019,forest,2,0,3,124743,0.35,2,0.36809388063460924,5784,0.4304653566227746,0.6104805034111888,0.2313371901450645,0.5506309325115144,0.523725477225653,True
E3_SHUFFLED_s3019,forest,2,1,3,124743,0.7,2,0.3772025248712293,5784,0.44099272839962195,0.6257533076156765,0.19239578006737457,0.5336441417912126,0.5059960437918009,False
E3_SHUFFLED_s3019,forest,2,2,3,124743,1.0,4,0.3853587129181609,5784,0.44219306862301105,0.6265469783382374,0.19034584024766166,0.5349981165808334,0.4985163226725756,False
E2_SHUFFLED_s1009,forest,2,0,3,124743,0.35,2,0.3664222038062463,5784,0.4371267525296928,0.6223003821393944,0.20128395810992084,0.5340499892954336,0.5153483252376905,True
E2_SHUFFLED_s1009,forest,2,1,3,124743,0.7,2,0.3786880748045797,5784,0.448929671534955,0.6377944075815624,0.1610159866244507,0.5174634251478204,0.5006166962243174,False
E2_SHUFFLED_s1009,forest,2,2,3,124743,1.0,4,0.38619365134477807,5784,0.4536914318040608,0.6438154412203297,0.14510052786612537,0.509174223789976,0.4854353025280326,False
E2_SHUFFLED_s2017,forest,2,0,3,124743,0.35,2,0.36535816657369985,5784,0.4387606375042469,0.6264740661717506,0.19053427050435112,0.5261993125981851,0.5120406446382352,True
E2_SHUFFLED_s2017,forest,2,1,3,124743,0.7,2,0.3780186049618457,5784,0.4515838368568596,0.6438559228104072,0.1449930163782135,0.5071725836119294,0.49642612347417225,False
E2_SHUFFLED_s2017,forest,2,2,3,124743,1.0,4,0.38813042885236054,5784,0.4531470000195585,0.6430123401354121,0.1472320159680044,0.5097747009170073,0.48312036373391726,False
E2_SHUFFLED_s3019,forest,2,0,3,124743,0.35,2,0.36735727941313434,5784,0.436982047815168,0.6199576872500978,0.20728628755348144,0.5377356382976993,0.5080094295055105,True
E2_SHUFFLED_s3019,forest,2,1,3,124743,0.7,2,0.37861840681005965,5784,0.4500015330832367,0.6392781814324482,0.15710779753287074,0.5152140538573053,0.493225859993448,False
E2_SHUFFLED_s3019,forest,2,2,3,124743,1.0,4,0.3866343953274806,5784,0.45148351700093686,0.6402360687155694,0.15457994458366398,0.5137108869222207,0.4889729698368844,False
E4_SHUFFLED_s1009,forest,2,0,3,124743,0.35,2,0.3646779736407905,5784,0.440714597109709,0.6281087222792557,0.18630448837080327,0.5268136559787826,0.5090592347265478,True
E4_SHUFFLED_s1009,forest,2,1,3,124743,0.7,2,0.3751757329989925,5784,0.4578827287096601,0.653157412945265,0.12011078965061206,0.49713213707223713,0.49089337915608117,False
E4_SHUFFLED_s1009,forest,2,2,3,124743,1.0,4,0.38376418092434456,5784,0.4544576425706563,0.6461072609523202,0.13900324403164366,0.5061182843548448,0.480962176837609,False
E4_SHUFFLED_s2017,forest,2,0,3,124743,0.35,2,0.36697419042504836,5784,0.4406327165765622,0.6254392347659645,0.19320626848711164,0.5312937946670182,0.5027451939405415,True
E4_SHUFFLED_s2017,forest,2,1,3,124743,0.7,2,0.3746022801296853,5784,0.4538168688953901,0.6477895347818435,0.13451384097427654,0.5035243485201207,0.4948512965190136,False
E4_SHUFFLED_s2017,forest,2,2,3,124743,1.0,4,0.38532606045902396,5784,0.45760065593772326,0.6521313197733172,0.12287318388335544,0.49845989160556603,0.47893509356876124,False
E4_SHUFFLED_s3019,forest,2,0,3,124743,0.35,2,0.36539400946083966,5784,0.4418062352135154,0.6283477143022992,0.18568515695143217,0.5271320659872584,0.503751900910577,True
E4_SHUFFLED_s3019,forest,2,1,3,124743,0.7,2,0.37381043697877,5784,0.4564970020291869,0.6502905617829785,0.1278178918821402,0.5003355767460114,0.48463239330547475,False
E4_SHUFFLED_s3019,forest,2,2,3,124743,1.0,4,0.38497299805452084,5784,0.4580801315622229,0.6511281855386796,0.1255695708860728,0.49975944020605256,0.4754422810551574,False
G4_SHUFFLED_s1009,forest,2,0,3,124743,0.35,2,0.36947666650204497,5784,0.4323818238560392,0.6137148957848026,0.22317069479547458,0.5443644955621236,0.5345527881127332,True
G4_SHUFFLED_s1009,forest,2,1,3,124743,0.7,2,0.3788783489981527,5784,0.4418544822563124,0.626952747817498,0.18929679096087804,0.533121337333559,0.518924524542852,False
G4_SHUFFLED_s1009,forest,2,2,3,124743,1.0,4,0.3866195558854347,5784,0.44441814772086485,0.6293642219350544,0.18304831500714913,0.530005774824703,0.5048785302565795,False
G4_SHUFFLED_s2017,forest,2,0,3,124743,0.35,2,0.36594293040257936,5784,0.43006316223036994,0.6119189548756947,0.2277105819941646,0.5448282852484801,0.5368090315057429,True
G4_SHUFFLED_s2017,forest,2,1,3,124743,0.7,2,0.37688979511364795,5784,0.44199734517433736,0.6283600823700249,0.18565309954111398,0.5273119304413633,0.5145509390972667,False
G4_SHUFFLED_s2017,forest,2,2,3,124743,1.0,4,0.38497419190272963,5784,0.4437757353695099,0.6304264217803559,0.1802883925250297,0.5258104930078533,0.5066045594997499,False
G4_SHUFFLED_s3019,forest,2,0,3,124743,0.35,2,0.36976674686191563,5784,0.43482026173676963,0.6191787885422508,0.20927692604032067,0.5337507690727101,0.5335153055518301,True
G4_SHUFFLED_s3019,forest,2,1,3,124743,0.7,2,0.3786899948127377,5784,0.4444047128581463,0.6323495467476156,0.17527968022716367,0.5214624421498036,0.5117512459598131,False
G4_SHUFFLED_s3019,forest,2,2,3,124743,1.0,4,0.3872221842662904,5784,0.44454248538412433,0.6304800484344788,0.1801489305387418,0.5245102512540132,0.49858037831991614,False
S1,forest,2,0,3,124743,0.35,2,0.40989225509582866,5784,0.46566460990014136,0.6520735991744805,0.12302844722671735,0.487691722759364,0.5104693779920256,True
S1,forest,2,1,3,124743,0.7,2,0.42042228727191616,5784,0.4719981481864593,0.6626643423821353,0.09431020158333825,0.47461013063900764,0.5077313998519747,False
S1,forest,2,2,3,124743,1.0,4,0.4152859368499574,5784,0.45848542455077407,0.6449804408770329,0.14200380594106055,0.4967757783741088,0.5225058629669405,False
S2,forest,2,0,3,124743,0.35,2,0.36401237271726383,5784,0.44469329932216495,0.6386936734611147,0.15864844757253826,0.5246454786753829,0.5116875491690587,True
S2,forest,2,1,3,124743,0.7,2,0.3734927711489939,5784,0.45479533861274274,0.6539262397577886,0.11803814821746428,0.510974685858549,0.5023412810896105,False
S2,forest,2,2,3,124743,1.0,4,0.3752477896581929,5784,0.4553310771748378,0.6584928027805217,0.10567712988164546,0.49742462450925046,0.4888715813398018,False
S3,forest,2,0,3,124743,0.35,2,0.39967034444769,5784,0.43796841747347504,0.6135310292988226,0.22363609486792213,0.5386806185270309,0.5427880254575973,True
S3,forest,2,1,3,124743,0.7,2,0.41170647682163525,5784,0.4461544573962306,0.6271852649265919,0.18869535067063992,0.5232110673358952,0.5299613186972791,False
S3,forest,2,2,3,124743,1.0,4,0.41361378494778933,5784,0.4481735369939917,0.6282221013925826,0.18601070355658944,0.5208037244612868,0.5131003162192725,False
S4,forest,2,0,3,124743,0.35,2,0.40020591034971825,5784,0.438768200817151,0.6170420254121101,0.21472502145011974,0.5303492766247853,0.5422774600886675,True
S4,forest,2,1,3,124743,0.7,2,0.4138884171104171,5784,0.45163990193811704,0.6363406206818272,0.16483638347408724,0.5058430299628622,0.5197089354838441,False
S4,forest,2,2,3,124743,1.0,4,0.4151534938062838,5784,0.4535028616327404,0.6393788881034547,0.15684221188884806,0.5022913109219869,0.5146933312477826,False
S5,forest,2,0,3,124743,0.35,2,0.39381814190671677,5784,0.43518761773247017,0.6104320607590233,0.23145917467217103,0.5444899009242873,0.551948775520579,True
S5,forest,2,1,3,124743,0.7,2,0.4014438392618821,5784,0.4455110760878027,0.6273366979242294,0.18830352664702987,0.5223646883330755,0.5400647967336142,False
S5,forest,2,2,3,124743,1.0,4,0.4042165699079316,5784,0.4398745933656459,0.619015791664912,0.2096931819907567,0.5340860876636854,0.5428315006533556,False
S4_SHUFFLED_s1009,forest,2,0,3,124743,0.35,2,0.4051949550587378,5784,0.43760571544185195,0.6118321377389833,0.22792970643596544,0.5394347152474845,0.547264188809424,True
S4_SHUFFLED_s1009,forest,2,1,3,124743,0.7,2,0.41484786958417713,5784,0.44485528684109554,0.6231274158793229,0.1991595690595036,0.5277845201028737,0.5370276988849102,False
S4_SHUFFLED_s1009,forest,2,2,3,124743,1.0,4,0.41466546218898226,5784,0.44398275789359726,0.6218303398111628,0.20249009126278494,0.5288095984237904,0.5363156052733005,False
S4_SHUFFLED_s2017,forest,2,0,3,124743,0.35,2,0.40215617667023146,5784,0.43687633157762784,0.6101875525343298,0.23207472857357203,0.5420290080378627,0.5528774460289473,True
S4_SHUFFLED_s2017,forest,2,1,3,124743,0.7,2,0.40765874433790744,5784,0.44141791725192686,0.6185648368988185,0.21084424409461022,0.5339189963152073,0.5533352406942245,False
S4_SHUFFLED_s2017,forest,2,2,3,124743,1.0,4,0.4123323960345336,5784,0.4432271612241609,0.6219501799356578,0.20218266690541442,0.5280653974758999,0.5447294122739014,False
S4_SHUFFLED_s3019,forest,2,0,3,124743,0.35,2,0.4021778977969966,5784,0.4392761086801036,0.6158087315651428,0.21786097298893936,0.5325839691304589,0.5453168632480602,True
S4_SHUFFLED_s3019,forest,2,1,3,124743,0.7,2,0.41048591968043946,5784,0.4467962589908121,0.6277937146343643,0.1871204491212325,0.519415144327759,0.5391204578265695,False
S4_SHUFFLED_s3019,forest,2,2,3,124743,1.0,4,0.41411807486464813,5784,0.4494739405673567,0.6320973113255235,0.17593748789117636,0.5114547514996661,0.5329396431159871,False
S5_SHUFFLED_s1009,forest,2,0,3,124743,0.35,2,0.40304309154904233,5784,0.4420612172951556,0.6176583425615022,0.21315553308055746,0.5357479169752036,0.5476772007021874,True
S5_SHUFFLED_s1009,forest,2,1,3,124743,0.7,2,0.41075410014972363,5784,0.4478446916632896,0.6299996081779917,0.18139794510366114,0.5179119653084141,0.5457092973840948,False
S5_SHUFFLED_s1009,forest,2,2,3,124743,1.0,4,0.410586854854121,5784,0.44391989032951157,0.6234501061189527,0.19832991433071656,0.5278207326077733,0.5459695040652037,False
S5_SHUFFLED_s2017,forest,2,0,3,124743,0.35,2,0.39653823351690204,5784,0.4386896817170594,0.616072869072872,0.21718986668828177,0.534620569032336,0.5502125308111392,True
S5_SHUFFLED_s2017,forest,2,1,3,124743,0.7,2,0.40729869230489474,5784,0.4484548631189506,0.6325286653547636,0.17481239539201732,0.5108046587331947,0.5415631336397497,False
S5_SHUFFLED_s2017,forest,2,2,3,124743,1.0,4,0.4083450964355529,5784,0.44617440742453884,0.627870262094999,0.18692220674486792,0.518603554755785,0.5374188312282381,False
S5_SHUFFLED_s3019,forest,2,0,3,124743,0.35,2,0.4023958279909646,5784,0.4407159776993067,0.6177823287294154,0.21283960560042636,0.5346014356928152,0.5471364237387721,True
S5_SHUFFLED_s3019,forest,2,1,3,124743,0.7,2,0.40961691566092095,5784,0.4481861880266206,0.6317186587576584,0.17692448758320733,0.5155517873374001,0.5407591032386244,False
S5_SHUFFLED_s3019,forest,2,2,3,124743,1.0,4,0.4128472795612869,5784,0.4482227338688654,0.6317696835198482,0.17679152039032986,0.5149116430248605,0.5372555436603013,False
B0_trivial,mean,2,0,3,124743,0.0,0,0.6012432391559797,5784,0.6115711228268194,0.9010300248120927,-0.6744446570892142,,,True
B1_ridge_A2,ridge,2,0,3,124743,1.0,0,0.476087290789087,5784,0.38451563638414266,0.5488643577380142,0.3786699896869714,0.6195361172191999,0.6104271741066464,True
B1_ridge_A2,ridge,2,1,3,124743,10.0,0,0.47625353652891744,5784,0.38256499107687303,0.5471540893382005,0.3825361014717662,0.6215772441930654,0.6126527889381067,False
B1_ridge_A2,ridge,2,2,3,124743,100.0,0,0.4847407985937024,5784,0.386702624479324,0.5489836599999599,0.3783998532472611,0.6176883096620047,0.6028108289098758,False
B2_ridge_A5,ridge,2,0,3,124743,1.0,0,0.4987804011960463,5784,0.41851044983594027,0.5724808002318453,0.32405069831243527,0.6079153593813508,0.5736894179676089,False
B2_ridge_A5,ridge,2,1,3,124743,10.0,0,0.5006108160624236,5784,0.41391752596231673,0.5704912425378201,0.3287408233057064,0.6085708551069949,0.5752914034665877,False
B2_ridge_A5,ridge,2,2,3,124743,100.0,0,0.49823583081553807,5784,0.40119559202890476,0.5564143133224303,0.36145889642582274,0.6116596365832041,0.5752814113688305,True
A0,forest,3,0,3,134750,0.35,2,0.6330676124088271,3778,0.6003221653237435,0.9230359227393603,-0.533158494727481,-0.02233379700491587,0.0313610196724556,True
A0,forest,3,1,3,134750,0.7,2,0.6330676124088271,3778,0.6003221653237435,0.9230359227393603,-0.533158494727481,-0.33144230920597784,-0.25999039616484065,False
A0,forest,3,2,3,134750,1.0,4,0.6330676124088271,3778,0.6003221653237435,0.9230359227393603,-0.533158494727481,-0.09801084636406782,-0.07742271830931427,False
A1,forest,3,0,3,134750,0.35,2,0.3752367731219595,3778,0.40353777826231235,0.5700835487606067,0.41517374140195074,0.6615968946306802,0.5364680264793366,False
A1,forest,3,1,3,134750,0.7,2,0.3735860119728966,3778,0.39732023619555745,0.5574533815380558,0.4408002666334817,0.6785043804048901,0.5510905056317038,True
A1,forest,3,2,3,134750,1.0,4,0.37409610033472535,3778,0.391447365700514,0.5517336766161393,0.45221664266334427,0.6842751579411799,0.5640552423660343,False
A2,forest,3,0,3,134750,0.35,2,0.350196594398989,3778,0.3868600994119797,0.5635625180923473,0.4284765571361945,0.6662357586932076,0.5802511731113172,False
A2,forest,3,1,3,134750,0.7,2,0.3474680462424514,3778,0.38738932992210995,0.5614722826000975,0.43270821962416706,0.6694067072501905,0.5777047039971138,True
A2,forest,3,2,3,134750,1.0,4,0.3598793410843567,3778,0.39705150440430564,0.5718355551043193,0.4115735892127038,0.6552487017316312,0.5664822829633813,False
A3,forest,3,0,3,134750,0.35,2,0.38715044814505273,3778,0.41307113242741245,0.5963471997890878,0.36004679889171776,0.6176189969974846,0.5350066502041496,True
A3,forest,3,1,3,134750,0.7,2,0.38926459365874344,3778,0.4121332476939962,0.5900801067381702,0.3734268300215695,0.6301920447585689,0.5278264501248244,False
A3,forest,3,2,3,134750,1.0,4,0.38752303588862697,3778,0.40419193464069303,0.581236480965116,0.39206719868600026,0.6436502489979988,0.5434861334168005,False
A4,forest,3,0,3,134750,0.35,2,0.35496970003691886,3778,0.3889166747511273,0.5622545095060986,0.43112644962994007,0.6646009702871288,0.5819086321412585,False
A4,forest,3,1,3,134750,0.7,2,0.35303443786260363,3778,0.39258264047944796,0.5673893988550855,0.4206883244380979,0.6608735615416897,0.5737844754384497,True
A4,forest,3,2,3,134750,1.0,4,0.35843073214001764,3778,0.39707148738540804,0.5723993599088416,0.41041269187501694,0.6536085329073087,0.5691465065555418,False
A5,forest,3,0,3,134750,0.35,2,0.3588932333311062,3778,0.39022498093497066,0.5725063569371761,0.410192251425921,0.6532147101153662,0.5858579762909664,True
A5,forest,3,1,3,134750,0.7,2,0.3658103794148788,3778,0.39903024469757187,0.5810150363563079,0.3925303416605471,0.6429500352207504,0.5773954171857832,False
A5,forest,3,2,3,134750,1.0,4,0.36963392185336874,3778,0.4059302038468355,0.5880984547500199,0.3776281750663405,0.6326077127666772,0.5693705517880295,False
A6,forest,3,0,3,134750,0.35,2,0.36301674122164623,3778,0.39561718228222437,0.5791765178007513,0.3963687180939427,0.6430871567655688,0.5796052648838038,True
A6,forest,3,1,3,134750,0.7,2,0.363960766053494,3778,0.3989200533215537,0.578931015981648,0.3968803450858044,0.6451620088111729,0.5814572923278696,False
A6,forest,3,2,3,134750,1.0,4,0.37068685770151605,3778,0.4055700846965464,0.5881124466094544,0.3775985601519981,0.6326401305043127,0.5713438029509031,False
A2+D1,forest,3,0,3,134750,0.35,2,0.3517642228694514,3778,0.3841445260321395,0.5597668463032494,0.4361492110806078,0.6688368338587535,0.5866001566907247,True
A2+D1,forest,3,1,3,134750,0.7,2,0.35789081242352827,3778,0.3920221917285643,0.5636099209379147,0.4283804081695184,0.6654846459661603,0.5780600552214126,False
A2+D1,forest,3,2,3,134750,1.0,4,0.36332794042721783,3778,0.39714918467376,0.5708682081564245,0.41356273113520303,0.655826504905719,0.5693670311305752,False
A2+D2,forest,3,0,3,134750,0.35,2,0.3496670585306889,3778,0.3848552457563604,0.5625148566036055,0.43059950368480016,0.6652316286149632,0.583500179033435,True
A2+D2,forest,3,1,3,134750,0.7,2,0.3538845445446627,3778,0.39120879734082786,0.5626847096616899,0.43025558737381475,0.6670021488534753,0.5774819411802558,False
A2+D2,forest,3,2,3,134750,1.0,4,0.3567618071241015,3778,0.39580183006680936,0.5710779626598501,0.4131317018545574,0.6557213564637964,0.5687309951258568,False
A2+D3,forest,3,0,3,134750,0.35,2,0.3547531029074522,3778,0.3931559348226601,0.5817964994313115,0.39089515385133633,0.6439580022476976,0.5752250736912209,True
A2+D3,forest,3,1,3,134750,0.7,2,0.35979472984407374,3778,0.3982488708936747,0.5831811908941341,0.3879923314204232,0.642934576927602,0.5734128957627981,False
A2+D3,forest,3,2,3,134750,1.0,4,0.3668174675778379,3778,0.40367608657599624,0.5844414673818676,0.38534433011304625,0.6390906588015751,0.5681528985984469,False
A2+D4,forest,3,0,3,134750,0.35,2,0.35118764536415037,3778,0.3876992731985102,0.5664462890618075,0.4226125776680305,0.6604455083504864,0.5808102323082236,True
A2+D4,forest,3,1,3,134750,0.7,2,0.35552223006405426,3778,0.39461250757332916,0.5697545208162321,0.4158486202072763,0.6576192755757293,0.5754203283859973,False
A2+D4,forest,3,2,3,134750,1.0,4,0.362354587832021,3778,0.39817609207088217,0.5710862212805828,0.41311472778776903,0.6554156635457833,0.5670791911015741,False
A2+D5,forest,3,0,3,134750,0.35,2,0.34614488477671407,3778,0.38237314018994334,0.5615065224417832,0.43263902805902443,0.6673932423024198,0.5875407123570686,True
A2+D5,forest,3,1,3,134750,0.7,2,0.352085268158249,3778,0.391508212439242,0.5669688534920349,0.421546770338177,0.6617201160999578,0.5757439515308626,False
A2+D5,forest,3,2,3,134750,1.0,4,0.35863174468720366,3778,0.39593090086579613,0.5696256108386117,0.41611292499012753,0.6578296358526609,0.5752446653788388,False
A5_SHUFFLED_s1009,forest,3,0,3,134750,0.35,2,0.3548806079502981,3778,0.388700751217452,0.5624781040559019,0.4306739061117424,0.6644577273647001,0.57810007476534,True
A5_SHUFFLED_s1009,forest,3,1,3,134750,0.7,2,0.3586531746262222,3778,0.3969499880107708,0.5717773277996275,0.41169341645747926,0.6531543879587055,0.5677011199965477,False
A5_SHUFFLED_s1009,forest,3,2,3,134750,1.0,4,0.3667876468130958,3778,0.4017330400860668,0.5731542545725175,0.4088565412823266,0.6517079025141651,0.5641635088861103,False
A5_SHUFFLED_s2017,forest,3,0,3,134750,0.35,2,0.3554904164943626,3778,0.3889871274847876,0.5655738794468588,0.42438972917836804,0.6611310266904801,0.5823261230902886,True
A5_SHUFFLED_s2017,forest,3,1,3,134750,0.7,2,0.3572178918252562,3778,0.3945078095702261,0.5682675272253559,0.4188937767262172,0.6579569328304519,0.5792325525506603,False
A5_SHUFFLED_s2017,forest,3,2,3,134750,1.0,4,0.36616222285662287,3778,0.40142822928666944,0.5773453971451493,0.4001795577458924,0.6462705935510223,0.5738865006400418,False
A5_SHUFFLED_s3019,forest,3,0,3,134750,0.35,2,0.35391676981275205,3778,0.3895145167681487,0.5663600821636895,0.4227883083315218,0.6596988052320752,0.5747718899383362,True
A5_SHUFFLED_s3019,forest,3,1,3,134750,0.7,2,0.3578698644363307,3778,0.396985785673786,0.5711786040945261,0.4129248352768494,0.6541319733256632,0.5670548123065894,False
A5_SHUFFLED_s3019,forest,3,2,3,134750,1.0,4,0.3682804695489158,3778,0.407232074415668,0.5838309100420057,0.3866279026369751,0.6377038604646743,0.5567235511434717,False
A5s,forest,3,0,3,134750,0.35,2,0.3644614667831755,3778,0.39610228888256577,0.5881526634587222,0.37751343397967474,0.6313344847593122,0.5788813580686248,True
A5s,forest,3,1,3,134750,0.7,2,0.3680513434541911,3778,0.40319994578507556,0.5900490290100394,0.3734928276975811,0.6307285649879505,0.5731106218871042,False
A5s,forest,3,2,3,134750,1.0,4,0.37296482752957677,3778,0.4073537521138976,0.5912748516789997,0.370886995301528,0.6287408071721364,0.5681450332042044,False
A6s,forest,3,0,3,134750,0.35,2,0.36427707854737923,3778,0.39567070170527374,0.5810458014354667,0.39246600822423794,0.6396276676922203,0.582328337862676,True
A6s,forest,3,1,3,134750,0.7,2,0.37173765664462516,3778,0.4034016509139159,0.5838529246137556,0.3865816447962328,0.6374920496249448,0.5775128524689208,False
A6s,forest,3,2,3,134750,1.0,4,0.37449878488577093,3778,0.406987741924007,0.5890577795256147,0.37559605382763284,0.6290550902067533,0.5676735948811331,False
C1,forest,3,0,3,134750,0.35,2,0.3648760749518193,3778,0.3945977288351434,0.5783662787961323,0.398056436745595,0.6442784659284165,0.5837912637719342,True
C1,forest,3,1,3,134750,0.7,2,0.3700417074663671,3778,0.4034354747879419,0.5874533342146087,0.3789928602624636,0.6339504621311964,0.5786929394900461,False
C1,forest,3,2,3,134750,1.0,4,0.3739166880955432,3778,0.41041745248280653,0.5977773114862975,0.35697375035982604,0.6197161150319781,0.5645929019721738,False
C2,forest,3,0,3,134750,0.35,2,0.3512302859397306,3778,0.38937215294400257,0.5679012297037621,0.41964268162245466,0.6579338736059629,0.5816419206784802,True
C2,forest,3,1,3,134750,0.7,2,0.3513484363954573,3778,0.3890698426556721,0.5610624565726401,0.43353606489760876,0.6673079888301077,0.5825104278622336,False
C2,forest,3,2,3,134750,1.0,4,0.3615938812263697,3778,0.3989732058817777,0.5734063322438576,0.40833644801221103,0.6499725507377141,0.5665989620464285,False
C3,forest,3,0,3,134750,0.35,2,0.36561633081082473,3778,0.39514206100290633,0.5808266034853663,0.3929243028586211,0.6408032852567433,0.5842334474252792,True
C3,forest,3,1,3,134750,0.7,2,0.37062827959716793,3778,0.403115194838978,0.5875776443600695,0.3787300116200254,0.6324075627391295,0.5750388993432666,False
C3,forest,3,2,3,134750,1.0,4,0.3737424008888178,3778,0.4058847813487976,0.5895220142403083,0.37461148416153467,0.6291485146662003,0.5710239986973786,False
E2,forest,3,0,3,134750,0.35,2,0.3511512774605391,3778,0.38788125235765714,0.5658302626887561,0.4238677451119991,0.6616594201622166,0.577031708795394,True
E2,forest,3,1,3,134750,0.7,2,0.3574624529285754,3778,0.39690476608255965,0.574532340274658,0.4060104463430798,0.6514353398453563,0.5632481246049378,False
E2,forest,3,2,3,134750,1.0,4,0.361945983731426,3778,0.3999467669284439,0.5796987728196247,0.3952796145471065,0.6437039706806095,0.5575575379754875,False
E3,forest,3,0,3,134750,0.35,2,0.3491238202147535,3778,0.3857729227119282,0.5641315463027573,0.4273218417853011,0.662500565846303,0.5851730115100354,True
E3,forest,3,1,3,134750,0.7,2,0.35236113086133075,3778,0.3899724204876346,0.5615809967846402,0.4324885164051524,0.6663001569997051,0.5793093263208275,False
E3,forest,3,2,3,134750,1.0,4,0.3577419159852049,3778,0.39448894878547186,0.5645065176212726,0.42656028447726846,0.6629013056917474,0.5778108001940346,False
E4,forest,3,0,3,134750,0.35,2,0.349720622012911,3778,0.3880934887163404,0.5668433008276068,0.42180293362615173,0.6611542586198906,0.5790714930846769,True
E4,forest,3,1,3,134750,0.7,2,0.35144606618450747,3778,0.3933718619647373,0.5685192538180834,0.41837883514840746,0.6601739464379245,0.5712609164333193,False
E4,forest,3,2,3,134750,1.0,4,0.3578791170351415,3778,0.3968029189657573,0.5726145490719841,0.4099693068653465,0.654447808217925,0.5676570755917105,False
G2,forest,3,0,3,134750,0.35,2,0.3596240841514026,3778,0.39117138309782123,0.5706266184129403,0.4140589831549787,0.6534773417509558,0.5800606788850535,True
G2,forest,3,1,3,134750,0.7,2,0.3653876037518157,3778,0.40136768262733497,0.5791730746942242,0.3963758950445442,0.6435611890229476,0.5743203069664414,False
G2,forest,3,2,3,134750,1.0,4,0.3707270222352238,3778,0.406866035998254,0.5870611963279824,0.3798216551150426,0.6340716544689649,0.5683653268038714,False
G4,forest,3,0,3,134750,0.35,2,0.3539244804573077,3778,0.388425813984064,0.5617848084887602,0.4320765136052679,0.6651761845539707,0.585686453692988,False
G4,forest,3,1,3,134750,0.7,2,0.3536918790690184,3778,0.3912595240184119,0.5624133840680986,0.430804914439891,0.6655770589512708,0.58274170419381,True
G4,forest,3,2,3,134750,1.0,4,0.35916493765116037,3778,0.3992143348085579,0.5750420823878025,0.4049559685099393,0.6501506329736323,0.5732664007281246,False
G2_SHUFFLED_s1009,forest,3,0,3,134750,0.35,2,0.3591097990828171,3778,0.39277407520737645,0.5728734577652259,0.40943561937083606,0.6516934611924887,0.5770718539496361,True
G2_SHUFFLED_s1009,forest,3,1,3,134750,0.7,2,0.3618363066658282,3778,0.3974232937841793,0.5751409432149787,0.40475135182649935,0.6487243540178642,0.5751334404667479,False
G2_SHUFFLED_s1009,forest,3,2,3,134750,1.0,4,0.3688435295070751,3778,0.40467473970196555,0.5853308567393877,0.38347216944232065,0.6352532359855296,0.5675986416178888,False
G2_SHUFFLED_s2017,forest,3,0,3,134750,0.35,2,0.35601587095003406,3778,0.38719484928700404,0.5625934415391043,0.4304403988137241,0.6639523333657853,0.5842571575033185,True
G2_SHUFFLED_s2017,forest,3,1,3,134750,0.7,2,0.3612733158303632,3778,0.3955961195395088,0.5708795962711233,0.4135393335054204,0.6543704706365052,0.5739213375069837,False
G2_SHUFFLED_s2017,forest,3,2,3,134750,1.0,4,0.365691555079747,3778,0.40199241267442565,0.5786022960658326,0.39756505932959785,0.6432792229859964,0.5683371700973329,False
G2_SHUFFLED_s3019,forest,3,0,3,134750,0.35,2,0.35597904862999297,3778,0.39117452507018885,0.5705548132143891,0.41420643846994365,0.6543735451377061,0.5750067478172547,True
G2_SHUFFLED_s3019,forest,3,1,3,134750,0.7,2,0.35674664673115675,3778,0.3954231700948197,0.5710831982016301,0.41312094119566467,0.6553274350423332,0.5728511716060409,False
G2_SHUFFLED_s3019,forest,3,2,3,134750,1.0,4,0.3667164784862684,3778,0.4057315268860327,0.5834010474490543,0.3875307964368129,0.6383862426786077,0.5618009349058496,False
E3_SHUFFLED_s1009,forest,3,0,3,134750,0.35,2,0.34747444390448906,3778,0.3829404707700498,0.5546577624422857,0.4463949567712362,0.6757144259353695,0.5873083967438177,True
E3_SHUFFLED_s1009,forest,3,1,3,134750,0.7,2,0.3510377070629851,3778,0.3885198563643467,0.5588843591818896,0.43792566079424244,0.6711418590518596,0.5834438856607048,False
E3_SHUFFLED_s1009,forest,3,2,3,134750,1.0,4,0.35650679960434833,3778,0.3941312954912252,0.5685695605124969,0.4182758985018422,0.658184610462099,0.5748900230707078,False
E3_SHUFFLED_s2017,forest,3,0,3,134750,0.35,2,0.34894800848335866,3778,0.38563620916806307,0.5646437323896815,0.42628147826963214,0.6626065577094186,0.5848779959389099,True
E3_SHUFFLED_s2017,forest,3,1,3,134750,0.7,2,0.35120153551560696,3778,0.38988443193481126,0.5630550100149663,0.42950544799726886,0.6660711138099727,0.5796766941693284,False
E3_SHUFFLED_s2017,forest,3,2,3,134750,1.0,4,0.3557073251356286,3778,0.3930499120568966,0.5682145049758421,0.419002211997461,0.6592288008733761,0.575807136860973,False
E3_SHUFFLED_s3019,forest,3,0,3,134750,0.35,2,0.3502966291849594,3778,0.3873375635871306,0.5661541636085522,0.4232079600472851,0.6612469040945533,0.5796996348407341,True
E3_SHUFFLED_s3019,forest,3,1,3,134750,0.7,2,0.35215221672868247,3778,0.39021062962278286,0.5636172970735247,0.42836544615036154,0.6646738939206175,0.5769119656853324,False
E3_SHUFFLED_s3019,forest,3,2,3,134750,1.0,4,0.3580961514329361,3778,0.39510585301403434,0.5665230911679302,0.42245599591548477,0.6613787311267073,0.5746313735629903,False
E2_SHUFFLED_s1009,forest,3,0,3,134750,0.35,2,0.3485755019656445,3778,0.3847723452900446,0.563008563999426,0.4295995635116998,0.6652529085893593,0.5803418135456269,True
E2_SHUFFLED_s1009,forest,3,1,3,134750,0.7,2,0.3556209629264134,3778,0.39425114826147933,0.5681829473495128,0.4190667453797918,0.6601393102185047,0.5724037972327269,False
E2_SHUFFLED_s1009,forest,3,2,3,134750,1.0,4,0.3603257069378183,3778,0.39771717261008294,0.5726119319114947,0.4099747003765353,0.6538239044131776,0.5660339548367878,False
E2_SHUFFLED_s2017,forest,3,0,3,134750,0.35,2,0.35055619643826025,3778,0.3860445718773614,0.5651779265560184,0.4251954056022794,0.6626701614789622,0.5809647935230683,True
E2_SHUFFLED_s2017,forest,3,1,3,134750,0.7,2,0.35631563873128086,3778,0.39585933506200255,0.5737982551961996,0.4075273680972926,0.6530465841962798,0.5718494047981835,False
E2_SHUFFLED_s2017,forest,3,2,3,134750,1.0,4,0.3635075729198503,3778,0.40193719774793785,0.5802951812265806,0.3940346719431832,0.6442304624739807,0.560177355056403,False
E2_SHUFFLED_s3019,forest,3,0,3,134750,0.35,2,0.3505521736560341,3778,0.3866797957462873,0.5657032702288045,0.4241263252791463,0.6615517564725512,0.576094182235112,True
E2_SHUFFLED_s3019,forest,3,1,3,134750,0.7,2,0.35577777920054365,3778,0.3960025931792667,0.5713328833514181,0.4126076463913829,0.6563056708112276,0.5638374028797997,False
E2_SHUFFLED_s3019,forest,3,2,3,134750,1.0,4,0.3613100855682552,3778,0.39887050458640183,0.5739091771517342,0.4072982820922758,0.6522241118459224,0.5621581582891594,False
E4_SHUFFLED_s1009,forest,3,0,3,134750,0.35,2,0.35181466579761594,3778,0.3902146973723462,0.5738737369545035,0.40737148119084476,0.6518190951007202,0.5764357692188764,False
E4_SHUFFLED_s1009,forest,3,1,3,134750,0.7,2,0.35073557326583443,3778,0.39192411453353676,0.5654395675509446,0.4246630873714763,0.6637474416649369,0.5722384409101207,True
E4_SHUFFLED_s1009,forest,3,2,3,134750,1.0,4,0.35870799021906935,3778,0.39610767960534504,0.5696507428130543,0.4160614014684245,0.6575161212149974,0.5731401556618302,False
E4_SHUFFLED_s2017,forest,3,0,3,134750,0.35,2,0.3499414574713885,3778,0.38786483586308856,0.5664159827034182,0.422674359490528,0.6614298321711947,0.5819512988384595,True
E4_SHUFFLED_s2017,forest,3,1,3,134750,0.7,2,0.3506951792197483,3778,0.39228057623089924,0.5675603205778047,0.42033924543229295,0.6610566940308692,0.5722106916793916,False
E4_SHUFFLED_s2017,forest,3,2,3,134750,1.0,4,0.3561679675229747,3778,0.3955616825070942,0.5717519543067916,0.4117456293065874,0.6555074569713415,0.5685318149709999,False
E4_SHUFFLED_s3019,forest,3,0,3,134750,0.35,2,0.3515699833697671,3778,0.3882736794798413,0.5676256091389027,0.4202058767243124,0.6600659568395617,0.5792754397577433,True
E4_SHUFFLED_s3019,forest,3,1,3,134750,0.7,2,0.35241960119618443,3778,0.39381702593662504,0.5691810377057995,0.4170239767560405,0.659402280693644,0.5711260260912331,False
E4_SHUFFLED_s3019,forest,3,2,3,134750,1.0,4,0.3577862388868324,3778,0.39581037748102005,0.5702036223360603,0.4149273579541274,0.6571422787845326,0.5722860954061553,False
G4_SHUFFLED_s1009,forest,3,0,3,134750,0.35,2,0.34958115306087983,3778,0.3850935565804516,0.5615376769445622,0.4325760676529311,0.6660257243774979,0.5870378093392431,True
G4_SHUFFLED_s1009,forest,3,1,3,134750,0.7,2,0.35435817025010524,3778,0.393482528466794,0.5671382311018379,0.4212011017542221,0.6594595284936268,0.5726780073862594,False
G4_SHUFFLED_s1009,forest,3,2,3,134750,1.0,4,0.3572131799214171,3778,0.39567215930186855,0.568673723355452,0.41806273342619305,0.657946032324944,0.5744508247627348,False
G4_SHUFFLED_s2017,forest,3,0,3,134750,0.35,2,0.35321000525234925,3778,0.38630093636193386,0.5624712194322152,0.4306878429099774,0.6647098951574162,0.584808939993213,True
G4_SHUFFLED_s2017,forest,3,1,3,134750,0.7,2,0.35346959130378397,3778,0.39158856821089105,0.563464116880645,0.4286761221807087,0.6647292925755095,0.5798027876204926,False
G4_SHUFFLED_s2017,forest,3,2,3,134750,1.0,4,0.35840053547669126,3778,0.39427838576604685,0.5657112185654879,0.42411014269633085,0.6611609064568997,0.5760496348818933,False
G4_SHUFFLED_s3019,forest,3,0,3,134750,0.35,2,0.35012818905182475,3778,0.38456910947126255,0.5591802568648194,0.43733033004481503,0.669216968335098,0.5836428111108414,True
G4_SHUFFLED_s3019,forest,3,1,3,134750,0.7,2,0.3522550491553247,3778,0.3921320906465623,0.5699577184357211,0.4154318816584681,0.6559879828211759,0.5723407157989778,False
G4_SHUFFLED_s3019,forest,3,2,3,134750,1.0,4,0.35907571559573725,3778,0.398433715338051,0.575113889647591,0.4048073493028187,0.6495874547968183,0.564990297443342,False
S1,forest,3,0,3,134750,0.35,2,0.36881148849194556,3778,0.3935840142693808,0.5616252046820575,0.4323991633925618,0.6749643017487424,0.6170270829241098,False
S1,forest,3,1,3,134750,0.7,2,0.3678579745911723,3778,0.38873522270246785,0.5537058287215769,0.4482935800856436,0.6863540955074692,0.6204121344231991,False
S1,forest,3,2,3,134750,1.0,4,0.36333151821447995,3778,0.38433580563260494,0.5500595998813353,0.4555357807888918,0.6876629713268356,0.6241412343858618,True
S2,forest,3,0,3,134750,0.35,2,0.3899142389973269,3778,0.42269147541678626,0.6119652274511092,0.3260877688642462,0.6233776319862606,0.5434253157861166,True
S2,forest,3,1,3,134750,0.7,2,0.39017790167861965,3778,0.4251130687389376,0.6056158117186106,0.33999950998141404,0.6321229577829449,0.5431662357127104,False
S2,forest,3,2,3,134750,1.0,4,0.3904723854781157,3778,0.42414959721048806,0.6032973768315526,0.34504310103811975,0.6344584509375379,0.547168546944162,False
S3,forest,3,0,3,134750,0.35,2,0.37540463866115115,3778,0.39947690992909235,0.5794445251772414,0.3958099417567035,0.6473144919001761,0.6083682494561421,False
S3,forest,3,1,3,134750,0.7,2,0.37447138627086973,3778,0.3954782290761382,0.5713367675240825,0.4125996596601966,0.6589853398221459,0.6112070163149349,False
S3,forest,3,2,3,134750,1.0,4,0.3716900912292314,3778,0.38887509647414004,0.5595692357130579,0.43654724544256074,0.6735165698360775,0.6192252814694622,True
S4,forest,3,0,3,134750,0.35,2,0.3735682393151589,3778,0.3982976323370878,0.5723208140498939,0.4105744896247382,0.6552632892512921,0.6085955152059703,False
S4,forest,3,1,3,134750,0.7,2,0.37211361743331484,3778,0.3939041183853782,0.5621833071233671,0.4312705217070629,0.670063328227067,0.6138488885208068,False
S4,forest,3,2,3,134750,1.0,4,0.367120322460223,3778,0.3879752394840774,0.5538356869402767,0.4480347711284284,0.6797225256429107,0.6169526956385201,True
S5,forest,3,0,3,134750,0.35,2,0.3681068285567004,3778,0.39517836846848053,0.5685390024185335,0.41833842700596213,0.6627138434076101,0.6140068237804356,False
S5,forest,3,1,3,134750,0.7,2,0.3668536161391161,3778,0.3905683802639301,0.558757370549383,0.4381810586827388,0.6758727123980548,0.6154459098221647,False
S5,forest,3,2,3,134750,1.0,4,0.3659030539204836,3778,0.3849115788813104,0.549330973081846,0.45697725539740974,0.6857799363595635,0.62275904744747,True
S4_SHUFFLED_s1009,forest,3,0,3,134750,0.35,2,0.3707437863324993,3778,0.394903067269975,0.5668951268875526,0.4216972005403118,0.6634787235345249,0.6101931905083448,False
S4_SHUFFLED_s1009,forest,3,1,3,134750,0.7,2,0.3693067501815964,3778,0.3887786194805072,0.5566150792821661,0.44248085890320976,0.6776728420882242,0.6161921489514753,False
S4_SHUFFLED_s1009,forest,3,2,3,134750,1.0,4,0.3689792726449326,3778,0.3882059861772801,0.5559058112292594,0.44390079376034197,0.6788722483636322,0.6135894438135854,True
S4_SHUFFLED_s2017,forest,3,0,3,134750,0.35,2,0.3671071964299231,3778,0.3899817233262117,0.5572947054881732,0.4411185676044391,0.6746787076078998,0.6169386963984079,False
S4_SHUFFLED_s2017,forest,3,1,3,134750,0.7,2,0.36458884877058684,3778,0.38573036798837795,0.5506081195502933,0.4544493594630311,0.6853998255422101,0.6222535180529994,False
S4_SHUFFLED_s2017,forest,3,2,3,134750,1.0,4,0.3640746329600164,3778,0.3828852299436145,0.5458020160763558,0.46393170999209443,0.690294281565818,0.6232250105744448,True
S4_SHUFFLED_s3019,forest,3,0,3,134750,0.35,2,0.3729246383901087,3778,0.397253135305996,0.5670259858562751,0.421430185218831,0.6633430553976187,0.6048141541549442,False
S4_SHUFFLED_s3019,forest,3,1,3,134750,0.7,2,0.37144391156828616,3778,0.3913233703910001,0.5573394696997429,0.44102878067050355,0.6775126545059996,0.6119658289978127,False
S4_SHUFFLED_s3019,forest,3,2,3,134750,1.0,4,0.36828953319092406,3778,0.3891705305667321,0.5560619277100379,0.44358840831768187,0.677480072314563,0.6125389155142473,True
S5_SHUFFLED_s1009,forest,3,0,3,134750,0.35,2,0.36767952409475607,3778,0.3919454531021358,0.5576619857850309,0.4403816728310971,0.6773760041557544,0.6199170410526635,False
S5_SHUFFLED_s1009,forest,3,1,3,134750,0.7,2,0.36484014218803257,3778,0.3846306180150132,0.5492974628114453,0.45704350428879037,0.6878272506100569,0.6254183056377195,False
S5_SHUFFLED_s1009,forest,3,2,3,134750,1.0,4,0.3624562981062624,3778,0.38146620763603034,0.5443513109030623,0.46677759004366337,0.6931223806017874,0.627395709983431,True
S5_SHUFFLED_s2017,forest,3,0,3,134750,0.35,2,0.3681429796675966,3778,0.3932927606029054,0.5628828815212825,0.42985420027297705,0.6714714978536233,0.6225045778806098,False
S5_SHUFFLED_s2017,forest,3,1,3,134750,0.7,2,0.3631427844899849,3778,0.3845672621169152,0.551122786235719,0.4534290041347413,0.6858961305689799,0.625966482806226,True
S5_SHUFFLED_s2017,forest,3,2,3,134750,1.0,4,0.36355884107336156,3778,0.38468399118551627,0.5523358491210612,0.4510202680421329,0.6840711654886622,0.6234119409780436,False
S5_SHUFFLED_s3019,forest,3,0,3,134750,0.35,2,0.36944784812441117,3778,0.3949220918199316,0.5627961882258639,0.43002981055894673,0.6703912426776835,0.614678309086232,False
S5_SHUFFLED_s3019,forest,3,1,3,134750,0.7,2,0.3670153165987726,3778,0.38909317208450667,0.5559730891859783,0.44376618289093894,0.6797212218557546,0.6203858028545358,False
S5_SHUFFLED_s3019,forest,3,2,3,134750,1.0,4,0.3660865063703744,3778,0.3845912057755718,0.549458881068865,0.4567243476392068,0.6861104748681119,0.6215919158327554,True
B0_trivial,mean,3,0,3,134750,0.0,0,0.6330676124088271,3778,0.6003221653237435,0.9230359227393603,-0.533158494727481,,,True
B1_ridge_A2,ridge,3,0,3,134750,1.0,0,0.44437918917731983,3778,0.4313866859560093,0.6171191999008869,0.31468858769523644,0.5620717717376217,0.5502829183503508,True
B1_ridge_A2,ridge,3,1,3,134750,10.0,0,0.44586560015781174,3778,0.4316273835821486,0.6158452313308371,0.31751515355453386,0.563774158920228,0.550195115739906,False
B1_ridge_A2,ridge,3,2,3,134750,100.0,0,0.4605350997950694,3778,0.44178362630121304,0.619975920703188,0.30832912039777816,0.5559596006800936,0.5329555317358187,False
B2_ridge_A5,ridge,3,0,3,134750,1.0,0,0.48197713409967863,3778,0.4958085143629919,0.6818156705250705,0.16346560065418092,0.4779608758145305,0.4628817058884275,False
B2_ridge_A5,ridge,3,1,3,134750,10.0,0,0.47168654277285904,3778,0.484291054299843,0.6694181867602121,0.19361050527003243,0.488273873776502,0.47361871535009037,True
B2_ridge_A5,ridge,3,2,3,134750,100.0,0,0.4805703158707858,3778,0.48651966954307013,0.6701341165140093,0.19188474711415493,0.46920723016100674,0.44792303767941677,False
A0,forest,4,0,3,144757,0.35,2,0.5803458739765855,5708,0.6590553781251977,0.954152161283206,-0.6898500715465348,0.0459878071969973,-0.011996630524668013,True
A0,forest,4,1,3,144757,0.7,2,0.5803458739765855,5708,0.6590553781251977,0.954152161283206,-0.6898500715465348,0.11450646867896687,0.04388998181491634,False
A0,forest,4,2,3,144757,1.0,4,0.5803458739765855,5708,0.6590553781251977,0.954152161283206,-0.6898500715465348,0.008256263763710778,0.020261766106608348,False
A1,forest,4,0,3,144757,0.35,2,0.40313875971427665,5708,0.5303057181377407,0.7644116647838094,-0.0845947779418772,0.3565939754387666,0.2875409399823549,True
A1,forest,4,1,3,144757,0.7,2,0.40778320984158256,5708,0.5482709314879135,0.7924300332299284,-0.16556031385662884,0.32593178408414164,0.21838287200569903,False
A1,forest,4,2,3,144757,1.0,4,0.4073454020275581,5708,0.5574105669049568,0.8079628706664114,-0.2117016654367725,0.31020048399543176,0.19686995145413294,False
A2,forest,4,0,3,144757,0.35,2,0.3397229939305809,5708,0.45062788759300215,0.650971166840602,0.21343176511182405,0.5246574986740843,0.5148651665647455,True
A2,forest,4,1,3,144757,0.7,2,0.34417165497520297,5708,0.4505393986382201,0.6539368934884985,0.2062484663288201,0.5194466988249409,0.5161753125250402,False
A2,forest,4,2,3,144757,1.0,4,0.3541091921390413,5708,0.44784175697167344,0.6505461563772406,0.21445850981900216,0.5222567868084049,0.5177256473233993,False
A3,forest,4,0,3,144757,0.35,2,0.41178190356286454,5708,0.5471560688387868,0.8170313194143121,-0.23905420866772942,0.267577821679966,0.18743605643627914,True
A3,forest,4,1,3,144757,0.7,2,0.41645612258408093,5708,0.5630395004740438,0.8473099934343175,-0.33259308394900566,0.2378927324177542,0.16519674557802622,False
A3,forest,4,2,3,144757,1.0,4,0.4199694898698266,5708,0.575870077405842,0.8700695311907127,-0.40514395246231194,0.21428259791503965,0.15051634385560847,False
A4,forest,4,0,3,144757,0.35,2,0.354936917797031,5708,0.44825790531003357,0.6420351756870636,0.23487825801280982,0.5356399196721627,0.5232658590749658,True
A4,forest,4,1,3,144757,0.7,2,0.3569804887555287,5708,0.45223664306017725,0.6529652544100331,0.20860547371162852,0.5177821291749206,0.514031954206955,False
A4,forest,4,2,3,144757,1.0,4,0.3645434598724567,5708,0.4489930839329809,0.6501562928873058,0.21539975642212317,0.5199462286528473,0.5228329342747197,False
A5,forest,4,0,3,144757,0.35,2,0.3587263060944028,5708,0.44544803077595935,0.6356993303548227,0.24990476674145679,0.5450506188458102,0.5178576076152671,True
A5,forest,4,1,3,144757,0.7,2,0.3657731293999507,5708,0.4474938747399112,0.6411644081376832,0.23695226083848497,0.5358233595598432,0.5143128834980983,False
A5,forest,4,2,3,144757,1.0,4,0.37023313306562805,5708,0.45529772431857024,0.6579457214001353,0.196486770117848,0.5076928980712285,0.5004028474512002,False
A6,forest,4,0,3,144757,0.35,2,0.3676772862369005,5708,0.44979454542825237,0.6411811701229544,0.2369123635454039,0.5341589341536273,0.5146122962009563,False
A6,forest,4,1,3,144757,0.7,2,0.36760214980765843,5708,0.4492190570248669,0.6442079336285182,0.2296908870720472,0.5303170821504786,0.5121130602304098,True
A6,forest,4,2,3,144757,1.0,4,0.37198804568583693,5708,0.45458712590024547,0.656484407506851,0.20005205236210277,0.5095070550346641,0.5024041782472964,False
A2+D1,forest,4,0,3,144757,0.35,2,0.3546105068934124,5708,0.45226653805939104,0.648080895861038,0.22040088630251187,0.5253031153688021,0.5142233874901668,True
A2+D1,forest,4,1,3,144757,0.7,2,0.3571109464459294,5708,0.44514874551990985,0.6383003716887167,0.24375399687699661,0.542291698760865,0.5227799411914698,False
A2+D1,forest,4,2,3,144757,1.0,4,0.3614894195978469,5708,0.4437696948620343,0.6399770376071634,0.23977581579281837,0.5380846395287979,0.5242039185461739,False
A2+D2,forest,4,0,3,144757,0.35,2,0.35061516421789823,5708,0.45167980605026936,0.6503992135192584,0.21481333990781337,0.523533119792114,0.5134136664817649,True
A2+D2,forest,4,1,3,144757,0.7,2,0.3553468753292441,5708,0.452708109090073,0.6545583017098922,0.20473921340892653,0.5145803056832008,0.5076568475916935,False
A2+D2,forest,4,2,3,144757,1.0,4,0.36211054256777225,5708,0.44999368313820226,0.651532678670714,0.21207423077749277,0.51982862843932,0.5119735224445361,False
A2+D3,forest,4,0,3,144757,0.35,2,0.34428090497183883,5708,0.4511196455431479,0.6458833185370488,0.22567900713760436,0.5359956542104038,0.49199227699355436,True
A2+D3,forest,4,1,3,144757,0.7,2,0.3482477331141592,5708,0.4424428294084793,0.634555349132597,0.2526020254068525,0.5547963561469137,0.5098112422117114,False
A2+D3,forest,4,2,3,144757,1.0,4,0.3557498718154155,5708,0.4520685813101839,0.654915038127929,0.20387213772758872,0.5191706725665284,0.5001130639318839,False
A2+D4,forest,4,0,3,144757,0.35,2,0.3454091901571576,5708,0.4447550407440204,0.6395017967723179,0.24090446700889556,0.5410189319743723,0.5232124383346536,True
A2+D4,forest,4,1,3,144757,0.7,2,0.3554664120761037,5708,0.4525081680673299,0.6521351539521885,0.21061635983267213,0.519924743959507,0.5080056747278473,False
A2+D4,forest,4,2,3,144757,1.0,4,0.36223604196364045,5708,0.4529773195396108,0.6568281768609886,0.19921404436778434,0.5114103498534032,0.5058133122850501,False
A2+D5,forest,4,0,3,144757,0.35,2,0.3454524621464922,5708,0.4520738639231965,0.6493185277783551,0.2174204619777882,0.5272333261607322,0.5183901444084745,True
A2+D5,forest,4,1,3,144757,0.7,2,0.3538081967932796,5708,0.45267365067321436,0.6509477910125527,0.21348825410740224,0.5236802558430653,0.5166406012952078,False
A2+D5,forest,4,2,3,144757,1.0,4,0.35821753910159765,5708,0.4562173035188009,0.6622730320938933,0.18588259543676688,0.5040664973414793,0.5041111556588531,False
A5_SHUFFLED_s1009,forest,4,0,3,144757,0.35,2,0.3541511932090689,5708,0.45049387235177124,0.647548273079032,0.2216817807801228,0.5258215089779267,0.5221748121495768,True
A5_SHUFFLED_s1009,forest,4,1,3,144757,0.7,2,0.35632120562987546,5708,0.44679789340206505,0.6445591825173619,0.22885064910257147,0.5306676008136771,0.5229969591181081,False
A5_SHUFFLED_s1009,forest,4,2,3,144757,1.0,4,0.36469907564570964,5708,0.4483476816804084,0.6473697970710471,0.22211075879233777,0.5270370279108407,0.5160544408744616,False
A5_SHUFFLED_s2017,forest,4,0,3,144757,0.35,2,0.3577221845402319,5708,0.45014401461304393,0.6429303201647676,0.23274325987508848,0.532644909475541,0.5140976666142589,True
A5_SHUFFLED_s2017,forest,4,1,3,144757,0.7,2,0.3625721997462689,5708,0.4507948806955964,0.6456391239184088,0.22626440474623633,0.5288358387143165,0.5152128086261638,False
A5_SHUFFLED_s2017,forest,4,2,3,144757,1.0,4,0.36767656727571096,5708,0.4496369634947988,0.6465154585235531,0.22416257598077427,0.5270330791373776,0.5081546399593501,False
A5_SHUFFLED_s3019,forest,4,0,3,144757,0.35,2,0.3525926753761034,5708,0.4467470413288713,0.6420762403038065,0.2347803803977484,0.5329946648600498,0.5294614483620099,True
A5_SHUFFLED_s3019,forest,4,1,3,144757,0.7,2,0.35888259165877795,5708,0.4491476409418154,0.6467756223263742,0.22353804203018535,0.5263123759080042,0.5245227781145783,False
A5_SHUFFLED_s3019,forest,4,2,3,144757,1.0,4,0.3616367992329375,5708,0.4475553886299866,0.6483674284881805,0.21971137372888527,0.5238758027318429,0.5237240759687181,False
A5s,forest,4,0,3,144757,0.35,2,0.3658802646984445,5708,0.4502855641536942,0.6416438817509484,0.23581059405046878,0.5328394360072488,0.507738160152883,True
A5s,forest,4,1,3,144757,0.7,2,0.37132802875144183,5708,0.4466612553730697,0.6384575702428201,0.24338145936237798,0.5379615554114361,0.5116133509182202,False
A5s,forest,4,2,3,144757,1.0,4,0.376738553797895,5708,0.45457297693425913,0.6548194578471414,0.20410449938516506,0.5118765725220842,0.5015719741064075,False
A6s,forest,4,0,3,144757,0.35,2,0.3758722744186559,5708,0.4517465779376553,0.643820860285603,0.23061629183988264,0.5272800373820804,0.5123586075701014,True
A6s,forest,4,1,3,144757,0.7,2,0.37703808371446673,5708,0.4516640938433468,0.6473433640273751,0.2221742821775503,0.5210523377095699,0.5108813668094939,False
A6s,forest,4,2,3,144757,1.0,4,0.38340940237372356,5708,0.46018476896310756,0.6651491301704049,0.17879619558964743,0.49078020617924656,0.49116112418992924,False
C1,forest,4,0,3,144757,0.35,2,0.36852626050961873,5708,0.4494717665293322,0.6403445263611542,0.23890249055438695,0.5344653383270237,0.5118848678896842,True
C1,forest,4,1,3,144757,0.7,2,0.36912990062363127,5708,0.4467801674469264,0.6408407795688587,0.23772236511118505,0.5344007498337187,0.5145237674011728,False
C1,forest,4,2,3,144757,1.0,4,0.37531373164520976,5708,0.4535743942980081,0.6542691123909279,0.2054417638797611,0.5122601085077131,0.5007965557189116,False
C2,forest,4,0,3,144757,0.35,2,0.3557532674081863,5708,0.4380675518351904,0.620155543718017,0.28613817433188105,0.568778771517056,0.5275734144902668,True
C2,forest,4,1,3,144757,0.7,2,0.35984195573630656,5708,0.44471236488480986,0.6325704036376878,0.25727056666339143,0.5498522511334746,0.5163047981744412,False
C2,forest,4,2,3,144757,1.0,4,0.36467684766616393,5708,0.4516967538175197,0.6484934506823445,0.21940801721550252,0.5234138585224601,0.497407891578176,False
C3,forest,4,0,3,144757,0.35,2,0.37128028193362106,5708,0.43990161304203873,0.6233041021660078,0.2788711543720863,0.5599505640170915,0.5337168325118798,False
C3,forest,4,1,3,144757,0.7,2,0.37123468601709203,5708,0.4418350218109039,0.6319145543791747,0.2588098926355612,0.5473343809123397,0.5300697908687338,True
C3,forest,4,2,3,144757,1.0,4,0.37478201734986066,5708,0.4467775739133926,0.6412644795668319,0.23671405286628533,0.5320730034500208,0.5135665723251432,False
E2,forest,4,0,3,144757,0.35,2,0.35226007041709756,5708,0.46441400301468866,0.6687318457757437,0.1699258138198083,0.49495526531871165,0.4706460805236585,True
E2,forest,4,1,3,144757,0.7,2,0.3579424758010112,5708,0.45235870974565734,0.6507092929846726,0.21406448199937822,0.5218398642096607,0.49976001032525036,False
E2,forest,4,2,3,144757,1.0,4,0.3613413701957502,5708,0.4569473958171876,0.6646124917316997,0.18012074593364147,0.49815772633621425,0.4934411214632259,False
E3,forest,4,0,3,144757,0.35,2,0.3492353407162441,5708,0.4443196347880165,0.6334591871007175,0.25518197894629346,0.5486203579969079,0.5230267643047471,True
E3,forest,4,1,3,144757,0.7,2,0.3574841307506408,5708,0.44105045680668736,0.6295707485130124,0.26429792583163947,0.5549307419845243,0.5266184802797068,False
E3,forest,4,2,3,144757,1.0,4,0.36207292672503816,5708,0.4476123424265258,0.6421310664652508,0.23464969234864896,0.5355898419966634,0.5147465749163712,False
E4,forest,4,0,3,144757,0.35,2,0.3430410965665047,5708,0.4539337466848705,0.65582301222688,0.2016631044173539,0.5170932691113985,0.5077663751933991,True
E4,forest,4,1,3,144757,0.7,2,0.3491101975513362,5708,0.44781498605849285,0.6448853438269626,0.22807001413175598,0.5343294598350247,0.5183683442936786,False
E4,forest,4,2,3,144757,1.0,4,0.3590585590443801,5708,0.45090899994486305,0.6518921249209157,0.2112046041358303,0.5214419249548872,0.504724033895299,False
G2,forest,4,0,3,144757,0.35,2,0.3613438506199764,5708,0.45370011690676787,0.6480077443664991,0.2205768693383805,0.523975540258777,0.5081975352738353,True
G2,forest,4,1,3,144757,0.7,2,0.3656023140621892,5708,0.4525512617158976,0.6503790792278102,0.21486195291971755,0.5203679744231667,0.505863335751504,False
G2,forest,4,2,3,144757,1.0,4,0.3713637111094538,5708,0.45766144947904414,0.6604214281589815,0.19042850223451957,0.505445292712684,0.48947511566198626,False
G4,forest,4,0,3,144757,0.35,2,0.36106520301812806,5708,0.4536143949386416,0.6482637958977325,0.21996079054299633,0.5244725419983868,0.517097386876368,True
G4,forest,4,1,3,144757,0.7,2,0.3624162424461417,5708,0.45932712514222984,0.6609133647047241,0.18922198131667856,0.5033774896990453,0.4990615625579328,False
G4,forest,4,2,3,144757,1.0,4,0.3689023289737911,5708,0.45725111680076114,0.6613341260654811,0.18818931146019235,0.5012794019995496,0.5064391288461348,False
G2_SHUFFLED_s1009,forest,4,0,3,144757,0.35,2,0.35720443390436885,5708,0.4452379066209736,0.6378747653109956,0.24476216115283045,0.539426493349383,0.5246574923459099,True
G2_SHUFFLED_s1009,forest,4,1,3,144757,0.7,2,0.36274613266548766,5708,0.44833222999045397,0.6445076926169628,0.2289738490146861,0.5293782809887794,0.5161845684591319,False
G2_SHUFFLED_s1009,forest,4,2,3,144757,1.0,4,0.36688084369772367,5708,0.44800915430366883,0.6474314802978325,0.22196251275225065,0.5265250810700631,0.5111556028749781,False
G2_SHUFFLED_s2017,forest,4,0,3,144757,0.35,2,0.36105680841387056,5708,0.4508616023767968,0.6431449135441731,0.23223099380453183,0.5319053144002645,0.5129082636028724,True
G2_SHUFFLED_s2017,forest,4,1,3,144757,0.7,2,0.36347503270444814,5708,0.4504703034887813,0.6462708394417555,0.22474956499028886,0.526935102130063,0.5098823028045231,False
G2_SHUFFLED_s2017,forest,4,2,3,144757,1.0,4,0.3687898319812718,5708,0.451995021192984,0.6525429365751061,0.20962884192010567,0.5180235374447131,0.5052619218753036,False
G2_SHUFFLED_s3019,forest,4,0,3,144757,0.35,2,0.3545966068266051,5708,0.44846994502615745,0.6424863577697869,0.23380252095083454,0.5323169022966898,0.523828142457189,True
G2_SHUFFLED_s3019,forest,4,1,3,144757,0.7,2,0.35768720525172576,5708,0.4487945480850479,0.6473856049198519,0.22207276843287982,0.5252385668010691,0.5213533695272492,False
G2_SHUFFLED_s3019,forest,4,2,3,144757,1.0,4,0.3661619015072191,5708,0.45092129268039094,0.6530450376949621,0.2084120670579831,0.5171950960038292,0.5087154041348904,False
E3_SHUFFLED_s1009,forest,4,0,3,144757,0.35,2,0.3486776841869709,5708,0.44465505779913655,0.6373761714711301,0.2459423607373732,0.5427355228951577,0.5267671378401705,True
E3_SHUFFLED_s1009,forest,4,1,3,144757,0.7,2,0.3554576354431167,5708,0.4424756802271092,0.6332823504744759,0.25559776807505175,0.5507483143870766,0.5300022663646031,False
E3_SHUFFLED_s1009,forest,4,2,3,144757,1.0,4,0.3581445914018258,5708,0.44707252376617845,0.6444253202527265,0.22917092094755087,0.5328726979408386,0.5184459588765493,False
E3_SHUFFLED_s2017,forest,4,0,3,144757,0.35,2,0.3498812099386119,5708,0.44845534723127983,0.6409451183399413,0.23747412377275612,0.5383011102640027,0.5153815424427582,True
E3_SHUFFLED_s2017,forest,4,1,3,144757,0.7,2,0.35332016811959527,5708,0.44606421513495575,0.6398783796751706,0.2400101878416474,0.5415549457893816,0.5195821750071208,False
E3_SHUFFLED_s2017,forest,4,2,3,144757,1.0,4,0.359890629232938,5708,0.45045214863182625,0.6490146547801181,0.21815276557167584,0.5264350088262175,0.512280373098389,False
E3_SHUFFLED_s3019,forest,4,0,3,144757,0.35,2,0.34895822043883334,5708,0.44433556163317994,0.6352953369772778,0.25085785006831995,0.5471368078175024,0.5257976638613235,True
E3_SHUFFLED_s3019,forest,4,1,3,144757,0.7,2,0.35512048150529407,5708,0.4485835214960063,0.6451994171925078,0.22731793722877502,0.5309367794946949,0.5190049641248915,False
E3_SHUFFLED_s3019,forest,4,2,3,144757,1.0,4,0.3579357747792058,5708,0.44930587030208485,0.6506638843077822,0.21417416860491445,0.5235258029518428,0.5121950166296165,False
E2_SHUFFLED_s1009,forest,4,0,3,144757,0.35,2,0.35025203374661296,5708,0.44909935735284645,0.6464857423897378,0.22423389479787337,0.5299235983410969,0.5138555797798805,True
E2_SHUFFLED_s1009,forest,4,1,3,144757,0.7,2,0.35956934927815426,5708,0.44764937650180653,0.6434781402518335,0.231435193632326,0.5337833286840336,0.5209079016434491,False
E2_SHUFFLED_s1009,forest,4,2,3,144757,1.0,4,0.35970348773990757,5708,0.44713472949007405,0.6482208034101294,0.22006425062889412,0.5257542549080394,0.5186347867496058,False
E2_SHUFFLED_s2017,forest,4,0,3,144757,0.35,2,0.35243203250615424,5708,0.45381940174504415,0.6503279149310777,0.2149854792052447,0.5220105707012777,0.5065136839261317,True
E2_SHUFFLED_s2017,forest,4,1,3,144757,0.7,2,0.3533492976899377,5708,0.44653477207186976,0.6437631834982368,0.23075413637266884,0.5330619953257244,0.5225123763944985,False
E2_SHUFFLED_s2017,forest,4,2,3,144757,1.0,4,0.35683865591282626,5708,0.4472812816872404,0.6509469870097114,0.2134901969891405,0.5199432934180768,0.5143476505342132,False
E2_SHUFFLED_s3019,forest,4,0,3,144757,0.35,2,0.34986794091072393,5708,0.44918885716901424,0.6434926229825351,0.2314005971427716,0.5353610269715335,0.5139939630716199,True
E2_SHUFFLED_s3019,forest,4,1,3,144757,0.7,2,0.35286205873296034,5708,0.4482086617391091,0.6458164397275462,0.2258393549390818,0.5310768752218429,0.5191434879831813,False
E2_SHUFFLED_s3019,forest,4,2,3,144757,1.0,4,0.3572259245895817,5708,0.4469916805357144,0.648445922653186,0.2195224320610243,0.5235589717873764,0.5167794648083822,False
E4_SHUFFLED_s1009,forest,4,0,3,144757,0.35,2,0.3403698677778811,5708,0.4496632936960714,0.6496754287614911,0.21655992849609695,0.526583221371583,0.5190697001478787,True
E4_SHUFFLED_s1009,forest,4,1,3,144757,0.7,2,0.34637773659610066,5708,0.4489007187902986,0.6466672436975613,0.22379823993765635,0.5331424958014859,0.5181181774054259,False
E4_SHUFFLED_s1009,forest,4,2,3,144757,1.0,4,0.35582981946986164,5708,0.44580536542371973,0.6448895226095234,0.22806001006500176,0.5331104007626755,0.5179460916174926,False
E4_SHUFFLED_s2017,forest,4,0,3,144757,0.35,2,0.34012283785484193,5708,0.4491555156641475,0.6481533262526953,0.22022661847608205,0.5293316271718026,0.5162624999309502,True
E4_SHUFFLED_s2017,forest,4,1,3,144757,0.7,2,0.34868891700214244,5708,0.4509070906207455,0.6507540691290572,0.21395631580785468,0.5251417451116484,0.5112865558385065,False
E4_SHUFFLED_s2017,forest,4,2,3,144757,1.0,4,0.3561109475160684,5708,0.45126650227314236,0.6546809698968494,0.20444111211031224,0.5170334818280202,0.5097080141573792,False
E4_SHUFFLED_s3019,forest,4,0,3,144757,0.35,2,0.34248075372507986,5708,0.448439917993435,0.6450071595280141,0.2277783589577086,0.5342450502007144,0.5146486371656395,True
E4_SHUFFLED_s3019,forest,4,1,3,144757,0.7,2,0.3508837111014778,5708,0.4511862108006351,0.6496768987978417,0.2165563830743812,0.5264245049848697,0.5106129999455133,False
E4_SHUFFLED_s3019,forest,4,2,3,144757,1.0,4,0.3579804039312921,5708,0.44836204657075585,0.6499922897368333,0.21579554027815606,0.5244613004148354,0.5145008767367782,False
G4_SHUFFLED_s1009,forest,4,0,3,144757,0.35,2,0.35222876360155136,5708,0.4485796581436405,0.642303348357485,0.23423895474568512,0.5340066143125449,0.5210274256185419,True
G4_SHUFFLED_s1009,forest,4,1,3,144757,0.7,2,0.3585896615200004,5708,0.45056130620313306,0.6456306819266264,0.22628463842350743,0.5299388624369528,0.5188668087330992,False
G4_SHUFFLED_s1009,forest,4,2,3,144757,1.0,4,0.36350603496021505,5708,0.44976254552391265,0.6492230898079032,0.21765049488385568,0.5235188907216444,0.5156153832716107,False
G4_SHUFFLED_s2017,forest,4,0,3,144757,0.35,2,0.3539757935227903,5708,0.44664013890931437,0.6390753053904387,0.24191662912907552,0.539074133197258,0.5250111305874127,True
G4_SHUFFLED_s2017,forest,4,1,3,144757,0.7,2,0.3591616795017329,5708,0.4472700537051765,0.6401763345395333,0.23930225524286364,0.539333499338654,0.5236602811865606,False
G4_SHUFFLED_s2017,forest,4,2,3,144757,1.0,4,0.36349614446360207,5708,0.4452535725557209,0.6427091545914253,0.23327103585646547,0.5327077722167306,0.5212528287119133,False
G4_SHUFFLED_s3019,forest,4,0,3,144757,0.35,2,0.3527158536276731,5708,0.44469434668600816,0.6374524126073774,0.2457619534608071,0.5415187733989355,0.5326307814735117,True
G4_SHUFFLED_s3019,forest,4,1,3,144757,0.7,2,0.3541871849519946,5708,0.4471541482102906,0.6436037540946997,0.2311351001378169,0.531988862634085,0.5215758690565834,False
G4_SHUFFLED_s3019,forest,4,2,3,144757,1.0,4,0.36343679158037995,5708,0.44714391227682493,0.6438586868959039,0.2305258814961061,0.5323842229687774,0.5249255374846615,False
S1,forest,4,0,3,144757,0.35,2,0.3827447431489898,5708,0.4621262790551122,0.659113686598464,0.19363149365690413,0.5206547301423735,0.534017673631626,True
S1,forest,4,1,3,144757,0.7,2,0.39161429878320475,5708,0.45904984736665755,0.6558361741496591,0.20163105993640051,0.5313420609548429,0.5424735409889354,False
S1,forest,4,2,3,144757,1.0,4,0.39942515774637355,5708,0.46155245512573195,0.6568813663070915,0.19908434504148675,0.5280748508027624,0.5368450654876116,False
S2,forest,4,0,3,144757,0.35,2,0.34281532994536157,5708,0.45114885760537704,0.6511376490034743,0.2130293929870165,0.5240628389195449,0.5086069706854937,True
S2,forest,4,1,3,144757,0.7,2,0.34834689289956516,5708,0.4486212570232074,0.6522093199492133,0.21043679964954431,0.5191429590277856,0.5174572711150113,False
S2,forest,4,2,3,144757,1.0,4,0.35389479470841756,5708,0.44495002835744796,0.6499589162992384,0.21587606716171892,0.5188973896393938,0.5111509482134622,False
S3,forest,4,0,3,144757,0.35,2,0.3920623483111246,5708,0.4708358767399651,0.6750278566143334,0.15422218658222497,0.4864045565965381,0.5156093669089398,True
S3,forest,4,1,3,144757,0.7,2,0.397775159792213,5708,0.46103262040621856,0.656859436462191,0.1991378209469028,0.5219729689353398,0.5344069768702665,False
S3,forest,4,2,3,144757,1.0,4,0.40300007423110956,5708,0.4671457799958003,0.6654591957869113,0.17803039315299696,0.5070737742188687,0.5274279710385075,False
S4,forest,4,0,3,144757,0.35,2,0.3904703695860124,5708,0.46501876322599617,0.6619233667406897,0.18674204006664952,0.5067977098066411,0.520208865454533,True
S4,forest,4,1,3,144757,0.7,2,0.3983123403941422,5708,0.4682778067141452,0.6683410433261777,0.17089571002014647,0.5028120990363797,0.5168855611462836,False
S4,forest,4,2,3,144757,1.0,4,0.40308621480904056,5708,0.4688603598394646,0.6678241018746279,0.17217778786207627,0.5034118247167848,0.5204034357946924,False
S5,forest,4,0,3,144757,0.35,2,0.3833970171038608,5708,0.43890810501050875,0.6166472278591513,0.29419218191415686,0.578421542094834,0.5660313933598837,True
S5,forest,4,1,3,144757,0.7,2,0.3975633560172345,5708,0.45222216188761394,0.6390396035088478,0.24200132727504553,0.550252744043198,0.5525917294483127,False
S5,forest,4,2,3,144757,1.0,4,0.40083992534527085,5708,0.4512507095588019,0.6375148635135808,0.24561416154445515,0.552365595062071,0.5467436495483189,False
S4_SHUFFLED_s1009,forest,4,0,3,144757,0.35,2,0.38568121511567643,5708,0.4512696653426595,0.6408048168038916,0.23780791785095223,0.5398685560004675,0.5527443413051816,True
S4_SHUFFLED_s1009,forest,4,1,3,144757,0.7,2,0.3946840951316095,5708,0.4514891170085248,0.6414943021917457,0.23616684708784308,0.5443999710801348,0.552988086320848,False
S4_SHUFFLED_s1009,forest,4,2,3,144757,1.0,4,0.40048793734972493,5708,0.45481192233498646,0.6454343765755077,0.22675506642384102,0.5379486360320241,0.5431931888262777,False
S4_SHUFFLED_s2017,forest,4,0,3,144757,0.35,2,0.3884227194223889,5708,0.45313767861710524,0.642259262738094,0.2343440698490582,0.5367830529530818,0.5422316057773868,True
S4_SHUFFLED_s2017,forest,4,1,3,144757,0.7,2,0.3969733470969133,5708,0.45608015345072217,0.6484352260034456,0.2195481810896639,0.5321295553819064,0.5407011205150147,False
S4_SHUFFLED_s2017,forest,4,2,3,144757,1.0,4,0.39982812959502473,5708,0.45935715356488754,0.651743041371671,0.21156534778029223,0.5268031484698775,0.5357630226303641,False
S4_SHUFFLED_s3019,forest,4,0,3,144757,0.35,2,0.38433960320654426,5708,0.4526442818537856,0.6455551495594577,0.22646566183496797,0.5324208038016778,0.5555355477980147,True
S4_SHUFFLED_s3019,forest,4,1,3,144757,0.7,2,0.39640399140451793,5708,0.4569604343516861,0.6494630494235979,0.21707205895500925,0.5329630509237933,0.5460681843126794,False
S4_SHUFFLED_s3019,forest,4,2,3,144757,1.0,4,0.3974685143507152,5708,0.4566205343834646,0.6496349091253232,0.216657650267024,0.5310794136166607,0.5485912954944457,False
S5_SHUFFLED_s1009,forest,4,0,3,144757,0.35,2,0.38562128469581153,5708,0.4510024077017324,0.637250332612596,0.2462400825213793,0.5491813609569536,0.5498889729087686,True
S5_SHUFFLED_s1009,forest,4,1,3,144757,0.7,2,0.394280099684692,5708,0.4544101452425298,0.6446475491688932,0.22863919122886922,0.5428634232237327,0.5432206481981116,False
S5_SHUFFLED_s1009,forest,4,2,3,144757,1.0,4,0.40113768374956793,5708,0.4554924275872721,0.6435936762316483,0.23115917847624023,0.5440762649437346,0.5417449619894822,False
S5_SHUFFLED_s2017,forest,4,0,3,144757,0.35,2,0.3799307201134572,5708,0.45451189858242025,0.6436554736159981,0.2310115243442733,0.5395240010694151,0.5464027108086691,True
S5_SHUFFLED_s2017,forest,4,1,3,144757,0.7,2,0.39285872904418384,5708,0.4582647884402835,0.6503581828174575,0.21491240442952542,0.5352354147956776,0.5429593026003844,False
S5_SHUFFLED_s2017,forest,4,2,3,144757,1.0,4,0.40062047343076884,5708,0.45758766090992803,0.6480947595621857,0.22036753168644563,0.5357987881229079,0.536640100697371,False
S5_SHUFFLED_s3019,forest,4,0,3,144757,0.35,2,0.3829515794592787,5708,0.45237495757805607,0.6417373290531521,0.2355879888313578,0.5418806002440875,0.5520277643714513,True
S5_SHUFFLED_s3019,forest,4,1,3,144757,0.7,2,0.3922780076898761,5708,0.45350526269275426,0.6427318837972477,0.23321680464328276,0.5464208302058682,0.5533007593013731,False
S5_SHUFFLED_s3019,forest,4,2,3,144757,1.0,4,0.39832768656465245,5708,0.4559425689948806,0.6456246255998485,0.226299154000961,0.5406622095887034,0.5496506779996764,False
B0_trivial,mean,4,0,3,144757,0.0,0,0.5803458739765855,5708,0.6590553781251977,0.954152161283206,-0.6898500715465348,,,True
B1_ridge_A2,ridge,4,0,3,144757,1.0,0,0.5025170781148947,5708,0.4426203834840391,0.6299507310124534,0.2634095799955105,0.5380188762171948,0.5598403199698462,True
B1_ridge_A2,ridge,4,1,3,144757,10.0,0,0.5031697039106168,5708,0.4413793511044828,0.6296540500924956,0.2641032242848462,0.5369543138050085,0.5621914127087955,False
B1_ridge_A2,ridge,4,2,3,144757,100.0,0,0.5130359975955664,5708,0.4459477210379678,0.6356752629730453,0.24996156241749112,0.520025256024644,0.5504873065040861,False
B2_ridge_A5,ridge,4,0,3,144757,1.0,0,0.5620442963997943,5708,0.5028324240707629,0.6948376315937824,0.10385237057226171,0.48216606952736696,0.49089275128627424,False
B2_ridge_A5,ridge,4,1,3,144757,10.0,0,0.5511658401566115,5708,0.4880146187195884,0.6792609506845809,0.14358119482876142,0.4886708383996096,0.49429385205788284,False
B2_ridge_A5,ridge,4,2,3,144757,100.0,0,0.5376883766371302,5708,0.46605810813511267,0.6617600863436716,0.1871432125023993,0.48278290969693183,0.496313425824444,True
