feature,deployment_delta3d_blend_weight,component,interpretation,importance
delta3d__feat3d__polyhedron__donor_atomic_number_04,0.5,full_delta3d_forest_only,raw impurity importance; not an attribution of the blended predictor,0.31803958461438947
delta3d__feat3d__polyhedron__donor_atomic_number_09,0.5,full_delta3d_forest_only,raw impurity importance; not an attribution of the blended predictor,0.09359577301322111
pair__delta_ionic_radius,0.5,full_delta3d_forest_only,raw impurity importance; not an attribution of the blended predictor,0.07990651203900088
pair__delta_Z,0.5,full_delta3d_forest_only,raw impurity importance; not an attribution of the blended predictor,0.049068768344152566
base__cond__extractant_concentration_M,0.5,full_delta3d_forest_only,raw impurity importance; not an attribution of the blended predictor,0.01648463141380235
pair__Z_mean,0.5,full_delta3d_forest_only,raw impurity importance; not an attribution of the blended predictor,0.013974974417339546
base__cond__metal_concentration_mM,0.5,full_delta3d_forest_only,raw impurity importance; not an attribution of the blended predictor,0.012774771491392145
pair__ionic_radius_A,0.5,full_delta3d_forest_only,raw impurity importance; not an attribution of the blended predictor,0.012719220025260984
delta3d__feat3d__polyhedron__ln_donor_distance_03,0.5,full_delta3d_forest_only,raw impurity importance; not an attribution of the blended predictor,0.012695297650585453
base__cond__acid_concentration_M,0.5,full_delta3d_forest_only,raw impurity importance; not an attribution of the blended predictor,0.01113846364176563
pair__Z_A,0.5,full_delta3d_forest_only,raw impurity importance; not an attribution of the blended predictor,0.01067929685998873
base__ecfp_1911,0.5,full_delta3d_forest_only,raw impurity importance; not an attribution of the blended predictor,0.010665426312952217
delta3d__feat3d__polyhedron__donor_angle_03_04_deg,0.5,full_delta3d_forest_only,raw impurity importance; not an attribution of the blended predictor,0.010351437881764819
pair__Z_B,0.5,full_delta3d_forest_only,raw impurity importance; not an attribution of the blended predictor,0.009927252744569142
delta3d__feat3d__complex_physical__ln_donor_distance_min,0.5,full_delta3d_forest_only,raw impurity importance; not an attribution of the blended predictor,0.009759224545878761
base__ecfp_1454,0.5,full_delta3d_forest_only,raw impurity importance; not an attribution of the blended predictor,0.00893772576654223
delta3d__feat3d__polyhedron__donor_angle_06_09_deg,0.5,full_delta3d_forest_only,raw impurity importance; not an attribution of the blended predictor,0.00877689461780333
delta3d__feat3d__polyhedron__donor_angle_05_06_deg,0.5,full_delta3d_forest_only,raw impurity importance; not an attribution of the blended predictor,0.007903700354160815
delta3d__feat3d__polyhedron__coordination_number,0.5,full_delta3d_forest_only,raw impurity importance; not an attribution of the blended predictor,0.007834808351184453
base__MolWt,0.5,full_delta3d_forest_only,raw impurity importance; not an attribution of the blended predictor,0.007604528278890587
delta3d__feat3d__polyhedron__donor_angle_04_09_deg,0.5,full_delta3d_forest_only,raw impurity importance; not an attribution of the blended predictor,0.007441779572784346
base__FractionCSP3,0.5,full_delta3d_forest_only,raw impurity importance; not an attribution of the blended predictor,0.007061573025033332
pair__ionic_radius_mean,0.5,full_delta3d_forest_only,raw impurity importance; not an attribution of the blended predictor,0.006921235208709495
delta3d__feat3d__complex_physical__coordination_number,0.5,full_delta3d_forest_only,raw impurity importance; not an attribution of the blended predictor,0.0062434472687103205
delta3d__feat3d__polyhedron__donor_angle_02_09_deg,0.5,full_delta3d_forest_only,raw impurity importance; not an attribution of the blended predictor,0.006137924850612807
delta3d__feat3d__polyhedron__donor_angle_05_09_deg,0.5,full_delta3d_forest_only,raw impurity importance; not an attribution of the blended predictor,0.006010951808609761
delta3d__feat3d__polyhedron__donor_angle_07_09_deg,0.5,full_delta3d_forest_only,raw impurity importance; not an attribution of the blended predictor,0.00547287639681886
base__MolLogP,0.5,full_delta3d_forest_only,raw impurity importance; not an attribution of the blended predictor,0.005352439743158081
base__cond__temperature_C,0.5,full_delta3d_forest_only,raw impurity importance; not an attribution of the blended predictor,0.005292248425274084
delta3d__feat3d__polyhedron__donor_angle_05_08_deg,0.5,full_delta3d_forest_only,raw impurity importance; not an attribution of the blended predictor,0.00527380465412257
delta3d__feat3d__polyhedron__donor_angle_01_09_deg,0.5,full_delta3d_forest_only,raw impurity importance; not an attribution of the blended predictor,0.005273137536790077
base__ecfp_358,0.5,full_delta3d_forest_only,raw impurity importance; not an attribution of the blended predictor,0.005236262724824786
base__ecfp_1272,0.5,full_delta3d_forest_only,raw impurity importance; not an attribution of the blended predictor,0.005040160172343013
missingindicator_delta3d__feat3d__complex_physical__donor_partial_charge_mean,0.5,full_delta3d_forest_only,raw impurity importance; not an attribution of the blended predictor,0.004892665334555645
base__cond__contact_time_min,0.5,full_delta3d_forest_only,raw impurity importance; not an attribution of the blended predictor,0.004829108654696614
delta3d__feat3d__polyhedron__donor_angle_03_09_deg,0.5,full_delta3d_forest_only,raw impurity importance; not an attribution of the blended predictor,0.004659997201994645
base__TPSA,0.5,full_delta3d_forest_only,raw impurity importance; not an attribution of the blended predictor,0.004471947579559253
pair__ionic_radius_B,0.5,full_delta3d_forest_only,raw impurity importance; not an attribution of the blended predictor,0.004185955370501013
base__ecfp_1669,0.5,full_delta3d_forest_only,raw impurity importance; not an attribution of the blended predictor,0.004155976093108251
base__ecfp_13,0.5,full_delta3d_forest_only,raw impurity importance; not an attribution of the blended predictor,0.004073895443694259
base__ecfp_1143,0.5,full_delta3d_forest_only,raw impurity importance; not an attribution of the blended predictor,0.004063796795622554
base__ecfp_591,0.5,full_delta3d_forest_only,raw impurity importance; not an attribution of the blended predictor,0.0038869005007293577
delta3d__feat3d__polyhedron__donor_angle_02_05_deg,0.5,full_delta3d_forest_only,raw impurity importance; not an attribution of the blended predictor,0.003834824702434394
delta3d__feat3d__polyhedron__donor_angle_04_07_deg,0.5,full_delta3d_forest_only,raw impurity importance; not an attribution of the blended predictor,0.0038205878131590616
base__ecfp_1444,0.5,full_delta3d_forest_only,raw impurity importance; not an attribution of the blended predictor,0.0037047532155795805
base__ecfp_348,0.5,full_delta3d_forest_only,raw impurity importance; not an attribution of the blended predictor,0.003682555982132561
delta3d__feat3d__polyhedron__donor_angle_06_08_deg,0.5,full_delta3d_forest_only,raw impurity importance; not an attribution of the blended predictor,0.0035672882928120524
delta3d__feat3d__polyhedron__donor_angle_01_05_deg,0.5,full_delta3d_forest_only,raw impurity importance; not an attribution of the blended predictor,0.0035388854327781756
delta3d__feat3d__polyhedron__donor_angle_01_07_deg,0.5,full_delta3d_forest_only,raw impurity importance; not an attribution of the blended predictor,0.0034616476896490544
delta3d__feat3d__polyhedron__ln_donor_distance_08,0.5,full_delta3d_forest_only,raw impurity importance; not an attribution of the blended predictor,0.0033086376208103225
base__NumRotatableBonds,0.5,full_delta3d_forest_only,raw impurity importance; not an attribution of the blended predictor,0.003281437915929368
delta3d__feat3d__polyhedron__donor_angle_02_06_deg,0.5,full_delta3d_forest_only,raw impurity importance; not an attribution of the blended predictor,0.0031856682954409894
delta3d__feat3d__polyhedron__donor_angle_03_08_deg,0.5,full_delta3d_forest_only,raw impurity importance; not an attribution of the blended predictor,0.002974737948573729
delta3d__feat3d__polyhedron__donor_angle_08_09_deg,0.5,full_delta3d_forest_only,raw impurity importance; not an attribution of the blended predictor,0.002924211534734352
base__ecfp_1442,0.5,full_delta3d_forest_only,raw impurity importance; not an attribution of the blended predictor,0.0028616949570270315
base__cond__diluent__toluene,0.5,full_delta3d_forest_only,raw impurity importance; not an attribution of the blended predictor,0.002769958289834317
delta3d__feat3d__polyhedron__donor_angle_01_04_deg,0.5,full_delta3d_forest_only,raw impurity importance; not an attribution of the blended predictor,0.002739998669723339
delta3d__feat3d__complex_physical__dipole_magnitude,0.5,full_delta3d_forest_only,raw impurity importance; not an attribution of the blended predictor,0.002734195511664776
base__ecfp_1283,0.5,full_delta3d_forest_only,raw impurity importance; not an attribution of the blended predictor,0.002721168371572509
delta3d__feat3d__polyhedron__donor_angle_02_03_deg,0.5,full_delta3d_forest_only,raw impurity importance; not an attribution of the blended predictor,0.00269059296839744
base__ecfp_1163,0.5,full_delta3d_forest_only,raw impurity importance; not an attribution of the blended predictor,0.002466978175634123
delta3d__feat3d__polyhedron__ln_donor_distance_01,0.5,full_delta3d_forest_only,raw impurity importance; not an attribution of the blended predictor,0.0023361247753416066
delta3d__feat3d__polyhedron__donor_angle_02_07_deg,0.5,full_delta3d_forest_only,raw impurity importance; not an attribution of the blended predictor,0.002299275629433791
delta3d__feat3d__polyhedron__ln_donor_distance_09,0.5,full_delta3d_forest_only,raw impurity importance; not an attribution of the blended predictor,0.002224034745140242
delta3d__feat3d__complex_physical__donor_partial_charge_02,0.5,full_delta3d_forest_only,raw impurity importance; not an attribution of the blended predictor,0.00221112307789831
delta3d__feat3d__polyhedron_scalars__next_donor_dist,0.5,full_delta3d_forest_only,raw impurity importance; not an attribution of the blended predictor,0.002196686942509164
delta3d__feat3d__polyhedron__ln_donor_distance_07,0.5,full_delta3d_forest_only,raw impurity importance; not an attribution of the blended predictor,0.0021894709054495884
base__cond__diluent__n_dodecane,0.5,full_delta3d_forest_only,raw impurity importance; not an attribution of the blended predictor,0.0021831288554471796
delta3d__feat3d__polyhedron__donor_angle_02_04_deg,0.5,full_delta3d_forest_only,raw impurity importance; not an attribution of the blended predictor,0.002178018676853306
delta3d__feat3d__polyhedron__ln_donor_distance_04,0.5,full_delta3d_forest_only,raw impurity importance; not an attribution of the blended predictor,0.002135035425687036
delta3d__feat3d__complex_physical__donor_partial_charge_01,0.5,full_delta3d_forest_only,raw impurity importance; not an attribution of the blended predictor,0.0020820159732136087
base__cond__acid__hcl,0.5,full_delta3d_forest_only,raw impurity importance; not an attribution of the blended predictor,0.002081943697365005
base__cond__acid__hno3,0.5,full_delta3d_forest_only,raw impurity importance; not an attribution of the blended predictor,0.002053197087339928
delta3d__feat3d__complex_physical__donor_partial_charge_06,0.5,full_delta3d_forest_only,raw impurity importance; not an attribution of the blended predictor,0.0019413442451982918
delta3d__feat3d__complex_physical__donor_partial_charge_07,0.5,full_delta3d_forest_only,raw impurity importance; not an attribution of the blended predictor,0.0019308923193941169
base__ecfp_739,0.5,full_delta3d_forest_only,raw impurity importance; not an attribution of the blended predictor,0.001921133194842655
delta3d__feat3d__polyhedron_scalars__coreCN_donor_gap,0.5,full_delta3d_forest_only,raw impurity importance; not an attribution of the blended predictor,0.0018983482309734938
delta3d__feat3d__complex_physical__ln_donor_distance_mean,0.5,full_delta3d_forest_only,raw impurity importance; not an attribution of the blended predictor,0.001800655608197219
delta3d__feat3d__polyhedron__donor_angle_03_05_deg,0.5,full_delta3d_forest_only,raw impurity importance; not an attribution of the blended predictor,0.0017327810532137176
delta3d__feat3d__polyhedron__ln_donor_distance_06,0.5,full_delta3d_forest_only,raw impurity importance; not an attribution of the blended predictor,0.0017248956882261446
delta3d__feat3d__polyhedron__donor_angle_04_08_deg,0.5,full_delta3d_forest_only,raw impurity importance; not an attribution of the blended predictor,0.0017073915750887533
delta3d__feat3d__complex_physical__metal_partial_charge,0.5,full_delta3d_forest_only,raw impurity importance; not an attribution of the blended predictor,0.0017043275044452434
base__ecfp_1,0.5,full_delta3d_forest_only,raw impurity importance; not an attribution of the blended predictor,0.001686246104595815
delta3d__feat3d__polyhedron__donor_angle_07_08_deg,0.5,full_delta3d_forest_only,raw impurity importance; not an attribution of the blended predictor,0.001661304389053806
base__cond__diluent__isopar_l_with_30_vol_exxal_13,0.5,full_delta3d_forest_only,raw impurity importance; not an attribution of the blended predictor,0.0016174627750257938
delta3d__feat3d__complex_physical__donor_partial_charge_05,0.5,full_delta3d_forest_only,raw impurity importance; not an attribution of the blended predictor,0.0016131628200139155
delta3d__feat3d__polyhedron__donor_angle_01_03_deg,0.5,full_delta3d_forest_only,raw impurity importance; not an attribution of the blended predictor,0.0015987280832549414
base__ecfp_1275,0.5,full_delta3d_forest_only,raw impurity importance; not an attribution of the blended predictor,0.0015461503955180448
delta3d__feat3d__complex_physical__donor_partial_charge_08,0.5,full_delta3d_forest_only,raw impurity importance; not an attribution of the blended predictor,0.001540137005556248
delta3d__feat3d__polyhedron__ln_donor_distance_05,0.5,full_delta3d_forest_only,raw impurity importance; not an attribution of the blended predictor,0.0015336526498026914
base__ecfp_1951,0.5,full_delta3d_forest_only,raw impurity importance; not an attribution of the blended predictor,0.0015303160652000317
delta3d__feat3d__complex_physical__donor_partial_charge_max,0.5,full_delta3d_forest_only,raw impurity importance; not an attribution of the blended predictor,0.0015172010998875662
delta3d__feat3d__complex_physical__donor_partial_charge_min,0.5,full_delta3d_forest_only,raw impurity importance; not an attribution of the blended predictor,0.0015158711894754733
delta3d__feat3d__complex_physical__donor_partial_charge_04,0.5,full_delta3d_forest_only,raw impurity importance; not an attribution of the blended predictor,0.0014875827884263226
delta3d__feat3d__polyhedron__donor_angle_01_06_deg,0.5,full_delta3d_forest_only,raw impurity importance; not an attribution of the blended predictor,0.0014858974675915108
delta3d__feat3d__polyhedron__ln_donor_distance_02,0.5,full_delta3d_forest_only,raw impurity importance; not an attribution of the blended predictor,0.001482504627835067
delta3d__feat3d__polyhedron__donor_angle_01_02_deg,0.5,full_delta3d_forest_only,raw impurity importance; not an attribution of the blended predictor,0.001461715366802745
delta3d__feat3d__polyhedron__donor_angle_04_06_deg,0.5,full_delta3d_forest_only,raw impurity importance; not an attribution of the blended predictor,0.0013947575336780407
delta3d__feat3d__polyhedron__donor_angle_02_08_deg,0.5,full_delta3d_forest_only,raw impurity importance; not an attribution of the blended predictor,0.0013906522402916109
delta3d__feat3d__polyhedron__donor_angle_01_08_deg,0.5,full_delta3d_forest_only,raw impurity importance; not an attribution of the blended predictor,0.0013901042345644498
delta3d__feat3d__complex_physical__donor_partial_charge_09,0.5,full_delta3d_forest_only,raw impurity importance; not an attribution of the blended predictor,0.0013490462544333175
delta3d__feat3d__complex_physical__ln_donor_distance_std,0.5,full_delta3d_forest_only,raw impurity importance; not an attribution of the blended predictor,0.0013291254845153278
delta3d__feat3d__polyhedron__donor_angle_03_07_deg,0.5,full_delta3d_forest_only,raw impurity importance; not an attribution of the blended predictor,0.0013237715287687643
delta3d__feat3d__polyhedron__donor_angle_05_07_deg,0.5,full_delta3d_forest_only,raw impurity importance; not an attribution of the blended predictor,0.001320506962884081
delta3d__feat3d__complex_physical__donor_partial_charge_03,0.5,full_delta3d_forest_only,raw impurity importance; not an attribution of the blended predictor,0.0013064703298577484
delta3d__feat3d__polyhedron_scalars__coreCN_max_donor_dist,0.5,full_delta3d_forest_only,raw impurity importance; not an attribution of the blended predictor,0.0012689540705318756
delta3d__feat3d__complex_physical__donor_partial_charge_std,0.5,full_delta3d_forest_only,raw impurity importance; not an attribution of the blended predictor,0.0011730223473470148
base__ecfp_283,0.5,full_delta3d_forest_only,raw impurity importance; not an attribution of the blended predictor,0.0011207984892295422
base__ecfp_1271,0.5,full_delta3d_forest_only,raw impurity importance; not an attribution of the blended predictor,0.001113133413989224
delta3d__feat3d__polyhedron__donor_angle_04_05_deg,0.5,full_delta3d_forest_only,raw impurity importance; not an attribution of the blended predictor,0.0010446644589358863
delta3d__feat3d__polyhedron__donor_atomic_number_07,0.5,full_delta3d_forest_only,raw impurity importance; not an attribution of the blended predictor,0.0009788805282909408
base__cond__diluent__kerosene_with_40_vol_1_octanol,0.5,full_delta3d_forest_only,raw impurity importance; not an attribution of the blended predictor,0.000945286938364763
base__ecfp_294,0.5,full_delta3d_forest_only,raw impurity importance; not an attribution of the blended predictor,0.0008975221310041502
delta3d__feat3d__polyhedron__donor_angle_03_06_deg,0.5,full_delta3d_forest_only,raw impurity importance; not an attribution of the blended predictor,0.0008811719679053671
base__ecfp_794,0.5,full_delta3d_forest_only,raw impurity importance; not an attribution of the blended predictor,0.0008538477126461142
base__ecfp_553,0.5,full_delta3d_forest_only,raw impurity importance; not an attribution of the blended predictor,0.0008399663486945527
base__ecfp_334,0.5,full_delta3d_forest_only,raw impurity importance; not an attribution of the blended predictor,0.000758960743879261
base__ecfp_1957,0.5,full_delta3d_forest_only,raw impurity importance; not an attribution of the blended predictor,0.0007500345990814433
delta3d__feat3d__complex_physical__donor_partial_charge_mean,0.5,full_delta3d_forest_only,raw impurity importance; not an attribution of the blended predictor,0.0007428060492453815
delta3d__feat3d__polyhedron__donor_angle_06_07_deg,0.5,full_delta3d_forest_only,raw impurity importance; not an attribution of the blended predictor,0.0007342940396029722
base__cond__acid__malonic_acid,0.5,full_delta3d_forest_only,raw impurity importance; not an attribution of the blended predictor,0.0007332503805472087
base__ecfp_1649,0.5,full_delta3d_forest_only,raw impurity importance; not an attribution of the blended predictor,0.0007256835013592896
base__cond__diluent__1_4_diisopropylbenzene,0.5,full_delta3d_forest_only,raw impurity importance; not an attribution of the blended predictor,0.0006815736066676062
base__ecfp_978,0.5,full_delta3d_forest_only,raw impurity importance; not an attribution of the blended predictor,0.0006676868325105716
base__ecfp_599,0.5,full_delta3d_forest_only,raw impurity importance; not an attribution of the blended predictor,0.0005846997042632571
base__ecfp_438,0.5,full_delta3d_forest_only,raw impurity importance; not an attribution of the blended predictor,0.0005643921931367777
base__NumHAcceptors,0.5,full_delta3d_forest_only,raw impurity importance; not an attribution of the blended predictor,0.0005635237848884028
delta3d__feat3d__complex_physical__ln_donor_distance_max,0.5,full_delta3d_forest_only,raw impurity importance; not an attribution of the blended predictor,0.0005407842900946632
base__ecfp_1761,0.5,full_delta3d_forest_only,raw impurity importance; not an attribution of the blended predictor,0.00048031590229868215
base__ecfp_1860,0.5,full_delta3d_forest_only,raw impurity importance; not an attribution of the blended predictor,0.00047641800364215406
base__ecfp_877,0.5,full_delta3d_forest_only,raw impurity importance; not an attribution of the blended predictor,0.00047487968450706837
base__ecfp_1544,0.5,full_delta3d_forest_only,raw impurity importance; not an attribution of the blended predictor,0.0004603136247654426
base__ecfp_1992,0.5,full_delta3d_forest_only,raw impurity importance; not an attribution of the blended predictor,0.0004457665311097901
base__ecfp_273,0.5,full_delta3d_forest_only,raw impurity importance; not an attribution of the blended predictor,0.00041156468321989326
base__ecfp_1598,0.5,full_delta3d_forest_only,raw impurity importance; not an attribution of the blended predictor,0.0004045825838932075
base__ecfp_1142,0.5,full_delta3d_forest_only,raw impurity importance; not an attribution of the blended predictor,0.0004018021694751206
delta3d__feat3d__complex_physical__observed_donors_within_3p10A,0.5,full_delta3d_forest_only,raw impurity importance; not an attribution of the blended predictor,0.00039343115766698274
missingindicator_delta3d__feat3d__polyhedron__donor_angle_03_09_deg,0.5,full_delta3d_forest_only,raw impurity importance; not an attribution of the blended predictor,0.0003917978671141241
missingindicator_delta3d__feat3d__polyhedron__donor_atomic_number_09,0.5,full_delta3d_forest_only,raw impurity importance; not an attribution of the blended predictor,0.00037622190631495526
base__RingCount,0.5,full_delta3d_forest_only,raw impurity importance; not an attribution of the blended predictor,0.0003627569227487174
base__ecfp_1238,0.5,full_delta3d_forest_only,raw impurity importance; not an attribution of the blended predictor,0.0003548075211296294
base__ecfp_2004,0.5,full_delta3d_forest_only,raw impurity importance; not an attribution of the blended predictor,0.00033065084968438664
base__ecfp_618,0.5,full_delta3d_forest_only,raw impurity importance; not an attribution of the blended predictor,0.0003098732229175456
base__cond__diluent__1_2_dichloroethane,0.5,full_delta3d_forest_only,raw impurity importance; not an attribution of the blended predictor,0.00030720164037818066
base__ecfp_392,0.5,full_delta3d_forest_only,raw impurity importance; not an attribution of the blended predictor,0.00030651555796126767
base__ecfp_487,0.5,full_delta3d_forest_only,raw impurity importance; not an attribution of the blended predictor,0.00029668688287339093
base__ecfp_406,0.5,full_delta3d_forest_only,raw impurity importance; not an attribution of the blended predictor,0.0002858646730558681
base__ecfp_1652,0.5,full_delta3d_forest_only,raw impurity importance; not an attribution of the blended predictor,0.0002815023753864191
base__ecfp_114,0.5,full_delta3d_forest_only,raw impurity importance; not an attribution of the blended predictor,0.0002560818938080536
base__ecfp_207,0.5,full_delta3d_forest_only,raw impurity importance; not an attribution of the blended predictor,0.0002525215841799353
base__ecfp_603,0.5,full_delta3d_forest_only,raw impurity importance; not an attribution of the blended predictor,0.0002476338853261875
missingindicator_delta3d__feat3d__polyhedron__donor_angle_05_09_deg,0.5,full_delta3d_forest_only,raw impurity importance; not an attribution of the blended predictor,0.0002448646891670875
base__ecfp_1237,0.5,full_delta3d_forest_only,raw impurity importance; not an attribution of the blended predictor,0.00023905107481054347
base__cond__diluent__chloroform,0.5,full_delta3d_forest_only,raw impurity importance; not an attribution of the blended predictor,0.00023656285282664194
base__ecfp_1008,0.5,full_delta3d_forest_only,raw impurity importance; not an attribution of the blended predictor,0.0002360858948094764
base__ecfp_670,0.5,full_delta3d_forest_only,raw impurity importance; not an attribution of the blended predictor,0.00022471809745671436
base__cond__diluent__nitrobenzene,0.5,full_delta3d_forest_only,raw impurity importance; not an attribution of the blended predictor,0.00020605364544922327
base__ecfp_192,0.5,full_delta3d_forest_only,raw impurity importance; not an attribution of the blended predictor,0.00020237019420226153
base__ecfp_1512,0.5,full_delta3d_forest_only,raw impurity importance; not an attribution of the blended predictor,0.00017909727425249232
base__ecfp_298,0.5,full_delta3d_forest_only,raw impurity importance; not an attribution of the blended predictor,0.00017407692075262243
base__ecfp_1180,0.5,full_delta3d_forest_only,raw impurity importance; not an attribution of the blended predictor,0.00017176601999994816
base__NumAromaticRings,0.5,full_delta3d_forest_only,raw impurity importance; not an attribution of the blended predictor,0.00017140402939633896
delta3d__feat3d__polyhedron__donor_atomic_number_05,0.5,full_delta3d_forest_only,raw impurity importance; not an attribution of the blended predictor,0.0001681955426820457
missingindicator_delta3d__feat3d__polyhedron__ln_donor_distance_09,0.5,full_delta3d_forest_only,raw impurity importance; not an attribution of the blended predictor,0.00016227078353718924
delta3d__feat3d__polyhedron__donor_atomic_number_06,0.5,full_delta3d_forest_only,raw impurity importance; not an attribution of the blended predictor,0.00015472198715977677
base__ecfp_1614,0.5,full_delta3d_forest_only,raw impurity importance; not an attribution of the blended predictor,0.0001509614643073072
base__ecfp_1221,0.5,full_delta3d_forest_only,raw impurity importance; not an attribution of the blended predictor,0.00014936210695011648
missingindicator_delta3d__feat3d__polyhedron__donor_angle_01_09_deg,0.5,full_delta3d_forest_only,raw impurity importance; not an attribution of the blended predictor,0.0001485296917721528
base__ecfp_466,0.5,full_delta3d_forest_only,raw impurity importance; not an attribution of the blended predictor,0.00014819313392984095
base__ecfp_1199,0.5,full_delta3d_forest_only,raw impurity importance; not an attribution of the blended predictor,0.0001438202484045403
missingindicator_delta3d__feat3d__polyhedron__donor_angle_02_09_deg,0.5,full_delta3d_forest_only,raw impurity importance; not an attribution of the blended predictor,0.00014095475509718648
missingindicator_delta3d__feat3d__polyhedron__donor_angle_08_09_deg,0.5,full_delta3d_forest_only,raw impurity importance; not an attribution of the blended predictor,0.00014021717494504745
base__ecfp_1328,0.5,full_delta3d_forest_only,raw impurity importance; not an attribution of the blended predictor,0.00013982989500973
base__ecfp_1589,0.5,full_delta3d_forest_only,raw impurity importance; not an attribution of the blended predictor,0.0001378805923363441
base__ecfp_1873,0.5,full_delta3d_forest_only,raw impurity importance; not an attribution of the blended predictor,0.0001321055326367342
base__cond__acid__citric_acid,0.5,full_delta3d_forest_only,raw impurity importance; not an attribution of the blended predictor,0.00012379509136782572
base__ecfp_9,0.5,full_delta3d_forest_only,raw impurity importance; not an attribution of the blended predictor,0.00012363745509592965
base__ecfp_1218,0.5,full_delta3d_forest_only,raw impurity importance; not an attribution of the blended predictor,0.0001232319406318951
base__ecfp_904,0.5,full_delta3d_forest_only,raw impurity importance; not an attribution of the blended predictor,0.00012114103438958254
base__cond__acid__lactic_acid,0.5,full_delta3d_forest_only,raw impurity importance; not an attribution of the blended predictor,0.00012079175122675882
base__ecfp_1847,0.5,full_delta3d_forest_only,raw impurity importance; not an attribution of the blended predictor,0.00011733882039963513
base__ecfp_755,0.5,full_delta3d_forest_only,raw impurity importance; not an attribution of the blended predictor,0.00011690649856378773
delta3d__feat3d__polyhedron__donor_atomic_number_08,0.5,full_delta3d_forest_only,raw impurity importance; not an attribution of the blended predictor,0.00011315384777103636
base__ecfp_460,0.5,full_delta3d_forest_only,raw impurity importance; not an attribution of the blended predictor,0.00010986644036942998
missingindicator_delta3d__feat3d__polyhedron__donor_angle_07_09_deg,0.5,full_delta3d_forest_only,raw impurity importance; not an attribution of the blended predictor,0.0001030598528093662
base__cond__diluent__1_octanol,0.5,full_delta3d_forest_only,raw impurity importance; not an attribution of the blended predictor,9.30350758124057e-05
base__ecfp_205,0.5,full_delta3d_forest_only,raw impurity importance; not an attribution of the blended predictor,8.557413798039922e-05
base__ecfp_1380,0.5,full_delta3d_forest_only,raw impurity importance; not an attribution of the blended predictor,8.527312536030374e-05
base__ecfp_1706,0.5,full_delta3d_forest_only,raw impurity importance; not an attribution of the blended predictor,7.654376049821744e-05
base__ecfp_243,0.5,full_delta3d_forest_only,raw impurity importance; not an attribution of the blended predictor,7.298602860434784e-05
base__ecfp_1642,0.5,full_delta3d_forest_only,raw impurity importance; not an attribution of the blended predictor,7.274186428116033e-05
base__ecfp_1750,0.5,full_delta3d_forest_only,raw impurity importance; not an attribution of the blended predictor,7.021868428161455e-05
base__ecfp_389,0.5,full_delta3d_forest_only,raw impurity importance; not an attribution of the blended predictor,6.795913230904147e-05
base__ecfp_932,0.5,full_delta3d_forest_only,raw impurity importance; not an attribution of the blended predictor,6.791116210166761e-05
base__ecfp_369,0.5,full_delta3d_forest_only,raw impurity importance; not an attribution of the blended predictor,5.846341843011494e-05
base__cond__acid__tartaric_acid,0.5,full_delta3d_forest_only,raw impurity importance; not an attribution of the blended predictor,5.6315563162893135e-05
base__ecfp_54,0.5,full_delta3d_forest_only,raw impurity importance; not an attribution of the blended predictor,5.02299810140656e-05
base__ecfp_288,0.5,full_delta3d_forest_only,raw impurity importance; not an attribution of the blended predictor,4.8161319775543564e-05
base__ecfp_625,0.5,full_delta3d_forest_only,raw impurity importance; not an attribution of the blended predictor,4.694812570355542e-05
base__ecfp_997,0.5,full_delta3d_forest_only,raw impurity importance; not an attribution of the blended predictor,4.3169429129827586e-05
base__cond__diluent__hydrogenated_tetrapropene,0.5,full_delta3d_forest_only,raw impurity importance; not an attribution of the blended predictor,3.942989499723667e-05
missingindicator_delta3d__feat3d__complex_physical__donor_partial_charge_09,0.5,full_delta3d_forest_only,raw impurity importance; not an attribution of the blended predictor,3.717427958933782e-05
missingindicator_delta3d__feat3d__polyhedron__donor_angle_04_09_deg,0.5,full_delta3d_forest_only,raw impurity importance; not an attribution of the blended predictor,3.646631814749589e-05
base__ecfp_555,0.5,full_delta3d_forest_only,raw impurity importance; not an attribution of the blended predictor,3.551939496832238e-05
base__ecfp_146,0.5,full_delta3d_forest_only,raw impurity importance; not an attribution of the blended predictor,3.128898156515222e-05
base__ecfp_1004,0.5,full_delta3d_forest_only,raw impurity importance; not an attribution of the blended predictor,2.9598816136881597e-05
base__ecfp_2,0.5,full_delta3d_forest_only,raw impurity importance; not an attribution of the blended predictor,2.9101247950481447e-05
base__ecfp_1765,0.5,full_delta3d_forest_only,raw impurity importance; not an attribution of the blended predictor,2.2742076966144494e-05
base__ecfp_695,0.5,full_delta3d_forest_only,raw impurity importance; not an attribution of the blended predictor,2.211241368226057e-05
base__ecfp_1858,0.5,full_delta3d_forest_only,raw impurity importance; not an attribution of the blended predictor,2.0135281578013086e-05
base__ecfp_1575,0.5,full_delta3d_forest_only,raw impurity importance; not an attribution of the blended predictor,1.664897825759798e-05
base__ecfp_881,0.5,full_delta3d_forest_only,raw impurity importance; not an attribution of the blended predictor,1.659106134544245e-05
base__ecfp_1420,0.5,full_delta3d_forest_only,raw impurity importance; not an attribution of the blended predictor,1.6578686359353263e-05
base__ecfp_1096,0.5,full_delta3d_forest_only,raw impurity importance; not an attribution of the blended predictor,1.6124440260996554e-05
base__cond__diluent__tert_butylbenzene,0.5,full_delta3d_forest_only,raw impurity importance; not an attribution of the blended predictor,1.2734023211635107e-05
missingindicator_delta3d__feat3d__polyhedron__donor_angle_06_09_deg,0.5,full_delta3d_forest_only,raw impurity importance; not an attribution of the blended predictor,9.88497362367865e-06
base__cond__acid__h2so4,0.5,full_delta3d_forest_only,raw impurity importance; not an attribution of the blended predictor,5.778003291581022e-06
base__ecfp_1998,0.5,full_delta3d_forest_only,raw impurity importance; not an attribution of the blended predictor,5.738072045190205e-06
base__ecfp_471,0.5,full_delta3d_forest_only,raw impurity importance; not an attribution of the blended predictor,5.42023081584491e-06
base__ecfp_1019,0.5,full_delta3d_forest_only,raw impurity importance; not an attribution of the blended predictor,5.362997801731281e-06
base__ecfp_1088,0.5,full_delta3d_forest_only,raw impurity importance; not an attribution of the blended predictor,5.13420550050898e-06
base__ecfp_1666,0.5,full_delta3d_forest_only,raw impurity importance; not an attribution of the blended predictor,5.132979415181612e-06
base__ecfp_723,0.5,full_delta3d_forest_only,raw impurity importance; not an attribution of the blended predictor,4.8342927373748975e-06
base__ecfp_1480,0.5,full_delta3d_forest_only,raw impurity importance; not an attribution of the blended predictor,4.173568371043784e-06
base__ecfp_1950,0.5,full_delta3d_forest_only,raw impurity importance; not an attribution of the blended predictor,3.975959879401097e-06
base__ecfp_1189,0.5,full_delta3d_forest_only,raw impurity importance; not an attribution of the blended predictor,2.7968199264868107e-06
base__ecfp_1039,0.5,full_delta3d_forest_only,raw impurity importance; not an attribution of the blended predictor,2.4147524073898194e-06
base__ecfp_378,0.5,full_delta3d_forest_only,raw impurity importance; not an attribution of the blended predictor,2.1347552454188155e-06
base__ecfp_2009,0.5,full_delta3d_forest_only,raw impurity importance; not an attribution of the blended predictor,2.029095230144519e-06
base__ecfp_226,0.5,full_delta3d_forest_only,raw impurity importance; not an attribution of the blended predictor,1.7244560843839921e-06
base__ecfp_1855,0.5,full_delta3d_forest_only,raw impurity importance; not an attribution of the blended predictor,1.3217236039564905e-06
base__ecfp_1309,0.5,full_delta3d_forest_only,raw impurity importance; not an attribution of the blended predictor,1.1423587426989476e-06
base__ecfp_80,0.5,full_delta3d_forest_only,raw impurity importance; not an attribution of the blended predictor,1.050417707854651e-06
base__ecfp_1923,0.5,full_delta3d_forest_only,raw impurity importance; not an attribution of the blended predictor,4.236992298365049e-07
base__ecfp_760,0.5,full_delta3d_forest_only,raw impurity importance; not an attribution of the blended predictor,4.1860923648584195e-07
base__ecfp_381,0.5,full_delta3d_forest_only,raw impurity importance; not an attribution of the blended predictor,2.6165796027364854e-07
base__ecfp_1269,0.5,full_delta3d_forest_only,raw impurity importance; not an attribution of the blended predictor,1.9141344121074392e-07
base__ecfp_1308,0.5,full_delta3d_forest_only,raw impurity importance; not an attribution of the blended predictor,1.3613071385745262e-07
base__ecfp_1005,0.5,full_delta3d_forest_only,raw impurity importance; not an attribution of the blended predictor,1.2649109772151659e-07
base__ecfp_222,0.5,full_delta3d_forest_only,raw impurity importance; not an attribution of the blended predictor,5.061390937863929e-08
base__ecfp_933,0.5,full_delta3d_forest_only,raw impurity importance; not an attribution of the blended predictor,1.4393827231709657e-08
delta3d__feat3d__polyhedron__donor_atomic_number_03,0.5,full_delta3d_forest_only,raw impurity importance; not an attribution of the blended predictor,6.709905858307595e-09
base__ecfp_935,0.5,full_delta3d_forest_only,raw impurity importance; not an attribution of the blended predictor,5.601519771316891e-09
base__ecfp_1473,0.5,full_delta3d_forest_only,raw impurity importance; not an attribution of the blended predictor,0.0
base__ecfp_1453,0.5,full_delta3d_forest_only,raw impurity importance; not an attribution of the blended predictor,0.0
base__ecfp_1458,0.5,full_delta3d_forest_only,raw impurity importance; not an attribution of the blended predictor,0.0
base__ecfp_1457,0.5,full_delta3d_forest_only,raw impurity importance; not an attribution of the blended predictor,0.0
base__ecfp_1456,0.5,full_delta3d_forest_only,raw impurity importance; not an attribution of the blended predictor,0.0
base__ecfp_1455,0.5,full_delta3d_forest_only,raw impurity importance; not an attribution of the blended predictor,0.0
base__ecfp_43,0.5,full_delta3d_forest_only,raw impurity importance; not an attribution of the blended predictor,0.0
base__ecfp_1482,0.5,full_delta3d_forest_only,raw impurity importance; not an attribution of the blended predictor,0.0
base__ecfp_1452,0.5,full_delta3d_forest_only,raw impurity importance; not an attribution of the blended predictor,0.0
base__ecfp_1451,0.5,full_delta3d_forest_only,raw impurity importance; not an attribution of the blended predictor,0.0
base__ecfp_1481,0.5,full_delta3d_forest_only,raw impurity importance; not an attribution of the blended predictor,0.0
base__ecfp_1450,0.5,full_delta3d_forest_only,raw impurity importance; not an attribution of the blended predictor,0.0
base__ecfp_1449,0.5,full_delta3d_forest_only,raw impurity importance; not an attribution of the blended predictor,0.0
base__ecfp_1611,0.5,full_delta3d_forest_only,raw impurity importance; not an attribution of the blended predictor,0.0
base__ecfp_1448,0.5,full_delta3d_forest_only,raw impurity importance; not an attribution of the blended predictor,0.0
base__ecfp_1483,0.5,full_delta3d_forest_only,raw impurity importance; not an attribution of the blended predictor,0.0
base__ecfp_1447,0.5,full_delta3d_forest_only,raw impurity importance; not an attribution of the blended predictor,0.0
base__ecfp_1446,0.5,full_delta3d_forest_only,raw impurity importance; not an attribution of the blended predictor,0.0
base__ecfp_1459,0.5,full_delta3d_forest_only,raw impurity importance; not an attribution of the blended predictor,0.0
base__ecfp_1610,0.5,full_delta3d_forest_only,raw impurity importance; not an attribution of the blended predictor,0.0
base__ecfp_1460,0.5,full_delta3d_forest_only,raw impurity importance; not an attribution of the blended predictor,0.0
base__ecfp_1608,0.5,full_delta3d_forest_only,raw impurity importance; not an attribution of the blended predictor,0.0
base__ecfp_1472,0.5,full_delta3d_forest_only,raw impurity importance; not an attribution of the blended predictor,0.0
base__ecfp_1471,0.5,full_delta3d_forest_only,raw impurity importance; not an attribution of the blended predictor,0.0
base__ecfp_1470,0.5,full_delta3d_forest_only,raw impurity importance; not an attribution of the blended predictor,0.0
base__ecfp_1475,0.5,full_delta3d_forest_only,raw impurity importance; not an attribution of the blended predictor,0.0
base__ecfp_1469,0.5,full_delta3d_forest_only,raw impurity importance; not an attribution of the blended predictor,0.0
base__ecfp_1468,0.5,full_delta3d_forest_only,raw impurity importance; not an attribution of the blended predictor,0.0
base__ecfp_1467,0.5,full_delta3d_forest_only,raw impurity importance; not an attribution of the blended predictor,0.0
base__ecfp_1466,0.5,full_delta3d_forest_only,raw impurity importance; not an attribution of the blended predictor,0.0
base__ecfp_1476,0.5,full_delta3d_forest_only,raw impurity importance; not an attribution of the blended predictor,0.0
base__ecfp_1612,0.5,full_delta3d_forest_only,raw impurity importance; not an attribution of the blended predictor,0.0
base__ecfp_1474,0.5,full_delta3d_forest_only,raw impurity importance; not an attribution of the blended predictor,0.0
base__ecfp_1465,0.5,full_delta3d_forest_only,raw impurity importance; not an attribution of the blended predictor,0.0
base__ecfp_1464,0.5,full_delta3d_forest_only,raw impurity importance; not an attribution of the blended predictor,0.0
base__ecfp_1477,0.5,full_delta3d_forest_only,raw impurity importance; not an attribution of the blended predictor,0.0
base__ecfp_1463,0.5,full_delta3d_forest_only,raw impurity importance; not an attribution of the blended predictor,0.0
base__ecfp_1478,0.5,full_delta3d_forest_only,raw impurity importance; not an attribution of the blended predictor,0.0
base__ecfp_1462,0.5,full_delta3d_forest_only,raw impurity importance; not an attribution of the blended predictor,0.0
base__ecfp_1479,0.5,full_delta3d_forest_only,raw impurity importance; not an attribution of the blended predictor,0.0
base__ecfp_1607,0.5,full_delta3d_forest_only,raw impurity importance; not an attribution of the blended predictor,0.0
base__ecfp_1461,0.5,full_delta3d_forest_only,raw impurity importance; not an attribution of the blended predictor,0.0
base__ecfp_1609,0.5,full_delta3d_forest_only,raw impurity importance; not an attribution of the blended predictor,0.0
base__ecfp_1439,0.5,full_delta3d_forest_only,raw impurity importance; not an attribution of the blended predictor,0.0
base__ecfp_1445,0.5,full_delta3d_forest_only,raw impurity importance; not an attribution of the blended predictor,0.0
base__ecfp_1401,0.5,full_delta3d_forest_only,raw impurity importance; not an attribution of the blended predictor,0.0
base__ecfp_1413,0.5,full_delta3d_forest_only,raw impurity importance; not an attribution of the blended predictor,0.0
base__ecfp_1412,0.5,full_delta3d_forest_only,raw impurity importance; not an attribution of the blended predictor,0.0
base__ecfp_1411,0.5,full_delta3d_forest_only,raw impurity importance; not an attribution of the blended predictor,0.0
base__ecfp_1410,0.5,full_delta3d_forest_only,raw impurity importance; not an attribution of the blended predictor,0.0
base__ecfp_1409,0.5,full_delta3d_forest_only,raw impurity importance; not an attribution of the blended predictor,0.0
base__ecfp_1408,0.5,full_delta3d_forest_only,raw impurity importance; not an attribution of the blended predictor,0.0
base__ecfp_1407,0.5,full_delta3d_forest_only,raw impurity importance; not an attribution of the blended predictor,0.0
base__ecfp_1406,0.5,full_delta3d_forest_only,raw impurity importance; not an attribution of the blended predictor,0.0
base__ecfp_1405,0.5,full_delta3d_forest_only,raw impurity importance; not an attribution of the blended predictor,0.0
base__ecfp_1404,0.5,full_delta3d_forest_only,raw impurity importance; not an attribution of the blended predictor,0.0
base__ecfp_1403,0.5,full_delta3d_forest_only,raw impurity importance; not an attribution of the blended predictor,0.0
base__ecfp_1402,0.5,full_delta3d_forest_only,raw impurity importance; not an attribution of the blended predictor,0.0
base__ecfp_1400,0.5,full_delta3d_forest_only,raw impurity importance; not an attribution of the blended predictor,0.0
base__ecfp_1415,0.5,full_delta3d_forest_only,raw impurity importance; not an attribution of the blended predictor,0.0
base__ecfp_1615,0.5,full_delta3d_forest_only,raw impurity importance; not an attribution of the blended predictor,0.0
base__ecfp_1399,0.5,full_delta3d_forest_only,raw impurity importance; not an attribution of the blended predictor,0.0
base__ecfp_1616,0.5,full_delta3d_forest_only,raw impurity importance; not an attribution of the blended predictor,0.0
base__ecfp_1617,0.5,full_delta3d_forest_only,raw impurity importance; not an attribution of the blended predictor,0.0
base__ecfp_1398,0.5,full_delta3d_forest_only,raw impurity importance; not an attribution of the blended predictor,0.0
base__ecfp_1397,0.5,full_delta3d_forest_only,raw impurity importance; not an attribution of the blended predictor,0.0
base__ecfp_1396,0.5,full_delta3d_forest_only,raw impurity importance; not an attribution of the blended predictor,0.0
base__ecfp_1395,0.5,full_delta3d_forest_only,raw impurity importance; not an attribution of the blended predictor,0.0
base__ecfp_1394,0.5,full_delta3d_forest_only,raw impurity importance; not an attribution of the blended predictor,0.0
base__ecfp_1393,0.5,full_delta3d_forest_only,raw impurity importance; not an attribution of the blended predictor,0.0
base__ecfp_1392,0.5,full_delta3d_forest_only,raw impurity importance; not an attribution of the blended predictor,0.0
base__ecfp_1391,0.5,full_delta3d_forest_only,raw impurity importance; not an attribution of the blended predictor,0.0
base__ecfp_1414,0.5,full_delta3d_forest_only,raw impurity importance; not an attribution of the blended predictor,0.0
base__ecfp_1416,0.5,full_delta3d_forest_only,raw impurity importance; not an attribution of the blended predictor,0.0
base__ecfp_44,0.5,full_delta3d_forest_only,raw impurity importance; not an attribution of the blended predictor,0.0
base__ecfp_1431,0.5,full_delta3d_forest_only,raw impurity importance; not an attribution of the blended predictor,0.0
base__ecfp_1443,0.5,full_delta3d_forest_only,raw impurity importance; not an attribution of the blended predictor,0.0
base__ecfp_45,0.5,full_delta3d_forest_only,raw impurity importance; not an attribution of the blended predictor,0.0
base__ecfp_1441,0.5,full_delta3d_forest_only,raw impurity importance; not an attribution of the blended predictor,0.0
base__ecfp_1440,0.5,full_delta3d_forest_only,raw impurity importance; not an attribution of the blended predictor,0.0
base__ecfp_1485,0.5,full_delta3d_forest_only,raw impurity importance; not an attribution of the blended predictor,0.0
base__ecfp_1438,0.5,full_delta3d_forest_only,raw impurity importance; not an attribution of the blended predictor,0.0
base__ecfp_1437,0.5,full_delta3d_forest_only,raw impurity importance; not an attribution of the blended predictor,0.0
base__ecfp_1436,0.5,full_delta3d_forest_only,raw impurity importance; not an attribution of the blended predictor,0.0
base__ecfp_1435,0.5,full_delta3d_forest_only,raw impurity importance; not an attribution of the blended predictor,0.0
base__ecfp_1434,0.5,full_delta3d_forest_only,raw impurity importance; not an attribution of the blended predictor,0.0
base__ecfp_1433,0.5,full_delta3d_forest_only,raw impurity importance; not an attribution of the blended predictor,0.0
base__ecfp_1432,0.5,full_delta3d_forest_only,raw impurity importance; not an attribution of the blended predictor,0.0
base__ecfp_1430,0.5,full_delta3d_forest_only,raw impurity importance; not an attribution of the blended predictor,0.0
base__ecfp_1417,0.5,full_delta3d_forest_only,raw impurity importance; not an attribution of the blended predictor,0.0
base__ecfp_1429,0.5,full_delta3d_forest_only,raw impurity importance; not an attribution of the blended predictor,0.0
base__ecfp_1428,0.5,full_delta3d_forest_only,raw impurity importance; not an attribution of the blended predictor,0.0
base__ecfp_1427,0.5,full_delta3d_forest_only,raw impurity importance; not an attribution of the blended predictor,0.0
base__ecfp_1426,0.5,full_delta3d_forest_only,raw impurity importance; not an attribution of the blended predictor,0.0
base__ecfp_1425,0.5,full_delta3d_forest_only,raw impurity importance; not an attribution of the blended predictor,0.0
base__ecfp_1424,0.5,full_delta3d_forest_only,raw impurity importance; not an attribution of the blended predictor,0.0
base__ecfp_1423,0.5,full_delta3d_forest_only,raw impurity importance; not an attribution of the blended predictor,0.0
base__ecfp_1613,0.5,full_delta3d_forest_only,raw impurity importance; not an attribution of the blended predictor,0.0
base__ecfp_1422,0.5,full_delta3d_forest_only,raw impurity importance; not an attribution of the blended predictor,0.0
base__ecfp_1421,0.5,full_delta3d_forest_only,raw impurity importance; not an attribution of the blended predictor,0.0
base__ecfp_1419,0.5,full_delta3d_forest_only,raw impurity importance; not an attribution of the blended predictor,0.0
base__ecfp_1418,0.5,full_delta3d_forest_only,raw impurity importance; not an attribution of the blended predictor,0.0
base__ecfp_1484,0.5,full_delta3d_forest_only,raw impurity importance; not an attribution of the blended predictor,0.0
base__ecfp_1590,0.5,full_delta3d_forest_only,raw impurity importance; not an attribution of the blended predictor,0.0
base__ecfp_1486,0.5,full_delta3d_forest_only,raw impurity importance; not an attribution of the blended predictor,0.0
base__ecfp_1550,0.5,full_delta3d_forest_only,raw impurity importance; not an attribution of the blended predictor,0.0
base__ecfp_1559,0.5,full_delta3d_forest_only,raw impurity importance; not an attribution of the blended predictor,0.0
base__ecfp_1594,0.5,full_delta3d_forest_only,raw impurity importance; not an attribution of the blended predictor,0.0
base__ecfp_1558,0.5,full_delta3d_forest_only,raw impurity importance; not an attribution of the blended predictor,0.0
base__ecfp_1595,0.5,full_delta3d_forest_only,raw impurity importance; not an attribution of the blended predictor,0.0
base__ecfp_1557,0.5,full_delta3d_forest_only,raw impurity importance; not an attribution of the blended predictor,0.0
base__ecfp_1556,0.5,full_delta3d_forest_only,raw impurity importance; not an attribution of the blended predictor,0.0
base__ecfp_1596,0.5,full_delta3d_forest_only,raw impurity importance; not an attribution of the blended predictor,0.0
base__ecfp_1555,0.5,full_delta3d_forest_only,raw impurity importance; not an attribution of the blended predictor,0.0
base__ecfp_1554,0.5,full_delta3d_forest_only,raw impurity importance; not an attribution of the blended predictor,0.0
base__ecfp_1553,0.5,full_delta3d_forest_only,raw impurity importance; not an attribution of the blended predictor,0.0
base__ecfp_1552,0.5,full_delta3d_forest_only,raw impurity importance; not an attribution of the blended predictor,0.0
base__ecfp_1551,0.5,full_delta3d_forest_only,raw impurity importance; not an attribution of the blended predictor,0.0
base__ecfp_1549,0.5,full_delta3d_forest_only,raw impurity importance; not an attribution of the blended predictor,0.0
base__ecfp_1561,0.5,full_delta3d_forest_only,raw impurity importance; not an attribution of the blended predictor,0.0
base__ecfp_1548,0.5,full_delta3d_forest_only,raw impurity importance; not an attribution of the blended predictor,0.0
base__ecfp_1547,0.5,full_delta3d_forest_only,raw impurity importance; not an attribution of the blended predictor,0.0
base__ecfp_1597,0.5,full_delta3d_forest_only,raw impurity importance; not an attribution of the blended predictor,0.0
base__ecfp_1546,0.5,full_delta3d_forest_only,raw impurity importance; not an attribution of the blended predictor,0.0
base__ecfp_1545,0.5,full_delta3d_forest_only,raw impurity importance; not an attribution of the blended predictor,0.0
base__ecfp_41,0.5,full_delta3d_forest_only,raw impurity importance; not an attribution of the blended predictor,0.0
base__ecfp_1543,0.5,full_delta3d_forest_only,raw impurity importance; not an attribution of the blended predictor,0.0
base__ecfp_1542,0.5,full_delta3d_forest_only,raw impurity importance; not an attribution of the blended predictor,0.0
base__ecfp_40,0.5,full_delta3d_forest_only,raw impurity importance; not an attribution of the blended predictor,0.0
base__ecfp_1541,0.5,full_delta3d_forest_only,raw impurity importance; not an attribution of the blended predictor,0.0
base__ecfp_1540,0.5,full_delta3d_forest_only,raw impurity importance; not an attribution of the blended predictor,0.0
base__ecfp_1599,0.5,full_delta3d_forest_only,raw impurity importance; not an attribution of the blended predictor,0.0
base__ecfp_1560,0.5,full_delta3d_forest_only,raw impurity importance; not an attribution of the blended predictor,0.0
base__ecfp_1562,0.5,full_delta3d_forest_only,raw impurity importance; not an attribution of the blended predictor,0.0
base__ecfp_1538,0.5,full_delta3d_forest_only,raw impurity importance; not an attribution of the blended predictor,0.0
base__ecfp_1576,0.5,full_delta3d_forest_only,raw impurity importance; not an attribution of the blended predictor,0.0
base__ecfp_1588,0.5,full_delta3d_forest_only,raw impurity importance; not an attribution of the blended predictor,0.0
base__ecfp_1587,0.5,full_delta3d_forest_only,raw impurity importance; not an attribution of the blended predictor,0.0
base__ecfp_1586,0.5,full_delta3d_forest_only,raw impurity importance; not an attribution of the blended predictor,0.0
base__ecfp_1585,0.5,full_delta3d_forest_only,raw impurity importance; not an attribution of the blended predictor,0.0
base__ecfp_1584,0.5,full_delta3d_forest_only,raw impurity importance; not an attribution of the blended predictor,0.0
base__ecfp_1583,0.5,full_delta3d_forest_only,raw impurity importance; not an attribution of the blended predictor,0.0
base__ecfp_1582,0.5,full_delta3d_forest_only,raw impurity importance; not an attribution of the blended predictor,0.0
base__ecfp_1581,0.5,full_delta3d_forest_only,raw impurity importance; not an attribution of the blended predictor,0.0
base__ecfp_1580,0.5,full_delta3d_forest_only,raw impurity importance; not an attribution of the blended predictor,0.0
base__ecfp_1579,0.5,full_delta3d_forest_only,raw impurity importance; not an attribution of the blended predictor,0.0
base__ecfp_1578,0.5,full_delta3d_forest_only,raw impurity importance; not an attribution of the blended predictor,0.0
base__ecfp_1577,0.5,full_delta3d_forest_only,raw impurity importance; not an attribution of the blended predictor,0.0
base__ecfp_1592,0.5,full_delta3d_forest_only,raw impurity importance; not an attribution of the blended predictor,0.0
base__ecfp_1563,0.5,full_delta3d_forest_only,raw impurity importance; not an attribution of the blended predictor,0.0
base__ecfp_1574,0.5,full_delta3d_forest_only,raw impurity importance; not an attribution of the blended predictor,0.0
base__ecfp_1573,0.5,full_delta3d_forest_only,raw impurity importance; not an attribution of the blended predictor,0.0
base__ecfp_1572,0.5,full_delta3d_forest_only,raw impurity importance; not an attribution of the blended predictor,0.0
base__ecfp_1571,0.5,full_delta3d_forest_only,raw impurity importance; not an attribution of the blended predictor,0.0
base__ecfp_1570,0.5,full_delta3d_forest_only,raw impurity importance; not an attribution of the blended predictor,0.0
base__ecfp_1569,0.5,full_delta3d_forest_only,raw impurity importance; not an attribution of the blended predictor,0.0
base__ecfp_1568,0.5,full_delta3d_forest_only,raw impurity importance; not an attribution of the blended predictor,0.0
base__ecfp_1567,0.5,full_delta3d_forest_only,raw impurity importance; not an attribution of the blended predictor,0.0
base__ecfp_1566,0.5,full_delta3d_forest_only,raw impurity importance; not an attribution of the blended predictor,0.0
base__ecfp_1565,0.5,full_delta3d_forest_only,raw impurity importance; not an attribution of the blended predictor,0.0
base__ecfp_1593,0.5,full_delta3d_forest_only,raw impurity importance; not an attribution of the blended predictor,0.0
base__ecfp_1564,0.5,full_delta3d_forest_only,raw impurity importance; not an attribution of the blended predictor,0.0
base__ecfp_1539,0.5,full_delta3d_forest_only,raw impurity importance; not an attribution of the blended predictor,0.0
base__ecfp_1537,0.5,full_delta3d_forest_only,raw impurity importance; not an attribution of the blended predictor,0.0
base__ecfp_1487,0.5,full_delta3d_forest_only,raw impurity importance; not an attribution of the blended predictor,0.0
base__ecfp_1498,0.5,full_delta3d_forest_only,raw impurity importance; not an attribution of the blended predictor,0.0
base__ecfp_1507,0.5,full_delta3d_forest_only,raw impurity importance; not an attribution of the blended predictor,0.0
base__ecfp_1602,0.5,full_delta3d_forest_only,raw impurity importance; not an attribution of the blended predictor,0.0
base__ecfp_1506,0.5,full_delta3d_forest_only,raw impurity importance; not an attribution of the blended predictor,0.0
base__ecfp_1505,0.5,full_delta3d_forest_only,raw impurity importance; not an attribution of the blended predictor,0.0
base__ecfp_1504,0.5,full_delta3d_forest_only,raw impurity importance; not an attribution of the blended predictor,0.0
base__ecfp_1503,0.5,full_delta3d_forest_only,raw impurity importance; not an attribution of the blended predictor,0.0
base__ecfp_1502,0.5,full_delta3d_forest_only,raw impurity importance; not an attribution of the blended predictor,0.0
base__ecfp_1603,0.5,full_delta3d_forest_only,raw impurity importance; not an attribution of the blended predictor,0.0
base__ecfp_1501,0.5,full_delta3d_forest_only,raw impurity importance; not an attribution of the blended predictor,0.0
base__ecfp_1604,0.5,full_delta3d_forest_only,raw impurity importance; not an attribution of the blended predictor,0.0
base__ecfp_1500,0.5,full_delta3d_forest_only,raw impurity importance; not an attribution of the blended predictor,0.0
base__ecfp_1499,0.5,full_delta3d_forest_only,raw impurity importance; not an attribution of the blended predictor,0.0
base__ecfp_1605,0.5,full_delta3d_forest_only,raw impurity importance; not an attribution of the blended predictor,0.0
base__ecfp_1509,0.5,full_delta3d_forest_only,raw impurity importance; not an attribution of the blended predictor,0.0
base__ecfp_1497,0.5,full_delta3d_forest_only,raw impurity importance; not an attribution of the blended predictor,0.0
base__ecfp_1496,0.5,full_delta3d_forest_only,raw impurity importance; not an attribution of the blended predictor,0.0
base__ecfp_1495,0.5,full_delta3d_forest_only,raw impurity importance; not an attribution of the blended predictor,0.0
base__ecfp_1494,0.5,full_delta3d_forest_only,raw impurity importance; not an attribution of the blended predictor,0.0
base__ecfp_1606,0.5,full_delta3d_forest_only,raw impurity importance; not an attribution of the blended predictor,0.0
base__ecfp_1591,0.5,full_delta3d_forest_only,raw impurity importance; not an attribution of the blended predictor,0.0
base__ecfp_1493,0.5,full_delta3d_forest_only,raw impurity importance; not an attribution of the blended predictor,0.0
base__ecfp_1492,0.5,full_delta3d_forest_only,raw impurity importance; not an attribution of the blended predictor,0.0
base__ecfp_1491,0.5,full_delta3d_forest_only,raw impurity importance; not an attribution of the blended predictor,0.0
base__ecfp_1490,0.5,full_delta3d_forest_only,raw impurity importance; not an attribution of the blended predictor,0.0
base__ecfp_1489,0.5,full_delta3d_forest_only,raw impurity importance; not an attribution of the blended predictor,0.0
base__ecfp_1488,0.5,full_delta3d_forest_only,raw impurity importance; not an attribution of the blended predictor,0.0
base__ecfp_1390,0.5,full_delta3d_forest_only,raw impurity importance; not an attribution of the blended predictor,0.0
base__ecfp_1510,0.5,full_delta3d_forest_only,raw impurity importance; not an attribution of the blended predictor,0.0
base__ecfp_1536,0.5,full_delta3d_forest_only,raw impurity importance; not an attribution of the blended predictor,0.0
base__ecfp_1525,0.5,full_delta3d_forest_only,raw impurity importance; not an attribution of the blended predictor,0.0
base__ecfp_1535,0.5,full_delta3d_forest_only,raw impurity importance; not an attribution of the blended predictor,0.0
base__ecfp_1600,0.5,full_delta3d_forest_only,raw impurity importance; not an attribution of the blended predictor,0.0
base__ecfp_1534,0.5,full_delta3d_forest_only,raw impurity importance; not an attribution of the blended predictor,0.0
base__ecfp_1533,0.5,full_delta3d_forest_only,raw impurity importance; not an attribution of the blended predictor,0.0
base__ecfp_1532,0.5,full_delta3d_forest_only,raw impurity importance; not an attribution of the blended predictor,0.0
base__ecfp_1531,0.5,full_delta3d_forest_only,raw impurity importance; not an attribution of the blended predictor,0.0
base__ecfp_1601,0.5,full_delta3d_forest_only,raw impurity importance; not an attribution of the blended predictor,0.0
base__ecfp_1530,0.5,full_delta3d_forest_only,raw impurity importance; not an attribution of the blended predictor,0.0
base__ecfp_1529,0.5,full_delta3d_forest_only,raw impurity importance; not an attribution of the blended predictor,0.0
base__ecfp_1528,0.5,full_delta3d_forest_only,raw impurity importance; not an attribution of the blended predictor,0.0
base__ecfp_1527,0.5,full_delta3d_forest_only,raw impurity importance; not an attribution of the blended predictor,0.0
base__ecfp_1526,0.5,full_delta3d_forest_only,raw impurity importance; not an attribution of the blended predictor,0.0
base__ecfp_1524,0.5,full_delta3d_forest_only,raw impurity importance; not an attribution of the blended predictor,0.0
base__ecfp_1511,0.5,full_delta3d_forest_only,raw impurity importance; not an attribution of the blended predictor,0.0
base__ecfp_1523,0.5,full_delta3d_forest_only,raw impurity importance; not an attribution of the blended predictor,0.0
base__ecfp_1522,0.5,full_delta3d_forest_only,raw impurity importance; not an attribution of the blended predictor,0.0
base__ecfp_1521,0.5,full_delta3d_forest_only,raw impurity importance; not an attribution of the blended predictor,0.0
base__ecfp_1520,0.5,full_delta3d_forest_only,raw impurity importance; not an attribution of the blended predictor,0.0
base__ecfp_1519,0.5,full_delta3d_forest_only,raw impurity importance; not an attribution of the blended predictor,0.0
base__ecfp_1518,0.5,full_delta3d_forest_only,raw impurity importance; not an attribution of the blended predictor,0.0
base__ecfp_1517,0.5,full_delta3d_forest_only,raw impurity importance; not an attribution of the blended predictor,0.0
base__ecfp_1516,0.5,full_delta3d_forest_only,raw impurity importance; not an attribution of the blended predictor,0.0
base__ecfp_1515,0.5,full_delta3d_forest_only,raw impurity importance; not an attribution of the blended predictor,0.0
base__ecfp_1514,0.5,full_delta3d_forest_only,raw impurity importance; not an attribution of the blended predictor,0.0
base__ecfp_1513,0.5,full_delta3d_forest_only,raw impurity importance; not an attribution of the blended predictor,0.0
base__ecfp_42,0.5,full_delta3d_forest_only,raw impurity importance; not an attribution of the blended predictor,0.0
base__ecfp_1508,0.5,full_delta3d_forest_only,raw impurity importance; not an attribution of the blended predictor,0.0
base__ecfp_1366,0.5,full_delta3d_forest_only,raw impurity importance; not an attribution of the blended predictor,0.0
base__ecfp_1389,0.5,full_delta3d_forest_only,raw impurity importance; not an attribution of the blended predictor,0.0
base__ecfp_1230,0.5,full_delta3d_forest_only,raw impurity importance; not an attribution of the blended predictor,0.0
base__ecfp_1228,0.5,full_delta3d_forest_only,raw impurity importance; not an attribution of the blended predictor,0.0
base__ecfp_1227,0.5,full_delta3d_forest_only,raw impurity importance; not an attribution of the blended predictor,0.0
base__ecfp_1226,0.5,full_delta3d_forest_only,raw impurity importance; not an attribution of the blended predictor,0.0
base__ecfp_1225,0.5,full_delta3d_forest_only,raw impurity importance; not an attribution of the blended predictor,0.0
base__ecfp_1224,0.5,full_delta3d_forest_only,raw impurity importance; not an attribution of the blended predictor,0.0
base__ecfp_1223,0.5,full_delta3d_forest_only,raw impurity importance; not an attribution of the blended predictor,0.0
base__ecfp_1222,0.5,full_delta3d_forest_only,raw impurity importance; not an attribution of the blended predictor,0.0
base__ecfp_1220,0.5,full_delta3d_forest_only,raw impurity importance; not an attribution of the blended predictor,0.0
base__ecfp_1219,0.5,full_delta3d_forest_only,raw impurity importance; not an attribution of the blended predictor,0.0
base__ecfp_1217,0.5,full_delta3d_forest_only,raw impurity importance; not an attribution of the blended predictor,0.0
base__ecfp_1216,0.5,full_delta3d_forest_only,raw impurity importance; not an attribution of the blended predictor,0.0
base__ecfp_1215,0.5,full_delta3d_forest_only,raw impurity importance; not an attribution of the blended predictor,0.0
base__ecfp_1214,0.5,full_delta3d_forest_only,raw impurity importance; not an attribution of the blended predictor,0.0
base__ecfp_1213,0.5,full_delta3d_forest_only,raw impurity importance; not an attribution of the blended predictor,0.0
base__ecfp_1212,0.5,full_delta3d_forest_only,raw impurity importance; not an attribution of the blended predictor,0.0
base__ecfp_1211,0.5,full_delta3d_forest_only,raw impurity importance; not an attribution of the blended predictor,0.0
base__ecfp_1210,0.5,full_delta3d_forest_only,raw impurity importance; not an attribution of the blended predictor,0.0
base__ecfp_1209,0.5,full_delta3d_forest_only,raw impurity importance; not an attribution of the blended predictor,0.0
base__ecfp_1208,0.5,full_delta3d_forest_only,raw impurity importance; not an attribution of the blended predictor,0.0
base__ecfp_1207,0.5,full_delta3d_forest_only,raw impurity importance; not an attribution of the blended predictor,0.0
base__ecfp_1206,0.5,full_delta3d_forest_only,raw impurity importance; not an attribution of the blended predictor,0.0
base__ecfp_1205,0.5,full_delta3d_forest_only,raw impurity importance; not an attribution of the blended predictor,0.0
base__ecfp_1204,0.5,full_delta3d_forest_only,raw impurity importance; not an attribution of the blended predictor,0.0
base__ecfp_1203,0.5,full_delta3d_forest_only,raw impurity importance; not an attribution of the blended predictor,0.0
base__ecfp_1202,0.5,full_delta3d_forest_only,raw impurity importance; not an attribution of the blended predictor,0.0
base__ecfp_1201,0.5,full_delta3d_forest_only,raw impurity importance; not an attribution of the blended predictor,0.0
base__ecfp_1200,0.5,full_delta3d_forest_only,raw impurity importance; not an attribution of the blended predictor,0.0
base__ecfp_1229,0.5,full_delta3d_forest_only,raw impurity importance; not an attribution of the blended predictor,0.0
base__ecfp_1231,0.5,full_delta3d_forest_only,raw impurity importance; not an attribution of the blended predictor,0.0
base__ecfp_1197,0.5,full_delta3d_forest_only,raw impurity importance; not an attribution of the blended predictor,0.0
base__ecfp_1232,0.5,full_delta3d_forest_only,raw impurity importance; not an attribution of the blended predictor,0.0
base__ecfp_1259,0.5,full_delta3d_forest_only,raw impurity importance; not an attribution of the blended predictor,0.0
base__ecfp_1258,0.5,full_delta3d_forest_only,raw impurity importance; not an attribution of the blended predictor,0.0
base__ecfp_1257,0.5,full_delta3d_forest_only,raw impurity importance; not an attribution of the blended predictor,0.0
base__ecfp_1256,0.5,full_delta3d_forest_only,raw impurity importance; not an attribution of the blended predictor,0.0
base__ecfp_1255,0.5,full_delta3d_forest_only,raw impurity importance; not an attribution of the blended predictor,0.0
base__ecfp_1254,0.5,full_delta3d_forest_only,raw impurity importance; not an attribution of the blended predictor,0.0
base__ecfp_1253,0.5,full_delta3d_forest_only,raw impurity importance; not an attribution of the blended predictor,0.0
base__ecfp_1252,0.5,full_delta3d_forest_only,raw impurity importance; not an attribution of the blended predictor,0.0
base__ecfp_1251,0.5,full_delta3d_forest_only,raw impurity importance; not an attribution of the blended predictor,0.0
base__ecfp_1250,0.5,full_delta3d_forest_only,raw impurity importance; not an attribution of the blended predictor,0.0
base__ecfp_1249,0.5,full_delta3d_forest_only,raw impurity importance; not an attribution of the blended predictor,0.0
base__ecfp_1248,0.5,full_delta3d_forest_only,raw impurity importance; not an attribution of the blended predictor,0.0
base__ecfp_1247,0.5,full_delta3d_forest_only,raw impurity importance; not an attribution of the blended predictor,0.0
base__ecfp_1246,0.5,full_delta3d_forest_only,raw impurity importance; not an attribution of the blended predictor,0.0
base__ecfp_1245,0.5,full_delta3d_forest_only,raw impurity importance; not an attribution of the blended predictor,0.0
base__ecfp_1244,0.5,full_delta3d_forest_only,raw impurity importance; not an attribution of the blended predictor,0.0
base__ecfp_1243,0.5,full_delta3d_forest_only,raw impurity importance; not an attribution of the blended predictor,0.0
base__ecfp_1242,0.5,full_delta3d_forest_only,raw impurity importance; not an attribution of the blended predictor,0.0
base__ecfp_1241,0.5,full_delta3d_forest_only,raw impurity importance; not an attribution of the blended predictor,0.0
base__ecfp_1240,0.5,full_delta3d_forest_only,raw impurity importance; not an attribution of the blended predictor,0.0
base__ecfp_1239,0.5,full_delta3d_forest_only,raw impurity importance; not an attribution of the blended predictor,0.0
base__ecfp_50,0.5,full_delta3d_forest_only,raw impurity importance; not an attribution of the blended predictor,0.0
base__ecfp_51,0.5,full_delta3d_forest_only,raw impurity importance; not an attribution of the blended predictor,0.0
base__ecfp_1236,0.5,full_delta3d_forest_only,raw impurity importance; not an attribution of the blended predictor,0.0
base__ecfp_1235,0.5,full_delta3d_forest_only,raw impurity importance; not an attribution of the blended predictor,0.0
base__ecfp_1234,0.5,full_delta3d_forest_only,raw impurity importance; not an attribution of the blended predictor,0.0
base__ecfp_1233,0.5,full_delta3d_forest_only,raw impurity importance; not an attribution of the blended predictor,0.0
base__ecfp_1198,0.5,full_delta3d_forest_only,raw impurity importance; not an attribution of the blended predictor,0.0
base__ecfp_1196,0.5,full_delta3d_forest_only,raw impurity importance; not an attribution of the blended predictor,0.0
base__ecfp_1388,0.5,full_delta3d_forest_only,raw impurity importance; not an attribution of the blended predictor,0.0
base__ecfp_1164,0.5,full_delta3d_forest_only,raw impurity importance; not an attribution of the blended predictor,0.0
base__ecfp_1162,0.5,full_delta3d_forest_only,raw impurity importance; not an attribution of the blended predictor,0.0
base__ecfp_1161,0.5,full_delta3d_forest_only,raw impurity importance; not an attribution of the blended predictor,0.0
base__ecfp_1160,0.5,full_delta3d_forest_only,raw impurity importance; not an attribution of the blended predictor,0.0
base__ecfp_1159,0.5,full_delta3d_forest_only,raw impurity importance; not an attribution of the blended predictor,0.0
base__ecfp_1158,0.5,full_delta3d_forest_only,raw impurity importance; not an attribution of the blended predictor,0.0
base__ecfp_1157,0.5,full_delta3d_forest_only,raw impurity importance; not an attribution of the blended predictor,0.0
base__ecfp_1156,0.5,full_delta3d_forest_only,raw impurity importance; not an attribution of the blended predictor,0.0
base__ecfp_1155,0.5,full_delta3d_forest_only,raw impurity importance; not an attribution of the blended predictor,0.0
base__ecfp_1154,0.5,full_delta3d_forest_only,raw impurity importance; not an attribution of the blended predictor,0.0
base__ecfp_1153,0.5,full_delta3d_forest_only,raw impurity importance; not an attribution of the blended predictor,0.0
base__ecfp_1152,0.5,full_delta3d_forest_only,raw impurity importance; not an attribution of the blended predictor,0.0
base__ecfp_1151,0.5,full_delta3d_forest_only,raw impurity importance; not an attribution of the blended predictor,0.0
base__ecfp_1150,0.5,full_delta3d_forest_only,raw impurity importance; not an attribution of the blended predictor,0.0
base__ecfp_1149,0.5,full_delta3d_forest_only,raw impurity importance; not an attribution of the blended predictor,0.0
base__ecfp_1148,0.5,full_delta3d_forest_only,raw impurity importance; not an attribution of the blended predictor,0.0
base__ecfp_1147,0.5,full_delta3d_forest_only,raw impurity importance; not an attribution of the blended predictor,0.0
base__ecfp_1146,0.5,full_delta3d_forest_only,raw impurity importance; not an attribution of the blended predictor,0.0
base__ecfp_1145,0.5,full_delta3d_forest_only,raw impurity importance; not an attribution of the blended predictor,0.0
base__ecfp_1144,0.5,full_delta3d_forest_only,raw impurity importance; not an attribution of the blended predictor,0.0
base__ecfp_55,0.5,full_delta3d_forest_only,raw impurity importance; not an attribution of the blended predictor,0.0
base__ecfp_1141,0.5,full_delta3d_forest_only,raw impurity importance; not an attribution of the blended predictor,0.0
base__ecfp_1140,0.5,full_delta3d_forest_only,raw impurity importance; not an attribution of the blended predictor,0.0
base__ecfp_1139,0.5,full_delta3d_forest_only,raw impurity importance; not an attribution of the blended predictor,0.0
base__ecfp_1138,0.5,full_delta3d_forest_only,raw impurity importance; not an attribution of the blended predictor,0.0
base__ecfp_1137,0.5,full_delta3d_forest_only,raw impurity importance; not an attribution of the blended predictor,0.0
base__ecfp_1136,0.5,full_delta3d_forest_only,raw impurity importance; not an attribution of the blended predictor,0.0
base__ecfp_1135,0.5,full_delta3d_forest_only,raw impurity importance; not an attribution of the blended predictor,0.0
base__ecfp_53,0.5,full_delta3d_forest_only,raw impurity importance; not an attribution of the blended predictor,0.0
base__ecfp_1165,0.5,full_delta3d_forest_only,raw impurity importance; not an attribution of the blended predictor,0.0
base__ecfp_1195,0.5,full_delta3d_forest_only,raw impurity importance; not an attribution of the blended predictor,0.0
base__ecfp_1166,0.5,full_delta3d_forest_only,raw impurity importance; not an attribution of the blended predictor,0.0
base__ecfp_1194,0.5,full_delta3d_forest_only,raw impurity importance; not an attribution of the blended predictor,0.0
base__ecfp_1193,0.5,full_delta3d_forest_only,raw impurity importance; not an attribution of the blended predictor,0.0
base__ecfp_1192,0.5,full_delta3d_forest_only,raw impurity importance; not an attribution of the blended predictor,0.0
base__ecfp_1191,0.5,full_delta3d_forest_only,raw impurity importance; not an attribution of the blended predictor,0.0
base__ecfp_1190,0.5,full_delta3d_forest_only,raw impurity importance; not an attribution of the blended predictor,0.0
base__ecfp_1188,0.5,full_delta3d_forest_only,raw impurity importance; not an attribution of the blended predictor,0.0
base__ecfp_1187,0.5,full_delta3d_forest_only,raw impurity importance; not an attribution of the blended predictor,0.0
base__ecfp_1186,0.5,full_delta3d_forest_only,raw impurity importance; not an attribution of the blended predictor,0.0
base__ecfp_1185,0.5,full_delta3d_forest_only,raw impurity importance; not an attribution of the blended predictor,0.0
base__ecfp_1184,0.5,full_delta3d_forest_only,raw impurity importance; not an attribution of the blended predictor,0.0
base__ecfp_1183,0.5,full_delta3d_forest_only,raw impurity importance; not an attribution of the blended predictor,0.0
base__ecfp_1182,0.5,full_delta3d_forest_only,raw impurity importance; not an attribution of the blended predictor,0.0
base__ecfp_1181,0.5,full_delta3d_forest_only,raw impurity importance; not an attribution of the blended predictor,0.0
base__ecfp_52,0.5,full_delta3d_forest_only,raw impurity importance; not an attribution of the blended predictor,0.0
base__ecfp_1179,0.5,full_delta3d_forest_only,raw impurity importance; not an attribution of the blended predictor,0.0
base__ecfp_1178,0.5,full_delta3d_forest_only,raw impurity importance; not an attribution of the blended predictor,0.0
base__ecfp_1177,0.5,full_delta3d_forest_only,raw impurity importance; not an attribution of the blended predictor,0.0
base__ecfp_1176,0.5,full_delta3d_forest_only,raw impurity importance; not an attribution of the blended predictor,0.0
base__ecfp_1175,0.5,full_delta3d_forest_only,raw impurity importance; not an attribution of the blended predictor,0.0
base__ecfp_1174,0.5,full_delta3d_forest_only,raw impurity importance; not an attribution of the blended predictor,0.0
base__ecfp_1173,0.5,full_delta3d_forest_only,raw impurity importance; not an attribution of the blended predictor,0.0
base__ecfp_1172,0.5,full_delta3d_forest_only,raw impurity importance; not an attribution of the blended predictor,0.0
base__ecfp_1171,0.5,full_delta3d_forest_only,raw impurity importance; not an attribution of the blended predictor,0.0
base__ecfp_1170,0.5,full_delta3d_forest_only,raw impurity importance; not an attribution of the blended predictor,0.0
base__ecfp_1169,0.5,full_delta3d_forest_only,raw impurity importance; not an attribution of the blended predictor,0.0
base__ecfp_1168,0.5,full_delta3d_forest_only,raw impurity importance; not an attribution of the blended predictor,0.0
base__ecfp_1167,0.5,full_delta3d_forest_only,raw impurity importance; not an attribution of the blended predictor,0.0
base__ecfp_1260,0.5,full_delta3d_forest_only,raw impurity importance; not an attribution of the blended predictor,0.0
base__ecfp_1261,0.5,full_delta3d_forest_only,raw impurity importance; not an attribution of the blended predictor,0.0
base__ecfp_1262,0.5,full_delta3d_forest_only,raw impurity importance; not an attribution of the blended predictor,0.0
base__ecfp_1357,0.5,full_delta3d_forest_only,raw impurity importance; not an attribution of the blended predictor,0.0
base__ecfp_1355,0.5,full_delta3d_forest_only,raw impurity importance; not an attribution of the blended predictor,0.0
base__ecfp_1354,0.5,full_delta3d_forest_only,raw impurity importance; not an attribution of the blended predictor,0.0
base__ecfp_1353,0.5,full_delta3d_forest_only,raw impurity importance; not an attribution of the blended predictor,0.0
base__ecfp_1352,0.5,full_delta3d_forest_only,raw impurity importance; not an attribution of the blended predictor,0.0
base__ecfp_1351,0.5,full_delta3d_forest_only,raw impurity importance; not an attribution of the blended predictor,0.0
base__ecfp_1350,0.5,full_delta3d_forest_only,raw impurity importance; not an attribution of the blended predictor,0.0
base__ecfp_1349,0.5,full_delta3d_forest_only,raw impurity importance; not an attribution of the blended predictor,0.0
base__ecfp_1348,0.5,full_delta3d_forest_only,raw impurity importance; not an attribution of the blended predictor,0.0
base__ecfp_1347,0.5,full_delta3d_forest_only,raw impurity importance; not an attribution of the blended predictor,0.0
base__ecfp_1346,0.5,full_delta3d_forest_only,raw impurity importance; not an attribution of the blended predictor,0.0
base__ecfp_1345,0.5,full_delta3d_forest_only,raw impurity importance; not an attribution of the blended predictor,0.0
base__ecfp_1344,0.5,full_delta3d_forest_only,raw impurity importance; not an attribution of the blended predictor,0.0
base__ecfp_1343,0.5,full_delta3d_forest_only,raw impurity importance; not an attribution of the blended predictor,0.0
base__ecfp_1342,0.5,full_delta3d_forest_only,raw impurity importance; not an attribution of the blended predictor,0.0
base__ecfp_1341,0.5,full_delta3d_forest_only,raw impurity importance; not an attribution of the blended predictor,0.0
base__ecfp_1340,0.5,full_delta3d_forest_only,raw impurity importance; not an attribution of the blended predictor,0.0
base__ecfp_1339,0.5,full_delta3d_forest_only,raw impurity importance; not an attribution of the blended predictor,0.0
base__ecfp_1338,0.5,full_delta3d_forest_only,raw impurity importance; not an attribution of the blended predictor,0.0
base__ecfp_1337,0.5,full_delta3d_forest_only,raw impurity importance; not an attribution of the blended predictor,0.0
base__ecfp_1336,0.5,full_delta3d_forest_only,raw impurity importance; not an attribution of the blended predictor,0.0
base__ecfp_1335,0.5,full_delta3d_forest_only,raw impurity importance; not an attribution of the blended predictor,0.0
base__ecfp_1334,0.5,full_delta3d_forest_only,raw impurity importance; not an attribution of the blended predictor,0.0
base__ecfp_1333,0.5,full_delta3d_forest_only,raw impurity importance; not an attribution of the blended predictor,0.0
base__ecfp_1332,0.5,full_delta3d_forest_only,raw impurity importance; not an attribution of the blended predictor,0.0
base__ecfp_1331,0.5,full_delta3d_forest_only,raw impurity importance; not an attribution of the blended predictor,0.0
base__ecfp_1330,0.5,full_delta3d_forest_only,raw impurity importance; not an attribution of the blended predictor,0.0
base__ecfp_1329,0.5,full_delta3d_forest_only,raw impurity importance; not an attribution of the blended predictor,0.0
base__ecfp_1356,0.5,full_delta3d_forest_only,raw impurity importance; not an attribution of the blended predictor,0.0
base__ecfp_1358,0.5,full_delta3d_forest_only,raw impurity importance; not an attribution of the blended predictor,0.0
base__ecfp_1263,0.5,full_delta3d_forest_only,raw impurity importance; not an attribution of the blended predictor,0.0
base__ecfp_1359,0.5,full_delta3d_forest_only,raw impurity importance; not an attribution of the blended predictor,0.0
base__ecfp_1387,0.5,full_delta3d_forest_only,raw impurity importance; not an attribution of the blended predictor,0.0
base__ecfp_1386,0.5,full_delta3d_forest_only,raw impurity importance; not an attribution of the blended predictor,0.0
base__ecfp_1385,0.5,full_delta3d_forest_only,raw impurity importance; not an attribution of the blended predictor,0.0
base__ecfp_1384,0.5,full_delta3d_forest_only,raw impurity importance; not an attribution of the blended predictor,0.0
base__ecfp_1383,0.5,full_delta3d_forest_only,raw impurity importance; not an attribution of the blended predictor,0.0
base__ecfp_1382,0.5,full_delta3d_forest_only,raw impurity importance; not an attribution of the blended predictor,0.0
base__ecfp_1381,0.5,full_delta3d_forest_only,raw impurity importance; not an attribution of the blended predictor,0.0
base__ecfp_1379,0.5,full_delta3d_forest_only,raw impurity importance; not an attribution of the blended predictor,0.0
base__ecfp_1378,0.5,full_delta3d_forest_only,raw impurity importance; not an attribution of the blended predictor,0.0
base__ecfp_1377,0.5,full_delta3d_forest_only,raw impurity importance; not an attribution of the blended predictor,0.0
base__ecfp_1376,0.5,full_delta3d_forest_only,raw impurity importance; not an attribution of the blended predictor,0.0
base__ecfp_1375,0.5,full_delta3d_forest_only,raw impurity importance; not an attribution of the blended predictor,0.0
base__ecfp_1374,0.5,full_delta3d_forest_only,raw impurity importance; not an attribution of the blended predictor,0.0
base__ecfp_1373,0.5,full_delta3d_forest_only,raw impurity importance; not an attribution of the blended predictor,0.0
base__ecfp_1372,0.5,full_delta3d_forest_only,raw impurity importance; not an attribution of the blended predictor,0.0
base__ecfp_1371,0.5,full_delta3d_forest_only,raw impurity importance; not an attribution of the blended predictor,0.0
base__ecfp_1370,0.5,full_delta3d_forest_only,raw impurity importance; not an attribution of the blended predictor,0.0
base__ecfp_1369,0.5,full_delta3d_forest_only,raw impurity importance; not an attribution of the blended predictor,0.0
base__ecfp_1368,0.5,full_delta3d_forest_only,raw impurity importance; not an attribution of the blended predictor,0.0
base__ecfp_1367,0.5,full_delta3d_forest_only,raw impurity importance; not an attribution of the blended predictor,0.0
base__ecfp_1619,0.5,full_delta3d_forest_only,raw impurity importance; not an attribution of the blended predictor,0.0
base__ecfp_1365,0.5,full_delta3d_forest_only,raw impurity importance; not an attribution of the blended predictor,0.0
base__ecfp_1364,0.5,full_delta3d_forest_only,raw impurity importance; not an attribution of the blended predictor,0.0
base__ecfp_1363,0.5,full_delta3d_forest_only,raw impurity importance; not an attribution of the blended predictor,0.0
base__ecfp_1362,0.5,full_delta3d_forest_only,raw impurity importance; not an attribution of the blended predictor,0.0
base__ecfp_1361,0.5,full_delta3d_forest_only,raw impurity importance; not an attribution of the blended predictor,0.0
base__ecfp_1360,0.5,full_delta3d_forest_only,raw impurity importance; not an attribution of the blended predictor,0.0
base__ecfp_1327,0.5,full_delta3d_forest_only,raw impurity importance; not an attribution of the blended predictor,0.0
base__ecfp_1326,0.5,full_delta3d_forest_only,raw impurity importance; not an attribution of the blended predictor,0.0
base__ecfp_1325,0.5,full_delta3d_forest_only,raw impurity importance; not an attribution of the blended predictor,0.0
base__ecfp_1324,0.5,full_delta3d_forest_only,raw impurity importance; not an attribution of the blended predictor,0.0
base__ecfp_1291,0.5,full_delta3d_forest_only,raw impurity importance; not an attribution of the blended predictor,0.0
base__ecfp_1290,0.5,full_delta3d_forest_only,raw impurity importance; not an attribution of the blended predictor,0.0
base__ecfp_1289,0.5,full_delta3d_forest_only,raw impurity importance; not an attribution of the blended predictor,0.0
base__ecfp_1288,0.5,full_delta3d_forest_only,raw impurity importance; not an attribution of the blended predictor,0.0
base__ecfp_1287,0.5,full_delta3d_forest_only,raw impurity importance; not an attribution of the blended predictor,0.0
base__ecfp_1286,0.5,full_delta3d_forest_only,raw impurity importance; not an attribution of the blended predictor,0.0
base__ecfp_1285,0.5,full_delta3d_forest_only,raw impurity importance; not an attribution of the blended predictor,0.0
base__ecfp_1284,0.5,full_delta3d_forest_only,raw impurity importance; not an attribution of the blended predictor,0.0
base__ecfp_46,0.5,full_delta3d_forest_only,raw impurity importance; not an attribution of the blended predictor,0.0
base__ecfp_1282,0.5,full_delta3d_forest_only,raw impurity importance; not an attribution of the blended predictor,0.0
base__ecfp_1281,0.5,full_delta3d_forest_only,raw impurity importance; not an attribution of the blended predictor,0.0
base__ecfp_1280,0.5,full_delta3d_forest_only,raw impurity importance; not an attribution of the blended predictor,0.0
base__ecfp_1279,0.5,full_delta3d_forest_only,raw impurity importance; not an attribution of the blended predictor,0.0
base__ecfp_1278,0.5,full_delta3d_forest_only,raw impurity importance; not an attribution of the blended predictor,0.0
base__ecfp_1277,0.5,full_delta3d_forest_only,raw impurity importance; not an attribution of the blended predictor,0.0
base__ecfp_1276,0.5,full_delta3d_forest_only,raw impurity importance; not an attribution of the blended predictor,0.0
base__ecfp_47,0.5,full_delta3d_forest_only,raw impurity importance; not an attribution of the blended predictor,0.0
base__ecfp_1274,0.5,full_delta3d_forest_only,raw impurity importance; not an attribution of the blended predictor,0.0
base__ecfp_1273,0.5,full_delta3d_forest_only,raw impurity importance; not an attribution of the blended predictor,0.0
base__ecfp_48,0.5,full_delta3d_forest_only,raw impurity importance; not an attribution of the blended predictor,0.0
base__ecfp_49,0.5,full_delta3d_forest_only,raw impurity importance; not an attribution of the blended predictor,0.0
base__ecfp_1270,0.5,full_delta3d_forest_only,raw impurity importance; not an attribution of the blended predictor,0.0
base__ecfp_1268,0.5,full_delta3d_forest_only,raw impurity importance; not an attribution of the blended predictor,0.0
base__ecfp_1267,0.5,full_delta3d_forest_only,raw impurity importance; not an attribution of the blended predictor,0.0
base__ecfp_1266,0.5,full_delta3d_forest_only,raw impurity importance; not an attribution of the blended predictor,0.0
base__ecfp_1265,0.5,full_delta3d_forest_only,raw impurity importance; not an attribution of the blended predictor,0.0
base__ecfp_1264,0.5,full_delta3d_forest_only,raw impurity importance; not an attribution of the blended predictor,0.0
base__ecfp_1292,0.5,full_delta3d_forest_only,raw impurity importance; not an attribution of the blended predictor,0.0
base__ecfp_1293,0.5,full_delta3d_forest_only,raw impurity importance; not an attribution of the blended predictor,0.0
base__ecfp_1294,0.5,full_delta3d_forest_only,raw impurity importance; not an attribution of the blended predictor,0.0
base__ecfp_1311,0.5,full_delta3d_forest_only,raw impurity importance; not an attribution of the blended predictor,0.0
base__ecfp_1323,0.5,full_delta3d_forest_only,raw impurity importance; not an attribution of the blended predictor,0.0
base__ecfp_1322,0.5,full_delta3d_forest_only,raw impurity importance; not an attribution of the blended predictor,0.0
base__ecfp_1321,0.5,full_delta3d_forest_only,raw impurity importance; not an attribution of the blended predictor,0.0
base__ecfp_1320,0.5,full_delta3d_forest_only,raw impurity importance; not an attribution of the blended predictor,0.0
base__ecfp_1319,0.5,full_delta3d_forest_only,raw impurity importance; not an attribution of the blended predictor,0.0
base__ecfp_1318,0.5,full_delta3d_forest_only,raw impurity importance; not an attribution of the blended predictor,0.0
base__ecfp_1317,0.5,full_delta3d_forest_only,raw impurity importance; not an attribution of the blended predictor,0.0
base__ecfp_1316,0.5,full_delta3d_forest_only,raw impurity importance; not an attribution of the blended predictor,0.0
base__ecfp_1315,0.5,full_delta3d_forest_only,raw impurity importance; not an attribution of the blended predictor,0.0
base__ecfp_1314,0.5,full_delta3d_forest_only,raw impurity importance; not an attribution of the blended predictor,0.0
base__ecfp_1313,0.5,full_delta3d_forest_only,raw impurity importance; not an attribution of the blended predictor,0.0
base__ecfp_1312,0.5,full_delta3d_forest_only,raw impurity importance; not an attribution of the blended predictor,0.0
base__ecfp_1310,0.5,full_delta3d_forest_only,raw impurity importance; not an attribution of the blended predictor,0.0
base__ecfp_1295,0.5,full_delta3d_forest_only,raw impurity importance; not an attribution of the blended predictor,0.0
base__ecfp_1307,0.5,full_delta3d_forest_only,raw impurity importance; not an attribution of the blended predictor,0.0
base__ecfp_1306,0.5,full_delta3d_forest_only,raw impurity importance; not an attribution of the blended predictor,0.0
base__ecfp_1305,0.5,full_delta3d_forest_only,raw impurity importance; not an attribution of the blended predictor,0.0
base__ecfp_1304,0.5,full_delta3d_forest_only,raw impurity importance; not an attribution of the blended predictor,0.0
base__ecfp_1303,0.5,full_delta3d_forest_only,raw impurity importance; not an attribution of the blended predictor,0.0
base__ecfp_1302,0.5,full_delta3d_forest_only,raw impurity importance; not an attribution of the blended predictor,0.0
base__ecfp_1301,0.5,full_delta3d_forest_only,raw impurity importance; not an attribution of the blended predictor,0.0
base__ecfp_1300,0.5,full_delta3d_forest_only,raw impurity importance; not an attribution of the blended predictor,0.0
base__ecfp_1299,0.5,full_delta3d_forest_only,raw impurity importance; not an attribution of the blended predictor,0.0
base__ecfp_1298,0.5,full_delta3d_forest_only,raw impurity importance; not an attribution of the blended predictor,0.0
base__ecfp_1297,0.5,full_delta3d_forest_only,raw impurity importance; not an attribution of the blended predictor,0.0
base__ecfp_1296,0.5,full_delta3d_forest_only,raw impurity importance; not an attribution of the blended predictor,0.0
base__ecfp_1618,0.5,full_delta3d_forest_only,raw impurity importance; not an attribution of the blended predictor,0.0
base__ecfp_82,0.5,full_delta3d_forest_only,raw impurity importance; not an attribution of the blended predictor,0.0
base__ecfp_1620,0.5,full_delta3d_forest_only,raw impurity importance; not an attribution of the blended predictor,0.0
base__ecfp_1960,0.5,full_delta3d_forest_only,raw impurity importance; not an attribution of the blended predictor,0.0
base__ecfp_1973,0.5,full_delta3d_forest_only,raw impurity importance; not an attribution of the blended predictor,0.0
base__ecfp_1972,0.5,full_delta3d_forest_only,raw impurity importance; not an attribution of the blended predictor,0.0
base__ecfp_1971,0.5,full_delta3d_forest_only,raw impurity importance; not an attribution of the blended predictor,0.0
base__ecfp_1970,0.5,full_delta3d_forest_only,raw impurity importance; not an attribution of the blended predictor,0.0
base__ecfp_1969,0.5,full_delta3d_forest_only,raw impurity importance; not an attribution of the blended predictor,0.0
base__ecfp_1968,0.5,full_delta3d_forest_only,raw impurity importance; not an attribution of the blended predictor,0.0
base__ecfp_1967,0.5,full_delta3d_forest_only,raw impurity importance; not an attribution of the blended predictor,0.0
base__ecfp_1966,0.5,full_delta3d_forest_only,raw impurity importance; not an attribution of the blended predictor,0.0
base__ecfp_1965,0.5,full_delta3d_forest_only,raw impurity importance; not an attribution of the blended predictor,0.0
base__ecfp_1964,0.5,full_delta3d_forest_only,raw impurity importance; not an attribution of the blended predictor,0.0
base__ecfp_1963,0.5,full_delta3d_forest_only,raw impurity importance; not an attribution of the blended predictor,0.0
base__ecfp_1962,0.5,full_delta3d_forest_only,raw impurity importance; not an attribution of the blended predictor,0.0
base__ecfp_1961,0.5,full_delta3d_forest_only,raw impurity importance; not an attribution of the blended predictor,0.0
base__ecfp_1959,0.5,full_delta3d_forest_only,raw impurity importance; not an attribution of the blended predictor,0.0
base__ecfp_1943,0.5,full_delta3d_forest_only,raw impurity importance; not an attribution of the blended predictor,0.0
base__ecfp_1958,0.5,full_delta3d_forest_only,raw impurity importance; not an attribution of the blended predictor,0.0
base__ecfp_32,0.5,full_delta3d_forest_only,raw impurity importance; not an attribution of the blended predictor,0.0
base__ecfp_1956,0.5,full_delta3d_forest_only,raw impurity importance; not an attribution of the blended predictor,0.0
base__ecfp_1955,0.5,full_delta3d_forest_only,raw impurity importance; not an attribution of the blended predictor,0.0
base__ecfp_1954,0.5,full_delta3d_forest_only,raw impurity importance; not an attribution of the blended predictor,0.0
base__ecfp_1953,0.5,full_delta3d_forest_only,raw impurity importance; not an attribution of the blended predictor,0.0
base__ecfp_1952,0.5,full_delta3d_forest_only,raw impurity importance; not an attribution of the blended predictor,0.0
base__ecfp_33,0.5,full_delta3d_forest_only,raw impurity importance; not an attribution of the blended predictor,0.0
base__ecfp_1949,0.5,full_delta3d_forest_only,raw impurity importance; not an attribution of the blended predictor,0.0
base__ecfp_1948,0.5,full_delta3d_forest_only,raw impurity importance; not an attribution of the blended predictor,0.0
base__ecfp_1947,0.5,full_delta3d_forest_only,raw impurity importance; not an attribution of the blended predictor,0.0
base__ecfp_1946,0.5,full_delta3d_forest_only,raw impurity importance; not an attribution of the blended predictor,0.0
base__ecfp_1945,0.5,full_delta3d_forest_only,raw impurity importance; not an attribution of the blended predictor,0.0
base__ecfp_1974,0.5,full_delta3d_forest_only,raw impurity importance; not an attribution of the blended predictor,0.0
base__ecfp_1975,0.5,full_delta3d_forest_only,raw impurity importance; not an attribution of the blended predictor,0.0
base__ecfp_1976,0.5,full_delta3d_forest_only,raw impurity importance; not an attribution of the blended predictor,0.0
base__ecfp_1977,0.5,full_delta3d_forest_only,raw impurity importance; not an attribution of the blended predictor,0.0
base__ecfp_2005,0.5,full_delta3d_forest_only,raw impurity importance; not an attribution of the blended predictor,0.0
base__ecfp_30,0.5,full_delta3d_forest_only,raw impurity importance; not an attribution of the blended predictor,0.0
base__ecfp_2003,0.5,full_delta3d_forest_only,raw impurity importance; not an attribution of the blended predictor,0.0
base__ecfp_2002,0.5,full_delta3d_forest_only,raw impurity importance; not an attribution of the blended predictor,0.0
base__ecfp_2001,0.5,full_delta3d_forest_only,raw impurity importance; not an attribution of the blended predictor,0.0
base__ecfp_2000,0.5,full_delta3d_forest_only,raw impurity importance; not an attribution of the blended predictor,0.0
base__ecfp_1999,0.5,full_delta3d_forest_only,raw impurity importance; not an attribution of the blended predictor,0.0
base__ecfp_1997,0.5,full_delta3d_forest_only,raw impurity importance; not an attribution of the blended predictor,0.0
base__ecfp_1996,0.5,full_delta3d_forest_only,raw impurity importance; not an attribution of the blended predictor,0.0
base__ecfp_1995,0.5,full_delta3d_forest_only,raw impurity importance; not an attribution of the blended predictor,0.0
base__ecfp_1994,0.5,full_delta3d_forest_only,raw impurity importance; not an attribution of the blended predictor,0.0
base__ecfp_1993,0.5,full_delta3d_forest_only,raw impurity importance; not an attribution of the blended predictor,0.0
base__ecfp_31,0.5,full_delta3d_forest_only,raw impurity importance; not an attribution of the blended predictor,0.0
base__ecfp_1991,0.5,full_delta3d_forest_only,raw impurity importance; not an attribution of the blended predictor,0.0
base__ecfp_1990,0.5,full_delta3d_forest_only,raw impurity importance; not an attribution of the blended predictor,0.0
base__ecfp_1989,0.5,full_delta3d_forest_only,raw impurity importance; not an attribution of the blended predictor,0.0
base__ecfp_1988,0.5,full_delta3d_forest_only,raw impurity importance; not an attribution of the blended predictor,0.0
base__ecfp_1987,0.5,full_delta3d_forest_only,raw impurity importance; not an attribution of the blended predictor,0.0
base__ecfp_1986,0.5,full_delta3d_forest_only,raw impurity importance; not an attribution of the blended predictor,0.0
base__ecfp_1985,0.5,full_delta3d_forest_only,raw impurity importance; not an attribution of the blended predictor,0.0
base__ecfp_1984,0.5,full_delta3d_forest_only,raw impurity importance; not an attribution of the blended predictor,0.0
base__ecfp_1983,0.5,full_delta3d_forest_only,raw impurity importance; not an attribution of the blended predictor,0.0
base__ecfp_1982,0.5,full_delta3d_forest_only,raw impurity importance; not an attribution of the blended predictor,0.0
base__ecfp_1981,0.5,full_delta3d_forest_only,raw impurity importance; not an attribution of the blended predictor,0.0
base__ecfp_1980,0.5,full_delta3d_forest_only,raw impurity importance; not an attribution of the blended predictor,0.0
base__ecfp_1979,0.5,full_delta3d_forest_only,raw impurity importance; not an attribution of the blended predictor,0.0
base__ecfp_1978,0.5,full_delta3d_forest_only,raw impurity importance; not an attribution of the blended predictor,0.0
base__ecfp_1944,0.5,full_delta3d_forest_only,raw impurity importance; not an attribution of the blended predictor,0.0
base__ecfp_1942,0.5,full_delta3d_forest_only,raw impurity importance; not an attribution of the blended predictor,0.0
base__ecfp_1879,0.5,full_delta3d_forest_only,raw impurity importance; not an attribution of the blended predictor,0.0
base__ecfp_1895,0.5,full_delta3d_forest_only,raw impurity importance; not an attribution of the blended predictor,0.0
base__ecfp_1908,0.5,full_delta3d_forest_only,raw impurity importance; not an attribution of the blended predictor,0.0
base__ecfp_1907,0.5,full_delta3d_forest_only,raw impurity importance; not an attribution of the blended predictor,0.0
base__ecfp_1906,0.5,full_delta3d_forest_only,raw impurity importance; not an attribution of the blended predictor,0.0
base__ecfp_1905,0.5,full_delta3d_forest_only,raw impurity importance; not an attribution of the blended predictor,0.0
base__ecfp_1904,0.5,full_delta3d_forest_only,raw impurity importance; not an attribution of the blended predictor,0.0
base__ecfp_1903,0.5,full_delta3d_forest_only,raw impurity importance; not an attribution of the blended predictor,0.0
base__ecfp_1902,0.5,full_delta3d_forest_only,raw impurity importance; not an attribution of the blended predictor,0.0
base__ecfp_1901,0.5,full_delta3d_forest_only,raw impurity importance; not an attribution of the blended predictor,0.0
base__ecfp_1900,0.5,full_delta3d_forest_only,raw impurity importance; not an attribution of the blended predictor,0.0
base__ecfp_1899,0.5,full_delta3d_forest_only,raw impurity importance; not an attribution of the blended predictor,0.0
base__ecfp_1898,0.5,full_delta3d_forest_only,raw impurity importance; not an attribution of the blended predictor,0.0
base__ecfp_1897,0.5,full_delta3d_forest_only,raw impurity importance; not an attribution of the blended predictor,0.0
base__ecfp_1896,0.5,full_delta3d_forest_only,raw impurity importance; not an attribution of the blended predictor,0.0
base__ecfp_1894,0.5,full_delta3d_forest_only,raw impurity importance; not an attribution of the blended predictor,0.0
base__ecfp_1941,0.5,full_delta3d_forest_only,raw impurity importance; not an attribution of the blended predictor,0.0
base__ecfp_1893,0.5,full_delta3d_forest_only,raw impurity importance; not an attribution of the blended predictor,0.0
base__ecfp_1892,0.5,full_delta3d_forest_only,raw impurity importance; not an attribution of the blended predictor,0.0
base__ecfp_1891,0.5,full_delta3d_forest_only,raw impurity importance; not an attribution of the blended predictor,0.0
base__ecfp_1890,0.5,full_delta3d_forest_only,raw impurity importance; not an attribution of the blended predictor,0.0
base__ecfp_1889,0.5,full_delta3d_forest_only,raw impurity importance; not an attribution of the blended predictor,0.0
base__ecfp_1888,0.5,full_delta3d_forest_only,raw impurity importance; not an attribution of the blended predictor,0.0
base__ecfp_1887,0.5,full_delta3d_forest_only,raw impurity importance; not an attribution of the blended predictor,0.0
base__ecfp_1886,0.5,full_delta3d_forest_only,raw impurity importance; not an attribution of the blended predictor,0.0
base__ecfp_1885,0.5,full_delta3d_forest_only,raw impurity importance; not an attribution of the blended predictor,0.0
base__ecfp_1884,0.5,full_delta3d_forest_only,raw impurity importance; not an attribution of the blended predictor,0.0
base__ecfp_1883,0.5,full_delta3d_forest_only,raw impurity importance; not an attribution of the blended predictor,0.0
base__ecfp_1882,0.5,full_delta3d_forest_only,raw impurity importance; not an attribution of the blended predictor,0.0
base__ecfp_1881,0.5,full_delta3d_forest_only,raw impurity importance; not an attribution of the blended predictor,0.0
base__ecfp_1909,0.5,full_delta3d_forest_only,raw impurity importance; not an attribution of the blended predictor,0.0
base__ecfp_1910,0.5,full_delta3d_forest_only,raw impurity importance; not an attribution of the blended predictor,0.0
base__ecfp_34,0.5,full_delta3d_forest_only,raw impurity importance; not an attribution of the blended predictor,0.0
base__ecfp_1912,0.5,full_delta3d_forest_only,raw impurity importance; not an attribution of the blended predictor,0.0
base__ecfp_1940,0.5,full_delta3d_forest_only,raw impurity importance; not an attribution of the blended predictor,0.0
base__ecfp_1939,0.5,full_delta3d_forest_only,raw impurity importance; not an attribution of the blended predictor,0.0
base__ecfp_1938,0.5,full_delta3d_forest_only,raw impurity importance; not an attribution of the blended predictor,0.0
base__ecfp_1937,0.5,full_delta3d_forest_only,raw impurity importance; not an attribution of the blended predictor,0.0
base__ecfp_1936,0.5,full_delta3d_forest_only,raw impurity importance; not an attribution of the blended predictor,0.0
base__ecfp_1935,0.5,full_delta3d_forest_only,raw impurity importance; not an attribution of the blended predictor,0.0
base__ecfp_1934,0.5,full_delta3d_forest_only,raw impurity importance; not an attribution of the blended predictor,0.0
base__ecfp_1933,0.5,full_delta3d_forest_only,raw impurity importance; not an attribution of the blended predictor,0.0
base__ecfp_1932,0.5,full_delta3d_forest_only,raw impurity importance; not an attribution of the blended predictor,0.0
base__ecfp_1931,0.5,full_delta3d_forest_only,raw impurity importance; not an attribution of the blended predictor,0.0
base__ecfp_1930,0.5,full_delta3d_forest_only,raw impurity importance; not an attribution of the blended predictor,0.0
base__ecfp_1929,0.5,full_delta3d_forest_only,raw impurity importance; not an attribution of the blended predictor,0.0
base__ecfp_1928,0.5,full_delta3d_forest_only,raw impurity importance; not an attribution of the blended predictor,0.0
base__ecfp_1927,0.5,full_delta3d_forest_only,raw impurity importance; not an attribution of the blended predictor,0.0
base__ecfp_1926,0.5,full_delta3d_forest_only,raw impurity importance; not an attribution of the blended predictor,0.0
base__ecfp_1925,0.5,full_delta3d_forest_only,raw impurity importance; not an attribution of the blended predictor,0.0
base__ecfp_1924,0.5,full_delta3d_forest_only,raw impurity importance; not an attribution of the blended predictor,0.0
base__ecfp_1922,0.5,full_delta3d_forest_only,raw impurity importance; not an attribution of the blended predictor,0.0
base__ecfp_1921,0.5,full_delta3d_forest_only,raw impurity importance; not an attribution of the blended predictor,0.0
base__ecfp_1920,0.5,full_delta3d_forest_only,raw impurity importance; not an attribution of the blended predictor,0.0
base__ecfp_1919,0.5,full_delta3d_forest_only,raw impurity importance; not an attribution of the blended predictor,0.0
base__ecfp_1918,0.5,full_delta3d_forest_only,raw impurity importance; not an attribution of the blended predictor,0.0
base__ecfp_1917,0.5,full_delta3d_forest_only,raw impurity importance; not an attribution of the blended predictor,0.0
base__ecfp_1916,0.5,full_delta3d_forest_only,raw impurity importance; not an attribution of the blended predictor,0.0
base__ecfp_1915,0.5,full_delta3d_forest_only,raw impurity importance; not an attribution of the blended predictor,0.0
base__ecfp_1914,0.5,full_delta3d_forest_only,raw impurity importance; not an attribution of the blended predictor,0.0
base__ecfp_1913,0.5,full_delta3d_forest_only,raw impurity importance; not an attribution of the blended predictor,0.0
base__ecfp_2006,0.5,full_delta3d_forest_only,raw impurity importance; not an attribution of the blended predictor,0.0
base__ecfp_2007,0.5,full_delta3d_forest_only,raw impurity importance; not an attribution of the blended predictor,0.0
base__ecfp_2008,0.5,full_delta3d_forest_only,raw impurity importance; not an attribution of the blended predictor,0.0
base__cond__diluent__meta_nitrobenzotrifluoride,0.5,full_delta3d_forest_only,raw impurity importance; not an attribution of the blended predictor,0.0
base__cond__diluent__chcl3,0.5,full_delta3d_forest_only,raw impurity importance; not an attribution of the blended predictor,0.0
base__cond__diluent__cyclohexanone,0.5,full_delta3d_forest_only,raw impurity importance; not an attribution of the blended predictor,0.0
base__cond__diluent__dichloromethane,0.5,full_delta3d_forest_only,raw impurity importance; not an attribution of the blended predictor,0.0
base__cond__diluent__dipb,0.5,full_delta3d_forest_only,raw impurity importance; not an attribution of the blended predictor,0.0
base__cond__diluent__hydrogenated_tetrapropene_with_50_vol_1_octanol,0.5,full_delta3d_forest_only,raw impurity importance; not an attribution of the blended predictor,0.0
base__cond__diluent__hydrogenated_tetrapropene_with_5_vol_1_octanol,0.5,full_delta3d_forest_only,raw impurity importance; not an attribution of the blended predictor,0.0
base__cond__diluent__hydrogenated_tetrapropylene,0.5,full_delta3d_forest_only,raw impurity importance; not an attribution of the blended predictor,0.0
base__cond__diluent__isopar_l_0_7_exxal_13_0_3,0.5,full_delta3d_forest_only,raw impurity importance; not an attribution of the blended predictor,0.0
base__cond__diluent__isoparl,0.5,full_delta3d_forest_only,raw impurity importance; not an attribution of the blended predictor,0.0
base__cond__diluent__kerosene,0.5,full_delta3d_forest_only,raw impurity importance; not an attribution of the blended predictor,0.0
base__cond__diluent__kerosene_0_7_1_octanol_0_3,0.5,full_delta3d_forest_only,raw impurity importance; not an attribution of the blended predictor,0.0
base__cond__diluent__kerosene_0_95_1_octanol_0_05,0.5,full_delta3d_forest_only,raw impurity importance; not an attribution of the blended predictor,0.0
base__cond__diluent__kerosene_with_30_vol_1_octanol,0.5,full_delta3d_forest_only,raw impurity importance; not an attribution of the blended predictor,0.0
base__cond__diluent__n_dodecane_with_5_vol_iso_decanol,0.5,full_delta3d_forest_only,raw impurity importance; not an attribution of the blended predictor,0.0
base__ecfp_2010,0.5,full_delta3d_forest_only,raw impurity importance; not an attribution of the blended predictor,0.0
base__cond__diluent__n_hexane,0.5,full_delta3d_forest_only,raw impurity importance; not an attribution of the blended predictor,0.0
base__cond__diluent__n_octane_with_5_1_octanol,0.5,full_delta3d_forest_only,raw impurity importance; not an attribution of the blended predictor,0.0
base__cond__diluent__other,0.5,full_delta3d_forest_only,raw impurity importance; not an attribution of the blended predictor,0.0
base__cond__diluent__phenyl_trifluoromethyl_sulfone,0.5,full_delta3d_forest_only,raw impurity importance; not an attribution of the blended predictor,0.0
base__cond__diluent__sulfonated_kerosene,0.5,full_delta3d_forest_only,raw impurity importance; not an attribution of the blended predictor,0.0
base__cond__diluent__tbub,0.5,full_delta3d_forest_only,raw impurity importance; not an attribution of the blended predictor,0.0
base__cond__diluent__total_petroleum_hydrocarbons,0.5,full_delta3d_forest_only,raw impurity importance; not an attribution of the blended predictor,0.0
base__cond__diluent__tph,0.5,full_delta3d_forest_only,raw impurity importance; not an attribution of the blended predictor,0.0
base__cond__diluent__tph_0_95_1_octanol_0_05,0.5,full_delta3d_forest_only,raw impurity importance; not an attribution of the blended predictor,0.0
base__cond__diluent__tphkerosene,0.5,full_delta3d_forest_only,raw impurity importance; not an attribution of the blended predictor,0.0
base__NumHDonors,0.5,full_delta3d_forest_only,raw impurity importance; not an attribution of the blended predictor,0.0
base__NumAliphaticRings,0.5,full_delta3d_forest_only,raw impurity importance; not an attribution of the blended predictor,0.0
base__ecfp_0,0.5,full_delta3d_forest_only,raw impurity importance; not an attribution of the blended predictor,0.0
base__cond__diluent__ch3cl,0.5,full_delta3d_forest_only,raw impurity importance; not an attribution of the blended predictor,0.0
delta3d__feat3d__polyhedron__donor_atomic_number_01,0.5,full_delta3d_forest_only,raw impurity importance; not an attribution of the blended predictor,0.0
delta3d__feat3d__polyhedron__donor_atomic_number_02,0.5,full_delta3d_forest_only,raw impurity importance; not an attribution of the blended predictor,0.0
base__cond__diluent__c4mim_tf2n,0.5,full_delta3d_forest_only,raw impurity importance; not an attribution of the blended predictor,0.0
base__cond__acid__hclo4,0.5,full_delta3d_forest_only,raw impurity importance; not an attribution of the blended predictor,0.0
missingindicator_delta3d__feat3d__complex_physical__metal_partial_charge,0.5,full_delta3d_forest_only,raw impurity importance; not an attribution of the blended predictor,0.0
missingindicator_delta3d__feat3d__complex_physical__donor_partial_charge_std,0.5,full_delta3d_forest_only,raw impurity importance; not an attribution of the blended predictor,0.0
missingindicator_delta3d__feat3d__complex_physical__donor_partial_charge_min,0.5,full_delta3d_forest_only,raw impurity importance; not an attribution of the blended predictor,0.0
base__cond__acid__hno3_oxalic_acid,0.5,full_delta3d_forest_only,raw impurity importance; not an attribution of the blended predictor,0.0
missingindicator_delta3d__feat3d__complex_physical__donor_partial_charge_max,0.5,full_delta3d_forest_only,raw impurity importance; not an attribution of the blended predictor,0.0
missingindicator_delta3d__feat3d__complex_physical__donor_partial_charge_08,0.5,full_delta3d_forest_only,raw impurity importance; not an attribution of the blended predictor,0.0
missingindicator_delta3d__feat3d__complex_physical__donor_partial_charge_07,0.5,full_delta3d_forest_only,raw impurity importance; not an attribution of the blended predictor,0.0
missingindicator_delta3d__feat3d__complex_physical__donor_partial_charge_06,0.5,full_delta3d_forest_only,raw impurity importance; not an attribution of the blended predictor,0.0
missingindicator_delta3d__feat3d__complex_physical__donor_partial_charge_05,0.5,full_delta3d_forest_only,raw impurity importance; not an attribution of the blended predictor,0.0
missingindicator_delta3d__feat3d__complex_physical__donor_partial_charge_04,0.5,full_delta3d_forest_only,raw impurity importance; not an attribution of the blended predictor,0.0
missingindicator_delta3d__feat3d__complex_physical__donor_partial_charge_03,0.5,full_delta3d_forest_only,raw impurity importance; not an attribution of the blended predictor,0.0
missingindicator_delta3d__feat3d__complex_physical__donor_partial_charge_02,0.5,full_delta3d_forest_only,raw impurity importance; not an attribution of the blended predictor,0.0
missingindicator_delta3d__feat3d__complex_physical__donor_partial_charge_01,0.5,full_delta3d_forest_only,raw impurity importance; not an attribution of the blended predictor,0.0
missingindicator_delta3d__feat3d__complex_physical__dipole_magnitude,0.5,full_delta3d_forest_only,raw impurity importance; not an attribution of the blended predictor,0.0
base__cond__additive__1_octanol,0.5,full_delta3d_forest_only,raw impurity importance; not an attribution of the blended predictor,0.0
base__cond__additive__dhoa,0.5,full_delta3d_forest_only,raw impurity importance; not an attribution of the blended predictor,0.0
base__cond__additive__dohya,0.5,full_delta3d_forest_only,raw impurity importance; not an attribution of the blended predictor,0.0
base__cond__additive__hdehp,0.5,full_delta3d_forest_only,raw impurity importance; not an attribution of the blended predictor,0.0
base__cond__additive__isodecanol,0.5,full_delta3d_forest_only,raw impurity importance; not an attribution of the blended predictor,0.0
base__cond__additive__isodecyl,0.5,full_delta3d_forest_only,raw impurity importance; not an attribution of the blended predictor,0.0
base__cond__additive__isododecanol,0.5,full_delta3d_forest_only,raw impurity importance; not an attribution of the blended predictor,0.0
base__cond__additive__octanol,0.5,full_delta3d_forest_only,raw impurity importance; not an attribution of the blended predictor,0.0
base__cond__additive__tbp,0.5,full_delta3d_forest_only,raw impurity importance; not an attribution of the blended predictor,0.0
base__cond__diluent__1_octanol_0_5_kerosene_0_5,0.5,full_delta3d_forest_only,raw impurity importance; not an attribution of the blended predictor,0.0
base__cond__diluent__avkerosene,0.5,full_delta3d_forest_only,raw impurity importance; not an attribution of the blended predictor,0.0
base__cond__diluent__benzene,0.5,full_delta3d_forest_only,raw impurity importance; not an attribution of the blended predictor,0.0
base__ecfp_3,0.5,full_delta3d_forest_only,raw impurity importance; not an attribution of the blended predictor,0.0
base__ecfp_4,0.5,full_delta3d_forest_only,raw impurity importance; not an attribution of the blended predictor,0.0
base__ecfp_5,0.5,full_delta3d_forest_only,raw impurity importance; not an attribution of the blended predictor,0.0
base__ecfp_2039,0.5,full_delta3d_forest_only,raw impurity importance; not an attribution of the blended predictor,0.0
base__ecfp_2037,0.5,full_delta3d_forest_only,raw impurity importance; not an attribution of the blended predictor,0.0
base__ecfp_2036,0.5,full_delta3d_forest_only,raw impurity importance; not an attribution of the blended predictor,0.0
base__ecfp_2035,0.5,full_delta3d_forest_only,raw impurity importance; not an attribution of the blended predictor,0.0
base__ecfp_2034,0.5,full_delta3d_forest_only,raw impurity importance; not an attribution of the blended predictor,0.0
base__ecfp_2033,0.5,full_delta3d_forest_only,raw impurity importance; not an attribution of the blended predictor,0.0
base__ecfp_2032,0.5,full_delta3d_forest_only,raw impurity importance; not an attribution of the blended predictor,0.0
base__ecfp_2031,0.5,full_delta3d_forest_only,raw impurity importance; not an attribution of the blended predictor,0.0
base__ecfp_2030,0.5,full_delta3d_forest_only,raw impurity importance; not an attribution of the blended predictor,0.0
base__ecfp_2029,0.5,full_delta3d_forest_only,raw impurity importance; not an attribution of the blended predictor,0.0
base__ecfp_2028,0.5,full_delta3d_forest_only,raw impurity importance; not an attribution of the blended predictor,0.0
base__ecfp_2027,0.5,full_delta3d_forest_only,raw impurity importance; not an attribution of the blended predictor,0.0
base__ecfp_2026,0.5,full_delta3d_forest_only,raw impurity importance; not an attribution of the blended predictor,0.0
base__ecfp_2025,0.5,full_delta3d_forest_only,raw impurity importance; not an attribution of the blended predictor,0.0
base__ecfp_2024,0.5,full_delta3d_forest_only,raw impurity importance; not an attribution of the blended predictor,0.0
base__ecfp_2023,0.5,full_delta3d_forest_only,raw impurity importance; not an attribution of the blended predictor,0.0
base__ecfp_2022,0.5,full_delta3d_forest_only,raw impurity importance; not an attribution of the blended predictor,0.0
base__ecfp_2021,0.5,full_delta3d_forest_only,raw impurity importance; not an attribution of the blended predictor,0.0
base__ecfp_2020,0.5,full_delta3d_forest_only,raw impurity importance; not an attribution of the blended predictor,0.0
base__ecfp_2019,0.5,full_delta3d_forest_only,raw impurity importance; not an attribution of the blended predictor,0.0
base__ecfp_2018,0.5,full_delta3d_forest_only,raw impurity importance; not an attribution of the blended predictor,0.0
base__ecfp_2017,0.5,full_delta3d_forest_only,raw impurity importance; not an attribution of the blended predictor,0.0
base__ecfp_2016,0.5,full_delta3d_forest_only,raw impurity importance; not an attribution of the blended predictor,0.0
base__ecfp_2015,0.5,full_delta3d_forest_only,raw impurity importance; not an attribution of the blended predictor,0.0
base__ecfp_2014,0.5,full_delta3d_forest_only,raw impurity importance; not an attribution of the blended predictor,0.0
base__ecfp_2013,0.5,full_delta3d_forest_only,raw impurity importance; not an attribution of the blended predictor,0.0
base__ecfp_2012,0.5,full_delta3d_forest_only,raw impurity importance; not an attribution of the blended predictor,0.0
base__ecfp_2011,0.5,full_delta3d_forest_only,raw impurity importance; not an attribution of the blended predictor,0.0
base__ecfp_2038,0.5,full_delta3d_forest_only,raw impurity importance; not an attribution of the blended predictor,0.0
base__ecfp_2040,0.5,full_delta3d_forest_only,raw impurity importance; not an attribution of the blended predictor,0.0
base__ecfp_6,0.5,full_delta3d_forest_only,raw impurity importance; not an attribution of the blended predictor,0.0
base__ecfp_2041,0.5,full_delta3d_forest_only,raw impurity importance; not an attribution of the blended predictor,0.0
base__ecfp_7,0.5,full_delta3d_forest_only,raw impurity importance; not an attribution of the blended predictor,0.0
base__ecfp_8,0.5,full_delta3d_forest_only,raw impurity importance; not an attribution of the blended predictor,0.0
base__ecfp_10,0.5,full_delta3d_forest_only,raw impurity importance; not an attribution of the blended predictor,0.0
base__ecfp_11,0.5,full_delta3d_forest_only,raw impurity importance; not an attribution of the blended predictor,0.0
base__ecfp_12,0.5,full_delta3d_forest_only,raw impurity importance; not an attribution of the blended predictor,0.0
base__ecfp_14,0.5,full_delta3d_forest_only,raw impurity importance; not an attribution of the blended predictor,0.0
base__ecfp_15,0.5,full_delta3d_forest_only,raw impurity importance; not an attribution of the blended predictor,0.0
base__ecfp_16,0.5,full_delta3d_forest_only,raw impurity importance; not an attribution of the blended predictor,0.0
base__ecfp_17,0.5,full_delta3d_forest_only,raw impurity importance; not an attribution of the blended predictor,0.0
base__ecfp_18,0.5,full_delta3d_forest_only,raw impurity importance; not an attribution of the blended predictor,0.0
base__ecfp_19,0.5,full_delta3d_forest_only,raw impurity importance; not an attribution of the blended predictor,0.0
base__ecfp_20,0.5,full_delta3d_forest_only,raw impurity importance; not an attribution of the blended predictor,0.0
base__ecfp_21,0.5,full_delta3d_forest_only,raw impurity importance; not an attribution of the blended predictor,0.0
base__ecfp_22,0.5,full_delta3d_forest_only,raw impurity importance; not an attribution of the blended predictor,0.0
base__ecfp_23,0.5,full_delta3d_forest_only,raw impurity importance; not an attribution of the blended predictor,0.0
base__ecfp_24,0.5,full_delta3d_forest_only,raw impurity importance; not an attribution of the blended predictor,0.0
base__ecfp_25,0.5,full_delta3d_forest_only,raw impurity importance; not an attribution of the blended predictor,0.0
base__ecfp_26,0.5,full_delta3d_forest_only,raw impurity importance; not an attribution of the blended predictor,0.0
base__ecfp_27,0.5,full_delta3d_forest_only,raw impurity importance; not an attribution of the blended predictor,0.0
base__ecfp_28,0.5,full_delta3d_forest_only,raw impurity importance; not an attribution of the blended predictor,0.0
base__ecfp_29,0.5,full_delta3d_forest_only,raw impurity importance; not an attribution of the blended predictor,0.0
base__ecfp_2047,0.5,full_delta3d_forest_only,raw impurity importance; not an attribution of the blended predictor,0.0
base__ecfp_2046,0.5,full_delta3d_forest_only,raw impurity importance; not an attribution of the blended predictor,0.0
base__ecfp_2045,0.5,full_delta3d_forest_only,raw impurity importance; not an attribution of the blended predictor,0.0
base__ecfp_2044,0.5,full_delta3d_forest_only,raw impurity importance; not an attribution of the blended predictor,0.0
base__ecfp_2043,0.5,full_delta3d_forest_only,raw impurity importance; not an attribution of the blended predictor,0.0
base__ecfp_2042,0.5,full_delta3d_forest_only,raw impurity importance; not an attribution of the blended predictor,0.0
base__ecfp_1880,0.5,full_delta3d_forest_only,raw impurity importance; not an attribution of the blended predictor,0.0
base__ecfp_1878,0.5,full_delta3d_forest_only,raw impurity importance; not an attribution of the blended predictor,0.0
base__ecfp_1621,0.5,full_delta3d_forest_only,raw impurity importance; not an attribution of the blended predictor,0.0
base__ecfp_1700,0.5,full_delta3d_forest_only,raw impurity importance; not an attribution of the blended predictor,0.0
base__ecfp_1714,0.5,full_delta3d_forest_only,raw impurity importance; not an attribution of the blended predictor,0.0
base__ecfp_1713,0.5,full_delta3d_forest_only,raw impurity importance; not an attribution of the blended predictor,0.0
base__ecfp_1712,0.5,full_delta3d_forest_only,raw impurity importance; not an attribution of the blended predictor,0.0
base__ecfp_1711,0.5,full_delta3d_forest_only,raw impurity importance; not an attribution of the blended predictor,0.0
base__ecfp_1710,0.5,full_delta3d_forest_only,raw impurity importance; not an attribution of the blended predictor,0.0
base__ecfp_1709,0.5,full_delta3d_forest_only,raw impurity importance; not an attribution of the blended predictor,0.0
base__ecfp_1708,0.5,full_delta3d_forest_only,raw impurity importance; not an attribution of the blended predictor,0.0
base__ecfp_1707,0.5,full_delta3d_forest_only,raw impurity importance; not an attribution of the blended predictor,0.0
base__ecfp_1705,0.5,full_delta3d_forest_only,raw impurity importance; not an attribution of the blended predictor,0.0
base__ecfp_1704,0.5,full_delta3d_forest_only,raw impurity importance; not an attribution of the blended predictor,0.0
base__ecfp_1703,0.5,full_delta3d_forest_only,raw impurity importance; not an attribution of the blended predictor,0.0
base__ecfp_1702,0.5,full_delta3d_forest_only,raw impurity importance; not an attribution of the blended predictor,0.0
base__ecfp_1701,0.5,full_delta3d_forest_only,raw impurity importance; not an attribution of the blended predictor,0.0
base__ecfp_1699,0.5,full_delta3d_forest_only,raw impurity importance; not an attribution of the blended predictor,0.0
base__ecfp_1684,0.5,full_delta3d_forest_only,raw impurity importance; not an attribution of the blended predictor,0.0
base__ecfp_1698,0.5,full_delta3d_forest_only,raw impurity importance; not an attribution of the blended predictor,0.0
base__ecfp_1697,0.5,full_delta3d_forest_only,raw impurity importance; not an attribution of the blended predictor,0.0
base__ecfp_1696,0.5,full_delta3d_forest_only,raw impurity importance; not an attribution of the blended predictor,0.0
base__ecfp_1695,0.5,full_delta3d_forest_only,raw impurity importance; not an attribution of the blended predictor,0.0
base__ecfp_1694,0.5,full_delta3d_forest_only,raw impurity importance; not an attribution of the blended predictor,0.0
base__ecfp_1693,0.5,full_delta3d_forest_only,raw impurity importance; not an attribution of the blended predictor,0.0
base__ecfp_1692,0.5,full_delta3d_forest_only,raw impurity importance; not an attribution of the blended predictor,0.0
base__ecfp_1691,0.5,full_delta3d_forest_only,raw impurity importance; not an attribution of the blended predictor,0.0
base__ecfp_1690,0.5,full_delta3d_forest_only,raw impurity importance; not an attribution of the blended predictor,0.0
base__ecfp_1689,0.5,full_delta3d_forest_only,raw impurity importance; not an attribution of the blended predictor,0.0
base__ecfp_1688,0.5,full_delta3d_forest_only,raw impurity importance; not an attribution of the blended predictor,0.0
base__ecfp_1687,0.5,full_delta3d_forest_only,raw impurity importance; not an attribution of the blended predictor,0.0
base__ecfp_1686,0.5,full_delta3d_forest_only,raw impurity importance; not an attribution of the blended predictor,0.0
base__ecfp_1715,0.5,full_delta3d_forest_only,raw impurity importance; not an attribution of the blended predictor,0.0
base__ecfp_1716,0.5,full_delta3d_forest_only,raw impurity importance; not an attribution of the blended predictor,0.0
base__ecfp_1717,0.5,full_delta3d_forest_only,raw impurity importance; not an attribution of the blended predictor,0.0
base__ecfp_1718,0.5,full_delta3d_forest_only,raw impurity importance; not an attribution of the blended predictor,0.0
base__ecfp_1745,0.5,full_delta3d_forest_only,raw impurity importance; not an attribution of the blended predictor,0.0
base__ecfp_1744,0.5,full_delta3d_forest_only,raw impurity importance; not an attribution of the blended predictor,0.0
base__ecfp_1743,0.5,full_delta3d_forest_only,raw impurity importance; not an attribution of the blended predictor,0.0
base__ecfp_1742,0.5,full_delta3d_forest_only,raw impurity importance; not an attribution of the blended predictor,0.0
base__ecfp_1741,0.5,full_delta3d_forest_only,raw impurity importance; not an attribution of the blended predictor,0.0
base__ecfp_1740,0.5,full_delta3d_forest_only,raw impurity importance; not an attribution of the blended predictor,0.0
base__ecfp_1739,0.5,full_delta3d_forest_only,raw impurity importance; not an attribution of the blended predictor,0.0
base__ecfp_1738,0.5,full_delta3d_forest_only,raw impurity importance; not an attribution of the blended predictor,0.0
base__ecfp_1737,0.5,full_delta3d_forest_only,raw impurity importance; not an attribution of the blended predictor,0.0
base__ecfp_1736,0.5,full_delta3d_forest_only,raw impurity importance; not an attribution of the blended predictor,0.0
base__ecfp_1735,0.5,full_delta3d_forest_only,raw impurity importance; not an attribution of the blended predictor,0.0
base__ecfp_1734,0.5,full_delta3d_forest_only,raw impurity importance; not an attribution of the blended predictor,0.0
base__ecfp_1733,0.5,full_delta3d_forest_only,raw impurity importance; not an attribution of the blended predictor,0.0
base__ecfp_1732,0.5,full_delta3d_forest_only,raw impurity importance; not an attribution of the blended predictor,0.0
base__ecfp_1731,0.5,full_delta3d_forest_only,raw impurity importance; not an attribution of the blended predictor,0.0
base__ecfp_1730,0.5,full_delta3d_forest_only,raw impurity importance; not an attribution of the blended predictor,0.0
base__ecfp_1729,0.5,full_delta3d_forest_only,raw impurity importance; not an attribution of the blended predictor,0.0
base__ecfp_1728,0.5,full_delta3d_forest_only,raw impurity importance; not an attribution of the blended predictor,0.0
base__ecfp_1727,0.5,full_delta3d_forest_only,raw impurity importance; not an attribution of the blended predictor,0.0
base__ecfp_1726,0.5,full_delta3d_forest_only,raw impurity importance; not an attribution of the blended predictor,0.0
base__ecfp_1725,0.5,full_delta3d_forest_only,raw impurity importance; not an attribution of the blended predictor,0.0
base__ecfp_1724,0.5,full_delta3d_forest_only,raw impurity importance; not an attribution of the blended predictor,0.0
base__ecfp_1723,0.5,full_delta3d_forest_only,raw impurity importance; not an attribution of the blended predictor,0.0
base__ecfp_1722,0.5,full_delta3d_forest_only,raw impurity importance; not an attribution of the blended predictor,0.0
base__ecfp_1721,0.5,full_delta3d_forest_only,raw impurity importance; not an attribution of the blended predictor,0.0
base__ecfp_1720,0.5,full_delta3d_forest_only,raw impurity importance; not an attribution of the blended predictor,0.0
base__ecfp_1719,0.5,full_delta3d_forest_only,raw impurity importance; not an attribution of the blended predictor,0.0
base__ecfp_1685,0.5,full_delta3d_forest_only,raw impurity importance; not an attribution of the blended predictor,0.0
base__ecfp_1683,0.5,full_delta3d_forest_only,raw impurity importance; not an attribution of the blended predictor,0.0
base__ecfp_1877,0.5,full_delta3d_forest_only,raw impurity importance; not an attribution of the blended predictor,0.0
base__ecfp_1636,0.5,full_delta3d_forest_only,raw impurity importance; not an attribution of the blended predictor,0.0
base__ecfp_39,0.5,full_delta3d_forest_only,raw impurity importance; not an attribution of the blended predictor,0.0
base__ecfp_1648,0.5,full_delta3d_forest_only,raw impurity importance; not an attribution of the blended predictor,0.0
base__ecfp_1647,0.5,full_delta3d_forest_only,raw impurity importance; not an attribution of the blended predictor,0.0
base__ecfp_1646,0.5,full_delta3d_forest_only,raw impurity importance; not an attribution of the blended predictor,0.0
base__ecfp_1645,0.5,full_delta3d_forest_only,raw impurity importance; not an attribution of the blended predictor,0.0
base__ecfp_1644,0.5,full_delta3d_forest_only,raw impurity importance; not an attribution of the blended predictor,0.0
base__ecfp_1643,0.5,full_delta3d_forest_only,raw impurity importance; not an attribution of the blended predictor,0.0
base__ecfp_1133,0.5,full_delta3d_forest_only,raw impurity importance; not an attribution of the blended predictor,0.0
base__ecfp_1641,0.5,full_delta3d_forest_only,raw impurity importance; not an attribution of the blended predictor,0.0
base__ecfp_1640,0.5,full_delta3d_forest_only,raw impurity importance; not an attribution of the blended predictor,0.0
base__ecfp_1639,0.5,full_delta3d_forest_only,raw impurity importance; not an attribution of the blended predictor,0.0
base__ecfp_1638,0.5,full_delta3d_forest_only,raw impurity importance; not an attribution of the blended predictor,0.0
base__ecfp_1637,0.5,full_delta3d_forest_only,raw impurity importance; not an attribution of the blended predictor,0.0
base__ecfp_1635,0.5,full_delta3d_forest_only,raw impurity importance; not an attribution of the blended predictor,0.0
base__ecfp_1682,0.5,full_delta3d_forest_only,raw impurity importance; not an attribution of the blended predictor,0.0
base__ecfp_1634,0.5,full_delta3d_forest_only,raw impurity importance; not an attribution of the blended predictor,0.0
base__ecfp_1633,0.5,full_delta3d_forest_only,raw impurity importance; not an attribution of the blended predictor,0.0
base__ecfp_1632,0.5,full_delta3d_forest_only,raw impurity importance; not an attribution of the blended predictor,0.0
base__ecfp_1631,0.5,full_delta3d_forest_only,raw impurity importance; not an attribution of the blended predictor,0.0
base__ecfp_1630,0.5,full_delta3d_forest_only,raw impurity importance; not an attribution of the blended predictor,0.0
base__ecfp_1629,0.5,full_delta3d_forest_only,raw impurity importance; not an attribution of the blended predictor,0.0
base__ecfp_1628,0.5,full_delta3d_forest_only,raw impurity importance; not an attribution of the blended predictor,0.0
base__ecfp_1627,0.5,full_delta3d_forest_only,raw impurity importance; not an attribution of the blended predictor,0.0
base__ecfp_1626,0.5,full_delta3d_forest_only,raw impurity importance; not an attribution of the blended predictor,0.0
base__ecfp_1625,0.5,full_delta3d_forest_only,raw impurity importance; not an attribution of the blended predictor,0.0
base__ecfp_1624,0.5,full_delta3d_forest_only,raw impurity importance; not an attribution of the blended predictor,0.0
base__ecfp_1623,0.5,full_delta3d_forest_only,raw impurity importance; not an attribution of the blended predictor,0.0
base__ecfp_1622,0.5,full_delta3d_forest_only,raw impurity importance; not an attribution of the blended predictor,0.0
base__ecfp_1650,0.5,full_delta3d_forest_only,raw impurity importance; not an attribution of the blended predictor,0.0
base__ecfp_1651,0.5,full_delta3d_forest_only,raw impurity importance; not an attribution of the blended predictor,0.0
base__ecfp_38,0.5,full_delta3d_forest_only,raw impurity importance; not an attribution of the blended predictor,0.0
base__ecfp_1653,0.5,full_delta3d_forest_only,raw impurity importance; not an attribution of the blended predictor,0.0
base__ecfp_1681,0.5,full_delta3d_forest_only,raw impurity importance; not an attribution of the blended predictor,0.0
base__ecfp_1680,0.5,full_delta3d_forest_only,raw impurity importance; not an attribution of the blended predictor,0.0
base__ecfp_1679,0.5,full_delta3d_forest_only,raw impurity importance; not an attribution of the blended predictor,0.0
base__ecfp_1678,0.5,full_delta3d_forest_only,raw impurity importance; not an attribution of the blended predictor,0.0
base__ecfp_1677,0.5,full_delta3d_forest_only,raw impurity importance; not an attribution of the blended predictor,0.0
base__ecfp_1676,0.5,full_delta3d_forest_only,raw impurity importance; not an attribution of the blended predictor,0.0
base__ecfp_1675,0.5,full_delta3d_forest_only,raw impurity importance; not an attribution of the blended predictor,0.0
base__ecfp_1674,0.5,full_delta3d_forest_only,raw impurity importance; not an attribution of the blended predictor,0.0
base__ecfp_1673,0.5,full_delta3d_forest_only,raw impurity importance; not an attribution of the blended predictor,0.0
base__ecfp_1672,0.5,full_delta3d_forest_only,raw impurity importance; not an attribution of the blended predictor,0.0
base__ecfp_1671,0.5,full_delta3d_forest_only,raw impurity importance; not an attribution of the blended predictor,0.0
base__ecfp_1670,0.5,full_delta3d_forest_only,raw impurity importance; not an attribution of the blended predictor,0.0
base__ecfp_37,0.5,full_delta3d_forest_only,raw impurity importance; not an attribution of the blended predictor,0.0
base__ecfp_1668,0.5,full_delta3d_forest_only,raw impurity importance; not an attribution of the blended predictor,0.0
base__ecfp_1667,0.5,full_delta3d_forest_only,raw impurity importance; not an attribution of the blended predictor,0.0
base__ecfp_1665,0.5,full_delta3d_forest_only,raw impurity importance; not an attribution of the blended predictor,0.0
base__ecfp_1664,0.5,full_delta3d_forest_only,raw impurity importance; not an attribution of the blended predictor,0.0
base__ecfp_1663,0.5,full_delta3d_forest_only,raw impurity importance; not an attribution of the blended predictor,0.0
base__ecfp_1662,0.5,full_delta3d_forest_only,raw impurity importance; not an attribution of the blended predictor,0.0
base__ecfp_1661,0.5,full_delta3d_forest_only,raw impurity importance; not an attribution of the blended predictor,0.0
base__ecfp_1660,0.5,full_delta3d_forest_only,raw impurity importance; not an attribution of the blended predictor,0.0
base__ecfp_1659,0.5,full_delta3d_forest_only,raw impurity importance; not an attribution of the blended predictor,0.0
base__ecfp_1658,0.5,full_delta3d_forest_only,raw impurity importance; not an attribution of the blended predictor,0.0
base__ecfp_1657,0.5,full_delta3d_forest_only,raw impurity importance; not an attribution of the blended predictor,0.0
base__ecfp_1656,0.5,full_delta3d_forest_only,raw impurity importance; not an attribution of the blended predictor,0.0
base__ecfp_1655,0.5,full_delta3d_forest_only,raw impurity importance; not an attribution of the blended predictor,0.0
base__ecfp_1654,0.5,full_delta3d_forest_only,raw impurity importance; not an attribution of the blended predictor,0.0
base__ecfp_1746,0.5,full_delta3d_forest_only,raw impurity importance; not an attribution of the blended predictor,0.0
base__ecfp_1747,0.5,full_delta3d_forest_only,raw impurity importance; not an attribution of the blended predictor,0.0
base__ecfp_1748,0.5,full_delta3d_forest_only,raw impurity importance; not an attribution of the blended predictor,0.0
base__ecfp_1828,0.5,full_delta3d_forest_only,raw impurity importance; not an attribution of the blended predictor,0.0
base__ecfp_1841,0.5,full_delta3d_forest_only,raw impurity importance; not an attribution of the blended predictor,0.0
base__ecfp_1840,0.5,full_delta3d_forest_only,raw impurity importance; not an attribution of the blended predictor,0.0
base__ecfp_1839,0.5,full_delta3d_forest_only,raw impurity importance; not an attribution of the blended predictor,0.0
base__ecfp_1838,0.5,full_delta3d_forest_only,raw impurity importance; not an attribution of the blended predictor,0.0
base__ecfp_1837,0.5,full_delta3d_forest_only,raw impurity importance; not an attribution of the blended predictor,0.0
base__ecfp_1836,0.5,full_delta3d_forest_only,raw impurity importance; not an attribution of the blended predictor,0.0
base__ecfp_1835,0.5,full_delta3d_forest_only,raw impurity importance; not an attribution of the blended predictor,0.0
base__ecfp_1834,0.5,full_delta3d_forest_only,raw impurity importance; not an attribution of the blended predictor,0.0
base__ecfp_1833,0.5,full_delta3d_forest_only,raw impurity importance; not an attribution of the blended predictor,0.0
base__ecfp_1832,0.5,full_delta3d_forest_only,raw impurity importance; not an attribution of the blended predictor,0.0
base__ecfp_1831,0.5,full_delta3d_forest_only,raw impurity importance; not an attribution of the blended predictor,0.0
base__ecfp_1830,0.5,full_delta3d_forest_only,raw impurity importance; not an attribution of the blended predictor,0.0
base__ecfp_1829,0.5,full_delta3d_forest_only,raw impurity importance; not an attribution of the blended predictor,0.0
base__ecfp_1827,0.5,full_delta3d_forest_only,raw impurity importance; not an attribution of the blended predictor,0.0
base__ecfp_1749,0.5,full_delta3d_forest_only,raw impurity importance; not an attribution of the blended predictor,0.0
base__ecfp_1826,0.5,full_delta3d_forest_only,raw impurity importance; not an attribution of the blended predictor,0.0
base__ecfp_1825,0.5,full_delta3d_forest_only,raw impurity importance; not an attribution of the blended predictor,0.0
base__ecfp_1824,0.5,full_delta3d_forest_only,raw impurity importance; not an attribution of the blended predictor,0.0
base__ecfp_1823,0.5,full_delta3d_forest_only,raw impurity importance; not an attribution of the blended predictor,0.0
base__ecfp_1822,0.5,full_delta3d_forest_only,raw impurity importance; not an attribution of the blended predictor,0.0
base__ecfp_1821,0.5,full_delta3d_forest_only,raw impurity importance; not an attribution of the blended predictor,0.0
base__ecfp_1820,0.5,full_delta3d_forest_only,raw impurity importance; not an attribution of the blended predictor,0.0
base__ecfp_1819,0.5,full_delta3d_forest_only,raw impurity importance; not an attribution of the blended predictor,0.0
base__ecfp_1818,0.5,full_delta3d_forest_only,raw impurity importance; not an attribution of the blended predictor,0.0
base__ecfp_1817,0.5,full_delta3d_forest_only,raw impurity importance; not an attribution of the blended predictor,0.0
base__ecfp_1816,0.5,full_delta3d_forest_only,raw impurity importance; not an attribution of the blended predictor,0.0
base__ecfp_1815,0.5,full_delta3d_forest_only,raw impurity importance; not an attribution of the blended predictor,0.0
base__ecfp_1814,0.5,full_delta3d_forest_only,raw impurity importance; not an attribution of the blended predictor,0.0
base__ecfp_1842,0.5,full_delta3d_forest_only,raw impurity importance; not an attribution of the blended predictor,0.0
base__ecfp_1843,0.5,full_delta3d_forest_only,raw impurity importance; not an attribution of the blended predictor,0.0
base__ecfp_1844,0.5,full_delta3d_forest_only,raw impurity importance; not an attribution of the blended predictor,0.0
base__ecfp_1845,0.5,full_delta3d_forest_only,raw impurity importance; not an attribution of the blended predictor,0.0
base__ecfp_1876,0.5,full_delta3d_forest_only,raw impurity importance; not an attribution of the blended predictor,0.0
base__ecfp_1875,0.5,full_delta3d_forest_only,raw impurity importance; not an attribution of the blended predictor,0.0
base__ecfp_1874,0.5,full_delta3d_forest_only,raw impurity importance; not an attribution of the blended predictor,0.0
base__ecfp_1872,0.5,full_delta3d_forest_only,raw impurity importance; not an attribution of the blended predictor,0.0
base__ecfp_1871,0.5,full_delta3d_forest_only,raw impurity importance; not an attribution of the blended predictor,0.0
base__ecfp_1870,0.5,full_delta3d_forest_only,raw impurity importance; not an attribution of the blended predictor,0.0
base__ecfp_1869,0.5,full_delta3d_forest_only,raw impurity importance; not an attribution of the blended predictor,0.0
base__ecfp_1868,0.5,full_delta3d_forest_only,raw impurity importance; not an attribution of the blended predictor,0.0
base__ecfp_1867,0.5,full_delta3d_forest_only,raw impurity importance; not an attribution of the blended predictor,0.0
base__ecfp_1866,0.5,full_delta3d_forest_only,raw impurity importance; not an attribution of the blended predictor,0.0
base__ecfp_1865,0.5,full_delta3d_forest_only,raw impurity importance; not an attribution of the blended predictor,0.0
base__ecfp_1864,0.5,full_delta3d_forest_only,raw impurity importance; not an attribution of the blended predictor,0.0
base__ecfp_1863,0.5,full_delta3d_forest_only,raw impurity importance; not an attribution of the blended predictor,0.0
base__ecfp_1862,0.5,full_delta3d_forest_only,raw impurity importance; not an attribution of the blended predictor,0.0
base__ecfp_1861,0.5,full_delta3d_forest_only,raw impurity importance; not an attribution of the blended predictor,0.0
base__ecfp_35,0.5,full_delta3d_forest_only,raw impurity importance; not an attribution of the blended predictor,0.0
base__ecfp_1859,0.5,full_delta3d_forest_only,raw impurity importance; not an attribution of the blended predictor,0.0
base__ecfp_1857,0.5,full_delta3d_forest_only,raw impurity importance; not an attribution of the blended predictor,0.0
base__ecfp_1856,0.5,full_delta3d_forest_only,raw impurity importance; not an attribution of the blended predictor,0.0
base__ecfp_1854,0.5,full_delta3d_forest_only,raw impurity importance; not an attribution of the blended predictor,0.0
base__ecfp_1853,0.5,full_delta3d_forest_only,raw impurity importance; not an attribution of the blended predictor,0.0
base__ecfp_1852,0.5,full_delta3d_forest_only,raw impurity importance; not an attribution of the blended predictor,0.0
base__ecfp_1851,0.5,full_delta3d_forest_only,raw impurity importance; not an attribution of the blended predictor,0.0
base__ecfp_1850,0.5,full_delta3d_forest_only,raw impurity importance; not an attribution of the blended predictor,0.0
base__ecfp_1849,0.5,full_delta3d_forest_only,raw impurity importance; not an attribution of the blended predictor,0.0
base__ecfp_1848,0.5,full_delta3d_forest_only,raw impurity importance; not an attribution of the blended predictor,0.0
base__ecfp_1846,0.5,full_delta3d_forest_only,raw impurity importance; not an attribution of the blended predictor,0.0
base__ecfp_1813,0.5,full_delta3d_forest_only,raw impurity importance; not an attribution of the blended predictor,0.0
base__ecfp_1812,0.5,full_delta3d_forest_only,raw impurity importance; not an attribution of the blended predictor,0.0
base__ecfp_1811,0.5,full_delta3d_forest_only,raw impurity importance; not an attribution of the blended predictor,0.0
base__ecfp_1780,0.5,full_delta3d_forest_only,raw impurity importance; not an attribution of the blended predictor,0.0
base__ecfp_1778,0.5,full_delta3d_forest_only,raw impurity importance; not an attribution of the blended predictor,0.0
base__ecfp_1777,0.5,full_delta3d_forest_only,raw impurity importance; not an attribution of the blended predictor,0.0
base__ecfp_1776,0.5,full_delta3d_forest_only,raw impurity importance; not an attribution of the blended predictor,0.0
base__ecfp_1775,0.5,full_delta3d_forest_only,raw impurity importance; not an attribution of the blended predictor,0.0
base__ecfp_1774,0.5,full_delta3d_forest_only,raw impurity importance; not an attribution of the blended predictor,0.0
base__ecfp_1773,0.5,full_delta3d_forest_only,raw impurity importance; not an attribution of the blended predictor,0.0
base__ecfp_1772,0.5,full_delta3d_forest_only,raw impurity importance; not an attribution of the blended predictor,0.0
base__ecfp_1771,0.5,full_delta3d_forest_only,raw impurity importance; not an attribution of the blended predictor,0.0
base__ecfp_1770,0.5,full_delta3d_forest_only,raw impurity importance; not an attribution of the blended predictor,0.0
base__ecfp_1769,0.5,full_delta3d_forest_only,raw impurity importance; not an attribution of the blended predictor,0.0
base__ecfp_1768,0.5,full_delta3d_forest_only,raw impurity importance; not an attribution of the blended predictor,0.0
base__ecfp_1767,0.5,full_delta3d_forest_only,raw impurity importance; not an attribution of the blended predictor,0.0
base__ecfp_1766,0.5,full_delta3d_forest_only,raw impurity importance; not an attribution of the blended predictor,0.0
base__ecfp_1764,0.5,full_delta3d_forest_only,raw impurity importance; not an attribution of the blended predictor,0.0
base__ecfp_1763,0.5,full_delta3d_forest_only,raw impurity importance; not an attribution of the blended predictor,0.0
base__ecfp_1762,0.5,full_delta3d_forest_only,raw impurity importance; not an attribution of the blended predictor,0.0
base__ecfp_36,0.5,full_delta3d_forest_only,raw impurity importance; not an attribution of the blended predictor,0.0
base__ecfp_1760,0.5,full_delta3d_forest_only,raw impurity importance; not an attribution of the blended predictor,0.0
base__ecfp_1759,0.5,full_delta3d_forest_only,raw impurity importance; not an attribution of the blended predictor,0.0
base__ecfp_1758,0.5,full_delta3d_forest_only,raw impurity importance; not an attribution of the blended predictor,0.0
base__ecfp_1757,0.5,full_delta3d_forest_only,raw impurity importance; not an attribution of the blended predictor,0.0
base__ecfp_1756,0.5,full_delta3d_forest_only,raw impurity importance; not an attribution of the blended predictor,0.0
base__ecfp_1755,0.5,full_delta3d_forest_only,raw impurity importance; not an attribution of the blended predictor,0.0
base__ecfp_1754,0.5,full_delta3d_forest_only,raw impurity importance; not an attribution of the blended predictor,0.0
base__ecfp_1753,0.5,full_delta3d_forest_only,raw impurity importance; not an attribution of the blended predictor,0.0
base__ecfp_1752,0.5,full_delta3d_forest_only,raw impurity importance; not an attribution of the blended predictor,0.0
base__ecfp_1751,0.5,full_delta3d_forest_only,raw impurity importance; not an attribution of the blended predictor,0.0
base__ecfp_1779,0.5,full_delta3d_forest_only,raw impurity importance; not an attribution of the blended predictor,0.0
base__ecfp_1781,0.5,full_delta3d_forest_only,raw impurity importance; not an attribution of the blended predictor,0.0
base__ecfp_1810,0.5,full_delta3d_forest_only,raw impurity importance; not an attribution of the blended predictor,0.0
base__ecfp_1782,0.5,full_delta3d_forest_only,raw impurity importance; not an attribution of the blended predictor,0.0
base__ecfp_1809,0.5,full_delta3d_forest_only,raw impurity importance; not an attribution of the blended predictor,0.0
base__ecfp_1808,0.5,full_delta3d_forest_only,raw impurity importance; not an attribution of the blended predictor,0.0
base__ecfp_1807,0.5,full_delta3d_forest_only,raw impurity importance; not an attribution of the blended predictor,0.0
base__ecfp_1806,0.5,full_delta3d_forest_only,raw impurity importance; not an attribution of the blended predictor,0.0
base__ecfp_1805,0.5,full_delta3d_forest_only,raw impurity importance; not an attribution of the blended predictor,0.0
base__ecfp_1804,0.5,full_delta3d_forest_only,raw impurity importance; not an attribution of the blended predictor,0.0
base__ecfp_1803,0.5,full_delta3d_forest_only,raw impurity importance; not an attribution of the blended predictor,0.0
base__ecfp_1802,0.5,full_delta3d_forest_only,raw impurity importance; not an attribution of the blended predictor,0.0
base__ecfp_1801,0.5,full_delta3d_forest_only,raw impurity importance; not an attribution of the blended predictor,0.0
base__ecfp_1800,0.5,full_delta3d_forest_only,raw impurity importance; not an attribution of the blended predictor,0.0
base__ecfp_1799,0.5,full_delta3d_forest_only,raw impurity importance; not an attribution of the blended predictor,0.0
base__ecfp_1798,0.5,full_delta3d_forest_only,raw impurity importance; not an attribution of the blended predictor,0.0
base__ecfp_1797,0.5,full_delta3d_forest_only,raw impurity importance; not an attribution of the blended predictor,0.0
base__ecfp_1796,0.5,full_delta3d_forest_only,raw impurity importance; not an attribution of the blended predictor,0.0
base__ecfp_1795,0.5,full_delta3d_forest_only,raw impurity importance; not an attribution of the blended predictor,0.0
base__ecfp_1794,0.5,full_delta3d_forest_only,raw impurity importance; not an attribution of the blended predictor,0.0
base__ecfp_1793,0.5,full_delta3d_forest_only,raw impurity importance; not an attribution of the blended predictor,0.0
base__ecfp_1792,0.5,full_delta3d_forest_only,raw impurity importance; not an attribution of the blended predictor,0.0
base__ecfp_1791,0.5,full_delta3d_forest_only,raw impurity importance; not an attribution of the blended predictor,0.0
base__ecfp_1790,0.5,full_delta3d_forest_only,raw impurity importance; not an attribution of the blended predictor,0.0
base__ecfp_1789,0.5,full_delta3d_forest_only,raw impurity importance; not an attribution of the blended predictor,0.0
base__ecfp_1788,0.5,full_delta3d_forest_only,raw impurity importance; not an attribution of the blended predictor,0.0
base__ecfp_1787,0.5,full_delta3d_forest_only,raw impurity importance; not an attribution of the blended predictor,0.0
base__ecfp_1786,0.5,full_delta3d_forest_only,raw impurity importance; not an attribution of the blended predictor,0.0
base__ecfp_1785,0.5,full_delta3d_forest_only,raw impurity importance; not an attribution of the blended predictor,0.0
base__ecfp_1784,0.5,full_delta3d_forest_only,raw impurity importance; not an attribution of the blended predictor,0.0
base__ecfp_1783,0.5,full_delta3d_forest_only,raw impurity importance; not an attribution of the blended predictor,0.0
base__ecfp_1134,0.5,full_delta3d_forest_only,raw impurity importance; not an attribution of the blended predictor,0.0
base__ecfp_1117,0.5,full_delta3d_forest_only,raw impurity importance; not an attribution of the blended predictor,0.0
base__ecfp_1132,0.5,full_delta3d_forest_only,raw impurity importance; not an attribution of the blended predictor,0.0
base__ecfp_428,0.5,full_delta3d_forest_only,raw impurity importance; not an attribution of the blended predictor,0.0
base__ecfp_441,0.5,full_delta3d_forest_only,raw impurity importance; not an attribution of the blended predictor,0.0
base__ecfp_440,0.5,full_delta3d_forest_only,raw impurity importance; not an attribution of the blended predictor,0.0
base__ecfp_439,0.5,full_delta3d_forest_only,raw impurity importance; not an attribution of the blended predictor,0.0
base__ecfp_69,0.5,full_delta3d_forest_only,raw impurity importance; not an attribution of the blended predictor,0.0
base__ecfp_437,0.5,full_delta3d_forest_only,raw impurity importance; not an attribution of the blended predictor,0.0
base__ecfp_436,0.5,full_delta3d_forest_only,raw impurity importance; not an attribution of the blended predictor,0.0
base__ecfp_435,0.5,full_delta3d_forest_only,raw impurity importance; not an attribution of the blended predictor,0.0
base__ecfp_434,0.5,full_delta3d_forest_only,raw impurity importance; not an attribution of the blended predictor,0.0
base__ecfp_433,0.5,full_delta3d_forest_only,raw impurity importance; not an attribution of the blended predictor,0.0
base__ecfp_432,0.5,full_delta3d_forest_only,raw impurity importance; not an attribution of the blended predictor,0.0
base__ecfp_431,0.5,full_delta3d_forest_only,raw impurity importance; not an attribution of the blended predictor,0.0
base__ecfp_430,0.5,full_delta3d_forest_only,raw impurity importance; not an attribution of the blended predictor,0.0
base__ecfp_429,0.5,full_delta3d_forest_only,raw impurity importance; not an attribution of the blended predictor,0.0
base__ecfp_427,0.5,full_delta3d_forest_only,raw impurity importance; not an attribution of the blended predictor,0.0
base__ecfp_443,0.5,full_delta3d_forest_only,raw impurity importance; not an attribution of the blended predictor,0.0
base__ecfp_426,0.5,full_delta3d_forest_only,raw impurity importance; not an attribution of the blended predictor,0.0
base__ecfp_425,0.5,full_delta3d_forest_only,raw impurity importance; not an attribution of the blended predictor,0.0
base__ecfp_424,0.5,full_delta3d_forest_only,raw impurity importance; not an attribution of the blended predictor,0.0
base__ecfp_423,0.5,full_delta3d_forest_only,raw impurity importance; not an attribution of the blended predictor,0.0
base__ecfp_422,0.5,full_delta3d_forest_only,raw impurity importance; not an attribution of the blended predictor,0.0
base__ecfp_421,0.5,full_delta3d_forest_only,raw impurity importance; not an attribution of the blended predictor,0.0
base__ecfp_420,0.5,full_delta3d_forest_only,raw impurity importance; not an attribution of the blended predictor,0.0
base__ecfp_419,0.5,full_delta3d_forest_only,raw impurity importance; not an attribution of the blended predictor,0.0
base__ecfp_418,0.5,full_delta3d_forest_only,raw impurity importance; not an attribution of the blended predictor,0.0
base__ecfp_417,0.5,full_delta3d_forest_only,raw impurity importance; not an attribution of the blended predictor,0.0
base__ecfp_416,0.5,full_delta3d_forest_only,raw impurity importance; not an attribution of the blended predictor,0.0
base__ecfp_415,0.5,full_delta3d_forest_only,raw impurity importance; not an attribution of the blended predictor,0.0
base__ecfp_414,0.5,full_delta3d_forest_only,raw impurity importance; not an attribution of the blended predictor,0.0
base__ecfp_442,0.5,full_delta3d_forest_only,raw impurity importance; not an attribution of the blended predictor,0.0
base__ecfp_444,0.5,full_delta3d_forest_only,raw impurity importance; not an attribution of the blended predictor,0.0
base__ecfp_412,0.5,full_delta3d_forest_only,raw impurity importance; not an attribution of the blended predictor,0.0
base__ecfp_461,0.5,full_delta3d_forest_only,raw impurity importance; not an attribution of the blended predictor,0.0
base__ecfp_476,0.5,full_delta3d_forest_only,raw impurity importance; not an attribution of the blended predictor,0.0
base__ecfp_475,0.5,full_delta3d_forest_only,raw impurity importance; not an attribution of the blended predictor,0.0
base__ecfp_474,0.5,full_delta3d_forest_only,raw impurity importance; not an attribution of the blended predictor,0.0
base__ecfp_473,0.5,full_delta3d_forest_only,raw impurity importance; not an attribution of the blended predictor,0.0
base__ecfp_472,0.5,full_delta3d_forest_only,raw impurity importance; not an attribution of the blended predictor,0.0
base__ecfp_470,0.5,full_delta3d_forest_only,raw impurity importance; not an attribution of the blended predictor,0.0
base__ecfp_469,0.5,full_delta3d_forest_only,raw impurity importance; not an attribution of the blended predictor,0.0
base__ecfp_468,0.5,full_delta3d_forest_only,raw impurity importance; not an attribution of the blended predictor,0.0
base__ecfp_467,0.5,full_delta3d_forest_only,raw impurity importance; not an attribution of the blended predictor,0.0
base__ecfp_465,0.5,full_delta3d_forest_only,raw impurity importance; not an attribution of the blended predictor,0.0
base__ecfp_464,0.5,full_delta3d_forest_only,raw impurity importance; not an attribution of the blended predictor,0.0
base__ecfp_463,0.5,full_delta3d_forest_only,raw impurity importance; not an attribution of the blended predictor,0.0
base__ecfp_462,0.5,full_delta3d_forest_only,raw impurity importance; not an attribution of the blended predictor,0.0
base__ecfp_459,0.5,full_delta3d_forest_only,raw impurity importance; not an attribution of the blended predictor,0.0
base__ecfp_445,0.5,full_delta3d_forest_only,raw impurity importance; not an attribution of the blended predictor,0.0
base__ecfp_458,0.5,full_delta3d_forest_only,raw impurity importance; not an attribution of the blended predictor,0.0
base__ecfp_457,0.5,full_delta3d_forest_only,raw impurity importance; not an attribution of the blended predictor,0.0
base__ecfp_456,0.5,full_delta3d_forest_only,raw impurity importance; not an attribution of the blended predictor,0.0
base__ecfp_455,0.5,full_delta3d_forest_only,raw impurity importance; not an attribution of the blended predictor,0.0
base__ecfp_454,0.5,full_delta3d_forest_only,raw impurity importance; not an attribution of the blended predictor,0.0
base__ecfp_453,0.5,full_delta3d_forest_only,raw impurity importance; not an attribution of the blended predictor,0.0
base__ecfp_452,0.5,full_delta3d_forest_only,raw impurity importance; not an attribution of the blended predictor,0.0
base__ecfp_451,0.5,full_delta3d_forest_only,raw impurity importance; not an attribution of the blended predictor,0.0
base__ecfp_450,0.5,full_delta3d_forest_only,raw impurity importance; not an attribution of the blended predictor,0.0
base__ecfp_449,0.5,full_delta3d_forest_only,raw impurity importance; not an attribution of the blended predictor,0.0
base__ecfp_448,0.5,full_delta3d_forest_only,raw impurity importance; not an attribution of the blended predictor,0.0
base__ecfp_447,0.5,full_delta3d_forest_only,raw impurity importance; not an attribution of the blended predictor,0.0
base__ecfp_446,0.5,full_delta3d_forest_only,raw impurity importance; not an attribution of the blended predictor,0.0
base__ecfp_413,0.5,full_delta3d_forest_only,raw impurity importance; not an attribution of the blended predictor,0.0
base__ecfp_411,0.5,full_delta3d_forest_only,raw impurity importance; not an attribution of the blended predictor,0.0
base__ecfp_344,0.5,full_delta3d_forest_only,raw impurity importance; not an attribution of the blended predictor,0.0
base__ecfp_360,0.5,full_delta3d_forest_only,raw impurity importance; not an attribution of the blended predictor,0.0
base__ecfp_374,0.5,full_delta3d_forest_only,raw impurity importance; not an attribution of the blended predictor,0.0
base__ecfp_373,0.5,full_delta3d_forest_only,raw impurity importance; not an attribution of the blended predictor,0.0
base__ecfp_372,0.5,full_delta3d_forest_only,raw impurity importance; not an attribution of the blended predictor,0.0
base__ecfp_371,0.5,full_delta3d_forest_only,raw impurity importance; not an attribution of the blended predictor,0.0
base__ecfp_370,0.5,full_delta3d_forest_only,raw impurity importance; not an attribution of the blended predictor,0.0
base__ecfp_368,0.5,full_delta3d_forest_only,raw impurity importance; not an attribution of the blended predictor,0.0
base__ecfp_367,0.5,full_delta3d_forest_only,raw impurity importance; not an attribution of the blended predictor,0.0
base__ecfp_366,0.5,full_delta3d_forest_only,raw impurity importance; not an attribution of the blended predictor,0.0
base__ecfp_365,0.5,full_delta3d_forest_only,raw impurity importance; not an attribution of the blended predictor,0.0
base__ecfp_364,0.5,full_delta3d_forest_only,raw impurity importance; not an attribution of the blended predictor,0.0
base__ecfp_363,0.5,full_delta3d_forest_only,raw impurity importance; not an attribution of the blended predictor,0.0
base__ecfp_362,0.5,full_delta3d_forest_only,raw impurity importance; not an attribution of the blended predictor,0.0
base__ecfp_361,0.5,full_delta3d_forest_only,raw impurity importance; not an attribution of the blended predictor,0.0
base__ecfp_359,0.5,full_delta3d_forest_only,raw impurity importance; not an attribution of the blended predictor,0.0
base__ecfp_376,0.5,full_delta3d_forest_only,raw impurity importance; not an attribution of the blended predictor,0.0
base__ecfp_72,0.5,full_delta3d_forest_only,raw impurity importance; not an attribution of the blended predictor,0.0
base__ecfp_357,0.5,full_delta3d_forest_only,raw impurity importance; not an attribution of the blended predictor,0.0
base__ecfp_356,0.5,full_delta3d_forest_only,raw impurity importance; not an attribution of the blended predictor,0.0
base__ecfp_355,0.5,full_delta3d_forest_only,raw impurity importance; not an attribution of the blended predictor,0.0
base__ecfp_354,0.5,full_delta3d_forest_only,raw impurity importance; not an attribution of the blended predictor,0.0
base__ecfp_353,0.5,full_delta3d_forest_only,raw impurity importance; not an attribution of the blended predictor,0.0
base__ecfp_352,0.5,full_delta3d_forest_only,raw impurity importance; not an attribution of the blended predictor,0.0
base__ecfp_351,0.5,full_delta3d_forest_only,raw impurity importance; not an attribution of the blended predictor,0.0
base__ecfp_350,0.5,full_delta3d_forest_only,raw impurity importance; not an attribution of the blended predictor,0.0
base__ecfp_349,0.5,full_delta3d_forest_only,raw impurity importance; not an attribution of the blended predictor,0.0
base__ecfp_73,0.5,full_delta3d_forest_only,raw impurity importance; not an attribution of the blended predictor,0.0
base__ecfp_347,0.5,full_delta3d_forest_only,raw impurity importance; not an attribution of the blended predictor,0.0
base__ecfp_346,0.5,full_delta3d_forest_only,raw impurity importance; not an attribution of the blended predictor,0.0
base__ecfp_375,0.5,full_delta3d_forest_only,raw impurity importance; not an attribution of the blended predictor,0.0
base__ecfp_377,0.5,full_delta3d_forest_only,raw impurity importance; not an attribution of the blended predictor,0.0
base__ecfp_410,0.5,full_delta3d_forest_only,raw impurity importance; not an attribution of the blended predictor,0.0
base__ecfp_396,0.5,full_delta3d_forest_only,raw impurity importance; not an attribution of the blended predictor,0.0
base__ecfp_409,0.5,full_delta3d_forest_only,raw impurity importance; not an attribution of the blended predictor,0.0
base__ecfp_408,0.5,full_delta3d_forest_only,raw impurity importance; not an attribution of the blended predictor,0.0
base__ecfp_407,0.5,full_delta3d_forest_only,raw impurity importance; not an attribution of the blended predictor,0.0
base__ecfp_70,0.5,full_delta3d_forest_only,raw impurity importance; not an attribution of the blended predictor,0.0
base__ecfp_405,0.5,full_delta3d_forest_only,raw impurity importance; not an attribution of the blended predictor,0.0
base__ecfp_404,0.5,full_delta3d_forest_only,raw impurity importance; not an attribution of the blended predictor,0.0
base__ecfp_403,0.5,full_delta3d_forest_only,raw impurity importance; not an attribution of the blended predictor,0.0
base__ecfp_402,0.5,full_delta3d_forest_only,raw impurity importance; not an attribution of the blended predictor,0.0
base__ecfp_401,0.5,full_delta3d_forest_only,raw impurity importance; not an attribution of the blended predictor,0.0
base__ecfp_400,0.5,full_delta3d_forest_only,raw impurity importance; not an attribution of the blended predictor,0.0
base__ecfp_399,0.5,full_delta3d_forest_only,raw impurity importance; not an attribution of the blended predictor,0.0
base__ecfp_398,0.5,full_delta3d_forest_only,raw impurity importance; not an attribution of the blended predictor,0.0
base__ecfp_397,0.5,full_delta3d_forest_only,raw impurity importance; not an attribution of the blended predictor,0.0
base__ecfp_395,0.5,full_delta3d_forest_only,raw impurity importance; not an attribution of the blended predictor,0.0
base__ecfp_379,0.5,full_delta3d_forest_only,raw impurity importance; not an attribution of the blended predictor,0.0
base__ecfp_394,0.5,full_delta3d_forest_only,raw impurity importance; not an attribution of the blended predictor,0.0
base__ecfp_393,0.5,full_delta3d_forest_only,raw impurity importance; not an attribution of the blended predictor,0.0
base__ecfp_71,0.5,full_delta3d_forest_only,raw impurity importance; not an attribution of the blended predictor,0.0
base__ecfp_391,0.5,full_delta3d_forest_only,raw impurity importance; not an attribution of the blended predictor,0.0
base__ecfp_390,0.5,full_delta3d_forest_only,raw impurity importance; not an attribution of the blended predictor,0.0
base__ecfp_388,0.5,full_delta3d_forest_only,raw impurity importance; not an attribution of the blended predictor,0.0
base__ecfp_387,0.5,full_delta3d_forest_only,raw impurity importance; not an attribution of the blended predictor,0.0
base__ecfp_386,0.5,full_delta3d_forest_only,raw impurity importance; not an attribution of the blended predictor,0.0
base__ecfp_385,0.5,full_delta3d_forest_only,raw impurity importance; not an attribution of the blended predictor,0.0
base__ecfp_384,0.5,full_delta3d_forest_only,raw impurity importance; not an attribution of the blended predictor,0.0
base__ecfp_383,0.5,full_delta3d_forest_only,raw impurity importance; not an attribution of the blended predictor,0.0
base__ecfp_382,0.5,full_delta3d_forest_only,raw impurity importance; not an attribution of the blended predictor,0.0
base__ecfp_380,0.5,full_delta3d_forest_only,raw impurity importance; not an attribution of the blended predictor,0.0
base__ecfp_477,0.5,full_delta3d_forest_only,raw impurity importance; not an attribution of the blended predictor,0.0
base__ecfp_478,0.5,full_delta3d_forest_only,raw impurity importance; not an attribution of the blended predictor,0.0
base__ecfp_479,0.5,full_delta3d_forest_only,raw impurity importance; not an attribution of the blended predictor,0.0
base__ecfp_559,0.5,full_delta3d_forest_only,raw impurity importance; not an attribution of the blended predictor,0.0
base__ecfp_572,0.5,full_delta3d_forest_only,raw impurity importance; not an attribution of the blended predictor,0.0
base__ecfp_571,0.5,full_delta3d_forest_only,raw impurity importance; not an attribution of the blended predictor,0.0
base__ecfp_570,0.5,full_delta3d_forest_only,raw impurity importance; not an attribution of the blended predictor,0.0
base__ecfp_569,0.5,full_delta3d_forest_only,raw impurity importance; not an attribution of the blended predictor,0.0
base__ecfp_568,0.5,full_delta3d_forest_only,raw impurity importance; not an attribution of the blended predictor,0.0
base__ecfp_567,0.5,full_delta3d_forest_only,raw impurity importance; not an attribution of the blended predictor,0.0
base__ecfp_566,0.5,full_delta3d_forest_only,raw impurity importance; not an attribution of the blended predictor,0.0
base__ecfp_565,0.5,full_delta3d_forest_only,raw impurity importance; not an attribution of the blended predictor,0.0
base__ecfp_564,0.5,full_delta3d_forest_only,raw impurity importance; not an attribution of the blended predictor,0.0
base__ecfp_563,0.5,full_delta3d_forest_only,raw impurity importance; not an attribution of the blended predictor,0.0
base__ecfp_562,0.5,full_delta3d_forest_only,raw impurity importance; not an attribution of the blended predictor,0.0
base__ecfp_561,0.5,full_delta3d_forest_only,raw impurity importance; not an attribution of the blended predictor,0.0
base__ecfp_560,0.5,full_delta3d_forest_only,raw impurity importance; not an attribution of the blended predictor,0.0
base__ecfp_558,0.5,full_delta3d_forest_only,raw impurity importance; not an attribution of the blended predictor,0.0
base__ecfp_574,0.5,full_delta3d_forest_only,raw impurity importance; not an attribution of the blended predictor,0.0
base__ecfp_557,0.5,full_delta3d_forest_only,raw impurity importance; not an attribution of the blended predictor,0.0
base__ecfp_556,0.5,full_delta3d_forest_only,raw impurity importance; not an attribution of the blended predictor,0.0
base__ecfp_554,0.5,full_delta3d_forest_only,raw impurity importance; not an attribution of the blended predictor,0.0
base__ecfp_67,0.5,full_delta3d_forest_only,raw impurity importance; not an attribution of the blended predictor,0.0
base__ecfp_552,0.5,full_delta3d_forest_only,raw impurity importance; not an attribution of the blended predictor,0.0
base__ecfp_551,0.5,full_delta3d_forest_only,raw impurity importance; not an attribution of the blended predictor,0.0
base__ecfp_550,0.5,full_delta3d_forest_only,raw impurity importance; not an attribution of the blended predictor,0.0
base__ecfp_549,0.5,full_delta3d_forest_only,raw impurity importance; not an attribution of the blended predictor,0.0
base__ecfp_548,0.5,full_delta3d_forest_only,raw impurity importance; not an attribution of the blended predictor,0.0
base__ecfp_547,0.5,full_delta3d_forest_only,raw impurity importance; not an attribution of the blended predictor,0.0
base__ecfp_546,0.5,full_delta3d_forest_only,raw impurity importance; not an attribution of the blended predictor,0.0
base__ecfp_545,0.5,full_delta3d_forest_only,raw impurity importance; not an attribution of the blended predictor,0.0
base__ecfp_544,0.5,full_delta3d_forest_only,raw impurity importance; not an attribution of the blended predictor,0.0
base__ecfp_573,0.5,full_delta3d_forest_only,raw impurity importance; not an attribution of the blended predictor,0.0
base__ecfp_575,0.5,full_delta3d_forest_only,raw impurity importance; not an attribution of the blended predictor,0.0
base__ecfp_480,0.5,full_delta3d_forest_only,raw impurity importance; not an attribution of the blended predictor,0.0
base__ecfp_66,0.5,full_delta3d_forest_only,raw impurity importance; not an attribution of the blended predictor,0.0
base__ecfp_604,0.5,full_delta3d_forest_only,raw impurity importance; not an attribution of the blended predictor,0.0
base__ecfp_64,0.5,full_delta3d_forest_only,raw impurity importance; not an attribution of the blended predictor,0.0
base__ecfp_602,0.5,full_delta3d_forest_only,raw impurity importance; not an attribution of the blended predictor,0.0
base__ecfp_601,0.5,full_delta3d_forest_only,raw impurity importance; not an attribution of the blended predictor,0.0
base__ecfp_600,0.5,full_delta3d_forest_only,raw impurity importance; not an attribution of the blended predictor,0.0
base__ecfp_65,0.5,full_delta3d_forest_only,raw impurity importance; not an attribution of the blended predictor,0.0
base__ecfp_598,0.5,full_delta3d_forest_only,raw impurity importance; not an attribution of the blended predictor,0.0
base__ecfp_597,0.5,full_delta3d_forest_only,raw impurity importance; not an attribution of the blended predictor,0.0
base__ecfp_596,0.5,full_delta3d_forest_only,raw impurity importance; not an attribution of the blended predictor,0.0
base__ecfp_595,0.5,full_delta3d_forest_only,raw impurity importance; not an attribution of the blended predictor,0.0
base__ecfp_594,0.5,full_delta3d_forest_only,raw impurity importance; not an attribution of the blended predictor,0.0
base__ecfp_593,0.5,full_delta3d_forest_only,raw impurity importance; not an attribution of the blended predictor,0.0
base__ecfp_592,0.5,full_delta3d_forest_only,raw impurity importance; not an attribution of the blended predictor,0.0
base__ecfp_590,0.5,full_delta3d_forest_only,raw impurity importance; not an attribution of the blended predictor,0.0
base__ecfp_576,0.5,full_delta3d_forest_only,raw impurity importance; not an attribution of the blended predictor,0.0
base__ecfp_589,0.5,full_delta3d_forest_only,raw impurity importance; not an attribution of the blended predictor,0.0
base__ecfp_588,0.5,full_delta3d_forest_only,raw impurity importance; not an attribution of the blended predictor,0.0
base__ecfp_587,0.5,full_delta3d_forest_only,raw impurity importance; not an attribution of the blended predictor,0.0
base__ecfp_586,0.5,full_delta3d_forest_only,raw impurity importance; not an attribution of the blended predictor,0.0
base__ecfp_585,0.5,full_delta3d_forest_only,raw impurity importance; not an attribution of the blended predictor,0.0
base__ecfp_584,0.5,full_delta3d_forest_only,raw impurity importance; not an attribution of the blended predictor,0.0
base__ecfp_583,0.5,full_delta3d_forest_only,raw impurity importance; not an attribution of the blended predictor,0.0
base__ecfp_582,0.5,full_delta3d_forest_only,raw impurity importance; not an attribution of the blended predictor,0.0
base__ecfp_581,0.5,full_delta3d_forest_only,raw impurity importance; not an attribution of the blended predictor,0.0
base__ecfp_580,0.5,full_delta3d_forest_only,raw impurity importance; not an attribution of the blended predictor,0.0
base__ecfp_579,0.5,full_delta3d_forest_only,raw impurity importance; not an attribution of the blended predictor,0.0
base__ecfp_578,0.5,full_delta3d_forest_only,raw impurity importance; not an attribution of the blended predictor,0.0
base__ecfp_577,0.5,full_delta3d_forest_only,raw impurity importance; not an attribution of the blended predictor,0.0
base__ecfp_543,0.5,full_delta3d_forest_only,raw impurity importance; not an attribution of the blended predictor,0.0
base__ecfp_542,0.5,full_delta3d_forest_only,raw impurity importance; not an attribution of the blended predictor,0.0
base__ecfp_541,0.5,full_delta3d_forest_only,raw impurity importance; not an attribution of the blended predictor,0.0
base__ecfp_495,0.5,full_delta3d_forest_only,raw impurity importance; not an attribution of the blended predictor,0.0
base__ecfp_508,0.5,full_delta3d_forest_only,raw impurity importance; not an attribution of the blended predictor,0.0
base__ecfp_507,0.5,full_delta3d_forest_only,raw impurity importance; not an attribution of the blended predictor,0.0
base__ecfp_506,0.5,full_delta3d_forest_only,raw impurity importance; not an attribution of the blended predictor,0.0
base__ecfp_505,0.5,full_delta3d_forest_only,raw impurity importance; not an attribution of the blended predictor,0.0
base__ecfp_504,0.5,full_delta3d_forest_only,raw impurity importance; not an attribution of the blended predictor,0.0
base__ecfp_503,0.5,full_delta3d_forest_only,raw impurity importance; not an attribution of the blended predictor,0.0
base__ecfp_502,0.5,full_delta3d_forest_only,raw impurity importance; not an attribution of the blended predictor,0.0
base__ecfp_501,0.5,full_delta3d_forest_only,raw impurity importance; not an attribution of the blended predictor,0.0
base__ecfp_500,0.5,full_delta3d_forest_only,raw impurity importance; not an attribution of the blended predictor,0.0
base__ecfp_499,0.5,full_delta3d_forest_only,raw impurity importance; not an attribution of the blended predictor,0.0
base__ecfp_498,0.5,full_delta3d_forest_only,raw impurity importance; not an attribution of the blended predictor,0.0
base__ecfp_497,0.5,full_delta3d_forest_only,raw impurity importance; not an attribution of the blended predictor,0.0
base__ecfp_496,0.5,full_delta3d_forest_only,raw impurity importance; not an attribution of the blended predictor,0.0
base__ecfp_494,0.5,full_delta3d_forest_only,raw impurity importance; not an attribution of the blended predictor,0.0
base__ecfp_540,0.5,full_delta3d_forest_only,raw impurity importance; not an attribution of the blended predictor,0.0
base__ecfp_493,0.5,full_delta3d_forest_only,raw impurity importance; not an attribution of the blended predictor,0.0
base__ecfp_492,0.5,full_delta3d_forest_only,raw impurity importance; not an attribution of the blended predictor,0.0
base__ecfp_491,0.5,full_delta3d_forest_only,raw impurity importance; not an attribution of the blended predictor,0.0
base__ecfp_490,0.5,full_delta3d_forest_only,raw impurity importance; not an attribution of the blended predictor,0.0
base__ecfp_489,0.5,full_delta3d_forest_only,raw impurity importance; not an attribution of the blended predictor,0.0
base__ecfp_488,0.5,full_delta3d_forest_only,raw impurity importance; not an attribution of the blended predictor,0.0
base__ecfp_68,0.5,full_delta3d_forest_only,raw impurity importance; not an attribution of the blended predictor,0.0
base__ecfp_486,0.5,full_delta3d_forest_only,raw impurity importance; not an attribution of the blended predictor,0.0
base__ecfp_485,0.5,full_delta3d_forest_only,raw impurity importance; not an attribution of the blended predictor,0.0
base__ecfp_484,0.5,full_delta3d_forest_only,raw impurity importance; not an attribution of the blended predictor,0.0
base__ecfp_483,0.5,full_delta3d_forest_only,raw impurity importance; not an attribution of the blended predictor,0.0
base__ecfp_482,0.5,full_delta3d_forest_only,raw impurity importance; not an attribution of the blended predictor,0.0
base__ecfp_481,0.5,full_delta3d_forest_only,raw impurity importance; not an attribution of the blended predictor,0.0
base__ecfp_509,0.5,full_delta3d_forest_only,raw impurity importance; not an attribution of the blended predictor,0.0
base__ecfp_510,0.5,full_delta3d_forest_only,raw impurity importance; not an attribution of the blended predictor,0.0
base__ecfp_511,0.5,full_delta3d_forest_only,raw impurity importance; not an attribution of the blended predictor,0.0
base__ecfp_512,0.5,full_delta3d_forest_only,raw impurity importance; not an attribution of the blended predictor,0.0
base__ecfp_539,0.5,full_delta3d_forest_only,raw impurity importance; not an attribution of the blended predictor,0.0
base__ecfp_538,0.5,full_delta3d_forest_only,raw impurity importance; not an attribution of the blended predictor,0.0
base__ecfp_537,0.5,full_delta3d_forest_only,raw impurity importance; not an attribution of the blended predictor,0.0
base__ecfp_536,0.5,full_delta3d_forest_only,raw impurity importance; not an attribution of the blended predictor,0.0
base__ecfp_535,0.5,full_delta3d_forest_only,raw impurity importance; not an attribution of the blended predictor,0.0
base__ecfp_534,0.5,full_delta3d_forest_only,raw impurity importance; not an attribution of the blended predictor,0.0
base__ecfp_533,0.5,full_delta3d_forest_only,raw impurity importance; not an attribution of the blended predictor,0.0
base__ecfp_532,0.5,full_delta3d_forest_only,raw impurity importance; not an attribution of the blended predictor,0.0
base__ecfp_531,0.5,full_delta3d_forest_only,raw impurity importance; not an attribution of the blended predictor,0.0
base__ecfp_530,0.5,full_delta3d_forest_only,raw impurity importance; not an attribution of the blended predictor,0.0
base__ecfp_529,0.5,full_delta3d_forest_only,raw impurity importance; not an attribution of the blended predictor,0.0
base__ecfp_528,0.5,full_delta3d_forest_only,raw impurity importance; not an attribution of the blended predictor,0.0
base__ecfp_527,0.5,full_delta3d_forest_only,raw impurity importance; not an attribution of the blended predictor,0.0
base__ecfp_526,0.5,full_delta3d_forest_only,raw impurity importance; not an attribution of the blended predictor,0.0
base__ecfp_525,0.5,full_delta3d_forest_only,raw impurity importance; not an attribution of the blended predictor,0.0
base__ecfp_524,0.5,full_delta3d_forest_only,raw impurity importance; not an attribution of the blended predictor,0.0
base__ecfp_523,0.5,full_delta3d_forest_only,raw impurity importance; not an attribution of the blended predictor,0.0
base__ecfp_522,0.5,full_delta3d_forest_only,raw impurity importance; not an attribution of the blended predictor,0.0
base__ecfp_521,0.5,full_delta3d_forest_only,raw impurity importance; not an attribution of the blended predictor,0.0
base__ecfp_520,0.5,full_delta3d_forest_only,raw impurity importance; not an attribution of the blended predictor,0.0
base__ecfp_519,0.5,full_delta3d_forest_only,raw impurity importance; not an attribution of the blended predictor,0.0
base__ecfp_518,0.5,full_delta3d_forest_only,raw impurity importance; not an attribution of the blended predictor,0.0
base__ecfp_517,0.5,full_delta3d_forest_only,raw impurity importance; not an attribution of the blended predictor,0.0
base__ecfp_516,0.5,full_delta3d_forest_only,raw impurity importance; not an attribution of the blended predictor,0.0
base__ecfp_515,0.5,full_delta3d_forest_only,raw impurity importance; not an attribution of the blended predictor,0.0
base__ecfp_514,0.5,full_delta3d_forest_only,raw impurity importance; not an attribution of the blended predictor,0.0
base__ecfp_513,0.5,full_delta3d_forest_only,raw impurity importance; not an attribution of the blended predictor,0.0
base__ecfp_345,0.5,full_delta3d_forest_only,raw impurity importance; not an attribution of the blended predictor,0.0
base__ecfp_343,0.5,full_delta3d_forest_only,raw impurity importance; not an attribution of the blended predictor,0.0
base__ecfp_1131,0.5,full_delta3d_forest_only,raw impurity importance; not an attribution of the blended predictor,0.0
base__ecfp_163,0.5,full_delta3d_forest_only,raw impurity importance; not an attribution of the blended predictor,0.0
base__ecfp_176,0.5,full_delta3d_forest_only,raw impurity importance; not an attribution of the blended predictor,0.0
base__ecfp_175,0.5,full_delta3d_forest_only,raw impurity importance; not an attribution of the blended predictor,0.0
base__ecfp_174,0.5,full_delta3d_forest_only,raw impurity importance; not an attribution of the blended predictor,0.0
base__ecfp_173,0.5,full_delta3d_forest_only,raw impurity importance; not an attribution of the blended predictor,0.0
base__ecfp_172,0.5,full_delta3d_forest_only,raw impurity importance; not an attribution of the blended predictor,0.0
base__ecfp_171,0.5,full_delta3d_forest_only,raw impurity importance; not an attribution of the blended predictor,0.0
base__ecfp_170,0.5,full_delta3d_forest_only,raw impurity importance; not an attribution of the blended predictor,0.0
base__ecfp_169,0.5,full_delta3d_forest_only,raw impurity importance; not an attribution of the blended predictor,0.0
base__ecfp_168,0.5,full_delta3d_forest_only,raw impurity importance; not an attribution of the blended predictor,0.0
base__ecfp_167,0.5,full_delta3d_forest_only,raw impurity importance; not an attribution of the blended predictor,0.0
base__ecfp_166,0.5,full_delta3d_forest_only,raw impurity importance; not an attribution of the blended predictor,0.0
base__ecfp_165,0.5,full_delta3d_forest_only,raw impurity importance; not an attribution of the blended predictor,0.0
base__ecfp_164,0.5,full_delta3d_forest_only,raw impurity importance; not an attribution of the blended predictor,0.0
base__ecfp_162,0.5,full_delta3d_forest_only,raw impurity importance; not an attribution of the blended predictor,0.0
base__ecfp_178,0.5,full_delta3d_forest_only,raw impurity importance; not an attribution of the blended predictor,0.0
base__ecfp_161,0.5,full_delta3d_forest_only,raw impurity importance; not an attribution of the blended predictor,0.0
base__ecfp_160,0.5,full_delta3d_forest_only,raw impurity importance; not an attribution of the blended predictor,0.0
base__ecfp_159,0.5,full_delta3d_forest_only,raw impurity importance; not an attribution of the blended predictor,0.0
base__ecfp_158,0.5,full_delta3d_forest_only,raw impurity importance; not an attribution of the blended predictor,0.0
base__ecfp_157,0.5,full_delta3d_forest_only,raw impurity importance; not an attribution of the blended predictor,0.0
base__ecfp_156,0.5,full_delta3d_forest_only,raw impurity importance; not an attribution of the blended predictor,0.0
base__ecfp_155,0.5,full_delta3d_forest_only,raw impurity importance; not an attribution of the blended predictor,0.0
base__ecfp_154,0.5,full_delta3d_forest_only,raw impurity importance; not an attribution of the blended predictor,0.0
base__ecfp_153,0.5,full_delta3d_forest_only,raw impurity importance; not an attribution of the blended predictor,0.0
base__ecfp_152,0.5,full_delta3d_forest_only,raw impurity importance; not an attribution of the blended predictor,0.0
base__ecfp_151,0.5,full_delta3d_forest_only,raw impurity importance; not an attribution of the blended predictor,0.0
base__ecfp_150,0.5,full_delta3d_forest_only,raw impurity importance; not an attribution of the blended predictor,0.0
base__ecfp_149,0.5,full_delta3d_forest_only,raw impurity importance; not an attribution of the blended predictor,0.0
base__ecfp_177,0.5,full_delta3d_forest_only,raw impurity importance; not an attribution of the blended predictor,0.0
base__ecfp_179,0.5,full_delta3d_forest_only,raw impurity importance; not an attribution of the blended predictor,0.0
base__ecfp_147,0.5,full_delta3d_forest_only,raw impurity importance; not an attribution of the blended predictor,0.0
base__ecfp_196,0.5,full_delta3d_forest_only,raw impurity importance; not an attribution of the blended predictor,0.0
base__ecfp_210,0.5,full_delta3d_forest_only,raw impurity importance; not an attribution of the blended predictor,0.0
base__ecfp_209,0.5,full_delta3d_forest_only,raw impurity importance; not an attribution of the blended predictor,0.0
base__ecfp_208,0.5,full_delta3d_forest_only,raw impurity importance; not an attribution of the blended predictor,0.0
base__ecfp_79,0.5,full_delta3d_forest_only,raw impurity importance; not an attribution of the blended predictor,0.0
base__ecfp_206,0.5,full_delta3d_forest_only,raw impurity importance; not an attribution of the blended predictor,0.0
base__ecfp_204,0.5,full_delta3d_forest_only,raw impurity importance; not an attribution of the blended predictor,0.0
base__ecfp_203,0.5,full_delta3d_forest_only,raw impurity importance; not an attribution of the blended predictor,0.0
base__ecfp_202,0.5,full_delta3d_forest_only,raw impurity importance; not an attribution of the blended predictor,0.0
base__ecfp_201,0.5,full_delta3d_forest_only,raw impurity importance; not an attribution of the blended predictor,0.0
base__ecfp_200,0.5,full_delta3d_forest_only,raw impurity importance; not an attribution of the blended predictor,0.0
base__ecfp_199,0.5,full_delta3d_forest_only,raw impurity importance; not an attribution of the blended predictor,0.0
base__ecfp_198,0.5,full_delta3d_forest_only,raw impurity importance; not an attribution of the blended predictor,0.0
base__ecfp_197,0.5,full_delta3d_forest_only,raw impurity importance; not an attribution of the blended predictor,0.0
base__ecfp_195,0.5,full_delta3d_forest_only,raw impurity importance; not an attribution of the blended predictor,0.0
base__ecfp_180,0.5,full_delta3d_forest_only,raw impurity importance; not an attribution of the blended predictor,0.0
base__ecfp_194,0.5,full_delta3d_forest_only,raw impurity importance; not an attribution of the blended predictor,0.0
base__ecfp_193,0.5,full_delta3d_forest_only,raw impurity importance; not an attribution of the blended predictor,0.0
base__ecfp_191,0.5,full_delta3d_forest_only,raw impurity importance; not an attribution of the blended predictor,0.0
base__ecfp_190,0.5,full_delta3d_forest_only,raw impurity importance; not an attribution of the blended predictor,0.0
base__ecfp_189,0.5,full_delta3d_forest_only,raw impurity importance; not an attribution of the blended predictor,0.0
base__ecfp_188,0.5,full_delta3d_forest_only,raw impurity importance; not an attribution of the blended predictor,0.0
base__ecfp_187,0.5,full_delta3d_forest_only,raw impurity importance; not an attribution of the blended predictor,0.0
base__ecfp_186,0.5,full_delta3d_forest_only,raw impurity importance; not an attribution of the blended predictor,0.0
base__ecfp_185,0.5,full_delta3d_forest_only,raw impurity importance; not an attribution of the blended predictor,0.0
base__ecfp_184,0.5,full_delta3d_forest_only,raw impurity importance; not an attribution of the blended predictor,0.0
base__ecfp_183,0.5,full_delta3d_forest_only,raw impurity importance; not an attribution of the blended predictor,0.0
base__ecfp_182,0.5,full_delta3d_forest_only,raw impurity importance; not an attribution of the blended predictor,0.0
base__ecfp_181,0.5,full_delta3d_forest_only,raw impurity importance; not an attribution of the blended predictor,0.0
base__ecfp_148,0.5,full_delta3d_forest_only,raw impurity importance; not an attribution of the blended predictor,0.0
base__ecfp_145,0.5,full_delta3d_forest_only,raw impurity importance; not an attribution of the blended predictor,0.0
base__ecfp_342,0.5,full_delta3d_forest_only,raw impurity importance; not an attribution of the blended predictor,0.0
base__ecfp_98,0.5,full_delta3d_forest_only,raw impurity importance; not an attribution of the blended predictor,0.0
base__ecfp_111,0.5,full_delta3d_forest_only,raw impurity importance; not an attribution of the blended predictor,0.0
base__ecfp_110,0.5,full_delta3d_forest_only,raw impurity importance; not an attribution of the blended predictor,0.0
base__ecfp_109,0.5,full_delta3d_forest_only,raw impurity importance; not an attribution of the blended predictor,0.0
base__ecfp_108,0.5,full_delta3d_forest_only,raw impurity importance; not an attribution of the blended predictor,0.0
base__ecfp_107,0.5,full_delta3d_forest_only,raw impurity importance; not an attribution of the blended predictor,0.0
base__ecfp_106,0.5,full_delta3d_forest_only,raw impurity importance; not an attribution of the blended predictor,0.0
base__ecfp_105,0.5,full_delta3d_forest_only,raw impurity importance; not an attribution of the blended predictor,0.0
base__ecfp_104,0.5,full_delta3d_forest_only,raw impurity importance; not an attribution of the blended predictor,0.0
base__ecfp_103,0.5,full_delta3d_forest_only,raw impurity importance; not an attribution of the blended predictor,0.0
base__ecfp_102,0.5,full_delta3d_forest_only,raw impurity importance; not an attribution of the blended predictor,0.0
base__ecfp_101,0.5,full_delta3d_forest_only,raw impurity importance; not an attribution of the blended predictor,0.0
base__ecfp_100,0.5,full_delta3d_forest_only,raw impurity importance; not an attribution of the blended predictor,0.0
base__ecfp_99,0.5,full_delta3d_forest_only,raw impurity importance; not an attribution of the blended predictor,0.0
base__ecfp_97,0.5,full_delta3d_forest_only,raw impurity importance; not an attribution of the blended predictor,0.0
base__ecfp_113,0.5,full_delta3d_forest_only,raw impurity importance; not an attribution of the blended predictor,0.0
base__ecfp_96,0.5,full_delta3d_forest_only,raw impurity importance; not an attribution of the blended predictor,0.0
base__ecfp_95,0.5,full_delta3d_forest_only,raw impurity importance; not an attribution of the blended predictor,0.0
base__ecfp_94,0.5,full_delta3d_forest_only,raw impurity importance; not an attribution of the blended predictor,0.0
base__ecfp_93,0.5,full_delta3d_forest_only,raw impurity importance; not an attribution of the blended predictor,0.0
base__ecfp_92,0.5,full_delta3d_forest_only,raw impurity importance; not an attribution of the blended predictor,0.0
base__ecfp_91,0.5,full_delta3d_forest_only,raw impurity importance; not an attribution of the blended predictor,0.0
base__ecfp_90,0.5,full_delta3d_forest_only,raw impurity importance; not an attribution of the blended predictor,0.0
base__ecfp_89,0.5,full_delta3d_forest_only,raw impurity importance; not an attribution of the blended predictor,0.0
base__ecfp_88,0.5,full_delta3d_forest_only,raw impurity importance; not an attribution of the blended predictor,0.0
base__ecfp_87,0.5,full_delta3d_forest_only,raw impurity importance; not an attribution of the blended predictor,0.0
base__ecfp_86,0.5,full_delta3d_forest_only,raw impurity importance; not an attribution of the blended predictor,0.0
base__ecfp_85,0.5,full_delta3d_forest_only,raw impurity importance; not an attribution of the blended predictor,0.0
base__ecfp_84,0.5,full_delta3d_forest_only,raw impurity importance; not an attribution of the blended predictor,0.0
base__ecfp_112,0.5,full_delta3d_forest_only,raw impurity importance; not an attribution of the blended predictor,0.0
base__ecfp_81,0.5,full_delta3d_forest_only,raw impurity importance; not an attribution of the blended predictor,0.0
base__ecfp_144,0.5,full_delta3d_forest_only,raw impurity importance; not an attribution of the blended predictor,0.0
base__ecfp_130,0.5,full_delta3d_forest_only,raw impurity importance; not an attribution of the blended predictor,0.0
base__ecfp_143,0.5,full_delta3d_forest_only,raw impurity importance; not an attribution of the blended predictor,0.0
base__ecfp_142,0.5,full_delta3d_forest_only,raw impurity importance; not an attribution of the blended predictor,0.0
base__ecfp_141,0.5,full_delta3d_forest_only,raw impurity importance; not an attribution of the blended predictor,0.0
base__ecfp_140,0.5,full_delta3d_forest_only,raw impurity importance; not an attribution of the blended predictor,0.0
base__ecfp_139,0.5,full_delta3d_forest_only,raw impurity importance; not an attribution of the blended predictor,0.0
base__ecfp_138,0.5,full_delta3d_forest_only,raw impurity importance; not an attribution of the blended predictor,0.0
base__ecfp_137,0.5,full_delta3d_forest_only,raw impurity importance; not an attribution of the blended predictor,0.0
base__ecfp_136,0.5,full_delta3d_forest_only,raw impurity importance; not an attribution of the blended predictor,0.0
base__ecfp_135,0.5,full_delta3d_forest_only,raw impurity importance; not an attribution of the blended predictor,0.0
base__ecfp_134,0.5,full_delta3d_forest_only,raw impurity importance; not an attribution of the blended predictor,0.0
base__ecfp_133,0.5,full_delta3d_forest_only,raw impurity importance; not an attribution of the blended predictor,0.0
base__ecfp_132,0.5,full_delta3d_forest_only,raw impurity importance; not an attribution of the blended predictor,0.0
base__ecfp_131,0.5,full_delta3d_forest_only,raw impurity importance; not an attribution of the blended predictor,0.0
base__ecfp_129,0.5,full_delta3d_forest_only,raw impurity importance; not an attribution of the blended predictor,0.0
base__ecfp_115,0.5,full_delta3d_forest_only,raw impurity importance; not an attribution of the blended predictor,0.0
base__ecfp_128,0.5,full_delta3d_forest_only,raw impurity importance; not an attribution of the blended predictor,0.0
base__ecfp_127,0.5,full_delta3d_forest_only,raw impurity importance; not an attribution of the blended predictor,0.0
base__ecfp_126,0.5,full_delta3d_forest_only,raw impurity importance; not an attribution of the blended predictor,0.0
base__ecfp_125,0.5,full_delta3d_forest_only,raw impurity importance; not an attribution of the blended predictor,0.0
base__ecfp_124,0.5,full_delta3d_forest_only,raw impurity importance; not an attribution of the blended predictor,0.0
base__ecfp_123,0.5,full_delta3d_forest_only,raw impurity importance; not an attribution of the blended predictor,0.0
base__ecfp_122,0.5,full_delta3d_forest_only,raw impurity importance; not an attribution of the blended predictor,0.0
base__ecfp_121,0.5,full_delta3d_forest_only,raw impurity importance; not an attribution of the blended predictor,0.0
base__ecfp_120,0.5,full_delta3d_forest_only,raw impurity importance; not an attribution of the blended predictor,0.0
base__ecfp_119,0.5,full_delta3d_forest_only,raw impurity importance; not an attribution of the blended predictor,0.0
base__ecfp_118,0.5,full_delta3d_forest_only,raw impurity importance; not an attribution of the blended predictor,0.0
base__ecfp_117,0.5,full_delta3d_forest_only,raw impurity importance; not an attribution of the blended predictor,0.0
base__ecfp_116,0.5,full_delta3d_forest_only,raw impurity importance; not an attribution of the blended predictor,0.0
base__ecfp_211,0.5,full_delta3d_forest_only,raw impurity importance; not an attribution of the blended predictor,0.0
base__ecfp_212,0.5,full_delta3d_forest_only,raw impurity importance; not an attribution of the blended predictor,0.0
base__ecfp_213,0.5,full_delta3d_forest_only,raw impurity importance; not an attribution of the blended predictor,0.0
base__ecfp_296,0.5,full_delta3d_forest_only,raw impurity importance; not an attribution of the blended predictor,0.0
base__ecfp_309,0.5,full_delta3d_forest_only,raw impurity importance; not an attribution of the blended predictor,0.0
base__ecfp_308,0.5,full_delta3d_forest_only,raw impurity importance; not an attribution of the blended predictor,0.0
base__ecfp_307,0.5,full_delta3d_forest_only,raw impurity importance; not an attribution of the blended predictor,0.0
base__ecfp_306,0.5,full_delta3d_forest_only,raw impurity importance; not an attribution of the blended predictor,0.0
base__ecfp_305,0.5,full_delta3d_forest_only,raw impurity importance; not an attribution of the blended predictor,0.0
base__ecfp_304,0.5,full_delta3d_forest_only,raw impurity importance; not an attribution of the blended predictor,0.0
base__ecfp_303,0.5,full_delta3d_forest_only,raw impurity importance; not an attribution of the blended predictor,0.0
base__ecfp_302,0.5,full_delta3d_forest_only,raw impurity importance; not an attribution of the blended predictor,0.0
base__ecfp_301,0.5,full_delta3d_forest_only,raw impurity importance; not an attribution of the blended predictor,0.0
base__ecfp_300,0.5,full_delta3d_forest_only,raw impurity importance; not an attribution of the blended predictor,0.0
base__ecfp_299,0.5,full_delta3d_forest_only,raw impurity importance; not an attribution of the blended predictor,0.0
base__ecfp_75,0.5,full_delta3d_forest_only,raw impurity importance; not an attribution of the blended predictor,0.0
base__ecfp_297,0.5,full_delta3d_forest_only,raw impurity importance; not an attribution of the blended predictor,0.0
base__ecfp_295,0.5,full_delta3d_forest_only,raw impurity importance; not an attribution of the blended predictor,0.0
base__ecfp_311,0.5,full_delta3d_forest_only,raw impurity importance; not an attribution of the blended predictor,0.0
base__ecfp_76,0.5,full_delta3d_forest_only,raw impurity importance; not an attribution of the blended predictor,0.0
base__ecfp_293,0.5,full_delta3d_forest_only,raw impurity importance; not an attribution of the blended predictor,0.0
base__ecfp_292,0.5,full_delta3d_forest_only,raw impurity importance; not an attribution of the blended predictor,0.0
base__ecfp_291,0.5,full_delta3d_forest_only,raw impurity importance; not an attribution of the blended predictor,0.0
base__ecfp_290,0.5,full_delta3d_forest_only,raw impurity importance; not an attribution of the blended predictor,0.0
base__ecfp_289,0.5,full_delta3d_forest_only,raw impurity importance; not an attribution of the blended predictor,0.0
base__ecfp_287,0.5,full_delta3d_forest_only,raw impurity importance; not an attribution of the blended predictor,0.0
base__ecfp_286,0.5,full_delta3d_forest_only,raw impurity importance; not an attribution of the blended predictor,0.0
base__ecfp_285,0.5,full_delta3d_forest_only,raw impurity importance; not an attribution of the blended predictor,0.0
base__ecfp_284,0.5,full_delta3d_forest_only,raw impurity importance; not an attribution of the blended predictor,0.0
base__ecfp_77,0.5,full_delta3d_forest_only,raw impurity importance; not an attribution of the blended predictor,0.0
base__ecfp_282,0.5,full_delta3d_forest_only,raw impurity importance; not an attribution of the blended predictor,0.0
base__ecfp_281,0.5,full_delta3d_forest_only,raw impurity importance; not an attribution of the blended predictor,0.0
base__ecfp_310,0.5,full_delta3d_forest_only,raw impurity importance; not an attribution of the blended predictor,0.0
base__ecfp_312,0.5,full_delta3d_forest_only,raw impurity importance; not an attribution of the blended predictor,0.0
base__ecfp_214,0.5,full_delta3d_forest_only,raw impurity importance; not an attribution of the blended predictor,0.0
base__ecfp_328,0.5,full_delta3d_forest_only,raw impurity importance; not an attribution of the blended predictor,0.0
base__ecfp_341,0.5,full_delta3d_forest_only,raw impurity importance; not an attribution of the blended predictor,0.0
base__ecfp_340,0.5,full_delta3d_forest_only,raw impurity importance; not an attribution of the blended predictor,0.0
base__ecfp_339,0.5,full_delta3d_forest_only,raw impurity importance; not an attribution of the blended predictor,0.0
base__ecfp_338,0.5,full_delta3d_forest_only,raw impurity importance; not an attribution of the blended predictor,0.0
base__ecfp_337,0.5,full_delta3d_forest_only,raw impurity importance; not an attribution of the blended predictor,0.0
base__ecfp_336,0.5,full_delta3d_forest_only,raw impurity importance; not an attribution of the blended predictor,0.0
base__ecfp_335,0.5,full_delta3d_forest_only,raw impurity importance; not an attribution of the blended predictor,0.0
base__ecfp_74,0.5,full_delta3d_forest_only,raw impurity importance; not an attribution of the blended predictor,0.0
base__ecfp_333,0.5,full_delta3d_forest_only,raw impurity importance; not an attribution of the blended predictor,0.0
base__ecfp_332,0.5,full_delta3d_forest_only,raw impurity importance; not an attribution of the blended predictor,0.0
base__ecfp_331,0.5,full_delta3d_forest_only,raw impurity importance; not an attribution of the blended predictor,0.0
base__ecfp_330,0.5,full_delta3d_forest_only,raw impurity importance; not an attribution of the blended predictor,0.0
base__ecfp_329,0.5,full_delta3d_forest_only,raw impurity importance; not an attribution of the blended predictor,0.0
base__ecfp_327,0.5,full_delta3d_forest_only,raw impurity importance; not an attribution of the blended predictor,0.0
base__ecfp_313,0.5,full_delta3d_forest_only,raw impurity importance; not an attribution of the blended predictor,0.0
base__ecfp_326,0.5,full_delta3d_forest_only,raw impurity importance; not an attribution of the blended predictor,0.0
base__ecfp_325,0.5,full_delta3d_forest_only,raw impurity importance; not an attribution of the blended predictor,0.0
base__ecfp_324,0.5,full_delta3d_forest_only,raw impurity importance; not an attribution of the blended predictor,0.0
base__ecfp_323,0.5,full_delta3d_forest_only,raw impurity importance; not an attribution of the blended predictor,0.0
base__ecfp_322,0.5,full_delta3d_forest_only,raw impurity importance; not an attribution of the blended predictor,0.0
base__ecfp_321,0.5,full_delta3d_forest_only,raw impurity importance; not an attribution of the blended predictor,0.0
base__ecfp_320,0.5,full_delta3d_forest_only,raw impurity importance; not an attribution of the blended predictor,0.0
base__ecfp_319,0.5,full_delta3d_forest_only,raw impurity importance; not an attribution of the blended predictor,0.0
base__ecfp_318,0.5,full_delta3d_forest_only,raw impurity importance; not an attribution of the blended predictor,0.0
base__ecfp_317,0.5,full_delta3d_forest_only,raw impurity importance; not an attribution of the blended predictor,0.0
base__ecfp_316,0.5,full_delta3d_forest_only,raw impurity importance; not an attribution of the blended predictor,0.0
base__ecfp_315,0.5,full_delta3d_forest_only,raw impurity importance; not an attribution of the blended predictor,0.0
base__ecfp_314,0.5,full_delta3d_forest_only,raw impurity importance; not an attribution of the blended predictor,0.0
base__ecfp_280,0.5,full_delta3d_forest_only,raw impurity importance; not an attribution of the blended predictor,0.0
base__ecfp_279,0.5,full_delta3d_forest_only,raw impurity importance; not an attribution of the blended predictor,0.0
base__ecfp_278,0.5,full_delta3d_forest_only,raw impurity importance; not an attribution of the blended predictor,0.0
base__ecfp_231,0.5,full_delta3d_forest_only,raw impurity importance; not an attribution of the blended predictor,0.0
base__ecfp_245,0.5,full_delta3d_forest_only,raw impurity importance; not an attribution of the blended predictor,0.0
base__ecfp_244,0.5,full_delta3d_forest_only,raw impurity importance; not an attribution of the blended predictor,0.0
base__ecfp_242,0.5,full_delta3d_forest_only,raw impurity importance; not an attribution of the blended predictor,0.0
base__ecfp_241,0.5,full_delta3d_forest_only,raw impurity importance; not an attribution of the blended predictor,0.0
base__ecfp_240,0.5,full_delta3d_forest_only,raw impurity importance; not an attribution of the blended predictor,0.0
base__ecfp_239,0.5,full_delta3d_forest_only,raw impurity importance; not an attribution of the blended predictor,0.0
base__ecfp_238,0.5,full_delta3d_forest_only,raw impurity importance; not an attribution of the blended predictor,0.0
base__ecfp_237,0.5,full_delta3d_forest_only,raw impurity importance; not an attribution of the blended predictor,0.0
base__ecfp_236,0.5,full_delta3d_forest_only,raw impurity importance; not an attribution of the blended predictor,0.0
base__ecfp_235,0.5,full_delta3d_forest_only,raw impurity importance; not an attribution of the blended predictor,0.0
base__ecfp_234,0.5,full_delta3d_forest_only,raw impurity importance; not an attribution of the blended predictor,0.0
base__ecfp_233,0.5,full_delta3d_forest_only,raw impurity importance; not an attribution of the blended predictor,0.0
base__ecfp_232,0.5,full_delta3d_forest_only,raw impurity importance; not an attribution of the blended predictor,0.0
base__ecfp_230,0.5,full_delta3d_forest_only,raw impurity importance; not an attribution of the blended predictor,0.0
base__ecfp_277,0.5,full_delta3d_forest_only,raw impurity importance; not an attribution of the blended predictor,0.0
base__ecfp_229,0.5,full_delta3d_forest_only,raw impurity importance; not an attribution of the blended predictor,0.0
base__ecfp_228,0.5,full_delta3d_forest_only,raw impurity importance; not an attribution of the blended predictor,0.0
base__ecfp_227,0.5,full_delta3d_forest_only,raw impurity importance; not an attribution of the blended predictor,0.0
base__ecfp_225,0.5,full_delta3d_forest_only,raw impurity importance; not an attribution of the blended predictor,0.0
base__ecfp_224,0.5,full_delta3d_forest_only,raw impurity importance; not an attribution of the blended predictor,0.0
base__ecfp_223,0.5,full_delta3d_forest_only,raw impurity importance; not an attribution of the blended predictor,0.0
base__ecfp_221,0.5,full_delta3d_forest_only,raw impurity importance; not an attribution of the blended predictor,0.0
base__ecfp_220,0.5,full_delta3d_forest_only,raw impurity importance; not an attribution of the blended predictor,0.0
base__ecfp_219,0.5,full_delta3d_forest_only,raw impurity importance; not an attribution of the blended predictor,0.0
base__ecfp_218,0.5,full_delta3d_forest_only,raw impurity importance; not an attribution of the blended predictor,0.0
base__ecfp_217,0.5,full_delta3d_forest_only,raw impurity importance; not an attribution of the blended predictor,0.0
base__ecfp_216,0.5,full_delta3d_forest_only,raw impurity importance; not an attribution of the blended predictor,0.0
base__ecfp_215,0.5,full_delta3d_forest_only,raw impurity importance; not an attribution of the blended predictor,0.0
base__ecfp_246,0.5,full_delta3d_forest_only,raw impurity importance; not an attribution of the blended predictor,0.0
base__ecfp_247,0.5,full_delta3d_forest_only,raw impurity importance; not an attribution of the blended predictor,0.0
base__ecfp_248,0.5,full_delta3d_forest_only,raw impurity importance; not an attribution of the blended predictor,0.0
base__ecfp_249,0.5,full_delta3d_forest_only,raw impurity importance; not an attribution of the blended predictor,0.0
base__ecfp_276,0.5,full_delta3d_forest_only,raw impurity importance; not an attribution of the blended predictor,0.0
base__ecfp_275,0.5,full_delta3d_forest_only,raw impurity importance; not an attribution of the blended predictor,0.0
base__ecfp_274,0.5,full_delta3d_forest_only,raw impurity importance; not an attribution of the blended predictor,0.0
base__ecfp_78,0.5,full_delta3d_forest_only,raw impurity importance; not an attribution of the blended predictor,0.0
base__ecfp_272,0.5,full_delta3d_forest_only,raw impurity importance; not an attribution of the blended predictor,0.0
base__ecfp_271,0.5,full_delta3d_forest_only,raw impurity importance; not an attribution of the blended predictor,0.0
base__ecfp_270,0.5,full_delta3d_forest_only,raw impurity importance; not an attribution of the blended predictor,0.0
base__ecfp_269,0.5,full_delta3d_forest_only,raw impurity importance; not an attribution of the blended predictor,0.0
base__ecfp_268,0.5,full_delta3d_forest_only,raw impurity importance; not an attribution of the blended predictor,0.0
base__ecfp_267,0.5,full_delta3d_forest_only,raw impurity importance; not an attribution of the blended predictor,0.0
base__ecfp_266,0.5,full_delta3d_forest_only,raw impurity importance; not an attribution of the blended predictor,0.0
base__ecfp_265,0.5,full_delta3d_forest_only,raw impurity importance; not an attribution of the blended predictor,0.0
base__ecfp_264,0.5,full_delta3d_forest_only,raw impurity importance; not an attribution of the blended predictor,0.0
base__ecfp_263,0.5,full_delta3d_forest_only,raw impurity importance; not an attribution of the blended predictor,0.0
base__ecfp_262,0.5,full_delta3d_forest_only,raw impurity importance; not an attribution of the blended predictor,0.0
base__ecfp_261,0.5,full_delta3d_forest_only,raw impurity importance; not an attribution of the blended predictor,0.0
base__ecfp_260,0.5,full_delta3d_forest_only,raw impurity importance; not an attribution of the blended predictor,0.0
base__ecfp_259,0.5,full_delta3d_forest_only,raw impurity importance; not an attribution of the blended predictor,0.0
base__ecfp_258,0.5,full_delta3d_forest_only,raw impurity importance; not an attribution of the blended predictor,0.0
base__ecfp_257,0.5,full_delta3d_forest_only,raw impurity importance; not an attribution of the blended predictor,0.0
base__ecfp_256,0.5,full_delta3d_forest_only,raw impurity importance; not an attribution of the blended predictor,0.0
base__ecfp_255,0.5,full_delta3d_forest_only,raw impurity importance; not an attribution of the blended predictor,0.0
base__ecfp_254,0.5,full_delta3d_forest_only,raw impurity importance; not an attribution of the blended predictor,0.0
base__ecfp_253,0.5,full_delta3d_forest_only,raw impurity importance; not an attribution of the blended predictor,0.0
base__ecfp_252,0.5,full_delta3d_forest_only,raw impurity importance; not an attribution of the blended predictor,0.0
base__ecfp_251,0.5,full_delta3d_forest_only,raw impurity importance; not an attribution of the blended predictor,0.0
base__ecfp_250,0.5,full_delta3d_forest_only,raw impurity importance; not an attribution of the blended predictor,0.0
base__ecfp_605,0.5,full_delta3d_forest_only,raw impurity importance; not an attribution of the blended predictor,0.0
base__ecfp_606,0.5,full_delta3d_forest_only,raw impurity importance; not an attribution of the blended predictor,0.0
base__ecfp_607,0.5,full_delta3d_forest_only,raw impurity importance; not an attribution of the blended predictor,0.0
base__ecfp_951,0.5,full_delta3d_forest_only,raw impurity importance; not an attribution of the blended predictor,0.0
base__ecfp_964,0.5,full_delta3d_forest_only,raw impurity importance; not an attribution of the blended predictor,0.0
base__ecfp_963,0.5,full_delta3d_forest_only,raw impurity importance; not an attribution of the blended predictor,0.0
base__ecfp_962,0.5,full_delta3d_forest_only,raw impurity importance; not an attribution of the blended predictor,0.0
base__ecfp_961,0.5,full_delta3d_forest_only,raw impurity importance; not an attribution of the blended predictor,0.0
base__ecfp_960,0.5,full_delta3d_forest_only,raw impurity importance; not an attribution of the blended predictor,0.0
base__ecfp_959,0.5,full_delta3d_forest_only,raw impurity importance; not an attribution of the blended predictor,0.0
base__ecfp_958,0.5,full_delta3d_forest_only,raw impurity importance; not an attribution of the blended predictor,0.0
base__ecfp_957,0.5,full_delta3d_forest_only,raw impurity importance; not an attribution of the blended predictor,0.0
base__ecfp_956,0.5,full_delta3d_forest_only,raw impurity importance; not an attribution of the blended predictor,0.0
base__ecfp_955,0.5,full_delta3d_forest_only,raw impurity importance; not an attribution of the blended predictor,0.0
base__ecfp_954,0.5,full_delta3d_forest_only,raw impurity importance; not an attribution of the blended predictor,0.0
base__ecfp_953,0.5,full_delta3d_forest_only,raw impurity importance; not an attribution of the blended predictor,0.0
base__ecfp_952,0.5,full_delta3d_forest_only,raw impurity importance; not an attribution of the blended predictor,0.0
base__ecfp_950,0.5,full_delta3d_forest_only,raw impurity importance; not an attribution of the blended predictor,0.0
base__ecfp_966,0.5,full_delta3d_forest_only,raw impurity importance; not an attribution of the blended predictor,0.0
base__ecfp_949,0.5,full_delta3d_forest_only,raw impurity importance; not an attribution of the blended predictor,0.0
base__ecfp_948,0.5,full_delta3d_forest_only,raw impurity importance; not an attribution of the blended predictor,0.0
base__ecfp_947,0.5,full_delta3d_forest_only,raw impurity importance; not an attribution of the blended predictor,0.0
base__ecfp_946,0.5,full_delta3d_forest_only,raw impurity importance; not an attribution of the blended predictor,0.0
base__ecfp_945,0.5,full_delta3d_forest_only,raw impurity importance; not an attribution of the blended predictor,0.0
base__ecfp_944,0.5,full_delta3d_forest_only,raw impurity importance; not an attribution of the blended predictor,0.0
base__ecfp_943,0.5,full_delta3d_forest_only,raw impurity importance; not an attribution of the blended predictor,0.0
base__ecfp_942,0.5,full_delta3d_forest_only,raw impurity importance; not an attribution of the blended predictor,0.0
base__ecfp_941,0.5,full_delta3d_forest_only,raw impurity importance; not an attribution of the blended predictor,0.0
base__ecfp_940,0.5,full_delta3d_forest_only,raw impurity importance; not an attribution of the blended predictor,0.0
base__ecfp_939,0.5,full_delta3d_forest_only,raw impurity importance; not an attribution of the blended predictor,0.0
base__ecfp_938,0.5,full_delta3d_forest_only,raw impurity importance; not an attribution of the blended predictor,0.0
base__ecfp_937,0.5,full_delta3d_forest_only,raw impurity importance; not an attribution of the blended predictor,0.0
base__ecfp_965,0.5,full_delta3d_forest_only,raw impurity importance; not an attribution of the blended predictor,0.0
base__ecfp_967,0.5,full_delta3d_forest_only,raw impurity importance; not an attribution of the blended predictor,0.0
base__ecfp_934,0.5,full_delta3d_forest_only,raw impurity importance; not an attribution of the blended predictor,0.0
base__ecfp_983,0.5,full_delta3d_forest_only,raw impurity importance; not an attribution of the blended predictor,0.0
base__ecfp_996,0.5,full_delta3d_forest_only,raw impurity importance; not an attribution of the blended predictor,0.0
base__ecfp_995,0.5,full_delta3d_forest_only,raw impurity importance; not an attribution of the blended predictor,0.0
base__ecfp_994,0.5,full_delta3d_forest_only,raw impurity importance; not an attribution of the blended predictor,0.0
base__ecfp_993,0.5,full_delta3d_forest_only,raw impurity importance; not an attribution of the blended predictor,0.0
base__ecfp_992,0.5,full_delta3d_forest_only,raw impurity importance; not an attribution of the blended predictor,0.0
base__ecfp_991,0.5,full_delta3d_forest_only,raw impurity importance; not an attribution of the blended predictor,0.0
base__ecfp_990,0.5,full_delta3d_forest_only,raw impurity importance; not an attribution of the blended predictor,0.0
base__ecfp_989,0.5,full_delta3d_forest_only,raw impurity importance; not an attribution of the blended predictor,0.0
base__ecfp_988,0.5,full_delta3d_forest_only,raw impurity importance; not an attribution of the blended predictor,0.0
base__ecfp_987,0.5,full_delta3d_forest_only,raw impurity importance; not an attribution of the blended predictor,0.0
base__ecfp_986,0.5,full_delta3d_forest_only,raw impurity importance; not an attribution of the blended predictor,0.0
base__ecfp_985,0.5,full_delta3d_forest_only,raw impurity importance; not an attribution of the blended predictor,0.0
base__ecfp_984,0.5,full_delta3d_forest_only,raw impurity importance; not an attribution of the blended predictor,0.0
base__ecfp_982,0.5,full_delta3d_forest_only,raw impurity importance; not an attribution of the blended predictor,0.0
base__ecfp_968,0.5,full_delta3d_forest_only,raw impurity importance; not an attribution of the blended predictor,0.0
base__ecfp_981,0.5,full_delta3d_forest_only,raw impurity importance; not an attribution of the blended predictor,0.0
base__ecfp_980,0.5,full_delta3d_forest_only,raw impurity importance; not an attribution of the blended predictor,0.0
base__ecfp_979,0.5,full_delta3d_forest_only,raw impurity importance; not an attribution of the blended predictor,0.0
base__ecfp_58,0.5,full_delta3d_forest_only,raw impurity importance; not an attribution of the blended predictor,0.0
base__ecfp_977,0.5,full_delta3d_forest_only,raw impurity importance; not an attribution of the blended predictor,0.0
base__ecfp_976,0.5,full_delta3d_forest_only,raw impurity importance; not an attribution of the blended predictor,0.0
base__ecfp_975,0.5,full_delta3d_forest_only,raw impurity importance; not an attribution of the blended predictor,0.0
base__ecfp_974,0.5,full_delta3d_forest_only,raw impurity importance; not an attribution of the blended predictor,0.0
base__ecfp_973,0.5,full_delta3d_forest_only,raw impurity importance; not an attribution of the blended predictor,0.0
base__ecfp_972,0.5,full_delta3d_forest_only,raw impurity importance; not an attribution of the blended predictor,0.0
base__ecfp_971,0.5,full_delta3d_forest_only,raw impurity importance; not an attribution of the blended predictor,0.0
base__ecfp_970,0.5,full_delta3d_forest_only,raw impurity importance; not an attribution of the blended predictor,0.0
base__ecfp_969,0.5,full_delta3d_forest_only,raw impurity importance; not an attribution of the blended predictor,0.0
base__ecfp_936,0.5,full_delta3d_forest_only,raw impurity importance; not an attribution of the blended predictor,0.0
base__ecfp_931,0.5,full_delta3d_forest_only,raw impurity importance; not an attribution of the blended predictor,0.0
base__ecfp_608,0.5,full_delta3d_forest_only,raw impurity importance; not an attribution of the blended predictor,0.0
base__ecfp_883,0.5,full_delta3d_forest_only,raw impurity importance; not an attribution of the blended predictor,0.0
base__ecfp_896,0.5,full_delta3d_forest_only,raw impurity importance; not an attribution of the blended predictor,0.0
base__ecfp_895,0.5,full_delta3d_forest_only,raw impurity importance; not an attribution of the blended predictor,0.0
base__ecfp_894,0.5,full_delta3d_forest_only,raw impurity importance; not an attribution of the blended predictor,0.0
base__ecfp_893,0.5,full_delta3d_forest_only,raw impurity importance; not an attribution of the blended predictor,0.0
base__ecfp_892,0.5,full_delta3d_forest_only,raw impurity importance; not an attribution of the blended predictor,0.0
base__ecfp_891,0.5,full_delta3d_forest_only,raw impurity importance; not an attribution of the blended predictor,0.0
base__ecfp_890,0.5,full_delta3d_forest_only,raw impurity importance; not an attribution of the blended predictor,0.0
base__ecfp_889,0.5,full_delta3d_forest_only,raw impurity importance; not an attribution of the blended predictor,0.0
base__ecfp_888,0.5,full_delta3d_forest_only,raw impurity importance; not an attribution of the blended predictor,0.0
base__ecfp_887,0.5,full_delta3d_forest_only,raw impurity importance; not an attribution of the blended predictor,0.0
base__ecfp_886,0.5,full_delta3d_forest_only,raw impurity importance; not an attribution of the blended predictor,0.0
base__ecfp_885,0.5,full_delta3d_forest_only,raw impurity importance; not an attribution of the blended predictor,0.0
base__ecfp_884,0.5,full_delta3d_forest_only,raw impurity importance; not an attribution of the blended predictor,0.0
base__ecfp_882,0.5,full_delta3d_forest_only,raw impurity importance; not an attribution of the blended predictor,0.0
base__ecfp_898,0.5,full_delta3d_forest_only,raw impurity importance; not an attribution of the blended predictor,0.0
base__ecfp_880,0.5,full_delta3d_forest_only,raw impurity importance; not an attribution of the blended predictor,0.0
base__ecfp_879,0.5,full_delta3d_forest_only,raw impurity importance; not an attribution of the blended predictor,0.0
base__ecfp_878,0.5,full_delta3d_forest_only,raw impurity importance; not an attribution of the blended predictor,0.0
base__ecfp_59,0.5,full_delta3d_forest_only,raw impurity importance; not an attribution of the blended predictor,0.0
base__ecfp_876,0.5,full_delta3d_forest_only,raw impurity importance; not an attribution of the blended predictor,0.0
base__ecfp_875,0.5,full_delta3d_forest_only,raw impurity importance; not an attribution of the blended predictor,0.0
base__ecfp_874,0.5,full_delta3d_forest_only,raw impurity importance; not an attribution of the blended predictor,0.0
base__ecfp_873,0.5,full_delta3d_forest_only,raw impurity importance; not an attribution of the blended predictor,0.0
base__ecfp_872,0.5,full_delta3d_forest_only,raw impurity importance; not an attribution of the blended predictor,0.0
base__ecfp_871,0.5,full_delta3d_forest_only,raw impurity importance; not an attribution of the blended predictor,0.0
base__ecfp_870,0.5,full_delta3d_forest_only,raw impurity importance; not an attribution of the blended predictor,0.0
base__ecfp_869,0.5,full_delta3d_forest_only,raw impurity importance; not an attribution of the blended predictor,0.0
base__ecfp_868,0.5,full_delta3d_forest_only,raw impurity importance; not an attribution of the blended predictor,0.0
base__ecfp_897,0.5,full_delta3d_forest_only,raw impurity importance; not an attribution of the blended predictor,0.0
base__ecfp_899,0.5,full_delta3d_forest_only,raw impurity importance; not an attribution of the blended predictor,0.0
base__ecfp_930,0.5,full_delta3d_forest_only,raw impurity importance; not an attribution of the blended predictor,0.0
base__ecfp_916,0.5,full_delta3d_forest_only,raw impurity importance; not an attribution of the blended predictor,0.0
base__ecfp_929,0.5,full_delta3d_forest_only,raw impurity importance; not an attribution of the blended predictor,0.0
base__ecfp_928,0.5,full_delta3d_forest_only,raw impurity importance; not an attribution of the blended predictor,0.0
base__ecfp_927,0.5,full_delta3d_forest_only,raw impurity importance; not an attribution of the blended predictor,0.0
base__ecfp_926,0.5,full_delta3d_forest_only,raw impurity importance; not an attribution of the blended predictor,0.0
base__ecfp_925,0.5,full_delta3d_forest_only,raw impurity importance; not an attribution of the blended predictor,0.0
base__ecfp_924,0.5,full_delta3d_forest_only,raw impurity importance; not an attribution of the blended predictor,0.0
base__ecfp_923,0.5,full_delta3d_forest_only,raw impurity importance; not an attribution of the blended predictor,0.0
base__ecfp_922,0.5,full_delta3d_forest_only,raw impurity importance; not an attribution of the blended predictor,0.0
base__ecfp_921,0.5,full_delta3d_forest_only,raw impurity importance; not an attribution of the blended predictor,0.0
base__ecfp_920,0.5,full_delta3d_forest_only,raw impurity importance; not an attribution of the blended predictor,0.0
base__ecfp_919,0.5,full_delta3d_forest_only,raw impurity importance; not an attribution of the blended predictor,0.0
base__ecfp_918,0.5,full_delta3d_forest_only,raw impurity importance; not an attribution of the blended predictor,0.0
base__ecfp_917,0.5,full_delta3d_forest_only,raw impurity importance; not an attribution of the blended predictor,0.0
base__ecfp_915,0.5,full_delta3d_forest_only,raw impurity importance; not an attribution of the blended predictor,0.0
base__ecfp_900,0.5,full_delta3d_forest_only,raw impurity importance; not an attribution of the blended predictor,0.0
base__ecfp_914,0.5,full_delta3d_forest_only,raw impurity importance; not an attribution of the blended predictor,0.0
base__ecfp_913,0.5,full_delta3d_forest_only,raw impurity importance; not an attribution of the blended predictor,0.0
base__ecfp_912,0.5,full_delta3d_forest_only,raw impurity importance; not an attribution of the blended predictor,0.0
base__ecfp_911,0.5,full_delta3d_forest_only,raw impurity importance; not an attribution of the blended predictor,0.0
base__ecfp_910,0.5,full_delta3d_forest_only,raw impurity importance; not an attribution of the blended predictor,0.0
base__ecfp_909,0.5,full_delta3d_forest_only,raw impurity importance; not an attribution of the blended predictor,0.0
base__ecfp_908,0.5,full_delta3d_forest_only,raw impurity importance; not an attribution of the blended predictor,0.0
base__ecfp_907,0.5,full_delta3d_forest_only,raw impurity importance; not an attribution of the blended predictor,0.0
base__ecfp_906,0.5,full_delta3d_forest_only,raw impurity importance; not an attribution of the blended predictor,0.0
base__ecfp_905,0.5,full_delta3d_forest_only,raw impurity importance; not an attribution of the blended predictor,0.0
base__ecfp_903,0.5,full_delta3d_forest_only,raw impurity importance; not an attribution of the blended predictor,0.0
base__ecfp_902,0.5,full_delta3d_forest_only,raw impurity importance; not an attribution of the blended predictor,0.0
base__ecfp_901,0.5,full_delta3d_forest_only,raw impurity importance; not an attribution of the blended predictor,0.0
base__ecfp_998,0.5,full_delta3d_forest_only,raw impurity importance; not an attribution of the blended predictor,0.0
base__ecfp_999,0.5,full_delta3d_forest_only,raw impurity importance; not an attribution of the blended predictor,0.0
base__ecfp_1000,0.5,full_delta3d_forest_only,raw impurity importance; not an attribution of the blended predictor,0.0
base__ecfp_1083,0.5,full_delta3d_forest_only,raw impurity importance; not an attribution of the blended predictor,0.0
base__ecfp_1098,0.5,full_delta3d_forest_only,raw impurity importance; not an attribution of the blended predictor,0.0
base__ecfp_1097,0.5,full_delta3d_forest_only,raw impurity importance; not an attribution of the blended predictor,0.0
base__ecfp_1095,0.5,full_delta3d_forest_only,raw impurity importance; not an attribution of the blended predictor,0.0
base__ecfp_1094,0.5,full_delta3d_forest_only,raw impurity importance; not an attribution of the blended predictor,0.0
base__ecfp_1093,0.5,full_delta3d_forest_only,raw impurity importance; not an attribution of the blended predictor,0.0
base__ecfp_1092,0.5,full_delta3d_forest_only,raw impurity importance; not an attribution of the blended predictor,0.0
base__ecfp_1091,0.5,full_delta3d_forest_only,raw impurity importance; not an attribution of the blended predictor,0.0
base__ecfp_1090,0.5,full_delta3d_forest_only,raw impurity importance; not an attribution of the blended predictor,0.0
base__ecfp_1089,0.5,full_delta3d_forest_only,raw impurity importance; not an attribution of the blended predictor,0.0
base__ecfp_1087,0.5,full_delta3d_forest_only,raw impurity importance; not an attribution of the blended predictor,0.0
base__ecfp_1086,0.5,full_delta3d_forest_only,raw impurity importance; not an attribution of the blended predictor,0.0
base__ecfp_1085,0.5,full_delta3d_forest_only,raw impurity importance; not an attribution of the blended predictor,0.0
base__ecfp_1084,0.5,full_delta3d_forest_only,raw impurity importance; not an attribution of the blended predictor,0.0
base__ecfp_1082,0.5,full_delta3d_forest_only,raw impurity importance; not an attribution of the blended predictor,0.0
base__ecfp_1100,0.5,full_delta3d_forest_only,raw impurity importance; not an attribution of the blended predictor,0.0
base__ecfp_1081,0.5,full_delta3d_forest_only,raw impurity importance; not an attribution of the blended predictor,0.0
base__ecfp_1080,0.5,full_delta3d_forest_only,raw impurity importance; not an attribution of the blended predictor,0.0
base__ecfp_1079,0.5,full_delta3d_forest_only,raw impurity importance; not an attribution of the blended predictor,0.0
base__ecfp_1078,0.5,full_delta3d_forest_only,raw impurity importance; not an attribution of the blended predictor,0.0
base__ecfp_1077,0.5,full_delta3d_forest_only,raw impurity importance; not an attribution of the blended predictor,0.0
base__ecfp_1076,0.5,full_delta3d_forest_only,raw impurity importance; not an attribution of the blended predictor,0.0
base__ecfp_1075,0.5,full_delta3d_forest_only,raw impurity importance; not an attribution of the blended predictor,0.0
base__ecfp_1074,0.5,full_delta3d_forest_only,raw impurity importance; not an attribution of the blended predictor,0.0
base__ecfp_1073,0.5,full_delta3d_forest_only,raw impurity importance; not an attribution of the blended predictor,0.0
base__ecfp_1072,0.5,full_delta3d_forest_only,raw impurity importance; not an attribution of the blended predictor,0.0
base__ecfp_1071,0.5,full_delta3d_forest_only,raw impurity importance; not an attribution of the blended predictor,0.0
base__ecfp_1070,0.5,full_delta3d_forest_only,raw impurity importance; not an attribution of the blended predictor,0.0
base__ecfp_1069,0.5,full_delta3d_forest_only,raw impurity importance; not an attribution of the blended predictor,0.0
base__ecfp_1099,0.5,full_delta3d_forest_only,raw impurity importance; not an attribution of the blended predictor,0.0
base__ecfp_1101,0.5,full_delta3d_forest_only,raw impurity importance; not an attribution of the blended predictor,0.0
base__ecfp_1001,0.5,full_delta3d_forest_only,raw impurity importance; not an attribution of the blended predictor,0.0
base__ecfp_83,0.5,full_delta3d_forest_only,raw impurity importance; not an attribution of the blended predictor,0.0
base__ecfp_1130,0.5,full_delta3d_forest_only,raw impurity importance; not an attribution of the blended predictor,0.0
base__ecfp_1129,0.5,full_delta3d_forest_only,raw impurity importance; not an attribution of the blended predictor,0.0
base__ecfp_1128,0.5,full_delta3d_forest_only,raw impurity importance; not an attribution of the blended predictor,0.0
base__ecfp_1127,0.5,full_delta3d_forest_only,raw impurity importance; not an attribution of the blended predictor,0.0
base__ecfp_1126,0.5,full_delta3d_forest_only,raw impurity importance; not an attribution of the blended predictor,0.0
base__ecfp_1125,0.5,full_delta3d_forest_only,raw impurity importance; not an attribution of the blended predictor,0.0
base__ecfp_1124,0.5,full_delta3d_forest_only,raw impurity importance; not an attribution of the blended predictor,0.0
base__ecfp_1123,0.5,full_delta3d_forest_only,raw impurity importance; not an attribution of the blended predictor,0.0
base__ecfp_1122,0.5,full_delta3d_forest_only,raw impurity importance; not an attribution of the blended predictor,0.0
base__ecfp_1121,0.5,full_delta3d_forest_only,raw impurity importance; not an attribution of the blended predictor,0.0
base__ecfp_1120,0.5,full_delta3d_forest_only,raw impurity importance; not an attribution of the blended predictor,0.0
base__ecfp_1119,0.5,full_delta3d_forest_only,raw impurity importance; not an attribution of the blended predictor,0.0
base__ecfp_1118,0.5,full_delta3d_forest_only,raw impurity importance; not an attribution of the blended predictor,0.0
base__ecfp_1116,0.5,full_delta3d_forest_only,raw impurity importance; not an attribution of the blended predictor,0.0
base__ecfp_1102,0.5,full_delta3d_forest_only,raw impurity importance; not an attribution of the blended predictor,0.0
base__ecfp_1115,0.5,full_delta3d_forest_only,raw impurity importance; not an attribution of the blended predictor,0.0
base__ecfp_1114,0.5,full_delta3d_forest_only,raw impurity importance; not an attribution of the blended predictor,0.0
base__ecfp_1113,0.5,full_delta3d_forest_only,raw impurity importance; not an attribution of the blended predictor,0.0
base__ecfp_1112,0.5,full_delta3d_forest_only,raw impurity importance; not an attribution of the blended predictor,0.0
base__ecfp_1111,0.5,full_delta3d_forest_only,raw impurity importance; not an attribution of the blended predictor,0.0
base__ecfp_1110,0.5,full_delta3d_forest_only,raw impurity importance; not an attribution of the blended predictor,0.0
base__ecfp_1109,0.5,full_delta3d_forest_only,raw impurity importance; not an attribution of the blended predictor,0.0
base__ecfp_1108,0.5,full_delta3d_forest_only,raw impurity importance; not an attribution of the blended predictor,0.0
base__ecfp_1107,0.5,full_delta3d_forest_only,raw impurity importance; not an attribution of the blended predictor,0.0
base__ecfp_1106,0.5,full_delta3d_forest_only,raw impurity importance; not an attribution of the blended predictor,0.0
base__ecfp_1105,0.5,full_delta3d_forest_only,raw impurity importance; not an attribution of the blended predictor,0.0
base__ecfp_1104,0.5,full_delta3d_forest_only,raw impurity importance; not an attribution of the blended predictor,0.0
base__ecfp_1103,0.5,full_delta3d_forest_only,raw impurity importance; not an attribution of the blended predictor,0.0
base__ecfp_1068,0.5,full_delta3d_forest_only,raw impurity importance; not an attribution of the blended predictor,0.0
base__ecfp_1067,0.5,full_delta3d_forest_only,raw impurity importance; not an attribution of the blended predictor,0.0
base__ecfp_1066,0.5,full_delta3d_forest_only,raw impurity importance; not an attribution of the blended predictor,0.0
base__ecfp_1018,0.5,full_delta3d_forest_only,raw impurity importance; not an attribution of the blended predictor,0.0
base__ecfp_1032,0.5,full_delta3d_forest_only,raw impurity importance; not an attribution of the blended predictor,0.0
base__ecfp_1031,0.5,full_delta3d_forest_only,raw impurity importance; not an attribution of the blended predictor,0.0
base__ecfp_1030,0.5,full_delta3d_forest_only,raw impurity importance; not an attribution of the blended predictor,0.0
base__ecfp_1029,0.5,full_delta3d_forest_only,raw impurity importance; not an attribution of the blended predictor,0.0
base__ecfp_1028,0.5,full_delta3d_forest_only,raw impurity importance; not an attribution of the blended predictor,0.0
base__ecfp_1027,0.5,full_delta3d_forest_only,raw impurity importance; not an attribution of the blended predictor,0.0
base__ecfp_1026,0.5,full_delta3d_forest_only,raw impurity importance; not an attribution of the blended predictor,0.0
base__ecfp_1025,0.5,full_delta3d_forest_only,raw impurity importance; not an attribution of the blended predictor,0.0
base__ecfp_1024,0.5,full_delta3d_forest_only,raw impurity importance; not an attribution of the blended predictor,0.0
base__ecfp_1023,0.5,full_delta3d_forest_only,raw impurity importance; not an attribution of the blended predictor,0.0
base__ecfp_1022,0.5,full_delta3d_forest_only,raw impurity importance; not an attribution of the blended predictor,0.0
base__ecfp_1021,0.5,full_delta3d_forest_only,raw impurity importance; not an attribution of the blended predictor,0.0
base__ecfp_1020,0.5,full_delta3d_forest_only,raw impurity importance; not an attribution of the blended predictor,0.0
base__ecfp_1017,0.5,full_delta3d_forest_only,raw impurity importance; not an attribution of the blended predictor,0.0
base__ecfp_1065,0.5,full_delta3d_forest_only,raw impurity importance; not an attribution of the blended predictor,0.0
base__ecfp_1016,0.5,full_delta3d_forest_only,raw impurity importance; not an attribution of the blended predictor,0.0
base__ecfp_1015,0.5,full_delta3d_forest_only,raw impurity importance; not an attribution of the blended predictor,0.0
base__ecfp_1014,0.5,full_delta3d_forest_only,raw impurity importance; not an attribution of the blended predictor,0.0
base__ecfp_1013,0.5,full_delta3d_forest_only,raw impurity importance; not an attribution of the blended predictor,0.0
base__ecfp_1012,0.5,full_delta3d_forest_only,raw impurity importance; not an attribution of the blended predictor,0.0
base__ecfp_1011,0.5,full_delta3d_forest_only,raw impurity importance; not an attribution of the blended predictor,0.0
base__ecfp_1010,0.5,full_delta3d_forest_only,raw impurity importance; not an attribution of the blended predictor,0.0
base__ecfp_1009,0.5,full_delta3d_forest_only,raw impurity importance; not an attribution of the blended predictor,0.0
base__ecfp_57,0.5,full_delta3d_forest_only,raw impurity importance; not an attribution of the blended predictor,0.0
base__ecfp_1007,0.5,full_delta3d_forest_only,raw impurity importance; not an attribution of the blended predictor,0.0
base__ecfp_1006,0.5,full_delta3d_forest_only,raw impurity importance; not an attribution of the blended predictor,0.0
base__ecfp_1003,0.5,full_delta3d_forest_only,raw impurity importance; not an attribution of the blended predictor,0.0
base__ecfp_1002,0.5,full_delta3d_forest_only,raw impurity importance; not an attribution of the blended predictor,0.0
base__ecfp_1033,0.5,full_delta3d_forest_only,raw impurity importance; not an attribution of the blended predictor,0.0
base__ecfp_1034,0.5,full_delta3d_forest_only,raw impurity importance; not an attribution of the blended predictor,0.0
base__ecfp_56,0.5,full_delta3d_forest_only,raw impurity importance; not an attribution of the blended predictor,0.0
base__ecfp_1036,0.5,full_delta3d_forest_only,raw impurity importance; not an attribution of the blended predictor,0.0
base__ecfp_1064,0.5,full_delta3d_forest_only,raw impurity importance; not an attribution of the blended predictor,0.0
base__ecfp_1063,0.5,full_delta3d_forest_only,raw impurity importance; not an attribution of the blended predictor,0.0
base__ecfp_1062,0.5,full_delta3d_forest_only,raw impurity importance; not an attribution of the blended predictor,0.0
base__ecfp_1061,0.5,full_delta3d_forest_only,raw impurity importance; not an attribution of the blended predictor,0.0
base__ecfp_1060,0.5,full_delta3d_forest_only,raw impurity importance; not an attribution of the blended predictor,0.0
base__ecfp_1059,0.5,full_delta3d_forest_only,raw impurity importance; not an attribution of the blended predictor,0.0
base__ecfp_1058,0.5,full_delta3d_forest_only,raw impurity importance; not an attribution of the blended predictor,0.0
base__ecfp_1057,0.5,full_delta3d_forest_only,raw impurity importance; not an attribution of the blended predictor,0.0
base__ecfp_1056,0.5,full_delta3d_forest_only,raw impurity importance; not an attribution of the blended predictor,0.0
base__ecfp_1055,0.5,full_delta3d_forest_only,raw impurity importance; not an attribution of the blended predictor,0.0
base__ecfp_1054,0.5,full_delta3d_forest_only,raw impurity importance; not an attribution of the blended predictor,0.0
base__ecfp_1053,0.5,full_delta3d_forest_only,raw impurity importance; not an attribution of the blended predictor,0.0
base__ecfp_1052,0.5,full_delta3d_forest_only,raw impurity importance; not an attribution of the blended predictor,0.0
base__ecfp_1051,0.5,full_delta3d_forest_only,raw impurity importance; not an attribution of the blended predictor,0.0
base__ecfp_1050,0.5,full_delta3d_forest_only,raw impurity importance; not an attribution of the blended predictor,0.0
base__ecfp_1049,0.5,full_delta3d_forest_only,raw impurity importance; not an attribution of the blended predictor,0.0
base__ecfp_1048,0.5,full_delta3d_forest_only,raw impurity importance; not an attribution of the blended predictor,0.0
base__ecfp_1047,0.5,full_delta3d_forest_only,raw impurity importance; not an attribution of the blended predictor,0.0
base__ecfp_1046,0.5,full_delta3d_forest_only,raw impurity importance; not an attribution of the blended predictor,0.0
base__ecfp_1045,0.5,full_delta3d_forest_only,raw impurity importance; not an attribution of the blended predictor,0.0
base__ecfp_1044,0.5,full_delta3d_forest_only,raw impurity importance; not an attribution of the blended predictor,0.0
base__ecfp_1043,0.5,full_delta3d_forest_only,raw impurity importance; not an attribution of the blended predictor,0.0
base__ecfp_1042,0.5,full_delta3d_forest_only,raw impurity importance; not an attribution of the blended predictor,0.0
base__ecfp_1041,0.5,full_delta3d_forest_only,raw impurity importance; not an attribution of the blended predictor,0.0
base__ecfp_1040,0.5,full_delta3d_forest_only,raw impurity importance; not an attribution of the blended predictor,0.0
base__ecfp_1038,0.5,full_delta3d_forest_only,raw impurity importance; not an attribution of the blended predictor,0.0
base__ecfp_1037,0.5,full_delta3d_forest_only,raw impurity importance; not an attribution of the blended predictor,0.0
base__ecfp_867,0.5,full_delta3d_forest_only,raw impurity importance; not an attribution of the blended predictor,0.0
base__ecfp_866,0.5,full_delta3d_forest_only,raw impurity importance; not an attribution of the blended predictor,0.0
base__ecfp_865,0.5,full_delta3d_forest_only,raw impurity importance; not an attribution of the blended predictor,0.0
base__ecfp_687,0.5,full_delta3d_forest_only,raw impurity importance; not an attribution of the blended predictor,0.0
base__ecfp_701,0.5,full_delta3d_forest_only,raw impurity importance; not an attribution of the blended predictor,0.0
base__ecfp_700,0.5,full_delta3d_forest_only,raw impurity importance; not an attribution of the blended predictor,0.0
base__ecfp_699,0.5,full_delta3d_forest_only,raw impurity importance; not an attribution of the blended predictor,0.0
base__ecfp_698,0.5,full_delta3d_forest_only,raw impurity importance; not an attribution of the blended predictor,0.0
base__ecfp_697,0.5,full_delta3d_forest_only,raw impurity importance; not an attribution of the blended predictor,0.0
base__ecfp_696,0.5,full_delta3d_forest_only,raw impurity importance; not an attribution of the blended predictor,0.0
base__ecfp_694,0.5,full_delta3d_forest_only,raw impurity importance; not an attribution of the blended predictor,0.0
base__ecfp_693,0.5,full_delta3d_forest_only,raw impurity importance; not an attribution of the blended predictor,0.0
base__ecfp_692,0.5,full_delta3d_forest_only,raw impurity importance; not an attribution of the blended predictor,0.0
base__ecfp_691,0.5,full_delta3d_forest_only,raw impurity importance; not an attribution of the blended predictor,0.0
base__ecfp_690,0.5,full_delta3d_forest_only,raw impurity importance; not an attribution of the blended predictor,0.0
base__ecfp_689,0.5,full_delta3d_forest_only,raw impurity importance; not an attribution of the blended predictor,0.0
base__ecfp_688,0.5,full_delta3d_forest_only,raw impurity importance; not an attribution of the blended predictor,0.0
base__ecfp_686,0.5,full_delta3d_forest_only,raw impurity importance; not an attribution of the blended predictor,0.0
base__ecfp_703,0.5,full_delta3d_forest_only,raw impurity importance; not an attribution of the blended predictor,0.0
base__ecfp_685,0.5,full_delta3d_forest_only,raw impurity importance; not an attribution of the blended predictor,0.0
base__ecfp_684,0.5,full_delta3d_forest_only,raw impurity importance; not an attribution of the blended predictor,0.0
base__ecfp_683,0.5,full_delta3d_forest_only,raw impurity importance; not an attribution of the blended predictor,0.0
base__ecfp_682,0.5,full_delta3d_forest_only,raw impurity importance; not an attribution of the blended predictor,0.0
base__ecfp_681,0.5,full_delta3d_forest_only,raw impurity importance; not an attribution of the blended predictor,0.0
base__ecfp_680,0.5,full_delta3d_forest_only,raw impurity importance; not an attribution of the blended predictor,0.0
base__ecfp_679,0.5,full_delta3d_forest_only,raw impurity importance; not an attribution of the blended predictor,0.0
base__ecfp_678,0.5,full_delta3d_forest_only,raw impurity importance; not an attribution of the blended predictor,0.0
base__ecfp_677,0.5,full_delta3d_forest_only,raw impurity importance; not an attribution of the blended predictor,0.0
base__ecfp_676,0.5,full_delta3d_forest_only,raw impurity importance; not an attribution of the blended predictor,0.0
base__ecfp_675,0.5,full_delta3d_forest_only,raw impurity importance; not an attribution of the blended predictor,0.0
base__ecfp_674,0.5,full_delta3d_forest_only,raw impurity importance; not an attribution of the blended predictor,0.0
base__ecfp_673,0.5,full_delta3d_forest_only,raw impurity importance; not an attribution of the blended predictor,0.0
base__ecfp_702,0.5,full_delta3d_forest_only,raw impurity importance; not an attribution of the blended predictor,0.0
base__ecfp_704,0.5,full_delta3d_forest_only,raw impurity importance; not an attribution of the blended predictor,0.0
base__ecfp_736,0.5,full_delta3d_forest_only,raw impurity importance; not an attribution of the blended predictor,0.0
base__ecfp_720,0.5,full_delta3d_forest_only,raw impurity importance; not an attribution of the blended predictor,0.0
base__ecfp_734,0.5,full_delta3d_forest_only,raw impurity importance; not an attribution of the blended predictor,0.0
base__ecfp_733,0.5,full_delta3d_forest_only,raw impurity importance; not an attribution of the blended predictor,0.0
base__ecfp_732,0.5,full_delta3d_forest_only,raw impurity importance; not an attribution of the blended predictor,0.0
base__ecfp_731,0.5,full_delta3d_forest_only,raw impurity importance; not an attribution of the blended predictor,0.0
base__ecfp_730,0.5,full_delta3d_forest_only,raw impurity importance; not an attribution of the blended predictor,0.0
base__ecfp_729,0.5,full_delta3d_forest_only,raw impurity importance; not an attribution of the blended predictor,0.0
base__ecfp_728,0.5,full_delta3d_forest_only,raw impurity importance; not an attribution of the blended predictor,0.0
base__ecfp_727,0.5,full_delta3d_forest_only,raw impurity importance; not an attribution of the blended predictor,0.0
base__ecfp_726,0.5,full_delta3d_forest_only,raw impurity importance; not an attribution of the blended predictor,0.0
base__ecfp_725,0.5,full_delta3d_forest_only,raw impurity importance; not an attribution of the blended predictor,0.0
base__ecfp_724,0.5,full_delta3d_forest_only,raw impurity importance; not an attribution of the blended predictor,0.0
base__ecfp_722,0.5,full_delta3d_forest_only,raw impurity importance; not an attribution of the blended predictor,0.0
base__ecfp_721,0.5,full_delta3d_forest_only,raw impurity importance; not an attribution of the blended predictor,0.0
base__ecfp_719,0.5,full_delta3d_forest_only,raw impurity importance; not an attribution of the blended predictor,0.0
base__ecfp_705,0.5,full_delta3d_forest_only,raw impurity importance; not an attribution of the blended predictor,0.0
base__ecfp_718,0.5,full_delta3d_forest_only,raw impurity importance; not an attribution of the blended predictor,0.0
base__ecfp_717,0.5,full_delta3d_forest_only,raw impurity importance; not an attribution of the blended predictor,0.0
base__ecfp_716,0.5,full_delta3d_forest_only,raw impurity importance; not an attribution of the blended predictor,0.0
base__ecfp_715,0.5,full_delta3d_forest_only,raw impurity importance; not an attribution of the blended predictor,0.0
base__ecfp_714,0.5,full_delta3d_forest_only,raw impurity importance; not an attribution of the blended predictor,0.0
base__ecfp_713,0.5,full_delta3d_forest_only,raw impurity importance; not an attribution of the blended predictor,0.0
base__ecfp_712,0.5,full_delta3d_forest_only,raw impurity importance; not an attribution of the blended predictor,0.0
base__ecfp_711,0.5,full_delta3d_forest_only,raw impurity importance; not an attribution of the blended predictor,0.0
base__ecfp_710,0.5,full_delta3d_forest_only,raw impurity importance; not an attribution of the blended predictor,0.0
base__ecfp_709,0.5,full_delta3d_forest_only,raw impurity importance; not an attribution of the blended predictor,0.0
base__ecfp_708,0.5,full_delta3d_forest_only,raw impurity importance; not an attribution of the blended predictor,0.0
base__ecfp_707,0.5,full_delta3d_forest_only,raw impurity importance; not an attribution of the blended predictor,0.0
base__ecfp_706,0.5,full_delta3d_forest_only,raw impurity importance; not an attribution of the blended predictor,0.0
base__ecfp_672,0.5,full_delta3d_forest_only,raw impurity importance; not an attribution of the blended predictor,0.0
base__ecfp_671,0.5,full_delta3d_forest_only,raw impurity importance; not an attribution of the blended predictor,0.0
base__ecfp_62,0.5,full_delta3d_forest_only,raw impurity importance; not an attribution of the blended predictor,0.0
base__ecfp_623,0.5,full_delta3d_forest_only,raw impurity importance; not an attribution of the blended predictor,0.0
base__ecfp_637,0.5,full_delta3d_forest_only,raw impurity importance; not an attribution of the blended predictor,0.0
base__ecfp_636,0.5,full_delta3d_forest_only,raw impurity importance; not an attribution of the blended predictor,0.0
base__ecfp_635,0.5,full_delta3d_forest_only,raw impurity importance; not an attribution of the blended predictor,0.0
base__ecfp_634,0.5,full_delta3d_forest_only,raw impurity importance; not an attribution of the blended predictor,0.0
base__ecfp_633,0.5,full_delta3d_forest_only,raw impurity importance; not an attribution of the blended predictor,0.0
base__ecfp_632,0.5,full_delta3d_forest_only,raw impurity importance; not an attribution of the blended predictor,0.0
base__ecfp_631,0.5,full_delta3d_forest_only,raw impurity importance; not an attribution of the blended predictor,0.0
base__ecfp_630,0.5,full_delta3d_forest_only,raw impurity importance; not an attribution of the blended predictor,0.0
base__ecfp_629,0.5,full_delta3d_forest_only,raw impurity importance; not an attribution of the blended predictor,0.0
base__ecfp_628,0.5,full_delta3d_forest_only,raw impurity importance; not an attribution of the blended predictor,0.0
base__ecfp_627,0.5,full_delta3d_forest_only,raw impurity importance; not an attribution of the blended predictor,0.0
base__ecfp_626,0.5,full_delta3d_forest_only,raw impurity importance; not an attribution of the blended predictor,0.0
base__ecfp_624,0.5,full_delta3d_forest_only,raw impurity importance; not an attribution of the blended predictor,0.0
base__ecfp_622,0.5,full_delta3d_forest_only,raw impurity importance; not an attribution of the blended predictor,0.0
base__ecfp_669,0.5,full_delta3d_forest_only,raw impurity importance; not an attribution of the blended predictor,0.0
base__ecfp_621,0.5,full_delta3d_forest_only,raw impurity importance; not an attribution of the blended predictor,0.0
base__ecfp_620,0.5,full_delta3d_forest_only,raw impurity importance; not an attribution of the blended predictor,0.0
base__ecfp_619,0.5,full_delta3d_forest_only,raw impurity importance; not an attribution of the blended predictor,0.0
base__ecfp_63,0.5,full_delta3d_forest_only,raw impurity importance; not an attribution of the blended predictor,0.0
base__ecfp_617,0.5,full_delta3d_forest_only,raw impurity importance; not an attribution of the blended predictor,0.0
base__ecfp_616,0.5,full_delta3d_forest_only,raw impurity importance; not an attribution of the blended predictor,0.0
base__ecfp_615,0.5,full_delta3d_forest_only,raw impurity importance; not an attribution of the blended predictor,0.0
base__ecfp_614,0.5,full_delta3d_forest_only,raw impurity importance; not an attribution of the blended predictor,0.0
base__ecfp_613,0.5,full_delta3d_forest_only,raw impurity importance; not an attribution of the blended predictor,0.0
base__ecfp_612,0.5,full_delta3d_forest_only,raw impurity importance; not an attribution of the blended predictor,0.0
base__ecfp_611,0.5,full_delta3d_forest_only,raw impurity importance; not an attribution of the blended predictor,0.0
base__ecfp_610,0.5,full_delta3d_forest_only,raw impurity importance; not an attribution of the blended predictor,0.0
base__ecfp_609,0.5,full_delta3d_forest_only,raw impurity importance; not an attribution of the blended predictor,0.0
base__ecfp_638,0.5,full_delta3d_forest_only,raw impurity importance; not an attribution of the blended predictor,0.0
base__ecfp_639,0.5,full_delta3d_forest_only,raw impurity importance; not an attribution of the blended predictor,0.0
base__ecfp_640,0.5,full_delta3d_forest_only,raw impurity importance; not an attribution of the blended predictor,0.0
base__ecfp_641,0.5,full_delta3d_forest_only,raw impurity importance; not an attribution of the blended predictor,0.0
base__ecfp_668,0.5,full_delta3d_forest_only,raw impurity importance; not an attribution of the blended predictor,0.0
base__ecfp_667,0.5,full_delta3d_forest_only,raw impurity importance; not an attribution of the blended predictor,0.0
base__ecfp_666,0.5,full_delta3d_forest_only,raw impurity importance; not an attribution of the blended predictor,0.0
base__ecfp_665,0.5,full_delta3d_forest_only,raw impurity importance; not an attribution of the blended predictor,0.0
base__ecfp_664,0.5,full_delta3d_forest_only,raw impurity importance; not an attribution of the blended predictor,0.0
base__ecfp_663,0.5,full_delta3d_forest_only,raw impurity importance; not an attribution of the blended predictor,0.0
base__ecfp_662,0.5,full_delta3d_forest_only,raw impurity importance; not an attribution of the blended predictor,0.0
base__ecfp_661,0.5,full_delta3d_forest_only,raw impurity importance; not an attribution of the blended predictor,0.0
base__ecfp_660,0.5,full_delta3d_forest_only,raw impurity importance; not an attribution of the blended predictor,0.0
base__ecfp_659,0.5,full_delta3d_forest_only,raw impurity importance; not an attribution of the blended predictor,0.0
base__ecfp_658,0.5,full_delta3d_forest_only,raw impurity importance; not an attribution of the blended predictor,0.0
base__ecfp_657,0.5,full_delta3d_forest_only,raw impurity importance; not an attribution of the blended predictor,0.0
base__ecfp_656,0.5,full_delta3d_forest_only,raw impurity importance; not an attribution of the blended predictor,0.0
base__ecfp_655,0.5,full_delta3d_forest_only,raw impurity importance; not an attribution of the blended predictor,0.0
base__ecfp_654,0.5,full_delta3d_forest_only,raw impurity importance; not an attribution of the blended predictor,0.0
base__ecfp_653,0.5,full_delta3d_forest_only,raw impurity importance; not an attribution of the blended predictor,0.0
base__ecfp_652,0.5,full_delta3d_forest_only,raw impurity importance; not an attribution of the blended predictor,0.0
base__ecfp_651,0.5,full_delta3d_forest_only,raw impurity importance; not an attribution of the blended predictor,0.0
base__ecfp_650,0.5,full_delta3d_forest_only,raw impurity importance; not an attribution of the blended predictor,0.0
base__ecfp_649,0.5,full_delta3d_forest_only,raw impurity importance; not an attribution of the blended predictor,0.0
base__ecfp_648,0.5,full_delta3d_forest_only,raw impurity importance; not an attribution of the blended predictor,0.0
base__ecfp_647,0.5,full_delta3d_forest_only,raw impurity importance; not an attribution of the blended predictor,0.0
base__ecfp_646,0.5,full_delta3d_forest_only,raw impurity importance; not an attribution of the blended predictor,0.0
base__ecfp_645,0.5,full_delta3d_forest_only,raw impurity importance; not an attribution of the blended predictor,0.0
base__ecfp_644,0.5,full_delta3d_forest_only,raw impurity importance; not an attribution of the blended predictor,0.0
base__ecfp_643,0.5,full_delta3d_forest_only,raw impurity importance; not an attribution of the blended predictor,0.0
base__ecfp_642,0.5,full_delta3d_forest_only,raw impurity importance; not an attribution of the blended predictor,0.0
base__ecfp_735,0.5,full_delta3d_forest_only,raw impurity importance; not an attribution of the blended predictor,0.0
base__ecfp_737,0.5,full_delta3d_forest_only,raw impurity importance; not an attribution of the blended predictor,0.0
base__ecfp_864,0.5,full_delta3d_forest_only,raw impurity importance; not an attribution of the blended predictor,0.0
base__ecfp_818,0.5,full_delta3d_forest_only,raw impurity importance; not an attribution of the blended predictor,0.0
base__ecfp_831,0.5,full_delta3d_forest_only,raw impurity importance; not an attribution of the blended predictor,0.0
base__ecfp_830,0.5,full_delta3d_forest_only,raw impurity importance; not an attribution of the blended predictor,0.0
base__ecfp_829,0.5,full_delta3d_forest_only,raw impurity importance; not an attribution of the blended predictor,0.0
base__ecfp_828,0.5,full_delta3d_forest_only,raw impurity importance; not an attribution of the blended predictor,0.0
base__ecfp_827,0.5,full_delta3d_forest_only,raw impurity importance; not an attribution of the blended predictor,0.0
base__ecfp_826,0.5,full_delta3d_forest_only,raw impurity importance; not an attribution of the blended predictor,0.0
base__ecfp_825,0.5,full_delta3d_forest_only,raw impurity importance; not an attribution of the blended predictor,0.0
base__ecfp_824,0.5,full_delta3d_forest_only,raw impurity importance; not an attribution of the blended predictor,0.0
base__ecfp_823,0.5,full_delta3d_forest_only,raw impurity importance; not an attribution of the blended predictor,0.0
base__ecfp_822,0.5,full_delta3d_forest_only,raw impurity importance; not an attribution of the blended predictor,0.0
base__ecfp_821,0.5,full_delta3d_forest_only,raw impurity importance; not an attribution of the blended predictor,0.0
base__ecfp_820,0.5,full_delta3d_forest_only,raw impurity importance; not an attribution of the blended predictor,0.0
base__ecfp_819,0.5,full_delta3d_forest_only,raw impurity importance; not an attribution of the blended predictor,0.0
base__ecfp_817,0.5,full_delta3d_forest_only,raw impurity importance; not an attribution of the blended predictor,0.0
base__ecfp_833,0.5,full_delta3d_forest_only,raw impurity importance; not an attribution of the blended predictor,0.0
base__ecfp_816,0.5,full_delta3d_forest_only,raw impurity importance; not an attribution of the blended predictor,0.0
base__ecfp_815,0.5,full_delta3d_forest_only,raw impurity importance; not an attribution of the blended predictor,0.0
base__ecfp_814,0.5,full_delta3d_forest_only,raw impurity importance; not an attribution of the blended predictor,0.0
base__ecfp_813,0.5,full_delta3d_forest_only,raw impurity importance; not an attribution of the blended predictor,0.0
base__ecfp_812,0.5,full_delta3d_forest_only,raw impurity importance; not an attribution of the blended predictor,0.0
base__ecfp_811,0.5,full_delta3d_forest_only,raw impurity importance; not an attribution of the blended predictor,0.0
base__ecfp_810,0.5,full_delta3d_forest_only,raw impurity importance; not an attribution of the blended predictor,0.0
base__ecfp_809,0.5,full_delta3d_forest_only,raw impurity importance; not an attribution of the blended predictor,0.0
base__ecfp_808,0.5,full_delta3d_forest_only,raw impurity importance; not an attribution of the blended predictor,0.0
base__ecfp_807,0.5,full_delta3d_forest_only,raw impurity importance; not an attribution of the blended predictor,0.0
base__ecfp_806,0.5,full_delta3d_forest_only,raw impurity importance; not an attribution of the blended predictor,0.0
base__ecfp_805,0.5,full_delta3d_forest_only,raw impurity importance; not an attribution of the blended predictor,0.0
base__ecfp_804,0.5,full_delta3d_forest_only,raw impurity importance; not an attribution of the blended predictor,0.0
base__ecfp_832,0.5,full_delta3d_forest_only,raw impurity importance; not an attribution of the blended predictor,0.0
base__ecfp_834,0.5,full_delta3d_forest_only,raw impurity importance; not an attribution of the blended predictor,0.0
base__ecfp_738,0.5,full_delta3d_forest_only,raw impurity importance; not an attribution of the blended predictor,0.0
base__ecfp_850,0.5,full_delta3d_forest_only,raw impurity importance; not an attribution of the blended predictor,0.0
base__ecfp_863,0.5,full_delta3d_forest_only,raw impurity importance; not an attribution of the blended predictor,0.0
base__ecfp_862,0.5,full_delta3d_forest_only,raw impurity importance; not an attribution of the blended predictor,0.0
base__ecfp_861,0.5,full_delta3d_forest_only,raw impurity importance; not an attribution of the blended predictor,0.0
base__ecfp_860,0.5,full_delta3d_forest_only,raw impurity importance; not an attribution of the blended predictor,0.0
base__ecfp_859,0.5,full_delta3d_forest_only,raw impurity importance; not an attribution of the blended predictor,0.0
base__ecfp_858,0.5,full_delta3d_forest_only,raw impurity importance; not an attribution of the blended predictor,0.0
base__ecfp_857,0.5,full_delta3d_forest_only,raw impurity importance; not an attribution of the blended predictor,0.0
base__ecfp_856,0.5,full_delta3d_forest_only,raw impurity importance; not an attribution of the blended predictor,0.0
base__ecfp_855,0.5,full_delta3d_forest_only,raw impurity importance; not an attribution of the blended predictor,0.0
base__ecfp_854,0.5,full_delta3d_forest_only,raw impurity importance; not an attribution of the blended predictor,0.0
base__ecfp_853,0.5,full_delta3d_forest_only,raw impurity importance; not an attribution of the blended predictor,0.0
base__ecfp_852,0.5,full_delta3d_forest_only,raw impurity importance; not an attribution of the blended predictor,0.0
base__ecfp_851,0.5,full_delta3d_forest_only,raw impurity importance; not an attribution of the blended predictor,0.0
base__ecfp_849,0.5,full_delta3d_forest_only,raw impurity importance; not an attribution of the blended predictor,0.0
base__ecfp_835,0.5,full_delta3d_forest_only,raw impurity importance; not an attribution of the blended predictor,0.0
base__ecfp_848,0.5,full_delta3d_forest_only,raw impurity importance; not an attribution of the blended predictor,0.0
base__ecfp_847,0.5,full_delta3d_forest_only,raw impurity importance; not an attribution of the blended predictor,0.0
base__ecfp_846,0.5,full_delta3d_forest_only,raw impurity importance; not an attribution of the blended predictor,0.0
base__ecfp_845,0.5,full_delta3d_forest_only,raw impurity importance; not an attribution of the blended predictor,0.0
base__ecfp_844,0.5,full_delta3d_forest_only,raw impurity importance; not an attribution of the blended predictor,0.0
base__ecfp_843,0.5,full_delta3d_forest_only,raw impurity importance; not an attribution of the blended predictor,0.0
base__ecfp_842,0.5,full_delta3d_forest_only,raw impurity importance; not an attribution of the blended predictor,0.0
base__ecfp_841,0.5,full_delta3d_forest_only,raw impurity importance; not an attribution of the blended predictor,0.0
base__ecfp_840,0.5,full_delta3d_forest_only,raw impurity importance; not an attribution of the blended predictor,0.0
base__ecfp_839,0.5,full_delta3d_forest_only,raw impurity importance; not an attribution of the blended predictor,0.0
base__ecfp_838,0.5,full_delta3d_forest_only,raw impurity importance; not an attribution of the blended predictor,0.0
base__ecfp_837,0.5,full_delta3d_forest_only,raw impurity importance; not an attribution of the blended predictor,0.0
base__ecfp_836,0.5,full_delta3d_forest_only,raw impurity importance; not an attribution of the blended predictor,0.0
base__ecfp_803,0.5,full_delta3d_forest_only,raw impurity importance; not an attribution of the blended predictor,0.0
base__ecfp_802,0.5,full_delta3d_forest_only,raw impurity importance; not an attribution of the blended predictor,0.0
base__ecfp_801,0.5,full_delta3d_forest_only,raw impurity importance; not an attribution of the blended predictor,0.0
base__ecfp_753,0.5,full_delta3d_forest_only,raw impurity importance; not an attribution of the blended predictor,0.0
base__ecfp_768,0.5,full_delta3d_forest_only,raw impurity importance; not an attribution of the blended predictor,0.0
base__ecfp_767,0.5,full_delta3d_forest_only,raw impurity importance; not an attribution of the blended predictor,0.0
base__ecfp_766,0.5,full_delta3d_forest_only,raw impurity importance; not an attribution of the blended predictor,0.0
base__ecfp_765,0.5,full_delta3d_forest_only,raw impurity importance; not an attribution of the blended predictor,0.0
base__ecfp_764,0.5,full_delta3d_forest_only,raw impurity importance; not an attribution of the blended predictor,0.0
base__ecfp_763,0.5,full_delta3d_forest_only,raw impurity importance; not an attribution of the blended predictor,0.0
base__ecfp_762,0.5,full_delta3d_forest_only,raw impurity importance; not an attribution of the blended predictor,0.0
base__ecfp_761,0.5,full_delta3d_forest_only,raw impurity importance; not an attribution of the blended predictor,0.0
base__ecfp_759,0.5,full_delta3d_forest_only,raw impurity importance; not an attribution of the blended predictor,0.0
base__ecfp_758,0.5,full_delta3d_forest_only,raw impurity importance; not an attribution of the blended predictor,0.0
base__ecfp_757,0.5,full_delta3d_forest_only,raw impurity importance; not an attribution of the blended predictor,0.0
base__ecfp_756,0.5,full_delta3d_forest_only,raw impurity importance; not an attribution of the blended predictor,0.0
base__ecfp_754,0.5,full_delta3d_forest_only,raw impurity importance; not an attribution of the blended predictor,0.0
base__ecfp_752,0.5,full_delta3d_forest_only,raw impurity importance; not an attribution of the blended predictor,0.0
base__ecfp_800,0.5,full_delta3d_forest_only,raw impurity importance; not an attribution of the blended predictor,0.0
base__ecfp_751,0.5,full_delta3d_forest_only,raw impurity importance; not an attribution of the blended predictor,0.0
base__ecfp_750,0.5,full_delta3d_forest_only,raw impurity importance; not an attribution of the blended predictor,0.0
base__ecfp_749,0.5,full_delta3d_forest_only,raw impurity importance; not an attribution of the blended predictor,0.0
base__ecfp_748,0.5,full_delta3d_forest_only,raw impurity importance; not an attribution of the blended predictor,0.0
base__ecfp_747,0.5,full_delta3d_forest_only,raw impurity importance; not an attribution of the blended predictor,0.0
base__ecfp_746,0.5,full_delta3d_forest_only,raw impurity importance; not an attribution of the blended predictor,0.0
base__ecfp_745,0.5,full_delta3d_forest_only,raw impurity importance; not an attribution of the blended predictor,0.0
base__ecfp_744,0.5,full_delta3d_forest_only,raw impurity importance; not an attribution of the blended predictor,0.0
base__ecfp_743,0.5,full_delta3d_forest_only,raw impurity importance; not an attribution of the blended predictor,0.0
base__ecfp_742,0.5,full_delta3d_forest_only,raw impurity importance; not an attribution of the blended predictor,0.0
base__ecfp_741,0.5,full_delta3d_forest_only,raw impurity importance; not an attribution of the blended predictor,0.0
base__ecfp_740,0.5,full_delta3d_forest_only,raw impurity importance; not an attribution of the blended predictor,0.0
base__ecfp_61,0.5,full_delta3d_forest_only,raw impurity importance; not an attribution of the blended predictor,0.0
base__ecfp_769,0.5,full_delta3d_forest_only,raw impurity importance; not an attribution of the blended predictor,0.0
base__ecfp_770,0.5,full_delta3d_forest_only,raw impurity importance; not an attribution of the blended predictor,0.0
base__ecfp_771,0.5,full_delta3d_forest_only,raw impurity importance; not an attribution of the blended predictor,0.0
base__ecfp_772,0.5,full_delta3d_forest_only,raw impurity importance; not an attribution of the blended predictor,0.0
base__ecfp_799,0.5,full_delta3d_forest_only,raw impurity importance; not an attribution of the blended predictor,0.0
base__ecfp_798,0.5,full_delta3d_forest_only,raw impurity importance; not an attribution of the blended predictor,0.0
base__ecfp_797,0.5,full_delta3d_forest_only,raw impurity importance; not an attribution of the blended predictor,0.0
base__ecfp_796,0.5,full_delta3d_forest_only,raw impurity importance; not an attribution of the blended predictor,0.0
base__ecfp_795,0.5,full_delta3d_forest_only,raw impurity importance; not an attribution of the blended predictor,0.0
base__ecfp_60,0.5,full_delta3d_forest_only,raw impurity importance; not an attribution of the blended predictor,0.0
base__ecfp_793,0.5,full_delta3d_forest_only,raw impurity importance; not an attribution of the blended predictor,0.0
base__ecfp_792,0.5,full_delta3d_forest_only,raw impurity importance; not an attribution of the blended predictor,0.0
base__ecfp_791,0.5,full_delta3d_forest_only,raw impurity importance; not an attribution of the blended predictor,0.0
base__ecfp_790,0.5,full_delta3d_forest_only,raw impurity importance; not an attribution of the blended predictor,0.0
base__ecfp_789,0.5,full_delta3d_forest_only,raw impurity importance; not an attribution of the blended predictor,0.0
base__ecfp_788,0.5,full_delta3d_forest_only,raw impurity importance; not an attribution of the blended predictor,0.0
base__ecfp_787,0.5,full_delta3d_forest_only,raw impurity importance; not an attribution of the blended predictor,0.0
base__ecfp_786,0.5,full_delta3d_forest_only,raw impurity importance; not an attribution of the blended predictor,0.0
base__ecfp_785,0.5,full_delta3d_forest_only,raw impurity importance; not an attribution of the blended predictor,0.0
base__ecfp_784,0.5,full_delta3d_forest_only,raw impurity importance; not an attribution of the blended predictor,0.0
base__ecfp_783,0.5,full_delta3d_forest_only,raw impurity importance; not an attribution of the blended predictor,0.0
base__ecfp_782,0.5,full_delta3d_forest_only,raw impurity importance; not an attribution of the blended predictor,0.0
base__ecfp_781,0.5,full_delta3d_forest_only,raw impurity importance; not an attribution of the blended predictor,0.0
base__ecfp_780,0.5,full_delta3d_forest_only,raw impurity importance; not an attribution of the blended predictor,0.0
base__ecfp_779,0.5,full_delta3d_forest_only,raw impurity importance; not an attribution of the blended predictor,0.0
base__ecfp_778,0.5,full_delta3d_forest_only,raw impurity importance; not an attribution of the blended predictor,0.0
base__ecfp_777,0.5,full_delta3d_forest_only,raw impurity importance; not an attribution of the blended predictor,0.0
base__ecfp_776,0.5,full_delta3d_forest_only,raw impurity importance; not an attribution of the blended predictor,0.0
base__ecfp_775,0.5,full_delta3d_forest_only,raw impurity importance; not an attribution of the blended predictor,0.0
base__ecfp_774,0.5,full_delta3d_forest_only,raw impurity importance; not an attribution of the blended predictor,0.0
base__ecfp_773,0.5,full_delta3d_forest_only,raw impurity importance; not an attribution of the blended predictor,0.0
base__ecfp_1035,0.5,full_delta3d_forest_only,raw impurity importance; not an attribution of the blended predictor,0.0
