pair_id,condition_id,extractant,ecfp_exact_cluster,pair_label,metal_A,metal_B,n_replicates_A,n_replicates_B,log_SF_A_over_B,outer_fold,prediction_baseline,prediction_2d_second_unshrunk,prediction_2d_ensemble,prediction_delta3d_unshrunk,prediction_delta3d
318e435e91af96d17bae,28bcd0d7f745c3869a78,CCCCCCCCN(CCCCCCCC)C(=O)CN(CC(=O)N(CCCCCCCC)CCCCCCCC)CC(=O)N(CCCCCCCC)CCCCCCCC,cb2a2dcd82b4c2209fbb,La-Ce,La,Ce,1,1,-1.6733266733266707,1,0.028309643070214267,0.06365978509279617,0.06365978509279617,-0.13718462435642487,-0.013063923786445518
9ab30fa2b201330c219d,d238e2d30e052be15eb2,CCCCCCCCN(CCCCCCCC)C(=O)CN(CC(=O)N(CCCCCCCC)CCCCCCCC)CC(=O)N(CCCCCCCC)CCCCCCCC,cb2a2dcd82b4c2209fbb,Tm-Yb,Tm,Yb,1,1,0.12987012987013324,1,0.01758522466355382,0.05204652065749468,0.05204652065749468,0.09328385410577215,0.0365098820241084
a82e0b39cab1fc5367a2,f8971bc79d4af857e904,CCCCCCCCCCN(CCCCCCCCCC)C(=O)C(C)OC(C)C(=O)N(CCCCCCCCCC)CCCCCCCCCC,e2ca18693d3269d22b7c,Ce-Pr,Ce,Pr,1,1,-0.17609125905568124,1,-0.15504854595483075,-0.14871168850935912,-0.14871168850935912,-0.017848432137444754,-0.12074851750048425
016eaa70a931b85faa87,f8971bc79d4af857e904,CCCCCCCCCCN(CCCCCCCCCC)C(=O)C(C)OC(C)C(=O)N(CCCCCCCCCC)CCCCCCCCCC,e2ca18693d3269d22b7c,Pr-Nd,Pr,Nd,1,1,-0.08517160973681226,1,0.037466897019347495,0.04499472251168078,0.04499472251168078,-0.07806383848477594,0.008584213143316637
35785d6d9d387fb9cb2c,f8971bc79d4af857e904,CCCCCCCCCCN(CCCCCCCCCC)C(=O)C(C)OC(C)C(=O)N(CCCCCCCCCC)CCCCCCCCCC,e2ca18693d3269d22b7c,Sm-Eu,Sm,Eu,1,1,-0.06694678963061307,1,0.07453241391214896,0.05899300253938404,0.05899300253938404,0.015174796299167861,0.05969300950890369
af7d1837427d067dca9d,f8971bc79d4af857e904,CCCCCCCCCCN(CCCCCCCCCC)C(=O)C(C)OC(C)C(=O)N(CCCCCCCCCC)CCCCCCCCCC,e2ca18693d3269d22b7c,Eu-Gd,Eu,Gd,1,1,0.06694678963061307,1,0.08163599528040719,0.11879225700432448,0.11879225700432448,0.003678715177404597,0.06214667525465654
b2e665c0d850d0d7be24,f8971bc79d4af857e904,CCCCCCCCCCN(CCCCCCCCCC)C(=O)C(C)OC(C)C(=O)N(CCCCCCCCCC)CCCCCCCCCC,e2ca18693d3269d22b7c,Gd-Tb,Gd,Tb,1,1,-0.17609125905568113,1,0.0072340125801100795,0.04358016346631858,0.043580163466318586,-0.04505535819845499,-0.005838330114531189
7ad8f9fcfd916b90c815,f8971bc79d4af857e904,CCCCCCCCCCN(CCCCCCCCCC)C(=O)C(C)OC(C)C(=O)N(CCCCCCCCCC)CCCCCCCCCC,e2ca18693d3269d22b7c,Tb-Dy,Tb,Dy,1,1,-0.06694678963061329,1,0.0920618549793629,0.11556909168356412,0.11556909168356412,0.01141878112019869,0.07190108651457185
f4964f80dea04fa8cacb,f8afde0c43af242e847d,CCCCCCCCCCN(CCCCCCCCCC)C(=O)C(C)OC(C)C(=O)N(CCCCCCCCCC)CCCCCCCCCC,e2ca18693d3269d22b7c,Ce-Pr,Ce,Pr,1,1,-0.23408320603336796,1,-0.15504854595483075,-0.17761251351334617,-0.17761251351334617,-0.04398988848462398,-0.12728388158727905
ba02102f46dfd786da84,f8afde0c43af242e847d,CCCCCCCCCCN(CCCCCCCCCC)C(=O)C(C)OC(C)C(=O)N(CCCCCCCCCC)CCCCCCCCCC,e2ca18693d3269d22b7c,Pr-Nd,Pr,Nd,1,1,-0.09691001300805646,1,0.036326671037534015,0.01301611863690062,0.01301611863690062,-0.09509437402101145,0.0034714097728976503
ea6a00616dc57cb158fb,f8afde0c43af242e847d,CCCCCCCCCCN(CCCCCCCCCC)C(=O)C(C)OC(C)C(=O)N(CCCCCCCCCC)CCCCCCCCCC,e2ca18693d3269d22b7c,Sm-Eu,Sm,Eu,1,1,-0.14721513131945207,1,0.07693412060270902,0.05805703316913171,0.05805703316913171,-0.0007471035047460842,0.05751381457584524
318aabf79e29ae24d4be,f8afde0c43af242e847d,CCCCCCCCCCN(CCCCCCCCCC)C(=O)C(C)OC(C)C(=O)N(CCCCCCCCCC)CCCCCCCCCC,e2ca18693d3269d22b7c,Eu-Gd,Eu,Gd,1,1,0.1396619934290062,1,0.07772097530258801,0.10502582117071202,0.10502582117071202,-0.009718488496069086,0.05586110935292374
f3eff2a6e2e03e623ea7,f8afde0c43af242e847d,CCCCCCCCCCN(CCCCCCCCCC)C(=O)C(C)OC(C)C(=O)N(CCCCCCCCCC)CCCCCCCCCC,e2ca18693d3269d22b7c,Gd-Tb,Gd,Tb,1,1,-0.28189498522372025,1,-0.0017564697725440705,0.02852975305052741,0.02852975305052741,-0.04953295892337402,-0.013700592060251558
13473d7d80e9785db8a8,f8afde0c43af242e847d,CCCCCCCCCCN(CCCCCCCCCC)C(=O)C(C)OC(C)C(=O)N(CCCCCCCCCC)CCCCCCCCCC,e2ca18693d3269d22b7c,Tb-Dy,Tb,Dy,1,1,-0.06862037352017936,1,0.0847101613923478,0.1033544022177479,0.1033544022177479,0.0032941648053970707,0.06435616224561011
00da0199d1dfa7ef7f65,e48bb8a67febbdb3c685,CCCCCCCCCCN(CCCCCCCCCC)C(=O)C(C)OC(C)C(=O)N(CCCCCCCCCC)CCCCCCCCCC,e2ca18693d3269d22b7c,Ce-Pr,Ce,Pr,1,1,-0.2645131618382188,1,-0.17104733530997213,-0.17893062814095642,-0.17893062814095642,-0.05732443928414064,-0.14261661130351425
c26e8a96b53baf7fb921,e48bb8a67febbdb3c685,CCCCCCCCCCN(CCCCCCCCCC)C(=O)C(C)OC(C)C(=O)N(CCCCCCCCCC)CCCCCCCCCC,e2ca18693d3269d22b7c,Pr-Nd,Pr,Nd,1,1,-0.16840443038939013,1,0.039261606267653695,0.011933709391286053,0.011933709391286053,-0.1123407590961773,0.0013610149266959498
93f219e8c4c9ca5d13b3,e48bb8a67febbdb3c685,CCCCCCCCCCN(CCCCCCCCCC)C(=O)C(C)OC(C)C(=O)N(CCCCCCCCCC)CCCCCCCCCC,e2ca18693d3269d22b7c,Sm-Eu,Sm,Eu,1,1,-0.19535916932313446,1,0.07378019088969992,0.05668450834743216,0.05668450834743216,-0.015868947696377606,0.051367906243180536
07006ba63459c386cbd1,e48bb8a67febbdb3c685,CCCCCCCCCCN(CCCCCCCCCC)C(=O)C(C)OC(C)C(=O)N(CCCCCCCCCC)CCCCCCCCCC,e2ca18693d3269d22b7c,Eu-Gd,Eu,Gd,1,1,0.17527260757500107,1,0.07512946439710673,0.10039596248232394,0.10039596248232394,-0.017676714635122426,0.05192791963904944
765bd3f1a48fc672351f,e48bb8a67febbdb3c685,CCCCCCCCCCN(CCCCCCCCCC)C(=O)C(C)OC(C)C(=O)N(CCCCCCCCCC)CCCCCCCCCC,e2ca18693d3269d22b7c,Gd-Tb,Gd,Tb,1,1,-0.3119333586743056,1,0.015537453856254334,0.0375739457457748,0.0375739457457748,-0.05814975177566976,-0.0028843475517266876
17708537ebedd4d37819,e48bb8a67febbdb3c685,CCCCCCCCCCN(CCCCCCCCCC)C(=O)C(C)OC(C)C(=O)N(CCCCCCCCCC)CCCCCCCCCC,e2ca18693d3269d22b7c,Tb-Dy,Tb,Dy,1,1,-0.08453196443172617,1,0.0779159065960063,0.09536129982070071,0.09536129982070071,-0.0027751428145462408,0.05774314424336817
4f91be721044467888f9,653a8bc43f7db0035377,CCCCCCCCCCN(CCCCCCCCCC)C(=O)C(C)OC(C)C(=O)N(CCCCCCCCCC)CCCCCCCCCC,e2ca18693d3269d22b7c,Ce-Pr,Ce,Pr,1,1,-0.2787536009528291,1,-0.18313052213147624,-0.1933070406059944,-0.1933070406059944,-0.05876458531365646,-0.15203903792702128
8dfe39d7068375fb7b19,653a8bc43f7db0035377,CCCCCCCCCCN(CCCCCCCCCC)C(=O)C(C)OC(C)C(=O)N(CCCCCCCCCC)CCCCCCCCCC,e2ca18693d3269d22b7c,Pr-Nd,Pr,Nd,1,1,-0.18114125179232277,1,0.04280239782175688,0.02168606805162391,0.02168606805162391,-0.11838384509786395,0.002505837091851669
e13b29833cf9f25d4bcb,653a8bc43f7db0035377,CCCCCCCCCCN(CCCCCCCCCC)C(=O)C(C)OC(C)C(=O)N(CCCCCCCCCC)CCCCCCCCCC,e2ca18693d3269d22b7c,Sm-Eu,Sm,Eu,1,1,-0.25161526680100366,1,0.07922935382862083,0.0643228373475598,0.0643228373475598,-0.016803328177742743,0.05522118332702994
570f406c7e3c8908b5da,653a8bc43f7db0035377,CCCCCCCCCCN(CCCCCCCCCC)C(=O)C(C)OC(C)C(=O)N(CCCCCCCCCC)CCCCCCCCCC,e2ca18693d3269d22b7c,Eu-Gd,Eu,Gd,1,1,0.1576652427878371,1,0.07517348816994404,0.11161835590810718,0.11161835590810718,-0.012460323104308918,0.0532650353513808
92b94543ff75616fedc9,653a8bc43f7db0035377,CCCCCCCCCCN(CCCCCCCCCC)C(=O)C(C)OC(C)C(=O)N(CCCCCCCCCC)CCCCCCCCCC,e2ca18693d3269d22b7c,Gd-Tb,Gd,Tb,1,1,-0.22316679154426922,1,0.03133593403118942,0.051598761388513624,0.051598761388513624,-0.04759466954099483,0.011603283138143357
1e4a816699bacecec8c0,653a8bc43f7db0035377,CCCCCCCCCCN(CCCCCCCCCC)C(=O)C(C)OC(C)C(=O)N(CCCCCCCCCC)CCCCCCCCCC,e2ca18693d3269d22b7c,Tb-Dy,Tb,Dy,1,1,-0.07455049178083017,1,0.07880738799596225,0.10728416610049488,0.10728416610049488,-0.016454245380394972,0.05499197965187294
fe86df42ee3e7c91dc31,8bf080977e8949b49399,CCCCCCCCCCN(CCCCCCCCCC)C(=O)C(C)OC(C)C(=O)N(CCCCCCCCCC)CCCCCCCCCC,e2ca18693d3269d22b7c,Ce-Pr,Ce,Pr,1,1,-0.2847927967932953,1,-0.1884607357251495,-0.2039674677933409,-0.2039674677933409,-0.07860845071719219,-0.16099766447316016
4a1b2bac2b59ba402145,8bf080977e8949b49399,CCCCCCCCCCN(CCCCCCCCCC)C(=O)C(C)OC(C)C(=O)N(CCCCCCCCCC)CCCCCCCCCC,e2ca18693d3269d22b7c,Pr-Nd,Pr,Nd,1,1,-0.1774677878844848,1,0.06591487856135626,0.04094646866795676,0.04094646866795676,-0.11368712726141492,0.021014377105663465
b13a365b72f2d597087c,8bf080977e8949b49399,CCCCCCCCCCN(CCCCCCCCCC)C(=O)C(C)OC(C)C(=O)N(CCCCCCCCCC)CCCCCCCCCC,e2ca18693d3269d22b7c,Sm-Eu,Sm,Eu,1,1,-0.325319457464718,1,0.10234183456822023,0.08358323796389262,0.08358323796389262,-0.016803328177742743,0.07255554388172948
e45aa39a8c40a046d6e4,8bf080977e8949b49399,CCCCCCCCCCN(CCCCCCCCCC)C(=O)C(C)OC(C)C(=O)N(CCCCCCCCCC)CCCCCCCCCC,e2ca18693d3269d22b7c,Eu-Gd,Eu,Gd,1,1,0.11358007793860114,1,0.09612880404051413,0.136954864856804,0.136954864856804,-0.013427342291496239,0.06873976745751154
fe8f65ffeb5b00eb8aff,8bf080977e8949b49399,CCCCCCCCCCN(CCCCCCCCCC)C(=O)C(C)OC(C)C(=O)N(CCCCCCCCCC)CCCCCCCCCC,e2ca18693d3269d22b7c,Gd-Tb,Gd,Tb,1,1,-0.17661545282107438,1,0.05098154265984886,0.06560961498533469,0.06560961498533469,-0.045812802609904196,0.026782956342410597
01e10f541c2474103a8a,8bf080977e8949b49399,CCCCCCCCCCN(CCCCCCCCCC)C(=O)C(C)OC(C)C(=O)N(CCCCCCCCCC)CCCCCCCCCC,e2ca18693d3269d22b7c,Tb-Dy,Tb,Dy,1,1,-0.04523329679528176,1,0.09873358348765837,0.11552761756428527,0.11552761756428527,-0.01862575327298966,0.06939374929749637
7d19a75fb794e41e44bd,56ef21f870531e172d16,CCCCCCCCCCN(CCCCCCCCCC)C(=O)COCC(=O)N(CCCCCC)CCCCCC,0982ebf465b726073008,Dy-Ho,Dy,Ho,1,1,-0.033123959678823756,0,-0.027539098168579183,-0.0332032305974017,-0.027539098168579183,-0.017661696099872174,-0.017661696099872174
babf1ae5b6a94349eadb,56ef21f870531e172d16,CCCCCCCCCCN(CCCCCCCCCC)C(=O)COCC(=O)N(CCCCCC)CCCCCC,0982ebf465b726073008,Ho-Er,Ho,Er,1,1,-0.014309019241631304,0,-0.15906996654946126,-0.13405168233069065,-0.15906996654946126,-0.060257273456493024,-0.060257273456493024
c4a1d5293982aedcfe6c,6baa45157f5204e967f8,CCCCCCCCCCN(CCCCCCCCCC)C(=O)COCC(=O)N(CCCCCC)CCCCCC,0982ebf465b726073008,La-Ce,La,Ce,1,1,-0.016065900971231617,0,-0.48126429397327847,-0.7076897621652469,-0.48126429397327847,-0.32529910497999004,-0.32529910497999004
97ce2353db53cc0fe51a,6baa45157f5204e967f8,CCCCCCCCCCN(CCCCCCCCCC)C(=O)COCC(=O)N(CCCCCC)CCCCCC,0982ebf465b726073008,Ce-Pr,Ce,Pr,1,1,-0.06673528095742198,0,-0.29758697681228896,-0.24184879963037748,-0.29758697681228896,-0.2333341931659153,-0.2333341931659153
ab89c968b5fdc0fde67a,6baa45157f5204e967f8,CCCCCCCCCCN(CCCCCCCCCC)C(=O)COCC(=O)N(CCCCCC)CCCCCC,0982ebf465b726073008,Tm-Yb,Tm,Yb,1,1,-0.00881846504718764,0,9.900682097970762e-05,0.0011048328521337356,9.900682097970762e-05,-0.054970583375167976,-0.054970583375167976
f78e049c251592a41b55,6baa45157f5204e967f8,CCCCCCCCCCN(CCCCCCCCCC)C(=O)COCC(=O)N(CCCCCC)CCCCCC,0982ebf465b726073008,Yb-Lu,Yb,Lu,1,1,-0.007214359945888926,0,-0.07931818003376025,-0.0936907204775394,-0.07931818003376025,-0.055030870546961416,-0.055030870546961416
71f731513872a2d69917,22ae7a7ad1b9119e0d4f,CCCCCCCCCCN(CCCCCCCCCC)C(=O)COCC(=O)N(CCCCCC)CCCCCC,0982ebf465b726073008,Dy-Ho,Dy,Ho,1,1,0.0,0,-0.06264102626789296,-0.04427149663587818,-0.06264102626789296,-0.02283893061168309,-0.022838930611683086
a1015d633e204d4b9098,22ae7a7ad1b9119e0d4f,CCCCCCCCCCN(CCCCCCCCCC)C(=O)COCC(=O)N(CCCCCC)CCCCCC,0982ebf465b726073008,Ho-Er,Ho,Er,1,1,0.035074211541711975,0,-0.16965382045175836,-0.14998341771256335,-0.16965382045175836,-0.035589271350041266,-0.03558927135004125
5aba0c1b3e96040aff44,65679ec2e5e7d930ce20,CCCCCCCCCCN(CCCCCCCCCC)C(=O)COCC(=O)N(CCCCCC)CCCCCC,0982ebf465b726073008,Dy-Ho,Dy,Ho,1,1,-0.49485002168006437,0,-0.06264102626789296,-0.04427149663587818,-0.06264102626789296,-0.02283893061168309,-0.022838930611683086
f03eabfc5a8f6c117eee,65679ec2e5e7d930ce20,CCCCCCCCCCN(CCCCCCCCCC)C(=O)COCC(=O)N(CCCCCC)CCCCCC,0982ebf465b726073008,Ho-Er,Ho,Er,1,1,0.0,0,-0.16965382045175836,-0.14998341771256335,-0.16965382045175836,-0.035589271350041266,-0.03558927135004125
bb22fd34550bb2cc6e12,7aa4303e5d0869469762,CCCCCCCCCCN(CCCCCCCCCC)C(=O)COCC(=O)N(CCCCCC)CCCCCC,0982ebf465b726073008,Dy-Ho,Dy,Ho,1,1,0.4771212547197452,0,-0.0304179961011397,0.007078096187232999,-0.0304179961011397,-0.03355491880837022,-0.03355491880837022
c5658e3962bd2c929919,7aa4303e5d0869469762,CCCCCCCCCCN(CCCCCCCCCC)C(=O)COCC(=O)N(CCCCCC)CCCCCC,0982ebf465b726073008,Ho-Er,Ho,Er,1,1,0.0,0,-0.18157792574546133,-0.15709143644311263,-0.18157792574546133,-0.08633475706931895,-0.08633475706931895
14f0a18a2ffcb6ac625b,66781d25f111f463fadc,CCCCCCCCCCN(CCCCCCCCCC)C(=O)COCC(=O)N(CCCCCC)CCCCCC,0982ebf465b726073008,Dy-Ho,Dy,Ho,1,1,-0.1249387366082782,0,-0.0304179961011397,0.007078096187232999,-0.0304179961011397,-0.03355491880837022,-0.03355491880837022
8a8587f3d0490ad9437e,66781d25f111f463fadc,CCCCCCCCCCN(CCCCCCCCCC)C(=O)COCC(=O)N(CCCCCC)CCCCCC,0982ebf465b726073008,Ho-Er,Ho,Er,1,1,0.30102999566391864,0,-0.18157792574546133,-0.15709143644311263,-0.18157792574546133,-0.08633475706931895,-0.08633475706931895
db58d72a074ee0b7ab77,b4961bf6c5e3de3b8934,CCCCCCCCCCN(CCCCCCCCCC)C(=O)COCC(=O)N(CCCCCC)CCCCCC,0982ebf465b726073008,Dy-Ho,Dy,Ho,1,1,-0.07918124604760846,0,-0.006195697631455564,0.012706547410894664,-0.006195697631455564,-0.02495287702329294,-0.02495287702329294
9146ba10c876f5252fcc,b4961bf6c5e3de3b8934,CCCCCCCCCCN(CCCCCCCCCC)C(=O)COCC(=O)N(CCCCCC)CCCCCC,0982ebf465b726073008,Ho-Er,Ho,Er,1,1,0.0,0,-0.17135099126258369,-0.13973608995012882,-0.17135099126258369,-0.07892998794687144,-0.07892998794687144
82cc8461ee32e2d3d85f,042fd5f2c9bde0013d67,CCCCCCCCCCN(CCCCCCCCCC)C(=O)COCC(=O)N(CCCCCC)CCCCCC,0982ebf465b726073008,Dy-Ho,Dy,Ho,1,1,-0.06871581236946067,0,-0.006195697631455564,0.012706547410894664,-0.006195697631455564,-0.02495287702329294,-0.02495287702329294
17d621dc639208ab1533,042fd5f2c9bde0013d67,CCCCCCCCCCN(CCCCCCCCCC)C(=O)COCC(=O)N(CCCCCC)CCCCCC,0982ebf465b726073008,Ho-Er,Ho,Er,1,1,-0.04042865705560805,0,-0.17135099126258369,-0.13973608995012882,-0.17135099126258369,-0.0797596269532178,-0.0797596269532178
8ac6cbb967c1ee51d422,eff6ca5cfca0468bce62,CCCCCCCCCCN(CCCCCCCCCC)C(=O)COCC(=O)N(CCCCCC)CCCCCC,0982ebf465b726073008,Dy-Ho,Dy,Ho,1,1,-0.056586636911462485,0,0.004683931998174077,0.012706547410894664,0.004683931998174077,-0.019298786227097985,-0.019298786227097985
005b500b88415649bbc4,eff6ca5cfca0468bce62,CCCCCCCCCCN(CCCCCCCCCC)C(=O)COCC(=O)N(CCCCCC)CCCCCC,0982ebf465b726073008,Ho-Er,Ho,Er,1,1,-0.023600752685078774,0,-0.17135099126258369,-0.13973608995012882,-0.17135099126258369,-0.08827686461207909,-0.08827686461207909
3bcb324b599d7b075f00,22f19500fe81a075363b,CCCCCCCCCCN(CCCCCCCCCC)C(=O)COCC(=O)N(CCCCCC)CCCCCC,0982ebf465b726073008,Dy-Ho,Dy,Ho,1,1,-0.053588963518695465,0,0.004683931998174077,0.012706547410894664,0.004683931998174077,-0.019298786227097985,-0.019298786227097985
a3d24c3ce0d313f44d90,22f19500fe81a075363b,CCCCCCCCCCN(CCCCCCCCCC)C(=O)COCC(=O)N(CCCCCC)CCCCCC,0982ebf465b726073008,Ho-Er,Ho,Er,1,1,-0.019014560014317894,0,-0.17135099126258369,-0.13973608995012882,-0.17135099126258369,-0.08827686461207909,-0.08827686461207909
67c818db6f18847e7d13,3431f71e03d33e38a78c,CCCCCCCCCCN(CCCCCCCCCC)C(=O)COCC(=O)N(CCCCCC)CCCCCC,0982ebf465b726073008,Dy-Ho,Dy,Ho,1,1,0.0,0,-0.0304179961011397,-0.028762102254158227,-0.0304179961011397,-0.03355491880837022,-0.03355491880837022
3c3c71f5643df134966c,3431f71e03d33e38a78c,CCCCCCCCCCN(CCCCCCCCCC)C(=O)COCC(=O)N(CCCCCC)CCCCCC,0982ebf465b726073008,Ho-Er,Ho,Er,1,1,0.0,0,-0.18157792574546133,-0.1521626806721117,-0.18157792574546133,-0.08595321312532142,-0.08595321312532142
88f3d24686b79844fa14,bef5394583c44c1ae71b,CCCCCCCCCCN(CCCCCCCCCC)C(=O)COCC(=O)N(CCCCCC)CCCCCC,0982ebf465b726073008,Dy-Ho,Dy,Ho,1,1,0.04139268515822503,0,-0.0304179961011397,-0.028762102254158227,-0.0304179961011397,-0.03355491880837022,-0.03355491880837022
950b696ffe1eb53898cf,bef5394583c44c1ae71b,CCCCCCCCCCN(CCCCCCCCCC)C(=O)COCC(=O)N(CCCCCC)CCCCCC,0982ebf465b726073008,Ho-Er,Ho,Er,1,1,0.0,0,-0.18157792574546133,-0.1521626806721117,-0.18157792574546133,-0.08595321312532142,-0.08595321312532142
994d9d0094a22d53897b,1d82f594811a2c30e4cb,CCCCCCCCCCN(CCCCCCCCCC)C(=O)COCC(=O)N(CCCCCC)CCCCCC,0982ebf465b726073008,Dy-Ho,Dy,Ho,1,1,-0.030311914268839057,0,-0.006195697631455564,-0.023133651030496562,-0.006195697631455564,-0.02495287702329294,-0.02495287702329294
df46e9525347525df0cc,1d82f594811a2c30e4cb,CCCCCCCCCCN(CCCCCCCCCC)C(=O)COCC(=O)N(CCCCCC)CCCCCC,0982ebf465b726073008,Ho-Er,Ho,Er,1,1,-0.028333598643935254,0,-0.17135099126258369,-0.13480733417912788,-0.17135099126258369,-0.0785484440028739,-0.0785484440028739
5c7cdd03185556448ed9,1b3038914927a28f74fa,CCCCCCCCCCN(CCCCCCCCCC)C(=O)COCC(=O)N(CCCCCC)CCCCCC,0982ebf465b726073008,Dy-Ho,Dy,Ho,1,1,-0.02979187025551111,0,-0.006195697631455564,-0.023133651030496562,-0.006195697631455564,-0.02495287702329294,-0.02495287702329294
1f0c77910b6db95d5eef,1b3038914927a28f74fa,CCCCCCCCCCN(CCCCCCCCCC)C(=O)COCC(=O)N(CCCCCC)CCCCCC,0982ebf465b726073008,Ho-Er,Ho,Er,1,1,-0.011055365584881738,0,-0.17135099126258369,-0.13480733417912788,-0.17135099126258369,-0.07937808300922027,-0.07937808300922027
1bc3a5dffa78554832d8,937e7e6777a6e924b264,CCCCCCCCCCN(CCCCCCCCCC)C(=O)COCC(=O)N(CCCCCC)CCCCCC,0982ebf465b726073008,Dy-Ho,Dy,Ho,1,1,-0.026559028519467898,0,0.004683931998174077,-0.023133651030496562,0.004683931998174077,-0.019298786227097985,-0.019298786227097985
793e75f0df204dc92822,937e7e6777a6e924b264,CCCCCCCCCCN(CCCCCCCCCC)C(=O)COCC(=O)N(CCCCCC)CCCCCC,0982ebf465b726073008,Ho-Er,Ho,Er,1,1,-0.012336679433113673,0,-0.17135099126258369,-0.13480733417912788,-0.17135099126258369,-0.08789532066808156,-0.08789532066808156
068b492cbafdb3af840c,c3262cc321ff8dc21d54,CCCCCCCCCCN(CCCCCCCCCC)C(=O)COCC(=O)N(CCCCCC)CCCCCC,0982ebf465b726073008,Dy-Ho,Dy,Ho,1,1,-0.005079525529275042,0,0.004683931998174077,-0.023133651030496562,0.004683931998174077,-0.019298786227097985,-0.019298786227097985
1a7c9c9878a0c7c3f662,c3262cc321ff8dc21d54,CCCCCCCCCCN(CCCCCCCCCC)C(=O)COCC(=O)N(CCCCCC)CCCCCC,0982ebf465b726073008,Ho-Er,Ho,Er,1,1,-0.00786398326058979,0,-0.17135099126258369,-0.13480733417912788,-0.17135099126258369,-0.08789532066808156,-0.08789532066808156
36282772dca3a79b698b,f9c26d6a96a0f60b8403,CCCCCCCCCCN(CCCCCCCCCC)C(=O)COCC(=O)N(CCCCCC)CCCCCC,0982ebf465b726073008,Dy-Ho,Dy,Ho,1,1,-0.03921568627450922,0,-0.035968357673783966,-0.03864304541221652,-0.035968357673783966,-0.04191194940690145,-0.04191194940690145
421f3552ddc3426ef176,f9c26d6a96a0f60b8403,CCCCCCCCCCN(CCCCCCCCCC)C(=O)COCC(=O)N(CCCCCC)CCCCCC,0982ebf465b726073008,Ho-Er,Ho,Er,1,1,-0.024509803921569873,0,-0.15697651584445585,-0.13705454314605148,-0.15697651584445585,-0.02799298202571373,-0.027992982025713736
dd273f551dca06f1d4e3,3d3c60813fd58c989a79,CCCCCCCCCCN(CCCCCCCCCC)C(=O)COCC(=O)N(CCCCCC)CCCCCC,0982ebf465b726073008,Dy-Ho,Dy,Ho,1,1,-0.04411764705882337,0,-0.035968357673783966,-0.03864304541221652,-0.035968357673783966,-0.04191194940690145,-0.04191194940690145
0207bb70c4a00ba953bb,3d3c60813fd58c989a79,CCCCCCCCCCN(CCCCCCCCCC)C(=O)COCC(=O)N(CCCCCC)CCCCCC,0982ebf465b726073008,Ho-Er,Ho,Er,1,1,-0.02124183006535807,0,-0.15697651584445585,-0.13705454314605148,-0.15697651584445585,-0.02799298202571373,-0.027992982025713736
ec725cf9caa4d6ff9fde,05c0542444730b4d8bd4,CCCCCCCCCCN(CCCCCCCCCC)C(=O)COCC(=O)N(CCCCCC)CCCCCC,0982ebf465b726073008,Dy-Ho,Dy,Ho,1,1,-0.0898692810457522,0,-0.04933578087751132,-0.04755579705648384,-0.04933578087751132,-0.019661597846420097,-0.019661597846420097
0dab834f0fa949d17351,05c0542444730b4d8bd4,CCCCCCCCCCN(CCCCCCCCCC)C(=O)COCC(=O)N(CCCCCC)CCCCCC,0982ebf465b726073008,Ho-Er,Ho,Er,1,1,-0.06045751633986729,0,-0.14149570184759075,-0.11360506475048632,-0.14149570184759075,-0.02414128219924078,-0.024141282199240777
aa80595fc870b4999bf8,1baef61db3fee1ed7e8e,CCCCCCCCN(CCCCCCCC)C(=O)COCC(=O)N(CCCCCCCC)CCCCCCCC,0982ebf465b726073008,La-Ce,La,Ce,1,1,-0.2041199826559248,0,-0.47896254554542583,-0.7076897621652469,-0.47896254554542583,-0.2987157641817536,-0.2987157641817536
5867157c20eac80e8e39,34795d0d152992a05208,CCCCCCCCN(CCCCCCCC)C(=O)COCC(=O)N(CCCCCCCC)CCCCCCCC,0982ebf465b726073008,Tb-Dy,Tb,Dy,1,1,-0.1260777980454797,0,-0.015511094316685568,0.015581992472332664,-0.015511094316685568,-0.1299460686319768,-0.1299460686319768
cf94cfca804b738b2221,e7d66497f0eb34e9b7e6,CCCCCCCCN(CCCCCCCC)C(=O)COCC(=O)N(CCCCCCCC)CCCCCCCC,0982ebf465b726073008,Ho-Er,Ho,Er,1,1,-0.03151404448085415,0,-0.16965382045175836,-0.14998341771256335,-0.16965382045175836,-0.09199200412238664,-0.09199200412238664
bfb0e95683c11c2e880c,e7d66497f0eb34e9b7e6,CCCCCCCCN(CCCCCCCC)C(=O)COCC(=O)N(CCCCCCCC)CCCCCCCC,0982ebf465b726073008,Er-Tm,Er,Tm,1,1,-0.06303814100105676,0,-0.07388405347708665,-0.043856477115380696,-0.07388405347708665,-0.05903684243628679,-0.05903684243628679
478cf875ace62d4c531a,e7d66497f0eb34e9b7e6,CCCCCCCCN(CCCCCCCC)C(=O)COCC(=O)N(CCCCCCCC)CCCCCCCC,0982ebf465b726073008,Tm-Yb,Tm,Yb,1,1,-0.010490195437530492,0,-0.023071917696839465,-0.014174193363436968,-0.023071917696839465,-0.079065329879209,-0.079065329879209
26aab6d7ca437af0bea1,8c2401098febeeac3fa5,CCCCCCCCN(CCCCCCCC)C(=O)COCC(=O)N(CCCCCCCC)CCCCCCCC,0982ebf465b726073008,Sm-Eu,Sm,Eu,1,1,-0.29420490262944177,0,-0.15827722748312123,-0.21171159535782402,-0.15827722748312123,-0.16980357402517837,-0.16980357402517837
c0d9f467df4a4a34271d,50a82e4bf0a122b35202,CCCCCCCCN(CCCCCCCC)C(=O)COCC(=O)N(CCCCCCCC)CCCCCCCC,0982ebf465b726073008,Pr-Nd,Pr,Nd,1,1,-0.22029492154773467,0,-0.15821469533431692,-0.14883582018649869,-0.15821469533431692,-0.13264748216281053,-0.13264748216281053
58d4c324e1700fc0ab6a,ff419ab237c5d1e7e13f,CCCCCCCCN(CCCCCCCC)C(=O)COCC(=O)N(CCCCCCCC)CCCCCCCC,0982ebf465b726073008,La-Ce,La,Ce,1,1,-0.21378340365682036,0,-0.47279497809734594,-0.7076897621652469,-0.47279497809734594,-0.28044015382397947,-0.28044015382397947
bf9c10c8166ecd1e93b8,ff419ab237c5d1e7e13f,CCCCCCCCN(CCCCCCCC)C(=O)COCC(=O)N(CCCCCCCC)CCCCCCCC,0982ebf465b726073008,Ce-Pr,Ce,Pr,1,1,-0.1912798874824192,0,-0.26054338034904717,-0.22400341239090357,-0.26054338034904717,-0.32975223745320437,-0.32975223745320437
ba052a2976b304b3e456,ff419ab237c5d1e7e13f,CCCCCCCCN(CCCCCCCC)C(=O)COCC(=O)N(CCCCCCCC)CCCCCCCC,0982ebf465b726073008,Pr-Nd,Pr,Nd,1,1,-0.15752461322081612,0,-0.12124412149446182,-0.11552690375027184,-0.12124412149446182,-0.11003174651008406,-0.11003174651008406
10134d99e36988f003c5,ff419ab237c5d1e7e13f,CCCCCCCCN(CCCCCCCC)C(=O)COCC(=O)N(CCCCCCCC)CCCCCCCC,0982ebf465b726073008,Sm-Eu,Sm,Eu,1,1,-0.2981715893108299,0,-0.16339877726677715,-0.2358248466482817,-0.16339877726677715,-0.16920369346593167,-0.16920369346593167
d30b791d9d9b10ea5de1,ad70ecc4f56ce43e6d04,CCCCCCCCN(CCCCCCCC)C(=O)COCC(=O)N(CCCCCCCC)CCCCCCCC,0982ebf465b726073008,Gd-Tb,Gd,Tb,1,1,-0.3656821378340367,0,-0.3284840323069872,-0.32424313590621634,-0.3284840323069872,-0.34238341513081705,-0.34238341513081705
8b8778a22c34a9288fe6,ad70ecc4f56ce43e6d04,CCCCCCCCN(CCCCCCCC)C(=O)COCC(=O)N(CCCCCCCC)CCCCCCCC,0982ebf465b726073008,Tb-Dy,Tb,Dy,1,1,-0.25316455696202533,0,0.030167514980880477,0.024852662800101646,0.030167514980880477,-0.11594910359780884,-0.11594910359780884
b2afb8ee97ad688da820,ad70ecc4f56ce43e6d04,CCCCCCCCN(CCCCCCCC)C(=O)COCC(=O)N(CCCCCCCC)CCCCCCCC,0982ebf465b726073008,Dy-Ho,Dy,Ho,1,1,-0.17440225035161872,0,-0.043543710888493535,-0.042642217784233695,-0.043543710888493535,-0.04370555234753758,-0.04370555234753758
41835940b61e17f69599,ad70ecc4f56ce43e6d04,CCCCCCCCN(CCCCCCCC)C(=O)COCC(=O)N(CCCCCCCC)CCCCCCCC,0982ebf465b726073008,Ho-Er,Ho,Er,1,1,-0.07876230661040817,0,-0.16961179664103224,-0.13262807121957954,-0.16961179664103224,-0.08278465839540272,-0.08278465839540272
7146a083446524d30662,ad70ecc4f56ce43e6d04,CCCCCCCCN(CCCCCCCC)C(=O)COCC(=O)N(CCCCCCCC)CCCCCCCC,0982ebf465b726073008,Er-Tm,Er,Tm,1,1,-0.03375527426160385,0,-0.05822374874836318,-0.024493247412284334,-0.05822374874836318,-0.0622815028484704,-0.0622815028484704
938caebc67c97c084185,ad70ecc4f56ce43e6d04,CCCCCCCCN(CCCCCCCC)C(=O)COCC(=O)N(CCCCCCCC)CCCCCCCC,0982ebf465b726073008,Tm-Yb,Tm,Yb,1,1,-0.028129395218001063,0,0.0027825397865666505,-0.0028961146950849076,0.0027825397865666505,-0.07463449204269755,-0.07463449204269755
3e1e70a877fa67d57fce,ad70ecc4f56ce43e6d04,CCCCCCCCN(CCCCCCCC)C(=O)COCC(=O)N(CCCCCCCC)CCCCCCCC,0982ebf465b726073008,Yb-Lu,Yb,Lu,1,1,-0.039381153305205086,0,-0.09476752695613128,-0.10398965189900117,-0.09476752695613128,-0.02976553689404207,-0.02976553689404207
bf4f7e632517b018d96c,c1a2b5a41ad53853d7e3,CCN(CC)C(=O)COCC(=O)N(CC)CC,e82f0895ef68a522de3f,La-Ce,La,Ce,1,1,-0.1967213114754116,2,-0.17754622091736588,-0.1516843697152357,-0.1516843697152357,-0.18087197842560232,-0.18004053904854322
9a9143194a0cae258168,c1a2b5a41ad53853d7e3,CCN(CC)C(=O)COCC(=O)N(CC)CC,e82f0895ef68a522de3f,Ce-Pr,Ce,Pr,1,1,-0.06364513018322071,2,-0.14427573214315495,-0.13502502887878287,-0.13502502887878287,-0.15891316629813976,-0.15525380775939357
16212f9c727e457ad6d0,c1a2b5a41ad53853d7e3,CCN(CC)C(=O)COCC(=O)N(CC)CC,e82f0895ef68a522de3f,Pr-Nd,Pr,Nd,1,1,-0.011571841851495068,2,-0.2650593339963892,-0.19447627950457105,-0.19447627950457105,-0.16893620667602804,-0.19296698850611832
64c738cb384c4d9840aa,c1a2b5a41ad53853d7e3,CCN(CC)C(=O)COCC(=O)N(CC)CC,e82f0895ef68a522de3f,Sm-Eu,Sm,Eu,1,1,-0.09257473481195788,2,-0.07261643465447384,-0.015810446544880334,-0.015810446544880334,-0.04676857020950463,-0.05323053632074694
8efa353223f9830304fb,c781b9251dd0da411746,CCN(CC)C(=O)COCC(=O)N(CC)CC,e82f0895ef68a522de3f,Gd-Tb,Gd,Tb,1,1,-0.2025072324011601,2,-0.1412254808961526,-0.1498036721720596,-0.1498036721720596,-0.2169887717155058,-0.1980479490106675
87aaea40f03c08fb89c4,c781b9251dd0da411746,CCN(CC)C(=O)COCC(=O)N(CC)CC,e82f0895ef68a522de3f,Tb-Dy,Tb,Dy,1,1,-0.15621986499517493,2,-0.04432238986399276,-0.0613259513731277,-0.0613259513731277,-0.12037879346126559,-0.10136469256194738
b523853bb2f744732721,c781b9251dd0da411746,CCN(CC)C(=O)COCC(=O)N(CC)CC,e82f0895ef68a522de3f,Dy-Ho,Dy,Ho,1,1,-0.06364513018322021,2,-0.07122538376829257,-0.07652268337648221,-0.07652268337648221,-0.09412629718984841,-0.08840106883445945
952560d1f32bdfe3e517,c781b9251dd0da411746,CCN(CC)C(=O)COCC(=O)N(CC)CC,e82f0895ef68a522de3f,Ho-Er,Ho,Er,1,1,-0.046287367405980856,2,-0.06986907251457748,-0.0726178761285215,-0.0726178761285215,-0.05455070628654243,-0.0583802978435512
d8b96707eb2b4e9ff4c5,c781b9251dd0da411746,CCN(CC)C(=O)COCC(=O)N(CC)CC,e82f0895ef68a522de3f,Er-Tm,Er,Tm,1,1,0.06943105110896912,2,-0.012359302921363283,-0.022527515848765958,-0.022527515848765958,-0.05242267596931343,-0.04240683270732589
59de1f433124411f1574,c781b9251dd0da411746,CCN(CC)C(=O)COCC(=O)N(CC)CC,e82f0895ef68a522de3f,Tm-Yb,Tm,Yb,1,1,0.034715525554483845,2,-0.014678812213150254,-0.016736337713126707,-0.016736337713126707,-0.05729866844324039,-0.04664370438571786
d645cf2a9d8107dddf36,c781b9251dd0da411746,CCN(CC)C(=O)COCC(=O)N(CC)CC,e82f0895ef68a522de3f,Yb-Lu,Yb,Lu,1,1,0.028929604628736394,2,-0.06618091552737977,-0.06786875803536022,-0.06786875803536022,-0.059157275012244805,-0.060913185141028545
7ed4a7dd5a801249aaee,8f7c2d4412239f1a6e91,CCCCCCCCN(CCCCCCCC)C(=O)COCC(=O)N(CCCCCCCC)CCCCCCCC,0982ebf465b726073008,La-Ce,La,Ce,1,1,-0.19089900110987795,0,-0.5154241290907963,-0.7076897621652469,-0.5154241290907963,-0.2987157641817536,-0.2987157641817536
39ce4569f4d67db62d90,8f7c2d4412239f1a6e91,CCCCCCCCN(CCCCCCCC)C(=O)COCC(=O)N(CCCCCCCC)CCCCCCCC,0982ebf465b726073008,Ce-Pr,Ce,Pr,1,1,-0.15538290788013265,0,-0.2914485804246634,-0.25221542415138265,-0.2914485804246634,-0.3511309358234407,-0.3511309358234407
5d6b89a2eaa74d996c11,8f7c2d4412239f1a6e91,CCCCCCCCN(CCCCCCCC)C(=O)COCC(=O)N(CCCCCCCC)CCCCCCCC,0982ebf465b726073008,Pr-Nd,Pr,Nd,1,1,-0.22197558268590323,0,-0.17874180700208958,-0.16554659935552052,-0.17874180700208958,-0.13264748216281053,-0.13264748216281053
8ce11b730c27232eb51f,8f7c2d4412239f1a6e91,CCCCCCCCN(CCCCCCCC)C(=O)COCC(=O)N(CCCCCCCC)CCCCCCCC,0982ebf465b726073008,Sm-Eu,Sm,Eu,1,1,-0.2974472807991093,0,-0.1771114291629508,-0.23128529726299485,-0.1771114291629508,-0.16980357402517837,-0.16980357402517837
129131f70d4146f92f3e,77c491727cb332f342e5,CCCCCCCCN(CCCCCCCC)C(=O)COCC(=O)N(CCCCCCCC)CCCCCCCC,0982ebf465b726073008,Gd-Tb,Gd,Tb,1,1,-0.5238623751387401,0,-0.3174415434499838,-0.3431260149015324,-0.3174415434499838,-0.34238341513081705,-0.34238341513081705
1e32e35ee07883702bdb,77c491727cb332f342e5,CCCCCCCCN(CCCCCCCC)C(=O)COCC(=O)N(CCCCCCCC)CCCCCCCC,0982ebf465b726073008,Tb-Dy,Tb,Dy,1,1,-0.11986681465037985,0,-0.010882610596517815,0.002370899253358318,-0.010882610596517815,-0.1299460686319768,-0.1299460686319768
784968153bedb1997e6a,77c491727cb332f342e5,CCCCCCCCN(CCCCCCCC)C(=O)COCC(=O)N(CCCCCCCC)CCCCCCCC,0982ebf465b726073008,Dy-Ho,Dy,Ho,1,1,-0.26193118756936995,0,-0.06703997135844542,-0.08083852416201585,-0.06703997135844542,-0.058682844878137186,-0.058682844878137186
814af3fc75e33d3213fd,77c491727cb332f342e5,CCCCCCCCN(CCCCCCCC)C(=O)COCC(=O)N(CCCCCCCC)CCCCCCCC,0982ebf465b726073008,Ho-Er,Ho,Er,1,1,-0.03995560488346994,0,-0.17605972157305555,-0.13574504394315173,-0.17605972157305555,-0.09289343153545068,-0.09289343153545068
81d920d8a355853b6300,77c491727cb332f342e5,CCCCCCCCN(CCCCCCCC)C(=O)COCC(=O)N(CCCCCCCC)CCCCCCCC,0982ebf465b726073008,Er-Tm,Er,Tm,1,1,-0.057713651498330076,0,-0.07832086685578515,-0.0609605448408689,-0.07832086685578515,-0.07066742283986177,-0.07066742283986177
c5ad647d534ede09466a,77c491727cb332f342e5,CCCCCCCCN(CCCCCCCC)C(=O)COCC(=O)N(CCCCCCCC)CCCCCCCC,0982ebf465b726073008,Tm-Yb,Tm,Yb,1,1,-0.013318534961149986,0,-0.02358566066527049,-0.021632163726248793,-0.02358566066527049,-0.07726449564316032,-0.07726449564316032
f7045e4e744a055a26fe,77c491727cb332f342e5,CCCCCCCCN(CCCCCCCC)C(=O)COCC(=O)N(CCCCCCCC)CCCCCCCC,0982ebf465b726073008,Yb-Lu,Yb,Lu,1,1,-0.04883462819090001,0,-0.10631674220639736,-0.11638782788832905,-0.10631674220639736,-0.04897545268923428,-0.04897545268923428
fbd3504159047d5fb9a7,74617fe8c9a82c6da855,CCCCCCCCN(CCCCCCCC)C(=O)COCC(=O)N(CCCCCCCC)CCCCCCCC,0982ebf465b726073008,Ce-Pr,Ce,Pr,1,1,-0.2574916759156439,0,-0.2914485804246634,-0.25221542415138265,-0.2914485804246634,-0.3511309358234407,-0.3511309358234407
8cef163bf3047a171d4e,74617fe8c9a82c6da855,CCCCCCCCN(CCCCCCCC)C(=O)COCC(=O)N(CCCCCCCC)CCCCCCCC,0982ebf465b726073008,Pr-Nd,Pr,Nd,1,1,-0.34184239733629007,0,-0.17874180700208958,-0.16554659935552052,-0.17874180700208958,-0.13264748216281053,-0.13264748216281053
63636cafc3d8a6b65cf5,cd531676407ef8a99b95,CCCCCCCCN(CCCCCCCC)C(=O)COCC(=O)N(CCCCCCCC)CCCCCCCC,0982ebf465b726073008,Gd-Tb,Gd,Tb,1,1,-0.41731409544950004,0,-0.3284840323069872,-0.3361058322947832,-0.3284840323069872,-0.34238341513081705,-0.34238341513081705
47196afe82bbf80176d8,cd531676407ef8a99b95,CCCCCCCCN(CCCCCCCC)C(=O)COCC(=O)N(CCCCCCCC)CCCCCCCC,0982ebf465b726073008,Tb-Dy,Tb,Dy,1,1,-0.008879023307440281,0,0.0219253810552346,0.016170101628240702,0.0219253810552346,-0.11594910359780884,-0.11594910359780884
6be0a21c92de83f4273a,cd531676407ef8a99b95,CCCCCCCCN(CCCCCCCC)C(=O)COCC(=O)N(CCCCCCCC)CCCCCCCC,0982ebf465b726073008,Dy-Ho,Dy,Ho,1,1,-0.07103218645948983,0,-0.038109353331291174,-0.07575853149939038,-0.038109353331291174,-0.05582895489249606,-0.05582895489249606
70197cdf0d6ca7306fa3,cd531676407ef8a99b95,CCCCCCCCN(CCCCCCCC)C(=O)COCC(=O)N(CCCCCCCC)CCCCCCCC,0982ebf465b726073008,Ho-Er,Ho,Er,1,1,-0.031076581576030105,0,-0.17479837915082283,-0.12088539219210868,-0.17479837915082283,-0.09124863552621279,-0.09124863552621279
0b4d2809e0f3e78bfcb2,cd531676407ef8a99b95,CCCCCCCCN(CCCCCCCC)C(=O)COCC(=O)N(CCCCCCCC)CCCCCCCC,0982ebf465b726073008,Er-Tm,Er,Tm,1,1,-0.008879023307430067,0,-0.06608497555944953,-0.04177270175966646,-0.06608497555944953,-0.06230969925305928,-0.06230969925305928
171d8ef3d0e9b7bf1756,cd531676407ef8a99b95,CCCCCCCCN(CCCCCCCC)C(=O)COCC(=O)N(CCCCCCCC)CCCCCCCC,0982ebf465b726073008,Tm-Yb,Tm,Yb,1,1,-0.004439511653719919,0,-0.00615554215792214,-0.012718116176255668,-0.00615554215792214,-0.07253343314512053,-0.07253343314512053
4bfd60e0d30d43b8e49e,20e394fee3b81d0ae85b,CCCCCCCCN(CCCCCCCC)C(=O)COCC(=O)N(CCCCCCCC)CCCCCCCC,0982ebf465b726073008,La-Ce,La,Ce,1,1,-0.17916049078335786,0,-0.5154241290907963,-0.7076897621652469,-0.5154241290907963,-0.2987157641817536,-0.2987157641817536
f9552fb68a0b9d951488,20e394fee3b81d0ae85b,CCCCCCCCN(CCCCCCCC)C(=O)COCC(=O)N(CCCCCCCC)CCCCCCCC,0982ebf465b726073008,Ce-Pr,Ce,Pr,1,1,-0.023802914672624784,0,-0.2914485804246634,-0.2454568022966448,-0.2914485804246634,-0.3511309358234407,-0.3511309358234407
fe50e651a1bfa80ac48b,20e394fee3b81d0ae85b,CCCCCCCCN(CCCCCCCC)C(=O)COCC(=O)N(CCCCCCCC)CCCCCCCC,0982ebf465b726073008,Pr-Nd,Pr,Nd,1,1,-0.04921802267018159,0,-0.16227599884064384,-0.14883582018649869,-0.16227599884064384,-0.13264748216281053,-0.13264748216281053
a50d224a08d3a49c1159,20e394fee3b81d0ae85b,CCCCCCCCN(CCCCCCCC)C(=O)COCC(=O)N(CCCCCCCC)CCCCCCCC,0982ebf465b726073008,Sm-Eu,Sm,Eu,1,1,-0.2747441395746621,0,-0.1771114291629508,-0.23128529726299485,-0.1771114291629508,-0.16980357402517837,-0.16980357402517837
816d02d9f8634fff9947,20e394fee3b81d0ae85b,CCCCCCCCN(CCCCCCCC)C(=O)COCC(=O)N(CCCCCCCC)CCCCCCCC,0982ebf465b726073008,Eu-Gd,Eu,Gd,1,1,-0.15534115889245126,0,-0.20772595796179144,-0.17756891524593252,-0.20772595796179144,-0.19801569489249413,-0.19801569489249413
dd37dabf430dc5a29819,20e394fee3b81d0ae85b,CCCCCCCCN(CCCCCCCC)C(=O)COCC(=O)N(CCCCCCCC)CCCCCCCC,0982ebf465b726073008,Gd-Tb,Gd,Tb,1,1,-0.3266353110888375,0,-0.3174415434499838,-0.3431260149015324,-0.3174415434499838,-0.34238341513081705,-0.34238341513081705
eef4c17b12de512385fb,20e394fee3b81d0ae85b,CCCCCCCCN(CCCCCCCC)C(=O)COCC(=O)N(CCCCCCCC)CCCCCCCC,0982ebf465b726073008,Tb-Dy,Tb,Dy,1,1,-0.19920373240271427,0,-0.0035531750835703082,0.015581992472332664,-0.0035531750835703082,-0.1299460686319768,-0.1299460686319768
da4624637a3e3f573e2b,20e394fee3b81d0ae85b,CCCCCCCCN(CCCCCCCC)C(=O)COCC(=O)N(CCCCCCCC)CCCCCCCC,0982ebf465b726073008,Dy-Ho,Dy,Ho,1,1,-0.1314513827042314,0,-0.05470225326353359,-0.04427149663587818,-0.05470225326353359,-0.058682844878137186,-0.058682844878137186
2fca9b29db33939b47ea,20e394fee3b81d0ae85b,CCCCCCCCN(CCCCCCCC)C(=O)COCC(=O)N(CCCCCCCC)CCCCCCCC,0982ebf465b726073008,Ho-Er,Ho,Er,1,1,-0.06374594478911955,0,-0.1816233221035682,-0.14998341771256335,-0.1816233221035682,-0.09289343153545068,-0.09289343153545068
5aa053bd081272c0327d,20e394fee3b81d0ae85b,CCCCCCCCN(CCCCCCCC)C(=O)COCC(=O)N(CCCCCCCC)CCCCCCCC,0982ebf465b726073008,Er-Tm,Er,Tm,1,1,-0.01586727625828055,0,-0.07364044712924908,-0.04724462443140738,-0.07364044712924908,-0.07066742283986177,-0.07066742283986177
aea0853f180c1582565e,20e394fee3b81d0ae85b,CCCCCCCCN(CCCCCCCC)C(=O)COCC(=O)N(CCCCCCCC)CCCCCCCC,0982ebf465b726073008,Tm-Yb,Tm,Yb,1,1,-0.035922984756660004,0,-0.02336725658103937,-0.018175140910655613,-0.02336725658103937,-0.08699208353860426,-0.08699208353860426
8e79846000d2e699d05e,20e394fee3b81d0ae85b,CCCCCCCCN(CCCCCCCC)C(=O)COCC(=O)N(CCCCCCCC)CCCCCCCC,0982ebf465b726073008,Yb-Lu,Yb,Lu,1,1,-0.01992835949312699,0,-0.11503258889645768,-0.1204075033915478,-0.11503258889645768,-0.04897545268923428,-0.04897545268923428
60cdcb3badab5913b728,262ab88e01aa1375b20f,CCCCCCCCN(CCCCCCCC)C(=O)COCC(=O)N(CCCCCCCC)CCCCCCCC,0982ebf465b726073008,La-Ce,La,Ce,1,1,-0.44369749923271273,0,-0.5154241290907963,-0.7076897621652469,-0.5154241290907963,-0.35595371863494274,-0.35595371863494274
08c0cb4b10e3356b1625,262ab88e01aa1375b20f,CCCCCCCCN(CCCCCCCC)C(=O)COCC(=O)N(CCCCCCCC)CCCCCCCC,0982ebf465b726073008,Ce-Pr,Ce,Pr,1,1,0.23657200643706275,0,-0.2914485804246634,-0.2454568022966448,-0.2914485804246634,-0.2405234002339345,-0.2405234002339345
249f7a38076825a916bb,262ab88e01aa1375b20f,CCCCCCCCN(CCCCCCCC)C(=O)COCC(=O)N(CCCCCCCC)CCCCCCCC,0982ebf465b726073008,Pr-Nd,Pr,Nd,1,1,-0.1173855987178541,0,-0.16227599884064384,-0.14883582018649869,-0.16227599884064384,-0.1835062807137367,-0.1835062807137367
91f5b557b51780ba8386,262ab88e01aa1375b20f,CCCCCCCCN(CCCCCCCC)C(=O)COCC(=O)N(CCCCCCCC)CCCCCCCC,0982ebf465b726073008,Sm-Eu,Sm,Eu,1,1,-0.2758132073109996,0,-0.1771114291629508,-0.23128529726299485,-0.1771114291629508,-0.18304892759336938,-0.18304892759336938
bd1700abaea46de15f2c,262ab88e01aa1375b20f,CCCCCCCCN(CCCCCCCC)C(=O)COCC(=O)N(CCCCCCCC)CCCCCCCC,0982ebf465b726073008,Eu-Gd,Eu,Gd,1,1,-0.14764272442042492,0,-0.20772595796179144,-0.17756891524593252,-0.20772595796179144,-0.08121079875227777,-0.08121079875227777
b121978aed6f9b5cfa94,262ab88e01aa1375b20f,CCCCCCCCN(CCCCCCCC)C(=O)COCC(=O)N(CCCCCCCC)CCCCCCCC,0982ebf465b726073008,Gd-Tb,Gd,Tb,1,1,-0.3464513449680121,0,-0.3174415434499838,-0.3431260149015324,-0.3174415434499838,-0.35936501749570277,-0.35936501749570277
2ffac81c492f2b189e56,262ab88e01aa1375b20f,CCCCCCCCN(CCCCCCCC)C(=O)COCC(=O)N(CCCCCCCC)CCCCCCCC,0982ebf465b726073008,Tb-Dy,Tb,Dy,1,1,-0.19096581163890125,0,-0.0035531750835703082,0.015581992472332664,-0.0035531750835703082,-0.06114961855801264,-0.06114961855801264
c52e1ff368c5c9bf4ff1,262ab88e01aa1375b20f,CCCCCCCCN(CCCCCCCC)C(=O)COCC(=O)N(CCCCCCCC)CCCCCCCC,0982ebf465b726073008,Dy-Ho,Dy,Ho,1,1,-0.1595320865094907,0,-0.05470225326353359,-0.04427149663587818,-0.05470225326353359,-0.07596189194346988,-0.07596189194346988
347e654a398e8ce56836,262ab88e01aa1375b20f,CCCCCCCCN(CCCCCCCC)C(=O)COCC(=O)N(CCCCCCCC)CCCCCCCC,0982ebf465b726073008,Ho-Er,Ho,Er,1,1,-0.08357558854679725,0,-0.1816233221035682,-0.14998341771256335,-0.1816233221035682,-0.029242773657390843,-0.029242773657390836
b789ac02ba5e5c87cc21,262ab88e01aa1375b20f,CCCCCCCCN(CCCCCCCC)C(=O)COCC(=O)N(CCCCCCCC)CCCCCCCC,0982ebf465b726073008,Er-Tm,Er,Tm,1,1,-0.008001840070003485,0,-0.07364044712924908,-0.04724462443140738,-0.07364044712924908,-0.04279575929044376,-0.04279575929044376
8c7a4daebe44da0c8455,262ab88e01aa1375b20f,CCCCCCCCN(CCCCCCCC)C(=O)COCC(=O)N(CCCCCCCC)CCCCCCCC,0982ebf465b726073008,Tm-Yb,Tm,Yb,1,1,-0.043784542332128806,0,-0.02336725658103937,-0.018175140910655613,-0.02336725658103937,-0.07460314538639926,-0.07460314538639926
7474581a04463343c686,262ab88e01aa1375b20f,CCCCCCCCN(CCCCCCCC)C(=O)COCC(=O)N(CCCCCCCC)CCCCCCCC,0982ebf465b726073008,Yb-Lu,Yb,Lu,1,1,-0.02392319206688276,0,-0.11503258889645768,-0.1204075033915478,-0.11503258889645768,-0.04483330925510656,-0.04483330925510656
edc606f22d3f8d8d1699,f82e181f796617a65797,CCCCCCCCN(CCCCCCCC)C(=O)COCC(=O)N(CCCCCCCC)CCCCCCCC,0982ebf465b726073008,La-Ce,La,Ce,1,1,-0.5563025007672873,0,-0.5154241290907963,-0.7076897621652469,-0.5154241290907963,-0.35595371863494274,-0.35595371863494274
a143e2381cd70ba4fc02,f82e181f796617a65797,CCCCCCCCN(CCCCCCCC)C(=O)COCC(=O)N(CCCCCCCC)CCCCCCCC,0982ebf465b726073008,Ce-Pr,Ce,Pr,1,1,0.3521825181113625,0,-0.2914485804246634,-0.2454568022966448,-0.2914485804246634,-0.2405234002339345,-0.2405234002339345
eb0087dabb44657e9959,f82e181f796617a65797,CCCCCCCCN(CCCCCCCC)C(=O)COCC(=O)N(CCCCCCCC)CCCCCCCC,0982ebf465b726073008,Pr-Nd,Pr,Nd,1,1,-0.14943906428424097,0,-0.16227599884064384,-0.14883582018649869,-0.16227599884064384,-0.1835062807137367,-0.1835062807137367
8a61c67b41874d144877,f82e181f796617a65797,CCCCCCCCN(CCCCCCCC)C(=O)COCC(=O)N(CCCCCCCC)CCCCCCCC,0982ebf465b726073008,Sm-Eu,Sm,Eu,1,1,-0.2599931437758904,0,-0.1771114291629508,-0.23128529726299485,-0.1771114291629508,-0.18304892759336938,-0.18304892759336938
daca36618576a5e074c4,f82e181f796617a65797,CCCCCCCCN(CCCCCCCC)C(=O)COCC(=O)N(CCCCCCCC)CCCCCCCC,0982ebf465b726073008,Eu-Gd,Eu,Gd,1,1,-0.15057667362257632,0,-0.20772595796179144,-0.17756891524593252,-0.20772595796179144,-0.08121079875227777,-0.08121079875227777
b6d35ccbe5c46b87b9a0,f82e181f796617a65797,CCCCCCCCN(CCCCCCCC)C(=O)COCC(=O)N(CCCCCCCC)CCCCCCCC,0982ebf465b726073008,Gd-Tb,Gd,Tb,1,1,-0.3308702591080144,0,-0.3174415434499838,-0.3431260149015324,-0.3174415434499838,-0.35936501749570277,-0.35936501749570277
441d656b71156a333bff,f82e181f796617a65797,CCCCCCCCN(CCCCCCCC)C(=O)COCC(=O)N(CCCCCCCC)CCCCCCCC,0982ebf465b726073008,Tb-Dy,Tb,Dy,1,1,-0.219345106866087,0,-0.0035531750835703082,0.015581992472332664,-0.0035531750835703082,-0.06114961855801264,-0.06114961855801264
c51aad906bf445b414b5,f82e181f796617a65797,CCCCCCCCN(CCCCCCCC)C(=O)COCC(=O)N(CCCCCCCC)CCCCCCCC,0982ebf465b726073008,Dy-Ho,Dy,Ho,1,1,-0.1392462016481768,0,-0.05470225326353359,-0.04427149663587818,-0.05470225326353359,-0.07596189194346988,-0.07596189194346988
d8ae265195277abe166e,f82e181f796617a65797,CCCCCCCCN(CCCCCCCC)C(=O)COCC(=O)N(CCCCCCCC)CCCCCCCC,0982ebf465b726073008,Ho-Er,Ho,Er,1,1,-0.07968361103354593,0,-0.1816233221035682,-0.14998341771256335,-0.1816233221035682,-0.029242773657390843,-0.029242773657390836
df733a20cf2f6621ed82,f82e181f796617a65797,CCCCCCCCN(CCCCCCCC)C(=O)COCC(=O)N(CCCCCCCC)CCCCCCCC,0982ebf465b726073008,Er-Tm,Er,Tm,1,1,-0.03190441743032335,0,-0.07364044712924908,-0.04724462443140738,-0.07364044712924908,-0.04279575929044376,-0.04279575929044376
055af2fb3425dc82cac2,f82e181f796617a65797,CCCCCCCCN(CCCCCCCC)C(=O)COCC(=O)N(CCCCCCCC)CCCCCCCC,0982ebf465b726073008,Tm-Yb,Tm,Yb,1,1,-0.03189301480308249,0,-0.02336725658103937,-0.018175140910655613,-0.02336725658103937,-0.07460314538639926,-0.07460314538639926
26dc57cd2c6e15405414,f82e181f796617a65797,CCCCCCCCN(CCCCCCCC)C(=O)COCC(=O)N(CCCCCCCC)CCCCCCCC,0982ebf465b726073008,Yb-Lu,Yb,Lu,1,1,-0.03586524876318631,0,-0.11503258889645768,-0.1204075033915478,-0.11503258889645768,-0.04483330925510656,-0.04483330925510656
3ce75890728714f9eb97,8819fdebb733d3c2667e,CCCCCCCCN(CCCCCCCC)C(=O)COCC(=O)N(CCCCCCCC)CCCCCCCC,0982ebf465b726073008,La-Ce,La,Ce,1,1,-0.20227584195755446,0,-0.5154241290907963,-0.7076897621652469,-0.5154241290907963,-0.2987157641817536,-0.2987157641817536
ab8c37ab016752d6a54f,8819fdebb733d3c2667e,CCCCCCCCN(CCCCCCCC)C(=O)COCC(=O)N(CCCCCCCC)CCCCCCCC,0982ebf465b726073008,Ce-Pr,Ce,Pr,1,1,-0.11323197707504958,0,-0.2914485804246634,-0.2454568022966448,-0.2914485804246634,-0.3511309358234407,-0.3511309358234407
2f2d0ef95b0272dc425d,8819fdebb733d3c2667e,CCCCCCCCN(CCCCCCCC)C(=O)COCC(=O)N(CCCCCCCC)CCCCCCCC,0982ebf465b726073008,Pr-Nd,Pr,Nd,1,1,-0.034214100531101674,0,-0.16227599884064384,-0.14883582018649869,-0.16227599884064384,-0.13264748216281053,-0.13264748216281053
f05bf2d512e81119b4c6,8819fdebb733d3c2667e,CCCCCCCCN(CCCCCCCC)C(=O)COCC(=O)N(CCCCCCCC)CCCCCCCC,0982ebf465b726073008,Sm-Eu,Sm,Eu,1,1,-0.3622528871921915,0,-0.1771114291629508,-0.23128529726299485,-0.1771114291629508,-0.16980357402517837,-0.16980357402517837
70a61c2725d07f9534b3,8819fdebb733d3c2667e,CCCCCCCCN(CCCCCCCC)C(=O)COCC(=O)N(CCCCCCCC)CCCCCCCC,0982ebf465b726073008,Eu-Gd,Eu,Gd,1,1,-0.3207912016883747,0,-0.20772595796179144,-0.17756891524593252,-0.20772595796179144,-0.19801569489249413,-0.19801569489249413
085d3e777308b2b897bb,8819fdebb733d3c2667e,CCCCCCCCN(CCCCCCCC)C(=O)COCC(=O)N(CCCCCCCC)CCCCCCCC,0982ebf465b726073008,Gd-Tb,Gd,Tb,1,1,-0.0741132865145262,0,-0.3174415434499838,-0.3431260149015324,-0.3174415434499838,-0.34238341513081705,-0.34238341513081705
1281bf5a457f2de6deba,8819fdebb733d3c2667e,CCCCCCCCN(CCCCCCCC)C(=O)COCC(=O)N(CCCCCCCC)CCCCCCCC,0982ebf465b726073008,Tb-Dy,Tb,Dy,1,1,-0.2304416076223792,0,-0.0035531750835703082,0.015581992472332664,-0.0035531750835703082,-0.1299460686319768,-0.1299460686319768
8afd6413b60e894168f8,8819fdebb733d3c2667e,CCCCCCCCN(CCCCCCCC)C(=O)COCC(=O)N(CCCCCCCC)CCCCCCCC,0982ebf465b726073008,Dy-Ho,Dy,Ho,1,1,-0.21402607166624876,0,-0.05470225326353359,-0.04427149663587818,-0.05470225326353359,-0.058682844878137186,-0.058682844878137186
9e940ba23f4b1e58c9f0,8819fdebb733d3c2667e,CCCCCCCCN(CCCCCCCC)C(=O)COCC(=O)N(CCCCCCCC)CCCCCCCC,0982ebf465b726073008,Ho-Er,Ho,Er,1,1,0.0,0,-0.1816233221035682,-0.14998341771256335,-0.1816233221035682,-0.09289343153545068,-0.09289343153545068
15930ee5e74b04637cd3,8819fdebb733d3c2667e,CCCCCCCCN(CCCCCCCC)C(=O)COCC(=O)N(CCCCCCCC)CCCCCCCC,0982ebf465b726073008,Er-Tm,Er,Tm,1,1,-0.07405002823362272,0,-0.07364044712924908,-0.04724462443140738,-0.07364044712924908,-0.07066742283986177,-0.07066742283986177
029890aa171c2875b8a3,8819fdebb733d3c2667e,CCCCCCCCN(CCCCCCCC)C(=O)COCC(=O)N(CCCCCCCC)CCCCCCCC,0982ebf465b726073008,Tm-Yb,Tm,Yb,1,1,-0.016486689343788274,0,-0.02336725658103937,-0.018175140910655613,-0.02336725658103937,-0.08699208353860426,-0.08699208353860426
1a83aee12622a2726fad,8819fdebb733d3c2667e,CCCCCCCCN(CCCCCCCC)C(=O)COCC(=O)N(CCCCCCCC)CCCCCCCC,0982ebf465b726073008,Yb-Lu,Yb,Lu,1,1,-0.008228038152683137,0,-0.11503258889645768,-0.1204075033915478,-0.11503258889645768,-0.04897545268923428,-0.04897545268923428
d9639050e147497699d5,c3ad15d5f72e86dc5e32,CCCCCCCCN(CCCCCCCC)C(=O)COCC(=O)N(CCCCCCCC)CCCCCCCC,0982ebf465b726073008,La-Ce,La,Ce,1,1,-0.21439286723676448,0,-0.5154241290907963,-0.7076897621652469,-0.5154241290907963,-0.35595371863494274,-0.35595371863494274
53af6853f4c34696240d,c3ad15d5f72e86dc5e32,CCCCCCCCN(CCCCCCCC)C(=O)COCC(=O)N(CCCCCCCC)CCCCCCCC,0982ebf465b726073008,Ce-Pr,Ce,Pr,1,1,-0.04292820054181083,0,-0.2914485804246634,-0.2454568022966448,-0.2914485804246634,-0.2405234002339345,-0.2405234002339345
1b64037a936be45add1d,c3ad15d5f72e86dc5e32,CCCCCCCCN(CCCCCCCC)C(=O)COCC(=O)N(CCCCCCCC)CCCCCCCC,0982ebf465b726073008,Pr-Nd,Pr,Nd,1,1,-0.015063746435875915,0,-0.16227599884064384,-0.14883582018649869,-0.16227599884064384,-0.1835062807137367,-0.1835062807137367
948aec490793ba6d7c5a,c3ad15d5f72e86dc5e32,CCCCCCCCN(CCCCCCCC)C(=O)COCC(=O)N(CCCCCCCC)CCCCCCCC,0982ebf465b726073008,Sm-Eu,Sm,Eu,1,1,-0.15712341997970125,0,-0.1771114291629508,-0.23128529726299485,-0.1771114291629508,-0.18304892759336938,-0.18304892759336938
d1639085a5ecff77d4cb,c3ad15d5f72e86dc5e32,CCCCCCCCN(CCCCCCCC)C(=O)COCC(=O)N(CCCCCCCC)CCCCCCCC,0982ebf465b726073008,Eu-Gd,Eu,Gd,1,1,-0.18123089870809228,0,-0.20772595796179144,-0.17756891524593252,-0.20772595796179144,-0.08121079875227777,-0.08121079875227777
adaa888384aa077891b1,c3ad15d5f72e86dc5e32,CCCCCCCCN(CCCCCCCC)C(=O)COCC(=O)N(CCCCCCCC)CCCCCCCC,0982ebf465b726073008,Gd-Tb,Gd,Tb,1,1,-0.18032831199893595,0,-0.3174415434499838,-0.3431260149015324,-0.3174415434499838,-0.35936501749570277,-0.35936501749570277
86dadaa6a554b6bf0404,c3ad15d5f72e86dc5e32,CCCCCCCCN(CCCCCCCC)C(=O)COCC(=O)N(CCCCCCCC)CCCCCCCC,0982ebf465b726073008,Tb-Dy,Tb,Dy,1,1,-0.1977488001999842,0,-0.0035531750835703082,0.015581992472332664,-0.0035531750835703082,-0.06114961855801264,-0.06114961855801264
27b34ed3e68828d6e0ef,c3ad15d5f72e86dc5e32,CCCCCCCCN(CCCCCCCC)C(=O)COCC(=O)N(CCCCCCCC)CCCCCCCC,0982ebf465b726073008,Dy-Ho,Dy,Ho,1,1,-0.26333866851100085,0,-0.05470225326353359,-0.04427149663587818,-0.05470225326353359,-0.07596189194346988,-0.07596189194346988
490239b3657a6be5a194,c3ad15d5f72e86dc5e32,CCCCCCCCN(CCCCCCCC)C(=O)COCC(=O)N(CCCCCCCC)CCCCCCCC,0982ebf465b726073008,Ho-Er,Ho,Er,1,1,-0.6913196327091535,0,-0.1816233221035682,-0.14998341771256335,-0.1816233221035682,-0.029242773657390843,-0.029242773657390836
bebbcbe1e9e8a9ec715e,c3ad15d5f72e86dc5e32,CCCCCCCCN(CCCCCCCC)C(=O)COCC(=O)N(CCCCCCCC)CCCCCCCC,0982ebf465b726073008,Er-Tm,Er,Tm,1,1,-0.1069687103948318,0,-0.07364044712924908,-0.04724462443140738,-0.07364044712924908,-0.04279575929044376,-0.04279575929044376
7f8edfbb4eac3272c36f,c3ad15d5f72e86dc5e32,CCCCCCCCN(CCCCCCCC)C(=O)COCC(=O)N(CCCCCCCC)CCCCCCCC,0982ebf465b726073008,Tm-Yb,Tm,Yb,1,1,-0.016483224070113156,0,-0.02336725658103937,-0.018175140910655613,-0.02336725658103937,-0.07460314538639926,-0.07460314538639926
876b42b0dd6e7662c507,c3ad15d5f72e86dc5e32,CCCCCCCCN(CCCCCCCC)C(=O)COCC(=O)N(CCCCCCCC)CCCCCCCC,0982ebf465b726073008,Yb-Lu,Yb,Lu,1,1,-0.01644005835338369,0,-0.11503258889645768,-0.1204075033915478,-0.11503258889645768,-0.04483330925510656,-0.04483330925510656
33eb8279be9904cb1517,b8f7f01e0b29317aa135,CCCCCCCCN(CCCCCCCC)C(=O)COCC(=O)N(CCCCCCCC)CCCCCCCC,0982ebf465b726073008,La-Ce,La,Ce,1,1,-0.04042865705560822,0,-0.5154241290907963,-0.7076897621652469,-0.5154241290907963,-0.35595371863494274,-0.35595371863494274
d86da325e11e0c1ff563,b8f7f01e0b29317aa135,CCCCCCCCN(CCCCCCCC)C(=O)COCC(=O)N(CCCCCCCC)CCCCCCCC,0982ebf465b726073008,Ce-Pr,Ce,Pr,1,1,0.2218487496163563,0,-0.2914485804246634,-0.2454568022966448,-0.2914485804246634,-0.2405234002339345,-0.2405234002339345
1b8be4994628db5c95e9,b8f7f01e0b29317aa135,CCCCCCCCN(CCCCCCCC)C(=O)COCC(=O)N(CCCCCCCC)CCCCCCCC,0982ebf465b726073008,Pr-Nd,Pr,Nd,1,1,0.03342375548694976,0,-0.16227599884064384,-0.14883582018649869,-0.16227599884064384,-0.1835062807137367,-0.1835062807137367
1b152e5f791f0bc54259,b8f7f01e0b29317aa135,CCCCCCCCN(CCCCCCCC)C(=O)COCC(=O)N(CCCCCCCC)CCCCCCCC,0982ebf465b726073008,Sm-Eu,Sm,Eu,1,1,-0.062147906748844406,0,-0.1771114291629508,-0.23128529726299485,-0.1771114291629508,-0.18304892759336938,-0.18304892759336938
6e29277bfc30a8de1d89,b8f7f01e0b29317aa135,CCCCCCCCN(CCCCCCCC)C(=O)COCC(=O)N(CCCCCCCC)CCCCCCCC,0982ebf465b726073008,Eu-Gd,Eu,Gd,1,1,-0.14612803567823807,0,-0.20772595796179144,-0.17756891524593252,-0.20772595796179144,-0.08121079875227777,-0.08121079875227777
fe893d7a6e7d530a6657,b8f7f01e0b29317aa135,CCCCCCCCN(CCCCCCCC)C(=O)COCC(=O)N(CCCCCCCC)CCCCCCCC,0982ebf465b726073008,Gd-Tb,Gd,Tb,1,1,-0.057991946977686726,0,-0.3174415434499838,-0.3431260149015324,-0.3174415434499838,-0.35936501749570277,-0.35936501749570277
2c33782e6e26b6f60f46,b8f7f01e0b29317aa135,CCCCCCCCN(CCCCCCCC)C(=O)COCC(=O)N(CCCCCCCC)CCCCCCCC,0982ebf465b726073008,Tb-Dy,Tb,Dy,1,1,-0.11115045212266661,0,-0.0035531750835703082,0.015581992472332664,-0.0035531750835703082,-0.06114961855801264,-0.06114961855801264
744117fe421f04c90d6e,b8f7f01e0b29317aa135,CCCCCCCCN(CCCCCCCC)C(=O)COCC(=O)N(CCCCCCCC)CCCCCCCC,0982ebf465b726073008,Dy-Ho,Dy,Ho,1,1,-0.17139613784730146,0,-0.05470225326353359,-0.04427149663587818,-0.05470225326353359,-0.07596189194346988,-0.07596189194346988
c3b2149dcb2399c9f6e9,b8f7f01e0b29317aa135,CCCCCCCCN(CCCCCCCC)C(=O)COCC(=O)N(CCCCCCCC)CCCCCCCC,0982ebf465b726073008,Ho-Er,Ho,Er,1,1,-0.15015552496128148,0,-0.1816233221035682,-0.14998341771256335,-0.1816233221035682,-0.029242773657390843,-0.029242773657390836
20176a7ad30061811eab,b8f7f01e0b29317aa135,CCCCCCCCN(CCCCCCCC)C(=O)COCC(=O)N(CCCCCCCC)CCCCCCCC,0982ebf465b726073008,Er-Tm,Er,Tm,1,1,-0.09017663034908803,0,-0.07364044712924908,-0.04724462443140738,-0.07364044712924908,-0.04279575929044376,-0.04279575929044376
f2c1b169f6fee90e4325,b8f7f01e0b29317aa135,CCCCCCCCN(CCCCCCCC)C(=O)COCC(=O)N(CCCCCCCC)CCCCCCCC,0982ebf465b726073008,Tm-Yb,Tm,Yb,1,1,-0.10974723771322861,0,-0.02336725658103937,-0.018175140910655613,-0.02336725658103937,-0.07460314538639926,-0.07460314538639926
becb74202d14743299e9,b8f7f01e0b29317aa135,CCCCCCCCN(CCCCCCCC)C(=O)COCC(=O)N(CCCCCCCC)CCCCCCCC,0982ebf465b726073008,Yb-Lu,Yb,Lu,1,1,-0.1885598996152793,0,-0.11503258889645768,-0.1204075033915478,-0.11503258889645768,-0.04483330925510656,-0.04483330925510656
74b7e79b3148288c1e0c,2e7221f459222b97cc91,CCCCCCCCN(CCCCCCCC)C(=O)COCC(=O)N(CCCCCCCC)CCCCCCCC,0982ebf465b726073008,La-Ce,La,Ce,1,1,0.38021124171160603,0,-0.5154241290907963,-0.7076897621652469,-0.5154241290907963,-0.35595371863494274,-0.35595371863494274
3d0eafa1e9a59f204221,2e7221f459222b97cc91,CCCCCCCCN(CCCCCCCC)C(=O)COCC(=O)N(CCCCCCCC)CCCCCCCC,0982ebf465b726073008,Ce-Pr,Ce,Pr,1,1,0.3979400086720375,0,-0.2914485804246634,-0.2454568022966448,-0.2914485804246634,-0.2405234002339345,-0.2405234002339345
2f5168b464f07937bfb4,2e7221f459222b97cc91,CCCCCCCCN(CCCCCCCC)C(=O)COCC(=O)N(CCCCCCCC)CCCCCCCC,0982ebf465b726073008,Pr-Nd,Pr,Nd,1,1,0.12493873660830013,0,-0.16227599884064384,-0.14883582018649869,-0.16227599884064384,-0.1835062807137367,-0.1835062807137367
cbd02172953bc521d23e,2e7221f459222b97cc91,CCCCCCCCN(CCCCCCCC)C(=O)COCC(=O)N(CCCCCCCC)CCCCCCCC,0982ebf465b726073008,Sm-Eu,Sm,Eu,1,1,0.0,0,-0.1771114291629508,-0.23128529726299485,-0.1771114291629508,-0.18304892759336938,-0.18304892759336938
c05d35be394fba655627,2e7221f459222b97cc91,CCCCCCCCN(CCCCCCCC)C(=O)COCC(=O)N(CCCCCCCC)CCCCCCCC,0982ebf465b726073008,Eu-Gd,Eu,Gd,1,1,-0.30102999566398125,0,-0.20772595796179144,-0.17756891524593252,-0.20772595796179144,-0.08121079875227777,-0.08121079875227777
23655ea29a52610a3623,2e7221f459222b97cc91,CCCCCCCCN(CCCCCCCC)C(=O)COCC(=O)N(CCCCCCCC)CCCCCCCC,0982ebf465b726073008,Gd-Tb,Gd,Tb,1,1,0.0,0,-0.3174415434499838,-0.3431260149015324,-0.3174415434499838,-0.35936501749570277,-0.35936501749570277
cfb301e10650b1f8ea4a,2e7221f459222b97cc91,CCCCCCCCN(CCCCCCCC)C(=O)COCC(=O)N(CCCCCCCC)CCCCCCCC,0982ebf465b726073008,Tb-Dy,Tb,Dy,1,1,0.0,0,-0.0035531750835703082,0.015581992472332664,-0.0035531750835703082,-0.06114961855801264,-0.06114961855801264
5ffefe4fa5c66ec5fdac,2e7221f459222b97cc91,CCCCCCCCN(CCCCCCCC)C(=O)COCC(=O)N(CCCCCCCC)CCCCCCCC,0982ebf465b726073008,Dy-Ho,Dy,Ho,1,1,-0.30102999566398125,0,-0.05470225326353359,-0.04427149663587818,-0.05470225326353359,-0.07596189194346988,-0.07596189194346988
89affe8609185eb6451a,2e7221f459222b97cc91,CCCCCCCCN(CCCCCCCC)C(=O)COCC(=O)N(CCCCCCCC)CCCCCCCC,0982ebf465b726073008,Ho-Er,Ho,Er,1,1,-0.09691001300805624,0,-0.1816233221035682,-0.14998341771256335,-0.1816233221035682,-0.029242773657390843,-0.029242773657390836
1b0ffba9387cf636419a,2e7221f459222b97cc91,CCCCCCCCN(CCCCCCCC)C(=O)COCC(=O)N(CCCCCCCC)CCCCCCCC,0982ebf465b726073008,Er-Tm,Er,Tm,1,1,-0.07918124604762489,0,-0.07364044712924908,-0.04724462443140738,-0.07364044712924908,-0.04279575929044376,-0.04279575929044376
4deac054a793bcfb5288,2e7221f459222b97cc91,CCCCCCCCN(CCCCCCCC)C(=O)COCC(=O)N(CCCCCCCC)CCCCCCCC,0982ebf465b726073008,Tm-Yb,Tm,Yb,1,1,-0.1249387366082999,0,-0.02336725658103937,-0.018175140910655613,-0.02336725658103937,-0.07460314538639926,-0.07460314538639926
3ab396224032903461c1,2e7221f459222b97cc91,CCCCCCCCN(CCCCCCCC)C(=O)COCC(=O)N(CCCCCCCC)CCCCCCCC,0982ebf465b726073008,Yb-Lu,Yb,Lu,1,1,-0.1383026981662815,0,-0.11503258889645768,-0.1204075033915478,-0.11503258889645768,-0.04483330925510656,-0.04483330925510656
a099a77e2810e2118e23,67d105674f0cb40b9b46,CCCCCCCCN(CCCCCCCC)C(=O)COCC(=O)N(CCCCCCCC)CCCCCCCC,0982ebf465b726073008,La-Ce,La,Ce,1,1,0.1745602165087976,0,-0.48126429397327847,-0.7019347192968335,-0.48126429397327847,-0.3659703749029469,-0.3659703749029469
bb1e31019f2ef40ed5ce,67d105674f0cb40b9b46,CCCCCCCCN(CCCCCCCC)C(=O)COCC(=O)N(CCCCCCCC)CCCCCCCC,0982ebf465b726073008,Sm-Eu,Sm,Eu,1,1,-0.23545331529093283,0,-0.2305669258183494,-0.24351788906203173,-0.2305669258183494,-0.19083790071417142,-0.19083790071417142
becb7e053aa0c242ecb7,67d105674f0cb40b9b46,CCCCCCCCN(CCCCCCCC)C(=O)COCC(=O)N(CCCCCCCC)CCCCCCCC,0982ebf465b726073008,Eu-Gd,Eu,Gd,1,1,-0.24357239512855222,0,-0.18114856843219979,-0.15056801038823237,-0.18114856843219979,-0.10282468928199942,-0.10282468928199942
2abc6c007a94137ff33d,67d105674f0cb40b9b46,CCCCCCCCN(CCCCCCCC)C(=O)COCC(=O)N(CCCCCCCC)CCCCCCCC,0982ebf465b726073008,Gd-Tb,Gd,Tb,1,1,-0.3328822733423546,0,-0.3588523706729891,-0.34379263890109624,-0.3588523706729891,-0.3634827728977523,-0.3634827728977523
2ba6d93db3730044e74a,67d105674f0cb40b9b46,CCCCCCCCN(CCCCCCCC)C(=O)COCC(=O)N(CCCCCCCC)CCCCCCCC,0982ebf465b726073008,Tb-Dy,Tb,Dy,1,1,-0.18267929634641422,0,-0.003224637216531231,0.03614684819049892,-0.003224637216531231,-0.046143322973031746,-0.046143322973031746
a2f86865ca4bf313362e,67d105674f0cb40b9b46,CCCCCCCCN(CCCCCCCC)C(=O)COCC(=O)N(CCCCCCCC)CCCCCCCC,0982ebf465b726073008,Dy-Ho,Dy,Ho,1,1,-0.1542625169147504,0,-0.02666856574982301,-0.023133651030496562,-0.02666856574982301,-0.07857845776476818,-0.07857845776476818
1043ea143382dbe76da5,67d105674f0cb40b9b46,CCCCCCCCN(CCCCCCCC)C(=O)COCC(=O)N(CCCCCCCC)CCCCCCCC,0982ebf465b726073008,Ho-Er,Ho,Er,1,1,-0.0568335588633281,0,-0.1706193447143628,-0.13480733417912788,-0.1706193447143628,-0.01848497848327446,-0.01848497848327446
86ae1581cdfc4d6ce749,67d105674f0cb40b9b46,CCCCCCCCN(CCCCCCCC)C(=O)COCC(=O)N(CCCCCCCC)CCCCCCCC,0982ebf465b726073008,Er-Tm,Er,Tm,1,1,0.028416779431663486,0,-0.04023356683509194,-0.02219105939877286,-0.04023356683509194,-0.024862391995579238,-0.024862391995579238
129086ea6dded6c13e96,67d105674f0cb40b9b46,CCCCCCCCN(CCCCCCCC)C(=O)COCC(=O)N(CCCCCCCC)CCCCCCCC,0982ebf465b726073008,Tm-Yb,Tm,Yb,1,1,0.08525033829499415,0,0.006726835866648392,-0.0011451002870626783,0.006726835866648392,-0.07051220487999987,-0.07051220487999987
39528c1d09ac1ae8d467,67d105674f0cb40b9b46,CCCCCCCCN(CCCCCCCC)C(=O)COCC(=O)N(CCCCCCCC)CCCCCCCC,0982ebf465b726073008,Yb-Lu,Yb,Lu,1,1,0.012178619756427436,0,-0.08072148365136395,-0.09608293506274665,-0.08072148365136395,-0.03481719982813159,-0.03481719982813159
07410ec2526aea850852,f7656842edb587c2b72b,CCCCCCCCN(CCCCCCCC)C(=O)COCC(=O)N(CCCCCCCC)CCCCCCCC,0982ebf465b726073008,La-Ce,La,Ce,1,1,0.15832205683356038,0,-0.48126429397327847,-0.6220498225542854,-0.48126429397327847,-0.3659703749029469,-0.3659703749029469
4ebde5a2cf4ca84c60e0,f7656842edb587c2b72b,CCCCCCCCN(CCCCCCCC)C(=O)COCC(=O)N(CCCCCCCC)CCCCCCCC,0982ebf465b726073008,Sm-Eu,Sm,Eu,1,1,-0.30446549391068983,0,-0.2401791985575475,-0.24351788906203173,-0.2401791985575475,-0.19083790071417142,-0.19083790071417142
688cef16b7b03de8dab3,f7656842edb587c2b72b,CCCCCCCCN(CCCCCCCC)C(=O)COCC(=O)N(CCCCCCCC)CCCCCCCC,0982ebf465b726073008,Eu-Gd,Eu,Gd,1,1,-0.2395128552097439,0,-0.17879421826260555,-0.15056801038823237,-0.17879421826260555,-0.10787201857630065,-0.10787201857630065
504d38a0233c51ab4d12,f7656842edb587c2b72b,CCCCCCCCN(CCCCCCCC)C(=O)COCC(=O)N(CCCCCCCC)CCCCCCCC,0982ebf465b726073008,Gd-Tb,Gd,Tb,1,1,-0.34506089309877996,0,-0.363039449214646,-0.34379263890109624,-0.363039449214646,-0.3634827728977523,-0.3634827728977523
464059f4415533f387aa,f7656842edb587c2b72b,CCCCCCCCN(CCCCCCCC)C(=O)COCC(=O)N(CCCCCCCC)CCCCCCCC,0982ebf465b726073008,Tb-Dy,Tb,Dy,1,1,-0.21515561569688912,0,-0.007960748327642373,0.03614684819049892,-0.007960748327642373,-0.050252822796922475,-0.050252822796922475
f0eff81a4117a6ae581d,f7656842edb587c2b72b,CCCCCCCCN(CCCCCCCC)C(=O)COCC(=O)N(CCCCCCCC)CCCCCCCC,0982ebf465b726073008,Dy-Ho,Dy,Ho,1,1,-0.15020297699594065,0,-0.02666856574982301,-0.023133651030496562,-0.02666856574982301,-0.08362578705906942,-0.08362578705906942
3b6fbe4f791ea96df136,f7656842edb587c2b72b,CCCCCCCCN(CCCCCCCC)C(=O)COCC(=O)N(CCCCCCCC)CCCCCCCC,0982ebf465b726073008,Ho-Er,Ho,Er,1,1,-0.04465493910690099,0,-0.1706193447143628,-0.13480733417912788,-0.1706193447143628,-0.01848497848327446,-0.01848497848327446
7c2e5e0c597e041d54b9,f7656842edb587c2b72b,CCCCCCCCN(CCCCCCCC)C(=O)COCC(=O)N(CCCCCCCC)CCCCCCCC,0982ebf465b726073008,Er-Tm,Er,Tm,1,1,0.05277401894451883,0,-0.04023356683509194,-0.02219105939877286,-0.04023356683509194,-0.024862391995579238,-0.024862391995579238
37814aa0645d0d9fa0ea,f7656842edb587c2b72b,CCCCCCCCN(CCCCCCCC)C(=O)COCC(=O)N(CCCCCCCC)CCCCCCCC,0982ebf465b726073008,Tm-Yb,Tm,Yb,1,1,0.12584573748308642,0,0.006726835866648392,-0.006284987693413477,0.006726835866648392,-0.07555953417430111,-0.07555953417430111
d9868b0cd472f3174de7,f7656842edb587c2b72b,CCCCCCCCN(CCCCCCCC)C(=O)COCC(=O)N(CCCCCCCC)CCCCCCCC,0982ebf465b726073008,Yb-Lu,Yb,Lu,1,1,0.08930987821380135,0,-0.08072148365136395,-0.09608293506274665,-0.08072148365136395,-0.03481719982813159,-0.03481719982813159
93724402c59e8b356b4c,e7c9d5385ef18f9cb4bb,CCCCCCCCN(CCCCCCCC)C(=O)COCC(=O)N(CCCCCCCC)CCCCCCCC,0982ebf465b726073008,La-Ce,La,Ce,1,1,0.02029769959404648,0,-0.48126429397327847,-0.576679898809854,-0.48126429397327847,-0.3591396290202855,-0.3591396290202855
59b49880a1bfa34883b7,e7c9d5385ef18f9cb4bb,CCCCCCCCN(CCCCCCCC)C(=O)COCC(=O)N(CCCCCCCC)CCCCCCCC,0982ebf465b726073008,Sm-Eu,Sm,Eu,1,1,-0.3288227334235437,0,-0.24769572146091448,-0.24351788906203173,-0.24769572146091448,-0.19195401545846372,-0.19195401545846372
41d0a9e4a0a09da1bdde,e7c9d5385ef18f9cb4bb,CCCCCCCCN(CCCCCCCC)C(=O)COCC(=O)N(CCCCCCCC)CCCCCCCC,0982ebf465b726073008,Eu-Gd,Eu,Gd,1,1,-0.21515561569688862,0,-0.1765252935372374,-0.15056801038823237,-0.1765252935372374,-0.10787201857630065,-0.10787201857630065
3d997733d83b12db3ac3,e7c9d5385ef18f9cb4bb,CCCCCCCCN(CCCCCCCC)C(=O)COCC(=O)N(CCCCCCCC)CCCCCCCC,0982ebf465b726073008,Gd-Tb,Gd,Tb,1,1,-0.29634641407307244,0,-0.3611688960909385,-0.3482449592346979,-0.3611688960909385,-0.3634827728977523,-0.3634827728977523
6b1ee86e4674308a0731,e7c9d5385ef18f9cb4bb,CCCCCCCCN(CCCCCCCC)C(=O)COCC(=O)N(CCCCCCCC)CCCCCCCC,0982ebf465b726073008,Tb-Dy,Tb,Dy,1,1,-0.1461434370771315,0,-0.007960748327642373,0.029958250899262955,-0.007960748327642373,-0.050252822796922475,-0.050252822796922475
a8fd15a606e011e1057f,e7c9d5385ef18f9cb4bb,CCCCCCCCN(CCCCCCCC)C(=O)COCC(=O)N(CCCCCCCC)CCCCCCCC,0982ebf465b726073008,Dy-Ho,Dy,Ho,1,1,-0.06089309878213711,0,-0.02666856574982301,-0.023133651030496562,-0.02666856574982301,-0.08362578705906942,-0.08362578705906942
825b1d99ae0cc3a9444f,e7c9d5385ef18f9cb4bb,CCCCCCCCN(CCCCCCCC)C(=O)COCC(=O)N(CCCCCCCC)CCCCCCCC,0982ebf465b726073008,Ho-Er,Ho,Er,1,1,-0.024357239512855955,0,-0.1706193447143628,-0.13480733417912788,-0.1706193447143628,-0.02466553403883001,-0.02466553403883001
c636a8b473fb97ce899f,e7c9d5385ef18f9cb4bb,CCCCCCCCN(CCCCCCCC)C(=O)COCC(=O)N(CCCCCCCC)CCCCCCCC,0982ebf465b726073008,Er-Tm,Er,Tm,1,1,0.02841677943166465,0,-0.04023356683509194,-0.02219105939877286,-0.04023356683509194,-0.024862391995579238,-0.024862391995579238
82670c2bb79cbdfc6db9,e7c9d5385ef18f9cb4bb,CCCCCCCCN(CCCCCCCC)C(=O)COCC(=O)N(CCCCCCCC)CCCCCCCC,0982ebf465b726073008,Tm-Yb,Tm,Yb,1,1,0.11366711772665783,0,0.006726835866648392,-0.0063926386239247625,0.006726835866648392,-0.07212863306173092,-0.07212863306173092
febd814d0c020b985442,e7c9d5385ef18f9cb4bb,CCCCCCCCN(CCCCCCCC)C(=O)COCC(=O)N(CCCCCCCC)CCCCCCCC,0982ebf465b726073008,Yb-Lu,Yb,Lu,1,1,0.10554803788903899,0,-0.08072148365136395,-0.09608293506274665,-0.08072148365136395,-0.03735047684026694,-0.03735047684026694
7b630e7161854660b690,dfa71844314e60670263,CCCCCCCCN(CCCCCCCC)C(=O)COCC(=O)N(CCCCCCCC)CCCCCCCC,0982ebf465b726073008,La-Ce,La,Ce,1,1,0.0,0,-0.48126429397327847,-0.7019347192968335,-0.48126429397327847,-0.3659703749029469,-0.3659703749029469
1534521659617ede6330,dfa71844314e60670263,CCCCCCCCN(CCCCCCCC)C(=O)COCC(=O)N(CCCCCCCC)CCCCCCCC,0982ebf465b726073008,Sm-Eu,Sm,Eu,1,1,-0.24729729729729844,0,-0.2305669258183494,-0.24351788906203173,-0.2305669258183494,-0.19083790071417142,-0.19083790071417142
bce451728cecb28aa842,dfa71844314e60670263,CCCCCCCCN(CCCCCCCC)C(=O)COCC(=O)N(CCCCCCCC)CCCCCCCC,0982ebf465b726073008,Eu-Gd,Eu,Gd,1,1,-0.14189189189189233,0,-0.18114856843219979,-0.15056801038823237,-0.18114856843219979,-0.10282468928199942,-0.10282468928199942
dee11e38beedfd60a363,dfa71844314e60670263,CCCCCCCCN(CCCCCCCC)C(=O)COCC(=O)N(CCCCCCCC)CCCCCCCC,0982ebf465b726073008,Gd-Tb,Gd,Tb,1,1,-0.23918918918918763,0,-0.3588523706729891,-0.34379263890109624,-0.3588523706729891,-0.3634827728977523,-0.3634827728977523
37ced99d486754d588b0,dfa71844314e60670263,CCCCCCCCN(CCCCCCCC)C(=O)COCC(=O)N(CCCCCCCC)CCCCCCCC,0982ebf465b726073008,Tb-Dy,Tb,Dy,1,1,-0.09729729729729888,0,-0.003224637216531231,0.03614684819049892,-0.003224637216531231,-0.046143322973031746,-0.046143322973031746
7e341a45750c5ff2f063,dfa71844314e60670263,CCCCCCCCN(CCCCCCCC)C(=O)COCC(=O)N(CCCCCCCC)CCCCCCCC,0982ebf465b726073008,Dy-Ho,Dy,Ho,1,1,-0.08513513513513404,0,-0.02666856574982301,-0.023133651030496562,-0.02666856574982301,-0.07857845776476818,-0.07857845776476818
a1ee3b589827efb14fa0,dfa71844314e60670263,CCCCCCCCN(CCCCCCCC)C(=O)COCC(=O)N(CCCCCCCC)CCCCCCCC,0982ebf465b726073008,Ho-Er,Ho,Er,1,1,-0.004054054054053402,0,-0.1706193447143628,-0.13480733417912788,-0.1706193447143628,-0.01848497848327446,-0.01848497848327446
23ba1a11d2e4b721d071,dfa71844314e60670263,CCCCCCCCN(CCCCCCCC)C(=O)COCC(=O)N(CCCCCCCC)CCCCCCCC,0982ebf465b726073008,Er-Tm,Er,Tm,1,1,0.048648648648648485,0,-0.04023356683509194,-0.02219105939877286,-0.04023356683509194,-0.024862391995579238,-0.024862391995579238
946a7827ce9eddb8cd4a,dfa71844314e60670263,CCCCCCCCN(CCCCCCCC)C(=O)COCC(=O)N(CCCCCCCC)CCCCCCCC,0982ebf465b726073008,Tm-Yb,Tm,Yb,1,1,0.09729729729729655,0,0.006726835866648392,-0.0011451002870626783,0.006726835866648392,-0.07051220487999987,-0.07051220487999987
e4b313bd0a47070984b8,dfa71844314e60670263,CCCCCCCCN(CCCCCCCC)C(=O)COCC(=O)N(CCCCCCCC)CCCCCCCC,0982ebf465b726073008,Yb-Lu,Yb,Lu,1,1,0.016216216216215995,0,-0.08072148365136395,-0.09608293506274665,-0.08072148365136395,-0.03481719982813159,-0.03481719982813159
1fc38c16963697da38a3,3d0c3d71071154dfe027,CCCCCCCCN(CCCCCCCC)C(=O)COCC(=O)N(CCCCCCCC)CCCCCCCC,0982ebf465b726073008,La-Ce,La,Ce,1,1,-0.032432432432432545,0,-0.48126429397327847,-0.6220498225542854,-0.48126429397327847,-0.3659703749029469,-0.3659703749029469
47faeb7a2bc2c9802338,3d0c3d71071154dfe027,CCCCCCCCN(CCCCCCCC)C(=O)COCC(=O)N(CCCCCCCC)CCCCCCCC,0982ebf465b726073008,Sm-Eu,Sm,Eu,1,1,-0.2472972972972982,0,-0.2401791985575475,-0.24351788906203173,-0.2401791985575475,-0.19083790071417142,-0.19083790071417142
1213a662659a63eef857,3d0c3d71071154dfe027,CCCCCCCCN(CCCCCCCC)C(=O)COCC(=O)N(CCCCCCCC)CCCCCCCC,0982ebf465b726073008,Eu-Gd,Eu,Gd,1,1,-0.1905405405405407,0,-0.17879421826260555,-0.15056801038823237,-0.17879421826260555,-0.10787201857630065,-0.10787201857630065
32206f9c8543e4d51d97,3d0c3d71071154dfe027,CCCCCCCCN(CCCCCCCC)C(=O)COCC(=O)N(CCCCCCCC)CCCCCCCC,0982ebf465b726073008,Gd-Tb,Gd,Tb,1,1,-0.21891891891891818,0,-0.363039449214646,-0.34379263890109624,-0.363039449214646,-0.3634827728977523,-0.3634827728977523
66a7829e0274c2c00f85,3d0c3d71071154dfe027,CCCCCCCCN(CCCCCCCC)C(=O)COCC(=O)N(CCCCCCCC)CCCCCCCC,0982ebf465b726073008,Tb-Dy,Tb,Dy,1,1,-0.09729729729729736,0,-0.007960748327642373,0.03614684819049892,-0.007960748327642373,-0.050252822796922475,-0.050252822796922475
ee8c6f22da8d3d78eef0,3d0c3d71071154dfe027,CCCCCCCCN(CCCCCCCC)C(=O)COCC(=O)N(CCCCCCCC)CCCCCCCC,0982ebf465b726073008,Dy-Ho,Dy,Ho,1,1,-0.040540540540538586,0,-0.02666856574982301,-0.023133651030496562,-0.02666856574982301,-0.08362578705906942,-0.08362578705906942
c53642e2eab253949e76,3d0c3d71071154dfe027,CCCCCCCCN(CCCCCCCC)C(=O)COCC(=O)N(CCCCCCCC)CCCCCCCC,0982ebf465b726073008,Ho-Er,Ho,Er,1,1,-0.008108108108110988,0,-0.1706193447143628,-0.13480733417912788,-0.1706193447143628,-0.01848497848327446,-0.01848497848327446
060bd4451a015708df6c,3d0c3d71071154dfe027,CCCCCCCCN(CCCCCCCC)C(=O)COCC(=O)N(CCCCCCCC)CCCCCCCC,0982ebf465b726073008,Er-Tm,Er,Tm,1,1,0.08513513513513514,0,-0.04023356683509194,-0.02219105939877286,-0.04023356683509194,-0.024862391995579238,-0.024862391995579238
8d7768093ad53857d403,3d0c3d71071154dfe027,CCCCCCCCN(CCCCCCCC)C(=O)COCC(=O)N(CCCCCCCC)CCCCCCCC,0982ebf465b726073008,Tm-Yb,Tm,Yb,1,1,0.10540540540540538,0,0.006726835866648392,-0.006284987693413477,0.006726835866648392,-0.07555953417430111,-0.07555953417430111
cf10b5ef1224baa06721,3d0c3d71071154dfe027,CCCCCCCCN(CCCCCCCC)C(=O)COCC(=O)N(CCCCCCCC)CCCCCCCC,0982ebf465b726073008,Yb-Lu,Yb,Lu,1,1,0.04864864864864868,0,-0.08072148365136395,-0.09608293506274665,-0.08072148365136395,-0.03481719982813159,-0.03481719982813159
37fafba106bcd03ea426,557eeb5585484cf2ab24,CCCCCCCCN(CCCCCCCC)C(=O)COCC(=O)N(CCCCCCCC)CCCCCCCC,0982ebf465b726073008,La-Ce,La,Ce,1,1,-0.020270270270269508,0,-0.48126429397327847,-0.576679898809854,-0.48126429397327847,-0.3591396290202855,-0.3591396290202855
f68ad3ec11028dde79fe,557eeb5585484cf2ab24,CCCCCCCCN(CCCCCCCC)C(=O)COCC(=O)N(CCCCCCCC)CCCCCCCC,0982ebf465b726073008,Sm-Eu,Sm,Eu,1,1,-0.2635135135135119,0,-0.24769572146091448,-0.24351788906203173,-0.24769572146091448,-0.19195401545846372,-0.19195401545846372
6bf783b8aff150ce2ebb,557eeb5585484cf2ab24,CCCCCCCCN(CCCCCCCC)C(=O)COCC(=O)N(CCCCCCCC)CCCCCCCC,0982ebf465b726073008,Eu-Gd,Eu,Gd,1,1,-0.17027027027027092,0,-0.1765252935372374,-0.15056801038823237,-0.1765252935372374,-0.10787201857630065,-0.10787201857630065
6a80e1f98623e4f1551f,557eeb5585484cf2ab24,CCCCCCCCN(CCCCCCCC)C(=O)COCC(=O)N(CCCCCCCC)CCCCCCCC,0982ebf465b726073008,Gd-Tb,Gd,Tb,1,1,-0.22702702702702493,0,-0.3611688960909385,-0.3482449592346979,-0.3611688960909385,-0.3634827728977523,-0.3634827728977523
02d2c7fc44a5a4ae5212,557eeb5585484cf2ab24,CCCCCCCCN(CCCCCCCC)C(=O)COCC(=O)N(CCCCCCCC)CCCCCCCC,0982ebf465b726073008,Tb-Dy,Tb,Dy,1,1,-0.11351351351351358,0,-0.007960748327642373,0.029958250899262955,-0.007960748327642373,-0.050252822796922475,-0.050252822796922475
704918c6f9dddfb29e2a,557eeb5585484cf2ab24,CCCCCCCCN(CCCCCCCC)C(=O)COCC(=O)N(CCCCCCCC)CCCCCCCC,0982ebf465b726073008,Dy-Ho,Dy,Ho,1,1,-0.06891891891892027,0,-0.02666856574982301,-0.023133651030496562,-0.02666856574982301,-0.08362578705906942,-0.08362578705906942
1785cf85f8f78ebb31ae,557eeb5585484cf2ab24,CCCCCCCCN(CCCCCCCC)C(=O)COCC(=O)N(CCCCCCCC)CCCCCCCC,0982ebf465b726073008,Ho-Er,Ho,Er,1,1,0.036486486486486225,0,-0.1706193447143628,-0.13480733417912788,-0.1706193447143628,-0.02466553403883001,-0.02466553403883001
07a685736862ac33702c,557eeb5585484cf2ab24,CCCCCCCCN(CCCCCCCC)C(=O)COCC(=O)N(CCCCCCCC)CCCCCCCC,0982ebf465b726073008,Er-Tm,Er,Tm,1,1,0.13783783783783926,0,-0.04023356683509194,-0.02219105939877286,-0.04023356683509194,-0.024862391995579238,-0.024862391995579238
7b57ce8f97e6b3dfcdfa,557eeb5585484cf2ab24,CCCCCCCCN(CCCCCCCC)C(=O)COCC(=O)N(CCCCCCCC)CCCCCCCC,0982ebf465b726073008,Tm-Yb,Tm,Yb,1,1,0.17027027027026842,0,0.006726835866648392,-0.0063926386239247625,0.006726835866648392,-0.07212863306173092,-0.07212863306173092
277b3bd766d4e956c0d5,557eeb5585484cf2ab24,CCCCCCCCN(CCCCCCCC)C(=O)COCC(=O)N(CCCCCCCC)CCCCCCCC,0982ebf465b726073008,Yb-Lu,Yb,Lu,1,1,0.16216216216216212,0,-0.08072148365136395,-0.09608293506274665,-0.08072148365136395,-0.03735047684026694,-0.03735047684026694
290ece1ab7e7b03305a0,6ab7485db7da8e215040,CCCCCCCCN(CCCCCCCC)C(=O)COCC(=O)N(CCCCCCCC)CCCCCCCC,0982ebf465b726073008,La-Ce,La,Ce,1,1,-0.040540540540540126,0,-0.43589437022884703,-0.5774917741832859,-0.43589437022884703,-0.3607489117843313,-0.3607489117843313
06f15b55c83f6c7da09a,6ab7485db7da8e215040,CCCCCCCCN(CCCCCCCC)C(=O)COCC(=O)N(CCCCCCCC)CCCCCCCC,0982ebf465b726073008,Sm-Eu,Sm,Eu,1,1,-0.28783783783783834,0,-0.25548883977850967,-0.24351788906203173,-0.25548883977850967,-0.19528713920138718,-0.19528713920138718
1c2523355a3a43cb4ddb,6ab7485db7da8e215040,CCCCCCCCN(CCCCCCCC)C(=O)COCC(=O)N(CCCCCCCC)CCCCCCCC,0982ebf465b726073008,Eu-Gd,Eu,Gd,1,1,-0.21081081081080819,0,-0.1765252935372374,-0.15056801038823237,-0.1765252935372374,-0.11560246705977725,-0.11560246705977725
3c9061af51556118fe7e,6ab7485db7da8e215040,CCCCCCCCN(CCCCCCCC)C(=O)COCC(=O)N(CCCCCCCC)CCCCCCCC,0982ebf465b726073008,Gd-Tb,Gd,Tb,1,1,-0.21081081081081351,0,-0.3611688960909385,-0.3482449592346979,-0.3611688960909385,-0.3634827728977523,-0.3634827728977523
fabc1de3b2c4c9a14506,6ab7485db7da8e215040,CCCCCCCCN(CCCCCCCC)C(=O)COCC(=O)N(CCCCCCCC)CCCCCCCC,0982ebf465b726073008,Tb-Dy,Tb,Dy,1,1,-0.09324324324324273,0,-0.016002414994309072,0.02368984898067985,-0.016002414994309072,-0.05892110075080958,-0.05892110075080958
ddabb5d824e49c6585e7,6ab7485db7da8e215040,CCCCCCCCN(CCCCCCCC)C(=O)COCC(=O)N(CCCCCCCC)CCCCCCCC,0982ebf465b726073008,Dy-Ho,Dy,Ho,1,1,-0.04864864864864832,0,-0.02122875093500819,-0.023133651030496562,-0.02122875093500819,-0.10341483228957732,-0.10341483228957732
23afbfdb6a2a4255195a,6ab7485db7da8e215040,CCCCCCCCN(CCCCCCCC)C(=O)COCC(=O)N(CCCCCCCC)CCCCCCCC,0982ebf465b726073008,Ho-Er,Ho,Er,1,1,0.06486486486486509,0,-0.1706193447143628,-0.13480733417912788,-0.1706193447143628,-0.047973295975372476,-0.047973295975372476
f93854a566e0da9262c1,6ab7485db7da8e215040,CCCCCCCCN(CCCCCCCC)C(=O)COCC(=O)N(CCCCCCCC)CCCCCCCC,0982ebf465b726073008,Er-Tm,Er,Tm,1,1,0.1540540540540537,0,-0.033861854213379367,-0.01778198914738886,-0.033861854213379367,-0.02653981001608984,-0.02653981001608984
784d1558d9ac9dd47795,6ab7485db7da8e215040,CCCCCCCCN(CCCCCCCC)C(=O)COCC(=O)N(CCCCCCCC)CCCCCCCC,0982ebf465b726073008,Tm-Yb,Tm,Yb,1,1,0.2229729729729753,0,0.006726835866648392,-0.008362609258461372,0.006726835866648392,-0.09939191941602946,-0.09939191941602946
9f927eec5fa47d2ade72,6ab7485db7da8e215040,CCCCCCCCN(CCCCCCCC)C(=O)COCC(=O)N(CCCCCCCC)CCCCCCCC,0982ebf465b726073008,Yb-Lu,Yb,Lu,1,1,0.19054054054053848,0,-0.08072148365136395,-0.0860556714343304,-0.08072148365136395,-0.03735047684026694,-0.03735047684026694
2bdffd15a0643d809ad6,3941181e7331a4fe88bf,CCCCCCCCN(CCCCCCCC)C(=O)COCC(=O)N(CCCCCCCC)CCCCCCCC,0982ebf465b726073008,La-Ce,La,Ce,1,1,-0.07577807848443707,0,-0.48126429397327847,-0.7019347192968335,-0.48126429397327847,-0.3659703749029469,-0.3659703749029469
ab2e9efa1e36317eb637,3941181e7331a4fe88bf,CCCCCCCCN(CCCCCCCC)C(=O)COCC(=O)N(CCCCCCCC)CCCCCCCC,0982ebf465b726073008,Sm-Eu,Sm,Eu,1,1,-0.34641407307171823,0,-0.2305669258183494,-0.24351788906203173,-0.2305669258183494,-0.19083790071417142,-0.19083790071417142
c2892c0e147a602e1a84,3941181e7331a4fe88bf,CCCCCCCCN(CCCCCCCC)C(=O)COCC(=O)N(CCCCCCCC)CCCCCCCC,0982ebf465b726073008,Eu-Gd,Eu,Gd,1,1,-0.18944519621109493,0,-0.18114856843219979,-0.15056801038823237,-0.18114856843219979,-0.10282468928199942,-0.10282468928199942
39d95301d1a771f5c34b,3941181e7331a4fe88bf,CCCCCCCCN(CCCCCCCC)C(=O)COCC(=O)N(CCCCCCCC)CCCCCCCC,0982ebf465b726073008,Gd-Tb,Gd,Tb,1,1,-0.2868741542625182,0,-0.3588523706729891,-0.34379263890109624,-0.3588523706729891,-0.3634827728977523,-0.3634827728977523
c2d0e7c271f44b5d4cb9,3941181e7331a4fe88bf,CCCCCCCCN(CCCCCCCC)C(=O)COCC(=O)N(CCCCCCCC)CCCCCCCC,0982ebf465b726073008,Tb-Dy,Tb,Dy,1,1,-0.17861975642760497,0,-0.003224637216531231,0.03614684819049892,-0.003224637216531231,-0.046143322973031746,-0.046143322973031746
a431bea673c59162c174,3941181e7331a4fe88bf,CCCCCCCCN(CCCCCCCC)C(=O)COCC(=O)N(CCCCCCCC)CCCCCCCC,0982ebf465b726073008,Dy-Ho,Dy,Ho,1,1,-0.1515561569688766,0,-0.02666856574982301,-0.023133651030496562,-0.02666856574982301,-0.07857845776476818,-0.07857845776476818
848338cd29be955ddac8,3941181e7331a4fe88bf,CCCCCCCCN(CCCCCCCC)C(=O)COCC(=O)N(CCCCCCCC)CCCCCCCC,0982ebf465b726073008,Ho-Er,Ho,Er,1,1,-0.07577807848443885,0,-0.1706193447143628,-0.13480733417912788,-0.1706193447143628,-0.01848497848327446,-0.01848497848327446
3da1aad5ff23465e0b7c,3941181e7331a4fe88bf,CCCCCCCCN(CCCCCCCC)C(=O)COCC(=O)N(CCCCCCCC)CCCCCCCC,0982ebf465b726073008,Er-Tm,Er,Tm,1,1,-0.06495263870094559,0,-0.04023356683509194,-0.02219105939877286,-0.04023356683509194,-0.024862391995579238,-0.024862391995579238
216640a1b9f535d702b5,3941181e7331a4fe88bf,CCCCCCCCN(CCCCCCCC)C(=O)COCC(=O)N(CCCCCCCC)CCCCCCCC,0982ebf465b726073008,Tm-Yb,Tm,Yb,1,1,0.027063599458728493,0,0.006726835866648392,-0.0011451002870626783,0.006726835866648392,-0.07051220487999987,-0.07051220487999987
6db040c309e006fd3677,3941181e7331a4fe88bf,CCCCCCCCN(CCCCCCCC)C(=O)COCC(=O)N(CCCCCCCC)CCCCCCCC,0982ebf465b726073008,Yb-Lu,Yb,Lu,1,1,-0.08119079837618415,0,-0.08072148365136395,-0.09608293506274665,-0.08072148365136395,-0.03481719982813159,-0.03481719982813159
35505672160bfb217337,78d8500799cde5b6098c,CCCCCCCCN(CCCCCCCC)C(=O)COCC(=O)N(CCCCCCCC)CCCCCCCC,0982ebf465b726073008,La-Ce,La,Ce,1,1,-0.20568335588633357,0,-0.48126429397327847,-0.6220498225542854,-0.48126429397327847,-0.3659703749029469,-0.3659703749029469
7b0b2f1d4c19d0e2f924,78d8500799cde5b6098c,CCCCCCCCN(CCCCCCCC)C(=O)COCC(=O)N(CCCCCCCC)CCCCCCCC,0982ebf465b726073008,Sm-Eu,Sm,Eu,1,1,-0.4221921515561569,0,-0.2401791985575475,-0.24351788906203173,-0.2401791985575475,-0.19083790071417142,-0.19083790071417142
b1be088597963e0f98b2,78d8500799cde5b6098c,CCCCCCCCN(CCCCCCCC)C(=O)COCC(=O)N(CCCCCCCC)CCCCCCCC,0982ebf465b726073008,Eu-Gd,Eu,Gd,1,1,-0.15155615696887736,0,-0.17879421826260555,-0.15056801038823237,-0.17879421826260555,-0.10787201857630065,-0.10787201857630065
1ec2e83ebe77bca1f3e4,78d8500799cde5b6098c,CCCCCCCCN(CCCCCCCC)C(=O)COCC(=O)N(CCCCCCCC)CCCCCCCC,0982ebf465b726073008,Gd-Tb,Gd,Tb,1,1,-0.346414073071718,0,-0.363039449214646,-0.34379263890109624,-0.363039449214646,-0.3634827728977523,-0.3634827728977523
e147ba9d7e2dad822654,78d8500799cde5b6098c,CCCCCCCCN(CCCCCCCC)C(=O)COCC(=O)N(CCCCCCCC)CCCCCCCC,0982ebf465b726073008,Tb-Dy,Tb,Dy,1,1,0.0,0,-0.007960748327642373,0.03614684819049892,-0.007960748327642373,-0.050252822796922475,-0.050252822796922475
91810b448fc656e7c9ed,78d8500799cde5b6098c,CCCCCCCCN(CCCCCCCC)C(=O)COCC(=O)N(CCCCCCCC)CCCCCCCC,0982ebf465b726073008,Dy-Ho,Dy,Ho,1,1,-0.11366711772665705,0,-0.02666856574982301,-0.023133651030496562,-0.02666856574982301,-0.08362578705906942,-0.08362578705906942
1d7d9ee793e9feb7ff1c,78d8500799cde5b6098c,CCCCCCCCN(CCCCCCCC)C(=O)COCC(=O)N(CCCCCCCC)CCCCCCCC,0982ebf465b726073008,Ho-Er,Ho,Er,1,1,-0.0378890392422202,0,-0.1706193447143628,-0.13480733417912788,-0.1706193447143628,-0.01848497848327446,-0.01848497848327446
be1966276e3400bf9b9c,78d8500799cde5b6098c,CCCCCCCCN(CCCCCCCC)C(=O)COCC(=O)N(CCCCCCCC)CCCCCCCC,0982ebf465b726073008,Er-Tm,Er,Tm,1,1,-0.23274695534506096,0,-0.04023356683509194,-0.02219105939877286,-0.04023356683509194,-0.024862391995579238,-0.024862391995579238
863ef6003b70f7ae72ea,78d8500799cde5b6098c,CCCCCCCCN(CCCCCCCC)C(=O)COCC(=O)N(CCCCCCCC)CCCCCCCC,0982ebf465b726073008,Tm-Yb,Tm,Yb,1,1,0.0703653585926931,0,0.006726835866648392,-0.006284987693413477,0.006726835866648392,-0.07555953417430111,-0.07555953417430111
89a12d5e8d1dc9b54d50,78d8500799cde5b6098c,CCCCCCCCN(CCCCCCCC)C(=O)COCC(=O)N(CCCCCCCC)CCCCCCCC,0982ebf465b726073008,Yb-Lu,Yb,Lu,1,1,0.027063599458727383,0,-0.08072148365136395,-0.09608293506274665,-0.08072148365136395,-0.03481719982813159,-0.03481719982813159
7e434248dbf10be56f68,d6dc4993f6fc360ed7be,CCCCCCCCN(CCCCCCCC)C(=O)COCC(=O)N(CCCCCCCC)CCCCCCCC,0982ebf465b726073008,La-Ce,La,Ce,1,1,-0.3843031123139373,0,-0.48126429397327847,-0.576679898809854,-0.48126429397327847,-0.3591396290202855,-0.3591396290202855
0627788e7074f4c00458,d6dc4993f6fc360ed7be,CCCCCCCCN(CCCCCCCC)C(=O)COCC(=O)N(CCCCCCCC)CCCCCCCC,0982ebf465b726073008,Ce-Pr,Ce,Pr,1,1,-0.7415426251691486,0,-0.32507627043047604,-0.24481546836886614,-0.32507627043047604,-0.24186274265470137,-0.24186274265470137
7ce4f102ee8c8cddb79f,d6dc4993f6fc360ed7be,CCCCCCCCN(CCCCCCCC)C(=O)COCC(=O)N(CCCCCCCC)CCCCCCCC,0982ebf465b726073008,Pr-Nd,Pr,Nd,1,1,-0.13531799729363783,0,-0.16715247749207168,-0.1348745355596922,-0.16715247749207168,-0.19392915525464627,-0.19392915525464627
8d4e2b2df95c7f229127,d6dc4993f6fc360ed7be,CCCCCCCCN(CCCCCCCC)C(=O)COCC(=O)N(CCCCCCCC)CCCCCCCC,0982ebf465b726073008,Sm-Eu,Sm,Eu,1,1,-0.41136671177266537,0,-0.24769572146091448,-0.24351788906203173,-0.24769572146091448,-0.19195401545846372,-0.19195401545846372
e438ffe3ebb5b8390017,d6dc4993f6fc360ed7be,CCCCCCCCN(CCCCCCCC)C(=O)COCC(=O)N(CCCCCCCC)CCCCCCCC,0982ebf465b726073008,Eu-Gd,Eu,Gd,1,1,-0.07036535859269288,0,-0.1765252935372374,-0.15056801038823237,-0.1765252935372374,-0.10787201857630065,-0.10787201857630065
58354e40b6233e98bd37,d6dc4993f6fc360ed7be,CCCCCCCCN(CCCCCCCC)C(=O)COCC(=O)N(CCCCCCCC)CCCCCCCC,0982ebf465b726073008,Gd-Tb,Gd,Tb,1,1,-0.33017591339648167,0,-0.3611688960909385,-0.3482449592346979,-0.3611688960909385,-0.3634827728977523,-0.3634827728977523
4160428a02416c386ea1,d6dc4993f6fc360ed7be,CCCCCCCCN(CCCCCCCC)C(=O)COCC(=O)N(CCCCCCCC)CCCCCCCC,0982ebf465b726073008,Tb-Dy,Tb,Dy,1,1,0.15696887686062233,0,-0.007960748327642373,0.029958250899262955,-0.007960748327642373,-0.050252822796922475,-0.050252822796922475
4f8b701a3ebc8764f6ce,d6dc4993f6fc360ed7be,CCCCCCCCN(CCCCCCCC)C(=O)COCC(=O)N(CCCCCCCC)CCCCCCCC,0982ebf465b726073008,Dy-Ho,Dy,Ho,1,1,-0.07577807848443885,0,-0.02666856574982301,-0.023133651030496562,-0.02666856574982301,-0.08362578705906942,-0.08362578705906942
d729cc08f31b5dd6d3c1,d6dc4993f6fc360ed7be,CCCCCCCCN(CCCCCCCC)C(=O)COCC(=O)N(CCCCCCCC)CCCCCCCC,0982ebf465b726073008,Ho-Er,Ho,Er,1,1,0.010825439783491486,0,-0.1706193447143628,-0.13480733417912788,-0.1706193447143628,-0.02466553403883001,-0.02466553403883001
8a492adb55fb8670a7d7,d6dc4993f6fc360ed7be,CCCCCCCCN(CCCCCCCC)C(=O)COCC(=O)N(CCCCCCCC)CCCCCCCC,0982ebf465b726073008,Er-Tm,Er,Tm,1,1,-0.24357239512855156,0,-0.04023356683509194,-0.02219105939877286,-0.04023356683509194,-0.024862391995579238,-0.024862391995579238
ffba5c7955dbe716013d,d6dc4993f6fc360ed7be,CCCCCCCCN(CCCCCCCC)C(=O)COCC(=O)N(CCCCCCCC)CCCCCCCC,0982ebf465b726073008,Tm-Yb,Tm,Yb,1,1,0.08660351826792945,0,0.006726835866648392,-0.0063926386239247625,0.006726835866648392,-0.07212863306173092,-0.07212863306173092
7c92f9c226e592b9f976,d6dc4993f6fc360ed7be,CCCCCCCCN(CCCCCCCC)C(=O)COCC(=O)N(CCCCCCCC)CCCCCCCC,0982ebf465b726073008,Yb-Lu,Yb,Lu,1,1,0.06495263870094714,0,-0.08072148365136395,-0.09608293506274665,-0.08072148365136395,-0.03735047684026694,-0.03735047684026694
670b27c294bb007f5c50,7cf204faf326346876b6,CCCCCCCCN(CCCCCCCC)C(=O)COCC(=O)N(CCCCCCCC)CCCCCCCC,0982ebf465b726073008,La-Ce,La,Ce,1,1,-0.5575101488497965,0,-0.43589437022884703,-0.5774917741832859,-0.43589437022884703,-0.3607489117843313,-0.3607489117843313
e08f2134644266f028f0,7cf204faf326346876b6,CCCCCCCCN(CCCCCCCC)C(=O)COCC(=O)N(CCCCCCCC)CCCCCCCC,0982ebf465b726073008,Ce-Pr,Ce,Pr,1,1,-0.7577807848443852,0,-0.3260665034961644,-0.2441637186966291,-0.3260665034961644,-0.22791603485363507,-0.22791603485363507
85035eafb1ea574ac98f,7cf204faf326346876b6,CCCCCCCCN(CCCCCCCC)C(=O)COCC(=O)N(CCCCCCCC)CCCCCCCC,0982ebf465b726073008,Pr-Nd,Pr,Nd,1,1,-0.037889039242219535,0,-0.15629647532869037,-0.1348745355596922,-0.15629647532869037,-0.1951394939536117,-0.1951394939536117
d8c4fb5ad3555ea602e7,7cf204faf326346876b6,CCCCCCCCN(CCCCCCCC)C(=O)COCC(=O)N(CCCCCCCC)CCCCCCCC,0982ebf465b726073008,Sm-Eu,Sm,Eu,1,1,-0.13531799729364047,0,-0.25548883977850967,-0.24351788906203173,-0.25548883977850967,-0.19528713920138718,-0.19528713920138718
d4564a69af721dab3948,7cf204faf326346876b6,CCCCCCCCN(CCCCCCCC)C(=O)COCC(=O)N(CCCCCCCC)CCCCCCCC,0982ebf465b726073008,Eu-Gd,Eu,Gd,1,1,-0.01623815967523745,0,-0.1765252935372374,-0.15056801038823237,-0.1765252935372374,-0.11560246705977725,-0.11560246705977725
25c97324fecc39d5670d,7cf204faf326346876b6,CCCCCCCCN(CCCCCCCC)C(=O)COCC(=O)N(CCCCCCCC)CCCCCCCC,0982ebf465b726073008,Gd-Tb,Gd,Tb,1,1,-0.16238159675236719,0,-0.3611688960909385,-0.3482449592346979,-0.3611688960909385,-0.3634827728977523,-0.3634827728977523
2265b4fd679f59132524,7cf204faf326346876b6,CCCCCCCCN(CCCCCCCC)C(=O)COCC(=O)N(CCCCCCCC)CCCCCCCC,0982ebf465b726073008,Tb-Dy,Tb,Dy,1,1,0.17320703653585956,0,-0.016002414994309072,0.02368984898067985,-0.016002414994309072,-0.05892110075080958,-0.05892110075080958
c639a523b64ce79872ea,7cf204faf326346876b6,CCCCCCCCN(CCCCCCCC)C(=O)COCC(=O)N(CCCCCCCC)CCCCCCCC,0982ebf465b726073008,Dy-Ho,Dy,Ho,1,1,-0.027063599458727605,0,-0.02122875093500819,-0.023133651030496562,-0.02122875093500819,-0.10341483228957732,-0.10341483228957732
aff8eadb178ea696b29b,7cf204faf326346876b6,CCCCCCCCN(CCCCCCCC)C(=O)COCC(=O)N(CCCCCCCC)CCCCCCCC,0982ebf465b726073008,Ho-Er,Ho,Er,1,1,0.03788903924221865,0,-0.1706193447143628,-0.13480733417912788,-0.1706193447143628,-0.047973295975372476,-0.047973295975372476
9cdb753ab2dd0a52974f,7cf204faf326346876b6,CCCCCCCCN(CCCCCCCC)C(=O)COCC(=O)N(CCCCCCCC)CCCCCCCC,0982ebf465b726073008,Er-Tm,Er,Tm,1,1,-0.18944519621109657,0,-0.033861854213379367,-0.01778198914738886,-0.033861854213379367,-0.02653981001608984,-0.02653981001608984
47bd8e984ad985ec0e7f,7cf204faf326346876b6,CCCCCCCCN(CCCCCCCC)C(=O)COCC(=O)N(CCCCCCCC)CCCCCCCC,0982ebf465b726073008,Tm-Yb,Tm,Yb,1,1,-0.04871447902570991,0,0.006726835866648392,-0.008362609258461372,0.006726835866648392,-0.09939191941602946,-0.09939191941602946
e36aa7b6b897ba74e195,7cf204faf326346876b6,CCCCCCCCN(CCCCCCCC)C(=O)COCC(=O)N(CCCCCCCC)CCCCCCCC,0982ebf465b726073008,Yb-Lu,Yb,Lu,1,1,0.09742895805142027,0,-0.08072148365136395,-0.0860556714343304,-0.08072148365136395,-0.03735047684026694,-0.03735047684026694
09f46752150dc7155cf0,0188e425d325a92fa220,CCCCCCCCN(CCCCCCCC)C(=O)COCC(=O)N(CCCCCCCC)CCCCCCCC,0982ebf465b726073008,La-Ce,La,Ce,1,1,0.11864406779661052,0,-0.48126429397327847,-0.7019347192968335,-0.48126429397327847,-0.3659703749029469,-0.3659703749029469
12cbd57bba358e35bc65,0188e425d325a92fa220,CCCCCCCCN(CCCCCCCC)C(=O)COCC(=O)N(CCCCCCCC)CCCCCCCC,0982ebf465b726073008,Sm-Eu,Sm,Eu,1,1,-0.1977401129943508,0,-0.2305669258183494,-0.24351788906203173,-0.2305669258183494,-0.19083790071417142,-0.19083790071417142
8a6f743acabf673f01db,0188e425d325a92fa220,CCCCCCCCN(CCCCCCCC)C(=O)COCC(=O)N(CCCCCCCC)CCCCCCCC,0982ebf465b726073008,Eu-Gd,Eu,Gd,1,1,-0.19774011299434968,0,-0.18114856843219979,-0.15056801038823237,-0.18114856843219979,-0.10282468928199942,-0.10282468928199942
34f98966f3432ef23b15,0188e425d325a92fa220,CCCCCCCCN(CCCCCCCC)C(=O)COCC(=O)N(CCCCCCCC)CCCCCCCC,0982ebf465b726073008,Gd-Tb,Gd,Tb,1,1,-0.31073446327683607,0,-0.3588523706729891,-0.34379263890109624,-0.3588523706729891,-0.3634827728977523,-0.3634827728977523
c2bdbf721b3cedc6556d,0188e425d325a92fa220,CCCCCCCCN(CCCCCCCC)C(=O)COCC(=O)N(CCCCCCCC)CCCCCCCC,0982ebf465b726073008,Tb-Dy,Tb,Dy,1,1,-0.20903954802259783,0,-0.003224637216531231,0.03614684819049892,-0.003224637216531231,-0.046143322973031746,-0.046143322973031746
abbb03ee5b9d3627fcd5,0188e425d325a92fa220,CCCCCCCCN(CCCCCCCC)C(=O)COCC(=O)N(CCCCCCCC)CCCCCCCC,0982ebf465b726073008,Dy-Ho,Dy,Ho,1,1,-0.16384180790960634,0,-0.02666856574982301,-0.023133651030496562,-0.02666856574982301,-0.07857845776476818,-0.07857845776476818
0d7013ed23bd51777b01,0188e425d325a92fa220,CCCCCCCCN(CCCCCCCC)C(=O)COCC(=O)N(CCCCCCCC)CCCCCCCC,0982ebf465b726073008,Ho-Er,Ho,Er,1,1,-0.0677966101694889,0,-0.1706193447143628,-0.13480733417912788,-0.1706193447143628,-0.01848497848327446,-0.01848497848327446
09edd2dec82a330dc89a,0188e425d325a92fa220,CCCCCCCCN(CCCCCCCC)C(=O)COCC(=O)N(CCCCCCCC)CCCCCCCC,0982ebf465b726073008,Er-Tm,Er,Tm,1,1,0.03954802259886808,0,-0.04023356683509194,-0.02219105939877286,-0.04023356683509194,-0.024862391995579238,-0.024862391995579238
c90b5d156ba01c950894,0188e425d325a92fa220,CCCCCCCCN(CCCCCCCC)C(=O)COCC(=O)N(CCCCCCCC)CCCCCCCC,0982ebf465b726073008,Tm-Yb,Tm,Yb,1,1,0.05649717514124181,0,0.006726835866648392,-0.0011451002870626783,0.006726835866648392,-0.07051220487999987,-0.07051220487999987
8d34c7a5f9c5b7ba7209,0188e425d325a92fa220,CCCCCCCCN(CCCCCCCC)C(=O)COCC(=O)N(CCCCCCCC)CCCCCCCC,0982ebf465b726073008,Yb-Lu,Yb,Lu,1,1,0.028248587570623318,0,-0.08072148365136395,-0.09608293506274665,-0.08072148365136395,-0.03481719982813159,-0.03481719982813159
7ed642b0261c0f74e4e8,f43a601c7ab2a7d36a73,CCCCCCCCN(CCCCCCCC)C(=O)COCC(=O)N(CCCCCCCC)CCCCCCCC,0982ebf465b726073008,La-Ce,La,Ce,1,1,-0.20903954802259794,0,-0.48126429397327847,-0.6220498225542854,-0.48126429397327847,-0.3659703749029469,-0.3659703749029469
f16900a1d1ebb9a1a3c6,f43a601c7ab2a7d36a73,CCCCCCCCN(CCCCCCCC)C(=O)COCC(=O)N(CCCCCCCC)CCCCCCCC,0982ebf465b726073008,Sm-Eu,Sm,Eu,1,1,-0.23163841807909558,0,-0.2401791985575475,-0.24351788906203173,-0.2401791985575475,-0.19083790071417142,-0.19083790071417142
45a9587d0874a46d360a,f43a601c7ab2a7d36a73,CCCCCCCCN(CCCCCCCC)C(=O)COCC(=O)N(CCCCCCCC)CCCCCCCC,0982ebf465b726073008,Eu-Gd,Eu,Gd,1,1,-0.22033898305084476,0,-0.17879421826260555,-0.15056801038823237,-0.17879421826260555,-0.10787201857630065,-0.10787201857630065
3a15ac406c0019c0123b,f43a601c7ab2a7d36a73,CCCCCCCCN(CCCCCCCC)C(=O)COCC(=O)N(CCCCCCCC)CCCCCCCC,0982ebf465b726073008,Gd-Tb,Gd,Tb,1,1,-0.3333333333333339,0,-0.363039449214646,-0.34379263890109624,-0.363039449214646,-0.3634827728977523,-0.3634827728977523
d50fe567989246e58628,f43a601c7ab2a7d36a73,CCCCCCCCN(CCCCCCCC)C(=O)COCC(=O)N(CCCCCCCC)CCCCCCCC,0982ebf465b726073008,Tb-Dy,Tb,Dy,1,1,-0.2203389830508501,0,-0.007960748327642373,0.03614684819049892,-0.007960748327642373,-0.050252822796922475,-0.050252822796922475
1c716353a9871fd65950,f43a601c7ab2a7d36a73,CCCCCCCCN(CCCCCCCC)C(=O)COCC(=O)N(CCCCCCCC)CCCCCCCC,0982ebf465b726073008,Dy-Ho,Dy,Ho,1,1,-0.18079096045197643,0,-0.02666856574982301,-0.023133651030496562,-0.02666856574982301,-0.08362578705906942,-0.08362578705906942
8de37547550f3de82bf3,f43a601c7ab2a7d36a73,CCCCCCCCN(CCCCCCCC)C(=O)COCC(=O)N(CCCCCCCC)CCCCCCCC,0982ebf465b726073008,Ho-Er,Ho,Er,1,1,-0.08474576271186475,0,-0.1706193447143628,-0.13480733417912788,-0.1706193447143628,-0.01848497848327446,-0.01848497848327446
2ccaa4af692cc5a43c2d,f43a601c7ab2a7d36a73,CCCCCCCCN(CCCCCCCC)C(=O)COCC(=O)N(CCCCCCCC)CCCCCCCC,0982ebf465b726073008,Er-Tm,Er,Tm,1,1,0.005649717514124672,0,-0.04023356683509194,-0.02219105939877286,-0.04023356683509194,-0.024862391995579238,-0.024862391995579238
6d2d598209c7ef96f6f6,f43a601c7ab2a7d36a73,CCCCCCCCN(CCCCCCCC)C(=O)COCC(=O)N(CCCCCCCC)CCCCCCCC,0982ebf465b726073008,Tm-Yb,Tm,Yb,1,1,0.07909604519774008,0,0.006726835866648392,-0.006284987693413477,0.006726835866648392,-0.07555953417430111,-0.07555953417430111
f5d6c0f04920bbf26536,f43a601c7ab2a7d36a73,CCCCCCCCN(CCCCCCCC)C(=O)COCC(=O)N(CCCCCCCC)CCCCCCCC,0982ebf465b726073008,Yb-Lu,Yb,Lu,1,1,-0.01129943502824901,0,-0.08072148365136395,-0.09608293506274665,-0.08072148365136395,-0.03481719982813159,-0.03481719982813159
8ed1e916b72ef33da21d,dd8a839980763b54bc61,CCCCCCCCN(CCCCCCCC)C(=O)COCC(=O)N(CCCCCCCC)CCCCCCCC,0982ebf465b726073008,La-Ce,La,Ce,1,1,0.1977401129943539,0,-0.48126429397327847,-0.576679898809854,-0.48126429397327847,-0.3591396290202855,-0.3591396290202855
0ab915e2489be13d2827,dd8a839980763b54bc61,CCCCCCCCN(CCCCCCCC)C(=O)COCC(=O)N(CCCCCCCC)CCCCCCCC,0982ebf465b726073008,Sm-Eu,Sm,Eu,1,1,-0.27118644067796915,0,-0.24769572146091448,-0.24351788906203173,-0.24769572146091448,-0.19195401545846372,-0.19195401545846372
1f88a1169c94b190373e,dd8a839980763b54bc61,CCCCCCCCN(CCCCCCCC)C(=O)COCC(=O)N(CCCCCCCC)CCCCCCCC,0982ebf465b726073008,Eu-Gd,Eu,Gd,1,1,-0.28248587570621325,0,-0.1765252935372374,-0.15056801038823237,-0.1765252935372374,-0.10787201857630065,-0.10787201857630065
da09e9bf4c60e0ea1b9d,dd8a839980763b54bc61,CCCCCCCCN(CCCCCCCC)C(=O)COCC(=O)N(CCCCCCCC)CCCCCCCC,0982ebf465b726073008,Gd-Tb,Gd,Tb,1,1,-0.34463276836158374,0,-0.3611688960909385,-0.3482449592346979,-0.3611688960909385,-0.3634827728977523,-0.3634827728977523
a1edaf8dae6c63ef6118,dd8a839980763b54bc61,CCCCCCCCN(CCCCCCCC)C(=O)COCC(=O)N(CCCCCCCC)CCCCCCCC,0982ebf465b726073008,Tb-Dy,Tb,Dy,1,1,-0.2655367231638412,0,-0.007960748327642373,0.029958250899262955,-0.007960748327642373,-0.050252822796922475,-0.050252822796922475
00792d0362422cbf6935,dd8a839980763b54bc61,CCCCCCCCN(CCCCCCCC)C(=O)COCC(=O)N(CCCCCCCC)CCCCCCCC,0982ebf465b726073008,Dy-Ho,Dy,Ho,1,1,-0.1807909604519774,0,-0.02666856574982301,-0.023133651030496562,-0.02666856574982301,-0.08362578705906942,-0.08362578705906942
e9870699f8a576ae53c1,dd8a839980763b54bc61,CCCCCCCCN(CCCCCCCC)C(=O)COCC(=O)N(CCCCCCCC)CCCCCCCC,0982ebf465b726073008,Ho-Er,Ho,Er,1,1,-0.0734463276836152,0,-0.1706193447143628,-0.13480733417912788,-0.1706193447143628,-0.02466553403883001,-0.02466553403883001
29446331e651dc44f886,dd8a839980763b54bc61,CCCCCCCCN(CCCCCCCC)C(=O)COCC(=O)N(CCCCCCCC)CCCCCCCC,0982ebf465b726073008,Er-Tm,Er,Tm,1,1,0.0395480225988708,0,-0.04023356683509194,-0.02219105939877286,-0.04023356683509194,-0.024862391995579238,-0.024862391995579238
5321e3e934e86296fc6e,dd8a839980763b54bc61,CCCCCCCCN(CCCCCCCC)C(=O)COCC(=O)N(CCCCCCCC)CCCCCCCC,0982ebf465b726073008,Tm-Yb,Tm,Yb,1,1,0.12429378531073343,0,0.006726835866648392,-0.0063926386239247625,0.006726835866648392,-0.07212863306173092,-0.07212863306173092
3439023263ace88d0773,dd8a839980763b54bc61,CCCCCCCCN(CCCCCCCC)C(=O)COCC(=O)N(CCCCCCCC)CCCCCCCC,0982ebf465b726073008,Yb-Lu,Yb,Lu,1,1,0.10169491525423721,0,-0.08072148365136395,-0.09608293506274665,-0.08072148365136395,-0.03735047684026694,-0.03735047684026694
851fac5db5734681702f,bf84ee34aac123d16347,CCCCCCCCN(CCCCCCCC)C(=O)COCC(=O)N(CCCCCCCC)CCCCCCCC,0982ebf465b726073008,La-Ce,La,Ce,1,1,-0.12429378531073332,0,-0.43589437022884703,-0.5774917741832859,-0.43589437022884703,-0.3607489117843313,-0.3607489117843313
af7266117c87c0c94fa5,bf84ee34aac123d16347,CCCCCCCCN(CCCCCCCC)C(=O)COCC(=O)N(CCCCCCCC)CCCCCCCC,0982ebf465b726073008,Sm-Eu,Sm,Eu,1,1,-0.2655367231638434,0,-0.25548883977850967,-0.24351788906203173,-0.25548883977850967,-0.19528713920138718,-0.19528713920138718
5be95cd76ab3038198bd,bf84ee34aac123d16347,CCCCCCCCN(CCCCCCCC)C(=O)COCC(=O)N(CCCCCCCC)CCCCCCCC,0982ebf465b726073008,Eu-Gd,Eu,Gd,1,1,-0.08474576271186435,0,-0.1765252935372374,-0.15056801038823237,-0.1765252935372374,-0.11560246705977725,-0.11560246705977725
4d7cb6572640f373d274,bf84ee34aac123d16347,CCCCCCCCN(CCCCCCCC)C(=O)COCC(=O)N(CCCCCCCC)CCCCCCCC,0982ebf465b726073008,Gd-Tb,Gd,Tb,1,1,-0.15819209039548127,0,-0.3611688960909385,-0.3482449592346979,-0.3611688960909385,-0.3634827728977523,-0.3634827728977523
947e4d1ff2dfd69dd3d3,bf84ee34aac123d16347,CCCCCCCCN(CCCCCCCC)C(=O)COCC(=O)N(CCCCCCCC)CCCCCCCC,0982ebf465b726073008,Tb-Dy,Tb,Dy,1,1,-0.04519774011299371,0,-0.016002414994309072,0.02368984898067985,-0.016002414994309072,-0.05892110075080958,-0.05892110075080958
0f7a7c8ad450e5cd34ea,bf84ee34aac123d16347,CCCCCCCCN(CCCCCCCC)C(=O)COCC(=O)N(CCCCCCCC)CCCCCCCC,0982ebf465b726073008,Dy-Ho,Dy,Ho,1,1,-0.01129943502824815,0,-0.02122875093500819,-0.023133651030496562,-0.02122875093500819,-0.10341483228957732,-0.10341483228957732
5f286d05d0beced188cc,bf84ee34aac123d16347,CCCCCCCCN(CCCCCCCC)C(=O)COCC(=O)N(CCCCCCCC)CCCCCCCC,0982ebf465b726073008,Ho-Er,Ho,Er,1,1,-0.011299435028248817,0,-0.1706193447143628,-0.13480733417912788,-0.1706193447143628,-0.047973295975372476,-0.047973295975372476
0effc022fdc7d682ed14,bf84ee34aac123d16347,CCCCCCCCN(CCCCCCCC)C(=O)COCC(=O)N(CCCCCCCC)CCCCCCCC,0982ebf465b726073008,Er-Tm,Er,Tm,1,1,0.011299435028248817,0,-0.033861854213379367,-0.01778198914738886,-0.033861854213379367,-0.02653981001608984,-0.02653981001608984
2f1ae0b44f4dede6feaf,bf84ee34aac123d16347,CCCCCCCCN(CCCCCCCC)C(=O)COCC(=O)N(CCCCCCCC)CCCCCCCC,0982ebf465b726073008,Tm-Yb,Tm,Yb,1,1,0.07344632768361503,0,0.006726835866648392,-0.008362609258461372,0.006726835866648392,-0.09939191941602946,-0.09939191941602946
db522939e4051309ce24,bf84ee34aac123d16347,CCCCCCCCN(CCCCCCCC)C(=O)COCC(=O)N(CCCCCCCC)CCCCCCCC,0982ebf465b726073008,Yb-Lu,Yb,Lu,1,1,0.1016949152542378,0,-0.08072148365136395,-0.0860556714343304,-0.08072148365136395,-0.03735047684026694,-0.03735047684026694
5af515099149c74a0a00,f4fb75c990ac4aff2257,CCCCCCCCN(CCCCCCCC)C(=O)COCC(=O)N(CCCCCCCC)CCCCCCCC,0982ebf465b726073008,La-Ce,La,Ce,1,1,0.16829533116178053,0,-0.48126429397327847,-0.6220498225542854,-0.48126429397327847,-0.3659703749029469,-0.3659703749029469
af8f7b5a10a054ef6477,f4fb75c990ac4aff2257,CCCCCCCCN(CCCCCCCC)C(=O)COCC(=O)N(CCCCCCCC)CCCCCCCC,0982ebf465b726073008,Sm-Eu,Sm,Eu,1,1,-0.37459283387621894,0,-0.18324880876830824,-0.24351788906203173,-0.18324880876830824,-0.19382396135755575,-0.19382396135755575
bbe9486918ea20c520d5,f4fb75c990ac4aff2257,CCCCCCCCN(CCCCCCCC)C(=O)COCC(=O)N(CCCCCCCC)CCCCCCCC,0982ebf465b726073008,Eu-Gd,Eu,Gd,1,1,-0.17372421281216308,0,-0.15382796167472784,-0.15056801038823237,-0.15382796167472784,-0.10932998661043564,-0.10932998661043564
16ae81848b6fc276e9b8,1a32f996f6e4af1274d7,CCCCCCCCN(CCCCCCCC)C(=O)COCC(=O)N(CCCCCCCC)CCCCCCCC,0982ebf465b726073008,Ho-Er,Ho,Er,1,1,-0.026086956521739868,0,-0.1706193447143628,-0.13480733417912788,-0.1706193447143628,-0.01848497848327446,-0.01848497848327446
ca1dca5e634e7ad7505f,52c9238c41b19853c9db,CCCCCCCCN(CCCCCCCC)C(=O)COCC(=O)N(CCCCCCCC)CCCCCCCC,0982ebf465b726073008,La-Ce,La,Ce,1,1,-0.39630836047774265,0,-0.47984367715223397,-0.6220498225542854,-0.47984367715223397,-0.3659703749029469,-0.3659703749029469
ff49240f8653b1d92d61,52c9238c41b19853c9db,CCCCCCCCN(CCCCCCCC)C(=O)COCC(=O)N(CCCCCCCC)CCCCCCCC,0982ebf465b726073008,Ce-Pr,Ce,Pr,1,1,-0.6568946796959813,0,-0.30991156799189473,-0.25258324737984394,-0.30991156799189473,-0.24480796909288982,-0.24480796909288982
d008f28cb74e8d2f2c7b,52c9238c41b19853c9db,CCCCCCCCN(CCCCCCCC)C(=O)COCC(=O)N(CCCCCCCC)CCCCCCCC,0982ebf465b726073008,Pr-Nd,Pr,Nd,1,1,-0.14657980456026165,0,-0.15727789578023638,-0.1375101786922517,-0.15727789578023638,-0.20516203018175272,-0.20516203018175272
8b723b7a34d64681fb0b,52c9238c41b19853c9db,CCCCCCCCN(CCCCCCCC)C(=O)COCC(=O)N(CCCCCCCC)CCCCCCCC,0982ebf465b726073008,Sm-Eu,Sm,Eu,1,1,-0.37459283387622344,0,-0.2434154977307446,-0.24351788906203173,-0.2434154977307446,-0.19083790071417142,-0.19083790071417142
c2ae76053ea4dc808ec9,52c9238c41b19853c9db,CCCCCCCCN(CCCCCCCC)C(=O)COCC(=O)N(CCCCCCCC)CCCCCCCC,0982ebf465b726073008,Eu-Gd,Eu,Gd,1,1,-0.0597176981541796,0,-0.17879421826260555,-0.14219749925344072,-0.17879421826260555,-0.10496200652177552,-0.10496200652177552
ea22d0c152fadfab7d7d,52c9238c41b19853c9db,CCCCCCCCN(CCCCCCCC)C(=O)COCC(=O)N(CCCCCCCC)CCCCCCCC,0982ebf465b726073008,Gd-Tb,Gd,Tb,1,1,-0.31489873955530134,0,-0.363039449214646,-0.34379263890109624,-0.363039449214646,-0.3634827728977523,-0.3634827728977523
18e572ea286da568669a,52c9238c41b19853c9db,CCCCCCCCN(CCCCCCCC)C(=O)COCC(=O)N(CCCCCCCC)CCCCCCCC,0982ebf465b726073008,Ho-Er,Ho,Er,1,1,0.3043478260869543,0,-0.1706193447143628,-0.13480733417912788,-0.1706193447143628,-0.01848497848327446,-0.01848497848327446
1cd1b26fad190ac35d7d,52c9238c41b19853c9db,CCCCCCCCN(CCCCCCCC)C(=O)COCC(=O)N(CCCCCCCC)CCCCCCCC,0982ebf465b726073008,Er-Tm,Er,Tm,1,1,-0.23913043478260865,0,-0.04023356683509194,-0.02219105939877286,-0.04023356683509194,-0.024862391995579238,-0.024862391995579238
3930f10a6a5aec63cc2e,52c9238c41b19853c9db,CCCCCCCCN(CCCCCCCC)C(=O)COCC(=O)N(CCCCCCCC)CCCCCCCC,0982ebf465b726073008,Tm-Yb,Tm,Yb,1,1,0.1217391304347839,0,0.006726835866648392,-0.006284987693413477,0.006726835866648392,-0.06926914881764974,-0.06926914881764974
771fa80dd65f17858819,52c9238c41b19853c9db,CCCCCCCCN(CCCCCCCC)C(=O)COCC(=O)N(CCCCCCCC)CCCCCCCC,0982ebf465b726073008,Yb-Lu,Yb,Lu,1,1,0.05652173913043512,0,-0.08072148365136395,-0.09608293506274665,-0.08072148365136395,-0.03481719982813159,-0.03481719982813159
a72116cb051e424e0974,dc0e3be75ed95d7d788a,CCCCCCCCN(CCCCCCCC)C(=O)COCC(=O)N(CCCCCCCC)CCCCCCCC,0982ebf465b726073008,Er-Tm,Er,Tm,1,1,0.0,0,-0.04658600894629845,-0.02219105939877286,-0.04658600894629845,-0.031862116697680375,-0.031862116697680375
df7763e662646a973fbc,dc0e3be75ed95d7d788a,CCCCCCCCN(CCCCCCCC)C(=O)COCC(=O)N(CCCCCCCC)CCCCCCCC,0982ebf465b726073008,Tm-Yb,Tm,Yb,1,1,0.013043478260870267,0,0.0024091009912136953,-0.006284987693413477,0.0024091009912136953,-0.07555953417430111,-0.07555953417430111
d7d92716b8a09cbf8290,dc0e3be75ed95d7d788a,CCCCCCCCN(CCCCCCCC)C(=O)COCC(=O)N(CCCCCCCC)CCCCCCCC,0982ebf465b726073008,Yb-Lu,Yb,Lu,1,1,0.04782608695652091,0,-0.08695770028461339,-0.09610064291173374,-0.08695770028461339,-0.03481719982813159,-0.03481719982813159
f65b9bd5e5d388ce37d2,ccc310b5ec568cb103c1,CCCCCCCCN(CCCCCCCC)C(=O)COCC(=O)N(CCCCCCCC)CCCCCCCC,0982ebf465b726073008,Sm-Eu,Sm,Eu,1,1,-0.4234527687296414,0,-0.2401791985575475,-0.24351788906203173,-0.2401791985575475,-0.19083790071417142,-0.19083790071417142
f97a188c2692af1f5a52,ccc310b5ec568cb103c1,CCCCCCCCN(CCCCCCCC)C(=O)COCC(=O)N(CCCCCCCC)CCCCCCCC,0982ebf465b726073008,Eu-Gd,Eu,Gd,1,1,-0.1628664495114006,0,-0.17879421826260555,-0.15056801038823237,-0.17879421826260555,-0.10787201857630065,-0.10787201857630065
2353ac0d3c90e85a4b74,ccc310b5ec568cb103c1,CCCCCCCCN(CCCCCCCC)C(=O)COCC(=O)N(CCCCCCCC)CCCCCCCC,0982ebf465b726073008,Gd-Tb,Gd,Tb,1,1,-0.3293254024453576,0,-0.363039449214646,-0.34379263890109624,-0.363039449214646,-0.3634827728977523,-0.3634827728977523
af5e37c018fb50f23e6c,ccc310b5ec568cb103c1,CCCCCCCCN(CCCCCCCC)C(=O)COCC(=O)N(CCCCCCCC)CCCCCCCC,0982ebf465b726073008,Tb-Dy,Tb,Dy,1,1,-0.05652173913043379,0,-0.007960748327642373,0.03614684819049892,-0.007960748327642373,-0.050252822796922475,-0.050252822796922475
cbea308c902b1419bea6,ccc310b5ec568cb103c1,CCCCCCCCN(CCCCCCCC)C(=O)COCC(=O)N(CCCCCCCC)CCCCCCCC,0982ebf465b726073008,Tm-Yb,Tm,Yb,1,1,0.06956521739130372,0,0.006726835866648392,-0.006284987693413477,0.006726835866648392,-0.07555953417430111,-0.07555953417430111
ebc7c2dbb7b8590f184c,ccc310b5ec568cb103c1,CCCCCCCCN(CCCCCCCC)C(=O)COCC(=O)N(CCCCCCCC)CCCCCCCC,0982ebf465b726073008,Yb-Lu,Yb,Lu,1,1,0.0434782608695683,0,-0.08072148365136395,-0.09608293506274665,-0.08072148365136395,-0.03481719982813159,-0.03481719982813159
ba10fa2ec58c5be7afff,1d3eed21004c8bf8cce4,CCCCCCCCN(CCCCCCCC)C(=O)COCC(=O)N(CCCCCCCC)CCCCCCCC,0982ebf465b726073008,La-Ce,La,Ce,1,1,-0.25771812080536993,0,-0.4358943702288472,-0.6623198384208155,-0.4358943702288472,-0.285572246716828,-0.285572246716828
7673b1c4df181425db3f,1d3eed21004c8bf8cce4,CCCCCCCCN(CCCCCCCC)C(=O)COCC(=O)N(CCCCCCCC)CCCCCCCC,0982ebf465b726073008,Ce-Pr,Ce,Pr,1,1,-0.2577181208053684,0,-0.2993650194686568,-0.24860742148511533,-0.2993650194686568,-0.3556817268040475,-0.3556817268040475
7357cee93d23ed1e36dd,1d3eed21004c8bf8cce4,CCCCCCCCN(CCCCCCCC)C(=O)COCC(=O)N(CCCCCCCC)CCCCCCCC,0982ebf465b726073008,Pr-Nd,Pr,Nd,1,1,-0.33825503355704667,0,-0.16006548946282778,-0.14883582018649869,-0.16006548946282778,-0.13264748216281053,-0.13264748216281053
0258ca390eefc22ec331,1d3eed21004c8bf8cce4,CCCCCCCCN(CCCCCCCC)C(=O)COCC(=O)N(CCCCCCCC)CCCCCCCC,0982ebf465b726073008,Sm-Eu,Sm,Eu,1,1,-0.15033557046979906,0,-0.14418579550994537,-0.20241464147984878,-0.14418579550994537,-0.16980357402517837,-0.16980357402517837
e77a1929b4f0ac71050a,5e8fb9019e14e59c91aa,CCCCCCCCN(CCCCCCCC)C(=O)COCC(=O)N(CCCCCCCC)CCCCCCCC,0982ebf465b726073008,Gd-Tb,Gd,Tb,1,1,-0.42416107382550594,0,-0.31718882337310594,-0.3326352962161533,-0.31718882337310594,-0.34238341513081705,-0.34238341513081705
90d103846d9451bcb750,5e8fb9019e14e59c91aa,CCCCCCCCN(CCCCCCCC)C(=O)COCC(=O)N(CCCCCCCC)CCCCCCCC,0982ebf465b726073008,Tb-Dy,Tb,Dy,1,1,-0.010738255033556854,0,0.011269482300209889,0.024852662800101646,0.011269482300209889,-0.11594910359780884,-0.11594910359780886
361ade24f96cf541f0a9,5e8fb9019e14e59c91aa,CCCCCCCCN(CCCCCCCC)C(=O)COCC(=O)N(CCCCCCCC)CCCCCCCC,0982ebf465b726073008,Dy-Ho,Dy,Ho,1,1,-0.06442953020134112,0,-0.038418727798208825,-0.03864304541221652,-0.038418727798208825,-0.046909894766480914,-0.046909894766480914
83cc58caf8ac2158771a,5e8fb9019e14e59c91aa,CCCCCCCCN(CCCCCCCC)C(=O)COCC(=O)N(CCCCCCCC)CCCCCCCC,0982ebf465b726073008,Ho-Er,Ho,Er,1,1,-0.03221476510066967,0,-0.15942688596888072,-0.13262807121957954,-0.15942688596888072,-0.09034720811314875,-0.09034720811314875
e9be2340be8fe0de2560,5e8fb9019e14e59c91aa,CCCCCCCCN(CCCCCCCC)C(=O)COCC(=O)N(CCCCCCCC)CCCCCCCC,0982ebf465b726073008,Er-Tm,Er,Tm,1,1,-0.010738255033557298,0,-0.05382562775423973,-0.021105100096257653,-0.05382562775423973,-0.0506791188494843,-0.0506791188494843
57b9c44dae5c587baf01,5e8fb9019e14e59c91aa,CCCCCCCCN(CCCCCCCC)C(=O)COCC(=O)N(CCCCCCCC)CCCCCCCC,0982ebf465b726073008,Tm-Yb,Tm,Yb,1,1,0.0,0,-0.0007987518899249377,0.0011048328521337356,-0.0007987518899249377,-0.07450632522195594,-0.07450632522195594
4f3b8266c017afdcb195,5e8fb9019e14e59c91aa,CCCCCCCCN(CCCCCCCC)C(=O)COCC(=O)N(CCCCCCCC)CCCCCCCC,0982ebf465b726073008,Yb-Lu,Yb,Lu,1,1,-0.010738255033559074,0,-0.07580413201388543,-0.0936907204775394,-0.07580413201388543,-0.037145835423304505,-0.037145835423304505
8bd25b7f26980f0b6f51,94ddf43e14808d8b437c,CCCCCCCCCCCCN(CCCCCCCCCCCC)C(=O)COCCOCC(=O)N(CCCCCCCCCCCC)CCCCCCCCCCCC,221724ff4004cc098933,La-Ce,La,Ce,1,1,0.018489984591679498,2,-0.7097583319383858,-0.8124806941511598,-0.8124806941511598,-0.3366320200556822,-0.4299135980263581
d5bb4a8431c6d89c9271,94ddf43e14808d8b437c,CCCCCCCCCCCCN(CCCCCCCCCCCC)C(=O)COCCOCC(=O)N(CCCCCCCCCCCC)CCCCCCCCCCCC,221724ff4004cc098933,Ce-Pr,Ce,Pr,1,1,-0.08628659476117262,2,0.05459403177416267,-0.03910690959681663,-0.03910690959681664,-0.2037500223373802,-0.13916400880949448
6bc4b8be53e7a5d243f4,94ddf43e14808d8b437c,CCCCCCCCCCCCN(CCCCCCCCCCCC)C(=O)COCCOCC(=O)N(CCCCCCCCCCCC)CCCCCCCCCCCC,221724ff4004cc098933,Pr-Nd,Pr,Nd,1,1,0.12326656394453106,2,-0.44241559997102053,-0.5074773350759754,-0.5074773350759754,-0.25224490400333277,-0.2997875779952547
6e0c2fc08e412cbf2ca3,94ddf43e14808d8b437c,CCCCCCCCCCCCN(CCCCCCCCCCCC)C(=O)COCCOCC(=O)N(CCCCCCCCCCCC)CCCCCCCCCCCC,221724ff4004cc098933,Sm-Eu,Sm,Eu,1,1,0.3266563944530049,2,-0.24054339709663033,-0.3016429128107696,-0.3016429128107696,-0.14709117545687872,-0.17045423086681663
57757335c773b91e1003,6a5ff6bede00bd779b4f,CCCCCCCCCCCCN(CCCCCCCCCCCC)C(=O)COCCOCC(=O)N(CCCCCCCCCCCC)CCCCCCCCCCCC,221724ff4004cc098933,Tb-Dy,Tb,Dy,1,1,0.2157164869029271,2,-0.2522535610049641,-0.33944167232346745,-0.33944167232346745,-0.12558274712408007,-0.1572504505943011
d7a2294f0daaff46ce03,6a5ff6bede00bd779b4f,CCCCCCCCCCCCN(CCCCCCCCCCCC)C(=O)COCCOCC(=O)N(CCCCCCCCCCCC)CCCCCCCCCCCC,221724ff4004cc098933,Dy-Ho,Dy,Ho,1,1,0.17873651771957078,2,-0.2927016184342298,-0.35346715440006277,-0.35346715440006277,-0.07165005839844997,-0.12691294840739492
924454955f6f14489ed2,6a5ff6bede00bd779b4f,CCCCCCCCCCCCN(CCCCCCCCCCCC)C(=O)COCCOCC(=O)N(CCCCCCCCCCCC)CCCCCCCCCCCC,221724ff4004cc098933,Ho-Er,Ho,Er,1,1,0.08628659476116829,2,-0.06555321677248513,-0.030699593953210164,-0.03069959395321016,-0.11711162011604202,-0.1042220192801528
879f20824e86143f828f,6a5ff6bede00bd779b4f,CCCCCCCCCCCCN(CCCCCCCCCCCC)C(=O)COCCOCC(=O)N(CCCCCCCCCCCC)CCCCCCCCCCCC,221724ff4004cc098933,Er-Tm,Er,Tm,1,1,0.10477657935285101,2,-0.0006301143853366816,-0.047886700348309365,-0.047886700348309365,-0.04472151714099331,-0.033698666452079154
20ce59a0d8a13d190596,6a5ff6bede00bd779b4f,CCCCCCCCCCCCN(CCCCCCCCCCCC)C(=O)COCCOCC(=O)N(CCCCCCCCCCCC)CCCCCCCCCCCC,221724ff4004cc098933,Tm-Yb,Tm,Yb,1,1,0.02465331278890548,2,0.026028780264526916,0.01576508428742171,0.01576508428742171,-0.036542747840447774,-0.020899865814204097
d2df0e83a5afcb53d89a,6a5ff6bede00bd779b4f,CCCCCCCCCCCCN(CCCCCCCCCCCC)C(=O)COCCOCC(=O)N(CCCCCCCCCCCC)CCCCCCCCCCCC,221724ff4004cc098933,Yb-Lu,Yb,Lu,1,1,0.17873651771956922,2,0.051648872745130685,0.04989985568131243,0.04989985568131243,-0.01538109671207001,0.0013763956522301682
77b5164f0340a9e5607b,6922ca58b292773b750b,CCCCCCCCCCCCN(CCCCCCCCCCCC)C(=O)COCCOCC(=O)N(CCCCCCCCCCCC)CCCCCCCCCCCC,221724ff4004cc098933,La-Ce,La,Ce,1,1,0.3513097072419117,2,-0.7097583319383858,-0.8175145057738789,-0.8175145057738789,-0.34091082216287416,-0.4331226996067521
cd1ae3f42670f86c4cc0,6922ca58b292773b750b,CCCCCCCCCCCCN(CCCCCCCCCCCC)C(=O)COCCOCC(=O)N(CCCCCCCCCCCC)CCCCCCCCCCCC,221724ff4004cc098933,Ce-Pr,Ce,Pr,1,1,-0.44375963020030806,2,0.05378215640073095,-0.040528842677582624,-0.04052884267758263,-0.20162323650011985,-0.13777188827490713
de81bc8199991d44f8eb,6922ca58b292773b750b,CCCCCCCCCCCCN(CCCCCCCCCCCC)C(=O)COCCOCC(=O)N(CCCCCCCCCCCC)CCCCCCCCCCCC,221724ff4004cc098933,Pr-Nd,Pr,Nd,1,1,0.5115562403698002,2,-0.44241559997102053,-0.5074773350759754,-0.5074773350759754,-0.2582583697731607,-0.30429767732262564
4434c811d516ae91589c,6922ca58b292773b750b,CCCCCCCCCCCCN(CCCCCCCCCCCC)C(=O)COCCOCC(=O)N(CCCCCCCCCCCC)CCCCCCCCCCCC,221724ff4004cc098933,Sm-Eu,Sm,Eu,1,1,0.24653312788906107,2,-0.24846916574749356,-0.3017905217918557,-0.3017905217918557,-0.1374758978908166,-0.16522421485498584
b2f205ecd6f9a40dada1,23516bb69fe1c3ab2724,CCCCCCCCCCCCN(CCCCCCCCCCCC)C(=O)COCCOCC(=O)N(CCCCCCCCCCCC)CCCCCCCCCCCC,221724ff4004cc098933,Tb-Dy,Tb,Dy,1,1,0.22804314329738104,2,-0.2408987047367164,-0.3368395744537509,-0.3368395744537509,-0.1305925771426003,-0.15816910904112932
f04cf824e0db415e9192,23516bb69fe1c3ab2724,CCCCCCCCCCCCN(CCCCCCCCCCCC)C(=O)COCCOCC(=O)N(CCCCCCCCCCCC)CCCCCCCCCCCC,221724ff4004cc098933,Dy-Ho,Dy,Ho,1,1,0.23420647149460755,2,-0.2908626113289157,-0.3478720132482429,-0.3478720132482429,-0.07165005839844997,-0.1264531966310664
6d735538cee2841c314b,23516bb69fe1c3ab2724,CCCCCCCCCCCCN(CCCCCCCCCCCC)C(=O)COCCOCC(=O)N(CCCCCCCCCCCC)CCCCCCCCCCCC,221724ff4004cc098933,Ho-Er,Ho,Er,1,1,0.12326656394452895,2,-0.06028882014319244,-0.029581975848884202,-0.029581975848884202,-0.11479270050480551,-0.10116673041440225
cfd75b52cd3ac59711ef,23516bb69fe1c3ab2724,CCCCCCCCCCCCN(CCCCCCCCCCCC)C(=O)COCCOCC(=O)N(CCCCCCCCCCCC)CCCCCCCCCCCC,221724ff4004cc098933,Er-Tm,Er,Tm,1,1,0.21571648690292922,2,0.0027618895557185033,-0.047886700348309365,-0.047886700348309365,-0.03726610964232935,-0.027259109842817385
1ee27df2fe3937e37365,23516bb69fe1c3ab2724,CCCCCCCCCCCCN(CCCCCCCCCCCC)C(=O)COCCOCC(=O)N(CCCCCCCCCCCC)CCCCCCCCCCCC,221724ff4004cc098933,Tm-Yb,Tm,Yb,1,1,-0.07395993836671766,2,0.025504054925797867,0.01576508428742171,0.01576508428742171,-0.026988021252647938,-0.013865002208036485
e08b41476a6ec1889d7a,23516bb69fe1c3ab2724,CCCCCCCCCCCCN(CCCCCCCCCCCC)C(=O)COCCOCC(=O)N(CCCCCCCCCCCC)CCCCCCCCCCCC,221724ff4004cc098933,Yb-Lu,Yb,Lu,1,1,0.16024653312788817,2,0.05807134702428532,0.050305809673193355,0.050305809673193355,-0.010255841631582635,0.0068259555323843535
58d51efdf848e43a88a1,e96f7ccecbe2fa9befdf,CCCCCCCCCCCCN(CCCCCCCCCCCC)C(=O)COCC(=O)N(CCCCCCCCCCCC)CCCCCCCCCCCC,0982ebf465b726073008,Gd-Tb,Gd,Tb,1,1,-0.51526717557252,0,-0.22865283195825942,-0.2595037284693441,-0.22865283195825942,-0.3397010254120548,-0.3397010254120548
5cb570f9053900e88d82,e9faab2ea52fa94a5b72,CCCCCCCCCCCCN(CCCCCCCCCCCC)C(=O)COCC(=O)N(CCCCCCCCCCCC)CCCCCCCCCCCC,0982ebf465b726073008,Gd-Tb,Gd,Tb,1,1,-0.08684546615581112,0,-0.2562578907735059,-0.2545391037880315,-0.2562578907735059,-0.3375526519310158,-0.3375526519310158
cfc47753e2d880f80ce5,b9494f639ee0c5c6d3ba,CC(C)CCCC(C)CCCCN(C)C(=O)COCC(=O)N(C)CCCCC(C)CCCC(C)C,a8fd6bf251825976fc63,La-Ce,La,Ce,1,1,-0.19329328916330352,1,-0.3483107296540354,-0.36434708133906973,-0.36434708133906973,-0.3464038871243833,-0.34783401902162236
b90e8730615a35e413d8,b9494f639ee0c5c6d3ba,CC(C)CCCC(C)CCCCN(C)C(=O)COCC(=O)N(C)CCCCC(C)CCCC(C)C,a8fd6bf251825976fc63,Ce-Pr,Ce,Pr,1,1,-0.16325403435050903,1,-0.04264236972899161,-0.06853065797334268,-0.06853065797334268,-0.1860863591581643,-0.07850336708628478
8467cc38fcc0120ee19d,b9494f639ee0c5c6d3ba,CC(C)CCCC(C)CCCCN(C)C(=O)COCC(=O)N(C)CCCCC(C)CCCC(C)C,a8fd6bf251825976fc63,Pr-Nd,Pr,Nd,1,1,-0.24879037757538575,1,-0.16374648443709033,-0.1454184457629944,-0.1454184457629944,-0.18293951426456534,-0.16854474189395907
465476d97d28d991c5e2,b9494f639ee0c5c6d3ba,CC(C)CCCC(C)CCCCN(C)C(=O)COCC(=O)N(C)CCCCC(C)CCCC(C)C,a8fd6bf251825976fc63,Sm-Eu,Sm,Eu,1,1,-0.11230382420910812,1,-0.11990242500933382,-0.13667206530517526,-0.13667206530517526,-0.11838829155440522,-0.11952389164560168
4fd6318d25cd4f49a68b,b9494f639ee0c5c6d3ba,CC(C)CCCC(C)CCCCN(C)C(=O)COCC(=O)N(C)CCCCC(C)CCCC(C)C,a8fd6bf251825976fc63,Eu-Gd,Eu,Gd,1,1,-0.04451372520053787,1,-0.08428090415902151,-0.10380681706492653,-0.10380681706492653,-0.15264768517817828,-0.1013725994138107
b306a812cb15b4c707f8,b9494f639ee0c5c6d3ba,CC(C)CCCC(C)CCCCN(C)C(=O)COCC(=O)N(C)CCCCC(C)CCCC(C)C,a8fd6bf251825976fc63,Gd-Tb,Gd,Tb,1,1,-0.10966648217940023,1,-0.10505271786814885,-0.13652080539426367,-0.13652080539426367,-0.20003446602704758,-0.12879815490787352
5be3d0c7b80f5eedd8ee,b9494f639ee0c5c6d3ba,CC(C)CCCC(C)CCCCN(C)C(=O)COCC(=O)N(C)CCCCC(C)CCCC(C)C,a8fd6bf251825976fc63,Tb-Dy,Tb,Dy,1,1,-0.03402678352069133,1,-0.03324794580634938,-0.051910229554056705,-0.051910229554056705,0.010631008192611107,-0.022278207306609257
979f2e095d9bd670d912,b9494f639ee0c5c6d3ba,CC(C)CCCC(C)CCCCN(C)C(=O)COCC(=O)N(C)CCCCC(C)CCCC(C)C,a8fd6bf251825976fc63,Dy-Ho,Dy,Ho,1,1,-0.038264500095282594,1,-0.07472676119750728,-0.07956650371976604,-0.07956650371976604,-0.061568910655503795,-0.07143729856200641
e039eaa45c118a37a3a9,b9494f639ee0c5c6d3ba,CC(C)CCCC(C)CCCCN(C)C(=O)COCC(=O)N(C)CCCCC(C)CCCC(C)C,a8fd6bf251825976fc63,Ho-Er,Ho,Er,1,1,-0.02562884752083061,1,-0.04719200378860389,-0.06398895545257055,-0.06398895545257055,-0.05514568508920278,-0.04918042411375361
6eab0fbeb5362e42c555,b9494f639ee0c5c6d3ba,CC(C)CCCC(C)CCCCN(C)C(=O)COCC(=O)N(C)CCCCC(C)CCCC(C)C,a8fd6bf251825976fc63,Er-Tm,Er,Tm,1,1,0.020192709559937683,1,-0.059801394593765815,-0.04910703458009509,-0.04910703458009509,-0.05613819114806165,-0.05888559373233977
c9d2dc7c59a8192400ac,b9494f639ee0c5c6d3ba,CC(C)CCCC(C)CCCCN(C)C(=O)COCC(=O)N(C)CCCCC(C)CCCC(C)C,a8fd6bf251825976fc63,Tm-Yb,Tm,Yb,1,1,-0.001172818649305185,1,-0.0013540774556658926,-0.0029944837747295596,-0.0029944837747295596,-0.0929820118975957,-0.024261061066148344
8b5301b869f210f40ef7,b9494f639ee0c5c6d3ba,CC(C)CCCC(C)CCCCN(C)C(=O)COCC(=O)N(C)CCCCC(C)CCCC(C)C,a8fd6bf251825976fc63,Yb-Lu,Yb,Lu,1,1,-0.011329058478542153,1,-0.047636721376878056,-0.050048164318209895,-0.050048164318209895,-0.06999421533770588,-0.05322609486708501
e4ee04e8ffeebb070cea,49841807647495b21a1d,CCCCCCCCN(CCCCCCCC)C(=O)[C@H](C)O[C@H](C)C(=O)N(CCCCCCCC)CCCCCCCC,e2ca18693d3269d22b7c,La-Ce,La,Ce,1,1,-0.28643216080402034,1,-0.0934962899261505,-0.15703149974467395,-0.15703149974467395,-0.12352963693428919,-0.10100462667818517
78e90c1548baf0997f5c,49841807647495b21a1d,CCCCCCCCN(CCCCCCCC)C(=O)[C@H](C)O[C@H](C)C(=O)N(CCCCCCCC)CCCCCCCC,e2ca18693d3269d22b7c,Ce-Pr,Ce,Pr,1,1,-0.08542713567839157,1,-0.15574008238610132,-0.19577308281547146,-0.19577308281547146,-0.08632220464616511,-0.13838561295111726
87337dc34a7cd944fd37,49841807647495b21a1d,CCCCCCCCN(CCCCCCCC)C(=O)[C@H](C)O[C@H](C)C(=O)N(CCCCCCCC)CCCCCCCC,e2ca18693d3269d22b7c,Pr-Nd,Pr,Nd,1,1,-0.010050251256281034,1,0.04984908267444917,0.038693395597500756,0.038693395597500756,-0.06347969306520912,0.021516888739534598
1c5feada00c725eb1722,49841807647495b21a1d,CCCCCCCCN(CCCCCCCC)C(=O)[C@H](C)O[C@H](C)C(=O)N(CCCCCCCC)CCCCCCCC,e2ca18693d3269d22b7c,Sm-Eu,Sm,Eu,1,1,0.0,1,0.05688744165683641,0.0569539671299798,0.0569539671299798,-0.0010953103463723982,0.0423917536560342
dc37858cc1fa9cb265bd,49841807647495b21a1d,CCCCCCCCN(CCCCCCCC)C(=O)[C@H](C)O[C@H](C)C(=O)N(CCCCCCCC)CCCCCCCC,e2ca18693d3269d22b7c,Eu-Gd,Eu,Gd,1,1,0.04020100502512565,1,0.09802562777503912,0.111526140207909,0.111526140207909,-0.05227086744683745,0.06045150396956998
910a478f0c5ec1374678,49841807647495b21a1d,CCCCCCCCN(CCCCCCCC)C(=O)[C@H](C)O[C@H](C)C(=O)N(CCCCCCCC)CCCCCCCC,e2ca18693d3269d22b7c,Gd-Tb,Gd,Tb,1,1,-0.14070351758793959,1,0.022984614184560156,0.00616062039360931,0.00616062039360931,-0.0479583274266097,0.005248878781767691
808fbc939385b6c8ed06,49841807647495b21a1d,CCCCCCCCN(CCCCCCCC)C(=O)[C@H](C)O[C@H](C)C(=O)N(CCCCCCCC)CCCCCCCC,e2ca18693d3269d22b7c,Tb-Dy,Tb,Dy,1,1,-0.07537688442210759,1,0.07226381065033939,0.06758873852117205,0.06758873852117205,-0.014031716188843617,0.05068992894054364
2cd03108283ed454460a,49841807647495b21a1d,CCCCCCCCN(CCCCCCCC)C(=O)[C@H](C)O[C@H](C)C(=O)N(CCCCCCCC)CCCCCCCC,e2ca18693d3269d22b7c,Dy-Ho,Dy,Ho,1,1,-0.02010050251256476,1,0.08437872971979049,0.07743081798735382,0.07743081798735382,-0.02090416882834311,0.05805800508275709
194d68bcd980adf654d5,49841807647495b21a1d,CCCCCCCCN(CCCCCCCC)C(=O)[C@H](C)O[C@H](C)C(=O)N(CCCCCCCC)CCCCCCCC,e2ca18693d3269d22b7c,Ho-Er,Ho,Er,1,1,0.015075376884423869,1,0.0452251321446821,0.058832185578851566,0.058832185578851566,0.024690795039680663,0.04009154786843174
51a6eb1cf99deb3f9742,49841807647495b21a1d,CCCCCCCCN(CCCCCCCC)C(=O)[C@H](C)O[C@H](C)C(=O)N(CCCCCCCC)CCCCCCCC,e2ca18693d3269d22b7c,Er-Tm,Er,Tm,1,1,0.07537688442211045,1,0.07925893448745078,0.08014094910895601,0.08014094910895601,0.038426757310661835,0.06905089019325354
7d8f840dea481d36d98e,49841807647495b21a1d,CCCCCCCCN(CCCCCCCC)C(=O)[C@H](C)O[C@H](C)C(=O)N(CCCCCCCC)CCCCCCCC,e2ca18693d3269d22b7c,Tm-Yb,Tm,Yb,1,1,0.0904522613065309,1,-0.0031166855343292468,0.027015733862225125,0.027015733862225125,0.011944488452544255,0.0006486079623891287
70f44ccb61d9d078daac,49841807647495b21a1d,CCCCCCCCN(CCCCCCCC)C(=O)[C@H](C)O[C@H](C)C(=O)N(CCCCCCCC)CCCCCCCC,e2ca18693d3269d22b7c,Yb-Lu,Yb,Lu,1,1,0.11557788944723527,1,0.11954007114894005,0.12041765214298986,0.12041765214298986,0.0522451781170144,0.10271634789095864
45ca05f4cfe05eca52e7,b2bbe300c955bad9d2c2,CCCCCCCCN(CCCCCCCC)C(=O)[C@H](C)O[C@@H](C)C(=O)N(CCCCCCCC)CCCCCCCC,e2ca18693d3269d22b7c,La-Ce,La,Ce,1,1,-0.5678391959799005,1,-0.0934962899261505,-0.15703149974467395,-0.15703149974467395,-0.11175890047713906,-0.09806194256389764
305a0acf50359be2ee63,b2bbe300c955bad9d2c2,CCCCCCCCN(CCCCCCCC)C(=O)[C@H](C)O[C@@H](C)C(=O)N(CCCCCCCC)CCCCCCCC,e2ca18693d3269d22b7c,Ce-Pr,Ce,Pr,1,1,-0.2763819095477381,1,-0.15574008238610132,-0.19577308281547146,-0.19577308281547146,-0.15062493456258697,-0.15446129543022274
d7ea90834a03dbffe3cc,b2bbe300c955bad9d2c2,CCCCCCCCN(CCCCCCCC)C(=O)[C@H](C)O[C@@H](C)C(=O)N(CCCCCCCC)CCCCCCCC,e2ca18693d3269d22b7c,Pr-Nd,Pr,Nd,1,1,-0.22110552763818925,1,0.04984908267444917,0.038693395597500756,0.038693395597500756,-0.10078549799554076,0.012190437506951687
fc728fb9f9f8f85e1a78,b2bbe300c955bad9d2c2,CCCCCCCCN(CCCCCCCC)C(=O)[C@H](C)O[C@@H](C)C(=O)N(CCCCCCCC)CCCCCCCC,e2ca18693d3269d22b7c,Sm-Eu,Sm,Eu,1,1,-0.13567839195979814,1,0.05688744165683641,0.0569539671299798,0.0569539671299798,-0.011903138295569736,0.03968979666873487
07d9314e07c23ce70dcd,b2bbe300c955bad9d2c2,CCCCCCCCN(CCCCCCCC)C(=O)[C@H](C)O[C@@H](C)C(=O)N(CCCCCCCC)CCCCCCCC,e2ca18693d3269d22b7c,Eu-Gd,Eu,Gd,1,1,-0.015075376884423175,1,0.09802562777503912,0.111526140207909,0.111526140207909,0.012915232069846093,0.07674802884874087
f1a826ae5374d3331b6c,b2bbe300c955bad9d2c2,CCCCCCCCN(CCCCCCCC)C(=O)[C@H](C)O[C@@H](C)C(=O)N(CCCCCCCC)CCCCCCCC,e2ca18693d3269d22b7c,Gd-Tb,Gd,Tb,1,1,-0.21105527638190913,1,0.022984614184560156,0.00616062039360931,0.00616062039360931,-0.13769501616628588,-0.017185293403151353
1e4989547822fe22300d,b2bbe300c955bad9d2c2,CCCCCCCCN(CCCCCCCC)C(=O)[C@H](C)O[C@@H](C)C(=O)N(CCCCCCCC)CCCCCCCC,e2ca18693d3269d22b7c,Tb-Dy,Tb,Dy,1,1,-0.10050251256281251,1,0.07226381065033939,0.06758873852117205,0.06758873852117205,0.03708752283233244,0.06346973869583765
7357c19406e1afbd8183,b2bbe300c955bad9d2c2,CCCCCCCCN(CCCCCCCC)C(=O)[C@H](C)O[C@@H](C)C(=O)N(CCCCCCCC)CCCCCCCC,e2ca18693d3269d22b7c,Dy-Ho,Dy,Ho,1,1,-0.05025125628140659,1,0.08437872971979049,0.07743081798735382,0.07743081798735382,-0.0736123308266883,0.04488096458317079
95e047f3fd35ead44c6e,b2bbe300c955bad9d2c2,CCCCCCCCN(CCCCCCCC)C(=O)[C@H](C)O[C@@H](C)C(=O)N(CCCCCCCC)CCCCCCCC,e2ca18693d3269d22b7c,Ho-Er,Ho,Er,1,1,0.07035175879397171,1,0.0452251321446821,0.058832185578851566,0.058832185578851566,0.05836508116623847,0.04851011940007119
5c4eb1ca644274a46d4d,b2bbe300c955bad9d2c2,CCCCCCCCN(CCCCCCCC)C(=O)[C@H](C)O[C@@H](C)C(=O)N(CCCCCCCC)CCCCCCCC,e2ca18693d3269d22b7c,Er-Tm,Er,Tm,1,1,0.09547738693466923,1,0.07925893448745078,0.08014094910895601,0.08014094910895601,-0.0012999591883248278,0.05911921106850687
fd7fe9337ed980572183,b2bbe300c955bad9d2c2,CCCCCCCCN(CCCCCCCC)C(=O)[C@H](C)O[C@@H](C)C(=O)N(CCCCCCCC)CCCCCCCC,e2ca18693d3269d22b7c,Tm-Yb,Tm,Yb,1,1,0.1457286432160816,1,-0.0031166855343292468,0.027015733862225125,0.027015733862225125,0.08972358570463132,0.020093382275410895
89067ecf8ea91bb38906,b2bbe300c955bad9d2c2,CCCCCCCCN(CCCCCCCC)C(=O)[C@H](C)O[C@@H](C)C(=O)N(CCCCCCCC)CCCCCCCC,e2ca18693d3269d22b7c,Yb-Lu,Yb,Lu,1,1,0.26633165829145744,1,0.11954007114894005,0.12041765214298986,0.12041765214298986,0.00038064100185973733,0.08975021361216998
edaa06816ed996d4bd54,11d6c0cda16756465438,CN(C(=O)COCC(=O)N(C)c1ccccc1)c1ccccc1,f6de0c8e1de165e34184,La-Ce,La,Ce,1,1,-0.09480812641083491,2,-0.2171362448081888,-0.26985963469144525,-0.26985963469144525,-0.23571522024455147,-0.2310704763854608
44ed3b5d0308dee035bb,11d6c0cda16756465438,CN(C(=O)COCC(=O)N(C)c1ccccc1)c1ccccc1,f6de0c8e1de165e34184,Ce-Pr,Ce,Pr,1,1,-0.09480812641083569,2,-0.23762340923049818,-0.21887249373687392,-0.21887249373687392,-0.16714320106653496,-0.18476325310752578
a8691c2c12612e0401b6,11d6c0cda16756465438,CN(C(=O)COCC(=O)N(C)c1ccccc1)c1ccccc1,f6de0c8e1de165e34184,Pr-Nd,Pr,Nd,1,1,-0.1264108352144454,2,-0.3909278770907133,-0.3894937631123672,-0.3894937631123672,-0.07484178545263465,-0.1538633083621543
241fec7ab2c0929b7055,11d6c0cda16756465438,CN(C(=O)COCC(=O)N(C)c1ccccc1)c1ccccc1,f6de0c8e1de165e34184,Sm-Eu,Sm,Eu,1,1,-0.2528216704288946,2,-0.11913298709065753,-0.049464085125229984,-0.049464085125229984,-0.07821507714859476,-0.08844455463411045
ad7c9a001a927a31139a,0004489b2f2e4a1bf487,CCCCCCCCN(C)C(=O)COCC(=O)N(C)CCCCCCCC,cfb81e271e80f6a290e0,La-Ce,La,Ce,1,1,-0.5611111111111122,1,-0.2842387203815443,-0.2740108359935095,-0.2740108359935095,-0.314332644797699,-0.29176220148558296
ece184498e2449315ef2,0004489b2f2e4a1bf487,CCCCCCCCN(C)C(=O)COCC(=O)N(C)CCCCCCCC,cfb81e271e80f6a290e0,Ce-Pr,Ce,Pr,1,1,-0.2777777777777747,1,-0.30128524754462094,-0.31392887244014644,-0.31392887244014644,-0.09579999117052557,-0.24991393345109708
a74963017523a042cb44,0004489b2f2e4a1bf487,CCCCCCCCN(C)C(=O)COCC(=O)N(C)CCCCCCCC,cfb81e271e80f6a290e0,Pr-Nd,Pr,Nd,1,1,-0.20000000000000107,1,-0.2070596273193055,-0.2346939767581393,-0.2346939767581393,-0.19864758774457747,-0.2049566174256235
964e10f8482f28f12b96,0004489b2f2e4a1bf487,CCCCCCCCN(C)C(=O)COCC(=O)N(C)CCCCCCCC,cfb81e271e80f6a290e0,Tb-Dy,Tb,Dy,1,1,-0.005555555555555536,1,0.07520591620787044,0.08548646606428674,0.08548646606428674,-0.032149511425051944,0.048367059299639845
f7ecb8ce3d68d2195846,0004489b2f2e4a1bf487,CCCCCCCCN(C)C(=O)COCC(=O)N(C)CCCCCCCC,cfb81e271e80f6a290e0,Dy-Ho,Dy,Ho,1,1,-0.47777777777777786,1,0.05038781954024898,0.05567003060279979,0.05567003060279979,-0.11506656406243077,0.00902422363957904
19c35478cb56629310ef,54e4d75585414cf81176,CCCCCCCCN(C)C(=O)COCC(=O)N(C)CCCCCCCC,cfb81e271e80f6a290e0,La-Ce,La,Ce,1,1,-0.2555555555555563,1,-0.2910169243124586,-0.2820956631221698,-0.2820956631221698,-0.3317423085476409,-0.3011982703712542
3a7cdecd91229d0daa73,54e4d75585414cf81176,CCCCCCCCN(C)C(=O)COCC(=O)N(C)CCCCCCCC,cfb81e271e80f6a290e0,Ho-Er,Ho,Er,1,1,0.23888888888888893,1,-0.11727701397277046,-0.11169813923965807,-0.11169813923965807,-0.09342694786796873,-0.11131449744657003
11501af6c27a77d54dcb,7c9861b47860f74cdf93,CCCCCCCCN(C)C(=O)COCC(=O)N(C)CCCCCCCC,cfb81e271e80f6a290e0,Ce-Pr,Ce,Pr,1,1,-0.22222222222222138,1,-0.3303708428265627,-0.35790650798744816,-0.35790650798744816,-0.1360567177503198,-0.28179231155750195
cdb0c3062acfc3570688,7c9861b47860f74cdf93,CCCCCCCCN(C)C(=O)COCC(=O)N(C)CCCCCCCC,cfb81e271e80f6a290e0,Er-Tm,Er,Tm,1,1,-0.1388888888888884,1,-0.044899796690765076,-0.04925122625773248,-0.04925122625773248,-0.075168086552493,-0.052466869156197055
0d4de6feb903c4462220,e8b3f84c301c8b59ac60,CCCCCCCCN(C)C(=O)COCC(=O)N(C)CCCCCCCC,cfb81e271e80f6a290e0,La-Ce,La,Ce,1,1,-0.23888888888888635,1,-0.30026314660573383,-0.2843095381113618,-0.2843095381113618,-0.38214064745891935,-0.3207325218190302
7941a1f6f01e39503ff5,e8b3f84c301c8b59ac60,CCCCCCCCN(C)C(=O)COCC(=O)N(C)CCCCCCCC,cfb81e271e80f6a290e0,Ce-Pr,Ce,Pr,1,1,-0.2888888888888913,1,-0.3515175403275079,-0.3865652665676764,-0.3865652665676764,-0.1480400792670834,-0.3006481750624018
91d9caf3f382ccec1da9,e8b3f84c301c8b59ac60,CCCCCCCCN(C)C(=O)COCC(=O)N(C)CCCCCCCC,cfb81e271e80f6a290e0,Pr-Nd,Pr,Nd,1,1,-0.20555555555555594,1,-0.2392945239756396,-0.25454894787898397,-0.25454894787898397,-0.23230132931037573,-0.23754622530932362
aff38ad5ef854b06be00,e8b3f84c301c8b59ac60,CCCCCCCCN(C)C(=O)COCC(=O)N(C)CCCCCCCC,cfb81e271e80f6a290e0,Gd-Tb,Gd,Tb,1,1,-0.32222222222222263,1,-0.40551307420642624,-0.3605957892694619,-0.3605957892694619,-0.3043408304186577,-0.3802200132594841
451c221daf355202ca86,e8b3f84c301c8b59ac60,CCCCCCCCN(C)C(=O)COCC(=O)N(C)CCCCCCCC,cfb81e271e80f6a290e0,Tb-Dy,Tb,Dy,1,1,-0.13333333333333242,1,0.08672735130381859,0.09704598289780945,0.09704598289780945,-0.013435044925411319,0.061686752246511115
1a91e0b480ade85ceb6d,e8b3f84c301c8b59ac60,CCCCCCCCN(C)C(=O)COCC(=O)N(C)CCCCCCCC,cfb81e271e80f6a290e0,Dy-Ho,Dy,Ho,1,1,-0.41666666666666696,1,0.06326764157359102,0.0627600103027976,0.0627600103027976,-0.11337868908686013,0.019106058908478232
1a1529bf692becfe5232,e8b3f84c301c8b59ac60,CCCCCCCCN(C)C(=O)COCC(=O)N(C)CCCCCCCC,cfb81e271e80f6a290e0,Ho-Er,Ho,Er,1,1,-0.21111111111111125,1,-0.11805766125204772,-0.11259793985994232,-0.11259793985994232,-0.09077546750673454,-0.11123711281571944
b057f9ebcd49b1e03508,f63030394249c9de7b79,CCCCCCCCN(C)C(=O)COCC(=O)N(C)CCCCCCCC,cfb81e271e80f6a290e0,La-Ce,La,Ce,1,1,-0.22777777777777658,1,-0.30026314660573383,-0.2843095381113618,-0.2843095381113618,-0.38383137984015786,-0.32115520491433985
07cb3b039a6a5af7e5c9,f63030394249c9de7b79,CCCCCCCCN(C)C(=O)COCC(=O)N(C)CCCCCCCC,cfb81e271e80f6a290e0,Ce-Pr,Ce,Pr,1,1,-0.3111111111111112,1,-0.3515175403275079,-0.3865652665676764,-0.3865652665676764,-0.14689717419826367,-0.30036244879519686
77ccde16311cd0d06249,f63030394249c9de7b79,CCCCCCCCN(C)C(=O)COCC(=O)N(C)CCCCCCCC,cfb81e271e80f6a290e0,Pr-Nd,Pr,Nd,1,1,-0.18333333333333396,1,-0.2392945239756396,-0.25454894787898397,-0.25454894787898397,-0.23354260111453198,-0.2378565432603627
6b3bf40daa61aa947e3e,f63030394249c9de7b79,CCCCCCCCN(C)C(=O)COCC(=O)N(C)CCCCCCCC,cfb81e271e80f6a290e0,Sm-Eu,Sm,Eu,1,1,-0.3277777777777775,1,-0.14709352216524624,-0.1585899814432985,-0.1585899814432985,-0.19219155042229685,-0.15836802922950888
2b90bef758f66509fada,f63030394249c9de7b79,CCCCCCCCN(C)C(=O)COCC(=O)N(C)CCCCCCCC,cfb81e271e80f6a290e0,Eu-Gd,Eu,Gd,1,1,-0.20555555555555616,1,-0.1345434490309427,-0.1408934961152706,-0.1408934961152706,-0.19251916680605963,-0.14903737847472193
e8a681acb02882e020fd,f63030394249c9de7b79,CCCCCCCCN(C)C(=O)COCC(=O)N(C)CCCCCCCC,cfb81e271e80f6a290e0,Gd-Tb,Gd,Tb,1,1,-0.21111111111110836,1,-0.39761230559978866,-0.3605957892694619,-0.3605957892694619,-0.3043408304186577,-0.3742944368045059
7da2cf347fe1d72608fc,f63030394249c9de7b79,CCCCCCCCN(C)C(=O)COCC(=O)N(C)CCCCCCCC,cfb81e271e80f6a290e0,Tb-Dy,Tb,Dy,1,1,-0.5277777777777799,1,0.08524205499112811,0.09704598289780945,0.09704598289780945,-0.012061048464046868,0.06091627912733436
b9ea6f2705fcf04fb785,f63030394249c9de7b79,CCCCCCCCN(C)C(=O)COCC(=O)N(C)CCCCCCCC,cfb81e271e80f6a290e0,Dy-Ho,Dy,Ho,1,1,-0.2277777777777783,1,0.06326764157359102,0.0627600103027976,0.0627600103027976,-0.11182487038098561,0.01949451358494686
dd1dd9d7074433a15eb1,f63030394249c9de7b79,CCCCCCCCN(C)C(=O)COCC(=O)N(C)CCCCCCCC,cfb81e271e80f6a290e0,Ho-Er,Ho,Er,1,1,-0.2388888888888876,1,-0.11805766125204772,-0.11259793985994232,-0.11259793985994232,-0.09342944663520149,-0.11190060759783617
3665990e522a2b16e67c,f63030394249c9de7b79,CCCCCCCCN(C)C(=O)COCC(=O)N(C)CCCCCCCC,cfb81e271e80f6a290e0,Er-Tm,Er,Tm,1,1,0.06666666666666776,1,-0.050357049404913,-0.053084279221268474,-0.053084279221268474,-0.07435533744028215,-0.05635662141375529
46ebf6bb03502fbb82bf,f63030394249c9de7b79,CCCCCCCCN(C)C(=O)COCC(=O)N(C)CCCCCCCC,cfb81e271e80f6a290e0,Tm-Yb,Tm,Yb,1,1,-0.04444444444444429,1,-0.009552223277520727,-0.015134610603394652,-0.015134610603394652,0.007270165086281102,-0.00534662618657027
6792a77530b762d0aac1,f65ab2eddccb116672c9,CCCCCCCCN(C)C(=O)COCC(=O)N(C)CCCCCCCC,cfb81e271e80f6a290e0,La-Ce,La,Ce,1,1,-0.22777777777777525,1,-0.30026314660573383,-0.2843095381113618,-0.2843095381113618,-0.38383137984015786,-0.32115520491433985
72861049d256c7bb74db,f65ab2eddccb116672c9,CCCCCCCCN(C)C(=O)COCC(=O)N(C)CCCCCCCC,cfb81e271e80f6a290e0,Ce-Pr,Ce,Pr,1,1,-0.3111111111111132,1,-0.3515175403275079,-0.3955928324917764,-0.3955928324917764,-0.14689717419826367,-0.30036244879519686
adec286d5e519e656f2c,f65ab2eddccb116672c9,CCCCCCCCN(C)C(=O)COCC(=O)N(C)CCCCCCCC,cfb81e271e80f6a290e0,Pr-Nd,Pr,Nd,1,1,-0.1555555555555556,1,-0.2392945239756396,-0.25454894787898397,-0.25454894787898397,-0.23354260111453198,-0.2378565432603627
2fd8b503a771b6e5ef0b,f65ab2eddccb116672c9,CCCCCCCCN(C)C(=O)COCC(=O)N(C)CCCCCCCC,cfb81e271e80f6a290e0,Sm-Eu,Sm,Eu,1,1,-0.3222222222222231,1,-0.14173207286515913,-0.1585899814432985,-0.1585899814432985,-0.19038238493046367,-0.15389465088148527
0ec5b4d18e9b4379eed1,f65ab2eddccb116672c9,CCCCCCCCN(C)C(=O)COCC(=O)N(C)CCCCCCCC,cfb81e271e80f6a290e0,Eu-Gd,Eu,Gd,1,1,-0.10000000000000031,1,-0.13065603229435102,-0.13657823581028164,-0.13657823581028164,-0.19251916680605963,-0.1461218159222782
24710fcd13fe47afeff3,f65ab2eddccb116672c9,CCCCCCCCN(C)C(=O)COCC(=O)N(C)CCCCCCCC,cfb81e271e80f6a290e0,Dy-Ho,Dy,Ho,1,1,-0.21666666666666634,1,0.06422518352183292,0.06371605552941041,0.06371605552941041,-0.10956993876047652,0.02077640295125556
b12f43eebd6e39ed4393,ec91a6679b37fd3fbb23,CCCCCCCCN(C)C(=O)COCC(=O)N(C)CCCCCCCC,cfb81e271e80f6a290e0,La-Ce,La,Ce,1,1,-0.2499999999999974,1,-0.30026314660573383,-0.2843095381113618,-0.2843095381113618,-0.38383137984015786,-0.32115520491433985
11c4a9b198b3aa4fa22f,ec91a6679b37fd3fbb23,CCCCCCCCN(C)C(=O)COCC(=O)N(C)CCCCCCCC,cfb81e271e80f6a290e0,Ce-Pr,Ce,Pr,1,1,-0.3055555555555575,1,-0.3515175403275079,-0.3955928324917764,-0.3955928324917764,-0.14689717419826367,-0.30036244879519686
6097878c594585691f44,ec91a6679b37fd3fbb23,CCCCCCCCN(C)C(=O)COCC(=O)N(C)CCCCCCCC,cfb81e271e80f6a290e0,Pr-Nd,Pr,Nd,1,1,-0.1555555555555549,1,-0.2392945239756396,-0.25454894787898397,-0.25454894787898397,-0.23354260111453198,-0.2378565432603627
c2a0617536689cedb2a5,ec91a6679b37fd3fbb23,CCCCCCCCN(C)C(=O)COCC(=O)N(C)CCCCCCCC,cfb81e271e80f6a290e0,Sm-Eu,Sm,Eu,1,1,-0.28888888888888986,1,-0.14173207286515913,-0.1585899814432985,-0.1585899814432985,-0.19038238493046367,-0.15389465088148527
e783db94ceb7e1b2b96f,ec91a6679b37fd3fbb23,CCCCCCCCN(C)C(=O)COCC(=O)N(C)CCCCCCCC,cfb81e271e80f6a290e0,Eu-Gd,Eu,Gd,1,1,-0.15000000000000036,1,-0.13065603229435102,-0.13657823581028164,-0.13657823581028164,-0.19251916680605963,-0.1461218159222782
dddc6e3a5d87131cf184,ec91a6679b37fd3fbb23,CCCCCCCCN(C)C(=O)COCC(=O)N(C)CCCCCCCC,cfb81e271e80f6a290e0,Gd-Tb,Gd,Tb,1,1,-0.316666666666664,1,-0.390592565006455,-0.3605957892694619,-0.3605957892694619,-0.3043408304186577,-0.36902963135950567
eac04c2690fbf0ab79cd,ec91a6679b37fd3fbb23,CCCCCCCCN(C)C(=O)COCC(=O)N(C)CCCCCCCC,cfb81e271e80f6a290e0,Tb-Dy,Tb,Dy,1,1,-0.5111111111111133,1,0.08524205499112811,0.09704598289780945,0.09704598289780945,-0.012061048464046868,0.06091627912733436
c9428ef830ca95b9af61,ec91a6679b37fd3fbb23,CCCCCCCCN(C)C(=O)COCC(=O)N(C)CCCCCCCC,cfb81e271e80f6a290e0,Dy-Ho,Dy,Ho,1,1,-0.24444444444444402,1,0.06422518352183292,0.06371605552941041,0.06371605552941041,-0.10956993876047652,0.02077640295125556
2742cfe41bfb4e4325c7,a083048cfd0cb9502a9f,CCCCCCCCN(C)C(=O)COCC(=O)N(C)CCCCCCCC,cfb81e271e80f6a290e0,La-Ce,La,Ce,1,1,-0.27539779681762977,1,-0.2944524388931039,-0.27278194746914725,-0.27278194746914725,-0.3804782754744771,-0.31595889803844723
0e8ebb836bc16ad9be6f,a083048cfd0cb9502a9f,CCCCCCCCN(C)C(=O)COCC(=O)N(C)CCCCCCCC,cfb81e271e80f6a290e0,Ce-Pr,Ce,Pr,1,1,0.0,1,-0.3528831392870228,-0.3865652665676764,-0.3865652665676764,-0.153798540069869,-0.3031119894827344
fcbc6c9eebeea557b5e0,a083048cfd0cb9502a9f,CCCCCCCCN(C)C(=O)COCC(=O)N(C)CCCCCCCC,cfb81e271e80f6a290e0,Pr-Nd,Pr,Nd,1,1,-0.9914320685434499,1,-0.24281166764590698,-0.25454894787898397,-0.25454894787898397,-0.23230132931037573,-0.24018408306202416
5ce553af7dc96ed9ce69,a09527925743ea90633d,CCCCCCCCN(C)C(=O)COCC(=O)N(C)CCCCCCCC,cfb81e271e80f6a290e0,La-Ce,La,Ce,1,1,-0.21481028151774018,1,-0.2906019022938937,-0.26820595466054475,-0.26820595466054475,-0.3788159034900349,-0.312655402592929
97c11d5732a1e52d5fe9,a09527925743ea90633d,CCCCCCCCN(C)C(=O)COCC(=O)N(C)CCCCCCCC,cfb81e271e80f6a290e0,Ce-Pr,Ce,Pr,1,1,-0.26438188494492,1,-0.35452966719087237,-0.3865652665676764,-0.3865652665676764,-0.153798540069869,-0.30434688541062155
11f896aac954b89387ae,a09527925743ea90633d,CCCCCCCCN(C)C(=O)COCC(=O)N(C)CCCCCCCC,cfb81e271e80f6a290e0,Pr-Nd,Pr,Nd,1,1,-0.9143206854345198,1,-0.24281166764590698,-0.25454894787898397,-0.25454894787898397,-0.23230132931037573,-0.24018408306202416
6ca34e24dd06f3ee7cec,99d3bc448ba4e828992d,CCCCN(CCCC)C(=O)COCC(=O)N(CCCC)CCCC,c7871bb73b8256ca7c0e,La-Ce,La,Ce,1,1,-0.483684038350233,1,-0.23108387327056046,-0.22272013495434573,-0.22272013495434573,-0.25656898252078214,-0.2374551505831159
fc68da66300774d2631b,370dfe1eccdd98294ad0,CCCCN(CCCC)C(=O)COCC(=O)N(CCCC)CCCC,c7871bb73b8256ca7c0e,La-Ce,La,Ce,1,1,-0.08649093904447969,1,-0.24678396404417588,-0.23847848396335863,-0.23847848396335863,-0.2579532923386002,-0.24957629611778195
d8d4dd8cc39ed5b36e52,370dfe1eccdd98294ad0,CCCCN(CCCC)C(=O)COCC(=O)N(CCCC)CCCC,c7871bb73b8256ca7c0e,Sm-Eu,Sm,Eu,1,1,0.0,1,-0.08722668988516837,-0.11413078324633869,-0.11413078324633869,-0.11169920905517051,-0.0933448196776689
8952e20e02e23694ec58,370dfe1eccdd98294ad0,CCCCN(CCCC)C(=O)COCC(=O)N(CCCC)CCCC,c7871bb73b8256ca7c0e,Tb-Dy,Tb,Dy,1,1,-0.3171334431630999,1,0.05726952627190841,0.10131476784397409,0.10131476784397409,-0.04485363915234581,0.03173873491584485
e79a72005064010674fd,35c0799b0cb79789cfbb,CCCCN(CCCC)C(=O)COCC(=O)N(CCCC)CCCC,c7871bb73b8256ca7c0e,Sm-Eu,Sm,Eu,1,1,-0.07825370675453053,1,-0.08722668988516837,-0.11413078324633869,-0.11413078324633869,-0.11169920905517051,-0.0933448196776689
8e1d0af16623b124a499,35c0799b0cb79789cfbb,CCCCN(CCCC)C(=O)COCC(=O)N(CCCC)CCCC,c7871bb73b8256ca7c0e,Eu-Gd,Eu,Gd,1,1,-0.9060955518945639,1,-0.0419626558521953,-0.04911558637950987,-0.04911558637950987,-0.10751007480948653,-0.058349510591518106
2479b219d53acaf4de70,35c0799b0cb79789cfbb,CCCCN(CCCC)C(=O)COCC(=O)N(CCCC)CCCC,c7871bb73b8256ca7c0e,Gd-Tb,Gd,Tb,1,1,0.4200988467874789,1,-0.2688008800820403,-0.28230045484506366,-0.28230045484506366,-0.21706440505304844,-0.2558667613247923
c9682ae210e87ed52412,35c0799b0cb79789cfbb,CCCCN(CCCC)C(=O)COCC(=O)N(CCCC)CCCC,c7871bb73b8256ca7c0e,Tb-Dy,Tb,Dy,1,1,-0.23064250411861698,1,0.05726952627190841,0.10131476784397409,0.10131476784397409,-0.04485363915234581,0.03173873491584485
38df49a178eeb9426e68,3cfda817084c0df1ea37,CCCCN(CCCC)C(=O)COCC(=O)N(CCCC)CCCC,c7871bb73b8256ca7c0e,La-Ce,La,Ce,1,1,0.04118616144975096,1,-0.24678396404417588,-0.23847848396335863,-0.23847848396335863,-0.2579532923386002,-0.24957629611778195
82221271092802943228,3cfda817084c0df1ea37,CCCCN(CCCC)C(=O)COCC(=O)N(CCCC)CCCC,c7871bb73b8256ca7c0e,Sm-Eu,Sm,Eu,1,1,-0.10296540362438317,1,-0.08722668988516837,-0.11413078324633869,-0.11413078324633869,-0.11169920905517051,-0.0933448196776689
99d9d507818de547de0a,3cfda817084c0df1ea37,CCCCN(CCCC)C(=O)COCC(=O)N(CCCC)CCCC,c7871bb73b8256ca7c0e,Tb-Dy,Tb,Dy,1,1,-0.2100494233937371,1,0.05726952627190841,0.10131476784397409,0.10131476784397409,-0.04485363915234581,0.03173873491584485
3ccc279b397b56967536,0c166c20f1db28a29993,CCCCN(CCCC)C(=O)COCC(=O)N(CCCC)CCCC,c7871bb73b8256ca7c0e,La-Ce,La,Ce,1,1,-0.004118616144975051,1,-0.24678396404417588,-0.23847848396335863,-0.23847848396335863,-0.2579532923386002,-0.24957629611778195
397e5e6d7623b502a6ed,0c166c20f1db28a29993,CCCCN(CCCC)C(=O)COCC(=O)N(CCCC)CCCC,c7871bb73b8256ca7c0e,Sm-Eu,Sm,Eu,1,1,-0.16886326194398493,1,-0.08722668988516837,-0.11413078324633869,-0.11413078324633869,-0.11169920905517051,-0.0933448196776689
4b417c309e4b9bba0382,0c166c20f1db28a29993,CCCCN(CCCC)C(=O)COCC(=O)N(CCCC)CCCC,c7871bb73b8256ca7c0e,Tb-Dy,Tb,Dy,1,1,-0.21828665568369,1,0.05726952627190841,0.10131476784397409,0.10131476784397409,-0.042903356027566016,0.0322263056970398
e9d28facb808263fb1d9,352da12590155c7abf30,CCCCCCCCN(CCCCCCCC)C(=O)COCC(=O)N(CCCCCCCC)CCCCCCCC,0982ebf465b726073008,La-Ce,La,Ce,1,1,-0.21586836102965856,0,-0.4030425431447647,-0.5160735138244482,-0.4030425431447647,-0.3595610520995932,-0.3595610520995932
686e40f872601dbd2040,352da12590155c7abf30,CCCCCCCCN(CCCCCCCC)C(=O)COCC(=O)N(CCCCCCCC)CCCCCCCC,0982ebf465b726073008,Sm-Eu,Sm,Eu,1,1,-0.19550342130987564,0,-0.19899103300463045,-0.20749425207224853,-0.19899103300463045,-0.18047634635525453,-0.18047634635525453
f98823ed6000bae4c544,352da12590155c7abf30,CCCCCCCCN(CCCCCCCC)C(=O)COCC(=O)N(CCCCCCCC)CCCCCCCC,0982ebf465b726073008,Eu-Gd,Eu,Gd,1,1,-0.06516780710329151,0,-0.22105083215403692,-0.18840205025262113,-0.22105083215403692,-0.0987006606479951,-0.0987006606479951
d7de5372728f6511959a,e006e9a2d6dc5b8ea40b,CCCCCCCCN(CCCCCCCC)C(=O)COCC(=O)N(CCCCCCCC)CCCCCCCC,0982ebf465b726073008,La-Ce,La,Ce,1,1,-0.1995764092538278,0,-0.4030425431447647,-0.5160735138244482,-0.4030425431447647,-0.3040206142962032,-0.3040206142962032
fb01babef35fee3c7bbc,e006e9a2d6dc5b8ea40b,CCCCCCCCN(CCCCCCCC)C(=O)COCC(=O)N(CCCCCCCC)CCCCCCCC,0982ebf465b726073008,Sm-Eu,Sm,Eu,1,1,-0.22808732486151928,0,-0.19899103300463045,-0.20749425207224853,-0.19899103300463045,-0.160295514449098,-0.160295514449098
47300feac3eea143c5c0,e006e9a2d6dc5b8ea40b,CCCCCCCCN(CCCCCCCC)C(=O)COCC(=O)N(CCCCCCCC)CCCCCCCC,0982ebf465b726073008,Eu-Gd,Eu,Gd,1,1,-0.10997067448680295,0,-0.22105083215403692,-0.18840205025262113,-0.22105083215403692,-0.19498084734151033,-0.19498084734151033
c7cfa44d2393bd02aa93,6cdc50c000e3252a4b60,CCCCCCCCN(CCCCCCCC)C(=O)COCC(=O)N(CCCCCCCC)CCCCCCCC,0982ebf465b726073008,La-Ce,La,Ce,1,1,-0.21179537308569552,0,-0.4030425431447647,-0.5160735138244482,-0.4030425431447647,-0.3040206142962032,-0.3040206142962032
c2d5bdfac5f1ab120cbb,6cdc50c000e3252a4b60,CCCCCCCCN(CCCCCCCC)C(=O)COCC(=O)N(CCCCCCCC)CCCCCCCC,0982ebf465b726073008,Ce-Pr,Ce,Pr,1,1,-0.10589768654284976,0,-0.3014833764651101,-0.2700461781642113,-0.3014833764651101,-0.3610447198314164,-0.3610447198314164
2a1d4077c6bb31eb24db,6cdc50c000e3252a4b60,CCCCCCCCN(CCCCCCCC)C(=O)COCC(=O)N(CCCCCCCC)CCCCCCCC,0982ebf465b726073008,Pr-Nd,Pr,Nd,1,1,-0.11404366243075859,0,-0.1645951779897008,-0.1781715780939533,-0.1645951779897008,-0.13402498967564486,-0.13402498967564486
1b330ecd85bfcfce1f08,ddb9ba3e5144e84fa636,CCCCCCCCN(CCCCCCCC)C(=O)COCC(=O)N(CCCCCCCC)CCCCCCCC,0982ebf465b726073008,La-Ce,La,Ce,1,1,-0.21586836102965187,0,-0.4030425431447647,-0.5160735138244482,-0.4030425431447647,-0.3040206142962032,-0.3040206142962032
f81c8636f63aa0b094c0,cd8613bcdd8d3e5c43cb,CCCCCCCCN(CCCCCCCC)C(=O)COCC(=O)N(CCCCCCCC)CCCCCCCC,0982ebf465b726073008,La-Ce,La,Ce,1,1,-0.23623330074943072,0,-0.4030425431447647,-0.5160735138244482,-0.4030425431447647,-0.3040206142962032,-0.3040206142962032
48d1ac66712aa9c15f75,cd8613bcdd8d3e5c43cb,CCCCCCCCN(CCCCCCCC)C(=O)COCC(=O)N(CCCCCCCC)CCCCCCCC,0982ebf465b726073008,Ce-Pr,Ce,Pr,1,1,-0.1751384815900937,0,-0.3014833764651101,-0.2700461781642113,-0.3014833764651101,-0.3610447198314164,-0.3610447198314164
cfba819d0509645e97b9,cd8613bcdd8d3e5c43cb,CCCCCCCCN(CCCCCCCC)C(=O)COCC(=O)N(CCCCCCCC)CCCCCCCC,0982ebf465b726073008,Pr-Nd,Pr,Nd,1,1,-0.22808732486151861,0,-0.1645951779897008,-0.1781715780939533,-0.1645951779897008,-0.13402498967564486,-0.13402498967564486
d593fde60fe0b8f39168,71f6bc9dd8dc5a868c2e,CCCCCCCCN(CCCCCCCC)C(=O)COCC(=O)N(CCCCCCCC)CCCCCCCC,0982ebf465b726073008,Ce-Pr,Ce,Pr,1,1,-0.30140110785272056,0,-0.3014833764651101,-0.2700461781642113,-0.3014833764651101,-0.3610447198314164,-0.3610447198314164
6bbfd6bb343d4aa1dd33,59a5653b0ffaaa8b4f0a,CCCCCCCCN(CCCCCCCC)C(=O)COCC(=O)N(CCCCCCCC)CCCCCCCC,0982ebf465b726073008,La-Ce,La,Ce,1,1,-0.6651117370750514,0,-0.4294391813036362,-0.4913998356850861,-0.4294391813036362,-0.34596447336136565,-0.34596447336136565
7fb9974c56a28b8f73b4,59a5653b0ffaaa8b4f0a,CCCCCCCCN(CCCCCCCC)C(=O)COCC(=O)N(CCCCCCCC)CCCCCCCC,0982ebf465b726073008,Ce-Pr,Ce,Pr,1,1,0.036722807024739845,0,-0.32637314711564835,-0.28823318642791096,-0.32637314711564835,-0.2516685247721243,-0.2516685247721243
09aedcab9ba372f1fc7d,59a5653b0ffaaa8b4f0a,CCCCCCCCN(CCCCCCCC)C(=O)COCC(=O)N(CCCCCCCC)CCCCCCCC,0982ebf465b726073008,Pr-Nd,Pr,Nd,1,1,-0.3979400086720376,0,-0.17483403196400604,-0.16146079892493143,-0.17483403196400604,-0.16861819701127778,-0.16861819701127778
ee2226d2bbe6ccbcec6b,59a5653b0ffaaa8b4f0a,CCCCCCCCN(CCCCCCCC)C(=O)COCC(=O)N(CCCCCCCC)CCCCCCCC,0982ebf465b726073008,Sm-Eu,Sm,Eu,1,1,-0.32190845529664636,0,-0.24842191302381558,-0.30208796246843694,-0.24842191302381558,-0.19581990138944758,-0.19581990138944758
399c9887877e1961f1a9,59a5653b0ffaaa8b4f0a,CCCCCCCCN(CCCCCCCC)C(=O)COCC(=O)N(CCCCCCCC)CCCCCCCC,0982ebf465b726073008,Eu-Gd,Eu,Gd,1,1,-0.15400272764014877,0,-0.14862893757500711,-0.13469904610270733,-0.14862893757500711,-0.11454262593813383,-0.11454262593813383
658c06607ad710edc8c5,59a5653b0ffaaa8b4f0a,CCCCCCCCN(CCCCCCCC)C(=O)COCC(=O)N(CCCCCCCC)CCCCCCCC,0982ebf465b726073008,Gd-Tb,Gd,Tb,1,1,-0.3047702963044432,0,-0.3768613995335587,-0.3699853642409927,-0.3768613995335587,-0.35936501749570277,-0.35936501749570277
467aa53e37a5fe5e7191,59a5653b0ffaaa8b4f0a,CCCCCCCCN(CCCCCCCC)C(=O)COCC(=O)N(CCCCCCCC)CCCCCCCC,0982ebf465b726073008,Tb-Dy,Tb,Dy,1,1,-0.13031152037216098,0,0.0858051331367484,0.06497073595945534,0.0858051331367484,-0.05458090730635222,-0.054580907306352205
ec3c9e5a810b9acc56f6,59a5653b0ffaaa8b4f0a,CCCCCCCCN(CCCCCCCC)C(=O)COCC(=O)N(CCCCCCCC)CCCCCCCC,0982ebf465b726073008,Dy-Ho,Dy,Ho,1,1,-0.10123138679069887,0,0.04745827472604676,0.024873836028523093,0.04745827472604676,-0.08674444491019864,-0.08674444491019866
755666619d4f9c0f213c,59a5653b0ffaaa8b4f0a,CCCCCCCCN(CCCCCCCC)C(=O)COCC(=O)N(CCCCCCCC)CCCCCCCC,0982ebf465b726073008,Ho-Er,Ho,Er,1,1,-0.18665290775859322,0,-0.2096516051305082,-0.15871017735585108,-0.2096516051305082,-0.01616519428354804,-0.01616519428354804
85bb37502746b71a228f,59a5653b0ffaaa8b4f0a,CCCCCCCCN(CCCCCCCC)C(=O)COCC(=O)N(CCCCCCCC)CCCCCCCC,0982ebf465b726073008,Er-Tm,Er,Tm,1,1,0.05420174974439562,0,-0.059380683009571306,-0.044687535013864216,-0.059380683009571306,-0.026333181531893388,-0.026333181531893388
2abf3569b4f190a74ca4,59a5653b0ffaaa8b4f0a,CCCCCCCCN(CCCCCCCC)C(=O)COCC(=O)N(CCCCCCCC)CCCCCCCC,0982ebf465b726073008,Tm-Yb,Tm,Yb,1,1,-0.06623358904844334,0,-0.012617274761222205,-0.0223165342117083,-0.012617274761222205,-0.07603117012122276,-0.07603117012122276
2c407d29d58cefa12526,59a5653b0ffaaa8b4f0a,CCCCCCCCN(CCCCCCCC)C(=O)COCC(=O)N(CCCCCCCC)CCCCCCCC,0982ebf465b726073008,Yb-Lu,Yb,Lu,1,1,-0.10248620753860616,0,-0.15273619952387035,-0.15131347301207154,-0.15273619952387035,-0.03103392726004922,-0.03103392726004922
ae1f2b2564d505e8527e,9cede81352b5e8cb5b4e,CCCCC(CC)CN(CC(CC)CCCC)C(=O)COCC(=O)N(CC(CC)CCCC)CC(CC)CCCC,3892bd45fa60b76c313c,La-Ce,La,Ce,1,1,-0.09691001300805624,1,-0.7704407578304246,-0.8165561121502275,-0.8165561121502275,-0.43795932288906714,-0.6873203990950852
be6244e0f40eb83b80f4,9cede81352b5e8cb5b4e,CCCCC(CC)CN(CC(CC)CCCC)C(=O)COCC(=O)N(CC(CC)CCCC)CC(CC)CCCC,3892bd45fa60b76c313c,Ce-Pr,Ce,Pr,1,1,-0.14612803567823818,1,-0.004421613612527916,-0.023349712370836516,-0.023349712370836516,-0.2098442781174008,-0.05577727973874614
54a4f8cd077296b0d5b3,9cede81352b5e8cb5b4e,CCCCC(CC)CN(CC(CC)CCCC)C(=O)COCC(=O)N(CC(CC)CCCC)CC(CC)CCCC,3892bd45fa60b76c313c,Pr-Nd,Pr,Nd,1,1,-0.057991946977686615,1,-0.30425063923158213,-0.26884520968778214,-0.26884520968778214,-0.25422575323444624,-0.29174441773229814
f1c9e2f9d00e50100e36,9cede81352b5e8cb5b4e,CCCCC(CC)CN(CC(CC)CCCC)C(=O)COCC(=O)N(CC(CC)CCCC)CC(CC)CCCC,3892bd45fa60b76c313c,Sm-Eu,Sm,Eu,1,1,0.04139268515822503,1,-0.15113483791745527,-0.16166021830999772,-0.16166021830999772,-0.24800916831814157,-0.17535342051762684
1ef39d400ac028c1c8c3,9cede81352b5e8cb5b4e,CCCCC(CC)CN(CC(CC)CCCC)C(=O)COCC(=O)N(CC(CC)CCCC)CC(CC)CCCC,3892bd45fa60b76c313c,Eu-Gd,Eu,Gd,1,1,-0.07918124604762478,1,-0.10228573286768056,-0.11148975866469978,-0.11148975866469978,-0.18959730129038635,-0.12411362497335701
25358499d87c4eab4754,9cede81352b5e8cb5b4e,CCCCC(CC)CN(CC(CC)CCCC)C(=O)COCC(=O)N(CC(CC)CCCC)CC(CC)CCCC,3892bd45fa60b76c313c,Gd-Tb,Gd,Tb,1,1,-0.1995723549052042,1,-0.12958225474115243,-0.15524414002404352,-0.15524414002404352,-0.23574670715035317,-0.1561233678434526
e80ff563c5b2a734cff5,9cede81352b5e8cb5b4e,CCCCC(CC)CN(CC(CC)CCCC)C(=O)COCC(=O)N(CC(CC)CCCC)CC(CC)CCCC,3892bd45fa60b76c313c,Tb-Dy,Tb,Dy,1,1,-0.10145764075877706,1,-0.02725744926797101,-0.05535004376200384,-0.05535004376200384,-0.07765638518685059,-0.0398571832476909
5dfe07e259e5ee67efba,9cede81352b5e8cb5b4e,CCCCC(CC)CN(CC(CC)CCCC)C(=O)COCC(=O)N(CC(CC)CCCC)CC(CC)CCCC,3892bd45fa60b76c313c,Dy-Ho,Dy,Ho,1,1,-0.017728766960431575,1,-0.08760801968241094,-0.12543894994095572,-0.12543894994095572,-0.010989576154931981,-0.06845340880054121
72800ceb486271b9034d,9cede81352b5e8cb5b4e,CCCCC(CC)CN(CC(CC)CCCC)C(=O)COCC(=O)N(CC(CC)CCCC)CC(CC)CCCC,3892bd45fa60b76c313c,Ho-Er,Ho,Er,1,1,-0.03342375548694976,1,-0.03395668079416712,-0.04840207122990573,-0.04840207122990573,-0.04560069905227916,-0.036867685358695126
bfaac1d90795b33c5bb1,9cede81352b5e8cb5b4e,CCCCC(CC)CN(CC(CC)CCCC)C(=O)COCC(=O)N(CC(CC)CCCC)CC(CC)CCCC,3892bd45fa60b76c313c,Er-Tm,Er,Tm,1,1,0.08894108333678108,1,-0.04276482771070784,-0.04212545542005168,-0.04212545542005168,-0.04163964515251585,-0.04248353207115984
0631ff834732a5982f3d,9cede81352b5e8cb5b4e,CCCCC(CC)CN(CC(CC)CCCC)C(=O)COCC(=O)N(CC(CC)CCCC)CC(CC)CCCC,3892bd45fa60b76c313c,Tm-Yb,Tm,Yb,1,1,0.04139268515822503,1,0.03456856931403406,0.04871670919034943,0.04871670919034943,-0.09300127350018299,0.002676108610479802
3c7ad9b314f97e536e48,9cede81352b5e8cb5b4e,CCCCC(CC)CN(CC(CC)CCCC)C(=O)COCC(=O)N(CC(CC)CCCC)CC(CC)CCCC,3892bd45fa60b76c313c,Yb-Lu,Yb,Lu,1,1,0.0,1,-0.07691763491222006,-0.07795749053004965,-0.07795749053004965,-0.07225199672004033,-0.07575122536417513
6de49b373ec16df8b291,64c37ee304e84a85b36d,CCCCCCCCN(C)C(=O)COCC(=O)N(C)CCCCCCCC,cfb81e271e80f6a290e0,La-Ce,La,Ce,1,1,-0.4614949106908133,1,-0.3842431574451869,-0.3736844893207546,-0.3736844893207546,-0.41459006929781805,-0.3918298854083447
46a2737b81fc5be5f1eb,64c37ee304e84a85b36d,CCCCCCCCN(C)C(=O)COCC(=O)N(C)CCCCCCCC,cfb81e271e80f6a290e0,Ce-Pr,Ce,Pr,1,1,-0.16225242389229266,1,-0.41310165255816617,-0.448371202217396,-0.448371202217396,-0.2582965706632477,-0.37440038208443654
66040185818e73fe0058,64c37ee304e84a85b36d,CCCCCCCCN(C)C(=O)COCC(=O)N(C)CCCCCCCC,cfb81e271e80f6a290e0,Pr-Nd,Pr,Nd,1,1,-0.4414317747462362,1,-0.30437767228850177,-0.30650209556571356,-0.30650209556571356,-0.2846989960692978,-0.29945800323370075
fcd3485eb986d6095056,64c37ee304e84a85b36d,CCCCCCCCN(C)C(=O)COCC(=O)N(C)CCCCCCCC,cfb81e271e80f6a290e0,Gd-Tb,Gd,Tb,1,1,-0.1900021195497299,1,-0.3966118463141875,-0.35260188676946425,-0.35260188676946425,-0.2692945612031499,-0.3647825250364281
67c4b0d775fd2dab4aa9,64c37ee304e84a85b36d,CCCCCCCCN(C)C(=O)COCC(=O)N(C)CCCCCCCC,cfb81e271e80f6a290e0,Tb-Dy,Tb,Dy,1,1,0.03980117830036134,1,0.19695906817014724,0.20593413251336673,0.20593413251336673,-0.02819954513236138,0.14066941484452009
e241500706fffd90b163,64c37ee304e84a85b36d,CCCCCCCCN(C)C(=O)COCC(=O)N(C)CCCCCCCC,cfb81e271e80f6a290e0,Dy-Ho,Dy,Ho,1,1,0.05994826814995946,1,0.08792011222494495,0.08346729994305613,0.08346729994305613,-0.07975308057935943,0.04600181402386885
4bfc3997191613ca8d97,64c37ee304e84a85b36d,CCCCCCCCN(C)C(=O)COCC(=O)N(C)CCCCCCCC,cfb81e271e80f6a290e0,Ho-Er,Ho,Er,1,1,-0.0930132464897877,1,-0.1360247964893717,-0.1102112018958668,-0.1102112018958668,0.010189737198400568,-0.09947116306742865
01785dfeb949049ff18c,64c37ee304e84a85b36d,CCCCCCCCN(C)C(=O)COCC(=O)N(C)CCCCCCCC,cfb81e271e80f6a290e0,Er-Tm,Er,Tm,1,1,-0.011539187135893414,1,-0.05718894332365357,-0.05382627307558688,-0.05382627307558688,-0.12549096521473901,-0.07426444879642494
3a15ddd1a7934d4c739a,64c37ee304e84a85b36d,CCCCCCCCN(C)C(=O)COCC(=O)N(C)CCCCCCCC,cfb81e271e80f6a290e0,Tm-Yb,Tm,Yb,1,1,-0.06412449263927433,1,-0.01938839146616883,-0.020603728057083808,-0.020603728057083808,-0.07716757953595017,-0.03383318848361416
c5625d7fe6020b26acb7,64c37ee304e84a85b36d,CCCCCCCCN(C)C(=O)COCC(=O)N(C)CCCCCCCC,cfb81e271e80f6a290e0,Yb-Lu,Yb,Lu,1,1,-0.2461867164375673,1,-0.19062591316009103,-0.17926236946948657,-0.17926236946948657,-0.04261657682435309,-0.15362357907615654
117bbfe7ccff3b0d20e5,0dc4df1d8719b585fad0,CCCCC(CC)CN(C)C(=O)COCC(=O)N(C)CC(CC)CCCC,740cd1aa7ef78d88a845,La-Ce,La,Ce,1,1,-0.6911041712781423,2,-0.2064586230256308,-0.21153335076012034,-0.21153335076012034,-0.14889375113270753,-0.16328496910593834
a52ae3b6eb997b592a02,0dc4df1d8719b585fad0,CCCCC(CC)CN(C)C(=O)COCC(=O)N(C)CC(CC)CCCC,740cd1aa7ef78d88a845,Ce-Pr,Ce,Pr,1,1,-0.08331920658625813,2,-0.22809642393976123,-0.18703962905197852,-0.18703962905197852,-0.14600367420094262,-0.16652686163564728
6af4d79dc1a859269b0a,0dc4df1d8719b585fad0,CCCCC(CC)CN(C)C(=O)COCC(=O)N(C)CC(CC)CCCC,740cd1aa7ef78d88a845,Pr-Nd,Pr,Nd,1,1,-0.399807944807157,2,-0.2676952976279324,-0.2658821135452569,-0.2658821135452569,-0.1794454943002585,-0.20150794513217699
204ee6ad87e7320f600f,0dc4df1d8719b585fad0,CCCCC(CC)CN(C)C(=O)COCC(=O)N(C)CC(CC)CCCC,740cd1aa7ef78d88a845,Sm-Eu,Sm,Eu,1,1,-0.07224009484601046,2,0.03490401039038847,0.020729840201724525,0.020729840201724525,-0.08931407680263101,-0.05825955500437614
a147007026047a31671d,0dc4df1d8719b585fad0,CCCCC(CC)CN(C)C(=O)COCC(=O)N(C)CC(CC)CCCC,740cd1aa7ef78d88a845,Eu-Gd,Eu,Gd,1,1,-0.09602775779229766,2,-0.00991754726754289,-0.011123837525851698,-0.011123837525851698,-0.09127635405016235,-0.07093665235450748
6b7a8c5d10e4d5657fb4,0dc4df1d8719b585fad0,CCCCC(CC)CN(C)C(=O)COCC(=O)N(C)CC(CC)CCCC,740cd1aa7ef78d88a845,Gd-Tb,Gd,Tb,1,1,-0.10184197218377378,2,-0.11486217628317608,-0.11871019456050655,-0.11871019456050655,-0.1774153452435835,-0.16177705300348164
231823954df43382896d,0dc4df1d8719b585fad0,CCCCC(CC)CN(C)C(=O)COCC(=O)N(C)CC(CC)CCCC,740cd1aa7ef78d88a845,Tb-Dy,Tb,Dy,1,1,0.0640293806133938,2,0.008226850176935793,0.0028563741721192217,0.0028563741721192217,-0.07097817867824888,-0.05117692146445271
4398ec778469134b99e5,0dc4df1d8719b585fad0,CCCCC(CC)CN(C)C(=O)COCC(=O)N(C)CC(CC)CCCC,740cd1aa7ef78d88a845,Dy-Ho,Dy,Ho,1,1,0.027975860782102346,2,-0.008688505023281326,-0.004923409061450015,-0.004923409061450015,-0.050215801281636406,-0.039833977217047636
3a24aae4ea41e60dbc6c,0dc4df1d8719b585fad0,CCCCC(CC)CN(C)C(=O)COCC(=O)N(C)CC(CC)CCCC,740cd1aa7ef78d88a845,Ho-Er,Ho,Er,1,1,-0.10420643256168516,2,-0.07958078317215037,-0.06465362802148705,-0.06465362802148705,-0.01914822018308341,-0.03425636093035015
4f294695c3bd168ae98d,0dc4df1d8719b585fad0,CCCCC(CC)CN(C)C(=O)COCC(=O)N(C)CC(CC)CCCC,740cd1aa7ef78d88a845,Er-Tm,Er,Tm,1,1,-0.035541889634882695,2,0.03156451303754259,0.03238184241355736,0.03238184241355736,-0.0031674129621267694,0.005515568537790571
0029b9c51da7bada94af,0dc4df1d8719b585fad0,CCCCC(CC)CN(C)C(=O)COCC(=O)N(C)CC(CC)CCCC,740cd1aa7ef78d88a845,Tm-Yb,Tm,Yb,1,1,0.03731973827612545,2,0.008613979682138841,-0.009230950424175792,-0.009230950424175792,-0.028798368293480064,-0.01944528129957534
eb53de736195dee9e20d,0dc4df1d8719b585fad0,CCCCC(CC)CN(C)C(=O)COCC(=O)N(C)CC(CC)CCCC,740cd1aa7ef78d88a845,Yb-Lu,Yb,Lu,1,1,-0.05464574937009625,2,-0.03543731035633559,-0.046944672342876304,-0.046944672342876304,0.030807261541444208,0.014246118566999255
0972b4734a71ffafaa82,ad43db80f916090df877,CCCCCCC(CCCC)CCCN(C)C(=O)COCC(=O)N(C)CCCC(CCCC)CCCCCC,938ee0008b154cfc7faf,La-Ce,La,Ce,1,1,-0.19629464514396822,1,-0.7261170588102928,-0.7535412111295099,-0.7535412111295099,-0.41324418786623374,-0.647898841074278
ee9aa4aad7cf047421ae,ad43db80f916090df877,CCCCCCC(CCCC)CCCN(C)C(=O)COCC(=O)N(C)CCCC(CCCC)CCCCCC,938ee0008b154cfc7faf,Ce-Pr,Ce,Pr,1,1,-0.44290715418856075,1,-0.02851477490765383,-0.06814120938808732,-0.06814120938808732,-0.3507365064307714,-0.10907020778843324
f513f2700583fa9dd851,ad43db80f916090df877,CCCCCCC(CCCC)CCCN(C)C(=O)COCC(=O)N(C)CCCC(CCCC)CCCCCC,938ee0008b154cfc7faf,Pr-Nd,Pr,Nd,1,1,0.007178584627123424,1,-0.31372884467389184,-0.2944971705278494,-0.2944971705278494,-0.30608451203464604,-0.31181776151408036
11a3ad4972f71d8a7a52,ad43db80f916090df877,CCCCCCC(CCCC)CCCN(C)C(=O)COCC(=O)N(C)CCCC(CCCC)CCCCCC,938ee0008b154cfc7faf,Sm-Eu,Sm,Eu,1,1,-0.34523365815603463,1,-0.21004587297111466,-0.23584420090280922,-0.23584420090280922,-0.2545749074820229,-0.2211781315988417
2c52d2ccc790461b7ca7,ad43db80f916090df877,CCCCCCC(CCCC)CCCN(C)C(=O)COCC(=O)N(C)CCCC(CCCC)CCCCCC,938ee0008b154cfc7faf,Eu-Gd,Eu,Gd,1,1,-0.12142216288546281,1,-0.14401665612065856,-0.128361725722544,-0.128361725722544,-0.17031210778868983,-0.15059051903766638
0e52402d6d3bf95e3c63,ad43db80f916090df877,CCCCCCC(CCCC)CCCN(C)C(=O)COCC(=O)N(C)CCCC(CCCC)CCCCCC,938ee0008b154cfc7faf,Gd-Tb,Gd,Tb,1,1,-0.2816488107397096,1,-0.2160306902466989,-0.2420621431611692,-0.2420621431611692,-0.3322470095471839,-0.24508477007182017
32ea5345f073e0f9faf6,ad43db80f916090df877,CCCCCCC(CCCC)CCCN(C)C(=O)COCC(=O)N(C)CCCC(CCCC)CCCCCC,938ee0008b154cfc7faf,Tb-Dy,Tb,Dy,1,1,-0.152124103298787,1,-0.04172951829284822,-0.04579834773300178,-0.04579834773300178,-0.07113688786480275,-0.04908136068583685
862e10051c4dbe25cf8e,ad43db80f916090df877,CCCCCCC(CCCC)CCCN(C)C(=O)COCC(=O)N(C)CCCC(CCCC)CCCCCC,938ee0008b154cfc7faf,Dy-Ho,Dy,Ho,1,1,0.04953847154612956,1,-0.10673248469172186,-0.12911155262090443,-0.12911155262090443,-0.00940046564919644,-0.08239947993109051
731d743265209a5b9c3d,ad43db80f916090df877,CCCCCCC(CCCC)CCCN(C)C(=O)COCC(=O)N(C)CCCC(CCCC)CCCCCC,938ee0008b154cfc7faf,Ho-Er,Ho,Er,1,1,-0.2993004255488809,1,-0.08343652171608223,-0.059683796678405565,-0.059683796678405565,-0.04711845605681497,-0.07435700530126542
118e37bd2721b66ec6ee,ad43db80f916090df877,CCCCCCC(CCCC)CCCN(C)C(=O)COCC(=O)N(C)CCCC(CCCC)CCCCCC,938ee0008b154cfc7faf,Er-Tm,Er,Tm,1,1,-0.01610362459797887,1,-0.04635577310659178,-0.044399369947042716,-0.044399369947042716,-0.04271012090520143,-0.04544436005624419
991cb6c2632e141f1fdd,ad43db80f916090df877,CCCCCCC(CCCC)CCCN(C)C(=O)COCC(=O)N(C)CCCC(CCCC)CCCCCC,938ee0008b154cfc7faf,Tm-Yb,Tm,Yb,1,1,-0.049901363013583167,1,0.023913423048310106,0.028539301978584806,0.028539301978584806,-0.03450299573017997,0.009309318353687587
d281aab48803cf53a3a8,ad43db80f916090df877,CCCCCCC(CCCC)CCCN(C)C(=O)COCC(=O)N(C)CCCC(CCCC)CCCCCC,938ee0008b154cfc7faf,Yb-Lu,Yb,Lu,1,1,-0.07467540349748503,1,-0.12700289417470184,-0.137049368831783,-0.137049368831783,-0.11539784304587139,-0.12410163139249422
9f33443a29a434aac18b,0aae004a5991dd9963c5,CCCCCCCCN(CC)C(=O)COCC(=O)N(CC)CCCCCCCC,d0c8d41e2f31a2ffd4ba,La-Ce,La,Ce,1,1,-0.3541610840934504,2,-0.3256194607384709,-0.3048628019568438,-0.3048628019568438,-0.34862362330300056,-0.34287258266186815
ca26ca27da4947641ab1,0aae004a5991dd9963c5,CCCCCCCCN(CC)C(=O)COCC(=O)N(CC)CCCCCCCC,d0c8d41e2f31a2ffd4ba,Ce-Pr,Ce,Pr,1,1,-0.4718249149097139,2,-0.18391952683091056,-0.17862911756197178,-0.17862911756197178,-0.29928175472605967,-0.2704411977522724
0a98a2f83a8907925ec4,0aae004a5991dd9963c5,CCCCCCCCN(CC)C(=O)COCC(=O)N(CC)CCCCCCCC,d0c8d41e2f31a2ffd4ba,Pr-Nd,Pr,Nd,1,1,-0.3256314906693164,2,-0.2206539106614565,-0.2107028128160363,-0.2107028128160363,-0.19892190565081347,-0.20435490690347424
16adbf9ec002c6794199,0aae004a5991dd9963c5,CCCCCCCCN(CC)C(=O)COCC(=O)N(CC)CCCCCCCC,d0c8d41e2f31a2ffd4ba,Sm-Eu,Sm,Eu,1,1,-0.29772200776407076,2,0.053540777401047,0.20636860348209163,0.20636860348209163,-0.16272170770069444,-0.1086560864252591
4502688e645488b99dc8,0aae004a5991dd9963c5,CCCCCCCCN(CC)C(=O)COCC(=O)N(CC)CCCCCCCC,d0c8d41e2f31a2ffd4ba,Eu-Gd,Eu,Gd,1,1,-0.1594072683980836,2,-0.10560590520395212,-0.11674393090559937,-0.11674393090559937,-0.03826840639411373,-0.05510278109657333
2bf1450ae7532195e9f8,0aae004a5991dd9963c5,CCCCCCCCN(CC)C(=O)COCC(=O)N(CC)CCCCCCCC,d0c8d41e2f31a2ffd4ba,Gd-Tb,Gd,Tb,1,1,-0.3856387013783311,2,-0.2552923730266159,-0.2774084029310886,-0.2774084029310886,-0.2201881673151575,-0.22896421874302209
a4b9f439568e6aa653e7,0aae004a5991dd9963c5,CCCCCCCCN(CC)C(=O)COCC(=O)N(CC)CCCCCCCC,d0c8d41e2f31a2ffd4ba,Tb-Dy,Tb,Dy,1,1,0.29739973917283447,2,-0.0011998917978203573,-0.021819251637022967,-0.021819251637022967,-0.13740730028973314,-0.10335544816675495
f2b795e38d9ccff6138a,0aae004a5991dd9963c5,CCCCCCCCN(CC)C(=O)COCC(=O)N(CC)CCCCCCCC,d0c8d41e2f31a2ffd4ba,Dy-Ho,Dy,Ho,1,1,0.0649176130169149,2,-0.07434389457803221,-0.052618822895195955,-0.052618822895195955,-0.09926808199007593,-0.093037035137065
989da010c84790f16da3,0aae004a5991dd9963c5,CCCCCCCCN(CC)C(=O)COCC(=O)N(CC)CCCCCCCC,d0c8d41e2f31a2ffd4ba,Ho-Er,Ho,Er,1,1,-0.13145333353789512,2,-0.0007592242143875487,-0.015798976901704058,-0.015798976901704058,-0.07954077311349633,-0.05984538588871914
552146ed756aba3a255e,0aae004a5991dd9963c5,CCCCCCCCN(CC)C(=O)COCC(=O)N(CC)CCCCCCCC,d0c8d41e2f31a2ffd4ba,Er-Tm,Er,Tm,1,1,-0.10065007094787282,2,-0.013987816069424668,-0.013602818967304104,-0.013602818967304104,-0.0785963187939033,-0.06244419311278364
0252a84abd49fc270c08,0aae004a5991dd9963c5,CCCCCCCCN(CC)C(=O)COCC(=O)N(CC)CCCCCCCC,d0c8d41e2f31a2ffd4ba,Tm-Yb,Tm,Yb,1,1,-0.010871686403313596,2,-0.11523464945784893,-0.10724259182783782,-0.10724259182783782,-0.033967413084934485,-0.0542842221781631
18c5306303ec1ebbbb3f,0aae004a5991dd9963c5,CCCCCCCCN(CC)C(=O)COCC(=O)N(CC)CCCCCCCC,d0c8d41e2f31a2ffd4ba,Yb-Lu,Yb,Lu,1,1,-0.28201605669863694,2,-0.2904560718541087,-0.2516215141312058,-0.2516215141312058,-0.0783844435161575,-0.1314023506006453
21f0cd53b80955af4b0b,3e98b5a29873a5c5c199,CCCCCCCCN(CCC)C(=O)COCC(=O)N(CCC)CCCCCCCC,a8bcadca777d3106635e,La-Ce,La,Ce,1,1,-0.4080403355763634,2,-0.34692204016766426,-0.3473472249508056,-0.3473472249508056,-0.28698968526959356,-0.30197277399411127
4eef6ab5217e1d76b1e2,3e98b5a29873a5c5c199,CCCCCCCCN(CCC)C(=O)COCC(=O)N(CCC)CCCCCCCC,a8bcadca777d3106635e,Ce-Pr,Ce,Pr,1,1,-0.5137990874284191,2,-0.19742993420568228,-0.2006199948643657,-0.2006199948643657,-0.2463711060391884,-0.23413581308081188
303455e103e547cbaf4a,3e98b5a29873a5c5c199,CCCCCCCCN(CCC)C(=O)COCC(=O)N(CCC)CCCCCCCC,a8bcadca777d3106635e,Pr-Nd,Pr,Nd,1,1,-0.31457927597105306,2,-0.19369222273380293,-0.21537514920768985,-0.21537514920768985,-0.23748912984214582,-0.2265399030650601
d01af706f0def4c66452,3e98b5a29873a5c5c199,CCCCCCCCN(CCC)C(=O)COCC(=O)N(CCC)CCCCCCCC,a8bcadca777d3106635e,Sm-Eu,Sm,Eu,1,1,-0.31758762666306173,2,-0.055898437948160185,0.12257828853627008,0.12257828853627006,-0.16779292764647452,-0.13981930522189595
b085a17e90ccf144a1e0,3e98b5a29873a5c5c199,CCCCCCCCN(CCC)C(=O)COCC(=O)N(CCC)CCCCCCCC,a8bcadca777d3106635e,Eu-Gd,Eu,Gd,1,1,-0.14116309942154737,2,-0.13409399244737097,-0.15094163080896744,-0.15094163080896744,-0.09682689319199864,-0.10614366800584171
a9245bc7af80f6e24d52,3e98b5a29873a5c5c199,CCCCCCCCN(CCC)C(=O)COCC(=O)N(CCC)CCCCCCCC,a8bcadca777d3106635e,Gd-Tb,Gd,Tb,1,1,-0.4576108466815203,2,-0.357855755375152,-0.38402160489181786,-0.38402160489181786,-0.292069476791447,-0.3085160464373733
d5b173d8ca2ad0d41441,3e98b5a29873a5c5c199,CCCCCCCCN(CCC)C(=O)COCC(=O)N(CCC)CCCCCCCC,a8bcadca777d3106635e,Tb-Dy,Tb,Dy,1,1,0.2722884351963004,2,-0.01968298937084863,-0.04213792069447446,-0.04213792069447446,-0.13843540186921355,-0.10874729874462231
f7718c6ad090386410e5,3e98b5a29873a5c5c199,CCCCCCCCN(CCC)C(=O)COCC(=O)N(CCC)CCCCCCCC,a8bcadca777d3106635e,Dy-Ho,Dy,Ho,1,1,0.17711729339247517,2,-0.08682745143264782,-0.08069567758172755,-0.08069567758172755,-0.08073884393167251,-0.08226099580691634
02e43dfa932d3db62c7e,3e98b5a29873a5c5c199,CCCCCCCCN(CCC)C(=O)COCC(=O)N(CCC)CCCCCCCC,a8bcadca777d3106635e,Ho-Er,Ho,Er,1,1,-0.2938639304330106,2,-0.0006095994262776648,0.0025415264815217727,0.0025415264815217727,-0.07048606364981304,-0.05301694759392919
ce4a94bcbc1a4291519c,3e98b5a29873a5c5c199,CCCCCCCCN(CCC)C(=O)COCC(=O)N(CCC)CCCCCCCC,a8bcadca777d3106635e,Er-Tm,Er,Tm,1,1,-0.05459602847476619,2,-0.010587115821874677,-0.015101594096696948,-0.015101594096696948,-0.041591642734821674,-0.033840511006584924
580a88bb7c8c8c02eeab,3e98b5a29873a5c5c199,CCCCCCCCN(CCC)C(=O)COCC(=O)N(CCC)CCCCCCCC,a8bcadca777d3106635e,Tm-Yb,Tm,Yb,1,1,-0.04181633354745262,2,-0.11534301876848309,-0.11482683171250646,-0.11482683171250646,-0.05942484164577846,-0.07340438592645462
7ece381a7154d896f9d4,3e98b5a29873a5c5c199,CCCCCCCCN(CCC)C(=O)COCC(=O)N(CCC)CCCCCCCC,a8bcadca777d3106635e,Yb-Lu,Yb,Lu,1,1,-0.23120105517614142,2,-0.30751662054843354,-0.26393844896167507,-0.26393844896167507,-0.0974814606906432,-0.14999025065509078
17a8c98319cc0b6d397d,100832aa7aa9fedee6ee,CCCCCCCCN(CCCCCCCC)C(=O)COCC(=O)N(C)C,d8fbb36b1000a6bb07eb,La-Ce,La,Ce,1,1,-0.39344441137523867,1,-0.3842431574451869,-0.3822978506545223,-0.3822978506545223,-0.4751405596332423,-0.4069675079922007
a7bab7f01cea25a7c82c,100832aa7aa9fedee6ee,CCCCCCCCN(CCCCCCCC)C(=O)COCC(=O)N(C)C,d8fbb36b1000a6bb07eb,Ce-Pr,Ce,Pr,1,1,-0.38783408551386167,1,-0.4256640738317842,-0.479777255401441,-0.479777255401441,-0.3390405165591108,-0.40400818451361586
9c72dfbecc3d9ec8ed18,100832aa7aa9fedee6ee,CCCCCCCCN(CCCCCCCC)C(=O)COCC(=O)N(C)C,d8fbb36b1000a6bb07eb,Pr-Nd,Pr,Nd,1,1,-0.5001305922833101,1,-0.3083267498519784,-0.31631982151864824,-0.31631982151864824,-0.3112884277766611,-0.30906716933314904
94b638b02e2a96f425a6,100832aa7aa9fedee6ee,CCCCCCCCN(CCCCCCCC)C(=O)COCC(=O)N(C)C,d8fbb36b1000a6bb07eb,Sm-Eu,Sm,Eu,1,1,0.5723550640188764,1,-0.2987704616166388,-0.30140545762743065,-0.30140545762743065,-0.2948372769760676,-0.297787165456496
7a61074814013673a154,a9ef01d49359038a4887,CCCCCCCCN(C)C(=O)COCC(=O)N(CCCCCCCC)CCCCCCCC,70aa088338f6a02d22ea,La-Ce,La,Ce,1,1,-0.3136191229720017,1,-0.5021016711363143,-0.4465843126678645,-0.4465843126678645,-0.4279139754412381,-0.48355474721254527
f55d6d8740ffdf1b1e54,a9ef01d49359038a4887,CCCCCCCCN(C)C(=O)COCC(=O)N(CCCCCCCC)CCCCCCCC,70aa088338f6a02d22ea,Ce-Pr,Ce,Pr,1,1,-0.458098017406232,1,-0.29539137613313826,-0.32437883248795973,-0.32437883248795973,-0.33562917971855155,-0.30545082702949156
cfc791ec8bcc65be317b,a9ef01d49359038a4887,CCCCCCCCN(C)C(=O)COCC(=O)N(CCCCCCCC)CCCCCCCC,70aa088338f6a02d22ea,Pr-Nd,Pr,Nd,1,1,-0.2543111444851691,1,-0.32668622595862495,-0.2925652168905973,-0.2925652168905973,-0.182028546435697,-0.29052180607789296
93c9262806c57eb0b852,a9ef01d49359038a4887,CCCCCCCCN(C)C(=O)COCC(=O)N(CCCCCCCC)CCCCCCCC,70aa088338f6a02d22ea,Sm-Eu,Sm,Eu,1,1,-0.3399266303991306,1,-0.30548673608657995,-0.3072236021653156,-0.3072236021653156,-0.2693495693741503,-0.2964524444084725
2dd7b7e240b7fcf10d6c,a9ef01d49359038a4887,CCCCCCCCN(C)C(=O)COCC(=O)N(CCCCCCCC)CCCCCCCC,70aa088338f6a02d22ea,Eu-Gd,Eu,Gd,1,1,-0.1524863172329638,1,-0.14997658346414297,-0.1507138034496887,-0.1507138034496887,-0.16789747787093298,-0.15445680706584047
4d59bfa9ef98557ea22b,a9ef01d49359038a4887,CCCCCCCCN(C)C(=O)COCC(=O)N(CCCCCCCC)CCCCCCCC,70aa088338f6a02d22ea,Gd-Tb,Gd,Tb,1,1,-0.39477858234287533,1,-0.3716642670823971,-0.3899191563554,-0.3899191563554,-0.23468411326586008,-0.33741922862826285
86c5ce22d5d3444e6805,a9ef01d49359038a4887,CCCCCCCCN(C)C(=O)COCC(=O)N(CCCCCCCC)CCCCCCCC,70aa088338f6a02d22ea,Tb-Dy,Tb,Dy,1,1,0.12974698493649983,1,0.09291844049501735,0.14686585760983129,0.14686585760983129,-0.04406937663178416,0.05867148621331697
468ab8b2e0515d780e3a,a9ef01d49359038a4887,CCCCCCCCN(C)C(=O)COCC(=O)N(CCCCCCCC)CCCCCCCC,70aa088338f6a02d22ea,Dy-Ho,Dy,Ho,1,1,0.1765668208671367,1,-0.055182852122678636,0.016540976763086516,0.01654097676308651,-0.06864570539281753,-0.05854856544021336
c520ac5e70ca1dd90862,a9ef01d49359038a4887,CCCCCCCCN(C)C(=O)COCC(=O)N(CCCCCCCC)CCCCCCCC,70aa088338f6a02d22ea,Ho-Er,Ho,Er,1,1,-0.33795629874019273,1,-0.10764480407988705,-0.07971549455967436,-0.07971549455967436,-0.08633566876871618,-0.10231752025209434
a01fad801cba7b49dfbc,a9ef01d49359038a4887,CCCCCCCCN(C)C(=O)COCC(=O)N(CCCCCCCC)CCCCCCCC,70aa088338f6a02d22ea,Er-Tm,Er,Tm,1,1,-0.04560148545058862,1,-0.047716053982952436,-0.02847837430350692,-0.02847837430350692,-0.06727634496503851,-0.05260612672847395
942f5d606661645445e2,a9ef01d49359038a4887,CCCCCCCCN(C)C(=O)COCC(=O)N(CCCCCCCC)CCCCCCCC,70aa088338f6a02d22ea,Tm-Yb,Tm,Yb,1,1,-0.042078565707426296,1,-0.0034740718337964295,-0.009383018578286627,-0.009383018578286627,-0.1058914850217639,-0.0290784251307883
1579ce48a2c0a32ca892,a9ef01d49359038a4887,CCCCCCCCN(C)C(=O)COCC(=O)N(CCCCCCCC)CCCCCCCC,70aa088338f6a02d22ea,Yb-Lu,Yb,Lu,1,1,-0.2093872828831409,1,-0.25688675831320784,-0.24797294883488383,-0.24797294883488383,-0.10945848878923262,-0.22002969093221403
f9f7fd18c2e9608494d8,44c54d71b4bf59f547cc,CCCCCCCCC(C)(C)SCC1CN(C(=O)COCC(=O)N2CC(C)C(CSC(C)(C)CCCCCCCC)C2)CC1C,df31a71e0741abc5c0d2,La-Ce,La,Ce,1,1,-0.2743493160283388,1,-0.6948484172269614,-0.6813247286188628,-0.6813247286188628,-0.5206332956113109,-0.6512946368230488
db61b029a6cb29ae993c,44c54d71b4bf59f547cc,CCCCCCCCC(C)(C)SCC1CN(C(=O)COCC(=O)N2CC(C)C(CSC(C)(C)CCCCCCCC)C2)CC1C,df31a71e0741abc5c0d2,Ce-Pr,Ce,Pr,1,1,-0.10754632785384144,1,-0.03887799061774831,-0.06207037928671112,-0.06207037928671112,-0.2048329456845253,-0.08036672938444256
c00d34e374b6e23c327d,44c54d71b4bf59f547cc,CCCCCCCCC(C)(C)SCC1CN(C(=O)COCC(=O)N2CC(C)C(CSC(C)(C)CCCCCCCC)C2)CC1C,df31a71e0741abc5c0d2,Pr-Nd,Pr,Nd,1,1,-0.07762183869210348,1,-0.30764642035315076,-0.31604190948080824,-0.31604190948080824,-0.2720946917789504,-0.29875848820960066
b15f32ced31eb1885a12,44c54d71b4bf59f547cc,CCCCCCCCC(C)(C)SCC1CN(C(=O)COCC(=O)N2CC(C)C(CSC(C)(C)CCCCCCCC)C2)CC1C,df31a71e0741abc5c0d2,Sm-Eu,Sm,Eu,1,1,-0.22898426344250056,1,-0.2592732956625366,-0.2450345911030857,-0.2450345911030857,-0.2529861922516006,-0.2577015198098026
eda3821a3ca9f0dfa8ca,44c54d71b4bf59f547cc,CCCCCCCCC(C)(C)SCC1CN(C(=O)COCC(=O)N2CC(C)C(CSC(C)(C)CCCCCCCC)C2)CC1C,df31a71e0741abc5c0d2,Eu-Gd,Eu,Gd,1,1,-0.07566822804985551,1,-0.14528631897206645,-0.12873238802366868,-0.12873238802366868,-0.13565402776901797,-0.14287824617130435
0b56076db6171ce0b043,44c54d71b4bf59f547cc,CCCCCCCCC(C)(C)SCC1CN(C(=O)COCC(=O)N2CC(C)C(CSC(C)(C)CCCCCCCC)C2)CC1C,df31a71e0741abc5c0d2,Gd-Tb,Gd,Tb,1,1,-0.20371897202549083,1,-0.2635696526509169,-0.259085796029007,-0.259085796029007,-0.2585282546279374,-0.26230930314517203
dad01ef775d49a530095,44c54d71b4bf59f547cc,CCCCCCCCC(C)(C)SCC1CN(C(=O)COCC(=O)N2CC(C)C(CSC(C)(C)CCCCCCCC)C2)CC1C,df31a71e0741abc5c0d2,Tb-Dy,Tb,Dy,1,1,-0.09135823571888246,1,-0.06329310108612124,-0.024929306530009163,-0.02492930653000916,-0.07599205083599689,-0.06646783852359014
0966bea99df408a51877,44c54d71b4bf59f547cc,CCCCCCCCC(C)(C)SCC1CN(C(=O)COCC(=O)N2CC(C)C(CSC(C)(C)CCCCCCCC)C2)CC1C,df31a71e0741abc5c0d2,Dy-Ho,Dy,Ho,1,1,-0.050802462522839376,1,-0.22083884032870837,-0.24794202116065267,-0.24794202116065267,-0.060676824074192975,-0.18079833626507952
118f9f409ebe88b7ce70,44c54d71b4bf59f547cc,CCCCCCCCC(C)(C)SCC1CN(C(=O)COCC(=O)N2CC(C)C(CSC(C)(C)CCCCCCCC)C2)CC1C,df31a71e0741abc5c0d2,Ho-Er,Ho,Er,1,1,-0.08545440209543731,1,-0.022687806102557308,-0.003692095811766173,-0.0036920958117661745,-0.03406098712153924,-0.025531101357302792
8cd5d434b330757874a8,44c54d71b4bf59f547cc,CCCCCCCCC(C)(C)SCC1CN(C(=O)COCC(=O)N2CC(C)C(CSC(C)(C)CCCCCCCC)C2)CC1C,df31a71e0741abc5c0d2,Er-Tm,Er,Tm,1,1,-0.004871885169296597,1,-0.051414895946923694,-0.032494135419101615,-0.032494135419101615,-0.06082285070562753,-0.053766884636599656
3b246c3e8396fb340ec5,44c54d71b4bf59f547cc,CCCCCCCCC(C)(C)SCC1CN(C(=O)COCC(=O)N2CC(C)C(CSC(C)(C)CCCCCCCC)C2)CC1C,df31a71e0741abc5c0d2,Tm-Yb,Tm,Yb,1,1,-0.06334030594263673,1,0.0230340493217702,0.014731204306193076,0.014731204306193076,-0.07127017823158621,-0.0005420075665689
a9c5f10399ec7592b1fc,44c54d71b4bf59f547cc,CCCCCCCCC(C)(C)SCC1CN(C(=O)COCC(=O)N2CC(C)C(CSC(C)(C)CCCCCCCC)C2)CC1C,df31a71e0741abc5c0d2,Yb-Lu,Yb,Lu,1,1,-0.05057763656057146,1,-0.17819967163217182,-0.16487960594535483,-0.16487960594535483,0.003226646912256612,-0.1328430919960647
22a494dbea3ec917b9f1,1fbf0adc65bc7ad12bc4,CCCCCCCCCCCCN(CCCCCCCC)C(=O)COCC(=O)N(CCCCCCCC)CCCCCCCCCCCC,0982ebf465b726073008,La-Ce,La,Ce,1,1,-0.9542425094393249,0,-0.44406957329322994,-0.5509146230707417,-0.44406957329322994,-0.2347787246494214,-0.2347787246494214
bb0fb9a5fe5700e2bbb5,1fbf0adc65bc7ad12bc4,CCCCCCCCCCCCN(CCCCCCCC)C(=O)COCC(=O)N(CCCCCCCC)CCCCCCCCCCCC,0982ebf465b726073008,Ce-Pr,Ce,Pr,1,1,0.1330566268304794,0,-0.2219809929149292,-0.1910294442491542,-0.2219809929149292,-0.3201442308086079,-0.3201442308086079
1aece62660c02608f97e,1fbf0adc65bc7ad12bc4,CCCCCCCCCCCCN(CCCCCCCC)C(=O)COCC(=O)N(CCCCCCCC)CCCCCCCCCCCC,0982ebf465b726073008,Pr-Nd,Pr,Nd,1,1,-0.4340866224944606,0,-0.23928776756687997,-0.22996543707220918,-0.23928776756687997,-0.23976149164510005,-0.23976149164510005
fde44dc5a4d7e4da7bd3,1fbf0adc65bc7ad12bc4,CCCCCCCCCCCCN(CCCCCCCC)C(=O)COCC(=O)N(CCCCCCCC)CCCCCCCCCCCC,0982ebf465b726073008,Sm-Eu,Sm,Eu,1,1,-0.3835124005492567,0,-0.28792417695826567,-0.29904814838903804,-0.28792417695826567,-0.12781918856972624,-0.12781918856972624
c618885948c8f0cce51e,1fbf0adc65bc7ad12bc4,CCCCCCCCCCCCN(CCCCCCCC)C(=O)COCC(=O)N(CCCCCCCC)CCCCCCCCCCCC,0982ebf465b726073008,Eu-Gd,Eu,Gd,1,1,-0.16564941615847228,0,-0.14561843888916998,-0.1351177773965639,-0.14561843888916998,-0.17884323923356218,-0.17884323923356218
4724f906c3ee3cafef0c,1fbf0adc65bc7ad12bc4,CCCCCCCCCCCCN(CCCCCCCC)C(=O)COCC(=O)N(CCCCCCCC)CCCCCCCCCCCC,0982ebf465b726073008,Gd-Tb,Gd,Tb,1,1,-0.6595631508622992,0,-0.37830053393990215,-0.36838476917154384,-0.37830053393990215,-0.3507752007235727,-0.3507752007235727
34efb94de37cbf6f32e0,1fbf0adc65bc7ad12bc4,CCCCCCCCCCCCN(CCCCCCCC)C(=O)COCC(=O)N(CCCCCCCC)CCCCCCCCCCCC,0982ebf465b726073008,Tb-Dy,Tb,Dy,1,1,0.1512937938960106,0,0.04078463471356244,0.02319580108727659,0.04078463471356244,-0.051023316943577215,-0.05102331694357721
d22ead33f735d06f0300,1fbf0adc65bc7ad12bc4,CCCCCCCCCCCCN(CCCCCCCC)C(=O)COCC(=O)N(CCCCCCCC)CCCCCCCCCCCC,0982ebf465b726073008,Dy-Ho,Dy,Ho,1,1,-0.9850552611293657,0,-0.023674048919169438,-0.04607893320197319,-0.023674048919169438,-0.10527927776605199,-0.10527927776605199
5f08f076bc61a7135f6c,1fbf0adc65bc7ad12bc4,CCCCCCCCCCCCN(CCCCCCCC)C(=O)COCC(=O)N(CCCCCCCC)CCCCCCCCCCCC,0982ebf465b726073008,Ho-Er,Ho,Er,1,1,0.5120292120295526,0,-0.17164793146778806,-0.11782855618280946,-0.17164793146778806,-0.05389435440763694,-0.05389435440763693
80cc09a3d8830bb17416,1fbf0adc65bc7ad12bc4,CCCCCCCCCCCCN(CCCCCCCC)C(=O)COCC(=O)N(CCCCCCCC)CCCCCCCCCCCC,0982ebf465b726073008,Yb-Lu,Yb,Lu,1,1,-0.7874519919269884,0,-0.14420447624128474,-0.14038643850167346,-0.14420447624128474,-0.09430322401824986,-0.09430322401824986
97cf21bc1e364ed18849,0cff1f43be491a002c54,CCCCCCCCN(CCC(C)CC(C)(C)C)C(=O)COCC(=O)N(CCCCCCCC)CCC(C)CC(C)(C)C,b7c328b58334d601cbf0,La-Ce,La,Ce,1,1,-0.4771212547196625,1,-0.7261170588102929,-0.7728689827988348,-0.7728689827988348,-0.4079511790062067,-0.6465755888592714
8da725468a31c6ef88a8,0cff1f43be491a002c54,CCCCCCCCN(CCC(C)CC(C)(C)C)C(=O)COCC(=O)N(CCCCCCCC)CCC(C)CC(C)(C)C,b7c328b58334d601cbf0,Ce-Pr,Ce,Pr,1,1,-0.39211046501131375,1,0.005290238123810913,-0.02934574901108579,-0.029345749011085793,-0.3179475844623407,-0.075519217522727
3047f19be93714b6dbbb,0cff1f43be491a002c54,CCCCCCCCN(CCC(C)CC(C)(C)C)C(=O)COCC(=O)N(CCCCCCCC)CCC(C)CC(C)(C)C,b7c328b58334d601cbf0,Pr-Nd,Pr,Nd,1,1,0.12104369272477578,1,-0.30924288374441605,-0.28712770971080204,-0.28712770971080204,-0.25147143306710024,-0.29480002107508707
ba4a6bbe17a0170346b0,0cff1f43be491a002c54,CCCCCCCCN(CCC(C)CC(C)(C)C)C(=O)COCC(=O)N(CCCCCCCC)CCC(C)CC(C)(C)C,b7c328b58334d601cbf0,Sm-Eu,Sm,Eu,1,1,-0.2622012079733037,1,-0.27496207466544703,-0.28598248783031865,-0.28598248783031865,-0.2428374246093875,-0.26693091215143216
f88320d6b95db8b40709,0cff1f43be491a002c54,CCCCCCCCN(CCC(C)CC(C)(C)C)C(=O)COCC(=O)N(CCCCCCCC)CCC(C)CC(C)(C)C,b7c328b58334d601cbf0,Eu-Gd,Eu,Gd,1,1,-0.12532911369696964,1,-0.17356842234793146,-0.1476309189469751,-0.1476309189469751,-0.25670912321143624,-0.19435359756380766
fb1dd48b570a36602b39,0cff1f43be491a002c54,CCCCCCCCN(CCC(C)CC(C)(C)C)C(=O)COCC(=O)N(CCCCCCCC)CCC(C)CC(C)(C)C,b7c328b58334d601cbf0,Gd-Tb,Gd,Tb,1,1,-0.2618557842520175,1,-0.29550533048337274,-0.3262453787426163,-0.3262453787426163,-0.3152008859237534,-0.3004292193434679
5a5424b2d35d506959ba,0cff1f43be491a002c54,CCCCCCCCN(CCC(C)CC(C)(C)C)C(=O)COCC(=O)N(CCCCCCCC)CCC(C)CC(C)(C)C,b7c328b58334d601cbf0,Tb-Dy,Tb,Dy,1,1,-0.15688314640128853,1,-0.0575841437095865,-0.059391282156178574,-0.059391282156178574,-0.04944519887418004,-0.05554940750073488
c50a7e2741f173555c23,0cff1f43be491a002c54,CCCCCCCCN(CCC(C)CC(C)(C)C)C(=O)COCC(=O)N(CCCCCCCC)CCC(C)CC(C)(C)C,b7c328b58334d601cbf0,Dy-Ho,Dy,Ho,1,1,-0.10600875557220957,1,-0.2263113850303658,-0.22877361616040906,-0.22877361616040906,-0.0697889223815183,-0.18718076936815392
0ba2f2a1b27cbef76a15,0cff1f43be491a002c54,CCCCCCCCN(CCC(C)CC(C)(C)C)C(=O)COCC(=O)N(CCCCCCCC)CCC(C)CC(C)(C)C,b7c328b58334d601cbf0,Ho-Er,Ho,Er,1,1,-0.08399165647407036,1,-0.053423898122575475,-0.04269061908621537,-0.04269061908621537,-0.0271416633880133,-0.04685333943893493
7ce47b89ddaccacd349a,0cff1f43be491a002c54,CCCCCCCCN(CCC(C)CC(C)(C)C)C(=O)COCC(=O)N(CCCCCCCC)CCC(C)CC(C)(C)C,b7c328b58334d601cbf0,Er-Tm,Er,Tm,1,1,0.023993726798785087,1,-0.048127985816037264,-0.04253542778213251,-0.04253542778213251,-0.0327275368933689,-0.04427787358537017
7e510dc35b8e7de03da6,0cff1f43be491a002c54,CCCCCCCCN(CCC(C)CC(C)(C)C)C(=O)COCC(=O)N(CCCCCCCC)CCC(C)CC(C)(C)C,b7c328b58334d601cbf0,Tm-Yb,Tm,Yb,1,1,-0.023416974414015357,1,0.037674490122326265,0.03934747200741695,0.03934747200741695,-0.04832557803189863,0.01617447308377004
1abc9e844e6f5fe165e8,0cff1f43be491a002c54,CCCCCCCCN(CCC(C)CC(C)(C)C)C(=O)COCC(=O)N(CCCCCCCC)CCC(C)CC(C)(C)C,b7c328b58334d601cbf0,Yb-Lu,Yb,Lu,1,1,-0.02847937683348256,1,-0.1904326575425718,-0.16519468190520956,-0.16519468190520956,-0.1696884989703362,-0.1852466178995129
f06bf1758cd67beb821f,a7ee210d73012cf6de4e,CCCCCCCCN(CCCC(CCCC)CCCCCC)C(=O)COCC(=O)N(CCCCCCCC)CCCC(CCCC)CCCCCC,586245b3d3bd450b1333,Ce-Pr,Ce,Pr,1,1,0.30102999566398125,1,0.08702312664728809,0.07775624229940024,0.07775624229940024,-0.30501947337196034,-0.01098752335752401
9e4bd38d3b9502bac1cd,a7ee210d73012cf6de4e,CCCCCCCCN(CCCC(CCCC)CCCCCC)C(=O)COCC(=O)N(CCCCCCCC)CCCC(CCCC)CCCCCC,586245b3d3bd450b1333,Pr-Nd,Pr,Nd,1,1,-0.5228787452803376,1,-0.38972921295321283,-0.37281579471476894,-0.37281579471476894,-0.3122104759245715,-0.37034952869605253
221a5b3ed8a2c1711f23,a7ee210d73012cf6de4e,CCCCCCCCN(CCCC(CCCC)CCCCCC)C(=O)COCC(=O)N(CCCCCCCC)CCCC(CCCC)CCCCCC,586245b3d3bd450b1333,Sm-Eu,Sm,Eu,1,1,-0.28113516694704194,1,-0.27089001121110445,-0.29297511596867803,-0.29297511596867803,-0.2348292644497574,-0.2618748245207677
397a30dceb8d03dfba0e,a7ee210d73012cf6de4e,CCCCCCCCN(CCCC(CCCC)CCCCCC)C(=O)COCC(=O)N(CCCCCCCC)CCCC(CCCC)CCCCCC,586245b3d3bd450b1333,Eu-Gd,Eu,Gd,1,1,-0.13083613348092704,1,-0.16050699287407633,-0.14499280000333778,-0.14499280000333778,-0.17204419864019416,-0.16339129431560578
23f8ec08cbb30a2cf4e3,a7ee210d73012cf6de4e,CCCCCCCCN(CCCC(CCCC)CCCCCC)C(=O)COCC(=O)N(CCCCCCCC)CCCC(CCCC)CCCCCC,586245b3d3bd450b1333,Gd-Tb,Gd,Tb,1,1,-0.2997729919444788,1,-0.30357657980076763,-0.36565355234390307,-0.36565355234390307,-0.3222359791129996,-0.3082414296288256
10d694169902361fc03e,a7ee210d73012cf6de4e,CCCCCCCCN(CCCC(CCCC)CCCCCC)C(=O)COCC(=O)N(CCCCCCCC)CCCC(CCCC)CCCCCC,586245b3d3bd450b1333,Tb-Dy,Tb,Dy,1,1,-0.21805576059921727,1,-0.09586650098553845,-0.09454191044723378,-0.09454191044723378,-0.012153632015680677,-0.07493828374307401
2f9adbb6a50da395b733,a7ee210d73012cf6de4e,CCCCCCCCN(CCCC(CCCC)CCCCCC)C(=O)COCC(=O)N(CCCCCCCC)CCCC(CCCC)CCCCCC,586245b3d3bd450b1333,Dy-Ho,Dy,Ho,1,1,-0.20316653664860207,1,-0.3961099056396457,-0.41359267845409886,-0.41359267845409886,-0.052037536389194936,-0.310091813327033
e5c99867f4e3257c2c9c,a7ee210d73012cf6de4e,CCCCCCCCN(CCCC(CCCC)CCCCCC)C(=O)COCC(=O)N(CCCCCCCC)CCCC(CCCC)CCCCCC,586245b3d3bd450b1333,Ho-Er,Ho,Er,1,1,-0.07558706430422679,1,0.016091822775492776,0.021571793837076067,0.021571793837076067,-0.1160059262065927,-0.016932614470028595
ed1bb8b89d3a8cd3e4db,a7ee210d73012cf6de4e,CCCCCCCCN(CCCC(CCCC)CCCCCC)C(=O)COCC(=O)N(CCCCCCCC)CCCC(CCCC)CCCCCC,586245b3d3bd450b1333,Er-Tm,Er,Tm,1,1,-0.0016010874609742043,1,-0.04711993664964466,-0.05981803501943732,-0.05981803501943732,-0.08021667213075012,-0.05539412051992103
54532e574e3a36aeb6f7,a7ee210d73012cf6de4e,CCCCCCCCN(CCCC(CCCC)CCCCCC)C(=O)COCC(=O)N(CCCCCCCC)CCCC(CCCC)CCCCCC,586245b3d3bd450b1333,Tm-Yb,Tm,Yb,1,1,0.00039971883346634485,1,0.039690094172976975,0.04499912539012434,0.04499912539012434,-0.05554053643547695,0.015882436520863494
97d3dca55172e4cd507a,a7ee210d73012cf6de4e,CCCCCCCCN(CCCC(CCCC)CCCCCC)C(=O)COCC(=O)N(CCCCCCCC)CCCC(CCCC)CCCCCC,586245b3d3bd450b1333,Yb-Lu,Yb,Lu,1,1,-0.0278787341385891,1,-0.16768038040871025,-0.17789538169757413,-0.17789538169757413,-0.12535440587591984,-0.15709888677551265
81c166a5b07dc988be98,3a5d64834f73a846c049,CCCCCCCCN(CCCCC(C)CCCC(C)C)C(=O)COCC(=O)N(CCCCCCCC)CCCCC(C)CCCC(C)C,b60815357dd191dbe3d9,La-Ce,La,Ce,1,1,-0.9420080530223132,2,-0.3646857824548668,-0.42892065644626076,-0.42892065644626076,-0.28087295198343476,-0.3018261596012928
783d6a77e78fbacb526f,3a5d64834f73a846c049,CCCCCCCCN(CCCCC(C)CCCC(C)C)C(=O)COCC(=O)N(CCCCCCCC)CCCCC(C)CCCC(C)C,b60815357dd191dbe3d9,Ce-Pr,Ce,Pr,1,1,0.18234020833268266,2,0.13906223391453404,-0.015028809935696413,-0.015028809935696413,-0.157315245340087,-0.08322087552643176
a87100665cb3848059b2,3a5d64834f73a846c049,CCCCCCCCN(CCCCC(C)CCCC(C)C)C(=O)COCC(=O)N(CCCCCCCC)CCCCC(C)CCCC(C)C,b60815357dd191dbe3d9,Pr-Nd,Pr,Nd,1,1,-0.40170015754534427,2,-0.36654648629653036,-0.2982689819075669,-0.2982689819075669,-0.1663525772203963,-0.2164010544894298
474398b124f7e85f9c88,3a5d64834f73a846c049,CCCCCCCCN(CCCCC(C)CCCC(C)C)C(=O)COCC(=O)N(CCCCCCCC)CCCCC(C)CCCC(C)C,b60815357dd191dbe3d9,Sm-Eu,Sm,Eu,1,1,-0.33571274249274785,2,-0.2470327615040685,-0.21455983878069296,-0.21455983878069296,-0.12736475713411413,-0.15728175822660273
2aea7bcf227e80331942,3a5d64834f73a846c049,CCCCCCCCN(CCCCC(C)CCCC(C)C)C(=O)COCC(=O)N(CCCCCCCC)CCCCC(C)CCCC(C)C,b60815357dd191dbe3d9,Eu-Gd,Eu,Gd,1,1,-0.1502580790249869,2,-0.13165835833693318,-0.13889386689409217,-0.13889386689409217,-0.11820093113929948,-0.12156528793870791
4a480c262fc43d1be3ce,3a5d64834f73a846c049,CCCCCCCCN(CCCCC(C)CCCC(C)C)C(=O)COCC(=O)N(CCCCCCCC)CCCCC(C)CCCC(C)C,b60815357dd191dbe3d9,Gd-Tb,Gd,Tb,1,1,-0.3635259172933216,2,-0.2723133378045833,-0.26967122934363225,-0.26967122934363225,-0.20517456293752598,-0.2219592566542903
3533e5ca15624ed76682,3a5d64834f73a846c049,CCCCCCCCN(CCCCC(C)CCCC(C)C)C(=O)COCC(=O)N(CCCCCCCC)CCCCC(C)CCCC(C)C,b60815357dd191dbe3d9,Tb-Dy,Tb,Dy,1,1,-0.12577675633925578,2,-0.21672940525650775,-0.22445830691545587,-0.22445830691545587,-0.08978866868982487,-0.1215238528314956
539a4c3041738212cc8c,3a5d64834f73a846c049,CCCCCCCCN(CCCCC(C)CCCC(C)C)C(=O)COCC(=O)N(CCCCCCCC)CCCCC(C)CCCC(C)C,b60815357dd191dbe3d9,Dy-Ho,Dy,Ho,1,1,-0.34949270132968335,2,-0.19559140533923924,-0.19216036639204376,-0.19216036639204376,-0.08700545360657658,-0.11415194153974224
04e59b3371c7cadd1cb7,3a5d64834f73a846c049,CCCCCCCCN(CCCCC(C)CCCC(C)C)C(=O)COCC(=O)N(CCCCCCCC)CCCCC(C)CCCC(C)C,b60815357dd191dbe3d9,Ho-Er,Ho,Er,1,1,0.034387861726441926,2,-0.023994466795839553,-0.053201324215984946,-0.053201324215984946,-0.044538488989729286,-0.03940248344125685
d53baaf3c9d31b274052,3a5d64834f73a846c049,CCCCCCCCN(CCCCC(C)CCCC(C)C)C(=O)COCC(=O)N(CCCCCCCC)CCCCC(C)CCCC(C)C,b60815357dd191dbe3d9,Er-Tm,Er,Tm,1,1,-0.19050899741010974,2,0.02721984092277654,0.027718950138679484,0.027718950138679484,-0.02066210330842173,-0.008691617250622164
85928f9af0c04e910668,3a5d64834f73a846c049,CCCCCCCCN(CCCCC(C)CCCC(C)C)C(=O)COCC(=O)N(CCCCCCCC)CCCCC(C)CCCC(C)C,b60815357dd191dbe3d9,Tm-Yb,Tm,Yb,1,1,0.13799600504379206,2,-0.003897651128840059,-0.003565455790741123,-0.003565455790741123,-0.029623124421465464,-0.02319175609830911
3ea2f80c3b585248c5e5,3a5d64834f73a846c049,CCCCCCCCN(CCCCC(C)CCCC(C)C)C(=O)COCC(=O)N(CCCCCCCC)CCCCC(C)CCCC(C)C,b60815357dd191dbe3d9,Yb-Lu,Yb,Lu,1,1,-0.11793869031129778,2,-0.023252896255056756,-0.024880390677338125,-0.024880390677338125,-0.018408511897937158,-0.019619607987217055
8a77963c94bd65e580a3,c9ff8ad188483d53db6b,CCCCCCCCN(C)C(=O)COCC(=O)N(C)CCCCCCCC,cfb81e271e80f6a290e0,Er-Tm,Er,Tm,1,1,-0.009999999999999787,1,-0.05551335580210211,-0.05347419013725384,-0.05347419013725384,-0.13019448798336153,-0.07418363884741697
daf607cc0a51c8494efb,89bec94e3823421a40cb,CCCCCCCCN(CCCCCCCC)C(=O)COCC(=O)N(CCCCCCCC)CCCCCCCC,0982ebf465b726073008,La-Ce,La,Ce,1,1,-0.009999999999999787,0,-0.4002373916878838,-0.4913998356850861,-0.4002373916878838,-0.3531718844029306,-0.3531718844029306
01cad1940f23469b0bd7,89bec94e3823421a40cb,CCCCCCCCN(CCCCCCCC)C(=O)COCC(=O)N(CCCCCCCC)CCCCCCCC,0982ebf465b726073008,Ce-Pr,Ce,Pr,1,1,0.039999999999999813,0,-0.3024156108390097,-0.28823318642791096,-0.3024156108390097,-0.25250357563030185,-0.25250357563030185
36b55ba7a1f9b7e2a2d5,89bec94e3823421a40cb,CCCCCCCCN(CCCCCCCC)C(=O)COCC(=O)N(CCCCCCCC)CCCCCCCC,0982ebf465b726073008,Pr-Nd,Pr,Nd,1,1,-0.030000000000000027,0,-0.1666940504383119,-0.16146079892493143,-0.1666940504383119,-0.17985107193838423,-0.17985107193838423
5fa90d361044aac41b4b,89bec94e3823421a40cb,CCCCCCCCN(CCCCCCCC)C(=O)COCC(=O)N(CCCCCCCC)CCCCCCCC,0982ebf465b726073008,Sm-Eu,Sm,Eu,1,1,-0.04999999999999982,0,-0.21184926364943985,-0.2904198351520849,-0.21184926364943985,-0.18883557459441747,-0.18883557459441747
40ac11ca11330a781283,89bec94e3823421a40cb,CCCCCCCCN(CCCCCCCC)C(=O)COCC(=O)N(CCCCCCCC)CCCCCCCC,0982ebf465b726073008,Eu-Gd,Eu,Gd,1,1,0.009999999999999787,0,-0.19115385783561145,-0.17834643596969535,-0.19115385783561145,-0.10988699316350728,-0.10988699316350728
21709f7b74302e1d1f0b,89bec94e3823421a40cb,CCCCCCCCN(CCCCCCCC)C(=O)COCC(=O)N(CCCCCCCC)CCCCCCCC,0982ebf465b726073008,Gd-Tb,Gd,Tb,1,1,-0.009999999999999787,0,-0.33880915930043587,-0.3711305269852945,-0.33880915930043587,-0.35936501749570277,-0.35936501749570277
b48e22ea1d49225ba6a8,89bec94e3823421a40cb,CCCCCCCCN(CCCCCCCC)C(=O)COCC(=O)N(CCCCCCCC)CCCCCCCC,0982ebf465b726073008,Tb-Dy,Tb,Dy,1,1,-0.01000000000000012,0,0.04494950483608313,0.04604418048307273,0.04494950483608313,-0.05907344926753878,-0.05907344926753879
f2d9077c902f0ee14ee0,89bec94e3823421a40cb,CCCCCCCCN(CCCCCCCC)C(=O)COCC(=O)N(CCCCCCCC)CCCCCCCC,0982ebf465b726073008,Dy-Ho,Dy,Ho,1,1,-0.030000000000000138,0,0.007610603619590019,0.010881091721630312,0.007610603619590019,-0.07820675955131715,-0.07820675955131715
5b600d76c2d3719fbf03,89bec94e3823421a40cb,CCCCCCCCN(CCCCCCCC)C(=O)COCC(=O)N(CCCCCCCC)CCCCCCCC,0982ebf465b726073008,Ho-Er,Ho,Er,1,1,-0.030000000000000027,0,-0.18401617137080595,-0.15012035071132895,-0.18401617137080595,-0.014734980686596821,-0.014734980686596816
7cf287275ef9fb880006,89bec94e3823421a40cb,CCCCCCCCN(CCCCCCCC)C(=O)COCC(=O)N(CCCCCCCC)CCCCCCCC,0982ebf465b726073008,Er-Tm,Er,Tm,1,1,0.010000000000000231,0,-0.062086827417506193,-0.05127956273251871,-0.062086827417506193,-0.034712926334368614,-0.034712926334368614
50ddd3b5b76ab655d7ec,89bec94e3823421a40cb,CCCCCCCCN(CCCCCCCC)C(=O)COCC(=O)N(CCCCCCCC)CCCCCCCC,0982ebf465b726073008,Tm-Yb,Tm,Yb,1,1,-0.010000000000000231,0,-0.018303515320449014,-0.019903737054597935,-0.018303515320449014,-0.0791458044375315,-0.0791458044375315
26e226fb7599258573dc,89bec94e3823421a40cb,CCCCCCCCN(CCCCCCCC)C(=O)COCC(=O)N(CCCCCCCC)CCCCCCCC,0982ebf465b726073008,Yb-Lu,Yb,Lu,1,1,-0.0399999999999997,0,-0.12750025862363026,-0.1311457477962269,-0.12750025862363026,-0.03894146756974446,-0.03894146756974445
295d581730443303c999,fbfe7fe4e48c6d3e3eb0,CCCCCCCCN(CCCCCCCC)C(=O)COCC(=O)N(CCCCCCCC)CCCCCCCC,0982ebf465b726073008,La-Ce,La,Ce,1,1,-0.21999999999999997,0,-0.4002373916878838,-0.4913998356850861,-0.4002373916878838,-0.3531718844029306,-0.3531718844029306
254c741657a43c62aba6,fbfe7fe4e48c6d3e3eb0,CCCCCCCCN(CCCCCCCC)C(=O)COCC(=O)N(CCCCCCCC)CCCCCCCC,0982ebf465b726073008,Ce-Pr,Ce,Pr,1,1,-0.009999999999999898,0,-0.3024156108390097,-0.28823318642791096,-0.3024156108390097,-0.25250357563030185,-0.25250357563030185
799528770715808cf702,fbfe7fe4e48c6d3e3eb0,CCCCCCCCN(CCCCCCCC)C(=O)COCC(=O)N(CCCCCCCC)CCCCCCCC,0982ebf465b726073008,Pr-Nd,Pr,Nd,1,1,0.15999999999999992,0,-0.1666940504383119,-0.16146079892493143,-0.1666940504383119,-0.17985107193838423,-0.17985107193838423
347d821034a41a3f7c95,fbfe7fe4e48c6d3e3eb0,CCCCCCCCN(CCCCCCCC)C(=O)COCC(=O)N(CCCCCCCC)CCCCCCCC,0982ebf465b726073008,Sm-Eu,Sm,Eu,1,1,-0.24000000000000005,0,-0.21922831173896537,-0.30208796246843694,-0.21922831173896537,-0.18883557459441747,-0.18883557459441747
e5e0d5d88d7dcd63822f,fbfe7fe4e48c6d3e3eb0,CCCCCCCCN(CCCCCCCC)C(=O)COCC(=O)N(CCCCCCCC)CCCCCCCC,0982ebf465b726073008,Eu-Gd,Eu,Gd,1,1,-0.12000000000000013,0,-0.14975462211082025,-0.13469904610270733,-0.14975462211082025,-0.11493432245780852,-0.11493432245780852
05b6c925c88440e2bf12,fbfe7fe4e48c6d3e3eb0,CCCCCCCCN(CCCCCCCC)C(=O)COCC(=O)N(CCCCCCCC)CCCCCCCC,0982ebf465b726073008,Gd-Tb,Gd,Tb,1,1,-0.23999999999999977,0,-0.35503636060553045,-0.3641103443785453,-0.35503636060553045,-0.35936501749570277,-0.35936501749570277
5c103d8c5c91d535bb12,fbfe7fe4e48c6d3e3eb0,CCCCCCCCN(CCCCCCCC)C(=O)COCC(=O)N(CCCCCCCC)CCCCCCCC,0982ebf465b726073008,Tb-Dy,Tb,Dy,1,1,-0.19000000000000017,0,0.07775749648783555,0.05984338285795511,0.07775749648783555,-0.0504714074824615,-0.0504714074824615
cebbbbee0a6cb467e9fa,fbfe7fe4e48c6d3e3eb0,CCCCCCCCN(CCCCCCCC)C(=O)COCC(=O)N(CCCCCCCC)CCCCCCCC,0982ebf465b726073008,Dy-Ho,Dy,Ho,1,1,-0.1499999999999999,0,0.03654122164674427,0.015961084384255773,0.03654122164674427,-0.08674444491019864,-0.08674444491019864
9d7d36e240b8498f75f9,fbfe7fe4e48c6d3e3eb0,CCCCCCCCN(CCCCCCCC)C(=O)COCC(=O)N(CCCCCCCC)CCCCCCCC,0982ebf465b726073008,Ho-Er,Ho,Er,1,1,-0.08999999999999997,0,-0.18275482894857326,-0.1352606989602859,-0.18275482894857326,-0.006132938901519537,-0.00613293890151953
51372ffd006833a0dff7,fbfe7fe4e48c6d3e3eb0,CCCCCCCCN(CCCCCCCC)C(=O)COCC(=O)N(CCCCCCCC)CCCCCCCC,0982ebf465b726073008,Er-Tm,Er,Tm,1,1,0.010000000000000009,0,-0.04985093612117057,-0.03408686333122257,-0.04985093612117057,-0.027226623267887575,-0.027226623267887575
ca043096b53a31770d64,fbfe7fe4e48c6d3e3eb0,CCCCCCCCN(CCCCCCCC)C(=O)COCC(=O)N(CCCCCCCC)CCCCCCCC,0982ebf465b726073008,Tm-Yb,Tm,Yb,1,1,-0.029999999999999916,0,-0.0008733968131006595,-0.015235367756715884,-0.0008733968131006595,-0.07946207123379294,-0.07946207123379294
dd62395febff1d77dd03,fbfe7fe4e48c6d3e3eb0,CCCCCCCCN(CCCCCCCC)C(=O)COCC(=O)N(CCCCCCCC)CCCCCCCC,0982ebf465b726073008,Yb-Lu,Yb,Lu,1,1,-0.06000000000000005,0,-0.12189252880644628,-0.12289677516047179,-0.12189252880644628,-0.030583743982941964,-0.03058374398294196
a76c823495f94a39dd52,9b5eefeb69e7cfc4e05e,CCCCC(CC)CN(CC(CC)CCCC)C(=O)COCC(=O)N(CC(CC)CCCC)CC(CC)CCCC,3892bd45fa60b76c313c,La-Ce,La,Ce,1,1,-0.22000000000000064,1,-0.7319879522229134,-0.7956422093464719,-0.7956422093464719,-0.3750118636741626,-0.6427439300857256
85c5df9f72f11d918b3a,9b5eefeb69e7cfc4e05e,CCCCC(CC)CN(CC(CC)CCCC)C(=O)COCC(=O)N(CC(CC)CCCC)CC(CC)CCCC,3892bd45fa60b76c313c,Ce-Pr,Ce,Pr,1,1,-0.039999999999999813,1,-0.006147138656188533,-0.027166546760079555,-0.027166546760079555,-0.15950913378347814,-0.04448763743801093
10f34854cb062ea38c2d,9b5eefeb69e7cfc4e05e,CCCCC(CC)CN(CC(CC)CCCC)C(=O)COCC(=O)N(CC(CC)CCCC)CC(CC)CCCC,3892bd45fa60b76c313c,Pr-Nd,Pr,Nd,1,1,0.08000000000000052,1,-0.2648050538442544,-0.209962212237356,-0.209962212237356,-0.22111256555894176,-0.25388193177292623
4c3f1882708592f4de59,9b5eefeb69e7cfc4e05e,CCCCC(CC)CN(CC(CC)CCCC)C(=O)COCC(=O)N(CC(CC)CCCC)CC(CC)CCCC,3892bd45fa60b76c313c,Sm-Eu,Sm,Eu,1,1,-0.10999999999999999,1,-0.12833107336406385,-0.14510011524644578,-0.14510011524644578,-0.21923439272094317,-0.1510569032032837
48c3a213eee819c79586,9b5eefeb69e7cfc4e05e,CCCCC(CC)CN(CC(CC)CCCC)C(=O)COCC(=O)N(CC(CC)CCCC)CC(CC)CCCC,3892bd45fa60b76c313c,Eu-Gd,Eu,Gd,1,1,-0.029999999999999916,1,-0.0974718445156198,-0.10864847208362785,-0.10864847208362785,-0.18553302395048465,-0.11948713937433601
ca2134b7f701b106716f,9b5eefeb69e7cfc4e05e,CCCCC(CC)CN(CC(CC)CCCC)C(=O)COCC(=O)N(CC(CC)CCCC)CC(CC)CCCC,3892bd45fa60b76c313c,Gd-Tb,Gd,Tb,1,1,-0.13000000000000012,1,-0.12958225474115243,-0.14915133000833336,-0.14915133000833336,-0.22698557156067745,-0.15393308394603367
ac1605cf1512afa4846f,9b5eefeb69e7cfc4e05e,CCCCC(CC)CN(CC(CC)CCCC)C(=O)COCC(=O)N(CC(CC)CCCC)CC(CC)CCCC,3892bd45fa60b76c313c,Tb-Dy,Tb,Dy,1,1,-0.07999999999999996,1,-0.032777040771577254,-0.053856734323805736,-0.053856734323805736,-0.06929778775307077,-0.04190722751695063
c8d713d6acbd3bd3f1ea,9b5eefeb69e7cfc4e05e,CCCCC(CC)CN(CC(CC)CCCC)C(=O)COCC(=O)N(CC(CC)CCCC)CC(CC)CCCC,3892bd45fa60b76c313c,Dy-Ho,Dy,Ho,1,1,-0.06000000000000005,1,-0.07970229122526715,-0.11675390523731517,-0.11675390523731517,-0.003864667970700385,-0.06074288541162545
deddec8f3d5f8dc6fe52,9b5eefeb69e7cfc4e05e,CCCCC(CC)CN(CC(CC)CCCC)C(=O)COCC(=O)N(CC(CC)CCCC)CC(CC)CCCC,3892bd45fa60b76c313c,Ho-Er,Ho,Er,1,1,0.0,1,-0.05722160796785833,-0.06400060084463614,-0.06400060084463614,-0.04587977553086729,-0.054386149858610566
9e5375c12319c99fa3ee,9b5eefeb69e7cfc4e05e,CCCCC(CC)CN(CC(CC)CCCC)C(=O)COCC(=O)N(CC(CC)CCCC)CC(CC)CCCC,3892bd45fa60b76c313c,Er-Tm,Er,Tm,1,1,0.050000000000000044,1,-0.03324515633660827,-0.04292759301288561,-0.04292759301288561,-0.038804835538881255,-0.034635076137176514
dad56f6b3a8031e65b4c,9b5eefeb69e7cfc4e05e,CCCCC(CC)CN(CC(CC)CCCC)C(=O)COCC(=O)N(CC(CC)CCCC)CC(CC)CCCC,3892bd45fa60b76c313c,Tm-Yb,Tm,Yb,1,1,0.030000000000000138,1,0.022684687913020685,0.03588869276510759,0.03588869276510759,-0.0911680428606509,-0.005778494780397211
667c9cd17aaa9d3a5bab,9b5eefeb69e7cfc4e05e,CCCCC(CC)CN(CC(CC)CCCC)C(=O)COCC(=O)N(CC(CC)CCCC)CC(CC)CCCC,3892bd45fa60b76c313c,Yb-Lu,Yb,Lu,1,1,0.0,1,-0.06293165233629372,-0.06753523257633787,-0.06753523257633787,-0.07633528471201304,-0.06628256043022354
27f3d8b0a1650f30a937,c4c55f50449e6961f9fc,O=C(COCC(=O)N1CCCCC1)N1CCCCC1,5865c2d41c46e07db45b,La-Ce,La,Ce,1,1,0.019999999999999796,2,-0.2178249241319136,-0.16459536763411992,-0.16459536763411992,-0.19722119977039543,-0.20237213086077496
1ab328d579e1e4c9aae1,c4c55f50449e6961f9fc,O=C(COCC(=O)N1CCCCC1)N1CCCCC1,5865c2d41c46e07db45b,Ce-Pr,Ce,Pr,1,1,0.050000000000000044,2,-0.0983616949268018,-0.08142208667853368,-0.08142208667853368,-0.12218245412259561,-0.11622726432364716
0d0706d3222cfa265e26,c4c55f50449e6961f9fc,O=C(COCC(=O)N1CCCCC1)N1CCCCC1,5865c2d41c46e07db45b,Pr-Nd,Pr,Nd,1,1,-0.029999999999999805,2,-0.20241682359217733,-0.1535197520580658,-0.1535197520580658,-0.09208431425863373,-0.11966744159201963
469b388da39e23532d60,c4c55f50449e6961f9fc,O=C(COCC(=O)N1CCCCC1)N1CCCCC1,5865c2d41c46e07db45b,Sm-Eu,Sm,Eu,1,1,-0.04999999999999993,2,-0.05466935641287162,-0.015302937435971904,-0.015302937435971907,-0.06314312761826216,-0.061024684816914525
469c92aa0d0684a5e5ab,c4c55f50449e6961f9fc,O=C(COCC(=O)N1CCCCC1)N1CCCCC1,5865c2d41c46e07db45b,Eu-Gd,Eu,Gd,1,1,0.009999999999999676,2,0.04953875932201491,0.032854172903720946,0.032854172903720946,-0.0667253310430172,-0.03765930845175917
8ebd4e901f7351d086a5,c4c55f50449e6961f9fc,O=C(COCC(=O)N1CCCCC1)N1CCCCC1,5865c2d41c46e07db45b,Gd-Tb,Gd,Tb,1,1,0.050000000000000044,2,-0.022615710176623723,-0.05125478200296134,-0.05125478200296134,-0.22634280114749733,-0.17541102840477893
be2b2fab2e15be6283b0,c4c55f50449e6961f9fc,O=C(COCC(=O)N1CCCCC1)N1CCCCC1,5865c2d41c46e07db45b,Tb-Dy,Tb,Dy,1,1,0.02000000000000024,2,-0.022765992899971024,-0.027072740365075308,-0.027072740365075308,-0.08409901569823576,-0.06876575999866957
8f85cebb2e14c23f78eb,c4c55f50449e6961f9fc,O=C(COCC(=O)N1CCCCC1)N1CCCCC1,5865c2d41c46e07db45b,Dy-Ho,Dy,Ho,1,1,-0.01000000000000012,2,-0.05244994163250005,-0.037837739739881505,-0.037837739739881505,-0.0637579360242864,-0.06093093742633981
fbe411decfcca67a7e73,c4c55f50449e6961f9fc,O=C(COCC(=O)N1CCCCC1)N1CCCCC1,5865c2d41c46e07db45b,Ho-Er,Ho,Er,1,1,0.02000000000000013,2,-0.03195816237671712,-0.024277433897820402,-0.024277433897820402,-0.06495425475300631,-0.05670523165893401
6ab116026baf9c599967,c4c55f50449e6961f9fc,O=C(COCC(=O)N1CCCCC1)N1CCCCC1,5865c2d41c46e07db45b,Er-Tm,Er,Tm,1,1,-0.03000000000000025,2,-0.0005336979931835854,0.002851305195893664,0.002851305195893664,-0.01373090526002274,-0.010431603443312952
21b740cbc419e5a74213,c4c55f50449e6961f9fc,O=C(COCC(=O)N1CCCCC1)N1CCCCC1,5865c2d41c46e07db45b,Tm-Yb,Tm,Yb,1,1,-0.029999999999999805,2,-0.038087506610826716,-0.03950301835686491,-0.03950301835686491,-0.059412431810352814,-0.054081200510471286
4ba0b873b528fc93fd8d,c4c55f50449e6961f9fc,O=C(COCC(=O)N1CCCCC1)N1CCCCC1,5865c2d41c46e07db45b,Yb-Lu,Yb,Lu,1,1,-0.04999999999999993,2,-0.10227322584451756,-0.09928062924526414,-0.09928062924526414,-0.058220577216766115,-0.06923373937370397
3efeb52a2974876f66b4,1760bab17f381b8a3422,COCCN(CCOC)C(=O)COCC(=O)N(CCOC)CCOC,561cd4451a179bdd5a67,La-Ce,La,Ce,1,1,0.019999999999999907,2,-0.25683854302248893,-0.18026110792287767,-0.18026110792287767,-0.10818419620094953,-0.14534778290633438
e4cf8c0ceee0df8eb57d,1760bab17f381b8a3422,COCCN(CCOC)C(=O)COCC(=O)N(CCOC)CCOC,561cd4451a179bdd5a67,Ce-Pr,Ce,Pr,1,1,0.04999999999999993,2,-0.10246103448610328,-0.11745846267238283,-0.11745846267238283,-0.17195875633237195,-0.15458432587080478
6dab21ed83f718f59e4f,1760bab17f381b8a3422,COCCN(CCOC)C(=O)COCC(=O)N(CCOC)CCOC,561cd4451a179bdd5a67,Sm-Eu,Sm,Eu,1,1,-0.04999999999999982,2,0.014970437432714284,0.095989081647173,0.095989081647173,-0.07021418039349728,-0.04891802593694439
52ad3ebfce5b15087b77,1760bab17f381b8a3422,COCCN(CCOC)C(=O)COCC(=O)N(CCOC)CCOC,561cd4451a179bdd5a67,Eu-Gd,Eu,Gd,1,1,0.0,2,0.046468266283427956,0.02681542783333126,0.02681542783333126,-0.037581852600428046,-0.01656932287946404
9ea9fb8361a3a774fd86,1760bab17f381b8a3422,COCCN(CCOC)C(=O)COCC(=O)N(CCOC)CCOC,561cd4451a179bdd5a67,Gd-Tb,Gd,Tb,1,1,0.05999999999999994,2,-0.025580311729514794,-0.08097927474344344,-0.08097927474344344,-0.23247591490839936,-0.18075201411367822
0786c4025ba49a2dd2fa,1760bab17f381b8a3422,COCCN(CCOC)C(=O)COCC(=O)N(CCOC)CCOC,561cd4451a179bdd5a67,Tb-Dy,Tb,Dy,1,1,0.020000000000000018,2,-0.027180400259804106,-0.02917123208026358,-0.02917123208026358,-0.09624116397737362,-0.07897597304798123
6462b6120e40c4378896,1760bab17f381b8a3422,COCCN(CCOC)C(=O)COCC(=O)N(CCOC)CCOC,561cd4451a179bdd5a67,Dy-Ho,Dy,Ho,1,1,-0.01000000000000012,2,-0.0461343222139767,-0.04604193233310737,-0.04604193233310737,-0.0716134088478746,-0.06524363718940013
a1b5c143fe0cbe7a30ac,1760bab17f381b8a3422,COCCN(CCOC)C(=O)COCC(=O)N(CCOC)CCOC,561cd4451a179bdd5a67,Ho-Er,Ho,Er,1,1,0.019999999999999907,2,-0.028742478524225137,-0.024091494685770973,-0.024091494685770973,-0.05416591930661631,-0.047810059111018516
81b1c6d948b5f916d3dc,1760bab17f381b8a3422,COCCN(CCOC)C(=O)COCC(=O)N(CCOC)CCOC,561cd4451a179bdd5a67,Er-Tm,Er,Tm,1,1,-0.029999999999999805,2,0.007513837620090386,0.004490627708990641,0.004490627708990641,-0.08218962531226473,-0.059763759579175964
152fd6e32e7486e3d4df,1760bab17f381b8a3422,COCCN(CCOC)C(=O)COCC(=O)N(CCOC)CCOC,561cd4451a179bdd5a67,Tm-Yb,Tm,Yb,1,1,-0.040000000000000036,2,-0.035710767552277686,-0.05028369912149858,-0.05028369912149858,-0.0464254368369513,-0.04374676951578289
07f280e3cfe64877fea9,1760bab17f381b8a3422,COCCN(CCOC)C(=O)COCC(=O)N(CCOC)CCOC,561cd4451a179bdd5a67,Yb-Lu,Yb,Lu,1,1,-0.04999999999999993,2,-0.13597703208808187,-0.1279511339224999,-0.1279511339224999,-0.08172571547695015,-0.09528854462973307
5e5734138552647c8940,3050706419ef641df61d,CCCN(CCC)C(=O)COCC(=O)N(CCC)CCC,dc7ee58d47cb71baf62d,La-Ce,La,Ce,1,1,-0.37148217636022296,2,-0.17960099714305444,-0.13635040495494172,-0.13635040495494172,-0.1713384249294609,-0.1734040679828593
181c944607376eb374f3,3050706419ef641df61d,CCCN(CCC)C(=O)COCC(=O)N(CCC)CCC,dc7ee58d47cb71baf62d,Ce-Pr,Ce,Pr,1,1,-0.2476547842401522,2,-0.14488384603289264,-0.1594714126291183,-0.1594714126291183,-0.07909321361692073,-0.09554087172091372
5fd70c8edfd06c5ad50e,3050706419ef641df61d,CCCN(CCC)C(=O)COCC(=O)N(CCC)CCC,dc7ee58d47cb71baf62d,Pr-Nd,Pr,Nd,1,1,-0.04502814258911725,2,-0.1618529981360003,-0.15527213914802812,-0.15527213914802812,-0.12482575614824615,-0.1340825666451847
d54cdb523ea784360d1f,3050706419ef641df61d,CCCN(CCC)C(=O)COCC(=O)N(CCC)CCC,dc7ee58d47cb71baf62d,Sm-Eu,Sm,Eu,1,1,-0.12945590994371514,2,-0.0715853573709024,0.010680012516707619,0.010680012516707624,-0.0851182901676995,-0.08173505696850022
9079b5755f0860581bda,a9c35124826978599c7b,CCCN(CCC)C(=O)COCC(=O)N(CCC)CCC,dc7ee58d47cb71baf62d,La-Ce,La,Ce,1,1,-0.34333958724202546,2,-0.17960099714305444,-0.13635040495494172,-0.13635040495494172,-0.1713384249294609,-0.1734040679828593
8bd4b0a461da8c98b288,a9c35124826978599c7b,CCCN(CCC)C(=O)COCC(=O)N(CCC)CCC,dc7ee58d47cb71baf62d,Ce-Pr,Ce,Pr,1,1,-0.16322701688555463,2,-0.14488384603289264,-0.1594714126291183,-0.1594714126291183,-0.07909321361692073,-0.09554087172091372
1d1fd23883840a022b9d,a9c35124826978599c7b,CCCN(CCC)C(=O)COCC(=O)N(CCC)CCC,dc7ee58d47cb71baf62d,Pr-Nd,Pr,Nd,1,1,-0.0337711069418386,2,-0.1618529981360003,-0.15527213914802812,-0.15527213914802812,-0.12482575614824615,-0.1340825666451847
6664043943f59c4dffe5,a9c35124826978599c7b,CCCN(CCC)C(=O)COCC(=O)N(CCC)CCC,dc7ee58d47cb71baf62d,Sm-Eu,Sm,Eu,1,1,-0.2026266416510304,2,-0.0715853573709024,0.010680012516707619,0.010680012516707624,-0.0851182901676995,-0.08173505696850022
ee68653dc5d64815e53a,65a0039c24a07015d9fb,CCCN(CCC)C(=O)COCC(=O)N(CCC)CCC,dc7ee58d47cb71baf62d,La-Ce,La,Ce,1,1,-0.20262664165103195,2,-0.17960099714305444,-0.13635040495494172,-0.13635040495494172,-0.1713384249294609,-0.1734040679828593
0f00c83f089f8e7d5e83,65a0039c24a07015d9fb,CCCN(CCC)C(=O)COCC(=O)N(CCC)CCC,dc7ee58d47cb71baf62d,Ce-Pr,Ce,Pr,1,1,-0.16322701688555374,2,-0.14488384603289264,-0.1594714126291183,-0.1594714126291183,-0.07909321361692073,-0.09554087172091372
e77dc38e7a8fe2d9d8e6,65a0039c24a07015d9fb,CCCN(CCC)C(=O)COCC(=O)N(CCC)CCC,dc7ee58d47cb71baf62d,Pr-Nd,Pr,Nd,1,1,-0.05628517823639556,2,-0.1618529981360003,-0.15527213914802812,-0.15527213914802812,-0.12482575614824615,-0.1340825666451847
6d4baa750d8118f50f10,65a0039c24a07015d9fb,CCCN(CCC)C(=O)COCC(=O)N(CCC)CCC,dc7ee58d47cb71baf62d,Sm-Eu,Sm,Eu,1,1,-0.0787992495309564,2,-0.0715853573709024,0.010680012516707619,0.010680012516707624,-0.0851182901676995,-0.08173505696850022
57eab612db84197e16b4,047a03e6ec66ae524c99,CCCN(CCC)C(=O)COCC(=O)N(CCC)CCC,dc7ee58d47cb71baf62d,La-Ce,La,Ce,1,1,-0.25328330206379257,2,-0.17960099714305444,-0.13635040495494172,-0.13635040495494172,-0.1713384249294609,-0.1734040679828593
81730955d1e3869f5712,047a03e6ec66ae524c99,CCCN(CCC)C(=O)COCC(=O)N(CCC)CCC,dc7ee58d47cb71baf62d,Ce-Pr,Ce,Pr,1,1,-0.12945590994371536,2,-0.14488384603289264,-0.1594714126291183,-0.1594714126291183,-0.07909321361692073,-0.09554087172091372
4bfd37ea5fac323bf80c,047a03e6ec66ae524c99,CCCN(CCC)C(=O)COCC(=O)N(CCC)CCC,dc7ee58d47cb71baf62d,Pr-Nd,Pr,Nd,1,1,-0.022514071294557292,2,-0.1618529981360003,-0.15527213914802812,-0.15527213914802812,-0.12482575614824615,-0.1340825666451847
5ab76cbf26fdba6eb9ed,047a03e6ec66ae524c99,CCCN(CCC)C(=O)COCC(=O)N(CCC)CCC,dc7ee58d47cb71baf62d,Sm-Eu,Sm,Eu,1,1,-0.17448405253283306,2,-0.0715853573709024,0.010680012516707619,0.010680012516707624,-0.0851182901676995,-0.08173505696850022
ec368ffeb38a12cfeb79,4e48246a3305057090d9,CCCN(CCC)C(=O)COCC(=O)N(CCC)CCC,dc7ee58d47cb71baf62d,La-Ce,La,Ce,1,1,0.1857410881801136,2,-0.16915075371826874,-0.13635040495494172,-0.13635040495494172,-0.17025762991952637,-0.16998091086921197
50b4035bbf9cb1e19981,4e48246a3305057090d9,CCCN(CCC)C(=O)COCC(=O)N(CCC)CCC,dc7ee58d47cb71baf62d,Ce-Pr,Ce,Pr,1,1,0.25891181988743917,2,-0.14488384603289264,-0.1594714126291183,-0.1594714126291183,-0.08658233148233829,-0.10115771011997687
be692e971fc44bb638e6,4e48246a3305057090d9,CCCN(CCC)C(=O)COCC(=O)N(CCC)CCC,dc7ee58d47cb71baf62d,Pr-Nd,Pr,Nd,1,1,0.028142589118183903,2,-0.1618529981360003,-0.1558206623547792,-0.1558206623547792,-0.12482575614824615,-0.1340825666451847
b4cdde0cc544f5dda9fb,5e6453e5ecc00648271c,CCCCCCCCN(CCCCCCCC)C(=O)COCC(=O)N(CCCCCCCC)CCCCCCCC,0982ebf465b726073008,La-Ce,La,Ce,1,1,-0.3488045007032313,0,-0.39913222849057994,-0.517450217452413,-0.39913222849057994,-0.2787129040512107,-0.2787129040512107
c3f137cb69059f4f94bb,5e6453e5ecc00648271c,CCCCCCCCN(CCCCCCCC)C(=O)COCC(=O)N(CCCCCCCC)CCCCCCCC,0982ebf465b726073008,Ce-Pr,Ce,Pr,1,1,-0.202531645569622,0,-0.2648115279396047,-0.25289995518632236,-0.2648115279396047,-0.32975223745320437,-0.32975223745320437
bb286c49f80a75d51a7c,5e6453e5ecc00648271c,CCCCCCCCN(CCCCCCCC)C(=O)COCC(=O)N(CCCCCCCC)CCCCCCCC,0982ebf465b726073008,Pr-Nd,Pr,Nd,1,1,-0.033755274261604074,0,-0.12762460414984572,-0.14486266165772643,-0.12762460414984572,-0.11003174651008406,-0.11003174651008406
3e084a68cba3c25c6844,5e6453e5ecc00648271c,CCCCCCCCN(CCCCCCCC)C(=O)COCC(=O)N(CCCCCCCC)CCCCCCCC,0982ebf465b726073008,Sm-Eu,Sm,Eu,1,1,-0.27566807313643116,0,-0.15049367420026472,-0.2335700600485746,-0.15049367420026472,-0.16920369346593167,-0.16920369346593167
c99acdd7b13df59e03c1,0b457899927e2b5edde5,CCCCCCCCN(CCCCCCCC)C(=O)COCC(=O)N(CCCCCCCC)CCCCCCCC,0982ebf465b726073008,La-Ce,La,Ce,1,1,-0.3769338959212381,0,-0.3985628973638595,-0.5152784888587827,-0.3985628973638595,-0.2787129040512107,-0.2787129040512107
1e86a452e572899ded50,0b457899927e2b5edde5,CCCCCCCCN(CCCCCCCC)C(=O)COCC(=O)N(CCCCCCCC)CCCCCCCC,0982ebf465b726073008,Ce-Pr,Ce,Pr,1,1,-0.14627285513361257,0,-0.2633953142660781,-0.25149282573041243,-0.2633953142660781,-0.32975223745320437,-0.32975223745320437
1b20a7979ec33af5c457,0b457899927e2b5edde5,CCCCCCCCN(CCCCCCCC)C(=O)COCC(=O)N(CCCCCCCC)CCCCCCCC,0982ebf465b726073008,Pr-Nd,Pr,Nd,1,1,-0.02812939521800134,0,-0.12762460414984572,-0.14486266165772643,-0.12762460414984572,-0.11003174651008406,-0.11003174651008406
2fdd3ac07155f9f87f6b,0b457899927e2b5edde5,CCCCCCCCN(CCCCCCCC)C(=O)COCC(=O)N(CCCCCCCC)CCCCCCCC,0982ebf465b726073008,Sm-Eu,Sm,Eu,1,1,-0.11251758087201133,0,-0.15049367420026472,-0.2335700600485746,-0.15049367420026472,-0.16920369346593167,-0.16920369346593167
6dc164d8b416caaed36f,fe330192fee5ab395185,CCCCCCCCN(CCCCCCCC)C(=O)COCC(=O)N(CCCCCCCC)CCCCCCCC,0982ebf465b726073008,La-Ce,La,Ce,1,1,-0.20815752461322176,0,-0.39457322726883215,-0.510876011323617,-0.39457322726883215,-0.2735154015503795,-0.2735154015503795
356849ce541fb43c3f19,fe330192fee5ab395185,CCCCCCCCN(CCCCCCCC)C(=O)COCC(=O)N(CCCCCCCC)CCCCCCCC,0982ebf465b726073008,Ce-Pr,Ce,Pr,1,1,-0.11814345991561281,0,-0.26604104827286945,-0.24544216906999958,-0.26604104827286945,-0.32975223745320437,-0.32975223745320437
6faab970d946beb60737,fe330192fee5ab395185,CCCCCCCCN(CCCCCCCC)C(=O)COCC(=O)N(CCCCCCCC)CCCCCCCC,0982ebf465b726073008,Pr-Nd,Pr,Nd,1,1,-0.07313642756681016,0,-0.12762460414984572,-0.14486266165772643,-0.12762460414984572,-0.11003174651008406,-0.11003174651008406
bca4a6ceb3c3b8211ae7,fe330192fee5ab395185,CCCCCCCCN(CCCCCCCC)C(=O)COCC(=O)N(CCCCCCCC)CCCCCCCC,0982ebf465b726073008,Sm-Eu,Sm,Eu,1,1,-0.2700421940928295,0,-0.15049367420026472,-0.2335700600485746,-0.15049367420026472,-0.16920369346593167,-0.16920369346593167
4e9c079683fffc01c54c,0a0aff46f60081031793,CCCCCCCCN(CCCCCCCC)C(=O)COCC(=O)N(CCCCCCCC)CCCCCCCC,0982ebf465b726073008,La-Ce,La,Ce,1,1,-0.2869198312236292,0,-0.3965226478884317,-0.5160735138244482,-0.3965226478884317,-0.2787129040512107,-0.2787129040512107
e9ba088a8da9439dacf8,0a0aff46f60081031793,CCCCCCCCN(CCCCCCCC)C(=O)COCC(=O)N(CCCCCCCC)CCCCCCCC,0982ebf465b726073008,Ce-Pr,Ce,Pr,1,1,-0.11251758087200736,0,-0.26604104827286945,-0.24544216906999958,-0.26604104827286945,-0.32975223745320437,-0.32975223745320437
1996cf7902c848e83398,0a0aff46f60081031793,CCCCCCCCN(CCCCCCCC)C(=O)COCC(=O)N(CCCCCCCC)CCCCCCCC,0982ebf465b726073008,Pr-Nd,Pr,Nd,1,1,-0.005625879043601234,0,-0.12720727513577842,-0.14486266165772643,-0.12720727513577842,-0.11003174651008406,-0.11003174651008406
9bdfdc165a5d85703549,0a0aff46f60081031793,CCCCCCCCN(CCCCCCCC)C(=O)COCC(=O)N(CCCCCCCC)CCCCCCCC,0982ebf465b726073008,Sm-Eu,Sm,Eu,1,1,-0.005625879043601234,0,-0.15049367420026472,-0.2335700600485746,-0.15049367420026472,-0.16920369346593167,-0.16920369346593167
f1f1b3c8afc43d18112e,6db6e50642bcdf46bc65,CCCCCCCCN(CCCCCCCC)C(=O)COCC(=O)N(CCCCCCCC)CCCCCCCC,0982ebf465b726073008,La-Ce,La,Ce,1,1,-0.24191279887483175,0,-0.3494405329037946,-0.47423704545781653,-0.3494405329037946,-0.2746609078791068,-0.2746609078791068
3712630dfbb869c72cc8,6db6e50642bcdf46bc65,CCCCCCCCN(CCCCCCCC)C(=O)COCC(=O)N(CCCCCCCC)CCCCCCCC,0982ebf465b726073008,Ce-Pr,Ce,Pr,1,1,-0.1181434599156117,0,-0.23490492713238736,-0.24544216906999958,-0.23490492713238736,-0.32975223745320437,-0.32975223745320437
9d9ee6e6ee6c42bfc127,6db6e50642bcdf46bc65,CCCCCCCCN(CCCCCCCC)C(=O)COCC(=O)N(CCCCCCCC)CCCCCCCC,0982ebf465b726073008,Pr-Nd,Pr,Nd,1,1,-0.011251758087204022,0,-0.12397197697954236,-0.14486266165772643,-0.12397197697954236,-0.11003174651008406,-0.11003174651008406
510bec0f944f491e033b,6db6e50642bcdf46bc65,CCCCCCCCN(CCCCCCCC)C(=O)COCC(=O)N(CCCCCCCC)CCCCCCCC,0982ebf465b726073008,Sm-Eu,Sm,Eu,1,1,-0.151898734177216,0,-0.1271519527833821,-0.20447587377599835,-0.1271519527833821,-0.1682290875600786,-0.1682290875600786
1ac112d60430ea12ca68,7e232d077f7d36889249,CCN(CC)C(=O)COCC(=O)N(CC)CC,e82f0895ef68a522de3f,La-Ce,La,Ce,1,1,-0.39922854387656637,2,-0.1928805199388852,-0.1638653568467704,-0.1638653568467704,-0.17757350589982407,-0.18140025940958934
d06c2ac8e6314eff8013,7e232d077f7d36889249,CCN(CC)C(=O)COCC(=O)N(CC)CC,e82f0895ef68a522de3f,Ce-Pr,Ce,Pr,1,1,-0.16200578592092585,2,-0.14447099379688919,-0.13546285467232938,-0.13546285467232938,-0.15766468716550835,-0.15436626382335356
cbb9bcd74e15e4d8752f,7e232d077f7d36889249,CCN(CC)C(=O)COCC(=O)N(CC)CC,e82f0895ef68a522de3f,Pr-Nd,Pr,Nd,1,1,0.011571841851492515,2,-0.25714426650708433,-0.1818254952809078,-0.1818254952809078,-0.16881213826607505,-0.19089517032632736
94e2c54d63701567f3e4,7e232d077f7d36889249,CCN(CC)C(=O)COCC(=O)N(CC)CC,e82f0895ef68a522de3f,Sm-Eu,Sm,Eu,1,1,0.07521697203471422,2,-0.07019420106602692,-0.007192240528774391,-0.007192240528774388,-0.03682592249677871,-0.045167992139090764
6fcbbe5e0a8f0ed9c215,eac10faffafab883b111,CCN(CC)C(=O)COCC(=O)N(CC)CC,e82f0895ef68a522de3f,La-Ce,La,Ce,1,1,-0.3645130183220848,2,-0.1928805199388852,-0.1638653568467704,-0.1638653568467704,-0.17757350589982407,-0.18140025940958934
00e41b0e9d9fe90ced06,eac10faffafab883b111,CCN(CC)C(=O)COCC(=O)N(CC)CC,e82f0895ef68a522de3f,Ce-Pr,Ce,Pr,1,1,-0.16200578592092363,2,-0.14447099379688919,-0.13546285467232938,-0.13546285467232938,-0.15766468716550835,-0.15436626382335356
6f2e64615bc08611f660,eac10faffafab883b111,CCN(CC)C(=O)COCC(=O)N(CC)CC,e82f0895ef68a522de3f,Pr-Nd,Pr,Nd,1,1,0.011571841851494069,2,-0.25714426650708433,-0.1818254952809078,-0.1818254952809078,-0.16881213826607505,-0.19089517032632736
d0e81b4d352160913768,eac10faffafab883b111,CCN(CC)C(=O)COCC(=O)N(CC)CC,e82f0895ef68a522de3f,Sm-Eu,Sm,Eu,1,1,0.10414657666345506,2,-0.07019420106602692,-0.007192240528774391,-0.007192240528774388,-0.03682592249677871,-0.045167992139090764
20ea346d26b3c3273404,b123023c2d29181dacb7,CCN(CC)C(=O)COCC(=O)N(CC)CC,e82f0895ef68a522de3f,La-Ce,La,Ce,1,1,-0.19672131147540978,2,-0.1928805199388852,-0.1638653568467704,-0.1638653568467704,-0.17757350589982407,-0.18140025940958934
931a1ffd750a6044a3c7,b123023c2d29181dacb7,CCN(CC)C(=O)COCC(=O)N(CC)CC,e82f0895ef68a522de3f,Ce-Pr,Ce,Pr,1,1,-0.05785920925747501,2,-0.14447099379688919,-0.13546285467232938,-0.13546285467232938,-0.15766468716550835,-0.15436626382335356
00e66686e36285d58595,b123023c2d29181dacb7,CCN(CC)C(=O)COCC(=O)N(CC)CC,e82f0895ef68a522de3f,Pr-Nd,Pr,Nd,1,1,0.017357762777243324,2,-0.25714426650708433,-0.1818254952809078,-0.1818254952809078,-0.16881213826607505,-0.19089517032632736
ad3c8e9d9a74abc0aede,b123023c2d29181dacb7,CCN(CC)C(=O)COCC(=O)N(CC)CC,e82f0895ef68a522de3f,Sm-Eu,Sm,Eu,1,1,-0.011571841851492959,2,-0.07019420106602692,-0.007192240528774391,-0.007192240528774388,-0.03682592249677871,-0.045167992139090764
77566315ebeeaff3e37a,7d528c678dde73de6879,CCN(CC)C(=O)COCC(=O)N(CC)CC,e82f0895ef68a522de3f,La-Ce,La,Ce,1,1,-0.3182256509161028,2,-0.1928805199388852,-0.1638653568467704,-0.1638653568467704,-0.17757350589982407,-0.18140025940958934
a098d62c0caa12a3a87d,7d528c678dde73de6879,CCN(CC)C(=O)COCC(=O)N(CC)CC,e82f0895ef68a522de3f,Ce-Pr,Ce,Pr,1,1,-0.12729026036644142,2,-0.14447099379688919,-0.13546285467232938,-0.13546285467232938,-0.15766468716550835,-0.15436626382335356
60f96e489b0c971906b8,7d528c678dde73de6879,CCN(CC)C(=O)COCC(=O)N(CC)CC,e82f0895ef68a522de3f,Pr-Nd,Pr,Nd,1,1,0.005785920925745369,2,-0.25714426650708433,-0.1818254952809078,-0.1818254952809078,-0.16881213826607505,-0.19089517032632736
541b112067d0e2d14099,7d528c678dde73de6879,CCN(CC)C(=O)COCC(=O)N(CC)CC,e82f0895ef68a522de3f,Sm-Eu,Sm,Eu,1,1,0.11571841851494868,2,-0.07019420106602692,-0.007192240528774391,-0.007192240528774388,-0.03682592249677871,-0.045167992139090764
443c2d2b78a7b947583f,c886855d9fab48b286fe,CCN(CC)C(=O)COCC(=O)N(CC)CC,e82f0895ef68a522de3f,La-Ce,La,Ce,1,1,-0.2603664416586302,2,-0.18926120853548734,-0.1638653568467704,-0.1638653568467704,-0.17757350589982407,-0.18049543155873987
5fece09ce05c22f201b0,c886855d9fab48b286fe,CCN(CC)C(=O)COCC(=O)N(CC)CC,e82f0895ef68a522de3f,Ce-Pr,Ce,Pr,1,1,-0.09836065573770614,2,-0.14447099379688919,-0.13546285467232938,-0.13546285467232938,-0.15766468716550835,-0.15436626382335356
a8d49958faee34bf6c74,c886855d9fab48b286fe,CCN(CC)C(=O)COCC(=O)N(CC)CC,e82f0895ef68a522de3f,Pr-Nd,Pr,Nd,1,1,0.017357762777240104,2,-0.25714426650708433,-0.1818254952809078,-0.1818254952809078,-0.16881213826607505,-0.19089517032632736
0cb71136e18a8a042a94,c886855d9fab48b286fe,CCN(CC)C(=O)COCC(=O)N(CC)CC,e82f0895ef68a522de3f,Sm-Eu,Sm,Eu,1,1,0.09257473481195566,2,-0.10313064184420043,-0.09879091617988303,-0.09879091617988303,-0.04445231342375455,-0.05912189552886602
52f8de2aedecd1497e13,e364fa626faa3b3794bb,CN(C(=O)COCC(=O)N(C)c1ccccc1)c1ccccc1,f6de0c8e1de165e34184,La-Ce,La,Ce,1,1,-0.06963249516441217,2,-0.22024913029422116,-0.19110277272742626,-0.19110277272742626,-0.23957066863604456,-0.23474028405058872
76ee292d8f5db0333753,e364fa626faa3b3794bb,CN(C(=O)COCC(=O)N(C)c1ccccc1)c1ccccc1,f6de0c8e1de165e34184,Ce-Pr,Ce,Pr,1,1,-0.005802707930368078,2,-0.18070701082756824,-0.16756569623189566,-0.16756569623189566,-0.13301231903013555,-0.14493599197949372
62c45d2eadc66025f700,e364fa626faa3b3794bb,CN(C(=O)COCC(=O)N(C)c1ccccc1)c1ccccc1,f6de0c8e1de165e34184,Pr-Nd,Pr,Nd,1,1,0.011605415860735713,2,-0.41974740430377977,-0.29510970416242815,-0.29510970416242815,-0.07386892785488733,-0.16033854696711042
e3131af57198841a79c1,e364fa626faa3b3794bb,CN(C(=O)COCC(=O)N(C)c1ccccc1)c1ccccc1,f6de0c8e1de165e34184,Sm-Eu,Sm,Eu,1,1,-0.10444874274661534,2,-0.05546482888946862,-0.03117460152454096,-0.03117460152454096,-0.06293066747365587,-0.06106420782760906
404c617ea8bdbb48db71,b07a42b48b36b9464597,CN(C(=O)COCC(=O)N(C)c1ccccc1)c1ccccc1,f6de0c8e1de165e34184,La-Ce,La,Ce,1,1,-0.3771760154738901,2,-0.22024913029422116,-0.19110277272742626,-0.19110277272742626,-0.23957066863604456,-0.23474028405058872
5dbaae61ff3993ad68af,b07a42b48b36b9464597,CN(C(=O)COCC(=O)N(C)c1ccccc1)c1ccccc1,f6de0c8e1de165e34184,Ce-Pr,Ce,Pr,1,1,-0.15087040618955297,2,-0.18070701082756824,-0.16756569623189566,-0.16756569623189566,-0.13301231903013555,-0.14493599197949372
377d9219510a9d1be05d,b07a42b48b36b9464597,CN(C(=O)COCC(=O)N(C)c1ccccc1)c1ccccc1,f6de0c8e1de165e34184,Pr-Nd,Pr,Nd,1,1,-0.023210831721468858,2,-0.41974740430377977,-0.29510970416242815,-0.29510970416242815,-0.07386892785488733,-0.16033854696711042
61784eed5ba085a137d3,b07a42b48b36b9464597,CN(C(=O)COCC(=O)N(C)c1ccccc1)c1ccccc1,f6de0c8e1de165e34184,Sm-Eu,Sm,Eu,1,1,-0.10444874274661334,2,-0.05546482888946862,-0.03117460152454096,-0.03117460152454096,-0.06293066747365587,-0.06106420782760906
05b306cb25dbd7d37c62,c4f71bd5fdb7cb2cb593,CN(C(=O)COCC(=O)N(C)c1ccccc1)c1ccccc1,f6de0c8e1de165e34184,La-Ce,La,Ce,1,1,-0.04642166344294285,2,-0.22024913029422116,-0.19110277272742626,-0.19110277272742626,-0.23957066863604456,-0.23474028405058872
d252019fe30ee5521d2f,c4f71bd5fdb7cb2cb593,CN(C(=O)COCC(=O)N(C)c1ccccc1)c1ccccc1,f6de0c8e1de165e34184,Ce-Pr,Ce,Pr,1,1,0.02321083172146654,2,-0.18070701082756824,-0.16756569623189566,-0.16756569623189566,-0.13301231903013555,-0.14493599197949372
6b622d27dcf56efb5451,c4f71bd5fdb7cb2cb593,CN(C(=O)COCC(=O)N(C)c1ccccc1)c1ccccc1,f6de0c8e1de165e34184,Pr-Nd,Pr,Nd,1,1,0.02901353965183784,2,-0.41974740430377977,-0.29510970416242815,-0.29510970416242815,-0.07386892785488733,-0.16033854696711042
6337d8ec2acd05fe39a2,c4f71bd5fdb7cb2cb593,CN(C(=O)COCC(=O)N(C)c1ccccc1)c1ccccc1,f6de0c8e1de165e34184,Sm-Eu,Sm,Eu,1,1,0.0696324951644165,2,-0.05546482888946862,-0.03117460152454096,-0.03117460152454096,-0.06293066747365587,-0.06106420782760906
98fb1f628f6ea9d8020c,f90aa07920a03264b231,CN(C(=O)COCC(=O)N(C)c1ccccc1)c1ccccc1,f6de0c8e1de165e34184,La-Ce,La,Ce,1,1,-0.005802707930365969,2,-0.22024913029422116,-0.19110277272742626,-0.19110277272742626,-0.23957066863604456,-0.23474028405058872
21fd8c6205467925cd86,f90aa07920a03264b231,CN(C(=O)COCC(=O)N(C)c1ccccc1)c1ccccc1,f6de0c8e1de165e34184,Ce-Pr,Ce,Pr,1,1,0.05222437137330749,2,-0.18070701082756824,-0.16756569623189566,-0.16756569623189566,-0.13301231903013555,-0.14493599197949372
94c6ef8c472c0dfda72e,f90aa07920a03264b231,CN(C(=O)COCC(=O)N(C)c1ccccc1)c1ccccc1,f6de0c8e1de165e34184,Pr-Nd,Pr,Nd,1,1,0.046421663442940186,2,-0.41974740430377977,-0.29510970416242815,-0.29510970416242815,-0.07386892785488733,-0.16033854696711042
48b51c2ea891cf68f189,f90aa07920a03264b231,CN(C(=O)COCC(=O)N(C)c1ccccc1)c1ccccc1,f6de0c8e1de165e34184,Sm-Eu,Sm,Eu,1,1,0.02901353965184139,2,-0.08711190466870283,-0.12277327717564959,-0.12277327717564959,-0.06716656347235767,-0.07215289877144396
ac4b46d4eada52d798f9,a7acb105628965392f06,CN(C(=O)c1cccc(C(=O)N(C)c2ccccc2)n1)c1ccccc1,dfc4fbaa844effa1be13,La-Ce,La,Ce,1,1,0.17609125905568135,2,-1.077467113893709,-0.9442042142920464,-0.9442042142920464,-0.18983650060568846,-0.4117441539276936
9b37f9c2710f2663c5a7,a7acb105628965392f06,CN(C(=O)c1cccc(C(=O)N(C)c2ccccc2)n1)c1ccccc1,dfc4fbaa844effa1be13,Ce-Pr,Ce,Pr,1,1,-0.17609125905568135,2,-0.36856590441779996,-0.2640652788603627,-0.2640652788603627,-0.14216232968959447,-0.19876322337164584
33c39bad4638db240b46,a7acb105628965392f06,CN(C(=O)c1cccc(C(=O)N(C)c2ccccc2)n1)c1ccccc1,dfc4fbaa844effa1be13,Pr-Nd,Pr,Nd,1,1,0.0,2,-0.48844969542293926,-0.37614978480311334,-0.37614978480311334,-0.16011647966910958,-0.242199783607567
9a530cd7dca847a6aae1,a7acb105628965392f06,CN(C(=O)c1cccc(C(=O)N(C)c2ccccc2)n1)c1ccccc1,dfc4fbaa844effa1be13,Sm-Eu,Sm,Eu,1,1,0.0,2,-0.11679540274611568,-0.06270049625607464,-0.06270049625607464,-0.018048550568518295,-0.04273526361291764
4eb6a5fddafc114066c1,a7acb105628965392f06,CN(C(=O)c1cccc(C(=O)N(C)c2ccccc2)n1)c1ccccc1,dfc4fbaa844effa1be13,Eu-Gd,Eu,Gd,1,1,0.4771212547196626,2,-0.06911609826716557,-0.04874703302826769,-0.04874703302826769,-0.0892605598394565,-0.08422444444638376
ef54098a8abc165730f0,7feebf4d57f5bb1be330,CN(C(=O)c1cccc(C(=O)N(C)c2ccccc2)n1)c1ccccc1,dfc4fbaa844effa1be13,La-Ce,La,Ce,1,1,0.02482358372503235,2,-1.077467113893709,-0.9442042142920464,-0.9442042142920464,-0.18283486201964097,-0.4064929249881579
04947a3f840ac23bf906,7feebf4d57f5bb1be330,CN(C(=O)c1cccc(C(=O)N(C)c2ccccc2)n1)c1ccccc1,dfc4fbaa844effa1be13,Ce-Pr,Ce,Pr,1,1,-0.05958568998424418,2,-0.37127121027412224,-0.2640652788603627,-0.2640652788603627,-0.15716472606521018,-0.2106913471174382
3badda7c9f457e42f4a0,7feebf4d57f5bb1be330,CN(C(=O)c1cccc(C(=O)N(C)c2ccccc2)n1)c1ccccc1,dfc4fbaa844effa1be13,Pr-Nd,Pr,Nd,1,1,-0.032184683371401235,2,-0.49321539479734433,-0.3966790243076662,-0.3966790243076662,-0.16816551333534957,-0.24942798370084826
146d9d71e93c8b5fe79c,7feebf4d57f5bb1be330,CN(C(=O)c1cccc(C(=O)N(C)c2ccccc2)n1)c1ccccc1,dfc4fbaa844effa1be13,Sm-Eu,Sm,Eu,1,1,0.1058037261680389,2,-0.11679540274611568,-0.06830328459120218,-0.06830328459120218,-0.016374505574905527,-0.041479729867708065
520b5594d2242695f077,7feebf4d57f5bb1be330,CN(C(=O)c1cccc(C(=O)N(C)c2ccccc2)n1)c1ccccc1,dfc4fbaa844effa1be13,Eu-Gd,Eu,Gd,1,1,0.20712549279565007,2,-0.07563692224827395,-0.026968063654561968,-0.026968063654561968,-0.0796090433887138,-0.07861601310360383
77d99d5436f6f3cba997,35e01ef2054693a2ca23,CN(C(=O)c1cccc(C(=O)N(C)c2ccccc2)n1)c1ccccc1,dfc4fbaa844effa1be13,La-Ce,La,Ce,1,1,-0.07918124604762489,2,-1.0143391415585865,-0.9435746822972729,-0.9435746822972729,-0.18283486201964097,-0.39071093190437733
3af00db5923cbab0fa2d,35e01ef2054693a2ca23,CN(C(=O)c1cccc(C(=O)N(C)c2ccccc2)n1)c1ccccc1,dfc4fbaa844effa1be13,Ce-Pr,Ce,Pr,1,1,-0.1111504521226665,2,-0.3000328662837695,-0.26766083255454187,-0.26766083255454187,-0.15910130607957673,-0.19433419613062491
625f18207cf8585f388f,35e01ef2054693a2ca23,CN(C(=O)c1cccc(C(=O)N(C)c2ccccc2)n1)c1ccccc1,dfc4fbaa844effa1be13,Pr-Nd,Pr,Nd,1,1,-0.0401172232079825,2,-0.4974611069955466,-0.4774271200981236,-0.4774271200981236,-0.16674132260532726,-0.2494212687028821
12a401128dc73294e769,35e01ef2054693a2ca23,CN(C(=O)c1cccc(C(=O)N(C)c2ccccc2)n1)c1ccccc1,dfc4fbaa844effa1be13,Sm-Eu,Sm,Eu,1,1,0.09017663034908807,2,-0.11453124114655229,-0.037831214344862765,-0.037831214344862765,-0.0032114567608929924,-0.031041402857307818
f8ebdfa405a688be6d5d,35e01ef2054693a2ca23,CN(C(=O)c1cccc(C(=O)N(C)c2ccccc2)n1)c1ccccc1,dfc4fbaa844effa1be13,Eu-Gd,Eu,Gd,1,1,0.1845244265925441,2,-0.07449854930067387,-0.030983867172275182,-0.03098386717227518,-0.08108253920369425,-0.07943654172793915
27c9c3a399e91d924a00,94b4a2a0239e4c5cb52a,CN(C(=O)c1cccc(C(=O)N(C)c2ccccc2)n1)c1ccccc1,dfc4fbaa844effa1be13,La-Ce,La,Ce,1,1,-0.2041199826559248,2,-1.0143391415585865,-0.9435746822972729,-0.9435746822972729,-0.18283486201964097,-0.39071093190437733
f2399b9c956b98b9b2b4,94b4a2a0239e4c5cb52a,CN(C(=O)c1cccc(C(=O)N(C)c2ccccc2)n1)c1ccccc1,dfc4fbaa844effa1be13,Ce-Pr,Ce,Pr,1,1,-0.15760785336166816,2,-0.3046500479615579,-0.27120746358705466,-0.27120746358705466,-0.1618358597308222,-0.19753940678850612
a4db92ac7fe165839b73,94b4a2a0239e4c5cb52a,CN(C(=O)c1cccc(C(=O)N(C)c2ccccc2)n1)c1ccccc1,dfc4fbaa844effa1be13,Pr-Nd,Pr,Nd,1,1,-0.018483405694013078,2,-0.45541852375098957,-0.4362986275262739,-0.4362986275262739,-0.17901948983674004,-0.2481192483153024
38469419360907f707d2,94b4a2a0239e4c5cb52a,CN(C(=O)c1cccc(C(=O)N(C)c2ccccc2)n1)c1ccccc1,dfc4fbaa844effa1be13,Sm-Eu,Sm,Eu,1,1,0.049218022670181605,2,-0.1819984076487861,-0.07872581825720028,-0.07872581825720028,-0.004524545038818783,-0.04889301069131061
5c6aee8ad5c70cc041eb,94b4a2a0239e4c5cb52a,CN(C(=O)c1cccc(C(=O)N(C)c2ccccc2)n1)c1ccccc1,dfc4fbaa844effa1be13,Eu-Gd,Eu,Gd,1,1,0.11918640771920863,2,-0.07429032771354856,-0.03150290163208257,-0.03150290163208257,-0.08494435612254617,-0.08228084902029677
c7d915daa61022d10b2a,6f9ce0eee5a0011209a4,CN(C(=O)c1cccc(C(=O)N(C)c2ccccc2)n1)c1ccccc1,dfc4fbaa844effa1be13,La-Ce,La,Ce,1,1,-0.24303804868629444,2,-1.0143391415585865,-0.9435746822972729,-0.9435746822972729,-0.1839987528040492,-0.3915838499926836
e4d118f634fd075bee62,6f9ce0eee5a0011209a4,CN(C(=O)c1cccc(C(=O)N(C)c2ccccc2)n1)c1ccccc1,dfc4fbaa844effa1be13,Ce-Pr,Ce,Pr,1,1,-0.18743118481266313,2,-0.3092592608886239,-0.27262939666782066,-0.27262939666782066,-0.15805873864712883,-0.1958588692075026
c65ec9533695987beff1,6f9ce0eee5a0011209a4,CN(C(=O)c1cccc(C(=O)N(C)c2ccccc2)n1)c1ccccc1,dfc4fbaa844effa1be13,Pr-Nd,Pr,Nd,1,1,-0.05462095089198024,2,-0.4525475371336596,-0.392561308663516,-0.392561308663516,-0.1778846080021398,-0.24655034028501974
f5507539a9b80e644ea6,6f9ce0eee5a0011209a4,CN(C(=O)c1cccc(C(=O)N(C)c2ccccc2)n1)c1ccccc1,dfc4fbaa844effa1be13,Sm-Eu,Sm,Eu,1,1,-0.028028723600243555,2,-0.202997500495041,-0.12123489600656204,-0.12123489600656204,-0.017353861255478716,-0.06376477106536929
815d06fa3684e966b3eb,6f9ce0eee5a0011209a4,CN(C(=O)c1cccc(C(=O)N(C)c2ccccc2)n1)c1ccccc1,dfc4fbaa844effa1be13,Eu-Gd,Eu,Gd,1,1,0.0,2,-0.07424866104688195,-0.03129468004495726,-0.03129468004495726,-0.09848746971422538,-0.09242776754738952
8545ca6a8f88f5335f69,5b5649b907deda6931f0,CN(C(=O)COCC(=O)N(C)c1ccccc1)c1ccccc1,f6de0c8e1de165e34184,Gd-Tb,Gd,Tb,1,1,-0.466139954853273,2,-0.10754773392776604,-0.09056291144842318,-0.09056291144842318,-0.2821136150290883,-0.23847214475375775
bdccbf7c439d6ec46f99,5b5649b907deda6931f0,CN(C(=O)COCC(=O)N(C)c1ccccc1)c1ccccc1,f6de0c8e1de165e34184,Tb-Dy,Tb,Dy,1,1,-0.2528216704288928,2,-0.08377757874212388,-0.08545927676892762,-0.08545927676892762,-0.03325102422193539,-0.04588266285198252
f4275427a9335caf9982,5b5649b907deda6931f0,CN(C(=O)COCC(=O)N(C)c1ccccc1)c1ccccc1,f6de0c8e1de165e34184,Dy-Ho,Dy,Ho,1,1,-0.22911963882618558,2,-0.056206070628256485,-0.04919026073036065,-0.04919026073036065,-0.08006089968888197,-0.0740971924237256
8373e885b02175e6c9a0,5b5649b907deda6931f0,CN(C(=O)COCC(=O)N(C)c1ccccc1)c1ccccc1,f6de0c8e1de165e34184,Ho-Er,Ho,Er,1,1,-0.158013544018059,2,-0.05147278123357414,-0.02993964190821984,-0.02993964190821984,-0.08999611743357232,-0.08036528338357277
a9532a48cfd89cfb6e91,5b5649b907deda6931f0,CN(C(=O)COCC(=O)N(C)c1ccccc1)c1ccccc1,f6de0c8e1de165e34184,Er-Tm,Er,Tm,1,1,-0.0632054176072212,2,-0.0064928918232463415,-0.009879673315362304,-0.009879673315362304,-0.035897950603604165,-0.02854668590851471
04ef46096da473e5db62,5b5649b907deda6931f0,CN(C(=O)COCC(=O)N(C)c1ccccc1)c1ccccc1,f6de0c8e1de165e34184,Tm-Yb,Tm,Yb,1,1,-0.023702031602708562,2,-0.02680161220701329,-0.04232379873507866,-0.04232379873507866,-0.021256359882798285,-0.022642672963852035
fe1a9018608871d83743,5b5649b907deda6931f0,CN(C(=O)COCC(=O)N(C)c1ccccc1)c1ccccc1,f6de0c8e1de165e34184,Yb-Lu,Yb,Lu,1,1,-0.007900677200904482,2,-0.06060122472309881,-0.08661026002296193,-0.08661026002296193,-0.04855890296440426,-0.051569483404077895
9d21d42f3949de4f4305,ef069f77c966826a086f,CCCCCCCCN(C)C(=O)COCC(=O)N(C)CCCCCCCC,cfb81e271e80f6a290e0,Pr-Nd,Pr,Nd,1,1,-0.15555555555555656,1,-0.21880794954518756,-0.23514335387967528,-0.23514335387967528,-0.20722252296883437,-0.21591159290109926
828097e38bda26f6791f,ef069f77c966826a086f,CCCCCCCCN(C)C(=O)COCC(=O)N(C)CCCCCCCC,cfb81e271e80f6a290e0,Gd-Tb,Gd,Tb,1,1,-0.4777777777777771,1,-0.3874684004911,-0.34872046062080875,-0.34872046062080875,-0.2795448126070993,-0.36048750352009984
7bd82fc8efcb5dae79c7,ef069f77c966826a086f,CCCCCCCCN(C)C(=O)COCC(=O)N(C)CCCCCCCC,cfb81e271e80f6a290e0,Tb-Dy,Tb,Dy,1,1,-0.011111111111110406,1,0.08369319124617777,0.08831555774372252,0.08831555774372252,-0.01429300663321472,0.05919664177632965
1b448cfac8f221ead60a,ef069f77c966826a086f,CCCCCCCCN(C)C(=O)COCC(=O)N(C)CCCCCCCC,cfb81e271e80f6a290e0,Tm-Yb,Tm,Yb,1,1,0.03333333333333388,1,-0.01241576464038811,-0.013973896435993036,-0.013973896435993036,0.00061857898123353,-0.0091571787349827
0a7406bfdc7c3443bae6,da5bf8c9d5fa1f920706,CCCCCCCCN(C)C(=O)COCC(=O)N(C)CCCCCCCC,cfb81e271e80f6a290e0,Sm-Eu,Sm,Eu,1,1,0.594444444444444,1,-0.14847169564726523,-0.1595364147842186,-0.1595364147842186,-0.19219155042229685,-0.15940165934102313
279ec7b93c7929a3aab1,da5bf8c9d5fa1f920706,CCCCCCCCN(C)C(=O)COCC(=O)N(C)CCCCCCCC,cfb81e271e80f6a290e0,Eu-Gd,Eu,Gd,1,1,-0.13888888888888806,1,-0.1345434490309427,-0.1408934961152706,-0.1408934961152706,-0.19251916680605963,-0.14903737847472193
6a7616f6ce21c9f83405,da5bf8c9d5fa1f920706,CCCCCCCCN(C)C(=O)COCC(=O)N(C)CCCCCCCC,cfb81e271e80f6a290e0,Gd-Tb,Gd,Tb,1,1,-0.155555555555556,1,-0.40551307420642624,-0.3605957892694619,-0.3605957892694619,-0.3043408304186577,-0.3802200132594841
b0f210cf2390ad286f7d,da5bf8c9d5fa1f920706,CCCCCCCCN(C)C(=O)COCC(=O)N(C)CCCCCCCC,cfb81e271e80f6a290e0,Tb-Dy,Tb,Dy,1,1,-0.29999999999999993,1,0.08672735130381859,0.09704598289780945,0.09704598289780945,-0.013435044925411319,0.061686752246511115
2b40df3a8e1d6436d568,a57d1173717132b44794,CCCCCCCCN(C)C(=O)COCC(=O)N(C)CCCCCCCC,cfb81e271e80f6a290e0,Sm-Eu,Sm,Eu,1,1,0.30000000000000027,1,-0.14847169564726523,-0.1595364147842186,-0.1595364147842186,-0.19219155042229685,-0.15940165934102313
5509ffa91c3d3b508c63,a57d1173717132b44794,CCCCCCCCN(C)C(=O)COCC(=O)N(C)CCCCCCCC,cfb81e271e80f6a290e0,Eu-Gd,Eu,Gd,1,1,-0.14444444444444016,1,-0.1345434490309427,-0.1408934961152706,-0.1408934961152706,-0.19251916680605963,-0.14903737847472193
6fa2296cdcd7b3bceffc,a57d1173717132b44794,CCCCCCCCN(C)C(=O)COCC(=O)N(C)CCCCCCCC,cfb81e271e80f6a290e0,Gd-Tb,Gd,Tb,1,1,-0.11111111111110983,1,-0.40551307420642624,-0.3605957892694619,-0.3605957892694619,-0.3043408304186577,-0.3802200132594841
504580b7b0babd20035e,a57d1173717132b44794,CCCCCCCCN(C)C(=O)COCC(=O)N(C)CCCCCCCC,cfb81e271e80f6a290e0,Tb-Dy,Tb,Dy,1,1,-0.04444444444445028,1,0.08672735130381859,0.09704598289780945,0.09704598289780945,-0.013435044925411319,0.061686752246511115
b3f53de569dd04d83977,f526036331f3ec5ef023,CCCCCCCCN(C)C(=O)COCC(=O)N(C)CCCCCCCC,cfb81e271e80f6a290e0,Sm-Eu,Sm,Eu,1,1,0.4888888888888898,1,-0.14847169564726523,-0.1595364147842186,-0.1595364147842186,-0.19489014562964085,-0.16007630814285914
d3deee45ed54a71d44ba,f526036331f3ec5ef023,CCCCCCCCN(C)C(=O)COCC(=O)N(C)CCCCCCCC,cfb81e271e80f6a290e0,Eu-Gd,Eu,Gd,1,1,-0.15555555555554967,1,-0.1345434490309427,-0.1408934961152706,-0.1408934961152706,-0.19251916680605963,-0.14903737847472193
0693d4cf3cc8e57e25ed,f526036331f3ec5ef023,CCCCCCCCN(C)C(=O)COCC(=O)N(C)CCCCCCCC,cfb81e271e80f6a290e0,Gd-Tb,Gd,Tb,1,1,-0.15555555555556033,1,-0.40551307420642624,-0.3605957892694619,-0.3605957892694619,-0.30991797361353846,-0.3816142990582043
3b5cd732d65fac06e606,f526036331f3ec5ef023,CCCCCCCCN(C)C(=O)COCC(=O)N(C)CCCCCCCC,cfb81e271e80f6a290e0,Tb-Dy,Tb,Dy,1,1,-0.1777777777777798,1,0.08626922846487162,0.10214535200996754,0.10214535200996754,-0.013435044925411319,0.061343160117300885
1d4fcc88345e2c7d92b9,dc5b28236e357b0bf1ed,CCCCCCCCN(C)C(=O)COCC(=O)N(C)CCCCCCCC,cfb81e271e80f6a290e0,Sm-Eu,Sm,Eu,1,1,0.40555555555556033,1,-0.14847169564726523,-0.1595364147842186,-0.1595364147842186,-0.19542499597053442,-0.16021002072808252
34d4dd4cc10a7d3cdbe7,dc5b28236e357b0bf1ed,CCCCCCCCN(C)C(=O)COCC(=O)N(C)CCCCCCCC,cfb81e271e80f6a290e0,Eu-Gd,Eu,Gd,1,1,0.01111111111110974,1,-0.1345434490309427,-0.1408934961152706,-0.1408934961152706,-0.18876046352643017,-0.14809770265481456
a3e521ee53c00a06ad41,dc5b28236e357b0bf1ed,CCCCCCCCN(C)C(=O)COCC(=O)N(C)CCCCCCCC,cfb81e271e80f6a290e0,Gd-Tb,Gd,Tb,1,1,-0.0833333333333397,1,-0.40551307420642624,-0.3605957892694619,-0.3605957892694619,-0.32371483685523633,-0.3850635148686288
967fbad123687dd72139,dc5b28236e357b0bf1ed,CCCCCCCCN(C)C(=O)COCC(=O)N(C)CCCCCCCC,cfb81e271e80f6a290e0,Tb-Dy,Tb,Dy,1,1,-0.3333333333333304,1,0.08626922846487162,0.11400845353856036,0.11400845353856036,-0.00989624887312319,0.06222785913037292
0c9aa4d1a6ee0e912ccd,e3c16129281b61fa7862,CCCCN(CCCC)C(=O)COCC(=O)N(CCCC)CCCC,c7871bb73b8256ca7c0e,Tb-Dy,Tb,Dy,1,1,-0.37562696595284406,1,0.05726952627190841,0.10131476784397409,0.10131476784397409,-0.042903356027566016,0.0322263056970398
9c4ac966c5382b0b8c9d,aeeef560b49b7a2b8944,CCCCN(CCCC)C(=O)COCC(=O)N(CCCC)CCCC,c7871bb73b8256ca7c0e,Gd-Tb,Gd,Tb,1,1,-0.5094119127305701,1,-0.2601079801447685,-0.2833297828748058,-0.2833297828748058,-0.228345297261928,-0.25216730942405835
b9eb0f9e78a7eae84655,aeeef560b49b7a2b8944,CCCCN(CCCC)C(=O)COCC(=O)N(CCCC)CCCC,c7871bb73b8256ca7c0e,Tb-Dy,Tb,Dy,1,1,-0.4013548403331699,1,0.06449860247546173,0.10539600783025012,0.10539600783025012,-0.02575909511022135,0.04193417807904096
3bf07c0a74c4f40c7be5,539ce114df9cd9942b51,CCCCN(CCCC)C(=O)COCC(=O)N(CCCC)CCCC,c7871bb73b8256ca7c0e,Gd-Tb,Gd,Tb,1,1,-0.39106369058105006,1,-0.2601079801447685,-0.2833297828748058,-0.2833297828748058,-0.2278705588723718,-0.25204862482666934
bec34ac9288bf829bb24,539ce114df9cd9942b51,CCCCN(CCCC)C(=O)COCC(=O)N(CCCC)CCCC,c7871bb73b8256ca7c0e,Tb-Dy,Tb,Dy,1,1,-0.2830066181836397,1,0.06449860247546173,0.10293348413065112,0.10293348413065112,-0.024599821238291193,0.042223996547023496
c2d76b465f8facaed1e3,3e21fb7f1991ebc77992,CCCCCCCCN(CCCCCCCC)C(=O)COCC(=O)N(CCCCCCCC)CCCCCCCC,0982ebf465b726073008,Er-Tm,Er,Tm,1,1,-0.004578754578756172,0,-0.05153542259026366,-0.04268579098936929,-0.05153542259026366,-0.05986803283594391,-0.05986803283594391
75fc171733da85d576e8,5cd04a5666d62ca2494f,CCCCCCCCN(CCCCCCCC)C(=O)COCC(=O)N(CCCCCCCC)CCCCCCCC,0982ebf465b726073008,Dy-Ho,Dy,Ho,1,1,-0.1556776556776578,0,-0.07200070554007484,-0.06653158025556893,-0.07200070554007484,-0.05723672783563386,-0.05723672783563386
b3f070dc340e0d8a8c2f,7d0087da9f0b228fb7c2,CCCCCCCCN(CCCCCCCC)C(=O)COCC(=O)N(CCCCCCCC)CCCCCCCC,0982ebf465b726073008,Er-Tm,Er,Tm,1,1,-0.06410256410256387,0,-0.03801515978500716,-0.04268579098936929,-0.03801515978500716,-0.05151030924914142,-0.05151030924914142
8c3b653c86686df518e8,5830c9df411c03590064,CCCCCCCCN(CCCCCCCC)C(=O)COCC(=O)N(CCCCCCCC)CCCCCCCC,0982ebf465b726073008,Yb-Lu,Yb,Lu,1,1,0.0,0,-0.04116540352948377,-0.07189034502911557,-0.04116540352948377,-0.04009943653221773,-0.04009943653221773
5e6b0b6173771cd4b0ad,29040b3667da5156e47d,CCCCCCCCN(CCCCCCCC)C(=O)COCC(=O)N(CCCCCCCC)CCCCCCCC,0982ebf465b726073008,Er-Tm,Er,Tm,1,1,0.009161536206393595,0,-0.05153542259026366,-0.04268579098936929,-0.05153542259026366,-0.034950623862624895,-0.034950623862624895
bebf337217b9e93d08f5,29040b3667da5156e47d,CCCCCCCCN(CCCCCCCC)C(=O)COCC(=O)N(CCCCCCCC)CCCCCCCC,0982ebf465b726073008,Tm-Yb,Tm,Yb,1,1,-0.02290384051597516,0,-0.005034529556520296,-0.011546678392508364,-0.005034529556520296,-0.07795112533619056,-0.07795112533619056
9ed942cc6120052039b4,29040b3667da5156e47d,CCCCCCCCN(CCCCCCCC)C(=O)COCC(=O)N(CCCCCCCC)CCCCCCCC,0982ebf465b726073008,Yb-Lu,Yb,Lu,1,1,-0.02290384051597838,0,-0.05985667223132497,-0.09184071452454468,-0.05985667223132497,-0.04398439384353575,-0.04398439384353575
10bc16494b064e0b734e,9bca4ee068d2bbeefb43,CCCCCCCCN(CCCCCCCC)C(=O)COCC(=O)N(CCCCCCCC)CCCCCCCC,0982ebf465b726073008,Dy-Ho,Dy,Ho,1,1,-0.12826150688947502,0,-0.07200070554007484,-0.06653158025556893,-0.07200070554007484,-0.05723672783563386,-0.05723672783563386
488ff111004c9f91afd9,9bca4ee068d2bbeefb43,CCCCCCCCN(CCCCCCCC)C(=O)COCC(=O)N(CCCCCCCC)CCCCCCCC,0982ebf465b726073008,Tm-Yb,Tm,Yb,1,1,-0.03206537672236753,0,-0.005034529556520296,-0.011546678392508364,-0.005034529556520296,-0.08344669928079712,-0.08344669928079712
bb320ebfa20cc17bd29c,629fc34b8b705848e638,CCCCCCCCN(CCCCCCCC)C(=O)COCC(=O)N(CCCCCCCC)CCCCCCCC,0982ebf465b726073008,Dy-Ho,Dy,Ho,1,1,-0.15116534740545173,0,-0.07200070554007484,-0.06653158025556893,-0.07200070554007484,-0.05723672783563386,-0.05723672783563386
dab7b47554cb1d76931b,629fc34b8b705848e638,CCCCCCCCN(CCCCCCCC)C(=O)COCC(=O)N(CCCCCCCC)CCCCCCCC,0982ebf465b726073008,Yb-Lu,Yb,Lu,1,1,-0.04122691292875946,0,-0.05985667223132497,-0.09184071452454468,-0.05985667223132497,-0.05409640156638568,-0.05409640156638568
1d4e00f1514a68042c81,4c2c40bd359293b2c322,CCCCCCCCN(CCCCCCCC)C(=O)COCC(=O)N(CCCCCCCC)CCCCCCCC,0982ebf465b726073008,Dy-Ho,Dy,Ho,1,1,-0.09395973154362425,0,-0.049452652152938224,-0.05553349268847068,-0.049452652152938224,-0.054382837849992725,-0.054382837849992725
a43d93864d9fa352cb45,4c2c40bd359293b2c322,CCCCCCCCN(CCCCCCCC)C(=O)COCC(=O)N(CCCCCCCC)CCCCCCCC,0982ebf465b726073008,Ho-Er,Ho,Er,1,1,-0.15570469798657527,0,-0.13955391515385362,-0.11013858893830172,-0.13955391515385362,-0.07877968028458676,-0.07877968028458676
5dae238227ea2699d918,4c2c40bd359293b2c322,CCCCCCCCN(CCCCCCCC)C(=O)COCC(=O)N(CCCCCCCC)CCCCCCCC,0982ebf465b726073008,Er-Tm,Er,Tm,1,1,0.04295302013422608,0,-0.032412022589305776,-0.01456477762680966,-0.032412022589305776,-0.05151030924914142,-0.05151030924914142
cff57a23d4336cad4965,4c2c40bd359293b2c322,CCCCCCCCN(CCCCCCCC)C(=O)COCC(=O)N(CCCCCCCC)CCCCCCCC,0982ebf465b726073008,Tm-Yb,Tm,Yb,1,1,-0.20671140939597166,0,0.017280370052414493,0.007247157976957742,0.017280370052414493,-0.07871563678275734,-0.07871563678275734
8cd2693d223980f6bca8,4c2c40bd359293b2c322,CCCCCCCCN(CCCCCCCC)C(=O)COCC(=O)N(CCCCCCCC)CCCCCCCC,0982ebf465b726073008,Yb-Lu,Yb,Lu,1,1,0.22818791946308625,0,-0.04116540352948377,-0.07189034502911557,-0.04116540352948377,-0.04009943653221773,-0.04009943653221773
5c380d7cffedf1ade746,117fbaa7fa4d627caeb8,CCCCCCCCN(CCCCCCCC)C(=O)COCC(=O)N(CCCCCCCC)CCCCCCCC,0982ebf465b726073008,Dy-Ho,Dy,Ho,1,1,-0.12348993288590604,0,-0.038535599073635726,-0.046620741044203357,-0.038535599073635726,-0.054382837849992725,-0.054382837849992725
35719fa72f03b90a7bc4,117fbaa7fa4d627caeb8,CCCCCCCCN(CCCCCCCC)C(=O)COCC(=O)N(CCCCCCCC)CCCCCCCC,0982ebf465b726073008,Tm-Yb,Tm,Yb,1,1,-0.16644295302013434,0,0.005536492104292952,0.00027364245247660625,0.005536492104292952,-0.07871563678275734,-0.07871563678275734
dd04ac1a7043a7c393a2,117fbaa7fa4d627caeb8,CCCCCCCCN(CCCCCCCC)C(=O)COCC(=O)N(CCCCCCCC)CCCCCCCC,0982ebf465b726073008,Yb-Lu,Yb,Lu,1,1,0.06979865771812088,0,-0.07200907424690783,-0.10030704288071533,-0.07200907424690783,-0.04009943653221773,-0.04009943653221773
173f1076ce212bcda95c,364a60df460c24a76762,CCCCCCCCN(CCCCCCCC)C(=O)COCC(=O)N(CCCCCCCC)CCCCCCCC,0982ebf465b726073008,Er-Tm,Er,Tm,1,1,-0.005369127516779315,0,-0.041941769477706496,-0.025165449309451294,-0.041941769477706496,-0.06297581658330403,-0.06297581658330403
5baa215f11498fc614be,364a60df460c24a76762,CCCCCCCCN(CCCCCCCC)C(=O)COCC(=O)N(CCCCCCCC)CCCCCCCC,0982ebf465b726073008,Tm-Yb,Tm,Yb,1,1,-0.01879194630872405,0,0.005536492104292952,0.00027364245247660625,0.005536492104292952,-0.09125337144599932,-0.09125337144599932
e1057c5903960bf8f0b0,364a60df460c24a76762,CCCCCCCCN(CCCCCCCC)C(=O)COCC(=O)N(CCCCCCCC)CCCCCCCC,0982ebf465b726073008,Yb-Lu,Yb,Lu,1,1,-0.026845637583893023,0,-0.07200907424690783,-0.10030704288071533,-0.07200907424690783,-0.05263717119545973,-0.05263717119545973
6bdfd82c3a7a8efff859,d2c5614eea29e351a064,CCCCCCCCN(CCCCCCCC)C(=O)COCC(=O)N(CCCCCCCC)CCCCCCCC,0982ebf465b726073008,Er-Tm,Er,Tm,1,1,-0.01879194630872494,0,-0.041941769477706496,-0.025165449309451294,-0.041941769477706496,-0.06297581658330403,-0.06297581658330403
6523c3af3ca0f9c38ecd,d2c5614eea29e351a064,CCCCCCCCN(CCCCCCCC)C(=O)COCC(=O)N(CCCCCCCC)CCCCCCCC,0982ebf465b726073008,Tm-Yb,Tm,Yb,1,1,-0.029530201342282236,0,0.005536492104292952,0.00027364245247660625,0.005536492104292952,-0.09125337144599932,-0.09125337144599932
b7a640877cfe9369e095,d2c5614eea29e351a064,CCCCCCCCN(CCCCCCCC)C(=O)COCC(=O)N(CCCCCCCC)CCCCCCCC,0982ebf465b726073008,Yb-Lu,Yb,Lu,1,1,-0.067114093959731,0,-0.07200907424690783,-0.10030704288071533,-0.07200907424690783,-0.05263717119545973,-0.05263717119545973
bb00695b9cd28cce8f69,7567ea735c264e4f6301,CCCCN(CCCC)C(=O)COCC(=O)N(CCCC)CCCC,c7871bb73b8256ca7c0e,Sm-Eu,Sm,Eu,1,1,0.014193893432994154,1,-0.06670874203327885,-0.10053888163161692,-0.10053888163161692,-0.11618099828433409,-0.07907680609604266
1bcd7ce54265f3947f15,7567ea735c264e4f6301,CCCCN(CCCC)C(=O)COCC(=O)N(CCCC)CCCC,c7871bb73b8256ca7c0e,Eu-Gd,Eu,Gd,1,1,-0.0265834827260627,1,-0.035249961681034274,-0.04632709070620107,-0.04632709070620107,-0.09590628430025788,-0.050414042335840174
96cd2d3d745657b1a3df,6f57204d5e10ee5736fa,CCCCCCN(CCCCCC)C(=O)COCC(=O)N(CCCCCC)CCCCCC,0982ebf465b726073008,Sm-Eu,Sm,Eu,1,1,0.03778856088939975,0,-0.085150135086305,-0.11438382225216202,-0.085150135086305,-0.07579122298777802,-0.07579122298777802
6f49782f76950adec332,6f57204d5e10ee5736fa,CCCCCCN(CCCCCC)C(=O)COCC(=O)N(CCCCCC)CCCCCC,0982ebf465b726073008,Eu-Gd,Eu,Gd,1,1,-0.0810874428835715,0,-0.204716952847742,-0.20068861070140898,-0.204716952847742,-0.07309351437740466,-0.07309351437740466
afdae026b21b9b42f792,0e1d75e769af9c2784cd,CCCCCCCCN(CCCCCCCC)C(=O)COCC(=O)N(CCCCCCCC)CCCCCCCC,0982ebf465b726073008,Sm-Eu,Sm,Eu,1,1,-0.03763253628491825,0,-0.09586060670937982,-0.1527291431239384,-0.09586060670937982,-0.17706816280323023,-0.17706816280323023
f79f4c2f76292909a6f9,0e1d75e769af9c2784cd,CCCCCCCCN(CCCCCCCC)C(=O)COCC(=O)N(CCCCCCCC)CCCCCCCC,0982ebf465b726073008,Eu-Gd,Eu,Gd,1,1,0.06866677002488697,0,-0.2126476775332375,-0.19083101198736385,-0.2126476775332375,-0.20093254389828455,-0.20093254389828455
d971b4491f6e9d80762c,857a01d3abafcae9f382,CC(C)CN(CC(C)C)C(=O)COCC(=O)N(CC(C)C)CC(C)C,58d4e65c753e78f7e64e,Sm-Eu,Sm,Eu,1,1,-0.12569732978266568,1,-0.11773195239454456,-0.12071734661632921,-0.12071734661632921,-0.03455369306197098,-0.09693738756140116
a791af1a74c5689e32d9,857a01d3abafcae9f382,CC(C)CN(CC(C)C)C(=O)COCC(=O)N(CC(C)C)CC(C)C,58d4e65c753e78f7e64e,Eu-Gd,Eu,Gd,1,1,0.04676924286893813,1,-0.11118530841181334,-0.11950203190203257,-0.11950203190203257,-0.04429223261654671,-0.0944620394629967
b7ac8448fefad84fddc6,e7434dd126966c7db221,CCCCC(CC)CN(CC(CC)CCCC)C(=O)COCC(=O)N(CC(CC)CCCC)CC(CC)CCCC,3892bd45fa60b76c313c,Sm-Eu,Sm,Eu,1,1,-0.11411641247326432,1,-0.10163694081758845,-0.11893813734603939,-0.11893813734603939,-0.12211269489965237,-0.10675587933810443
45cd939b53669348e086,e7434dd126966c7db221,CCCCC(CC)CN(CC(CC)CCCC)C(=O)COCC(=O)N(CC(CC)CCCC)CC(CC)CCCC,3892bd45fa60b76c313c,Eu-Gd,Eu,Gd,1,1,-0.03329556939336764,1,-0.07011011725103178,-0.07627816375907451,-0.07627816375907451,-0.09255287545623184,-0.07572080680233179
07fb0f6f7699a13bfa99,07e5ac5296ad5ca4ac0c,CN(C(=O)COCC(=O)N(C)c1ccccc1)c1ccccc1,f6de0c8e1de165e34184,Sm-Eu,Sm,Eu,1,1,-0.24919835739111285,2,-0.11267034800986975,-0.13789202139586795,-0.13789202139586795,-0.07487933793984186,-0.08432709045734883
57a3a382edb6369928ce,07e5ac5296ad5ca4ac0c,CN(C(=O)COCC(=O)N(C)c1ccccc1)c1ccccc1,f6de0c8e1de165e34184,Eu-Gd,Eu,Gd,1,1,-0.13848801691537183,2,0.01777877886993032,0.003065414591633373,0.003065414591633373,-0.09207788131757463,-0.0646137162706984
1879dc07ff9b32f2903b,b4a699d63db1c4870874,CCCCCCCCN(C)C(=O)COCC(=O)N(C)CCCCCCCC,cfb81e271e80f6a290e0,Sm-Eu,Sm,Eu,1,1,-0.2379782499168921,1,-0.07613204636626145,-0.10007671958014124,-0.10007671958014124,-0.18271046066732413,-0.10277664994152712
fed1d67ee80b3f96106c,b4a699d63db1c4870874,CCCCCCCCN(C)C(=O)COCC(=O)N(C)CCCCCCCC,cfb81e271e80f6a290e0,Eu-Gd,Eu,Gd,1,1,-0.05515526490105527,1,-0.04163510321486511,-0.03919310564613909,-0.03919310564613909,-0.15002109057126392,-0.06873160005396481
f2981cb855677f639019,71e66f0987f2849a6e70,CCCCCCCCN(CC(C)C)C(=O)COCC(=O)N(CCCCCCCC)CC(C)C,5af1128acd3d0d8d9994,Sm-Eu,Sm,Eu,1,1,0.09938463213591184,1,-0.09809290231558265,-0.09951042406626735,-0.09951042406626735,-0.18890259446276886,-0.1207953253523792
dda649c82910af2c82fb,71e66f0987f2849a6e70,CCCCCCCCN(CC(C)C)C(=O)COCC(=O)N(CCCCCCCC)CC(C)C,5af1128acd3d0d8d9994,Eu-Gd,Eu,Gd,1,1,-0.22382957166781506,1,-0.07555069545069645,-0.043766327236364574,-0.043766327236364574,-0.10233684188321972,-0.08224723205882727
abb627f7c3be8d2725fb,3b8ab52fd96306877816,CCCCCCCCN(CC(CC)CCCC)C(=O)COCC(=O)N(CCCCCCCC)CC(CC)CCCC,df42912643728e7446c1,Sm-Eu,Sm,Eu,1,1,0.06897620679031359,1,-0.10294377452806622,-0.09701616343865586,-0.09701616343865586,-0.09063858691124753,-0.09986747762386154
9a73f8867ebb9817b3e9,3b8ab52fd96306877816,CCCCCCCCN(CC(CC)CCCC)C(=O)COCC(=O)N(CCCCCCCC)CC(CC)CCCC,df42912643728e7446c1,Eu-Gd,Eu,Gd,1,1,-0.28285602673539456,1,-0.07048835566589082,-0.04911947742976744,-0.04911947742976744,-0.1281265404476744,-0.08489790186133672
f0d719c5dc432fd0219a,d531a25bc3125a0fc57f,CCCN(CCC)C(=O)COCC(=O)N(CCC)CCC,dc7ee58d47cb71baf62d,Dy-Ho,Dy,Ho,1,1,-0.03377110694183916,2,-0.09201699909659747,-0.12027922273190411,-0.12027922273190411,-0.14120291925287393,-0.12890643921380482
8d8cb10378b0ec6a12dc,d531a25bc3125a0fc57f,CCCN(CCC)C(=O)COCC(=O)N(CCC)CCC,dc7ee58d47cb71baf62d,Ho-Er,Ho,Er,1,1,0.03939962476547798,2,-0.06787369899090594,-0.07478095789542566,-0.07478095789542566,-0.0689934258362889,-0.06871349412494315
6b8b69498c48aba6d32d,d531a25bc3125a0fc57f,CCCN(CCC)C(=O)COCC(=O)N(CCC)CCC,dc7ee58d47cb71baf62d,Er-Tm,Er,Tm,1,1,0.005628517823640156,2,-0.014342947486222763,-0.013153201947098394,-0.013153201947098394,-0.04289456714778825,-0.035756662232396874
974f980e2d08bdb47da3,d531a25bc3125a0fc57f,CCCN(CCC)C(=O)COCC(=O)N(CCC)CCC,dc7ee58d47cb71baf62d,Tm-Yb,Tm,Yb,1,1,0.02251407129456018,2,-0.009035368217542694,-0.004741636878140894,-0.004741636878140894,-0.059583054426450066,-0.04694613287422322
f226aa552a35fbcf59bb,d531a25bc3125a0fc57f,CCCN(CCC)C(=O)COCC(=O)N(CCC)CCC,dc7ee58d47cb71baf62d,Yb-Lu,Yb,Lu,1,1,0.011257035647278535,2,-0.06463111101800813,-0.05849174908949914,-0.05849174908949914,-0.11198005200602622,-0.1001428167590217
72631ece9603d39fd050,6a061ee65bd1df9adf18,CCCN(CCC)C(=O)COCC(=O)N(CCC)CCC,dc7ee58d47cb71baf62d,Dy-Ho,Dy,Ho,1,1,-0.08442776735459634,2,-0.09201699909659747,-0.12027922273190411,-0.12027922273190411,-0.14120291925287393,-0.12890643921380482
7240e7318fa0d8b75f65,6a061ee65bd1df9adf18,CCCN(CCC)C(=O)COCC(=O)N(CCC)CCC,dc7ee58d47cb71baf62d,Ho-Er,Ho,Er,1,1,-0.01125703564728009,2,-0.06787369899090594,-0.07478095789542566,-0.07478095789542566,-0.0689934258362889,-0.06871349412494315
7e14081607ead2a9f6f7,6a061ee65bd1df9adf18,CCCN(CCC)C(=O)COCC(=O)N(CCC)CCC,dc7ee58d47cb71baf62d,Er-Tm,Er,Tm,1,1,0.016885553470920023,2,-0.014342947486222763,-0.013153201947098394,-0.013153201947098394,-0.04289456714778825,-0.035756662232396874
754206b50c51180082dd,6a061ee65bd1df9adf18,CCCN(CCC)C(=O)COCC(=O)N(CCC)CCC,dc7ee58d47cb71baf62d,Tm-Yb,Tm,Yb,1,1,0.011257035647279423,2,-0.009035368217542694,-0.004741636878140894,-0.004741636878140894,-0.059583054426450066,-0.04694613287422322
e603604aa22278a14c11,6a061ee65bd1df9adf18,CCCN(CCC)C(=O)COCC(=O)N(CCC)CCC,dc7ee58d47cb71baf62d,Yb-Lu,Yb,Lu,1,1,0.01688555347091869,2,-0.06463111101800813,-0.05849174908949914,-0.05849174908949914,-0.11198005200602622,-0.1001428167590217
00893d14a1198299e4b2,bb800d9557374f9cbe82,CCCN(CCC)C(=O)COCC(=O)N(CCC)CCC,dc7ee58d47cb71baf62d,Dy-Ho,Dy,Ho,1,1,-0.005628517823640156,2,-0.09187635212050752,-0.12131063388989763,-0.12131063388989763,-0.14134356622896388,-0.1289767627018498
899e0adbb653978543c9,bb800d9557374f9cbe82,CCCN(CCC)C(=O)COCC(=O)N(CCC)CCC,dc7ee58d47cb71baf62d,Ho-Er,Ho,Er,1,1,-0.0168855534709198,2,-0.06787369899090594,-0.07478095789542566,-0.07478095789542566,-0.0689934258362889,-0.06871349412494315
6042a11d347005db604e,bb800d9557374f9cbe82,CCCN(CCC)C(=O)COCC(=O)N(CCC)CCC,dc7ee58d47cb71baf62d,Er-Tm,Er,Tm,1,1,0.04502814258911858,2,-0.014483594462312809,-0.013153201947098394,-0.013153201947098394,-0.043035214123878236,-0.03589730920848688
53db1f1449c11c2698b9,bb800d9557374f9cbe82,CCCN(CCC)C(=O)COCC(=O)N(CCC)CCC,dc7ee58d47cb71baf62d,Tm-Yb,Tm,Yb,1,1,0.022514071294558846,2,-0.008824397753407669,-0.004741636878140894,-0.004741636878140894,-0.059583054426450066,-0.04689339025818946
7361ded764f8b1ad62db,bb800d9557374f9cbe82,CCCN(CCC)C(=O)COCC(=O)N(CCC)CCC,dc7ee58d47cb71baf62d,Yb-Lu,Yb,Lu,1,1,0.03377110694183871,2,-0.06463111101800813,-0.05849174908949914,-0.05849174908949914,-0.11198005200602622,-0.1001428167590217
432000ae030c12ff959a,4743c40db25bf91450de,CCCN(CCC)C(=O)COCC(=O)N(CCC)CCC,dc7ee58d47cb71baf62d,Dy-Ho,Dy,Ho,1,1,-0.11257035647279662,2,-0.09187635212050753,-0.12027922273190411,-0.12027922273190411,-0.14120291925287393,-0.12887127746978233
c0615646339a3880430d,4743c40db25bf91450de,CCCN(CCC)C(=O)COCC(=O)N(CCC)CCC,dc7ee58d47cb71baf62d,Ho-Er,Ho,Er,1,1,-0.07879924953095593,2,-0.06787369899090594,-0.07478095789542566,-0.07478095789542566,-0.0689934258362889,-0.06871349412494315
bdd74fc37965e8d76ee6,4743c40db25bf91450de,CCCN(CCC)C(=O)COCC(=O)N(CCC)CCC,dc7ee58d47cb71baf62d,Er-Tm,Er,Tm,1,1,0.011257035647279534,2,-0.014061653534042753,-0.01266093753078337,-0.01266093753078337,-0.04289456714778825,-0.03568633874435188
2865001147b08d025f72,4743c40db25bf91450de,CCCN(CCC)C(=O)COCC(=O)N(CCC)CCC,dc7ee58d47cb71baf62d,Tm-Yb,Tm,Yb,1,1,-0.011257035647279534,2,-0.008402456825137612,-0.004530666414005828,-0.004530666414005828,-0.059583054426450066,-0.046787905026121956
281588da14b92f42f2c4,4743c40db25bf91450de,CCCN(CCC)C(=O)COCC(=O)N(CCC)CCC,dc7ee58d47cb71baf62d,Yb-Lu,Yb,Lu,1,1,-0.005628517823642598,2,-0.06463111101800813,-0.05849174908949914,-0.05849174908949914,-0.11198005200602622,-0.1001428167590217
1bb6fb9bf56a1fb9c284,c9112e09a1321c39782b,CCCCCCCCN(CCCCCCCC)C(=O)COCC(=O)N(CCCCCCCC)CCCCCCCC,0982ebf465b726073008,Gd-Tb,Gd,Tb,1,1,-0.38255977496483906,0,-0.33181681732470125,-0.32424313590621634,-0.33181681732470125,-0.34238341513081705,-0.34238341513081705
10f496eaf41807923a94,c9112e09a1321c39782b,CCCCCCCCN(CCCCCCCC)C(=O)COCC(=O)N(CCCCCCCC)CCCCCCCC,0982ebf465b726073008,Tb-Dy,Tb,Dy,1,1,-0.1969057665260201,0,0.03874445374815737,0.026653974335011103,0.03874445374815737,-0.113047504433553,-0.113047504433553
a6dac4f2792f3acb3326,a0e36d532a8ce3501c95,CCCCCCCCN(CCCCCCCC)C(=O)COCC(=O)N(CCCCCCCC)CCCCCCCC,0982ebf465b726073008,Gd-Tb,Gd,Tb,1,1,-0.2925457102672292,0,-0.33181681732470125,-0.32424313590621634,-0.33181681732470125,-0.34238341513081705,-0.34238341513081705
c26276310b5e263de696,a0e36d532a8ce3501c95,CCCCCCCCN(CCCCCCCC)C(=O)COCC(=O)N(CCCCCCCC)CCCCCCCC,0982ebf465b726073008,Tb-Dy,Tb,Dy,1,1,-0.24191279887482542,0,0.03874445374815737,0.026653974335011103,0.03874445374815737,-0.113047504433553,-0.113047504433553
94a6d98a67a8cde701d3,a0e36d532a8ce3501c95,CCCCCCCCN(CCCCCCCC)C(=O)COCC(=O)N(CCCCCCCC)CCCCCCCC,0982ebf465b726073008,Dy-Ho,Dy,Ho,1,1,-0.12939521800280873,0,-0.03637434702051846,-0.05061991341622054,-0.03637434702051846,-0.05117849543104938,-0.05117849543104938
0ca9ff40aedc6de27342,a0e36d532a8ce3501c95,CCCCCCCCN(CCCCCCCC)C(=O)COCC(=O)N(CCCCCCCC)CCCCCCCC,0982ebf465b726073008,Ho-Er,Ho,Er,1,1,-0.10689170182841456,0,-0.17779884555198466,-0.13301317425897374,-0.17779884555198466,-0.0770663354648982,-0.0770663354648982
d867ccb80a7f02c6cc21,a0e36d532a8ce3501c95,CCCCCCCCN(CCCCCCCC)C(=O)COCC(=O)N(CCCCCCCC)CCCCCCCC,0982ebf465b726073008,Er-Tm,Er,Tm,1,1,2.886579864025407e-15,0,-0.05976551371871747,-0.02855359662547798,-0.05976551371871747,-0.06311269324812754,-0.06311269324812754
bd93c79231a363717b2b,a0e36d532a8ce3501c95,CCCCCCCCN(CCCCCCCC)C(=O)COCC(=O)N(CCCCCCCC)CCCCCCCC,0982ebf465b726073008,Tm-Yb,Tm,Yb,1,1,-0.03375527426160563,0,0.0009382894185904102,-0.003727305094742037,0.0009382894185904102,-0.08251781624578461,-0.08251781624578461
7371ec01634e3df4eafc,a0e36d532a8ce3501c95,CCCCCCCCN(CCCCCCCC)C(=O)COCC(=O)N(CCCCCCCC)CCCCCCCC,0982ebf465b726073008,Yb-Lu,Yb,Lu,1,1,-0.01687763713080015,0,-0.10125970897021397,-0.11060597430217711,-0.10125970897021397,-0.03725197149988092,-0.03725197149988092
7c30e6c0d136e02309bd,6b646f11ccf6ca9cd7d8,CCCCCCCCN(CCCCCCCC)C(=O)COCC(=O)N(CCCCCCCC)CCCCCCCC,0982ebf465b726073008,Gd-Tb,Gd,Tb,1,1,-0.35443037974683467,0,-0.33181681732470125,-0.32424313590621634,-0.33181681732470125,-0.34238341513081705,-0.34238341513081705
446c48fa657d15b6ede4,6b646f11ccf6ca9cd7d8,CCCCCCCCN(CCCCCCCC)C(=O)COCC(=O)N(CCCCCCCC)CCCCCCCC,0982ebf465b726073008,Tb-Dy,Tb,Dy,1,1,-0.20253164556962,0,0.03874445374815737,0.026653974335011103,0.03874445374815737,-0.113047504433553,-0.113047504433553
66a5cb0a82e339755a0b,6b646f11ccf6ca9cd7d8,CCCCCCCCN(CCCCCCCC)C(=O)COCC(=O)N(CCCCCCCC)CCCCCCCC,0982ebf465b726073008,Dy-Ho,Dy,Ho,1,1,-0.09001406469760997,0,-0.03637434702051846,-0.05061991341622054,-0.03637434702051846,-0.05117849543104938,-0.05117849543104938
2ba5129302f465e8a530,6b646f11ccf6ca9cd7d8,CCCCCCCCN(CCCCCCCC)C(=O)COCC(=O)N(CCCCCCCC)CCCCCCCC,0982ebf465b726073008,Ho-Er,Ho,Er,1,1,-0.02812939521800173,0,-0.17779884555198466,-0.13301317425897374,-0.17779884555198466,-0.0770663354648982,-0.0770663354648982
9cd6e4f9f27daa0e07e0,6b646f11ccf6ca9cd7d8,CCCCCCCCN(CCCCCCCC)C(=O)COCC(=O)N(CCCCCCCC)CCCCCCCC,0982ebf465b726073008,Er-Tm,Er,Tm,1,1,-0.05063291139240489,0,-0.05976551371871747,-0.02855359662547798,-0.05976551371871747,-0.06264342632284242,-0.06264342632284242
976f781409ac61ad6f3b,6b646f11ccf6ca9cd7d8,CCCCCCCCN(CCCCCCCC)C(=O)COCC(=O)N(CCCCCCCC)CCCCCCCC,0982ebf465b726073008,Tm-Yb,Tm,Yb,1,1,0.005625879043600346,0,0.0009382894185904102,-0.003727305094742037,0.0009382894185904102,-0.08218926226609048,-0.08218926226609048
678c07205f950b9dc10c,6b646f11ccf6ca9cd7d8,CCCCCCCCN(CCCCCCCC)C(=O)COCC(=O)N(CCCCCCCC)CCCCCCCC,0982ebf465b726073008,Yb-Lu,Yb,Lu,1,1,-0.02812939521800395,0,-0.10110181737572053,-0.11060597430217711,-0.10110181737572053,-0.036923417520186796,-0.036923417520186796
b30f13e5b06130248dc0,f5bbacdc907e975ee325,CCCCCCCCN(CCCCCCCC)C(=O)COCC(=O)N(CCCCCCCC)CCCCCCCC,0982ebf465b726073008,Gd-Tb,Gd,Tb,1,1,-0.21378340365682424,0,-0.33181681732470125,-0.32424313590621634,-0.33181681732470125,-0.34238341513081705,-0.34238341513081705
39fd2bf0d2846d9fa45d,f5bbacdc907e975ee325,CCCCCCCCN(CCCCCCCC)C(=O)COCC(=O)N(CCCCCCCC)CCCCCCCC,0982ebf465b726073008,Tb-Dy,Tb,Dy,1,1,-0.1744022503516185,0,0.03874445374815737,0.026653974335011103,0.03874445374815737,-0.113047504433553,-0.113047504433553
330c647f9e442321f333,f5bbacdc907e975ee325,CCCCCCCCN(CCCCCCCC)C(=O)COCC(=O)N(CCCCCCCC)CCCCCCCC,0982ebf465b726073008,Dy-Ho,Dy,Ho,1,1,-0.11814345991561326,0,-0.03637434702051846,-0.05061991341622054,-0.03637434702051846,-0.05211658173498933,-0.05211658173498933
0504e092220dafe0161b,f5bbacdc907e975ee325,CCCCCCCCN(CCCCCCCC)C(=O)COCC(=O)N(CCCCCCCC)CCCCCCCC,0982ebf465b726073008,Ho-Er,Ho,Er,1,1,-0.07876230661040862,0,-0.17779884555198466,-0.13301317425897374,-0.17779884555198466,-0.07537153038411795,-0.07537153038411795
ccc5253931ddf2084959,f5bbacdc907e975ee325,CCCCCCCCN(CCCCCCCC)C(=O)COCC(=O)N(CCCCCCCC)CCCCCCCC,0982ebf465b726073008,Er-Tm,Er,Tm,1,1,-0.0056258790435985695,0,-0.05976551371871747,-0.02855359662547798,-0.05976551371871747,-0.06526669720627398,-0.06526669720627398
73df49f277211352ae2d,f5bbacdc907e975ee325,CCCCCCCCN(CCCCCCCC)C(=O)COCC(=O)N(CCCCCCCC)CCCCCCCC,0982ebf465b726073008,Tm-Yb,Tm,Yb,1,1,-0.005625879043601456,0,0.0009563273697847733,-0.003727305094742037,0.0009563273697847733,-0.084811769060818,-0.084811769060818
64c092d43f99543f8ada,f5bbacdc907e975ee325,CCCCCCCCN(CCCCCCCC)C(=O)COCC(=O)N(CCCCCCCC)CCCCCCCC,0982ebf465b726073008,Yb-Lu,Yb,Lu,1,1,-0.02812939521800306,0,-0.1016672279277247,-0.11200896578819423,-0.1016672279277247,-0.03822403801978404,-0.03822403801978404
16591853a06752d2b3da,f255227d97ddab3acbbb,CCCCCCCCN(CCCCCCCC)C(=O)COCC(=O)N(CCCCCCCC)CCCCCCCC,0982ebf465b726073008,Gd-Tb,Gd,Tb,1,1,-0.29254571026723064,0,-0.31773119042994136,-0.3118235407402539,-0.31773119042994136,-0.34238341513081705,-0.34238341513081705
6a9b017e9aca126e0d59,f255227d97ddab3acbbb,CCCCCCCCN(CCCCCCCC)C(=O)COCC(=O)N(CCCCCCCC)CCCCCCCC,0982ebf465b726073008,Tb-Dy,Tb,Dy,1,1,-0.2194092827004197,0,0.021633275307877693,-0.027862972094924575,0.021633275307877693,-0.10362142271747511,-0.10362142271747511
cf62beb31f582d722dcb,f255227d97ddab3acbbb,CCCCCCCCN(CCCCCCCC)C(=O)COCC(=O)N(CCCCCCCC)CCCCCCCC,0982ebf465b726073008,Dy-Ho,Dy,Ho,1,1,-0.13502109704641385,0,-0.04755409341032355,-0.0827253000590503,-0.04755409341032355,-0.05145097500046214,-0.05145097500046214
09e7b38428de2af376ff,f255227d97ddab3acbbb,CCCCCCCCN(CCCCCCCC)C(=O)COCC(=O)N(CCCCCCCC)CCCCCCCC,0982ebf465b726073008,Ho-Er,Ho,Er,1,1,-0.08438818565401107,0,-0.17665978764887957,-0.13466000861023925,-0.17665978764887957,-0.07548021831952315,-0.07548021831952315
efb75cfc2e5376a73984,f255227d97ddab3acbbb,CCCCCCCCN(CCCCCCCC)C(=O)COCC(=O)N(CCCCCCCC)CCCCCCCC,0982ebf465b726073008,Er-Tm,Er,Tm,1,1,-0.005625879043600679,0,-0.0645836324374944,-0.04358835567361205,-0.0645836324374944,-0.06311269324812754,-0.06311269324812754
a24937213b383a96d94e,f255227d97ddab3acbbb,CCCCCCCCN(CCCCCCCC)C(=O)COCC(=O)N(CCCCCCCC)CCCCCCCC,0982ebf465b726073008,Tm-Yb,Tm,Yb,1,1,-0.01125175808720058,0,-0.004771719302283545,-0.020061519511735005,-0.004771719302283545,-0.07875751644795778,-0.07875751644795778
14caa4fb920d011a416e,f255227d97ddab3acbbb,CCCCCCCCN(CCCCCCCC)C(=O)COCC(=O)N(CCCCCCCC)CCCCCCCC,0982ebf465b726073008,Yb-Lu,Yb,Lu,1,1,-0.016877637130799372,0,-0.10232178604498146,-0.11356418476400494,-0.10232178604498146,-0.034292691509140535,-0.034292691509140535
a8a1af9978a9e3db3ea8,fe79cc39133bfa3644c3,CCN(CC)C(=O)COCC(=O)N(CC)CC,e82f0895ef68a522de3f,Gd-Tb,Gd,Tb,1,1,-0.028929604628734396,2,-0.1525840178525082,-0.14714206620358067,-0.14714206620358067,-0.212622006433272,-0.19761250928808105
97eee08784178653111c,fe79cc39133bfa3644c3,CCN(CC)C(=O)COCC(=O)N(CC)CC,e82f0895ef68a522de3f,Tb-Dy,Tb,Dy,1,1,-0.04628736740598072,2,-0.04539487527802041,-0.06466124067213468,-0.06466124067213468,-0.11836067055903496,-0.10011922173878132
c4d2ee474e237a59bca3,fe79cc39133bfa3644c3,CCN(CC)C(=O)COCC(=O)N(CC)CC,e82f0895ef68a522de3f,Dy-Ho,Dy,Ho,1,1,-0.03471552555448287,2,-0.0660739236332331,-0.07489194760923526,-0.07489194760923526,-0.09568222252544317,-0.08828014780239066
81d7acf0b7125b8ff276,fe79cc39133bfa3644c3,CCN(CC)C(=O)COCC(=O)N(CC)CC,e82f0895ef68a522de3f,Ho-Er,Ho,Er,1,1,-0.0057859209257467015,2,-0.07154385110995326,-0.07889688648807633,-0.07889688648807633,-0.04889381601509775,-0.05455632478881163
a88fa61ea48d8f6e32af,fe79cc39133bfa3644c3,CCN(CC)C(=O)COCC(=O)N(CC)CC,e82f0895ef68a522de3f,Er-Tm,Er,Tm,1,1,0.07521697203471378,2,-0.0121585587797409,-0.01574474832436921,-0.01574474832436921,-0.05166407250436943,-0.0417876940732123
98bbf265dac7bbbad026,fe79cc39133bfa3644c3,CCN(CC)C(=O)COCC(=O)N(CC)CC,e82f0895ef68a522de3f,Tm-Yb,Tm,Yb,1,1,0.04628736740598027,2,-0.013116637854410076,-0.014637086461372708,-0.014637086461372708,-0.057832310897008465,-0.04665339263635887
e3861fb4579f4a2d1edb,fe79cc39133bfa3644c3,CCN(CC)C(=O)COCC(=O)N(CC)CC,e82f0895ef68a522de3f,Yb-Lu,Yb,Lu,1,1,0.028929604628737948,2,-0.06400203619382688,-0.0659089921630163,-0.0659089921630163,-0.059770289826690734,-0.06082822641847477
3c8561c66fad33607d09,86f619057e30db5f3d37,CCN(CC)C(=O)COCC(=O)N(CC)CC,e82f0895ef68a522de3f,Gd-Tb,Gd,Tb,1,1,0.04628736740597872,2,-0.1525840178525082,-0.14714206620358067,-0.14714206620358067,-0.212622006433272,-0.19761250928808105
9fe1b4da5ade9d136867,86f619057e30db5f3d37,CCN(CC)C(=O)COCC(=O)N(CC)CC,e82f0895ef68a522de3f,Tb-Dy,Tb,Dy,1,1,0.01735776277724299,2,-0.04539487527802041,-0.06466124067213468,-0.06466124067213468,-0.11836067055903496,-0.10011922173878132
ed3b788c849784f67b85,86f619057e30db5f3d37,CCN(CC)C(=O)COCC(=O)N(CC)CC,e82f0895ef68a522de3f,Dy-Ho,Dy,Ho,1,1,0.011571841851494957,2,-0.0660739236332331,-0.07489194760923526,-0.07489194760923526,-0.09568222252544317,-0.08828014780239066
c852a6f168366baf73c8,86f619057e30db5f3d37,CCN(CC)C(=O)COCC(=O)N(CC)CC,e82f0895ef68a522de3f,Ho-Er,Ho,Er,1,1,0.023143683702988915,2,-0.07154385110995326,-0.07889688648807633,-0.07889688648807633,-0.04889381601509775,-0.05455632478881163
0087838d5ec2beab0bf4,86f619057e30db5f3d37,CCN(CC)C(=O)COCC(=O)N(CC)CC,e82f0895ef68a522de3f,Er-Tm,Er,Tm,1,1,0.08678881388620996,2,-0.0121585587797409,-0.01574474832436921,-0.01574474832436921,-0.05166407250436943,-0.0417876940732123
df15dbaf402f496afcfc,86f619057e30db5f3d37,CCN(CC)C(=O)COCC(=O)N(CC)CC,e82f0895ef68a522de3f,Tm-Yb,Tm,Yb,1,1,0.0578592092574739,2,-0.013116637854410076,-0.014637086461372708,-0.014637086461372708,-0.057832310897008465,-0.04665339263635887
2bc89f4d4304674c623b,86f619057e30db5f3d37,CCN(CC)C(=O)COCC(=O)N(CC)CC,e82f0895ef68a522de3f,Yb-Lu,Yb,Lu,1,1,0.028929604628736283,2,-0.06400203619382688,-0.0659089921630163,-0.0659089921630163,-0.059770289826690734,-0.06082822641847477
ad29f013755e72b5d4b4,e98697cac392f17f1225,CCN(CC)C(=O)COCC(=O)N(CC)CC,e82f0895ef68a522de3f,Gd-Tb,Gd,Tb,1,1,-0.167791706846671,2,-0.1525840178525082,-0.14714206620358067,-0.14714206620358067,-0.212622006433272,-0.19761250928808105
fb87ccd1e8222c45c7e3,e98697cac392f17f1225,CCN(CC)C(=O)COCC(=O)N(CC)CC,e82f0895ef68a522de3f,Tb-Dy,Tb,Dy,1,1,-0.13886210221793693,2,-0.04539487527802041,-0.06466124067213468,-0.06466124067213468,-0.11836067055903496,-0.10011922173878132
9df97f6992df5650065c,e98697cac392f17f1225,CCN(CC)C(=O)COCC(=O)N(CC)CC,e82f0895ef68a522de3f,Dy-Ho,Dy,Ho,1,1,-0.07521697203471289,2,-0.0660739236332331,-0.07489194760923526,-0.07489194760923526,-0.09568222252544317,-0.08828014780239066
8643f6ae45b770077a0f,e98697cac392f17f1225,CCN(CC)C(=O)COCC(=O)N(CC)CC,e82f0895ef68a522de3f,Ho-Er,Ho,Er,1,1,-0.04050144648023246,2,-0.07154385110995326,-0.07889688648807633,-0.07889688648807633,-0.04889381601509775,-0.05455632478881163
0942684bbec2820c4740,e98697cac392f17f1225,CCN(CC)C(=O)COCC(=O)N(CC)CC,e82f0895ef68a522de3f,Er-Tm,Er,Tm,1,1,0.052073288331723644,2,-0.012299205755830945,-0.01574474832436921,-0.01574474832436921,-0.05166407250436943,-0.04182285581723481
4a98f8c529fda5f5935f,e98697cac392f17f1225,CCN(CC)C(=O)COCC(=O)N(CC)CC,e82f0895ef68a522de3f,Tm-Yb,Tm,Yb,1,1,0.023143683702990137,2,-0.01290566739027505,-0.014637086461372708,-0.014637086461372708,-0.057832310897008465,-0.04660065002032511
d60fcc1672741be37edd,e98697cac392f17f1225,CCN(CC)C(=O)COCC(=O)N(CC)CC,e82f0895ef68a522de3f,Yb-Lu,Yb,Lu,1,1,0.017357762777241326,2,-0.06400203619382688,-0.0659089921630163,-0.0659089921630163,-0.059770289826690734,-0.06082822641847477
6b287324a4e2c81e01c7,71a38fde00f13fe6f05a,CCN(CC)C(=O)COCC(=O)N(CC)CC,e82f0895ef68a522de3f,Gd-Tb,Gd,Tb,1,1,0.08100289296046514,2,-0.1525840178525082,-0.14714206620358067,-0.14714206620358067,-0.212622006433272,-0.19761250928808105
18c54422ee9085bf34bf,71a38fde00f13fe6f05a,CCN(CC)C(=O)COCC(=O)N(CC)CC,e82f0895ef68a522de3f,Tb-Dy,Tb,Dy,1,1,0.05207328833172231,2,-0.04539487527802041,-0.06466124067213468,-0.06466124067213468,-0.11836067055903496,-0.10011922173878132
44279d50345924ad0f03,71a38fde00f13fe6f05a,CCN(CC)C(=O)COCC(=O)N(CC)CC,e82f0895ef68a522de3f,Dy-Ho,Dy,Ho,1,1,0.01735776277724277,2,-0.0660739236332331,-0.07489194760923526,-0.07489194760923526,-0.09568222252544317,-0.08828014780239066
df76d6e28f05a90c074e,71a38fde00f13fe6f05a,CCN(CC)C(=O)COCC(=O)N(CC)CC,e82f0895ef68a522de3f,Ho-Er,Ho,Er,1,1,0.02892960462873817,2,-0.07154385110995326,-0.07889688648807633,-0.07889688648807633,-0.04889381601509775,-0.05455632478881163
38024eed70f9dac98cd7,71a38fde00f13fe6f05a,CCN(CC)C(=O)COCC(=O)N(CC)CC,e82f0895ef68a522de3f,Er-Tm,Er,Tm,1,1,0.07521697203471578,2,-0.01187726482756089,-0.01571891361344484,-0.01571891361344484,-0.05166407250436943,-0.04171737058516729
d6b89e928ad8ed20840d,71a38fde00f13fe6f05a,CCN(CC)C(=O)COCC(=O)N(CC)CC,e82f0895ef68a522de3f,Tm-Yb,Tm,Yb,1,1,0.052073288331723866,2,-0.012483726462004992,-0.014611251750448332,-0.014611251750448332,-0.057832310897008465,-0.0464951647882576
76fea58e67cdfb8d67cb,71a38fde00f13fe6f05a,CCN(CC)C(=O)COCC(=O)N(CC)CC,e82f0895ef68a522de3f,Yb-Lu,Yb,Lu,1,1,0.023143683702992135,2,-0.06400203619382688,-0.0659089921630163,-0.0659089921630163,-0.059770289826690734,-0.06082822641847477
b45a1fc832e6ad8ed7ad,f91d7dc5e1ca88471778,CCN(CC)C(=O)COCC(=O)N(CC)CC,e82f0895ef68a522de3f,Gd-Tb,Gd,Tb,1,1,-0.05207328833172764,2,-0.14716159996218559,-0.14730484484336637,-0.14730484484336637,-0.20820892892066475,-0.19294709668104496
8cf2e36c4eb27e1c95a5,f91d7dc5e1ca88471778,CCN(CC)C(=O)COCC(=O)N(CC)CC,e82f0895ef68a522de3f,Tb-Dy,Tb,Dy,1,1,-0.023143683702986806,2,-0.057135543767182745,-0.09153733104542332,-0.09153733104542332,-0.13983116696375647,-0.11915726116461303
49c629fae0a419a0f861,f91d7dc5e1ca88471778,CCN(CC)C(=O)COCC(=O)N(CC)CC,e82f0895ef68a522de3f,Dy-Ho,Dy,Ho,1,1,-0.028929604628739503,2,-0.0657199491065097,-0.08420453144324008,-0.08420453144324008,-0.10636910087119561,-0.09620681293002413
6141dbe422fa6a113994,f91d7dc5e1ca88471778,CCN(CC)C(=O)COCC(=O)N(CC)CC,e82f0895ef68a522de3f,Ho-Er,Ho,Er,1,1,0.011571841851494957,2,-0.0698804290847351,-0.07585679962113,-0.07585679962113,-0.05461103218072988,-0.058428381406731185
9af70c00f3b1b96607e9,f91d7dc5e1ca88471778,CCN(CC)C(=O)COCC(=O)N(CC)CC,e82f0895ef68a522de3f,Er-Tm,Er,Tm,1,1,0.057859209257475674,2,-0.011947588315605905,-0.022437384158002817,-0.022437384158002817,-0.05166407250436943,-0.041734951457178544
1bb6c251d7db62e537a8,f91d7dc5e1ca88471778,CCN(CC)C(=O)COCC(=O)N(CC)CC,e82f0895ef68a522de3f,Tm-Yb,Tm,Yb,1,1,0.023143683702988582,2,-0.012554049950050007,-0.020164450694312087,-0.020164450694312087,-0.057832310897008465,-0.04651274566026885
a0449d31d45d429a9ab3,f91d7dc5e1ca88471778,CCN(CC)C(=O)COCC(=O)N(CC)CC,e82f0895ef68a522de3f,Yb-Lu,Yb,Lu,1,1,0.02892960462873595,2,-0.06400203619382688,-0.07102474415087473,-0.07102474415087473,-0.06030856614759482,-0.06123193365915283
a62eb8a1718fec1229f2,7727515f744c61f1850e,CN(C(=O)COCC(=O)N(C)c1ccccc1)c1ccccc1,f6de0c8e1de165e34184,Gd-Tb,Gd,Tb,1,1,-0.27852998065763496,2,-0.09433467736079851,-0.11145406442003583,-0.11145406442003583,-0.2312111946641141,-0.1969920653382852
4aed1eb4655d18bd298b,7727515f744c61f1850e,CN(C(=O)COCC(=O)N(C)c1ccccc1)c1ccccc1,f6de0c8e1de165e34184,Tb-Dy,Tb,Dy,1,1,-0.23210831721470182,2,-0.06232148090317293,-0.08340196096179482,-0.08340196096179482,-0.02298829655952691,-0.032821592645438415
6dc9c4b3242a77e48338,7727515f744c61f1850e,CN(C(=O)COCC(=O)N(C)c1ccccc1)c1ccccc1,f6de0c8e1de165e34184,Dy-Ho,Dy,Ho,1,1,-0.13346228239845415,2,-0.0640925715827282,-0.07678753514549136,-0.07678753514549136,-0.0814379575829607,-0.07710161108290257
d3fc2a1480576534cb23,7727515f744c61f1850e,CN(C(=O)COCC(=O)N(C)c1ccccc1)c1ccccc1,f6de0c8e1de165e34184,Ho-Er,Ho,Er,1,1,-0.11605415860735113,2,-0.04531180261486868,-0.05896162183632604,-0.05896162183632604,-0.0737333722721466,-0.06662797985782712
7772fc1ab481391c9038,7727515f744c61f1850e,CN(C(=O)COCC(=O)N(C)c1ccccc1)c1ccccc1,f6de0c8e1de165e34184,Er-Tm,Er,Tm,1,1,-0.017408123791103125,2,-0.008327579798454488,-0.021661742740677677,-0.021661742740677677,-0.046027974824590465,-0.03660287606805647
a449f6658add513eaf20,7727515f744c61f1850e,CN(C(=O)COCC(=O)N(C)c1ccccc1)c1ccccc1,f6de0c8e1de165e34184,Tm-Yb,Tm,Yb,1,1,-0.029013539651835396,2,-0.014749665029196096,-0.019729900636496326,-0.019729900636496326,-0.02489853942704648,-0.022361320827583884
8927304e001593955392,7727515f744c61f1850e,CN(C(=O)COCC(=O)N(C)c1ccccc1)c1ccccc1,f6de0c8e1de165e34184,Yb-Lu,Yb,Lu,1,1,-0.017408123791103236,2,-0.06721680334556071,-0.07395537620895701,-0.07395537620895701,-0.0748064535344313,-0.07290904098721365
1e2c209465c93d317776,ba89da378fa9c4378ccf,CN(C(=O)COCC(=O)N(C)c1ccccc1)c1ccccc1,f6de0c8e1de165e34184,Gd-Tb,Gd,Tb,1,1,-0.2959381044487438,2,-0.09433467736079851,-0.11145406442003583,-0.11145406442003583,-0.2312111946641141,-0.1969920653382852
e6d9ba3531369e3cf4b2,ba89da378fa9c4378ccf,CN(C(=O)COCC(=O)N(C)c1ccccc1)c1ccccc1,f6de0c8e1de165e34184,Tb-Dy,Tb,Dy,1,1,-0.23210831721469938,2,-0.06232148090317293,-0.08340196096179482,-0.08340196096179482,-0.02298829655952691,-0.032821592645438415
0b4e534eab67997f2ea3,ba89da378fa9c4378ccf,CN(C(=O)COCC(=O)N(C)c1ccccc1)c1ccccc1,f6de0c8e1de165e34184,Dy-Ho,Dy,Ho,1,1,-0.13926499032881579,2,-0.0640925715827282,-0.07678753514549136,-0.07678753514549136,-0.0814379575829607,-0.07710161108290257
f75e00efad7fb1c2cc88,ba89da378fa9c4378ccf,CN(C(=O)COCC(=O)N(C)c1ccccc1)c1ccccc1,f6de0c8e1de165e34184,Ho-Er,Ho,Er,1,1,-0.098646034816251,2,-0.04531180261486868,-0.05896162183632604,-0.05896162183632604,-0.0737333722721466,-0.06662797985782712
138d862ce86f668f6828,ba89da378fa9c4378ccf,CN(C(=O)COCC(=O)N(C)c1ccccc1)c1ccccc1,f6de0c8e1de165e34184,Er-Tm,Er,Tm,1,1,-0.005802707930365969,2,-0.008327579798454488,-0.021661742740677677,-0.021661742740677677,-0.046027974824590465,-0.03660287606805647
d5950072bcf107d68c3a,ba89da378fa9c4378ccf,CN(C(=O)COCC(=O)N(C)c1ccccc1)c1ccccc1,f6de0c8e1de165e34184,Tm-Yb,Tm,Yb,1,1,-0.02901353965184006,2,-0.014749665029196096,-0.019729900636496326,-0.019729900636496326,-0.02489853942704648,-0.022361320827583884
a77619b1cc0acfc5f144,ba89da378fa9c4378ccf,CN(C(=O)COCC(=O)N(C)c1ccccc1)c1ccccc1,f6de0c8e1de165e34184,Yb-Lu,Yb,Lu,1,1,-0.023210831721469427,2,-0.06721680334556071,-0.07395537620895701,-0.07395537620895701,-0.0748064535344313,-0.07290904098721365
ae963db9e3f44c4c97d2,b22d23a7beffa99b3abc,CN(C(=O)COCC(=O)N(C)c1ccccc1)c1ccccc1,f6de0c8e1de165e34184,Gd-Tb,Gd,Tb,1,1,-0.1566731141199229,2,-0.09433467736079851,-0.11145406442003583,-0.11145406442003583,-0.2312111946641141,-0.1969920653382852
86d24f88a7fd8c6f1777,b22d23a7beffa99b3abc,CN(C(=O)COCC(=O)N(C)c1ccccc1)c1ccccc1,f6de0c8e1de165e34184,Tb-Dy,Tb,Dy,1,1,-0.17408123791101815,2,-0.06232148090317293,-0.08340196096179482,-0.08340196096179482,-0.02298829655952691,-0.032821592645438415
7ae2bb069d5fb2dea9a2,b22d23a7beffa99b3abc,CN(C(=O)COCC(=O)N(C)c1ccccc1)c1ccccc1,f6de0c8e1de165e34184,Dy-Ho,Dy,Ho,1,1,-0.10444874274661942,2,-0.0640925715827282,-0.07678753514549136,-0.07678753514549136,-0.0814379575829607,-0.07710161108290257
e13d2d72114311fc3a11,b22d23a7beffa99b3abc,CN(C(=O)COCC(=O)N(C)c1ccccc1)c1ccccc1,f6de0c8e1de165e34184,Ho-Er,Ho,Er,1,1,-0.08123791102514799,2,-0.04531180261486868,-0.05896162183632604,-0.05896162183632604,-0.0737333722721466,-0.06662797985782712
226d75e2b798158dc8b0,b22d23a7beffa99b3abc,CN(C(=O)COCC(=O)N(C)c1ccccc1)c1ccccc1,f6de0c8e1de165e34184,Er-Tm,Er,Tm,1,1,0.0,2,-0.008046285846274478,-0.0216359080297533,-0.0216359080297533,-0.046027974824590465,-0.036532552580011465
7d76fd9fa1e7792d787b,b22d23a7beffa99b3abc,CN(C(=O)COCC(=O)N(C)c1ccccc1)c1ccccc1,f6de0c8e1de165e34184,Tm-Yb,Tm,Yb,1,1,0.005802707930367745,2,-0.014116753636791013,-0.019704065925571952,-0.019704065925571952,-0.02489853942704648,-0.022203092979482614
d1598c1dece8ce158974,b22d23a7beffa99b3abc,CN(C(=O)COCC(=O)N(C)c1ccccc1)c1ccccc1,f6de0c8e1de165e34184,Yb-Lu,Yb,Lu,1,1,-0.029013539651831177,2,-0.06721680334556071,-0.07395537620895701,-0.07395537620895701,-0.0748064535344313,-0.07290904098721365
1658c5cc86bbe1e13e46,90d356d95a9b28f973ab,CN(C(=O)COCC(=O)N(C)c1ccccc1)c1ccccc1,f6de0c8e1de165e34184,Gd-Tb,Gd,Tb,1,1,-0.13926499032882145,2,-0.09433467736079851,-0.11420967041449656,-0.11420967041449656,-0.22746282823763614,-0.19418079051842674
b66f695b9c513e3b83cf,90d356d95a9b28f973ab,CN(C(=O)COCC(=O)N(C)c1ccccc1)c1ccccc1,f6de0c8e1de165e34184,Tb-Dy,Tb,Dy,1,1,-0.10444874274661453,2,-0.06953706784029628,-0.08742860775786561,-0.08742860775786561,-0.030021622694796392,-0.03990048398117137
298143b29f4e0a9821a1,90d356d95a9b28f973ab,CN(C(=O)COCC(=O)N(C)c1ccccc1)c1ccccc1,f6de0c8e1de165e34184,Dy-Ho,Dy,Ho,1,1,-0.06963249516441028,2,-0.0640925715827282,-0.08312926003749627,-0.08312926003749627,-0.08089935559586985,-0.07669765959258443
4480d8f7e6acbb7823cd,90d356d95a9b28f973ab,CN(C(=O)COCC(=O)N(C)c1ccccc1)c1ccccc1,f6de0c8e1de165e34184,Ho-Er,Ho,Er,1,1,-0.04642166344294241,2,-0.04531180261486868,-0.0611224595319833,-0.0611224595319833,-0.07848772483457239,-0.07019374427964646
3a681e1a9bb52cac2542,90d356d95a9b28f973ab,CN(C(=O)COCC(=O)N(C)c1ccccc1)c1ccccc1,f6de0c8e1de165e34184,Er-Tm,Er,Tm,1,1,0.0,2,-0.008116609334319493,-0.028354378574311282,-0.028354378574311282,-0.043200246744804285,-0.03442933739218309
e0be8d11ab0948929f82,90d356d95a9b28f973ab,CN(C(=O)COCC(=O)N(C)c1ccccc1)c1ccccc1,f6de0c8e1de165e34184,Tm-Yb,Tm,Yb,1,1,0.029013539651840503,2,-0.014187077124836028,-0.025257264869435705,-0.025257264869435705,-0.035273551737363906,-0.030001933084231935
214efe0a729139f5cead,90d356d95a9b28f973ab,CN(C(=O)COCC(=O)N(C)c1ccccc1)c1ccccc1,f6de0c8e1de165e34184,Yb-Lu,Yb,Lu,1,1,0.005802707930366857,2,-0.06721680334556071,-0.07907112819681544,-0.07907112819681544,-0.07094497790975679,-0.07001293426870778
b013d4d82f8d7569e71f,1c5c5cf95e535e27cda6,CCCCCCCCN(C)C(=O)COCC(=O)N(C)CCCCCCCC,cfb81e271e80f6a290e0,Gd-Tb,Gd,Tb,1,1,-0.33333333333333215,1,-0.3954915111457946,-0.36745160381389896,-0.36745160381389896,-0.3133142581742099,-0.37494719790289843
758bdc93a186dddfa3c0,19874bcde724352c0ff3,CCCCCCCCN(C)C(=O)COCC(=O)N(C)CCCCCCCC,cfb81e271e80f6a290e0,Eu-Gd,Eu,Gd,1,1,0.0,1,-0.11312224558412162,-0.12926158957855144,-0.12926158957855144,-0.17257448174177692,-0.12798530462353544
b4f36267d3be37adb1c0,23dc81f73d117e27789c,CCCCCCCCN(C)C(=O)COCC(=O)N(C)CCCCCCCC,cfb81e271e80f6a290e0,Tm-Yb,Tm,Yb,1,1,0.0,1,-0.006886860097777151,-0.015134610603394652,-0.015134610603394652,0.006323098266589496,-0.003584370506685489
3e067974c348d314859c,aa56ea1aa84778dceb37,CCCCCCCCN(C)C(=O)COCC(=O)N(C)CCCCCCCC,cfb81e271e80f6a290e0,Er-Tm,Er,Tm,1,1,0.06111111111111045,1,-0.050357049404913,-0.053084279221268474,-0.053084279221268474,-0.07435533744028215,-0.05635662141375529
7fa422285e5c094b8a9e,aa56ea1aa84778dceb37,CCCCCCCCN(C)C(=O)COCC(=O)N(C)CCCCCCCC,cfb81e271e80f6a290e0,Tm-Yb,Tm,Yb,1,1,-0.04999999999999849,1,-0.009552223277520727,-0.015134610603394652,-0.015134610603394652,0.008347536723619455,-0.005077283277235682
71236afa9369af556425,5066f7723bdae43656ef,CCCCCCCCN(C)C(=O)COCC(=O)N(C)CCCCCCCC,cfb81e271e80f6a290e0,Er-Tm,Er,Tm,1,1,0.061111111111110894,1,-0.050357049404913,-0.053084279221268474,-0.053084279221268474,-0.07435533744028215,-0.05635662141375529
17ef40fd31dcb88c432d,bea28f7520673113ff16,CCCCCCCCN(C)C(=O)COCC(=O)N(C)CCCCCCCC,cfb81e271e80f6a290e0,Pr-Nd,Pr,Nd,1,1,-0.033047735618115914,1,-0.2392945239756396,-0.25454894787898397,-0.25454894787898397,-0.23230132931037573,-0.23754622530932362
807ea4ebb832b03b1aa6,07013a84d28f0e04b038,CCCCCCCCN(C)C(=O)COCC(=O)N(C)CCCCCCCC,cfb81e271e80f6a290e0,Pr-Nd,Pr,Nd,1,1,-0.30844553243573997,1,-0.2392945239756396,-0.25454894787898397,-0.25454894787898397,-0.23230132931037573,-0.23754622530932362
7de348c1b2b8e0770282,7ae514f1f348ab2bd7f0,CCCCCCCCN(C)C(=O)COCC(=O)N(C)CCCCCCCC,cfb81e271e80f6a290e0,Ho-Er,Ho,Er,1,1,-0.10810810810811011,1,-0.11606412695432278,-0.11259793985994232,-0.11259793985994232,-0.0870167642271051,-0.10880228627251835
dabb18347cc4a165fb13,7ae514f1f348ab2bd7f0,CCCCCCCCN(C)C(=O)COCC(=O)N(C)CCCCCCCC,cfb81e271e80f6a290e0,Er-Tm,Er,Tm,1,1,-0.20638820638819988,1,-0.050124065665469314,-0.05455645306254425,-0.05455645306254425,-0.07194973632742786,-0.055580483330958955
6cd557ccea3c96c84dde,684592a0736c452b3a3c,CCCCCCCCN(C)C(=O)COCC(=O)N(C)CCCCCCCC,cfb81e271e80f6a290e0,Ho-Er,Ho,Er,1,1,-0.07862407862407927,1,-0.11371818767989486,-0.11259793985994232,-0.11259793985994232,-0.07937588398864198,-0.10513261175708163
beeb5211683fe491934a,684592a0736c452b3a3c,CCCCCCCCN(C)C(=O)COCC(=O)N(C)CCCCCCCC,cfb81e271e80f6a290e0,Er-Tm,Er,Tm,1,1,-0.009828009828010131,1,-0.04927209570834581,-0.055730952462809485,-0.055730952462809485,-0.07072645812019737,-0.0546356863113087
9aa7d4d0c7c007d28f39,137c297303afb7ac762d,CCCCCCCCN(C)C(=O)COCC(=O)N(C)CCCCCCCC,cfb81e271e80f6a290e0,Er-Tm,Er,Tm,1,1,-0.1326781326781301,1,-0.050357049404913,-0.053084279221268474,-0.053084279221268474,-0.07435533744028215,-0.05635662141375529
7153b2af90d8c96322cb,137c297303afb7ac762d,CCCCCCCCN(C)C(=O)COCC(=O)N(C)CCCCCCCC,cfb81e271e80f6a290e0,Tm-Yb,Tm,Yb,1,1,0.0,1,-0.006886860097777151,-0.015134610603394652,-0.015134610603394652,0.006323098266589496,-0.003584370506685489
81a68d063b70a013ab7f,3bb9584596d90ffca551,CCCCCCCCN(C)C(=O)COCC(=O)N(C)CCCCCCCC,cfb81e271e80f6a290e0,Er-Tm,Er,Tm,1,1,-0.4717444717444703,1,-0.050357049404913,-0.05419624165176329,-0.05419624165176329,-0.07326180979413469,-0.05608323950221842
bd4429a2f08f1e45daa7,84efffc76f6e02a2e14f,CCCCN(CCCC)C(=O)COCC(=O)N(CCCC)CCCC,c7871bb73b8256ca7c0e,Gd-Tb,Gd,Tb,1,1,-0.45795616396990413,1,-0.2688008800820403,-0.28230045484506366,-0.28230045484506366,-0.2215049617767697,-0.25697690050572264
4f9bdd80104b2392a436,5fdd277665294cbf8030,CCCCCCCCN(CCCCCCCC)C(=O)COCC(=O)N(CCCCCCCC)CCCCCCCC,0982ebf465b726073008,Eu-Gd,Eu,Gd,1,1,-0.08553274682306988,0,-0.22105083215403692,-0.18840205025262113,-0.22105083215403692,-0.19498084734151033,-0.19498084734151033
0baef399f7e5f3ecdba6,926e7741899a723fb7d0,CCCCCCCCN(CCCCCCCC)C(=O)COCC(=O)N(CCCCCCCC)CCCCCCCC,0982ebf465b726073008,Sm-Eu,Sm,Eu,1,1,-0.2606712284131645,0,-0.19800696314958918,-0.21203380145753536,-0.19800696314958918,-0.160295514449098,-0.160295514449098
de2daecc09bd0e0ed68f,18658e4b8db936ec5e74,CCCCCCCCN(CCCCCCCC)C(=O)COCC(=O)N(CCCCCCCC)CCCCCCCC,0982ebf465b726073008,Sm-Eu,Sm,Eu,1,1,-0.06516780710329106,0,-0.20761923588878728,-0.21203380145753536,-0.20761923588878728,-0.160295514449098,-0.160295514449098
85819ab96cda62e23d22,c289cac05e9065a347af,CCCCCCCCN(CCCCCCCC)C(=O)COCC(=O)N(CCCCCCCC)CCCCCCCC,0982ebf465b726073008,Er-Tm,Er,Tm,1,1,-0.00915750915750968,0,-0.05153542259026366,-0.04268579098936929,-0.05153542259026366,-0.034950623862624895,-0.034950623862624895
44edd88830b5218e3ae3,c289cac05e9065a347af,CCCCCCCCN(CCCCCCCC)C(=O)COCC(=O)N(CCCCCCCC)CCCCCCCC,0982ebf465b726073008,Tm-Yb,Tm,Yb,1,1,-0.027472527472526043,0,-0.005034529556520296,-0.011546678392508364,-0.005034529556520296,-0.07795112533619056,-0.07795112533619056
e57f74342b82834f7d88,c289cac05e9065a347af,CCCCCCCCN(CCCCCCCC)C(=O)COCC(=O)N(CCCCCCCC)CCCCCCCC,0982ebf465b726073008,Yb-Lu,Yb,Lu,1,1,-0.032051282051280494,0,-0.05985667223132497,-0.09184071452454468,-0.05985667223132497,-0.04398439384353575,-0.04398439384353575
8cb8985c153c099c7896,dae068206753e2485c16,CCCCCCCCN(CCCCCCCC)C(=O)COCC(=O)N(CCCCCCCC)CCCCCCCC,0982ebf465b726073008,Er-Tm,Er,Tm,1,1,-0.0457875457875514,0,-0.05153542259026366,-0.04268579098936929,-0.05153542259026366,-0.05986803283594391,-0.05986803283594391
1b6e2334332730e245fa,6ef0ef07dbacb79736d4,CCCCCCCCN(CCCCCCCC)C(=O)COCC(=O)N(CCCCCCCC)CCCCCCCC,0982ebf465b726073008,Er-Tm,Er,Tm,1,1,-0.11446886446886273,0,-0.032412022589305776,-0.01456477762680966,-0.032412022589305776,-0.05151030924914142,-0.05151030924914142
205035a7933899f3a3d7,d62dbcbd2d7208a255fc,CCCCCCCCN(CCCCCCCC)C(=O)COCC(=O)N(CCCCCCCC)CCCCCCCC,0982ebf465b726073008,Gd-Tb,Gd,Tb,1,1,-0.036646144825563276,0,-0.3623488915037807,-0.34787342977648317,-0.3623488915037807,-0.3634827728977523,-0.3634827728977523
4674c7de3722c89d148c,4903928c268d95e93733,CCCCCCCCN(CCCCCCCC)C(=O)COCC(=O)N(CCCCCCCC)CCCCCCCC,0982ebf465b726073008,Gd-Tb,Gd,Tb,1,1,-0.2702653180885358,0,-0.3623488915037807,-0.34787342977648317,-0.3623488915037807,-0.3366259239879649,-0.3366259239879649
31e07a1a75aa1705ce7e,4ffda0449a9f96c8e0a3,CCCCCCCCN(CCCCCCCC)C(=O)COCC(=O)N(CCCCCCCC)CCCCCCCC,0982ebf465b726073008,Gd-Tb,Gd,Tb,1,1,-0.2977499267077109,0,-0.3623488915037807,-0.34787342977648317,-0.3623488915037807,-0.3366259239879649,-0.3366259239879649
ed20dd4f58f8a3ebac50,f715a84b15e7b0dacbcb,CCCCCCCCN(CCCCCCCC)C(=O)COCC(=O)N(CCCCCCCC)CCCCCCCC,0982ebf465b726073008,Gd-Tb,Gd,Tb,1,1,-0.3298153034300797,0,-0.3623488915037807,-0.34787342977648317,-0.3623488915037807,-0.3366259239879649,-0.3366259239879649
e6aac663845a6cc2e81e,149d29a55e8f3ff2d774,CCCCCCCCN(CCCCCCCC)C(=O)COCC(=O)N(CCCCCCCC)CCCCCCCC,0982ebf465b726073008,Gd-Tb,Gd,Tb,1,1,-0.3847845206684273,0,-0.355361292015107,-0.34787342977648317,-0.355361292015107,-0.3366259239879649,-0.3366259239879649
8be148c192a74b1c9418,4fcb876a3e30a9202c3d,CCCCCCCCN(CCCCCCCC)C(=O)COCC(=O)N(CCCCCCCC)CCCCCCCC,0982ebf465b726073008,Gd-Tb,Gd,Tb,1,1,-0.4901421870419216,0,-0.34995385621030706,-0.33645002321018425,-0.34995385621030706,-0.3366259239879649,-0.3366259239879649
bc5297edd019013ec87b,98cdee295c1106034334,CCCCCCCCN(CCCCCCCC)C(=O)COCC(=O)N(CCCCCCCC)CCCCCCCC,0982ebf465b726073008,Gd-Tb,Gd,Tb,1,1,-0.6321459982409867,0,-0.35414093475196395,-0.33645002321018425,-0.35414093475196395,-0.3366259239879649,-0.3366259239879649
026bd8b7ed72a20fdf19,65011c165ae77e7ebad3,CCCCCCCCN(CCCCCCCC)C(=O)COCC(=O)N(CCCCCCCC)CCCCCCCC,0982ebf465b726073008,Ho-Er,Ho,Er,1,1,-0.054969217238346024,0,-0.1402106805206487,-0.13286357177472213,-0.1402106805206487,-0.07877968028458676,-0.07877968028458676
126000e3c131e17a4e0a,65011c165ae77e7ebad3,CCCCCCCCN(CCCCCCCC)C(=O)COCC(=O)N(CCCCCCCC)CCCCCCCC,0982ebf465b726073008,Yb-Lu,Yb,Lu,1,1,-0.0274846086191749,0,-0.04369821847129456,-0.09184071452454468,-0.04369821847129456,-0.04009943653221773,-0.04009943653221773
04ff170aabea8f57ab34,2ba8e197989d5d8229c8,CCCCCCCCN(CCCCCCCC)C(=O)COCC(=O)N(CCCCCCCC)CCCCCCCC,0982ebf465b726073008,Tm-Yb,Tm,Yb,1,1,-0.02290384051597716,0,0.017280370052414493,0.007247157976957742,0.017280370052414493,-0.07871563678275734,-0.07871563678275734
6a3e5006cf42f1773efe,0aa36cb70e65c8193b89,CCCCCCCCN(CCCCCCCC)C(=O)COCC(=O)N(CCCCCCCC)CCCCCCCC,0982ebf465b726073008,Er-Tm,Er,Tm,1,1,-0.03206537672236798,0,-0.05153542259026366,-0.04268579098936929,-0.05153542259026366,-0.05986803283594391,-0.05986803283594391
27993536be2b2d058b15,25f6dd77b65b6f21b021,CCCCCCCCN(CCCCCCCC)C(=O)COCC(=O)N(CCCCCCCC)CCCCCCCC,0982ebf465b726073008,Yb-Lu,Yb,Lu,1,1,-0.02748460861917537,0,-0.05985667223132497,-0.09184071452454468,-0.05985667223132497,-0.05409640156638568,-0.05409640156638568
6fb8b437366d8958bdd4,7c3f740e9e23d700a875,CCCCCCCCN(CCCCCCCC)C(=O)COCC(=O)N(CCCCCCCC)CCCCCCCC,0982ebf465b726073008,Eu-Gd,Eu,Gd,1,1,-0.10989010989010906,0,-0.22105083215403692,-0.18840205025262113,-0.22105083215403692,-0.19498084734151033,-0.19498084734151033
74c63f5148811d789e2d,15bb68c736494b208230,CCCCCCCCN(CCCCCCCC)C(=O)COCC(=O)N(CCCCCCCC)CCCCCCCC,0982ebf465b726073008,Eu-Gd,Eu,Gd,1,1,-0.05036630036630019,0,-0.20928362388577976,-0.18840205025262113,-0.20928362388577976,-0.19498084734151033,-0.19498084734151033
a5f4ae9f22350de06694,2ca60ef5f646551e2017,CCCCCCCCN(CCCCCCCC)C(=O)COCC(=O)N(CCCCCCCC)CCCCCCCC,0982ebf465b726073008,Eu-Gd,Eu,Gd,1,1,0.041208791208787954,0,-0.19722422860300287,-0.1532084601552749,-0.19722422860300287,-0.19498084734151033,-0.19498084734151033
955b11e2271f0b60fc1b,7f83748aeb33a07f60be,CCCCCCCCN(CCCCCCCC)C(=O)COCC(=O)N(CCCCCCCC)CCCCCCCC,0982ebf465b726073008,Eu-Gd,Eu,Gd,1,1,0.0,0,-0.19722422860300287,-0.1532084601552749,-0.19722422860300287,-0.19498084734151033,-0.19498084734151033
2533b84f7dd9869f8637,7f83748aeb33a07f60be,CCCCCCCCN(CCCCCCCC)C(=O)COCC(=O)N(CCCCCCCC)CCCCCCCC,0982ebf465b726073008,Gd-Tb,Gd,Tb,1,1,-0.33288590604026824,0,-0.34995385621030706,-0.33645002321018425,-0.34995385621030706,-0.3366259239879649,-0.3366259239879649
69d5fe84793e19b27773,eabd6ed3fbc820eef61b,CCCCCCCCN(CCCCCCCC)C(=O)COCC(=O)N(CCCCCCCC)CCCCCCCC,0982ebf465b726073008,Eu-Gd,Eu,Gd,1,1,-0.09664429530201368,0,-0.20101099184138582,-0.15748609592684676,-0.20101099184138582,-0.20375012033333673,-0.20375012033333673
1c1187260de2b7794e79,eabd6ed3fbc820eef61b,CCCCCCCCN(CCCCCCCC)C(=O)COCC(=O)N(CCCCCCCC)CCCCCCCC,0982ebf465b726073008,Gd-Tb,Gd,Tb,1,1,-0.34093959731543455,0,-0.3537648008681201,-0.33787272273903,-0.3537648008681201,-0.3366259239879649,-0.3366259239879649
8b03bda0792186bf1942,6a1ecf568ae5429267f4,CCCCCCCCN(CCCCCCCC)C(=O)COCC(=O)N(CCCCCCCC)CCCCCCCC,0982ebf465b726073008,Eu-Gd,Eu,Gd,1,1,-0.05100671140939572,0,-0.20588274966614684,-0.15748609592684676,-0.20588274966614684,-0.20375012033333673,-0.20375012033333673
b81651b6a385afdeb73f,cad17b7ea8a18876f36d,CCCCCCCCN(CCCCCCCC)C(=O)COCC(=O)N(CCCCCCCC)CCCCCCCC,0982ebf465b726073008,Eu-Gd,Eu,Gd,1,1,-0.09395973154362369,0,-0.20588274966614684,-0.15748609592684676,-0.20588274966614684,-0.20375012033333673,-0.20375012033333673
d44f0332ba59aa6d5e3f,cad17b7ea8a18876f36d,CCCCCCCCN(CCCCCCCC)C(=O)COCC(=O)N(CCCCCCCC)CCCCCCCC,0982ebf465b726073008,Gd-Tb,Gd,Tb,1,1,-0.3624161073825488,0,-0.3537648008681201,-0.33787272273903,-0.3537648008681201,-0.3366259239879649,-0.3366259239879649
fa03be3f4eca788cb5c1,45f91a51a7a2b2443c17,CCCCCCCCN(CCCCCCCC)C(=O)COCC(=O)N(CCCCCCCC)CCCCCCCC,0982ebf465b726073008,Gd-Tb,Gd,Tb,1,1,-0.2701465201465185,0,-0.3623488915037807,-0.34787342977648317,-0.3623488915037807,-0.3634827728977523,-0.3634827728977523
0faf24c4013bc4310cc0,ea347590884502bc7382,CCCCCCCCN(CCCCCCCC)C(=O)COCC(=O)N(CCCCCCCC)CCCCCCCC,0982ebf465b726073008,Gd-Tb,Gd,Tb,1,1,-0.35714285714285454,0,-0.3623488915037807,-0.34787342977648317,-0.3623488915037807,-0.3366259239879649,-0.3366259239879649
ab6e26d78cbe8ddec0ae,0f41a1d378a8dfea21df,CCCCCCCCN(CCCCCCCC)C(=O)COCC(=O)N(CCCCCCCC)CCCCCCCC,0982ebf465b726073008,Gd-Tb,Gd,Tb,1,1,-0.6547619047619015,0,-0.35414093475196395,-0.33645002321018425,-0.35414093475196395,-0.3366259239879649,-0.3366259239879649
d097e1e1e30038600fe8,0e0f8a9d1aec224f57a8,CCCCCCCCN(CCCCCCCC)C(=O)COCC(=O)N(CCCCCCCC)CCCCCCCC,0982ebf465b726073008,Tm-Yb,Tm,Yb,1,1,-0.03663003663003994,0,-0.005034529556520296,-0.011546678392508364,-0.005034529556520296,-0.08344669928079712,-0.08344669928079712
3d911249b95e2126e69e,0e0f8a9d1aec224f57a8,CCCCCCCCN(CCCCCCCC)C(=O)COCC(=O)N(CCCCCCCC)CCCCCCCC,0982ebf465b726073008,Yb-Lu,Yb,Lu,1,1,-0.018315018315014586,0,-0.05985667223132497,-0.09184071452454468,-0.05985667223132497,-0.05409640156638568,-0.05409640156638568
