design,seed,fold,order,draw,k,cells_at_k,cell_share_at_k,overlap_top_k_by_cells,overlap_top_k_by_richcells
B,104729,0,AOPT,0,6,29.0,0.2815533980582524,0.16666666666666666,0.3333333333333333
B,104729,0,AOPT,0,9,42.0,0.4077669902912621,0.4444444444444444,0.4444444444444444
B,104729,0,AOPT,0,12,59.0,0.5728155339805825,0.6666666666666666,0.75
B,104729,0,AOPT,0,16,77.0,0.7475728155339806,0.8125,0.875
B,104729,0,AOPT,0,20,82.0,0.7961165048543689,0.75,0.75
B,104729,0,AOPT,0,24,87.0,0.8446601941747572,0.7083333333333334,0.75
B,104729,0,MAXMIN,0,6,7.0,0.06796116504854369,0.0,0.0
B,104729,0,MAXMIN,0,9,11.0,0.10679611650485436,0.0,0.0
B,104729,0,MAXMIN,0,12,15.0,0.14563106796116504,0.08333333333333333,0.16666666666666666
B,104729,0,MAXMIN,0,16,34.0,0.3300970873786408,0.375,0.4375
B,104729,0,MAXMIN,0,20,40.0,0.3883495145631068,0.5,0.5
B,104729,0,MAXMIN,0,24,63.0,0.6116504854368932,0.625,0.6666666666666666
B,104729,0,RANDOM,0,6,11.0,0.10679611650485436,0.16666666666666666,0.0
B,104729,0,RANDOM,0,9,14.0,0.13592233009708737,0.1111111111111111,0.0
B,104729,0,RANDOM,0,12,27.0,0.2621359223300971,0.25,0.3333333333333333
B,104729,0,RANDOM,0,16,33.0,0.32038834951456313,0.375,0.375
B,104729,0,RANDOM,0,20,45.0,0.4368932038834951,0.55,0.55
B,104729,0,RANDOM,0,24,51.0,0.49514563106796117,0.6666666666666666,0.625
B,104729,0,UNCERT,0,6,28.0,0.27184466019417475,0.16666666666666666,0.3333333333333333
B,104729,0,UNCERT,0,9,31.0,0.30097087378640774,0.3333333333333333,0.3333333333333333
B,104729,0,UNCERT,0,12,35.0,0.33980582524271846,0.25,0.25
B,104729,0,UNCERT,0,16,53.0,0.5145631067961165,0.5,0.5
B,104729,0,UNCERT,0,20,59.0,0.5728155339805825,0.65,0.6
B,104729,0,UNCERT,0,24,65.0,0.6310679611650486,0.75,0.7083333333333334
B,104729,1,AOPT,0,6,402.0,0.8056112224448898,0.3333333333333333,0.3333333333333333
B,104729,1,AOPT,0,9,408.0,0.8176352705410822,0.2222222222222222,0.4444444444444444
B,104729,1,AOPT,0,12,415.0,0.8316633266533067,0.4166666666666667,0.5833333333333334
B,104729,1,AOPT,0,16,461.0,0.9238476953907816,0.75,0.75
B,104729,1,AOPT,0,20,474.0,0.9498997995991983,0.7,0.75
B,104729,1,AOPT,0,24,483.0,0.9679358717434869,0.75,0.75
B,104729,1,MAXMIN,0,6,13.0,0.026052104208416832,0.0,0.0
B,104729,1,MAXMIN,0,9,16.0,0.03206412825651302,0.1111111111111111,0.1111111111111111
B,104729,1,MAXMIN,0,12,19.0,0.03807615230460922,0.08333333333333333,0.16666666666666666
B,104729,1,MAXMIN,0,16,26.0,0.052104208416833664,0.25,0.3125
B,104729,1,MAXMIN,0,20,53.0,0.1062124248496994,0.45,0.45
B,104729,1,MAXMIN,0,24,86.0,0.17234468937875752,0.625,0.625
B,104729,1,RANDOM,0,6,33.0,0.06613226452905811,0.16666666666666666,0.16666666666666666
B,104729,1,RANDOM,0,9,45.0,0.09018036072144289,0.3333333333333333,0.4444444444444444
B,104729,1,RANDOM,0,12,51.0,0.10220440881763528,0.4166666666666667,0.5
B,104729,1,RANDOM,0,16,59.0,0.11823647294589178,0.5625,0.5625
B,104729,1,RANDOM,0,20,73.0,0.1462925851703407,0.6,0.6
B,104729,1,RANDOM,0,24,80.0,0.16032064128256512,0.625,0.625
B,104729,1,UNCERT,0,6,25.0,0.050100200400801605,0.16666666666666666,0.16666666666666666
B,104729,1,UNCERT,0,9,28.0,0.056112224448897796,0.1111111111111111,0.1111111111111111
B,104729,1,UNCERT,0,12,35.0,0.07014028056112225,0.25,0.16666666666666666
B,104729,1,UNCERT,0,16,418.0,0.8376753507014028,0.4375,0.4375
B,104729,1,UNCERT,0,20,447.0,0.8957915831663327,0.6,0.55
B,104729,1,UNCERT,0,24,472.0,0.9458917835671342,0.7083333333333334,0.7083333333333334
B,104729,2,AOPT,0,6,401.0,0.8117408906882592,0.3333333333333333,0.3333333333333333
B,104729,2,AOPT,0,9,407.0,0.8238866396761133,0.3333333333333333,0.4444444444444444
B,104729,2,AOPT,0,12,412.0,0.8340080971659919,0.4166666666666667,0.5
B,104729,2,AOPT,0,16,458.0,0.9271255060728745,0.6875,0.75
B,104729,2,AOPT,0,20,471.0,0.9534412955465587,0.7,0.75
B,104729,2,AOPT,0,24,478.0,0.9676113360323887,0.8333333333333334,0.8333333333333334
B,104729,2,MAXMIN,0,6,11.0,0.022267206477732792,0.0,0.0
B,104729,2,MAXMIN,0,9,15.0,0.030364372469635626,0.1111111111111111,0.0
B,104729,2,MAXMIN,0,12,19.0,0.038461538461538464,0.08333333333333333,0.08333333333333333
B,104729,2,MAXMIN,0,16,28.0,0.05668016194331984,0.375,0.375
B,104729,2,MAXMIN,0,20,58.0,0.11740890688259109,0.5,0.5
B,104729,2,MAXMIN,0,24,78.0,0.15789473684210525,0.625,0.625
B,104729,2,RANDOM,0,6,20.0,0.04048582995951417,0.16666666666666666,0.16666666666666666
B,104729,2,RANDOM,0,9,27.0,0.05465587044534413,0.2222222222222222,0.3333333333333333
B,104729,2,RANDOM,0,12,41.0,0.08299595141700405,0.3333333333333333,0.4166666666666667
B,104729,2,RANDOM,0,16,88.0,0.17813765182186234,0.6875,0.6875
B,104729,2,RANDOM,0,20,94.0,0.1902834008097166,0.65,0.65
B,104729,2,RANDOM,0,24,98.0,0.19838056680161945,0.7083333333333334,0.7083333333333334
B,104729,2,UNCERT,0,6,399.0,0.8076923076923077,0.3333333333333333,0.3333333333333333
B,104729,2,UNCERT,0,9,406.0,0.8218623481781376,0.3333333333333333,0.3333333333333333
B,104729,2,UNCERT,0,12,428.0,0.8663967611336032,0.5,0.4166666666666667
B,104729,2,UNCERT,0,16,433.0,0.8765182186234818,0.5,0.4375
B,104729,2,UNCERT,0,20,467.0,0.9453441295546559,0.7,0.65
B,104729,2,UNCERT,0,24,480.0,0.97165991902834,0.75,0.75
B,104729,3,AOPT,0,6,402.0,0.7928994082840237,0.3333333333333333,0.3333333333333333
B,104729,3,AOPT,0,9,407.0,0.8027613412228797,0.2222222222222222,0.2222222222222222
B,104729,3,AOPT,0,12,413.0,0.814595660749507,0.4166666666666667,0.3333333333333333
B,104729,3,AOPT,0,16,426.0,0.8402366863905325,0.5625,0.5625
B,104729,3,AOPT,0,20,434.0,0.8560157790927022,0.6,0.6
B,104729,3,AOPT,0,24,439.0,0.8658777120315582,0.6666666666666666,0.7083333333333334
B,104729,3,MAXMIN,0,6,7.0,0.013806706114398421,0.0,0.0
B,104729,3,MAXMIN,0,9,20.0,0.03944773175542406,0.1111111111111111,0.1111111111111111
B,104729,3,MAXMIN,0,12,24.0,0.047337278106508875,0.08333333333333333,0.08333333333333333
B,104729,3,MAXMIN,0,16,33.0,0.0650887573964497,0.25,0.25
B,104729,3,MAXMIN,0,20,40.0,0.07889546351084813,0.45,0.45
B,104729,3,MAXMIN,0,24,72.0,0.14201183431952663,0.625,0.625
B,104729,3,RANDOM,0,6,18.0,0.03550295857988166,0.16666666666666666,0.16666666666666666
B,104729,3,RANDOM,0,9,37.0,0.07297830374753451,0.2222222222222222,0.2222222222222222
B,104729,3,RANDOM,0,12,414.0,0.8165680473372781,0.25,0.25
B,104729,3,RANDOM,0,16,424.0,0.8362919132149902,0.3125,0.3125
B,104729,3,RANDOM,0,20,430.0,0.8481262327416174,0.5,0.5
B,104729,3,RANDOM,0,24,452.0,0.8915187376725838,0.6666666666666666,0.6666666666666666
B,104729,3,UNCERT,0,6,400.0,0.7889546351084813,0.3333333333333333,0.3333333333333333
B,104729,3,UNCERT,0,9,419.0,0.8264299802761341,0.3333333333333333,0.3333333333333333
B,104729,3,UNCERT,0,12,434.0,0.8560157790927022,0.4166666666666667,0.4166666666666667
B,104729,3,UNCERT,0,16,459.0,0.9053254437869822,0.5625,0.5625
B,104729,3,UNCERT,0,20,480.0,0.9467455621301775,0.75,0.75
B,104729,3,UNCERT,0,24,485.0,0.9566074950690335,0.75,0.75
B,104729,4,AOPT,0,6,387.0,0.8045738045738046,0.16666666666666666,0.16666666666666666
B,104729,4,AOPT,0,9,390.0,0.8108108108108109,0.2222222222222222,0.2222222222222222
B,104729,4,AOPT,0,12,394.0,0.8191268191268192,0.25,0.3333333333333333
B,104729,4,AOPT,0,16,404.0,0.83991683991684,0.4375,0.5
B,104729,4,AOPT,0,20,440.0,0.9147609147609148,0.6,0.65
B,104729,4,AOPT,0,24,463.0,0.9625779625779626,0.75,0.7916666666666666
B,104729,4,MAXMIN,0,6,7.0,0.014553014553014554,0.0,0.0
B,104729,4,MAXMIN,0,9,11.0,0.02286902286902287,0.0,0.0
B,104729,4,MAXMIN,0,12,15.0,0.031185031185031187,0.0,0.08333333333333333
B,104729,4,MAXMIN,0,16,25.0,0.05197505197505198,0.375,0.4375
B,104729,4,MAXMIN,0,20,32.0,0.06652806652806653,0.45,0.45
B,104729,4,MAXMIN,0,24,61.0,0.12681912681912683,0.625,0.6666666666666666
B,104729,4,RANDOM,0,6,34.0,0.07068607068607069,0.3333333333333333,0.3333333333333333
B,104729,4,RANDOM,0,9,38.0,0.079002079002079,0.4444444444444444,0.3333333333333333
B,104729,4,RANDOM,0,12,51.0,0.10602910602910603,0.5,0.5833333333333334
B,104729,4,RANDOM,0,16,434.0,0.9022869022869023,0.625,0.625
B,104729,4,RANDOM,0,20,439.0,0.9126819126819127,0.65,0.65
B,104729,4,RANDOM,0,24,452.0,0.9397089397089398,0.7916666666666666,0.7916666666666666
B,104729,4,UNCERT,0,6,383.0,0.7962577962577962,0.16666666666666666,0.16666666666666666
B,104729,4,UNCERT,0,9,391.0,0.8128898128898129,0.2222222222222222,0.1111111111111111
B,104729,4,UNCERT,0,12,399.0,0.8295218295218295,0.3333333333333333,0.25
B,104729,4,UNCERT,0,16,424.0,0.8814968814968815,0.5625,0.5
B,104729,4,UNCERT,0,20,449.0,0.9334719334719335,0.7,0.65
B,104729,4,UNCERT,0,24,466.0,0.9688149688149689,0.7916666666666666,0.75
B,130363,0,AOPT,0,6,402.0,0.8056112224448898,0.3333333333333333,0.3333333333333333
B,130363,0,AOPT,0,9,409.0,0.8196392785571143,0.3333333333333333,0.4444444444444444
B,130363,0,AOPT,0,12,414.0,0.8296593186372746,0.5,0.5833333333333334
B,130363,0,AOPT,0,16,455.0,0.9118236472945892,0.6875,0.6875
B,130363,0,AOPT,0,20,478.0,0.9579158316633266,0.75,0.8
B,130363,0,AOPT,0,24,483.0,0.9679358717434869,0.75,0.7916666666666666
B,130363,0,MAXMIN,0,6,23.0,0.04609218436873747,0.16666666666666666,0.16666666666666666
B,130363,0,MAXMIN,0,9,27.0,0.05410821643286573,0.1111111111111111,0.1111111111111111
B,130363,0,MAXMIN,0,12,32.0,0.06412825651302605,0.16666666666666666,0.25
B,130363,0,MAXMIN,0,16,46.0,0.09218436873747494,0.3125,0.375
B,130363,0,MAXMIN,0,20,69.0,0.13827655310621242,0.45,0.5
B,130363,0,MAXMIN,0,24,79.0,0.15831663326653306,0.625,0.625
B,130363,0,RANDOM,0,6,36.0,0.07214428857715431,0.3333333333333333,0.3333333333333333
B,130363,0,RANDOM,0,9,39.0,0.0781563126252505,0.3333333333333333,0.3333333333333333
B,130363,0,RANDOM,0,12,71.0,0.14228456913827656,0.5,0.5
B,130363,0,RANDOM,0,16,86.0,0.17234468937875752,0.5625,0.5625
B,130363,0,RANDOM,0,20,93.0,0.18637274549098196,0.65,0.65
B,130363,0,RANDOM,0,24,101.0,0.20240480961923848,0.6666666666666666,0.625
B,130363,0,UNCERT,0,6,25.0,0.050100200400801605,0.16666666666666666,0.16666666666666666
B,130363,0,UNCERT,0,9,28.0,0.056112224448897796,0.1111111111111111,0.1111111111111111
B,130363,0,UNCERT,0,12,31.0,0.06212424849699399,0.16666666666666666,0.16666666666666666
B,130363,0,UNCERT,0,16,414.0,0.8296593186372746,0.375,0.375
B,130363,0,UNCERT,0,20,446.0,0.8937875751503006,0.6,0.6
B,130363,0,UNCERT,0,24,454.0,0.9098196392785571,0.75,0.75
B,130363,1,AOPT,0,6,388.0,0.841648590021692,0.3333333333333333,0.3333333333333333
B,130363,1,AOPT,0,9,391.0,0.8481561822125814,0.3333333333333333,0.2222222222222222
B,130363,1,AOPT,0,12,399.0,0.8655097613882863,0.5833333333333334,0.5833333333333334
B,130363,1,AOPT,0,16,433.0,0.9392624728850325,0.625,0.625
B,130363,1,AOPT,0,20,442.0,0.9587852494577006,0.65,0.65
B,130363,1,AOPT,0,24,448.0,0.9718004338394793,0.75,0.75
B,130363,1,MAXMIN,0,6,8.0,0.01735357917570499,0.0,0.0
B,130363,1,MAXMIN,0,9,13.0,0.028199566160520606,0.1111111111111111,0.1111111111111111
B,130363,1,MAXMIN,0,12,17.0,0.0368763557483731,0.25,0.25
B,130363,1,MAXMIN,0,16,22.0,0.04772234273318872,0.375,0.375
B,130363,1,MAXMIN,0,20,29.0,0.06290672451193059,0.5,0.55
B,130363,1,MAXMIN,0,24,38.0,0.0824295010845987,0.6666666666666666,0.625
B,130363,1,RANDOM,0,6,20.0,0.04338394793926247,0.16666666666666666,0.16666666666666666
B,130363,1,RANDOM,0,9,27.0,0.05856832971800434,0.4444444444444444,0.3333333333333333
B,130363,1,RANDOM,0,12,43.0,0.09327548806941431,0.5,0.5
B,130363,1,RANDOM,0,16,47.0,0.1019522776572668,0.5,0.5
B,130363,1,RANDOM,0,20,60.0,0.1301518438177874,0.55,0.5
B,130363,1,RANDOM,0,24,68.0,0.1475054229934924,0.6666666666666666,0.625
B,130363,1,UNCERT,0,6,383.0,0.8308026030368764,0.16666666666666666,0.16666666666666666
B,130363,1,UNCERT,0,9,387.0,0.8394793926247288,0.2222222222222222,0.2222222222222222
B,130363,1,UNCERT,0,12,391.0,0.8481561822125814,0.4166666666666667,0.4166666666666667
B,130363,1,UNCERT,0,16,416.0,0.9023861171366594,0.5,0.5
B,130363,1,UNCERT,0,20,432.0,0.9370932754880694,0.55,0.55
B,130363,1,UNCERT,0,24,443.0,0.9609544468546638,0.7083333333333334,0.7083333333333334
B,130363,2,AOPT,0,6,403.0,0.8207739307535642,0.3333333333333333,0.3333333333333333
B,130363,2,AOPT,0,9,408.0,0.8309572301425662,0.2222222222222222,0.4444444444444444
B,130363,2,AOPT,0,12,416.0,0.8472505091649695,0.5,0.5833333333333334
B,130363,2,AOPT,0,16,429.0,0.8737270875763747,0.625,0.625
B,130363,2,AOPT,0,20,450.0,0.9164969450101833,0.65,0.7
B,130363,2,AOPT,0,24,474.0,0.9653767820773931,0.7916666666666666,0.7916666666666666
B,130363,2,MAXMIN,0,6,9.0,0.018329938900203666,0.0,0.0
B,130363,2,MAXMIN,0,9,13.0,0.026476578411405296,0.1111111111111111,0.1111111111111111
B,130363,2,MAXMIN,0,12,17.0,0.034623217922606926,0.08333333333333333,0.08333333333333333
B,130363,2,MAXMIN,0,16,26.0,0.05295315682281059,0.3125,0.375
B,130363,2,MAXMIN,0,20,55.0,0.1120162932790224,0.5,0.55
B,130363,2,MAXMIN,0,24,83.0,0.1690427698574338,0.7083333333333334,0.6666666666666666
B,130363,2,RANDOM,0,6,12.0,0.024439918533604887,0.0,0.0
B,130363,2,RANDOM,0,9,19.0,0.038696537678207736,0.1111111111111111,0.1111111111111111
B,130363,2,RANDOM,0,12,27.0,0.054989816700611,0.3333333333333333,0.25
B,130363,2,RANDOM,0,16,82.0,0.1670061099796334,0.625,0.5625
B,130363,2,RANDOM,0,20,88.0,0.17922606924643583,0.55,0.5
B,130363,2,RANDOM,0,24,95.0,0.1934826883910387,0.6666666666666666,0.5833333333333334
B,130363,2,UNCERT,0,6,28.0,0.05702647657841141,0.16666666666666666,0.16666666666666666
B,130363,2,UNCERT,0,9,47.0,0.09572301425661914,0.2222222222222222,0.3333333333333333
B,130363,2,UNCERT,0,12,61.0,0.12423625254582485,0.4166666666666667,0.5
B,130363,2,UNCERT,0,16,443.0,0.9022403258655805,0.5,0.4375
B,130363,2,UNCERT,0,20,448.0,0.9124236252545825,0.6,0.6
B,130363,2,UNCERT,0,24,470.0,0.9572301425661914,0.7083333333333334,0.7083333333333334
B,130363,3,AOPT,0,6,28.0,0.2204724409448819,0.16666666666666666,0.16666666666666666
B,130363,3,AOPT,0,9,33.0,0.25984251968503935,0.1111111111111111,0.2222222222222222
B,130363,3,AOPT,0,12,57.0,0.44881889763779526,0.4166666666666667,0.5
B,130363,3,AOPT,0,16,79.0,0.6220472440944882,0.6875,0.6875
B,130363,3,AOPT,0,20,96.0,0.7559055118110236,0.75,0.75
B,130363,3,AOPT,0,24,110.0,0.8661417322834646,0.75,0.8333333333333334
B,130363,3,MAXMIN,0,6,9.0,0.07086614173228346,0.0,0.0
B,130363,3,MAXMIN,0,9,13.0,0.10236220472440945,0.0,0.1111111111111111
B,130363,3,MAXMIN,0,12,17.0,0.13385826771653545,0.0,0.08333333333333333
B,130363,3,MAXMIN,0,16,21.0,0.16535433070866143,0.1875,0.25
B,130363,3,MAXMIN,0,20,39.0,0.30708661417322836,0.45,0.5
B,130363,3,MAXMIN,0,24,79.0,0.6220472440944882,0.6666666666666666,0.6666666666666666
B,130363,3,RANDOM,0,6,11.0,0.08661417322834646,0.0,0.0
B,130363,3,RANDOM,0,9,15.0,0.11811023622047244,0.0,0.0
B,130363,3,RANDOM,0,12,45.0,0.3543307086614173,0.3333333333333333,0.3333333333333333
B,130363,3,RANDOM,0,16,52.0,0.4094488188976378,0.4375,0.5
B,130363,3,RANDOM,0,20,61.0,0.48031496062992124,0.55,0.55
B,130363,3,RANDOM,0,24,90.0,0.7086614173228346,0.6666666666666666,0.6666666666666666
B,130363,3,UNCERT,0,6,29.0,0.2283464566929134,0.16666666666666666,0.16666666666666666
B,130363,3,UNCERT,0,9,33.0,0.25984251968503935,0.1111111111111111,0.2222222222222222
B,130363,3,UNCERT,0,12,40.0,0.31496062992125984,0.3333333333333333,0.25
B,130363,3,UNCERT,0,16,71.0,0.5590551181102362,0.5,0.5
B,130363,3,UNCERT,0,20,80.0,0.6299212598425197,0.65,0.6
B,130363,3,UNCERT,0,24,88.0,0.6929133858267716,0.7916666666666666,0.7083333333333334
B,130363,4,AOPT,0,6,403.0,0.7964426877470355,0.3333333333333333,0.3333333333333333
B,130363,4,AOPT,0,9,407.0,0.8043478260869565,0.2222222222222222,0.3333333333333333
B,130363,4,AOPT,0,12,412.0,0.8142292490118577,0.3333333333333333,0.4166666666666667
B,130363,4,AOPT,0,16,421.0,0.8320158102766798,0.5,0.5
B,130363,4,AOPT,0,20,441.0,0.8715415019762845,0.65,0.65
B,130363,4,AOPT,0,24,489.0,0.9664031620553359,0.7916666666666666,0.7916666666666666
B,130363,4,MAXMIN,0,6,18.0,0.03557312252964427,0.16666666666666666,0.16666666666666666
B,130363,4,MAXMIN,0,9,32.0,0.06324110671936758,0.2222222222222222,0.2222222222222222
B,130363,4,MAXMIN,0,12,36.0,0.07114624505928854,0.16666666666666666,0.25
B,130363,4,MAXMIN,0,16,40.0,0.07905138339920949,0.3125,0.3125
B,130363,4,MAXMIN,0,20,52.0,0.10276679841897234,0.5,0.45
B,130363,4,MAXMIN,0,24,88.0,0.17391304347826086,0.6666666666666666,0.625
B,130363,4,RANDOM,0,6,18.0,0.03557312252964427,0.0,0.0
B,130363,4,RANDOM,0,9,38.0,0.07509881422924901,0.1111111111111111,0.2222222222222222
B,130363,4,RANDOM,0,12,55.0,0.10869565217391304,0.5,0.4166666666666667
B,130363,4,RANDOM,0,16,59.0,0.116600790513834,0.5,0.5
B,130363,4,RANDOM,0,20,63.0,0.12450592885375494,0.55,0.55
B,130363,4,RANDOM,0,24,442.0,0.8735177865612648,0.6666666666666666,0.6666666666666666
B,130363,4,UNCERT,0,6,400.0,0.7905138339920948,0.3333333333333333,0.3333333333333333
B,130363,4,UNCERT,0,9,407.0,0.8043478260869565,0.2222222222222222,0.2222222222222222
B,130363,4,UNCERT,0,12,437.0,0.8636363636363636,0.5,0.5
B,130363,4,UNCERT,0,16,453.0,0.8952569169960475,0.625,0.5625
B,130363,4,UNCERT,0,20,481.0,0.950592885375494,0.75,0.75
B,130363,4,UNCERT,0,24,486.0,0.9604743083003953,0.75,0.75
B,155921,0,AOPT,0,6,402.0,0.8137651821862348,0.3333333333333333,0.3333333333333333
B,155921,0,AOPT,0,9,406.0,0.8218623481781376,0.3333333333333333,0.3333333333333333
B,155921,0,AOPT,0,12,413.0,0.8360323886639676,0.5,0.5
B,155921,0,AOPT,0,16,422.0,0.854251012145749,0.5625,0.625
B,155921,0,AOPT,0,20,427.0,0.8643724696356275,0.55,0.6
B,155921,0,AOPT,0,24,442.0,0.8947368421052632,0.6666666666666666,0.6666666666666666
B,155921,0,MAXMIN,0,6,8.0,0.016194331983805668,0.0,0.0
B,155921,0,MAXMIN,0,9,17.0,0.03441295546558704,0.1111111111111111,0.2222222222222222
B,155921,0,MAXMIN,0,12,20.0,0.04048582995951417,0.16666666666666666,0.16666666666666666
B,155921,0,MAXMIN,0,16,33.0,0.06680161943319839,0.3125,0.3125
B,155921,0,MAXMIN,0,20,53.0,0.10728744939271255,0.45,0.45
B,155921,0,MAXMIN,0,24,83.0,0.1680161943319838,0.6666666666666666,0.625
B,155921,0,RANDOM,0,6,21.0,0.04251012145748988,0.16666666666666666,0.16666666666666666
B,155921,0,RANDOM,0,9,399.0,0.8076923076923077,0.3333333333333333,0.2222222222222222
B,155921,0,RANDOM,0,12,416.0,0.8421052631578947,0.4166666666666667,0.3333333333333333
B,155921,0,RANDOM,0,16,420.0,0.8502024291497976,0.5,0.4375
B,155921,0,RANDOM,0,20,441.0,0.8927125506072875,0.7,0.65
B,155921,0,RANDOM,0,24,446.0,0.902834008097166,0.75,0.7083333333333334
B,155921,0,UNCERT,0,6,25.0,0.05060728744939271,0.16666666666666666,0.16666666666666666
B,155921,0,UNCERT,0,9,28.0,0.05668016194331984,0.1111111111111111,0.1111111111111111
B,155921,0,UNCERT,0,12,36.0,0.0728744939271255,0.25,0.16666666666666666
B,155921,0,UNCERT,0,16,432.0,0.8744939271255061,0.5,0.5
B,155921,0,UNCERT,0,20,446.0,0.902834008097166,0.65,0.65
B,155921,0,UNCERT,0,24,471.0,0.9534412955465587,0.75,0.75
B,155921,1,AOPT,0,6,403.0,0.7948717948717948,0.3333333333333333,0.3333333333333333
B,155921,1,AOPT,0,9,407.0,0.8027613412228797,0.2222222222222222,0.3333333333333333
B,155921,1,AOPT,0,12,415.0,0.8185404339250493,0.4166666666666667,0.4166666666666667
B,155921,1,AOPT,0,16,426.0,0.8402366863905325,0.5625,0.625
B,155921,1,AOPT,0,20,467.0,0.9211045364891519,0.75,0.8
B,155921,1,AOPT,0,24,490.0,0.9664694280078896,0.8333333333333334,0.875
B,155921,1,MAXMIN,0,6,39.0,0.07692307692307693,0.3333333333333333,0.3333333333333333
B,155921,1,MAXMIN,0,9,53.0,0.10453648915187377,0.3333333333333333,0.3333333333333333
B,155921,1,MAXMIN,0,12,56.0,0.11045364891518737,0.25,0.25
B,155921,1,MAXMIN,0,16,65.0,0.1282051282051282,0.375,0.4375
B,155921,1,MAXMIN,0,20,74.0,0.14595660749506903,0.55,0.5
B,155921,1,MAXMIN,0,24,81.0,0.15976331360946747,0.625,0.625
B,155921,1,RANDOM,0,6,12.0,0.023668639053254437,0.0,0.0
B,155921,1,RANDOM,0,9,16.0,0.03155818540433925,0.0,0.1111111111111111
B,155921,1,RANDOM,0,12,22.0,0.04339250493096647,0.16666666666666666,0.3333333333333333
B,155921,1,RANDOM,0,16,40.0,0.07889546351084813,0.375,0.375
B,155921,1,RANDOM,0,20,55.0,0.10848126232741617,0.5,0.55
B,155921,1,RANDOM,0,24,73.0,0.14398422090729784,0.625,0.6666666666666666
B,155921,1,UNCERT,0,6,400.0,0.7889546351084813,0.3333333333333333,0.3333333333333333
B,155921,1,UNCERT,0,9,407.0,0.8027613412228797,0.3333333333333333,0.2222222222222222
B,155921,1,UNCERT,0,12,428.0,0.8441814595660749,0.4166666666666667,0.3333333333333333
B,155921,1,UNCERT,0,16,442.0,0.8717948717948718,0.5,0.5
B,155921,1,UNCERT,0,20,476.0,0.9388560157790927,0.6,0.6
B,155921,1,UNCERT,0,24,485.0,0.9566074950690335,0.75,0.75
B,155921,2,AOPT,0,6,403.0,0.8395833333333333,0.3333333333333333,0.3333333333333333
B,155921,2,AOPT,0,9,406.0,0.8458333333333333,0.3333333333333333,0.4444444444444444
B,155921,2,AOPT,0,12,415.0,0.8645833333333334,0.5,0.5833333333333334
B,155921,2,AOPT,0,16,440.0,0.9166666666666666,0.625,0.625
B,155921,2,AOPT,0,20,458.0,0.9541666666666667,0.7,0.75
B,155921,2,AOPT,0,24,464.0,0.9666666666666667,0.75,0.7916666666666666
B,155921,2,MAXMIN,0,6,10.0,0.020833333333333332,0.0,0.0
B,155921,2,MAXMIN,0,9,15.0,0.03125,0.0,0.1111111111111111
B,155921,2,MAXMIN,0,12,18.0,0.0375,0.16666666666666666,0.25
B,155921,2,MAXMIN,0,16,33.0,0.06875,0.375,0.4375
B,155921,2,MAXMIN,0,20,56.0,0.11666666666666667,0.5,0.55
B,155921,2,MAXMIN,0,24,61.0,0.12708333333333333,0.5833333333333334,0.625
B,155921,2,RANDOM,0,6,405.0,0.84375,0.5,0.5
B,155921,2,RANDOM,0,9,418.0,0.8708333333333333,0.4444444444444444,0.4444444444444444
B,155921,2,RANDOM,0,12,421.0,0.8770833333333333,0.3333333333333333,0.3333333333333333
B,155921,2,RANDOM,0,16,434.0,0.9041666666666667,0.375,0.3125
B,155921,2,RANDOM,0,20,443.0,0.9229166666666667,0.45,0.4
B,155921,2,RANDOM,0,24,448.0,0.9333333333333333,0.625,0.625
B,155921,2,UNCERT,0,6,401.0,0.8354166666666667,0.3333333333333333,0.3333333333333333
B,155921,2,UNCERT,0,9,404.0,0.8416666666666667,0.3333333333333333,0.3333333333333333
B,155921,2,UNCERT,0,12,407.0,0.8479166666666667,0.25,0.3333333333333333
B,155921,2,UNCERT,0,16,412.0,0.8583333333333333,0.4375,0.5
B,155921,2,UNCERT,0,20,437.0,0.9104166666666667,0.55,0.55
B,155921,2,UNCERT,0,24,450.0,0.9375,0.625,0.6666666666666666
B,155921,3,AOPT,0,6,17.0,0.16037735849056603,0.16666666666666666,0.16666666666666666
B,155921,3,AOPT,0,9,21.0,0.19811320754716982,0.3333333333333333,0.2222222222222222
B,155921,3,AOPT,0,12,35.0,0.330188679245283,0.5,0.5
B,155921,3,AOPT,0,16,58.0,0.5471698113207547,0.625,0.625
B,155921,3,AOPT,0,20,84.0,0.7924528301886793,0.75,0.8
B,155921,3,AOPT,0,24,94.0,0.8867924528301887,0.8333333333333334,0.8333333333333334
B,155921,3,MAXMIN,0,6,8.0,0.07547169811320754,0.0,0.0
B,155921,3,MAXMIN,0,9,11.0,0.10377358490566038,0.0,0.0
B,155921,3,MAXMIN,0,12,14.0,0.1320754716981132,0.08333333333333333,0.08333333333333333
B,155921,3,MAXMIN,0,16,20.0,0.18867924528301888,0.25,0.25
B,155921,3,MAXMIN,0,20,40.0,0.37735849056603776,0.5,0.5
B,155921,3,MAXMIN,0,24,50.0,0.4716981132075472,0.6666666666666666,0.625
B,155921,3,RANDOM,0,6,19.0,0.1792452830188679,0.16666666666666666,0.16666666666666666
B,155921,3,RANDOM,0,9,23.0,0.2169811320754717,0.1111111111111111,0.1111111111111111
B,155921,3,RANDOM,0,12,30.0,0.2830188679245283,0.3333333333333333,0.3333333333333333
B,155921,3,RANDOM,0,16,45.0,0.42452830188679247,0.625,0.625
B,155921,3,RANDOM,0,20,65.0,0.6132075471698113,0.65,0.65
B,155921,3,RANDOM,0,24,81.0,0.7641509433962265,0.7083333333333334,0.6666666666666666
B,155921,3,UNCERT,0,6,30.0,0.2830188679245283,0.3333333333333333,0.3333333333333333
B,155921,3,UNCERT,0,9,37.0,0.3490566037735849,0.3333333333333333,0.5555555555555556
B,155921,3,UNCERT,0,12,44.0,0.41509433962264153,0.5,0.5
B,155921,3,UNCERT,0,16,59.0,0.5566037735849056,0.5625,0.5625
B,155921,3,UNCERT,0,20,66.0,0.6226415094339622,0.65,0.65
B,155921,3,UNCERT,0,24,73.0,0.6886792452830188,0.7083333333333334,0.7083333333333334
B,155921,4,AOPT,0,6,400.0,0.8048289738430584,0.3333333333333333,0.3333333333333333
B,155921,4,AOPT,0,9,407.0,0.8189134808853119,0.2222222222222222,0.4444444444444444
B,155921,4,AOPT,0,12,414.0,0.8329979879275654,0.4166666666666667,0.5
B,155921,4,AOPT,0,16,458.0,0.9215291750503019,0.75,0.75
B,155921,4,AOPT,0,20,475.0,0.9557344064386318,0.75,0.75
B,155921,4,AOPT,0,24,481.0,0.9678068410462777,0.7916666666666666,0.8333333333333334
B,155921,4,MAXMIN,0,6,6.0,0.012072434607645875,0.0,0.0
B,155921,4,MAXMIN,0,9,11.0,0.022132796780684104,0.0,0.0
B,155921,4,MAXMIN,0,12,17.0,0.03420523138832998,0.0,0.08333333333333333
B,155921,4,MAXMIN,0,16,33.0,0.06639839034205232,0.3125,0.375
B,155921,4,MAXMIN,0,20,56.0,0.11267605633802817,0.5,0.5
B,155921,4,MAXMIN,0,24,73.0,0.14688128772635814,0.625,0.6666666666666666
B,155921,4,RANDOM,0,6,29.0,0.05835010060362173,0.16666666666666666,0.16666666666666666
B,155921,4,RANDOM,0,9,35.0,0.07042253521126761,0.3333333333333333,0.4444444444444444
B,155921,4,RANDOM,0,12,39.0,0.07847082494969819,0.4166666666666667,0.5
B,155921,4,RANDOM,0,16,60.0,0.12072434607645875,0.5625,0.5
B,155921,4,RANDOM,0,20,64.0,0.12877263581488935,0.6,0.55
B,155921,4,RANDOM,0,24,446.0,0.89738430583501,0.7083333333333334,0.6666666666666666
B,155921,4,UNCERT,0,6,26.0,0.052313883299798795,0.16666666666666666,0.16666666666666666
B,155921,4,UNCERT,0,9,29.0,0.05835010060362173,0.1111111111111111,0.2222222222222222
B,155921,4,UNCERT,0,12,32.0,0.06438631790744467,0.16666666666666666,0.16666666666666666
B,155921,4,UNCERT,0,16,415.0,0.8350100603621731,0.375,0.3125
B,155921,4,UNCERT,0,20,446.0,0.89738430583501,0.6,0.55
B,155921,4,UNCERT,0,24,461.0,0.9275653923541247,0.6666666666666666,0.6666666666666666
B,196613,0,AOPT,0,6,403.0,0.806,0.3333333333333333,0.3333333333333333
B,196613,0,AOPT,0,9,407.0,0.814,0.2222222222222222,0.3333333333333333
B,196613,0,AOPT,0,12,413.0,0.826,0.4166666666666667,0.3333333333333333
B,196613,0,AOPT,0,16,426.0,0.852,0.5625,0.625
B,196613,0,AOPT,0,20,450.0,0.9,0.7,0.7
B,196613,0,AOPT,0,24,483.0,0.966,0.7916666666666666,0.8333333333333334
B,196613,0,MAXMIN,0,6,23.0,0.046,0.16666666666666666,0.16666666666666666
B,196613,0,MAXMIN,0,9,27.0,0.054,0.1111111111111111,0.1111111111111111
B,196613,0,MAXMIN,0,12,31.0,0.062,0.08333333333333333,0.08333333333333333
B,196613,0,MAXMIN,0,16,47.0,0.094,0.25,0.3125
B,196613,0,MAXMIN,0,20,58.0,0.116,0.5,0.45
B,196613,0,MAXMIN,0,24,81.0,0.162,0.625,0.625
B,196613,0,RANDOM,0,6,35.0,0.07,0.3333333333333333,0.3333333333333333
B,196613,0,RANDOM,0,9,413.0,0.826,0.3333333333333333,0.4444444444444444
B,196613,0,RANDOM,0,12,420.0,0.84,0.4166666666666667,0.4166666666666667
B,196613,0,RANDOM,0,16,434.0,0.868,0.4375,0.4375
B,196613,0,RANDOM,0,20,446.0,0.892,0.6,0.6
B,196613,0,RANDOM,0,24,453.0,0.906,0.7083333333333334,0.6666666666666666
B,196613,0,UNCERT,0,6,400.0,0.8,0.3333333333333333,0.3333333333333333
B,196613,0,UNCERT,0,9,407.0,0.814,0.3333333333333333,0.2222222222222222
B,196613,0,UNCERT,0,12,437.0,0.874,0.5,0.4166666666666667
B,196613,0,UNCERT,0,16,452.0,0.904,0.5625,0.5625
B,196613,0,UNCERT,0,20,474.0,0.948,0.75,0.75
B,196613,0,UNCERT,0,24,478.0,0.956,0.7083333333333334,0.7083333333333334
B,196613,1,AOPT,0,6,17.0,0.14049586776859505,0.16666666666666666,0.16666666666666666
B,196613,1,AOPT,0,9,21.0,0.17355371900826447,0.1111111111111111,0.2222222222222222
B,196613,1,AOPT,0,12,29.0,0.2396694214876033,0.3333333333333333,0.4166666666666667
B,196613,1,AOPT,0,16,36.0,0.2975206611570248,0.5,0.5
B,196613,1,AOPT,0,20,81.0,0.6694214876033058,0.7,0.7
B,196613,1,AOPT,0,24,104.0,0.859504132231405,0.7916666666666666,0.7916666666666666
B,196613,1,MAXMIN,0,6,7.0,0.05785123966942149,0.0,0.0
B,196613,1,MAXMIN,0,9,13.0,0.10743801652892562,0.0,0.1111111111111111
B,196613,1,MAXMIN,0,12,17.0,0.14049586776859505,0.0,0.08333333333333333
B,196613,1,MAXMIN,0,16,26.0,0.21487603305785125,0.3125,0.375
B,196613,1,MAXMIN,0,20,39.0,0.32231404958677684,0.45,0.45
B,196613,1,MAXMIN,0,24,67.0,0.5537190082644629,0.625,0.5833333333333334
B,196613,1,RANDOM,0,6,26.0,0.21487603305785125,0.16666666666666666,0.16666666666666666
B,196613,1,RANDOM,0,9,30.0,0.24793388429752067,0.2222222222222222,0.2222222222222222
B,196613,1,RANDOM,0,12,41.0,0.33884297520661155,0.3333333333333333,0.4166666666666667
B,196613,1,RANDOM,0,16,59.0,0.48760330578512395,0.4375,0.5
B,196613,1,RANDOM,0,20,83.0,0.6859504132231405,0.65,0.65
B,196613,1,RANDOM,0,24,101.0,0.8347107438016529,0.7083333333333334,0.7083333333333334
B,196613,1,UNCERT,0,6,15.0,0.12396694214876033,0.16666666666666666,0.16666666666666666
B,196613,1,UNCERT,0,9,22.0,0.18181818181818182,0.2222222222222222,0.2222222222222222
B,196613,1,UNCERT,0,12,43.0,0.35537190082644626,0.3333333333333333,0.3333333333333333
B,196613,1,UNCERT,0,16,56.0,0.4628099173553719,0.4375,0.375
B,196613,1,UNCERT,0,20,64.0,0.5289256198347108,0.5,0.5
B,196613,1,UNCERT,0,24,72.0,0.5950413223140496,0.6666666666666666,0.6666666666666666
B,196613,2,AOPT,0,6,399.0,0.8012048192771084,0.3333333333333333,0.3333333333333333
B,196613,2,AOPT,0,9,404.0,0.8112449799196787,0.2222222222222222,0.4444444444444444
B,196613,2,AOPT,0,12,421.0,0.8453815261044176,0.5,0.5833333333333334
B,196613,2,AOPT,0,16,460.0,0.9236947791164659,0.75,0.75
B,196613,2,AOPT,0,20,474.0,0.9518072289156626,0.75,0.85
B,196613,2,AOPT,0,24,482.0,0.9678714859437751,0.75,0.7916666666666666
B,196613,2,MAXMIN,0,6,12.0,0.024096385542168676,0.0,0.0
B,196613,2,MAXMIN,0,9,15.0,0.030120481927710843,0.1111111111111111,0.0
B,196613,2,MAXMIN,0,12,18.0,0.03614457831325301,0.08333333333333333,0.16666666666666666
B,196613,2,MAXMIN,0,16,22.0,0.04417670682730924,0.25,0.25
B,196613,2,MAXMIN,0,20,44.0,0.08835341365461848,0.5,0.5
B,196613,2,MAXMIN,0,24,75.0,0.15060240963855423,0.6666666666666666,0.7083333333333334
B,196613,2,RANDOM,0,6,24.0,0.04819277108433735,0.16666666666666666,0.16666666666666666
B,196613,2,RANDOM,0,9,37.0,0.07429718875502007,0.3333333333333333,0.3333333333333333
B,196613,2,RANDOM,0,12,43.0,0.08634538152610442,0.3333333333333333,0.3333333333333333
B,196613,2,RANDOM,0,16,47.0,0.09437751004016064,0.25,0.3125
B,196613,2,RANDOM,0,20,68.0,0.13654618473895583,0.4,0.5
B,196613,2,RANDOM,0,24,76.0,0.15261044176706828,0.625,0.5833333333333334
B,196613,2,UNCERT,0,6,25.0,0.050200803212851405,0.16666666666666666,0.16666666666666666
B,196613,2,UNCERT,0,9,28.0,0.05622489959839357,0.1111111111111111,0.2222222222222222
B,196613,2,UNCERT,0,12,37.0,0.07429718875502007,0.3333333333333333,0.25
B,196613,2,UNCERT,0,16,431.0,0.8654618473895582,0.5,0.5
B,196613,2,UNCERT,0,20,444.0,0.891566265060241,0.65,0.6
B,196613,2,UNCERT,0,24,478.0,0.9598393574297188,0.7916666666666666,0.7916666666666666
B,196613,3,AOPT,0,6,400.0,0.8213552361396304,0.3333333333333333,0.3333333333333333
B,196613,3,AOPT,0,9,407.0,0.8357289527720739,0.4444444444444444,0.3333333333333333
B,196613,3,AOPT,0,12,414.0,0.8501026694045175,0.5,0.5
B,196613,3,AOPT,0,16,427.0,0.8767967145790554,0.625,0.625
B,196613,3,AOPT,0,20,432.0,0.8870636550308009,0.65,0.7
B,196613,3,AOPT,0,24,474.0,0.973305954825462,0.7916666666666666,0.7916666666666666
B,196613,3,MAXMIN,0,6,7.0,0.014373716632443531,0.0,0.0
B,196613,3,MAXMIN,0,9,11.0,0.022587268993839837,0.0,0.0
B,196613,3,MAXMIN,0,12,16.0,0.03285420944558522,0.0,0.0
B,196613,3,MAXMIN,0,16,22.0,0.045174537987679675,0.3125,0.3125
B,196613,3,MAXMIN,0,20,61.0,0.12525667351129363,0.5,0.55
B,196613,3,MAXMIN,0,24,69.0,0.14168377823408623,0.6666666666666666,0.625
B,196613,3,RANDOM,0,6,23.0,0.04722792607802875,0.16666666666666666,0.16666666666666666
B,196613,3,RANDOM,0,9,32.0,0.06570841889117043,0.2222222222222222,0.2222222222222222
B,196613,3,RANDOM,0,12,37.0,0.07597535934291581,0.25,0.25
B,196613,3,RANDOM,0,16,44.0,0.09034907597535935,0.375,0.375
B,196613,3,RANDOM,0,20,77.0,0.15811088295687886,0.6,0.55
B,196613,3,RANDOM,0,24,85.0,0.17453798767967146,0.7083333333333334,0.6666666666666666
B,196613,3,UNCERT,0,6,25.0,0.0513347022587269,0.16666666666666666,0.16666666666666666
B,196613,3,UNCERT,0,9,29.0,0.059548254620123205,0.2222222222222222,0.1111111111111111
B,196613,3,UNCERT,0,12,406.0,0.8336755646817249,0.25,0.25
B,196613,3,UNCERT,0,16,426.0,0.8747433264887063,0.3125,0.3125
B,196613,3,UNCERT,0,20,431.0,0.8850102669404517,0.45,0.4
B,196613,3,UNCERT,0,24,461.0,0.946611909650924,0.625,0.625
B,196613,4,AOPT,0,6,403.0,0.8430962343096234,0.3333333333333333,0.3333333333333333
B,196613,4,AOPT,0,9,407.0,0.8514644351464435,0.3333333333333333,0.3333333333333333
B,196613,4,AOPT,0,12,413.0,0.8640167364016736,0.5,0.5833333333333334
B,196613,4,AOPT,0,16,422.0,0.8828451882845189,0.5625,0.5625
B,196613,4,AOPT,0,20,447.0,0.9351464435146444,0.65,0.7
B,196613,4,AOPT,0,24,462.0,0.9665271966527197,0.75,0.75
B,196613,4,MAXMIN,0,6,7.0,0.014644351464435146,0.0,0.0
B,196613,4,MAXMIN,0,9,11.0,0.02301255230125523,0.0,0.0
B,196613,4,MAXMIN,0,12,16.0,0.03347280334728033,0.08333333333333333,0.16666666666666666
B,196613,4,MAXMIN,0,16,20.0,0.04184100418410042,0.3125,0.375
B,196613,4,MAXMIN,0,20,41.0,0.08577405857740586,0.5,0.5
B,196613,4,MAXMIN,0,24,64.0,0.13389121338912133,0.625,0.625
B,196613,4,RANDOM,0,6,29.0,0.060669456066945605,0.16666666666666666,0.16666666666666666
B,196613,4,RANDOM,0,9,48.0,0.100418410041841,0.4444444444444444,0.5555555555555556
B,196613,4,RANDOM,0,12,63.0,0.13179916317991633,0.6666666666666666,0.6666666666666666
B,196613,4,RANDOM,0,16,67.0,0.1401673640167364,0.5625,0.5625
B,196613,4,RANDOM,0,20,76.0,0.1589958158995816,0.65,0.65
B,196613,4,RANDOM,0,24,81.0,0.1694560669456067,0.75,0.7916666666666666
B,196613,4,UNCERT,0,6,400.0,0.8368200836820083,0.3333333333333333,0.3333333333333333
B,196613,4,UNCERT,0,9,403.0,0.8430962343096234,0.2222222222222222,0.3333333333333333
B,196613,4,UNCERT,0,12,407.0,0.8514644351464435,0.25,0.3333333333333333
B,196613,4,UNCERT,0,16,411.0,0.8598326359832636,0.375,0.4375
B,196613,4,UNCERT,0,20,424.0,0.8870292887029289,0.55,0.55
B,196613,4,UNCERT,0,24,445.0,0.9309623430962343,0.75,0.6666666666666666
B,262147,0,AOPT,0,6,403.0,0.8224489795918367,0.3333333333333333,0.3333333333333333
B,262147,0,AOPT,0,9,410.0,0.8367346938775511,0.3333333333333333,0.4444444444444444
B,262147,0,AOPT,0,12,445.0,0.9081632653061225,0.6666666666666666,0.75
B,262147,0,AOPT,0,16,459.0,0.936734693877551,0.6875,0.75
B,262147,0,AOPT,0,20,468.0,0.9551020408163265,0.75,0.8
B,262147,0,AOPT,0,24,474.0,0.9673469387755103,0.7916666666666666,0.7916666666666666
B,262147,0,MAXMIN,0,6,23.0,0.04693877551020408,0.16666666666666666,0.16666666666666666
B,262147,0,MAXMIN,0,9,28.0,0.05714285714285714,0.1111111111111111,0.1111111111111111
B,262147,0,MAXMIN,0,12,31.0,0.06326530612244897,0.08333333333333333,0.16666666666666666
B,262147,0,MAXMIN,0,16,38.0,0.07755102040816327,0.3125,0.3125
B,262147,0,MAXMIN,0,20,73.0,0.1489795918367347,0.45,0.5
B,262147,0,MAXMIN,0,24,78.0,0.15918367346938775,0.625,0.625
B,262147,0,RANDOM,0,6,26.0,0.053061224489795916,0.16666666666666666,0.16666666666666666
B,262147,0,RANDOM,0,9,29.0,0.05918367346938776,0.1111111111111111,0.1111111111111111
B,262147,0,RANDOM,0,12,33.0,0.0673469387755102,0.16666666666666666,0.25
B,262147,0,RANDOM,0,16,421.0,0.8591836734693877,0.375,0.4375
B,262147,0,RANDOM,0,20,434.0,0.8857142857142857,0.6,0.65
B,262147,0,RANDOM,0,24,442.0,0.9020408163265307,0.6666666666666666,0.625
B,262147,0,UNCERT,0,6,28.0,0.05714285714285714,0.16666666666666666,0.16666666666666666
B,262147,0,UNCERT,0,9,31.0,0.06326530612244897,0.1111111111111111,0.2222222222222222
B,262147,0,UNCERT,0,12,54.0,0.11020408163265306,0.4166666666666667,0.3333333333333333
B,262147,0,UNCERT,0,16,433.0,0.8836734693877552,0.4375,0.4375
B,262147,0,UNCERT,0,20,438.0,0.8938775510204081,0.6,0.6
B,262147,0,UNCERT,0,24,466.0,0.9510204081632653,0.75,0.75
B,262147,1,AOPT,0,6,402.0,0.7976190476190477,0.3333333333333333,0.3333333333333333
B,262147,1,AOPT,0,9,406.0,0.8055555555555556,0.2222222222222222,0.3333333333333333
B,262147,1,AOPT,0,12,424.0,0.8412698412698413,0.5,0.5
B,262147,1,AOPT,0,16,472.0,0.9365079365079365,0.75,0.75
B,262147,1,AOPT,0,20,481.0,0.9543650793650794,0.7,0.7
B,262147,1,AOPT,0,24,487.0,0.9662698412698413,0.7916666666666666,0.8333333333333334
B,262147,1,MAXMIN,0,6,7.0,0.013888888888888888,0.0,0.0
B,262147,1,MAXMIN,0,9,12.0,0.023809523809523808,0.0,0.0
B,262147,1,MAXMIN,0,12,17.0,0.03373015873015873,0.0,0.08333333333333333
B,262147,1,MAXMIN,0,16,40.0,0.07936507936507936,0.3125,0.375
B,262147,1,MAXMIN,0,20,47.0,0.09325396825396826,0.5,0.5
B,262147,1,MAXMIN,0,24,80.0,0.15873015873015872,0.6666666666666666,0.6666666666666666
B,262147,1,RANDOM,0,6,8.0,0.015873015873015872,0.0,0.0
B,262147,1,RANDOM,0,9,20.0,0.03968253968253968,0.1111111111111111,0.1111111111111111
B,262147,1,RANDOM,0,12,29.0,0.057539682539682536,0.16666666666666666,0.25
B,262147,1,RANDOM,0,16,46.0,0.09126984126984126,0.375,0.4375
B,262147,1,RANDOM,0,20,70.0,0.1388888888888889,0.6,0.6
B,262147,1,RANDOM,0,24,95.0,0.1884920634920635,0.7083333333333334,0.7083333333333334
B,262147,1,UNCERT,0,6,25.0,0.0496031746031746,0.16666666666666666,0.16666666666666666
B,262147,1,UNCERT,0,9,28.0,0.05555555555555555,0.1111111111111111,0.1111111111111111
B,262147,1,UNCERT,0,12,32.0,0.06349206349206349,0.16666666666666666,0.08333333333333333
B,262147,1,UNCERT,0,16,416.0,0.8253968253968254,0.375,0.3125
B,262147,1,UNCERT,0,20,446.0,0.8849206349206349,0.6,0.6
B,262147,1,UNCERT,0,24,461.0,0.9146825396825397,0.625,0.625
B,262147,2,AOPT,0,6,29.0,0.2396694214876033,0.16666666666666666,0.16666666666666666
B,262147,2,AOPT,0,9,33.0,0.2727272727272727,0.1111111111111111,0.2222222222222222
B,262147,2,AOPT,0,12,41.0,0.33884297520661155,0.3333333333333333,0.4166666666666667
B,262147,2,AOPT,0,16,72.0,0.5950413223140496,0.6875,0.6875
B,262147,2,AOPT,0,20,90.0,0.743801652892562,0.65,0.7
B,262147,2,AOPT,0,24,105.0,0.8677685950413223,0.75,0.7916666666666666
B,262147,2,MAXMIN,0,6,11.0,0.09090909090909091,0.0,0.0
B,262147,2,MAXMIN,0,9,25.0,0.2066115702479339,0.1111111111111111,0.2222222222222222
B,262147,2,MAXMIN,0,12,29.0,0.2396694214876033,0.16666666666666666,0.16666666666666666
B,262147,2,MAXMIN,0,16,38.0,0.3140495867768595,0.4375,0.5
B,262147,2,MAXMIN,0,20,45.0,0.371900826446281,0.55,0.65
B,262147,2,MAXMIN,0,24,65.0,0.5371900826446281,0.7083333333333334,0.7083333333333334
B,262147,2,RANDOM,0,6,33.0,0.2727272727272727,0.3333333333333333,0.3333333333333333
B,262147,2,RANDOM,0,9,46.0,0.38016528925619836,0.3333333333333333,0.4444444444444444
B,262147,2,RANDOM,0,12,49.0,0.4049586776859504,0.25,0.3333333333333333
B,262147,2,RANDOM,0,16,71.0,0.5867768595041323,0.4375,0.375
B,262147,2,RANDOM,0,20,82.0,0.6776859504132231,0.55,0.5
B,262147,2,RANDOM,0,24,87.0,0.71900826446281,0.625,0.6666666666666666
B,262147,2,UNCERT,0,6,28.0,0.23140495867768596,0.16666666666666666,0.16666666666666666
B,262147,2,UNCERT,0,9,31.0,0.256198347107438,0.1111111111111111,0.2222222222222222
B,262147,2,UNCERT,0,12,36.0,0.2975206611570248,0.25,0.25
B,262147,2,UNCERT,0,16,49.0,0.4049586776859504,0.4375,0.5
B,262147,2,UNCERT,0,20,59.0,0.48760330578512395,0.65,0.55
B,262147,2,UNCERT,0,24,72.0,0.5950413223140496,0.7083333333333334,0.7083333333333334
B,262147,3,AOPT,0,6,386.0,0.8301075268817204,0.16666666666666666,0.3333333333333333
B,262147,3,AOPT,0,9,391.0,0.8408602150537634,0.3333333333333333,0.2222222222222222
B,262147,3,AOPT,0,12,396.0,0.8516129032258064,0.4166666666666667,0.4166666666666667
B,262147,3,AOPT,0,16,405.0,0.8709677419354839,0.625,0.625
B,262147,3,AOPT,0,20,414.0,0.8903225806451613,0.65,0.7
B,262147,3,AOPT,0,24,443.0,0.9526881720430107,0.7083333333333334,0.7083333333333334
B,262147,3,MAXMIN,0,6,381.0,0.8193548387096774,0.16666666666666666,0.16666666666666666
B,262147,3,MAXMIN,0,9,385.0,0.8279569892473119,0.1111111111111111,0.1111111111111111
B,262147,3,MAXMIN,0,12,389.0,0.8365591397849462,0.16666666666666666,0.16666666666666666
B,262147,3,MAXMIN,0,16,398.0,0.8559139784946237,0.4375,0.4375
B,262147,3,MAXMIN,0,20,402.0,0.864516129032258,0.45,0.5
B,262147,3,MAXMIN,0,24,418.0,0.8989247311827957,0.6666666666666666,0.625
B,262147,3,RANDOM,0,6,10.0,0.021505376344086023,0.0,0.0
B,262147,3,RANDOM,0,9,13.0,0.02795698924731183,0.1111111111111111,0.0
B,262147,3,RANDOM,0,12,34.0,0.07311827956989247,0.3333333333333333,0.3333333333333333
B,262147,3,RANDOM,0,16,41.0,0.08817204301075268,0.375,0.375
B,262147,3,RANDOM,0,20,46.0,0.0989247311827957,0.5,0.45
B,262147,3,RANDOM,0,24,60.0,0.12903225806451613,0.625,0.5833333333333334
B,262147,3,UNCERT,0,6,386.0,0.8301075268817204,0.3333333333333333,0.5
B,262147,3,UNCERT,0,9,391.0,0.8408602150537634,0.3333333333333333,0.4444444444444444
B,262147,3,UNCERT,0,12,411.0,0.8838709677419355,0.4166666666666667,0.4166666666666667
B,262147,3,UNCERT,0,16,425.0,0.9139784946236559,0.5,0.5
B,262147,3,UNCERT,0,20,438.0,0.9419354838709677,0.6,0.55
B,262147,3,UNCERT,0,24,449.0,0.9655913978494624,0.7083333333333334,0.7083333333333334
B,262147,4,AOPT,0,6,400.0,0.7936507936507936,0.3333333333333333,0.3333333333333333
B,262147,4,AOPT,0,9,403.0,0.7996031746031746,0.2222222222222222,0.3333333333333333
B,262147,4,AOPT,0,12,415.0,0.8234126984126984,0.4166666666666667,0.5
B,262147,4,AOPT,0,16,456.0,0.9047619047619048,0.625,0.6875
B,262147,4,AOPT,0,20,479.0,0.9503968253968254,0.75,0.75
B,262147,4,AOPT,0,24,488.0,0.9682539682539683,0.7916666666666666,0.7916666666666666
B,262147,4,MAXMIN,0,6,17.0,0.03373015873015873,0.16666666666666666,0.16666666666666666
B,262147,4,MAXMIN,0,9,20.0,0.03968253968253968,0.1111111111111111,0.1111111111111111
B,262147,4,MAXMIN,0,12,28.0,0.05555555555555555,0.16666666666666666,0.16666666666666666
B,262147,4,MAXMIN,0,16,35.0,0.06944444444444445,0.3125,0.375
B,262147,4,MAXMIN,0,20,57.0,0.1130952380952381,0.45,0.45
B,262147,4,MAXMIN,0,24,64.0,0.12698412698412698,0.5833333333333334,0.5833333333333334
B,262147,4,RANDOM,0,6,24.0,0.047619047619047616,0.16666666666666666,0.16666666666666666
B,262147,4,RANDOM,0,9,30.0,0.05952380952380952,0.1111111111111111,0.2222222222222222
B,262147,4,RANDOM,0,12,51.0,0.10119047619047619,0.4166666666666667,0.5
B,262147,4,RANDOM,0,16,431.0,0.8551587301587301,0.625,0.5625
B,262147,4,RANDOM,0,20,435.0,0.8630952380952381,0.6,0.55
B,262147,4,RANDOM,0,24,445.0,0.8829365079365079,0.7083333333333334,0.7083333333333334
B,262147,4,UNCERT,0,6,400.0,0.7936507936507936,0.3333333333333333,0.3333333333333333
B,262147,4,UNCERT,0,9,407.0,0.8075396825396826,0.2222222222222222,0.3333333333333333
B,262147,4,UNCERT,0,12,428.0,0.8492063492063492,0.4166666666666667,0.4166666666666667
B,262147,4,UNCERT,0,16,442.0,0.876984126984127,0.5625,0.5
B,262147,4,UNCERT,0,20,476.0,0.9444444444444444,0.75,0.7
B,262147,4,UNCERT,0,24,485.0,0.9623015873015873,0.75,0.75
BR,104729,0,AOPT,0,6,34.0,0.4473684210526316,0.6666666666666666,0.5
BR,104729,0,AOPT,0,9,46.0,0.6052631578947368,0.6666666666666666,0.7777777777777778
BR,104729,0,AOPT,0,12,58.0,0.7631578947368421,0.75,0.8333333333333334
BR,104729,0,AOPT,0,16,63.0,0.8289473684210527,0.6875,0.6875
BR,104729,0,AOPT,0,20,67.0,0.881578947368421,0.75,0.85
BR,104729,0,AOPT,0,24,71.0,0.9342105263157895,0.8333333333333334,1.0
BR,104729,0,MAXMIN,0,6,20.0,0.2631578947368421,0.16666666666666666,0.16666666666666666
BR,104729,0,MAXMIN,0,9,23.0,0.3026315789473684,0.1111111111111111,0.1111111111111111
BR,104729,0,MAXMIN,0,12,30.0,0.39473684210526316,0.3333333333333333,0.3333333333333333
BR,104729,0,MAXMIN,0,16,34.0,0.4473684210526316,0.4375,0.375
BR,104729,0,MAXMIN,0,20,49.0,0.6447368421052632,0.7,0.65
BR,104729,0,MAXMIN,0,24,62.0,0.8157894736842105,0.8333333333333334,0.7916666666666666
BR,104729,0,RANDOM,0,6,14.0,0.18421052631578946,0.16666666666666666,0.16666666666666666
BR,104729,0,RANDOM,0,9,17.0,0.2236842105263158,0.1111111111111111,0.2222222222222222
BR,104729,0,RANDOM,0,12,21.0,0.27631578947368424,0.3333333333333333,0.4166666666666667
BR,104729,0,RANDOM,0,16,35.0,0.4605263157894737,0.625,0.5625
BR,104729,0,RANDOM,0,20,40.0,0.5263157894736842,0.7,0.75
BR,104729,0,RANDOM,0,24,57.0,0.75,0.875,0.9166666666666666
BR,104729,0,UNCERT,0,6,25.0,0.32894736842105265,0.5,0.3333333333333333
BR,104729,0,UNCERT,0,9,29.0,0.3815789473684211,0.4444444444444444,0.5555555555555556
BR,104729,0,UNCERT,0,12,33.0,0.4342105263157895,0.6666666666666666,0.6666666666666666
BR,104729,0,UNCERT,0,16,45.0,0.5921052631578947,0.6875,0.6875
BR,104729,0,UNCERT,0,20,58.0,0.7631578947368421,0.75,0.8
BR,104729,0,UNCERT,0,24,71.0,0.9342105263157895,0.8333333333333334,0.9166666666666666
BR,104729,1,AOPT,0,6,396.0,0.8065173116089613,0.3333333333333333,0.3333333333333333
BR,104729,1,AOPT,0,9,402.0,0.8187372708757638,0.2222222222222222,0.4444444444444444
BR,104729,1,AOPT,0,12,409.0,0.8329938900203666,0.4166666666666667,0.5833333333333334
BR,104729,1,AOPT,0,16,454.0,0.924643584521385,0.75,0.75
BR,104729,1,AOPT,0,20,467.0,0.9511201629327902,0.7,0.75
BR,104729,1,AOPT,0,24,476.0,0.9694501018329938,0.75,0.7916666666666666
BR,104729,1,MAXMIN,0,6,13.0,0.026476578411405296,0.0,0.0
BR,104729,1,MAXMIN,0,9,16.0,0.032586558044806514,0.1111111111111111,0.1111111111111111
BR,104729,1,MAXMIN,0,12,19.0,0.038696537678207736,0.08333333333333333,0.16666666666666666
BR,104729,1,MAXMIN,0,16,30.0,0.06109979633401222,0.3125,0.3125
BR,104729,1,MAXMIN,0,20,68.0,0.1384928716904277,0.5,0.5
BR,104729,1,MAXMIN,0,24,85.0,0.17311608961303462,0.6666666666666666,0.6666666666666666
BR,104729,1,RANDOM,0,6,26.0,0.05295315682281059,0.16666666666666666,0.16666666666666666
BR,104729,1,RANDOM,0,9,44.0,0.08961303462321792,0.3333333333333333,0.3333333333333333
BR,104729,1,RANDOM,0,12,50.0,0.10183299389002037,0.4166666666666667,0.4166666666666667
BR,104729,1,RANDOM,0,16,54.0,0.109979633401222,0.5,0.4375
BR,104729,1,RANDOM,0,20,72.0,0.14663951120162932,0.6,0.55
BR,104729,1,RANDOM,0,24,96.0,0.1955193482688391,0.6666666666666666,0.625
BR,104729,1,UNCERT,0,6,25.0,0.05091649694501019,0.16666666666666666,0.16666666666666666
BR,104729,1,UNCERT,0,9,28.0,0.05702647657841141,0.1111111111111111,0.1111111111111111
BR,104729,1,UNCERT,0,12,35.0,0.07128309572301425,0.25,0.16666666666666666
BR,104729,1,UNCERT,0,16,412.0,0.8391038696537678,0.4375,0.4375
BR,104729,1,UNCERT,0,20,440.0,0.8961303462321792,0.6,0.55
BR,104729,1,UNCERT,0,24,465.0,0.9470468431771895,0.7083333333333334,0.7083333333333334
BR,104729,2,AOPT,0,6,385.0,0.8088235294117647,0.3333333333333333,0.3333333333333333
BR,104729,2,AOPT,0,9,391.0,0.8214285714285714,0.3333333333333333,0.4444444444444444
BR,104729,2,AOPT,0,12,396.0,0.8319327731092437,0.4166666666666667,0.5
BR,104729,2,AOPT,0,16,426.0,0.8949579831932774,0.625,0.6875
BR,104729,2,AOPT,0,20,453.0,0.9516806722689075,0.7,0.75
BR,104729,2,AOPT,0,24,460.0,0.9663865546218487,0.8333333333333334,0.8333333333333334
BR,104729,2,MAXMIN,0,6,11.0,0.023109243697478993,0.0,0.0
BR,104729,2,MAXMIN,0,9,15.0,0.031512605042016806,0.1111111111111111,0.0
BR,104729,2,MAXMIN,0,12,19.0,0.03991596638655462,0.08333333333333333,0.08333333333333333
BR,104729,2,MAXMIN,0,16,28.0,0.058823529411764705,0.375,0.375
BR,104729,2,MAXMIN,0,20,58.0,0.12184873949579832,0.5,0.5
BR,104729,2,MAXMIN,0,24,76.0,0.15966386554621848,0.625,0.625
BR,104729,2,RANDOM,0,6,20.0,0.04201680672268908,0.16666666666666666,0.16666666666666666
BR,104729,2,RANDOM,0,9,27.0,0.05672268907563025,0.2222222222222222,0.3333333333333333
BR,104729,2,RANDOM,0,12,41.0,0.0861344537815126,0.3333333333333333,0.4166666666666667
BR,104729,2,RANDOM,0,16,86.0,0.18067226890756302,0.6875,0.6875
BR,104729,2,RANDOM,0,20,92.0,0.19327731092436976,0.65,0.65
BR,104729,2,RANDOM,0,24,96.0,0.20168067226890757,0.7083333333333334,0.7083333333333334
BR,104729,2,UNCERT,0,6,386.0,0.8109243697478992,0.3333333333333333,0.3333333333333333
BR,104729,2,UNCERT,0,9,393.0,0.8256302521008403,0.3333333333333333,0.3333333333333333
BR,104729,2,UNCERT,0,12,399.0,0.8382352941176471,0.5,0.4166666666666667
BR,104729,2,UNCERT,0,16,410.0,0.8613445378151261,0.625,0.5625
BR,104729,2,UNCERT,0,20,428.0,0.8991596638655462,0.7,0.65
BR,104729,2,UNCERT,0,24,433.0,0.9096638655462185,0.7083333333333334,0.7083333333333334
BR,104729,3,AOPT,0,6,360.0,0.7947019867549668,0.3333333333333333,0.3333333333333333
BR,104729,3,AOPT,0,9,365.0,0.8057395143487859,0.2222222222222222,0.3333333333333333
BR,104729,3,AOPT,0,12,370.0,0.8167770419426048,0.3333333333333333,0.4166666666666667
BR,104729,3,AOPT,0,16,383.0,0.8454746136865342,0.5625,0.5
BR,104729,3,AOPT,0,20,388.0,0.8565121412803532,0.55,0.6
BR,104729,3,AOPT,0,24,426.0,0.9403973509933775,0.6666666666666666,0.7083333333333334
BR,104729,3,MAXMIN,0,6,7.0,0.01545253863134658,0.0,0.0
BR,104729,3,MAXMIN,0,9,10.0,0.02207505518763797,0.0,0.0
BR,104729,3,MAXMIN,0,12,13.0,0.02869757174392936,0.0,0.0
BR,104729,3,MAXMIN,0,16,30.0,0.06622516556291391,0.25,0.3125
BR,104729,3,MAXMIN,0,20,60.0,0.13245033112582782,0.5,0.45
BR,104729,3,MAXMIN,0,24,92.0,0.20309050772626933,0.6666666666666666,0.6666666666666666
BR,104729,3,RANDOM,0,6,18.0,0.039735099337748346,0.16666666666666666,0.16666666666666666
BR,104729,3,RANDOM,0,9,30.0,0.06622516556291391,0.2222222222222222,0.2222222222222222
BR,104729,3,RANDOM,0,12,42.0,0.09271523178807947,0.25,0.25
BR,104729,3,RANDOM,0,16,51.0,0.11258278145695365,0.5,0.5
BR,104729,3,RANDOM,0,20,78.0,0.17218543046357615,0.7,0.65
BR,104729,3,RANDOM,0,24,90.0,0.1986754966887417,0.7083333333333334,0.6666666666666666
BR,104729,3,UNCERT,0,6,360.0,0.7947019867549668,0.3333333333333333,0.3333333333333333
BR,104729,3,UNCERT,0,9,388.0,0.8565121412803532,0.4444444444444444,0.5555555555555556
BR,104729,3,UNCERT,0,12,392.0,0.8653421633554084,0.5,0.5
BR,104729,3,UNCERT,0,16,421.0,0.9293598233995585,0.625,0.6875
BR,104729,3,UNCERT,0,20,432.0,0.9536423841059603,0.75,0.7
BR,104729,3,UNCERT,0,24,436.0,0.9624724061810155,0.75,0.75
BR,104729,4,AOPT,0,6,303.0,0.7994722955145118,0.16666666666666666,0.16666666666666666
BR,104729,4,AOPT,0,9,307.0,0.8100263852242744,0.2222222222222222,0.2222222222222222
BR,104729,4,AOPT,0,12,316.0,0.8337730870712401,0.4166666666666667,0.5
BR,104729,4,AOPT,0,16,345.0,0.9102902374670184,0.6875,0.6875
BR,104729,4,AOPT,0,20,364.0,0.9604221635883905,0.75,0.8
BR,104729,4,AOPT,0,24,370.0,0.9762532981530343,0.8333333333333334,0.9166666666666666
BR,104729,4,MAXMIN,0,6,17.0,0.044854881266490766,0.16666666666666666,0.16666666666666666
BR,104729,4,MAXMIN,0,9,29.0,0.07651715039577836,0.2222222222222222,0.2222222222222222
BR,104729,4,MAXMIN,0,12,37.0,0.09762532981530343,0.3333333333333333,0.4166666666666667
BR,104729,4,MAXMIN,0,16,43.0,0.11345646437994723,0.5,0.5
BR,104729,4,MAXMIN,0,20,62.0,0.16358839050131926,0.65,0.65
BR,104729,4,MAXMIN,0,24,80.0,0.21108179419525067,0.8333333333333334,0.7916666666666666
BR,104729,4,RANDOM,0,6,10.0,0.026385224274406333,0.0,0.0
BR,104729,4,RANDOM,0,9,314.0,0.8284960422163589,0.3333333333333333,0.4444444444444444
BR,104729,4,RANDOM,0,12,342.0,0.9023746701846965,0.6666666666666666,0.5833333333333334
BR,104729,4,RANDOM,0,16,350.0,0.9234828496042217,0.6875,0.625
BR,104729,4,RANDOM,0,20,360.0,0.9498680738786279,0.8,0.75
BR,104729,4,RANDOM,0,24,373.0,0.9841688654353562,0.875,0.8333333333333334
BR,104729,4,UNCERT,0,6,302.0,0.7968337730870713,0.16666666666666666,0.16666666666666666
BR,104729,4,UNCERT,0,9,310.0,0.8179419525065963,0.3333333333333333,0.2222222222222222
BR,104729,4,UNCERT,0,12,317.0,0.8364116094986808,0.4166666666666667,0.4166666666666667
BR,104729,4,UNCERT,0,16,341.0,0.899736147757256,0.625,0.625
BR,104729,4,UNCERT,0,20,367.0,0.9683377308707124,0.8,0.8
BR,104729,4,UNCERT,0,24,371.0,0.978891820580475,0.9166666666666666,0.875
BR,130363,0,AOPT,0,6,376.0,0.8034188034188035,0.3333333333333333,0.3333333333333333
BR,130363,0,AOPT,0,9,379.0,0.8098290598290598,0.3333333333333333,0.3333333333333333
BR,130363,0,AOPT,0,12,401.0,0.8568376068376068,0.5,0.5833333333333334
BR,130363,0,AOPT,0,16,435.0,0.9294871794871795,0.75,0.75
BR,130363,0,AOPT,0,20,448.0,0.9572649572649573,0.7,0.75
BR,130363,0,AOPT,0,24,452.0,0.9658119658119658,0.7083333333333334,0.7916666666666666
BR,130363,0,MAXMIN,0,6,23.0,0.049145299145299144,0.16666666666666666,0.16666666666666666
BR,130363,0,MAXMIN,0,9,27.0,0.057692307692307696,0.1111111111111111,0.1111111111111111
BR,130363,0,MAXMIN,0,12,32.0,0.06837606837606838,0.16666666666666666,0.25
BR,130363,0,MAXMIN,0,16,45.0,0.09615384615384616,0.375,0.375
BR,130363,0,MAXMIN,0,20,64.0,0.13675213675213677,0.5,0.55
BR,130363,0,MAXMIN,0,24,73.0,0.15598290598290598,0.625,0.625
BR,130363,0,RANDOM,0,6,35.0,0.07478632478632478,0.3333333333333333,0.3333333333333333
BR,130363,0,RANDOM,0,9,38.0,0.0811965811965812,0.3333333333333333,0.3333333333333333
BR,130363,0,RANDOM,0,12,64.0,0.13675213675213677,0.5,0.5
BR,130363,0,RANDOM,0,16,79.0,0.16880341880341881,0.5625,0.625
BR,130363,0,RANDOM,0,20,86.0,0.18376068376068377,0.65,0.65
BR,130363,0,RANDOM,0,24,94.0,0.20085470085470086,0.7083333333333334,0.6666666666666666
BR,130363,0,UNCERT,0,6,21.0,0.04487179487179487,0.16666666666666666,0.16666666666666666
BR,130363,0,UNCERT,0,9,24.0,0.05128205128205128,0.1111111111111111,0.1111111111111111
BR,130363,0,UNCERT,0,12,27.0,0.057692307692307696,0.16666666666666666,0.16666666666666666
BR,130363,0,UNCERT,0,16,388.0,0.8290598290598291,0.4375,0.4375
BR,130363,0,UNCERT,0,20,416.0,0.8888888888888888,0.6,0.6
BR,130363,0,UNCERT,0,24,424.0,0.905982905982906,0.75,0.75
BR,130363,1,AOPT,0,6,328.0,0.8346055979643766,0.3333333333333333,0.3333333333333333
BR,130363,1,AOPT,0,9,331.0,0.8422391857506362,0.3333333333333333,0.3333333333333333
BR,130363,1,AOPT,0,12,347.0,0.8829516539440203,0.5,0.5
BR,130363,1,AOPT,0,16,368.0,0.9363867684478372,0.6875,0.6875
BR,130363,1,AOPT,0,20,378.0,0.9618320610687023,0.7,0.75
BR,130363,1,AOPT,0,24,383.0,0.9745547073791349,0.7916666666666666,0.8333333333333334
BR,130363,1,MAXMIN,0,6,8.0,0.020356234096692113,0.0,0.0
BR,130363,1,MAXMIN,0,9,13.0,0.03307888040712468,0.1111111111111111,0.1111111111111111
BR,130363,1,MAXMIN,0,12,17.0,0.043256997455470736,0.25,0.3333333333333333
BR,130363,1,MAXMIN,0,16,24.0,0.061068702290076333,0.375,0.375
BR,130363,1,MAXMIN,0,20,28.0,0.07124681933842239,0.5,0.55
BR,130363,1,MAXMIN,0,24,37.0,0.09414758269720101,0.6666666666666666,0.625
BR,130363,1,RANDOM,0,6,330.0,0.8396946564885496,0.3333333333333333,0.3333333333333333
BR,130363,1,RANDOM,0,9,333.0,0.8473282442748091,0.2222222222222222,0.2222222222222222
BR,130363,1,RANDOM,0,12,343.0,0.8727735368956743,0.25,0.25
BR,130363,1,RANDOM,0,16,349.0,0.8880407124681934,0.375,0.375
BR,130363,1,RANDOM,0,20,358.0,0.910941475826972,0.55,0.6
BR,130363,1,RANDOM,0,24,373.0,0.9491094147582697,0.6666666666666666,0.7083333333333334
BR,130363,1,UNCERT,0,6,324.0,0.8244274809160306,0.16666666666666666,0.16666666666666666
BR,130363,1,UNCERT,0,9,327.0,0.8320610687022901,0.2222222222222222,0.2222222222222222
BR,130363,1,UNCERT,0,12,331.0,0.8422391857506362,0.3333333333333333,0.3333333333333333
BR,130363,1,UNCERT,0,16,354.0,0.9007633587786259,0.4375,0.4375
BR,130363,1,UNCERT,0,20,369.0,0.9389312977099237,0.65,0.65
BR,130363,1,UNCERT,0,24,379.0,0.9643765903307888,0.75,0.7083333333333334
BR,130363,2,AOPT,0,6,368.0,0.8232662192393736,0.3333333333333333,0.5
BR,130363,2,AOPT,0,9,372.0,0.8322147651006712,0.4444444444444444,0.4444444444444444
BR,130363,2,AOPT,0,12,391.0,0.8747203579418344,0.5833333333333334,0.6666666666666666
BR,130363,2,AOPT,0,16,420.0,0.9395973154362416,0.75,0.75
BR,130363,2,AOPT,0,20,429.0,0.959731543624161,0.8,0.8
BR,130363,2,AOPT,0,24,434.0,0.970917225950783,0.8333333333333334,0.8333333333333334
BR,130363,2,MAXMIN,0,6,9.0,0.020134228187919462,0.0,0.16666666666666666
BR,130363,2,MAXMIN,0,9,13.0,0.029082774049217,0.1111111111111111,0.1111111111111111
BR,130363,2,MAXMIN,0,12,18.0,0.040268456375838924,0.08333333333333333,0.16666666666666666
BR,130363,2,MAXMIN,0,16,40.0,0.0894854586129754,0.375,0.5
BR,130363,2,MAXMIN,0,20,46.0,0.1029082774049217,0.5,0.5
BR,130363,2,MAXMIN,0,24,76.0,0.17002237136465326,0.7083333333333334,0.7083333333333334
BR,130363,2,RANDOM,0,6,354.0,0.7919463087248322,0.3333333333333333,0.16666666666666666
BR,130363,2,RANDOM,0,9,361.0,0.8076062639821029,0.3333333333333333,0.3333333333333333
BR,130363,2,RANDOM,0,12,364.0,0.814317673378076,0.3333333333333333,0.3333333333333333
BR,130363,2,RANDOM,0,16,370.0,0.8277404921700223,0.5,0.4375
BR,130363,2,RANDOM,0,20,402.0,0.8993288590604027,0.6,0.55
BR,130363,2,RANDOM,0,24,409.0,0.9149888143176734,0.6666666666666666,0.625
BR,130363,2,UNCERT,0,6,364.0,0.814317673378076,0.3333333333333333,0.3333333333333333
BR,130363,2,UNCERT,0,9,385.0,0.8612975391498882,0.4444444444444444,0.4444444444444444
BR,130363,2,UNCERT,0,12,398.0,0.8903803131991052,0.5,0.5833333333333334
BR,130363,2,UNCERT,0,16,412.0,0.9217002237136466,0.5625,0.5
BR,130363,2,UNCERT,0,20,425.0,0.9507829977628636,0.7,0.65
BR,130363,2,UNCERT,0,24,431.0,0.9642058165548099,0.75,0.75
BR,130363,3,AOPT,0,6,23.0,0.23469387755102042,0.16666666666666666,0.16666666666666666
BR,130363,3,AOPT,0,9,32.0,0.32653061224489793,0.3333333333333333,0.3333333333333333
BR,130363,3,AOPT,0,12,47.0,0.47959183673469385,0.4166666666666667,0.5
BR,130363,3,AOPT,0,16,62.0,0.6326530612244898,0.625,0.625
BR,130363,3,AOPT,0,20,74.0,0.7551020408163265,0.7,0.75
BR,130363,3,AOPT,0,24,85.0,0.8673469387755102,0.8333333333333334,0.8333333333333334
BR,130363,3,MAXMIN,0,6,21.0,0.21428571428571427,0.16666666666666666,0.16666666666666666
BR,130363,3,MAXMIN,0,9,32.0,0.32653061224489793,0.2222222222222222,0.3333333333333333
BR,130363,3,MAXMIN,0,12,35.0,0.35714285714285715,0.25,0.3333333333333333
BR,130363,3,MAXMIN,0,16,43.0,0.4387755102040816,0.375,0.4375
BR,130363,3,MAXMIN,0,20,49.0,0.5,0.55,0.6
BR,130363,3,MAXMIN,0,24,71.0,0.7244897959183674,0.75,0.75
BR,130363,3,RANDOM,0,6,17.0,0.17346938775510204,0.16666666666666666,0.16666666666666666
BR,130363,3,RANDOM,0,9,22.0,0.22448979591836735,0.2222222222222222,0.2222222222222222
BR,130363,3,RANDOM,0,12,31.0,0.3163265306122449,0.3333333333333333,0.3333333333333333
BR,130363,3,RANDOM,0,16,35.0,0.35714285714285715,0.4375,0.4375
BR,130363,3,RANDOM,0,20,58.0,0.5918367346938775,0.6,0.65
BR,130363,3,RANDOM,0,24,74.0,0.7551020408163265,0.75,0.75
BR,130363,3,UNCERT,0,6,24.0,0.24489795918367346,0.16666666666666666,0.16666666666666666
BR,130363,3,UNCERT,0,9,27.0,0.2755102040816326,0.2222222222222222,0.2222222222222222
BR,130363,3,UNCERT,0,12,41.0,0.41836734693877553,0.25,0.3333333333333333
BR,130363,3,UNCERT,0,16,49.0,0.5,0.375,0.5
BR,130363,3,UNCERT,0,20,63.0,0.6428571428571429,0.65,0.7
BR,130363,3,UNCERT,0,24,69.0,0.7040816326530612,0.75,0.75
BR,130363,4,AOPT,0,6,390.0,0.7926829268292683,0.3333333333333333,0.3333333333333333
BR,130363,4,AOPT,0,9,394.0,0.8008130081300813,0.2222222222222222,0.3333333333333333
BR,130363,4,AOPT,0,12,399.0,0.8109756097560976,0.3333333333333333,0.4166666666666667
BR,130363,4,AOPT,0,16,408.0,0.8292682926829268,0.4375,0.5
BR,130363,4,AOPT,0,20,444.0,0.9024390243902439,0.65,0.65
BR,130363,4,AOPT,0,24,475.0,0.9654471544715447,0.75,0.7916666666666666
BR,130363,4,MAXMIN,0,6,18.0,0.036585365853658534,0.16666666666666666,0.16666666666666666
BR,130363,4,MAXMIN,0,9,32.0,0.06504065040650407,0.2222222222222222,0.2222222222222222
BR,130363,4,MAXMIN,0,12,35.0,0.07113821138211382,0.16666666666666666,0.25
BR,130363,4,MAXMIN,0,16,39.0,0.07926829268292683,0.25,0.3125
BR,130363,4,MAXMIN,0,20,51.0,0.10365853658536585,0.45,0.45
BR,130363,4,MAXMIN,0,24,86.0,0.17479674796747968,0.625,0.625
BR,130363,4,RANDOM,0,6,18.0,0.036585365853658534,0.0,0.0
BR,130363,4,RANDOM,0,9,38.0,0.07723577235772358,0.1111111111111111,0.2222222222222222
BR,130363,4,RANDOM,0,12,54.0,0.10975609756097561,0.5,0.4166666666666667
BR,130363,4,RANDOM,0,16,58.0,0.11788617886178862,0.5625,0.5
BR,130363,4,RANDOM,0,20,62.0,0.12601626016260162,0.6,0.55
BR,130363,4,RANDOM,0,24,429.0,0.8719512195121951,0.6666666666666666,0.6666666666666666
BR,130363,4,UNCERT,0,6,387.0,0.7865853658536586,0.3333333333333333,0.3333333333333333
BR,130363,4,UNCERT,0,9,395.0,0.8028455284552846,0.2222222222222222,0.2222222222222222
BR,130363,4,UNCERT,0,12,425.0,0.8638211382113821,0.5,0.5
BR,130363,4,UNCERT,0,16,441.0,0.8963414634146342,0.625,0.5625
BR,130363,4,UNCERT,0,20,468.0,0.9512195121951219,0.8,0.75
BR,130363,4,UNCERT,0,24,472.0,0.959349593495935,0.75,0.75
BR,155921,0,AOPT,0,6,400.0,0.814663951120163,0.3333333333333333,0.3333333333333333
BR,155921,0,AOPT,0,9,404.0,0.8228105906313645,0.3333333333333333,0.3333333333333333
BR,155921,0,AOPT,0,12,411.0,0.8370672097759674,0.5,0.5
BR,155921,0,AOPT,0,16,420.0,0.8553971486761711,0.5625,0.625
BR,155921,0,AOPT,0,20,425.0,0.8655804480651731,0.6,0.65
BR,155921,0,AOPT,0,24,440.0,0.8961303462321792,0.6666666666666666,0.6666666666666666
BR,155921,0,MAXMIN,0,6,28.0,0.05702647657841141,0.16666666666666666,0.16666666666666666
BR,155921,0,MAXMIN,0,9,33.0,0.06720977596741344,0.2222222222222222,0.2222222222222222
BR,155921,0,MAXMIN,0,12,48.0,0.09775967413441955,0.4166666666666667,0.4166666666666667
BR,155921,0,MAXMIN,0,16,68.0,0.1384928716904277,0.4375,0.5
BR,155921,0,MAXMIN,0,20,79.0,0.16089613034623218,0.6,0.55
BR,155921,0,MAXMIN,0,24,95.0,0.1934826883910387,0.7083333333333334,0.7083333333333334
BR,155921,0,RANDOM,0,6,418.0,0.8513238289205702,0.6666666666666666,0.6666666666666666
BR,155921,0,RANDOM,0,9,422.0,0.8594704684317719,0.5555555555555556,0.4444444444444444
BR,155921,0,RANDOM,0,12,425.0,0.8655804480651731,0.4166666666666667,0.3333333333333333
BR,155921,0,RANDOM,0,16,445.0,0.9063136456211812,0.5625,0.5
BR,155921,0,RANDOM,0,20,453.0,0.9226069246435845,0.7,0.7
BR,155921,0,RANDOM,0,24,462.0,0.9409368635437881,0.75,0.7083333333333334
BR,155921,0,UNCERT,0,6,25.0,0.05091649694501019,0.16666666666666666,0.16666666666666666
BR,155921,0,UNCERT,0,9,28.0,0.05702647657841141,0.1111111111111111,0.1111111111111111
BR,155921,0,UNCERT,0,12,36.0,0.07331975560081466,0.25,0.16666666666666666
BR,155921,0,UNCERT,0,16,430.0,0.8757637474541752,0.5,0.5
BR,155921,0,UNCERT,0,20,444.0,0.9042769857433809,0.65,0.6
BR,155921,0,UNCERT,0,24,469.0,0.955193482688391,0.75,0.75
BR,155921,1,AOPT,0,6,383.0,0.7946058091286307,0.3333333333333333,0.3333333333333333
BR,155921,1,AOPT,0,9,387.0,0.8029045643153527,0.2222222222222222,0.3333333333333333
BR,155921,1,AOPT,0,12,395.0,0.8195020746887967,0.4166666666666667,0.4166666666666667
BR,155921,1,AOPT,0,16,413.0,0.8568464730290456,0.5625,0.625
BR,155921,1,AOPT,0,20,446.0,0.9253112033195021,0.75,0.8
BR,155921,1,AOPT,0,24,467.0,0.9688796680497925,0.8333333333333334,0.8333333333333334
BR,155921,1,MAXMIN,0,6,38.0,0.07883817427385892,0.3333333333333333,0.3333333333333333
BR,155921,1,MAXMIN,0,9,51.0,0.10580912863070539,0.3333333333333333,0.3333333333333333
BR,155921,1,MAXMIN,0,12,56.0,0.11618257261410789,0.25,0.3333333333333333
BR,155921,1,MAXMIN,0,16,62.0,0.12863070539419086,0.375,0.4375
BR,155921,1,MAXMIN,0,20,73.0,0.15145228215767634,0.6,0.6
BR,155921,1,MAXMIN,0,24,89.0,0.18464730290456433,0.7083333333333334,0.7083333333333334
BR,155921,1,RANDOM,0,6,13.0,0.026970954356846474,0.0,0.0
BR,155921,1,RANDOM,0,9,28.0,0.058091286307053944,0.2222222222222222,0.1111111111111111
BR,155921,1,RANDOM,0,12,45.0,0.09336099585062241,0.4166666666666667,0.4166666666666667
BR,155921,1,RANDOM,0,16,58.0,0.12033195020746888,0.5625,0.5
BR,155921,1,RANDOM,0,20,80.0,0.16597510373443983,0.65,0.65
BR,155921,1,RANDOM,0,24,455.0,0.9439834024896265,0.7083333333333334,0.7083333333333334
BR,155921,1,UNCERT,0,6,379.0,0.7863070539419087,0.3333333333333333,0.3333333333333333
BR,155921,1,UNCERT,0,9,387.0,0.8029045643153527,0.3333333333333333,0.2222222222222222
BR,155921,1,UNCERT,0,12,408.0,0.8464730290456431,0.4166666666666667,0.3333333333333333
BR,155921,1,UNCERT,0,16,422.0,0.8755186721991701,0.5,0.5
BR,155921,1,UNCERT,0,20,456.0,0.946058091286307,0.65,0.65
BR,155921,1,UNCERT,0,24,462.0,0.9585062240663901,0.7916666666666666,0.7916666666666666
BR,155921,2,AOPT,0,6,383.0,0.8417582417582418,0.3333333333333333,0.3333333333333333
BR,155921,2,AOPT,0,9,386.0,0.8483516483516483,0.3333333333333333,0.4444444444444444
BR,155921,2,AOPT,0,12,395.0,0.8681318681318682,0.5,0.5833333333333334
BR,155921,2,AOPT,0,16,412.0,0.9054945054945055,0.625,0.625
BR,155921,2,AOPT,0,20,434.0,0.9538461538461539,0.7,0.75
BR,155921,2,AOPT,0,24,440.0,0.967032967032967,0.75,0.7916666666666666
BR,155921,2,MAXMIN,0,6,10.0,0.02197802197802198,0.0,0.0
BR,155921,2,MAXMIN,0,9,15.0,0.03296703296703297,0.0,0.1111111111111111
BR,155921,2,MAXMIN,0,12,18.0,0.03956043956043956,0.16666666666666666,0.25
BR,155921,2,MAXMIN,0,16,31.0,0.06813186813186813,0.375,0.4375
BR,155921,2,MAXMIN,0,20,54.0,0.11868131868131868,0.5,0.55
BR,155921,2,MAXMIN,0,24,59.0,0.12967032967032968,0.625,0.6666666666666666
BR,155921,2,RANDOM,0,6,365.0,0.8021978021978022,0.16666666666666666,0.16666666666666666
BR,155921,2,RANDOM,0,9,385.0,0.8461538461538461,0.4444444444444444,0.3333333333333333
BR,155921,2,RANDOM,0,12,398.0,0.8747252747252747,0.4166666666666667,0.4166666666666667
BR,155921,2,RANDOM,0,16,406.0,0.8923076923076924,0.5625,0.5
BR,155921,2,RANDOM,0,20,411.0,0.9032967032967033,0.55,0.55
BR,155921,2,RANDOM,0,24,431.0,0.9472527472527472,0.6666666666666666,0.7083333333333334
BR,155921,2,UNCERT,0,6,381.0,0.8373626373626374,0.3333333333333333,0.3333333333333333
BR,155921,2,UNCERT,0,9,384.0,0.843956043956044,0.3333333333333333,0.3333333333333333
BR,155921,2,UNCERT,0,12,387.0,0.8505494505494505,0.25,0.3333333333333333
BR,155921,2,UNCERT,0,16,392.0,0.8615384615384616,0.4375,0.5
BR,155921,2,UNCERT,0,20,422.0,0.9274725274725275,0.6,0.6
BR,155921,2,UNCERT,0,24,435.0,0.9560439560439561,0.7083333333333334,0.7083333333333334
BR,155921,3,AOPT,0,6,13.0,0.15853658536585366,0.0,0.16666666666666666
BR,155921,3,AOPT,0,9,24.0,0.2926829268292683,0.3333333333333333,0.3333333333333333
BR,155921,3,AOPT,0,12,44.0,0.5365853658536586,0.5833333333333334,0.5833333333333334
BR,155921,3,AOPT,0,16,60.0,0.7317073170731707,0.6875,0.75
BR,155921,3,AOPT,0,20,72.0,0.8780487804878049,0.75,0.8
BR,155921,3,AOPT,0,24,76.0,0.926829268292683,0.7916666666666666,0.9166666666666666
BR,155921,3,MAXMIN,0,6,6.0,0.07317073170731707,0.0,0.0
BR,155921,3,MAXMIN,0,9,10.0,0.12195121951219512,0.0,0.0
BR,155921,3,MAXMIN,0,12,15.0,0.18292682926829268,0.16666666666666666,0.16666666666666666
BR,155921,3,MAXMIN,0,16,23.0,0.2804878048780488,0.375,0.375
BR,155921,3,MAXMIN,0,20,31.0,0.3780487804878049,0.55,0.6
BR,155921,3,MAXMIN,0,24,55.0,0.6707317073170732,0.7916666666666666,0.7916666666666666
BR,155921,3,RANDOM,0,6,7.0,0.08536585365853659,0.0,0.0
BR,155921,3,RANDOM,0,9,13.0,0.15853658536585366,0.1111111111111111,0.1111111111111111
BR,155921,3,RANDOM,0,12,30.0,0.36585365853658536,0.3333333333333333,0.3333333333333333
BR,155921,3,RANDOM,0,16,35.0,0.4268292682926829,0.4375,0.5
BR,155921,3,RANDOM,0,20,58.0,0.7073170731707317,0.6,0.7
BR,155921,3,RANDOM,0,24,66.0,0.8048780487804879,0.75,0.8333333333333334
BR,155921,3,UNCERT,0,6,13.0,0.15853658536585366,0.0,0.16666666666666666
BR,155921,3,UNCERT,0,9,28.0,0.34146341463414637,0.3333333333333333,0.3333333333333333
BR,155921,3,UNCERT,0,12,33.0,0.4024390243902439,0.4166666666666667,0.5
BR,155921,3,UNCERT,0,16,40.0,0.4878048780487805,0.625,0.625
BR,155921,3,UNCERT,0,20,52.0,0.6341463414634146,0.75,0.65
BR,155921,3,UNCERT,0,24,70.0,0.8536585365853658,0.8333333333333334,0.8333333333333334
BR,155921,4,AOPT,0,6,358.0,0.8026905829596412,0.3333333333333333,0.3333333333333333
BR,155921,4,AOPT,0,9,365.0,0.8183856502242153,0.2222222222222222,0.4444444444444444
BR,155921,4,AOPT,0,12,376.0,0.8430493273542601,0.5,0.5833333333333334
BR,155921,4,AOPT,0,16,414.0,0.9282511210762332,0.75,0.8125
BR,155921,4,AOPT,0,20,428.0,0.9596412556053812,0.75,0.8
BR,155921,4,AOPT,0,24,433.0,0.9708520179372198,0.8333333333333334,0.8333333333333334
BR,155921,4,MAXMIN,0,6,7.0,0.01569506726457399,0.0,0.0
BR,155921,4,MAXMIN,0,9,11.0,0.02466367713004484,0.0,0.0
BR,155921,4,MAXMIN,0,12,21.0,0.04708520179372197,0.08333333333333333,0.16666666666666666
BR,155921,4,MAXMIN,0,16,36.0,0.08071748878923767,0.4375,0.5
BR,155921,4,MAXMIN,0,20,76.0,0.17040358744394618,0.65,0.7
BR,155921,4,MAXMIN,0,24,84.0,0.18834080717488788,0.75,0.7083333333333334
BR,155921,4,RANDOM,0,6,21.0,0.04708520179372197,0.16666666666666666,0.16666666666666666
BR,155921,4,RANDOM,0,9,26.0,0.05829596412556054,0.1111111111111111,0.3333333333333333
BR,155921,4,RANDOM,0,12,33.0,0.07399103139013453,0.3333333333333333,0.3333333333333333
BR,155921,4,RANDOM,0,16,53.0,0.11883408071748879,0.5,0.4375
BR,155921,4,RANDOM,0,20,391.0,0.8766816143497758,0.65,0.6
BR,155921,4,RANDOM,0,24,411.0,0.92152466367713,0.75,0.75
BR,155921,4,UNCERT,0,6,25.0,0.05605381165919283,0.16666666666666666,0.16666666666666666
BR,155921,4,UNCERT,0,9,28.0,0.06278026905829596,0.1111111111111111,0.2222222222222222
BR,155921,4,UNCERT,0,12,31.0,0.06950672645739911,0.16666666666666666,0.16666666666666666
BR,155921,4,UNCERT,0,16,374.0,0.8385650224215246,0.4375,0.4375
BR,155921,4,UNCERT,0,20,404.0,0.905829596412556,0.65,0.65
BR,155921,4,UNCERT,0,24,424.0,0.9506726457399103,0.75,0.75
BR,196613,0,AOPT,0,6,359.0,0.8103837471783296,0.3333333333333333,0.3333333333333333
BR,196613,0,AOPT,0,9,362.0,0.8171557562076749,0.3333333333333333,0.3333333333333333
BR,196613,0,AOPT,0,12,369.0,0.8329571106094809,0.4166666666666667,0.4166666666666667
BR,196613,0,AOPT,0,16,379.0,0.8555304740406321,0.5625,0.5625
BR,196613,0,AOPT,0,20,410.0,0.9255079006772009,0.75,0.75
BR,196613,0,AOPT,0,24,430.0,0.9706546275395034,0.7916666666666666,0.8333333333333334
BR,196613,0,MAXMIN,0,6,22.0,0.04966139954853273,0.16666666666666666,0.16666666666666666
BR,196613,0,MAXMIN,0,9,33.0,0.0744920993227991,0.2222222222222222,0.2222222222222222
BR,196613,0,MAXMIN,0,12,38.0,0.08577878103837472,0.25,0.25
BR,196613,0,MAXMIN,0,16,53.0,0.11963882618510158,0.375,0.4375
BR,196613,0,MAXMIN,0,20,60.0,0.13544018058690746,0.55,0.55
BR,196613,0,MAXMIN,0,24,78.0,0.17607223476297967,0.6666666666666666,0.7083333333333334
BR,196613,0,RANDOM,0,6,350.0,0.7900677200902935,0.3333333333333333,0.3333333333333333
BR,196613,0,RANDOM,0,9,365.0,0.8239277652370203,0.4444444444444444,0.4444444444444444
BR,196613,0,RANDOM,0,12,368.0,0.8306997742663657,0.3333333333333333,0.4166666666666667
BR,196613,0,RANDOM,0,16,378.0,0.8532731376975169,0.5,0.5625
BR,196613,0,RANDOM,0,20,416.0,0.9390519187358917,0.75,0.75
BR,196613,0,RANDOM,0,24,423.0,0.9548532731376975,0.8333333333333334,0.8333333333333334
BR,196613,0,UNCERT,0,6,355.0,0.801354401805869,0.3333333333333333,0.3333333333333333
BR,196613,0,UNCERT,0,9,362.0,0.8171557562076749,0.3333333333333333,0.3333333333333333
BR,196613,0,UNCERT,0,12,388.0,0.8758465011286681,0.5,0.5
BR,196613,0,UNCERT,0,16,409.0,0.9232505643340858,0.625,0.5625
BR,196613,0,UNCERT,0,20,420.0,0.9480812641083521,0.75,0.7
BR,196613,0,UNCERT,0,24,424.0,0.9571106094808126,0.75,0.7083333333333334
BR,196613,1,AOPT,0,6,14.0,0.16470588235294117,0.16666666666666666,0.16666666666666666
BR,196613,1,AOPT,0,9,20.0,0.23529411764705882,0.2222222222222222,0.3333333333333333
BR,196613,1,AOPT,0,12,45.0,0.5294117647058824,0.5,0.6666666666666666
BR,196613,1,AOPT,0,16,57.0,0.6705882352941176,0.75,0.75
BR,196613,1,AOPT,0,20,73.0,0.8588235294117647,0.85,0.85
BR,196613,1,AOPT,0,24,77.0,0.9058823529411765,0.8333333333333334,0.875
BR,196613,1,MAXMIN,0,6,9.0,0.10588235294117647,0.0,0.0
BR,196613,1,MAXMIN,0,9,13.0,0.15294117647058825,0.1111111111111111,0.1111111111111111
BR,196613,1,MAXMIN,0,12,16.0,0.18823529411764706,0.08333333333333333,0.25
BR,196613,1,MAXMIN,0,16,27.0,0.3176470588235294,0.375,0.4375
BR,196613,1,MAXMIN,0,20,48.0,0.5647058823529412,0.65,0.6
BR,196613,1,MAXMIN,0,24,61.0,0.7176470588235294,0.7916666666666666,0.75
BR,196613,1,RANDOM,0,6,9.0,0.10588235294117647,0.0,0.0
BR,196613,1,RANDOM,0,9,21.0,0.24705882352941178,0.2222222222222222,0.2222222222222222
BR,196613,1,RANDOM,0,12,27.0,0.3176470588235294,0.3333333333333333,0.3333333333333333
BR,196613,1,RANDOM,0,16,47.0,0.5529411764705883,0.6875,0.625
BR,196613,1,RANDOM,0,20,58.0,0.6823529411764706,0.7,0.7
BR,196613,1,RANDOM,0,24,76.0,0.8941176470588236,0.7916666666666666,0.75
BR,196613,1,UNCERT,0,6,27.0,0.3176470588235294,0.3333333333333333,0.3333333333333333
BR,196613,1,UNCERT,0,9,32.0,0.3764705882352941,0.3333333333333333,0.4444444444444444
BR,196613,1,UNCERT,0,12,43.0,0.5058823529411764,0.5833333333333334,0.5833333333333334
BR,196613,1,UNCERT,0,16,47.0,0.5529411764705883,0.5,0.5
BR,196613,1,UNCERT,0,20,56.0,0.6588235294117647,0.65,0.65
BR,196613,1,UNCERT,0,24,75.0,0.8823529411764706,0.8333333333333334,0.8333333333333334
BR,196613,2,AOPT,0,6,387.0,0.8029045643153527,0.3333333333333333,0.3333333333333333
BR,196613,2,AOPT,0,9,392.0,0.8132780082987552,0.2222222222222222,0.4444444444444444
BR,196613,2,AOPT,0,12,408.0,0.8464730290456431,0.5,0.5833333333333334
BR,196613,2,AOPT,0,16,440.0,0.9128630705394191,0.75,0.75
BR,196613,2,AOPT,0,20,459.0,0.9522821576763485,0.75,0.85
BR,196613,2,AOPT,0,24,467.0,0.9688796680497925,0.75,0.8333333333333334
BR,196613,2,MAXMIN,0,6,11.0,0.022821576763485476,0.0,0.0
BR,196613,2,MAXMIN,0,9,14.0,0.029045643153526972,0.1111111111111111,0.0
BR,196613,2,MAXMIN,0,12,17.0,0.035269709543568464,0.08333333333333333,0.0
BR,196613,2,MAXMIN,0,16,23.0,0.04771784232365145,0.25,0.1875
BR,196613,2,MAXMIN,0,20,56.0,0.11618257261410789,0.45,0.5
BR,196613,2,MAXMIN,0,24,64.0,0.13278008298755187,0.625,0.625
BR,196613,2,RANDOM,0,6,19.0,0.03941908713692946,0.16666666666666666,0.16666666666666666
BR,196613,2,RANDOM,0,9,46.0,0.0954356846473029,0.4444444444444444,0.4444444444444444
BR,196613,2,RANDOM,0,12,59.0,0.12240663900414937,0.5,0.5833333333333334
BR,196613,2,RANDOM,0,16,77.0,0.15975103734439833,0.5625,0.625
BR,196613,2,RANDOM,0,20,81.0,0.16804979253112035,0.6,0.6
BR,196613,2,RANDOM,0,24,448.0,0.9294605809128631,0.7083333333333334,0.75
BR,196613,2,UNCERT,0,6,24.0,0.04979253112033195,0.16666666666666666,0.16666666666666666
BR,196613,2,UNCERT,0,9,27.0,0.056016597510373446,0.1111111111111111,0.2222222222222222
BR,196613,2,UNCERT,0,12,36.0,0.07468879668049792,0.3333333333333333,0.25
BR,196613,2,UNCERT,0,16,417.0,0.8651452282157677,0.5,0.5
BR,196613,2,UNCERT,0,20,430.0,0.8921161825726142,0.65,0.6
BR,196613,2,UNCERT,0,24,463.0,0.9605809128630706,0.7916666666666666,0.7916666666666666
BR,196613,3,AOPT,0,6,353.0,0.8364928909952607,0.3333333333333333,0.5
BR,196613,3,AOPT,0,9,357.0,0.8459715639810427,0.4444444444444444,0.3333333333333333
BR,196613,3,AOPT,0,12,374.0,0.8862559241706162,0.6666666666666666,0.6666666666666666
BR,196613,3,AOPT,0,16,399.0,0.9454976303317536,0.8125,0.8125
BR,196613,3,AOPT,0,20,408.0,0.966824644549763,0.8,0.8
BR,196613,3,AOPT,0,24,413.0,0.9786729857819905,0.7916666666666666,0.7916666666666666
BR,196613,3,MAXMIN,0,6,7.0,0.016587677725118485,0.0,0.0
BR,196613,3,MAXMIN,0,9,12.0,0.02843601895734597,0.0,0.1111111111111111
BR,196613,3,MAXMIN,0,12,17.0,0.04028436018957346,0.16666666666666666,0.16666666666666666
BR,196613,3,MAXMIN,0,16,24.0,0.05687203791469194,0.4375,0.4375
BR,196613,3,MAXMIN,0,20,46.0,0.10900473933649289,0.65,0.6
BR,196613,3,MAXMIN,0,24,64.0,0.15165876777251186,0.7083333333333334,0.6666666666666666
BR,196613,3,RANDOM,0,6,7.0,0.016587677725118485,0.0,0.0
BR,196613,3,RANDOM,0,9,14.0,0.03317535545023697,0.1111111111111111,0.1111111111111111
BR,196613,3,RANDOM,0,12,19.0,0.045023696682464455,0.16666666666666666,0.16666666666666666
BR,196613,3,RANDOM,0,16,27.0,0.06398104265402843,0.4375,0.4375
BR,196613,3,RANDOM,0,20,43.0,0.1018957345971564,0.5,0.55
BR,196613,3,RANDOM,0,24,64.0,0.15165876777251186,0.7083333333333334,0.75
BR,196613,3,UNCERT,0,6,21.0,0.04976303317535545,0.16666666666666666,0.16666666666666666
BR,196613,3,UNCERT,0,9,25.0,0.05924170616113744,0.2222222222222222,0.1111111111111111
BR,196613,3,UNCERT,0,12,41.0,0.0971563981042654,0.3333333333333333,0.3333333333333333
BR,196613,3,UNCERT,0,16,51.0,0.12085308056872038,0.5625,0.5625
BR,196613,3,UNCERT,0,20,59.0,0.13981042654028436,0.65,0.65
BR,196613,3,UNCERT,0,24,408.0,0.966824644549763,0.8333333333333334,0.8333333333333334
BR,196613,4,AOPT,0,6,330.0,0.8527131782945736,0.5,0.5
BR,196613,4,AOPT,0,9,335.0,0.8656330749354005,0.3333333333333333,0.5555555555555556
BR,196613,4,AOPT,0,12,355.0,0.917312661498708,0.6666666666666666,0.6666666666666666
BR,196613,4,AOPT,0,16,370.0,0.9560723514211886,0.6875,0.75
BR,196613,4,AOPT,0,20,375.0,0.9689922480620154,0.85,0.85
BR,196613,4,AOPT,0,24,379.0,0.979328165374677,0.875,0.9583333333333334
BR,196613,4,MAXMIN,0,6,6.0,0.015503875968992248,0.0,0.0
BR,196613,4,MAXMIN,0,9,10.0,0.025839793281653745,0.0,0.0
BR,196613,4,MAXMIN,0,12,14.0,0.03617571059431524,0.08333333333333333,0.25
BR,196613,4,MAXMIN,0,16,22.0,0.056847545219638244,0.4375,0.5
BR,196613,4,MAXMIN,0,20,56.0,0.14470284237726097,0.7,0.65
BR,196613,4,MAXMIN,0,24,68.0,0.17571059431524547,0.8333333333333334,0.875
BR,196613,4,RANDOM,0,6,18.0,0.046511627906976744,0.16666666666666666,0.16666666666666666
BR,196613,4,RANDOM,0,9,24.0,0.06201550387596899,0.2222222222222222,0.3333333333333333
BR,196613,4,RANDOM,0,12,34.0,0.08785529715762273,0.5,0.4166666666666667
BR,196613,4,RANDOM,0,16,53.0,0.13695090439276486,0.5625,0.5
BR,196613,4,RANDOM,0,20,57.0,0.14728682170542637,0.7,0.7
BR,196613,4,RANDOM,0,24,376.0,0.9715762273901809,0.875,0.8333333333333334
BR,196613,4,UNCERT,0,6,328.0,0.8475452196382429,0.3333333333333333,0.3333333333333333
BR,196613,4,UNCERT,0,9,332.0,0.8578811369509044,0.2222222222222222,0.4444444444444444
BR,196613,4,UNCERT,0,12,335.0,0.8656330749354005,0.4166666666666667,0.5
BR,196613,4,UNCERT,0,16,348.0,0.8992248062015504,0.6875,0.6875
BR,196613,4,UNCERT,0,20,359.0,0.9276485788113695,0.75,0.75
BR,196613,4,UNCERT,0,24,379.0,0.979328165374677,0.7916666666666666,0.875
BR,262147,0,AOPT,0,6,382.0,0.8179871520342612,0.3333333333333333,0.3333333333333333
BR,262147,0,AOPT,0,9,388.0,0.8308351177730193,0.3333333333333333,0.4444444444444444
BR,262147,0,AOPT,0,12,427.0,0.9143468950749465,0.6666666666666666,0.75
BR,262147,0,AOPT,0,16,436.0,0.9336188436830836,0.6875,0.75
BR,262147,0,AOPT,0,20,446.0,0.9550321199143469,0.75,0.8
BR,262147,0,AOPT,0,24,451.0,0.9657387580299786,0.7916666666666666,0.7916666666666666
BR,262147,0,MAXMIN,0,6,22.0,0.047109207708779445,0.16666666666666666,0.16666666666666666
BR,262147,0,MAXMIN,0,9,27.0,0.057815845824411134,0.1111111111111111,0.1111111111111111
BR,262147,0,MAXMIN,0,12,30.0,0.06423982869379015,0.08333333333333333,0.16666666666666666
BR,262147,0,MAXMIN,0,16,37.0,0.07922912205567452,0.3125,0.3125
BR,262147,0,MAXMIN,0,20,72.0,0.15417558886509636,0.45,0.5
BR,262147,0,MAXMIN,0,24,77.0,0.16488222698072805,0.625,0.625
BR,262147,0,RANDOM,0,6,25.0,0.05353319057815846,0.16666666666666666,0.16666666666666666
BR,262147,0,RANDOM,0,9,28.0,0.059957173447537475,0.1111111111111111,0.1111111111111111
BR,262147,0,RANDOM,0,12,32.0,0.06852248394004283,0.16666666666666666,0.25
BR,262147,0,RANDOM,0,16,399.0,0.854389721627409,0.375,0.4375
BR,262147,0,RANDOM,0,20,411.0,0.880085653104925,0.6,0.65
BR,262147,0,RANDOM,0,24,419.0,0.8972162740899358,0.6666666666666666,0.625
BR,262147,0,UNCERT,0,6,26.0,0.055674518201284794,0.16666666666666666,0.16666666666666666
BR,262147,0,UNCERT,0,9,29.0,0.06209850107066381,0.1111111111111111,0.1111111111111111
BR,262147,0,UNCERT,0,12,51.0,0.10920770877944326,0.3333333333333333,0.3333333333333333
BR,262147,0,UNCERT,0,16,56.0,0.11991434689507495,0.375,0.375
BR,262147,0,UNCERT,0,20,414.0,0.8865096359743041,0.6,0.6
BR,262147,0,UNCERT,0,24,439.0,0.9400428265524625,0.75,0.75
BR,262147,1,AOPT,0,6,391.0,0.7947154471544715,0.3333333333333333,0.3333333333333333
BR,262147,1,AOPT,0,9,395.0,0.8028455284552846,0.2222222222222222,0.3333333333333333
BR,262147,1,AOPT,0,12,413.0,0.8394308943089431,0.5,0.5
BR,262147,1,AOPT,0,16,461.0,0.9369918699186992,0.75,0.75
BR,262147,1,AOPT,0,20,470.0,0.9552845528455285,0.75,0.75
BR,262147,1,AOPT,0,24,477.0,0.9695121951219512,0.8333333333333334,0.875
BR,262147,1,MAXMIN,0,6,7.0,0.014227642276422764,0.0,0.0
BR,262147,1,MAXMIN,0,9,12.0,0.024390243902439025,0.0,0.0
BR,262147,1,MAXMIN,0,12,17.0,0.034552845528455285,0.0,0.08333333333333333
BR,262147,1,MAXMIN,0,16,39.0,0.07926829268292683,0.3125,0.375
BR,262147,1,MAXMIN,0,20,46.0,0.09349593495934959,0.5,0.5
BR,262147,1,MAXMIN,0,24,79.0,0.16056910569105692,0.6666666666666666,0.6666666666666666
BR,262147,1,RANDOM,0,6,38.0,0.07723577235772358,0.3333333333333333,0.3333333333333333
BR,262147,1,RANDOM,0,9,42.0,0.08536585365853659,0.3333333333333333,0.3333333333333333
BR,262147,1,RANDOM,0,12,46.0,0.09349593495934959,0.3333333333333333,0.3333333333333333
BR,262147,1,RANDOM,0,16,50.0,0.1016260162601626,0.375,0.4375
BR,262147,1,RANDOM,0,20,61.0,0.12398373983739837,0.6,0.6
BR,262147,1,RANDOM,0,24,85.0,0.17276422764227642,0.7083333333333334,0.7083333333333334
BR,262147,1,UNCERT,0,6,24.0,0.04878048780487805,0.16666666666666666,0.16666666666666666
BR,262147,1,UNCERT,0,9,27.0,0.054878048780487805,0.1111111111111111,0.1111111111111111
BR,262147,1,UNCERT,0,12,34.0,0.06910569105691057,0.25,0.08333333333333333
BR,262147,1,UNCERT,0,16,405.0,0.823170731707317,0.375,0.3125
BR,262147,1,UNCERT,0,20,435.0,0.8841463414634146,0.6,0.6
BR,262147,1,UNCERT,0,24,450.0,0.9146341463414634,0.625,0.625
BR,262147,2,AOPT,0,6,20.0,0.23529411764705882,0.16666666666666666,0.16666666666666666
BR,262147,2,AOPT,0,9,24.0,0.2823529411764706,0.2222222222222222,0.2222222222222222
BR,262147,2,AOPT,0,12,40.0,0.47058823529411764,0.4166666666666667,0.6666666666666666
BR,262147,2,AOPT,0,16,56.0,0.6588235294117647,0.6875,0.75
BR,262147,2,AOPT,0,20,72.0,0.8470588235294118,0.8,0.85
BR,262147,2,AOPT,0,24,77.0,0.9058823529411765,0.7916666666666666,0.875
BR,262147,2,MAXMIN,0,6,13.0,0.15294117647058825,0.16666666666666666,0.16666666666666666
BR,262147,2,MAXMIN,0,9,25.0,0.29411764705882354,0.2222222222222222,0.3333333333333333
BR,262147,2,MAXMIN,0,12,28.0,0.32941176470588235,0.16666666666666666,0.4166666666666667
BR,262147,2,MAXMIN,0,16,35.0,0.4117647058823529,0.4375,0.5625
BR,262147,2,MAXMIN,0,20,53.0,0.6235294117647059,0.7,0.75
BR,262147,2,MAXMIN,0,24,74.0,0.8705882352941177,0.8333333333333334,0.8333333333333334
BR,262147,2,RANDOM,0,6,6.0,0.07058823529411765,0.0,0.0
BR,262147,2,RANDOM,0,9,18.0,0.21176470588235294,0.1111111111111111,0.1111111111111111
BR,262147,2,RANDOM,0,12,23.0,0.27058823529411763,0.16666666666666666,0.16666666666666666
BR,262147,2,RANDOM,0,16,41.0,0.4823529411764706,0.375,0.375
BR,262147,2,RANDOM,0,20,57.0,0.6705882352941176,0.55,0.55
BR,262147,2,RANDOM,0,24,71.0,0.8352941176470589,0.75,0.7916666666666666
BR,262147,2,UNCERT,0,6,21.0,0.24705882352941178,0.16666666666666666,0.16666666666666666
BR,262147,2,UNCERT,0,9,27.0,0.3176470588235294,0.2222222222222222,0.3333333333333333
BR,262147,2,UNCERT,0,12,38.0,0.4470588235294118,0.4166666666666667,0.5
BR,262147,2,UNCERT,0,16,48.0,0.5647058823529412,0.625,0.5625
BR,262147,2,UNCERT,0,20,61.0,0.7176470588235294,0.7,0.7
BR,262147,2,UNCERT,0,24,75.0,0.8823529411764706,0.8333333333333334,0.75
BR,262147,3,AOPT,0,6,321.0,0.8188775510204082,0.3333333333333333,0.3333333333333333
BR,262147,3,AOPT,0,9,325.0,0.8290816326530612,0.3333333333333333,0.2222222222222222
BR,262147,3,AOPT,0,12,331.0,0.8443877551020408,0.4166666666666667,0.4166666666666667
BR,262147,3,AOPT,0,16,344.0,0.8775510204081632,0.625,0.625
BR,262147,3,AOPT,0,20,363.0,0.9260204081632653,0.7,0.7
BR,262147,3,AOPT,0,24,383.0,0.9770408163265306,0.7916666666666666,0.8333333333333334
BR,262147,3,MAXMIN,0,6,6.0,0.015306122448979591,0.0,0.0
BR,262147,3,MAXMIN,0,9,10.0,0.025510204081632654,0.0,0.0
BR,262147,3,MAXMIN,0,12,13.0,0.03316326530612245,0.0,0.0
BR,262147,3,MAXMIN,0,16,20.0,0.05102040816326531,0.25,0.25
BR,262147,3,MAXMIN,0,20,34.0,0.08673469387755102,0.45,0.5
BR,262147,3,MAXMIN,0,24,56.0,0.14285714285714285,0.625,0.625
BR,262147,3,RANDOM,0,6,16.0,0.04081632653061224,0.16666666666666666,0.16666666666666666
BR,262147,3,RANDOM,0,9,20.0,0.05102040816326531,0.1111111111111111,0.2222222222222222
BR,262147,3,RANDOM,0,12,27.0,0.06887755102040816,0.3333333333333333,0.3333333333333333
BR,262147,3,RANDOM,0,16,48.0,0.12244897959183673,0.5625,0.5625
BR,262147,3,RANDOM,0,20,55.0,0.14030612244897958,0.6,0.6
BR,262147,3,RANDOM,0,24,60.0,0.15306122448979592,0.75,0.7083333333333334
BR,262147,3,UNCERT,0,6,320.0,0.8163265306122449,0.16666666666666666,0.3333333333333333
BR,262147,3,UNCERT,0,9,327.0,0.8341836734693877,0.3333333333333333,0.4444444444444444
BR,262147,3,UNCERT,0,12,331.0,0.8443877551020408,0.3333333333333333,0.3333333333333333
BR,262147,3,UNCERT,0,16,350.0,0.8928571428571429,0.5625,0.5625
BR,262147,3,UNCERT,0,20,362.0,0.923469387755102,0.7,0.7
BR,262147,3,UNCERT,0,24,374.0,0.9540816326530612,0.7916666666666666,0.7916666666666666
BR,262147,4,AOPT,0,6,387.0,0.7995867768595041,0.3333333333333333,0.3333333333333333
BR,262147,4,AOPT,0,9,390.0,0.8057851239669421,0.2222222222222222,0.3333333333333333
BR,262147,4,AOPT,0,12,401.0,0.8285123966942148,0.4166666666666667,0.5
BR,262147,4,AOPT,0,16,440.0,0.9090909090909091,0.6875,0.6875
BR,262147,4,AOPT,0,20,462.0,0.9545454545454546,0.7,0.75
BR,262147,4,AOPT,0,24,471.0,0.9731404958677686,0.75,0.7916666666666666
BR,262147,4,MAXMIN,0,6,16.0,0.03305785123966942,0.16666666666666666,0.16666666666666666
BR,262147,4,MAXMIN,0,9,21.0,0.04338842975206612,0.1111111111111111,0.1111111111111111
BR,262147,4,MAXMIN,0,12,33.0,0.06818181818181818,0.16666666666666666,0.25
BR,262147,4,MAXMIN,0,16,39.0,0.08057851239669421,0.3125,0.3125
BR,262147,4,MAXMIN,0,20,46.0,0.09504132231404959,0.45,0.5
BR,262147,4,MAXMIN,0,24,79.0,0.16322314049586778,0.6666666666666666,0.7083333333333334
BR,262147,4,RANDOM,0,6,17.0,0.03512396694214876,0.16666666666666666,0.16666666666666666
BR,262147,4,RANDOM,0,9,393.0,0.8119834710743802,0.3333333333333333,0.3333333333333333
BR,262147,4,RANDOM,0,12,403.0,0.8326446280991735,0.4166666666666667,0.5
BR,262147,4,RANDOM,0,16,423.0,0.8739669421487604,0.5625,0.5
BR,262147,4,RANDOM,0,20,432.0,0.8925619834710744,0.7,0.65
BR,262147,4,RANDOM,0,24,440.0,0.9090909090909091,0.7916666666666666,0.7916666666666666
BR,262147,4,UNCERT,0,6,25.0,0.05165289256198347,0.16666666666666666,0.16666666666666666
BR,262147,4,UNCERT,0,9,28.0,0.05785123966942149,0.1111111111111111,0.2222222222222222
BR,262147,4,UNCERT,0,12,31.0,0.0640495867768595,0.16666666666666666,0.16666666666666666
BR,262147,4,UNCERT,0,16,40.0,0.08264462809917356,0.375,0.375
BR,262147,4,UNCERT,0,20,421.0,0.8698347107438017,0.55,0.55
BR,262147,4,UNCERT,0,24,445.0,0.9194214876033058,0.75,0.75
BQ,104729,0,AOPT,0,6,14.0,0.18421052631578946,0.3333333333333333,0.16666666666666666
BQ,104729,0,AOPT,0,9,30.0,0.39473684210526316,0.4444444444444444,0.5555555555555556
BQ,104729,0,AOPT,0,12,45.0,0.5921052631578947,0.75,0.8333333333333334
BQ,104729,0,AOPT,0,16,54.0,0.7105263157894737,0.875,0.875
BQ,104729,0,AOPT,0,20,58.0,0.7631578947368421,0.8,0.8
BQ,104729,0,AOPT,0,24,63.0,0.8289473684210527,0.8333333333333334,0.875
BQ,104729,0,MAXMIN,0,6,7.0,0.09210526315789473,0.0,0.0
BQ,104729,0,MAXMIN,0,9,12.0,0.15789473684210525,0.0,0.1111111111111111
BQ,104729,0,MAXMIN,0,12,16.0,0.21052631578947367,0.16666666666666666,0.25
BQ,104729,0,MAXMIN,0,16,25.0,0.32894736842105265,0.4375,0.4375
BQ,104729,0,MAXMIN,0,20,34.0,0.4473684210526316,0.6,0.6
BQ,104729,0,MAXMIN,0,24,48.0,0.631578947368421,0.7083333333333334,0.7083333333333334
BQ,104729,0,RANDOM,0,6,12.0,0.15789473684210525,0.16666666666666666,0.0
BQ,104729,0,RANDOM,0,9,17.0,0.2236842105263158,0.2222222222222222,0.2222222222222222
BQ,104729,0,RANDOM,0,12,21.0,0.27631578947368424,0.3333333333333333,0.3333333333333333
BQ,104729,0,RANDOM,0,16,29.0,0.3815789473684211,0.4375,0.375
BQ,104729,0,RANDOM,0,20,38.0,0.5,0.6,0.6
BQ,104729,0,RANDOM,0,24,54.0,0.7105263157894737,0.75,0.75
BQ,104729,0,UNCERT,0,6,13.0,0.17105263157894737,0.3333333333333333,0.16666666666666666
BQ,104729,0,UNCERT,0,9,17.0,0.2236842105263158,0.2222222222222222,0.3333333333333333
BQ,104729,0,UNCERT,0,12,20.0,0.2631578947368421,0.3333333333333333,0.3333333333333333
BQ,104729,0,UNCERT,0,16,25.0,0.32894736842105265,0.4375,0.4375
BQ,104729,0,UNCERT,0,20,35.0,0.4605263157894737,0.65,0.55
BQ,104729,0,UNCERT,0,24,51.0,0.6710526315789473,0.75,0.6666666666666666
BQ,104729,1,AOPT,0,6,396.0,0.8081632653061225,0.3333333333333333,0.3333333333333333
BQ,104729,1,AOPT,0,9,402.0,0.8204081632653061,0.2222222222222222,0.4444444444444444
BQ,104729,1,AOPT,0,12,434.0,0.8857142857142857,0.5833333333333334,0.6666666666666666
BQ,104729,1,AOPT,0,16,463.0,0.9448979591836735,0.8125,0.8125
BQ,104729,1,AOPT,0,20,468.0,0.9551020408163265,0.75,0.8
BQ,104729,1,AOPT,0,24,476.0,0.9714285714285714,0.8333333333333334,0.8333333333333334
BQ,104729,1,MAXMIN,0,6,11.0,0.022448979591836733,0.0,0.0
BQ,104729,1,MAXMIN,0,9,24.0,0.04897959183673469,0.2222222222222222,0.2222222222222222
BQ,104729,1,MAXMIN,0,12,29.0,0.05918367346938776,0.16666666666666666,0.25
BQ,104729,1,MAXMIN,0,16,52.0,0.10612244897959183,0.375,0.375
BQ,104729,1,MAXMIN,0,20,71.0,0.14489795918367346,0.6,0.65
BQ,104729,1,MAXMIN,0,24,91.0,0.18571428571428572,0.75,0.75
BQ,104729,1,RANDOM,0,6,36.0,0.07346938775510205,0.3333333333333333,0.3333333333333333
BQ,104729,1,RANDOM,0,9,54.0,0.11020408163265306,0.4444444444444444,0.4444444444444444
BQ,104729,1,RANDOM,0,12,67.0,0.13673469387755102,0.5,0.5
BQ,104729,1,RANDOM,0,16,74.0,0.1510204081632653,0.625,0.6875
BQ,104729,1,RANDOM,0,20,78.0,0.15918367346938775,0.6,0.6
BQ,104729,1,RANDOM,0,24,466.0,0.9510204081632653,0.6666666666666666,0.6666666666666666
BQ,104729,1,UNCERT,0,6,28.0,0.05714285714285714,0.16666666666666666,0.16666666666666666
BQ,104729,1,UNCERT,0,9,31.0,0.06326530612244897,0.1111111111111111,0.2222222222222222
BQ,104729,1,UNCERT,0,12,40.0,0.08163265306122448,0.3333333333333333,0.3333333333333333
BQ,104729,1,UNCERT,0,16,428.0,0.8734693877551021,0.5,0.5
BQ,104729,1,UNCERT,0,20,441.0,0.9,0.65,0.6
BQ,104729,1,UNCERT,0,24,474.0,0.9673469387755103,0.7916666666666666,0.7916666666666666
BQ,104729,2,AOPT,0,6,383.0,0.8046218487394958,0.3333333333333333,0.3333333333333333
BQ,104729,2,AOPT,0,9,389.0,0.8172268907563025,0.3333333333333333,0.4444444444444444
BQ,104729,2,AOPT,0,12,394.0,0.8277310924369747,0.4166666666666667,0.5
BQ,104729,2,AOPT,0,16,440.0,0.9243697478991597,0.6875,0.75
BQ,104729,2,AOPT,0,20,453.0,0.9516806722689075,0.7,0.75
BQ,104729,2,AOPT,0,24,460.0,0.9663865546218487,0.8333333333333334,0.8333333333333334
BQ,104729,2,MAXMIN,0,6,11.0,0.023109243697478993,0.0,0.0
BQ,104729,2,MAXMIN,0,9,15.0,0.031512605042016806,0.1111111111111111,0.0
BQ,104729,2,MAXMIN,0,12,19.0,0.03991596638655462,0.08333333333333333,0.08333333333333333
BQ,104729,2,MAXMIN,0,16,28.0,0.058823529411764705,0.375,0.375
BQ,104729,2,MAXMIN,0,20,58.0,0.12184873949579832,0.5,0.5
BQ,104729,2,MAXMIN,0,24,78.0,0.1638655462184874,0.625,0.625
BQ,104729,2,RANDOM,0,6,20.0,0.04201680672268908,0.16666666666666666,0.16666666666666666
BQ,104729,2,RANDOM,0,9,27.0,0.05672268907563025,0.2222222222222222,0.3333333333333333
BQ,104729,2,RANDOM,0,12,41.0,0.0861344537815126,0.3333333333333333,0.4166666666666667
BQ,104729,2,RANDOM,0,16,88.0,0.18487394957983194,0.6875,0.6875
BQ,104729,2,RANDOM,0,20,94.0,0.19747899159663865,0.65,0.65
BQ,104729,2,RANDOM,0,24,98.0,0.20588235294117646,0.7083333333333334,0.7083333333333334
BQ,104729,2,UNCERT,0,6,384.0,0.8067226890756303,0.3333333333333333,0.3333333333333333
BQ,104729,2,UNCERT,0,9,391.0,0.8214285714285714,0.3333333333333333,0.3333333333333333
BQ,104729,2,UNCERT,0,12,413.0,0.8676470588235294,0.5833333333333334,0.5
BQ,104729,2,UNCERT,0,16,424.0,0.8907563025210085,0.6875,0.625
BQ,104729,2,UNCERT,0,20,429.0,0.9012605042016807,0.75,0.7
BQ,104729,2,UNCERT,0,24,463.0,0.9726890756302521,0.7916666666666666,0.7916666666666666
BQ,104729,3,AOPT,0,6,348.0,0.7682119205298014,0.3333333333333333,0.3333333333333333
BQ,104729,3,AOPT,0,9,353.0,0.7792494481236203,0.2222222222222222,0.2222222222222222
BQ,104729,3,AOPT,0,12,359.0,0.7924944812362031,0.4166666666666667,0.3333333333333333
BQ,104729,3,AOPT,0,16,372.0,0.8211920529801324,0.5625,0.5625
BQ,104729,3,AOPT,0,20,380.0,0.8388520971302428,0.6,0.6
BQ,104729,3,AOPT,0,24,385.0,0.8498896247240618,0.6666666666666666,0.7083333333333334
BQ,104729,3,MAXMIN,0,6,7.0,0.01545253863134658,0.0,0.0
BQ,104729,3,MAXMIN,0,9,20.0,0.04415011037527594,0.1111111111111111,0.1111111111111111
BQ,104729,3,MAXMIN,0,12,24.0,0.052980132450331126,0.08333333333333333,0.08333333333333333
BQ,104729,3,MAXMIN,0,16,33.0,0.0728476821192053,0.25,0.25
BQ,104729,3,MAXMIN,0,20,40.0,0.08830022075055188,0.45,0.45
BQ,104729,3,MAXMIN,0,24,72.0,0.15894039735099338,0.625,0.625
BQ,104729,3,RANDOM,0,6,18.0,0.039735099337748346,0.16666666666666666,0.16666666666666666
BQ,104729,3,RANDOM,0,9,37.0,0.08167770419426049,0.2222222222222222,0.2222222222222222
BQ,104729,3,RANDOM,0,12,360.0,0.7947019867549668,0.25,0.25
BQ,104729,3,RANDOM,0,16,370.0,0.8167770419426048,0.3125,0.3125
BQ,104729,3,RANDOM,0,20,376.0,0.8300220750551877,0.5,0.5
BQ,104729,3,RANDOM,0,24,398.0,0.8785871964679912,0.6666666666666666,0.6666666666666666
BQ,104729,3,UNCERT,0,6,346.0,0.7637969094922737,0.3333333333333333,0.3333333333333333
BQ,104729,3,UNCERT,0,9,365.0,0.8057395143487859,0.3333333333333333,0.3333333333333333
BQ,104729,3,UNCERT,0,12,380.0,0.8388520971302428,0.4166666666666667,0.4166666666666667
BQ,104729,3,UNCERT,0,16,405.0,0.8940397350993378,0.5625,0.5625
BQ,104729,3,UNCERT,0,20,426.0,0.9403973509933775,0.75,0.75
BQ,104729,3,UNCERT,0,24,431.0,0.9514348785871964,0.75,0.75
BQ,104729,4,AOPT,0,6,285.0,0.7519788918205804,0.16666666666666666,0.16666666666666666
BQ,104729,4,AOPT,0,9,288.0,0.7598944591029023,0.2222222222222222,0.2222222222222222
BQ,104729,4,AOPT,0,12,294.0,0.7757255936675461,0.3333333333333333,0.4166666666666667
BQ,104729,4,AOPT,0,16,302.0,0.7968337730870713,0.4375,0.5
BQ,104729,4,AOPT,0,20,338.0,0.8918205804749341,0.6,0.65
BQ,104729,4,AOPT,0,24,361.0,0.9525065963060686,0.75,0.7916666666666666
BQ,104729,4,MAXMIN,0,6,7.0,0.018469656992084433,0.0,0.0
BQ,104729,4,MAXMIN,0,9,11.0,0.029023746701846966,0.0,0.0
BQ,104729,4,MAXMIN,0,12,15.0,0.0395778364116095,0.0,0.08333333333333333
BQ,104729,4,MAXMIN,0,16,25.0,0.06596306068601583,0.375,0.4375
BQ,104729,4,MAXMIN,0,20,32.0,0.08443271767810026,0.45,0.45
BQ,104729,4,MAXMIN,0,24,61.0,0.16094986807387862,0.625,0.6666666666666666
BQ,104729,4,RANDOM,0,6,34.0,0.08970976253298153,0.3333333333333333,0.3333333333333333
BQ,104729,4,RANDOM,0,9,38.0,0.10026385224274406,0.4444444444444444,0.3333333333333333
BQ,104729,4,RANDOM,0,12,51.0,0.1345646437994723,0.5,0.5833333333333334
BQ,104729,4,RANDOM,0,16,332.0,0.8759894459102903,0.625,0.625
BQ,104729,4,RANDOM,0,20,337.0,0.8891820580474934,0.65,0.65
BQ,104729,4,RANDOM,0,24,350.0,0.9234828496042217,0.7916666666666666,0.7916666666666666
BQ,104729,4,UNCERT,0,6,281.0,0.741424802110818,0.16666666666666666,0.16666666666666666
BQ,104729,4,UNCERT,0,9,289.0,0.762532981530343,0.2222222222222222,0.1111111111111111
BQ,104729,4,UNCERT,0,12,297.0,0.783641160949868,0.3333333333333333,0.25
BQ,104729,4,UNCERT,0,16,322.0,0.8496042216358839,0.5625,0.5
BQ,104729,4,UNCERT,0,20,347.0,0.9155672823218998,0.7,0.65
BQ,104729,4,UNCERT,0,24,360.0,0.9498680738786279,0.7916666666666666,0.75
BQ,130363,0,AOPT,0,6,371.0,0.7927350427350427,0.3333333333333333,0.3333333333333333
BQ,130363,0,AOPT,0,9,378.0,0.8076923076923077,0.3333333333333333,0.4444444444444444
BQ,130363,0,AOPT,0,12,383.0,0.8183760683760684,0.5,0.5833333333333334
BQ,130363,0,AOPT,0,16,424.0,0.905982905982906,0.6875,0.6875
BQ,130363,0,AOPT,0,20,447.0,0.9551282051282052,0.75,0.8
BQ,130363,0,AOPT,0,24,452.0,0.9658119658119658,0.75,0.7916666666666666
BQ,130363,0,MAXMIN,0,6,23.0,0.049145299145299144,0.16666666666666666,0.16666666666666666
BQ,130363,0,MAXMIN,0,9,27.0,0.057692307692307696,0.1111111111111111,0.1111111111111111
BQ,130363,0,MAXMIN,0,12,32.0,0.06837606837606838,0.16666666666666666,0.25
BQ,130363,0,MAXMIN,0,16,46.0,0.09829059829059829,0.3125,0.375
BQ,130363,0,MAXMIN,0,20,69.0,0.14743589743589744,0.45,0.5
BQ,130363,0,MAXMIN,0,24,79.0,0.16880341880341881,0.625,0.625
BQ,130363,0,RANDOM,0,6,36.0,0.07692307692307693,0.3333333333333333,0.3333333333333333
BQ,130363,0,RANDOM,0,9,39.0,0.08333333333333333,0.3333333333333333,0.3333333333333333
BQ,130363,0,RANDOM,0,12,71.0,0.1517094017094017,0.5,0.5
BQ,130363,0,RANDOM,0,16,86.0,0.18376068376068377,0.5625,0.5625
BQ,130363,0,RANDOM,0,20,93.0,0.1987179487179487,0.65,0.65
BQ,130363,0,RANDOM,0,24,101.0,0.21581196581196582,0.6666666666666666,0.625
BQ,130363,0,UNCERT,0,6,25.0,0.053418803418803416,0.16666666666666666,0.16666666666666666
BQ,130363,0,UNCERT,0,9,28.0,0.05982905982905983,0.1111111111111111,0.1111111111111111
BQ,130363,0,UNCERT,0,12,31.0,0.06623931623931624,0.16666666666666666,0.16666666666666666
BQ,130363,0,UNCERT,0,16,383.0,0.8183760683760684,0.375,0.375
BQ,130363,0,UNCERT,0,20,415.0,0.8867521367521367,0.6,0.6
BQ,130363,0,UNCERT,0,24,423.0,0.9038461538461539,0.75,0.75
BQ,130363,1,AOPT,0,6,317.0,0.8128205128205128,0.3333333333333333,0.3333333333333333
BQ,130363,1,AOPT,0,9,320.0,0.8205128205128205,0.3333333333333333,0.2222222222222222
BQ,130363,1,AOPT,0,12,328.0,0.841025641025641,0.5833333333333334,0.5833333333333334
BQ,130363,1,AOPT,0,16,362.0,0.9282051282051282,0.625,0.625
BQ,130363,1,AOPT,0,20,371.0,0.9512820512820512,0.65,0.65
BQ,130363,1,AOPT,0,24,377.0,0.9666666666666667,0.75,0.75
BQ,130363,1,MAXMIN,0,6,8.0,0.020512820512820513,0.0,0.0
BQ,130363,1,MAXMIN,0,9,13.0,0.03333333333333333,0.1111111111111111,0.1111111111111111
BQ,130363,1,MAXMIN,0,12,17.0,0.04358974358974359,0.25,0.25
BQ,130363,1,MAXMIN,0,16,22.0,0.05641025641025641,0.375,0.375
BQ,130363,1,MAXMIN,0,20,29.0,0.07435897435897436,0.5,0.55
BQ,130363,1,MAXMIN,0,24,38.0,0.09743589743589744,0.6666666666666666,0.625
BQ,130363,1,RANDOM,0,6,20.0,0.05128205128205128,0.16666666666666666,0.16666666666666666
BQ,130363,1,RANDOM,0,9,27.0,0.06923076923076923,0.4444444444444444,0.3333333333333333
BQ,130363,1,RANDOM,0,12,43.0,0.11025641025641025,0.5,0.5
BQ,130363,1,RANDOM,0,16,47.0,0.12051282051282051,0.5,0.5
BQ,130363,1,RANDOM,0,20,60.0,0.15384615384615385,0.55,0.5
BQ,130363,1,RANDOM,0,24,68.0,0.17435897435897435,0.6666666666666666,0.625
BQ,130363,1,UNCERT,0,6,312.0,0.8,0.16666666666666666,0.16666666666666666
BQ,130363,1,UNCERT,0,9,316.0,0.8102564102564103,0.2222222222222222,0.2222222222222222
BQ,130363,1,UNCERT,0,12,320.0,0.8205128205128205,0.4166666666666667,0.4166666666666667
BQ,130363,1,UNCERT,0,16,345.0,0.8846153846153846,0.5,0.5
BQ,130363,1,UNCERT,0,20,366.0,0.9384615384615385,0.6,0.6
BQ,130363,1,UNCERT,0,24,372.0,0.9538461538461539,0.7083333333333334,0.7083333333333334
BQ,130363,2,AOPT,0,6,366.0,0.8187919463087249,0.3333333333333333,0.3333333333333333
BQ,130363,2,AOPT,0,9,371.0,0.8299776286353467,0.2222222222222222,0.4444444444444444
BQ,130363,2,AOPT,0,12,379.0,0.8478747203579419,0.5,0.5833333333333334
BQ,130363,2,AOPT,0,16,392.0,0.8769574944071589,0.625,0.625
BQ,130363,2,AOPT,0,20,413.0,0.9239373601789709,0.7,0.75
BQ,130363,2,AOPT,0,24,431.0,0.9642058165548099,0.7916666666666666,0.7916666666666666
BQ,130363,2,MAXMIN,0,6,26.0,0.058165548098434,0.16666666666666666,0.16666666666666666
BQ,130363,2,MAXMIN,0,9,30.0,0.06711409395973154,0.1111111111111111,0.1111111111111111
BQ,130363,2,MAXMIN,0,12,34.0,0.07606263982102908,0.16666666666666666,0.16666666666666666
BQ,130363,2,MAXMIN,0,16,41.0,0.09172259507829977,0.3125,0.375
BQ,130363,2,MAXMIN,0,20,51.0,0.11409395973154363,0.55,0.55
BQ,130363,2,MAXMIN,0,24,79.0,0.1767337807606264,0.75,0.6666666666666666
BQ,130363,2,RANDOM,0,6,13.0,0.029082774049217,0.0,0.0
BQ,130363,2,RANDOM,0,9,24.0,0.053691275167785234,0.3333333333333333,0.2222222222222222
BQ,130363,2,RANDOM,0,12,27.0,0.06040268456375839,0.3333333333333333,0.3333333333333333
BQ,130363,2,RANDOM,0,16,34.0,0.07606263982102908,0.4375,0.375
BQ,130363,2,RANDOM,0,20,67.0,0.14988814317673377,0.55,0.5
BQ,130363,2,RANDOM,0,24,74.0,0.16554809843400448,0.625,0.5833333333333334
BQ,130363,2,UNCERT,0,6,28.0,0.06263982102908278,0.16666666666666666,0.16666666666666666
BQ,130363,2,UNCERT,0,9,47.0,0.10514541387024609,0.2222222222222222,0.3333333333333333
BQ,130363,2,UNCERT,0,12,58.0,0.1297539149888143,0.5,0.4166666666666667
BQ,130363,2,UNCERT,0,16,401.0,0.8970917225950783,0.5,0.4375
BQ,130363,2,UNCERT,0,20,415.0,0.9284116331096197,0.65,0.6
BQ,130363,2,UNCERT,0,24,428.0,0.9574944071588367,0.75,0.75
BQ,130363,3,AOPT,0,6,28.0,0.2857142857142857,0.16666666666666666,0.3333333333333333
BQ,130363,3,AOPT,0,9,33.0,0.336734693877551,0.3333333333333333,0.2222222222222222
BQ,130363,3,AOPT,0,12,52.0,0.5306122448979592,0.5,0.5833333333333334
BQ,130363,3,AOPT,0,16,72.0,0.7346938775510204,0.8125,0.8125
BQ,130363,3,AOPT,0,20,80.0,0.8163265306122449,0.75,0.8
BQ,130363,3,AOPT,0,24,85.0,0.8673469387755102,0.7916666666666666,0.8333333333333334
BQ,130363,3,MAXMIN,0,6,9.0,0.09183673469387756,0.0,0.0
BQ,130363,3,MAXMIN,0,9,13.0,0.1326530612244898,0.0,0.1111111111111111
BQ,130363,3,MAXMIN,0,12,16.0,0.16326530612244897,0.08333333333333333,0.16666666666666666
BQ,130363,3,MAXMIN,0,16,29.0,0.29591836734693877,0.3125,0.3125
BQ,130363,3,MAXMIN,0,20,38.0,0.3877551020408163,0.5,0.5
BQ,130363,3,MAXMIN,0,24,66.0,0.673469387755102,0.7083333333333334,0.7083333333333334
BQ,130363,3,RANDOM,0,6,21.0,0.21428571428571427,0.3333333333333333,0.16666666666666666
BQ,130363,3,RANDOM,0,9,29.0,0.29591836734693877,0.2222222222222222,0.3333333333333333
BQ,130363,3,RANDOM,0,12,44.0,0.4489795918367347,0.5,0.5
BQ,130363,3,RANDOM,0,16,48.0,0.4897959183673469,0.5625,0.5625
BQ,130363,3,RANDOM,0,20,74.0,0.7551020408163265,0.7,0.7
BQ,130363,3,RANDOM,0,24,79.0,0.8061224489795918,0.75,0.75
BQ,130363,3,UNCERT,0,6,40.0,0.40816326530612246,0.5,0.6666666666666666
BQ,130363,3,UNCERT,0,9,45.0,0.45918367346938777,0.6666666666666666,0.5555555555555556
BQ,130363,3,UNCERT,0,12,49.0,0.5,0.5833333333333334,0.5
BQ,130363,3,UNCERT,0,16,62.0,0.6326530612244898,0.625,0.625
BQ,130363,3,UNCERT,0,20,67.0,0.6836734693877551,0.65,0.6
BQ,130363,3,UNCERT,0,24,83.0,0.8469387755102041,0.7916666666666666,0.7916666666666666
BQ,130363,4,AOPT,0,6,388.0,0.790224032586558,0.16666666666666666,0.16666666666666666
BQ,130363,4,AOPT,0,9,392.0,0.7983706720977597,0.1111111111111111,0.2222222222222222
BQ,130363,4,AOPT,0,12,397.0,0.8085539714867617,0.3333333333333333,0.3333333333333333
BQ,130363,4,AOPT,0,16,406.0,0.8268839103869654,0.5,0.5
BQ,130363,4,AOPT,0,20,447.0,0.9103869653767821,0.65,0.65
BQ,130363,4,AOPT,0,24,474.0,0.9653767820773931,0.8333333333333334,0.8333333333333334
BQ,130363,4,MAXMIN,0,6,18.0,0.03665987780040733,0.16666666666666666,0.16666666666666666
BQ,130363,4,MAXMIN,0,9,32.0,0.06517311608961303,0.2222222222222222,0.3333333333333333
BQ,130363,4,MAXMIN,0,12,36.0,0.07331975560081466,0.25,0.25
BQ,130363,4,MAXMIN,0,16,40.0,0.0814663951120163,0.3125,0.3125
BQ,130363,4,MAXMIN,0,20,52.0,0.10590631364562118,0.5,0.45
BQ,130363,4,MAXMIN,0,24,73.0,0.14867617107942974,0.6666666666666666,0.625
BQ,130363,4,RANDOM,0,6,18.0,0.03665987780040733,0.0,0.0
BQ,130363,4,RANDOM,0,9,38.0,0.07739307535641547,0.2222222222222222,0.2222222222222222
BQ,130363,4,RANDOM,0,12,55.0,0.1120162932790224,0.5,0.5
BQ,130363,4,RANDOM,0,16,59.0,0.12016293279022404,0.5,0.5
BQ,130363,4,RANDOM,0,20,63.0,0.12830957230142567,0.55,0.55
BQ,130363,4,RANDOM,0,24,442.0,0.90020366598778,0.6666666666666666,0.6666666666666666
BQ,130363,4,UNCERT,0,6,388.0,0.790224032586558,0.16666666666666666,0.16666666666666666
BQ,130363,4,UNCERT,0,9,394.0,0.8024439918533605,0.2222222222222222,0.2222222222222222
BQ,130363,4,UNCERT,0,12,413.0,0.8411405295315683,0.4166666666666667,0.3333333333333333
BQ,130363,4,UNCERT,0,16,427.0,0.869653767820774,0.5625,0.5
BQ,130363,4,UNCERT,0,20,461.0,0.9389002036659878,0.7,0.7
BQ,130363,4,UNCERT,0,24,473.0,0.9633401221995926,0.75,0.75
BQ,155921,0,AOPT,0,6,402.0,0.8187372708757638,0.3333333333333333,0.3333333333333333
BQ,155921,0,AOPT,0,9,406.0,0.8268839103869654,0.3333333333333333,0.3333333333333333
BQ,155921,0,AOPT,0,12,411.0,0.8370672097759674,0.4166666666666667,0.5
BQ,155921,0,AOPT,0,16,420.0,0.8553971486761711,0.5625,0.5625
BQ,155921,0,AOPT,0,20,425.0,0.8655804480651731,0.55,0.6
BQ,155921,0,AOPT,0,24,466.0,0.9490835030549898,0.6666666666666666,0.6666666666666666
BQ,155921,0,MAXMIN,0,6,11.0,0.02240325865580448,0.0,0.0
BQ,155921,0,MAXMIN,0,9,15.0,0.03054989816700611,0.1111111111111111,0.1111111111111111
BQ,155921,0,MAXMIN,0,12,18.0,0.03665987780040733,0.08333333333333333,0.16666666666666666
BQ,155921,0,MAXMIN,0,16,42.0,0.0855397148676171,0.3125,0.375
BQ,155921,0,MAXMIN,0,20,65.0,0.13238289205702647,0.5,0.55
BQ,155921,0,MAXMIN,0,24,92.0,0.18737270875763748,0.7083333333333334,0.7083333333333334
BQ,155921,0,RANDOM,0,6,420.0,0.8553971486761711,0.6666666666666666,0.6666666666666666
BQ,155921,0,RANDOM,0,9,424.0,0.8635437881873728,0.5555555555555556,0.4444444444444444
BQ,155921,0,RANDOM,0,12,427.0,0.869653767820774,0.4166666666666667,0.4166666666666667
BQ,155921,0,RANDOM,0,16,431.0,0.8778004073319755,0.5,0.5
BQ,155921,0,RANDOM,0,20,439.0,0.8940936863543788,0.7,0.7
BQ,155921,0,RANDOM,0,24,448.0,0.9124236252545825,0.75,0.7083333333333334
BQ,155921,0,UNCERT,0,6,25.0,0.05091649694501019,0.16666666666666666,0.16666666666666666
BQ,155921,0,UNCERT,0,9,28.0,0.05702647657841141,0.1111111111111111,0.1111111111111111
BQ,155921,0,UNCERT,0,12,36.0,0.07331975560081466,0.25,0.25
BQ,155921,0,UNCERT,0,16,430.0,0.8757637474541752,0.5,0.5
BQ,155921,0,UNCERT,0,20,444.0,0.9042769857433809,0.65,0.6
BQ,155921,0,UNCERT,0,24,469.0,0.955193482688391,0.75,0.75
BQ,155921,1,AOPT,0,6,381.0,0.7904564315352697,0.3333333333333333,0.3333333333333333
BQ,155921,1,AOPT,0,9,385.0,0.7987551867219918,0.2222222222222222,0.3333333333333333
BQ,155921,1,AOPT,0,12,393.0,0.8153526970954357,0.4166666666666667,0.4166666666666667
BQ,155921,1,AOPT,0,16,404.0,0.8381742738589212,0.5625,0.625
BQ,155921,1,AOPT,0,20,445.0,0.9232365145228216,0.75,0.8
BQ,155921,1,AOPT,0,24,465.0,0.9647302904564315,0.8333333333333334,0.875
BQ,155921,1,MAXMIN,0,6,39.0,0.08091286307053942,0.3333333333333333,0.3333333333333333
BQ,155921,1,MAXMIN,0,9,53.0,0.10995850622406639,0.3333333333333333,0.3333333333333333
BQ,155921,1,MAXMIN,0,12,56.0,0.11618257261410789,0.25,0.25
BQ,155921,1,MAXMIN,0,16,65.0,0.13485477178423236,0.375,0.4375
BQ,155921,1,MAXMIN,0,20,74.0,0.15352697095435686,0.55,0.5
BQ,155921,1,MAXMIN,0,24,81.0,0.16804979253112035,0.625,0.625
BQ,155921,1,RANDOM,0,6,12.0,0.024896265560165973,0.0,0.0
BQ,155921,1,RANDOM,0,9,16.0,0.03319502074688797,0.0,0.1111111111111111
BQ,155921,1,RANDOM,0,12,22.0,0.04564315352697095,0.16666666666666666,0.3333333333333333
BQ,155921,1,RANDOM,0,16,40.0,0.08298755186721991,0.375,0.375
BQ,155921,1,RANDOM,0,20,55.0,0.11410788381742738,0.5,0.55
BQ,155921,1,RANDOM,0,24,70.0,0.14522821576763487,0.625,0.6666666666666666
BQ,155921,1,UNCERT,0,6,378.0,0.7842323651452282,0.3333333333333333,0.3333333333333333
BQ,155921,1,UNCERT,0,9,385.0,0.7987551867219918,0.3333333333333333,0.2222222222222222
BQ,155921,1,UNCERT,0,12,406.0,0.8423236514522822,0.4166666666666667,0.3333333333333333
BQ,155921,1,UNCERT,0,16,417.0,0.8651452282157677,0.5,0.5
BQ,155921,1,UNCERT,0,20,451.0,0.9356846473029046,0.6,0.6
BQ,155921,1,UNCERT,0,24,460.0,0.9543568464730291,0.75,0.75
BQ,155921,2,AOPT,0,6,381.0,0.8373626373626374,0.3333333333333333,0.3333333333333333
BQ,155921,2,AOPT,0,9,385.0,0.8461538461538461,0.3333333333333333,0.4444444444444444
BQ,155921,2,AOPT,0,12,393.0,0.8637362637362638,0.5,0.5833333333333334
BQ,155921,2,AOPT,0,16,417.0,0.9164835164835164,0.625,0.625
BQ,155921,2,AOPT,0,20,434.0,0.9538461538461539,0.7,0.75
BQ,155921,2,AOPT,0,24,440.0,0.967032967032967,0.7916666666666666,0.8333333333333334
BQ,155921,2,MAXMIN,0,6,10.0,0.02197802197802198,0.0,0.0
BQ,155921,2,MAXMIN,0,9,15.0,0.03296703296703297,0.0,0.1111111111111111
BQ,155921,2,MAXMIN,0,12,18.0,0.03956043956043956,0.16666666666666666,0.25
BQ,155921,2,MAXMIN,0,16,46.0,0.1010989010989011,0.4375,0.5
BQ,155921,2,MAXMIN,0,20,53.0,0.11648351648351649,0.5,0.55
BQ,155921,2,MAXMIN,0,24,58.0,0.12747252747252746,0.5833333333333334,0.625
BQ,155921,2,RANDOM,0,6,363.0,0.7978021978021979,0.16666666666666666,0.16666666666666666
BQ,155921,2,RANDOM,0,9,374.0,0.8219780219780219,0.3333333333333333,0.2222222222222222
BQ,155921,2,RANDOM,0,12,391.0,0.8593406593406593,0.4166666666666667,0.3333333333333333
BQ,155921,2,RANDOM,0,16,415.0,0.9120879120879121,0.5625,0.5
BQ,155921,2,RANDOM,0,20,420.0,0.9230769230769231,0.55,0.55
BQ,155921,2,RANDOM,0,24,425.0,0.9340659340659341,0.6666666666666666,0.7083333333333334
BQ,155921,2,UNCERT,0,6,379.0,0.832967032967033,0.3333333333333333,0.3333333333333333
BQ,155921,2,UNCERT,0,9,382.0,0.8395604395604396,0.3333333333333333,0.3333333333333333
BQ,155921,2,UNCERT,0,12,385.0,0.8461538461538461,0.25,0.3333333333333333
BQ,155921,2,UNCERT,0,16,390.0,0.8571428571428571,0.4375,0.5
BQ,155921,2,UNCERT,0,20,413.0,0.9076923076923077,0.55,0.55
BQ,155921,2,UNCERT,0,24,430.0,0.945054945054945,0.6666666666666666,0.6666666666666666
BQ,155921,3,AOPT,0,6,13.0,0.1625,0.16666666666666666,0.16666666666666666
BQ,155921,3,AOPT,0,9,16.0,0.2,0.2222222222222222,0.2222222222222222
BQ,155921,3,AOPT,0,12,31.0,0.3875,0.4166666666666667,0.4166666666666667
BQ,155921,3,AOPT,0,16,49.0,0.6125,0.6875,0.6875
BQ,155921,3,AOPT,0,20,62.0,0.775,0.65,0.7
BQ,155921,3,AOPT,0,24,68.0,0.85,0.75,0.8333333333333334
BQ,155921,3,MAXMIN,0,6,8.0,0.1,0.0,0.0
BQ,155921,3,MAXMIN,0,9,11.0,0.1375,0.0,0.1111111111111111
BQ,155921,3,MAXMIN,0,12,14.0,0.175,0.16666666666666666,0.25
BQ,155921,3,MAXMIN,0,16,20.0,0.25,0.375,0.5
BQ,155921,3,MAXMIN,0,20,39.0,0.4875,0.6,0.6
BQ,155921,3,MAXMIN,0,24,45.0,0.5625,0.7083333333333334,0.7083333333333334
BQ,155921,3,RANDOM,0,6,18.0,0.225,0.16666666666666666,0.16666666666666666
BQ,155921,3,RANDOM,0,9,25.0,0.3125,0.4444444444444444,0.3333333333333333
BQ,155921,3,RANDOM,0,12,43.0,0.5375,0.5833333333333334,0.5833333333333334
BQ,155921,3,RANDOM,0,16,47.0,0.5875,0.5625,0.5
BQ,155921,3,RANDOM,0,20,53.0,0.6625,0.6,0.55
BQ,155921,3,RANDOM,0,24,66.0,0.825,0.6666666666666666,0.7083333333333334
BQ,155921,3,UNCERT,0,6,11.0,0.1375,0.16666666666666666,0.16666666666666666
BQ,155921,3,UNCERT,0,9,16.0,0.2,0.2222222222222222,0.2222222222222222
BQ,155921,3,UNCERT,0,12,30.0,0.375,0.4166666666666667,0.3333333333333333
BQ,155921,3,UNCERT,0,16,35.0,0.4375,0.4375,0.4375
BQ,155921,3,UNCERT,0,20,43.0,0.5375,0.65,0.7
BQ,155921,3,UNCERT,0,24,67.0,0.8375,0.7916666666666666,0.75
BQ,155921,4,AOPT,0,6,347.0,0.7815315315315315,0.3333333333333333,0.3333333333333333
BQ,155921,4,AOPT,0,9,354.0,0.7972972972972973,0.2222222222222222,0.4444444444444444
BQ,155921,4,AOPT,0,12,361.0,0.8130630630630631,0.4166666666666667,0.5
BQ,155921,4,AOPT,0,16,405.0,0.9121621621621622,0.75,0.75
BQ,155921,4,AOPT,0,20,422.0,0.9504504504504504,0.75,0.75
BQ,155921,4,AOPT,0,24,428.0,0.963963963963964,0.7916666666666666,0.8333333333333334
BQ,155921,4,MAXMIN,0,6,6.0,0.013513513513513514,0.0,0.0
BQ,155921,4,MAXMIN,0,9,11.0,0.024774774774774775,0.0,0.0
BQ,155921,4,MAXMIN,0,12,17.0,0.038288288288288286,0.0,0.08333333333333333
BQ,155921,4,MAXMIN,0,16,33.0,0.07432432432432433,0.3125,0.375
BQ,155921,4,MAXMIN,0,20,56.0,0.12612612612612611,0.5,0.5
BQ,155921,4,MAXMIN,0,24,73.0,0.16441441441441443,0.625,0.6666666666666666
BQ,155921,4,RANDOM,0,6,29.0,0.06531531531531531,0.16666666666666666,0.16666666666666666
BQ,155921,4,RANDOM,0,9,35.0,0.07882882882882883,0.3333333333333333,0.4444444444444444
BQ,155921,4,RANDOM,0,12,39.0,0.08783783783783784,0.4166666666666667,0.5
BQ,155921,4,RANDOM,0,16,60.0,0.13513513513513514,0.5625,0.5
BQ,155921,4,RANDOM,0,20,64.0,0.14414414414414414,0.6,0.55
BQ,155921,4,RANDOM,0,24,393.0,0.8851351351351351,0.7083333333333334,0.6666666666666666
BQ,155921,4,UNCERT,0,6,26.0,0.05855855855855856,0.16666666666666666,0.16666666666666666
BQ,155921,4,UNCERT,0,9,29.0,0.06531531531531531,0.1111111111111111,0.2222222222222222
BQ,155921,4,UNCERT,0,12,32.0,0.07207207207207207,0.16666666666666666,0.16666666666666666
BQ,155921,4,UNCERT,0,16,362.0,0.8153153153153153,0.375,0.3125
BQ,155921,4,UNCERT,0,20,393.0,0.8851351351351351,0.6,0.55
BQ,155921,4,UNCERT,0,24,408.0,0.918918918918919,0.6666666666666666,0.6666666666666666
BQ,196613,0,AOPT,0,6,346.0,0.781038374717833,0.3333333333333333,0.3333333333333333
BQ,196613,0,AOPT,0,9,350.0,0.7900677200902935,0.2222222222222222,0.3333333333333333
BQ,196613,0,AOPT,0,12,356.0,0.8036117381489842,0.4166666666666667,0.3333333333333333
BQ,196613,0,AOPT,0,16,369.0,0.8329571106094809,0.5625,0.625
BQ,196613,0,AOPT,0,20,393.0,0.8871331828442438,0.7,0.7
BQ,196613,0,AOPT,0,24,426.0,0.9616252821670429,0.7916666666666666,0.8333333333333334
BQ,196613,0,MAXMIN,0,6,23.0,0.05191873589164785,0.16666666666666666,0.16666666666666666
BQ,196613,0,MAXMIN,0,9,27.0,0.060948081264108354,0.1111111111111111,0.1111111111111111
BQ,196613,0,MAXMIN,0,12,31.0,0.06997742663656885,0.08333333333333333,0.08333333333333333
BQ,196613,0,MAXMIN,0,16,47.0,0.10609480812641084,0.25,0.3125
BQ,196613,0,MAXMIN,0,20,58.0,0.1309255079006772,0.5,0.45
BQ,196613,0,MAXMIN,0,24,81.0,0.18284424379232506,0.625,0.625
BQ,196613,0,RANDOM,0,6,35.0,0.07900677200902935,0.3333333333333333,0.3333333333333333
BQ,196613,0,RANDOM,0,9,356.0,0.8036117381489842,0.3333333333333333,0.4444444444444444
BQ,196613,0,RANDOM,0,12,363.0,0.8194130925507901,0.4166666666666667,0.4166666666666667
BQ,196613,0,RANDOM,0,16,377.0,0.8510158013544018,0.4375,0.4375
BQ,196613,0,RANDOM,0,20,389.0,0.8781038374717833,0.6,0.6
BQ,196613,0,RANDOM,0,24,396.0,0.8939051918735892,0.7083333333333334,0.6666666666666666
BQ,196613,0,UNCERT,0,6,343.0,0.7742663656884876,0.3333333333333333,0.3333333333333333
BQ,196613,0,UNCERT,0,9,350.0,0.7900677200902935,0.3333333333333333,0.2222222222222222
BQ,196613,0,UNCERT,0,12,380.0,0.8577878103837472,0.5,0.4166666666666667
BQ,196613,0,UNCERT,0,16,395.0,0.891647855530474,0.5625,0.5625
BQ,196613,0,UNCERT,0,20,417.0,0.9413092550790068,0.75,0.75
BQ,196613,0,UNCERT,0,24,421.0,0.9503386004514672,0.7083333333333334,0.7083333333333334
BQ,196613,1,AOPT,0,6,14.0,0.16470588235294117,0.16666666666666666,0.16666666666666666
BQ,196613,1,AOPT,0,9,20.0,0.23529411764705882,0.3333333333333333,0.3333333333333333
BQ,196613,1,AOPT,0,12,25.0,0.29411764705882354,0.4166666666666667,0.4166666666666667
BQ,196613,1,AOPT,0,16,43.0,0.5058823529411764,0.625,0.625
BQ,196613,1,AOPT,0,20,64.0,0.7529411764705882,0.7,0.7
BQ,196613,1,AOPT,0,24,70.0,0.8235294117647058,0.75,0.8333333333333334
BQ,196613,1,MAXMIN,0,6,11.0,0.12941176470588237,0.16666666666666666,0.16666666666666666
BQ,196613,1,MAXMIN,0,9,15.0,0.17647058823529413,0.1111111111111111,0.1111111111111111
BQ,196613,1,MAXMIN,0,12,19.0,0.2235294117647059,0.16666666666666666,0.25
BQ,196613,1,MAXMIN,0,16,44.0,0.5176470588235295,0.5,0.5625
BQ,196613,1,MAXMIN,0,20,48.0,0.5647058823529412,0.55,0.6
BQ,196613,1,MAXMIN,0,24,61.0,0.7176470588235294,0.75,0.625
BQ,196613,1,RANDOM,0,6,10.0,0.11764705882352941,0.0,0.16666666666666666
BQ,196613,1,RANDOM,0,9,25.0,0.29411764705882354,0.4444444444444444,0.2222222222222222
BQ,196613,1,RANDOM,0,12,31.0,0.36470588235294116,0.4166666666666667,0.3333333333333333
BQ,196613,1,RANDOM,0,16,47.0,0.5529411764705883,0.5625,0.5
BQ,196613,1,RANDOM,0,20,52.0,0.611764705882353,0.6,0.55
BQ,196613,1,RANDOM,0,24,60.0,0.7058823529411765,0.6666666666666666,0.7083333333333334
BQ,196613,1,UNCERT,0,6,14.0,0.16470588235294117,0.16666666666666666,0.16666666666666666
BQ,196613,1,UNCERT,0,9,19.0,0.2235294117647059,0.2222222222222222,0.3333333333333333
BQ,196613,1,UNCERT,0,12,27.0,0.3176470588235294,0.4166666666666667,0.3333333333333333
BQ,196613,1,UNCERT,0,16,43.0,0.5058823529411764,0.5,0.4375
BQ,196613,1,UNCERT,0,20,48.0,0.5647058823529412,0.65,0.55
BQ,196613,1,UNCERT,0,24,53.0,0.6235294117647059,0.75,0.7083333333333334
BQ,196613,2,AOPT,0,6,383.0,0.8080168776371308,0.3333333333333333,0.3333333333333333
BQ,196613,2,AOPT,0,9,387.0,0.8164556962025317,0.2222222222222222,0.4444444444444444
BQ,196613,2,AOPT,0,12,427.0,0.9008438818565401,0.5833333333333334,0.6666666666666666
BQ,196613,2,AOPT,0,16,451.0,0.9514767932489452,0.8125,0.8125
BQ,196613,2,AOPT,0,20,459.0,0.9683544303797469,0.75,0.8
BQ,196613,2,AOPT,0,24,463.0,0.9767932489451476,0.8333333333333334,0.9166666666666666
BQ,196613,2,MAXMIN,0,6,37.0,0.07805907172995781,0.3333333333333333,0.3333333333333333
BQ,196613,2,MAXMIN,0,9,41.0,0.08649789029535865,0.3333333333333333,0.2222222222222222
BQ,196613,2,MAXMIN,0,12,46.0,0.0970464135021097,0.3333333333333333,0.4166666666666667
BQ,196613,2,MAXMIN,0,16,66.0,0.13924050632911392,0.5,0.4375
BQ,196613,2,MAXMIN,0,20,79.0,0.16666666666666666,0.65,0.65
BQ,196613,2,MAXMIN,0,24,96.0,0.20253164556962025,0.8333333333333334,0.75
BQ,196613,2,RANDOM,0,6,44.0,0.09282700421940929,0.5,0.5
BQ,196613,2,RANDOM,0,9,53.0,0.11181434599156118,0.4444444444444444,0.4444444444444444
BQ,196613,2,RANDOM,0,12,56.0,0.11814345991561181,0.4166666666666667,0.4166666666666667
BQ,196613,2,RANDOM,0,16,62.0,0.1308016877637131,0.5,0.4375
BQ,196613,2,RANDOM,0,20,70.0,0.14767932489451477,0.6,0.6
BQ,196613,2,RANDOM,0,24,85.0,0.17932489451476794,0.7083333333333334,0.75
BQ,196613,2,UNCERT,0,6,383.0,0.8080168776371308,0.3333333333333333,0.3333333333333333
BQ,196613,2,UNCERT,0,9,388.0,0.8185654008438819,0.3333333333333333,0.3333333333333333
BQ,196613,2,UNCERT,0,12,411.0,0.8670886075949367,0.5,0.4166666666666667
BQ,196613,2,UNCERT,0,16,424.0,0.8945147679324894,0.5,0.5
BQ,196613,2,UNCERT,0,20,458.0,0.9662447257383966,0.7,0.65
BQ,196613,2,UNCERT,0,24,464.0,0.9789029535864979,0.8333333333333334,0.7916666666666666
BQ,196613,3,AOPT,0,6,337.0,0.7985781990521327,0.3333333333333333,0.3333333333333333
BQ,196613,3,AOPT,0,9,343.0,0.8127962085308057,0.3333333333333333,0.3333333333333333
BQ,196613,3,AOPT,0,12,350.0,0.8293838862559242,0.5,0.5
BQ,196613,3,AOPT,0,16,362.0,0.8578199052132701,0.625,0.625
BQ,196613,3,AOPT,0,20,367.0,0.8696682464454977,0.65,0.7
BQ,196613,3,AOPT,0,24,409.0,0.9691943127962085,0.7916666666666666,0.7916666666666666
BQ,196613,3,MAXMIN,0,6,7.0,0.016587677725118485,0.0,0.0
BQ,196613,3,MAXMIN,0,9,11.0,0.026066350710900472,0.0,0.0
BQ,196613,3,MAXMIN,0,12,16.0,0.037914691943127965,0.0,0.0
BQ,196613,3,MAXMIN,0,16,22.0,0.052132701421800945,0.3125,0.3125
BQ,196613,3,MAXMIN,0,20,60.0,0.14218009478672985,0.5,0.55
BQ,196613,3,MAXMIN,0,24,68.0,0.16113744075829384,0.6666666666666666,0.625
BQ,196613,3,RANDOM,0,6,23.0,0.054502369668246446,0.16666666666666666,0.16666666666666666
BQ,196613,3,RANDOM,0,9,31.0,0.07345971563981042,0.2222222222222222,0.2222222222222222
BQ,196613,3,RANDOM,0,12,36.0,0.08530805687203792,0.25,0.25
BQ,196613,3,RANDOM,0,16,42.0,0.0995260663507109,0.375,0.375
BQ,196613,3,RANDOM,0,20,75.0,0.17772511848341233,0.6,0.55
BQ,196613,3,RANDOM,0,24,83.0,0.1966824644549763,0.7083333333333334,0.6666666666666666
BQ,196613,3,UNCERT,0,6,25.0,0.05924170616113744,0.16666666666666666,0.16666666666666666
BQ,196613,3,UNCERT,0,9,29.0,0.06872037914691943,0.2222222222222222,0.1111111111111111
BQ,196613,3,UNCERT,0,12,343.0,0.8127962085308057,0.25,0.25
BQ,196613,3,UNCERT,0,16,363.0,0.8601895734597157,0.3125,0.3125
BQ,196613,3,UNCERT,0,20,368.0,0.8720379146919431,0.45,0.4
BQ,196613,3,UNCERT,0,24,397.0,0.9407582938388626,0.625,0.625
BQ,196613,4,AOPT,0,6,310.0,0.8051948051948052,0.3333333333333333,0.3333333333333333
BQ,196613,4,AOPT,0,9,314.0,0.8155844155844156,0.3333333333333333,0.3333333333333333
BQ,196613,4,AOPT,0,12,320.0,0.8311688311688312,0.5,0.5833333333333334
BQ,196613,4,AOPT,0,16,329.0,0.8545454545454545,0.5625,0.5625
BQ,196613,4,AOPT,0,20,354.0,0.9194805194805195,0.65,0.7
BQ,196613,4,AOPT,0,24,369.0,0.9584415584415584,0.75,0.75
BQ,196613,4,MAXMIN,0,6,7.0,0.01818181818181818,0.0,0.0
BQ,196613,4,MAXMIN,0,9,11.0,0.02857142857142857,0.0,0.0
BQ,196613,4,MAXMIN,0,12,16.0,0.04155844155844156,0.08333333333333333,0.16666666666666666
BQ,196613,4,MAXMIN,0,16,20.0,0.05194805194805195,0.3125,0.375
BQ,196613,4,MAXMIN,0,20,41.0,0.10649350649350649,0.5,0.5
BQ,196613,4,MAXMIN,0,24,64.0,0.16623376623376623,0.625,0.625
BQ,196613,4,RANDOM,0,6,29.0,0.07532467532467532,0.16666666666666666,0.16666666666666666
BQ,196613,4,RANDOM,0,9,48.0,0.12467532467532468,0.4444444444444444,0.5555555555555556
BQ,196613,4,RANDOM,0,12,63.0,0.16363636363636364,0.6666666666666666,0.6666666666666666
BQ,196613,4,RANDOM,0,16,67.0,0.17402597402597403,0.5625,0.5625
BQ,196613,4,RANDOM,0,20,76.0,0.1974025974025974,0.65,0.65
BQ,196613,4,RANDOM,0,24,81.0,0.21038961038961038,0.75,0.7916666666666666
BQ,196613,4,UNCERT,0,6,308.0,0.8,0.3333333333333333,0.3333333333333333
BQ,196613,4,UNCERT,0,9,312.0,0.8103896103896104,0.2222222222222222,0.3333333333333333
BQ,196613,4,UNCERT,0,12,315.0,0.8181818181818182,0.3333333333333333,0.4166666666666667
BQ,196613,4,UNCERT,0,16,319.0,0.8285714285714286,0.4375,0.5
BQ,196613,4,UNCERT,0,20,327.0,0.8493506493506493,0.6,0.6
BQ,196613,4,UNCERT,0,24,349.0,0.9064935064935065,0.75,0.6666666666666666
BQ,262147,0,AOPT,0,6,30.0,0.06423982869379015,0.16666666666666666,0.16666666666666666
BQ,262147,0,AOPT,0,9,388.0,0.8308351177730193,0.3333333333333333,0.4444444444444444
BQ,262147,0,AOPT,0,12,418.0,0.8950749464668094,0.5833333333333334,0.6666666666666666
BQ,262147,0,AOPT,0,16,437.0,0.9357601713062098,0.6875,0.75
BQ,262147,0,AOPT,0,20,445.0,0.9528907922912205,0.7,0.75
BQ,262147,0,AOPT,0,24,452.0,0.9678800856531049,0.7916666666666666,0.7916666666666666
BQ,262147,0,MAXMIN,0,6,23.0,0.04925053533190578,0.16666666666666666,0.16666666666666666
BQ,262147,0,MAXMIN,0,9,28.0,0.059957173447537475,0.1111111111111111,0.1111111111111111
BQ,262147,0,MAXMIN,0,12,31.0,0.06638115631691649,0.08333333333333333,0.16666666666666666
BQ,262147,0,MAXMIN,0,16,54.0,0.11563169164882227,0.375,0.375
BQ,262147,0,MAXMIN,0,20,73.0,0.15631691648822268,0.5,0.55
BQ,262147,0,MAXMIN,0,24,78.0,0.1670235546038544,0.625,0.6666666666666666
BQ,262147,0,RANDOM,0,6,20.0,0.042826552462526764,0.16666666666666666,0.16666666666666666
BQ,262147,0,RANDOM,0,9,24.0,0.05139186295503212,0.1111111111111111,0.1111111111111111
BQ,262147,0,RANDOM,0,12,379.0,0.8115631691648822,0.25,0.3333333333333333
BQ,262147,0,RANDOM,0,16,400.0,0.8565310492505354,0.4375,0.5
BQ,262147,0,RANDOM,0,20,411.0,0.880085653104925,0.55,0.6
BQ,262147,0,RANDOM,0,24,419.0,0.8972162740899358,0.6666666666666666,0.625
BQ,262147,0,UNCERT,0,6,28.0,0.059957173447537475,0.16666666666666666,0.16666666666666666
BQ,262147,0,UNCERT,0,9,31.0,0.06638115631691649,0.1111111111111111,0.2222222222222222
BQ,262147,0,UNCERT,0,12,54.0,0.11563169164882227,0.4166666666666667,0.3333333333333333
BQ,262147,0,UNCERT,0,16,411.0,0.880085653104925,0.4375,0.4375
BQ,262147,0,UNCERT,0,20,416.0,0.8907922912205567,0.6,0.6
BQ,262147,0,UNCERT,0,24,446.0,0.9550321199143469,0.75,0.75
BQ,262147,1,AOPT,0,6,390.0,0.7926829268292683,0.3333333333333333,0.3333333333333333
BQ,262147,1,AOPT,0,9,394.0,0.8008130081300813,0.2222222222222222,0.3333333333333333
BQ,262147,1,AOPT,0,12,412.0,0.8373983739837398,0.5,0.5
BQ,262147,1,AOPT,0,16,460.0,0.9349593495934959,0.75,0.75
BQ,262147,1,AOPT,0,20,469.0,0.9532520325203252,0.7,0.7
BQ,262147,1,AOPT,0,24,475.0,0.9654471544715447,0.7916666666666666,0.8333333333333334
BQ,262147,1,MAXMIN,0,6,7.0,0.014227642276422764,0.0,0.0
BQ,262147,1,MAXMIN,0,9,12.0,0.024390243902439025,0.0,0.0
BQ,262147,1,MAXMIN,0,12,17.0,0.034552845528455285,0.0,0.08333333333333333
BQ,262147,1,MAXMIN,0,16,40.0,0.08130081300813008,0.3125,0.375
BQ,262147,1,MAXMIN,0,20,47.0,0.09552845528455285,0.5,0.5
BQ,262147,1,MAXMIN,0,24,80.0,0.16260162601626016,0.6666666666666666,0.6666666666666666
BQ,262147,1,RANDOM,0,6,8.0,0.016260162601626018,0.0,0.0
BQ,262147,1,RANDOM,0,9,20.0,0.04065040650406504,0.1111111111111111,0.1111111111111111
BQ,262147,1,RANDOM,0,12,29.0,0.05894308943089431,0.16666666666666666,0.25
BQ,262147,1,RANDOM,0,16,46.0,0.09349593495934959,0.375,0.4375
BQ,262147,1,RANDOM,0,20,70.0,0.14227642276422764,0.6,0.6
BQ,262147,1,RANDOM,0,24,95.0,0.19308943089430894,0.7083333333333334,0.7083333333333334
BQ,262147,1,UNCERT,0,6,25.0,0.0508130081300813,0.16666666666666666,0.16666666666666666
BQ,262147,1,UNCERT,0,9,28.0,0.056910569105691054,0.1111111111111111,0.1111111111111111
BQ,262147,1,UNCERT,0,12,32.0,0.06504065040650407,0.16666666666666666,0.08333333333333333
BQ,262147,1,UNCERT,0,16,404.0,0.8211382113821138,0.375,0.3125
BQ,262147,1,UNCERT,0,20,434.0,0.8821138211382114,0.6,0.6
BQ,262147,1,UNCERT,0,24,449.0,0.9126016260162602,0.625,0.625
BQ,262147,2,AOPT,0,6,13.0,0.15294117647058825,0.16666666666666666,0.16666666666666666
BQ,262147,2,AOPT,0,9,21.0,0.24705882352941178,0.3333333333333333,0.4444444444444444
BQ,262147,2,AOPT,0,12,24.0,0.2823529411764706,0.4166666666666667,0.4166666666666667
BQ,262147,2,AOPT,0,16,44.0,0.5176470588235295,0.5625,0.5625
BQ,262147,2,AOPT,0,20,62.0,0.7294117647058823,0.6,0.65
BQ,262147,2,AOPT,0,24,68.0,0.8,0.7083333333333334,0.7916666666666666
BQ,262147,2,MAXMIN,0,6,8.0,0.09411764705882353,0.0,0.0
BQ,262147,2,MAXMIN,0,9,22.0,0.25882352941176473,0.1111111111111111,0.3333333333333333
BQ,262147,2,MAXMIN,0,12,26.0,0.3058823529411765,0.25,0.4166666666666667
BQ,262147,2,MAXMIN,0,16,35.0,0.4117647058823529,0.5,0.6875
BQ,262147,2,MAXMIN,0,20,41.0,0.4823529411764706,0.6,0.7
BQ,262147,2,MAXMIN,0,24,46.0,0.5411764705882353,0.7083333333333334,0.7083333333333334
BQ,262147,2,RANDOM,0,6,11.0,0.12941176470588237,0.16666666666666666,0.0
BQ,262147,2,RANDOM,0,9,14.0,0.16470588235294117,0.1111111111111111,0.0
BQ,262147,2,RANDOM,0,12,32.0,0.3764705882352941,0.25,0.25
BQ,262147,2,RANDOM,0,16,42.0,0.49411764705882355,0.4375,0.375
BQ,262147,2,RANDOM,0,20,47.0,0.5529411764705883,0.5,0.6
BQ,262147,2,RANDOM,0,24,52.0,0.611764705882353,0.7083333333333334,0.75
BQ,262147,2,UNCERT,0,6,13.0,0.15294117647058825,0.16666666666666666,0.16666666666666666
BQ,262147,2,UNCERT,0,9,20.0,0.23529411764705882,0.2222222222222222,0.2222222222222222
BQ,262147,2,UNCERT,0,12,26.0,0.3058823529411765,0.4166666666666667,0.4166666666666667
BQ,262147,2,UNCERT,0,16,35.0,0.4117647058823529,0.5625,0.5
BQ,262147,2,UNCERT,0,20,45.0,0.5294117647058824,0.7,0.75
BQ,262147,2,UNCERT,0,24,70.0,0.8235294117647058,0.8333333333333334,0.8333333333333334
BQ,262147,3,AOPT,0,6,313.0,0.798469387755102,0.16666666666666666,0.3333333333333333
BQ,262147,3,AOPT,0,9,318.0,0.8112244897959183,0.3333333333333333,0.2222222222222222
BQ,262147,3,AOPT,0,12,323.0,0.8239795918367347,0.4166666666666667,0.4166666666666667
BQ,262147,3,AOPT,0,16,332.0,0.8469387755102041,0.625,0.625
BQ,262147,3,AOPT,0,20,341.0,0.8698979591836735,0.65,0.7
BQ,262147,3,AOPT,0,24,370.0,0.9438775510204082,0.7083333333333334,0.7083333333333334
BQ,262147,3,MAXMIN,0,6,308.0,0.7857142857142857,0.16666666666666666,0.16666666666666666
BQ,262147,3,MAXMIN,0,9,312.0,0.7959183673469388,0.1111111111111111,0.1111111111111111
BQ,262147,3,MAXMIN,0,12,316.0,0.8061224489795918,0.16666666666666666,0.16666666666666666
BQ,262147,3,MAXMIN,0,16,325.0,0.8290816326530612,0.4375,0.4375
BQ,262147,3,MAXMIN,0,20,329.0,0.8392857142857143,0.45,0.5
BQ,262147,3,MAXMIN,0,24,345.0,0.8801020408163265,0.6666666666666666,0.625
BQ,262147,3,RANDOM,0,6,10.0,0.025510204081632654,0.0,0.0
BQ,262147,3,RANDOM,0,9,13.0,0.03316326530612245,0.1111111111111111,0.0
BQ,262147,3,RANDOM,0,12,34.0,0.08673469387755102,0.3333333333333333,0.3333333333333333
BQ,262147,3,RANDOM,0,16,41.0,0.10459183673469388,0.375,0.375
BQ,262147,3,RANDOM,0,20,46.0,0.11734693877551021,0.5,0.45
BQ,262147,3,RANDOM,0,24,60.0,0.15306122448979592,0.625,0.5833333333333334
BQ,262147,3,UNCERT,0,6,313.0,0.798469387755102,0.3333333333333333,0.5
BQ,262147,3,UNCERT,0,9,319.0,0.8137755102040817,0.3333333333333333,0.4444444444444444
BQ,262147,3,UNCERT,0,12,338.0,0.8622448979591837,0.4166666666666667,0.4166666666666667
BQ,262147,3,UNCERT,0,16,352.0,0.8979591836734694,0.5,0.5
BQ,262147,3,UNCERT,0,20,365.0,0.9311224489795918,0.6,0.55
BQ,262147,3,UNCERT,0,24,376.0,0.9591836734693877,0.7083333333333334,0.7083333333333334
BQ,262147,4,AOPT,0,6,380.0,0.7851239669421488,0.3333333333333333,0.3333333333333333
BQ,262147,4,AOPT,0,9,383.0,0.7913223140495868,0.2222222222222222,0.3333333333333333
BQ,262147,4,AOPT,0,12,395.0,0.8161157024793388,0.4166666666666667,0.5
BQ,262147,4,AOPT,0,16,436.0,0.9008264462809917,0.625,0.6875
BQ,262147,4,AOPT,0,20,459.0,0.9483471074380165,0.75,0.75
BQ,262147,4,AOPT,0,24,468.0,0.9669421487603306,0.7916666666666666,0.7916666666666666
BQ,262147,4,MAXMIN,0,6,17.0,0.03512396694214876,0.16666666666666666,0.16666666666666666
BQ,262147,4,MAXMIN,0,9,20.0,0.04132231404958678,0.1111111111111111,0.1111111111111111
BQ,262147,4,MAXMIN,0,12,28.0,0.05785123966942149,0.16666666666666666,0.16666666666666666
BQ,262147,4,MAXMIN,0,16,35.0,0.07231404958677685,0.3125,0.375
BQ,262147,4,MAXMIN,0,20,57.0,0.11776859504132231,0.45,0.45
BQ,262147,4,MAXMIN,0,24,64.0,0.1322314049586777,0.5833333333333334,0.5833333333333334
BQ,262147,4,RANDOM,0,6,24.0,0.049586776859504134,0.16666666666666666,0.16666666666666666
BQ,262147,4,RANDOM,0,9,30.0,0.06198347107438017,0.1111111111111111,0.2222222222222222
BQ,262147,4,RANDOM,0,12,51.0,0.10537190082644628,0.4166666666666667,0.5
BQ,262147,4,RANDOM,0,16,411.0,0.8491735537190083,0.625,0.5625
BQ,262147,4,RANDOM,0,20,415.0,0.8574380165289256,0.6,0.55
BQ,262147,4,RANDOM,0,24,425.0,0.878099173553719,0.7083333333333334,0.7083333333333334
BQ,262147,4,UNCERT,0,6,380.0,0.7851239669421488,0.3333333333333333,0.3333333333333333
BQ,262147,4,UNCERT,0,9,387.0,0.7995867768595041,0.2222222222222222,0.3333333333333333
BQ,262147,4,UNCERT,0,12,408.0,0.8429752066115702,0.4166666666666667,0.4166666666666667
BQ,262147,4,UNCERT,0,16,422.0,0.871900826446281,0.5625,0.5
BQ,262147,4,UNCERT,0,20,456.0,0.9421487603305785,0.75,0.7
BQ,262147,4,UNCERT,0,24,465.0,0.9607438016528925,0.75,0.75
A,104729,0,AOPT,0,6,342.0,0.782608695652174,0.3333333333333333,0.3333333333333333
A,104729,0,AOPT,0,9,345.0,0.7894736842105263,0.2222222222222222,0.3333333333333333
A,104729,0,AOPT,0,12,351.0,0.8032036613272311,0.4166666666666667,0.5
A,104729,0,AOPT,0,16,360.0,0.8237986270022883,0.5625,0.5625
A,104729,0,AOPT,0,20,369.0,0.8443935926773455,0.6,0.6
A,104729,0,AOPT,0,24,400.0,0.9153318077803204,0.6666666666666666,0.7083333333333334
A,104729,0,MAXMIN,0,6,23.0,0.05263157894736842,0.16666666666666666,0.16666666666666666
A,104729,0,MAXMIN,0,9,27.0,0.06178489702517163,0.1111111111111111,0.1111111111111111
A,104729,0,MAXMIN,0,12,30.0,0.06864988558352403,0.08333333333333333,0.08333333333333333
A,104729,0,MAXMIN,0,16,49.0,0.11212814645308924,0.1875,0.25
A,104729,0,MAXMIN,0,20,61.0,0.13958810068649885,0.4,0.35
A,104729,0,MAXMIN,0,24,65.0,0.14874141876430205,0.5,0.4583333333333333
A,104729,0,RANDOM,0,6,12.0,0.02745995423340961,0.0,0.0
A,104729,0,RANDOM,0,9,31.0,0.07093821510297482,0.3333333333333333,0.2222222222222222
A,104729,0,RANDOM,0,12,34.0,0.07780320366132723,0.25,0.25
A,104729,0,RANDOM,0,16,41.0,0.09382151029748284,0.4375,0.4375
A,104729,0,RANDOM,0,20,61.0,0.13958810068649885,0.6,0.6
A,104729,0,RANDOM,0,24,72.0,0.16475972540045766,0.75,0.7083333333333334
A,104729,0,UNCERT,0,6,338.0,0.7734553775743707,0.3333333333333333,0.3333333333333333
A,104729,0,UNCERT,0,9,347.0,0.7940503432494279,0.3333333333333333,0.3333333333333333
A,104729,0,UNCERT,0,12,375.0,0.8581235697940504,0.5833333333333334,0.5833333333333334
A,104729,0,UNCERT,0,16,390.0,0.8924485125858124,0.5625,0.5
A,104729,0,UNCERT,0,20,409.0,0.9359267734553776,0.7,0.65
A,104729,0,UNCERT,0,24,419.0,0.9588100686498856,0.7916666666666666,0.75
A,104729,1,AOPT,0,6,279.0,0.7190721649484536,0.16666666666666666,0.16666666666666666
A,104729,1,AOPT,0,9,283.0,0.729381443298969,0.2222222222222222,0.2222222222222222
A,104729,1,AOPT,0,12,287.0,0.7396907216494846,0.16666666666666666,0.25
A,104729,1,AOPT,0,16,299.0,0.770618556701031,0.5,0.5
A,104729,1,AOPT,0,20,333.0,0.8582474226804123,0.6,0.6
A,104729,1,AOPT,0,24,364.0,0.9381443298969072,0.6666666666666666,0.7083333333333334
A,104729,1,MAXMIN,0,6,23.0,0.059278350515463915,0.16666666666666666,0.16666666666666666
A,104729,1,MAXMIN,0,9,28.0,0.07216494845360824,0.1111111111111111,0.1111111111111111
A,104729,1,MAXMIN,0,12,31.0,0.07989690721649484,0.08333333333333333,0.16666666666666666
A,104729,1,MAXMIN,0,16,37.0,0.09536082474226804,0.25,0.3125
A,104729,1,MAXMIN,0,20,44.0,0.1134020618556701,0.35,0.4
A,104729,1,MAXMIN,0,24,52.0,0.13402061855670103,0.4166666666666667,0.5
A,104729,1,RANDOM,0,6,26.0,0.06701030927835051,0.16666666666666666,0.16666666666666666
A,104729,1,RANDOM,0,9,41.0,0.1056701030927835,0.2222222222222222,0.2222222222222222
A,104729,1,RANDOM,0,12,53.0,0.13659793814432988,0.3333333333333333,0.4166666666666667
A,104729,1,RANDOM,0,16,65.0,0.16752577319587628,0.4375,0.5
A,104729,1,RANDOM,0,20,70.0,0.18041237113402062,0.5,0.5
A,104729,1,RANDOM,0,24,84.0,0.21649484536082475,0.5,0.5416666666666666
A,104729,1,UNCERT,0,6,283.0,0.729381443298969,0.16666666666666666,0.16666666666666666
A,104729,1,UNCERT,0,9,288.0,0.7422680412371134,0.3333333333333333,0.3333333333333333
A,104729,1,UNCERT,0,12,293.0,0.7551546391752577,0.3333333333333333,0.25
A,104729,1,UNCERT,0,16,317.0,0.8170103092783505,0.4375,0.5
A,104729,1,UNCERT,0,20,330.0,0.8505154639175257,0.6,0.6
A,104729,1,UNCERT,0,24,355.0,0.9149484536082474,0.6666666666666666,0.7083333333333334
A,104729,2,AOPT,0,6,400.0,0.8130081300813008,0.3333333333333333,0.3333333333333333
A,104729,2,AOPT,0,9,403.0,0.8191056910569106,0.3333333333333333,0.4444444444444444
A,104729,2,AOPT,0,12,413.0,0.8394308943089431,0.5,0.6666666666666666
A,104729,2,AOPT,0,16,453.0,0.9207317073170732,0.6875,0.75
A,104729,2,AOPT,0,20,466.0,0.9471544715447154,0.8,0.85
A,104729,2,AOPT,0,24,472.0,0.959349593495935,0.7916666666666666,0.7916666666666666
A,104729,2,MAXMIN,0,6,9.0,0.018292682926829267,0.0,0.0
A,104729,2,MAXMIN,0,9,17.0,0.034552845528455285,0.1111111111111111,0.1111111111111111
A,104729,2,MAXMIN,0,12,32.0,0.06504065040650407,0.16666666666666666,0.3333333333333333
A,104729,2,MAXMIN,0,16,36.0,0.07317073170731707,0.375,0.375
A,104729,2,MAXMIN,0,20,46.0,0.09349593495934959,0.5,0.55
A,104729,2,MAXMIN,0,24,75.0,0.1524390243902439,0.6666666666666666,0.6666666666666666
A,104729,2,RANDOM,0,6,30.0,0.06097560975609756,0.16666666666666666,0.16666666666666666
A,104729,2,RANDOM,0,9,33.0,0.06707317073170732,0.2222222222222222,0.1111111111111111
A,104729,2,RANDOM,0,12,47.0,0.09552845528455285,0.3333333333333333,0.16666666666666666
A,104729,2,RANDOM,0,16,63.0,0.12804878048780488,0.4375,0.375
A,104729,2,RANDOM,0,20,73.0,0.1483739837398374,0.55,0.45
A,104729,2,RANDOM,0,24,79.0,0.16056910569105692,0.6666666666666666,0.5833333333333334
A,104729,2,UNCERT,0,6,399.0,0.8109756097560976,0.3333333333333333,0.3333333333333333
A,104729,2,UNCERT,0,9,406.0,0.8252032520325203,0.3333333333333333,0.3333333333333333
A,104729,2,UNCERT,0,12,428.0,0.8699186991869918,0.5833333333333334,0.5833333333333334
A,104729,2,UNCERT,0,16,437.0,0.8882113821138211,0.625,0.6875
A,104729,2,UNCERT,0,20,449.0,0.9126016260162602,0.65,0.6
A,104729,2,UNCERT,0,24,473.0,0.9613821138211383,0.7083333333333334,0.75
A,104729,3,AOPT,0,6,225.0,0.6987577639751553,0.3333333333333333,0.3333333333333333
A,104729,3,AOPT,0,9,228.0,0.7080745341614907,0.3333333333333333,0.3333333333333333
A,104729,3,AOPT,0,12,245.0,0.7608695652173914,0.4166666666666667,0.5
A,104729,3,AOPT,0,16,286.0,0.8881987577639752,0.6875,0.75
A,104729,3,AOPT,0,20,298.0,0.9254658385093167,0.8,0.75
A,104729,3,AOPT,0,24,307.0,0.953416149068323,0.8333333333333334,0.7916666666666666
A,104729,3,MAXMIN,0,6,204.0,0.6335403726708074,0.16666666666666666,0.16666666666666666
A,104729,3,MAXMIN,0,9,208.0,0.6459627329192547,0.1111111111111111,0.1111111111111111
A,104729,3,MAXMIN,0,12,212.0,0.6583850931677019,0.08333333333333333,0.08333333333333333
A,104729,3,MAXMIN,0,16,221.0,0.6863354037267081,0.375,0.375
A,104729,3,MAXMIN,0,20,225.0,0.6987577639751553,0.4,0.4
A,104729,3,MAXMIN,0,24,252.0,0.782608695652174,0.625,0.5833333333333334
A,104729,3,RANDOM,0,6,26.0,0.08074534161490683,0.16666666666666666,0.16666666666666666
A,104729,3,RANDOM,0,9,40.0,0.12422360248447205,0.3333333333333333,0.3333333333333333
A,104729,3,RANDOM,0,12,45.0,0.13975155279503104,0.25,0.3333333333333333
A,104729,3,RANDOM,0,16,68.0,0.2111801242236025,0.4375,0.4375
A,104729,3,RANDOM,0,20,83.0,0.2577639751552795,0.55,0.5
A,104729,3,RANDOM,0,24,96.0,0.2981366459627329,0.5833333333333334,0.5833333333333334
A,104729,3,UNCERT,0,6,27.0,0.08385093167701864,0.16666666666666666,0.16666666666666666
A,104729,3,UNCERT,0,9,31.0,0.09627329192546584,0.1111111111111111,0.2222222222222222
A,104729,3,UNCERT,0,12,38.0,0.11801242236024845,0.3333333333333333,0.3333333333333333
A,104729,3,UNCERT,0,16,61.0,0.18944099378881987,0.5,0.5625
A,104729,3,UNCERT,0,20,266.0,0.8260869565217391,0.7,0.7
A,104729,3,UNCERT,0,24,281.0,0.8726708074534162,0.6666666666666666,0.7083333333333334
A,104729,4,AOPT,0,6,372.0,0.8359550561797753,0.3333333333333333,0.3333333333333333
A,104729,4,AOPT,0,9,377.0,0.8471910112359551,0.3333333333333333,0.4444444444444444
A,104729,4,AOPT,0,12,387.0,0.8696629213483146,0.5833333333333334,0.5833333333333334
A,104729,4,AOPT,0,16,411.0,0.9235955056179775,0.75,0.75
A,104729,4,AOPT,0,20,423.0,0.950561797752809,0.8,0.8
A,104729,4,AOPT,0,24,429.0,0.9640449438202248,0.8333333333333334,0.8333333333333334
A,104729,4,MAXMIN,0,6,7.0,0.015730337078651686,0.0,0.0
A,104729,4,MAXMIN,0,9,11.0,0.024719101123595506,0.0,0.0
A,104729,4,MAXMIN,0,12,25.0,0.056179775280898875,0.08333333333333333,0.08333333333333333
A,104729,4,MAXMIN,0,16,55.0,0.12359550561797752,0.4375,0.5
A,104729,4,MAXMIN,0,20,59.0,0.13258426966292136,0.5,0.5
A,104729,4,MAXMIN,0,24,80.0,0.1797752808988764,0.7083333333333334,0.6666666666666666
A,104729,4,RANDOM,0,6,13.0,0.029213483146067417,0.0,0.16666666666666666
A,104729,4,RANDOM,0,9,17.0,0.038202247191011236,0.1111111111111111,0.1111111111111111
A,104729,4,RANDOM,0,12,23.0,0.051685393258426963,0.25,0.3333333333333333
A,104729,4,RANDOM,0,16,43.0,0.09662921348314607,0.4375,0.4375
A,104729,4,RANDOM,0,20,49.0,0.1101123595505618,0.55,0.55
A,104729,4,RANDOM,0,24,403.0,0.9056179775280899,0.6666666666666666,0.6666666666666666
A,104729,4,UNCERT,0,6,29.0,0.0651685393258427,0.16666666666666666,0.16666666666666666
A,104729,4,UNCERT,0,9,37.0,0.08314606741573034,0.3333333333333333,0.3333333333333333
A,104729,4,UNCERT,0,12,46.0,0.10337078651685393,0.5,0.4166666666666667
A,104729,4,UNCERT,0,16,401.0,0.9011235955056179,0.625,0.625
A,104729,4,UNCERT,0,20,406.0,0.9123595505617977,0.75,0.7
A,104729,4,UNCERT,0,24,429.0,0.9640449438202248,0.75,0.75
A,130363,0,AOPT,0,6,400.0,0.8097165991902834,0.3333333333333333,0.3333333333333333
A,130363,0,AOPT,0,9,404.0,0.8178137651821862,0.3333333333333333,0.3333333333333333
A,130363,0,AOPT,0,12,410.0,0.8299595141700404,0.4166666666666667,0.4166666666666667
A,130363,0,AOPT,0,16,432.0,0.8744939271255061,0.6875,0.625
A,130363,0,AOPT,0,20,471.0,0.9534412955465587,0.8,0.75
A,130363,0,AOPT,0,24,478.0,0.9676113360323887,0.8333333333333334,0.875
A,130363,0,MAXMIN,0,6,7.0,0.01417004048582996,0.0,0.0
A,130363,0,MAXMIN,0,9,13.0,0.02631578947368421,0.0,0.1111111111111111
A,130363,0,MAXMIN,0,12,27.0,0.05465587044534413,0.16666666666666666,0.16666666666666666
A,130363,0,MAXMIN,0,16,34.0,0.06882591093117409,0.375,0.375
A,130363,0,MAXMIN,0,20,41.0,0.08299595141700405,0.5,0.5
A,130363,0,MAXMIN,0,24,69.0,0.1396761133603239,0.5833333333333334,0.5833333333333334
A,130363,0,RANDOM,0,6,31.0,0.06275303643724696,0.16666666666666666,0.16666666666666666
A,130363,0,RANDOM,0,9,408.0,0.8259109311740891,0.4444444444444444,0.3333333333333333
A,130363,0,RANDOM,0,12,413.0,0.8360323886639676,0.5,0.4166666666666667
A,130363,0,RANDOM,0,16,420.0,0.8502024291497976,0.5,0.5
A,130363,0,RANDOM,0,20,436.0,0.8825910931174089,0.65,0.7
A,130363,0,RANDOM,0,24,450.0,0.9109311740890689,0.7916666666666666,0.75
A,130363,0,UNCERT,0,6,387.0,0.7834008097165992,0.16666666666666666,0.16666666666666666
A,130363,0,UNCERT,0,9,391.0,0.791497975708502,0.3333333333333333,0.1111111111111111
A,130363,0,UNCERT,0,12,394.0,0.7975708502024291,0.25,0.16666666666666666
A,130363,0,UNCERT,0,16,402.0,0.8137651821862348,0.375,0.4375
A,130363,0,UNCERT,0,20,427.0,0.8643724696356275,0.55,0.6
A,130363,0,UNCERT,0,24,441.0,0.8927125506072875,0.7083333333333334,0.7083333333333334
A,130363,1,AOPT,0,6,344.0,0.7944572748267898,0.3333333333333333,0.3333333333333333
A,130363,1,AOPT,0,9,347.0,0.8013856812933026,0.2222222222222222,0.3333333333333333
A,130363,1,AOPT,0,12,355.0,0.8198614318706697,0.3333333333333333,0.5
A,130363,1,AOPT,0,16,365.0,0.8429561200923787,0.5625,0.625
A,130363,1,AOPT,0,20,372.0,0.859122401847575,0.6,0.6
A,130363,1,AOPT,0,24,377.0,0.8706697459584296,0.6666666666666666,0.6666666666666666
A,130363,1,MAXMIN,0,6,9.0,0.020785219399538105,0.0,0.0
A,130363,1,MAXMIN,0,9,13.0,0.03002309468822171,0.0,0.0
A,130363,1,MAXMIN,0,12,16.0,0.03695150115473441,0.08333333333333333,0.08333333333333333
A,130363,1,MAXMIN,0,16,41.0,0.09468822170900693,0.3125,0.3125
A,130363,1,MAXMIN,0,20,61.0,0.14087759815242495,0.45,0.45
A,130363,1,MAXMIN,0,24,77.0,0.17782909930715934,0.6666666666666666,0.6666666666666666
A,130363,1,RANDOM,0,6,27.0,0.06235565819861432,0.16666666666666666,0.16666666666666666
A,130363,1,RANDOM,0,9,31.0,0.07159353348729793,0.1111111111111111,0.2222222222222222
A,130363,1,RANDOM,0,12,52.0,0.12009237875288684,0.3333333333333333,0.5
A,130363,1,RANDOM,0,16,56.0,0.12933025404157045,0.375,0.4375
A,130363,1,RANDOM,0,20,71.0,0.16397228637413394,0.45,0.45
A,130363,1,RANDOM,0,24,76.0,0.17551963048498845,0.5416666666666666,0.5833333333333334
A,130363,1,UNCERT,0,6,23.0,0.053117782909930716,0.16666666666666666,0.16666666666666666
A,130363,1,UNCERT,0,9,26.0,0.06004618937644342,0.1111111111111111,0.1111111111111111
A,130363,1,UNCERT,0,12,34.0,0.07852193995381063,0.16666666666666666,0.16666666666666666
A,130363,1,UNCERT,0,16,358.0,0.8267898383371824,0.375,0.375
A,130363,1,UNCERT,0,20,370.0,0.8545034642032333,0.55,0.5
A,130363,1,UNCERT,0,24,395.0,0.9122401847575058,0.625,0.625
A,130363,2,AOPT,0,6,350.0,0.78125,0.16666666666666666,0.3333333333333333
A,130363,2,AOPT,0,9,354.0,0.7901785714285714,0.3333333333333333,0.2222222222222222
A,130363,2,AOPT,0,12,359.0,0.8013392857142857,0.3333333333333333,0.3333333333333333
A,130363,2,AOPT,0,16,371.0,0.828125,0.5625,0.5625
A,130363,2,AOPT,0,20,410.0,0.9151785714285714,0.7,0.75
A,130363,2,AOPT,0,24,422.0,0.9419642857142857,0.75,0.7916666666666666
A,130363,2,MAXMIN,0,6,10.0,0.022321428571428572,0.0,0.0
A,130363,2,MAXMIN,0,9,22.0,0.049107142857142856,0.1111111111111111,0.1111111111111111
A,130363,2,MAXMIN,0,12,26.0,0.05803571428571429,0.16666666666666666,0.08333333333333333
A,130363,2,MAXMIN,0,16,31.0,0.06919642857142858,0.25,0.25
A,130363,2,MAXMIN,0,20,38.0,0.08482142857142858,0.4,0.4
A,130363,2,MAXMIN,0,24,51.0,0.11383928571428571,0.5833333333333334,0.625
A,130363,2,RANDOM,0,6,23.0,0.05133928571428571,0.16666666666666666,0.16666666666666666
A,130363,2,RANDOM,0,9,36.0,0.08035714285714286,0.2222222222222222,0.2222222222222222
A,130363,2,RANDOM,0,12,376.0,0.8392857142857143,0.25,0.3333333333333333
A,130363,2,RANDOM,0,16,387.0,0.8638392857142857,0.4375,0.3125
A,130363,2,RANDOM,0,20,401.0,0.8950892857142857,0.45,0.4
A,130363,2,RANDOM,0,24,411.0,0.9174107142857143,0.5416666666666666,0.4583333333333333
A,130363,2,UNCERT,0,6,346.0,0.7723214285714286,0.16666666666666666,0.16666666666666666
A,130363,2,UNCERT,0,9,354.0,0.7901785714285714,0.3333333333333333,0.1111111111111111
A,130363,2,UNCERT,0,12,360.0,0.8035714285714286,0.25,0.25
A,130363,2,UNCERT,0,16,387.0,0.8638392857142857,0.5,0.5625
A,130363,2,UNCERT,0,20,399.0,0.890625,0.6,0.6
A,130363,2,UNCERT,0,24,422.0,0.9419642857142857,0.6666666666666666,0.7083333333333334
A,130363,3,AOPT,0,6,376.0,0.8034188034188035,0.3333333333333333,0.3333333333333333
A,130363,3,AOPT,0,9,382.0,0.8162393162393162,0.3333333333333333,0.4444444444444444
A,130363,3,AOPT,0,12,390.0,0.8333333333333334,0.5,0.5833333333333334
A,130363,3,AOPT,0,16,430.0,0.9188034188034188,0.6875,0.75
A,130363,3,AOPT,0,20,443.0,0.9465811965811965,0.7,0.75
A,130363,3,AOPT,0,24,447.0,0.9551282051282052,0.6666666666666666,0.75
A,130363,3,MAXMIN,0,6,23.0,0.049145299145299144,0.16666666666666666,0.16666666666666666
A,130363,3,MAXMIN,0,9,26.0,0.05555555555555555,0.1111111111111111,0.1111111111111111
A,130363,3,MAXMIN,0,12,30.0,0.0641025641025641,0.08333333333333333,0.16666666666666666
A,130363,3,MAXMIN,0,16,35.0,0.07478632478632478,0.3125,0.3125
A,130363,3,MAXMIN,0,20,39.0,0.08333333333333333,0.4,0.5
A,130363,3,MAXMIN,0,24,54.0,0.11538461538461539,0.5833333333333334,0.625
A,130363,3,RANDOM,0,6,22.0,0.04700854700854701,0.16666666666666666,0.16666666666666666
A,130363,3,RANDOM,0,9,36.0,0.07692307692307693,0.2222222222222222,0.2222222222222222
A,130363,3,RANDOM,0,12,40.0,0.08547008547008547,0.16666666666666666,0.16666666666666666
A,130363,3,RANDOM,0,16,56.0,0.11965811965811966,0.375,0.3125
A,130363,3,RANDOM,0,20,419.0,0.8952991452991453,0.5,0.45
A,130363,3,RANDOM,0,24,424.0,0.905982905982906,0.5416666666666666,0.5833333333333334
A,130363,3,UNCERT,0,6,375.0,0.8012820512820513,0.3333333333333333,0.3333333333333333
A,130363,3,UNCERT,0,9,383.0,0.8183760683760684,0.3333333333333333,0.3333333333333333
A,130363,3,UNCERT,0,12,411.0,0.8782051282051282,0.5833333333333334,0.5833333333333334
A,130363,3,UNCERT,0,16,426.0,0.9102564102564102,0.5625,0.5625
A,130363,3,UNCERT,0,20,446.0,0.9529914529914529,0.7,0.65
A,130363,3,UNCERT,0,24,451.0,0.9636752136752137,0.75,0.75
A,130363,4,AOPT,0,6,146.0,0.6058091286307054,0.3333333333333333,0.3333333333333333
A,130363,4,AOPT,0,9,149.0,0.6182572614107884,0.2222222222222222,0.3333333333333333
A,130363,4,AOPT,0,12,161.0,0.6680497925311203,0.5,0.5
A,130363,4,AOPT,0,16,202.0,0.8381742738589212,0.6875,0.6875
A,130363,4,AOPT,0,20,219.0,0.9087136929460581,0.75,0.75
A,130363,4,AOPT,0,24,228.0,0.946058091286307,0.75,0.75
A,130363,4,MAXMIN,0,6,17.0,0.07053941908713693,0.16666666666666666,0.16666666666666666
A,130363,4,MAXMIN,0,9,20.0,0.08298755186721991,0.1111111111111111,0.1111111111111111
A,130363,4,MAXMIN,0,12,23.0,0.0954356846473029,0.08333333333333333,0.08333333333333333
A,130363,4,MAXMIN,0,16,32.0,0.13278008298755187,0.3125,0.3125
A,130363,4,MAXMIN,0,20,69.0,0.2863070539419087,0.5,0.5
A,130363,4,MAXMIN,0,24,82.0,0.34024896265560167,0.625,0.5833333333333334
A,130363,4,RANDOM,0,6,24.0,0.0995850622406639,0.16666666666666666,0.16666666666666666
A,130363,4,RANDOM,0,9,32.0,0.13278008298755187,0.3333333333333333,0.4444444444444444
A,130363,4,RANDOM,0,12,38.0,0.15767634854771784,0.5,0.5
A,130363,4,RANDOM,0,16,42.0,0.17427385892116182,0.4375,0.4375
A,130363,4,RANDOM,0,20,62.0,0.2572614107883817,0.5,0.5
A,130363,4,RANDOM,0,24,83.0,0.34439834024896265,0.625,0.6666666666666666
A,130363,4,UNCERT,0,6,30.0,0.12448132780082988,0.16666666666666666,0.16666666666666666
A,130363,4,UNCERT,0,9,33.0,0.13692946058091288,0.1111111111111111,0.2222222222222222
A,130363,4,UNCERT,0,12,36.0,0.14937759336099585,0.25,0.25
A,130363,4,UNCERT,0,16,41.0,0.17012448132780084,0.3125,0.3125
A,130363,4,UNCERT,0,20,64.0,0.26556016597510373,0.5,0.5
A,130363,4,UNCERT,0,24,192.0,0.7966804979253111,0.625,0.5833333333333334
A,155921,0,AOPT,0,6,306.0,0.7463414634146341,0.3333333333333333,0.3333333333333333
A,155921,0,AOPT,0,9,310.0,0.7560975609756098,0.2222222222222222,0.2222222222222222
A,155921,0,AOPT,0,12,320.0,0.7804878048780488,0.3333333333333333,0.5
A,155921,0,AOPT,0,16,339.0,0.8268292682926829,0.625,0.6875
A,155921,0,AOPT,0,20,378.0,0.9219512195121952,0.8,0.8
A,155921,0,AOPT,0,24,392.0,0.9560975609756097,0.8333333333333334,0.8333333333333334
A,155921,0,MAXMIN,0,6,25.0,0.06097560975609756,0.16666666666666666,0.16666666666666666
A,155921,0,MAXMIN,0,9,48.0,0.11707317073170732,0.3333333333333333,0.3333333333333333
A,155921,0,MAXMIN,0,12,53.0,0.12926829268292683,0.25,0.3333333333333333
A,155921,0,MAXMIN,0,16,67.0,0.16341463414634147,0.4375,0.5
A,155921,0,MAXMIN,0,20,71.0,0.17317073170731706,0.5,0.55
A,155921,0,MAXMIN,0,24,95.0,0.23170731707317074,0.7083333333333334,0.7083333333333334
A,155921,0,RANDOM,0,6,28.0,0.06829268292682927,0.16666666666666666,0.16666666666666666
A,155921,0,RANDOM,0,9,45.0,0.10975609756097561,0.3333333333333333,0.3333333333333333
A,155921,0,RANDOM,0,12,342.0,0.8341463414634146,0.5,0.5
A,155921,0,RANDOM,0,16,355.0,0.8658536585365854,0.5,0.4375
A,155921,0,RANDOM,0,20,362.0,0.8829268292682927,0.5,0.5
A,155921,0,RANDOM,0,24,373.0,0.9097560975609756,0.6666666666666666,0.625
A,155921,0,UNCERT,0,6,27.0,0.06585365853658537,0.16666666666666666,0.16666666666666666
A,155921,0,UNCERT,0,9,50.0,0.12195121951219512,0.3333333333333333,0.2222222222222222
A,155921,0,UNCERT,0,12,55.0,0.13414634146341464,0.3333333333333333,0.3333333333333333
A,155921,0,UNCERT,0,16,338.0,0.824390243902439,0.4375,0.4375
A,155921,0,UNCERT,0,20,360.0,0.8780487804878049,0.6,0.6
A,155921,0,UNCERT,0,24,386.0,0.9414634146341463,0.75,0.75
A,155921,1,AOPT,0,6,379.0,0.8081023454157783,0.16666666666666666,0.16666666666666666
A,155921,1,AOPT,0,9,397.0,0.8464818763326226,0.4444444444444444,0.4444444444444444
A,155921,1,AOPT,0,12,402.0,0.8571428571428571,0.4166666666666667,0.5833333333333334
A,155921,1,AOPT,0,16,411.0,0.8763326226012793,0.625,0.625
A,155921,1,AOPT,0,20,419.0,0.8933901918976546,0.65,0.65
A,155921,1,AOPT,0,24,454.0,0.9680170575692963,0.75,0.75
A,155921,1,MAXMIN,0,6,7.0,0.014925373134328358,0.0,0.0
A,155921,1,MAXMIN,0,9,11.0,0.023454157782515993,0.0,0.0
A,155921,1,MAXMIN,0,12,15.0,0.031982942430703626,0.08333333333333333,0.16666666666666666
A,155921,1,MAXMIN,0,16,20.0,0.042643923240938165,0.25,0.25
A,155921,1,MAXMIN,0,20,44.0,0.09381663113006397,0.4,0.4
A,155921,1,MAXMIN,0,24,48.0,0.1023454157782516,0.5833333333333334,0.5833333333333334
A,155921,1,RANDOM,0,6,33.0,0.07036247334754797,0.3333333333333333,0.3333333333333333
A,155921,1,RANDOM,0,9,40.0,0.08528784648187633,0.3333333333333333,0.4444444444444444
A,155921,1,RANDOM,0,12,47.0,0.10021321961620469,0.5,0.5
A,155921,1,RANDOM,0,16,52.0,0.11087420042643924,0.5,0.5625
A,155921,1,RANDOM,0,20,57.0,0.12153518123667377,0.5,0.5
A,155921,1,RANDOM,0,24,65.0,0.13859275053304904,0.625,0.5833333333333334
A,155921,1,UNCERT,0,6,376.0,0.8017057569296375,0.16666666666666666,0.16666666666666666
A,155921,1,UNCERT,0,9,381.0,0.8123667377398721,0.3333333333333333,0.3333333333333333
A,155921,1,UNCERT,0,12,389.0,0.8294243070362474,0.3333333333333333,0.3333333333333333
A,155921,1,UNCERT,0,16,393.0,0.837953091684435,0.375,0.4375
A,155921,1,UNCERT,0,20,417.0,0.8891257995735607,0.55,0.65
A,155921,1,UNCERT,0,24,422.0,0.8997867803837953,0.6666666666666666,0.6666666666666666
A,155921,2,AOPT,0,6,181.0,0.6306620209059234,0.3333333333333333,0.3333333333333333
A,155921,2,AOPT,0,9,184.0,0.6411149825783972,0.2222222222222222,0.2222222222222222
A,155921,2,AOPT,0,12,190.0,0.662020905923345,0.3333333333333333,0.3333333333333333
A,155921,2,AOPT,0,16,200.0,0.6968641114982579,0.5,0.5625
A,155921,2,AOPT,0,20,241.0,0.8397212543554007,0.65,0.7
A,155921,2,AOPT,0,24,265.0,0.9233449477351916,0.75,0.7916666666666666
A,155921,2,MAXMIN,0,6,7.0,0.024390243902439025,0.0,0.0
A,155921,2,MAXMIN,0,9,10.0,0.03484320557491289,0.0,0.0
A,155921,2,MAXMIN,0,12,14.0,0.04878048780487805,0.0,0.0
A,155921,2,MAXMIN,0,16,30.0,0.10452961672473868,0.1875,0.25
A,155921,2,MAXMIN,0,20,71.0,0.24738675958188153,0.5,0.5
A,155921,2,MAXMIN,0,24,75.0,0.2613240418118467,0.5,0.5416666666666666
A,155921,2,RANDOM,0,6,17.0,0.059233449477351915,0.16666666666666666,0.16666666666666666
A,155921,2,RANDOM,0,9,20.0,0.06968641114982578,0.1111111111111111,0.1111111111111111
A,155921,2,RANDOM,0,12,176.0,0.6132404181184669,0.16666666666666666,0.16666666666666666
A,155921,2,RANDOM,0,16,201.0,0.7003484320557491,0.3125,0.375
A,155921,2,RANDOM,0,20,211.0,0.735191637630662,0.4,0.35
A,155921,2,RANDOM,0,24,235.0,0.818815331010453,0.5,0.4583333333333333
A,155921,2,UNCERT,0,6,179.0,0.6236933797909407,0.3333333333333333,0.3333333333333333
A,155921,2,UNCERT,0,9,188.0,0.6550522648083623,0.3333333333333333,0.3333333333333333
A,155921,2,UNCERT,0,12,191.0,0.6655052264808362,0.4166666666666667,0.25
A,155921,2,UNCERT,0,16,197.0,0.686411149825784,0.375,0.375
A,155921,2,UNCERT,0,20,206.0,0.7177700348432056,0.55,0.55
A,155921,2,UNCERT,0,24,226.0,0.7874564459930313,0.6666666666666666,0.625
A,155921,3,AOPT,0,6,349.0,0.7704194260485652,0.16666666666666666,0.16666666666666666
A,155921,3,AOPT,0,9,353.0,0.7792494481236203,0.2222222222222222,0.3333333333333333
A,155921,3,AOPT,0,12,358.0,0.7902869757174393,0.3333333333333333,0.4166666666666667
A,155921,3,AOPT,0,16,366.0,0.8079470198675497,0.4375,0.5
A,155921,3,AOPT,0,20,374.0,0.82560706401766,0.6,0.65
A,155921,3,AOPT,0,24,390.0,0.8609271523178808,0.6666666666666666,0.7083333333333334
A,155921,3,MAXMIN,0,6,7.0,0.01545253863134658,0.0,0.0
A,155921,3,MAXMIN,0,9,10.0,0.02207505518763797,0.0,0.0
A,155921,3,MAXMIN,0,12,14.0,0.03090507726269316,0.0,0.08333333333333333
A,155921,3,MAXMIN,0,16,30.0,0.06622516556291391,0.3125,0.3125
A,155921,3,MAXMIN,0,20,37.0,0.08167770419426049,0.35,0.45
A,155921,3,MAXMIN,0,24,53.0,0.11699779249448124,0.5,0.5416666666666666
A,155921,3,RANDOM,0,6,11.0,0.024282560706401765,0.0,0.0
A,155921,3,RANDOM,0,9,25.0,0.05518763796909492,0.1111111111111111,0.1111111111111111
A,155921,3,RANDOM,0,12,29.0,0.0640176600441501,0.16666666666666666,0.25
A,155921,3,RANDOM,0,16,37.0,0.08167770419426049,0.375,0.25
A,155921,3,RANDOM,0,20,51.0,0.11258278145695365,0.5,0.45
A,155921,3,RANDOM,0,24,66.0,0.1456953642384106,0.625,0.5833333333333334
A,155921,3,UNCERT,0,6,346.0,0.7637969094922737,0.16666666666666666,0.16666666666666666
A,155921,3,UNCERT,0,9,365.0,0.8057395143487859,0.2222222222222222,0.3333333333333333
A,155921,3,UNCERT,0,12,377.0,0.8322295805739515,0.3333333333333333,0.3333333333333333
A,155921,3,UNCERT,0,16,381.0,0.8410596026490066,0.25,0.3125
A,155921,3,UNCERT,0,20,415.0,0.9161147902869757,0.45,0.5
A,155921,3,UNCERT,0,24,422.0,0.9315673289183223,0.5833333333333334,0.625
A,155921,4,AOPT,0,6,386.0,0.8301075268817204,0.3333333333333333,0.5
A,155921,4,AOPT,0,9,394.0,0.8473118279569892,0.4444444444444444,0.4444444444444444
A,155921,4,AOPT,0,12,401.0,0.8623655913978494,0.5,0.5
A,155921,4,AOPT,0,16,426.0,0.9161290322580645,0.6875,0.75
A,155921,4,AOPT,0,20,442.0,0.9505376344086022,0.75,0.7
A,155921,4,AOPT,0,24,448.0,0.9634408602150538,0.7916666666666666,0.7916666666666666
A,155921,4,MAXMIN,0,6,8.0,0.017204301075268817,0.0,0.0
A,155921,4,MAXMIN,0,9,15.0,0.03225806451612903,0.1111111111111111,0.0
A,155921,4,MAXMIN,0,12,19.0,0.04086021505376344,0.08333333333333333,0.08333333333333333
A,155921,4,MAXMIN,0,16,23.0,0.04946236559139785,0.1875,0.3125
A,155921,4,MAXMIN,0,20,35.0,0.07526881720430108,0.4,0.5
A,155921,4,MAXMIN,0,24,61.0,0.13118279569892474,0.6666666666666666,0.625
A,155921,4,RANDOM,0,6,13.0,0.02795698924731183,0.16666666666666666,0.0
A,155921,4,RANDOM,0,9,33.0,0.07096774193548387,0.2222222222222222,0.2222222222222222
A,155921,4,RANDOM,0,12,48.0,0.1032258064516129,0.3333333333333333,0.4166666666666667
A,155921,4,RANDOM,0,16,61.0,0.13118279569892474,0.5,0.4375
A,155921,4,RANDOM,0,20,71.0,0.15268817204301074,0.65,0.6
A,155921,4,RANDOM,0,24,78.0,0.16774193548387098,0.6666666666666666,0.7083333333333334
A,155921,4,UNCERT,0,6,28.0,0.060215053763440864,0.16666666666666666,0.3333333333333333
A,155921,4,UNCERT,0,9,36.0,0.07741935483870968,0.3333333333333333,0.4444444444444444
A,155921,4,UNCERT,0,12,43.0,0.09247311827956989,0.3333333333333333,0.3333333333333333
A,155921,4,UNCERT,0,16,49.0,0.1053763440860215,0.4375,0.5
A,155921,4,UNCERT,0,20,420.0,0.9032258064516129,0.7,0.65
A,155921,4,UNCERT,0,24,425.0,0.9139784946236559,0.7083333333333334,0.7083333333333334
A,196613,0,AOPT,0,6,377.0,0.8303964757709251,0.3333333333333333,0.3333333333333333
A,196613,0,AOPT,0,9,381.0,0.8392070484581498,0.3333333333333333,0.3333333333333333
A,196613,0,AOPT,0,12,387.0,0.8524229074889867,0.4166666666666667,0.5
A,196613,0,AOPT,0,16,398.0,0.8766519823788547,0.5625,0.625
A,196613,0,AOPT,0,20,429.0,0.9449339207048458,0.75,0.75
A,196613,0,AOPT,0,24,439.0,0.9669603524229075,0.8333333333333334,0.8333333333333334
A,196613,0,MAXMIN,0,6,23.0,0.05066079295154185,0.16666666666666666,0.16666666666666666
A,196613,0,MAXMIN,0,9,28.0,0.06167400881057269,0.1111111111111111,0.1111111111111111
A,196613,0,MAXMIN,0,12,32.0,0.07048458149779736,0.08333333333333333,0.16666666666666666
A,196613,0,MAXMIN,0,16,39.0,0.08590308370044053,0.375,0.4375
A,196613,0,MAXMIN,0,20,47.0,0.10352422907488987,0.45,0.5
A,196613,0,MAXMIN,0,24,71.0,0.15638766519823788,0.6666666666666666,0.7083333333333334
A,196613,0,RANDOM,0,6,376.0,0.8281938325991189,0.3333333333333333,0.3333333333333333
A,196613,0,RANDOM,0,9,389.0,0.8568281938325991,0.4444444444444444,0.4444444444444444
A,196613,0,RANDOM,0,12,392.0,0.8634361233480177,0.4166666666666667,0.3333333333333333
A,196613,0,RANDOM,0,16,416.0,0.9162995594713657,0.5625,0.5625
A,196613,0,RANDOM,0,20,427.0,0.9405286343612335,0.65,0.65
A,196613,0,RANDOM,0,24,437.0,0.9625550660792952,0.7916666666666666,0.75
A,196613,0,UNCERT,0,6,29.0,0.06387665198237885,0.16666666666666666,0.16666666666666666
A,196613,0,UNCERT,0,9,33.0,0.07268722466960352,0.2222222222222222,0.2222222222222222
A,196613,0,UNCERT,0,12,36.0,0.07929515418502203,0.25,0.25
A,196613,0,UNCERT,0,16,45.0,0.09911894273127753,0.4375,0.4375
A,196613,0,UNCERT,0,20,75.0,0.16519823788546256,0.5,0.55
A,196613,0,UNCERT,0,24,435.0,0.9581497797356828,0.6666666666666666,0.7083333333333334
A,196613,1,AOPT,0,6,380.0,0.7835051546391752,0.16666666666666666,0.16666666666666666
A,196613,1,AOPT,0,9,384.0,0.7917525773195876,0.1111111111111111,0.1111111111111111
A,196613,1,AOPT,0,12,389.0,0.8020618556701031,0.3333333333333333,0.3333333333333333
A,196613,1,AOPT,0,16,397.0,0.8185567010309278,0.4375,0.5
A,196613,1,AOPT,0,20,433.0,0.8927835051546392,0.65,0.7
A,196613,1,AOPT,0,24,463.0,0.954639175257732,0.75,0.7916666666666666
A,196613,1,MAXMIN,0,6,11.0,0.02268041237113402,0.0,0.0
A,196613,1,MAXMIN,0,9,15.0,0.030927835051546393,0.1111111111111111,0.1111111111111111
A,196613,1,MAXMIN,0,12,18.0,0.03711340206185567,0.08333333333333333,0.08333333333333333
A,196613,1,MAXMIN,0,16,26.0,0.05360824742268041,0.25,0.3125
A,196613,1,MAXMIN,0,20,47.0,0.09690721649484536,0.45,0.45
A,196613,1,MAXMIN,0,24,69.0,0.1422680412371134,0.5833333333333334,0.5833333333333334
A,196613,1,RANDOM,0,6,13.0,0.026804123711340205,0.0,0.0
A,196613,1,RANDOM,0,9,25.0,0.05154639175257732,0.2222222222222222,0.2222222222222222
A,196613,1,RANDOM,0,12,38.0,0.07835051546391752,0.4166666666666667,0.4166666666666667
A,196613,1,RANDOM,0,16,56.0,0.1154639175257732,0.4375,0.4375
A,196613,1,RANDOM,0,20,60.0,0.12371134020618557,0.45,0.4
A,196613,1,RANDOM,0,24,76.0,0.15670103092783505,0.5833333333333334,0.5833333333333334
A,196613,1,UNCERT,0,6,377.0,0.777319587628866,0.16666666666666666,0.16666666666666666
A,196613,1,UNCERT,0,9,385.0,0.7938144329896907,0.2222222222222222,0.1111111111111111
A,196613,1,UNCERT,0,12,393.0,0.8103092783505155,0.4166666666666667,0.3333333333333333
A,196613,1,UNCERT,0,16,404.0,0.8329896907216495,0.4375,0.4375
A,196613,1,UNCERT,0,20,431.0,0.8886597938144329,0.55,0.65
A,196613,1,UNCERT,0,24,447.0,0.9216494845360824,0.7083333333333334,0.75
A,196613,2,AOPT,0,6,271.0,0.7245989304812834,0.3333333333333333,0.3333333333333333
A,196613,2,AOPT,0,9,275.0,0.7352941176470589,0.2222222222222222,0.3333333333333333
A,196613,2,AOPT,0,12,282.0,0.7540106951871658,0.4166666666666667,0.5
A,196613,2,AOPT,0,16,317.0,0.8475935828877005,0.6875,0.6875
A,196613,2,AOPT,0,20,341.0,0.9117647058823529,0.8,0.8
A,196613,2,AOPT,0,24,354.0,0.946524064171123,0.7916666666666666,0.8333333333333334
A,196613,2,MAXMIN,0,6,11.0,0.029411764705882353,0.0,0.0
A,196613,2,MAXMIN,0,9,15.0,0.040106951871657755,0.1111111111111111,0.0
A,196613,2,MAXMIN,0,12,29.0,0.07754010695187166,0.16666666666666666,0.08333333333333333
A,196613,2,MAXMIN,0,16,35.0,0.09358288770053476,0.3125,0.25
A,196613,2,MAXMIN,0,20,55.0,0.14705882352941177,0.4,0.35
A,196613,2,MAXMIN,0,24,78.0,0.20855614973262032,0.5,0.5416666666666666
A,196613,2,RANDOM,0,6,8.0,0.0213903743315508,0.0,0.0
A,196613,2,RANDOM,0,9,11.0,0.029411764705882353,0.0,0.0
A,196613,2,RANDOM,0,12,25.0,0.06684491978609626,0.16666666666666666,0.16666666666666666
A,196613,2,RANDOM,0,16,60.0,0.16042780748663102,0.4375,0.375
A,196613,2,RANDOM,0,20,86.0,0.22994652406417113,0.5,0.45
A,196613,2,RANDOM,0,24,109.0,0.2914438502673797,0.5833333333333334,0.625
A,196613,2,UNCERT,0,6,28.0,0.0748663101604278,0.16666666666666666,0.16666666666666666
A,196613,2,UNCERT,0,9,32.0,0.0855614973262032,0.1111111111111111,0.2222222222222222
A,196613,2,UNCERT,0,12,51.0,0.13636363636363635,0.3333333333333333,0.3333333333333333
A,196613,2,UNCERT,0,16,59.0,0.15775401069518716,0.375,0.3125
A,196613,2,UNCERT,0,20,313.0,0.8368983957219251,0.5,0.5
A,196613,2,UNCERT,0,24,319.0,0.8529411764705882,0.625,0.5833333333333334
A,196613,3,AOPT,0,6,371.0,0.8355855855855856,0.5,0.3333333333333333
A,196613,3,AOPT,0,9,376.0,0.8468468468468469,0.3333333333333333,0.3333333333333333
A,196613,3,AOPT,0,12,384.0,0.8648648648648649,0.5,0.5
A,196613,3,AOPT,0,16,420.0,0.9459459459459459,0.75,0.75
A,196613,3,AOPT,0,20,426.0,0.9594594594594594,0.75,0.75
A,196613,3,AOPT,0,24,432.0,0.972972972972973,0.7916666666666666,0.8333333333333334
A,196613,3,MAXMIN,0,6,9.0,0.02027027027027027,0.0,0.16666666666666666
A,196613,3,MAXMIN,0,9,13.0,0.02927927927927928,0.1111111111111111,0.1111111111111111
A,196613,3,MAXMIN,0,12,19.0,0.04279279279279279,0.16666666666666666,0.16666666666666666
A,196613,3,MAXMIN,0,16,25.0,0.05630630630630631,0.375,0.375
A,196613,3,MAXMIN,0,20,30.0,0.06756756756756757,0.45,0.45
A,196613,3,MAXMIN,0,24,61.0,0.1373873873873874,0.6666666666666666,0.6666666666666666
A,196613,3,RANDOM,0,6,13.0,0.02927927927927928,0.16666666666666666,0.0
A,196613,3,RANDOM,0,9,17.0,0.038288288288288286,0.2222222222222222,0.1111111111111111
A,196613,3,RANDOM,0,12,365.0,0.8220720720720721,0.25,0.25
A,196613,3,RANDOM,0,16,394.0,0.8873873873873874,0.4375,0.4375
A,196613,3,RANDOM,0,20,401.0,0.9031531531531531,0.55,0.55
A,196613,3,RANDOM,0,24,417.0,0.9391891891891891,0.6666666666666666,0.6666666666666666
A,196613,3,UNCERT,0,6,372.0,0.8378378378378378,0.5,0.3333333333333333
A,196613,3,UNCERT,0,9,375.0,0.8445945945945946,0.3333333333333333,0.2222222222222222
A,196613,3,UNCERT,0,12,380.0,0.8558558558558559,0.3333333333333333,0.3333333333333333
A,196613,3,UNCERT,0,16,394.0,0.8873873873873874,0.4375,0.4375
A,196613,3,UNCERT,0,20,420.0,0.9459459459459459,0.6,0.6
A,196613,3,UNCERT,0,24,429.0,0.9662162162162162,0.75,0.7083333333333334
A,196613,4,AOPT,0,6,219.0,0.6697247706422018,0.3333333333333333,0.3333333333333333
A,196613,4,AOPT,0,9,223.0,0.6819571865443425,0.2222222222222222,0.3333333333333333
A,196613,4,AOPT,0,12,230.0,0.7033639143730887,0.3333333333333333,0.5
A,196613,4,AOPT,0,16,275.0,0.8409785932721713,0.625,0.6875
A,196613,4,AOPT,0,20,295.0,0.9021406727828746,0.7,0.7
A,196613,4,AOPT,0,24,306.0,0.9357798165137615,0.75,0.7916666666666666
A,196613,4,MAXMIN,0,6,17.0,0.05198776758409786,0.16666666666666666,0.16666666666666666
A,196613,4,MAXMIN,0,9,21.0,0.06422018348623854,0.1111111111111111,0.1111111111111111
A,196613,4,MAXMIN,0,12,26.0,0.07951070336391437,0.08333333333333333,0.16666666666666666
A,196613,4,MAXMIN,0,16,33.0,0.10091743119266056,0.1875,0.3125
A,196613,4,MAXMIN,0,20,56.0,0.1712538226299694,0.45,0.5
A,196613,4,MAXMIN,0,24,64.0,0.19571865443425077,0.5833333333333334,0.5833333333333334
A,196613,4,RANDOM,0,6,11.0,0.03363914373088685,0.0,0.0
A,196613,4,RANDOM,0,9,18.0,0.05504587155963303,0.1111111111111111,0.1111111111111111
A,196613,4,RANDOM,0,12,37.0,0.11314984709480122,0.25,0.16666666666666666
A,196613,4,RANDOM,0,16,46.0,0.14067278287461774,0.375,0.375
A,196613,4,RANDOM,0,20,50.0,0.1529051987767584,0.4,0.45
A,196613,4,RANDOM,0,24,63.0,0.1926605504587156,0.5,0.5833333333333334
A,196613,4,UNCERT,0,6,218.0,0.6666666666666666,0.3333333333333333,0.3333333333333333
A,196613,4,UNCERT,0,9,225.0,0.6880733944954128,0.3333333333333333,0.2222222222222222
A,196613,4,UNCERT,0,12,252.0,0.7706422018348624,0.4166666666666667,0.5
A,196613,4,UNCERT,0,16,267.0,0.8165137614678899,0.5625,0.5
A,196613,4,UNCERT,0,20,294.0,0.8990825688073395,0.65,0.65
A,196613,4,UNCERT,0,24,303.0,0.926605504587156,0.75,0.75
A,262147,0,AOPT,0,6,348.0,0.759825327510917,0.3333333333333333,0.3333333333333333
A,262147,0,AOPT,0,9,352.0,0.7685589519650655,0.2222222222222222,0.2222222222222222
A,262147,0,AOPT,0,12,363.0,0.7925764192139738,0.4166666666666667,0.5
A,262147,0,AOPT,0,16,405.0,0.8842794759825328,0.6875,0.6875
A,262147,0,AOPT,0,20,427.0,0.9323144104803494,0.75,0.7
A,262147,0,AOPT,0,24,436.0,0.9519650655021834,0.75,0.7916666666666666
A,262147,0,MAXMIN,0,6,23.0,0.05021834061135371,0.16666666666666666,0.16666666666666666
A,262147,0,MAXMIN,0,9,35.0,0.07641921397379912,0.2222222222222222,0.2222222222222222
A,262147,0,MAXMIN,0,12,41.0,0.08951965065502183,0.25,0.25
A,262147,0,MAXMIN,0,16,55.0,0.12008733624454149,0.3125,0.4375
A,262147,0,MAXMIN,0,20,59.0,0.12882096069868995,0.45,0.45
A,262147,0,MAXMIN,0,24,83.0,0.1812227074235808,0.5416666666666666,0.625
A,262147,0,RANDOM,0,6,13.0,0.028384279475982533,0.0,0.0
A,262147,0,RANDOM,0,9,19.0,0.04148471615720524,0.1111111111111111,0.1111111111111111
A,262147,0,RANDOM,0,12,36.0,0.07860262008733625,0.3333333333333333,0.16666666666666666
A,262147,0,RANDOM,0,16,40.0,0.08733624454148471,0.3125,0.3125
A,262147,0,RANDOM,0,20,44.0,0.09606986899563319,0.35,0.4
A,262147,0,RANDOM,0,24,74.0,0.1615720524017467,0.5416666666666666,0.5833333333333334
A,262147,0,UNCERT,0,6,25.0,0.05458515283842795,0.16666666666666666,0.16666666666666666
A,262147,0,UNCERT,0,9,28.0,0.0611353711790393,0.1111111111111111,0.1111111111111111
A,262147,0,UNCERT,0,12,354.0,0.7729257641921398,0.25,0.25
A,262147,0,UNCERT,0,16,362.0,0.7903930131004366,0.3125,0.25
A,262147,0,UNCERT,0,20,385.0,0.8406113537117904,0.5,0.5
A,262147,0,UNCERT,0,24,399.0,0.87117903930131,0.625,0.625
A,262147,1,AOPT,0,6,367.0,0.8321995464852607,0.3333333333333333,0.5
A,262147,1,AOPT,0,9,373.0,0.8458049886621315,0.4444444444444444,0.4444444444444444
A,262147,1,AOPT,0,12,381.0,0.8639455782312925,0.5833333333333334,0.5833333333333334
A,262147,1,AOPT,0,16,391.0,0.8866213151927438,0.6875,0.6875
A,262147,1,AOPT,0,20,420.0,0.9523809523809523,0.75,0.75
A,262147,1,AOPT,0,24,426.0,0.9659863945578231,0.7916666666666666,0.7916666666666666
A,262147,1,MAXMIN,0,6,8.0,0.018140589569160998,0.0,0.0
A,262147,1,MAXMIN,0,9,14.0,0.031746031746031744,0.0,0.1111111111111111
A,262147,1,MAXMIN,0,12,18.0,0.04081632653061224,0.08333333333333333,0.08333333333333333
A,262147,1,MAXMIN,0,16,26.0,0.05895691609977324,0.375,0.4375
A,262147,1,MAXMIN,0,20,53.0,0.12018140589569161,0.55,0.55
A,262147,1,MAXMIN,0,24,81.0,0.1836734693877551,0.7083333333333334,0.6666666666666666
A,262147,1,RANDOM,0,6,34.0,0.07709750566893424,0.3333333333333333,0.3333333333333333
A,262147,1,RANDOM,0,9,37.0,0.08390022675736962,0.3333333333333333,0.3333333333333333
A,262147,1,RANDOM,0,12,43.0,0.09750566893424037,0.3333333333333333,0.4166666666666667
A,262147,1,RANDOM,0,16,48.0,0.10884353741496598,0.4375,0.5
A,262147,1,RANDOM,0,20,53.0,0.12018140589569161,0.55,0.55
A,262147,1,RANDOM,0,24,75.0,0.17006802721088435,0.625,0.7083333333333334
A,262147,1,UNCERT,0,6,355.0,0.8049886621315193,0.3333333333333333,0.3333333333333333
A,262147,1,UNCERT,0,9,358.0,0.8117913832199547,0.4444444444444444,0.2222222222222222
A,262147,1,UNCERT,0,12,364.0,0.8253968253968254,0.4166666666666667,0.3333333333333333
A,262147,1,UNCERT,0,16,375.0,0.8503401360544217,0.5625,0.5625
A,262147,1,UNCERT,0,20,403.0,0.9138321995464853,0.7,0.7
A,262147,1,UNCERT,0,24,408.0,0.9251700680272109,0.75,0.75
A,262147,2,AOPT,0,6,301.0,0.7543859649122807,0.16666666666666666,0.16666666666666666
A,262147,2,AOPT,0,9,305.0,0.7644110275689223,0.3333333333333333,0.2222222222222222
A,262147,2,AOPT,0,12,313.0,0.7844611528822055,0.4166666666666667,0.5
A,262147,2,AOPT,0,16,328.0,0.8220551378446115,0.5625,0.5625
A,262147,2,AOPT,0,20,375.0,0.9398496240601504,0.7,0.75
A,262147,2,AOPT,0,24,383.0,0.9598997493734336,0.75,0.75
A,262147,2,MAXMIN,0,6,9.0,0.022556390977443608,0.0,0.0
A,262147,2,MAXMIN,0,9,21.0,0.05263157894736842,0.1111111111111111,0.1111111111111111
A,262147,2,MAXMIN,0,12,25.0,0.06265664160401002,0.16666666666666666,0.16666666666666666
A,262147,2,MAXMIN,0,16,32.0,0.08020050125313283,0.3125,0.25
A,262147,2,MAXMIN,0,20,37.0,0.09273182957393483,0.4,0.4
A,262147,2,MAXMIN,0,24,67.0,0.16791979949874686,0.5833333333333334,0.5833333333333334
A,262147,2,RANDOM,0,6,9.0,0.022556390977443608,0.0,0.0
A,262147,2,RANDOM,0,9,22.0,0.05513784461152882,0.2222222222222222,0.2222222222222222
A,262147,2,RANDOM,0,12,37.0,0.09273182957393483,0.3333333333333333,0.3333333333333333
A,262147,2,RANDOM,0,16,52.0,0.13032581453634084,0.3125,0.375
A,262147,2,RANDOM,0,20,59.0,0.14786967418546365,0.4,0.45
A,262147,2,RANDOM,0,24,84.0,0.21052631578947367,0.6666666666666666,0.6666666666666666
A,262147,2,UNCERT,0,6,304.0,0.7619047619047619,0.16666666666666666,0.16666666666666666
A,262147,2,UNCERT,0,9,310.0,0.7769423558897243,0.3333333333333333,0.4444444444444444
A,262147,2,UNCERT,0,12,329.0,0.8245614035087719,0.5,0.5
A,262147,2,UNCERT,0,16,341.0,0.8546365914786967,0.5,0.5625
A,262147,2,UNCERT,0,20,375.0,0.9398496240601504,0.65,0.7
A,262147,2,UNCERT,0,24,385.0,0.9649122807017544,0.7916666666666666,0.7916666666666666
A,262147,3,AOPT,0,6,388.0,0.8185654008438819,0.3333333333333333,0.3333333333333333
A,262147,3,AOPT,0,9,394.0,0.8312236286919831,0.3333333333333333,0.3333333333333333
A,262147,3,AOPT,0,12,400.0,0.8438818565400844,0.3333333333333333,0.4166666666666667
A,262147,3,AOPT,0,16,410.0,0.8649789029535865,0.5625,0.625
A,262147,3,AOPT,0,20,429.0,0.9050632911392406,0.65,0.65
A,262147,3,AOPT,0,24,453.0,0.9556962025316456,0.75,0.75
A,262147,3,MAXMIN,0,6,371.0,0.7827004219409283,0.16666666666666666,0.16666666666666666
A,262147,3,MAXMIN,0,9,375.0,0.7911392405063291,0.1111111111111111,0.1111111111111111
A,262147,3,MAXMIN,0,12,381.0,0.8037974683544303,0.16666666666666666,0.16666666666666666
A,262147,3,MAXMIN,0,16,395.0,0.8333333333333334,0.375,0.4375
A,262147,3,MAXMIN,0,20,402.0,0.8481012658227848,0.45,0.5
A,262147,3,MAXMIN,0,24,423.0,0.8924050632911392,0.625,0.5833333333333334
A,262147,3,RANDOM,0,6,26.0,0.05485232067510549,0.16666666666666666,0.16666666666666666
A,262147,3,RANDOM,0,9,40.0,0.08438818565400844,0.3333333333333333,0.2222222222222222
A,262147,3,RANDOM,0,12,44.0,0.09282700421940929,0.25,0.16666666666666666
A,262147,3,RANDOM,0,16,53.0,0.11181434599156118,0.375,0.3125
A,262147,3,RANDOM,0,20,78.0,0.16455696202531644,0.55,0.5
A,262147,3,RANDOM,0,24,84.0,0.17721518987341772,0.5833333333333334,0.5416666666666666
A,262147,3,UNCERT,0,6,23.0,0.04852320675105485,0.16666666666666666,0.16666666666666666
A,262147,3,UNCERT,0,9,27.0,0.056962025316455694,0.1111111111111111,0.1111111111111111
A,262147,3,UNCERT,0,12,30.0,0.06329113924050633,0.08333333333333333,0.16666666666666666
A,262147,3,UNCERT,0,16,38.0,0.08016877637130802,0.25,0.25
A,262147,3,UNCERT,0,20,409.0,0.8628691983122363,0.55,0.5
A,262147,3,UNCERT,0,24,424.0,0.8945147679324894,0.625,0.625
A,262147,4,AOPT,0,6,206.0,0.6602564102564102,0.3333333333333333,0.3333333333333333
A,262147,4,AOPT,0,9,212.0,0.6794871794871795,0.2222222222222222,0.2222222222222222
A,262147,4,AOPT,0,12,217.0,0.6955128205128205,0.3333333333333333,0.3333333333333333
A,262147,4,AOPT,0,16,254.0,0.8141025641025641,0.625,0.6875
A,262147,4,AOPT,0,20,285.0,0.9134615384615384,0.7,0.75
A,262147,4,AOPT,0,24,291.0,0.9326923076923077,0.7916666666666666,0.8333333333333334
A,262147,4,MAXMIN,0,6,18.0,0.057692307692307696,0.16666666666666666,0.16666666666666666
A,262147,4,MAXMIN,0,9,33.0,0.10576923076923077,0.2222222222222222,0.3333333333333333
A,262147,4,MAXMIN,0,12,37.0,0.11858974358974358,0.25,0.25
A,262147,4,MAXMIN,0,16,43.0,0.13782051282051283,0.3125,0.375
A,262147,4,MAXMIN,0,20,56.0,0.1794871794871795,0.5,0.6
A,262147,4,MAXMIN,0,24,92.0,0.2948717948717949,0.5833333333333334,0.7083333333333334
A,262147,4,RANDOM,0,6,19.0,0.060897435897435896,0.16666666666666666,0.16666666666666666
A,262147,4,RANDOM,0,9,31.0,0.09935897435897435,0.2222222222222222,0.2222222222222222
A,262147,4,RANDOM,0,12,35.0,0.11217948717948718,0.25,0.25
A,262147,4,RANDOM,0,16,40.0,0.1282051282051282,0.3125,0.375
A,262147,4,RANDOM,0,20,60.0,0.19230769230769232,0.4,0.5
A,262147,4,RANDOM,0,24,74.0,0.23717948717948717,0.5416666666666666,0.6666666666666666
A,262147,4,UNCERT,0,6,206.0,0.6602564102564102,0.3333333333333333,0.3333333333333333
A,262147,4,UNCERT,0,9,229.0,0.7339743589743589,0.4444444444444444,0.3333333333333333
A,262147,4,UNCERT,0,12,242.0,0.7756410256410257,0.5,0.4166666666666667
A,262147,4,UNCERT,0,16,258.0,0.8269230769230769,0.5625,0.5625
A,262147,4,UNCERT,0,20,283.0,0.907051282051282,0.65,0.65
A,262147,4,UNCERT,0,24,293.0,0.9391025641025641,0.75,0.75
BP,104729,0,AOPT,0,6,37.0,0.4868421052631579,0.5,0.6666666666666666
BP,104729,0,AOPT,0,9,51.0,0.6710526315789473,0.6666666666666666,0.7777777777777778
BP,104729,0,AOPT,0,12,57.0,0.75,0.75,0.75
BP,104729,0,AOPT,0,16,65.0,0.8552631578947368,0.75,0.8125
BP,104729,0,AOPT,0,20,71.0,0.9342105263157895,0.8,0.95
BP,104729,0,AOPT,0,24,75.0,0.9868421052631579,0.9583333333333334,0.875
BP,104729,0,MAXMIN,0,6,9.0,0.11842105263157894,0.0,0.16666666666666666
BP,104729,0,MAXMIN,0,9,22.0,0.2894736842105263,0.2222222222222222,0.3333333333333333
BP,104729,0,MAXMIN,0,12,28.0,0.3684210526315789,0.4166666666666667,0.4166666666666667
BP,104729,0,MAXMIN,0,16,50.0,0.6578947368421053,0.625,0.6875
BP,104729,0,MAXMIN,0,20,64.0,0.8421052631578947,0.8,0.8
BP,104729,0,MAXMIN,0,24,75.0,0.9868421052631579,0.9583333333333334,0.8333333333333334
BP,104729,0,RANDOM,0,6,22.0,0.2894736842105263,0.16666666666666666,0.16666666666666666
BP,104729,0,RANDOM,0,9,28.0,0.3684210526315789,0.2222222222222222,0.2222222222222222
BP,104729,0,RANDOM,0,12,33.0,0.4342105263157895,0.4166666666666667,0.5
BP,104729,0,RANDOM,0,16,48.0,0.631578947368421,0.5625,0.5625
BP,104729,0,RANDOM,0,20,58.0,0.7631578947368421,0.85,0.75
BP,104729,0,RANDOM,0,24,66.0,0.868421052631579,0.9583333333333334,0.8333333333333334
BP,104729,0,UNCERT,0,6,37.0,0.4868421052631579,0.5,0.6666666666666666
BP,104729,0,UNCERT,0,9,42.0,0.5526315789473685,0.5555555555555556,0.5555555555555556
BP,104729,0,UNCERT,0,12,54.0,0.7105263157894737,0.6666666666666666,0.6666666666666666
BP,104729,0,UNCERT,0,16,60.0,0.7894736842105263,0.8125,0.8125
BP,104729,0,UNCERT,0,20,64.0,0.8421052631578947,0.75,0.8
BP,104729,0,UNCERT,0,24,75.0,0.9868421052631579,0.9583333333333334,0.875
BP,104729,1,AOPT,0,6,402.0,0.8187372708757638,0.3333333333333333,0.3333333333333333
BP,104729,1,AOPT,0,9,408.0,0.8309572301425662,0.2222222222222222,0.4444444444444444
BP,104729,1,AOPT,0,12,429.0,0.8737270875763747,0.5833333333333334,0.75
BP,104729,1,AOPT,0,16,466.0,0.9490835030549898,0.75,0.75
BP,104729,1,AOPT,0,20,475.0,0.9674134419551935,0.8,0.85
BP,104729,1,AOPT,0,24,479.0,0.9755600814663951,0.875,0.9166666666666666
BP,104729,1,MAXMIN,0,6,9.0,0.018329938900203666,0.0,0.0
BP,104729,1,MAXMIN,0,9,12.0,0.024439918533604887,0.0,0.1111111111111111
BP,104729,1,MAXMIN,0,12,23.0,0.04684317718940937,0.08333333333333333,0.25
BP,104729,1,MAXMIN,0,16,43.0,0.08757637474541752,0.375,0.375
BP,104729,1,MAXMIN,0,20,74.0,0.15071283095723015,0.6,0.6
BP,104729,1,MAXMIN,0,24,78.0,0.15885947046843177,0.7083333333333334,0.7083333333333334
BP,104729,1,RANDOM,0,6,399.0,0.8126272912423625,0.3333333333333333,0.3333333333333333
BP,104729,1,RANDOM,0,9,412.0,0.8391038696537678,0.4444444444444444,0.3333333333333333
BP,104729,1,RANDOM,0,12,416.0,0.8472505091649695,0.4166666666666667,0.4166666666666667
BP,104729,1,RANDOM,0,16,422.0,0.8594704684317719,0.5625,0.5
BP,104729,1,RANDOM,0,20,454.0,0.924643584521385,0.65,0.65
BP,104729,1,RANDOM,0,24,460.0,0.9368635437881874,0.7083333333333334,0.7083333333333334
BP,104729,1,UNCERT,0,6,403.0,0.8207739307535642,0.3333333333333333,0.3333333333333333
BP,104729,1,UNCERT,0,9,410.0,0.835030549898167,0.3333333333333333,0.3333333333333333
BP,104729,1,UNCERT,0,12,436.0,0.8879837067209776,0.5833333333333334,0.5833333333333334
BP,104729,1,UNCERT,0,16,451.0,0.9185336048879837,0.625,0.625
BP,104729,1,UNCERT,0,20,471.0,0.9592668024439919,0.7,0.65
BP,104729,1,UNCERT,0,24,476.0,0.9694501018329938,0.7916666666666666,0.75
BP,104729,2,AOPT,0,6,392.0,0.8235294117647058,0.3333333333333333,0.3333333333333333
BP,104729,2,AOPT,0,9,400.0,0.8403361344537815,0.3333333333333333,0.4444444444444444
BP,104729,2,AOPT,0,12,435.0,0.9138655462184874,0.75,0.75
BP,104729,2,AOPT,0,16,457.0,0.9600840336134454,0.75,0.75
BP,104729,2,AOPT,0,20,462.0,0.9705882352941176,0.8,0.8
BP,104729,2,AOPT,0,24,466.0,0.9789915966386554,0.875,0.9583333333333334
BP,104729,2,MAXMIN,0,6,7.0,0.014705882352941176,0.0,0.0
BP,104729,2,MAXMIN,0,9,12.0,0.025210084033613446,0.0,0.0
BP,104729,2,MAXMIN,0,12,25.0,0.052521008403361345,0.3333333333333333,0.3333333333333333
BP,104729,2,MAXMIN,0,16,48.0,0.10084033613445378,0.5,0.5625
BP,104729,2,MAXMIN,0,20,63.0,0.1323529411764706,0.65,0.65
BP,104729,2,MAXMIN,0,24,92.0,0.19327731092436976,0.75,0.7916666666666666
BP,104729,2,RANDOM,0,6,28.0,0.058823529411764705,0.16666666666666666,0.16666666666666666
BP,104729,2,RANDOM,0,9,32.0,0.06722689075630252,0.2222222222222222,0.2222222222222222
BP,104729,2,RANDOM,0,12,47.0,0.09873949579831932,0.4166666666666667,0.4166666666666667
BP,104729,2,RANDOM,0,16,75.0,0.15756302521008403,0.5625,0.5625
BP,104729,2,RANDOM,0,20,80.0,0.16806722689075632,0.55,0.6
BP,104729,2,RANDOM,0,24,95.0,0.19957983193277312,0.75,0.8333333333333334
BP,104729,2,UNCERT,0,6,391.0,0.8214285714285714,0.3333333333333333,0.3333333333333333
BP,104729,2,UNCERT,0,9,395.0,0.8298319327731093,0.2222222222222222,0.2222222222222222
BP,104729,2,UNCERT,0,12,402.0,0.8445378151260504,0.4166666666666667,0.3333333333333333
BP,104729,2,UNCERT,0,16,424.0,0.8907563025210085,0.5625,0.5
BP,104729,2,UNCERT,0,20,439.0,0.9222689075630253,0.65,0.65
BP,104729,2,UNCERT,0,24,468.0,0.9831932773109243,0.875,0.7916666666666666
BP,104729,3,AOPT,0,6,359.0,0.7924944812362031,0.3333333333333333,0.3333333333333333
BP,104729,3,AOPT,0,9,364.0,0.8035320088300221,0.2222222222222222,0.3333333333333333
BP,104729,3,AOPT,0,12,374.0,0.82560706401766,0.5,0.5
BP,104729,3,AOPT,0,16,383.0,0.8454746136865342,0.625,0.625
BP,104729,3,AOPT,0,20,399.0,0.8807947019867549,0.7,0.7
BP,104729,3,AOPT,0,24,446.0,0.9845474613686535,0.875,0.875
BP,104729,3,MAXMIN,0,6,7.0,0.01545253863134658,0.0,0.0
BP,104729,3,MAXMIN,0,9,12.0,0.026490066225165563,0.0,0.0
BP,104729,3,MAXMIN,0,12,18.0,0.039735099337748346,0.0,0.08333333333333333
BP,104729,3,MAXMIN,0,16,25.0,0.05518763796909492,0.25,0.25
BP,104729,3,MAXMIN,0,20,51.0,0.11258278145695365,0.55,0.5
BP,104729,3,MAXMIN,0,24,89.0,0.19646799116997793,0.75,0.75
BP,104729,3,RANDOM,0,6,42.0,0.09271523178807947,0.5,0.5
BP,104729,3,RANDOM,0,9,56.0,0.12362030905077263,0.4444444444444444,0.4444444444444444
BP,104729,3,RANDOM,0,12,75.0,0.16556291390728478,0.4166666666666667,0.5
BP,104729,3,RANDOM,0,16,90.0,0.1986754966887417,0.5,0.5
BP,104729,3,RANDOM,0,20,427.0,0.9426048565121413,0.65,0.65
BP,104729,3,RANDOM,0,24,437.0,0.9646799116997793,0.8333333333333334,0.7916666666666666
BP,104729,3,UNCERT,0,6,358.0,0.7902869757174393,0.3333333333333333,0.3333333333333333
BP,104729,3,UNCERT,0,9,379.0,0.8366445916114791,0.3333333333333333,0.3333333333333333
BP,104729,3,UNCERT,0,12,392.0,0.8653421633554084,0.4166666666666667,0.5
BP,104729,3,UNCERT,0,16,425.0,0.9381898454746137,0.6875,0.6875
BP,104729,3,UNCERT,0,20,433.0,0.9558498896247241,0.75,0.7
BP,104729,3,UNCERT,0,24,441.0,0.9735099337748344,0.8333333333333334,0.8333333333333334
BP,104729,4,AOPT,0,6,308.0,0.8126649076517151,0.3333333333333333,0.3333333333333333
BP,104729,4,AOPT,0,9,313.0,0.8258575197889182,0.3333333333333333,0.3333333333333333
BP,104729,4,AOPT,0,12,333.0,0.8786279683377308,0.5,0.5
BP,104729,4,AOPT,0,16,358.0,0.9445910290237467,0.6875,0.75
BP,104729,4,AOPT,0,20,365.0,0.9630606860158312,0.8,0.95
BP,104729,4,AOPT,0,24,371.0,0.978891820580475,0.875,0.9166666666666666
BP,104729,4,MAXMIN,0,6,16.0,0.04221635883905013,0.16666666666666666,0.16666666666666666
BP,104729,4,MAXMIN,0,9,20.0,0.052770448548812667,0.1111111111111111,0.2222222222222222
BP,104729,4,MAXMIN,0,12,24.0,0.0633245382585752,0.16666666666666666,0.4166666666666667
BP,104729,4,MAXMIN,0,16,35.0,0.09234828496042216,0.5625,0.5
BP,104729,4,MAXMIN,0,20,64.0,0.16886543535620052,0.7,0.75
BP,104729,4,MAXMIN,0,24,371.0,0.978891820580475,0.875,0.75
BP,104729,4,RANDOM,0,6,25.0,0.06596306068601583,0.16666666666666666,0.16666666666666666
BP,104729,4,RANDOM,0,9,34.0,0.08970976253298153,0.4444444444444444,0.2222222222222222
BP,104729,4,RANDOM,0,12,47.0,0.12401055408970976,0.5,0.3333333333333333
BP,104729,4,RANDOM,0,16,64.0,0.16886543535620052,0.625,0.625
BP,104729,4,RANDOM,0,20,365.0,0.9630606860158312,0.75,0.8
BP,104729,4,RANDOM,0,24,371.0,0.978891820580475,0.875,0.8333333333333334
BP,104729,4,UNCERT,0,6,312.0,0.8232189973614775,0.3333333333333333,0.3333333333333333
BP,104729,4,UNCERT,0,9,315.0,0.8311345646437994,0.3333333333333333,0.3333333333333333
BP,104729,4,UNCERT,0,12,335.0,0.8839050131926122,0.5,0.4166666666666667
BP,104729,4,UNCERT,0,16,358.0,0.9445910290237467,0.625,0.625
BP,104729,4,UNCERT,0,20,367.0,0.9683377308707124,0.8,0.85
BP,104729,4,UNCERT,0,24,375.0,0.9894459102902374,0.9583333333333334,0.7916666666666666
BP,130363,0,AOPT,0,6,385.0,0.8226495726495726,0.3333333333333333,0.3333333333333333
BP,130363,0,AOPT,0,9,390.0,0.8333333333333334,0.3333333333333333,0.3333333333333333
BP,130363,0,AOPT,0,12,421.0,0.8995726495726496,0.5833333333333334,0.5
BP,130363,0,AOPT,0,16,445.0,0.9508547008547008,0.625,0.6875
BP,130363,0,AOPT,0,20,456.0,0.9743589743589743,0.75,0.85
BP,130363,0,AOPT,0,24,460.0,0.9829059829059829,0.875,1.0
BP,130363,0,MAXMIN,0,6,23.0,0.049145299145299144,0.16666666666666666,0.16666666666666666
BP,130363,0,MAXMIN,0,9,29.0,0.06196581196581197,0.2222222222222222,0.3333333333333333
BP,130363,0,MAXMIN,0,12,33.0,0.07051282051282051,0.4166666666666667,0.3333333333333333
BP,130363,0,MAXMIN,0,16,53.0,0.11324786324786325,0.5,0.5
BP,130363,0,MAXMIN,0,20,64.0,0.13675213675213677,0.6,0.65
BP,130363,0,MAXMIN,0,24,77.0,0.16452991452991453,0.8333333333333334,0.875
BP,130363,0,RANDOM,0,6,16.0,0.03418803418803419,0.16666666666666666,0.16666666666666666
BP,130363,0,RANDOM,0,9,19.0,0.0405982905982906,0.1111111111111111,0.1111111111111111
BP,130363,0,RANDOM,0,12,55.0,0.11752136752136752,0.4166666666666667,0.4166666666666667
BP,130363,0,RANDOM,0,16,66.0,0.14102564102564102,0.5625,0.5625
BP,130363,0,RANDOM,0,20,74.0,0.1581196581196581,0.7,0.7
BP,130363,0,RANDOM,0,24,81.0,0.17307692307692307,0.875,0.8333333333333334
BP,130363,0,UNCERT,0,6,385.0,0.8226495726495726,0.3333333333333333,0.3333333333333333
BP,130363,0,UNCERT,0,9,392.0,0.8376068376068376,0.3333333333333333,0.2222222222222222
BP,130363,0,UNCERT,0,12,412.0,0.8803418803418803,0.5,0.5
BP,130363,0,UNCERT,0,16,434.0,0.9273504273504274,0.625,0.5625
BP,130363,0,UNCERT,0,20,459.0,0.9807692307692307,0.75,0.75
BP,130363,0,UNCERT,0,24,463.0,0.9893162393162394,0.9166666666666666,0.8333333333333334
BP,130363,1,AOPT,0,6,332.0,0.8447837150127226,0.3333333333333333,0.3333333333333333
BP,130363,1,AOPT,0,9,338.0,0.8600508905852418,0.5555555555555556,0.5555555555555556
BP,130363,1,AOPT,0,12,361.0,0.9185750636132316,0.6666666666666666,0.6666666666666666
BP,130363,1,AOPT,0,16,379.0,0.9643765903307888,0.75,0.75
BP,130363,1,AOPT,0,20,385.0,0.9796437659033079,0.8,0.85
BP,130363,1,AOPT,0,24,389.0,0.989821882951654,0.875,1.0
BP,130363,1,MAXMIN,0,6,8.0,0.020356234096692113,0.0,0.0
BP,130363,1,MAXMIN,0,9,14.0,0.035623409669211195,0.2222222222222222,0.2222222222222222
BP,130363,1,MAXMIN,0,12,18.0,0.04580152671755725,0.4166666666666667,0.4166666666666667
BP,130363,1,MAXMIN,0,16,25.0,0.06361323155216285,0.5,0.5625
BP,130363,1,MAXMIN,0,20,29.0,0.0737913486005089,0.65,0.6
BP,130363,1,MAXMIN,0,24,367.0,0.9338422391857506,0.8333333333333334,0.8333333333333334
BP,130363,1,RANDOM,0,6,22.0,0.05597964376590331,0.3333333333333333,0.3333333333333333
BP,130363,1,RANDOM,0,9,354.0,0.9007633587786259,0.4444444444444444,0.4444444444444444
BP,130363,1,RANDOM,0,12,362.0,0.9211195928753181,0.6666666666666666,0.6666666666666666
BP,130363,1,RANDOM,0,16,368.0,0.9363867684478372,0.625,0.625
BP,130363,1,RANDOM,0,20,373.0,0.9491094147582697,0.75,0.7
BP,130363,1,RANDOM,0,24,377.0,0.9592875318066157,0.8333333333333334,0.8333333333333334
BP,130363,1,UNCERT,0,6,329.0,0.8371501272264631,0.16666666666666666,0.16666666666666666
BP,130363,1,UNCERT,0,9,333.0,0.8473282442748091,0.3333333333333333,0.3333333333333333
BP,130363,1,UNCERT,0,12,339.0,0.8625954198473282,0.4166666666666667,0.4166666666666667
BP,130363,1,UNCERT,0,16,345.0,0.8778625954198473,0.5,0.5
BP,130363,1,UNCERT,0,20,383.0,0.9745547073791349,0.8,0.8
BP,130363,1,UNCERT,0,24,389.0,0.989821882951654,0.875,0.8333333333333334
BP,130363,2,AOPT,0,6,373.0,0.8344519015659956,0.3333333333333333,0.5
BP,130363,2,AOPT,0,9,383.0,0.8568232662192393,0.4444444444444444,0.5555555555555556
BP,130363,2,AOPT,0,12,413.0,0.9239373601789709,0.6666666666666666,0.75
BP,130363,2,AOPT,0,16,424.0,0.9485458612975392,0.8125,0.75
BP,130363,2,AOPT,0,20,431.0,0.9642058165548099,0.8,0.85
BP,130363,2,AOPT,0,24,436.0,0.9753914988814317,0.875,0.875
BP,130363,2,MAXMIN,0,6,7.0,0.015659955257270694,0.0,0.0
BP,130363,2,MAXMIN,0,9,14.0,0.03131991051454139,0.0,0.1111111111111111
BP,130363,2,MAXMIN,0,12,27.0,0.06040268456375839,0.16666666666666666,0.25
BP,130363,2,MAXMIN,0,16,49.0,0.10961968680089486,0.4375,0.5
BP,130363,2,MAXMIN,0,20,77.0,0.17225950782997762,0.7,0.7
BP,130363,2,MAXMIN,0,24,83.0,0.18568232662192394,0.75,0.7083333333333334
BP,130363,2,RANDOM,0,6,16.0,0.035794183445190156,0.16666666666666666,0.3333333333333333
BP,130363,2,RANDOM,0,9,26.0,0.058165548098434,0.3333333333333333,0.3333333333333333
BP,130363,2,RANDOM,0,12,32.0,0.07158836689038031,0.5,0.4166666666666667
BP,130363,2,RANDOM,0,16,382.0,0.854586129753915,0.5,0.4375
BP,130363,2,RANDOM,0,20,391.0,0.8747203579418344,0.6,0.5
BP,130363,2,RANDOM,0,24,412.0,0.9217002237136466,0.7083333333333334,0.7083333333333334
BP,130363,2,UNCERT,0,6,371.0,0.8299776286353467,0.3333333333333333,0.5
BP,130363,2,UNCERT,0,9,380.0,0.8501118568232662,0.4444444444444444,0.4444444444444444
BP,130363,2,UNCERT,0,12,409.0,0.9149888143176734,0.5833333333333334,0.5833333333333334
BP,130363,2,UNCERT,0,16,420.0,0.9395973154362416,0.625,0.625
BP,130363,2,UNCERT,0,20,427.0,0.9552572706935123,0.75,0.75
BP,130363,2,UNCERT,0,24,433.0,0.9686800894854586,0.7916666666666666,0.7916666666666666
BP,130363,3,AOPT,0,6,29.0,0.29591836734693877,0.16666666666666666,0.3333333333333333
BP,130363,3,AOPT,0,9,44.0,0.4489795918367347,0.4444444444444444,0.4444444444444444
BP,130363,3,AOPT,0,12,68.0,0.6938775510204082,0.75,0.75
BP,130363,3,AOPT,0,16,82.0,0.8367346938775511,0.8125,0.875
BP,130363,3,AOPT,0,20,90.0,0.9183673469387755,0.8,0.9
BP,130363,3,AOPT,0,24,96.0,0.9795918367346939,0.9166666666666666,0.9583333333333334
BP,130363,3,MAXMIN,0,6,24.0,0.24489795918367346,0.16666666666666666,0.16666666666666666
BP,130363,3,MAXMIN,0,9,29.0,0.29591836734693877,0.1111111111111111,0.1111111111111111
BP,130363,3,MAXMIN,0,12,34.0,0.3469387755102041,0.25,0.25
BP,130363,3,MAXMIN,0,16,43.0,0.4387755102040816,0.5625,0.5625
BP,130363,3,MAXMIN,0,20,78.0,0.7959183673469388,0.8,0.75
BP,130363,3,MAXMIN,0,24,96.0,0.9795918367346939,0.9583333333333334,0.875
BP,130363,3,RANDOM,0,6,33.0,0.336734693877551,0.3333333333333333,0.3333333333333333
BP,130363,3,RANDOM,0,9,37.0,0.37755102040816324,0.2222222222222222,0.3333333333333333
BP,130363,3,RANDOM,0,12,50.0,0.5102040816326531,0.3333333333333333,0.3333333333333333
BP,130363,3,RANDOM,0,16,56.0,0.5714285714285714,0.5625,0.5625
BP,130363,3,RANDOM,0,20,68.0,0.6938775510204082,0.8,0.75
BP,130363,3,RANDOM,0,24,77.0,0.7857142857142857,0.9166666666666666,0.875
BP,130363,3,UNCERT,0,6,29.0,0.29591836734693877,0.16666666666666666,0.3333333333333333
BP,130363,3,UNCERT,0,9,33.0,0.336734693877551,0.3333333333333333,0.2222222222222222
BP,130363,3,UNCERT,0,12,52.0,0.5306122448979592,0.3333333333333333,0.3333333333333333
BP,130363,3,UNCERT,0,16,67.0,0.6836734693877551,0.5625,0.5625
BP,130363,3,UNCERT,0,20,85.0,0.8673469387755102,0.85,0.8
BP,130363,3,UNCERT,0,24,95.0,0.9693877551020408,0.9166666666666666,0.9166666666666666
BP,130363,4,AOPT,0,6,402.0,0.8170731707317073,0.3333333333333333,0.3333333333333333
BP,130363,4,AOPT,0,9,405.0,0.823170731707317,0.2222222222222222,0.3333333333333333
BP,130363,4,AOPT,0,12,412.0,0.8373983739837398,0.4166666666666667,0.4166666666666667
BP,130363,4,AOPT,0,16,448.0,0.9105691056910569,0.6875,0.6875
BP,130363,4,AOPT,0,20,479.0,0.9735772357723578,0.8,0.8
BP,130363,4,AOPT,0,24,483.0,0.9817073170731707,0.875,0.9583333333333334
BP,130363,4,MAXMIN,0,6,27.0,0.054878048780487805,0.3333333333333333,0.3333333333333333
BP,130363,4,MAXMIN,0,9,32.0,0.06504065040650407,0.2222222222222222,0.3333333333333333
BP,130363,4,MAXMIN,0,12,35.0,0.07113821138211382,0.25,0.25
BP,130363,4,MAXMIN,0,16,47.0,0.09552845528455285,0.4375,0.4375
BP,130363,4,MAXMIN,0,20,100.0,0.2032520325203252,0.7,0.65
BP,130363,4,MAXMIN,0,24,110.0,0.22357723577235772,0.8333333333333334,0.7916666666666666
BP,130363,4,RANDOM,0,6,398.0,0.8089430894308943,0.5,0.5
BP,130363,4,RANDOM,0,9,424.0,0.8617886178861789,0.5555555555555556,0.5555555555555556
BP,130363,4,RANDOM,0,12,452.0,0.9186991869918699,0.6666666666666666,0.6666666666666666
BP,130363,4,RANDOM,0,16,470.0,0.9552845528455285,0.8125,0.75
BP,130363,4,RANDOM,0,20,474.0,0.9634146341463414,0.8,0.8
BP,130363,4,RANDOM,0,24,478.0,0.9715447154471545,0.875,0.8333333333333334
BP,130363,4,UNCERT,0,6,404.0,0.8211382113821138,0.3333333333333333,0.3333333333333333
BP,130363,4,UNCERT,0,9,425.0,0.8638211382113821,0.4444444444444444,0.4444444444444444
BP,130363,4,UNCERT,0,12,438.0,0.8902439024390244,0.5833333333333334,0.5833333333333334
BP,130363,4,UNCERT,0,16,470.0,0.9552845528455285,0.75,0.75
BP,130363,4,UNCERT,0,20,476.0,0.967479674796748,0.85,0.85
BP,130363,4,UNCERT,0,24,480.0,0.975609756097561,0.875,0.7916666666666666
BP,155921,0,AOPT,0,6,398.0,0.8105906313645621,0.3333333333333333,0.3333333333333333
BP,155921,0,AOPT,0,9,402.0,0.8187372708757638,0.2222222222222222,0.2222222222222222
BP,155921,0,AOPT,0,12,410.0,0.835030549898167,0.4166666666666667,0.5
BP,155921,0,AOPT,0,16,419.0,0.8533604887983707,0.5625,0.5625
BP,155921,0,AOPT,0,20,424.0,0.8635437881873728,0.55,0.6
BP,155921,0,AOPT,0,24,439.0,0.8940936863543788,0.6666666666666666,0.6666666666666666
BP,155921,0,MAXMIN,0,6,8.0,0.016293279022403257,0.0,0.0
BP,155921,0,MAXMIN,0,9,17.0,0.034623217922606926,0.1111111111111111,0.2222222222222222
BP,155921,0,MAXMIN,0,12,20.0,0.04073319755600815,0.16666666666666666,0.25
BP,155921,0,MAXMIN,0,16,33.0,0.06720977596741344,0.3125,0.375
BP,155921,0,MAXMIN,0,20,53.0,0.1079429735234216,0.45,0.5
BP,155921,0,MAXMIN,0,24,80.0,0.1629327902240326,0.6666666666666666,0.625
BP,155921,0,RANDOM,0,6,21.0,0.04276985743380855,0.16666666666666666,0.16666666666666666
BP,155921,0,RANDOM,0,9,399.0,0.8126272912423625,0.3333333333333333,0.2222222222222222
BP,155921,0,RANDOM,0,12,413.0,0.8411405295315683,0.3333333333333333,0.3333333333333333
BP,155921,0,RANDOM,0,16,417.0,0.8492871690427699,0.4375,0.4375
BP,155921,0,RANDOM,0,20,438.0,0.8920570264765784,0.65,0.65
BP,155921,0,RANDOM,0,24,443.0,0.9022403258655805,0.75,0.7083333333333334
BP,155921,0,UNCERT,0,6,396.0,0.8065173116089613,0.3333333333333333,0.3333333333333333
BP,155921,0,UNCERT,0,9,403.0,0.8207739307535642,0.3333333333333333,0.2222222222222222
BP,155921,0,UNCERT,0,12,425.0,0.8655804480651731,0.4166666666666667,0.4166666666666667
BP,155921,0,UNCERT,0,16,439.0,0.8940936863543788,0.5625,0.5625
BP,155921,0,UNCERT,0,20,464.0,0.945010183299389,0.65,0.6
BP,155921,0,UNCERT,0,24,477.0,0.9714867617107943,0.7083333333333334,0.7083333333333334
BP,155921,1,AOPT,0,6,390.0,0.8091286307053942,0.3333333333333333,0.3333333333333333
BP,155921,1,AOPT,0,9,407.0,0.8443983402489627,0.3333333333333333,0.5555555555555556
BP,155921,1,AOPT,0,12,437.0,0.9066390041493776,0.6666666666666666,0.75
BP,155921,1,AOPT,0,16,461.0,0.9564315352697096,0.8125,0.875
BP,155921,1,AOPT,0,20,470.0,0.975103734439834,0.9,0.95
BP,155921,1,AOPT,0,24,474.0,0.983402489626556,0.9166666666666666,0.9583333333333334
BP,155921,1,MAXMIN,0,6,49.0,0.1016597510373444,0.5,0.5
BP,155921,1,MAXMIN,0,9,53.0,0.10995850622406639,0.3333333333333333,0.3333333333333333
BP,155921,1,MAXMIN,0,12,60.0,0.12448132780082988,0.3333333333333333,0.4166666666666667
BP,155921,1,MAXMIN,0,16,70.0,0.14522821576763487,0.5,0.5
BP,155921,1,MAXMIN,0,20,91.0,0.1887966804979253,0.65,0.65
BP,155921,1,MAXMIN,0,24,461.0,0.9564315352697096,0.8333333333333334,0.7916666666666666
BP,155921,1,RANDOM,0,6,23.0,0.04771784232365145,0.16666666666666666,0.16666666666666666
BP,155921,1,RANDOM,0,9,388.0,0.8049792531120332,0.3333333333333333,0.2222222222222222
BP,155921,1,RANDOM,0,12,402.0,0.8340248962655602,0.4166666666666667,0.3333333333333333
BP,155921,1,RANDOM,0,16,423.0,0.8775933609958506,0.625,0.5625
BP,155921,1,RANDOM,0,20,428.0,0.8879668049792531,0.7,0.65
BP,155921,1,RANDOM,0,24,454.0,0.941908713692946,0.8333333333333334,0.7916666666666666
BP,155921,1,UNCERT,0,6,390.0,0.8091286307053942,0.3333333333333333,0.3333333333333333
BP,155921,1,UNCERT,0,9,413.0,0.8568464730290456,0.4444444444444444,0.5555555555555556
BP,155921,1,UNCERT,0,12,426.0,0.8838174273858921,0.5833333333333334,0.5833333333333334
BP,155921,1,UNCERT,0,16,458.0,0.950207468879668,0.6875,0.6875
BP,155921,1,UNCERT,0,20,465.0,0.9647302904564315,0.8,0.75
BP,155921,1,UNCERT,0,24,471.0,0.9771784232365145,0.8333333333333334,0.7916666666666666
BP,155921,2,AOPT,0,6,391.0,0.8593406593406593,0.3333333333333333,0.5
BP,155921,2,AOPT,0,9,396.0,0.8703296703296703,0.4444444444444444,0.5555555555555556
BP,155921,2,AOPT,0,12,400.0,0.8791208791208791,0.5833333333333334,0.5833333333333334
BP,155921,2,AOPT,0,16,435.0,0.9560439560439561,0.75,0.75
BP,155921,2,AOPT,0,20,443.0,0.9736263736263736,0.8,0.9
BP,155921,2,AOPT,0,24,447.0,0.9824175824175824,0.875,0.9583333333333334
BP,155921,2,MAXMIN,0,6,8.0,0.017582417582417582,0.0,0.0
BP,155921,2,MAXMIN,0,9,12.0,0.026373626373626374,0.0,0.1111111111111111
BP,155921,2,MAXMIN,0,12,15.0,0.03296703296703297,0.16666666666666666,0.25
BP,155921,2,MAXMIN,0,16,39.0,0.08571428571428572,0.375,0.4375
BP,155921,2,MAXMIN,0,20,50.0,0.10989010989010989,0.6,0.6
BP,155921,2,MAXMIN,0,24,65.0,0.14285714285714285,0.8333333333333334,0.7916666666666666
BP,155921,2,RANDOM,0,6,32.0,0.07032967032967033,0.3333333333333333,0.3333333333333333
BP,155921,2,RANDOM,0,9,35.0,0.07692307692307693,0.2222222222222222,0.2222222222222222
BP,155921,2,RANDOM,0,12,40.0,0.08791208791208792,0.25,0.3333333333333333
BP,155921,2,RANDOM,0,16,47.0,0.10329670329670329,0.375,0.4375
BP,155921,2,RANDOM,0,20,64.0,0.14065934065934066,0.6,0.6
BP,155921,2,RANDOM,0,24,437.0,0.9604395604395605,0.8333333333333334,0.7916666666666666
BP,155921,2,UNCERT,0,6,389.0,0.8549450549450549,0.3333333333333333,0.3333333333333333
BP,155921,2,UNCERT,0,9,396.0,0.8703296703296703,0.4444444444444444,0.3333333333333333
BP,155921,2,UNCERT,0,12,424.0,0.9318681318681319,0.6666666666666666,0.5833333333333334
BP,155921,2,UNCERT,0,16,439.0,0.9648351648351648,0.75,0.75
BP,155921,2,UNCERT,0,20,446.0,0.9802197802197802,0.85,0.8
BP,155921,2,UNCERT,0,24,451.0,0.9912087912087912,0.9166666666666666,0.8333333333333334
BP,155921,3,AOPT,0,6,18.0,0.21951219512195122,0.3333333333333333,0.3333333333333333
BP,155921,3,AOPT,0,9,37.0,0.45121951219512196,0.4444444444444444,0.4444444444444444
BP,155921,3,AOPT,0,12,51.0,0.6219512195121951,0.5833333333333334,0.5833333333333334
BP,155921,3,AOPT,0,16,67.0,0.8170731707317073,0.8125,0.875
BP,155921,3,AOPT,0,20,73.0,0.8902439024390244,0.85,0.85
BP,155921,3,AOPT,0,24,78.0,0.9512195121951219,0.875,1.0
BP,155921,3,MAXMIN,0,6,23.0,0.2804878048780488,0.16666666666666666,0.16666666666666666
BP,155921,3,MAXMIN,0,9,27.0,0.32926829268292684,0.1111111111111111,0.1111111111111111
BP,155921,3,MAXMIN,0,12,32.0,0.3902439024390244,0.25,0.3333333333333333
BP,155921,3,MAXMIN,0,16,38.0,0.4634146341463415,0.5,0.4375
BP,155921,3,MAXMIN,0,20,48.0,0.5853658536585366,0.7,0.7
BP,155921,3,MAXMIN,0,24,68.0,0.8292682926829268,0.875,0.8333333333333334
BP,155921,3,RANDOM,0,6,7.0,0.08536585365853659,0.0,0.0
BP,155921,3,RANDOM,0,9,14.0,0.17073170731707318,0.2222222222222222,0.2222222222222222
BP,155921,3,RANDOM,0,12,20.0,0.24390243902439024,0.3333333333333333,0.4166666666666667
BP,155921,3,RANDOM,0,16,40.0,0.4878048780487805,0.5625,0.5625
BP,155921,3,RANDOM,0,20,56.0,0.6829268292682927,0.7,0.7
BP,155921,3,RANDOM,0,24,69.0,0.8414634146341463,0.8333333333333334,0.8333333333333334
BP,155921,3,UNCERT,0,6,26.0,0.3170731707317073,0.5,0.6666666666666666
BP,155921,3,UNCERT,0,9,46.0,0.5609756097560976,0.6666666666666666,0.6666666666666666
BP,155921,3,UNCERT,0,12,54.0,0.6585365853658537,0.75,0.6666666666666666
BP,155921,3,UNCERT,0,16,68.0,0.8292682926829268,0.75,0.6875
BP,155921,3,UNCERT,0,20,73.0,0.8902439024390244,0.8,0.8
BP,155921,3,UNCERT,0,24,77.0,0.9390243902439024,0.9583333333333334,0.875
BP,155921,4,AOPT,0,6,371.0,0.8318385650224215,0.3333333333333333,0.3333333333333333
BP,155921,4,AOPT,0,9,380.0,0.852017937219731,0.4444444444444444,0.4444444444444444
BP,155921,4,AOPT,0,12,417.0,0.9349775784753364,0.6666666666666666,0.75
BP,155921,4,AOPT,0,16,425.0,0.952914798206278,0.75,0.75
BP,155921,4,AOPT,0,20,432.0,0.968609865470852,0.75,0.85
BP,155921,4,AOPT,0,24,436.0,0.9775784753363229,0.875,0.9583333333333334
BP,155921,4,MAXMIN,0,6,7.0,0.01569506726457399,0.0,0.0
BP,155921,4,MAXMIN,0,9,14.0,0.03139013452914798,0.0,0.1111111111111111
BP,155921,4,MAXMIN,0,12,20.0,0.04484304932735426,0.16666666666666666,0.25
BP,155921,4,MAXMIN,0,16,67.0,0.15022421524663676,0.5625,0.625
BP,155921,4,MAXMIN,0,20,74.0,0.16591928251121077,0.7,0.7
BP,155921,4,MAXMIN,0,24,87.0,0.19506726457399104,0.75,0.7916666666666666
BP,155921,4,RANDOM,0,6,17.0,0.03811659192825112,0.16666666666666666,0.0
BP,155921,4,RANDOM,0,9,32.0,0.07174887892376682,0.5555555555555556,0.3333333333333333
BP,155921,4,RANDOM,0,12,51.0,0.11434977578475336,0.5833333333333334,0.5833333333333334
BP,155921,4,RANDOM,0,16,72.0,0.16143497757847533,0.625,0.5625
BP,155921,4,RANDOM,0,20,76.0,0.17040358744394618,0.7,0.7
BP,155921,4,RANDOM,0,24,429.0,0.9618834080717489,0.8333333333333334,0.875
BP,155921,4,UNCERT,0,6,368.0,0.8251121076233184,0.3333333333333333,0.3333333333333333
BP,155921,4,UNCERT,0,9,372.0,0.8340807174887892,0.2222222222222222,0.2222222222222222
BP,155921,4,UNCERT,0,12,379.0,0.8497757847533632,0.25,0.16666666666666666
BP,155921,4,UNCERT,0,16,401.0,0.899103139013453,0.4375,0.4375
BP,155921,4,UNCERT,0,20,415.0,0.9304932735426009,0.55,0.5
BP,155921,4,UNCERT,0,24,436.0,0.9775784753363229,0.75,0.75
BP,196613,0,AOPT,0,6,363.0,0.8194130925507901,0.3333333333333333,0.3333333333333333
BP,196613,0,AOPT,0,9,369.0,0.8329571106094809,0.3333333333333333,0.4444444444444444
BP,196613,0,AOPT,0,12,400.0,0.9029345372460497,0.5833333333333334,0.6666666666666666
BP,196613,0,AOPT,0,16,418.0,0.9435665914221218,0.8125,0.8125
BP,196613,0,AOPT,0,20,428.0,0.9661399548532731,0.9,0.9
BP,196613,0,AOPT,0,24,432.0,0.9751693002257337,0.875,0.9166666666666666
BP,196613,0,MAXMIN,0,6,23.0,0.05191873589164785,0.16666666666666666,0.16666666666666666
BP,196613,0,MAXMIN,0,9,28.0,0.06320541760722348,0.1111111111111111,0.1111111111111111
BP,196613,0,MAXMIN,0,12,33.0,0.0744920993227991,0.08333333333333333,0.16666666666666666
BP,196613,0,MAXMIN,0,16,44.0,0.09932279909706546,0.375,0.375
BP,196613,0,MAXMIN,0,20,67.0,0.15124153498871332,0.6,0.6
BP,196613,0,MAXMIN,0,24,93.0,0.20993227990970656,0.7916666666666666,0.7916666666666666
BP,196613,0,RANDOM,0,6,18.0,0.040632054176072234,0.16666666666666666,0.16666666666666666
BP,196613,0,RANDOM,0,9,23.0,0.05191873589164785,0.2222222222222222,0.1111111111111111
BP,196613,0,RANDOM,0,12,30.0,0.06772009029345373,0.3333333333333333,0.3333333333333333
BP,196613,0,RANDOM,0,16,57.0,0.12866817155756208,0.5625,0.5625
BP,196613,0,RANDOM,0,20,399.0,0.9006772009029346,0.65,0.65
BP,196613,0,RANDOM,0,24,416.0,0.9390519187358917,0.7916666666666666,0.7916666666666666
BP,196613,0,UNCERT,0,6,28.0,0.06320541760722348,0.16666666666666666,0.16666666666666666
BP,196613,0,UNCERT,0,9,31.0,0.06997742663656885,0.2222222222222222,0.2222222222222222
BP,196613,0,UNCERT,0,12,54.0,0.12189616252821671,0.4166666666666667,0.3333333333333333
BP,196613,0,UNCERT,0,16,404.0,0.9119638826185101,0.5625,0.5
BP,196613,0,UNCERT,0,20,409.0,0.9232505643340858,0.65,0.65
BP,196613,0,UNCERT,0,24,429.0,0.9683972911963883,0.8333333333333334,0.8333333333333334
BP,196613,1,AOPT,0,6,18.0,0.21176470588235294,0.16666666666666666,0.3333333333333333
BP,196613,1,AOPT,0,9,24.0,0.2823529411764706,0.4444444444444444,0.4444444444444444
BP,196613,1,AOPT,0,12,52.0,0.611764705882353,0.5833333333333334,0.6666666666666666
BP,196613,1,AOPT,0,16,69.0,0.8117647058823529,0.75,0.75
BP,196613,1,AOPT,0,20,78.0,0.9176470588235294,0.85,0.85
BP,196613,1,AOPT,0,24,84.0,0.9882352941176471,0.9583333333333334,0.9583333333333334
BP,196613,1,MAXMIN,0,6,10.0,0.11764705882352941,0.0,0.0
BP,196613,1,MAXMIN,0,9,15.0,0.17647058823529413,0.1111111111111111,0.1111111111111111
BP,196613,1,MAXMIN,0,12,38.0,0.4470588235294118,0.4166666666666667,0.4166666666666667
BP,196613,1,MAXMIN,0,16,48.0,0.5647058823529412,0.6875,0.625
BP,196613,1,MAXMIN,0,20,70.0,0.8235294117647058,0.85,0.8
BP,196613,1,MAXMIN,0,24,84.0,0.9882352941176471,0.9583333333333334,0.9166666666666666
BP,196613,1,RANDOM,0,6,12.0,0.1411764705882353,0.16666666666666666,0.3333333333333333
BP,196613,1,RANDOM,0,9,16.0,0.18823529411764706,0.2222222222222222,0.2222222222222222
BP,196613,1,RANDOM,0,12,23.0,0.27058823529411763,0.4166666666666667,0.3333333333333333
BP,196613,1,RANDOM,0,16,38.0,0.4470588235294118,0.5625,0.5625
BP,196613,1,RANDOM,0,20,69.0,0.8117647058823529,0.8,0.8
BP,196613,1,RANDOM,0,24,83.0,0.9764705882352941,0.9583333333333334,0.9166666666666666
BP,196613,1,UNCERT,0,6,16.0,0.18823529411764706,0.16666666666666666,0.3333333333333333
BP,196613,1,UNCERT,0,9,36.0,0.4235294117647059,0.3333333333333333,0.4444444444444444
BP,196613,1,UNCERT,0,12,57.0,0.6705882352941176,0.5,0.5833333333333334
BP,196613,1,UNCERT,0,16,64.0,0.7529411764705882,0.625,0.6875
BP,196613,1,UNCERT,0,20,71.0,0.8352941176470589,0.8,0.8
BP,196613,1,UNCERT,0,24,83.0,0.9764705882352941,0.9583333333333334,0.9166666666666666
BP,196613,2,AOPT,0,6,398.0,0.8257261410788381,0.3333333333333333,0.3333333333333333
BP,196613,2,AOPT,0,9,404.0,0.8381742738589212,0.3333333333333333,0.4444444444444444
BP,196613,2,AOPT,0,12,434.0,0.9004149377593361,0.6666666666666666,0.6666666666666666
BP,196613,2,AOPT,0,16,464.0,0.9626556016597511,0.75,0.75
BP,196613,2,AOPT,0,20,468.0,0.970954356846473,0.75,0.75
BP,196613,2,AOPT,0,24,472.0,0.979253112033195,0.8333333333333334,0.9166666666666666
BP,196613,2,MAXMIN,0,6,7.0,0.014522821576763486,0.0,0.0
BP,196613,2,MAXMIN,0,9,10.0,0.02074688796680498,0.0,0.0
BP,196613,2,MAXMIN,0,12,15.0,0.03112033195020747,0.16666666666666666,0.25
BP,196613,2,MAXMIN,0,16,48.0,0.0995850622406639,0.5,0.5
BP,196613,2,MAXMIN,0,20,59.0,0.12240663900414937,0.65,0.65
BP,196613,2,MAXMIN,0,24,462.0,0.9585062240663901,0.7916666666666666,0.8333333333333334
BP,196613,2,RANDOM,0,6,28.0,0.058091286307053944,0.3333333333333333,0.3333333333333333
BP,196613,2,RANDOM,0,9,38.0,0.07883817427385892,0.3333333333333333,0.3333333333333333
BP,196613,2,RANDOM,0,12,57.0,0.11825726141078838,0.4166666666666667,0.4166666666666667
BP,196613,2,RANDOM,0,16,61.0,0.12655601659751037,0.4375,0.4375
BP,196613,2,RANDOM,0,20,445.0,0.9232365145228216,0.55,0.6
BP,196613,2,RANDOM,0,24,460.0,0.9543568464730291,0.75,0.7916666666666666
BP,196613,2,UNCERT,0,6,397.0,0.8236514522821576,0.3333333333333333,0.3333333333333333
BP,196613,2,UNCERT,0,9,400.0,0.8298755186721992,0.2222222222222222,0.2222222222222222
BP,196613,2,UNCERT,0,12,407.0,0.8443983402489627,0.3333333333333333,0.3333333333333333
BP,196613,2,UNCERT,0,16,436.0,0.9045643153526971,0.625,0.5625
BP,196613,2,UNCERT,0,20,461.0,0.9564315352697096,0.75,0.75
BP,196613,2,UNCERT,0,24,474.0,0.983402489626556,0.875,0.8333333333333334
BP,196613,3,AOPT,0,6,348.0,0.8246445497630331,0.3333333333333333,0.3333333333333333
BP,196613,3,AOPT,0,9,354.0,0.8388625592417062,0.5555555555555556,0.5555555555555556
BP,196613,3,AOPT,0,12,384.0,0.909952606635071,0.6666666666666666,0.75
BP,196613,3,AOPT,0,16,402.0,0.95260663507109,0.6875,0.75
BP,196613,3,AOPT,0,20,408.0,0.966824644549763,0.8,0.8
BP,196613,3,AOPT,0,24,412.0,0.976303317535545,0.75,0.9583333333333334
BP,196613,3,MAXMIN,0,6,8.0,0.018957345971563982,0.0,0.0
BP,196613,3,MAXMIN,0,9,13.0,0.030805687203791468,0.0,0.0
BP,196613,3,MAXMIN,0,12,18.0,0.04265402843601896,0.16666666666666666,0.3333333333333333
BP,196613,3,MAXMIN,0,16,41.0,0.0971563981042654,0.4375,0.5625
BP,196613,3,MAXMIN,0,20,46.0,0.10900473933649289,0.6,0.55
BP,196613,3,MAXMIN,0,24,68.0,0.16113744075829384,0.75,0.7083333333333334
BP,196613,3,RANDOM,0,6,20.0,0.04739336492890995,0.16666666666666666,0.16666666666666666
BP,196613,3,RANDOM,0,9,26.0,0.061611374407582936,0.3333333333333333,0.3333333333333333
BP,196613,3,RANDOM,0,12,349.0,0.8270142180094787,0.4166666666666667,0.3333333333333333
BP,196613,3,RANDOM,0,16,369.0,0.8744075829383886,0.5,0.5625
BP,196613,3,RANDOM,0,20,390.0,0.9241706161137441,0.65,0.6
BP,196613,3,RANDOM,0,24,396.0,0.9383886255924171,0.75,0.75
BP,196613,3,UNCERT,0,6,345.0,0.8175355450236966,0.3333333333333333,0.3333333333333333
BP,196613,3,UNCERT,0,9,364.0,0.8625592417061612,0.3333333333333333,0.3333333333333333
BP,196613,3,UNCERT,0,12,370.0,0.8767772511848341,0.5,0.5
BP,196613,3,UNCERT,0,16,394.0,0.933649289099526,0.5625,0.5
BP,196613,3,UNCERT,0,20,406.0,0.9620853080568721,0.65,0.7
BP,196613,3,UNCERT,0,24,412.0,0.976303317535545,0.8333333333333334,0.8333333333333334
BP,196613,4,AOPT,0,6,333.0,0.8604651162790697,0.3333333333333333,0.3333333333333333
BP,196613,4,AOPT,0,9,337.0,0.8708010335917312,0.3333333333333333,0.4444444444444444
BP,196613,4,AOPT,0,12,346.0,0.8940568475452196,0.5,0.5
BP,196613,4,AOPT,0,16,369.0,0.9534883720930233,0.625,0.6875
BP,196613,4,AOPT,0,20,375.0,0.9689922480620154,0.8,0.85
BP,196613,4,AOPT,0,24,379.0,0.979328165374677,0.9166666666666666,0.9583333333333334
BP,196613,4,MAXMIN,0,6,10.0,0.025839793281653745,0.0,0.16666666666666666
BP,196613,4,MAXMIN,0,9,15.0,0.03875968992248062,0.2222222222222222,0.3333333333333333
BP,196613,4,MAXMIN,0,12,18.0,0.046511627906976744,0.3333333333333333,0.4166666666666667
BP,196613,4,MAXMIN,0,16,47.0,0.12144702842377261,0.5625,0.625
BP,196613,4,MAXMIN,0,20,63.0,0.16279069767441862,0.7,0.75
BP,196613,4,MAXMIN,0,24,68.0,0.17571059431524547,0.8333333333333334,0.8333333333333334
BP,196613,4,RANDOM,0,6,336.0,0.8682170542635659,0.5,0.5
BP,196613,4,RANDOM,0,9,343.0,0.8863049095607235,0.5555555555555556,0.5555555555555556
BP,196613,4,RANDOM,0,12,348.0,0.8992248062015504,0.6666666666666666,0.5833333333333334
BP,196613,4,RANDOM,0,16,371.0,0.958656330749354,0.6875,0.5625
BP,196613,4,RANDOM,0,20,375.0,0.9689922480620154,0.75,0.75
BP,196613,4,RANDOM,0,24,380.0,0.9819121447028424,0.875,0.7916666666666666
BP,196613,4,UNCERT,0,6,341.0,0.8811369509043928,0.5,0.5
BP,196613,4,UNCERT,0,9,344.0,0.8888888888888888,0.5555555555555556,0.5555555555555556
BP,196613,4,UNCERT,0,12,357.0,0.9224806201550387,0.6666666666666666,0.6666666666666666
BP,196613,4,UNCERT,0,16,374.0,0.9664082687338501,0.8125,0.75
BP,196613,4,UNCERT,0,20,379.0,0.979328165374677,0.9,0.85
BP,196613,4,UNCERT,0,24,383.0,0.9896640826873385,0.9166666666666666,0.7916666666666666
BP,262147,0,AOPT,0,6,385.0,0.8244111349036403,0.3333333333333333,0.3333333333333333
BP,262147,0,AOPT,0,9,394.0,0.8436830835117773,0.4444444444444444,0.5555555555555556
BP,262147,0,AOPT,0,12,434.0,0.9293361884368309,0.75,0.8333333333333334
BP,262147,0,AOPT,0,16,441.0,0.9443254817987152,0.8125,0.75
BP,262147,0,AOPT,0,20,450.0,0.9635974304068522,0.85,0.85
BP,262147,0,AOPT,0,24,454.0,0.9721627408993576,0.8333333333333334,0.8333333333333334
BP,262147,0,MAXMIN,0,6,7.0,0.014989293361884369,0.0,0.0
BP,262147,0,MAXMIN,0,9,11.0,0.023554603854389723,0.0,0.0
BP,262147,0,MAXMIN,0,12,25.0,0.05353319057815846,0.16666666666666666,0.25
BP,262147,0,MAXMIN,0,16,31.0,0.06638115631691649,0.3125,0.3125
BP,262147,0,MAXMIN,0,20,41.0,0.08779443254817987,0.55,0.6
BP,262147,0,MAXMIN,0,24,77.0,0.16488222698072805,0.7083333333333334,0.7083333333333334
BP,262147,0,RANDOM,0,6,12.0,0.02569593147751606,0.0,0.0
BP,262147,0,RANDOM,0,9,382.0,0.8179871520342612,0.3333333333333333,0.2222222222222222
BP,262147,0,RANDOM,0,12,385.0,0.8244111349036403,0.25,0.25
BP,262147,0,RANDOM,0,16,398.0,0.8522483940042827,0.5625,0.5
BP,262147,0,RANDOM,0,20,419.0,0.8972162740899358,0.65,0.65
BP,262147,0,RANDOM,0,24,430.0,0.9207708779443254,0.8333333333333334,0.7916666666666666
BP,262147,0,UNCERT,0,6,382.0,0.8179871520342612,0.3333333333333333,0.3333333333333333
BP,262147,0,UNCERT,0,9,389.0,0.8329764453961456,0.3333333333333333,0.3333333333333333
BP,262147,0,UNCERT,0,12,408.0,0.8736616702355461,0.4166666666666667,0.4166666666666667
BP,262147,0,UNCERT,0,16,436.0,0.9336188436830836,0.5625,0.625
BP,262147,0,UNCERT,0,20,447.0,0.9571734475374732,0.75,0.75
BP,262147,0,UNCERT,0,24,455.0,0.974304068522484,0.875,0.875
BP,262147,1,AOPT,0,6,394.0,0.8008130081300813,0.3333333333333333,0.3333333333333333
BP,262147,1,AOPT,0,9,398.0,0.8089430894308943,0.2222222222222222,0.3333333333333333
BP,262147,1,AOPT,0,12,414.0,0.8414634146341463,0.5,0.5
BP,262147,1,AOPT,0,16,458.0,0.9308943089430894,0.6875,0.75
BP,262147,1,AOPT,0,20,472.0,0.959349593495935,0.7,0.7
BP,262147,1,AOPT,0,24,478.0,0.9715447154471545,0.8333333333333334,0.875
BP,262147,1,MAXMIN,0,6,7.0,0.014227642276422764,0.0,0.0
BP,262147,1,MAXMIN,0,9,12.0,0.024390243902439025,0.0,0.0
BP,262147,1,MAXMIN,0,12,17.0,0.034552845528455285,0.08333333333333333,0.08333333333333333
BP,262147,1,MAXMIN,0,16,24.0,0.04878048780487805,0.3125,0.375
BP,262147,1,MAXMIN,0,20,55.0,0.11178861788617886,0.5,0.55
BP,262147,1,MAXMIN,0,24,88.0,0.17886178861788618,0.6666666666666666,0.6666666666666666
BP,262147,1,RANDOM,0,6,9.0,0.018292682926829267,0.0,0.0
BP,262147,1,RANDOM,0,9,31.0,0.06300813008130081,0.2222222222222222,0.2222222222222222
BP,262147,1,RANDOM,0,12,54.0,0.10975609756097561,0.3333333333333333,0.4166666666666667
BP,262147,1,RANDOM,0,16,59.0,0.11991869918699187,0.5,0.5625
BP,262147,1,RANDOM,0,20,65.0,0.13211382113821138,0.6,0.65
BP,262147,1,RANDOM,0,24,103.0,0.20934959349593496,0.7083333333333334,0.75
BP,262147,1,UNCERT,0,6,389.0,0.790650406504065,0.3333333333333333,0.3333333333333333
BP,262147,1,UNCERT,0,9,396.0,0.8048780487804879,0.3333333333333333,0.2222222222222222
BP,262147,1,UNCERT,0,12,417.0,0.8475609756097561,0.4166666666666667,0.3333333333333333
BP,262147,1,UNCERT,0,16,432.0,0.8780487804878049,0.5,0.4375
BP,262147,1,UNCERT,0,20,466.0,0.9471544715447154,0.7,0.65
BP,262147,1,UNCERT,0,24,479.0,0.9735772357723578,0.75,0.75
BP,262147,2,AOPT,0,6,34.0,0.4,0.3333333333333333,0.5
BP,262147,2,AOPT,0,9,47.0,0.5529411764705883,0.5555555555555556,0.5555555555555556
BP,262147,2,AOPT,0,12,57.0,0.6705882352941176,0.8333333333333334,0.8333333333333334
BP,262147,2,AOPT,0,16,73.0,0.8588235294117647,0.8125,0.8125
BP,262147,2,AOPT,0,20,79.0,0.9294117647058824,0.85,0.85
BP,262147,2,AOPT,0,24,83.0,0.9764705882352941,0.9166666666666666,0.9583333333333334
BP,262147,2,MAXMIN,0,6,9.0,0.10588235294117647,0.0,0.0
BP,262147,2,MAXMIN,0,9,16.0,0.18823529411764706,0.0,0.1111111111111111
BP,262147,2,MAXMIN,0,12,21.0,0.24705882352941178,0.3333333333333333,0.3333333333333333
BP,262147,2,MAXMIN,0,16,34.0,0.4,0.6875,0.6875
BP,262147,2,MAXMIN,0,20,70.0,0.8235294117647058,0.8,0.75
BP,262147,2,MAXMIN,0,24,83.0,0.9764705882352941,0.9166666666666666,0.875
BP,262147,2,RANDOM,0,6,16.0,0.18823529411764706,0.16666666666666666,0.16666666666666666
BP,262147,2,RANDOM,0,9,21.0,0.24705882352941178,0.1111111111111111,0.1111111111111111
BP,262147,2,RANDOM,0,12,36.0,0.4235294117647059,0.3333333333333333,0.3333333333333333
BP,262147,2,RANDOM,0,16,61.0,0.7176470588235294,0.5625,0.5625
BP,262147,2,RANDOM,0,20,72.0,0.8470588235294118,0.75,0.75
BP,262147,2,RANDOM,0,24,82.0,0.9647058823529412,0.9166666666666666,0.875
BP,262147,2,UNCERT,0,6,29.0,0.3411764705882353,0.16666666666666666,0.3333333333333333
BP,262147,2,UNCERT,0,9,34.0,0.4,0.3333333333333333,0.4444444444444444
BP,262147,2,UNCERT,0,12,39.0,0.4588235294117647,0.4166666666666667,0.4166666666666667
BP,262147,2,UNCERT,0,16,58.0,0.6823529411764706,0.6875,0.6875
BP,262147,2,UNCERT,0,20,72.0,0.8470588235294118,0.8,0.8
BP,262147,2,UNCERT,0,24,82.0,0.9647058823529412,0.9166666666666666,0.9166666666666666
BP,262147,3,AOPT,0,6,323.0,0.8239795918367347,0.3333333333333333,0.3333333333333333
BP,262147,3,AOPT,0,9,328.0,0.8367346938775511,0.3333333333333333,0.2222222222222222
BP,262147,3,AOPT,0,12,335.0,0.8545918367346939,0.5,0.5
BP,262147,3,AOPT,0,16,345.0,0.8801020408163265,0.625,0.6875
BP,262147,3,AOPT,0,20,384.0,0.9795918367346939,0.8,0.8
BP,262147,3,AOPT,0,24,388.0,0.9897959183673469,0.9166666666666666,0.9583333333333334
BP,262147,3,MAXMIN,0,6,7.0,0.017857142857142856,0.0,0.0
BP,262147,3,MAXMIN,0,9,19.0,0.04846938775510204,0.1111111111111111,0.1111111111111111
BP,262147,3,MAXMIN,0,12,25.0,0.06377551020408163,0.25,0.25
BP,262147,3,MAXMIN,0,16,40.0,0.10204081632653061,0.5,0.5625
BP,262147,3,MAXMIN,0,20,48.0,0.12244897959183673,0.6,0.65
BP,262147,3,MAXMIN,0,24,382.0,0.9744897959183674,0.8333333333333334,0.8333333333333334
BP,262147,3,RANDOM,0,6,16.0,0.04081632653061224,0.16666666666666666,0.16666666666666666
BP,262147,3,RANDOM,0,9,28.0,0.07142857142857142,0.2222222222222222,0.2222222222222222
BP,262147,3,RANDOM,0,12,31.0,0.07908163265306123,0.16666666666666666,0.16666666666666666
BP,262147,3,RANDOM,0,16,54.0,0.1377551020408163,0.5,0.5625
BP,262147,3,RANDOM,0,20,376.0,0.9591836734693877,0.75,0.75
BP,262147,3,RANDOM,0,24,383.0,0.9770408163265306,0.8333333333333334,0.8333333333333334
BP,262147,3,UNCERT,0,6,324.0,0.826530612244898,0.16666666666666666,0.5
BP,262147,3,UNCERT,0,9,343.0,0.875,0.4444444444444444,0.5555555555555556
BP,262147,3,UNCERT,0,12,356.0,0.9081632653061225,0.5833333333333334,0.5833333333333334
BP,262147,3,UNCERT,0,16,369.0,0.9413265306122449,0.625,0.5625
BP,262147,3,UNCERT,0,20,380.0,0.9693877551020408,0.75,0.75
BP,262147,3,UNCERT,0,24,388.0,0.9897959183673469,0.875,0.875
BP,262147,4,AOPT,0,6,397.0,0.8202479338842975,0.3333333333333333,0.3333333333333333
BP,262147,4,AOPT,0,9,403.0,0.8326446280991735,0.3333333333333333,0.3333333333333333
BP,262147,4,AOPT,0,12,418.0,0.8636363636363636,0.5,0.5
BP,262147,4,AOPT,0,16,464.0,0.9586776859504132,0.6875,0.6875
BP,262147,4,AOPT,0,20,469.0,0.96900826446281,0.8,0.8
BP,262147,4,AOPT,0,24,473.0,0.9772727272727273,0.8333333333333334,0.9583333333333334
BP,262147,4,MAXMIN,0,6,16.0,0.03305785123966942,0.0,0.0
BP,262147,4,MAXMIN,0,9,21.0,0.04338842975206612,0.2222222222222222,0.2222222222222222
BP,262147,4,MAXMIN,0,12,24.0,0.049586776859504134,0.25,0.3333333333333333
BP,262147,4,MAXMIN,0,16,45.0,0.09297520661157024,0.375,0.4375
BP,262147,4,MAXMIN,0,20,49.0,0.1012396694214876,0.55,0.55
BP,262147,4,MAXMIN,0,24,87.0,0.1797520661157025,0.7083333333333334,0.75
BP,262147,4,RANDOM,0,6,49.0,0.1012396694214876,0.5,0.5
BP,262147,4,RANDOM,0,9,65.0,0.13429752066115702,0.5555555555555556,0.5555555555555556
BP,262147,4,RANDOM,0,12,77.0,0.1590909090909091,0.75,0.5833333333333334
BP,262147,4,RANDOM,0,16,92.0,0.19008264462809918,0.6875,0.625
BP,262147,4,RANDOM,0,20,96.0,0.19834710743801653,0.75,0.8
BP,262147,4,RANDOM,0,24,474.0,0.9793388429752066,0.8333333333333334,0.7916666666666666
BP,262147,4,UNCERT,0,6,398.0,0.8223140495867769,0.3333333333333333,0.3333333333333333
BP,262147,4,UNCERT,0,9,401.0,0.8285123966942148,0.2222222222222222,0.2222222222222222
BP,262147,4,UNCERT,0,12,410.0,0.8471074380165289,0.4166666666666667,0.4166666666666667
BP,262147,4,UNCERT,0,16,430.0,0.8884297520661157,0.5625,0.4375
BP,262147,4,UNCERT,0,20,444.0,0.9173553719008265,0.7,0.65
BP,262147,4,UNCERT,0,24,476.0,0.9834710743801653,0.8333333333333334,0.7916666666666666
