design,comparison,value,reference,candidate,point,ci95_low,ci95_high,bca_low,bca_high,p_two_sided,bootstrap_se,mde_80,block_macro,n_units,units_improved,seeds_positive,n_seeds,loco_min,loco_max,loco_sign_stable,margin,passes_intervals,passes_P1,family,endpoint,lead,loco_stable,p_bh_within_lead_family,src,budget,p_bh_all_L4
B,AOPT_vs_RANDOM,mae_all,RANDOM,AOPT,-0.0119072716955267,-0.0552383170471835,0.0367435104663295,-0.0743304473486864,0.0296426830538107,0.7826,0.0269606096945582,0.075489707144763,0.0190571023096052,90,45,2,5,-0.0170843056328692,0.0241434464909485,False,0.02,False,False,registered,ABC_mae_all,L4,False,0.942888888888889,contrasts_abc.csv,,0.8706675191815856
B,AOPT_vs_MAXMIN,mae_all,MAXMIN,AOPT,-0.0038508153863838,-0.0407213934975922,0.045262812020316,-0.0530974499747367,0.0343280294806189,0.9852,0.0232976074412211,0.0652333008354193,0.0233125406608915,90,38,3,5,-0.0132742947549126,0.0247201513426865,False,0.02,False,False,registered,ABC_mae_all,L4,False,0.9852,contrasts_abc.csv,,0.9884723502304147
B,UNCERT_vs_RANDOM,mae_all,RANDOM,UNCERT,-0.0310417712613688,-0.0671844441347917,0.0189621445273578,-0.0758432524796289,0.0092837907270796,0.2816,0.0229645045597206,0.0643006127672176,-0.0087319893774791,90,25,2,5,-0.0411254787569137,-0.0057240902191007,True,0.02,False,False,registered,ABC_mae_all,L4,True,0.7040000000000001,contrasts_abc.csv,,0.464
B,UNCERT_vs_MAXMIN,mae_all,MAXMIN,UNCERT,-0.0229853149522259,-0.0559426983150677,0.0222159611633916,-0.0612662145477475,0.0155204778335118,0.3386,0.0202599904419055,0.0567279732373354,-0.0044765510261928,90,29,2,5,-0.0313980385473532,-0.0051473853673627,True,0.02,False,False,registered,ABC_mae_all,L4,True,0.7204,contrasts_abc.csv,,0.5317364620938628
B,MAXMIN_vs_RANDOM,mae_all,RANDOM,MAXMIN,-0.0080564563091428,-0.0230672334279048,0.013721180535323,-0.0256915463746914,0.0104331258071001,0.4656,0.0094925103817851,0.0265790290689984,-0.0042554383512863,90,43,1,5,-0.0105619494731169,-0.000576704851738,True,0.02,False,False,exploratory,ABC_mae_all,L4,True,0.6534736842105264,contrasts_abc.csv,,0.6640524590163934
B,AOPT_vs_RANDOM_sign_acc_strong,sign_acc_strong,RANDOM,AOPT,0.0097567845312631,-0.0538395418715656,0.091475808578297,-0.0780221286276155,0.075852683842706,0.7066,0.0408883828565815,0.1144874719984283,0.0579363471549004,86,50,3,5,-0.0017028984470599,0.0627059009906741,False,0.02,False,False,exploratory,ABC_sign_acc_strong,L4,False,0.8511044776119403,contrasts_abc.csv,,0.8421123287671233
B,AOPT_vs_MAXMIN_sign_acc_strong,sign_acc_strong,MAXMIN,AOPT,0.10905080555835,0.0477437365408959,0.2015634486451341,0.0357560112432233,0.1832927706008687,0.0,0.0406998642319986,0.1139596198495963,0.1470683153582517,86,56,5,5,0.0853943654215164,0.153876725680173,True,0.02,True,True,exploratory,ABC_sign_acc_strong,L4,True,0.0,contrasts_abc.csv,,0.0
B,UNCERT_vs_RANDOM_sign_acc_strong,sign_acc_strong,RANDOM,UNCERT,0.0074184895938366,-0.067206797435565,0.1033304652586465,-0.0983620852169071,0.0842671825650821,0.781,0.047408235193956,0.1327430585430768,0.0603468764198703,86,40,2,5,-0.0072535996385276,0.0672482845141278,False,0.02,False,False,exploratory,ABC_sign_acc_strong,L4,False,0.8684444444444445,contrasts_abc.csv,,0.8706675191815856
B,UNCERT_vs_MAXMIN_sign_acc_strong,sign_acc_strong,MAXMIN,UNCERT,0.1067125106209235,0.0377745240683969,0.1999950974726377,0.0138296067699655,0.1809338291081134,0.001,0.0440848288192698,0.1234375206939554,0.1494788446232215,86,58,4,5,0.0929154205860051,0.1584191092036267,True,0.02,True,True,exploratory,ABC_sign_acc_strong,L4,True,0.0033333333333333,contrasts_abc.csv,,0.004484536082474227
B,MAXMIN_vs_RANDOM_sign_acc_strong,sign_acc_strong,RANDOM,MAXMIN,-0.0992940210270868,-0.1304490726299273,-0.0601652077192185,-0.1392363306057155,-0.067114994082459,0.0,0.0175699583008041,0.0491958832422517,-0.0891319682033512,86,12,0,5,-0.1034494071412517,-0.0870972638685763,True,0.02,False,False,exploratory,ABC_sign_acc_strong,L4,True,0.0,contrasts_abc.csv,,0.0
B,AOPT_vs_RANDOM_mae_far,mae_far,RANDOM,AOPT,-0.0196458017085138,-0.089229897892338,0.0601924430595905,-0.1198344590508142,0.0483268053332009,0.7816,0.0439242218529603,0.122987821188289,0.030741469050858,88,45,2,5,-0.0283639571529824,0.0394045784298913,False,0.02,False,False,exploratory,ABC_mae_far,L4,False,0.8684444444444445,contrasts_abc.csv,,0.8706675191815856
B,AOPT_vs_MAXMIN_mae_far,mae_far,MAXMIN,AOPT,-0.0034498935488465,-0.0635223822417859,0.0770922286184733,-0.0848943275246607,0.0589933806955427,0.961,0.0382796016620044,0.1071828846536125,0.042737343538579,88,38,3,5,-0.0188167318457374,0.0440546161884701,False,0.02,False,False,exploratory,ABC_mae_far,L4,False,0.961,contrasts_abc.csv,,0.972174418604651
B,UNCERT_vs_RANDOM_mae_far,mae_far,RANDOM,UNCERT,-0.0551981535025101,-0.1078322383458573,0.0171744873110081,-0.1241221122722469,0.0029951093624637,0.1856,0.0338267077603139,0.094714781728879,-0.0204954980492888,88,26,2,5,-0.0687728033633756,-0.0164867456766404,True,0.02,False,False,exploratory,ABC_mae_far,L4,True,0.3453023255813953,contrasts_abc.csv,,0.3350041493775933
B,UNCERT_vs_MAXMIN_mae_far,mae_far,MAXMIN,UNCERT,-0.0390022453428429,-0.087615976365545,0.0295070498880856,-0.0977083316466024,0.018075577839633,0.2842,0.0304911304448376,0.0853751652455452,-0.0084996235615678,88,30,2,5,-0.0501749451617128,-0.0118367079180617,True,0.02,False,False,exploratory,ABC_mae_far,L4,True,0.45472,contrasts_abc.csv,,0.4665169811320755
B,MAXMIN_vs_RANDOM_mae_far,mae_far,RANDOM,MAXMIN,-0.0161959081596672,-0.0402233590865453,0.0192088549570209,-0.0444435275670753,0.0138795233300895,0.3544,0.0151987073483754,0.0425563805754512,-0.0119958744877209,88,42,1,5,-0.0203766872224327,-0.0046500377585787,True,0.02,False,False,exploratory,ABC_mae_far,L4,True,0.5250370370370371,contrasts_abc.csv,,0.5505857142857142
B,AOPT_vs_RANDOM_pair_spearman,pair_spearman,RANDOM,AOPT,-0.0449236397438501,-0.1543749870081296,0.0900574341675077,-0.1974833869008218,0.0675974487628449,0.7354,0.0708031093953164,0.1982487063068859,0.0435263368836744,84,43,2,5,-0.0597558908081201,0.0505789945955755,False,0.02,False,False,exploratory,ABC_pair_spearman,L4,False,0.8619130434782608,contrasts_abc.csv,,0.853064
B,AOPT_vs_MAXMIN_pair_spearman,pair_spearman,MAXMIN,AOPT,-0.0039569826076409,-0.1013958316834654,0.1360670383871899,-0.1273631483907538,0.1040265126428376,0.947,0.0637786916086599,0.1785803365042478,0.0679970552944079,84,34,3,5,-0.0341578453503716,0.0730950595665464,False,0.02,False,False,exploratory,ABC_pair_spearman,L4,False,0.9593924050632912,contrasts_abc.csv,,0.9674154929577465
B,UNCERT_vs_RANDOM_pair_spearman,pair_spearman,RANDOM,UNCERT,-0.0731796748438525,-0.192513023870948,0.0807407432617505,-0.2438986620098574,0.051869064221296,0.5718,0.0769142973627345,0.2153600326156566,0.0152572196488364,84,39,2,5,-0.0951746461928427,0.0263302464671461,False,0.02,False,False,exploratory,ABC_pair_spearman,L4,False,0.72075,contrasts_abc.csv,,0.7560273556231002
B,UNCERT_vs_MAXMIN_pair_spearman,pair_spearman,MAXMIN,UNCERT,-0.0322130177076432,-0.1375286908581419,0.108305265116489,-0.1776084925866342,0.081299446148107,0.7626,0.0672951757041908,0.1884264919717342,0.0397279380595699,84,41,2,5,-0.0490168723712681,0.048846311438117,False,0.02,False,False,exploratory,ABC_pair_spearman,L4,False,0.8684444444444445,contrasts_abc.csv,,0.8706675191815856
B,MAXMIN_vs_RANDOM_pair_spearman,pair_spearman,RANDOM,MAXMIN,-0.0409666571362092,-0.085499594475087,0.0230488520787768,-0.093418771022819,0.0139315979178425,0.2034,0.0277339969783401,0.0776551915393523,-0.0244707184107335,84,35,1,5,-0.0493668538330843,-0.0225160649709708,True,0.02,False,False,exploratory,ABC_pair_spearman,L4,True,0.3640888888888889,contrasts_abc.csv,,0.36068016194331987
BR,AOPT_vs_RANDOM,mae_all,RANDOM,AOPT,0.0234521579422703,0.0135497401462173,0.0359322916159785,0.0139496038290129,0.0365565319567722,0.0,0.005645814592945,0.015808280860246,0.0237646822504275,90,72,5,5,0.0206381586146915,0.0255300781658329,True,0.02,True,True,registered,ABC_mae_all,L4,True,0.0,contrasts_abc.csv,,0.0
BR,AOPT_vs_MAXMIN,mae_all,MAXMIN,AOPT,0.0417216590642302,0.0148296614655136,0.0600755213841255,0.0195567582218147,0.0636748737161799,0.0014,0.0116049584467709,0.0324938836509585,0.0344623086240651,90,65,5,5,0.0322159136845297,0.044871918941556,True,0.02,True,True,registered,ABC_mae_all,L4,True,0.0046666666666666,contrasts_abc.csv,,0.005970588235294117
BR,UNCERT_vs_RANDOM,mae_all,RANDOM,UNCERT,-0.0040808719101528,-0.0240360150799938,0.0224625711126687,-0.0225895345083324,0.0244256649901189,0.711,0.0117504264302671,0.032901194004748,0.0001439833521216,90,36,3,5,-0.0113053983417183,0.0006682979490086,False,0.02,False,False,registered,ABC_mae_all,L4,False,0.942888888888889,contrasts_abc.csv,,0.8439
BR,UNCERT_vs_MAXMIN,mae_all,MAXMIN,UNCERT,0.0141886292118069,-0.01949629734542,0.0389241722265443,-0.0177936556879167,0.0400649959954975,0.3602,0.0147720207852798,0.0413616581987835,0.0108416097257592,90,45,3,5,0.0073541334677054,0.0184485896563172,True,0.02,False,False,registered,ABC_mae_all,L4,True,0.7204,contrasts_abc.csv,,0.5556276595744681
BR,MAXMIN_vs_RANDOM,mae_all,RANDOM,MAXMIN,-0.0182695011219598,-0.0354780739527076,0.0066699364238092,-0.0399102628043135,0.0017977343184944,0.1804,0.0110974658028182,0.0310729042478912,-0.0106976263736375,90,36,0,5,-0.0209613232937251,-0.0066858355186967,True,0.02,False,False,exploratory,ABC_mae_all,L4,True,0.3436190476190476,contrasts_abc.csv,,0.32834309623430963
BR,AOPT_vs_RANDOM_sign_acc_strong,sign_acc_strong,RANDOM,AOPT,0.072621287143434,0.0472388338201036,0.0981633351943656,0.0458966489741587,0.0971333597371915,0.0,0.0125867217667374,0.0352428209468649,0.0740961235246123,86,74,5,5,0.0672058943227254,0.078492939104899,True,0.02,True,True,exploratory,ABC_sign_acc_strong,L4,True,0.0,contrasts_abc.csv,,0.0
BR,AOPT_vs_MAXMIN_sign_acc_strong,sign_acc_strong,MAXMIN,AOPT,0.1879724030338265,0.1319786630550846,0.2273029823516765,0.1412861047751825,0.2372497525268833,0.0,0.0240592621955268,0.067365934147475,0.1709609789824858,86,79,5,5,0.1725152219233851,0.1947139421324511,True,0.02,True,True,exploratory,ABC_sign_acc_strong,L4,True,0.0,contrasts_abc.csv,,0.0
BR,UNCERT_vs_RANDOM_sign_acc_strong,sign_acc_strong,RANDOM,UNCERT,0.0473909470459035,0.0088121716973491,0.1039648531887456,-0.0016581534082942,0.0918981352370012,0.0098,0.0254286446019811,0.0712002048855472,0.0751751414406413,86,47,4,5,0.0371405391298272,0.0757764478286157,True,0.02,False,False,exploratory,ABC_sign_acc_strong,L4,True,0.0252903225806451,contrasts_abc.csv,,0.031116788321167883
BR,UNCERT_vs_MAXMIN_sign_acc_strong,sign_acc_strong,MAXMIN,UNCERT,0.162742062936296,0.1244631760830951,0.2115810177200893,0.1245903529896883,0.2119827541445826,0.0,0.0225159392084789,0.063044629783741,0.1720399968985148,86,74,5,5,0.1519702975047983,0.1747877199732398,True,0.02,True,True,exploratory,ABC_sign_acc_strong,L4,True,0.0,contrasts_abc.csv,,0.0
BR,MAXMIN_vs_RANDOM_sign_acc_strong,sign_acc_strong,RANDOM,MAXMIN,-0.1153511158903925,-0.1445827542782352,-0.0698476438585119,-0.1510398210858607,-0.0781615977771029,0.0,0.0193862894398007,0.0542816104314419,-0.0968648554578734,86,11,0,5,-0.1196220544942381,-0.099011272144624,True,0.02,False,False,exploratory,ABC_sign_acc_strong,L4,True,0.0,contrasts_abc.csv,,0.0
BR,AOPT_vs_RANDOM_mae_far,mae_far,RANDOM,AOPT,0.037729765353837,0.0213042631109313,0.059058876428644,0.021768544469909,0.0595331608646196,0.0,0.0094780595791569,0.0265385668216395,0.0389066145765304,88,71,5,5,0.0332351678045466,0.0416097245957399,True,0.02,True,True,exploratory,ABC_mae_far,L4,True,0.0,contrasts_abc.csv,,0.0
BR,AOPT_vs_MAXMIN_mae_far,mae_far,MAXMIN,AOPT,0.0693688739598063,0.0254273975150084,0.0991344895860329,0.0329865148866633,0.1046796255213134,0.001,0.0189061657253546,0.0529372640309929,0.0596480180992921,88,65,5,5,0.0540403446535493,0.074724571803743,True,0.02,True,True,exploratory,ABC_mae_far,L4,True,0.0032,contrasts_abc.csv,,0.00435
BR,UNCERT_vs_RANDOM_mae_far,mae_far,RANDOM,UNCERT,-0.011199913113901,-0.0382788833791572,0.02576864345129,-0.0372707466665387,0.0274727002983943,0.4884,0.0161115579357954,0.0451123622202273,-0.0029837937913932,88,34,3,5,-0.0201634545696752,-0.0040552472328211,True,0.02,False,False,exploratory,ABC_mae_far,L4,True,0.6622372881355932,contrasts_abc.csv,,0.6853354838709678
BR,UNCERT_vs_MAXMIN_mae_far,mae_far,MAXMIN,UNCERT,0.0204391954920682,-0.031521970362457,0.0564589347317997,-0.0291040274104983,0.058200306723055,0.3812,0.0223041298880573,0.0624515636865605,0.0177576097313683,88,46,3,5,0.0083753728249882,0.0273906274991983,True,0.02,False,False,exploratory,ABC_mae_far,L4,True,0.5445714285714286,contrasts_abc.csv,,0.5777770034843206
BR,MAXMIN_vs_RANDOM_mae_far,mae_far,RANDOM,MAXMIN,-0.0316391086059693,-0.0597024496293956,0.0094634755448875,-0.0669728358627246,0.0014246032039144,0.1586,0.0182204033776134,0.0510171294573177,-0.0207414035227616,88,35,0,5,-0.0360630636693368,-0.0124306200578094,True,0.02,False,False,exploratory,ABC_mae_far,L4,True,0.3172,contrasts_abc.csv,,0.2999608695652174
BR,AOPT_vs_RANDOM_pair_spearman,pair_spearman,RANDOM,AOPT,0.0519520606073416,0.0181599603172316,0.0902928316502869,0.0167908178330024,0.0888565854169965,0.0068,0.0179511765400985,0.0502632943122758,0.0566357875270794,84,62,4,5,0.044806787207529,0.059293297585888,True,0.02,True,True,exploratory,ABC_pair_spearman,L4,True,0.0181333333333333,contrasts_abc.csv,,0.022240601503759398
BR,AOPT_vs_MAXMIN_pair_spearman,pair_spearman,MAXMIN,AOPT,0.114425476006276,0.036155483120941,0.1671543582442896,0.0487322324994561,0.1781996174126142,0.0022,0.0336193512157266,0.0941341834040346,0.0925205754199042,84,60,5,5,0.0895382299548889,0.121899896954409,True,0.02,True,True,exploratory,ABC_pair_spearman,L4,True,0.0065185185185185,contrasts_abc.csv,,0.008861111111111111
BR,UNCERT_vs_RANDOM_pair_spearman,pair_spearman,RANDOM,UNCERT,0.0030335059789806,-0.0564726792202031,0.0916539348671203,-0.0732241389027251,0.0722134213276297,0.8582,0.0398186200401476,0.1114921361124134,0.0473512713111102,84,40,3,5,-0.0125701688222078,0.0491484046638876,False,0.02,False,False,exploratory,ABC_pair_spearman,L4,False,0.9277837837837836,contrasts_abc.csv,,0.9172407862407863
BR,UNCERT_vs_MAXMIN_pair_spearman,pair_spearman,MAXMIN,UNCERT,0.065506921377915,0.0138780016413749,0.1314134006390217,0.011862485799031,0.1282553655964116,0.0144,0.0295555938494552,0.0827556627784747,0.0832360592039349,84,62,3,5,0.0530431386224752,0.0816107533604874,True,0.02,True,False,exploratory,ABC_pair_spearman,L4,True,0.0338823529411764,contrasts_abc.csv,,0.04261224489795919
BR,MAXMIN_vs_RANDOM_pair_spearman,pair_spearman,RANDOM,MAXMIN,-0.0624734153989343,-0.1086828322761588,0.0107168144844077,-0.119548755864504,-0.0030560567347356,0.1052,0.0314204529477393,0.0879772682536703,-0.0358847878928247,84,30,0,5,-0.070022834135065,-0.0324623486965997,True,0.02,False,False,exploratory,ABC_pair_spearman,L4,True,0.2214736842105263,contrasts_abc.csv,,0.21585849056603773
BQ,AOPT_vs_RANDOM,mae_all,RANDOM,AOPT,-0.0033717201208693,-0.0374693531359781,0.0355452101732191,-0.0520950751802193,0.0290848938053581,0.9738,0.0209534047825484,0.0586695333911356,0.0184879696876077,90,48,3,5,-0.007057201866494,0.0241274712620722,False,0.02,False,False,registered,ABC_mae_all,L4,False,0.9852,contrasts_abc.csv,,0.9805625
BQ,AOPT_vs_MAXMIN,mae_all,MAXMIN,AOPT,0.0102729891478684,-0.0136473858038728,0.0439321703477767,-0.0201906021181893,0.0364714780965412,0.4342,0.0151832072005554,0.0425129801615552,0.0246674981500246,90,43,4,5,0.0031871800321865,0.0271545739589833,True,0.02,False,False,registered,ABC_mae_all,L4,True,0.7636666666666666,contrasts_abc.csv,,0.6338154362416106
BQ,UNCERT_vs_RANDOM,mae_all,RANDOM,UNCERT,0.003460481622222,-0.0297813607059143,0.0275366836322493,-0.0286274164686736,0.0287295343295664,0.8032,0.0146002556724533,0.0408807158828692,0.0006425237015836,90,41,4,5,-0.0041080375241427,0.009377769031565,False,0.02,False,False,registered,ABC_mae_all,L4,False,0.942888888888889,contrasts_abc.csv,,0.8823030303030303
BQ,UNCERT_vs_MAXMIN,mae_all,MAXMIN,UNCERT,0.0171051908909598,-0.0316807541353728,0.0469683025057793,-0.0231802398276349,0.0515552314201313,0.4582,0.0204463307127516,0.0572497259957044,0.0068220521640005,90,48,4,5,-0.0010809348272316,0.0260962917818414,False,0.02,False,False,registered,ABC_mae_all,L4,False,0.7636666666666666,contrasts_abc.csv,,0.6556480263157894
BQ,MAXMIN_vs_RANDOM,mae_all,RANDOM,MAXMIN,-0.0136447092687377,-0.0306185754467462,0.0118003290310809,-0.0344226878612107,0.0069777232452728,0.3146,0.0110767120095711,0.0310147936267993,-0.0061795284624168,90,37,0,5,-0.0167185227502763,-0.003027102696911,True,0.02,False,False,exploratory,ABC_mae_all,L4,True,0.484,contrasts_abc.csv,,0.5049852398523985
BQ,AOPT_vs_RANDOM_sign_acc_strong,sign_acc_strong,RANDOM,AOPT,0.0300791920785195,-0.0199237173082099,0.094313143254595,-0.0399891269329931,0.0818828257086733,0.2648,0.0319988787919755,0.0895968606175314,0.0636134511368047,86,52,4,5,0.0226107718075597,0.0709155244519287,True,0.02,False,False,exploratory,ABC_sign_acc_strong,L4,True,0.4323265306122448,contrasts_abc.csv,,0.43964885496183204
BQ,AOPT_vs_MAXMIN_sign_acc_strong,sign_acc_strong,MAXMIN,AOPT,0.1297150771355245,0.0878324435917415,0.195730058235611,0.0845267490499555,0.1887976207581745,0.0,0.02807118846689,0.0785993277072921,0.1463982918509146,86,80,5,5,0.1105310423845132,0.1553632379793499,True,0.02,True,True,exploratory,ABC_sign_acc_strong,L4,True,0.0,contrasts_abc.csv,,0.0
BQ,UNCERT_vs_RANDOM_sign_acc_strong,sign_acc_strong,RANDOM,UNCERT,0.059912556661896,0.0251422293073175,0.1028842887231874,0.0221924193440049,0.0995793351022516,0.0018,0.0194391155015709,0.0544295234043987,0.0757789194699032,86,62,4,5,0.0530373009716031,0.0683614763996073,True,0.02,True,True,exploratory,ABC_sign_acc_strong,L4,True,0.0055384615384615,contrasts_abc.csv,,0.007528846153846154
BQ,UNCERT_vs_MAXMIN_sign_acc_strong,sign_acc_strong,MAXMIN,UNCERT,0.159548441718901,0.1036698268929182,0.1991311478759447,0.0983316623595235,0.1960811142490328,0.0,0.0237402346494155,0.0664726570183634,0.158563760184013,86,78,5,5,0.1506366315338651,0.1729552184666733,True,0.02,True,True,exploratory,ABC_sign_acc_strong,L4,True,0.0,contrasts_abc.csv,,0.0
BQ,MAXMIN_vs_RANDOM_sign_acc_strong,sign_acc_strong,RANDOM,MAXMIN,-0.0996358850570049,-0.1316039327939687,-0.0514454731835819,-0.1386291347140122,-0.0601047335508268,0.0,0.0203705190079936,0.0570374532223822,-0.0827848407141098,86,14,0,5,-0.1047993945476832,-0.0844477135274212,True,0.02,False,False,exploratory,ABC_sign_acc_strong,L4,True,0.0,contrasts_abc.csv,,0.0
BQ,AOPT_vs_RANDOM_mae_far,mae_far,RANDOM,AOPT,-0.0067911464383217,-0.0607214311870579,0.0560313718246002,-0.0837230281679233,0.0456776475265246,0.9388,0.0336113126718346,0.0941116754811369,0.0282283826365856,88,48,3,5,-0.0127764398123389,0.0375131331258919,False,0.02,False,False,exploratory,ABC_mae_far,L4,False,0.9593924050632912,contrasts_abc.csv,,0.9674154929577465
BQ,AOPT_vs_MAXMIN_mae_far,mae_far,MAXMIN,AOPT,0.0184426701108612,-0.0196510979432782,0.0731377826941703,-0.0296019769552137,0.0607889318530548,0.3778,0.0244306634120039,0.0684058575536111,0.0430063549480439,88,42,4,5,0.0068945213040931,0.0457230203849415,True,0.02,False,False,exploratory,ABC_mae_far,L4,True,0.5445714285714286,contrasts_abc.csv,,0.5746258741258742
BQ,UNCERT_vs_RANDOM_mae_far,mae_far,RANDOM,UNCERT,0.0014916243918479,-0.0496903929698789,0.0362563861787074,-0.046857091531064,0.037971362670943,0.9474,0.0218892706792958,0.0612899579020282,-0.0039152044698715,88,38,3,5,-0.0121682461774139,0.0108639930250025,False,0.02,False,False,exploratory,ABC_mae_far,L4,False,0.9593924050632912,contrasts_abc.csv,,0.9674154929577465
BQ,UNCERT_vs_MAXMIN_mae_far,mae_far,MAXMIN,UNCERT,0.0267254409410308,-0.0518299423742313,0.0745492230272212,-0.0358588883622767,0.0837937040110629,0.477,0.0326764744661816,0.0914941285053086,0.0108627678415868,88,47,4,5,-0.0039583589183643,0.0412132204060382,False,0.02,False,False,exploratory,ABC_mae_far,L4,False,0.6579310344827586,contrasts_abc.csv,,0.673685064935065
BQ,MAXMIN_vs_RANDOM_mae_far,mae_far,RANDOM,MAXMIN,-0.0252338165491829,-0.0524756255397954,0.0163305710196716,-0.0584118376500608,0.0081585308508763,0.2466,0.0178862023548575,0.0500813665936012,-0.0147779723114583,88,34,0,5,-0.0303492273810357,-0.0082098872590495,True,0.02,False,False,exploratory,ABC_mae_far,L4,True,0.411,contrasts_abc.csv,,0.4157790697674419
BQ,AOPT_vs_RANDOM_pair_spearman,pair_spearman,RANDOM,AOPT,-0.0240836316460354,-0.1143103098273787,0.0882300408042872,-0.1524778757982876,0.0686991340987606,0.8018,0.0584599218909355,0.1636877812946196,0.0455332969786642,84,45,3,5,-0.0347416987922093,0.053997836415141,False,0.02,False,False,exploratory,ABC_pair_spearman,L4,False,0.8786849315068492,contrasts_abc.csv,,0.8823030303030303
BQ,AOPT_vs_MAXMIN_pair_spearman,pair_spearman,MAXMIN,AOPT,0.0348230765348863,-0.0267952784319142,0.1293918738590959,-0.0371227397699105,0.1105543404592669,0.3136,0.0407405060893203,0.1140734170500969,0.0707106361021394,84,41,4,5,0.012011131488831,0.0781166748643054,True,0.02,False,False,exploratory,ABC_pair_spearman,L4,True,0.484,contrasts_abc.csv,,0.5049852398523985
BQ,UNCERT_vs_RANDOM_pair_spearman,pair_spearman,RANDOM,UNCERT,0.0084622385335611,-0.0429303623768197,0.0780510787280277,-0.047983347555949,0.0717818763157123,0.7434,0.0302630900143768,0.0847366520402553,0.0375029312616413,84,37,3,5,-0.0041268995856919,0.025269395080039,False,0.02,False,False,exploratory,ABC_pair_spearman,L4,False,0.8619130434782608,contrasts_abc.csv,,0.8598461538461538
BQ,UNCERT_vs_MAXMIN_pair_spearman,pair_spearman,MAXMIN,UNCERT,0.0673689467144829,-0.0238825816388613,0.1209086822790772,-0.0370619755660727,0.1160697713765796,0.118,0.0368427910642101,0.1031598149797884,0.0626802703851166,84,59,4,5,0.0493882335292034,0.092116911886524,True,0.02,False,False,exploratory,ABC_pair_spearman,L4,True,0.242051282051282,contrasts_abc.csv,,0.23763888888888887
BQ,MAXMIN_vs_RANDOM_pair_spearman,pair_spearman,RANDOM,MAXMIN,-0.0589067081809218,-0.1100461033161257,0.0222538791747063,-0.1216890100843716,0.0074056808399646,0.1802,0.035137678781479,0.0983855005881413,-0.0251773391234752,84,31,0,5,-0.0689906062235661,-0.0241188384491643,True,0.02,False,False,exploratory,ABC_pair_spearman,L4,True,0.3436190476190476,contrasts_abc.csv,,0.32834309623430963
A,AOPT_vs_RANDOM,mae_all,RANDOM,AOPT,0.0367464942577537,0.020355966225097,0.0503655965693927,0.0212849635592327,0.0510854038200139,0.0,0.0074971586283339,0.0209920441593349,0.0351510448235346,90,73,5,5,0.0341099834341064,0.0386428890206514,True,0.02,True,True,registered,ABC_mae_all,L4,True,0.0,contrasts_abc.csv,,0.0
A,AOPT_vs_MAXMIN,mae_all,MAXMIN,AOPT,0.0530262470701211,0.018826055618105,0.0769539507619964,0.0262869060294865,0.0843626797337854,0.0008,0.0154502399824176,0.0432606719507693,0.0409730182360103,90,66,5,5,0.0359852155651009,0.0563134203537736,True,0.02,True,True,registered,ABC_mae_all,L4,True,0.0032,contrasts_abc.csv,,0.0037021276595744683
A,UNCERT_vs_RANDOM,mae_all,RANDOM,UNCERT,-0.0180168616572235,-0.0367463579629918,-0.0013559279123193,-0.0347623957689704,0.0006179365946315,0.0358,0.0088077739542461,0.0246617670718891,-0.0232799498344671,90,34,0,5,-0.0232836484470616,-0.0157641305866249,True,0.02,False,False,registered,ABC_mae_all,L4,True,0.1022857142857142,contrasts_abc.csv,,0.0905406976744186
A,UNCERT_vs_MAXMIN,mae_all,MAXMIN,UNCERT,-0.0017371088448561,-0.038501884376995,0.0217253576202585,-0.0294802714558282,0.0282628031682154,0.837,0.0156408630624348,0.0437944165748176,-0.0174579764219914,90,37,2,5,-0.0176643107992345,0.0016499195934072,False,0.02,False,False,registered,ABC_mae_all,L4,False,0.942888888888889,contrasts_abc.csv,,0.9034615384615384
A,MAXMIN_vs_RANDOM,mae_all,RANDOM,MAXMIN,-0.0162797528123673,-0.0360964598886529,0.010654040221097,-0.0424261703683418,0.0050191366523291,0.3352,0.012629533082782,0.0353626926317897,-0.0058219734124757,90,42,0,5,-0.019278771455576,-0.0014888786159603,True,0.02,False,False,exploratory,ABC_mae_all,L4,True,0.5059622641509434,contrasts_abc.csv,,0.528304347826087
A,AOPT_vs_RANDOM_sign_acc_strong,sign_acc_strong,RANDOM,AOPT,0.0833581048456329,0.0499936139053837,0.108626151532412,0.0479992764568178,0.1077340400085538,0.0,0.0148815444865732,0.041668324562405,0.0793926411036097,86,74,5,5,0.0786576883622562,0.0894133998589643,True,0.02,True,True,exploratory,ABC_sign_acc_strong,L4,True,0.0,contrasts_abc.csv,,0.0
A,AOPT_vs_MAXMIN_sign_acc_strong,sign_acc_strong,MAXMIN,AOPT,0.2035045953582799,0.1431326010610696,0.2415926280494434,0.1560481818760595,0.2494979210578761,0.0,0.0255517412784493,0.0715448755796582,0.1837434135480905,86,79,5,5,0.1782253933615075,0.2101369613089391,True,0.02,True,True,exploratory,ABC_sign_acc_strong,L4,True,0.0,contrasts_abc.csv,,0.0
A,UNCERT_vs_RANDOM_sign_acc_strong,sign_acc_strong,RANDOM,UNCERT,0.023968140382233,-0.0022326320618959,0.057370148286721,-0.0039248420619358,0.0555496895228123,0.0728,0.0151226218262825,0.0423433411135911,0.0214541792121353,86,55,4,5,0.0178617420981268,0.0329612530419887,True,0.02,False,False,exploratory,ABC_sign_acc_strong,L4,True,0.1574054054054054,contrasts_abc.csv,,0.15523529411764708
A,UNCERT_vs_MAXMIN_sign_acc_strong,sign_acc_strong,MAXMIN,UNCERT,0.14411463089488,0.0988032646637043,0.1715076525767118,0.1022417091491227,0.1731543060479932,0.0,0.0184411922469437,0.0516353382914424,0.1258049516566161,86,77,5,5,0.1325289580412401,0.1506670796262479,True,0.02,True,True,exploratory,ABC_sign_acc_strong,L4,True,0.0,contrasts_abc.csv,,0.0
A,MAXMIN_vs_RANDOM_sign_acc_strong,sign_acc_strong,RANDOM,MAXMIN,-0.1201464905126469,-0.1504086864957335,-0.0748054260229117,-0.1578781091714355,-0.0828554322779089,0.0,0.0200107061681524,0.0560299772708267,-0.1043507724444808,86,12,0,5,-0.125245547296769,-0.0995677049992514,True,0.02,False,False,exploratory,ABC_sign_acc_strong,L4,True,0.0,contrasts_abc.csv,,0.0
A,AOPT_vs_RANDOM_mae_far,mae_far,RANDOM,AOPT,0.0555525092766197,0.0285761940238637,0.0767023735130549,0.0295505440409721,0.077535233262702,0.0002,0.0120335118469181,0.0336938331713708,0.0518559960857355,88,70,5,5,0.0510550988981287,0.0589131907609168,True,0.02,True,True,exploratory,ABC_mae_far,L4,True,0.0007272727272727,contrasts_abc.csv,,0.0010116279069767443
A,AOPT_vs_MAXMIN_mae_far,mae_far,MAXMIN,AOPT,0.0860723946751354,0.0294197448234609,0.1252180782006848,0.0419546681378063,0.1373891539965006,0.0008,0.0254823444793869,0.0713505645422834,0.0668881516676331,88,66,5,5,0.0577323295673978,0.0916399095752425,True,0.02,True,True,exploratory,ABC_mae_far,L4,True,0.0027826086956521,contrasts_abc.csv,,0.0036631578947368426
A,UNCERT_vs_RANDOM_mae_far,mae_far,RANDOM,UNCERT,-0.0308742467953729,-0.0581195934121906,-0.0071336417046288,-0.0564238910998294,-0.0059397384651458,0.0132,0.0126247044040639,0.0353491723313789,-0.036927065346057,88,34,0,5,-0.0371170459959092,-0.0273364982568494,True,0.02,False,False,exploratory,ABC_mae_far,L4,True,0.032,contrasts_abc.csv,,0.04015384615384615
A,UNCERT_vs_MAXMIN_mae_far,mae_far,MAXMIN,UNCERT,-0.0003543613968572,-0.057483424632089,0.0368009954104687,-0.0433712407841021,0.0488856444397829,0.9034,0.0247364078191997,0.0692619418937593,-0.0218949097641595,88,38,3,5,-0.0261812480269932,0.0045439409579671,False,0.02,False,False,exploratory,ABC_mae_far,L4,False,0.9509473684210524,contrasts_abc.csv,,0.9492246376811594
A,MAXMIN_vs_RANDOM_mae_far,mae_far,RANDOM,MAXMIN,-0.0305198853985157,-0.0620554092487799,0.0126800700357231,-0.0723507694022026,0.0038037594697114,0.24,0.0202733713013204,0.0567654396436973,-0.0150321555818975,88,39,0,5,-0.0349335270217814,-0.0066772306692691,True,0.02,False,False,exploratory,ABC_mae_far,L4,True,0.4085106382978723,contrasts_abc.csv,,0.40781249999999997
A,AOPT_vs_RANDOM_pair_spearman,pair_spearman,RANDOM,AOPT,0.0816407407216329,0.0322597008256443,0.1186427397376034,0.0333022764715345,0.1197213370127561,0.0022,0.0216041895184964,0.06049173065179,0.073209177264128,84,66,5,5,0.0730432326378656,0.0889020228271894,True,0.02,True,True,exploratory,ABC_pair_spearman,L4,True,0.0062857142857142,contrasts_abc.csv,,0.008779816513761468
A,AOPT_vs_MAXMIN_pair_spearman,pair_spearman,MAXMIN,AOPT,0.1579772030441026,0.0628955784190898,0.2217568206750883,0.0835009404728444,0.2402338871472467,0.0,0.04218818564397,0.1181269198031161,0.1194486017542454,84,61,5,5,0.1106845222094217,0.16528616802572,True,0.02,True,True,exploratory,ABC_pair_spearman,L4,True,0.0,contrasts_abc.csv,,0.0
A,UNCERT_vs_RANDOM_pair_spearman,pair_spearman,RANDOM,UNCERT,-0.031058105345935,-0.0678656759513114,0.0186044343357375,-0.0712971203609716,0.0140947800896784,0.2094,0.0222266886283199,0.0622347281592959,-0.0289296930053598,84,36,2,5,-0.0387709084614044,-0.0165183938364997,True,0.02,False,False,exploratory,ABC_pair_spearman,L4,True,0.3641739130434782,contrasts_abc.csv,,0.3658192771084337
A,UNCERT_vs_MAXMIN_pair_spearman,pair_spearman,MAXMIN,UNCERT,0.0452783569765347,-0.0283858102864458,0.0889432404282264,-0.0180923578639513,0.0945064118770758,0.2048,0.0300189669719758,0.0840531075215324,0.0173097314847575,84,54,4,5,0.0211228957350563,0.0557079504206751,True,0.02,False,False,exploratory,ABC_pair_spearman,L4,True,0.3640888888888889,contrasts_abc.csv,,0.36068016194331987
A,MAXMIN_vs_RANDOM_pair_spearman,pair_spearman,RANDOM,MAXMIN,-0.0763364623224697,-0.127275712915741,0.0001721170582016,-0.1426970098326805,-0.0158171865443883,0.0504,0.0341721710801136,0.0956820790243182,-0.0462394244901173,84,32,0,5,-0.0835139887429218,-0.037641289571556,True,0.02,False,False,exploratory,ABC_pair_spearman,L4,True,0.112,contrasts_abc.csv,,0.1185081081081081
BP,AOPT_vs_RANDOM,mae_all,RANDOM,AOPT,0.0500653184175216,0.0271535949536361,0.0662252339898734,0.0325068500343376,0.0718239216345821,0.0,0.0104436054018553,0.029242095125195,0.0393214510644854,90,75,5,5,0.0380146279794162,0.0520666738022732,True,0.02,True,True,registered,ABC_mae_all,L4,True,0.0,contrasts_abc.csv,,0.0
BP,AOPT_vs_MAXMIN,mae_all,MAXMIN,AOPT,0.0582086101520989,0.0151201422531502,0.0919924836408498,0.0234369436510123,0.1039856089677328,0.0002,0.021121411425971,0.0591399519927189,0.0420791529591571,90,69,5,5,0.0323615798765543,0.0644747395693817,True,0.02,True,True,registered,ABC_mae_all,L4,True,0.001,contrasts_abc.csv,,0.0010357142857142859
BP,UNCERT_vs_RANDOM,mae_all,RANDOM,UNCERT,-0.0108938243736635,-0.0408059490681353,0.0318217812106469,-0.0466422206593633,0.0247855843527013,0.6496,0.019193837867716,0.053742746029605,0.0042439266846895,90,42,2,5,-0.020810017157195,0.0078390100367622,False,0.02,False,False,registered,ABC_mae_all,L4,False,0.942888888888889,contrasts_abc.csv,,0.81375
BP,UNCERT_vs_MAXMIN,mae_all,MAXMIN,UNCERT,-0.0027505326390862,-0.0279160051354693,0.0247548085332936,-0.0303844979778911,0.0223809913837336,0.8486,0.0132471360724821,0.0370919810029501,0.0070016285793611,90,35,3,5,-0.0068460244633207,0.0042088990309184,False,0.02,False,False,registered,ABC_mae_all,L4,False,0.942888888888889,contrasts_abc.csv,,0.9094285714285715
BP,MAXMIN_vs_RANDOM,mae_all,RANDOM,MAXMIN,-0.0081432917345772,-0.0286332818873897,0.020527767707547,-0.0332398382933055,0.0152940351640987,0.6362,0.0129830381956613,0.0363525069478519,-0.0027577018946716,90,36,2,5,-0.0139639926938742,0.0056530481028618,False,0.02,False,False,exploratory,ABC_mae_all,L4,False,0.7830153846153847,contrasts_abc.csv,,0.8039304347826087
BP,AOPT_vs_RANDOM_sign_acc_strong,sign_acc_strong,RANDOM,AOPT,0.1018999819422245,0.05962302165287,0.1273133067973541,0.0681245143453888,0.1324622702527911,0.0,0.0175823765091836,0.049230654225714,0.0883993312769204,86,74,5,5,0.084693572756277,0.1090877933036607,True,0.02,True,True,exploratory,ABC_sign_acc_strong,L4,True,0.0,contrasts_abc.csv,,0.0
BP,AOPT_vs_MAXMIN_sign_acc_strong,sign_acc_strong,MAXMIN,AOPT,0.1682244460619257,0.0893440964156921,0.2235043464282279,0.1040258809890679,0.2364902600274428,0.0,0.0358916212426195,0.1004965394793348,0.140480843425776,86,72,5,5,0.1285587265229046,0.1803722876271996,True,0.02,True,True,exploratory,ABC_sign_acc_strong,L4,True,0.0,contrasts_abc.csv,,0.0
BP,UNCERT_vs_RANDOM_sign_acc_strong,sign_acc_strong,RANDOM,UNCERT,0.0538807211120239,0.0046139719897382,0.1219412934983021,-0.0096436129441411,0.1085256269257813,0.0312,0.0313337926038467,0.0877346192907708,0.0817139913042859,86,53,4,5,0.0424849933951211,0.0876099433978284,True,0.02,False,False,exploratory,ABC_sign_acc_strong,L4,True,0.0713142857142857,contrasts_abc.csv,,0.08326380368098159
BP,UNCERT_vs_MAXMIN_sign_acc_strong,sign_acc_strong,MAXMIN,UNCERT,0.1202051852317251,0.0763373742578825,0.1754948020556297,0.0780976452018562,0.1784659495282926,0.0,0.024941294801027,0.0698356254428757,0.1337955034531416,86,76,5,5,0.1040793809947209,0.131475097164456,True,0.02,True,True,exploratory,ABC_sign_acc_strong,L4,True,0.0,contrasts_abc.csv,,0.0
BP,MAXMIN_vs_RANDOM_sign_acc_strong,sign_acc_strong,RANDOM,MAXMIN,-0.0663244641197011,-0.1020326395517387,-0.014148460339393,-0.1084539406321093,-0.0220123099523851,0.006,0.0232310297064769,0.0650468831781355,-0.0520815121488556,86,20,0,5,-0.0770426707888669,-0.0438651537666275,True,0.02,False,False,exploratory,ABC_sign_acc_strong,L4,True,0.016551724137931,contrasts_abc.csv,,0.020076923076923076
BP,AOPT_vs_RANDOM_mae_far,mae_far,RANDOM,AOPT,0.0802606109664781,0.0434050283206419,0.1057747462654241,0.0518104114220641,0.1151250551679773,0.0,0.0166662899511172,0.0466656118631283,0.0635395475700111,88,74,5,5,0.0610187663441073,0.083576057093877,True,0.02,True,True,exploratory,ABC_mae_far,L4,True,0.0,contrasts_abc.csv,,0.0
BP,AOPT_vs_MAXMIN_mae_far,mae_far,MAXMIN,AOPT,0.0956901925908521,0.0267815962219254,0.1492381165109048,0.0398453587555321,0.1685253218630505,0.0,0.0337230264219024,0.0944244739813268,0.0696582101741095,88,66,5,5,0.0540373238757761,0.1047924945464748,True,0.02,True,True,exploratory,ABC_mae_far,L4,True,0.0,contrasts_abc.csv,,0.0
BP,UNCERT_vs_RANDOM_mae_far,mae_far,RANDOM,UNCERT,-0.0227400693991077,-0.0676377025521283,0.0399155837144871,-0.0771023359933336,0.0294315098374271,0.5144,0.0283055996368376,0.0792556789831454,-0.0012700635155374,88,42,2,5,-0.036212829635691,0.0051356495971175,False,0.02,False,False,exploratory,ABC_mae_far,L4,False,0.6746229508196722,contrasts_abc.csv,,0.7081139240506329
BP,UNCERT_vs_MAXMIN_mae_far,mae_far,MAXMIN,UNCERT,-0.0073104877747337,-0.0484134905394159,0.0345205310943303,-0.0517455252234726,0.0315082857983157,0.7128,0.0206094488252633,0.0577064567107373,0.0048485990885609,88,35,3,5,-0.0142304842822672,0.0038078271490768,False,0.02,False,False,exploratory,ABC_mae_far,L4,False,0.8511044776119403,contrasts_abc.csv,,0.8439
BP,MAXMIN_vs_RANDOM_mae_far,mae_far,RANDOM,MAXMIN,-0.0154295816243739,-0.0477212815284546,0.0294700434986105,-0.0558138093092348,0.0212210121145289,0.5766,0.0205847430946695,0.0576372806650748,-0.0061186626040983,88,33,2,5,-0.0231132894417894,0.0069814424683311,False,0.02,False,False,exploratory,ABC_mae_far,L4,False,0.72075,contrasts_abc.csv,,0.7600636363636364
BP,AOPT_vs_RANDOM_pair_spearman,pair_spearman,RANDOM,AOPT,0.1039819345585408,0.0405994678743275,0.1459132221647366,0.0556307040304732,0.15865908265029,0.0002,0.027971836175898,0.0783211412925144,0.0814664082334779,84,70,5,5,0.0718869867696424,0.1125560098968525,True,0.02,True,True,exploratory,ABC_pair_spearman,L4,True,0.0007272727272727,contrasts_abc.csv,,0.0010875000000000001
BP,AOPT_vs_MAXMIN_pair_spearman,pair_spearman,MAXMIN,AOPT,0.1325019093498224,0.0175910127890808,0.2157660598013725,0.0401730483360373,0.2443428896327553,0.013,0.0544706249305056,0.1525177498054157,0.0865937708060978,84,60,5,5,0.0656596473515227,0.1475239523542325,True,0.02,True,True,exploratory,ABC_pair_spearman,L4,True,0.032,contrasts_abc.csv,,0.039823943661971825
BP,UNCERT_vs_RANDOM_pair_spearman,pair_spearman,RANDOM,UNCERT,-0.0110393287956557,-0.0859834649236641,0.0955733314387203,-0.1060625708027634,0.0744717604265948,0.8966,0.0480995537147601,0.1346787504013283,0.0323749847687324,84,42,2,5,-0.0286044240951994,0.0401521085350163,False,0.02,False,False,exploratory,ABC_pair_spearman,L4,False,0.9509473684210524,contrasts_abc.csv,,0.9443607748184019
BP,UNCERT_vs_MAXMIN_pair_spearman,pair_spearman,MAXMIN,UNCERT,0.0174806459956258,-0.0464491681089305,0.0911172311979878,-0.0533163234342725,0.084123717188774,0.5616,0.0345697804650173,0.0967953853020485,0.0375023473413523,84,45,4,5,0.0045076078316878,0.0363555212744987,True,0.02,False,False,exploratory,ABC_pair_spearman,L4,True,0.72075,contrasts_abc.csv,,0.754
BP,MAXMIN_vs_RANDOM_pair_spearman,pair_spearman,RANDOM,MAXMIN,-0.0285199747912816,-0.0766889314593393,0.0432894873703922,-0.0888123114495942,0.0300139235135446,0.4994,0.0320851615415878,0.089838452316446,-0.0051273625726198,84,34,2,5,-0.0409496825346276,0.0062273394181197,False,0.02,False,False,exploratory,ABC_pair_spearman,L4,False,0.6658666666666666,contrasts_abc.csv,,0.6962788461538462
B,AOPT_vs_RANDOM_k6_mae_all,mae_all,RANDOM,AOPT,-0.0174943538858931,-0.0779656357571249,0.0532258680375565,-0.1047124154308857,0.0420071151133824,0.787,0.0378685711007988,0.1060319990822366,0.0216848432406649,90,42,2,5,-0.0243824361128029,0.0318331656042218,False,0.02,False,False,exploratory,budget6_mae_all,L4,False,0.8616788321167884,contrasts_per_budget.csv,6.0,0.8722137404580154
B,AOPT_vs_MAXMIN_k6_mae_all,mae_all,MAXMIN,AOPT,-0.0325937653876268,-0.0682244057158887,0.0208589104941358,-0.0758730341664182,0.0112448641928584,0.2306,0.0230900315726203,0.064652088403337,-0.0109292875577352,90,34,2,5,-0.0407525145732449,-0.0125868052721548,True,0.02,False,False,exploratory,budget6_mae_all,L4,True,0.3915254237288135,contrasts_per_budget.csv,6.0,0.3956102362204724
B,UNCERT_vs_RANDOM_k6_mae_all,mae_all,RANDOM,UNCERT,-0.0340105071337216,-0.0963477941838313,0.0501766821063799,-0.1157477875914681,0.0338428562564529,0.5324,0.0395037298180193,0.1106104434904542,-0.0004258730858099,90,37,2,5,-0.0481321591340965,0.0112197884660033,False,0.02,False,False,exploratory,budget6_mae_all,L4,False,0.7162331838565023,contrasts_per_budget.csv,6.0,0.7214766355140186
B,UNCERT_vs_MAXMIN_k6_mae_all,mae_all,MAXMIN,UNCERT,-0.0491099186354553,-0.0876236207926954,0.0034645778853557,-0.0925965623780511,-0.0025447303701702,0.0674,0.0231488062604811,0.064816657529347,-0.03304000388421,90,31,2,5,-0.0565466061329496,-0.0332001824103733,True,0.02,False,False,exploratory,budget6_mae_all,L4,True,0.1444285714285714,contrasts_per_budget.csv,6.0,0.146595
B,MAXMIN_vs_RANDOM_k6_mae_all,mae_all,RANDOM,MAXMIN,0.0150994115017337,-0.0226501856168022,0.062482257646332,-0.0371970333622504,0.053222245648251,0.4456,0.0235469190238555,0.0659313732667956,0.0326141307984001,90,49,4,5,0.0084144469988531,0.0444199708763767,True,0.02,False,False,exploratory,budget6_mae_all,L4,True,0.6335545023696683,contrasts_per_budget.csv,6.0,0.6418410596026489
B,AOPT_vs_RANDOM_k6_sign_acc_strong,sign_acc_strong,RANDOM,AOPT,0.1326637295656146,0.0174844123801457,0.273051714800705,-0.0286747967030013,0.2488270492656107,0.022,0.0722602268239306,0.2023286351070059,0.1898747410656306,86,56,4,5,0.1144689477520279,0.2254428605284814,True,0.02,False,False,exploratory,budget6_sign_acc_strong,L4,True,0.0634615384615384,contrasts_per_budget.csv,6.0,0.06095541401273886
B,AOPT_vs_MAXMIN_k6_sign_acc_strong,sign_acc_strong,MAXMIN,AOPT,0.4409708042166151,0.345837950785799,0.5767750189609318,0.3225694641446227,0.5505673016740545,0.0,0.0614078815836462,0.1719420684342096,0.4775487993130712,86,82,5,5,0.4111412151234851,0.5092115083177381,True,0.02,True,True,exploratory,budget6_sign_acc_strong,L4,True,0.0,contrasts_per_budget.csv,6.0,0.0
B,UNCERT_vs_RANDOM_k6_sign_acc_strong,sign_acc_strong,RANDOM,UNCERT,0.1114400848140386,0.0087751377145103,0.2512141455118499,-0.0281664324238726,0.2223640648195817,0.0302,0.0662122054222427,0.1853941751822797,0.1714225091459916,86,46,4,5,0.0937577094728223,0.1905690053843523,True,0.02,False,False,exploratory,budget6_sign_acc_strong,L4,True,0.0831192660550458,contrasts_per_budget.csv,6.0,0.08109259259259259
B,UNCERT_vs_MAXMIN_k6_sign_acc_strong,sign_acc_strong,MAXMIN,UNCERT,0.4197471594650391,0.3427822683655453,0.5247376408250762,0.3171720559246943,0.5035167441264345,0.0,0.0489798993275019,0.1371437181170054,0.4590965673934321,86,81,5,5,0.4077194702584781,0.4743376531736089,True,0.02,True,True,exploratory,budget6_sign_acc_strong,L4,True,0.0,contrasts_per_budget.csv,6.0,0.0
B,MAXMIN_vs_RANDOM_k6_sign_acc_strong,sign_acc_strong,RANDOM,MAXMIN,-0.3083070746510005,-0.3482882847372808,-0.2485780589398084,-0.3550710649074448,-0.2574864044856549,0.0,0.0263267252102581,0.0737148305887228,-0.2876740582474406,86,0,0,5,-0.3201606641800326,-0.2837686477892566,True,0.02,False,False,exploratory,budget6_sign_acc_strong,L4,True,0.0,contrasts_per_budget.csv,6.0,0.0
B,AOPT_vs_RANDOM_k9_mae_all,mae_all,RANDOM,AOPT,-0.0301643935446174,-0.0935704773413683,0.044361710342425,-0.1197954849712886,0.0315086125204847,0.69,0.0393963982419258,0.1103099150773923,0.0171151711751142,90,40,3,5,-0.0378760055329947,0.0215357357455513,False,0.02,False,False,exploratory,budget9_mae_all,L4,False,0.8238910505836576,contrasts_per_budget.csv,9.0,0.8421123287671233
B,AOPT_vs_MAXMIN_k9_mae_all,mae_all,MAXMIN,AOPT,-0.0298867523583839,-0.0741569303383989,0.0332004526708239,-0.0864506222747734,0.0189721251649227,0.404,0.0282491606062621,0.0790976496975339,0.0024158540630499,90,34,3,5,-0.0419493339148058,0.001488124283219,False,0.02,False,False,exploratory,budget9_mae_all,L4,False,0.5970443349753695,contrasts_per_budget.csv,9.0,0.5997952218430035
B,UNCERT_vs_RANDOM_k9_mae_all,mae_all,RANDOM,UNCERT,-0.0674065000801324,-0.1288741760497713,0.0103019981584826,-0.1534006437579042,-0.0049343129693152,0.1196,0.0382811066189076,0.1071870985329414,-0.0348121082043347,90,30,2,5,-0.0800882843480316,-0.0203203591264498,True,0.02,False,False,exploratory,budget9_mae_all,L4,True,0.2345454545454545,contrasts_per_budget.csv,9.0,0.23865137614678897
B,UNCERT_vs_MAXMIN_k9_mae_all,mae_all,MAXMIN,UNCERT,-0.0671288588938988,-0.1080632324434722,-0.0122992602822485,-0.120295030052973,-0.0225915427421136,0.0108,0.0254403601316301,0.0712330083685643,-0.0495114253163991,90,24,1,5,-0.0761496115959439,-0.040367970588782,True,0.02,False,False,exploratory,budget9_mae_all,L4,True,0.036,contrasts_per_budget.csv,9.0,0.03379856115107914
B,MAXMIN_vs_RANDOM_k9_mae_all,mae_all,RANDOM,MAXMIN,-0.0002776411862335,-0.0274414738154386,0.0375999179949954,-0.0361088133909733,0.0296323124634494,0.9232,0.0175410932061572,0.0491150609772402,0.0146993171120644,90,46,3,5,-0.0040977105916383,0.0200476114623322,False,0.02,False,False,exploratory,budget9_mae_all,L4,False,0.9436734693877552,contrasts_per_budget.csv,9.0,0.9555534441805225
B,AOPT_vs_RANDOM_k9_sign_acc_strong,sign_acc_strong,RANDOM,AOPT,0.0132382991618497,-0.0751199291823739,0.1276220034886905,-0.1105385408170927,0.1058266215534608,0.717,0.0563143370204347,0.1576801436572172,0.0816062646907219,86,45,3,5,-0.0011297970471909,0.0850846610154971,False,0.02,False,False,exploratory,budget9_sign_acc_strong,L4,False,0.8274999999999999,contrasts_per_budget.csv,9.0,0.8439
B,AOPT_vs_MAXMIN_k9_sign_acc_strong,sign_acc_strong,MAXMIN,AOPT,0.1347941644378526,0.0635264758533823,0.2392413517924047,0.0501327390368164,0.2206843591216637,0.0,0.0461615882274834,0.1292524470369536,0.1681234895589529,86,59,3,5,0.1099993201630872,0.1824699942345597,True,0.02,True,False,exploratory,budget9_sign_acc_strong,L4,True,0.0,contrasts_per_budget.csv,9.0,0.0
B,UNCERT_vs_RANDOM_k9_sign_acc_strong,sign_acc_strong,RANDOM,UNCERT,-0.0639090453431758,-0.1784861843217269,0.0804408324368573,-0.228308179270505,0.0540260483165885,0.6074,0.0728177740186432,0.2038897672522011,0.0133031065983408,86,39,2,5,-0.0821013704103062,0.0295800153978973,False,0.02,False,False,exploratory,budget9_sign_acc_strong,L4,False,0.768860759493671,contrasts_per_budget.csv,9.0,0.7794070796460176
B,UNCERT_vs_MAXMIN_k9_sign_acc_strong,sign_acc_strong,MAXMIN,UNCERT,0.057646819932827,-0.0338481899979632,0.1792549062222222,-0.0676846997734585,0.1544636204017635,0.2484,0.0581526124548613,0.1628273148736118,0.0998203314665718,86,51,3,5,0.0346114467675326,0.12696534861696,True,0.02,False,False,exploratory,budget9_sign_acc_strong,L4,True,0.414,contrasts_per_budget.csv,9.0,0.4171969111969112
B,MAXMIN_vs_RANDOM_k9_sign_acc_strong,sign_acc_strong,RANDOM,MAXMIN,-0.1215558652760028,-0.1577250191040469,-0.0608484975460358,-0.1671269328639105,-0.0739260787616497,0.0,0.0254316830212048,0.0712087124593735,-0.0865172248682309,86,14,0,5,-0.1274345458186216,-0.0973853332190627,True,0.02,False,False,exploratory,budget9_sign_acc_strong,L4,True,0.0,contrasts_per_budget.csv,9.0,0.0
B,AOPT_vs_RANDOM_k12_mae_all,mae_all,RANDOM,AOPT,-0.0185914779796434,-0.0821447186839959,0.0546463622090103,-0.1097105786013904,0.0429479903195875,0.777,0.0398108654753795,0.1114704233310626,0.0247592846361192,90,46,3,5,-0.0255181358681239,0.0344429868100056,False,0.02,False,False,exploratory,budget12_mae_all,L4,False,0.8574264705882353,contrasts_per_budget.csv,12.0,0.8706675191815856
B,AOPT_vs_MAXMIN_k12_mae_all,mae_all,MAXMIN,AOPT,0.0090019900741727,-0.0405924627059622,0.0729185658029298,-0.0582198114368243,0.059790921503776,0.682,0.0312912223129895,0.0876154224763706,0.0429250102727548,90,48,3,5,-0.0015031076318355,0.0482551786020931,False,0.02,False,False,exploratory,budget12_mae_all,L4,False,0.8216867469879519,contrasts_per_budget.csv,12.0,0.8380508474576271
B,UNCERT_vs_RANDOM_k12_mae_all,mae_all,RANDOM,UNCERT,-0.0615290562163332,-0.1334247270539235,0.0225744059370436,-0.1631136615241537,0.0088409242893769,0.3052,0.0442753684152614,0.1239710315627319,-0.0107289176226211,90,30,2,5,-0.0748176021948583,-0.0041816051462326,True,0.02,False,False,exploratory,budget12_mae_all,L4,True,0.492192513368984,contrasts_per_budget.csv,12.0,0.49570522388059696
B,UNCERT_vs_MAXMIN_k12_mae_all,mae_all,MAXMIN,UNCERT,-0.033935588162517,-0.0924098928414682,0.040281735883309,-0.114335639490878,0.0260385062366116,0.52,0.0365598983468743,0.1023677153712482,0.0074368080140144,90,34,2,5,-0.0458448604335821,0.0096305866458548,False,0.02,False,False,exploratory,budget12_mae_all,L4,False,0.7116216216216216,contrasts_per_budget.csv,12.0,0.7135646687697161
B,MAXMIN_vs_RANDOM_k12_mae_all,mae_all,RANDOM,MAXMIN,-0.0275934680538161,-0.0481273841097218,0.0033555430143705,-0.0534919765066391,-0.0031857363149051,0.0854,0.0134940224085229,0.0377832627438642,-0.0181657256366356,90,27,1,5,-0.0316291381168437,-0.0138121917920874,True,0.02,False,False,exploratory,budget12_mae_all,L4,True,0.1754794520547945,contrasts_per_budget.csv,12.0,0.17946376811594203
B,AOPT_vs_RANDOM_k12_sign_acc_strong,sign_acc_strong,RANDOM,AOPT,-0.0322994041057756,-0.1277444646651463,0.0868244809705904,-0.1663566944212585,0.0661376067294279,0.7678,0.0612632141384037,0.1715369995875305,0.0360919547307285,86,39,3,5,-0.0483901243408036,0.0485079922798305,False,0.02,False,False,exploratory,budget12_sign_acc_strong,L4,False,0.8562825278810409,contrasts_per_budget.csv,12.0,0.8706675191815856
B,AOPT_vs_MAXMIN_k12_sign_acc_strong,sign_acc_strong,MAXMIN,AOPT,0.0370521000067552,-0.0292448894338044,0.1381417038471382,-0.0410901836555317,0.1203728195031225,0.321,0.0443963641787188,0.1243098197004127,0.0757837663865442,86,37,3,5,0.0116225034467229,0.0844038039562738,True,0.02,False,False,exploratory,budget12_sign_acc_strong,L4,True,0.5095238095238095,contrasts_per_budget.csv,12.0,0.5114835164835164
B,UNCERT_vs_RANDOM_k12_sign_acc_strong,sign_acc_strong,RANDOM,UNCERT,-0.0741133087761758,-0.2158286544223002,0.0859695404208021,-0.2806280393043076,0.0651575271306025,0.7168,0.0894296714171086,0.2504030799679041,0.0344816725131211,86,41,2,5,-0.0943361409978535,0.0466519311349479,False,0.02,False,False,exploratory,budget12_sign_acc_strong,L4,False,0.8274999999999999,contrasts_per_budget.csv,12.0,0.8439
B,UNCERT_vs_MAXMIN_k12_sign_acc_strong,sign_acc_strong,MAXMIN,UNCERT,-0.0047618046636449,-0.1128315498841514,0.1307466199821858,-0.1599841636727105,0.1045616794175562,0.9556,0.0685104023286675,0.191829126520269,0.0741734841689368,86,46,2,5,-0.0218624907454568,0.0825477428113912,False,0.02,False,False,exploratory,budget12_sign_acc_strong,L4,False,0.962013422818792,contrasts_per_budget.csv,12.0,0.9689650349650349
B,MAXMIN_vs_RANDOM_k12_sign_acc_strong,sign_acc_strong,RANDOM,MAXMIN,-0.0693515041125309,-0.1151087824504312,0.0003139241731605,-0.1288424290587067,-0.0140077608584822,0.0512,0.0306207804252791,0.0857381851907816,-0.0396918116558156,86,27,1,5,-0.0760157951613068,-0.0358958116764432,True,0.02,False,False,exploratory,budget12_sign_acc_strong,L4,True,0.1181538461538461,contrasts_per_budget.csv,12.0,0.11974193548387098
B,AOPT_vs_RANDOM_k16_mae_all,mae_all,RANDOM,AOPT,-0.0243794965632904,-0.0838501343934913,0.0473843672250524,-0.1114461345697767,0.0353005242183472,0.7252,0.0377795376635865,0.1057827054580422,0.0260327234787705,90,53,3,5,-0.0304607406173698,0.0254916755688437,False,0.02,False,False,exploratory,budget16_mae_all,L4,False,0.8274999999999999,contrasts_per_budget.csv,16.0,0.8469705882352941
B,AOPT_vs_MAXMIN_k16_mae_all,mae_all,MAXMIN,AOPT,-0.0105824717671481,-0.0766969403173041,0.0728616912985679,-0.1040072567244166,0.0561383015454929,0.9106,0.0416087756091258,0.1165045717055522,0.0455846173132198,90,51,3,5,-0.0234449288606285,0.0427168550515934,False,0.02,False,False,exploratory,budget16_mae_all,L4,False,0.9436734693877552,contrasts_per_budget.csv,16.0,0.9544843373493975
B,UNCERT_vs_RANDOM_k16_mae_all,mae_all,RANDOM,UNCERT,-0.026610808118802,-0.0550516312566196,0.0129617222786569,-0.0578192093772116,0.0088649991459348,0.1886,0.0173995823597315,0.0487188306072482,-0.0117246335340892,90,26,2,5,-0.0351612271215227,-0.0132356175305408,True,0.02,False,False,exploratory,budget16_mae_all,L4,True,0.334792899408284,contrasts_per_budget.csv,16.0,0.33901239669421485
B,UNCERT_vs_MAXMIN_k16_mae_all,mae_all,MAXMIN,UNCERT,-0.0128137833226597,-0.0528929405311948,0.0389346168349965,-0.0589886356845998,0.0326987961450694,0.6318,0.023496012320513,0.0657888344974365,0.0078272603003599,90,29,2,5,-0.02134403928313,0.0039895619522088,False,0.02,False,False,exploratory,budget16_mae_all,L4,False,0.7864730290456432,contrasts_per_budget.csv,16.0,0.801262390670554
B,MAXMIN_vs_RANDOM_k16_mae_all,mae_all,RANDOM,MAXMIN,-0.0137970247961423,-0.0388902302529802,0.0060365466586167,-0.0421049018776365,0.0039817544355953,0.1698,0.0113383872482741,0.0317474842951675,-0.0195518938344492,90,44,1,5,-0.0173165396197837,-0.0066929108627621,True,0.02,False,False,exploratory,budget16_mae_all,L4,True,0.3068674698795181,contrasts_per_budget.csv,16.0,0.31297881355932206
B,AOPT_vs_RANDOM_k16_sign_acc_strong,sign_acc_strong,RANDOM,AOPT,-0.0636418262610646,-0.157842182063064,0.0617411113596512,-0.1964295250732628,0.0371713806944565,0.5264,0.0617035136405399,0.1727698381935119,0.0304557204797944,86,42,2,5,-0.0756097531669678,0.0157603354869919,False,0.02,False,False,exploratory,budget16_sign_acc_strong,L4,False,0.7116216216216216,contrasts_per_budget.csv,16.0,0.7158468749999999
B,AOPT_vs_MAXMIN_k16_sign_acc_strong,sign_acc_strong,MAXMIN,AOPT,-0.0170992414559144,-0.1247764381908303,0.1371908784013694,-0.1582241922389329,0.1029826565442198,0.9202,0.0707498942519673,0.1980997039055084,0.0822207697619317,86,33,3,5,-0.0483439123244288,0.0678629062791333,False,0.02,False,False,exploratory,budget16_sign_acc_strong,L4,False,0.9436734693877552,contrasts_per_budget.csv,16.0,0.9553389021479715
B,UNCERT_vs_RANDOM_k16_sign_acc_strong,sign_acc_strong,RANDOM,UNCERT,0.0035089562408322,-0.0505766802819895,0.0778000781913124,-0.0662835457298692,0.0639435253845085,0.8412,0.0347041672703061,0.0971716683568573,0.0369046998683595,86,48,4,5,-0.0090431926021866,0.0423682879296158,False,0.02,False,False,exploratory,budget16_sign_acc_strong,L4,False,0.8948936170212766,contrasts_per_budget.csv,16.0,0.9057475247524752
B,UNCERT_vs_MAXMIN_k16_sign_acc_strong,sign_acc_strong,MAXMIN,UNCERT,0.0500515410459823,-0.0225788179093235,0.1566953551377784,-0.0336089856321395,0.1400716877833346,0.2084,0.0465655577467083,0.1303835616907834,0.0886697491504968,86,42,4,5,0.0238431788651102,0.0944708587217573,True,0.02,False,False,exploratory,budget16_sign_acc_strong,L4,True,0.3634883720930232,contrasts_per_budget.csv,16.0,0.36554032258064517
B,MAXMIN_vs_RANDOM_k16_sign_acc_strong,sign_acc_strong,RANDOM,MAXMIN,-0.0465425848051501,-0.1019868750430902,-0.0056744740689447,-0.1189628985587636,-0.0126479875451238,0.0262,0.0242284297291467,0.067839603241611,-0.0517650492821372,86,32,0,5,-0.0521025707921414,-0.0272658408425389,True,0.02,False,False,exploratory,budget16_sign_acc_strong,L4,True,0.0741509433962264,contrasts_per_budget.csv,16.0,0.07167924528301887
B,AOPT_vs_RANDOM_k20_mae_all,mae_all,RANDOM,AOPT,0.0076132245689731,-0.018436374587974,0.0305862360029532,-0.029825081069756,0.0254778000364601,0.4862,0.0124174270416538,0.0347687957166308,0.0127438303915621,90,60,2,5,0.0037207673109078,0.0179579941662929,True,0.02,False,False,exploratory,budget20_mae_all,L4,True,0.6784186046511629,contrasts_per_budget.csv,20.0,0.6844563106796117
B,AOPT_vs_MAXMIN_k20_mae_all,mae_all,MAXMIN,AOPT,0.0087265334591285,-0.0199843962647346,0.0384021465133847,-0.0305385866566111,0.0324640434888281,0.498,0.0148407675519107,0.0415541491453501,0.0206896454563186,90,59,3,5,0.0023536382319586,0.0206218933006543,True,0.02,False,False,exploratory,budget20_mae_all,L4,True,0.6916666666666667,contrasts_per_budget.csv,20.0,0.6962788461538462
B,UNCERT_vs_RANDOM_k20_mae_all,mae_all,RANDOM,UNCERT,-0.0037561920221072,-0.0349735186688094,0.0208541263383724,-0.0323606453494344,0.0222731798164473,0.7586,0.0139316300498388,0.0390085641395486,-0.0045023755705981,90,44,3,5,-0.0111407852091611,0.0008032648934372,False,0.02,False,False,exploratory,budget20_mae_all,L4,False,0.8523595505617978,contrasts_per_budget.csv,20.0,0.8706675191815856
B,UNCERT_vs_MAXMIN_k20_mae_all,mae_all,MAXMIN,UNCERT,-0.0026428831319518,-0.0368125555420511,0.0259672941622722,-0.0382374265255026,0.0250514994499285,0.8676,0.0156517600286603,0.0438249280802488,0.0034434394941582,90,49,3,5,-0.0084768860747997,0.004815200529105,False,0.02,False,False,exploratory,budget20_mae_all,L4,False,0.913263157894737,contrasts_per_budget.csv,20.0,0.9227530562347188
B,MAXMIN_vs_RANDOM_k20_mae_all,mae_all,RANDOM,MAXMIN,-0.0011133088901554,-0.0179545716738157,0.0117148560727271,-0.0178564718862014,0.0117665060850906,0.8716,0.007452767897075,0.0208677501118101,-0.0079458150647564,90,47,2,5,-0.0044894925595039,0.0025331161188274,False,0.02,False,False,exploratory,budget20_mae_all,L4,False,0.9142657342657344,contrasts_per_budget.csv,20.0,0.9247463414634147
B,AOPT_vs_RANDOM_k20_sign_acc_strong,sign_acc_strong,RANDOM,AOPT,-0.0010637645151672,-0.0713122845304314,0.043505689719716,-0.0869880752527659,0.0391169783416642,0.9712,0.0301665810172034,0.0844664268481696,0.0059112873446634,86,65,2,5,-0.0176013687929598,0.0237658875899325,False,0.02,False,False,exploratory,budget20_sign_acc_strong,L4,False,0.9744481605351172,contrasts_per_budget.csv,20.0,0.980213457076566
B,AOPT_vs_MAXMIN_k20_sign_acc_strong,sign_acc_strong,MAXMIN,AOPT,0.010192849398393,-0.0647896546573982,0.066347091106742,-0.0900225816343139,0.0569522524871957,0.703,0.0338404295193055,0.0947532026540555,0.0280050993447655,86,58,3,5,-0.0047021991706292,0.0380308199732261,False,0.02,False,False,exploratory,budget20_sign_acc_strong,L4,False,0.8238910505836576,contrasts_per_budget.csv,20.0,0.8421123287671233
B,UNCERT_vs_RANDOM_k20_sign_acc_strong,sign_acc_strong,RANDOM,UNCERT,0.0322720159154397,-0.0005163527977637,0.0793423771182064,-0.0016190550378029,0.0773293119902621,0.0552,0.0205604131254912,0.0575691567513756,0.048831214795665,86,68,4,5,0.0214253768122175,0.046121095145918,True,0.02,False,False,exploratory,budget20_sign_acc_strong,L4,True,0.1240298507462686,contrasts_per_budget.csv,20.0,0.12617277486910994
B,UNCERT_vs_MAXMIN_k20_sign_acc_strong,sign_acc_strong,MAXMIN,UNCERT,0.043528629829,-0.0014644410662287,0.1072929257527789,-0.0070067648538795,0.0997271716681217,0.0616,0.0279770620802881,0.0783357738248069,0.0709250267957672,86,60,5,5,0.0311337647922732,0.0644939781293706,True,0.02,False,False,exploratory,budget20_sign_acc_strong,L4,True,0.1343478260869565,contrasts_per_budget.csv,20.0,0.13646192893401016
B,MAXMIN_vs_RANDOM_k20_sign_acc_strong,sign_acc_strong,RANDOM,MAXMIN,-0.0112566139135603,-0.0448539473989463,0.0120855984262925,-0.0472203063852585,0.0107745816449623,0.4024,0.0145827276074799,0.0408316373009439,-0.0220938120001021,86,39,2,5,-0.0183728829834526,-0.0018874273020385,True,0.02,False,False,exploratory,budget20_sign_acc_strong,L4,True,0.5970443349753695,contrasts_per_budget.csv,20.0,0.5994657534246575
B,AOPT_vs_RANDOM_k24_mae_all,mae_all,RANDOM,AOPT,0.0115728672313106,-0.0065790268595706,0.0366027909676361,-0.0103006223194467,0.0318146334020706,0.2452,0.0113768185167925,0.0318550918470191,0.0120067609353999,90,55,5,5,0.0055256081743736,0.0236726609638205,True,0.02,False,False,exploratory,budget24_mae_all,L4,True,0.4109497206703911,contrasts_per_budget.csv,24.0,0.41502723735408564
B,AOPT_vs_MAXMIN_k24_mae_all,mae_all,MAXMIN,AOPT,0.0322295736615541,-0.0011879039277686,0.077588778517476,-0.0100989674709919,0.068742354660897,0.0624,0.0211781795232691,0.0592989026651534,0.0391894044177414,90,60,5,5,0.0216611170882566,0.0560736085786167,True,0.02,False,False,exploratory,budget24_mae_all,L4,True,0.1346762589928057,contrasts_per_budget.csv,24.0,0.13709090909090907
B,UNCERT_vs_RANDOM_k24_mae_all,mae_all,RANDOM,UNCERT,0.0070624360028836,-0.0197921177039959,0.0276699763108463,-0.0179712994347856,0.0289366487600792,0.5704,0.0119182204583904,0.0333710172834932,0.0098019717525782,90,41,4,5,0.0011684000997859,0.0101106408114782,True,0.02,False,False,exploratory,budget24_mae_all,L4,True,0.7472489082969432,contrasts_per_budget.csv,24.0,0.7560273556231002
B,UNCERT_vs_MAXMIN_k24_mae_all,mae_all,MAXMIN,UNCERT,0.0277191424331271,-0.0013296110563328,0.0633063996444692,0.0009116535858646,0.06726058392321,0.0618,0.0163564475147362,0.0457980530412615,0.0369846152349198,90,44,5,5,0.0187226943800709,0.0335693477145821,True,0.02,False,False,exploratory,budget24_mae_all,L4,True,0.1343478260869565,contrasts_per_budget.csv,24.0,0.13646192893401016
B,MAXMIN_vs_RANDOM_k24_mae_all,mae_all,RANDOM,MAXMIN,-0.0206567064302435,-0.0484340487955023,-0.000925785098756,-0.0442124048146325,0.0015994578337591,0.0356,0.0124338257099041,0.0348147119877317,-0.0271826434823415,90,42,0,5,-0.0324009476147962,-0.0154814580646443,True,0.02,False,False,exploratory,budget24_mae_all,L4,True,0.0912820512820512,contrasts_per_budget.csv,24.0,0.0905406976744186
B,AOPT_vs_RANDOM_k24_sign_acc_strong,sign_acc_strong,RANDOM,AOPT,0.009643673342122,-0.0158627002433888,0.0449194424527709,-0.0149129289115351,0.0464295734702057,0.522,0.0156832601788709,0.0439131285008387,0.0036781146178636,86,64,3,5,-0.0009442658570248,0.0190409254262037,False,0.02,False,False,exploratory,budget24_sign_acc_strong,L4,False,0.7116216216216216,contrasts_per_budget.csv,24.0,0.7140566037735849
B,AOPT_vs_MAXMIN_k24_sign_acc_strong,sign_acc_strong,MAXMIN,AOPT,0.0483941567463986,-0.000369138684777,0.120254668456248,-0.0048421550974455,0.1117595444036594,0.0528,0.031799862622554,0.0890396153431512,0.0507279677842444,86,58,5,5,0.0312721880403262,0.0785406271028405,True,0.02,False,False,exploratory,budget24_sign_acc_strong,L4,True,0.12,contrasts_per_budget.csv,24.0,0.12152380952380952
B,UNCERT_vs_RANDOM_k24_sign_acc_strong,sign_acc_strong,RANDOM,UNCERT,0.035312234712061,0.0061925616664418,0.0795648727619698,0.00477416159717,0.0770870865077708,0.014,0.018953466160804,0.0530697052502514,0.0571380555977436,86,67,5,5,0.0267760198941405,0.0481993720920355,True,0.02,True,True,exploratory,budget24_sign_acc_strong,L4,True,0.0446808510638297,contrasts_per_budget.csv,24.0,0.04171232876712329
B,UNCERT_vs_MAXMIN_k24_sign_acc_strong,sign_acc_strong,MAXMIN,UNCERT,0.0740627181163376,0.018081599464712,0.1560301204152065,0.0091862179953484,0.1432656229959656,0.0036,0.0360653319370153,0.1009829294236429,0.1041879087641245,86,57,5,5,0.0589924737914916,0.1076990737686722,True,0.02,True,True,exploratory,budget24_sign_acc_strong,L4,True,0.0136708860759493,contrasts_per_budget.csv,24.0,0.012836065573770492
B,MAXMIN_vs_RANDOM_k24_sign_acc_strong,sign_acc_strong,RANDOM,MAXMIN,-0.0387504834042766,-0.0918400494375209,-0.0028641042126093,-0.0871769838012662,0.000400109555666,0.03,0.0232484378091574,0.0650956258656408,-0.0470498531663808,86,47,0,5,-0.0594997016766367,-0.0256163026976187,True,0.02,False,False,exploratory,budget24_sign_acc_strong,L4,True,0.0831192660550458,contrasts_per_budget.csv,24.0,0.081055900621118
BR,AOPT_vs_RANDOM_k6_mae_all,mae_all,RANDOM,AOPT,0.0649670614605754,0.0033334717872166,0.1101558751807974,0.0172017066313707,0.1280992034676212,0.0352,0.0289371265750143,0.0810239544100401,0.0342098948447188,90,58,5,5,0.0302851967862691,0.0715479973292837,True,0.02,True,True,exploratory,budget6_mae_all,L4,True,0.0910344827586207,contrasts_per_budget.csv,6.0,0.09007058823529412
BR,AOPT_vs_MAXMIN_k6_mae_all,mae_all,MAXMIN,AOPT,0.0487758441125242,-0.05010179739681,0.1256454817462407,-0.0306774253641791,0.1562944234638988,0.5022,0.0483824096416036,0.1354707469964902,0.0067634310132355,90,51,4,5,-0.0108693418393717,0.0607974569334247,False,0.02,False,False,exploratory,budget6_mae_all,L4,False,0.6942857142857143,contrasts_per_budget.csv,6.0,0.6979456869009585
BR,UNCERT_vs_RANDOM_k6_mae_all,mae_all,RANDOM,UNCERT,0.0059316272061536,-0.028648008920159,0.0551851734355766,-0.0296594196528163,0.0533354166406399,0.772,0.0216139064155102,0.0605189379634285,0.0117560037054921,90,38,3,5,-0.006615682940691,0.0206583478041785,False,0.02,False,False,exploratory,budget6_mae_all,L4,False,0.8574264705882353,contrasts_per_budget.csv,6.0,0.8706675191815856
BR,UNCERT_vs_MAXMIN_k6_mae_all,mae_all,MAXMIN,UNCERT,-0.0102595901418975,-0.0528506941435439,0.0209030621094636,-0.0517931383092793,0.0217621928868736,0.5508,0.0188849467184273,0.0528778508115965,-0.0156904601259911,90,41,2,5,-0.0204961908214624,-0.0049875904649969,True,0.02,False,False,exploratory,budget6_mae_all,L4,True,0.7376785714285713,contrasts_per_budget.csv,6.0,0.7440931677018633
BR,MAXMIN_vs_RANDOM_k6_mae_all,mae_all,RANDOM,MAXMIN,0.0161912173480511,-0.0172359274303019,0.0590283439944884,-0.0281462906157396,0.0502943743840098,0.3664,0.0206702923701675,0.0578768186364691,0.0274464638314833,90,51,4,5,0.0087256395575115,0.0411545386256409,True,0.02,False,False,exploratory,budget6_mae_all,L4,True,0.5608163265306123,contrasts_per_budget.csv,6.0,0.5612112676056339
BR,AOPT_vs_RANDOM_k6_sign_acc_strong,sign_acc_strong,RANDOM,AOPT,0.2969373503163152,0.192938748960545,0.3635434682555976,0.2153657162884128,0.379836572012065,0.0,0.0451081160590993,0.1263027249654783,0.2411635582722811,86,79,5,5,0.247651946142075,0.3076909606979962,True,0.02,True,True,exploratory,budget6_sign_acc_strong,L4,True,0.0,contrasts_per_budget.csv,6.0,0.0
BR,AOPT_vs_MAXMIN_k6_sign_acc_strong,sign_acc_strong,MAXMIN,AOPT,0.5485208186902444,0.4287446473523948,0.6233806159717713,0.4493934448404401,0.6355208163234052,0.0,0.0505270688333418,0.1414757927333572,0.4916124778086283,86,82,5,5,0.5042714054063745,0.5620211371351276,True,0.02,True,True,exploratory,budget6_sign_acc_strong,L4,True,0.0,contrasts_per_budget.csv,6.0,0.0
BR,UNCERT_vs_RANDOM_k6_sign_acc_strong,sign_acc_strong,RANDOM,UNCERT,0.1761864586995229,0.1154135888564559,0.2670344133112375,0.1023892562746497,0.2502596721730719,0.0,0.0397401914427941,0.1112725360398237,0.205765329253283,86,75,5,5,0.1643017411117673,0.2144469521283809,True,0.02,True,True,exploratory,budget6_sign_acc_strong,L4,True,0.0,contrasts_per_budget.csv,6.0,0.0
BR,UNCERT_vs_MAXMIN_k6_sign_acc_strong,sign_acc_strong,MAXMIN,UNCERT,0.4277699270734521,0.3627173558784296,0.5195615887874658,0.3447644380998314,0.500079331825756,0.0,0.0415940991813296,0.1164634777077229,0.4562142487896302,86,82,5,5,0.4133242426628351,0.4710664113926803,True,0.02,True,True,exploratory,budget6_sign_acc_strong,L4,True,0.0,contrasts_per_budget.csv,6.0,0.0
BR,MAXMIN_vs_RANDOM_k6_sign_acc_strong,sign_acc_strong,RANDOM,MAXMIN,-0.2515834683739292,-0.2867968940563345,-0.2250818352305417,-0.2930560789764472,-0.2283905495645103,0.0,0.0156410984991748,0.0437950757976896,-0.2504489195363472,86,0,0,5,-0.2573153674119102,-0.2397261902959939,True,0.02,False,False,exploratory,budget6_sign_acc_strong,L4,True,0.0,contrasts_per_budget.csv,6.0,0.0
BR,AOPT_vs_RANDOM_k9_mae_all,mae_all,RANDOM,AOPT,0.0299399883072321,0.0001363559575066,0.072177610942412,-0.0056890714048178,0.0643284444093013,0.0484,0.0188277697798607,0.0527177553836101,0.0371371706113412,90,46,4,5,0.021828766200653,0.0483096711297754,True,0.02,False,False,exploratory,budget9_mae_all,L4,True,0.1143307086614173,contrasts_per_budget.csv,9.0,0.11568131868131867
BR,AOPT_vs_MAXMIN_k9_mae_all,mae_all,MAXMIN,AOPT,0.0451151224280759,0.010949117915143,0.0710010823076935,0.0114634167753082,0.0713417594177061,0.015,0.0152077172202263,0.0425816082166338,0.038881894008802,90,64,4,5,0.0382864937527663,0.0510694714282912,True,0.02,True,True,exploratory,budget9_mae_all,L4,True,0.0473684210526315,contrasts_per_budget.csv,9.0,0.04379194630872483
BR,UNCERT_vs_RANDOM_k9_mae_all,mae_all,RANDOM,UNCERT,-0.0276774006901188,-0.0632961214239691,0.0221886767377641,-0.072044523471026,0.0120064672125877,0.3314,0.0226082190022316,0.0633030132062485,-0.0127477332293323,90,28,2,5,-0.0369876595624232,-0.0031884662798612,True,0.02,False,False,exploratory,budget9_mae_all,L4,True,0.520523560209424,contrasts_per_budget.csv,9.0,0.5242145454545454
BR,UNCERT_vs_MAXMIN_k9_mae_all,mae_all,MAXMIN,UNCERT,-0.0125022665692749,-0.0399423734710003,0.0148949403052979,-0.0404146736003773,0.014576205966882,0.3422,0.0137851599720356,0.0385984479216997,-0.0110030098318715,90,36,3,5,-0.0167918724421409,-0.0088576043161097,True,0.02,False,False,exploratory,budget9_mae_all,L4,True,0.5346875,contrasts_per_budget.csv,9.0,0.5354568345323741
BR,MAXMIN_vs_RANDOM_k9_mae_all,mae_all,RANDOM,MAXMIN,-0.0151751341208438,-0.0458801911713827,0.0254632169455873,-0.0564357270192818,0.0176467114448551,0.5928,0.0195514421212681,0.0547440379395508,-0.0017447233974607,90,39,1,5,-0.0201957871202823,0.008282291353188,False,0.02,False,False,exploratory,budget9_mae_all,L4,False,0.7567659574468085,contrasts_per_budget.csv,9.0,0.7674642857142857
BR,AOPT_vs_RANDOM_k9_sign_acc_strong,sign_acc_strong,RANDOM,AOPT,0.0960569273689856,0.0407064383296089,0.1705755741209754,0.0303213970566866,0.1587211275215403,0.0002,0.0342671887953619,0.0959481286270135,0.1027599442031949,86,64,4,5,0.0816742898543602,0.1299891840789954,True,0.02,True,True,exploratory,budget9_sign_acc_strong,L4,True,0.0011111111111111,contrasts_per_budget.csv,9.0,0.0010116279069767443
BR,AOPT_vs_MAXMIN_k9_sign_acc_strong,sign_acc_strong,MAXMIN,AOPT,0.2745595460288714,0.2019583850115415,0.3275571885729153,0.2100613172502439,0.333105070205424,0.0,0.0312755863942719,0.0875716419039614,0.2389804006946988,86,81,5,5,0.259192821937352,0.2822602465703875,True,0.02,True,True,exploratory,budget9_sign_acc_strong,L4,True,0.0,contrasts_per_budget.csv,9.0,0.0
BR,UNCERT_vs_RANDOM_k9_sign_acc_strong,sign_acc_strong,RANDOM,UNCERT,-0.0117117494371373,-0.0941294573613632,0.0987555299088945,-0.1241140013933685,0.0781676489724189,0.9428,0.053022758364963,0.1484637234218966,0.0412420573945861,86,39,3,5,-0.0280593648556198,0.0535148717179112,False,0.02,False,False,exploratory,budget9_sign_acc_strong,L4,False,0.9587796610169492,contrasts_per_budget.csv,9.0,0.9674154929577465
BR,UNCERT_vs_MAXMIN_k9_sign_acc_strong,sign_acc_strong,MAXMIN,UNCERT,0.1667908692227484,0.121268828126861,0.2339807270706338,0.1189647302865322,0.2306927562098943,0.0,0.0290013215071847,0.0812037002201172,0.1774625138860901,86,76,5,5,0.149459167227372,0.1875586897733643,True,0.02,True,True,exploratory,budget9_sign_acc_strong,L4,True,0.0,contrasts_per_budget.csv,9.0,0.0
BR,MAXMIN_vs_RANDOM_k9_sign_acc_strong,sign_acc_strong,RANDOM,MAXMIN,-0.1785026186598858,-0.231672464157818,-0.103706197916623,-0.2521120827572068,-0.1192702314423167,0.0,0.0354149876320147,0.0991619653696414,-0.1362204564915038,86,6,0,5,-0.1843984573227018,-0.1340438180554531,True,0.02,False,False,exploratory,budget9_sign_acc_strong,L4,True,0.0,contrasts_per_budget.csv,9.0,0.0
BR,AOPT_vs_RANDOM_k12_mae_all,mae_all,RANDOM,AOPT,0.033790548679285,0.0118989427765218,0.0506597673886817,0.0150039691781784,0.0534003541930547,0.0028,0.0098583967368756,0.0276035108632517,0.0292957097425653,90,66,5,5,0.0266708717762202,0.0360548661281086,True,0.02,True,True,exploratory,budget12_mae_all,L4,True,0.0116883116883116,contrasts_per_budget.csv,12.0,0.010591304347826087
BR,AOPT_vs_MAXMIN_k12_mae_all,mae_all,MAXMIN,AOPT,0.0583826150348457,0.0213988105780428,0.0843080063563916,0.0290372388391978,0.0906203746132453,0.0,0.0164895434845127,0.0461707217566356,0.0491816391473207,90,72,5,5,0.0412569469717722,0.0627434393298835,True,0.02,True,True,exploratory,budget12_mae_all,L4,True,0.0,contrasts_per_budget.csv,12.0,0.0
BR,UNCERT_vs_RANDOM_k12_mae_all,mae_all,RANDOM,UNCERT,-0.0178508344454644,-0.0482161282233009,0.0278895186614822,-0.0513659892680434,0.0235117724419248,0.4418,0.0198500933443351,0.0555802613641383,-0.0011391074461865,90,22,3,5,-0.0294200701938922,-0.0007729482764917,True,0.02,False,False,exploratory,budget12_mae_all,L4,True,0.6334285714285715,contrasts_per_budget.csv,12.0,0.6406100000000001
BR,UNCERT_vs_MAXMIN_k12_mae_all,mae_all,MAXMIN,UNCERT,0.0067412319100962,-0.0280356813506119,0.047654057452753,-0.0275075978748532,0.0483794507380562,0.7052,0.0189952437159634,0.0531866824046975,0.0187468219585688,90,40,4,5,-0.002415795989542,0.0138131269190602,False,0.02,False,False,exploratory,budget12_mae_all,L4,False,0.8238910505836576,contrasts_per_budget.csv,12.0,0.8421123287671233
BR,MAXMIN_vs_RANDOM_k12_mae_all,mae_all,RANDOM,MAXMIN,-0.0245920663555606,-0.0447855881967789,0.0046895677794257,-0.0478313951433716,0.0003433401180553,0.0988,0.0127060190125246,0.0355768532350689,-0.0198859294047554,90,30,0,5,-0.0279265637003072,-0.014586075195552,True,0.02,False,False,exploratory,budget12_mae_all,L4,True,0.2002702702702702,contrasts_per_budget.csv,12.0,0.20563636363636364
BR,AOPT_vs_RANDOM_k12_sign_acc_strong,sign_acc_strong,RANDOM,AOPT,0.0403545125282427,0.0005020655160741,0.0708653547649658,0.0020164713559197,0.0723079674439306,0.0478,0.0181194859408183,0.0507345606342914,0.0422105980260735,86,59,4,5,0.0288855416880746,0.0483773698827806,True,0.02,True,True,exploratory,budget12_sign_acc_strong,L4,True,0.1138095238095238,contrasts_per_budget.csv,12.0,0.11487845303867403
BR,AOPT_vs_MAXMIN_k12_sign_acc_strong,sign_acc_strong,MAXMIN,AOPT,0.0992729898866468,0.0293239739219229,0.1466254155198727,0.0378967756965899,0.152978132800243,0.0028,0.0303855946903391,0.0850796651329496,0.0923003945207576,86,60,5,5,0.0739028080244467,0.1124917458503131,True,0.02,True,True,exploratory,budget12_sign_acc_strong,L4,True,0.0113513513513513,contrasts_per_budget.csv,12.0,0.010591304347826087
BR,UNCERT_vs_RANDOM_k12_sign_acc_strong,sign_acc_strong,RANDOM,UNCERT,0.0187496833760095,-0.0342418559109802,0.0966971607710806,-0.0498593006671384,0.0799667025886685,0.5266,0.0351418832270548,0.0983972730357534,0.058512200866577,86,40,4,5,0.0018504807675804,0.0586354100924615,True,0.02,False,False,exploratory,budget12_sign_acc_strong,L4,True,0.7116216216216216,contrasts_per_budget.csv,12.0,0.7158468749999999
BR,UNCERT_vs_MAXMIN_k12_sign_acc_strong,sign_acc_strong,MAXMIN,UNCERT,0.0776681607344135,0.0237048101211116,0.1546687304070726,0.0183708945795384,0.1471064666956642,0.003,0.0334890566477473,0.0937693586136925,0.1086019973612611,86,63,4,5,0.0632232642531343,0.1036526764288336,True,0.02,True,True,exploratory,budget12_sign_acc_strong,L4,True,0.0116883116883116,contrasts_per_budget.csv,12.0,0.010966386554621848
BR,MAXMIN_vs_RANDOM_k12_sign_acc_strong,sign_acc_strong,RANDOM,MAXMIN,-0.0589184773584039,-0.1011390135542837,-0.0020913830066477,-0.1073266199310229,-0.0088481272898483,0.0418,0.0249286516171357,0.06980022452798,-0.0500897964946841,86,31,0,5,-0.0644906248663226,-0.0446415390554485,True,0.02,False,False,exploratory,budget12_sign_acc_strong,L4,True,0.1045,contrasts_per_budget.csv,12.0,0.10390285714285714
BR,AOPT_vs_RANDOM_k16_mae_all,mae_all,RANDOM,AOPT,-0.0100002059968458,-0.043033306922839,0.0363488557571987,-0.0537394512925678,0.0268977934063978,0.7654,0.0213352591205417,0.0597387255375169,0.0168743014145674,90,47,4,5,-0.0150941970615572,0.0142613313867269,False,0.02,False,False,exploratory,budget16_mae_all,L4,False,0.8562825278810409,contrasts_per_budget.csv,16.0,0.8706675191815856
BR,AOPT_vs_MAXMIN_k16_mae_all,mae_all,MAXMIN,AOPT,0.0177650318703961,-0.0079061229563248,0.0551360470398576,-0.0097534644859014,0.0530011575834512,0.2044,0.0162456537223139,0.0454878304224791,0.0330195669850815,90,58,4,5,0.008695817437059,0.0285518512708994,True,0.02,False,False,exploratory,budget16_mae_all,L4,True,0.3585964912280702,contrasts_per_budget.csv,16.0,0.36068016194331987
BR,UNCERT_vs_RANDOM_k16_mae_all,mae_all,RANDOM,UNCERT,0.0143743235338212,-0.0234753040175316,0.0392891936917682,-0.016522343530364,0.0447355467795532,0.458,0.0163585584230742,0.0458039635846078,0.0045158753075601,90,45,3,5,-0.0009683773385524,0.0177143932367367,False,0.02,False,False,exploratory,budget16_mae_all,L4,False,0.6481132075471698,contrasts_per_budget.csv,16.0,0.6556480263157894
BR,UNCERT_vs_MAXMIN_k16_mae_all,mae_all,MAXMIN,UNCERT,0.0421395614010632,-0.0228354271295378,0.0831782962722319,-0.0079141688984863,0.094854052011474,0.2122,0.0276820321676804,0.0775096900695053,0.0206611408780742,90,53,3,5,0.01332214254562,0.0492809197337959,True,0.02,False,False,exploratory,budget16_mae_all,L4,True,0.3679768786127167,contrasts_per_budget.csv,16.0,0.369228
BR,MAXMIN_vs_RANDOM_k16_mae_all,mae_all,RANDOM,MAXMIN,-0.0277652378672419,-0.0484901598958717,0.0051930257601991,-0.0531389304788678,-0.0015355533511648,0.1,0.0139356171393674,0.0390197279902287,-0.0161452655705141,90,25,1,5,-0.0315665264970592,-0.0142905198841724,True,0.02,False,False,exploratory,budget16_mae_all,L4,True,0.2013422818791946,contrasts_per_budget.csv,16.0,0.20714285714285716
BR,AOPT_vs_RANDOM_k16_sign_acc_strong,sign_acc_strong,RANDOM,AOPT,-0.0234570253759091,-0.0766598385498579,0.0531627240209186,-0.090972389094028,0.0380341680396986,0.5884,0.033754917718934,0.0945137696130154,0.0264537766055216,86,39,3,5,-0.0329661707730114,0.0057968352441132,False,0.02,False,False,exploratory,budget16_sign_acc_strong,L4,False,0.7567659574468085,contrasts_per_budget.csv,16.0,0.7673712574850299
BR,AOPT_vs_MAXMIN_k16_sign_acc_strong,sign_acc_strong,MAXMIN,AOPT,0.0512228493942183,-0.0142838834957928,0.1176537416060376,-0.0154388267476529,0.1161350250029619,0.1204,0.0331537821621877,0.0928305900541257,0.0727246076660732,86,55,4,5,0.0301572379788142,0.0720262976644491,True,0.02,False,False,exploratory,budget16_sign_acc_strong,L4,True,0.2345454545454545,contrasts_per_budget.csv,16.0,0.23915068493150682
BR,UNCERT_vs_RANDOM_k16_sign_acc_strong,sign_acc_strong,RANDOM,UNCERT,0.051468939769032,0.0205529933057963,0.0804040001828432,0.0229585093328444,0.0825980806135656,0.0018,0.0148245538852202,0.0415087508786166,0.0541058160130788,86,66,4,5,0.0443338816857611,0.0552203645321848,True,0.02,True,True,exploratory,budget16_sign_acc_strong,L4,True,0.0080597014925373,contrasts_per_budget.csv,16.0,0.0074571428571428575
BR,UNCERT_vs_MAXMIN_k16_sign_acc_strong,sign_acc_strong,MAXMIN,UNCERT,0.1261488145391595,0.0382605078723813,0.1801878450729275,0.0538941167860696,0.1895883049271897,0.003,0.0365548467364156,0.1023535708619638,0.1003766470736305,86,59,5,5,0.0949930675105518,0.1363126287657758,True,0.02,True,True,exploratory,budget16_sign_acc_strong,L4,True,0.0118421052631578,contrasts_per_budget.csv,16.0,0.011153846153846153
BR,MAXMIN_vs_RANDOM_k16_sign_acc_strong,sign_acc_strong,RANDOM,MAXMIN,-0.0746798747701274,-0.1188852626659763,-0.0049558801649186,-0.1299521170268484,-0.0191884409020609,0.0322,0.0300345124596171,0.0840966348869281,-0.0462708310605516,86,27,0,5,-0.0825985535803295,-0.0441332947976861,True,0.02,False,False,exploratory,budget16_sign_acc_strong,L4,True,0.087027027027027,contrasts_per_budget.csv,16.0,0.08489090909090909
BR,AOPT_vs_RANDOM_k20_mae_all,mae_all,RANDOM,AOPT,0.0097453490804302,0.0012522909877029,0.0209979373424262,0.0003328651022034,0.0199336805893376,0.0224,0.0050546037945051,0.0141528906246143,0.0093706536389514,90,55,4,5,0.0075482851335052,0.0134477559172242,True,0.02,True,False,exploratory,budget20_mae_all,L4,True,0.064,contrasts_per_budget.csv,20.0,0.061670886075949366
BR,AOPT_vs_MAXMIN_k20_mae_all,mae_all,MAXMIN,AOPT,0.044988845213189,0.0205982795376122,0.0633204843200321,0.0241689548094475,0.0669343286954387,0.0,0.0107307689747474,0.0300461531292927,0.0348653034936199,90,73,5,5,0.038942067055708,0.0473574541978578,True,0.02,True,True,exploratory,budget20_mae_all,L4,True,0.0,contrasts_per_budget.csv,20.0,0.0
BR,UNCERT_vs_RANDOM_k20_mae_all,mae_all,RANDOM,UNCERT,-0.0009303845713672,-0.0284549588087241,0.0177925722995914,-0.0255328359096353,0.0198767578386288,0.9188,0.0117881770890151,0.0330068958492423,-0.0042570415212823,90,41,2,5,-0.0090914712366639,0.0026028933785676,False,0.02,False,False,exploratory,budget20_mae_all,L4,False,0.9436734693877552,contrasts_per_budget.csv,20.0,0.9553389021479715
BR,UNCERT_vs_MAXMIN_k20_mae_all,mae_all,MAXMIN,UNCERT,0.0343131115613916,-0.0148230392020238,0.0657927751010011,-0.0058620447014743,0.0718555830702007,0.1618,0.0205038239799508,0.0574107071438622,0.0212376083333861,90,51,4,5,0.0176365063596446,0.0407561439244494,True,0.02,False,False,exploratory,budget20_mae_all,L4,True,0.2977914110429447,contrasts_per_budget.csv,20.0,0.3020729613733905
BR,MAXMIN_vs_RANDOM_k20_mae_all,mae_all,RANDOM,MAXMIN,-0.0352434961327588,-0.0533023524959126,-0.0082482260502741,-0.0572304977648339,-0.0131555543253447,0.0066,0.0114722424128081,0.0321222787558628,-0.0254946498546684,90,23,0,5,-0.0381532505458818,-0.0267279775963086,True,0.02,False,False,exploratory,budget20_mae_all,L4,True,0.0232941176470588,contrasts_per_budget.csv,20.0,0.02175
BR,AOPT_vs_RANDOM_k20_sign_acc_strong,sign_acc_strong,RANDOM,AOPT,0.012733566576599,-0.0095822812870294,0.0336805353965421,-0.0097550864227868,0.0336061834042589,0.231,0.0108128710395482,0.0302760389107352,0.0137776274255767,86,61,4,5,0.0083235652667801,0.0166370868692391,True,0.02,False,False,exploratory,budget20_sign_acc_strong,L4,True,0.3915254237288135,contrasts_per_budget.csv,20.0,0.3956102362204724
BR,AOPT_vs_MAXMIN_k20_sign_acc_strong,sign_acc_strong,MAXMIN,AOPT,0.0957764390279024,0.0278019490890509,0.1383530783957626,0.0415825632828434,0.1486515245092195,0.0028,0.0289610358436053,0.081090900362095,0.0669050261584722,86,63,5,5,0.0664987514674202,0.1029358378873741,True,0.02,True,True,exploratory,budget20_sign_acc_strong,L4,True,0.0113513513513513,contrasts_per_budget.csv,20.0,0.010591304347826087
BR,UNCERT_vs_RANDOM_k20_sign_acc_strong,sign_acc_strong,RANDOM,UNCERT,0.0242482350377039,-0.000417349504657,0.0627069472519319,-0.003737307922229,0.0564492226110439,0.0554,0.0164699366766053,0.0461158226944948,0.0461004925989897,86,68,5,5,0.0181805672146181,0.0387637725953768,True,0.02,False,False,exploratory,budget20_sign_acc_strong,L4,True,0.1240298507462686,contrasts_per_budget.csv,20.0,0.12617277486910994
BR,UNCERT_vs_MAXMIN_k20_sign_acc_strong,sign_acc_strong,MAXMIN,UNCERT,0.1072911074890073,0.0448099613340152,0.1519829308332146,0.0507702245690624,0.1574677326329291,0.0008,0.0268777244996204,0.0752576285989372,0.0992278913318852,86,66,5,5,0.0938052646601912,0.1146740065600656,True,0.02,True,True,exploratory,budget20_sign_acc_strong,L4,True,0.0038709677419354,contrasts_per_budget.csv,20.0,0.0037021276595744683
BR,MAXMIN_vs_RANDOM_k20_sign_acc_strong,sign_acc_strong,RANDOM,MAXMIN,-0.0830428724513033,-0.121576224628869,-0.0213589633025879,-0.1315540686358929,-0.034286940379749,0.005,0.0264932939073788,0.0741812229406608,-0.0531273987328954,86,24,0,5,-0.0895575529431602,-0.0553281303013058,True,0.02,False,False,exploratory,budget20_sign_acc_strong,L4,True,0.0185185185185185,contrasts_per_budget.csv,20.0,0.017261904761904763
BR,AOPT_vs_RANDOM_k24_mae_all,mae_all,RANDOM,AOPT,0.0122702061229451,0.0007764382691018,0.0277487067092701,-0.0021738136468523,0.0248554488769719,0.034,0.007188187325858,0.0201269245124024,0.015700363250421,90,55,4,5,0.0090067937374793,0.0202056419987816,True,0.02,False,False,exploratory,budget24_mae_all,L4,True,0.09,contrasts_per_budget.csv,24.0,0.08855357142857143
BR,AOPT_vs_MAXMIN_k24_mae_all,mae_all,MAXMIN,AOPT,0.03530249572635,0.0085495679947068,0.0722119532976441,0.001199099063832,0.0652209238078006,0.0056,0.0170321752938657,0.0476900908228239,0.0440620170963311,90,65,5,5,0.0281030533020912,0.0541529124137582,True,0.02,True,True,exploratory,budget24_mae_all,L4,True,0.0202409638554216,contrasts_per_budget.csv,24.0,0.019181102362204723
BR,UNCERT_vs_RANDOM_k24_mae_all,mae_all,RANDOM,UNCERT,0.0016674375060582,-0.0189680536643012,0.0177087886298829,-0.0182044404220162,0.0181267904513401,0.8488,0.0092565926122149,0.0259184593142019,0.0027359032964792,90,40,2,5,-0.0026272969785569,0.0043169339207038,False,0.02,False,False,exploratory,budget24_mae_all,L4,False,0.8997879858657243,contrasts_per_budget.csv,24.0,0.9094285714285715
BR,UNCERT_vs_MAXMIN_k24_mae_all,mae_all,MAXMIN,UNCERT,0.0246997271094631,0.0013908062792022,0.0550802764692021,0.0022981651771818,0.0561188779401033,0.0378,0.0135521169298412,0.0379459274035555,0.0310975571423894,90,46,5,5,0.0182650980000515,0.0313199734364196,True,0.02,True,True,exploratory,budget24_mae_all,L4,True,0.0961016949152542,contrasts_per_budget.csv,24.0,0.09504624277456648
BR,MAXMIN_vs_RANDOM_k24_mae_all,mae_all,RANDOM,MAXMIN,-0.0230322896034048,-0.0471213540435044,-0.0060647912627883,-0.0431911956086383,-0.0030862581956895,0.0016,0.0108182331924552,0.0302910529388746,-0.0283616538459101,90,35,0,5,-0.0339472704149766,-0.0178528403539686,True,0.02,False,False,exploratory,budget24_mae_all,L4,True,0.0072727272727272,contrasts_per_budget.csv,24.0,0.006757281553398059
BR,AOPT_vs_RANDOM_k24_sign_acc_strong,sign_acc_strong,RANDOM,AOPT,0.0131023914463705,-0.004369508310732,0.0371841631653037,-0.0071861769642924,0.0340564749401894,0.1484,0.0107037536691818,0.029970510273709,0.0182112366150261,86,54,3,5,0.0088759978983822,0.0215335040533206,True,0.02,False,False,exploratory,budget24_sign_acc_strong,L4,True,0.27825,contrasts_per_budget.csv,24.0,0.2843788546255507
BR,AOPT_vs_MAXMIN_k24_sign_acc_strong,sign_acc_strong,MAXMIN,AOPT,0.0584817751750756,0.0187913095424828,0.1188527946568389,0.0170046929406457,0.114714921612944,0.0006,0.0259183413600237,0.0725713558080664,0.0632429670462843,86,46,5,5,0.0420147083316633,0.0804591681659483,True,0.02,True,True,exploratory,budget24_sign_acc_strong,L4,True,0.0030508474576271,contrasts_per_budget.csv,24.0,0.0028681318681318675
BR,UNCERT_vs_RANDOM_k24_sign_acc_strong,sign_acc_strong,RANDOM,UNCERT,0.0254041148302899,0.0029704520082905,0.0611361092051789,-0.0004000753452421,0.0551167527817907,0.0214,0.0151234614642709,0.0423456920999587,0.0453249525173334,86,55,5,5,0.0187618102988816,0.0384379077246982,True,0.02,False,False,exploratory,budget24_sign_acc_strong,L4,True,0.0623300970873786,contrasts_per_budget.csv,24.0,0.05967307692307692
BR,UNCERT_vs_MAXMIN_k24_sign_acc_strong,sign_acc_strong,MAXMIN,UNCERT,0.0707834985589951,0.0255562375027938,0.1396006484976605,0.0198937233284495,0.1310527975474793,0.0,0.0297669269847678,0.0833473955573499,0.0903566829485916,86,48,5,5,0.0552390609693767,0.0973635718373259,True,0.02,True,True,exploratory,budget24_sign_acc_strong,L4,True,0.0,contrasts_per_budget.csv,24.0,0.0
BR,MAXMIN_vs_RANDOM_k24_sign_acc_strong,sign_acc_strong,RANDOM,MAXMIN,-0.0453793837287051,-0.0872100646935958,-0.0171885552339082,-0.0877423570331027,-0.017478225675302,0.0,0.0181439642541606,0.0508030999116498,-0.0450317304312582,86,38,0,5,-0.0589256641126277,-0.0326651343660546,True,0.02,False,False,exploratory,budget24_sign_acc_strong,L4,True,0.0,contrasts_per_budget.csv,24.0,0.0
BQ,AOPT_vs_RANDOM_k6_mae_all,mae_all,RANDOM,AOPT,0.0151261872576739,-0.0195693681861049,0.0605508503222871,-0.0191529078111329,0.0613344203824566,0.4144,0.020273802807009,0.0567666478596252,0.0152760937332637,90,52,3,5,0.0038680009939602,0.0253671358651709,True,0.02,False,False,exploratory,budget6_mae_all,L4,True,0.6040776699029126,contrasts_per_budget.csv,6.0,0.6095878378378378
BQ,AOPT_vs_MAXMIN_k6_mae_all,mae_all,MAXMIN,AOPT,-0.0022782909144459,-0.0535488737464859,0.0320066195425273,-0.0497188975477372,0.0342698670337824,0.894,0.0217762901043867,0.060973612292283,-0.014642911010303,90,48,3,5,-0.0156893357616913,0.0052935181355515,False,0.02,False,False,exploratory,budget6_mae_all,L4,False,0.9344947735191638,contrasts_per_budget.csv,6.0,0.9439077669902912
BQ,UNCERT_vs_RANDOM_k6_mae_all,mae_all,RANDOM,UNCERT,0.0261941168483532,-0.0289702254626721,0.0622147029761339,-0.0210708051955209,0.0677100845184966,0.3498,0.0238844722045762,0.0668765221728135,0.0119475594693303,90,55,4,5,0.0054233200855364,0.0339391820314753,True,0.02,False,False,exploratory,budget6_mae_all,L4,True,0.5437305699481865,contrasts_per_budget.csv,6.0,0.5453870967741936
BQ,UNCERT_vs_MAXMIN_k6_mae_all,mae_all,MAXMIN,UNCERT,0.0087896386762333,-0.0699623588614583,0.0673023216883866,-0.0522668097143373,0.0916275147685461,0.9188,0.0373968739810101,0.1047112471468285,-0.0179714452742365,90,46,4,5,-0.0356331515413258,0.016192652810617,False,0.02,False,False,exploratory,budget6_mae_all,L4,False,0.9436734693877552,contrasts_per_budget.csv,6.0,0.9553389021479715
BQ,MAXMIN_vs_RANDOM_k6_mae_all,mae_all,RANDOM,MAXMIN,0.0174044781721198,-0.0141680376801559,0.0587210656838526,-0.0243425641164692,0.0503647971303834,0.3068,0.0198063980534987,0.0554579145497965,0.0299190047435668,90,53,4,5,0.0103196208687435,0.0410564716268623,True,0.02,False,False,exploratory,budget6_mae_all,L4,True,0.492192513368984,contrasts_per_budget.csv,6.0,0.4961263940520446
BQ,AOPT_vs_RANDOM_k6_sign_acc_strong,sign_acc_strong,RANDOM,AOPT,0.2132314637694272,0.1565128522210481,0.2817507161510239,0.1540134521222039,0.27893407502041,0.0,0.0318732770827193,0.0892451758316141,0.205474849153376,86,76,5,5,0.1996368595032479,0.2312063362979714,True,0.02,True,True,exploratory,budget6_sign_acc_strong,L4,True,0.0,contrasts_per_budget.csv,6.0,0.0
BQ,AOPT_vs_MAXMIN_k6_sign_acc_strong,sign_acc_strong,MAXMIN,AOPT,0.4797311516030588,0.4123165703660469,0.5472355247833308,0.414197954006613,0.5498758613729551,0.0,0.0333583932676276,0.0934035011493572,0.462540169449542,86,81,5,5,0.4651730173199107,0.4911488440243504,True,0.02,True,True,exploratory,budget6_sign_acc_strong,L4,True,0.0,contrasts_per_budget.csv,6.0,0.0
BQ,UNCERT_vs_RANDOM_k6_sign_acc_strong,sign_acc_strong,RANDOM,UNCERT,0.2256308049735317,0.129109454555206,0.2893669056215986,0.1443175469378479,0.3020049806562392,0.0,0.0421881264055711,0.1181267539355991,0.1997183176396298,86,72,5,5,0.1852715837398485,0.2367886812824254,True,0.02,True,True,exploratory,budget6_sign_acc_strong,L4,True,0.0,contrasts_per_budget.csv,6.0,0.0
BQ,UNCERT_vs_MAXMIN_k6_sign_acc_strong,sign_acc_strong,MAXMIN,UNCERT,0.4921304928071634,0.3785787529048585,0.5675261064245622,0.4037702053832805,0.5858663253345872,0.0,0.049637063373085,0.138983777444638,0.4567836379357957,86,80,5,5,0.4410102064200528,0.5046218816118719,True,0.02,True,True,exploratory,budget6_sign_acc_strong,L4,True,0.0,contrasts_per_budget.csv,6.0,0.0
BQ,MAXMIN_vs_RANDOM_k6_sign_acc_strong,sign_acc_strong,RANDOM,MAXMIN,-0.2664996878336316,-0.3028106510549403,-0.2183923554399283,-0.304812095329519,-0.2204614650753766,0.0,0.0214988732494584,0.0601968450984835,-0.2570653202961658,86,0,0,5,-0.2774325631021411,-0.2539786234466247,True,0.02,False,False,exploratory,budget6_sign_acc_strong,L4,True,0.0,contrasts_per_budget.csv,6.0,0.0
BQ,AOPT_vs_RANDOM_k9_mae_all,mae_all,RANDOM,AOPT,0.0162066128366645,-0.0112368110207465,0.0477649366418537,-0.0116574542997731,0.0474432042827353,0.2338,0.0148199949065858,0.0414959857384404,0.0184585873924653,90,41,4,5,0.0102726715664805,0.0221259287150012,True,0.02,False,False,exploratory,budget9_mae_all,L4,True,0.3940449438202247,contrasts_per_budget.csv,9.0,0.39883529411764707
BQ,AOPT_vs_MAXMIN_k9_mae_all,mae_all,MAXMIN,AOPT,0.026717794024661,-0.0214515536433732,0.0573684680326485,-0.0165375555949444,0.0603628357755982,0.26,0.0203613200708625,0.0570116961984152,0.0120816881221097,90,57,4,5,0.012583394340647,0.0323206180545315,True,0.02,False,False,exploratory,budget9_mae_all,L4,True,0.4285714285714285,contrasts_per_budget.csv,9.0,0.43333333333333335
BQ,UNCERT_vs_RANDOM_k9_mae_all,mae_all,RANDOM,UNCERT,0.0075571563393013,-0.0366442318806758,0.0392424160017479,-0.0324091010004652,0.0421360582067763,0.7058,0.0192384868267149,0.0538677631148017,-0.008968486017259,90,49,4,5,-0.0029045911392035,0.0133126817938877,False,0.02,False,False,exploratory,budget9_mae_all,L4,False,0.8238910505836576,contrasts_per_budget.csv,9.0,0.8421123287671233
BQ,UNCERT_vs_MAXMIN_k9_mae_all,mae_all,MAXMIN,UNCERT,0.0180683375272977,-0.046262900892177,0.05989643215558,-0.031019316066682,0.0719508576103638,0.6246,0.0281617786245852,0.0788529801488387,-0.0153453852876146,90,44,4,5,-0.0124471255135578,0.0271711609817215,False,0.02,False,False,exploratory,budget9_mae_all,L4,False,0.782,contrasts_per_budget.csv,9.0,0.7957192982456142
BQ,MAXMIN_vs_RANDOM_k9_mae_all,mae_all,RANDOM,MAXMIN,-0.0105111811879964,-0.0370605485551491,0.0267690554022507,-0.0461070570159877,0.0188575243657333,0.6754,0.0171843673762156,0.0481162286534037,0.0063768992703555,90,43,1,5,-0.0144192679015641,0.0095425343743542,False,0.02,False,False,exploratory,budget9_mae_all,L4,False,0.8170161290322581,contrasts_per_budget.csv,9.0,0.8322917847025495
BQ,AOPT_vs_RANDOM_k9_sign_acc_strong,sign_acc_strong,RANDOM,AOPT,0.095708352001499,0.0507741791873318,0.1418581313282061,0.0500560190450589,0.1412828673584472,0.0,0.0226438972564851,0.0634029123181585,0.0946169745794849,86,68,4,5,0.0856865764543984,0.1043340610627592,True,0.02,True,True,exploratory,budget9_sign_acc_strong,L4,True,0.0,contrasts_per_budget.csv,9.0,0.0
BQ,AOPT_vs_MAXMIN_k9_sign_acc_strong,sign_acc_strong,MAXMIN,AOPT,0.2061865431944716,0.1199508798919598,0.2594619486987993,0.1308688252353944,0.2667465143309062,0.0,0.0354509056034302,0.0992625356896046,0.1714857186735556,86,75,5,5,0.1834120685013734,0.2183493385021317,True,0.02,True,True,exploratory,budget9_sign_acc_strong,L4,True,0.0,contrasts_per_budget.csv,9.0,0.0
BQ,UNCERT_vs_RANDOM_k9_sign_acc_strong,sign_acc_strong,RANDOM,UNCERT,0.0533517195128995,-0.0085452966407107,0.1074153236563278,-0.010559260693666,0.1056708548476153,0.083,0.0286229556597032,0.080144275847169,0.0475894827809604,86,62,4,5,0.0428241824090175,0.064153196529154,True,0.02,False,False,exploratory,budget9_sign_acc_strong,L4,True,0.1729166666666667,contrasts_per_budget.csv,9.0,0.1761219512195122
BQ,UNCERT_vs_MAXMIN_k9_sign_acc_strong,sign_acc_strong,MAXMIN,UNCERT,0.1638299107058721,0.0759640984053866,0.216095598293531,0.092364851417636,0.2257193530083848,0.0002,0.0365546133432839,0.1023529173611949,0.1244582268750311,86,71,5,5,0.1314937991589137,0.1770260917494344,True,0.02,True,True,exploratory,budget9_sign_acc_strong,L4,True,0.0011111111111111,contrasts_per_budget.csv,9.0,0.0010116279069767443
BQ,MAXMIN_vs_RANDOM_k9_sign_acc_strong,sign_acc_strong,RANDOM,MAXMIN,-0.1104781911929725,-0.1499300563264916,-0.0444436668311404,-0.1597652605864369,-0.0595720330777369,0.0,0.0276767395293474,0.0774948706821729,-0.0768687440940707,86,19,0,5,-0.1169500170875434,-0.0820514156905931,True,0.02,False,False,exploratory,budget9_sign_acc_strong,L4,True,0.0,contrasts_per_budget.csv,9.0,0.0
BQ,AOPT_vs_RANDOM_k12_mae_all,mae_all,RANDOM,AOPT,-0.0284565497472862,-0.1026927235883942,0.0555184694747682,-0.1368295389026675,0.0426174352549286,0.7452,0.0462823899454729,0.1295906918473241,0.0270152967226717,90,46,2,5,-0.0358702550559629,0.0335905014189383,False,0.02,False,False,exploratory,budget12_mae_all,L4,False,0.843622641509434,contrasts_per_budget.csv,12.0,0.8598461538461538
BQ,AOPT_vs_MAXMIN_k12_mae_all,mae_all,MAXMIN,AOPT,0.0091234593826656,-0.0383860919236095,0.0723921161365771,-0.0562629592118731,0.0575892389516744,0.6702,0.0300569331035315,0.0841594126898883,0.0474714584278458,90,44,2,5,-0.0009208500775628,0.0464296287369306,False,0.02,False,False,exploratory,budget12_mae_all,L4,False,0.8140080971659919,contrasts_per_budget.csv,12.0,0.8282301136363638
BQ,UNCERT_vs_RANDOM_k12_mae_all,mae_all,RANDOM,UNCERT,0.0010981764266929,-0.0315955770073058,0.0333481705863605,-0.030259914335325,0.0349931923643065,0.946,0.0162073644621257,0.0453806204939521,0.0052668213402804,90,41,2,5,-0.0071018311910212,0.0065982057675245,False,0.02,False,False,exploratory,budget12_mae_all,L4,False,0.9587837837837838,contrasts_per_budget.csv,12.0,0.9674154929577465
BQ,UNCERT_vs_MAXMIN_k12_mae_all,mae_all,MAXMIN,UNCERT,0.0386781855566448,-0.0222174666790105,0.0780791001306403,-0.0121363621774946,0.0861293376551459,0.226,0.0263587120524582,0.073804393746883,0.0257229830454546,90,51,5,5,0.0134941571741185,0.0494812890963175,True,0.02,False,False,exploratory,budget12_mae_all,L4,True,0.3874285714285714,contrasts_per_budget.csv,12.0,0.39011904761904764
BQ,MAXMIN_vs_RANDOM_k12_mae_all,mae_all,RANDOM,MAXMIN,-0.0375800091299519,-0.0697859414189174,0.006636815529011,-0.0814187854985252,-0.0029253210569798,0.1254,0.0207657378788812,0.0581440660608675,-0.0204561617051741,90,28,0,5,-0.0428830833287929,-0.0128391273179923,True,0.02,False,False,exploratory,budget12_mae_all,L4,True,0.2396178343949045,contrasts_per_budget.csv,12.0,0.24571621621621625
BQ,AOPT_vs_RANDOM_k12_sign_acc_strong,sign_acc_strong,RANDOM,AOPT,-0.0670433326609005,-0.1968280525452545,0.0842029471618273,-0.2552888231871033,0.0619308666049387,0.7178,0.0828006085591377,0.2318417039655857,0.0330800584154427,86,41,2,5,-0.0826046108265994,0.0452056097760064,False,0.02,False,False,exploratory,budget12_sign_acc_strong,L4,False,0.8274999999999999,contrasts_per_budget.csv,12.0,0.8439
BQ,AOPT_vs_MAXMIN_k12_sign_acc_strong,sign_acc_strong,MAXMIN,AOPT,0.0231463806996033,-0.0553564175100725,0.1382192447923305,-0.0787254416861909,0.1114913163310869,0.5696,0.0515041079910111,0.1442115023748313,0.0816885584716485,86,35,2,5,-0.0015806483152944,0.0838082807770271,False,0.02,False,False,exploratory,budget12_sign_acc_strong,L4,False,0.7472489082969432,contrasts_per_budget.csv,12.0,0.7560273556231002
BQ,UNCERT_vs_RANDOM_k12_sign_acc_strong,sign_acc_strong,RANDOM,UNCERT,0.0297415251376625,-0.0108344179840111,0.09221499587216,-0.0177754421129487,0.0816577281151993,0.1738,0.0266636034702727,0.0746580897167635,0.0597196084623755,86,41,3,5,0.0200129760614051,0.0519834916638043,True,0.02,False,False,exploratory,budget12_sign_acc_strong,L4,True,0.3122155688622754,contrasts_per_budget.csv,12.0,0.31900000000000006
BQ,UNCERT_vs_MAXMIN_k12_sign_acc_strong,sign_acc_strong,MAXMIN,UNCERT,0.1199312384981663,0.0359139263628258,0.1698191769858089,0.0478886190175025,0.1763435419544785,0.0062,0.0345246473744616,0.0966690126484925,0.1083281085185813,86,66,5,5,0.090586162664825,0.1359178476486737,True,0.02,True,True,exploratory,budget12_sign_acc_strong,L4,True,0.0221428571428571,contrasts_per_budget.csv,12.0,0.020587786259541985
BQ,MAXMIN_vs_RANDOM_k12_sign_acc_strong,sign_acc_strong,RANDOM,MAXMIN,-0.0901897133605038,-0.1551885783577279,0.0021255471098786,-0.1783372057768059,-0.0171789272411484,0.0574,0.0428482631010819,0.1199751366830293,-0.0486085000562058,86,31,0,5,-0.0987929576628814,-0.0386026710010206,True,0.02,False,False,exploratory,budget12_sign_acc_strong,L4,True,0.1275,contrasts_per_budget.csv,12.0,0.12937305699481866
BQ,AOPT_vs_RANDOM_k16_mae_all,mae_all,RANDOM,AOPT,-0.0143836869057552,-0.0767944165785778,0.0544101197262345,-0.1044753518158702,0.0446823988011778,0.7816,0.0387995778536714,0.10863881799028,0.0309638894467273,90,56,3,5,-0.0197490371794299,0.0378692212151697,False,0.02,False,False,exploratory,budget16_mae_all,L4,False,0.8589010989010989,contrasts_per_budget.csv,16.0,0.8706675191815856
BQ,AOPT_vs_MAXMIN_k16_mae_all,mae_all,MAXMIN,AOPT,0.008483277548033,-0.0522383366117301,0.0786844969574935,-0.0785751622828831,0.0668095962868744,0.704,0.0376146645705162,0.1053210607974454,0.0521276548162581,90,57,3,5,-0.0021153181886232,0.0580018816361408,False,0.02,False,False,exploratory,budget16_mae_all,L4,False,0.8238910505836576,contrasts_per_budget.csv,16.0,0.8421123287671233
BQ,UNCERT_vs_RANDOM_k16_mae_all,mae_all,RANDOM,UNCERT,-0.0193535149632867,-0.0492515891909412,0.010833366070784,-0.0504796613821206,0.009587610829568,0.191,0.0149254007237652,0.0417911220265426,-0.0115467406772165,90,34,1,5,-0.0253061423212417,-0.0126256713333509,True,0.02,False,False,exploratory,budget16_mae_all,L4,True,0.3370588235294118,contrasts_per_budget.csv,16.0,0.3419135802469136
BQ,UNCERT_vs_MAXMIN_k16_mae_all,mae_all,MAXMIN,UNCERT,0.0035134494905015,-0.0418472614876712,0.0428752364416313,-0.0465321099551621,0.0398880232554294,0.8282,0.021218372896235,0.059411444109458,0.0096170246923142,90,45,2,5,-0.0039450218443379,0.0145038294571374,False,0.02,False,False,exploratory,budget16_mae_all,L4,False,0.8884697508896798,contrasts_per_budget.csv,16.0,0.9005149253731344
BQ,MAXMIN_vs_RANDOM_k16_mae_all,mae_all,RANDOM,MAXMIN,-0.0228669644537882,-0.0431906488736254,0.0012648727450734,-0.0449784659093416,-0.0010195015359474,0.0578,0.0110169856926093,0.0308475599393061,-0.0211637653695308,90,25,0,5,-0.0271295007904884,-0.0167713018092396,True,0.02,False,False,exploratory,budget16_mae_all,L4,True,0.1275,contrasts_per_budget.csv,16.0,0.12960309278350515
BQ,AOPT_vs_RANDOM_k16_sign_acc_strong,sign_acc_strong,RANDOM,AOPT,-0.0357146303971131,-0.1337314665285508,0.0810329968210239,-0.1777847533586242,0.0627285459702119,0.7484,0.062828623919589,0.1759201469748492,0.0449987592796341,86,49,3,5,-0.0446520812753473,0.0488467620317122,False,0.02,False,False,exploratory,budget16_sign_acc_strong,L4,False,0.8440601503759397,contrasts_per_budget.csv,16.0,0.8612539682539682
BQ,AOPT_vs_MAXMIN_k16_sign_acc_strong,sign_acc_strong,MAXMIN,AOPT,0.0264526490618127,-0.0672898465726461,0.1484626642418185,-0.1019288843784166,0.1235484455203501,0.5694,0.0595773210543221,0.166816498952102,0.0966261189578806,86,45,3,5,0.0018332085757048,0.1023088001065145,True,0.02,False,False,exploratory,budget16_sign_acc_strong,L4,True,0.7472489082969432,contrasts_per_budget.csv,16.0,0.7560273556231002
BQ,UNCERT_vs_RANDOM_k16_sign_acc_strong,sign_acc_strong,RANDOM,UNCERT,-0.0013835307107483,-0.0579489144880703,0.0734342002423885,-0.081082597340237,0.0585239586865921,0.9248,0.0360097776575643,0.1008273774411801,0.0442913233847996,86,46,4,5,-0.0094383997626279,0.0419421628748469,False,0.02,False,False,exploratory,budget16_sign_acc_strong,L4,False,0.9436734693877552,contrasts_per_budget.csv,16.0,0.9555534441805225
BQ,UNCERT_vs_MAXMIN_k16_sign_acc_strong,sign_acc_strong,MAXMIN,UNCERT,0.0607837487481775,-0.0046258447407337,0.1537547171835413,-0.0134230553601085,0.1428516615629134,0.0708,0.0409519924593951,0.1146655788863063,0.0959186830630461,86,38,4,5,0.038739140738547,0.0954042009496492,True,0.02,False,False,exploratory,budget16_sign_acc_strong,L4,True,0.1499999999999999,contrasts_per_budget.csv,16.0,0.1528960396039604
BQ,MAXMIN_vs_RANDOM_k16_sign_acc_strong,sign_acc_strong,RANDOM,MAXMIN,-0.0621672794589258,-0.1059708764960165,-0.0104144733250959,-0.1166712472366918,-0.0198070888816272,0.0182,0.0235927442207711,0.0660596838181593,-0.0516273596782464,86,25,0,5,-0.0686501372401833,-0.0458306011889248,True,0.02,False,False,exploratory,budget16_sign_acc_strong,L4,True,0.0551515151515151,contrasts_per_budget.csv,16.0,0.05208552631578948
BQ,AOPT_vs_RANDOM_k20_mae_all,mae_all,RANDOM,AOPT,0.0078194761932619,-0.0144858525277124,0.0314374711515509,-0.0224068884284308,0.0262050544375395,0.4374,0.0115337562331119,0.0322945174527134,0.0156253583918219,90,56,4,5,0.0043572285947223,0.0171145769743796,True,0.02,False,False,exploratory,budget20_mae_all,L4,True,0.6308653846153847,contrasts_per_budget.csv,20.0,0.6363511705685619
BQ,AOPT_vs_MAXMIN_k20_mae_all,mae_all,MAXMIN,AOPT,0.0146590244669062,-0.0087415123566471,0.0409180183308484,-0.0125342301841476,0.0377513608423634,0.215,0.0125895977124691,0.0352508735949137,0.0227970142480839,90,59,3,5,0.0080843042195938,0.0237809598182876,True,0.02,False,False,exploratory,budget20_mae_all,L4,True,0.3706896551724138,contrasts_per_budget.csv,20.0,0.37260956175298804
BQ,UNCERT_vs_RANDOM_k20_mae_all,mae_all,RANDOM,UNCERT,0.0006954734615542,-0.0363661367863825,0.0249912935042208,-0.0349337304545016,0.0259271001507569,0.9544,0.0156580581194686,0.0438425627345122,-0.0007978443393413,90,43,3,5,-0.0089683801303782,0.0084597373890136,False,0.02,False,False,exploratory,budget20_mae_all,L4,False,0.962013422818792,contrasts_per_budget.csv,20.0,0.9689650349650349
BQ,UNCERT_vs_MAXMIN_k20_mae_all,mae_all,MAXMIN,UNCERT,0.0075350217351986,-0.0371508538601873,0.0359756767597817,-0.0400040852161228,0.0347066911317439,0.6628,0.0185840625800339,0.052035375224095,0.0063738115169206,90,43,3,5,-0.0017817565118579,0.0184715268681474,False,0.02,False,False,exploratory,budget20_mae_all,L4,False,0.8082926829268292,contrasts_per_budget.csv,20.0,0.8214188034188034
BQ,MAXMIN_vs_RANDOM_k20_mae_all,mae_all,RANDOM,MAXMIN,-0.0068395482736443,-0.0216799551624638,0.0080906657687381,-0.0230494237101353,0.0068332735113958,0.3294,0.0073233149345907,0.0205052818168541,-0.0071716558562619,90,32,1,5,-0.0100117894791338,-0.0028221119064645,True,0.02,False,False,exploratory,budget20_mae_all,L4,True,0.5201052631578947,contrasts_per_budget.csv,20.0,0.5229525547445256
BQ,AOPT_vs_RANDOM_k20_sign_acc_strong,sign_acc_strong,RANDOM,AOPT,0.0083752571129599,-0.0515771051724293,0.0475813119821319,-0.0622825199016702,0.0435061197065825,0.7028,0.025746773927154,0.0720909669960312,0.0130511329196512,86,65,4,5,-0.0060644188964797,0.0288802923663871,False,0.02,False,False,exploratory,budget20_sign_acc_strong,L4,False,0.8238910505836576,contrasts_per_budget.csv,20.0,0.8421123287671233
BQ,AOPT_vs_MAXMIN_k20_sign_acc_strong,sign_acc_strong,MAXMIN,AOPT,0.0323123492358053,-0.0331896127352693,0.080402760830253,-0.0359964124161187,0.0787330008484961,0.3026,0.0290324101294569,0.0812907483624794,0.032656147227856,86,56,4,5,0.017562016661418,0.052501236249263,True,0.02,False,False,exploratory,budget20_sign_acc_strong,L4,True,0.492192513368984,contrasts_per_budget.csv,20.0,0.4948533834586466
BQ,UNCERT_vs_RANDOM_k20_sign_acc_strong,sign_acc_strong,RANDOM,UNCERT,0.0312210172391602,-0.0027401791754463,0.0771279260652283,-0.0097993522866455,0.0704252145834255,0.071,0.0207018426739423,0.0579651594870384,0.0562063038937765,86,73,5,5,0.0234394845020524,0.0472811081287673,True,0.02,False,False,exploratory,budget20_sign_acc_strong,L4,True,0.1499999999999999,contrasts_per_budget.csv,20.0,0.1528960396039604
BQ,UNCERT_vs_MAXMIN_k20_sign_acc_strong,sign_acc_strong,MAXMIN,UNCERT,0.0551581093620056,0.0039260830737267,0.1157734779249547,-0.0010195818382995,0.110318550691484,0.0346,0.0282444174376066,0.0790843688252986,0.0758113182019813,86,64,5,5,0.0421212087970833,0.0710386585239699,True,0.02,False,False,exploratory,budget20_sign_acc_strong,L4,True,0.0902608695652173,contrasts_per_budget.csv,20.0,0.08905917159763314
BQ,MAXMIN_vs_RANDOM_k20_sign_acc_strong,sign_acc_strong,RANDOM,MAXMIN,-0.0239370921228454,-0.0540059089269854,0.0062370548535856,-0.0616699255835106,0.0007499647812033,0.1066,0.0148695352861783,0.0416346988012994,-0.0196050143082048,86,27,1,5,-0.0288947149664685,-0.0135910263253405,True,0.02,False,False,exploratory,budget20_sign_acc_strong,L4,True,0.2117880794701986,contrasts_per_budget.csv,20.0,0.21770422535211267
BQ,AOPT_vs_RANDOM_k24_mae_all,mae_all,RANDOM,AOPT,-0.0165423603597746,-0.0551607802035991,0.0249707265170071,-0.0715161908032528,0.0197454835943816,0.7282,0.0236120018567463,0.0661136051988897,0.0035885924386964,90,49,4,5,-0.0223340469671991,0.0148799047354523,False,0.02,False,False,exploratory,budget24_mae_all,L4,False,0.8274999999999999,contrasts_per_budget.csv,24.0,0.8469705882352941
BQ,AOPT_vs_MAXMIN_k24_mae_all,mae_all,MAXMIN,AOPT,0.0049326703793905,-0.0431552909401718,0.0602685492529999,-0.0627331827872231,0.0514814190044821,0.7774,0.0296735103611869,0.0830858290113235,0.0281700842961531,90,55,4,5,-0.0034392499774075,0.0434831155606517,False,0.02,False,False,exploratory,budget24_mae_all,L4,False,0.8574264705882353,contrasts_per_budget.csv,24.0,0.8706675191815856
BQ,UNCERT_vs_RANDOM_k24_mae_all,mae_all,RANDOM,UNCERT,0.0045714816207175,-0.0222422858117121,0.024708095328083,-0.0217888757944221,0.0250668173469792,0.6978,0.0118006877946061,0.0330419258248971,0.007953832433708,90,43,4,5,-0.0016856296097051,0.0095373939802867,False,0.02,False,False,exploratory,budget24_mae_all,L4,False,0.8238910505836576,contrasts_per_budget.csv,24.0,0.8421123287671233
BQ,UNCERT_vs_MAXMIN_k24_mae_all,mae_all,MAXMIN,UNCERT,0.0260465123598827,-0.0030675904121007,0.0542127423458973,-0.0030051625603544,0.0542837948198366,0.0726,0.0142213289744837,0.0398197211285545,0.0325353242911647,90,45,5,5,0.0204888953105948,0.0328255331416751,True,0.02,False,False,exploratory,budget24_mae_all,L4,True,0.1523076923076923,contrasts_per_budget.csv,24.0,0.15523529411764708
BQ,MAXMIN_vs_RANDOM_k24_mae_all,mae_all,RANDOM,MAXMIN,-0.0214750307391651,-0.0433535814627536,-0.0064157527076191,-0.0419771590719863,-0.0057640684495073,0.001,0.0094730908102358,0.0265246542686604,-0.0245814918574567,90,32,0,5,-0.0286032108251993,-0.016018087330015,True,0.02,False,False,exploratory,budget24_mae_all,L4,True,0.0046875,contrasts_per_budget.csv,24.0,0.00435
BQ,AOPT_vs_RANDOM_k24_sign_acc_strong,sign_acc_strong,RANDOM,AOPT,-0.034081957354755,-0.0820512942950616,0.0252437924320766,-0.1003451704325921,0.0152515910219283,0.4764,0.0304755999440854,0.0853316798434393,-0.0095410675267608,86,40,3,5,-0.0438283111114341,0.0049382046915818,False,0.02,False,False,exploratory,budget24_sign_acc_strong,L4,False,0.6678504672897195,contrasts_per_budget.csv,24.0,0.673685064935065
BQ,AOPT_vs_MAXMIN_k24_sign_acc_strong,sign_acc_strong,MAXMIN,AOPT,0.0104613890183955,-0.0522934048170818,0.0944663821385908,-0.0703197999247888,0.0775388655325698,0.721,0.0396656114179331,0.1110637119702129,0.0333930383250047,86,35,3,5,-0.0076034600167419,0.0580121880142862,False,0.02,False,False,exploratory,budget24_sign_acc_strong,L4,False,0.8274999999999999,contrasts_per_budget.csv,24.0,0.845377358490566
BQ,UNCERT_vs_RANDOM_k24_sign_acc_strong,sign_acc_strong,RANDOM,UNCERT,0.0209138038188704,-0.0088259497272721,0.0646993095415521,-0.0133172447928727,0.0590200465789192,0.1824,0.0189907320195924,0.0531740496548589,0.0471484806578771,86,65,5,5,0.0130422015108571,0.0342481285220564,True,0.02,False,False,exploratory,budget24_sign_acc_strong,L4,True,0.3257142857142857,contrasts_per_budget.csv,24.0,0.33060000000000006
BQ,UNCERT_vs_MAXMIN_k24_sign_acc_strong,sign_acc_strong,MAXMIN,UNCERT,0.0654571501920209,0.0183793402616179,0.1324074167663975,0.0135057031569114,0.1242871156573651,0.0046,0.0291124289036077,0.0815148009301017,0.0900825865096427,86,58,5,5,0.0515169832449054,0.0873221118447608,True,0.02,True,True,exploratory,budget24_sign_acc_strong,L4,True,0.0172499999999999,contrasts_per_budget.csv,24.0,0.016007999999999998
BQ,MAXMIN_vs_RANDOM_k24_sign_acc_strong,sign_acc_strong,RANDOM,MAXMIN,-0.0445433463731505,-0.0846823350874846,-0.0160258556607207,-0.0951220354814494,-0.0195588087176169,0.0006,0.0177148427980278,0.049601559834478,-0.0429341058517656,86,24,0,5,-0.0530739833227044,-0.0309818663618418,True,0.02,False,False,exploratory,budget24_sign_acc_strong,L4,True,0.003,contrasts_per_budget.csv,24.0,0.0028681318681318675
A,AOPT_vs_RANDOM_k6_mae_all,mae_all,RANDOM,AOPT,0.0635849680272209,0.0105601596614353,0.1006976956013312,0.0228259820858763,0.1128088395096001,0.0162,0.0240640839225125,0.0673794349830351,0.0420161007375913,90,60,5,5,0.0367304530497688,0.0687466714581916,True,0.02,True,True,exploratory,budget6_mae_all,L4,True,0.0495918367346938,contrasts_per_budget.csv,6.0,0.04666887417218543
A,AOPT_vs_MAXMIN_k6_mae_all,mae_all,MAXMIN,AOPT,0.0578817233966453,-0.0417959429591504,0.1323512453065596,-0.0196236903012637,0.1626208194086717,0.3662,0.0473714953725335,0.1326401870430938,0.0132597954518206,90,52,5,5,0.000654315722346,0.0679296690313469,True,0.02,False,False,exploratory,budget6_mae_all,L4,True,0.5608163265306123,contrasts_per_budget.csv,6.0,0.5612112676056339
A,UNCERT_vs_RANDOM_k6_mae_all,mae_all,RANDOM,UNCERT,-0.0143520925731904,-0.0410455701974388,0.0208168137268272,-0.0419732125495144,0.0196296295738716,0.3962,0.0158320659474786,0.0443297846529403,-0.0128118500858564,90,40,2,5,-0.0221926784423769,-0.0052879030754072,True,0.02,False,False,exploratory,budget6_mae_all,L4,True,0.5919402985074627,contrasts_per_budget.csv,6.0,0.5928556701030928
A,UNCERT_vs_MAXMIN_k6_mae_all,mae_all,MAXMIN,UNCERT,-0.020055337203766,-0.0692806319206972,0.0116847910882732,-0.0580159543716166,0.0204651291801607,0.2518,0.0210938771634876,0.0590628560577654,-0.0415681553716271,90,41,2,5,-0.0413640404028299,-0.0158088258241318,True,0.02,False,False,exploratory,budget6_mae_all,L4,True,0.4173480662983426,contrasts_per_budget.csv,6.0,0.4212807692307693
A,MAXMIN_vs_RANDOM_k6_mae_all,mae_all,RANDOM,MAXMIN,0.0057032446305756,-0.0327676417960847,0.0556811320431591,-0.0487790478176273,0.044883268654222,0.7272,0.0243848168554336,0.0682774871952141,0.0287563052857707,90,48,4,5,0.0007517373965102,0.0360761373274227,True,0.02,False,False,exploratory,budget6_mae_all,L4,True,0.8274999999999999,contrasts_per_budget.csv,6.0,0.8469705882352941
A,AOPT_vs_RANDOM_k6_sign_acc_strong,sign_acc_strong,RANDOM,AOPT,0.2529151992511133,0.1655257225218992,0.3041012007097485,0.1833379013326525,0.3145880206406422,0.0,0.0361116236795268,0.101112546302675,0.2108528930433092,86,73,5,5,0.218554393106349,0.2628077380087929,True,0.02,True,True,exploratory,budget6_sign_acc_strong,L4,True,0.0,contrasts_per_budget.csv,6.0,0.0
A,AOPT_vs_MAXMIN_k6_sign_acc_strong,sign_acc_strong,MAXMIN,AOPT,0.5928059367814229,0.4597423766299175,0.672362282000294,0.491060713142367,0.6917595993437098,0.0,0.055458350654805,0.1552833818334541,0.528129258840728,86,81,5,5,0.5365027130905085,0.607444091955912,True,0.02,True,True,exploratory,budget6_sign_acc_strong,L4,True,0.0,contrasts_per_budget.csv,6.0,0.0
A,UNCERT_vs_RANDOM_k6_sign_acc_strong,sign_acc_strong,RANDOM,UNCERT,0.1411377014390696,0.0894957286832752,0.2080044608465497,0.0866882410409376,0.2054451457844829,0.0,0.0300516595391903,0.0841446467097328,0.1388786923491426,86,62,5,5,0.1311636576204969,0.1564530540332827,True,0.02,True,True,exploratory,budget6_sign_acc_strong,L4,True,0.0,contrasts_per_budget.csv,6.0,0.0
A,UNCERT_vs_MAXMIN_k6_sign_acc_strong,sign_acc_strong,MAXMIN,UNCERT,0.4810284389693791,0.4169289001584773,0.5317775600687195,0.4176709565361308,0.5322570603300126,0.0,0.0283029938802073,0.0792483828645806,0.4561550581465616,86,83,5,5,0.4704498149428374,0.4890213864045866,True,0.02,True,True,exploratory,budget6_sign_acc_strong,L4,True,0.0,contrasts_per_budget.csv,6.0,0.0
A,MAXMIN_vs_RANDOM_k6_sign_acc_strong,sign_acc_strong,RANDOM,MAXMIN,-0.3398907375303097,-0.3716364692808257,-0.2888904726589975,-0.3793390814330648,-0.3001046965010985,0.0,0.0216500955236414,0.0606202674661959,-0.3172763657974189,86,0,0,5,-0.346314988698892,-0.3179483199841594,True,0.02,False,False,exploratory,budget6_sign_acc_strong,L4,True,0.0,contrasts_per_budget.csv,6.0,0.0
A,AOPT_vs_RANDOM_k9_mae_all,mae_all,RANDOM,AOPT,0.056144419644314,0.0212192672900311,0.0794984122862754,0.0259444195270347,0.0833960799730167,0.002,0.0152176785868058,0.0426095000430564,0.0492295515072114,90,66,5,5,0.0432792719356021,0.0598855143603879,True,0.02,True,True,exploratory,budget9_mae_all,L4,True,0.0088235294117647,contrasts_per_budget.csv,9.0,0.008130841121495327
A,AOPT_vs_MAXMIN_k9_mae_all,mae_all,MAXMIN,AOPT,0.0790884874022276,0.0115719336395442,0.1274160358950755,0.0268167432059927,0.1443937456606636,0.0184,0.0311971918285315,0.0873521371198882,0.0570516065020697,90,59,5,5,0.0428297312672489,0.0864785122982557,True,0.02,True,True,exploratory,budget9_mae_all,L4,True,0.0552,contrasts_per_budget.csv,9.0,0.05231372549019608
A,UNCERT_vs_RANDOM_k9_mae_all,mae_all,RANDOM,UNCERT,-0.045635337556861,-0.0715951630602274,-0.0077819362324872,-0.0745313453377852,-0.0116522717351966,0.0156,0.0165890480887038,0.0464493346483708,-0.0409643100039738,90,29,1,5,-0.0537805938224955,-0.0321604661752086,True,0.02,False,False,exploratory,budget9_mae_all,L4,True,0.0482474226804123,contrasts_per_budget.csv,9.0,0.045239999999999995
A,UNCERT_vs_MAXMIN_k9_mae_all,mae_all,MAXMIN,UNCERT,-0.0226912697989475,-0.0579838399693932,0.0004104648354574,-0.0537794054672416,0.0024140731304332,0.052,0.014755635875311,0.041315780450871,-0.0331422550091156,90,38,1,5,-0.0326100068435617,-0.0186982884518189,True,0.02,False,False,exploratory,budget9_mae_all,L4,True,0.1190839694656488,contrasts_per_budget.csv,9.0,0.1203191489361702
A,MAXMIN_vs_RANDOM_k9_mae_all,mae_all,RANDOM,MAXMIN,-0.0229440677579134,-0.0537641047379001,0.0178215887148004,-0.0647492705833124,0.0095643176691381,0.3966,0.0194808029623874,0.0545462482946848,-0.0078220549948582,90,41,0,5,-0.0271846793120714,0.0004495406683531,False,0.02,False,False,exploratory,budget9_mae_all,L4,False,0.5919402985074627,contrasts_per_budget.csv,9.0,0.5928556701030928
A,AOPT_vs_RANDOM_k9_sign_acc_strong,sign_acc_strong,RANDOM,AOPT,0.111672908864409,0.0608409599575064,0.1457217091473179,0.0592453494352628,0.1448140222842288,0.0,0.0215289340993761,0.0602810154782531,0.1078181097615958,86,73,5,5,0.1013756700267812,0.1197926720006365,True,0.02,True,True,exploratory,budget9_sign_acc_strong,L4,True,0.0,contrasts_per_budget.csv,9.0,0.0
A,AOPT_vs_MAXMIN_k9_sign_acc_strong,sign_acc_strong,MAXMIN,AOPT,0.289651785331529,0.182856900615856,0.3583933644664919,0.2055168969810005,0.3740838205588551,0.0,0.0459237463225672,0.1285864897031881,0.2536256988905033,86,78,5,5,0.24107429090034,0.3023315338147884,True,0.02,True,True,exploratory,budget9_sign_acc_strong,L4,True,0.0,contrasts_per_budget.csv,9.0,0.0
A,UNCERT_vs_RANDOM_k9_sign_acc_strong,sign_acc_strong,RANDOM,UNCERT,0.0044403920540949,-0.0444846534943462,0.0727597846816333,-0.0611635926652201,0.0584808742206255,0.8102,0.0315144492753408,0.0882404579709542,0.0207112059486174,86,45,4,5,-0.0039169713785132,0.0393098027299617,False,0.02,False,False,exploratory,budget9_sign_acc_strong,L4,False,0.8806521739130435,contrasts_per_budget.csv,9.0,0.887750629722922
A,UNCERT_vs_MAXMIN_k9_sign_acc_strong,sign_acc_strong,MAXMIN,UNCERT,0.1824192685212148,0.133318769429774,0.2212756959162975,0.1329639406165824,0.2211691866638134,0.0,0.0216615009134515,0.0606522025576642,0.1665187950775249,86,74,5,5,0.1729127666549534,0.1919114787938311,True,0.02,True,True,exploratory,budget9_sign_acc_strong,L4,True,0.0,contrasts_per_budget.csv,9.0,0.0
A,MAXMIN_vs_RANDOM_k9_sign_acc_strong,sign_acc_strong,RANDOM,MAXMIN,-0.1779788764671199,-0.2296197394512729,-0.1004941319365727,-0.245145822583246,-0.116762059893351,0.0,0.0344116181229898,0.0963525307443716,-0.1458075891289074,86,12,0,5,-0.1866883214471337,-0.1396986208735588,True,0.02,False,False,exploratory,budget9_sign_acc_strong,L4,True,0.0,contrasts_per_budget.csv,9.0,0.0
A,AOPT_vs_RANDOM_k12_mae_all,mae_all,RANDOM,AOPT,0.0382655992028553,0.0156146559248872,0.0651355094666195,0.0163286358790937,0.0661388859759321,0.0032,0.0124884861504322,0.0349677612212102,0.0393787849934903,90,65,5,5,0.0329217733203978,0.0428848856301412,True,0.02,True,True,exploratory,budget12_mae_all,L4,True,0.0123076923076923,contrasts_per_budget.csv,12.0,0.011600000000000001
A,AOPT_vs_MAXMIN_k12_mae_all,mae_all,MAXMIN,AOPT,0.0602836237740398,0.0270912190442432,0.0838252466891722,0.0306732123895547,0.086956955504854,0.0004,0.0144824410038285,0.0405508348107199,0.054176741642575,90,65,5,5,0.0504864085536858,0.0641934508721638,True,0.02,True,True,exploratory,budget12_mae_all,L4,True,0.0020689655172413,contrasts_per_budget.csv,12.0,0.0019772727272727273
A,UNCERT_vs_RANDOM_k12_mae_all,mae_all,RANDOM,UNCERT,-0.0222921957014488,-0.0491483722570713,-0.0038577602907381,-0.0464380260863348,-0.0020742803153937,0.015,0.011572058818518,0.0324017646918504,-0.0353789328265483,90,31,0,5,-0.0297286382092583,-0.0186246510723549,True,0.02,False,False,exploratory,budget12_mae_all,L4,True,0.046875,contrasts_per_budget.csv,12.0,0.04379194630872483
A,UNCERT_vs_MAXMIN_k12_mae_all,mae_all,MAXMIN,UNCERT,-0.0002741711302642,-0.044842710243979,0.0294370293051762,-0.0342490605489641,0.0375154893533074,0.9164,0.0193254597218827,0.0541112872212716,-0.0205809761774637,90,36,3,5,-0.0208049691489065,0.0050419302777823,False,0.02,False,False,exploratory,budget12_mae_all,L4,False,0.9436734693877552,contrasts_per_budget.csv,12.0,0.9553389021479715
A,MAXMIN_vs_RANDOM_k12_mae_all,mae_all,RANDOM,MAXMIN,-0.0220180245711845,-0.042266542095868,0.0070229055339379,-0.0461255749446323,0.0016791703093259,0.16,0.0128916036943346,0.0360964903441368,-0.0147979566490846,90,36,0,5,-0.0265238657623145,-0.0089236690603518,True,0.02,False,False,exploratory,budget12_mae_all,L4,True,0.2962962962962963,contrasts_per_budget.csv,12.0,0.30129870129870134
A,AOPT_vs_RANDOM_k12_sign_acc_strong,sign_acc_strong,RANDOM,AOPT,0.060370425210457,0.0211750881121246,0.1093955996646194,0.0194095828200249,0.1072379417681207,0.0082,0.0220806419419682,0.0618257974375111,0.0683456956071508,86,64,5,5,0.0528702708204659,0.0694269540478174,True,0.02,True,True,exploratory,budget12_sign_acc_strong,L4,True,0.0279545454545454,contrasts_per_budget.csv,12.0,0.02622794117647059
A,AOPT_vs_MAXMIN_k12_sign_acc_strong,sign_acc_strong,MAXMIN,AOPT,0.1253183354770267,0.0653345915668284,0.1665750131547356,0.0725166470049183,0.1717057959237622,0.0,0.0258197950471863,0.0722954261321216,0.1191100091008477,86,72,5,5,0.1075583192500152,0.1331044335414623,True,0.02,True,True,exploratory,budget12_sign_acc_strong,L4,True,0.0,contrasts_per_budget.csv,12.0,0.0
A,UNCERT_vs_RANDOM_k12_sign_acc_strong,sign_acc_strong,RANDOM,UNCERT,-0.0054510553082127,-0.0377396189755817,0.0245017720613444,-0.0358396068978069,0.026178535205236,0.6978,0.0155925282115184,0.0436590789922517,-0.0215537953132322,86,48,3,5,-0.0127886159956499,-0.0004317380382409,True,0.02,False,False,exploratory,budget12_sign_acc_strong,L4,True,0.8238910505836576,contrasts_per_budget.csv,12.0,0.8421123287671233
A,UNCERT_vs_MAXMIN_k12_sign_acc_strong,sign_acc_strong,MAXMIN,UNCERT,0.0594968549583569,-0.0081178085701649,0.1015023717535524,0.006390520533282,0.1101109158462849,0.0844,0.0283283563162767,0.0793193976855748,0.0292105181804646,86,53,4,5,0.0317229840122246,0.0670668589975387,True,0.02,False,False,exploratory,budget12_sign_acc_strong,L4,True,0.1746206896551724,contrasts_per_budget.csv,12.0,0.17822330097087377
A,MAXMIN_vs_RANDOM_k12_sign_acc_strong,sign_acc_strong,RANDOM,MAXMIN,-0.0649479102665697,-0.1073369622736657,-0.0024704945392557,-0.1155659242196961,-0.0127253921447105,0.0392,0.0276468972577843,0.0774113123217961,-0.0507643134936969,86,31,0,5,-0.0737553488489358,-0.0381313652021978,True,0.02,False,False,exploratory,budget12_sign_acc_strong,L4,True,0.0988235294117647,contrasts_per_budget.csv,12.0,0.098
A,AOPT_vs_RANDOM_k16_mae_all,mae_all,RANDOM,AOPT,0.0248103687734759,0.0065647932799828,0.0506874961329732,0.0055884777692869,0.0489311783108189,0.0072,0.0111569143986551,0.0312393603162345,0.0297983727979096,90,59,4,5,0.0205823062222097,0.032264048504901,True,0.02,True,True,exploratory,budget16_mae_all,L4,True,0.0248275862068965,contrasts_per_budget.csv,16.0,0.023200000000000002
A,AOPT_vs_MAXMIN_k16_mae_all,mae_all,MAXMIN,AOPT,0.050595638045705,0.027393310036768,0.0669271703507852,0.0310607179551661,0.0704201276680708,0.0,0.0101091011908707,0.028305483334438,0.0444627984842054,90,68,5,5,0.042897803948081,0.0529233582536779,True,0.02,True,True,exploratory,budget16_mae_all,L4,True,0.0,contrasts_per_budget.csv,16.0,0.0
A,UNCERT_vs_RANDOM_k16_mae_all,mae_all,RANDOM,UNCERT,-0.0135067852772958,-0.0370901997177732,0.0024040028785859,-0.0355367384938462,0.0031746869536391,0.1022,0.0100137799593697,0.0280385838862353,-0.0208237823729761,90,35,1,5,-0.018984045594126,-0.0100548634217504,True,0.02,False,False,exploratory,budget16_mae_all,L4,True,0.2044,contrasts_per_budget.csv,16.0,0.21069668246445497
A,UNCERT_vs_MAXMIN_k16_mae_all,mae_all,MAXMIN,UNCERT,0.0122784839949332,-0.0337726488803188,0.0433357643821695,-0.0241912903864375,0.0517091360390011,0.6376,0.0202628206335262,0.0567358977738733,-0.0061593566866802,90,42,4,5,-0.008350290150946,0.0171661438403081,False,0.02,False,False,exploratory,budget16_mae_all,L4,False,0.7904132231404958,contrasts_per_budget.csv,16.0,0.8039304347826087
A,MAXMIN_vs_RANDOM_k16_mae_all,mae_all,RANDOM,MAXMIN,-0.025785269272229,-0.0475623135540341,0.0058664976713615,-0.0530720224298382,-0.0009103506890173,0.1252,0.0140635909879301,0.0393780547662044,-0.0146644256862958,90,27,0,5,-0.0303079888786567,-0.0106337554431799,True,0.02,False,False,exploratory,budget16_mae_all,L4,True,0.2396178343949045,contrasts_per_budget.csv,16.0,0.24571621621621625
A,AOPT_vs_RANDOM_k16_sign_acc_strong,sign_acc_strong,RANDOM,AOPT,0.0390150357621233,0.0035910505724144,0.0828219634326303,0.0028302826834698,0.0824028646640276,0.034,0.0199079752842033,0.0557423307957694,0.0448016048476035,86,63,4,5,0.0311626250196075,0.0464409697797407,True,0.02,True,True,exploratory,budget16_sign_acc_strong,L4,True,0.09,contrasts_per_budget.csv,16.0,0.08855357142857143
A,AOPT_vs_MAXMIN_k16_sign_acc_strong,sign_acc_strong,MAXMIN,AOPT,0.1014834058920841,0.0518383378900629,0.1340843630907543,0.0617896629293413,0.1433791160795797,0.0,0.0214709649642123,0.0601187018997946,0.0878730340889914,86,63,5,5,0.0811345574614671,0.1062273283143439,True,0.02,True,True,exploratory,budget16_sign_acc_strong,L4,True,0.0,contrasts_per_budget.csv,16.0,0.0
A,UNCERT_vs_RANDOM_k16_sign_acc_strong,sign_acc_strong,RANDOM,UNCERT,-0.0104684551152686,-0.0381573257953306,0.0173647634562246,-0.0387542590505055,0.0165175209789244,0.4148,0.0135392623433484,0.0379099345613756,-0.0178474507468385,86,52,2,5,-0.0144768242135775,-0.0054260867349558,True,0.02,False,False,exploratory,budget16_sign_acc_strong,L4,True,0.6040776699029126,contrasts_per_budget.csv,16.0,0.6095878378378378
A,UNCERT_vs_MAXMIN_k16_sign_acc_strong,sign_acc_strong,MAXMIN,UNCERT,0.0519999150146921,-0.0155440201319505,0.0946548402763126,-0.0041270357401463,0.103818138143691,0.1334,0.0285165749160781,0.0798464097650187,0.0252239784945493,86,50,5,5,0.0273671711528962,0.0602122259163698,True,0.02,False,False,exploratory,budget16_sign_acc_strong,L4,True,0.2532911392405063,contrasts_per_budget.csv,16.0,0.2590580357142857
A,MAXMIN_vs_RANDOM_k16_sign_acc_strong,sign_acc_strong,RANDOM,MAXMIN,-0.0624683701299608,-0.103246675205693,-0.0011901099063936,-0.1128701399962566,-0.0135928406550363,0.0434,0.026973129442958,0.0755247624402824,-0.0430714292413879,86,32,0,5,-0.070580319181311,-0.0346935876817263,True,0.02,False,False,exploratory,budget16_sign_acc_strong,L4,True,0.1067213114754098,contrasts_per_budget.csv,16.0,0.10666101694915255
A,AOPT_vs_RANDOM_k20_mae_all,mae_all,RANDOM,AOPT,0.0260013836674453,0.0116355221527589,0.0473100601725985,0.0101114510088819,0.0452022608889245,0.0,0.0092967802745841,0.0260309847688355,0.0316121119348117,90,59,4,5,0.0221104577674872,0.0335304457374812,True,0.02,True,True,exploratory,budget20_mae_all,L4,True,0.0,contrasts_per_budget.csv,20.0,0.0
A,AOPT_vs_MAXMIN_k20_mae_all,mae_all,MAXMIN,AOPT,0.0443152470330318,0.0262026663880299,0.0583265565048515,0.0281553082270191,0.0599229689314533,0.0,0.0080456230028911,0.0225277444080952,0.04051303776973,90,71,5,5,0.0408620450566494,0.0468435019150113,True,0.02,True,True,exploratory,budget20_mae_all,L4,True,0.0,contrasts_per_budget.csv,20.0,0.0
A,UNCERT_vs_RANDOM_k20_mae_all,mae_all,RANDOM,UNCERT,-0.0047115618999454,-0.0310597031242096,0.0115729955132407,-0.0263324100937185,0.0149581087932353,0.6024,0.0109468872001938,0.0306512841605427,-0.01316096313834,90,40,1,5,-0.0137206057748333,-0.0019189828423074,True,0.02,False,False,exploratory,budget20_mae_all,L4,True,0.7657627118644069,contrasts_per_budget.csv,20.0,0.7752781065088759
A,UNCERT_vs_MAXMIN_k20_mae_all,mae_all,MAXMIN,UNCERT,0.013602301465641,-0.0311946452469194,0.0425645042602978,-0.0211547964200715,0.051076794930651,0.5836,0.0192480740654158,0.0538946073831642,-0.0042600373034218,90,51,5,5,-0.006389006455665,0.018505081587014,False,0.02,False,False,exploratory,budget20_mae_all,L4,False,0.7567659574468085,contrasts_per_budget.csv,20.0,0.7646566265060242
A,MAXMIN_vs_RANDOM_k20_mae_all,mae_all,RANDOM,MAXMIN,-0.0183138633655865,-0.0345779868388417,0.0059333798152722,-0.0387311783650176,0.0010133700326607,0.1576,0.0106213654625324,0.0297398232950908,-0.0089009258349182,90,28,0,5,-0.0209940717209591,-0.0073315993191682,True,0.02,False,False,exploratory,budget20_mae_all,L4,True,0.2936645962732919,contrasts_per_budget.csv,20.0,0.29937117903930127
A,AOPT_vs_RANDOM_k20_sign_acc_strong,sign_acc_strong,RANDOM,AOPT,0.0361593139908463,0.0070170376249232,0.0655604964336348,0.0074736254675672,0.0659798100327615,0.0192,0.0145927275745768,0.0408596372088152,0.0389634874057897,86,71,4,5,0.0303095753698658,0.0413985154509956,True,0.02,True,True,exploratory,budget20_sign_acc_strong,L4,True,0.057029702970297,contrasts_per_budget.csv,20.0,0.054233766233766224
A,AOPT_vs_MAXMIN_k20_sign_acc_strong,sign_acc_strong,MAXMIN,AOPT,0.0819201180257109,0.0375463030495037,0.11084729351212,0.0451144183024703,0.1173333596321289,0.0,0.0189179321450974,0.0529702100062727,0.0717487468912917,86,63,5,5,0.0659550237254371,0.0858501707707145,True,0.02,True,True,exploratory,budget20_sign_acc_strong,L4,True,0.0,contrasts_per_budget.csv,20.0,0.0
A,UNCERT_vs_RANDOM_k20_sign_acc_strong,sign_acc_strong,RANDOM,UNCERT,0.0090621682712915,-0.018086214419952,0.0321289616795926,-0.0183856216831724,0.0318439307836607,0.4434,0.012432708176396,0.0348115828939089,0.0038264735238423,86,67,4,5,0.0043994326932456,0.0138992176027523,True,0.02,False,False,exploratory,budget20_sign_acc_strong,L4,True,0.6334285714285715,contrasts_per_budget.csv,20.0,0.6407940199335549
A,UNCERT_vs_MAXMIN_k20_sign_acc_strong,sign_acc_strong,MAXMIN,UNCERT,0.0548229723061562,0.0001447044694299,0.0883253827133904,0.00688214579564,0.0933134051600413,0.0488,0.0227178865422601,0.0636100823183283,0.0366117330093443,86,65,5,5,0.0379799767517922,0.0633082767185933,True,0.02,True,True,exploratory,budget20_sign_acc_strong,L4,True,0.114375,contrasts_per_budget.csv,20.0,0.116
A,MAXMIN_vs_RANDOM_k20_sign_acc_strong,sign_acc_strong,RANDOM,MAXMIN,-0.0457608040348646,-0.071203126715987,-0.0063749307847518,-0.0772617258190867,-0.0135226044198075,0.0198,0.0170436408775798,0.0477221944572235,-0.032785259485502,86,31,0,5,-0.0498559236325445,-0.0292199479254658,True,0.02,False,False,exploratory,budget20_sign_acc_strong,L4,True,0.058235294117647,contrasts_per_budget.csv,20.0,0.05556774193548388
A,AOPT_vs_RANDOM_k24_mae_all,mae_all,RANDOM,AOPT,0.0116722262312108,3.635203840976276e-05,0.0282599789734884,-0.0035343535291673,0.0247589834104838,0.0492,0.0074130545486661,0.0207565527362652,0.018871346970193,90,52,5,5,0.0096244572444985,0.0196110629737565,True,0.02,False,False,exploratory,budget24_mae_all,L4,True,0.1144186046511627,contrasts_per_budget.csv,24.0,0.11631521739130435
A,AOPT_vs_MAXMIN_k24_mae_all,mae_all,MAXMIN,AOPT,0.0259927627690771,0.0086037875916918,0.0513574087220717,0.0036133449888652,0.0459811763412939,0.0012,0.0113592283417628,0.0318058393569359,0.0363741295656613,90,59,5,5,0.021848808882091,0.0381809888425943,True,0.02,True,True,exploratory,budget24_mae_all,L4,True,0.0055384615384615,contrasts_per_budget.csv,24.0,0.005168316831683168
A,UNCERT_vs_RANDOM_k24_mae_all,mae_all,RANDOM,UNCERT,-0.0076031969345998,-0.0315134305774813,0.0081777650376051,-0.0276310903038976,0.0110224083832011,0.386,0.0102536543276867,0.0287102321175229,-0.0165398605791081,90,35,1,5,-0.0150374776623358,-0.0054048454182474,True,0.02,False,False,exploratory,budget24_mae_all,L4,True,0.5848484848484848,contrasts_per_budget.csv,24.0,0.5830208333333333
A,UNCERT_vs_MAXMIN_k24_mae_all,mae_all,MAXMIN,UNCERT,0.0067173396032664,-0.0208731532561126,0.0305791339395905,-0.0166187784876079,0.035711160099943,0.6256,0.0129181762907158,0.0361708936140044,0.0009629220163601,90,42,3,5,-0.0013549658637263,0.0095866707547129,False,0.02,False,False,exploratory,budget24_mae_all,L4,False,0.782,contrasts_per_budget.csv,24.0,0.7957192982456142
A,MAXMIN_vs_RANDOM_k24_mae_all,mae_all,RANDOM,MAXMIN,-0.0143205365378663,-0.0294916503375316,-0.003756145578017,-0.0290091843232538,-0.0034999095109523,0.0056,0.00657529912461,0.0184108375489081,-0.0175027825954682,90,31,0,5,-0.0185699258688377,-0.0112885208255475,True,0.02,False,False,exploratory,budget24_mae_all,L4,True,0.0202409638554216,contrasts_per_budget.csv,24.0,0.01903125
A,AOPT_vs_RANDOM_k24_sign_acc_strong,sign_acc_strong,RANDOM,AOPT,1.574599484866387e-05,-0.0200429111001007,0.020360674178577,-0.0210810748745675,0.0195536799366559,0.9862,0.009977100015817,0.0279358800442877,0.0055740559562092,86,55,2,5,-0.0031075433577958,0.0034050595470472,False,0.02,False,False,exploratory,budget24_sign_acc_strong,L4,False,0.9862,contrasts_per_budget.csv,24.0,0.9884723502304147
A,AOPT_vs_MAXMIN_k24_sign_acc_strong,sign_acc_strong,MAXMIN,AOPT,0.029847990641906,0.0113107271954067,0.0584968894104899,0.0113030526996072,0.0584865180688696,0.002,0.0120970783495782,0.0338718193788191,0.0419737334761808,86,57,5,5,0.0229104556901818,0.0371274557412772,True,0.02,True,True,exploratory,budget24_sign_acc_strong,L4,True,0.008695652173913,contrasts_per_budget.csv,24.0,0.008130841121495327
A,UNCERT_vs_RANDOM_k24_sign_acc_strong,sign_acc_strong,RANDOM,UNCERT,0.0050880909524233,-0.0173520653066941,0.0281255033547905,-0.0168846293099643,0.028652304015251,0.6254,0.0113125976409186,0.0316752733945721,0.0047099495112805,86,59,4,5,-0.0004255942374546,0.0088312093969196,False,0.02,False,False,exploratory,budget24_sign_acc_strong,L4,False,0.782,contrasts_per_budget.csv,24.0,0.7957192982456142
A,UNCERT_vs_MAXMIN_k24_sign_acc_strong,sign_acc_strong,MAXMIN,UNCERT,0.0349203355994806,0.0009902185882457,0.0789432712582464,0.0015294963756189,0.0795540723182969,0.0424,0.019492381133071,0.0545786671725988,0.0411096270312521,86,58,5,5,0.0259543310265552,0.0446938187095651,True,0.02,True,True,exploratory,budget24_sign_acc_strong,L4,True,0.1051239669421487,contrasts_per_budget.csv,24.0,0.10479545454545454
A,MAXMIN_vs_RANDOM_k24_sign_acc_strong,sign_acc_strong,RANDOM,MAXMIN,-0.0298322446470573,-0.056770663607577,-0.0113895868031176,-0.0554839251094155,-0.0107775305445772,0.0008,0.0115928153975645,0.0324598831131807,-0.0363996775199715,86,32,0,5,-0.0377143883283999,-0.0243642077062534,True,0.02,False,False,exploratory,budget24_sign_acc_strong,L4,True,0.0038709677419354,contrasts_per_budget.csv,24.0,0.0036631578947368426
BP,AOPT_vs_RANDOM_k6_mae_all,mae_all,RANDOM,AOPT,0.0565885650682267,0.0161895559852625,0.0835516585739146,0.020639125121549,0.0862650111552718,0.0068,0.0172370808299457,0.0482638263238479,0.0533148644024723,90,66,4,5,0.0439298244823316,0.062888287875726,True,0.02,True,True,exploratory,budget6_mae_all,L4,True,0.0237209302325581,contrasts_per_budget.csv,6.0,0.02207462686567164
BP,AOPT_vs_MAXMIN_k6_mae_all,mae_all,MAXMIN,AOPT,0.0291271851215404,-0.0381510480231467,0.0752331845721518,-0.0255823030069551,0.08543045370368,0.422,0.0298476765575904,0.0835734943612533,0.020018422537068,90,54,4,5,-0.001253028001422,0.0404006988447865,False,0.02,False,False,exploratory,budget6_mae_all,L4,False,0.6115942028985507,contrasts_per_budget.csv,6.0,0.618080808080808
BP,UNCERT_vs_RANDOM_k6_mae_all,mae_all,RANDOM,UNCERT,-0.0365819333713256,-0.1170323957344237,0.0634057937665784,-0.1485606497155428,0.0438714352775827,0.647,0.0501531531232267,0.1404288287450349,0.0116428793516168,90,42,2,5,-0.0538143314538141,0.0258509811348244,False,0.02,False,False,exploratory,budget6_mae_all,L4,False,0.7987654320987654,contrasts_per_budget.csv,6.0,0.8134248554913295
BP,UNCERT_vs_MAXMIN_k6_mae_all,mae_all,MAXMIN,UNCERT,-0.0640433133180119,-0.1256481388266097,0.0165940542122459,-0.1452976569249903,0.0009583288656496,0.164,0.0385606043780818,0.1079696922586292,-0.0216535625137875,90,36,2,5,-0.0757236627556404,-0.0193318713489292,True,0.02,False,False,exploratory,budget6_mae_all,L4,True,0.3,contrasts_per_budget.csv,6.0,0.3048717948717949
BP,MAXMIN_vs_RANDOM_k6_mae_all,mae_all,RANDOM,MAXMIN,0.0274613799466863,0.0017589835611351,0.0627972236369713,-0.004886818894883,0.0561185569461249,0.032,0.0162410274203397,0.0454748767769513,0.0332964418654043,90,51,5,5,0.0219093313018262,0.0451828524837537,True,0.02,False,False,exploratory,budget6_mae_all,L4,True,0.087027027027027,contrasts_per_budget.csv,6.0,0.08487804878048781
BP,AOPT_vs_RANDOM_k6_sign_acc_strong,sign_acc_strong,RANDOM,AOPT,0.2282704765907348,0.1501940668557429,0.2829686838325452,0.1497810908983283,0.2827645163644721,0.0,0.033823164198801,0.0947048597566429,0.2207874572025204,86,72,5,5,0.2113310951485744,0.2417699548134558,True,0.02,True,True,exploratory,budget6_sign_acc_strong,L4,True,0.0,contrasts_per_budget.csv,6.0,0.0
BP,AOPT_vs_MAXMIN_k6_sign_acc_strong,sign_acc_strong,MAXMIN,AOPT,0.4651896327067563,0.3442254924695103,0.554255495565229,0.3426237732587534,0.5531531864624496,0.0,0.0539933717562774,0.1511814409175767,0.4542691407220843,86,76,5,5,0.4375077253609442,0.4967208619655368,True,0.02,True,True,exploratory,budget6_sign_acc_strong,L4,True,0.0,contrasts_per_budget.csv,6.0,0.0
BP,UNCERT_vs_RANDOM_k6_sign_acc_strong,sign_acc_strong,RANDOM,UNCERT,0.1694341555097389,0.0618044974549847,0.3095138125615513,0.0245422543160002,0.2812308109913701,0.0004,0.0673888758741949,0.1886888524477458,0.2250840854495515,86,55,5,5,0.1466221855480603,0.2503654485237994,True,0.02,True,True,exploratory,budget6_sign_acc_strong,L4,True,0.0021052631578947,contrasts_per_budget.csv,6.0,0.0019772727272727273
BP,UNCERT_vs_MAXMIN_k6_sign_acc_strong,sign_acc_strong,MAXMIN,UNCERT,0.4063533116257604,0.3029671346090096,0.5496265437299082,0.2753365188159153,0.5220665780119521,0.0,0.0662188297534657,0.1854127233097041,0.4585657689691154,86,81,5,5,0.3745086801988736,0.4800642586562926,True,0.02,True,True,exploratory,budget6_sign_acc_strong,L4,True,0.0,contrasts_per_budget.csv,6.0,0.0
BP,MAXMIN_vs_RANDOM_k6_sign_acc_strong,sign_acc_strong,RANDOM,MAXMIN,-0.2369191561160214,-0.2863759896451182,-0.1793005307458408,-0.2845979048112735,-0.1772941840530854,0.0,0.0270643300018438,0.0757801240051628,-0.2334816835195639,86,4,0,5,-0.2549509071520809,-0.2193270330471298,True,0.02,False,False,exploratory,budget6_sign_acc_strong,L4,True,0.0,contrasts_per_budget.csv,6.0,0.0
BP,AOPT_vs_RANDOM_k9_mae_all,mae_all,RANDOM,AOPT,0.0851834871658549,0.0282796195523722,0.1290655311877562,0.0401939677088538,0.146037223733485,0.0002,0.0277487679417597,0.0776965502369271,0.0574127965337336,90,69,5,5,0.0506943045049943,0.089582741152956,True,0.02,True,True,exploratory,budget9_mae_all,L4,True,0.0011111111111111,contrasts_per_budget.csv,9.0,0.0010116279069767443
BP,AOPT_vs_MAXMIN_k9_mae_all,mae_all,MAXMIN,AOPT,0.0895692267417906,0.0112947066725029,0.1513661264870811,0.0267771463399014,0.1747273814364821,0.0118,0.0387902968316253,0.1086128311285509,0.0639710206815129,90,62,5,5,0.0414406599381125,0.100361489670429,True,0.02,True,True,exploratory,budget9_mae_all,L4,True,0.0389010989010989,contrasts_per_budget.csv,9.0,0.03640425531914893
BP,UNCERT_vs_RANDOM_k9_mae_all,mae_all,RANDOM,UNCERT,-0.028211829308805,-0.0942782477086251,0.0585808663306961,-0.1174647875875216,0.0410444757003265,0.651,0.0417416419282212,0.1168765973990194,0.0101001999217844,90,45,1,5,-0.0462610351384359,0.0215922355472602,False,0.02,False,False,exploratory,budget9_mae_all,L4,False,0.8004098360655738,contrasts_per_budget.csv,9.0,0.81375
BP,UNCERT_vs_MAXMIN_k9_mae_all,mae_all,MAXMIN,UNCERT,-0.0238260897328693,-0.0754397558860672,0.0448174675758461,-0.0916001422648941,0.0312445133123204,0.5892,0.0323033214141205,0.0904492999595374,0.0166584240695636,90,41,2,5,-0.0346819747941616,0.0123385909803784,False,0.02,False,False,exploratory,budget9_mae_all,L4,False,0.7567659574468085,contrasts_per_budget.csv,9.0,0.7673712574850299
BP,MAXMIN_vs_RANDOM_k9_mae_all,mae_all,RANDOM,MAXMIN,-0.0043857395759357,-0.0285072122035752,0.030560467798328,-0.0318172315470864,0.0255426421423343,0.8178,0.0152043098033556,0.0425720674493959,-0.0065582241477792,90,33,2,5,-0.0115790603442742,0.0092536445668817,False,0.02,False,False,exploratory,budget9_mae_all,L4,False,0.8825179856115108,contrasts_per_budget.csv,9.0,0.8915864661654135
BP,AOPT_vs_RANDOM_k9_sign_acc_strong,sign_acc_strong,RANDOM,AOPT,0.139469113925442,0.0514153657738127,0.1984273198115961,0.0726018287171323,0.2175238363250436,0.0004,0.0390828089732282,0.1094318651250389,0.1090708025899865,86,66,5,5,0.0950633892423604,0.1500279023522382,True,0.02,True,True,exploratory,budget9_sign_acc_strong,L4,True,0.0020689655172413,contrasts_per_budget.csv,9.0,0.001955056179775281
BP,AOPT_vs_MAXMIN_k9_sign_acc_strong,sign_acc_strong,MAXMIN,AOPT,0.1934201980525401,0.0622308928507714,0.2888300101871034,0.0897623174351216,0.3215229433828753,0.0,0.0618023305995025,0.1730465256786071,0.1497854128291768,86,70,5,5,0.1187788237137075,0.2129957239731802,True,0.02,True,True,exploratory,budget9_sign_acc_strong,L4,True,0.0,contrasts_per_budget.csv,9.0,0.0
BP,UNCERT_vs_RANDOM_k9_sign_acc_strong,sign_acc_strong,RANDOM,UNCERT,0.028518912153942,-0.0781955349330475,0.1609184322999412,-0.1206107109068217,0.1362077309201652,0.5922,0.0665341145105573,0.1862955206295605,0.0924561537101172,86,50,2,5,0.0089589301361128,0.1123368995464979,True,0.02,False,False,exploratory,budget9_sign_acc_strong,L4,True,0.7567659574468085,contrasts_per_budget.csv,9.0,0.7674642857142857
BP,UNCERT_vs_MAXMIN_k9_sign_acc_strong,sign_acc_strong,MAXMIN,UNCERT,0.0824699962810401,0.0057279370874803,0.1885435921587665,-0.0165295860933208,0.1659440889858447,0.0342,0.0486432769172804,0.1362011753683853,0.1331707639493075,86,54,4,5,0.06292898861932,0.136052334017845,True,0.02,False,False,exploratory,budget9_sign_acc_strong,L4,True,0.09,contrasts_per_budget.csv,9.0,0.08855357142857143
BP,MAXMIN_vs_RANDOM_k9_sign_acc_strong,sign_acc_strong,RANDOM,MAXMIN,-0.053951084127098,-0.0986108484506697,0.010759086296831,-0.1093066958430483,-0.0011058037173681,0.1196,0.0289575531578757,0.081081148842052,-0.0407146102391902,86,30,1,5,-0.0644632721374818,-0.023715434471347,True,0.02,False,False,exploratory,budget9_sign_acc_strong,L4,True,0.2345098039215686,contrasts_per_budget.csv,9.0,0.23865137614678897
BP,AOPT_vs_RANDOM_k12_mae_all,mae_all,RANDOM,AOPT,0.0691122259271962,0.0305708006396743,0.0974183824509955,0.0394433786585977,0.1082566645965348,0.0,0.0179809878741234,0.0503467660475456,0.0472641918704198,90,72,5,5,0.0478673845463005,0.0721065305031016,True,0.02,True,True,exploratory,budget12_mae_all,L4,True,0.0,contrasts_per_budget.csv,12.0,0.0
BP,AOPT_vs_MAXMIN_k12_mae_all,mae_all,MAXMIN,AOPT,0.0996700665683111,0.0273485509805229,0.1577084912665522,0.0403778743163571,0.1808720439347,0.0,0.0364052059885377,0.1019345767679057,0.065228141230752,90,70,5,5,0.054140943266823,0.1101098331034531,True,0.02,True,True,exploratory,budget12_mae_all,L4,True,0.0,contrasts_per_budget.csv,12.0,0.0
BP,UNCERT_vs_RANDOM_k12_mae_all,mae_all,RANDOM,UNCERT,-0.0278128203806592,-0.066436873941974,0.0269550089172357,-0.0745821581594971,0.0174052701603811,0.357,0.0247437288002609,0.0692824406407305,-0.0072854996007633,90,38,3,5,-0.0401116222872042,-0.0032536516274612,True,0.02,False,False,exploratory,budget12_mae_all,L4,True,0.552061855670103,contrasts_per_budget.csv,12.0,0.5526512455516014
BP,UNCERT_vs_MAXMIN_k12_mae_all,mae_all,MAXMIN,UNCERT,0.0027450202604555,-0.0334977250645169,0.0342424005636173,-0.0368022446562216,0.0317516639859699,0.8314,0.0169072216057058,0.0473402204959764,0.0106784497595688,90,41,2,5,-0.0032814234310526,0.0124981559888303,False,0.02,False,False,exploratory,budget12_mae_all,L4,False,0.8884697508896798,contrasts_per_budget.csv,12.0,0.9005149253731344
BP,MAXMIN_vs_RANDOM_k12_mae_all,mae_all,RANDOM,MAXMIN,-0.0305578406411148,-0.0646970335275113,0.0169880132544732,-0.0734823986123048,0.0077386940188757,0.2672,0.0218489360780605,0.0611770210185696,-0.0179639493603322,90,32,1,5,-0.0396045242021371,-0.0062735587205225,True,0.02,False,False,exploratory,budget12_mae_all,L4,True,0.4380327868852459,contrasts_per_budget.csv,12.0,0.4419467680608365
BP,AOPT_vs_RANDOM_k12_sign_acc_strong,sign_acc_strong,RANDOM,AOPT,0.1082734784328746,0.0472963587737276,0.1479088938902806,0.0618605465016573,0.1591383015772752,0.0002,0.026599012763638,0.0744772357381864,0.0773146626352596,86,69,5,5,0.078481739451412,0.1138346994822914,True,0.02,True,True,exploratory,budget12_sign_acc_strong,L4,True,0.001090909090909,contrasts_per_budget.csv,12.0,0.0010357142857142859
BP,AOPT_vs_MAXMIN_k12_sign_acc_strong,sign_acc_strong,MAXMIN,AOPT,0.1540828624527665,0.0281443968619687,0.2462727369195819,0.0527201505012929,0.2757416588995047,0.0024,0.0596924483407993,0.1671388553542382,0.094622724741395,86,64,5,5,0.0826808904010484,0.1688384200937852,True,0.02,True,True,exploratory,budget12_sign_acc_strong,L4,True,0.0102857142857142,contrasts_per_budget.csv,12.0,0.00949090909090909
BP,UNCERT_vs_RANDOM_k12_sign_acc_strong,sign_acc_strong,RANDOM,UNCERT,0.0192102761630588,-0.0449742469485439,0.1061360855056172,-0.062634045986397,0.0893051349779674,0.5662,0.0406577876063683,0.1138418052978313,0.0557508126985461,86,47,3,5,0.0044443831030639,0.0647875982086756,True,0.02,False,False,exploratory,budget12_sign_acc_strong,L4,True,0.7472489082969432,contrasts_per_budget.csv,12.0,0.7560273556231002
BP,UNCERT_vs_MAXMIN_k12_sign_acc_strong,sign_acc_strong,MAXMIN,UNCERT,0.0650196601829508,0.0018595088947204,0.1364112802697306,0.0109451650936827,0.1512901113147082,0.0462,0.0336056348670141,0.0940957776276395,0.0730588748046815,86,66,4,5,0.040095523308706,0.0786218918377743,True,0.02,True,True,exploratory,budget12_sign_acc_strong,L4,True,0.1117741935483871,contrasts_per_budget.csv,12.0,0.11227374301675977
BP,MAXMIN_vs_RANDOM_k12_sign_acc_strong,sign_acc_strong,RANDOM,MAXMIN,-0.0458093840198919,-0.1068117912403239,0.0415913771600091,-0.1205318761492513,0.0267528126423084,0.3694,0.0396296656279378,0.1109630637582259,-0.0173080621061353,86,36,2,5,-0.0607997841097083,-0.0041991509496363,True,0.02,False,False,exploratory,budget12_sign_acc_strong,L4,True,0.5625380710659899,contrasts_per_budget.csv,12.0,0.5638210526315789
BP,AOPT_vs_RANDOM_k16_mae_all,mae_all,RANDOM,AOPT,0.0601826426745885,0.03591964226734,0.0757400110452845,0.0405666094099972,0.0787932501647191,0.0,0.0103370858479845,0.0289438403743568,0.047005169356213,90,82,5,5,0.0508482106821357,0.0623990328360902,True,0.02,True,True,exploratory,budget16_mae_all,L4,True,0.0,contrasts_per_budget.csv,16.0,0.0
BP,AOPT_vs_MAXMIN_k16_mae_all,mae_all,MAXMIN,AOPT,0.0985713300157796,0.0355900137925061,0.1526641367480358,0.0455365958891861,0.1769597891754734,0.0,0.0337841027591476,0.0945954877256133,0.0578972219311509,90,76,5,5,0.0540856299507502,0.1032440371668164,True,0.02,True,True,exploratory,budget16_mae_all,L4,True,0.0,contrasts_per_budget.csv,16.0,0.0
BP,UNCERT_vs_RANDOM_k16_mae_all,mae_all,RANDOM,UNCERT,0.0288608786526758,-0.0105231340587322,0.0550486551960949,-0.0028111325536774,0.0610638819677646,0.1658,0.0170762333626017,0.0478134534152849,0.0160241675364043,90,55,4,5,0.0118205506538188,0.0324172428341316,True,0.02,False,False,exploratory,budget16_mae_all,L4,True,0.3014545454545455,contrasts_per_budget.csv,16.0,0.3069063829787234
BP,UNCERT_vs_MAXMIN_k16_mae_all,mae_all,MAXMIN,UNCERT,0.0672495659938668,-0.0097468560511349,0.1309056869140823,0.0044282066848864,0.1600276826290187,0.1364,0.0400673331267571,0.11218853275492,0.0269162201113421,90,56,4,5,0.0150579699224333,0.0740190717058208,True,0.02,False,False,exploratory,budget16_mae_all,L4,True,0.2573584905660377,contrasts_per_budget.csv,16.0,0.26370666666666664
BP,MAXMIN_vs_RANDOM_k16_mae_all,mae_all,RANDOM,MAXMIN,-0.038388687341191,-0.0825027137380684,0.015557115968544,-0.0995983232403893,0.0062234721100477,0.3054,0.0275929488523165,0.0772602567864862,-0.0108920525749378,90,34,1,5,-0.0465093374039743,-0.0032374192686145,True,0.02,False,False,exploratory,budget16_mae_all,L4,True,0.492192513368984,contrasts_per_budget.csv,16.0,0.49570522388059696
BP,AOPT_vs_RANDOM_k16_sign_acc_strong,sign_acc_strong,RANDOM,AOPT,0.0942544759881001,0.0480820114859311,0.1224952297426831,0.0569481492910067,0.127566141801185,0.0,0.0193047343378605,0.0540532561460096,0.0770743268676848,86,76,5,5,0.0764246525404235,0.1010972696340753,True,0.02,True,True,exploratory,budget16_sign_acc_strong,L4,True,0.0,contrasts_per_budget.csv,16.0,0.0
BP,AOPT_vs_MAXMIN_k16_sign_acc_strong,sign_acc_strong,MAXMIN,AOPT,0.1568633202472948,0.0411870961239624,0.2520441655980543,0.0589405861825594,0.2921127931687636,0.0,0.0610044880065414,0.1708125664183161,0.0887998245057186,86,68,5,5,0.0760833139635134,0.1646336943064123,True,0.02,True,True,exploratory,budget16_sign_acc_strong,L4,True,0.0,contrasts_per_budget.csv,16.0,0.0
BP,UNCERT_vs_RANDOM_k16_sign_acc_strong,sign_acc_strong,RANDOM,UNCERT,0.0806553823850444,0.0288796722657531,0.1127243414234402,0.0329777062096547,0.1148359078452147,0.0028,0.021285976301114,0.0596007336431193,0.0717232854101851,86,69,5,5,0.0657526963702673,0.0897594221016951,True,0.02,True,True,exploratory,budget16_sign_acc_strong,L4,True,0.0113513513513513,contrasts_per_budget.csv,16.0,0.010591304347826087
BP,UNCERT_vs_MAXMIN_k16_sign_acc_strong,sign_acc_strong,MAXMIN,UNCERT,0.1432642266442392,0.0197893568848377,0.2378385335700364,0.0441808561636129,0.2759478979951193,0.0118,0.0609130065780721,0.170556418418602,0.0834487830482188,86,61,5,5,0.0654113577933573,0.1528465349953405,True,0.02,True,True,exploratory,budget16_sign_acc_strong,L4,True,0.0384782608695652,contrasts_per_budget.csv,16.0,0.03640425531914893
BP,MAXMIN_vs_RANDOM_k16_sign_acc_strong,sign_acc_strong,RANDOM,MAXMIN,-0.0626088442591947,-0.1385252463113647,0.0335500245426583,-0.1674320134044559,0.0179372783753603,0.3916,0.0488466003894993,0.1367704810905982,-0.0117254976380337,86,37,2,5,-0.0759506159139104,0.00034133857691,False,0.02,False,False,exploratory,budget16_sign_acc_strong,L4,False,0.5903517587939698,contrasts_per_budget.csv,16.0,0.5894325259515572
BP,AOPT_vs_RANDOM_k20_mae_all,mae_all,RANDOM,AOPT,0.0208460168067749,0.0092005620043854,0.0343356365739458,0.0100801937735987,0.0353214528488304,0.003,0.0063330304046244,0.0177324851329484,0.0172745213858709,90,74,5,5,0.0173955996435273,0.0229079534166281,True,0.02,True,True,exploratory,budget20_mae_all,L4,True,0.0116883116883116,contrasts_per_budget.csv,20.0,0.010966386554621848
BP,AOPT_vs_MAXMIN_k20_mae_all,mae_all,MAXMIN,AOPT,0.0228160344258057,0.0082750162611532,0.0439175795481721,0.0076137080006298,0.0427620977405953,0.001,0.0092355260551434,0.0258594729544015,0.0236677456426923,90,60,5,5,0.0179506809961405,0.0295348991298116,True,0.02,True,True,exploratory,budget20_mae_all,L4,True,0.0046875,contrasts_per_budget.csv,20.0,0.00435
BP,UNCERT_vs_RANDOM_k20_mae_all,mae_all,RANDOM,UNCERT,0.0042335177784928,-0.0179356692186242,0.0205433916396402,-0.0174475251001703,0.0209526485699765,0.659,0.009690524978547,0.0271334699399316,0.0031382836983916,90,50,3,5,-0.0001800262342806,0.0081678253342556,False,0.02,False,False,exploratory,budget20_mae_all,L4,False,0.8069387755102041,contrasts_per_budget.csv,20.0,0.8190428571428572
BP,UNCERT_vs_MAXMIN_k20_mae_all,mae_all,MAXMIN,UNCERT,0.0062035353975236,-0.01277282588061,0.0249752950820518,-0.0132803990006287,0.0240162248215861,0.4718,0.0093091022991534,0.0260654864376295,0.009531507955213,90,57,2,5,0.0031927288209172,0.010496633306359,True,0.02,False,False,exploratory,budget20_mae_all,L4,True,0.6645070422535211,contrasts_per_budget.csv,20.0,0.6706960784313726
BP,MAXMIN_vs_RANDOM_k20_mae_all,mae_all,RANDOM,MAXMIN,-0.0019700176190308,-0.0206217240903521,0.0107252544167825,-0.0204309010758503,0.0108088703420694,0.7912,0.0080261974319506,0.0224733528094618,-0.0063932242568213,90,46,3,5,-0.0066269457131834,0.0028893356304513,False,0.02,False,False,exploratory,budget20_mae_all,L4,False,0.8631272727272727,contrasts_per_budget.csv,20.0,0.8735329949238579
BP,AOPT_vs_RANDOM_k20_sign_acc_strong,sign_acc_strong,RANDOM,AOPT,0.0290000106492954,0.0034264794749764,0.0533484679909494,0.0042730007345408,0.0544291498825911,0.0288,0.0124104376619154,0.0347492254533633,0.0228988778961103,86,67,5,5,0.0222695805148045,0.0339881061409453,True,0.02,True,True,exploratory,budget20_sign_acc_strong,L4,True,0.0807476635514018,contrasts_per_budget.csv,20.0,0.07830000000000001
BP,AOPT_vs_MAXMIN_k20_sign_acc_strong,sign_acc_strong,MAXMIN,AOPT,0.0317391524875641,0.006340775476515,0.0661078906646752,0.0085894307675117,0.0708697117379049,0.014,0.0152012295359609,0.0425634427006907,0.0306247736066946,86,61,5,5,0.0215980819104732,0.0388439960738043,True,0.02,True,True,exploratory,budget20_sign_acc_strong,L4,True,0.0446808510638297,contrasts_per_budget.csv,20.0,0.04171232876712329
BP,UNCERT_vs_RANDOM_k20_sign_acc_strong,sign_acc_strong,RANDOM,UNCERT,0.0279203096962291,0.0007356285720214,0.0597351574256559,-0.0030683484901905,0.0558880982954062,0.0466,0.0145694146138277,0.0407943609187177,0.0430581632806258,86,70,4,5,0.0240353859988548,0.0348214735325339,True,0.02,False,False,exploratory,budget20_sign_acc_strong,L4,True,0.11184,contrasts_per_budget.csv,20.0,0.11261666666666667
BP,UNCERT_vs_MAXMIN_k20_sign_acc_strong,sign_acc_strong,MAXMIN,UNCERT,0.0306594515344977,0.0007169276638872,0.075320644442217,-0.0013404469376903,0.0720944228820694,0.0444,0.0192303091681602,0.0538448656708485,0.05078405899121,86,61,4,5,0.0204374033859269,0.0438196275060632,True,0.02,False,False,exploratory,budget20_sign_acc_strong,L4,True,0.1082926829268292,contrasts_per_budget.csv,20.0,0.10850561797752808
BP,MAXMIN_vs_RANDOM_k20_sign_acc_strong,sign_acc_strong,RANDOM,MAXMIN,-0.0027391418382686,-0.035915178048539,0.0195494280700141,-0.039186071106414,0.0180266724803841,0.8644,0.0142969880370449,0.0400315665037257,-0.0077258957105842,86,56,3,5,-0.0098726789169302,0.007474846204186,False,0.02,False,False,exploratory,budget20_sign_acc_strong,L4,False,0.9130985915492956,contrasts_per_budget.csv,20.0,0.9216029411764705
BP,AOPT_vs_RANDOM_k24_mae_all,mae_all,RANDOM,AOPT,0.0084789728624884,0.0016369496455353,0.0192147899805395,0.0009914621631093,0.017884996003337,0.01,0.0044946957819836,0.0125851481895541,0.0136571628382026,90,53,5,5,0.0071655069358836,0.011840090244107,True,0.02,True,False,exploratory,budget24_mae_all,L4,True,0.0337078651685393,contrasts_per_budget.csv,24.0,0.03152173913043479
BP,AOPT_vs_MAXMIN_k24_mae_all,mae_all,MAXMIN,AOPT,0.009497818039366,-0.0011192941779438,0.0273318211590402,-0.002818512428129,0.0241103345463842,0.0914,0.0073758208481526,0.0206522983748272,0.0216923657317664,90,48,4,5,0.0070617870730664,0.0162203749752506,True,0.02,False,False,exploratory,budget24_mae_all,L4,True,0.1865306122448979,contrasts_per_budget.csv,24.0,0.19114903846153847
BP,UNCERT_vs_RANDOM_k24_mae_all,mae_all,RANDOM,UNCERT,-0.0058507596123597,-0.0226234000453053,0.004812781394464,-0.0240399142815749,0.0040851311781265,0.3202,0.0069287818548064,0.019400589193458,-0.0081564707992968,90,51,2,5,-0.0089892332174666,-0.0016359835920434,True,0.02,False,False,exploratory,budget24_mae_all,L4,True,0.5095238095238095,contrasts_per_budget.csv,24.0,0.5114835164835164
BP,UNCERT_vs_MAXMIN_k24_mae_all,mae_all,MAXMIN,UNCERT,-0.0048319144354821,-0.023399877133886,0.0112570974884561,-0.0277531422186446,0.0085396805402809,0.5586,0.0086052664245839,0.0240947459888349,-0.000121267905733,90,40,2,5,-0.0074705162397563,0.0012213099453753,False,0.02,False,False,exploratory,budget24_mae_all,L4,False,0.7447999999999999,contrasts_per_budget.csv,24.0,0.7522941176470588
BP,MAXMIN_vs_RANDOM_k24_mae_all,mae_all,RANDOM,MAXMIN,-0.0010188451768775,-0.0139682041938812,0.0075143228932542,-0.0130325889166013,0.008036435120794,0.8322,0.0054476642996793,0.0152534600391022,-0.0080352028935638,90,49,3,5,-0.0043802847311435,0.0008691387802718,False,0.02,False,False,exploratory,budget24_mae_all,L4,False,0.8884697508896798,contrasts_per_budget.csv,24.0,0.9005149253731344
BP,AOPT_vs_RANDOM_k24_sign_acc_strong,sign_acc_strong,RANDOM,AOPT,0.0121323360669001,-0.0031932781385491,0.0337509875199004,-0.0057622129153319,0.0306132386520422,0.1216,0.0094100828703512,0.0263482320369833,0.0232498604699607,86,65,4,5,0.0095691870794518,0.0178892429980177,True,0.02,False,False,exploratory,budget24_sign_acc_strong,L4,True,0.2353548387096774,contrasts_per_budget.csv,24.0,0.24043636363636364
BP,AOPT_vs_MAXMIN_k24_sign_acc_strong,sign_acc_strong,MAXMIN,AOPT,0.0080515104246324,-0.0101530274102394,0.0364706065111702,-0.0101856750492064,0.0363941540622405,0.4136,0.0117477539121419,0.0328937109539974,0.0247831841495869,86,29,3,5,0.0033168223119811,0.0139354297042862,True,0.02,False,False,exploratory,budget24_sign_acc_strong,L4,True,0.6040776699029126,contrasts_per_budget.csv,24.0,0.6095878378378378
BP,UNCERT_vs_RANDOM_k24_sign_acc_strong,sign_acc_strong,RANDOM,UNCERT,-0.0024547092358698,-0.0223821826696038,0.0153664648636463,-0.027818569275796,0.0122943910313676,0.8174,0.0093741373149668,0.0262475844819071,0.0022114472766899,86,60,2,5,-0.0047952930885955,0.0034767611334373,False,0.02,False,False,exploratory,budget24_sign_acc_strong,L4,False,0.8825179856115108,contrasts_per_budget.csv,24.0,0.8915864661654135
BP,UNCERT_vs_MAXMIN_k24_sign_acc_strong,sign_acc_strong,MAXMIN,UNCERT,-0.0065355348781375,-0.032089211326412,0.0187027201379381,-0.0356008417919247,0.0163366538762479,0.5802,0.0126324724894564,0.0353709229704781,0.0037447709563161,86,22,2,5,-0.0114418352884685,0.0013459439405649,False,0.02,False,False,exploratory,budget24_sign_acc_strong,L4,False,0.7567659574468085,contrasts_per_budget.csv,24.0,0.762498489425982
BP,MAXMIN_vs_RANDOM_k24_sign_acc_strong,sign_acc_strong,RANDOM,MAXMIN,0.0040808256422676,-0.0112748775538524,0.0171771198578152,-0.0128713492859674,0.016062325955156,0.513,0.0070619551451,0.0197734744062801,-0.0015333236796262,86,61,3,5,0.0021308171928723,0.0071464824145296,True,0.02,False,False,exploratory,budget24_sign_acc_strong,L4,True,0.7059633027522936,contrasts_per_budget.csv,24.0,0.7081139240506329
B,AOPT_vs_RANDOM_CELLMATCHED,mae_all,RANDOM_CELLMATCHED_AOPT,AOPT,-0.0368675296443138,-0.0729580142090536,0.0040742574433978,-0.0882479083745477,-0.0018310217104787,0.1374,0.0224698142406503,0.0629154798738209,-0.0097256641039875,90,30,1,5,-0.0405656982805805,-0.006899387092882,True,0.02,False,False,exploratory,,L4,True,0.2061,contrasts_cellmatched.csv,,0.2644646017699115
B,MAXMIN_vs_RANDOM_CELLMATCHED,mae_all,RANDOM_CELLMATCHED_MAXMIN,MAXMIN,0.0283057108609676,0.010121709808532,0.0535436943107141,0.0085648087481696,0.0513214003538915,0.003,0.0110444728650859,0.0309245240222407,0.0320909306537603,90,65,5,5,0.0247913399146151,0.0352556347812795,True,0.02,True,True,exploratory,,L4,True,0.015,contrasts_cellmatched.csv,,0.010966386554621848
B,UNCERT_vs_RANDOM_CELLMATCHED,mae_all,RANDOM_CELLMATCHED_UNCERT,UNCERT,-0.0486604964964798,-0.084444796163396,0.0015425787071167,-0.0934429985282043,-0.0081960414428468,0.0598,0.0227485682345344,0.0636959910566965,-0.0267714332177049,90,22,2,5,-0.0584822060416312,-0.0243967931544667,True,0.02,False,False,exploratory,,L4,True,0.1495,contrasts_cellmatched.csv,,0.1334
BR,AOPT_vs_RANDOM_CELLMATCHED,mae_all,RANDOM_CELLMATCHED_AOPT,AOPT,-0.005809675801295,-0.0150961929545606,0.0024427633499424,-0.0163875229906307,0.0014328815196088,0.155,0.004361704206166,0.0122127717772648,-0.0060599163050821,90,40,2,5,-0.0072062974115179,-0.0031757383683843,True,0.02,False,False,exploratory,,L4,True,0.2113636363636364,contrasts_cellmatched.csv,,0.2957236842105263
BR,MAXMIN_vs_RANDOM_CELLMATCHED,mae_all,RANDOM_CELLMATCHED_MAXMIN,MAXMIN,0.0155466278545073,-0.0069846066627364,0.0478011937014606,-0.0128257616296457,0.0418955714071332,0.1922,0.014501455570079,0.0406040755962214,0.0251018820181225,90,46,4,5,0.0121311309657456,0.0311642812891959,True,0.02,False,False,exploratory,,L4,True,0.24025,contrasts_cellmatched.csv,,0.3426516393442623
BR,UNCERT_vs_RANDOM_CELLMATCHED,mae_all,RANDOM_CELLMATCHED_UNCERT,UNCERT,-0.018579169940035,-0.0379945042304303,0.0068052579560534,-0.0366133409261096,0.0088006913966105,0.1308,0.0112460018713928,0.0314888052399,-0.0146380108737342,90,31,3,5,-0.0252310203783723,-0.0144948670886329,True,0.02,False,False,exploratory,,L4,True,0.2061,contrasts_cellmatched.csv,,0.2551479820627803
BQ,AOPT_vs_RANDOM_CELLMATCHED,mae_all,RANDOM_CELLMATCHED_AOPT,AOPT,-0.0272240992489624,-0.0532425811564732,0.0030383632269603,-0.0646408543699435,-0.002228989106577,0.1174,0.016142297885775,0.04519843408017,-0.0090117659485137,90,28,1,5,-0.029879335844649,-0.0060024802212448,True,0.02,False,False,exploratory,,L4,True,0.2061,contrasts_cellmatched.csv,,0.23753023255813954
BQ,MAXMIN_vs_RANDOM_CELLMATCHED,mae_all,RANDOM_CELLMATCHED_MAXMIN,MAXMIN,0.0194582304607574,-0.0003696690285608,0.0492531764070527,-0.0033629687827331,0.0450828753064727,0.056,0.01283880373135,0.03594865044778,0.0264267338030227,90,42,4,5,0.0155764510658849,0.030276650108194,True,0.02,False,False,exploratory,,L4,True,0.1495,contrasts_cellmatched.csv,,0.126875
BQ,UNCERT_vs_RANDOM_CELLMATCHED,mae_all,RANDOM_CELLMATCHED_UNCERT,UNCERT,-0.0097018435348994,-0.0490277384763162,0.0158231180709516,-0.0445462842076331,0.0191279402764114,0.509,0.0167877729722867,0.0470057643224028,-0.0173263183419128,90,36,2,5,-0.0232505595205081,-0.0027687018724829,True,0.02,False,False,exploratory,,L4,True,0.5873076923076923,contrasts_cellmatched.csv,,0.7051433121019108
A,AOPT_vs_RANDOM_CELLMATCHED,mae_all,RANDOM_CELLMATCHED_AOPT,AOPT,0.0016968221289528,-0.0082120498473409,0.0136904591461559,-0.0074428435603183,0.0147640089883097,0.7664,0.0055488116457922,0.0155366726082184,0.0016874205843004,90,42,3,5,-0.0012726620516565,0.0034021820407394,False,0.02,False,False,exploratory,,L4,False,0.7663999999999999,contrasts_cellmatched.csv,,0.8706675191815856
A,MAXMIN_vs_RANDOM_CELLMATCHED,mae_all,RANDOM_CELLMATCHED_MAXMIN,MAXMIN,0.0329529150674912,0.0183528313896253,0.0497362314051796,0.0183072293184191,0.0496773715059804,0.0,0.0079142420198013,0.0221598776554436,0.0347195533036538,90,67,5,5,0.030554894298717,0.0357613162992437,True,0.02,True,True,exploratory,,L4,True,0.0,contrasts_cellmatched.csv,,0.0
A,UNCERT_vs_RANDOM_CELLMATCHED,mae_all,RANDOM_CELLMATCHED_UNCERT,UNCERT,-0.0356135757852124,-0.0555536968316854,-0.0172721403261503,-0.0537431641452445,-0.0158613401539349,0.0,0.0094123671541068,0.026354628031499,-0.0405638734824067,90,25,0,5,-0.0414088972571203,-0.0313876132066719,True,0.02,False,False,exploratory,,L4,True,0.0,contrasts_cellmatched.csv,,0.0
BP,AOPT_vs_RANDOM_CELLMATCHED,mae_all,RANDOM_CELLMATCHED_AOPT,AOPT,0.0107798681727661,-0.0103782341824609,0.0289490595515699,-0.0068960096358341,0.0368766603740767,0.601,0.0112254397770504,0.0314312313757411,0.0006813590472583,90,49,4,5,-0.0038659038643915,0.0141106479468036,False,0.02,False,False,exploratory,,L4,False,0.6439285714285715,contrasts_cellmatched.csv,,0.7752781065088759
BP,MAXMIN_vs_RANDOM_CELLMATCHED,mae_all,RANDOM_CELLMATCHED_MAXMIN,MAXMIN,0.0247164925476121,-0.0041900578479341,0.0653760753074696,-0.0121114380791025,0.0571712685839992,0.1084,0.0185863325359188,0.0520417311005727,0.034457693896595,90,44,5,5,0.0174464852968496,0.045154623956668,True,0.02,False,False,exploratory,,L4,True,0.2061,contrasts_cellmatched.csv,,0.22034579439252336
BP,UNCERT_vs_RANDOM_CELLMATCHED,mae_all,RANDOM_CELLMATCHED_UNCERT,UNCERT,-0.0468560194883812,-0.0721563379859644,-0.0116361048553216,-0.0774997126587507,-0.0172755523519314,0.006,0.0157473247899064,0.0440925094117381,-0.0321174446137899,90,26,0,5,-0.0536993756405096,-0.0326946350704828,True,0.02,False,False,exploratory,,L4,True,0.0225,contrasts_cellmatched.csv,,0.020076923076923076
B,AOPT_vs_RANDOM_noDGA,mae_all,RANDOM,AOPT,0.0241434464909485,0.0073947117545127,0.0411558505480598,0.0081073941299198,0.0421031219813941,0.0038,0.0086606129414079,0.0242497162359423,0.0221475951165339,67,43,5,5,0.0199080533123438,0.02730798651968,True,0.02,True,True,exploratory,,L4,True,0.0108571428571428,contrasts_nodga.csv,,0.013439024390243902
B,AOPT_vs_MAXMIN_noDGA,mae_all,MAXMIN,AOPT,0.0247201513426866,-0.000111430642234,0.0521723864937272,0.0027790106305709,0.0575000387129898,0.0518,0.0134753163517497,0.0377308857848993,0.0258214457596416,67,36,5,5,0.0145538158249489,0.0294500051237238,True,0.02,False,False,exploratory,,L4,True,0.1036,contrasts_nodga.csv,,0.1203191489361702
B,UNCERT_vs_RANDOM_noDGA,mae_all,RANDOM,UNCERT,-0.0057240902191007,-0.0385520217113217,0.0265370149021343,-0.03527928091911,0.0299898746671934,0.699,0.0166045984476216,0.0464928756533407,-0.0065487782972801,67,23,2,5,-0.0171195876514314,0.001478712358854,False,0.02,False,False,exploratory,,L4,False,0.9270588235294118,contrasts_nodga.csv,,0.8421123287671233
B,UNCERT_vs_MAXMIN_noDGA,mae_all,MAXMIN,UNCERT,-0.0051473853673627,-0.0451056635056603,0.0295238394112149,-0.0449782875414872,0.0295877336394689,0.7746,0.0190928479132105,0.0534599741569894,-0.0028749276541724,67,27,2,5,-0.0149775690473875,0.0051898457078346,False,0.02,False,False,exploratory,,L4,False,0.9270588235294118,contrasts_nodga.csv,,0.8706675191815856
BR,AOPT_vs_RANDOM_noDGA,mae_all,RANDOM,AOPT,0.0255300781658329,0.0124988165166864,0.0388681008657877,0.0134610584466374,0.0401731545063637,0.0002,0.0067878566304874,0.0190059985653648,0.0239093548927855,67,52,5,5,0.0217842920061435,0.0274979109776082,True,0.02,True,True,exploratory,,L4,True,0.002,contrasts_nodga.csv,,0.0010116279069767443
BR,AOPT_vs_MAXMIN_noDGA,mae_all,MAXMIN,AOPT,0.0322159136845297,0.0097842824749438,0.05489274288876,0.0118787277891933,0.0578577259717779,0.0032,0.0116226829373644,0.0325435122246204,0.0336679904416899,67,42,5,5,0.0240872754710454,0.0361883964298416,True,0.02,True,True,exploratory,,L4,True,0.0095,contrasts_nodga.csv,,0.01150413223140496
BR,UNCERT_vs_RANDOM_noDGA,mae_all,RANDOM,UNCERT,0.0006682979490086,-0.0256070877241432,0.027910044874876,-0.0226532453804929,0.0314603312538042,0.9964,0.0137127621590976,0.0383957340454734,0.0005544241145684,67,25,3,5,-0.0088130987902787,0.0042080584770686,False,0.02,False,False,exploratory,,L4,False,0.9963999999999998,contrasts_nodga.csv,,0.9964
BR,UNCERT_vs_MAXMIN_noDGA,mae_all,MAXMIN,UNCERT,0.0073541334677054,-0.0275536512044401,0.0399252107030859,-0.0251910897799112,0.0423048446039178,0.6872,0.0172392467349914,0.0482698908579759,0.0103130596634728,67,28,3,5,-0.0024024331580509,0.0129111723543009,False,0.02,False,False,exploratory,,L4,False,0.9270588235294118,contrasts_nodga.csv,,0.842061971830986
BQ,AOPT_vs_RANDOM_noDGA,mae_all,RANDOM,AOPT,0.0241274712620722,0.007832445467224,0.0399584681113786,0.0087864003070106,0.0410102997727044,0.0038,0.008223122679875,0.0230247435036501,0.0208053794586078,67,46,5,5,0.0199840249413169,0.0266464051984934,True,0.02,True,True,exploratory,,L4,True,0.0095,contrasts_nodga.csv,,0.013330645161290323
BQ,AOPT_vs_MAXMIN_noDGA,mae_all,MAXMIN,AOPT,0.0271545739589833,0.0051270846004583,0.049097029631278,0.0079783131219828,0.0528421882893582,0.0136,0.0112569173872808,0.0315193686843864,0.0261123004122719,67,41,5,5,0.0190575500761867,0.0300670735064132,True,0.02,True,True,exploratory,,L4,True,0.0302222222222222,contrasts_nodga.csv,,0.04108333333333333
BQ,UNCERT_vs_RANDOM_noDGA,mae_all,RANDOM,UNCERT,-0.0041080375241427,-0.0365121453216385,0.0282595880399564,-0.0348026470718098,0.0299143211025151,0.788,0.0164980914472737,0.0461946560523666,7.740135476437159e-05,67,27,3,5,-0.013731813248044,0.0036701817640026,False,0.02,False,False,exploratory,,L4,False,0.9270588235294118,contrasts_nodga.csv,,0.8722137404580154
BQ,UNCERT_vs_MAXMIN_noDGA,mae_all,MAXMIN,UNCERT,-0.0010809348272316,-0.0421238835542812,0.0336885517640894,-0.044382315597773,0.032337599583587,0.9532,0.0193213311654971,0.0540997272633919,0.0053843223084285,67,31,2,5,-0.0098355252258454,0.0105320594337099,False,0.02,False,False,exploratory,,L4,False,0.9963999999999998,contrasts_nodga.csv,,0.9689650349650349
A,AOPT_vs_RANDOM_noDGA,mae_all,RANDOM,AOPT,0.0344963369491406,0.0169347663427384,0.0524858483106814,0.0179125360935242,0.0533109325747448,0.0002,0.0090471084984977,0.0253319037957936,0.0349658117438269,67,50,5,5,0.0308397809573756,0.0370195032610994,True,0.02,True,True,exploratory,,L4,True,0.0013333333333333,contrasts_nodga.csv,,0.0010116279069767443
A,AOPT_vs_MAXMIN_noDGA,mae_all,MAXMIN,AOPT,0.0359852155651009,0.0135210158558668,0.0577598895908641,0.0141401724915473,0.0584766943625986,0.0008,0.0114125018975734,0.0319550053132056,0.0395708706332229,67,43,5,5,0.0315249258389662,0.0396549183957683,True,0.02,True,True,exploratory,,L4,True,0.004,contrasts_nodga.csv,,0.003625
A,UNCERT_vs_RANDOM_noDGA,mae_all,RANDOM,UNCERT,-0.0191531894151949,-0.0408228779095124,0.001148235849096,-0.0385129701149435,0.0036279221829038,0.0664,0.0108138040949409,0.0302786514658347,-0.0234747966604164,67,24,0,5,-0.02651758379051,-0.0161326327860235,True,0.02,False,False,exploratory,,L4,True,0.1207272727272727,contrasts_nodga.csv,,0.1451457286432161
A,UNCERT_vs_MAXMIN_noDGA,mae_all,MAXMIN,UNCERT,-0.0176643107992346,-0.0451544180138714,0.0070565511389847,-0.0438554530940876,0.0082502742184253,0.1608,0.0133174139497766,0.0372887590593744,-0.0188697377710205,67,23,0,5,-0.0226112361825699,-0.013338275510582,True,0.02,False,False,exploratory,,L4,True,0.268,contrasts_nodga.csv,,0.3015
BP,AOPT_vs_RANDOM_noDGA,mae_all,RANDOM,AOPT,0.0380146279794162,0.0235772511745241,0.0511165954937693,0.0230421266282428,0.0508164021589371,0.0,0.0070340859786007,0.0196954407400821,0.0382794498703422,67,54,5,5,0.0360992301918808,0.0404257760150986,True,0.02,True,True,exploratory,,L4,True,0.0,contrasts_nodga.csv,,0.0
BP,AOPT_vs_MAXMIN_noDGA,mae_all,MAXMIN,AOPT,0.0323615798765543,0.010320861047501,0.0563378600146509,0.011660349010495,0.0578784695685614,0.0028,0.0118152810710307,0.0330827869988862,0.0400013579553042,67,48,5,5,0.0244169881571348,0.0384480174076771,True,0.02,True,True,exploratory,,L4,True,0.0095,contrasts_nodga.csv,,0.010591304347826087
BP,UNCERT_vs_RANDOM_noDGA,mae_all,RANDOM,UNCERT,0.0078390100367622,-0.0252392632091283,0.0389939966806082,-0.0218311545712406,0.0421497103112746,0.6574,0.016307670438028,0.0456614772264786,0.0058281837793937,67,40,4,5,-0.0039735012313376,0.0155088656063224,False,0.02,False,False,exploratory,,L4,False,0.9270588235294118,contrasts_nodga.csv,,0.8190428571428572
BP,UNCERT_vs_MAXMIN_noDGA,mae_all,MAXMIN,UNCERT,0.0021859619339003,-0.0304436108994694,0.0303948577569522,-0.0330720937716145,0.0287727666665609,0.877,0.0157153408504677,0.0440029543813095,0.0075500918643556,67,33,3,5,-0.0029681748824567,0.0117598538739986,False,0.02,False,False,exploratory,,L4,False,0.9744444444444444,contrasts_nodga.csv,,0.9282116788321167
