pair_id,condition_id,extractant,ecfp_exact_cluster,pair_label,metal_A,metal_B,source_id_A,source_id_B,geometry_key_A,geometry_key_B,geometry_feature_build_id_A,geometry_feature_build_id_B,vr_graph_index_A,vr_graph_index_B,log_SF_A_over_B,outer_fold,prediction_baseline,prediction_2d_second_unshrunk,prediction_2d_ensemble,prediction_delta3d_unshrunk,prediction_delta3d,prediction_simplicial_unshrunk,prediction_simplicial
6dc34862c4c667f9746f,b73b5c8942c90c4485ef,CCCCCCCCCCN(CCCCCCCCCC)C(=O)C(C)OC(C)C(=O)N(CCCCCCCCCC)CCCCCCCCCC,e2ca18693d3269d22b7c,Ce-Pr,Ce,Pr,Ca_SAFE:8956,Ca_SAFE:8961,58|CCCCCCCCCCN(CCCCCCCCCC)C(=O)C(C)OC(C)C(=O)N(CCCCCCCCCC)CCCCCCCCCC|nitrate,59|CCCCCCCCCCN(CCCCCCCCCC)C(=O)C(C)OC(C)C(=O)N(CCCCCCCCCC)CCCCCCCCCC|nitrate,f9562d4a626b,002121ae5677,69,809,-0.17609125905568124,2,-0.04606689480654464,-0.0568406256739905,-0.04606689480654464,-0.18993743073613978,-0.04606689480654464,-0.2567323048909505,-0.04606689480654464
df41a4be6a8d16a4870b,b73b5c8942c90c4485ef,CCCCCCCCCCN(CCCCCCCCCC)C(=O)C(C)OC(C)C(=O)N(CCCCCCCCCC)CCCCCCCCCC,e2ca18693d3269d22b7c,Pr-Nd,Pr,Nd,Ca_SAFE:8961,Ca_SAFE:8966,59|CCCCCCCCCCN(CCCCCCCCCC)C(=O)C(C)OC(C)C(=O)N(CCCCCCCCCC)CCCCCCCCCC|nitrate,60|CCCCCCCCCCN(CCCCCCCCCC)C(=O)C(C)OC(C)C(=O)N(CCCCCCCCCC)CCCCCCCCCC|nitrate,002121ae5677,f08b024abf27,809,802,-0.08517160973681226,2,-0.17944820404892078,-0.17989980068444666,-0.17944820404892078,-0.0891871978900151,-0.17944820404892078,-0.03551970509579405,-0.17944820404892078
6d8461ed1b908823ff4c,b73b5c8942c90c4485ef,CCCCCCCCCCN(CCCCCCCCCC)C(=O)C(C)OC(C)C(=O)N(CCCCCCCCCC)CCCCCCCCCC,e2ca18693d3269d22b7c,Sm-Eu,Sm,Eu,Ca_SAFE:8971,Ca_SAFE:8976,62|CCCCCCCCCCN(CCCCCCCCCC)C(=O)C(C)OC(C)C(=O)N(CCCCCCCCCC)CCCCCCCCCC|nitrate,63|CCCCCCCCCCN(CCCCCCCCCC)C(=O)C(C)OC(C)C(=O)N(CCCCCCCCCC)CCCCCCCCCC|nitrate,63f877d64bd9,4982246f582c,922,282,-0.06694678963061307,2,-0.03931873820054671,-0.050964344812889084,-0.03931873820054671,-0.019667721122318602,-0.03931873820054671,-0.23322578271230063,-0.03931873820054671
7100ff16d71aec58aace,b73b5c8942c90c4485ef,CCCCCCCCCCN(CCCCCCCCCC)C(=O)C(C)OC(C)C(=O)N(CCCCCCCCCC)CCCCCCCCCC,e2ca18693d3269d22b7c,Eu-Gd,Eu,Gd,Ca_SAFE:8976,Ca_SAFE:8981,63|CCCCCCCCCCN(CCCCCCCCCC)C(=O)C(C)OC(C)C(=O)N(CCCCCCCCCC)CCCCCCCCCC|nitrate,64|CCCCCCCCCCN(CCCCCCCCCC)C(=O)C(C)OC(C)C(=O)N(CCCCCCCCCC)CCCCCCCCCC|nitrate,4982246f582c,37b6322ee57d,282,454,0.06694678963061307,2,-0.0017323498038412828,-0.018169220824129098,-0.0017323498038412828,-0.03514230824623804,-0.0017323498038412828,-0.07934146312375863,-0.0017323498038412828
2b7b9637db2a6fad3328,b73b5c8942c90c4485ef,CCCCCCCCCCN(CCCCCCCCCC)C(=O)C(C)OC(C)C(=O)N(CCCCCCCCCC)CCCCCCCCCC,e2ca18693d3269d22b7c,Gd-Tb,Gd,Tb,Ca_SAFE:8981,Ca_SAFE:8986,64|CCCCCCCCCCN(CCCCCCCCCC)C(=O)C(C)OC(C)C(=O)N(CCCCCCCCCC)CCCCCCCCCC|nitrate,65|CCCCCCCCCCN(CCCCCCCCCC)C(=O)C(C)OC(C)C(=O)N(CCCCCCCCCC)CCCCCCCCCC|nitrate,37b6322ee57d,fbc5bc0bae10,454,1036,-0.17609125905568113,2,-0.1107455329741874,-0.13330537008231677,-0.1107455329741874,-0.14368481290441443,-0.1107455329741874,-0.26839791735013324,-0.1107455329741874
86b141508d9ccffd27e1,b73b5c8942c90c4485ef,CCCCCCCCCCN(CCCCCCCCCC)C(=O)C(C)OC(C)C(=O)N(CCCCCCCCCC)CCCCCCCCCC,e2ca18693d3269d22b7c,Tb-Dy,Tb,Dy,Ca_SAFE:8986,Ca_SAFE:8991,65|CCCCCCCCCCN(CCCCCCCCCC)C(=O)C(C)OC(C)C(=O)N(CCCCCCCCCC)CCCCCCCCCC|nitrate,66|CCCCCCCCCCN(CCCCCCCCCC)C(=O)C(C)OC(C)C(=O)N(CCCCCCCCCC)CCCCCCCCCC|nitrate,fbc5bc0bae10,5b1c88b12f99,1036,91,-0.06694678963061329,2,-0.02127409290256277,-0.04007396783431447,-0.02127409290256277,-0.00447876634400519,-0.02127409290256277,-0.08549403150876363,-0.02127409290256277
682915ec1690a2738725,ff3b44da0432eb209aa7,CCCCCCCCCCN(CCCCCCCCCC)C(=O)C(C)OC(C)C(=O)N(CCCCCCCCCC)CCCCCCCCCC,e2ca18693d3269d22b7c,Ce-Pr,Ce,Pr,Ca_SAFE:8957,Ca_SAFE:8962,58|CCCCCCCCCCN(CCCCCCCCCC)C(=O)C(C)OC(C)C(=O)N(CCCCCCCCCC)CCCCCCCCCC|nitrate,59|CCCCCCCCCCN(CCCCCCCCCC)C(=O)C(C)OC(C)C(=O)N(CCCCCCCCCC)CCCCCCCCCC|nitrate,f9562d4a626b,002121ae5677,69,809,-0.23408320603336796,2,-0.048336152872731644,-0.06299310356098078,-0.048336152872731644,-0.19756362899168886,-0.048336152872731644,-0.23869249721368155,-0.048336152872731644
779f35f9c71f75372822,ff3b44da0432eb209aa7,CCCCCCCCCCN(CCCCCCCCCC)C(=O)C(C)OC(C)C(=O)N(CCCCCCCCCC)CCCCCCCCCC,e2ca18693d3269d22b7c,Pr-Nd,Pr,Nd,Ca_SAFE:8962,Ca_SAFE:8967,59|CCCCCCCCCCN(CCCCCCCCCC)C(=O)C(C)OC(C)C(=O)N(CCCCCCCCCC)CCCCCCCCCC|nitrate,60|CCCCCCCCCCN(CCCCCCCCCC)C(=O)C(C)OC(C)C(=O)N(CCCCCCCCCC)CCCCCCCCCC|nitrate,002121ae5677,f08b024abf27,809,802,-0.09691001300805646,2,-0.1831757648865584,-0.1871228630176504,-0.1831757648865584,-0.09462206749582622,-0.1831757648865584,-0.00896050843099753,-0.1831757648865584
c3716f220b16b2faa424,ff3b44da0432eb209aa7,CCCCCCCCCCN(CCCCCCCCCC)C(=O)C(C)OC(C)C(=O)N(CCCCCCCCCC)CCCCCCCCCC,e2ca18693d3269d22b7c,Sm-Eu,Sm,Eu,Ca_SAFE:8972,Ca_SAFE:8977,62|CCCCCCCCCCN(CCCCCCCCCC)C(=O)C(C)OC(C)C(=O)N(CCCCCCCCCC)CCCCCCCCCC|nitrate,63|CCCCCCCCCCN(CCCCCCCCCC)C(=O)C(C)OC(C)C(=O)N(CCCCCCCCCC)CCCCCCCCCC|nitrate,63f877d64bd9,4982246f582c,922,282,-0.14721513131945207,2,-0.042335954097917974,-0.053043497351216586,-0.042335954097917974,-0.02338390163873605,-0.042335954097917974,-0.2189848671356837,-0.042335954097917974
46110476593436205067,ff3b44da0432eb209aa7,CCCCCCCCCCN(CCCCCCCCCC)C(=O)C(C)OC(C)C(=O)N(CCCCCCCCCC)CCCCCCCCCC,e2ca18693d3269d22b7c,Eu-Gd,Eu,Gd,Ca_SAFE:8977,Ca_SAFE:8982,63|CCCCCCCCCCN(CCCCCCCCCC)C(=O)C(C)OC(C)C(=O)N(CCCCCCCCCC)CCCCCCCCCC|nitrate,64|CCCCCCCCCCN(CCCCCCCCCC)C(=O)C(C)OC(C)C(=O)N(CCCCCCCCCC)CCCCCCCCCC|nitrate,4982246f582c,37b6322ee57d,282,454,0.1396619934290062,2,-0.007396963592601977,-0.021575352275143567,-0.007396963592601977,-0.03939727284233213,-0.007396963592601977,-0.06544053585578997,-0.007396963592601977
d5e2f4182607d13237eb,ff3b44da0432eb209aa7,CCCCCCCCCCN(CCCCCCCCCC)C(=O)C(C)OC(C)C(=O)N(CCCCCCCCCC)CCCCCCCCCC,e2ca18693d3269d22b7c,Gd-Tb,Gd,Tb,Ca_SAFE:8982,Ca_SAFE:8987,64|CCCCCCCCCCN(CCCCCCCCCC)C(=O)C(C)OC(C)C(=O)N(CCCCCCCCCC)CCCCCCCCCC|nitrate,65|CCCCCCCCCCN(CCCCCCCCCC)C(=O)C(C)OC(C)C(=O)N(CCCCCCCCCC)CCCCCCCCCC|nitrate,37b6322ee57d,fbc5bc0bae10,454,1036,-0.28189498522372025,2,-0.11289583267560252,-0.1360224130728479,-0.11289583267560252,-0.14294437636332502,-0.11289583267560252,-0.24549441039562225,-0.11289583267560252
6924612a9f67c4a17f7a,ff3b44da0432eb209aa7,CCCCCCCCCCN(CCCCCCCCCC)C(=O)C(C)OC(C)C(=O)N(CCCCCCCCCC)CCCCCCCCCC,e2ca18693d3269d22b7c,Tb-Dy,Tb,Dy,Ca_SAFE:8987,Ca_SAFE:8992,65|CCCCCCCCCCN(CCCCCCCCCC)C(=O)C(C)OC(C)C(=O)N(CCCCCCCCCC)CCCCCCCCCC|nitrate,66|CCCCCCCCCCN(CCCCCCCCCC)C(=O)C(C)OC(C)C(=O)N(CCCCCCCCCC)CCCCCCCCCC|nitrate,fbc5bc0bae10,5b1c88b12f99,1036,91,-0.06862037352017936,2,-0.025487247205917767,-0.04390414755257942,-0.025487247205917767,-0.011017615676232918,-0.025487247205917767,-0.05799060190717379,-0.025487247205917767
9a23d04e3440f4d3d6fc,1247177a7304e64cef11,CCCCCCCCCCN(CCCCCCCCCC)C(=O)C(C)OC(C)C(=O)N(CCCCCCCCCC)CCCCCCCCCC,e2ca18693d3269d22b7c,Ce-Pr,Ce,Pr,Ca_SAFE:8958,Ca_SAFE:8963,58|CCCCCCCCCCN(CCCCCCCCCC)C(=O)C(C)OC(C)C(=O)N(CCCCCCCCCC)CCCCCCCCCC|nitrate,59|CCCCCCCCCCN(CCCCCCCCCC)C(=O)C(C)OC(C)C(=O)N(CCCCCCCCCC)CCCCCCCCCC|nitrate,f9562d4a626b,002121ae5677,69,809,-0.2645131618382188,2,-0.051409451394939173,-0.06479482941277717,-0.051409451394939173,-0.1947630694750895,-0.051409451394939173,-0.21993734687566757,-0.051409451394939173
2ea55f774ecd6008d680,1247177a7304e64cef11,CCCCCCCCCCN(CCCCCCCCCC)C(=O)C(C)OC(C)C(=O)N(CCCCCCCCCC)CCCCCCCCCC,e2ca18693d3269d22b7c,Pr-Nd,Pr,Nd,Ca_SAFE:8963,Ca_SAFE:8968,59|CCCCCCCCCCN(CCCCCCCCCC)C(=O)C(C)OC(C)C(=O)N(CCCCCCCCCC)CCCCCCCCCC|nitrate,60|CCCCCCCCCCN(CCCCCCCCCC)C(=O)C(C)OC(C)C(=O)N(CCCCCCCCCC)CCCCCCCCCC|nitrate,002121ae5677,f08b024abf27,809,802,-0.16840443038939013,2,-0.18695043455222493,-0.1885225657709781,-0.18695043455222493,-0.09185278088191481,-0.18695043455222493,0.01845221718152364,-0.18695043455222493
67cf9f8fae7214c8d171,1247177a7304e64cef11,CCCCCCCCCCN(CCCCCCCCCC)C(=O)C(C)OC(C)C(=O)N(CCCCCCCCCC)CCCCCCCCCC,e2ca18693d3269d22b7c,Sm-Eu,Sm,Eu,Ca_SAFE:8973,Ca_SAFE:8978,62|CCCCCCCCCCN(CCCCCCCCCC)C(=O)C(C)OC(C)C(=O)N(CCCCCCCCCC)CCCCCCCCCC|nitrate,63|CCCCCCCCCCN(CCCCCCCCCC)C(=O)C(C)OC(C)C(=O)N(CCCCCCCCCC)CCCCCCCCCC|nitrate,63f877d64bd9,4982246f582c,922,282,-0.19535916932313446,2,-0.04344720647286072,-0.05677644171333596,-0.04344720647286072,-0.028158421051941655,-0.04344720647286072,-0.20589333772659302,-0.04344720647286072
da51e6ae62b7d2fc0a67,1247177a7304e64cef11,CCCCCCCCCCN(CCCCCCCCCC)C(=O)C(C)OC(C)C(=O)N(CCCCCCCCCC)CCCCCCCCCC,e2ca18693d3269d22b7c,Eu-Gd,Eu,Gd,Ca_SAFE:8978,Ca_SAFE:8983,63|CCCCCCCCCCN(CCCCCCCCCC)C(=O)C(C)OC(C)C(=O)N(CCCCCCCCCC)CCCCCCCCCC|nitrate,64|CCCCCCCCCCN(CCCCCCCCCC)C(=O)C(C)OC(C)C(=O)N(CCCCCCCCCC)CCCCCCCCCC|nitrate,4982246f582c,37b6322ee57d,282,454,0.17527260757500107,2,-0.01158126292237633,-0.02668444354180686,-0.01158126292237633,-0.04558764717700053,-0.01158126292237633,-0.04981096306194862,-0.01158126292237633
d4a331926b20f150dac5,1247177a7304e64cef11,CCCCCCCCCCN(CCCCCCCCCC)C(=O)C(C)OC(C)C(=O)N(CCCCCCCCCC)CCCCCCCCCC,e2ca18693d3269d22b7c,Gd-Tb,Gd,Tb,Ca_SAFE:8983,Ca_SAFE:8988,64|CCCCCCCCCCN(CCCCCCCCCC)C(=O)C(C)OC(C)C(=O)N(CCCCCCCCCC)CCCCCCCCCC|nitrate,65|CCCCCCCCCCN(CCCCCCCCCC)C(=O)C(C)OC(C)C(=O)N(CCCCCCCCCC)CCCCCCCCCC|nitrate,37b6322ee57d,fbc5bc0bae10,454,1036,-0.3119333586743056,2,-0.10809651984174964,-0.13294119068922428,-0.10809651984174964,-0.14431827543871328,-0.10809651984174964,-0.22077200810114542,-0.10809651984174964
aac3f41f21bf71a5ea46,1247177a7304e64cef11,CCCCCCCCCCN(CCCCCCCCCC)C(=O)C(C)OC(C)C(=O)N(CCCCCCCCCC)CCCCCCCCCC,e2ca18693d3269d22b7c,Tb-Dy,Tb,Dy,Ca_SAFE:8988,Ca_SAFE:8993,65|CCCCCCCCCCN(CCCCCCCCCC)C(=O)C(C)OC(C)C(=O)N(CCCCCCCCCC)CCCCCCCCCC|nitrate,66|CCCCCCCCCCN(CCCCCCCCCC)C(=O)C(C)OC(C)C(=O)N(CCCCCCCCCC)CCCCCCCCCC|nitrate,fbc5bc0bae10,5b1c88b12f99,1036,91,-0.08453196443172617,2,-0.030135292287075663,-0.050343650857045716,-0.030135292287075663,-0.017862428174808202,-0.030135292287075663,-0.03166956578691801,-0.030135292287075663
b5c8545f737c764440a7,76e7b5bb3f4c6d5679d4,CCCCCCCCCCN(CCCCCCCCCC)C(=O)C(C)OC(C)C(=O)N(CCCCCCCCCC)CCCCCCCCCC,e2ca18693d3269d22b7c,Ce-Pr,Ce,Pr,Ca_SAFE:8959,Ca_SAFE:8964,58|CCCCCCCCCCN(CCCCCCCCCC)C(=O)C(C)OC(C)C(=O)N(CCCCCCCCCC)CCCCCCCCCC|nitrate,59|CCCCCCCCCCN(CCCCCCCCCC)C(=O)C(C)OC(C)C(=O)N(CCCCCCCCCC)CCCCCCCCCC|nitrate,f9562d4a626b,002121ae5677,69,809,-0.2787536009528291,2,-0.05513017128688276,-0.06595203315034828,-0.05513017128688276,-0.1889145265395877,-0.05513017128688276,-0.2011698285738627,-0.05513017128688276
4c578bddb586a40b4a82,76e7b5bb3f4c6d5679d4,CCCCCCCCCCN(CCCCCCCCCC)C(=O)C(C)OC(C)C(=O)N(CCCCCCCCCC)CCCCCCCCCC,e2ca18693d3269d22b7c,Pr-Nd,Pr,Nd,Ca_SAFE:8964,Ca_SAFE:8969,59|CCCCCCCCCCN(CCCCCCCCCC)C(=O)C(C)OC(C)C(=O)N(CCCCCCCCCC)CCCCCCCCCC|nitrate,60|CCCCCCCCCCN(CCCCCCCCCC)C(=O)C(C)OC(C)C(=O)N(CCCCCCCCCC)CCCCCCCCCC|nitrate,002121ae5677,f08b024abf27,809,802,-0.18114125179232277,2,-0.18419201691147818,-0.18680967398865456,-0.18419201691147818,-0.08258636916271414,-0.18419201691147818,0.04511551310618719,-0.18419201691147818
25df992bca517882cea5,76e7b5bb3f4c6d5679d4,CCCCCCCCCCN(CCCCCCCCCC)C(=O)C(C)OC(C)C(=O)N(CCCCCCCCCC)CCCCCCCCCC,e2ca18693d3269d22b7c,Sm-Eu,Sm,Eu,Ca_SAFE:8974,Ca_SAFE:8979,62|CCCCCCCCCCN(CCCCCCCCCC)C(=O)C(C)OC(C)C(=O)N(CCCCCCCCCC)CCCCCCCCCC|nitrate,63|CCCCCCCCCCN(CCCCCCCCCC)C(=O)C(C)OC(C)C(=O)N(CCCCCCCCCC)CCCCCCCCCC|nitrate,63f877d64bd9,4982246f582c,922,282,-0.25161526680100366,2,-0.0408788029762209,-0.05658840485798626,-0.0408788029762209,-0.026287332982573255,-0.0408788029762209,-0.19398991763591766,-0.0408788029762209
e59e7fc9e4a30c9900a3,76e7b5bb3f4c6d5679d4,CCCCCCCCCCN(CCCCCCCCCC)C(=O)C(C)OC(C)C(=O)N(CCCCCCCCCC)CCCCCCCCCC,e2ca18693d3269d22b7c,Eu-Gd,Eu,Gd,Ca_SAFE:8979,Ca_SAFE:8984,63|CCCCCCCCCCN(CCCCCCCCCC)C(=O)C(C)OC(C)C(=O)N(CCCCCCCCCC)CCCCCCCCCC|nitrate,64|CCCCCCCCCCN(CCCCCCCCCC)C(=O)C(C)OC(C)C(=O)N(CCCCCCCCCC)CCCCCCCCCC|nitrate,4982246f582c,37b6322ee57d,282,454,0.1576652427878371,2,-0.00962857067848487,-0.025838074282669814,-0.00962857067848487,-0.04412094023195859,-0.00962857067848487,-0.03340173978358507,-0.00962857067848487
0dd1735b2410189b0b0e,76e7b5bb3f4c6d5679d4,CCCCCCCCCCN(CCCCCCCCCC)C(=O)C(C)OC(C)C(=O)N(CCCCCCCCCC)CCCCCCCCCC,e2ca18693d3269d22b7c,Gd-Tb,Gd,Tb,Ca_SAFE:8984,Ca_SAFE:8989,64|CCCCCCCCCCN(CCCCCCCCCC)C(=O)C(C)OC(C)C(=O)N(CCCCCCCCCC)CCCCCCCCCC|nitrate,65|CCCCCCCCCCN(CCCCCCCCCC)C(=O)C(C)OC(C)C(=O)N(CCCCCCCCCC)CCCCCCCCCC|nitrate,37b6322ee57d,fbc5bc0bae10,454,1036,-0.22316679154426922,2,-0.10425428292635901,-0.1293599450704682,-0.10425428292635901,-0.14287511170436237,-0.10425428292635901,-0.1953821505109469,-0.10425428292635901
cd53df05c0d449b60fb3,76e7b5bb3f4c6d5679d4,CCCCCCCCCCN(CCCCCCCCCC)C(=O)C(C)OC(C)C(=O)N(CCCCCCCCCC)CCCCCCCCCC,e2ca18693d3269d22b7c,Tb-Dy,Tb,Dy,Ca_SAFE:8989,Ca_SAFE:8994,65|CCCCCCCCCCN(CCCCCCCCCC)C(=O)C(C)OC(C)C(=O)N(CCCCCCCCCC)CCCCCCCCCC|nitrate,66|CCCCCCCCCCN(CCCCCCCCCC)C(=O)C(C)OC(C)C(=O)N(CCCCCCCCCC)CCCCCCCCCC|nitrate,fbc5bc0bae10,5b1c88b12f99,1036,91,-0.07455049178083017,2,-0.03211427653254732,-0.05001309525209968,-0.03211427653254732,-0.018829842410456352,-0.03211427653254732,-0.008121301730473837,-0.03211427653254732
346fa3a682fbfd2a879d,d697f85b0016169c9002,CCCCCCCCCCN(CCCCCCCCCC)C(=O)C(C)OC(C)C(=O)N(CCCCCCCCCC)CCCCCCCCCC,e2ca18693d3269d22b7c,Ce-Pr,Ce,Pr,Ca_SAFE:8960,Ca_SAFE:8965,58|CCCCCCCCCCN(CCCCCCCCCC)C(=O)C(C)OC(C)C(=O)N(CCCCCCCCCC)CCCCCCCCCC|nitrate,59|CCCCCCCCCCN(CCCCCCCCCC)C(=O)C(C)OC(C)C(=O)N(CCCCCCCCCC)CCCCCCCCCC|nitrate,f9562d4a626b,002121ae5677,69,809,-0.2847927967932953,2,-0.05761414746063312,-0.0670180758478489,-0.05761414746063312,-0.1852108691398987,-0.05761414746063312,-0.1829200635353724,-0.05761414746063312
8a720c65327863bbe977,d697f85b0016169c9002,CCCCCCCCCCN(CCCCCCCCCC)C(=O)C(C)OC(C)C(=O)N(CCCCCCCCCC)CCCCCCCCCC,e2ca18693d3269d22b7c,Pr-Nd,Pr,Nd,Ca_SAFE:8965,Ca_SAFE:8970,59|CCCCCCCCCCN(CCCCCCCCCC)C(=O)C(C)OC(C)C(=O)N(CCCCCCCCCC)CCCCCCCCCC|nitrate,60|CCCCCCCCCCN(CCCCCCCCCC)C(=O)C(C)OC(C)C(=O)N(CCCCCCCCCC)CCCCCCCCCC|nitrate,002121ae5677,f08b024abf27,809,802,-0.1774677878844848,2,-0.18095626943102364,-0.1858283745398962,-0.18095626943102364,-0.07796610271703613,-0.18095626943102364,0.06951023141543071,-0.18095626943102364
9f856e489230c2e37fba,d697f85b0016169c9002,CCCCCCCCCCN(CCCCCCCCCC)C(=O)C(C)OC(C)C(=O)N(CCCCCCCCCC)CCCCCCCCCC,e2ca18693d3269d22b7c,Sm-Eu,Sm,Eu,Ca_SAFE:8975,Ca_SAFE:8980,62|CCCCCCCCCCN(CCCCCCCCCC)C(=O)C(C)OC(C)C(=O)N(CCCCCCCCCC)CCCCCCCCCC|nitrate,63|CCCCCCCCCCN(CCCCCCCCCC)C(=O)C(C)OC(C)C(=O)N(CCCCCCCCCC)CCCCCCCCCC|nitrate,63f877d64bd9,4982246f582c,922,282,-0.325319457464718,2,-0.03870278054528507,-0.05888369215068044,-0.03870278054528507,-0.02579809126669785,-0.03870278054528507,-0.18315868576367697,-0.03870278054528507
8ba56db3c1b56720471a,d697f85b0016169c9002,CCCCCCCCCCN(CCCCCCCCCC)C(=O)C(C)OC(C)C(=O)N(CCCCCCCCCC)CCCCCCCCCC,e2ca18693d3269d22b7c,Eu-Gd,Eu,Gd,Ca_SAFE:8980,Ca_SAFE:8985,63|CCCCCCCCCCN(CCCCCCCCCC)C(=O)C(C)OC(C)C(=O)N(CCCCCCCCCC)CCCCCCCCCC|nitrate,64|CCCCCCCCCCN(CCCCCCCCCC)C(=O)C(C)OC(C)C(=O)N(CCCCCCCCCC)CCCCCCCCCC|nitrate,4982246f582c,37b6322ee57d,282,454,0.11358007793860114,2,-0.006721358970225141,-0.025239134468685878,-0.006721358970225141,-0.04381206823513306,-0.006721358970225141,-0.017766692365209263,-0.006721358970225141
26a63673eaf2b7fe30d2,d697f85b0016169c9002,CCCCCCCCCCN(CCCCCCCCCC)C(=O)C(C)OC(C)C(=O)N(CCCCCCCCCC)CCCCCCCCCC,e2ca18693d3269d22b7c,Gd-Tb,Gd,Tb,Ca_SAFE:8985,Ca_SAFE:8990,64|CCCCCCCCCCN(CCCCCCCCCC)C(=O)C(C)OC(C)C(=O)N(CCCCCCCCCC)CCCCCCCCCC|nitrate,65|CCCCCCCCCCN(CCCCCCCCCC)C(=O)C(C)OC(C)C(=O)N(CCCCCCCCCC)CCCCCCCCCC|nitrate,37b6322ee57d,fbc5bc0bae10,454,1036,-0.17661545282107438,2,-0.10242081369039986,-0.1255808200415131,-0.10242081369039986,-0.1432047151247259,-0.10242081369039986,-0.1704539010922114,-0.10242081369039986
2c8ef1abe1bfdee5d569,d697f85b0016169c9002,CCCCCCCCCCN(CCCCCCCCCC)C(=O)C(C)OC(C)C(=O)N(CCCCCCCCCC)CCCCCCCCCC,e2ca18693d3269d22b7c,Tb-Dy,Tb,Dy,Ca_SAFE:8990,Ca_SAFE:8995,65|CCCCCCCCCCN(CCCCCCCCCC)C(=O)C(C)OC(C)C(=O)N(CCCCCCCCCC)CCCCCCCCCC|nitrate,66|CCCCCCCCCCN(CCCCCCCCCC)C(=O)C(C)OC(C)C(=O)N(CCCCCCCCCC)CCCCCCCCCC|nitrate,fbc5bc0bae10,5b1c88b12f99,1036,91,-0.04523329679528176,2,-0.029876101000969695,-0.04824987737838357,-0.029876101000969695,-0.01927723768774724,-0.029876101000969695,0.011794972543915113,-0.029876101000969695
3ef4a7ca880c90e24a73,9c5dc61ca40221f1d152,CCCCCCCCCCN(CCCCCCCCCC)C(=O)COCC(=O)N(CCCCCC)CCCCCC,0982ebf465b726073008,Dy-Ho,Dy,Ho,Ca_SAFE:10754,Ca_SAFE:10759,66|CCCCCCCCCCN(CCCCCCCCCC)C(=O)COCC(=O)N(CCCCCC)CCCCCC|nitrate,67|CCCCCCCCCCN(CCCCCCCCCC)C(=O)COCC(=O)N(CCCCCC)CCCCCC|nitrate,6beb6e4f3fac,3e850e102c59,101,530,-0.033123959678823756,0,-0.04136389091560934,-0.0318383868294304,-0.0318383868294304,-0.0074359757277826025,-0.015917954524739285,-0.027746887256701786,-0.015917954524739285
add99aaadd5d1c911422,9c5dc61ca40221f1d152,CCCCCCCCCCN(CCCCCCCCCC)C(=O)COCC(=O)N(CCCCCC)CCCCCC,0982ebf465b726073008,Ho-Er,Ho,Er,Ca_SAFE:10759,Ca_SAFE:10764,67|CCCCCCCCCCN(CCCCCCCCCC)C(=O)COCC(=O)N(CCCCCC)CCCCCC|nitrate,68|CCCCCCCCCCN(CCCCCCCCCC)C(=O)COCC(=O)N(CCCCCC)CCCCCC|nitrate,3e850e102c59,55e629e17e99,530,172,-0.014309019241631304,0,-0.13734308718821053,-0.11586195347899632,-0.11586195347899632,-0.060472695225005764,-0.07969029321580695,0.09071867416302364,-0.07969029321580695
ec0c8a4be0f0b44c3d1e,e9318a4d489e724432d5,CCCCCCCCCCN(CCCCCCCCCC)C(=O)COCC(=O)N(CCCCCC)CCCCCC,0982ebf465b726073008,La-Ce,La,Ce,Ca_SAFE:10769,Ca_SAFE:10770,57|CCCCCCCCCCN(CCCCCCCCCC)C(=O)COCC(=O)N(CCCCCC)CCCCCC|nitrate,58|CCCCCCCCCCN(CCCCCCCCCC)C(=O)COCC(=O)N(CCCCCC)CCCCCC|nitrate,b962af2d7020,b7ac3832cbad,637,51,-0.016065900971231617,0,-0.3896414569816743,-0.37227093281767243,-0.37227093281767243,-0.3265257558149889,-0.34230468110666024,-0.08037273989369471,-0.34230468110666024
867f90fd49734eb945ef,e9318a4d489e724432d5,CCCCCCCCCCN(CCCCCCCCCC)C(=O)COCC(=O)N(CCCCCC)CCCCCC,0982ebf465b726073008,Ce-Pr,Ce,Pr,Ca_SAFE:10770,Ca_SAFE:10771,58|CCCCCCCCCCN(CCCCCCCCCC)C(=O)COCC(=O)N(CCCCCC)CCCCCC|nitrate,59|CCCCCCCCCCN(CCCCCCCCCC)C(=O)COCC(=O)N(CCCCCC)CCCCCC|nitrate,b7ac3832cbad,8c73fec5405e,51,850,-0.06673528095742198,0,-0.25785009217954014,-0.2607896393627108,-0.2607896393627108,-0.19739783926950663,-0.21251090249701501,-0.05018161019931237,-0.21251090249701501
2a62a2aa0ba7f7116e3a,e9318a4d489e724432d5,CCCCCCCCCCN(CCCCCCCCCC)C(=O)COCC(=O)N(CCCCCC)CCCCCC,0982ebf465b726073008,Tm-Yb,Tm,Yb,Ca_SAFE:10781,Ca_SAFE:10782,69|CCCCCCCCCCN(CCCCCCCCCC)C(=O)COCC(=O)N(CCCCCC)CCCCCC|nitrate,70|CCCCCCCCCCN(CCCCCCCCCC)C(=O)COCC(=O)N(CCCCCC)CCCCCC|nitrate,83b8adbff60c,214faaf3ceec,1069,1104,-0.00881846504718764,0,-0.013595706245459234,-0.005795564568544576,-0.005795564568544576,-0.006660996332626196,-0.008394673810834455,0.021176124612490337,-0.008394673810834455
ac1b49c45b10962473cf,e9318a4d489e724432d5,CCCCCCCCCCN(CCCCCCCCCC)C(=O)COCC(=O)N(CCCCCC)CCCCCC,0982ebf465b726073008,Yb-Lu,Yb,Lu,Ca_SAFE:10782,Ca_SAFE:10783,70|CCCCCCCCCCN(CCCCCCCCCC)C(=O)COCC(=O)N(CCCCCC)CCCCCC|nitrate,71|CCCCCCCCCCN(CCCCCCCCCC)C(=O)COCC(=O)N(CCCCCC)CCCCCC|nitrate,214faaf3ceec,69820f6ef382,1104,692,-0.007214359945888926,0,-0.09095830273514977,-0.07722624569237807,-0.07722624569237807,-0.07029742110990367,-0.07546264151621519,0.06629851584633191,-0.07546264151621519
5c7f3eb0a5b65bc1564c,2f0919026ceedcacc564,CCCCCCCCCCN(CCCCCCCCCC)C(=O)COCC(=O)N(CCCCCC)CCCCCC,0982ebf465b726073008,Dy-Ho,Dy,Ho,Ca_SAFE:10757,Ca_SAFE:10762,66|CCCCCCCCCCN(CCCCCCCCCC)C(=O)COCC(=O)N(CCCCCC)CCCCCC|nitrate,67|CCCCCCCCCCN(CCCCCCCCCC)C(=O)COCC(=O)N(CCCCCC)CCCCCC|nitrate,6beb6e4f3fac,3e850e102c59,101,530,0.0,0,-0.06686731971058209,-0.05123969389397781,-0.05123969389397781,-0.0229484449394187,-0.033928163632209546,-0.032392444709936775,-0.033928163632209546
8389435a35fe5da9f037,2f0919026ceedcacc564,CCCCCCCCCCN(CCCCCCCCCC)C(=O)COCC(=O)N(CCCCCC)CCCCCC,0982ebf465b726073008,Ho-Er,Ho,Er,Ca_SAFE:10762,Ca_SAFE:10767,67|CCCCCCCCCCN(CCCCCCCCCC)C(=O)COCC(=O)N(CCCCCC)CCCCCC|nitrate,68|CCCCCCCCCCN(CCCCCCCCCC)C(=O)COCC(=O)N(CCCCCC)CCCCCC|nitrate,3e850e102c59,55e629e17e99,530,172,0.035074211541711975,0,-0.1452108448380377,-0.12451712272761525,-0.12451712272761525,-0.07445556403771886,-0.09214438423779857,0.053799292693535485,-0.09214438423779857
21a550642c4429020ad1,b5518a5fe3e80df49a4e,CCCCCCCCCCN(CCCCCCCCCC)C(=O)COCC(=O)N(CCCCCC)CCCCCC,0982ebf465b726073008,Dy-Ho,Dy,Ho,Ca_SAFE:10758,Ca_SAFE:10763,66|CCCCCCCCCCN(CCCCCCCCCC)C(=O)COCC(=O)N(CCCCCC)CCCCCC|nitrate,67|CCCCCCCCCCN(CCCCCCCCCC)C(=O)COCC(=O)N(CCCCCC)CCCCCC|nitrate,6beb6e4f3fac,3e850e102c59,101,530,-0.49485002168006437,0,-0.06731523637849053,-0.05123969389397781,-0.05123969389397781,-0.0229484449394187,-0.03404014279918666,-0.0338811402519544,-0.03404014279918666
95b761215011bee6a494,b5518a5fe3e80df49a4e,CCCCCCCCCCN(CCCCCCCCCC)C(=O)COCC(=O)N(CCCCCC)CCCCCC,0982ebf465b726073008,Ho-Er,Ho,Er,Ca_SAFE:10763,Ca_SAFE:10768,67|CCCCCCCCCCN(CCCCCCCCCC)C(=O)COCC(=O)N(CCCCCC)CCCCCC|nitrate,68|CCCCCCCCCCN(CCCCCCCCCC)C(=O)COCC(=O)N(CCCCCC)CCCCCC|nitrate,3e850e102c59,55e629e17e99,530,172,0.0,0,-0.14565876150594612,-0.12451712272761525,-0.12451712272761525,-0.0744732726155166,-0.09226964483812398,0.0511266328394413,-0.09226964483812398
4ee9794d636f8030f12b,2799be6b6af3d79ecc47,CCCCCCCCCCN(CCCCCCCCCC)C(=O)COCC(=O)N(CCCCCC)CCCCCC,0982ebf465b726073008,Dy-Ho,Dy,Ho,Ca_SAFE:10802,Ca_SAFE:10808,66|CCCCCCCCCCN(CCCCCCCCCC)C(=O)COCC(=O)N(CCCCCC)CCCCCC|water,67|CCCCCCCCCCN(CCCCCCCCCC)C(=O)COCC(=O)N(CCCCCC)CCCCCC|water,2b349d0725cb,ec6e02a60fef,81,571,0.4771212547197452,0,-0.013267220427636476,-0.009526668037502045,-0.009526668037502045,-0.047253730433600885,-0.03875710293210978,-0.061088867485523224,-0.03875710293210978
b3884f2b8f7e96a4dffa,2799be6b6af3d79ecc47,CCCCCCCCCCN(CCCCCCCCCC)C(=O)COCC(=O)N(CCCCCC)CCCCCC,0982ebf465b726073008,Ho-Er,Ho,Er,Ca_SAFE:10808,Ca_SAFE:10814,67|CCCCCCCCCCN(CCCCCCCCCC)C(=O)COCC(=O)N(CCCCCC)CCCCCC|water,68|CCCCCCCCCCN(CCCCCCCCCC)C(=O)COCC(=O)N(CCCCCC)CCCCCC|water,ec6e02a60fef,9217936670e5,571,194,0.0,0,-0.16223724004698478,-0.14718332265541992,-0.14718332265541992,-0.08477424144198695,-0.1041399910932364,0.0722261443734169,-0.1041399910932364
5630aa61b35db62d6c64,286618355c08719398eb,CCCCCCCCCCN(CCCCCCCCCC)C(=O)COCC(=O)N(CCCCCC)CCCCCC,0982ebf465b726073008,Dy-Ho,Dy,Ho,Ca_SAFE:10803,Ca_SAFE:10809,66|CCCCCCCCCCN(CCCCCCCCCC)C(=O)COCC(=O)N(CCCCCC)CCCCCC|water,67|CCCCCCCCCCN(CCCCCCCCCC)C(=O)COCC(=O)N(CCCCCC)CCCCCC|water,2b349d0725cb,ec6e02a60fef,81,571,-0.1249387366082782,0,-0.012819303759728047,-0.009526668037502045,-0.009526668037502045,-0.047253730433600885,-0.038645123765132676,-0.06316158175468445,-0.038645123765132676
64076d9f8209abdcefa0,286618355c08719398eb,CCCCCCCCCCN(CCCCCCCCCC)C(=O)COCC(=O)N(CCCCCC)CCCCCC,0982ebf465b726073008,Ho-Er,Ho,Er,Ca_SAFE:10809,Ca_SAFE:10815,67|CCCCCCCCCCN(CCCCCCCCCC)C(=O)COCC(=O)N(CCCCCC)CCCCCC|water,68|CCCCCCCCCCN(CCCCCCCCCC)C(=O)COCC(=O)N(CCCCCC)CCCCCC|water,ec6e02a60fef,9217936670e5,571,194,0.30102999566391864,0,-0.16178932337907637,-0.14718332265541992,-0.14718332265541992,-0.08477424144198695,-0.1040280119262593,0.07178453728556633,-0.1040280119262593
6ca22da17b089eaf9ddb,37f34c11296ef8dd1871,CCCCCCCCCCN(CCCCCCCCCC)C(=O)COCC(=O)N(CCCCCC)CCCCCC,0982ebf465b726073008,Dy-Ho,Dy,Ho,Ca_SAFE:10804,Ca_SAFE:10810,66|CCCCCCCCCCN(CCCCCCCCCC)C(=O)COCC(=O)N(CCCCCC)CCCCCC|water,67|CCCCCCCCCCN(CCCCCCCCCC)C(=O)COCC(=O)N(CCCCCC)CCCCCC|water,2b349d0725cb,ec6e02a60fef,81,571,-0.07918124604760846,0,-0.005329089037798183,-0.004376733666938293,-0.004376733666938293,-0.02845247691007259,-0.022671629942003987,-0.06589938203493755,-0.022671629942003987
bb0a8dc2e0a959b47c3b,37f34c11296ef8dd1871,CCCCCCCCCCN(CCCCCCCCCC)C(=O)COCC(=O)N(CCCCCC)CCCCCC,0982ebf465b726073008,Ho-Er,Ho,Er,Ca_SAFE:10810,Ca_SAFE:10816,67|CCCCCCCCCCN(CCCCCCCCCC)C(=O)COCC(=O)N(CCCCCC)CCCCCC|water,68|CCCCCCCCCCN(CCCCCCCCCC)C(=O)COCC(=O)N(CCCCCC)CCCCCC|water,ec6e02a60fef,9217936670e5,571,194,0.0,0,-0.15862127819842956,-0.14453400130764282,-0.14453400130764282,-0.06677334436149844,-0.08973532782073122,0.0712308759490649,-0.08973532782073122
29b761542253a0599cd3,f7d1bb4fe286383423de,CCCCCCCCCCN(CCCCCCCCCC)C(=O)COCC(=O)N(CCCCCC)CCCCCC,0982ebf465b726073008,Dy-Ho,Dy,Ho,Ca_SAFE:10805,Ca_SAFE:10811,66|CCCCCCCCCCN(CCCCCCCCCC)C(=O)COCC(=O)N(CCCCCC)CCCCCC|water,67|CCCCCCCCCCN(CCCCCCCCCC)C(=O)COCC(=O)N(CCCCCC)CCCCCC|water,2b349d0725cb,ec6e02a60fef,81,571,-0.06871581236946067,0,-0.00039578725315245265,-0.0018211076938052318,-0.0018211076938052318,-0.02654557242263578,-0.02000812613026495,-0.07907161985834439,-0.02000812613026495
3550d42bbc749a86be98,f7d1bb4fe286383423de,CCCCCCCCCCN(CCCCCCCCCC)C(=O)COCC(=O)N(CCCCCC)CCCCCC,0982ebf465b726073008,Ho-Er,Ho,Er,Ca_SAFE:10811,Ca_SAFE:10817,67|CCCCCCCCCCN(CCCCCCCCCC)C(=O)COCC(=O)N(CCCCCC)CCCCCC|water,68|CCCCCCCCCCN(CCCCCCCCCC)C(=O)COCC(=O)N(CCCCCC)CCCCCC|water,ec6e02a60fef,9217936670e5,571,194,-0.04042865705560805,0,-0.1578785358963738,-0.1440441745954817,-0.1440441745954817,-0.06890626136954742,-0.09114933000125401,0.06917672976851463,-0.09114933000125401
6da0e7dde21c691213b7,88d4f2950957e6d054ca,CCCCCCCCCCN(CCCCCCCCCC)C(=O)COCC(=O)N(CCCCCC)CCCCCC,0982ebf465b726073008,Dy-Ho,Dy,Ho,Ca_SAFE:10806,Ca_SAFE:10812,66|CCCCCCCCCCN(CCCCCCCCCC)C(=O)COCC(=O)N(CCCCCC)CCCCCC|water,67|CCCCCCCCCCN(CCCCCCCCCC)C(=O)COCC(=O)N(CCCCCC)CCCCCC|water,2b349d0725cb,ec6e02a60fef,81,571,-0.056586636911462485,0,0.005599252491704527,0.004659304292066943,0.004659304292066943,-0.02766746156868982,-0.019350783053591232,-0.09613837860524654,-0.019350783053591232
726b14569de8e5cc384b,88d4f2950957e6d054ca,CCCCCCCCCCN(CCCCCCCCCC)C(=O)COCC(=O)N(CCCCCC)CCCCCC,0982ebf465b726073008,Ho-Er,Ho,Er,Ca_SAFE:10812,Ca_SAFE:10818,67|CCCCCCCCCCN(CCCCCCCCCC)C(=O)COCC(=O)N(CCCCCC)CCCCCC|water,68|CCCCCCCCCCN(CCCCCCCCCC)C(=O)COCC(=O)N(CCCCCC)CCCCCC|water,ec6e02a60fef,9217936670e5,571,194,-0.023600752685078774,0,-0.15281334078317504,-0.1397760219395941,-0.1397760219395941,-0.06961570075036289,-0.09041511075856593,0.06809557105104129,-0.09041511075856593
3575859e0511600d5e40,37acd3a8ebcf080e33db,CCCCCCCCCCN(CCCCCCCCCC)C(=O)COCC(=O)N(CCCCCC)CCCCCC,0982ebf465b726073008,Dy-Ho,Dy,Ho,Ca_SAFE:10807,Ca_SAFE:10813,66|CCCCCCCCCCN(CCCCCCCCCC)C(=O)COCC(=O)N(CCCCCC)CCCCCC|water,67|CCCCCCCCCCN(CCCCCCCCCC)C(=O)COCC(=O)N(CCCCCC)CCCCCC|water,2b349d0725cb,ec6e02a60fef,81,571,-0.053588963518695465,0,0.005491613562665287,0.004162776441439043,0.004162776441439043,-0.02766746156868982,-0.01937769278585104,-0.11466299245754878,-0.01937769278585104
b9addc7e0ef56ef25e29,37acd3a8ebcf080e33db,CCCCCCCCCCN(CCCCCCCCCC)C(=O)COCC(=O)N(CCCCCC)CCCCCC,0982ebf465b726073008,Ho-Er,Ho,Er,Ca_SAFE:10813,Ca_SAFE:10819,67|CCCCCCCCCCN(CCCCCCCCCC)C(=O)COCC(=O)N(CCCCCC)CCCCCC|water,68|CCCCCCCCCCN(CCCCCCCCCC)C(=O)COCC(=O)N(CCCCCC)CCCCCC|water,ec6e02a60fef,9217936670e5,571,194,-0.019014560014317894,0,-0.15281334078317504,-0.1397760219395941,-0.1397760219395941,-0.06961570075036289,-0.09041511075856593,0.0694228025774161,-0.09041511075856593
84f754442121b5122071,43780d2a6863fe924c6f,CCCCCCCCCCN(CCCCCCCCCC)C(=O)COCC(=O)N(CCCCCC)CCCCCC,0982ebf465b726073008,Dy-Ho,Dy,Ho,Ca_SAFE:10838,Ca_SAFE:10844,66|CCCCCCCCCCN(CCCCCCCCCC)C(=O)COCC(=O)N(CCCCCC)CCCCCC|water,67|CCCCCCCCCCN(CCCCCCCCCC)C(=O)COCC(=O)N(CCCCCC)CCCCCC|water,2b349d0725cb,ec6e02a60fef,81,571,0.0,0,-0.04984817310400361,-0.03744059213073549,-0.03744059213073549,-0.04998387120817788,-0.04994994668213431,-0.04667635293056568,-0.04994994668213431
7e3cc9a8bbe7417c87f4,43780d2a6863fe924c6f,CCCCCCCCCCN(CCCCCCCCCC)C(=O)COCC(=O)N(CCCCCC)CCCCCC,0982ebf465b726073008,Ho-Er,Ho,Er,Ca_SAFE:10844,Ca_SAFE:10850,67|CCCCCCCCCCN(CCCCCCCCCC)C(=O)COCC(=O)N(CCCCCC)CCCCCC|water,68|CCCCCCCCCCN(CCCCCCCCCC)C(=O)COCC(=O)N(CCCCCC)CCCCCC|water,ec6e02a60fef,9217936670e5,571,194,0.0,0,-0.15345162867555945,-0.13813757421585302,-0.13813757421585302,-0.08267599066381126,-0.10036990016674831,0.06800666078925133,-0.10036990016674831
25c865258dfd76361638,fef52b9ef1d64cf398f7,CCCCCCCCCCN(CCCCCCCCCC)C(=O)COCC(=O)N(CCCCCC)CCCCCC,0982ebf465b726073008,Dy-Ho,Dy,Ho,Ca_SAFE:10839,Ca_SAFE:10845,66|CCCCCCCCCCN(CCCCCCCCCC)C(=O)COCC(=O)N(CCCCCC)CCCCCC|water,67|CCCCCCCCCCN(CCCCCCCCCC)C(=O)COCC(=O)N(CCCCCC)CCCCCC|water,2b349d0725cb,ec6e02a60fef,81,571,0.04139268515822503,0,-0.04940025643609519,-0.03744059213073549,-0.03744059213073549,-0.04998387120817788,-0.049837967515157205,-0.04851510593046745,-0.049837967515157205
73170aa87de419b09288,fef52b9ef1d64cf398f7,CCCCCCCCCCN(CCCCCCCCCC)C(=O)COCC(=O)N(CCCCCC)CCCCCC,0982ebf465b726073008,Ho-Er,Ho,Er,Ca_SAFE:10845,Ca_SAFE:10851,67|CCCCCCCCCCN(CCCCCCCCCC)C(=O)COCC(=O)N(CCCCCC)CCCCCC|water,68|CCCCCCCCCCN(CCCCCCCCCC)C(=O)COCC(=O)N(CCCCCC)CCCCCC|water,ec6e02a60fef,9217936670e5,571,194,0.0,0,-0.153003712007651,-0.13813757421585302,-0.13813757421585302,-0.08267599066381126,-0.1002579209997712,0.06794281055529912,-0.1002579209997712
474f35970f29a0e62f9a,702f8c21215917fda096,CCCCCCCCCCN(CCCCCCCCCC)C(=O)COCC(=O)N(CCCCCC)CCCCCC,0982ebf465b726073008,Dy-Ho,Dy,Ho,Ca_SAFE:10840,Ca_SAFE:10846,66|CCCCCCCCCCN(CCCCCCCCCC)C(=O)COCC(=O)N(CCCCCC)CCCCCC|water,67|CCCCCCCCCCN(CCCCCCCCCC)C(=O)COCC(=O)N(CCCCCC)CCCCCC|water,2b349d0725cb,ec6e02a60fef,81,571,-0.030311914268839057,0,-0.04212225537991675,-0.03455464458782215,-0.03455464458782215,-0.03118261768464956,-0.03391752710846636,-0.050953254103660583,-0.03391752710846636
050ba503e37a5d935b34,702f8c21215917fda096,CCCCCCCCCCN(CCCCCCCCCC)C(=O)COCC(=O)N(CCCCCC)CCCCCC,0982ebf465b726073008,Ho-Er,Ho,Er,Ca_SAFE:10846,Ca_SAFE:10852,67|CCCCCCCCCCN(CCCCCCCCCC)C(=O)COCC(=O)N(CCCCCC)CCCCCC|water,68|CCCCCCCCCCN(CCCCCCCCCC)C(=O)COCC(=O)N(CCCCCC)CCCCCC|water,ec6e02a60fef,9217936670e5,571,194,-0.028333598643935254,0,-0.14905436464364213,-0.13522472980817876,-0.13522472980817876,-0.06467509358332274,-0.08576991134840259,0.06786694253484409,-0.08576991134840259
3f0e33b5e78c685f7abe,b1ebffa5df4f220df779,CCCCCCCCCCN(CCCCCCCCCC)C(=O)COCC(=O)N(CCCCCC)CCCCCC,0982ebf465b726073008,Dy-Ho,Dy,Ho,Ca_SAFE:10841,Ca_SAFE:10847,66|CCCCCCCCCCN(CCCCCCCCCC)C(=O)COCC(=O)N(CCCCCC)CCCCCC|water,67|CCCCCCCCCCN(CCCCCCCCCC)C(=O)COCC(=O)N(CCCCCC)CCCCCC|water,2b349d0725cb,ec6e02a60fef,81,571,-0.02979187025551111,0,-0.03720456928227811,-0.03191830352822277,-0.03191830352822277,-0.028842670282076238,-0.030933145032126706,-0.06283881018559138,-0.030933145032126706
5d961c31d4c6a8ee7548,b1ebffa5df4f220df779,CCCCCCCCCCN(CCCCCCCCCC)C(=O)COCC(=O)N(CCCCCC)CCCCCC,0982ebf465b726073008,Ho-Er,Ho,Er,Ca_SAFE:10847,Ca_SAFE:10853,67|CCCCCCCCCCN(CCCCCCCCCC)C(=O)COCC(=O)N(CCCCCC)CCCCCC|water,68|CCCCCCCCCCN(CCCCCCCCCC)C(=O)COCC(=O)N(CCCCCC)CCCCCC|water,ec6e02a60fef,9217936670e5,571,194,-0.011055365584881738,0,-0.15025102764650944,-0.13527723638157474,-0.13527723638157474,-0.06497799650967176,-0.08629625429388119,0.06767217442393303,-0.08629625429388119
e072ee868615e41c05a7,7ea094774dd00d07a9ac,CCCCCCCCCCN(CCCCCCCCCC)C(=O)COCC(=O)N(CCCCCC)CCCCCC,0982ebf465b726073008,Dy-Ho,Dy,Ho,Ca_SAFE:10842,Ca_SAFE:10848,66|CCCCCCCCCCN(CCCCCCCCCC)C(=O)COCC(=O)N(CCCCCC)CCCCCC|water,67|CCCCCCCCCCN(CCCCCCCCCC)C(=O)COCC(=O)N(CCCCCC)CCCCCC|water,2b349d0725cb,ec6e02a60fef,81,571,-0.026559028519467898,0,-0.025793667179556355,-0.021759408122609403,-0.021759408122609403,-0.030012867374481687,-0.028958067325750354,-0.07878723321482539,-0.028958067325750354
ba9e4a2b9881f5f4a41b,7ea094774dd00d07a9ac,CCCCCCCCCCN(CCCCCCCCCC)C(=O)COCC(=O)N(CCCCCC)CCCCCC,0982ebf465b726073008,Ho-Er,Ho,Er,Ca_SAFE:10848,Ca_SAFE:10854,67|CCCCCCCCCCN(CCCCCCCCCC)C(=O)COCC(=O)N(CCCCCC)CCCCCC|water,68|CCCCCCCCCCN(CCCCCCCCCC)C(=O)COCC(=O)N(CCCCCC)CCCCCC|water,ec6e02a60fef,9217936670e5,571,194,-0.012336679433113673,0,-0.14477443060172618,-0.13040430467438083,-0.13040430467438083,-0.06780062402743255,-0.08704407567100596,0.06801113362113635,-0.08704407567100596
4b253be4e0a44cf3e67f,5b1ab4098045c096ccb2,CCCCCCCCCCN(CCCCCCCCCC)C(=O)COCC(=O)N(CCCCCC)CCCCCC,0982ebf465b726073008,Dy-Ho,Dy,Ho,Ca_SAFE:10843,Ca_SAFE:10849,66|CCCCCCCCCCN(CCCCCCCCCC)C(=O)COCC(=O)N(CCCCCC)CCCCCC|water,67|CCCCCCCCCCN(CCCCCCCCCC)C(=O)COCC(=O)N(CCCCCC)CCCCCC|water,2b349d0725cb,ec6e02a60fef,81,571,-0.005079525529275042,0,-0.025901306108595593,-0.022482787867447084,-0.022482787867447084,-0.030012867374481687,-0.028984977058010165,-0.09695693477988243,-0.028984977058010165
b5761fdfcdfa87797079,5b1ab4098045c096ccb2,CCCCCCCCCCN(CCCCCCCCCC)C(=O)COCC(=O)N(CCCCCC)CCCCCC,0982ebf465b726073008,Ho-Er,Ho,Er,Ca_SAFE:10849,Ca_SAFE:10855,67|CCCCCCCCCCN(CCCCCCCCCC)C(=O)COCC(=O)N(CCCCCC)CCCCCC|water,68|CCCCCCCCCCN(CCCCCCCCCC)C(=O)COCC(=O)N(CCCCCC)CCCCCC|water,ec6e02a60fef,9217936670e5,571,194,-0.00786398326058979,0,-0.14477443060172618,-0.13040430467438083,-0.13040430467438083,-0.06780062402743255,-0.08704407567100596,0.069858368486166,-0.08704407567100596
980470746c74f1b82487,73ae0c5e00dccf6a6f7b,CCCCCCCCCCN(CCCCCCCCCC)C(=O)COCC(=O)N(CCCCCC)CCCCCC,0982ebf465b726073008,Dy-Ho,Dy,Ho,Ca_SAFE:10943,Ca_SAFE:10947,66|CCCCCCCCCCN(CCCCCCCCCC)C(=O)COCC(=O)N(CCCCCC)CCCCCC|nitrate,67|CCCCCCCCCCN(CCCCCCCCCC)C(=O)COCC(=O)N(CCCCCC)CCCCCC|nitrate,6beb6e4f3fac,3e850e102c59,101,530,-0.03921568627450922,0,-0.0532410008724704,-0.04346855161487934,-0.04346855161487934,-0.02973598214286336,-0.03561223682526512,-0.18419021740555763,-0.03561223682526512
cec06c818f1a2c81fa5e,73ae0c5e00dccf6a6f7b,CCCCCCCCCCN(CCCCCCCCCC)C(=O)COCC(=O)N(CCCCCC)CCCCCC,0982ebf465b726073008,Ho-Er,Ho,Er,Ca_SAFE:10947,Ca_SAFE:10951,67|CCCCCCCCCCN(CCCCCCCCCC)C(=O)COCC(=O)N(CCCCCC)CCCCCC|nitrate,68|CCCCCCCCCCN(CCCCCCCCCC)C(=O)COCC(=O)N(CCCCCC)CCCCCC|nitrate,3e850e102c59,55e629e17e99,530,172,-0.024509803921569873,0,-0.14222836904322927,-0.12112832577796309,-0.12112832577796309,-0.07592797620604771,-0.09250307441534311,0.07598719870050748,-0.09250307441534311
c4504ac9b172be574a12,e66e60096dd56476b494,CCCCCCCCCCN(CCCCCCCCCC)C(=O)COCC(=O)N(CCCCCC)CCCCCC,0982ebf465b726073008,Dy-Ho,Dy,Ho,Ca_SAFE:10944,Ca_SAFE:10948,66|CCCCCCCCCCN(CCCCCCCCCC)C(=O)COCC(=O)N(CCCCCC)CCCCCC|nitrate,67|CCCCCCCCCCN(CCCCCCCCCC)C(=O)COCC(=O)N(CCCCCC)CCCCCC|nitrate,6beb6e4f3fac,3e850e102c59,101,530,-0.04411764705882337,0,-0.0532410008724704,-0.04346855161487934,-0.04346855161487934,-0.02973598214286336,-0.03561223682526512,-0.15486090878645578,-0.03561223682526512
7bb830898d185f43bfd6,e66e60096dd56476b494,CCCCCCCCCCN(CCCCCCCCCC)C(=O)COCC(=O)N(CCCCCC)CCCCCC,0982ebf465b726073008,Ho-Er,Ho,Er,Ca_SAFE:10948,Ca_SAFE:10952,67|CCCCCCCCCCN(CCCCCCCCCC)C(=O)COCC(=O)N(CCCCCC)CCCCCC|nitrate,68|CCCCCCCCCCN(CCCCCCCCCC)C(=O)COCC(=O)N(CCCCCC)CCCCCC|nitrate,3e850e102c59,55e629e17e99,530,172,-0.02124183006535807,0,-0.14222836904322927,-0.12112832577796309,-0.12112832577796309,-0.07592797620604771,-0.09250307441534311,0.06964393456776936,-0.09250307441534311
c708a0b1b52855d16acc,8ca0d1e40f4a092956d2,CCCCCCCCCCN(CCCCCCCCCC)C(=O)COCC(=O)N(CCCCCC)CCCCCC,0982ebf465b726073008,Dy-Ho,Dy,Ho,Ca_SAFE:10946,Ca_SAFE:10950,66|CCCCCCCCCCN(CCCCCCCCCC)C(=O)COCC(=O)N(CCCCCC)CCCCCC|nitrate,67|CCCCCCCCCCN(CCCCCCCCCC)C(=O)COCC(=O)N(CCCCCC)CCCCCC|nitrate,6beb6e4f3fac,3e850e102c59,101,530,-0.0898692810457522,0,-0.05709569846408434,-0.04225163612956169,-0.04225163612956169,-0.008164474674856669,-0.02039728062216359,-0.035033139089743294,-0.02039728062216359
50c9221e09bbe066040b,8ca0d1e40f4a092956d2,CCCCCCCCCCN(CCCCCCCCCC)C(=O)COCC(=O)N(CCCCCC)CCCCCC,0982ebf465b726073008,Ho-Er,Ho,Er,Ca_SAFE:10950,Ca_SAFE:10954,67|CCCCCCCCCCN(CCCCCCCCCC)C(=O)COCC(=O)N(CCCCCC)CCCCCC|nitrate,68|CCCCCCCCCCN(CCCCCCCCCC)C(=O)COCC(=O)N(CCCCCC)CCCCCC|nitrate,3e850e102c59,55e629e17e99,530,172,-0.06045751633986729,0,-0.11871532727578553,-0.10915441769209039,-0.10915441769209039,-0.05213837851133707,-0.06878261570244919,0.11759214972456296,-0.06878261570244919
fef915ce2baa6fd27ce8,2d31c0946fdca48f7b83,CCCCCCCCN(CCCCCCCC)C(=O)COCC(=O)N(CCCCCCCC)CCCCCCCC,0982ebf465b726073008,La-Ce,La,Ce,Ca_SAFE:11530,Ca_SAFE:11524,57|CCCCCCCCN(CCCCCCCC)C(=O)COCC(=O)N(CCCCCCCC)CCCCCCCC|nitrate,58|CCCCCCCCN(CCCCCCCC)C(=O)COCC(=O)N(CCCCCCCC)CCCCCCCC|nitrate,195a6a071085,daa93503e260,584,62,-0.2041199826559248,0,-0.3902039228671693,-0.3690002877856857,-0.3690002877856857,-0.32505161851697784,-0.34133969460452573,0.002329500081638495,-0.34133969460452573
1b1fe4982348c574c6ac,e24e427030cb969d293f,CCCCCCCCN(CCCCCCCC)C(=O)COCC(=O)N(CCCCCCCC)CCCCCCCC,0982ebf465b726073008,Tb-Dy,Tb,Dy,Ca_SAFE:11535,Ca_SAFE:11525,65|CCCCCCCCN(CCCCCCCC)C(=O)COCC(=O)N(CCCCCCCC)CCCCCCCC|nitrate,66|CCCCCCCCN(CCCCCCCC)C(=O)COCC(=O)N(CCCCCCCC)CCCCCCCC|nitrate,28d4b8569192,ece8108f76e3,975,144,-0.1260777980454797,0,-0.02132857461664891,-0.009092550757000228,-0.009092550757000228,-0.04787721696520839,-0.04124005637806852,0.04833709091568986,-0.04124005637806852
91b9b71464b4d28a3a3a,2e26c85b53a98604da92,CCCCCCCCN(CCCCCCCC)C(=O)COCC(=O)N(CCCCCCCC)CCCCCCCC,0982ebf465b726073008,Ho-Er,Ho,Er,Ca_SAFE:11529,Ca_SAFE:11526,67|CCCCCCCCN(CCCCCCCC)C(=O)COCC(=O)N(CCCCCCCC)CCCCCCCC|nitrate,68|CCCCCCCCN(CCCCCCCC)C(=O)COCC(=O)N(CCCCCCCC)CCCCCCCC|nitrate,9a0b2ab62928,389643f6ef69,548,162,-0.03151404448085415,0,-0.14820788977381014,-0.1283020111297309,-0.1283020111297309,-0.10397945433026677,-0.11503656319115262,0.07019227122267087,-0.11503656319115262
29abc74db506074991f9,2e26c85b53a98604da92,CCCCCCCCN(CCCCCCCC)C(=O)COCC(=O)N(CCCCCCCC)CCCCCCCC,0982ebf465b726073008,Er-Tm,Er,Tm,Ca_SAFE:11526,Ca_SAFE:11536,68|CCCCCCCCN(CCCCCCCC)C(=O)COCC(=O)N(CCCCCCCC)CCCCCCCC|nitrate,69|CCCCCCCCN(CCCCCCCC)C(=O)COCC(=O)N(CCCCCCCC)CCCCCCCC|nitrate,389643f6ef69,78c4dd080e4c,162,1065,-0.06303814100105676,0,-0.050785721646273485,-0.04902478208956726,-0.04902478208956726,-0.01878797321062331,-0.026787410319535854,0.07936741473774116,-0.026787410319535854
7710c85b0a12e8436d63,2e26c85b53a98604da92,CCCCCCCCN(CCCCCCCC)C(=O)COCC(=O)N(CCCCCCCC)CCCCCCCC,0982ebf465b726073008,Tm-Yb,Tm,Yb,Ca_SAFE:11536,Ca_SAFE:11537,69|CCCCCCCCN(CCCCCCCC)C(=O)COCC(=O)N(CCCCCCCC)CCCCCCCC|nitrate,70|CCCCCCCCN(CCCCCCCC)C(=O)COCC(=O)N(CCCCCCCC)CCCCCCCC|nitrate,78c4dd080e4c,b626912f120c,1065,1139,-0.010490195437530492,0,-0.021676655700714698,-0.012913092057159722,-0.012913092057159722,-0.08042127359749598,-0.06573511912330066,-0.028835954998309415,-0.06573511912330066
00fd746e60c759a7ebb8,7f215f9f9b3f18532c6b,CCCCCCCCN(CCCCCCCC)C(=O)COCC(=O)N(CCCCCCCC)CCCCCCCC,0982ebf465b726073008,Sm-Eu,Sm,Eu,Ca_SAFE:11534,Ca_SAFE:11527,62|CCCCCCCCN(CCCCCCCC)C(=O)COCC(=O)N(CCCCCCCC)CCCCCCCC|nitrate,63|CCCCCCCCN(CCCCCCCC)C(=O)COCC(=O)N(CCCCCCCC)CCCCCCCC|nitrate,932854907794,3f1e9baa527a,935,276,-0.29420490262944177,0,-0.11403885658492643,-0.08753344779502183,-0.08753344779502183,-0.12879363788191828,-0.12510494255767032,-0.0815059207379818,-0.12510494255767032
f4ada829de07c3d69879,a571e9c57f8dbd6f0e49,CCCCCCCCN(CCCCCCCC)C(=O)COCC(=O)N(CCCCCCCC)CCCCCCCC,0982ebf465b726073008,Pr-Nd,Pr,Nd,Ca_SAFE:11533,Ca_SAFE:11532,59|CCCCCCCCN(CCCCCCCC)C(=O)COCC(=O)N(CCCCCCCC)CCCCCCCC|nitrate,60|CCCCCCCCN(CCCCCCCC)C(=O)COCC(=O)N(CCCCCCCC)CCCCCCCC|nitrate,bfc694b020e5,f627b8cfec4b,866,803,-0.22029492154773467,0,-0.18985471739038032,-0.20578183298705674,-0.20578183298705674,-0.18963204905036973,-0.1896877161353724,0.16220492124557495,-0.1896877161353724
ac218e1c1b5e5043300a,7b68b5051e900022f9ac,CCCCCCCCN(CCCCCCCC)C(=O)COCC(=O)N(CCCCCCCC)CCCCCCCC,0982ebf465b726073008,La-Ce,La,Ce,Ca_SAFE:12334,Ca_SAFE:12335,57|CCCCCCCCN(CCCCCCCC)C(=O)COCC(=O)N(CCCCCCCC)CCCCCCCC|nitrate,58|CCCCCCCCN(CCCCCCCC)C(=O)COCC(=O)N(CCCCCCCC)CCCCCCCC|nitrate,195a6a071085,daa93503e260,584,62,-0.21378340365682036,0,-0.38740947737737597,-0.37503395326151334,-0.37503395326151334,-0.3254963639411995,-0.34097464230024366,0.010583730414509773,-0.34097464230024366
4dc7528965f54b1bdaa6,7b68b5051e900022f9ac,CCCCCCCCN(CCCCCCCC)C(=O)COCC(=O)N(CCCCCCCC)CCCCCCCC,0982ebf465b726073008,Ce-Pr,Ce,Pr,Ca_SAFE:12335,Ca_SAFE:12336,58|CCCCCCCCN(CCCCCCCC)C(=O)COCC(=O)N(CCCCCCCC)CCCCCCCC|nitrate,59|CCCCCCCCN(CCCCCCCC)C(=O)COCC(=O)N(CCCCCCCC)CCCCCCCC|nitrate,daa93503e260,bfc694b020e5,62,866,-0.1912798874824192,0,-0.2568570996173882,-0.2569911451641955,-0.2569911451641955,-0.2720555351871664,-0.26825592629472184,-0.06475066641966502,-0.26825592629472184
d3df6f09c5a56a1e11c7,7b68b5051e900022f9ac,CCCCCCCCN(CCCCCCCC)C(=O)COCC(=O)N(CCCCCCCC)CCCCCCCC,0982ebf465b726073008,Pr-Nd,Pr,Nd,Ca_SAFE:12336,Ca_SAFE:12337,59|CCCCCCCCN(CCCCCCCC)C(=O)COCC(=O)N(CCCCCCCC)CCCCCCCC|nitrate,60|CCCCCCCCN(CCCCCCCC)C(=O)COCC(=O)N(CCCCCCCC)CCCCCCCC|nitrate,bfc694b020e5,f627b8cfec4b,866,803,-0.15752461322081612,0,-0.170424185072961,-0.18416633236997615,-0.18416633236997615,-0.18131438801779384,-0.17859183728158562,0.17098146677017212,-0.17859183728158562
f99bf086bfb6b254ca65,7b68b5051e900022f9ac,CCCCCCCCN(CCCCCCCC)C(=O)COCC(=O)N(CCCCCCCC)CCCCCCCC,0982ebf465b726073008,Sm-Eu,Sm,Eu,Ca_SAFE:12338,Ca_SAFE:12339,62|CCCCCCCCN(CCCCCCCC)C(=O)COCC(=O)N(CCCCCCCC)CCCCCCCC|nitrate,63|CCCCCCCCN(CCCCCCCC)C(=O)COCC(=O)N(CCCCCCCC)CCCCCCCC|nitrate,932854907794,3f1e9baa527a,935,276,-0.2981715893108299,0,-0.12998897073164167,-0.1070112608478605,-0.1070112608478605,-0.12023082217302918,-0.1226703593126823,-0.09051940590143204,-0.1226703593126823
58772e2ef94a67a34ab6,68668f761a3dbb075778,CCCCCCCCN(CCCCCCCC)C(=O)COCC(=O)N(CCCCCCCC)CCCCCCCC,0982ebf465b726073008,Gd-Tb,Gd,Tb,Ca_SAFE:12340,Ca_SAFE:12341,64|CCCCCCCCN(CCCCCCCC)C(=O)COCC(=O)N(CCCCCCCC)CCCCCCCC|nitrate,65|CCCCCCCCN(CCCCCCCC)C(=O)COCC(=O)N(CCCCCCCC)CCCCCCCC|nitrate,ffeead124530,28d4b8569192,511,975,-0.3656821378340367,0,-0.31434496290048386,-0.29779644133068717,-0.29779644133068717,-0.22409627156628334,-0.24665844439983348,-0.16701211780309677,-0.24665844439983348
812cf9cdadefc22d796c,68668f761a3dbb075778,CCCCCCCCN(CCCCCCCC)C(=O)COCC(=O)N(CCCCCCCC)CCCCCCCC,0982ebf465b726073008,Tb-Dy,Tb,Dy,Ca_SAFE:12341,Ca_SAFE:12342,65|CCCCCCCCN(CCCCCCCC)C(=O)COCC(=O)N(CCCCCCCC)CCCCCCCC|nitrate,66|CCCCCCCCN(CCCCCCCC)C(=O)COCC(=O)N(CCCCCCCC)CCCCCCCC|nitrate,28d4b8569192,ece8108f76e3,975,144,-0.25316455696202533,0,-0.004986991505137643,0.0018109347498396228,0.0018109347498396228,-0.034043967278460915,-0.026779723335130096,0.053288102305183806,-0.026779723335130096
5a15c5e8a4254e4f1e0d,68668f761a3dbb075778,CCCCCCCCN(CCCCCCCC)C(=O)COCC(=O)N(CCCCCCCC)CCCCCCCC,0982ebf465b726073008,Dy-Ho,Dy,Ho,Ca_SAFE:12342,Ca_SAFE:12343,66|CCCCCCCCN(CCCCCCCC)C(=O)COCC(=O)N(CCCCCCCC)CCCCCCCC|nitrate,67|CCCCCCCCN(CCCCCCCC)C(=O)COCC(=O)N(CCCCCCCC)CCCCCCCC|nitrate,ece8108f76e3,9a0b2ab62928,144,548,-0.17440225035161872,0,-0.06928482239811212,-0.05221997547262203,-0.05221997547262203,-0.04493780906286916,-0.05102456239667991,-0.08392228931188583,-0.05102456239667991
f9d707f5e29e2e6ffed4,68668f761a3dbb075778,CCCCCCCCN(CCCCCCCC)C(=O)COCC(=O)N(CCCCCCCC)CCCCCCCC,0982ebf465b726073008,Ho-Er,Ho,Er,Ca_SAFE:12343,Ca_SAFE:12344,67|CCCCCCCCN(CCCCCCCC)C(=O)COCC(=O)N(CCCCCCCC)CCCCCCCC|nitrate,68|CCCCCCCCN(CCCCCCCC)C(=O)COCC(=O)N(CCCCCCCC)CCCCCCCC|nitrate,9a0b2ab62928,389643f6ef69,548,162,-0.07876230661040817,0,-0.14507680209286983,-0.1233212715294818,-0.1233212715294818,-0.09251055969332506,-0.10565212029321125,0.08028228456775348,-0.10565212029321125
cff45c8478f886c54344,68668f761a3dbb075778,CCCCCCCCN(CCCCCCCC)C(=O)COCC(=O)N(CCCCCCCC)CCCCCCCC,0982ebf465b726073008,Er-Tm,Er,Tm,Ca_SAFE:12344,Ca_SAFE:12345,68|CCCCCCCCN(CCCCCCCC)C(=O)COCC(=O)N(CCCCCCCC)CCCCCCCC|nitrate,69|CCCCCCCCN(CCCCCCCC)C(=O)COCC(=O)N(CCCCCCCC)CCCCCCCC|nitrate,389643f6ef69,78c4dd080e4c,162,1065,-0.03375527426160385,0,-0.04893106207335253,-0.04698410487019883,-0.04698410487019883,-0.0061574978824222235,-0.016850888930154802,0.07893025875091553,-0.016850888930154802
423d5cda73423348b9f6,68668f761a3dbb075778,CCCCCCCCN(CCCCCCCC)C(=O)COCC(=O)N(CCCCCCCC)CCCCCCCC,0982ebf465b726073008,Tm-Yb,Tm,Yb,Ca_SAFE:12345,Ca_SAFE:12346,69|CCCCCCCCN(CCCCCCCC)C(=O)COCC(=O)N(CCCCCCCC)CCCCCCCC|nitrate,70|CCCCCCCCN(CCCCCCCC)C(=O)COCC(=O)N(CCCCCCCC)CCCCCCCC|nitrate,78c4dd080e4c,b626912f120c,1065,1139,-0.028129395218001063,0,-0.013793359690309778,-0.006071888822253046,-0.006071888822253046,-0.06630824000156305,-0.05317951992374973,-0.03253458463586867,-0.05317951992374973
66bb6052da04e26ef1ee,68668f761a3dbb075778,CCCCCCCCN(CCCCCCCC)C(=O)COCC(=O)N(CCCCCCCC)CCCCCCCC,0982ebf465b726073008,Yb-Lu,Yb,Lu,Ca_SAFE:12346,Ca_SAFE:12347,70|CCCCCCCCN(CCCCCCCC)C(=O)COCC(=O)N(CCCCCCCC)CCCCCCCC|nitrate,71|CCCCCCCCN(CCCCCCCC)C(=O)COCC(=O)N(CCCCCCCC)CCCCCCCC|nitrate,b626912f120c,841e714ef7bf,1139,699,-0.039381153305205086,0,-0.09910388368583359,-0.0834429193386576,-0.0834429193386576,-0.06182881964702902,-0.07114758565673016,0.12539799014727274,-0.07114758565673016
2b05fa2aae1b2595fc50,c34be9ee25c2d6ec18a4,CCN(CC)C(=O)COCC(=O)N(CC)CC,e82f0895ef68a522de3f,La-Ce,La,Ce,Ca_SAFE:12418,Ca_SAFE:12419,57|CCN(CC)C(=O)COCC(=O)N(CC)CC|nitrate,58|CCN(CC)C(=O)COCC(=O)N(CC)CC|nitrate,3ebeca6a53a4,7f484cb99e8d,600,34,-0.1967213114754116,3,-0.16824682060027688,-0.18064883046611352,-0.16824682060027688,-0.16298820621489496,-0.16430285981124043,-0.12758293251196542,-0.16430285981124043
655013145359e84a9b4e,c34be9ee25c2d6ec18a4,CCN(CC)C(=O)COCC(=O)N(CC)CC,e82f0895ef68a522de3f,Ce-Pr,Ce,Pr,Ca_SAFE:12419,Ca_SAFE:12420,58|CCN(CC)C(=O)COCC(=O)N(CC)CC|nitrate,59|CCN(CC)C(=O)COCC(=O)N(CC)CC|nitrate,7f484cb99e8d,11243c52d348,34,817,-0.06364513018322071,3,-0.1041644749604621,-0.11377781599935412,-0.1041644749604621,-0.05848918661815802,-0.06990800870373404,-0.0880243827899297,-0.06990800870373404
680e9e7722190bd5fcb5,c34be9ee25c2d6ec18a4,CCN(CC)C(=O)COCC(=O)N(CC)CC,e82f0895ef68a522de3f,Pr-Nd,Pr,Nd,Ca_SAFE:12420,Ca_SAFE:12421,59|CCN(CC)C(=O)COCC(=O)N(CC)CC|nitrate,60|CCN(CC)C(=O)COCC(=O)N(CC)CC|nitrate,11243c52d348,9ae8d8b17a3a,817,773,-0.011571841851495068,3,-0.041476915726756394,-0.05365888366028257,-0.041476915726756394,-0.11677086454985648,-0.09794737734408146,-0.09410849958658218,-0.09794737734408146
c2bb8e8eb0175239fe0e,c34be9ee25c2d6ec18a4,CCN(CC)C(=O)COCC(=O)N(CC)CC,e82f0895ef68a522de3f,Sm-Eu,Sm,Eu,Ca_SAFE:12422,Ca_SAFE:12423,62|CCN(CC)C(=O)COCC(=O)N(CC)CC|nitrate,63|CCN(CC)C(=O)COCC(=O)N(CC)CC|nitrate,d28620aeb924,1c6448b96579,956,245,-0.09257473481195788,3,-0.12239775392625557,-0.11456422945657899,-0.12239775392625557,-0.07391149705068882,-0.0860330612695805,-0.03813718818128109,-0.0860330612695805
20404467dbbd8424e8ff,930e8f5ea06f18deaa20,CCN(CC)C(=O)COCC(=O)N(CC)CC,e82f0895ef68a522de3f,Gd-Tb,Gd,Tb,Ca_SAFE:12424,Ca_SAFE:12425,64|CCN(CC)C(=O)COCC(=O)N(CC)CC|nitrate,65|CCN(CC)C(=O)COCC(=O)N(CC)CC|nitrate,8016e2df9486,120b149e6b53,472,972,-0.2025072324011601,3,-0.11811097599169154,-0.10215412253110373,-0.11811097599169154,-0.18872967902066254,-0.1710750032634198,-0.27307841181755066,-0.1710750032634198
06b578cf058d438d35cc,930e8f5ea06f18deaa20,CCN(CC)C(=O)COCC(=O)N(CC)CC,e82f0895ef68a522de3f,Tb-Dy,Tb,Dy,Ca_SAFE:12425,Ca_SAFE:12426,65|CCN(CC)C(=O)COCC(=O)N(CC)CC|nitrate,66|CCN(CC)C(=O)COCC(=O)N(CC)CC|nitrate,120b149e6b53,5cb8d5f242e0,972,93,-0.15621986499517493,3,-0.0524976627884771,-0.03909277702642424,-0.0524976627884771,-0.07809886936844107,-0.07169856772345007,-0.078841183334589,-0.07169856772345007
ac25a6ebd2bcf1262356,930e8f5ea06f18deaa20,CCN(CC)C(=O)COCC(=O)N(CC)CC,e82f0895ef68a522de3f,Dy-Ho,Dy,Ho,Ca_SAFE:12426,Ca_SAFE:12427,66|CCN(CC)C(=O)COCC(=O)N(CC)CC|nitrate,67|CCN(CC)C(=O)COCC(=O)N(CC)CC|nitrate,5cb8d5f242e0,0153ed287bb6,93,512,-0.06364513018322021,3,-0.04800429017294305,-0.0473942784601354,-0.04800429017294305,-0.04389929283077129,-0.04492554216631423,-0.07129462560017903,-0.04492554216631423
e5c320dbb18531177079,930e8f5ea06f18deaa20,CCN(CC)C(=O)COCC(=O)N(CC)CC,e82f0895ef68a522de3f,Ho-Er,Ho,Er,Ca_SAFE:12427,Ca_SAFE:12428,67|CCN(CC)C(=O)COCC(=O)N(CC)CC|nitrate,68|CCN(CC)C(=O)COCC(=O)N(CC)CC|nitrate,0153ed287bb6,63cc5cb9d9a2,512,177,-0.046287367405980856,3,-0.028916172356863872,-0.030310797477282964,-0.028916172356863872,-0.07010644033124343,-0.05980887333764853,-0.04550532872478167,-0.05980887333764853
098c84c7b407735ae976,930e8f5ea06f18deaa20,CCN(CC)C(=O)COCC(=O)N(CC)CC,e82f0895ef68a522de3f,Er-Tm,Er,Tm,Ca_SAFE:12428,Ca_SAFE:12429,68|CCN(CC)C(=O)COCC(=O)N(CC)CC|nitrate,69|CCN(CC)C(=O)COCC(=O)N(CC)CC|nitrate,63cc5cb9d9a2,07ab94fa20c7,177,1039,0.06943105110896912,3,-0.031022044905062447,-0.033261242371629585,-0.031022044905062447,-0.03643571359081045,-0.03508229641937345,-0.009358129153649012,-0.03508229641937345
2a0939a7de876513ed84,930e8f5ea06f18deaa20,CCN(CC)C(=O)COCC(=O)N(CC)CC,e82f0895ef68a522de3f,Tm-Yb,Tm,Yb,Ca_SAFE:12429,Ca_SAFE:12430,69|CCN(CC)C(=O)COCC(=O)N(CC)CC|nitrate,70|CCN(CC)C(=O)COCC(=O)N(CC)CC|nitrate,07ab94fa20c7,98f5735a8ce8,1039,1126,0.034715525554483845,3,-0.034031764884282896,-0.036498042465267944,-0.034031764884282896,-0.027878478967804175,-0.029416800446923855,-0.02851271800075968,-0.029416800446923855
e8c699b616c20fb2b2fe,930e8f5ea06f18deaa20,CCN(CC)C(=O)COCC(=O)N(CC)CC,e82f0895ef68a522de3f,Yb-Lu,Yb,Lu,Ca_SAFE:12430,Ca_SAFE:12431,70|CCN(CC)C(=O)COCC(=O)N(CC)CC|nitrate,71|CCN(CC)C(=O)COCC(=O)N(CC)CC|nitrate,98f5735a8ce8,3bf55ebabec5,1126,680,0.028929604628736394,3,-0.04208250851959143,-0.04453719170478867,-0.04208250851959143,-0.0455186804559088,-0.04465963747182946,-0.017370442549387615,-0.04465963747182946
51e50f3497564cecd4a1,88b4da8a5fe0343862d5,CCCCCCCCN(CCCCCCCC)C(=O)COCC(=O)N(CCCCCCCC)CCCCCCCC,0982ebf465b726073008,La-Ce,La,Ce,Ca_SAFE:12819,Ca_SAFE:12820,57|CCCCCCCCN(CCCCCCCC)C(=O)COCC(=O)N(CCCCCCCC)CCCCCCCC|nitrate,58|CCCCCCCCN(CCCCCCCC)C(=O)COCC(=O)N(CCCCCCCC)CCCCCCCC|nitrate,195a6a071085,daa93503e260,584,62,-0.19089900110987795,0,-0.39231117500396184,-0.37458445740536384,-0.37458445740536384,-0.33130147474265237,-0.34655389980797974,-0.011874786267677942,-0.34655389980797974
1d4d605fdcdc4235215a,88b4da8a5fe0343862d5,CCCCCCCCN(CCCCCCCC)C(=O)COCC(=O)N(CCCCCCCC)CCCCCCCC,0982ebf465b726073008,Ce-Pr,Ce,Pr,Ca_SAFE:12820,Ca_SAFE:12821,58|CCCCCCCCN(CCCCCCCC)C(=O)COCC(=O)N(CCCCCCCC)CCCCCCCC|nitrate,59|CCCCCCCCN(CCCCCCCC)C(=O)COCC(=O)N(CCCCCCCC)CCCCCCCC|nitrate,daa93503e260,bfc694b020e5,62,866,-0.15538290788013265,0,-0.2651016904087487,-0.26203430709704184,-0.26203430709704184,-0.28679751959474054,-0.28137356229824256,-0.08038587868213654,-0.28137356229824256
6752ed3577a1a4190918,88b4da8a5fe0343862d5,CCCCCCCCN(CCCCCCCC)C(=O)COCC(=O)N(CCCCCCCC)CCCCCCCC,0982ebf465b726073008,Pr-Nd,Pr,Nd,Ca_SAFE:12821,Ca_SAFE:12822,59|CCCCCCCCN(CCCCCCCC)C(=O)COCC(=O)N(CCCCCCCC)CCCCCCCC|nitrate,60|CCCCCCCCN(CCCCCCCC)C(=O)COCC(=O)N(CCCCCCCC)CCCCCCCC|nitrate,bfc694b020e5,f627b8cfec4b,866,803,-0.22197558268590323,0,-0.2030865995011533,-0.2130971669455622,-0.2130971669455622,-0.19226347801100802,-0.19496925838354434,0.15255244572957358,-0.19496925838354434
af1416980069ee64b189,88b4da8a5fe0343862d5,CCCCCCCCN(CCCCCCCC)C(=O)COCC(=O)N(CCCCCCCC)CCCCCCCC,0982ebf465b726073008,Sm-Eu,Sm,Eu,Ca_SAFE:12823,Ca_SAFE:12824,62|CCCCCCCCN(CCCCCCCC)C(=O)COCC(=O)N(CCCCCCCC)CCCCCCCC|nitrate,63|CCCCCCCCN(CCCCCCCC)C(=O)COCC(=O)N(CCCCCCCC)CCCCCCCC|nitrate,932854907794,3f1e9baa527a,935,276,-0.2974472807991093,0,-0.1418390653799393,-0.1108080019724963,-0.1108080019724963,-0.12875529679489317,-0.1320262389411547,-0.09361225987474124,-0.1320262389411547
44b90d69e1a1408ef0f8,ffe4833f820163f69235,CCCCCCCCN(CCCCCCCC)C(=O)COCC(=O)N(CCCCCCCC)CCCCCCCC,0982ebf465b726073008,Gd-Tb,Gd,Tb,Ca_SAFE:12825,Ca_SAFE:12826,64|CCCCCCCCN(CCCCCCCC)C(=O)COCC(=O)N(CCCCCCCC)CCCCCCCC|nitrate,65|CCCCCCCCN(CCCCCCCC)C(=O)COCC(=O)N(CCCCCCCC)CCCCCCCC|nitrate,ffeead124530,28d4b8569192,511,975,-0.5238623751387401,0,-0.31287149554964855,-0.306880686705705,-0.306880686705705,-0.2312596993180536,-0.2516626483759523,-0.17987217754125595,-0.2516626483759523
2c8c014ebaaf588e2aa8,ffe4833f820163f69235,CCCCCCCCN(CCCCCCCC)C(=O)COCC(=O)N(CCCCCCCC)CCCCCCCC,0982ebf465b726073008,Tb-Dy,Tb,Dy,Ca_SAFE:12826,Ca_SAFE:12827,65|CCCCCCCCN(CCCCCCCC)C(=O)COCC(=O)N(CCCCCCCC)CCCCCCCC|nitrate,66|CCCCCCCCN(CCCCCCCC)C(=O)COCC(=O)N(CCCCCCCC)CCCCCCCC|nitrate,28d4b8569192,ece8108f76e3,975,144,-0.11986681465037985,0,-0.024467841064075194,-0.021073033430734595,-0.021073033430734595,-0.044700620201901506,-0.03964242541744493,0.05325772752985358,-0.03964242541744493
175920f6c9da736459bb,ffe4833f820163f69235,CCCCCCCCN(CCCCCCCC)C(=O)COCC(=O)N(CCCCCCCC)CCCCCCCC,0982ebf465b726073008,Dy-Ho,Dy,Ho,Ca_SAFE:12827,Ca_SAFE:12828,66|CCCCCCCCN(CCCCCCCC)C(=O)COCC(=O)N(CCCCCCCC)CCCCCCCC|nitrate,67|CCCCCCCCN(CCCCCCCC)C(=O)COCC(=O)N(CCCCCCCC)CCCCCCCC|nitrate,ece8108f76e3,9a0b2ab62928,144,548,-0.26193118756936995,0,-0.08787089883426309,-0.07574743381190874,-0.07574743381190874,-0.06424490545883718,-0.07015140380269366,-0.0998322827120622,-0.07015140380269366
3093b4fc9c026e8e7adf,ffe4833f820163f69235,CCCCCCCCN(CCCCCCCC)C(=O)COCC(=O)N(CCCCCCCC)CCCCCCCC,0982ebf465b726073008,Ho-Er,Ho,Er,Ca_SAFE:12828,Ca_SAFE:12829,67|CCCCCCCCN(CCCCCCCC)C(=O)COCC(=O)N(CCCCCCCC)CCCCCCCC|nitrate,68|CCCCCCCCN(CCCCCCCC)C(=O)COCC(=O)N(CCCCCCCC)CCCCCCCC|nitrate,9a0b2ab62928,389643f6ef69,548,162,-0.03995560488346994,0,-0.14548123111056271,-0.1234863294667598,-0.1234863294667598,-0.1078548551094772,-0.11726144910974859,0.060150936245918274,-0.11726144910974859
889de0c3f3ddff79cd0e,ffe4833f820163f69235,CCCCCCCCN(CCCCCCCC)C(=O)COCC(=O)N(CCCCCCCC)CCCCCCCC,0982ebf465b726073008,Er-Tm,Er,Tm,Ca_SAFE:12829,Ca_SAFE:12830,68|CCCCCCCCN(CCCCCCCC)C(=O)COCC(=O)N(CCCCCCCC)CCCCCCCC|nitrate,69|CCCCCCCCN(CCCCCCCC)C(=O)COCC(=O)N(CCCCCCCC)CCCCCCCC|nitrate,389643f6ef69,78c4dd080e4c,162,1065,-0.057713651498330076,0,-0.05842724425334505,-0.05390378986859948,-0.05390378986859948,-0.022047339164289425,-0.03114231543655333,0.06305083880821864,-0.03114231543655333
540434ea9b7c999fdaa8,ffe4833f820163f69235,CCCCCCCCN(CCCCCCCC)C(=O)COCC(=O)N(CCCCCCCC)CCCCCCCC,0982ebf465b726073008,Tm-Yb,Tm,Yb,Ca_SAFE:12830,Ca_SAFE:12831,69|CCCCCCCCN(CCCCCCCC)C(=O)COCC(=O)N(CCCCCCCC)CCCCCCCC|nitrate,70|CCCCCCCCN(CCCCCCCC)C(=O)COCC(=O)N(CCCCCCCC)CCCCCCCC|nitrate,78c4dd080e4c,b626912f120c,1065,1139,-0.013318534961149986,0,-0.01987098884053439,-0.010528944354408277,-0.010528944354408277,-0.08249963885534872,-0.06684247635164514,-0.024151635045806568,-0.06684247635164514
2becf550483f03667247,ffe4833f820163f69235,CCCCCCCCN(CCCCCCCC)C(=O)COCC(=O)N(CCCCCCCC)CCCCCCCC,0982ebf465b726073008,Yb-Lu,Yb,Lu,Ca_SAFE:12831,Ca_SAFE:12832,70|CCCCCCCCN(CCCCCCCC)C(=O)COCC(=O)N(CCCCCCCC)CCCCCCCC|nitrate,71|CCCCCCCCN(CCCCCCCC)C(=O)COCC(=O)N(CCCCCCCC)CCCCCCCC|nitrate,b626912f120c,841e714ef7bf,1139,699,-0.04883462819090001,0,-0.10340714646926302,-0.08473636045393869,-0.08473636045393869,-0.07485705876511872,-0.0819945806911548,0.10631414006153743,-0.0819945806911548
b381c776d24e8931e352,5f5dd71e6f64cc156f05,CCCCCCCCN(CCCCCCCC)C(=O)COCC(=O)N(CCCCCCCC)CCCCCCCC,0982ebf465b726073008,Ce-Pr,Ce,Pr,Ca_SAFE:12834,Ca_SAFE:12835,58|CCCCCCCCN(CCCCCCCC)C(=O)COCC(=O)N(CCCCCCCC)CCCCCCCC|nitrate,59|CCCCCCCCN(CCCCCCCC)C(=O)COCC(=O)N(CCCCCCCC)CCCCCCCC|nitrate,daa93503e260,bfc694b020e5,62,866,-0.2574916759156439,0,-0.264383556661171,-0.26251364536994337,-0.26251364536994337,-0.28679751959474054,-0.28119402886134814,-0.08336545526981354,-0.28119402886134814
3cc7b9fcf13036bb217d,5f5dd71e6f64cc156f05,CCCCCCCCN(CCCCCCCC)C(=O)COCC(=O)N(CCCCCCCC)CCCCCCCC,0982ebf465b726073008,Pr-Nd,Pr,Nd,Ca_SAFE:12835,Ca_SAFE:12836,59|CCCCCCCCN(CCCCCCCC)C(=O)COCC(=O)N(CCCCCCCC)CCCCCCCC|nitrate,60|CCCCCCCCN(CCCCCCCC)C(=O)COCC(=O)N(CCCCCCCC)CCCCCCCC|nitrate,bfc694b020e5,f627b8cfec4b,866,803,-0.34184239733629007,0,-0.2030865995011533,-0.21679217113240568,-0.21679217113240568,-0.1917581689731438,-0.19459027660514616,0.1541768436630567,-0.19459027660514616
bb3bb1d30d7bd96a55c6,200143d4678a3fad5e31,CCCCCCCCN(CCCCCCCC)C(=O)COCC(=O)N(CCCCCCCC)CCCCCCCC,0982ebf465b726073008,Gd-Tb,Gd,Tb,Ca_SAFE:12839,Ca_SAFE:12840,64|CCCCCCCCN(CCCCCCCC)C(=O)COCC(=O)N(CCCCCCCC)CCCCCCCC|nitrate,65|CCCCCCCCN(CCCCCCCC)C(=O)COCC(=O)N(CCCCCCCC)CCCCCCCC|nitrate,ffeead124530,28d4b8569192,511,975,-0.41731409544950004,0,-0.31681784865666707,-0.30643664518519864,-0.30643664518519864,-0.23045056846723588,-0.2520423885145937,-0.1831704576810201,-0.2520423885145937
d0e0fe5e93ade47b03db,200143d4678a3fad5e31,CCCCCCCCN(CCCCCCCC)C(=O)COCC(=O)N(CCCCCCCC)CCCCCCCC,0982ebf465b726073008,Tb-Dy,Tb,Dy,Ca_SAFE:12840,Ca_SAFE:12841,65|CCCCCCCCN(CCCCCCCC)C(=O)COCC(=O)N(CCCCCCCC)CCCCCCCC|nitrate,66|CCCCCCCCN(CCCCCCCC)C(=O)COCC(=O)N(CCCCCCCC)CCCCCCCC|nitrate,28d4b8569192,ece8108f76e3,975,144,-0.008879023307440281,0,-0.013194983832653835,-0.016887468046600396,-0.016887468046600396,-0.028447265015388717,-0.024634194719704995,0.052020223500827946,-0.024634194719704995
2967c18e9d82e3951847,200143d4678a3fad5e31,CCCCCCCCN(CCCCCCCC)C(=O)COCC(=O)N(CCCCCCCC)CCCCCCCC,0982ebf465b726073008,Dy-Ho,Dy,Ho,Ca_SAFE:12841,Ca_SAFE:12842,66|CCCCCCCCN(CCCCCCCC)C(=O)COCC(=O)N(CCCCCCCC)CCCCCCCC|nitrate,67|CCCCCCCCN(CCCCCCCC)C(=O)COCC(=O)N(CCCCCCCC)CCCCCCCC|nitrate,ece8108f76e3,9a0b2ab62928,144,548,-0.07103218645948983,0,-0.07967583514747506,-0.07264918759271888,-0.07264918759271888,-0.043819131322264546,-0.05278330727856717,-0.09873031079769135,-0.05278330727856717
b3eb1c794b03dd795202,200143d4678a3fad5e31,CCCCCCCCN(CCCCCCCC)C(=O)COCC(=O)N(CCCCCCCC)CCCCCCCC,0982ebf465b726073008,Ho-Er,Ho,Er,Ca_SAFE:12842,Ca_SAFE:12843,67|CCCCCCCCN(CCCCCCCC)C(=O)COCC(=O)N(CCCCCCCC)CCCCCCCC|nitrate,68|CCCCCCCCN(CCCCCCCC)C(=O)COCC(=O)N(CCCCCCCC)CCCCCCCC|nitrate,9a0b2ab62928,389643f6ef69,548,162,-0.031076581576030105,0,-0.14060667052904707,-0.12049269444589653,-0.12049269444589653,-0.09491689318646002,-0.10633933752210678,0.062421989937623344,-0.10633933752210678
9f0d7d2e2f746ade6b6e,200143d4678a3fad5e31,CCCCCCCCN(CCCCCCCC)C(=O)COCC(=O)N(CCCCCCCC)CCCCCCCC,0982ebf465b726073008,Er-Tm,Er,Tm,Ca_SAFE:12843,Ca_SAFE:12844,68|CCCCCCCCN(CCCCCCCC)C(=O)COCC(=O)N(CCCCCCCC)CCCCCCCC|nitrate,69|CCCCCCCCN(CCCCCCCC)C(=O)COCC(=O)N(CCCCCCCC)CCCCCCCC|nitrate,389643f6ef69,78c4dd080e4c,162,1065,-0.008879023307430067,0,-0.052288190902734684,-0.050548738421854617,-0.050548738421854617,-0.005871775662365448,-0.01747587947245776,0.06757972079018752,-0.01747587947245776
5c0a95acb30ffd1070b6,200143d4678a3fad5e31,CCCCCCCCN(CCCCCCCC)C(=O)COCC(=O)N(CCCCCCCC)CCCCCCCC,0982ebf465b726073008,Tm-Yb,Tm,Yb,Ca_SAFE:12844,Ca_SAFE:12845,69|CCCCCCCCN(CCCCCCCC)C(=O)COCC(=O)N(CCCCCCCC)CCCCCCCC|nitrate,70|CCCCCCCCN(CCCCCCCC)C(=O)COCC(=O)N(CCCCCCCC)CCCCCCCC|nitrate,78c4dd080e4c,b626912f120c,1065,1139,-0.004439511653719919,0,-0.012999317892739547,-0.0059867052369897075,-0.0059867052369897075,-0.06474610966971127,-0.05180941172546834,-0.025613628327846527,-0.05180941172546834
98ec834c38324ae768e1,1564586752a50afffdea,CCCCCCCCN(CCCCCCCC)C(=O)COCC(=O)N(CCCCCCCC)CCCCCCCC,0982ebf465b726073008,La-Ce,La,Ce,Ca_SAFE:12972,Ca_SAFE:12954,57|CCCCCCCCN(CCCCCCCC)C(=O)COCC(=O)N(CCCCCCCC)CCCCCCCC|nitrate,58|CCCCCCCCN(CCCCCCCC)C(=O)COCC(=O)N(CCCCCCCC)CCCCCCCC|nitrate,195a6a071085,daa93503e260,584,62,-0.17916049078335786,0,-0.39527072003251307,-0.37547426075347295,-0.37547426075347295,-0.3314949994944646,-0.3474389296289767,0.0051095786814888315,-0.3474389296289767
9a8c32c9759cd98b2eb7,1564586752a50afffdea,CCCCCCCCN(CCCCCCCC)C(=O)COCC(=O)N(CCCCCCCC)CCCCCCCC,0982ebf465b726073008,Ce-Pr,Ce,Pr,Ca_SAFE:12954,Ca_SAFE:12981,58|CCCCCCCCN(CCCCCCCC)C(=O)COCC(=O)N(CCCCCCCC)CCCCCCCC|nitrate,59|CCCCCCCCN(CCCCCCCC)C(=O)COCC(=O)N(CCCCCCCC)CCCCCCCC|nitrate,daa93503e260,bfc694b020e5,62,866,-0.023802914672624784,0,-0.2658974116621289,-0.26332372298428836,-0.26332372298428836,-0.285844310066362,-0.2808575854653037,-0.0690083218117555,-0.2808575854653037
9e9bcc5294d1535ead1e,1564586752a50afffdea,CCCCCCCCN(CCCCCCCC)C(=O)COCC(=O)N(CCCCCCCC)CCCCCCCC,0982ebf465b726073008,Pr-Nd,Pr,Nd,Ca_SAFE:12981,Ca_SAFE:12978,59|CCCCCCCCN(CCCCCCCC)C(=O)COCC(=O)N(CCCCCCCC)CCCCCCCC|nitrate,60|CCCCCCCCN(CCCCCCCC)C(=O)COCC(=O)N(CCCCCCCC)CCCCCCCC|nitrate,bfc694b020e5,f627b8cfec4b,866,803,-0.04921802267018159,0,-0.19643594406042775,-0.20970673488102431,-0.20970673488102431,-0.1928824977556728,-0.19377085933186153,0.16114777574936548,-0.19377085933186153
2d4a40c944d8b634d200,1564586752a50afffdea,CCCCCCCCN(CCCCCCCC)C(=O)COCC(=O)N(CCCCCCCC)CCCCCCCC,0982ebf465b726073008,Sm-Eu,Sm,Eu,Ca_SAFE:12984,Ca_SAFE:12963,62|CCCCCCCCN(CCCCCCCC)C(=O)COCC(=O)N(CCCCCCCC)CCCCCCCC|nitrate,63|CCCCCCCCN(CCCCCCCC)C(=O)COCC(=O)N(CCCCCCCC)CCCCCCCC|nitrate,932854907794,3f1e9baa527a,935,276,-0.2747441395746621,0,-0.14206248603343152,-0.11171560646197179,-0.11171560646197179,-0.13028001456350857,-0.1332256324309893,-0.08558282256126404,-0.1332256324309893
f2d4ee1852cf8e85239d,1564586752a50afffdea,CCCCCCCCN(CCCCCCCC)C(=O)COCC(=O)N(CCCCCCCC)CCCCCCCC,0982ebf465b726073008,Eu-Gd,Eu,Gd,Ca_SAFE:12963,Ca_SAFE:12966,63|CCCCCCCCN(CCCCCCCC)C(=O)COCC(=O)N(CCCCCCCC)CCCCCCCC|nitrate,64|CCCCCCCCN(CCCCCCCC)C(=O)COCC(=O)N(CCCCCCCC)CCCCCCCC|nitrate,3f1e9baa527a,ffeead124530,276,511,-0.15534115889245126,0,-0.16648522289517784,-0.16945610189691657,-0.16945610189691657,-0.11658122605876377,-0.12905722526786728,0.09376024703184764,-0.12905722526786728
8eecd90c92c3533d41c0,1564586752a50afffdea,CCCCCCCCN(CCCCCCCC)C(=O)COCC(=O)N(CCCCCCCC)CCCCCCCC,0982ebf465b726073008,Gd-Tb,Gd,Tb,Ca_SAFE:12966,Ca_SAFE:12987,64|CCCCCCCCN(CCCCCCCC)C(=O)COCC(=O)N(CCCCCCCC)CCCCCCCC|nitrate,65|CCCCCCCCN(CCCCCCCC)C(=O)COCC(=O)N(CCCCCCCC)CCCCCCCC|nitrate,ffeead124530,28d4b8569192,511,975,-0.3266353110888375,0,-0.31452310419452967,-0.3068012681390062,-0.3068012681390062,-0.23412722474751457,-0.2542261946092683,-0.17132166773080826,-0.2542261946092683
c7d31766a8880e614033,1564586752a50afffdea,CCCCCCCCN(CCCCCCCC)C(=O)COCC(=O)N(CCCCCCCC)CCCCCCCC,0982ebf465b726073008,Tb-Dy,Tb,Dy,Ca_SAFE:12987,Ca_SAFE:12960,65|CCCCCCCCN(CCCCCCCC)C(=O)COCC(=O)N(CCCCCCCC)CCCCCCCC|nitrate,66|CCCCCCCCN(CCCCCCCC)C(=O)COCC(=O)N(CCCCCCCC)CCCCCCCC|nitrate,28d4b8569192,ece8108f76e3,975,144,-0.19920373240271427,0,-0.012114508618859649,-0.003564817609439777,-0.003564817609439776,-0.046783935927640796,-0.03811657910044551,0.05368403570416073,-0.03811657910044551
d41efbf8c72d1271d84e,1564586752a50afffdea,CCCCCCCCN(CCCCCCCC)C(=O)COCC(=O)N(CCCCCCCC)CCCCCCCC,0982ebf465b726073008,Dy-Ho,Dy,Ho,Ca_SAFE:12960,Ca_SAFE:12969,66|CCCCCCCCN(CCCCCCCC)C(=O)COCC(=O)N(CCCCCCCC)CCCCCCCC|nitrate,67|CCCCCCCCN(CCCCCCCC)C(=O)COCC(=O)N(CCCCCCCC)CCCCCCCC|nitrate,ece8108f76e3,9a0b2ab62928,144,548,-0.1314513827042314,0,-0.0642305893975556,-0.04933247605348143,-0.04933247605348143,-0.06313955991657326,-0.06341231728681884,-0.09118706981341045,-0.06341231728681884
5c6793d6f0f00ed183b7,1564586752a50afffdea,CCCCCCCCN(CCCCCCCC)C(=O)COCC(=O)N(CCCCCCCC)CCCCCCCC,0982ebf465b726073008,Ho-Er,Ho,Er,Ca_SAFE:12969,Ca_SAFE:12957,67|CCCCCCCCN(CCCCCCCC)C(=O)COCC(=O)N(CCCCCCCC)CCCCCCCC|nitrate,68|CCCCCCCCN(CCCCCCCC)C(=O)COCC(=O)N(CCCCCCCC)CCCCCCCC|nitrate,9a0b2ab62928,389643f6ef69,548,162,-0.06374594478911955,0,-0.15145139709306443,-0.12764804907328375,-0.12764804907328375,-0.10631881014241219,-0.11760195688007526,0.06871159995595615,-0.11760195688007526
88e54858a47539b842ef,1564586752a50afffdea,CCCCCCCCN(CCCCCCCC)C(=O)COCC(=O)N(CCCCCCCC)CCCCCCCC,0982ebf465b726073008,Er-Tm,Er,Tm,Ca_SAFE:12957,Ca_SAFE:12990,68|CCCCCCCCN(CCCCCCCC)C(=O)COCC(=O)N(CCCCCCCC)CCCCCCCC|nitrate,69|CCCCCCCCN(CCCCCCCC)C(=O)COCC(=O)N(CCCCCCCC)CCCCCCCC|nitrate,389643f6ef69,78c4dd080e4c,162,1065,-0.01586727625828055,0,-0.052761306177337444,-0.04964324342783301,-0.04964324342783301,-0.02181959278803964,-0.02955502113536409,0.07131135649979115,-0.02955502113536409
be80be7bf7497350e2a3,1564586752a50afffdea,CCCCCCCCN(CCCCCCCC)C(=O)COCC(=O)N(CCCCCCCC)CCCCCCCC,0982ebf465b726073008,Tm-Yb,Tm,Yb,Ca_SAFE:12990,Ca_SAFE:12993,69|CCCCCCCCN(CCCCCCCC)C(=O)COCC(=O)N(CCCCCCCC)CCCCCCCC|nitrate,70|CCCCCCCCN(CCCCCCCC)C(=O)COCC(=O)N(CCCCCCCC)CCCCCCCC|nitrate,78c4dd080e4c,b626912f120c,1065,1139,-0.035922984756660004,0,-0.020451539583338937,-0.01002326485161908,-0.01002326485161908,-0.08190919751806702,-0.066544783034385,-0.027033198314408462,-0.066544783034385
8cd0f4b491922a01d415,1564586752a50afffdea,CCCCCCCCN(CCCCCCCC)C(=O)COCC(=O)N(CCCCCCCC)CCCCCCCC,0982ebf465b726073008,Yb-Lu,Yb,Lu,Ca_SAFE:12993,Ca_SAFE:12975,70|CCCCCCCCN(CCCCCCCC)C(=O)COCC(=O)N(CCCCCCCC)CCCCCCCC|nitrate,71|CCCCCCCCN(CCCCCCCC)C(=O)COCC(=O)N(CCCCCCCC)CCCCCCCC|nitrate,b626912f120c,841e714ef7bf,1139,699,-0.01992835949312699,0,-0.10745809683723176,-0.08900089675012683,-0.08900089675012683,-0.07448872313482278,-0.08273106656042503,0.11263106763362885,-0.08273106656042503
59ab3b5adcda9019311a,28002a3ae903ad45ac45,CCCCCCCCN(CCCCCCCC)C(=O)COCC(=O)N(CCCCCCCC)CCCCCCCC,0982ebf465b726073008,La-Ce,La,Ce,Ca_SAFE:12973,Ca_SAFE:12955,57|CCCCCCCCN(CCCCCCCC)C(=O)COCC(=O)N(CCCCCCCC)CCCCCCCC|water,58|CCCCCCCCN(CCCCCCCC)C(=O)COCC(=O)N(CCCCCCCC)CCCCCCCC|water,cac084a0d563,2bb8a487a3df,640,15,-0.44369749923271273,0,-0.39527072003251307,-0.37547426075347295,-0.37547426075347295,-0.3627135749546486,-0.37085286122411476,-0.003114494184652964,-0.37085286122411476
382c38eac476fceeee76,28002a3ae903ad45ac45,CCCCCCCCN(CCCCCCCC)C(=O)COCC(=O)N(CCCCCCCC)CCCCCCCC,0982ebf465b726073008,Ce-Pr,Ce,Pr,Ca_SAFE:12955,Ca_SAFE:12982,58|CCCCCCCCN(CCCCCCCC)C(=O)COCC(=O)N(CCCCCCCC)CCCCCCCC|water,59|CCCCCCCCN(CCCCCCCC)C(=O)COCC(=O)N(CCCCCCCC)CCCCCCCC|water,2bb8a487a3df,e4103e24a2d3,15,877,0.23657200643706275,0,-0.2658974116621289,-0.26332372298428836,-0.26332372298428836,-0.1949311965416515,-0.21267275032177085,0.009169478590289751,-0.21267275032177085
f68c62a3639ef497920d,28002a3ae903ad45ac45,CCCCCCCCN(CCCCCCCC)C(=O)COCC(=O)N(CCCCCCCC)CCCCCCCC,0982ebf465b726073008,Pr-Nd,Pr,Nd,Ca_SAFE:12982,Ca_SAFE:12979,59|CCCCCCCCN(CCCCCCCC)C(=O)COCC(=O)N(CCCCCCCC)CCCCCCCC|water,60|CCCCCCCCN(CCCCCCCC)C(=O)COCC(=O)N(CCCCCCCC)CCCCCCCC|water,e4103e24a2d3,5085718391b0,877,746,-0.1173855987178541,0,-0.19643594406042775,-0.20970673488102431,-0.20970673488102431,-0.1917197338240451,-0.19289878638314079,0.10472925892099738,-0.19289878638314079
f7bcc894b5de0b04e7ac,28002a3ae903ad45ac45,CCCCCCCCN(CCCCCCCC)C(=O)COCC(=O)N(CCCCCCCC)CCCCCCCC,0982ebf465b726073008,Sm-Eu,Sm,Eu,Ca_SAFE:12985,Ca_SAFE:12964,62|CCCCCCCCN(CCCCCCCC)C(=O)COCC(=O)N(CCCCCCCC)CCCCCCCC|water,63|CCCCCCCCN(CCCCCCCC)C(=O)COCC(=O)N(CCCCCCCC)CCCCCCCC|water,32566dc9a831,b5ceae618f36,903,369,-0.2758132073109996,0,-0.14206248603343152,-0.11171560646197179,-0.11171560646197179,-0.11452715991132528,-0.12141099144185184,-0.01271851733326912,-0.12141099144185184
11a3f0c50697654cd2dc,28002a3ae903ad45ac45,CCCCCCCCN(CCCCCCCC)C(=O)COCC(=O)N(CCCCCCCC)CCCCCCCC,0982ebf465b726073008,Eu-Gd,Eu,Gd,Ca_SAFE:12964,Ca_SAFE:12967,63|CCCCCCCCN(CCCCCCCC)C(=O)COCC(=O)N(CCCCCCCC)CCCCCCCC|water,64|CCCCCCCCN(CCCCCCCC)C(=O)COCC(=O)N(CCCCCCCC)CCCCCCCC|water,b5ceae618f36,9060a51020d0,369,475,-0.14764272442042492,0,-0.16648522289517784,-0.16945610189691657,-0.16945610189691657,-0.12094934479927391,-0.1323333143232499,0.10417977596322696,-0.1323333143232499
588e01a15c52b7c961d4,28002a3ae903ad45ac45,CCCCCCCCN(CCCCCCCC)C(=O)COCC(=O)N(CCCCCCCC)CCCCCCCC,0982ebf465b726073008,Gd-Tb,Gd,Tb,Ca_SAFE:12967,Ca_SAFE:12988,64|CCCCCCCCN(CCCCCCCC)C(=O)COCC(=O)N(CCCCCCCC)CCCCCCCC|water,65|CCCCCCCCN(CCCCCCCC)C(=O)COCC(=O)N(CCCCCCCC)CCCCCCCC|water,9060a51020d0,16686414c510,475,974,-0.3464513449680121,0,-0.31452310419452967,-0.3068012681390062,-0.3068012681390062,-0.3424949204213109,-0.3355019663646156,-0.04015874148656925,-0.3355019663646156
87c6f25c21d693f466e2,28002a3ae903ad45ac45,CCCCCCCCN(CCCCCCCC)C(=O)COCC(=O)N(CCCCCCCC)CCCCCCCC,0982ebf465b726073008,Tb-Dy,Tb,Dy,Ca_SAFE:12988,Ca_SAFE:12961,65|CCCCCCCCN(CCCCCCCC)C(=O)COCC(=O)N(CCCCCCCC)CCCCCCCC|water,66|CCCCCCCCN(CCCCCCCC)C(=O)COCC(=O)N(CCCCCCCC)CCCCCCCC|water,16686414c510,02b82eed2591,974,72,-0.19096581163890125,0,-0.012114508618859649,-0.003564817609439777,-0.003564817609439776,-0.07192152260577916,-0.05696976910904929,0.021773669868707657,-0.05696976910904929
a026d5bb7b1faaa173ee,28002a3ae903ad45ac45,CCCCCCCCN(CCCCCCCC)C(=O)COCC(=O)N(CCCCCCCC)CCCCCCCC,0982ebf465b726073008,Dy-Ho,Dy,Ho,Ca_SAFE:12961,Ca_SAFE:12970,66|CCCCCCCCN(CCCCCCCC)C(=O)COCC(=O)N(CCCCCCCC)CCCCCCCC|water,67|CCCCCCCCN(CCCCCCCC)C(=O)COCC(=O)N(CCCCCCCC)CCCCCCCC|water,02b82eed2591,44a23e6db33b,72,532,-0.1595320865094907,0,-0.0642305893975556,-0.04933247605348143,-0.04933247605348143,-0.05155732734320759,-0.05472564285679459,0.02839807723648846,-0.05472564285679459
d2bdfb7dc8db836e214e,28002a3ae903ad45ac45,CCCCCCCCN(CCCCCCCC)C(=O)COCC(=O)N(CCCCCCCC)CCCCCCCC,0982ebf465b726073008,Ho-Er,Ho,Er,Ca_SAFE:12970,Ca_SAFE:12958,67|CCCCCCCCN(CCCCCCCC)C(=O)COCC(=O)N(CCCCCCCC)CCCCCCCC|water,68|CCCCCCCCN(CCCCCCCC)C(=O)COCC(=O)N(CCCCCCCC)CCCCCCCC|water,44a23e6db33b,7969957ddddb,532,183,-0.08357558854679725,0,-0.15145139709306443,-0.12764804907328375,-0.12764804907328375,-0.05986451772568473,-0.08276123756752965,0.07606808344523112,-0.08276123756752965
ef9ad2a5e3b2b7b4fe28,28002a3ae903ad45ac45,CCCCCCCCN(CCCCCCCC)C(=O)COCC(=O)N(CCCCCCCC)CCCCCCCC,0982ebf465b726073008,Er-Tm,Er,Tm,Ca_SAFE:12958,Ca_SAFE:12991,68|CCCCCCCCN(CCCCCCCC)C(=O)COCC(=O)N(CCCCCCCC)CCCCCCCC|water,69|CCCCCCCCN(CCCCCCCC)C(=O)COCC(=O)N(CCCCCCCC)CCCCCCCC|water,7969957ddddb,6f2b8ea84d8f,183,1063,-0.008001840070003485,0,-0.052761306177337444,-0.04964324342783301,-0.04964324342783301,-0.047773786619328705,-0.04902066650883089,0.06227967143058777,-0.04902066650883089
ea500ea536540c2053e5,28002a3ae903ad45ac45,CCCCCCCCN(CCCCCCCC)C(=O)COCC(=O)N(CCCCCCCC)CCCCCCCC,0982ebf465b726073008,Tm-Yb,Tm,Yb,Ca_SAFE:12991,Ca_SAFE:12994,69|CCCCCCCCN(CCCCCCCC)C(=O)COCC(=O)N(CCCCCCCC)CCCCCCCC|water,70|CCCCCCCCN(CCCCCCCC)C(=O)COCC(=O)N(CCCCCCCC)CCCCCCCC|water,6f2b8ea84d8f,64d6f07f057c,1063,1119,-0.043784542332128806,0,-0.020451539583338937,-0.01002326485161908,-0.01002326485161908,-0.048948258390077826,-0.04182407868839311,0.0191684744010369,-0.04182407868839311
a07508631952deefa815,28002a3ae903ad45ac45,CCCCCCCCN(CCCCCCCC)C(=O)COCC(=O)N(CCCCCCCC)CCCCCCCC,0982ebf465b726073008,Yb-Lu,Yb,Lu,Ca_SAFE:12994,Ca_SAFE:12976,70|CCCCCCCCN(CCCCCCCC)C(=O)COCC(=O)N(CCCCCCCC)CCCCCCCC|water,71|CCCCCCCCN(CCCCCCCC)C(=O)COCC(=O)N(CCCCCCCC)CCCCCCCC|water,64d6f07f057c,eed9dc5fbef3,1119,720,-0.02392319206688276,0,-0.10745809683723176,-0.08900089675012683,-0.08900089675012683,-0.0838052012707576,-0.08971842516237614,0.0727982313061754,-0.08971842516237614
1c6540a0128d429cf9cf,a276ebed9911f938b9d6,CCCCCCCCN(CCCCCCCC)C(=O)COCC(=O)N(CCCCCCCC)CCCCCCCC,0982ebf465b726073008,La-Ce,La,Ce,Ca_SAFE:12974,Ca_SAFE:12956,57|CCCCCCCCN(CCCCCCCC)C(=O)COCC(=O)N(CCCCCCCC)CCCCCCCC|water,58|CCCCCCCCN(CCCCCCCC)C(=O)COCC(=O)N(CCCCCCCC)CCCCCCCC|water,cac084a0d563,2bb8a487a3df,640,15,-0.5563025007672873,0,-0.39527072003251307,-0.37547426075347295,-0.37547426075347295,-0.3627135749546486,-0.37085286122411476,-0.002833013733228048,-0.37085286122411476
9fdf3fe611a2960593aa,a276ebed9911f938b9d6,CCCCCCCCN(CCCCCCCC)C(=O)COCC(=O)N(CCCCCCCC)CCCCCCCC,0982ebf465b726073008,Ce-Pr,Ce,Pr,Ca_SAFE:12956,Ca_SAFE:12983,58|CCCCCCCCN(CCCCCCCC)C(=O)COCC(=O)N(CCCCCCCC)CCCCCCCC|water,59|CCCCCCCCN(CCCCCCCC)C(=O)COCC(=O)N(CCCCCCCC)CCCCCCCC|water,2bb8a487a3df,e4103e24a2d3,15,877,0.3521825181113625,0,-0.2658974116621289,-0.26332372298428836,-0.26332372298428836,-0.1949311965416515,-0.21267275032177085,0.00923053314909339,-0.21267275032177085
43043162dbe4f2b7fe9f,a276ebed9911f938b9d6,CCCCCCCCN(CCCCCCCC)C(=O)COCC(=O)N(CCCCCCCC)CCCCCCCC,0982ebf465b726073008,Pr-Nd,Pr,Nd,Ca_SAFE:12983,Ca_SAFE:12980,59|CCCCCCCCN(CCCCCCCC)C(=O)COCC(=O)N(CCCCCCCC)CCCCCCCC|water,60|CCCCCCCCN(CCCCCCCC)C(=O)COCC(=O)N(CCCCCCCC)CCCCCCCC|water,e4103e24a2d3,5085718391b0,877,746,-0.14943906428424097,0,-0.19643594406042775,-0.20970673488102431,-0.20970673488102431,-0.1917197338240451,-0.19289878638314079,0.10458826133981347,-0.19289878638314079
af080836966d604f77c6,a276ebed9911f938b9d6,CCCCCCCCN(CCCCCCCC)C(=O)COCC(=O)N(CCCCCCCC)CCCCCCCC,0982ebf465b726073008,Sm-Eu,Sm,Eu,Ca_SAFE:12986,Ca_SAFE:12965,62|CCCCCCCCN(CCCCCCCC)C(=O)COCC(=O)N(CCCCCCCC)CCCCCCCC|water,63|CCCCCCCCN(CCCCCCCC)C(=O)COCC(=O)N(CCCCCCCC)CCCCCCCC|water,32566dc9a831,b5ceae618f36,903,369,-0.2599931437758904,0,-0.14206248603343152,-0.11171560646197179,-0.11171560646197179,-0.11452715991132528,-0.12141099144185184,-0.012597274035215378,-0.12141099144185184
f2003956cf0155248020,a276ebed9911f938b9d6,CCCCCCCCN(CCCCCCCC)C(=O)COCC(=O)N(CCCCCCCC)CCCCCCCC,0982ebf465b726073008,Eu-Gd,Eu,Gd,Ca_SAFE:12965,Ca_SAFE:12968,63|CCCCCCCCN(CCCCCCCC)C(=O)COCC(=O)N(CCCCCCCC)CCCCCCCC|water,64|CCCCCCCCN(CCCCCCCC)C(=O)COCC(=O)N(CCCCCCCC)CCCCCCCC|water,b5ceae618f36,9060a51020d0,369,475,-0.15057667362257632,0,-0.16648522289517784,-0.16945610189691657,-0.16945610189691657,-0.12094934479927391,-0.1323333143232499,0.10405665884415309,-0.1323333143232499
9cb4343e6399ab87738d,a276ebed9911f938b9d6,CCCCCCCCN(CCCCCCCC)C(=O)COCC(=O)N(CCCCCCCC)CCCCCCCC,0982ebf465b726073008,Gd-Tb,Gd,Tb,Ca_SAFE:12968,Ca_SAFE:12989,64|CCCCCCCCN(CCCCCCCC)C(=O)COCC(=O)N(CCCCCCCC)CCCCCCCC|water,65|CCCCCCCCN(CCCCCCCC)C(=O)COCC(=O)N(CCCCCCCC)CCCCCCCC|water,9060a51020d0,16686414c510,475,974,-0.3308702591080144,0,-0.31452310419452967,-0.3068012681390062,-0.3068012681390062,-0.3424949204213109,-0.3355019663646156,-0.040122964729865394,-0.3355019663646156
8aadaea214a346c3e1cc,a276ebed9911f938b9d6,CCCCCCCCN(CCCCCCCC)C(=O)COCC(=O)N(CCCCCCCC)CCCCCCCC,0982ebf465b726073008,Tb-Dy,Tb,Dy,Ca_SAFE:12989,Ca_SAFE:12962,65|CCCCCCCCN(CCCCCCCC)C(=O)COCC(=O)N(CCCCCCCC)CCCCCCCC|water,66|CCCCCCCCN(CCCCCCCC)C(=O)COCC(=O)N(CCCCCCCC)CCCCCCCC|water,16686414c510,02b82eed2591,974,72,-0.219345106866087,0,-0.012114508618859649,-0.003564817609439777,-0.003564817609439776,-0.07192152260577916,-0.05696976910904929,0.021761532872915268,-0.05696976910904929
c2010dd45962e34fbf7e,a276ebed9911f938b9d6,CCCCCCCCN(CCCCCCCC)C(=O)COCC(=O)N(CCCCCCCC)CCCCCCCC,0982ebf465b726073008,Dy-Ho,Dy,Ho,Ca_SAFE:12962,Ca_SAFE:12971,66|CCCCCCCCN(CCCCCCCC)C(=O)COCC(=O)N(CCCCCCCC)CCCCCCCC|water,67|CCCCCCCCN(CCCCCCCC)C(=O)COCC(=O)N(CCCCCCCC)CCCCCCCC|water,02b82eed2591,44a23e6db33b,72,532,-0.1392462016481768,0,-0.0642305893975556,-0.04933247605348143,-0.04933247605348143,-0.05155732734320759,-0.05472564285679459,0.028338891880897183,-0.05472564285679459
e0b80c680c600f3e0216,a276ebed9911f938b9d6,CCCCCCCCN(CCCCCCCC)C(=O)COCC(=O)N(CCCCCCCC)CCCCCCCC,0982ebf465b726073008,Ho-Er,Ho,Er,Ca_SAFE:12971,Ca_SAFE:12959,67|CCCCCCCCN(CCCCCCCC)C(=O)COCC(=O)N(CCCCCCCC)CCCCCCCC|water,68|CCCCCCCCN(CCCCCCCC)C(=O)COCC(=O)N(CCCCCCCC)CCCCCCCC|water,44a23e6db33b,7969957ddddb,532,183,-0.07968361103354593,0,-0.15145139709306443,-0.12764804907328375,-0.12764804907328375,-0.05986451772568473,-0.08276123756752965,0.07597287806371848,-0.08276123756752965
79797f76b8123fa748af,a276ebed9911f938b9d6,CCCCCCCCN(CCCCCCCC)C(=O)COCC(=O)N(CCCCCCCC)CCCCCCCC,0982ebf465b726073008,Er-Tm,Er,Tm,Ca_SAFE:12959,Ca_SAFE:12992,68|CCCCCCCCN(CCCCCCCC)C(=O)COCC(=O)N(CCCCCCCC)CCCCCCCC|water,69|CCCCCCCCN(CCCCCCCC)C(=O)COCC(=O)N(CCCCCCCC)CCCCCCCC|water,7969957ddddb,6f2b8ea84d8f,183,1063,-0.03190441743032335,0,-0.052761306177337444,-0.04964324342783301,-0.04964324342783301,-0.047773786619328705,-0.04902066650883089,0.0620185931523641,-0.04902066650883089
ddbe7ea0af42c1af8339,a276ebed9911f938b9d6,CCCCCCCCN(CCCCCCCC)C(=O)COCC(=O)N(CCCCCCCC)CCCCCCCC,0982ebf465b726073008,Tm-Yb,Tm,Yb,Ca_SAFE:12992,Ca_SAFE:12995,69|CCCCCCCCN(CCCCCCCC)C(=O)COCC(=O)N(CCCCCCCC)CCCCCCCC|water,70|CCCCCCCCN(CCCCCCCC)C(=O)COCC(=O)N(CCCCCCCC)CCCCCCCC|water,6f2b8ea84d8f,64d6f07f057c,1063,1119,-0.03189301480308249,0,-0.020451539583338937,-0.01002326485161908,-0.01002326485161908,-0.048948258390077826,-0.04182407868839311,0.019229952866832416,-0.04182407868839311
7d3a4640d9f9b236b8ee,a276ebed9911f938b9d6,CCCCCCCCN(CCCCCCCC)C(=O)COCC(=O)N(CCCCCCCC)CCCCCCCC,0982ebf465b726073008,Yb-Lu,Yb,Lu,Ca_SAFE:12995,Ca_SAFE:12977,70|CCCCCCCCN(CCCCCCCC)C(=O)COCC(=O)N(CCCCCCCC)CCCCCCCC|water,71|CCCCCCCCN(CCCCCCCC)C(=O)COCC(=O)N(CCCCCCCC)CCCCCCCC|water,64d6f07f057c,eed9dc5fbef3,1119,720,-0.03586524876318631,0,-0.10745809683723176,-0.08900089675012683,-0.08900089675012683,-0.0838052012707576,-0.08971842516237614,0.07253756017113726,-0.08971842516237614
176e271a0ba85a941523,3706b46050ff96d31b3f,CCCCCCCCN(CCCCCCCC)C(=O)COCC(=O)N(CCCCCCCC)CCCCCCCC,0982ebf465b726073008,La-Ce,La,Ce,Ca_SAFE:13020,Ca_SAFE:12996,57|CCCCCCCCN(CCCCCCCC)C(=O)COCC(=O)N(CCCCCCCC)CCCCCCCC|nitrate,58|CCCCCCCCN(CCCCCCCC)C(=O)COCC(=O)N(CCCCCCCC)CCCCCCCC|nitrate,195a6a071085,daa93503e260,584,62,-0.20227584195755446,0,-0.39527072003251307,-0.37547426075347295,-0.37547426075347295,-0.3314949994944646,-0.3474389296289767,0.005590802989900112,-0.3474389296289767
e14cf333cee01a017252,3706b46050ff96d31b3f,CCCCCCCCN(CCCCCCCC)C(=O)COCC(=O)N(CCCCCCCC)CCCCCCCC,0982ebf465b726073008,Ce-Pr,Ce,Pr,Ca_SAFE:12996,Ca_SAFE:13032,58|CCCCCCCCN(CCCCCCCC)C(=O)COCC(=O)N(CCCCCCCC)CCCCCCCC|nitrate,59|CCCCCCCCN(CCCCCCCC)C(=O)COCC(=O)N(CCCCCCCC)CCCCCCCC|nitrate,daa93503e260,bfc694b020e5,62,866,-0.11323197707504958,0,-0.2658974116621289,-0.26332372298428836,-0.26332372298428836,-0.285844310066362,-0.2808575854653037,-0.06870999932289124,-0.2808575854653037
7d39a0878449334cd116,3706b46050ff96d31b3f,CCCCCCCCN(CCCCCCCC)C(=O)COCC(=O)N(CCCCCCCC)CCCCCCCC,0982ebf465b726073008,Pr-Nd,Pr,Nd,Ca_SAFE:13032,Ca_SAFE:13028,59|CCCCCCCCN(CCCCCCCC)C(=O)COCC(=O)N(CCCCCCCC)CCCCCCCC|nitrate,60|CCCCCCCCN(CCCCCCCC)C(=O)COCC(=O)N(CCCCCCCC)CCCCCCCC|nitrate,bfc694b020e5,f627b8cfec4b,866,803,-0.034214100531101674,0,-0.19643594406042775,-0.20970673488102431,-0.20970673488102431,-0.1928824977556728,-0.19377085933186153,0.16096026947100958,-0.19377085933186153
fdcbe0d73782aceb193a,3706b46050ff96d31b3f,CCCCCCCCN(CCCCCCCC)C(=O)COCC(=O)N(CCCCCCCC)CCCCCCCC,0982ebf465b726073008,Sm-Eu,Sm,Eu,Ca_SAFE:13036,Ca_SAFE:13008,62|CCCCCCCCN(CCCCCCCC)C(=O)COCC(=O)N(CCCCCCCC)CCCCCCCC|nitrate,63|CCCCCCCCN(CCCCCCCC)C(=O)COCC(=O)N(CCCCCCCC)CCCCCCCC|nitrate,932854907794,3f1e9baa527a,935,276,-0.3622528871921915,0,-0.14206248603343152,-0.11171560646197179,-0.11171560646197179,-0.13028001456350857,-0.1332256324309893,-0.08538118377327919,-0.1332256324309893
84f866be6eae4120e466,3706b46050ff96d31b3f,CCCCCCCCN(CCCCCCCC)C(=O)COCC(=O)N(CCCCCCCC)CCCCCCCC,0982ebf465b726073008,Eu-Gd,Eu,Gd,Ca_SAFE:13008,Ca_SAFE:13012,63|CCCCCCCCN(CCCCCCCC)C(=O)COCC(=O)N(CCCCCCCC)CCCCCCCC|nitrate,64|CCCCCCCCN(CCCCCCCC)C(=O)COCC(=O)N(CCCCCCCC)CCCCCCCC|nitrate,3f1e9baa527a,ffeead124530,276,511,-0.3207912016883747,0,-0.16648522289517784,-0.16945610189691657,-0.16945610189691657,-0.11658122605876377,-0.12905722526786728,0.09375133862098058,-0.12905722526786728
337f01291e2732f397a6,3706b46050ff96d31b3f,CCCCCCCCN(CCCCCCCC)C(=O)COCC(=O)N(CCCCCCCC)CCCCCCCC,0982ebf465b726073008,Gd-Tb,Gd,Tb,Ca_SAFE:13012,Ca_SAFE:13040,64|CCCCCCCCN(CCCCCCCC)C(=O)COCC(=O)N(CCCCCCCC)CCCCCCCC|nitrate,65|CCCCCCCCN(CCCCCCCC)C(=O)COCC(=O)N(CCCCCCCC)CCCCCCCC|nitrate,ffeead124530,28d4b8569192,511,975,-0.0741132865145262,0,-0.31452310419452967,-0.3068012681390062,-0.3068012681390062,-0.23412722474751457,-0.2542261946092683,-0.17102342347304025,-0.2542261946092683
5f14f18dca1ea90a70e6,3706b46050ff96d31b3f,CCCCCCCCN(CCCCCCCC)C(=O)COCC(=O)N(CCCCCCCC)CCCCCCCC,0982ebf465b726073008,Tb-Dy,Tb,Dy,Ca_SAFE:13040,Ca_SAFE:13004,65|CCCCCCCCN(CCCCCCCC)C(=O)COCC(=O)N(CCCCCCCC)CCCCCCCC|nitrate,66|CCCCCCCCN(CCCCCCCC)C(=O)COCC(=O)N(CCCCCCCC)CCCCCCCC|nitrate,28d4b8569192,ece8108f76e3,975,144,-0.2304416076223792,0,-0.012114508618859649,-0.003564817609439777,-0.003564817609439776,-0.046783935927640796,-0.03811657910044551,0.05381111490229765,-0.03811657910044551
4f5fc0cc82bc89e41a62,3706b46050ff96d31b3f,CCCCCCCCN(CCCCCCCC)C(=O)COCC(=O)N(CCCCCCCC)CCCCCCCC,0982ebf465b726073008,Dy-Ho,Dy,Ho,Ca_SAFE:13004,Ca_SAFE:13016,66|CCCCCCCCN(CCCCCCCC)C(=O)COCC(=O)N(CCCCCCCC)CCCCCCCC|nitrate,67|CCCCCCCCN(CCCCCCCC)C(=O)COCC(=O)N(CCCCCCCC)CCCCCCCC|nitrate,ece8108f76e3,9a0b2ab62928,144,548,-0.21402607166624876,0,-0.0642305893975556,-0.04933247605348143,-0.04933247605348143,-0.06313955991657326,-0.06341231728681884,-0.09131558611989021,-0.06341231728681884
a4a4c168514c29ff5405,3706b46050ff96d31b3f,CCCCCCCCN(CCCCCCCC)C(=O)COCC(=O)N(CCCCCCCC)CCCCCCCC,0982ebf465b726073008,Ho-Er,Ho,Er,Ca_SAFE:13016,Ca_SAFE:13000,67|CCCCCCCCN(CCCCCCCC)C(=O)COCC(=O)N(CCCCCCCC)CCCCCCCC|nitrate,68|CCCCCCCCN(CCCCCCCC)C(=O)COCC(=O)N(CCCCCCCC)CCCCCCCC|nitrate,9a0b2ab62928,389643f6ef69,548,162,0.0,0,-0.15145139709306443,-0.12764804907328375,-0.12764804907328375,-0.10631881014241219,-0.11760195688007526,0.06847001115481059,-0.11760195688007526
f0c29998f6ce7e3e9c10,3706b46050ff96d31b3f,CCCCCCCCN(CCCCCCCC)C(=O)COCC(=O)N(CCCCCCCC)CCCCCCCC,0982ebf465b726073008,Er-Tm,Er,Tm,Ca_SAFE:13000,Ca_SAFE:13044,68|CCCCCCCCN(CCCCCCCC)C(=O)COCC(=O)N(CCCCCCCC)CCCCCCCC|nitrate,69|CCCCCCCCN(CCCCCCCC)C(=O)COCC(=O)N(CCCCCCCC)CCCCCCCC|nitrate,389643f6ef69,78c4dd080e4c,162,1065,-0.07405002823362272,0,-0.052761306177337444,-0.04964324342783301,-0.04964324342783301,-0.02181959278803964,-0.02955502113536409,0.07083043145636718,-0.02955502113536409
3951ed17b5ea326761b6,3706b46050ff96d31b3f,CCCCCCCCN(CCCCCCCC)C(=O)COCC(=O)N(CCCCCCCC)CCCCCCCC,0982ebf465b726073008,Tm-Yb,Tm,Yb,Ca_SAFE:13044,Ca_SAFE:13048,69|CCCCCCCCN(CCCCCCCC)C(=O)COCC(=O)N(CCCCCCCC)CCCCCCCC|nitrate,70|CCCCCCCCN(CCCCCCCC)C(=O)COCC(=O)N(CCCCCCCC)CCCCCCCC|nitrate,78c4dd080e4c,b626912f120c,1065,1139,-0.016486689343788274,0,-0.020451539583338937,-0.01002326485161908,-0.01002326485161908,-0.08190919751806702,-0.066544783034385,-0.02683372360964616,-0.066544783034385
6720ef269d4e44d31ad7,3706b46050ff96d31b3f,CCCCCCCCN(CCCCCCCC)C(=O)COCC(=O)N(CCCCCCCC)CCCCCCCC,0982ebf465b726073008,Yb-Lu,Yb,Lu,Ca_SAFE:13048,Ca_SAFE:13024,70|CCCCCCCCN(CCCCCCCC)C(=O)COCC(=O)N(CCCCCCCC)CCCCCCCC|nitrate,71|CCCCCCCCN(CCCCCCCC)C(=O)COCC(=O)N(CCCCCCCC)CCCCCCCC|nitrate,b626912f120c,841e714ef7bf,1139,699,-0.008228038152683137,0,-0.10745809683723176,-0.08900089675012683,-0.08900089675012683,-0.07448872313482278,-0.08273106656042503,0.11207372198502223,-0.08273106656042503
01f9d40266557a6e620d,91e79dbd31b1cda27250,CCCCCCCCN(CCCCCCCC)C(=O)COCC(=O)N(CCCCCCCC)CCCCCCCC,0982ebf465b726073008,La-Ce,La,Ce,Ca_SAFE:13021,Ca_SAFE:12997,57|CCCCCCCCN(CCCCCCCC)C(=O)COCC(=O)N(CCCCCCCC)CCCCCCCC|water,58|CCCCCCCCN(CCCCCCCC)C(=O)COCC(=O)N(CCCCCCCC)CCCCCCCC|water,cac084a0d563,2bb8a487a3df,640,15,-0.21439286723676448,0,-0.39527072003251307,-0.37547426075347295,-0.37547426075347295,-0.3627135749546486,-0.37085286122411476,-0.0032615835467974343,-0.37085286122411476
8caea183e31e3ea722bd,91e79dbd31b1cda27250,CCCCCCCCN(CCCCCCCC)C(=O)COCC(=O)N(CCCCCCCC)CCCCCCCC,0982ebf465b726073008,Ce-Pr,Ce,Pr,Ca_SAFE:12997,Ca_SAFE:13033,58|CCCCCCCCN(CCCCCCCC)C(=O)COCC(=O)N(CCCCCCCC)CCCCCCCC|water,59|CCCCCCCCN(CCCCCCCC)C(=O)COCC(=O)N(CCCCCCCC)CCCCCCCC|water,2bb8a487a3df,e4103e24a2d3,15,877,-0.04292820054181083,0,-0.2658974116621289,-0.26332372298428836,-0.26332372298428836,-0.1949311965416515,-0.21267275032177085,0.009137663679818312,-0.21267275032177085
e4760fe48b60b2f88693,91e79dbd31b1cda27250,CCCCCCCCN(CCCCCCCC)C(=O)COCC(=O)N(CCCCCCCC)CCCCCCCC,0982ebf465b726073008,Pr-Nd,Pr,Nd,Ca_SAFE:13033,Ca_SAFE:13029,59|CCCCCCCCN(CCCCCCCC)C(=O)COCC(=O)N(CCCCCCCC)CCCCCCCC|water,60|CCCCCCCCN(CCCCCCCC)C(=O)COCC(=O)N(CCCCCCCC)CCCCCCCC|water,e4103e24a2d3,5085718391b0,877,746,-0.015063746435875915,0,-0.19643594406042775,-0.20970673488102431,-0.20970673488102431,-0.1917197338240451,-0.19289878638314079,0.10480278497561812,-0.19289878638314079
85472a76d4ea66ad9546,91e79dbd31b1cda27250,CCCCCCCCN(CCCCCCCC)C(=O)COCC(=O)N(CCCCCCCC)CCCCCCCC,0982ebf465b726073008,Sm-Eu,Sm,Eu,Ca_SAFE:13037,Ca_SAFE:13009,62|CCCCCCCCN(CCCCCCCC)C(=O)COCC(=O)N(CCCCCCCC)CCCCCCCC|water,63|CCCCCCCCN(CCCCCCCC)C(=O)COCC(=O)N(CCCCCCCC)CCCCCCCC|water,32566dc9a831,b5ceae618f36,903,369,-0.15712341997970125,0,-0.14206248603343152,-0.11171560646197179,-0.11171560646197179,-0.11452715991132528,-0.12141099144185184,-0.012782000005245209,-0.12141099144185184
f09ea94dbce1f1de8493,91e79dbd31b1cda27250,CCCCCCCCN(CCCCCCCC)C(=O)COCC(=O)N(CCCCCCCC)CCCCCCCC,0982ebf465b726073008,Eu-Gd,Eu,Gd,Ca_SAFE:13009,Ca_SAFE:13013,63|CCCCCCCCN(CCCCCCCC)C(=O)COCC(=O)N(CCCCCCCC)CCCCCCCC|water,64|CCCCCCCCN(CCCCCCCC)C(=O)COCC(=O)N(CCCCCCCC)CCCCCCCC|water,b5ceae618f36,9060a51020d0,369,475,-0.18123089870809228,0,-0.16648522289517784,-0.16945610189691657,-0.16945610189691657,-0.12094934479927391,-0.1323333143232499,0.10424427812298138,-0.1323333143232499
64954ae19a63d2819cf2,91e79dbd31b1cda27250,CCCCCCCCN(CCCCCCCC)C(=O)COCC(=O)N(CCCCCCCC)CCCCCCCC,0982ebf465b726073008,Gd-Tb,Gd,Tb,Ca_SAFE:13013,Ca_SAFE:13041,64|CCCCCCCCN(CCCCCCCC)C(=O)COCC(=O)N(CCCCCCCC)CCCCCCCC|water,65|CCCCCCCCN(CCCCCCCC)C(=O)COCC(=O)N(CCCCCCCC)CCCCCCCC|water,9060a51020d0,16686414c510,475,974,-0.18032831199893595,0,-0.31452310419452967,-0.3068012681390062,-0.3068012681390062,-0.3424949204213109,-0.3355019663646156,-0.04017746231208245,-0.3355019663646156
1b01d20ad7e10f81c498,91e79dbd31b1cda27250,CCCCCCCCN(CCCCCCCC)C(=O)COCC(=O)N(CCCCCCCC)CCCCCCCC,0982ebf465b726073008,Tb-Dy,Tb,Dy,Ca_SAFE:13041,Ca_SAFE:13005,65|CCCCCCCCN(CCCCCCCC)C(=O)COCC(=O)N(CCCCCCCC)CCCCCCCC|water,66|CCCCCCCCN(CCCCCCCC)C(=O)COCC(=O)N(CCCCCCCC)CCCCCCCC|water,16686414c510,02b82eed2591,974,72,-0.1977488001999842,0,-0.012114508618859649,-0.003564817609439777,-0.003564817609439776,-0.07192152260577916,-0.05696976910904929,0.02178005004922549,-0.05696976910904929
b332fc9e52121d8d8701,91e79dbd31b1cda27250,CCCCCCCCN(CCCCCCCC)C(=O)COCC(=O)N(CCCCCCCC)CCCCCCCC,0982ebf465b726073008,Dy-Ho,Dy,Ho,Ca_SAFE:13005,Ca_SAFE:13017,66|CCCCCCCCN(CCCCCCCC)C(=O)COCC(=O)N(CCCCCCCC)CCCCCCCC|water,67|CCCCCCCCN(CCCCCCCC)C(=O)COCC(=O)N(CCCCCCCC)CCCCCCCC|water,02b82eed2591,44a23e6db33b,72,532,-0.26333866851100085,0,-0.0642305893975556,-0.04933247605348143,-0.04933247605348143,-0.05155732734320759,-0.05472564285679459,0.02842906191168974,-0.05472564285679459
2c5d2cb15fcfaf300c66,91e79dbd31b1cda27250,CCCCCCCCN(CCCCCCCC)C(=O)COCC(=O)N(CCCCCCCC)CCCCCCCC,0982ebf465b726073008,Ho-Er,Ho,Er,Ca_SAFE:13017,Ca_SAFE:13001,67|CCCCCCCCN(CCCCCCCC)C(=O)COCC(=O)N(CCCCCCCC)CCCCCCCC|water,68|CCCCCCCCN(CCCCCCCC)C(=O)COCC(=O)N(CCCCCCCC)CCCCCCCC|water,44a23e6db33b,7969957ddddb,532,183,-0.6913196327091535,0,-0.15145139709306443,-0.12764804907328375,-0.12764804907328375,-0.05986451772568473,-0.08276123756752965,0.07611769748230775,-0.08276123756752965
1322007f9056ec4a26bc,91e79dbd31b1cda27250,CCCCCCCCN(CCCCCCCC)C(=O)COCC(=O)N(CCCCCCCC)CCCCCCCC,0982ebf465b726073008,Er-Tm,Er,Tm,Ca_SAFE:13001,Ca_SAFE:13045,68|CCCCCCCCN(CCCCCCCC)C(=O)COCC(=O)N(CCCCCCCC)CCCCCCCC|water,69|CCCCCCCCN(CCCCCCCC)C(=O)COCC(=O)N(CCCCCCCC)CCCCCCCC|water,7969957ddddb,6f2b8ea84d8f,183,1063,-0.1069687103948318,0,-0.052761306177337444,-0.04964324342783301,-0.04964324342783301,-0.047773786619328705,-0.04902066650883089,0.062415884186824165,-0.04902066650883089
d2f67af85183c566c1bb,91e79dbd31b1cda27250,CCCCCCCCN(CCCCCCCC)C(=O)COCC(=O)N(CCCCCCCC)CCCCCCCC,0982ebf465b726073008,Tm-Yb,Tm,Yb,Ca_SAFE:13045,Ca_SAFE:13049,69|CCCCCCCCN(CCCCCCCC)C(=O)COCC(=O)N(CCCCCCCC)CCCCCCCC|water,70|CCCCCCCCN(CCCCCCCC)C(=O)COCC(=O)N(CCCCCCCC)CCCCCCCC|water,6f2b8ea84d8f,64d6f07f057c,1063,1119,-0.016483224070113156,0,-0.020451539583338937,-0.01002326485161908,-0.01002326485161908,-0.048948258390077826,-0.04182407868839311,0.01913645553092162,-0.04182407868839311
15282cb7dcdc027579d5,91e79dbd31b1cda27250,CCCCCCCCN(CCCCCCCC)C(=O)COCC(=O)N(CCCCCCCC)CCCCCCCC,0982ebf465b726073008,Yb-Lu,Yb,Lu,Ca_SAFE:13049,Ca_SAFE:13025,70|CCCCCCCCN(CCCCCCCC)C(=O)COCC(=O)N(CCCCCCCC)CCCCCCCC|water,71|CCCCCCCCN(CCCCCCCC)C(=O)COCC(=O)N(CCCCCCCC)CCCCCCCC|water,64d6f07f057c,eed9dc5fbef3,1119,720,-0.01644005835338369,0,-0.10745809683723176,-0.08900089675012683,-0.08900089675012683,-0.0838052012707576,-0.08971842516237614,0.07293437545498212,-0.08971842516237614
1d8c4a801fa3ae461d1c,fb6a13c1501a9d7c5765,CCCCCCCCN(CCCCCCCC)C(=O)COCC(=O)N(CCCCCCCC)CCCCCCCC,0982ebf465b726073008,La-Ce,La,Ce,Ca_SAFE:13022,Ca_SAFE:12998,57|CCCCCCCCN(CCCCCCCC)C(=O)COCC(=O)N(CCCCCCCC)CCCCCCCC|water,58|CCCCCCCCN(CCCCCCCC)C(=O)COCC(=O)N(CCCCCCCC)CCCCCCCC|water,cac084a0d563,2bb8a487a3df,640,15,-0.04042865705560822,0,-0.39527072003251307,-0.37547426075347295,-0.37547426075347295,-0.3627135749546486,-0.37085286122411476,-0.002991513659556707,-0.37085286122411476
b2f4598af872857718a9,fb6a13c1501a9d7c5765,CCCCCCCCN(CCCCCCCC)C(=O)COCC(=O)N(CCCCCCCC)CCCCCCCC,0982ebf465b726073008,Ce-Pr,Ce,Pr,Ca_SAFE:12998,Ca_SAFE:13034,58|CCCCCCCCN(CCCCCCCC)C(=O)COCC(=O)N(CCCCCCCC)CCCCCCCC|water,59|CCCCCCCCN(CCCCCCCC)C(=O)COCC(=O)N(CCCCCCCC)CCCCCCCC|water,2bb8a487a3df,e4103e24a2d3,15,877,0.2218487496163563,0,-0.2658974116621289,-0.26332372298428836,-0.26332372298428836,-0.1949311965416515,-0.21267275032177085,0.009196116433789333,-0.21267275032177085
c2e1a4448d75d6e63a3a,fb6a13c1501a9d7c5765,CCCCCCCCN(CCCCCCCC)C(=O)COCC(=O)N(CCCCCCCC)CCCCCCCC,0982ebf465b726073008,Pr-Nd,Pr,Nd,Ca_SAFE:13034,Ca_SAFE:13030,59|CCCCCCCCN(CCCCCCCC)C(=O)COCC(=O)N(CCCCCCCC)CCCCCCCC|water,60|CCCCCCCCN(CCCCCCCC)C(=O)COCC(=O)N(CCCCCCCC)CCCCCCCC|water,e4103e24a2d3,5085718391b0,877,746,0.03342375548694976,0,-0.19643594406042775,-0.20970673488102431,-0.20970673488102431,-0.1917197338240451,-0.19289878638314079,0.10466769523918629,-0.19289878638314079
e2e5e5f03ed762e5ff4c,fb6a13c1501a9d7c5765,CCCCCCCCN(CCCCCCCC)C(=O)COCC(=O)N(CCCCCCCC)CCCCCCCC,0982ebf465b726073008,Sm-Eu,Sm,Eu,Ca_SAFE:13038,Ca_SAFE:13010,62|CCCCCCCCN(CCCCCCCC)C(=O)COCC(=O)N(CCCCCCCC)CCCCCCCC|water,63|CCCCCCCCN(CCCCCCCC)C(=O)COCC(=O)N(CCCCCCCC)CCCCCCCC|water,32566dc9a831,b5ceae618f36,903,369,-0.062147906748844406,0,-0.14206248603343152,-0.11171560646197179,-0.11171560646197179,-0.11452715991132528,-0.12141099144185184,-0.012665505210558573,-0.12141099144185184
bd25fb8d7c475c787a52,fb6a13c1501a9d7c5765,CCCCCCCCN(CCCCCCCC)C(=O)COCC(=O)N(CCCCCCCC)CCCCCCCC,0982ebf465b726073008,Eu-Gd,Eu,Gd,Ca_SAFE:13010,Ca_SAFE:13014,63|CCCCCCCCN(CCCCCCCC)C(=O)COCC(=O)N(CCCCCCCC)CCCCCCCC|water,64|CCCCCCCCN(CCCCCCCC)C(=O)COCC(=O)N(CCCCCCCC)CCCCCCCC|water,b5ceae618f36,9060a51020d0,369,475,-0.14612803567823807,0,-0.16648522289517784,-0.16945610189691657,-0.16945610189691657,-0.12094934479927391,-0.1323333143232499,0.10412592068314552,-0.1323333143232499
e06e9e4cfc52d4176d29,fb6a13c1501a9d7c5765,CCCCCCCCN(CCCCCCCC)C(=O)COCC(=O)N(CCCCCCCC)CCCCCCCC,0982ebf465b726073008,Gd-Tb,Gd,Tb,Ca_SAFE:13014,Ca_SAFE:13042,64|CCCCCCCCN(CCCCCCCC)C(=O)COCC(=O)N(CCCCCCCC)CCCCCCCC|water,65|CCCCCCCCN(CCCCCCCC)C(=O)COCC(=O)N(CCCCCCCC)CCCCCCCC|water,9060a51020d0,16686414c510,475,974,-0.057991946977686726,0,-0.31452310419452967,-0.3068012681390062,-0.3068012681390062,-0.3424949204213109,-0.3355019663646156,-0.040143104580541454,-0.3355019663646156
1edfd673cfd5477fd227,fb6a13c1501a9d7c5765,CCCCCCCCN(CCCCCCCC)C(=O)COCC(=O)N(CCCCCCCC)CCCCCCCC,0982ebf465b726073008,Tb-Dy,Tb,Dy,Ca_SAFE:13042,Ca_SAFE:13006,65|CCCCCCCCN(CCCCCCCC)C(=O)COCC(=O)N(CCCCCCCC)CCCCCCCC|water,66|CCCCCCCCN(CCCCCCCC)C(=O)COCC(=O)N(CCCCCCCC)CCCCCCCC|water,16686414c510,02b82eed2591,974,72,-0.11115045212266661,0,-0.012114508618859649,-0.003564817609439777,-0.003564817609439776,-0.07192152260577916,-0.05696976910904929,0.021768371264139812,-0.05696976910904929
15077740c993daed6b81,fb6a13c1501a9d7c5765,CCCCCCCCN(CCCCCCCC)C(=O)COCC(=O)N(CCCCCCCC)CCCCCCCC,0982ebf465b726073008,Dy-Ho,Dy,Ho,Ca_SAFE:13006,Ca_SAFE:13018,66|CCCCCCCCN(CCCCCCCC)C(=O)COCC(=O)N(CCCCCCCC)CCCCCCCC|water,67|CCCCCCCCN(CCCCCCCC)C(=O)COCC(=O)N(CCCCCCCC)CCCCCCCC|water,02b82eed2591,44a23e6db33b,72,532,-0.17139613784730146,0,-0.0642305893975556,-0.04933247605348143,-0.04933247605348143,-0.05155732734320759,-0.05472564285679459,0.028372204590899248,-0.05472564285679459
11c1451439bc30ce5257,fb6a13c1501a9d7c5765,CCCCCCCCN(CCCCCCCC)C(=O)COCC(=O)N(CCCCCCCC)CCCCCCCC,0982ebf465b726073008,Ho-Er,Ho,Er,Ca_SAFE:13018,Ca_SAFE:13002,67|CCCCCCCCN(CCCCCCCC)C(=O)COCC(=O)N(CCCCCCCC)CCCCCCCC|water,68|CCCCCCCCN(CCCCCCCC)C(=O)COCC(=O)N(CCCCCCCC)CCCCCCCC|water,44a23e6db33b,7969957ddddb,532,183,-0.15015552496128148,0,-0.15145139709306443,-0.12764804907328375,-0.12764804907328375,-0.05986451772568473,-0.08276123756752965,0.07602655390898387,-0.08276123756752965
a33ed37e923b3f01bad2,fb6a13c1501a9d7c5765,CCCCCCCCN(CCCCCCCC)C(=O)COCC(=O)N(CCCCCCCC)CCCCCCCC,0982ebf465b726073008,Er-Tm,Er,Tm,Ca_SAFE:13002,Ca_SAFE:13046,68|CCCCCCCCN(CCCCCCCC)C(=O)COCC(=O)N(CCCCCCCC)CCCCCCCC|water,69|CCCCCCCCN(CCCCCCCC)C(=O)COCC(=O)N(CCCCCCCC)CCCCCCCC|water,7969957ddddb,6f2b8ea84d8f,183,1063,-0.09017663034908803,0,-0.052761306177337444,-0.04964324342783301,-0.04964324342783301,-0.047773786619328705,-0.04902066650883089,0.0621656651298205,-0.04902066650883089
50db39f26c8f69cdc195,fb6a13c1501a9d7c5765,CCCCCCCCN(CCCCCCCC)C(=O)COCC(=O)N(CCCCCCCC)CCCCCCCC,0982ebf465b726073008,Tm-Yb,Tm,Yb,Ca_SAFE:13046,Ca_SAFE:13050,69|CCCCCCCCN(CCCCCCCC)C(=O)COCC(=O)N(CCCCCCCC)CCCCCCCC|water,70|CCCCCCCCN(CCCCCCCC)C(=O)COCC(=O)N(CCCCCCCC)CCCCCCCC|water,6f2b8ea84d8f,64d6f07f057c,1063,1119,-0.10974723771322861,0,-0.020451539583338937,-0.01002326485161908,-0.01002326485161908,-0.048948258390077826,-0.04182407868839311,0.019195299595594406,-0.04182407868839311
69b337341a6a87cd5e47,fb6a13c1501a9d7c5765,CCCCCCCCN(CCCCCCCC)C(=O)COCC(=O)N(CCCCCCCC)CCCCCCCC,0982ebf465b726073008,Yb-Lu,Yb,Lu,Ca_SAFE:13050,Ca_SAFE:13026,70|CCCCCCCCN(CCCCCCCC)C(=O)COCC(=O)N(CCCCCCCC)CCCCCCCC|water,71|CCCCCCCCN(CCCCCCCC)C(=O)COCC(=O)N(CCCCCCCC)CCCCCCCC|water,64d6f07f057c,eed9dc5fbef3,1119,720,-0.1885598996152793,0,-0.10745809683723176,-0.08900089675012683,-0.08900089675012683,-0.0838052012707576,-0.08971842516237614,0.07268436765298247,-0.08971842516237614
eb7a914bd7a84ce40a92,6f546cbaf8a948083639,CCCCCCCCN(CCCCCCCC)C(=O)COCC(=O)N(CCCCCCCC)CCCCCCCC,0982ebf465b726073008,La-Ce,La,Ce,Ca_SAFE:13023,Ca_SAFE:12999,57|CCCCCCCCN(CCCCCCCC)C(=O)COCC(=O)N(CCCCCCCC)CCCCCCCC|water,58|CCCCCCCCN(CCCCCCCC)C(=O)COCC(=O)N(CCCCCCCC)CCCCCCCC|water,cac084a0d563,2bb8a487a3df,640,15,0.38021124171160603,0,-0.39527072003251307,-0.37547426075347295,-0.37547426075347295,-0.3627135749546486,-0.37085286122411476,-0.0028816026945908866,-0.37085286122411476
b03720eba325a8f62ee0,6f546cbaf8a948083639,CCCCCCCCN(CCCCCCCC)C(=O)COCC(=O)N(CCCCCCCC)CCCCCCCC,0982ebf465b726073008,Ce-Pr,Ce,Pr,Ca_SAFE:12999,Ca_SAFE:13035,58|CCCCCCCCN(CCCCCCCC)C(=O)COCC(=O)N(CCCCCCCC)CCCCCCCC|water,59|CCCCCCCCN(CCCCCCCC)C(=O)COCC(=O)N(CCCCCCCC)CCCCCCCC|water,2bb8a487a3df,e4103e24a2d3,15,877,0.3979400086720375,0,-0.2658974116621289,-0.26332372298428836,-0.26332372298428836,-0.1949311965416515,-0.21267275032177085,0.009219984834392866,-0.21267275032177085
48112f1d6eacd728f8e5,6f546cbaf8a948083639,CCCCCCCCN(CCCCCCCC)C(=O)COCC(=O)N(CCCCCCCC)CCCCCCCC,0982ebf465b726073008,Pr-Nd,Pr,Nd,Ca_SAFE:13035,Ca_SAFE:13031,59|CCCCCCCCN(CCCCCCCC)C(=O)COCC(=O)N(CCCCCCCC)CCCCCCCC|water,60|CCCCCCCCN(CCCCCCCC)C(=O)COCC(=O)N(CCCCCCCC)CCCCCCCC|water,e4103e24a2d3,5085718391b0,877,746,0.12493873660830013,0,-0.19643594406042775,-0.20970673488102431,-0.20970673488102431,-0.1917197338240451,-0.19289878638314079,0.10461263001586,-0.19289878638314079
8007cf41274ed736a70e,6f546cbaf8a948083639,CCCCCCCCN(CCCCCCCC)C(=O)COCC(=O)N(CCCCCCCC)CCCCCCCC,0982ebf465b726073008,Sm-Eu,Sm,Eu,Ca_SAFE:13039,Ca_SAFE:13011,62|CCCCCCCCN(CCCCCCCC)C(=O)COCC(=O)N(CCCCCCCC)CCCCCCCC|water,63|CCCCCCCCN(CCCCCCCC)C(=O)COCC(=O)N(CCCCCCCC)CCCCCCCC|water,32566dc9a831,b5ceae618f36,903,369,0.0,0,-0.14206248603343152,-0.11171560646197179,-0.11171560646197179,-0.11452715991132528,-0.12141099144185184,-0.012618179122606913,-0.12141099144185184
d41dc6a82bcb80d1d157,6f546cbaf8a948083639,CCCCCCCCN(CCCCCCCC)C(=O)COCC(=O)N(CCCCCCCC)CCCCCCCC,0982ebf465b726073008,Eu-Gd,Eu,Gd,Ca_SAFE:13011,Ca_SAFE:13015,63|CCCCCCCCN(CCCCCCCC)C(=O)COCC(=O)N(CCCCCCCC)CCCCCCCC|water,64|CCCCCCCCN(CCCCCCCC)C(=O)COCC(=O)N(CCCCCCCC)CCCCCCCC|water,b5ceae618f36,9060a51020d0,369,475,-0.30102999566398125,0,-0.16648522289517784,-0.16945610189691657,-0.16945610189691657,-0.12094934479927391,-0.1323333143232499,0.10407788554827373,-0.1323333143232499
9359fc693dbe0599cc79,6f546cbaf8a948083639,CCCCCCCCN(CCCCCCCC)C(=O)COCC(=O)N(CCCCCCCC)CCCCCCCC,0982ebf465b726073008,Gd-Tb,Gd,Tb,Ca_SAFE:13015,Ca_SAFE:13043,64|CCCCCCCCN(CCCCCCCC)C(=O)COCC(=O)N(CCCCCCCC)CCCCCCCC|water,65|CCCCCCCCN(CCCCCCCC)C(=O)COCC(=O)N(CCCCCCCC)CCCCCCCC|water,9060a51020d0,16686414c510,475,974,0.0,0,-0.31452310419452967,-0.3068012681390062,-0.3068012681390062,-0.3424949204213109,-0.3355019663646156,-0.04012913443148136,-0.3355019663646156
a6655ddb4927ffae258a,6f546cbaf8a948083639,CCCCCCCCN(CCCCCCCC)C(=O)COCC(=O)N(CCCCCCCC)CCCCCCCC,0982ebf465b726073008,Tb-Dy,Tb,Dy,Ca_SAFE:13043,Ca_SAFE:13007,65|CCCCCCCCN(CCCCCCCC)C(=O)COCC(=O)N(CCCCCCCC)CCCCCCCC|water,66|CCCCCCCCN(CCCCCCCC)C(=O)COCC(=O)N(CCCCCCCC)CCCCCCCC|water,16686414c510,02b82eed2591,974,72,0.0,0,-0.012114508618859649,-0.003564817609439777,-0.003564817609439776,-0.07192152260577916,-0.05696976910904929,0.021763621519009273,-0.05696976910904929
cdcd878eeb5aa8575f7a,6f546cbaf8a948083639,CCCCCCCCN(CCCCCCCC)C(=O)COCC(=O)N(CCCCCCCC)CCCCCCCC,0982ebf465b726073008,Dy-Ho,Dy,Ho,Ca_SAFE:13007,Ca_SAFE:13019,66|CCCCCCCCN(CCCCCCCC)C(=O)COCC(=O)N(CCCCCCCC)CCCCCCCC|water,67|CCCCCCCCN(CCCCCCCC)C(=O)COCC(=O)N(CCCCCCCC)CCCCCCCC|water,02b82eed2591,44a23e6db33b,72,532,-0.30102999566398125,0,-0.0642305893975556,-0.04933247605348143,-0.04933247605348143,-0.05155732734320759,-0.05472564285679459,0.02834909420926124,-0.05472564285679459
2009faf7b286fc2ce4ed,6f546cbaf8a948083639,CCCCCCCCN(CCCCCCCC)C(=O)COCC(=O)N(CCCCCCCC)CCCCCCCC,0982ebf465b726073008,Ho-Er,Ho,Er,Ca_SAFE:13019,Ca_SAFE:13003,67|CCCCCCCCN(CCCCCCCC)C(=O)COCC(=O)N(CCCCCCCC)CCCCCCCC|water,68|CCCCCCCCN(CCCCCCCC)C(=O)COCC(=O)N(CCCCCCCC)CCCCCCCC|water,44a23e6db33b,7969957ddddb,532,183,-0.09691001300805624,0,-0.15145139709306443,-0.12764804907328375,-0.12764804907328375,-0.05986451772568473,-0.08276123756752965,0.07598932894567649,-0.08276123756752965
a71dc37d002f509ae0a0,6f546cbaf8a948083639,CCCCCCCCN(CCCCCCCC)C(=O)COCC(=O)N(CCCCCCCC)CCCCCCCC,0982ebf465b726073008,Er-Tm,Er,Tm,Ca_SAFE:13003,Ca_SAFE:13047,68|CCCCCCCCN(CCCCCCCC)C(=O)COCC(=O)N(CCCCCCCC)CCCCCCCC|water,69|CCCCCCCCN(CCCCCCCC)C(=O)COCC(=O)N(CCCCCCCC)CCCCCCCC|water,7969957ddddb,6f2b8ea84d8f,183,1063,-0.07918124604762489,0,-0.052761306177337444,-0.04964324342783301,-0.04964324342783301,-0.047773786619328705,-0.04902066650883089,0.062063705176115036,-0.04902066650883089
cc7ae758c93d6156db9f,6f546cbaf8a948083639,CCCCCCCCN(CCCCCCCC)C(=O)COCC(=O)N(CCCCCCCC)CCCCCCCC,0982ebf465b726073008,Tm-Yb,Tm,Yb,Ca_SAFE:13047,Ca_SAFE:13051,69|CCCCCCCCN(CCCCCCCC)C(=O)COCC(=O)N(CCCCCCCC)CCCCCCCC|water,70|CCCCCCCCN(CCCCCCCC)C(=O)COCC(=O)N(CCCCCCCC)CCCCCCCC|water,6f2b8ea84d8f,64d6f07f057c,1063,1119,-0.1249387366082999,0,-0.020451539583338937,-0.01002326485161908,-0.01002326485161908,-0.048948258390077826,-0.04182407868839311,0.019219324613610905,-0.04182407868839311
fb018bd5daf19e79dc58,6f546cbaf8a948083639,CCCCCCCCN(CCCCCCCC)C(=O)COCC(=O)N(CCCCCCCC)CCCCCCCC,0982ebf465b726073008,Yb-Lu,Yb,Lu,Ca_SAFE:13051,Ca_SAFE:13027,70|CCCCCCCCN(CCCCCCCC)C(=O)COCC(=O)N(CCCCCCCC)CCCCCCCC|water,71|CCCCCCCCN(CCCCCCCC)C(=O)COCC(=O)N(CCCCCCCC)CCCCCCCC|water,64d6f07f057c,eed9dc5fbef3,1119,720,-0.1383026981662815,0,-0.10745809683723176,-0.08900089675012683,-0.08900089675012683,-0.0838052012707576,-0.08971842516237614,0.07258255671088894,-0.08971842516237614
e6f421c9d1ae138f1a18,36e0be02977b0ceae8dd,CCCCCCCCN(CCCCCCCC)C(=O)COCC(=O)N(CCCCCCCC)CCCCCCCC,0982ebf465b726073008,La-Ce,La,Ce,Ca_SAFE:13239,Ca_SAFE:13240,57|CCCCCCCCN(CCCCCCCC)C(=O)COCC(=O)N(CCCCCCCC)CCCCCCCC|water,58|CCCCCCCCN(CCCCCCCC)C(=O)COCC(=O)N(CCCCCCCC)CCCCCCCC|water,cac084a0d563,2bb8a487a3df,640,15,0.1745602165087976,0,-0.3964308303879792,-0.3818530140899006,-0.3818530140899006,-0.3664313975424476,-0.37393125575383046,-0.0914044976234436,-0.37393125575383046
51e30775889d16715774,36e0be02977b0ceae8dd,CCCCCCCCN(CCCCCCCC)C(=O)COCC(=O)N(CCCCCCCC)CCCCCCCC,0982ebf465b726073008,Sm-Eu,Sm,Eu,Ca_SAFE:13242,Ca_SAFE:13243,62|CCCCCCCCN(CCCCCCCC)C(=O)COCC(=O)N(CCCCCCCC)CCCCCCCC|water,63|CCCCCCCCN(CCCCCCCC)C(=O)COCC(=O)N(CCCCCCCC)CCCCCCCC|water,32566dc9a831,b5ceae618f36,903,369,-0.23545331529093283,0,-0.13613204970438728,-0.12410377408234333,-0.12410377408234333,-0.11624787893202401,-0.12121892162511483,-0.04383979613582293,-0.12121892162511483
f7a24fbd60db8dc3c594,36e0be02977b0ceae8dd,CCCCCCCCN(CCCCCCCC)C(=O)COCC(=O)N(CCCCCCCC)CCCCCCCC,0982ebf465b726073008,Eu-Gd,Eu,Gd,Ca_SAFE:13243,Ca_SAFE:13244,63|CCCCCCCCN(CCCCCCCC)C(=O)COCC(=O)N(CCCCCCCC)CCCCCCCC|water,64|CCCCCCCCN(CCCCCCCC)C(=O)COCC(=O)N(CCCCCCCC)CCCCCCCC|water,b5ceae618f36,9060a51020d0,369,475,-0.24357239512855222,0,-0.16002738180132042,-0.15821056552063678,-0.15821056552063678,-0.11291671762513908,-0.12469438366918442,0.09120156864325206,-0.12469438366918442
fd3231a34a73518138f0,36e0be02977b0ceae8dd,CCCCCCCCN(CCCCCCCC)C(=O)COCC(=O)N(CCCCCCCC)CCCCCCCC,0982ebf465b726073008,Gd-Tb,Gd,Tb,Ca_SAFE:13244,Ca_SAFE:13245,64|CCCCCCCCN(CCCCCCCC)C(=O)COCC(=O)N(CCCCCCCC)CCCCCCCC|water,65|CCCCCCCCN(CCCCCCCC)C(=O)COCC(=O)N(CCCCCCCC)CCCCCCCC|water,9060a51020d0,16686414c510,475,974,-0.3328822733423546,0,-0.3352383462533792,-0.3314022462400309,-0.3314022462400309,-0.3500239638918059,-0.34632755948219923,-0.08892950415611267,-0.34632755948219923
b198e814f9b5b1985c12,36e0be02977b0ceae8dd,CCCCCCCCN(CCCCCCCC)C(=O)COCC(=O)N(CCCCCCCC)CCCCCCCC,0982ebf465b726073008,Tb-Dy,Tb,Dy,Ca_SAFE:13245,Ca_SAFE:13246,65|CCCCCCCCN(CCCCCCCC)C(=O)COCC(=O)N(CCCCCCCC)CCCCCCCC|water,66|CCCCCCCCN(CCCCCCCC)C(=O)COCC(=O)N(CCCCCCCC)CCCCCCCC|water,16686414c510,02b82eed2591,974,72,-0.18267929634641422,0,0.004185000632048954,-0.0008613415575941025,-0.0008613415575941027,-0.04605294309978189,-0.03349345716682418,0.010079072167476019,-0.03349345716682418
197d6e90e7176382a7f6,36e0be02977b0ceae8dd,CCCCCCCCN(CCCCCCCC)C(=O)COCC(=O)N(CCCCCCCC)CCCCCCCC,0982ebf465b726073008,Dy-Ho,Dy,Ho,Ca_SAFE:13246,Ca_SAFE:13247,66|CCCCCCCCN(CCCCCCCC)C(=O)COCC(=O)N(CCCCCCCC)CCCCCCCC|water,67|CCCCCCCCN(CCCCCCCC)C(=O)COCC(=O)N(CCCCCCCC)CCCCCCCC|water,02b82eed2591,44a23e6db33b,72,532,-0.1542625169147504,0,-0.043205238318653444,-0.03848540363679394,-0.03848540363679394,-0.025124339403789334,-0.029644564132505363,0.020817444349328678,-0.029644564132505363
60c5b4d0c58f119f18ab,36e0be02977b0ceae8dd,CCCCCCCCN(CCCCCCCC)C(=O)COCC(=O)N(CCCCCCCC)CCCCCCCC,0982ebf465b726073008,Ho-Er,Ho,Er,Ca_SAFE:13247,Ca_SAFE:13248,67|CCCCCCCCN(CCCCCCCC)C(=O)COCC(=O)N(CCCCCCCC)CCCCCCCC|water,68|CCCCCCCCN(CCCCCCCC)C(=O)COCC(=O)N(CCCCCCCC)CCCCCCCC|water,44a23e6db33b,7969957ddddb,532,183,-0.0568335588633281,0,-0.1520097956189812,-0.1366389699794556,-0.1366389699794556,-0.05174028225514701,-0.07680766059610555,0.07158050375680129,-0.07680766059610555
8a982ec03d54c22cd31b,36e0be02977b0ceae8dd,CCCCCCCCN(CCCCCCCC)C(=O)COCC(=O)N(CCCCCCCC)CCCCCCCC,0982ebf465b726073008,Er-Tm,Er,Tm,Ca_SAFE:13248,Ca_SAFE:13249,68|CCCCCCCCN(CCCCCCCC)C(=O)COCC(=O)N(CCCCCCCC)CCCCCCCC|water,69|CCCCCCCCN(CCCCCCCC)C(=O)COCC(=O)N(CCCCCCCC)CCCCCCCC|water,7969957ddddb,6f2b8ea84d8f,183,1063,0.028416779431663486,0,-0.04837161007672207,-0.04975694042487458,-0.04975694042487458,-0.03669444105701235,-0.03961373331193978,0.07037585290769736,-0.03961373331193978
08946896902a421bf889,36e0be02977b0ceae8dd,CCCCCCCCN(CCCCCCCC)C(=O)COCC(=O)N(CCCCCCCC)CCCCCCCC,0982ebf465b726073008,Tm-Yb,Tm,Yb,Ca_SAFE:13249,Ca_SAFE:13250,69|CCCCCCCCN(CCCCCCCC)C(=O)COCC(=O)N(CCCCCCCC)CCCCCCCC|water,70|CCCCCCCCN(CCCCCCCC)C(=O)COCC(=O)N(CCCCCCCC)CCCCCCCC|water,6f2b8ea84d8f,64d6f07f057c,1063,1119,0.08525033829499415,0,-0.019944216830449498,-0.012409810318389806,-0.012409810318389806,-0.03611119239692846,-0.032069448505308726,0.012708529829978943,-0.032069448505308726
71f984c4925fb27870ee,36e0be02977b0ceae8dd,CCCCCCCCN(CCCCCCCC)C(=O)COCC(=O)N(CCCCCCCC)CCCCCCCC,0982ebf465b726073008,Yb-Lu,Yb,Lu,Ca_SAFE:13250,Ca_SAFE:13251,70|CCCCCCCCN(CCCCCCCC)C(=O)COCC(=O)N(CCCCCCCC)CCCCCCCC|water,71|CCCCCCCCN(CCCCCCCC)C(=O)COCC(=O)N(CCCCCCCC)CCCCCCCC|water,64d6f07f057c,eed9dc5fbef3,1119,720,0.012178619756427436,0,-0.10532221969843034,-0.09635529543840424,-0.09635529543840424,-0.08279337368568296,-0.08842558518886981,0.07777999488947292,-0.08842558518886981
10ede7e6e3c9092667b6,dca6d1b8f187ddd31ea3,CCCCCCCCN(CCCCCCCC)C(=O)COCC(=O)N(CCCCCCCC)CCCCCCCC,0982ebf465b726073008,La-Ce,La,Ce,Ca_SAFE:13252,Ca_SAFE:13253,57|CCCCCCCCN(CCCCCCCC)C(=O)COCC(=O)N(CCCCCCCC)CCCCCCCC|water,58|CCCCCCCCN(CCCCCCCC)C(=O)COCC(=O)N(CCCCCCCC)CCCCCCCC|water,cac084a0d563,2bb8a487a3df,640,15,0.15832205683356038,0,-0.3963537097572878,-0.381579822486379,-0.381579822486379,-0.3663792515040867,-0.37387286606738696,-0.11255911240975063,-0.37387286606738696
150020dc75bb2d5329fb,dca6d1b8f187ddd31ea3,CCCCCCCCN(CCCCCCCC)C(=O)COCC(=O)N(CCCCCCCC)CCCCCCCC,0982ebf465b726073008,Sm-Eu,Sm,Eu,Ca_SAFE:13255,Ca_SAFE:13256,62|CCCCCCCCN(CCCCCCCC)C(=O)COCC(=O)N(CCCCCCCC)CCCCCCCC|water,63|CCCCCCCCN(CCCCCCCC)C(=O)COCC(=O)N(CCCCCCCC)CCCCCCCC|water,32566dc9a831,b5ceae618f36,903,369,-0.30446549391068983,0,-0.13900692611817855,-0.13069229959237094,-0.13069229959237094,-0.11552475897739499,-0.12139530076259088,-0.055992730893194675,-0.12139530076259088
b9d24be16157349c7a2b,dca6d1b8f187ddd31ea3,CCCCCCCCN(CCCCCCCC)C(=O)COCC(=O)N(CCCCCCCC)CCCCCCCC,0982ebf465b726073008,Eu-Gd,Eu,Gd,Ca_SAFE:13256,Ca_SAFE:13257,63|CCCCCCCCN(CCCCCCCC)C(=O)COCC(=O)N(CCCCCCCC)CCCCCCCC|water,64|CCCCCCCCN(CCCCCCCC)C(=O)COCC(=O)N(CCCCCCCC)CCCCCCCC|water,b5ceae618f36,9060a51020d0,369,475,-0.2395128552097439,0,-0.15419913667515345,-0.14537523507992844,-0.14537523507992844,-0.10759137083478268,-0.11924331229487536,0.0981966604789098,-0.11924331229487536
d0bf9590fa1cab226c11,dca6d1b8f187ddd31ea3,CCCCCCCCN(CCCCCCCC)C(=O)COCC(=O)N(CCCCCCCC)CCCCCCCC,0982ebf465b726073008,Gd-Tb,Gd,Tb,Ca_SAFE:13257,Ca_SAFE:13258,64|CCCCCCCCN(CCCCCCCC)C(=O)COCC(=O)N(CCCCCCCC)CCCCCCCC|water,65|CCCCCCCCN(CCCCCCCC)C(=O)COCC(=O)N(CCCCCCCC)CCCCCCCC|water,9060a51020d0,16686414c510,475,974,-0.34506089309877996,0,-0.3343649537081286,-0.32866800012025904,-0.32866800012025904,-0.35088075275604846,-0.3467518029940685,-0.09587442316114902,-0.3467518029940685
1baef40d6e4d0a90cefe,dca6d1b8f187ddd31ea3,CCCCCCCCN(CCCCCCCC)C(=O)COCC(=O)N(CCCCCCCC)CCCCCCCC,0982ebf465b726073008,Tb-Dy,Tb,Dy,Ca_SAFE:13258,Ca_SAFE:13259,65|CCCCCCCCN(CCCCCCCC)C(=O)COCC(=O)N(CCCCCCCC)CCCCCCCC|water,66|CCCCCCCCN(CCCCCCCC)C(=O)COCC(=O)N(CCCCCCCC)CCCCCCCC|water,16686414c510,02b82eed2591,974,72,-0.21515561569688912,0,0.010553911029216066,0.0030945027988624487,0.003094502798862449,-0.043031592421868145,-0.029635216559097094,0.008986779799064001,-0.029635216559097094
99a49722e9fdbfe8f4bb,dca6d1b8f187ddd31ea3,CCCCCCCCN(CCCCCCCC)C(=O)COCC(=O)N(CCCCCCCC)CCCCCCCC,0982ebf465b726073008,Dy-Ho,Dy,Ho,Ca_SAFE:13259,Ca_SAFE:13260,66|CCCCCCCCN(CCCCCCCC)C(=O)COCC(=O)N(CCCCCCCC)CCCCCCCC|water,67|CCCCCCCCN(CCCCCCCC)C(=O)COCC(=O)N(CCCCCCCC)CCCCCCCC|water,02b82eed2591,44a23e6db33b,72,532,-0.15020297699594065,0,-0.03856093077640785,-0.03633742540208474,-0.03633742540208474,-0.02364389165929567,-0.027373151438573714,0.02547139550248782,-0.027373151438573714
ed1798bc5a4b999b555d,dca6d1b8f187ddd31ea3,CCCCCCCCN(CCCCCCCC)C(=O)COCC(=O)N(CCCCCCCC)CCCCCCCC,0982ebf465b726073008,Ho-Er,Ho,Er,Ca_SAFE:13260,Ca_SAFE:13261,67|CCCCCCCCN(CCCCCCCC)C(=O)COCC(=O)N(CCCCCCCC)CCCCCCCC|water,68|CCCCCCCCN(CCCCCCCC)C(=O)COCC(=O)N(CCCCCCCC)CCCCCCCC|water,44a23e6db33b,7969957ddddb,532,183,-0.04465493910690099,0,-0.15118515411818495,-0.1361142282113279,-0.1361142282113279,-0.04969454207127782,-0.0750671950830046,0.07456388200322787,-0.0750671950830046
243260d8016ab5cd89e4,dca6d1b8f187ddd31ea3,CCCCCCCCN(CCCCCCCC)C(=O)COCC(=O)N(CCCCCCCC)CCCCCCCC,0982ebf465b726073008,Er-Tm,Er,Tm,Ca_SAFE:13261,Ca_SAFE:13262,68|CCCCCCCCN(CCCCCCCC)C(=O)COCC(=O)N(CCCCCCCC)CCCCCCCC|water,69|CCCCCCCCN(CCCCCCCC)C(=O)COCC(=O)N(CCCCCCCC)CCCCCCCC|water,7969957ddddb,6f2b8ea84d8f,183,1063,0.05277401894451883,0,-0.04869008876802419,-0.05053032998796182,-0.05053032998796182,-0.03511648155408564,-0.03850988335757028,0.08210242974261443,-0.03850988335757028
cd3b9b8319f98733b7ae,dca6d1b8f187ddd31ea3,CCCCCCCCN(CCCCCCCC)C(=O)COCC(=O)N(CCCCCCCC)CCCCCCCC,0982ebf465b726073008,Tm-Yb,Tm,Yb,Ca_SAFE:13262,Ca_SAFE:13263,69|CCCCCCCCN(CCCCCCCC)C(=O)COCC(=O)N(CCCCCCCC)CCCCCCCC|water,70|CCCCCCCCN(CCCCCCCC)C(=O)COCC(=O)N(CCCCCCCC)CCCCCCCC|water,6f2b8ea84d8f,64d6f07f057c,1063,1119,0.12584573748308642,0,-0.019528557080472932,-0.011626563820961978,-0.011626563820961978,-0.03170122344146689,-0.028658056851218403,0.010681595653295517,-0.028658056851218403
01a6abeff9585bbcc5ac,dca6d1b8f187ddd31ea3,CCCCCCCCN(CCCCCCCC)C(=O)COCC(=O)N(CCCCCCCC)CCCCCCCC,0982ebf465b726073008,Yb-Lu,Yb,Lu,Ca_SAFE:13263,Ca_SAFE:13264,70|CCCCCCCCN(CCCCCCCC)C(=O)COCC(=O)N(CCCCCCCC)CCCCCCCC|water,71|CCCCCCCCN(CCCCCCCC)C(=O)COCC(=O)N(CCCCCCCC)CCCCCCCC|water,64d6f07f057c,eed9dc5fbef3,1119,720,0.08930987821380135,0,-0.1053260810330712,-0.09611954698450301,-0.09611954698450301,-0.08084893684795892,-0.08696822289423699,0.09125810116529465,-0.08696822289423699
34ff5cd609691a4a813b,71da445cd408c1308a1d,CCCCCCCCN(CCCCCCCC)C(=O)COCC(=O)N(CCCCCCCC)CCCCCCCC,0982ebf465b726073008,La-Ce,La,Ce,Ca_SAFE:13265,Ca_SAFE:13266,57|CCCCCCCCN(CCCCCCCC)C(=O)COCC(=O)N(CCCCCCCC)CCCCCCCC|water,58|CCCCCCCCN(CCCCCCCC)C(=O)COCC(=O)N(CCCCCCCC)CCCCCCCC|water,cac084a0d563,2bb8a487a3df,640,15,0.02029769959404648,0,-0.39875892187226036,-0.3835052074811857,-0.3835052074811857,-0.3672950626258258,-0.3751610274374344,-0.13485175371170044,-0.3751610274374344
0dc70da862c7b7f1265a,71da445cd408c1308a1d,CCCCCCCCN(CCCCCCCC)C(=O)COCC(=O)N(CCCCCCCC)CCCCCCCC,0982ebf465b726073008,Sm-Eu,Sm,Eu,Ca_SAFE:13268,Ca_SAFE:13269,62|CCCCCCCCN(CCCCCCCC)C(=O)COCC(=O)N(CCCCCCCC)CCCCCCCC|water,63|CCCCCCCCN(CCCCCCCC)C(=O)COCC(=O)N(CCCCCCCC)CCCCCCCC|water,32566dc9a831,b5ceae618f36,903,369,-0.3288227334235437,0,-0.1463298269000666,-0.13912530407521218,-0.13912530407521218,-0.11807688115459777,-0.125140117590965,-0.06875600665807724,-0.125140117590965
5d85bdc48e77faff0647,71da445cd408c1308a1d,CCCCCCCCN(CCCCCCCC)C(=O)COCC(=O)N(CCCCCCCC)CCCCCCCC,0982ebf465b726073008,Eu-Gd,Eu,Gd,Ca_SAFE:13269,Ca_SAFE:13270,63|CCCCCCCCN(CCCCCCCC)C(=O)COCC(=O)N(CCCCCCCC)CCCCCCCC|water,64|CCCCCCCCN(CCCCCCCC)C(=O)COCC(=O)N(CCCCCCCC)CCCCCCCC|water,b5ceae618f36,9060a51020d0,369,475,-0.21515561569688862,0,-0.15214324392808018,-0.14321373400972487,-0.14321373400972487,-0.10763994044689487,-0.1187657663171912,0.10593871275583903,-0.1187657663171912
de1466732efe2d5f0225,71da445cd408c1308a1d,CCCCCCCCN(CCCCCCCC)C(=O)COCC(=O)N(CCCCCCCC)CCCCCCCC,0982ebf465b726073008,Gd-Tb,Gd,Tb,Ca_SAFE:13270,Ca_SAFE:13271,64|CCCCCCCCN(CCCCCCCC)C(=O)COCC(=O)N(CCCCCCCC)CCCCCCCC|water,65|CCCCCCCCN(CCCCCCCC)C(=O)COCC(=O)N(CCCCCCCC)CCCCCCCC|water,9060a51020d0,16686414c510,475,974,-0.29634641407307244,0,-0.3346635494128244,-0.32930602294535843,-0.32930602294535843,-0.34831231508320026,-0.3449001236656063,-0.10282358713448048,-0.3449001236656063
0ea209fde88f6f011771,71da445cd408c1308a1d,CCCCCCCCN(CCCCCCCC)C(=O)COCC(=O)N(CCCCCCCC)CCCCCCCC,0982ebf465b726073008,Tb-Dy,Tb,Dy,Ca_SAFE:13271,Ca_SAFE:13272,65|CCCCCCCCN(CCCCCCCC)C(=O)COCC(=O)N(CCCCCCCC)CCCCCCCC|water,66|CCCCCCCCN(CCCCCCCC)C(=O)COCC(=O)N(CCCCCCCC)CCCCCCCC|water,16686414c510,02b82eed2591,974,72,-0.1461434370771315,0,0.010599219168785371,0.002994748194658553,0.0029947481946585534,-0.04443623529748528,-0.030677371680917612,0.008398457119862238,-0.030677371680917612
69501bc1112a8d483211,71da445cd408c1308a1d,CCCCCCCCN(CCCCCCCC)C(=O)COCC(=O)N(CCCCCCCC)CCCCCCCC,0982ebf465b726073008,Dy-Ho,Dy,Ho,Ca_SAFE:13272,Ca_SAFE:13273,66|CCCCCCCCN(CCCCCCCC)C(=O)COCC(=O)N(CCCCCCCC)CCCCCCCC|water,67|CCCCCCCCN(CCCCCCCC)C(=O)COCC(=O)N(CCCCCCCC)CCCCCCCC|water,02b82eed2591,44a23e6db33b,72,532,-0.06089309878213711,0,-0.037598843587830354,-0.03529916631146523,-0.03529916631146523,-0.025520318460328782,-0.028539949742204175,0.03172337387998899,-0.028539949742204175
cb0bd0ef36df5d48c79c,71da445cd408c1308a1d,CCCCCCCCN(CCCCCCCC)C(=O)COCC(=O)N(CCCCCCCC)CCCCCCCC,0982ebf465b726073008,Ho-Er,Ho,Er,Ca_SAFE:13273,Ca_SAFE:13274,67|CCCCCCCCN(CCCCCCCC)C(=O)COCC(=O)N(CCCCCCCC)CCCCCCCC|water,68|CCCCCCCCN(CCCCCCCC)C(=O)COCC(=O)N(CCCCCCCC)CCCCCCCC|water,44a23e6db33b,7969957ddddb,532,183,-0.024357239512855955,0,-0.15206121391170113,-0.13614158028712225,-0.13614158028712225,-0.05185261412264477,-0.07690476406990887,0.07599615367750327,-0.07690476406990887
dd3532d86d62217cda04,71da445cd408c1308a1d,CCCCCCCCN(CCCCCCCC)C(=O)COCC(=O)N(CCCCCCCC)CCCCCCCC,0982ebf465b726073008,Er-Tm,Er,Tm,Ca_SAFE:13274,Ca_SAFE:13275,68|CCCCCCCCN(CCCCCCCC)C(=O)COCC(=O)N(CCCCCCCC)CCCCCCCC|water,69|CCCCCCCCN(CCCCCCCC)C(=O)COCC(=O)N(CCCCCCCC)CCCCCCCC|water,7969957ddddb,6f2b8ea84d8f,183,1063,0.02841677943166465,0,-0.048955801492382274,-0.0500889937483547,-0.0500889937483547,-0.03587066295195965,-0.0391419475870653,0.09302881235877673,-0.0391419475870653
e6e9bcf534e3d7c82d76,71da445cd408c1308a1d,CCCCCCCCN(CCCCCCCC)C(=O)COCC(=O)N(CCCCCCCC)CCCCCCCC,0982ebf465b726073008,Tm-Yb,Tm,Yb,Ca_SAFE:13275,Ca_SAFE:13276,69|CCCCCCCCN(CCCCCCCC)C(=O)COCC(=O)N(CCCCCCCC)CCCCCCCC|water,70|CCCCCCCCN(CCCCCCCC)C(=O)COCC(=O)N(CCCCCCCC)CCCCCCCC|water,6f2b8ea84d8f,64d6f07f057c,1063,1119,0.11366711772665783,0,-0.019526634869928873,-0.011102769981065321,-0.011102769981065321,-0.03391995936779377,-0.030321628243327542,0.00952018735309442,-0.030321628243327542
55d3fcb892b18bafb164,71da445cd408c1308a1d,CCCCCCCCN(CCCCCCCC)C(=O)COCC(=O)N(CCCCCCCC)CCCCCCCC,0982ebf465b726073008,Yb-Lu,Yb,Lu,Ca_SAFE:13276,Ca_SAFE:13277,70|CCCCCCCCN(CCCCCCCC)C(=O)COCC(=O)N(CCCCCCCC)CCCCCCCC|water,71|CCCCCCCCN(CCCCCCCC)C(=O)COCC(=O)N(CCCCCCCC)CCCCCCCC|water,64d6f07f057c,eed9dc5fbef3,1119,720,0.10554803788903899,0,-0.10490846855656655,-0.0952116542938522,-0.0952116542938522,-0.08114028278807234,-0.08708232923019589,0.1047207477192084,-0.08708232923019589
41b31058d4f910882eb6,6bcccbe2e9a720da69fd,CCCCCCCCN(CCCCCCCC)C(=O)COCC(=O)N(CCCCCCCC)CCCCCCCC,0982ebf465b726073008,La-Ce,La,Ce,Ca_SAFE:13278,Ca_SAFE:13279,57|CCCCCCCCN(CCCCCCCC)C(=O)COCC(=O)N(CCCCCCCC)CCCCCCCC|water,58|CCCCCCCCN(CCCCCCCC)C(=O)COCC(=O)N(CCCCCCCC)CCCCCCCC|water,cac084a0d563,2bb8a487a3df,640,15,0.0,0,-0.3964308303879792,-0.3818530140899006,-0.3818530140899006,-0.3664313975424476,-0.37393125575383046,-0.08936747846504052,-0.37393125575383046
9ed663be0748ffd40d70,6bcccbe2e9a720da69fd,CCCCCCCCN(CCCCCCCC)C(=O)COCC(=O)N(CCCCCCCC)CCCCCCCC,0982ebf465b726073008,Sm-Eu,Sm,Eu,Ca_SAFE:13281,Ca_SAFE:13282,62|CCCCCCCCN(CCCCCCCC)C(=O)COCC(=O)N(CCCCCCCC)CCCCCCCC|water,63|CCCCCCCCN(CCCCCCCC)C(=O)COCC(=O)N(CCCCCCCC)CCCCCCCC|water,32566dc9a831,b5ceae618f36,903,369,-0.24729729729729844,0,-0.13613204970438728,-0.12410377408234333,-0.12410377408234333,-0.11624787893202401,-0.12121892162511483,-0.042194961880644165,-0.12121892162511483
4436723f62a4da7de754,6bcccbe2e9a720da69fd,CCCCCCCCN(CCCCCCCC)C(=O)COCC(=O)N(CCCCCCCC)CCCCCCCC,0982ebf465b726073008,Eu-Gd,Eu,Gd,Ca_SAFE:13282,Ca_SAFE:13283,63|CCCCCCCCN(CCCCCCCC)C(=O)COCC(=O)N(CCCCCCCC)CCCCCCCC|water,64|CCCCCCCCN(CCCCCCCC)C(=O)COCC(=O)N(CCCCCCCC)CCCCCCCC|water,b5ceae618f36,9060a51020d0,369,475,-0.14189189189189233,0,-0.16002738180132042,-0.15821056552063678,-0.15821056552063678,-0.11291671762513908,-0.12469438366918442,0.09017096211512883,-0.12469438366918442
06b44ff5587673965e1b,6bcccbe2e9a720da69fd,CCCCCCCCN(CCCCCCCC)C(=O)COCC(=O)N(CCCCCCCC)CCCCCCCC,0982ebf465b726073008,Gd-Tb,Gd,Tb,Ca_SAFE:13283,Ca_SAFE:13284,64|CCCCCCCCN(CCCCCCCC)C(=O)COCC(=O)N(CCCCCCCC)CCCCCCCC|water,65|CCCCCCCCN(CCCCCCCC)C(=O)COCC(=O)N(CCCCCCCC)CCCCCCCC|water,9060a51020d0,16686414c510,475,974,-0.23918918918918763,0,-0.3352383462533792,-0.3314022462400309,-0.3314022462400309,-0.3500239638918059,-0.34632755948219923,-0.08993608597666025,-0.34632755948219923
80ed93a161adfab6f06b,6bcccbe2e9a720da69fd,CCCCCCCCN(CCCCCCCC)C(=O)COCC(=O)N(CCCCCCCC)CCCCCCCC,0982ebf465b726073008,Tb-Dy,Tb,Dy,Ca_SAFE:13284,Ca_SAFE:13285,65|CCCCCCCCN(CCCCCCCC)C(=O)COCC(=O)N(CCCCCCCC)CCCCCCCC|water,66|CCCCCCCCN(CCCCCCCC)C(=O)COCC(=O)N(CCCCCCCC)CCCCCCCC|water,16686414c510,02b82eed2591,974,72,-0.09729729729729888,0,0.004185000632048954,-0.0008613415575941025,-0.0008613415575941027,-0.04605294309978189,-0.03349345716682418,0.009306584795316061,-0.03349345716682418
662314613e2e7f70c993,6bcccbe2e9a720da69fd,CCCCCCCCN(CCCCCCCC)C(=O)COCC(=O)N(CCCCCCCC)CCCCCCCC,0982ebf465b726073008,Dy-Ho,Dy,Ho,Ca_SAFE:13285,Ca_SAFE:13286,66|CCCCCCCCN(CCCCCCCC)C(=O)COCC(=O)N(CCCCCCCC)CCCCCCCC|water,67|CCCCCCCCN(CCCCCCCC)C(=O)COCC(=O)N(CCCCCCCC)CCCCCCCC|water,02b82eed2591,44a23e6db33b,72,532,-0.08513513513513404,0,-0.043205238318653444,-0.03848540363679394,-0.03848540363679394,-0.025124339403789334,-0.029644564132505363,0.0205316049978137,-0.029644564132505363
3bccd3d4fb2cbc57bbb6,6bcccbe2e9a720da69fd,CCCCCCCCN(CCCCCCCC)C(=O)COCC(=O)N(CCCCCCCC)CCCCCCCC,0982ebf465b726073008,Ho-Er,Ho,Er,Ca_SAFE:13286,Ca_SAFE:13287,67|CCCCCCCCN(CCCCCCCC)C(=O)COCC(=O)N(CCCCCCCC)CCCCCCCC|water,68|CCCCCCCCN(CCCCCCCC)C(=O)COCC(=O)N(CCCCCCCC)CCCCCCCC|water,44a23e6db33b,7969957ddddb,532,183,-0.004054054054053402,0,-0.1520097956189812,-0.1366389699794556,-0.1366389699794556,-0.05174028225514701,-0.07680766059610555,0.0718969435741504,-0.07680766059610555
890182531c3c579c01d3,6bcccbe2e9a720da69fd,CCCCCCCCN(CCCCCCCC)C(=O)COCC(=O)N(CCCCCCCC)CCCCCCCC,0982ebf465b726073008,Er-Tm,Er,Tm,Ca_SAFE:13287,Ca_SAFE:13288,68|CCCCCCCCN(CCCCCCCC)C(=O)COCC(=O)N(CCCCCCCC)CCCCCCCC|water,69|CCCCCCCCN(CCCCCCCC)C(=O)COCC(=O)N(CCCCCCCC)CCCCCCCC|water,7969957ddddb,6f2b8ea84d8f,183,1063,0.048648648648648485,0,-0.04837161007672207,-0.04975694042487458,-0.04975694042487458,-0.03669444105701235,-0.03961373331193978,0.0689921813706557,-0.03961373331193978
e8949fae9b793003245a,6bcccbe2e9a720da69fd,CCCCCCCCN(CCCCCCCC)C(=O)COCC(=O)N(CCCCCCCC)CCCCCCCC,0982ebf465b726073008,Tm-Yb,Tm,Yb,Ca_SAFE:13288,Ca_SAFE:13289,69|CCCCCCCCN(CCCCCCCC)C(=O)COCC(=O)N(CCCCCCCC)CCCCCCCC|water,70|CCCCCCCCN(CCCCCCCC)C(=O)COCC(=O)N(CCCCCCCC)CCCCCCCC|water,6f2b8ea84d8f,64d6f07f057c,1063,1119,0.09729729729729655,0,-0.019944216830449498,-0.012409810318389806,-0.012409810318389806,-0.03611119239692846,-0.032069448505308726,0.013132456690073013,-0.032069448505308726
c774eb8b236e32858573,6bcccbe2e9a720da69fd,CCCCCCCCN(CCCCCCCC)C(=O)COCC(=O)N(CCCCCCCC)CCCCCCCC,0982ebf465b726073008,Yb-Lu,Yb,Lu,Ca_SAFE:13289,Ca_SAFE:13290,70|CCCCCCCCN(CCCCCCCC)C(=O)COCC(=O)N(CCCCCCCC)CCCCCCCC|water,71|CCCCCCCCN(CCCCCCCC)C(=O)COCC(=O)N(CCCCCCCC)CCCCCCCC|water,64d6f07f057c,eed9dc5fbef3,1119,720,0.016216216216215995,0,-0.10532221969843034,-0.09635529543840424,-0.09635529543840424,-0.08279337368568296,-0.08842558518886981,0.07789413041124742,-0.08842558518886981
c4262d3cd88adfc69bef,853a8f73834ca766388b,CCCCCCCCN(CCCCCCCC)C(=O)COCC(=O)N(CCCCCCCC)CCCCCCCC,0982ebf465b726073008,La-Ce,La,Ce,Ca_SAFE:13291,Ca_SAFE:13292,57|CCCCCCCCN(CCCCCCCC)C(=O)COCC(=O)N(CCCCCCCC)CCCCCCCC|water,58|CCCCCCCCN(CCCCCCCC)C(=O)COCC(=O)N(CCCCCCCC)CCCCCCCC|water,cac084a0d563,2bb8a487a3df,640,15,-0.032432432432432545,0,-0.3963537097572878,-0.381579822486379,-0.381579822486379,-0.3663792515040867,-0.37387286606738696,-0.11048066119352977,-0.37387286606738696
1c5e08802b3b3475d4d3,853a8f73834ca766388b,CCCCCCCCN(CCCCCCCC)C(=O)COCC(=O)N(CCCCCCCC)CCCCCCCC,0982ebf465b726073008,Sm-Eu,Sm,Eu,Ca_SAFE:13294,Ca_SAFE:13295,62|CCCCCCCCN(CCCCCCCC)C(=O)COCC(=O)N(CCCCCCCC)CCCCCCCC|water,63|CCCCCCCCN(CCCCCCCC)C(=O)COCC(=O)N(CCCCCCCC)CCCCCCCC|water,32566dc9a831,b5ceae618f36,903,369,-0.2472972972972982,0,-0.13900692611817855,-0.13069229959237094,-0.13069229959237094,-0.11552475897739499,-0.12139530076259088,-0.054274228711922966,-0.12139530076259088
bb7b754bc249996fd236,853a8f73834ca766388b,CCCCCCCCN(CCCCCCCC)C(=O)COCC(=O)N(CCCCCCCC)CCCCCCCC,0982ebf465b726073008,Eu-Gd,Eu,Gd,Ca_SAFE:13295,Ca_SAFE:13296,63|CCCCCCCCN(CCCCCCCC)C(=O)COCC(=O)N(CCCCCCCC)CCCCCCCC|water,64|CCCCCCCCN(CCCCCCCC)C(=O)COCC(=O)N(CCCCCCCC)CCCCCCCC|water,b5ceae618f36,9060a51020d0,369,475,-0.1905405405405407,0,-0.15419913667515345,-0.14537523507992844,-0.14537523507992844,-0.10759137083478268,-0.11924331229487536,0.09721561521291733,-0.11924331229487536
12c12a54e7f23dbd31ac,853a8f73834ca766388b,CCCCCCCCN(CCCCCCCC)C(=O)COCC(=O)N(CCCCCCCC)CCCCCCCC,0982ebf465b726073008,Gd-Tb,Gd,Tb,Ca_SAFE:13296,Ca_SAFE:13297,64|CCCCCCCCN(CCCCCCCC)C(=O)COCC(=O)N(CCCCCCCC)CCCCCCCC|water,65|CCCCCCCCN(CCCCCCCC)C(=O)COCC(=O)N(CCCCCCCC)CCCCCCCC|water,9060a51020d0,16686414c510,475,974,-0.21891891891891818,0,-0.3343649537081286,-0.32866800012025904,-0.32866800012025904,-0.35088075275604846,-0.3467518029940685,-0.09670527962346871,-0.3467518029940685
a7674d4bf76d245c4283,853a8f73834ca766388b,CCCCCCCCN(CCCCCCCC)C(=O)COCC(=O)N(CCCCCCCC)CCCCCCCC,0982ebf465b726073008,Tb-Dy,Tb,Dy,Ca_SAFE:13297,Ca_SAFE:13298,65|CCCCCCCCN(CCCCCCCC)C(=O)COCC(=O)N(CCCCCCCC)CCCCCCCC|water,66|CCCCCCCCN(CCCCCCCC)C(=O)COCC(=O)N(CCCCCCCC)CCCCCCCC|water,16686414c510,02b82eed2591,974,72,-0.09729729729729736,0,0.010553911029216066,0.0030945027988624487,0.003094502798862449,-0.043031592421868145,-0.029635216559097094,0.008284122993548712,-0.029635216559097094
245fed40edd9719f0697,853a8f73834ca766388b,CCCCCCCCN(CCCCCCCC)C(=O)COCC(=O)N(CCCCCCCC)CCCCCCCC,0982ebf465b726073008,Dy-Ho,Dy,Ho,Ca_SAFE:13298,Ca_SAFE:13299,66|CCCCCCCCN(CCCCCCCC)C(=O)COCC(=O)N(CCCCCCCC)CCCCCCCC|water,67|CCCCCCCCN(CCCCCCCC)C(=O)COCC(=O)N(CCCCCCCC)CCCCCCCC|water,02b82eed2591,44a23e6db33b,72,532,-0.040540540540538586,0,-0.03856093077640785,-0.03633742540208474,-0.03633742540208474,-0.02364389165929567,-0.027373151438573714,0.02510174022366603,-0.027373151438573714
1ac4caae2ac7db2f93c0,853a8f73834ca766388b,CCCCCCCCN(CCCCCCCC)C(=O)COCC(=O)N(CCCCCCCC)CCCCCCCC,0982ebf465b726073008,Ho-Er,Ho,Er,Ca_SAFE:13299,Ca_SAFE:13300,67|CCCCCCCCN(CCCCCCCC)C(=O)COCC(=O)N(CCCCCCCC)CCCCCCCC|water,68|CCCCCCCCN(CCCCCCCC)C(=O)COCC(=O)N(CCCCCCCC)CCCCCCCC|water,44a23e6db33b,7969957ddddb,532,183,-0.008108108108110988,0,-0.15118515411818495,-0.1361142282113279,-0.1361142282113279,-0.04969454207127782,-0.0750671950830046,0.07469973961512248,-0.0750671950830046
b40c4bc077b34f5695a0,853a8f73834ca766388b,CCCCCCCCN(CCCCCCCC)C(=O)COCC(=O)N(CCCCCCCC)CCCCCCCC,0982ebf465b726073008,Er-Tm,Er,Tm,Ca_SAFE:13300,Ca_SAFE:13301,68|CCCCCCCCN(CCCCCCCC)C(=O)COCC(=O)N(CCCCCCCC)CCCCCCCC|water,69|CCCCCCCCN(CCCCCCCC)C(=O)COCC(=O)N(CCCCCCCC)CCCCCCCC|water,7969957ddddb,6f2b8ea84d8f,183,1063,0.08513513513513514,0,-0.04869008876802419,-0.05053032998796182,-0.05053032998796182,-0.03511648155408564,-0.03850988335757028,0.08076002635061741,-0.03850988335757028
fdb565816f0a3ab2df99,853a8f73834ca766388b,CCCCCCCCN(CCCCCCCC)C(=O)COCC(=O)N(CCCCCCCC)CCCCCCCC,0982ebf465b726073008,Tm-Yb,Tm,Yb,Ca_SAFE:13301,Ca_SAFE:13302,69|CCCCCCCCN(CCCCCCCC)C(=O)COCC(=O)N(CCCCCCCC)CCCCCCCC|water,70|CCCCCCCCN(CCCCCCCC)C(=O)COCC(=O)N(CCCCCCCC)CCCCCCCC|water,6f2b8ea84d8f,64d6f07f057c,1063,1119,0.10540540540540538,0,-0.019528557080472932,-0.011626563820961978,-0.011626563820961978,-0.03170122344146689,-0.028658056851218403,0.011066717406113943,-0.028658056851218403
360a83cc38134d3b14e6,853a8f73834ca766388b,CCCCCCCCN(CCCCCCCC)C(=O)COCC(=O)N(CCCCCCCC)CCCCCCCC,0982ebf465b726073008,Yb-Lu,Yb,Lu,Ca_SAFE:13302,Ca_SAFE:13303,70|CCCCCCCCN(CCCCCCCC)C(=O)COCC(=O)N(CCCCCCCC)CCCCCCCC|water,71|CCCCCCCCN(CCCCCCCC)C(=O)COCC(=O)N(CCCCCCCC)CCCCCCCC|water,64d6f07f057c,eed9dc5fbef3,1119,720,0.04864864864864868,0,-0.1053260810330712,-0.09611954698450301,-0.09611954698450301,-0.08084893684795892,-0.08696822289423699,0.09151947839806478,-0.08696822289423699
1349294431bf2ced31d4,5c436c93d44e859afb54,CCCCCCCCN(CCCCCCCC)C(=O)COCC(=O)N(CCCCCCCC)CCCCCCCC,0982ebf465b726073008,La-Ce,La,Ce,Ca_SAFE:13304,Ca_SAFE:13305,57|CCCCCCCCN(CCCCCCCC)C(=O)COCC(=O)N(CCCCCCCC)CCCCCCCC|water,58|CCCCCCCCN(CCCCCCCC)C(=O)COCC(=O)N(CCCCCCCC)CCCCCCCC|water,cac084a0d563,2bb8a487a3df,640,15,-0.020270270270269508,0,-0.39875892187226036,-0.3835052074811857,-0.3835052074811857,-0.3672950626258258,-0.3751610274374344,-0.13273314386606216,-0.3751610274374344
2ef5f04767e62bd257a2,5c436c93d44e859afb54,CCCCCCCCN(CCCCCCCC)C(=O)COCC(=O)N(CCCCCCCC)CCCCCCCC,0982ebf465b726073008,Sm-Eu,Sm,Eu,Ca_SAFE:13307,Ca_SAFE:13308,62|CCCCCCCCN(CCCCCCCC)C(=O)COCC(=O)N(CCCCCCCC)CCCCCCCC|water,63|CCCCCCCCN(CCCCCCCC)C(=O)COCC(=O)N(CCCCCCCC)CCCCCCCC|water,32566dc9a831,b5ceae618f36,903,369,-0.2635135135135119,0,-0.1463298269000666,-0.13912530407521218,-0.13912530407521218,-0.11807688115459777,-0.125140117590965,-0.06695462546000878,-0.125140117590965
cb4bca356f319e06d1a7,5c436c93d44e859afb54,CCCCCCCCN(CCCCCCCC)C(=O)COCC(=O)N(CCCCCCCC)CCCCCCCC,0982ebf465b726073008,Eu-Gd,Eu,Gd,Ca_SAFE:13308,Ca_SAFE:13309,63|CCCCCCCCN(CCCCCCCC)C(=O)COCC(=O)N(CCCCCCCC)CCCCCCCC|water,64|CCCCCCCCN(CCCCCCCC)C(=O)COCC(=O)N(CCCCCCCC)CCCCCCCC|water,b5ceae618f36,9060a51020d0,369,475,-0.17027027027027092,0,-0.15214324392808018,-0.14321373400972487,-0.14321373400972487,-0.10763994044689487,-0.1187657663171912,0.10498454670111339,-0.1187657663171912
eece44662856804aa1e1,5c436c93d44e859afb54,CCCCCCCCN(CCCCCCCC)C(=O)COCC(=O)N(CCCCCCCC)CCCCCCCC,0982ebf465b726073008,Gd-Tb,Gd,Tb,Ca_SAFE:13309,Ca_SAFE:13310,64|CCCCCCCCN(CCCCCCCC)C(=O)COCC(=O)N(CCCCCCCC)CCCCCCCC|water,65|CCCCCCCCN(CCCCCCCC)C(=O)COCC(=O)N(CCCCCCCC)CCCCCCCC|water,9060a51020d0,16686414c510,475,974,-0.22702702702702493,0,-0.3346635494128244,-0.32930602294535843,-0.32930602294535843,-0.34831231508320026,-0.3449001236656063,-0.10345666607220967,-0.3449001236656063
53de9efda2fe1a0acd85,5c436c93d44e859afb54,CCCCCCCCN(CCCCCCCC)C(=O)COCC(=O)N(CCCCCCCC)CCCCCCCC,0982ebf465b726073008,Tb-Dy,Tb,Dy,Ca_SAFE:13310,Ca_SAFE:13311,65|CCCCCCCCN(CCCCCCCC)C(=O)COCC(=O)N(CCCCCCCC)CCCCCCCC|water,66|CCCCCCCCN(CCCCCCCC)C(=O)COCC(=O)N(CCCCCCCC)CCCCCCCC|water,16686414c510,02b82eed2591,974,72,-0.11351351351351358,0,0.010599219168785371,0.002994748194658553,0.0029947481946585534,-0.04443623529748528,-0.030677371680917612,0.007791830847660701,-0.030677371680917612
8fa83d32b60790696e49,5c436c93d44e859afb54,CCCCCCCCN(CCCCCCCC)C(=O)COCC(=O)N(CCCCCCCC)CCCCCCCC,0982ebf465b726073008,Dy-Ho,Dy,Ho,Ca_SAFE:13311,Ca_SAFE:13312,66|CCCCCCCCN(CCCCCCCC)C(=O)COCC(=O)N(CCCCCCCC)CCCCCCCC|water,67|CCCCCCCCN(CCCCCCCC)C(=O)COCC(=O)N(CCCCCCCC)CCCCCCCC|water,02b82eed2591,44a23e6db33b,72,532,-0.06891891891892027,0,-0.037598843587830354,-0.03529916631146523,-0.03529916631146523,-0.025520318460328782,-0.028539949742204175,0.031254660338163376,-0.028539949742204175
23304d35001f704c0243,5c436c93d44e859afb54,CCCCCCCCN(CCCCCCCC)C(=O)COCC(=O)N(CCCCCCCC)CCCCCCCC,0982ebf465b726073008,Ho-Er,Ho,Er,Ca_SAFE:13312,Ca_SAFE:13313,67|CCCCCCCCN(CCCCCCCC)C(=O)COCC(=O)N(CCCCCCCC)CCCCCCCC|water,68|CCCCCCCCN(CCCCCCCC)C(=O)COCC(=O)N(CCCCCCCC)CCCCCCCC|water,44a23e6db33b,7969957ddddb,532,183,0.036486486486486225,0,-0.15206121391170113,-0.13614158028712225,-0.13614158028712225,-0.05185261412264477,-0.07690476406990887,0.07594744736949603,-0.07690476406990887
1fcb4a54c4374e37661c,5c436c93d44e859afb54,CCCCCCCCN(CCCCCCCC)C(=O)COCC(=O)N(CCCCCCCC)CCCCCCCC,0982ebf465b726073008,Er-Tm,Er,Tm,Ca_SAFE:13313,Ca_SAFE:13314,68|CCCCCCCCN(CCCCCCCC)C(=O)COCC(=O)N(CCCCCCCC)CCCCCCCC|water,69|CCCCCCCCN(CCCCCCCC)C(=O)COCC(=O)N(CCCCCCCC)CCCCCCCC|water,7969957ddddb,6f2b8ea84d8f,183,1063,0.13783783783783926,0,-0.048955801492382274,-0.0500889937483547,-0.0500889937483547,-0.03587066295195965,-0.0391419475870653,0.09174641966819763,-0.0391419475870653
11bc3d8f718d3978ec63,5c436c93d44e859afb54,CCCCCCCCN(CCCCCCCC)C(=O)COCC(=O)N(CCCCCCCC)CCCCCCCC,0982ebf465b726073008,Tm-Yb,Tm,Yb,Ca_SAFE:13314,Ca_SAFE:13315,69|CCCCCCCCN(CCCCCCCC)C(=O)COCC(=O)N(CCCCCCCC)CCCCCCCC|water,70|CCCCCCCCN(CCCCCCCC)C(=O)COCC(=O)N(CCCCCCCC)CCCCCCCC|water,6f2b8ea84d8f,64d6f07f057c,1063,1119,0.17027027027026842,0,-0.019526634869928873,-0.011102769981065321,-0.011102769981065321,-0.03391995936779377,-0.030321628243327542,0.009860987464586893,-0.030321628243327542
3e2e2b73c71e19a70fa0,5c436c93d44e859afb54,CCCCCCCCN(CCCCCCCC)C(=O)COCC(=O)N(CCCCCCCC)CCCCCCCC,0982ebf465b726073008,Yb-Lu,Yb,Lu,Ca_SAFE:13315,Ca_SAFE:13316,70|CCCCCCCCN(CCCCCCCC)C(=O)COCC(=O)N(CCCCCCCC)CCCCCCCC|water,71|CCCCCCCCN(CCCCCCCC)C(=O)COCC(=O)N(CCCCCCCC)CCCCCCCC|water,64d6f07f057c,eed9dc5fbef3,1119,720,0.16216216216216212,0,-0.10490846855656655,-0.0952116542938522,-0.0952116542938522,-0.08114028278807234,-0.08708232923019589,0.10510985367000103,-0.08708232923019589
51cd7dde3e2bfba4b685,47036a821bd82f268192,CCCCCCCCN(CCCCCCCC)C(=O)COCC(=O)N(CCCCCCCC)CCCCCCCC,0982ebf465b726073008,La-Ce,La,Ce,Ca_SAFE:13317,Ca_SAFE:13318,57|CCCCCCCCN(CCCCCCCC)C(=O)COCC(=O)N(CCCCCCCC)CCCCCCCC|water,58|CCCCCCCCN(CCCCCCCC)C(=O)COCC(=O)N(CCCCCCCC)CCCCCCCC|water,cac084a0d563,2bb8a487a3df,640,15,-0.040540540540540126,0,-0.3980653184746611,-0.3824699639141064,-0.3824699639141064,-0.36500105098393487,-0.3732671178566164,-0.1799128254254659,-0.3732671178566164
6a5435810f461000ea21,47036a821bd82f268192,CCCCCCCCN(CCCCCCCC)C(=O)COCC(=O)N(CCCCCCCC)CCCCCCCC,0982ebf465b726073008,Sm-Eu,Sm,Eu,Ca_SAFE:13320,Ca_SAFE:13321,62|CCCCCCCCN(CCCCCCCC)C(=O)COCC(=O)N(CCCCCCCC)CCCCCCCC|water,63|CCCCCCCCN(CCCCCCCC)C(=O)COCC(=O)N(CCCCCCCC)CCCCCCCC|water,32566dc9a831,b5ceae618f36,903,369,-0.28783783783783834,0,-0.15068205580066857,-0.14618701649168542,-0.14618701649168542,-0.12627523262087703,-0.13237693841582493,-0.09291778551414609,-0.13237693841582493
91dc397f1208d82f65bc,47036a821bd82f268192,CCCCCCCCN(CCCCCCCC)C(=O)COCC(=O)N(CCCCCCCC)CCCCCCCC,0982ebf465b726073008,Eu-Gd,Eu,Gd,Ca_SAFE:13321,Ca_SAFE:13322,63|CCCCCCCCN(CCCCCCCC)C(=O)COCC(=O)N(CCCCCCCC)CCCCCCCC|water,64|CCCCCCCCN(CCCCCCCC)C(=O)COCC(=O)N(CCCCCCCC)CCCCCCCC|water,b5ceae618f36,9060a51020d0,369,475,-0.21081081081080819,0,-0.15249368726511525,-0.14232503496711402,-0.14232503496711402,-0.10909683121843815,-0.11994604523010742,0.12140837063392003,-0.11994604523010742
3ccf00936eb131a6fc63,47036a821bd82f268192,CCCCCCCCN(CCCCCCCC)C(=O)COCC(=O)N(CCCCCCCC)CCCCCCCC,0982ebf465b726073008,Gd-Tb,Gd,Tb,Ca_SAFE:13322,Ca_SAFE:13323,64|CCCCCCCCN(CCCCCCCC)C(=O)COCC(=O)N(CCCCCCCC)CCCCCCCC|water,65|CCCCCCCCN(CCCCCCCC)C(=O)COCC(=O)N(CCCCCCCC)CCCCCCCC|water,9060a51020d0,16686414c510,475,974,-0.21081081081081351,0,-0.33411016843288976,-0.32701327335746355,-0.32701327335746355,-0.3494914438441156,-0.34564612499130914,-0.11616945328811805,-0.34564612499130914
5409fcadcc203a3b5491,47036a821bd82f268192,CCCCCCCCN(CCCCCCCC)C(=O)COCC(=O)N(CCCCCCCC)CCCCCCCC,0982ebf465b726073008,Tb-Dy,Tb,Dy,Ca_SAFE:13323,Ca_SAFE:13324,65|CCCCCCCCN(CCCCCCCC)C(=O)COCC(=O)N(CCCCCCCC)CCCCCCCC|water,66|CCCCCCCCN(CCCCCCCC)C(=O)COCC(=O)N(CCCCCCCC)CCCCCCCC|water,16686414c510,02b82eed2591,974,72,-0.09324324324324273,0,0.00936576757170076,0.0016339287355822292,0.0016339287355822294,-0.04648320023689392,-0.03252095828474525,0.008859436959028244,-0.03252095828474525
03ab77b55cad8d5b1e83,47036a821bd82f268192,CCCCCCCCN(CCCCCCCC)C(=O)COCC(=O)N(CCCCCCCC)CCCCCCCC,0982ebf465b726073008,Dy-Ho,Dy,Ho,Ca_SAFE:13324,Ca_SAFE:13325,66|CCCCCCCCN(CCCCCCCC)C(=O)COCC(=O)N(CCCCCCCC)CCCCCCCC|water,67|CCCCCCCCN(CCCCCCCC)C(=O)COCC(=O)N(CCCCCCCC)CCCCCCCC|water,02b82eed2591,44a23e6db33b,72,532,-0.04864864864864832,0,-0.027275904420476817,-0.025140270905851858,-0.025140270905851858,-0.026555460331305014,-0.026735571353597963,0.04787110909819603,-0.026735571353597963
80980aa4a7513fcb0d1d,47036a821bd82f268192,CCCCCCCCN(CCCCCCCC)C(=O)COCC(=O)N(CCCCCCCC)CCCCCCCC,0982ebf465b726073008,Ho-Er,Ho,Er,Ca_SAFE:13325,Ca_SAFE:13326,67|CCCCCCCCN(CCCCCCCC)C(=O)COCC(=O)N(CCCCCCCC)CCCCCCCC|water,68|CCCCCCCCN(CCCCCCCC)C(=O)COCC(=O)N(CCCCCCCC)CCCCCCCC|water,44a23e6db33b,7969957ddddb,532,183,0.06486486486486509,0,-0.14698998344249609,-0.13126864857992837,-0.13126864857992837,-0.05207205176184912,-0.07580153468201087,0.07313022793581088,-0.07580153468201087
7f5983ca82db1ea59687,47036a821bd82f268192,CCCCCCCCN(CCCCCCCC)C(=O)COCC(=O)N(CCCCCCCC)CCCCCCCC,0982ebf465b726073008,Er-Tm,Er,Tm,Ca_SAFE:13326,Ca_SAFE:13327,68|CCCCCCCCN(CCCCCCCC)C(=O)COCC(=O)N(CCCCCCCC)CCCCCCCC|water,69|CCCCCCCCN(CCCCCCCC)C(=O)COCC(=O)N(CCCCCCCC)CCCCCCCC|water,7969957ddddb,6f2b8ea84d8f,183,1063,0.1540540540540537,0,-0.02859709494282969,-0.032885373868034674,-0.032885373868034674,-0.033959725035923094,-0.032619067512649744,0.11078162863850594,-0.032619067512649744
fda85ad2c8a3e2992723,47036a821bd82f268192,CCCCCCCCN(CCCCCCCC)C(=O)COCC(=O)N(CCCCCCCC)CCCCCCCC,0982ebf465b726073008,Tm-Yb,Tm,Yb,Ca_SAFE:13327,Ca_SAFE:13328,69|CCCCCCCCN(CCCCCCCC)C(=O)COCC(=O)N(CCCCCCCC)CCCCCCCC|water,70|CCCCCCCCN(CCCCCCCC)C(=O)COCC(=O)N(CCCCCCCC)CCCCCCCC|water,6f2b8ea84d8f,64d6f07f057c,1063,1119,0.2229729729729753,0,-0.017662421851644596,-0.010627161601564964,-0.010627161601564964,-0.03442347187043644,-0.03023320936573848,0.010009244084358215,-0.03023320936573848
35fdd715bb9b0a6e8af9,47036a821bd82f268192,CCCCCCCCN(CCCCCCCC)C(=O)COCC(=O)N(CCCCCCCC)CCCCCCCC,0982ebf465b726073008,Yb-Lu,Yb,Lu,Ca_SAFE:13328,Ca_SAFE:13329,70|CCCCCCCCN(CCCCCCCC)C(=O)COCC(=O)N(CCCCCCCC)CCCCCCCC|water,71|CCCCCCCCN(CCCCCCCC)C(=O)COCC(=O)N(CCCCCCCC)CCCCCCCC|water,64d6f07f057c,eed9dc5fbef3,1119,720,0.19054054054053848,0,-0.09855751450083497,-0.0910953350638504,-0.0910953350638504,-0.07820519441447332,-0.08329327443606374,0.13000600164135298,-0.08329327443606374
aa3ad9420bbe92786692,835dde31fb44c84df258,CCCCCCCCN(CCCCCCCC)C(=O)COCC(=O)N(CCCCCCCC)CCCCCCCC,0982ebf465b726073008,La-Ce,La,Ce,Ca_SAFE:13330,Ca_SAFE:13331,57|CCCCCCCCN(CCCCCCCC)C(=O)COCC(=O)N(CCCCCCCC)CCCCCCCC|water,58|CCCCCCCCN(CCCCCCCC)C(=O)COCC(=O)N(CCCCCCCC)CCCCCCCC|water,cac084a0d563,2bb8a487a3df,640,15,-0.07577807848443707,0,-0.3964308303879792,-0.3818530140899006,-0.3818530140899006,-0.3664313975424476,-0.37393125575383046,-0.09069368367393811,-0.37393125575383046
a9ddae5ea18e650033f2,835dde31fb44c84df258,CCCCCCCCN(CCCCCCCC)C(=O)COCC(=O)N(CCCCCCCC)CCCCCCCC,0982ebf465b726073008,Sm-Eu,Sm,Eu,Ca_SAFE:13333,Ca_SAFE:13334,62|CCCCCCCCN(CCCCCCCC)C(=O)COCC(=O)N(CCCCCCCC)CCCCCCCC|water,63|CCCCCCCCN(CCCCCCCC)C(=O)COCC(=O)N(CCCCCCCC)CCCCCCCC|water,32566dc9a831,b5ceae618f36,903,369,-0.34641407307171823,0,-0.13613204970438728,-0.12410377408234333,-0.12410377408234333,-0.11624787893202401,-0.12121892162511483,-0.043321496496597924,-0.12121892162511483
d6c1fa3262e2d3b13ab4,835dde31fb44c84df258,CCCCCCCCN(CCCCCCCC)C(=O)COCC(=O)N(CCCCCCCC)CCCCCCCC,0982ebf465b726073008,Eu-Gd,Eu,Gd,Ca_SAFE:13334,Ca_SAFE:13335,63|CCCCCCCCN(CCCCCCCC)C(=O)COCC(=O)N(CCCCCCCC)CCCCCCCC|water,64|CCCCCCCCN(CCCCCCCC)C(=O)COCC(=O)N(CCCCCCCC)CCCCCCCC|water,b5ceae618f36,9060a51020d0,369,475,-0.18944519621109493,0,-0.16002738180132042,-0.15821056552063678,-0.15821056552063678,-0.11291671762513908,-0.12469438366918442,0.0921911783516407,-0.12469438366918442
7359af8d7cb8788839b2,835dde31fb44c84df258,CCCCCCCCN(CCCCCCCC)C(=O)COCC(=O)N(CCCCCCCC)CCCCCCCC,0982ebf465b726073008,Gd-Tb,Gd,Tb,Ca_SAFE:13335,Ca_SAFE:13336,64|CCCCCCCCN(CCCCCCCC)C(=O)COCC(=O)N(CCCCCCCC)CCCCCCCC|water,65|CCCCCCCCN(CCCCCCCC)C(=O)COCC(=O)N(CCCCCCCC)CCCCCCCC|water,9060a51020d0,16686414c510,475,974,-0.2868741542625182,0,-0.3352383462533792,-0.3314022462400309,-0.3314022462400309,-0.3500239638918059,-0.34632755948219923,-0.08932277063528697,-0.34632755948219923
9640df54b5d4e84d04dd,835dde31fb44c84df258,CCCCCCCCN(CCCCCCCC)C(=O)COCC(=O)N(CCCCCCCC)CCCCCCCC,0982ebf465b726073008,Tb-Dy,Tb,Dy,Ca_SAFE:13336,Ca_SAFE:13337,65|CCCCCCCCN(CCCCCCCC)C(=O)COCC(=O)N(CCCCCCCC)CCCCCCCC|water,66|CCCCCCCCN(CCCCCCCC)C(=O)COCC(=O)N(CCCCCCCC)CCCCCCCC|water,16686414c510,02b82eed2591,974,72,-0.17861975642760497,0,0.004185000632048954,-0.0008613415575941025,-0.0008613415575941027,-0.04605294309978189,-0.03349345716682418,0.011821258813142776,-0.03349345716682418
3cfded75798d8de76a6c,835dde31fb44c84df258,CCCCCCCCN(CCCCCCCC)C(=O)COCC(=O)N(CCCCCCCC)CCCCCCCC,0982ebf465b726073008,Dy-Ho,Dy,Ho,Ca_SAFE:13337,Ca_SAFE:13338,66|CCCCCCCCN(CCCCCCCC)C(=O)COCC(=O)N(CCCCCCCC)CCCCCCCC|water,67|CCCCCCCCN(CCCCCCCC)C(=O)COCC(=O)N(CCCCCCCC)CCCCCCCC|water,02b82eed2591,44a23e6db33b,72,532,-0.1515561569688766,0,-0.043205238318653444,-0.03848540363679394,-0.03848540363679394,-0.025124339403789334,-0.029644564132505363,0.021261130459606647,-0.029644564132505363
ab9c8bc2b7ca3c5f466b,835dde31fb44c84df258,CCCCCCCCN(CCCCCCCC)C(=O)COCC(=O)N(CCCCCCCC)CCCCCCCC,0982ebf465b726073008,Ho-Er,Ho,Er,Ca_SAFE:13338,Ca_SAFE:13339,67|CCCCCCCCN(CCCCCCCC)C(=O)COCC(=O)N(CCCCCCCC)CCCCCCCC|water,68|CCCCCCCCN(CCCCCCCC)C(=O)COCC(=O)N(CCCCCCCC)CCCCCCCC|water,44a23e6db33b,7969957ddddb,532,183,-0.07577807848443885,0,-0.1520097956189812,-0.1366389699794556,-0.1366389699794556,-0.05174028225514701,-0.07680766059610555,0.07216570215920608,-0.07680766059610555
f716a1a6d6a001a25f68,835dde31fb44c84df258,CCCCCCCCN(CCCCCCCC)C(=O)COCC(=O)N(CCCCCCCC)CCCCCCCC,0982ebf465b726073008,Er-Tm,Er,Tm,Ca_SAFE:13339,Ca_SAFE:13340,68|CCCCCCCCN(CCCCCCCC)C(=O)COCC(=O)N(CCCCCCCC)CCCCCCCC|water,69|CCCCCCCCN(CCCCCCCC)C(=O)COCC(=O)N(CCCCCCCC)CCCCCCCC|water,7969957ddddb,6f2b8ea84d8f,183,1063,-0.06495263870094559,0,-0.04837161007672207,-0.04975694042487458,-0.04975694042487458,-0.03669444105701235,-0.03961373331193978,0.07139093242585659,-0.03961373331193978
3d80ee8e7d1db220b432,835dde31fb44c84df258,CCCCCCCCN(CCCCCCCC)C(=O)COCC(=O)N(CCCCCCCC)CCCCCCCC,0982ebf465b726073008,Tm-Yb,Tm,Yb,Ca_SAFE:13340,Ca_SAFE:13341,69|CCCCCCCCN(CCCCCCCC)C(=O)COCC(=O)N(CCCCCCCC)CCCCCCCC|water,70|CCCCCCCCN(CCCCCCCC)C(=O)COCC(=O)N(CCCCCCCC)CCCCCCCC|water,6f2b8ea84d8f,64d6f07f057c,1063,1119,0.027063599458728493,0,-0.019944216830449498,-0.012409810318389806,-0.012409810318389806,-0.03611119239692846,-0.032069448505308726,0.012792582934101423,-0.032069448505308726
4ac429c88a6381087ec0,835dde31fb44c84df258,CCCCCCCCN(CCCCCCCC)C(=O)COCC(=O)N(CCCCCCCC)CCCCCCCC,0982ebf465b726073008,Yb-Lu,Yb,Lu,Ca_SAFE:13341,Ca_SAFE:13342,70|CCCCCCCCN(CCCCCCCC)C(=O)COCC(=O)N(CCCCCCCC)CCCCCCCC|water,71|CCCCCCCCN(CCCCCCCC)C(=O)COCC(=O)N(CCCCCCCC)CCCCCCCC|water,64d6f07f057c,eed9dc5fbef3,1119,720,-0.08119079837618415,0,-0.10532221969843034,-0.09635529543840424,-0.09635529543840424,-0.08279337368568296,-0.08842558518886981,0.07945544086396694,-0.08842558518886981
af39d70b1b263a915e48,83fd85e581643adb2565,CCCCCCCCN(CCCCCCCC)C(=O)COCC(=O)N(CCCCCCCC)CCCCCCCC,0982ebf465b726073008,La-Ce,La,Ce,Ca_SAFE:13343,Ca_SAFE:13344,57|CCCCCCCCN(CCCCCCCC)C(=O)COCC(=O)N(CCCCCCCC)CCCCCCCC|water,58|CCCCCCCCN(CCCCCCCC)C(=O)COCC(=O)N(CCCCCCCC)CCCCCCCC|water,cac084a0d563,2bb8a487a3df,640,15,-0.20568335588633357,0,-0.3963537097572878,-0.381579822486379,-0.381579822486379,-0.3663792515040867,-0.37387286606738696,-0.11175793409347534,-0.37387286606738696
fcf73777566011dcce53,83fd85e581643adb2565,CCCCCCCCN(CCCCCCCC)C(=O)COCC(=O)N(CCCCCCCC)CCCCCCCC,0982ebf465b726073008,Sm-Eu,Sm,Eu,Ca_SAFE:13346,Ca_SAFE:13347,62|CCCCCCCCN(CCCCCCCC)C(=O)COCC(=O)N(CCCCCCCC)CCCCCCCC|water,63|CCCCCCCCN(CCCCCCCC)C(=O)COCC(=O)N(CCCCCCCC)CCCCCCCC|water,32566dc9a831,b5ceae618f36,903,369,-0.4221921515561569,0,-0.13900692611817855,-0.13069229959237094,-0.13069229959237094,-0.11552475897739499,-0.12139530076259088,-0.05529922402153412,-0.12139530076259088
b2e63ac3f27ea91de708,83fd85e581643adb2565,CCCCCCCCN(CCCCCCCC)C(=O)COCC(=O)N(CCCCCCCC)CCCCCCCC,0982ebf465b726073008,Eu-Gd,Eu,Gd,Ca_SAFE:13347,Ca_SAFE:13348,63|CCCCCCCCN(CCCCCCCC)C(=O)COCC(=O)N(CCCCCCCC)CCCCCCCC|water,64|CCCCCCCCN(CCCCCCCC)C(=O)COCC(=O)N(CCCCCCCC)CCCCCCCC|water,b5ceae618f36,9060a51020d0,369,475,-0.15155615696887736,0,-0.15419913667515345,-0.14537523507992844,-0.14537523507992844,-0.10759137083478268,-0.11924331229487536,0.09939189751942952,-0.11924331229487536
8230e957eb36f3f6f7a3,83fd85e581643adb2565,CCCCCCCCN(CCCCCCCC)C(=O)COCC(=O)N(CCCCCCCC)CCCCCCCC,0982ebf465b726073008,Gd-Tb,Gd,Tb,Ca_SAFE:13348,Ca_SAFE:13349,64|CCCCCCCCN(CCCCCCCC)C(=O)COCC(=O)N(CCCCCCCC)CCCCCCCC|water,65|CCCCCCCCN(CCCCCCCC)C(=O)COCC(=O)N(CCCCCCCC)CCCCCCCC|water,9060a51020d0,16686414c510,475,974,-0.346414073071718,0,-0.3343649537081286,-0.32866800012025904,-0.32866800012025904,-0.35088075275604846,-0.3467518029940685,-0.09601602454980214,-0.3467518029940685
f243201d80d0023ccbc5,83fd85e581643adb2565,CCCCCCCCN(CCCCCCCC)C(=O)COCC(=O)N(CCCCCCCC)CCCCCCCC,0982ebf465b726073008,Tb-Dy,Tb,Dy,Ca_SAFE:13349,Ca_SAFE:13350,65|CCCCCCCCN(CCCCCCCC)C(=O)COCC(=O)N(CCCCCCCC)CCCCCCCC|water,66|CCCCCCCCN(CCCCCCCC)C(=O)COCC(=O)N(CCCCCCCC)CCCCCCCC|water,16686414c510,02b82eed2591,974,72,0.0,0,0.010553911029216066,0.0030945027988624487,0.003094502798862449,-0.043031592421868145,-0.029635216559097094,0.01090705394744873,-0.029635216559097094
fea63c494619f5c6cc1e,83fd85e581643adb2565,CCCCCCCCN(CCCCCCCC)C(=O)COCC(=O)N(CCCCCCCC)CCCCCCCC,0982ebf465b726073008,Dy-Ho,Dy,Ho,Ca_SAFE:13350,Ca_SAFE:13351,66|CCCCCCCCN(CCCCCCCC)C(=O)COCC(=O)N(CCCCCCCC)CCCCCCCC|water,67|CCCCCCCCN(CCCCCCCC)C(=O)COCC(=O)N(CCCCCCCC)CCCCCCCC|water,02b82eed2591,44a23e6db33b,72,532,-0.11366711772665705,0,-0.03856093077640785,-0.03633742540208474,-0.03633742540208474,-0.02364389165929567,-0.027373151438573714,0.026053509054084618,-0.027373151438573714
29426cd10f33a4348ac1,83fd85e581643adb2565,CCCCCCCCN(CCCCCCCC)C(=O)COCC(=O)N(CCCCCCCC)CCCCCCCC,0982ebf465b726073008,Ho-Er,Ho,Er,Ca_SAFE:13351,Ca_SAFE:13352,67|CCCCCCCCN(CCCCCCCC)C(=O)COCC(=O)N(CCCCCCCC)CCCCCCCC|water,68|CCCCCCCCN(CCCCCCCC)C(=O)COCC(=O)N(CCCCCCCC)CCCCCCCC|water,44a23e6db33b,7969957ddddb,532,183,-0.0378890392422202,0,-0.15118515411818495,-0.1361142282113279,-0.1361142282113279,-0.04969454207127782,-0.0750671950830046,0.07487312021354835,-0.0750671950830046
bb32c42b86e68657bd6f,83fd85e581643adb2565,CCCCCCCCN(CCCCCCCC)C(=O)COCC(=O)N(CCCCCCCC)CCCCCCCC,0982ebf465b726073008,Er-Tm,Er,Tm,Ca_SAFE:13352,Ca_SAFE:13353,68|CCCCCCCCN(CCCCCCCC)C(=O)COCC(=O)N(CCCCCCCC)CCCCCCCC|water,69|CCCCCCCCN(CCCCCCCC)C(=O)COCC(=O)N(CCCCCCCC)CCCCCCCC|water,7969957ddddb,6f2b8ea84d8f,183,1063,-0.23274695534506096,0,-0.04869008876802419,-0.05053032998796182,-0.05053032998796182,-0.03511648155408564,-0.03850988335757028,0.08307630382478237,-0.03850988335757028
ade4d4cc3ed400d4ca6f,83fd85e581643adb2565,CCCCCCCCN(CCCCCCCC)C(=O)COCC(=O)N(CCCCCCCC)CCCCCCCC,0982ebf465b726073008,Tm-Yb,Tm,Yb,Ca_SAFE:13353,Ca_SAFE:13354,69|CCCCCCCCN(CCCCCCCC)C(=O)COCC(=O)N(CCCCCCCC)CCCCCCCC|water,70|CCCCCCCCN(CCCCCCCC)C(=O)COCC(=O)N(CCCCCCCC)CCCCCCCC|water,6f2b8ea84d8f,64d6f07f057c,1063,1119,0.0703653585926931,0,-0.019528557080472932,-0.011626563820961978,-0.011626563820961978,-0.03170122344146689,-0.028658056851218403,0.010957031200329462,-0.028658056851218403
094e2a490db0475c9a5b,83fd85e581643adb2565,CCCCCCCCN(CCCCCCCC)C(=O)COCC(=O)N(CCCCCCCC)CCCCCCCC,0982ebf465b726073008,Yb-Lu,Yb,Lu,Ca_SAFE:13354,Ca_SAFE:13355,70|CCCCCCCCN(CCCCCCCC)C(=O)COCC(=O)N(CCCCCCCC)CCCCCCCC|water,71|CCCCCCCCN(CCCCCCCC)C(=O)COCC(=O)N(CCCCCCCC)CCCCCCCC|water,64d6f07f057c,eed9dc5fbef3,1119,720,0.027063599458727383,0,-0.1053260810330712,-0.09611954698450301,-0.09611954698450301,-0.08084893684795892,-0.08696822289423699,0.09306044814487298,-0.08696822289423699
a4d5db4ced37adeace7c,0887ba46bbcae4b60a15,CCCCCCCCN(CCCCCCCC)C(=O)COCC(=O)N(CCCCCCCC)CCCCCCCC,0982ebf465b726073008,La-Ce,La,Ce,Ca_SAFE:13356,Ca_SAFE:13357,57|CCCCCCCCN(CCCCCCCC)C(=O)COCC(=O)N(CCCCCCCC)CCCCCCCC|water,58|CCCCCCCCN(CCCCCCCC)C(=O)COCC(=O)N(CCCCCCCC)CCCCCCCC|water,cac084a0d563,2bb8a487a3df,640,15,-0.3843031123139373,0,-0.39875892187226036,-0.3835052074811857,-0.3835052074811857,-0.3672950626258258,-0.3751610274374344,-0.13395682473977408,-0.3751610274374344
d1608b06ff72a0edbd82,0887ba46bbcae4b60a15,CCCCCCCCN(CCCCCCCC)C(=O)COCC(=O)N(CCCCCCCC)CCCCCCCC,0982ebf465b726073008,Ce-Pr,Ce,Pr,Ca_SAFE:13357,Ca_SAFE:13358,58|CCCCCCCCN(CCCCCCCC)C(=O)COCC(=O)N(CCCCCCCC)CCCCCCCC|water,59|CCCCCCCCN(CCCCCCCC)C(=O)COCC(=O)N(CCCCCCCC)CCCCCCCC|water,2bb8a487a3df,e4103e24a2d3,15,877,-0.7415426251691486,0,-0.27342768779001025,-0.2818798834892915,-0.2818798834892915,-0.1900237500855671,-0.21087473451167787,-0.016342983891566593,-0.21087473451167787
ff9c038ab00051bfabc1,0887ba46bbcae4b60a15,CCCCCCCCN(CCCCCCCC)C(=O)COCC(=O)N(CCCCCCCC)CCCCCCCC,0982ebf465b726073008,Pr-Nd,Pr,Nd,Ca_SAFE:13358,Ca_SAFE:13359,59|CCCCCCCCN(CCCCCCCC)C(=O)COCC(=O)N(CCCCCCCC)CCCCCCCC|water,60|CCCCCCCCN(CCCCCCCC)C(=O)COCC(=O)N(CCCCCCCC)CCCCCCCC|water,e4103e24a2d3,5085718391b0,877,746,-0.13531799729363783,0,-0.1960412843497533,-0.21955549609332042,-0.21955549609332042,-0.19237553779756061,-0.19329197443560878,0.11058825999498367,-0.19329197443560878
e81033743e8d86a79dd9,0887ba46bbcae4b60a15,CCCCCCCCN(CCCCCCCC)C(=O)COCC(=O)N(CCCCCCCC)CCCCCCCC,0982ebf465b726073008,Sm-Eu,Sm,Eu,Ca_SAFE:13360,Ca_SAFE:13361,62|CCCCCCCCN(CCCCCCCC)C(=O)COCC(=O)N(CCCCCCCC)CCCCCCCC|water,63|CCCCCCCCN(CCCCCCCC)C(=O)COCC(=O)N(CCCCCCCC)CCCCCCCC|water,32566dc9a831,b5ceae618f36,903,369,-0.41136671177266537,0,-0.1463298269000666,-0.13912530407521218,-0.13912530407521218,-0.11807688115459777,-0.125140117590965,-0.06783552312602599,-0.125140117590965
e5be77a655645ee5fb3b,0887ba46bbcae4b60a15,CCCCCCCCN(CCCCCCCC)C(=O)COCC(=O)N(CCCCCCCC)CCCCCCCC,0982ebf465b726073008,Eu-Gd,Eu,Gd,Ca_SAFE:13361,Ca_SAFE:13362,63|CCCCCCCCN(CCCCCCCC)C(=O)COCC(=O)N(CCCCCCCC)CCCCCCCC|water,64|CCCCCCCCN(CCCCCCCC)C(=O)COCC(=O)N(CCCCCCCC)CCCCCCCC|water,b5ceae618f36,9060a51020d0,369,475,-0.07036535859269288,0,-0.15214324392808018,-0.14321373400972487,-0.14321373400972487,-0.10763994044689487,-0.1187657663171912,0.10730024675528209,-0.1187657663171912
ca27f3377d8e36514ab5,0887ba46bbcae4b60a15,CCCCCCCCN(CCCCCCCC)C(=O)COCC(=O)N(CCCCCCCC)CCCCCCCC,0982ebf465b726073008,Gd-Tb,Gd,Tb,Ca_SAFE:13362,Ca_SAFE:13363,64|CCCCCCCCN(CCCCCCCC)C(=O)COCC(=O)N(CCCCCCCC)CCCCCCCC|water,65|CCCCCCCCN(CCCCCCCC)C(=O)COCC(=O)N(CCCCCCCC)CCCCCCCC|water,9060a51020d0,16686414c510,475,974,-0.33017591339648167,0,-0.3346635494128244,-0.32930602294535843,-0.32930602294535843,-0.34831231508320026,-0.3449001236656063,-0.10266881063580513,-0.3449001236656063
b45f6c26ada0c5ed4c99,0887ba46bbcae4b60a15,CCCCCCCCN(CCCCCCCC)C(=O)COCC(=O)N(CCCCCCCC)CCCCCCCC,0982ebf465b726073008,Tb-Dy,Tb,Dy,Ca_SAFE:13363,Ca_SAFE:13364,65|CCCCCCCCN(CCCCCCCC)C(=O)COCC(=O)N(CCCCCCCC)CCCCCCCC|water,66|CCCCCCCCN(CCCCCCCC)C(=O)COCC(=O)N(CCCCCCCC)CCCCCCCC|water,16686414c510,02b82eed2591,974,72,0.15696887686062233,0,0.010599219168785371,0.002994748194658553,0.0029947481946585534,-0.04443623529748528,-0.030677371680917612,0.01052351047595342,-0.030677371680917612
0f1abfee3cb93e3be748,0887ba46bbcae4b60a15,CCCCCCCCN(CCCCCCCC)C(=O)COCC(=O)N(CCCCCCCC)CCCCCCCC,0982ebf465b726073008,Dy-Ho,Dy,Ho,Ca_SAFE:13364,Ca_SAFE:13365,66|CCCCCCCCN(CCCCCCCC)C(=O)COCC(=O)N(CCCCCCCC)CCCCCCCC|water,67|CCCCCCCCN(CCCCCCCC)C(=O)COCC(=O)N(CCCCCCCC)CCCCCCCC|water,02b82eed2591,44a23e6db33b,72,532,-0.07577807848443885,0,-0.037598843587830354,-0.03529916631146523,-0.03529916631146523,-0.025520318460328782,-0.028539949742204175,0.03243721897403399,-0.028539949742204175
0593e21a38c47db10895,0887ba46bbcae4b60a15,CCCCCCCCN(CCCCCCCC)C(=O)COCC(=O)N(CCCCCCCC)CCCCCCCC,0982ebf465b726073008,Ho-Er,Ho,Er,Ca_SAFE:13365,Ca_SAFE:13366,67|CCCCCCCCN(CCCCCCCC)C(=O)COCC(=O)N(CCCCCCCC)CCCCCCCC|water,68|CCCCCCCCN(CCCCCCCC)C(=O)COCC(=O)N(CCCCCCCC)CCCCCCCC|water,44a23e6db33b,7969957ddddb,532,183,0.010825439783491486,0,-0.15206121391170113,-0.13614158028712225,-0.13614158028712225,-0.05185261412264477,-0.07690476406990887,0.0760133471339941,-0.07690476406990887
6ebee8a1493894680b8c,0887ba46bbcae4b60a15,CCCCCCCCN(CCCCCCCC)C(=O)COCC(=O)N(CCCCCCCC)CCCCCCCC,0982ebf465b726073008,Er-Tm,Er,Tm,Ca_SAFE:13366,Ca_SAFE:13367,68|CCCCCCCCN(CCCCCCCC)C(=O)COCC(=O)N(CCCCCCCC)CCCCCCCC|water,69|CCCCCCCCN(CCCCCCCC)C(=O)COCC(=O)N(CCCCCCCC)CCCCCCCC|water,7969957ddddb,6f2b8ea84d8f,183,1063,-0.24357239512855156,0,-0.048955801492382274,-0.0500889937483547,-0.0500889937483547,-0.03587066295195965,-0.0391419475870653,0.09395558014512062,-0.0391419475870653
0938cb97bd51fcfef4de,0887ba46bbcae4b60a15,CCCCCCCCN(CCCCCCCC)C(=O)COCC(=O)N(CCCCCCCC)CCCCCCCC,0982ebf465b726073008,Tm-Yb,Tm,Yb,Ca_SAFE:13367,Ca_SAFE:13368,69|CCCCCCCCN(CCCCCCCC)C(=O)COCC(=O)N(CCCCCCCC)CCCCCCCC|water,70|CCCCCCCCN(CCCCCCCC)C(=O)COCC(=O)N(CCCCCCCC)CCCCCCCC|water,6f2b8ea84d8f,64d6f07f057c,1063,1119,0.08660351826792945,0,-0.019526634869928873,-0.011102769981065321,-0.011102769981065321,-0.03391995936779377,-0.030321628243327542,0.009994825348258018,-0.030321628243327542
784a6978cea8dab3147c,0887ba46bbcae4b60a15,CCCCCCCCN(CCCCCCCC)C(=O)COCC(=O)N(CCCCCCCC)CCCCCCCC,0982ebf465b726073008,Yb-Lu,Yb,Lu,Ca_SAFE:13368,Ca_SAFE:13369,70|CCCCCCCCN(CCCCCCCC)C(=O)COCC(=O)N(CCCCCCCC)CCCCCCCC|water,71|CCCCCCCCN(CCCCCCCC)C(=O)COCC(=O)N(CCCCCCCC)CCCCCCCC|water,64d6f07f057c,eed9dc5fbef3,1119,720,0.06495263870094714,0,-0.10490846855656655,-0.0952116542938522,-0.0952116542938522,-0.08114028278807234,-0.08708232923019589,0.10658466008802255,-0.08708232923019589
50b0c0035111866b779b,7c0e7eb5385bcde2b423,CCCCCCCCN(CCCCCCCC)C(=O)COCC(=O)N(CCCCCCCC)CCCCCCCC,0982ebf465b726073008,La-Ce,La,Ce,Ca_SAFE:13370,Ca_SAFE:13371,57|CCCCCCCCN(CCCCCCCC)C(=O)COCC(=O)N(CCCCCCCC)CCCCCCCC|water,58|CCCCCCCCN(CCCCCCCC)C(=O)COCC(=O)N(CCCCCCCC)CCCCCCCC|water,cac084a0d563,2bb8a487a3df,640,15,-0.5575101488497965,0,-0.3980653184746611,-0.3824699639141064,-0.3824699639141064,-0.36500105098393487,-0.3732671178566164,-0.1810127521554629,-0.3732671178566164
286a1b82380242962dcd,7c0e7eb5385bcde2b423,CCCCCCCCN(CCCCCCCC)C(=O)COCC(=O)N(CCCCCCCC)CCCCCCCC,0982ebf465b726073008,Ce-Pr,Ce,Pr,Ca_SAFE:13371,Ca_SAFE:13372,58|CCCCCCCCN(CCCCCCCC)C(=O)COCC(=O)N(CCCCCCCC)CCCCCCCC|water,59|CCCCCCCCN(CCCCCCCC)C(=O)COCC(=O)N(CCCCCCCC)CCCCCCCC|water,2bb8a487a3df,e4103e24a2d3,15,877,-0.7577807848443852,0,-0.2771369525974628,-0.2866591039550378,-0.2866591039550378,-0.19172793397739896,-0.2130801886324149,-0.01628199840585391,-0.2130801886324149
c980f49512574cbab1b3,7c0e7eb5385bcde2b423,CCCCCCCCN(CCCCCCCC)C(=O)COCC(=O)N(CCCCCCCC)CCCCCCCC,0982ebf465b726073008,Pr-Nd,Pr,Nd,Ca_SAFE:13372,Ca_SAFE:13373,59|CCCCCCCCN(CCCCCCCC)C(=O)COCC(=O)N(CCCCCCCC)CCCCCCCC|water,60|CCCCCCCCN(CCCCCCCC)C(=O)COCC(=O)N(CCCCCCCC)CCCCCCCC|water,e4103e24a2d3,5085718391b0,877,746,-0.037889039242219535,0,-0.19449569016856247,-0.21841305432854047,-0.21841305432854047,-0.1948044360805845,-0.194727249602579,0.11647096276283264,-0.194727249602579
78b187c8cbb715417d78,7c0e7eb5385bcde2b423,CCCCCCCCN(CCCCCCCC)C(=O)COCC(=O)N(CCCCCCCC)CCCCCCCC,0982ebf465b726073008,Sm-Eu,Sm,Eu,Ca_SAFE:13374,Ca_SAFE:13375,62|CCCCCCCCN(CCCCCCCC)C(=O)COCC(=O)N(CCCCCCCC)CCCCCCCC|water,63|CCCCCCCCN(CCCCCCCC)C(=O)COCC(=O)N(CCCCCCCC)CCCCCCCC|water,32566dc9a831,b5ceae618f36,903,369,-0.13531799729364047,0,-0.15068205580066857,-0.14618701649168542,-0.14618701649168542,-0.12627523262087703,-0.13237693841582493,-0.09345636625463764,-0.13237693841582493
0dde1c9240911de150a7,7c0e7eb5385bcde2b423,CCCCCCCCN(CCCCCCCC)C(=O)COCC(=O)N(CCCCCCCC)CCCCCCCC,0982ebf465b726073008,Eu-Gd,Eu,Gd,Ca_SAFE:13375,Ca_SAFE:13376,63|CCCCCCCCN(CCCCCCCC)C(=O)COCC(=O)N(CCCCCCCC)CCCCCCCC|water,64|CCCCCCCCN(CCCCCCCC)C(=O)COCC(=O)N(CCCCCCCC)CCCCCCCC|water,b5ceae618f36,9060a51020d0,369,475,-0.01623815967523745,0,-0.15249368726511525,-0.14232503496711402,-0.14232503496711402,-0.10909683121843815,-0.11994604523010742,0.12396184355020523,-0.11994604523010742
b362ed281f0646d16b81,7c0e7eb5385bcde2b423,CCCCCCCCN(CCCCCCCC)C(=O)COCC(=O)N(CCCCCCCC)CCCCCCCC,0982ebf465b726073008,Gd-Tb,Gd,Tb,Ca_SAFE:13376,Ca_SAFE:13377,64|CCCCCCCCN(CCCCCCCC)C(=O)COCC(=O)N(CCCCCCCC)CCCCCCCC|water,65|CCCCCCCCN(CCCCCCCC)C(=O)COCC(=O)N(CCCCCCCC)CCCCCCCC|water,9060a51020d0,16686414c510,475,974,-0.16238159675236719,0,-0.33411016843288976,-0.32701327335746355,-0.32701327335746355,-0.3494914438441156,-0.34564612499130914,-0.11516097498436768,-0.34564612499130914
7708e64e877102b525c5,7c0e7eb5385bcde2b423,CCCCCCCCN(CCCCCCCC)C(=O)COCC(=O)N(CCCCCCCC)CCCCCCCC,0982ebf465b726073008,Tb-Dy,Tb,Dy,Ca_SAFE:13377,Ca_SAFE:13378,65|CCCCCCCCN(CCCCCCCC)C(=O)COCC(=O)N(CCCCCCCC)CCCCCCCC|water,66|CCCCCCCCN(CCCCCCCC)C(=O)COCC(=O)N(CCCCCCCC)CCCCCCCC|water,16686414c510,02b82eed2591,974,72,0.17320703653585956,0,0.00936576757170076,0.0016339287355822292,0.0016339287355822294,-0.04648320023689392,-0.03252095828474525,0.011777635663747787,-0.03252095828474525
8c94144932f7a2976dde,7c0e7eb5385bcde2b423,CCCCCCCCN(CCCCCCCC)C(=O)COCC(=O)N(CCCCCCCC)CCCCCCCC,0982ebf465b726073008,Dy-Ho,Dy,Ho,Ca_SAFE:13378,Ca_SAFE:13379,66|CCCCCCCCN(CCCCCCCC)C(=O)COCC(=O)N(CCCCCCCC)CCCCCCCC|water,67|CCCCCCCCN(CCCCCCCC)C(=O)COCC(=O)N(CCCCCCCC)CCCCCCCC|water,02b82eed2591,44a23e6db33b,72,532,-0.027063599458727605,0,-0.027275904420476817,-0.025140270905851858,-0.025140270905851858,-0.026555460331305014,-0.026735571353597963,0.049427042404810585,-0.026735571353597963
ea5a83e0aae140889156,7c0e7eb5385bcde2b423,CCCCCCCCN(CCCCCCCC)C(=O)COCC(=O)N(CCCCCCCC)CCCCCCCC,0982ebf465b726073008,Ho-Er,Ho,Er,Ca_SAFE:13379,Ca_SAFE:13380,67|CCCCCCCCN(CCCCCCCC)C(=O)COCC(=O)N(CCCCCCCC)CCCCCCCC|water,68|CCCCCCCCN(CCCCCCCC)C(=O)COCC(=O)N(CCCCCCCC)CCCCCCCC|water,44a23e6db33b,7969957ddddb,532,183,0.03788903924221865,0,-0.14698998344249609,-0.13126864857992837,-0.13126864857992837,-0.05207205176184912,-0.07580153468201087,0.0730318579201897,-0.07580153468201087
9fc5c372848928699e05,7c0e7eb5385bcde2b423,CCCCCCCCN(CCCCCCCC)C(=O)COCC(=O)N(CCCCCCCC)CCCCCCCC,0982ebf465b726073008,Er-Tm,Er,Tm,Ca_SAFE:13380,Ca_SAFE:13381,68|CCCCCCCCN(CCCCCCCC)C(=O)COCC(=O)N(CCCCCCCC)CCCCCCCC|water,69|CCCCCCCCN(CCCCCCCC)C(=O)COCC(=O)N(CCCCCCCC)CCCCCCCC|water,7969957ddddb,6f2b8ea84d8f,183,1063,-0.18944519621109657,0,-0.02859709494282969,-0.032885373868034674,-0.032885373868034674,-0.033959725035923094,-0.032619067512649744,0.11273834109306335,-0.032619067512649744
ae1f04d0d9159203e2a7,7c0e7eb5385bcde2b423,CCCCCCCCN(CCCCCCCC)C(=O)COCC(=O)N(CCCCCCCC)CCCCCCCC,0982ebf465b726073008,Tm-Yb,Tm,Yb,Ca_SAFE:13381,Ca_SAFE:13382,69|CCCCCCCCN(CCCCCCCC)C(=O)COCC(=O)N(CCCCCCCC)CCCCCCCC|water,70|CCCCCCCCN(CCCCCCCC)C(=O)COCC(=O)N(CCCCCCCC)CCCCCCCC|water,6f2b8ea84d8f,64d6f07f057c,1063,1119,-0.04871447902570991,0,-0.017662421851644596,-0.010627161601564964,-0.010627161601564964,-0.03442347187043644,-0.03023320936573848,0.010630067437887192,-0.03023320936573848
e87ef9ddcf8e29e33a6d,7c0e7eb5385bcde2b423,CCCCCCCCN(CCCCCCCC)C(=O)COCC(=O)N(CCCCCCCC)CCCCCCCC,0982ebf465b726073008,Yb-Lu,Yb,Lu,Ca_SAFE:13382,Ca_SAFE:13383,70|CCCCCCCCN(CCCCCCCC)C(=O)COCC(=O)N(CCCCCCCC)CCCCCCCC|water,71|CCCCCCCCN(CCCCCCCC)C(=O)COCC(=O)N(CCCCCCCC)CCCCCCCC|water,64d6f07f057c,eed9dc5fbef3,1119,720,0.09742895805142027,0,-0.09855751450083497,-0.0910953350638504,-0.0910953350638504,-0.07820519441447332,-0.08329327443606374,0.13127201174696287,-0.08329327443606374
6b1ebcfee3e5bb384d6d,1445010f8a69691b9898,CCCCCCCCN(CCCCCCCC)C(=O)COCC(=O)N(CCCCCCCC)CCCCCCCC,0982ebf465b726073008,La-Ce,La,Ce,Ca_SAFE:13384,Ca_SAFE:13385,57|CCCCCCCCN(CCCCCCCC)C(=O)COCC(=O)N(CCCCCCCC)CCCCCCCC|water,58|CCCCCCCCN(CCCCCCCC)C(=O)COCC(=O)N(CCCCCCCC)CCCCCCCC|water,cac084a0d563,2bb8a487a3df,640,15,0.11864406779661052,0,-0.3964308303879792,-0.3818530140899006,-0.3818530140899006,-0.3664313975424476,-0.37393125575383046,-0.09159661022325356,-0.37393125575383046
256513a260c8f6c8a8eb,1445010f8a69691b9898,CCCCCCCCN(CCCCCCCC)C(=O)COCC(=O)N(CCCCCCCC)CCCCCCCC,0982ebf465b726073008,Sm-Eu,Sm,Eu,Ca_SAFE:13387,Ca_SAFE:13388,62|CCCCCCCCN(CCCCCCCC)C(=O)COCC(=O)N(CCCCCCCC)CCCCCCCC|water,63|CCCCCCCCN(CCCCCCCC)C(=O)COCC(=O)N(CCCCCCCC)CCCCCCCC|water,32566dc9a831,b5ceae618f36,903,369,-0.1977401129943508,0,-0.13613204970438728,-0.12410377408234333,-0.12410377408234333,-0.11624787893202401,-0.12121892162511483,-0.04261698884268602,-0.12121892162511483
1f0b3bd7134f26ee1a31,1445010f8a69691b9898,CCCCCCCCN(CCCCCCCC)C(=O)COCC(=O)N(CCCCCCCC)CCCCCCCC,0982ebf465b726073008,Eu-Gd,Eu,Gd,Ca_SAFE:13388,Ca_SAFE:13389,63|CCCCCCCCN(CCCCCCCC)C(=O)COCC(=O)N(CCCCCCCC)CCCCCCCC|water,64|CCCCCCCCN(CCCCCCCC)C(=O)COCC(=O)N(CCCCCCCC)CCCCCCCC|water,b5ceae618f36,9060a51020d0,369,475,-0.19774011299434968,0,-0.16002738180132042,-0.15821056552063678,-0.15821056552063678,-0.11291671762513908,-0.12469438366918442,0.08822246144215266,-0.12469438366918442
3867019ff0db362aba32,1445010f8a69691b9898,CCCCCCCCN(CCCCCCCC)C(=O)COCC(=O)N(CCCCCCCC)CCCCCCCC,0982ebf465b726073008,Gd-Tb,Gd,Tb,Ca_SAFE:13389,Ca_SAFE:13390,64|CCCCCCCCN(CCCCCCCC)C(=O)COCC(=O)N(CCCCCCCC)CCCCCCCC|water,65|CCCCCCCCN(CCCCCCCC)C(=O)COCC(=O)N(CCCCCCCC)CCCCCCCC|water,9060a51020d0,16686414c510,475,974,-0.31073446327683607,0,-0.3352383462533792,-0.3314022462400309,-0.3314022462400309,-0.3500239638918059,-0.34632755948219923,-0.09185016465683778,-0.34632755948219923
b0fe0ca86c25eabb97f2,1445010f8a69691b9898,CCCCCCCCN(CCCCCCCC)C(=O)COCC(=O)N(CCCCCCCC)CCCCCCCC,0982ebf465b726073008,Tb-Dy,Tb,Dy,Ca_SAFE:13390,Ca_SAFE:13391,65|CCCCCCCCN(CCCCCCCC)C(=O)COCC(=O)N(CCCCCCCC)CCCCCCCC|water,66|CCCCCCCCN(CCCCCCCC)C(=O)COCC(=O)N(CCCCCCCC)CCCCCCCC|water,16686414c510,02b82eed2591,974,72,-0.20903954802259783,0,0.004185000632048954,-0.0008613415575941025,-0.0008613415575941027,-0.04605294309978189,-0.03349345716682418,0.009254525105158487,-0.03349345716682418
778acfdb072157cbfb5f,1445010f8a69691b9898,CCCCCCCCN(CCCCCCCC)C(=O)COCC(=O)N(CCCCCCCC)CCCCCCCC,0982ebf465b726073008,Dy-Ho,Dy,Ho,Ca_SAFE:13391,Ca_SAFE:13392,66|CCCCCCCCN(CCCCCCCC)C(=O)COCC(=O)N(CCCCCCCC)CCCCCCCC|water,67|CCCCCCCCN(CCCCCCCC)C(=O)COCC(=O)N(CCCCCCCC)CCCCCCCC|water,02b82eed2591,44a23e6db33b,72,532,-0.16384180790960634,0,-0.043205238318653444,-0.03848540363679394,-0.03848540363679394,-0.025124339403789334,-0.029644564132505363,0.020135969234009583,-0.029644564132505363
332f56b0caa761956ecf,1445010f8a69691b9898,CCCCCCCCN(CCCCCCCC)C(=O)COCC(=O)N(CCCCCCCC)CCCCCCCC,0982ebf465b726073008,Ho-Er,Ho,Er,Ca_SAFE:13392,Ca_SAFE:13393,67|CCCCCCCCN(CCCCCCCC)C(=O)COCC(=O)N(CCCCCCCC)CCCCCCCC|water,68|CCCCCCCCN(CCCCCCCC)C(=O)COCC(=O)N(CCCCCCCC)CCCCCCCC|water,44a23e6db33b,7969957ddddb,532,183,-0.0677966101694889,0,-0.1520097956189812,-0.1366389699794556,-0.1366389699794556,-0.05174028225514701,-0.07680766059610555,0.0710914892454942,-0.07680766059610555
7038b3915a1f67dcc46f,1445010f8a69691b9898,CCCCCCCCN(CCCCCCCC)C(=O)COCC(=O)N(CCCCCCCC)CCCCCCCC,0982ebf465b726073008,Er-Tm,Er,Tm,Ca_SAFE:13393,Ca_SAFE:13394,68|CCCCCCCCN(CCCCCCCC)C(=O)COCC(=O)N(CCCCCCCC)CCCCCCCC|water,69|CCCCCCCCN(CCCCCCCC)C(=O)COCC(=O)N(CCCCCCCC)CCCCCCCC|water,7969957ddddb,6f2b8ea84d8f,183,1063,0.03954802259886808,0,-0.04837161007672207,-0.04975694042487458,-0.04975694042487458,-0.03669444105701235,-0.03961373331193978,0.06754006755848725,-0.03961373331193978
1d1cd1e2ecc224fb228b,1445010f8a69691b9898,CCCCCCCCN(CCCCCCCC)C(=O)COCC(=O)N(CCCCCCCC)CCCCCCCC,0982ebf465b726073008,Tm-Yb,Tm,Yb,Ca_SAFE:13394,Ca_SAFE:13395,69|CCCCCCCCN(CCCCCCCC)C(=O)COCC(=O)N(CCCCCCCC)CCCCCCCC|water,70|CCCCCCCCN(CCCCCCCC)C(=O)COCC(=O)N(CCCCCCCC)CCCCCCCC|water,6f2b8ea84d8f,64d6f07f057c,1063,1119,0.05649717514124181,0,-0.019944216830449498,-0.012409810318389806,-0.012409810318389806,-0.03611119239692846,-0.032069448505308726,0.012792792171239853,-0.032069448505308726
a06c9cadb0df3592a0ec,1445010f8a69691b9898,CCCCCCCCN(CCCCCCCC)C(=O)COCC(=O)N(CCCCCCCC)CCCCCCCC,0982ebf465b726073008,Yb-Lu,Yb,Lu,Ca_SAFE:13395,Ca_SAFE:13396,70|CCCCCCCCN(CCCCCCCC)C(=O)COCC(=O)N(CCCCCCCC)CCCCCCCC|water,71|CCCCCCCCN(CCCCCCCC)C(=O)COCC(=O)N(CCCCCCCC)CCCCCCCC|water,64d6f07f057c,eed9dc5fbef3,1119,720,0.028248587570623318,0,-0.10532221969843034,-0.09635529543840424,-0.09635529543840424,-0.08279337368568296,-0.08842558518886981,0.07634803078447779,-0.08842558518886981
18cb62b391afb2a1c2b0,a2066966a49a5e512a03,CCCCCCCCN(CCCCCCCC)C(=O)COCC(=O)N(CCCCCCCC)CCCCCCCC,0982ebf465b726073008,La-Ce,La,Ce,Ca_SAFE:13397,Ca_SAFE:13398,57|CCCCCCCCN(CCCCCCCC)C(=O)COCC(=O)N(CCCCCCCC)CCCCCCCC|water,58|CCCCCCCCN(CCCCCCCC)C(=O)COCC(=O)N(CCCCCCCC)CCCCCCCC|water,cac084a0d563,2bb8a487a3df,640,15,-0.20903954802259794,0,-0.3963537097572878,-0.381579822486379,-0.381579822486379,-0.3663792515040867,-0.37387286606738696,-0.1127798967063427,-0.37387286606738696
df23ae2e3bd4d43f0244,a2066966a49a5e512a03,CCCCCCCCN(CCCCCCCC)C(=O)COCC(=O)N(CCCCCCCC)CCCCCCCC,0982ebf465b726073008,Sm-Eu,Sm,Eu,Ca_SAFE:13400,Ca_SAFE:13401,62|CCCCCCCCN(CCCCCCCC)C(=O)COCC(=O)N(CCCCCCCC)CCCCCCCC|water,63|CCCCCCCCN(CCCCCCCC)C(=O)COCC(=O)N(CCCCCCCC)CCCCCCCC|water,32566dc9a831,b5ceae618f36,903,369,-0.23163841807909558,0,-0.13900692611817855,-0.13069229959237094,-0.13069229959237094,-0.11552475897739499,-0.12139530076259088,-0.054662248430152736,-0.12139530076259088
68b2f183815c1f42f82e,a2066966a49a5e512a03,CCCCCCCCN(CCCCCCCC)C(=O)COCC(=O)N(CCCCCCCC)CCCCCCCC,0982ebf465b726073008,Eu-Gd,Eu,Gd,Ca_SAFE:13401,Ca_SAFE:13402,63|CCCCCCCCN(CCCCCCCC)C(=O)COCC(=O)N(CCCCCCCC)CCCCCCCC|water,64|CCCCCCCCN(CCCCCCCC)C(=O)COCC(=O)N(CCCCCCCC)CCCCCCCC|water,b5ceae618f36,9060a51020d0,369,475,-0.22033898305084476,0,-0.15419913667515345,-0.14537523507992844,-0.14537523507992844,-0.10759137083478268,-0.11924331229487536,0.09485410650571187,-0.11924331229487536
afbe25f41920683a45ed,a2066966a49a5e512a03,CCCCCCCCN(CCCCCCCC)C(=O)COCC(=O)N(CCCCCCCC)CCCCCCCC,0982ebf465b726073008,Gd-Tb,Gd,Tb,Ca_SAFE:13402,Ca_SAFE:13403,64|CCCCCCCCN(CCCCCCCC)C(=O)COCC(=O)N(CCCCCCCC)CCCCCCCC|water,65|CCCCCCCCN(CCCCCCCC)C(=O)COCC(=O)N(CCCCCCCC)CCCCCCCC|water,9060a51020d0,16686414c510,475,974,-0.3333333333333339,0,-0.3343649537081286,-0.32866800012025904,-0.32866800012025904,-0.35088075275604846,-0.3467518029940685,-0.09889733046293259,-0.3467518029940685
1307c8b249f0b14f58fa,a2066966a49a5e512a03,CCCCCCCCN(CCCCCCCC)C(=O)COCC(=O)N(CCCCCCCC)CCCCCCCC,0982ebf465b726073008,Tb-Dy,Tb,Dy,Ca_SAFE:13403,Ca_SAFE:13404,65|CCCCCCCCN(CCCCCCCC)C(=O)COCC(=O)N(CCCCCCCC)CCCCCCCC|water,66|CCCCCCCCN(CCCCCCCC)C(=O)COCC(=O)N(CCCCCCCC)CCCCCCCC|water,16686414c510,02b82eed2591,974,72,-0.2203389830508501,0,0.010553911029216066,0.0030945027988624487,0.003094502798862449,-0.043031592421868145,-0.029635216559097094,0.007919475436210632,-0.029635216559097094
7bc17b4c0665f5517097,a2066966a49a5e512a03,CCCCCCCCN(CCCCCCCC)C(=O)COCC(=O)N(CCCCCCCC)CCCCCCCC,0982ebf465b726073008,Dy-Ho,Dy,Ho,Ca_SAFE:13404,Ca_SAFE:13405,66|CCCCCCCCN(CCCCCCCC)C(=O)COCC(=O)N(CCCCCCCC)CCCCCCCC|water,67|CCCCCCCCN(CCCCCCCC)C(=O)COCC(=O)N(CCCCCCCC)CCCCCCCC|water,02b82eed2591,44a23e6db33b,72,532,-0.18079096045197643,0,-0.03856093077640785,-0.03633742540208474,-0.03633742540208474,-0.02364389165929567,-0.027373151438573714,0.02477683002750079,-0.027373151438573714
07bcda459386d766c4c3,a2066966a49a5e512a03,CCCCCCCCN(CCCCCCCC)C(=O)COCC(=O)N(CCCCCCCC)CCCCCCCC,0982ebf465b726073008,Ho-Er,Ho,Er,Ca_SAFE:13405,Ca_SAFE:13406,67|CCCCCCCCN(CCCCCCCC)C(=O)COCC(=O)N(CCCCCCCC)CCCCCCCC|water,68|CCCCCCCCN(CCCCCCCC)C(=O)COCC(=O)N(CCCCCCCC)CCCCCCCC|water,44a23e6db33b,7969957ddddb,532,183,-0.08474576271186475,0,-0.15118515411818495,-0.1361142282113279,-0.1361142282113279,-0.04969454207127782,-0.0750671950830046,0.07397257785002391,-0.0750671950830046
b09786e39c736e865290,a2066966a49a5e512a03,CCCCCCCCN(CCCCCCCC)C(=O)COCC(=O)N(CCCCCCCC)CCCCCCCC,0982ebf465b726073008,Er-Tm,Er,Tm,Ca_SAFE:13406,Ca_SAFE:13407,68|CCCCCCCCN(CCCCCCCC)C(=O)COCC(=O)N(CCCCCCCC)CCCCCCCC|water,69|CCCCCCCCN(CCCCCCCC)C(=O)COCC(=O)N(CCCCCCCC)CCCCCCCC|water,7969957ddddb,6f2b8ea84d8f,183,1063,0.005649717514124672,0,-0.04869008876802419,-0.05053032998796182,-0.05053032998796182,-0.03511648155408564,-0.03850988335757028,0.07909111181894939,-0.03850988335757028
b1745392756ddb38bcb6,a2066966a49a5e512a03,CCCCCCCCN(CCCCCCCC)C(=O)COCC(=O)N(CCCCCCCC)CCCCCCCC,0982ebf465b726073008,Tm-Yb,Tm,Yb,Ca_SAFE:13407,Ca_SAFE:13408,69|CCCCCCCCN(CCCCCCCC)C(=O)COCC(=O)N(CCCCCCCC)CCCCCCCC|water,70|CCCCCCCCN(CCCCCCCC)C(=O)COCC(=O)N(CCCCCCCC)CCCCCCCC|water,6f2b8ea84d8f,64d6f07f057c,1063,1119,0.07909604519774008,0,-0.019528557080472932,-0.011626563820961978,-0.011626563820961978,-0.03170122344146689,-0.028658056851218403,0.010748812928795815,-0.028658056851218403
66ab600f094770f49e17,a2066966a49a5e512a03,CCCCCCCCN(CCCCCCCC)C(=O)COCC(=O)N(CCCCCCCC)CCCCCCCC,0982ebf465b726073008,Yb-Lu,Yb,Lu,Ca_SAFE:13408,Ca_SAFE:13409,70|CCCCCCCCN(CCCCCCCC)C(=O)COCC(=O)N(CCCCCCCC)CCCCCCCC|water,71|CCCCCCCCN(CCCCCCCC)C(=O)COCC(=O)N(CCCCCCCC)CCCCCCCC|water,64d6f07f057c,eed9dc5fbef3,1119,720,-0.01129943502824901,0,-0.1053260810330712,-0.09611954698450301,-0.09611954698450301,-0.08084893684795892,-0.08696822289423699,0.08973101619631052,-0.08696822289423699
a23ae3e0fb13ef58c26b,da3cc4b35ef5b9db2cca,CCCCCCCCN(CCCCCCCC)C(=O)COCC(=O)N(CCCCCCCC)CCCCCCCC,0982ebf465b726073008,La-Ce,La,Ce,Ca_SAFE:13410,Ca_SAFE:13411,57|CCCCCCCCN(CCCCCCCC)C(=O)COCC(=O)N(CCCCCCCC)CCCCCCCC|water,58|CCCCCCCCN(CCCCCCCC)C(=O)COCC(=O)N(CCCCCCCC)CCCCCCCC|water,cac084a0d563,2bb8a487a3df,640,15,0.1977401129943539,0,-0.39875892187226036,-0.3835052074811857,-0.3835052074811857,-0.3672950626258258,-0.3751610274374344,-0.13508155445257822,-0.3751610274374344
575c7f8b0ce113970d5a,da3cc4b35ef5b9db2cca,CCCCCCCCN(CCCCCCCC)C(=O)COCC(=O)N(CCCCCCCC)CCCCCCCC,0982ebf465b726073008,Sm-Eu,Sm,Eu,Ca_SAFE:13413,Ca_SAFE:13414,62|CCCCCCCCN(CCCCCCCC)C(=O)COCC(=O)N(CCCCCCCC)CCCCCCCC|water,63|CCCCCCCCN(CCCCCCCC)C(=O)COCC(=O)N(CCCCCCCC)CCCCCCCC|water,32566dc9a831,b5ceae618f36,903,369,-0.27118644067796915,0,-0.1463298269000666,-0.13912530407521218,-0.13912530407521218,-0.11807688115459777,-0.125140117590965,-0.06732021520535152,-0.125140117590965
f2a3707778ebe6de60c8,da3cc4b35ef5b9db2cca,CCCCCCCCN(CCCCCCCC)C(=O)COCC(=O)N(CCCCCCCC)CCCCCCCC,0982ebf465b726073008,Eu-Gd,Eu,Gd,Ca_SAFE:13414,Ca_SAFE:13415,63|CCCCCCCCN(CCCCCCCC)C(=O)COCC(=O)N(CCCCCCCC)CCCCCCCC|water,64|CCCCCCCCN(CCCCCCCC)C(=O)COCC(=O)N(CCCCCCCC)CCCCCCCC|water,b5ceae618f36,9060a51020d0,369,475,-0.28248587570621325,0,-0.15214324392808018,-0.14321373400972487,-0.14321373400972487,-0.10763994044689487,-0.1187657663171912,0.10224433243274689,-0.1187657663171912
f736d9d9045e856b4e4a,da3cc4b35ef5b9db2cca,CCCCCCCCN(CCCCCCCC)C(=O)COCC(=O)N(CCCCCCCC)CCCCCCCC,0982ebf465b726073008,Gd-Tb,Gd,Tb,Ca_SAFE:13415,Ca_SAFE:13416,64|CCCCCCCCN(CCCCCCCC)C(=O)COCC(=O)N(CCCCCCCC)CCCCCCCC|water,65|CCCCCCCCN(CCCCCCCC)C(=O)COCC(=O)N(CCCCCCCC)CCCCCCCC|water,9060a51020d0,16686414c510,475,974,-0.34463276836158374,0,-0.3346635494128244,-0.32930602294535843,-0.32930602294535843,-0.34831231508320026,-0.3449001236656063,-0.1059212014079094,-0.3449001236656063
5b919d852b560190071a,da3cc4b35ef5b9db2cca,CCCCCCCCN(CCCCCCCC)C(=O)COCC(=O)N(CCCCCCCC)CCCCCCCC,0982ebf465b726073008,Tb-Dy,Tb,Dy,Ca_SAFE:13416,Ca_SAFE:13417,65|CCCCCCCCN(CCCCCCCC)C(=O)COCC(=O)N(CCCCCCCC)CCCCCCCC|water,66|CCCCCCCCN(CCCCCCCC)C(=O)COCC(=O)N(CCCCCCCC)CCCCCCCC|water,16686414c510,02b82eed2591,974,72,-0.2655367231638412,0,0.010599219168785371,0.002994748194658553,0.0029947481946585534,-0.04443623529748528,-0.030677371680917612,0.007118665923674901,-0.030677371680917612
5612483e20348d01ea47,da3cc4b35ef5b9db2cca,CCCCCCCCN(CCCCCCCC)C(=O)COCC(=O)N(CCCCCCCC)CCCCCCCC,0982ebf465b726073008,Dy-Ho,Dy,Ho,Ca_SAFE:13417,Ca_SAFE:13418,66|CCCCCCCCN(CCCCCCCC)C(=O)COCC(=O)N(CCCCCCCC)CCCCCCCC|water,67|CCCCCCCCN(CCCCCCCC)C(=O)COCC(=O)N(CCCCCCCC)CCCCCCCC|water,02b82eed2591,44a23e6db33b,72,532,-0.1807909604519774,0,-0.037598843587830354,-0.03529916631146523,-0.03529916631146523,-0.025520318460328782,-0.028539949742204175,0.03104505439599355,-0.028539949742204175
f5476c8dda78f0927547,da3cc4b35ef5b9db2cca,CCCCCCCCN(CCCCCCCC)C(=O)COCC(=O)N(CCCCCCCC)CCCCCCCC,0982ebf465b726073008,Ho-Er,Ho,Er,Ca_SAFE:13418,Ca_SAFE:13419,67|CCCCCCCCN(CCCCCCCC)C(=O)COCC(=O)N(CCCCCCCC)CCCCCCCC|water,68|CCCCCCCCN(CCCCCCCC)C(=O)COCC(=O)N(CCCCCCCC)CCCCCCCC|water,44a23e6db33b,7969957ddddb,532,183,-0.0734463276836152,0,-0.15206121391170113,-0.13614158028712225,-0.13614158028712225,-0.05185261412264477,-0.07690476406990887,0.07531286031007767,-0.07690476406990887
769c041263672be7136c,da3cc4b35ef5b9db2cca,CCCCCCCCN(CCCCCCCC)C(=O)COCC(=O)N(CCCCCCCC)CCCCCCCC,0982ebf465b726073008,Er-Tm,Er,Tm,Ca_SAFE:13419,Ca_SAFE:13420,68|CCCCCCCCN(CCCCCCCC)C(=O)COCC(=O)N(CCCCCCCC)CCCCCCCC|water,69|CCCCCCCCN(CCCCCCCC)C(=O)COCC(=O)N(CCCCCCCC)CCCCCCCC|water,7969957ddddb,6f2b8ea84d8f,183,1063,0.0395480225988708,0,-0.048955801492382274,-0.0500889937483547,-0.0500889937483547,-0.03587066295195965,-0.0391419475870653,0.08990678067008655,-0.0391419475870653
b477c62e66ca61c687a5,da3cc4b35ef5b9db2cca,CCCCCCCCN(CCCCCCCC)C(=O)COCC(=O)N(CCCCCCCC)CCCCCCCC,0982ebf465b726073008,Tm-Yb,Tm,Yb,Ca_SAFE:13420,Ca_SAFE:13421,69|CCCCCCCCN(CCCCCCCC)C(=O)COCC(=O)N(CCCCCCCC)CCCCCCCC|water,70|CCCCCCCCN(CCCCCCCC)C(=O)COCC(=O)N(CCCCCCCC)CCCCCCCC|water,6f2b8ea84d8f,64d6f07f057c,1063,1119,0.12429378531073343,0,-0.019526634869928873,-0.011102769981065321,-0.011102769981065321,-0.03391995936779377,-0.030321628243327542,0.009550033137202263,-0.030321628243327542
daee390db38876343a9b,da3cc4b35ef5b9db2cca,CCCCCCCCN(CCCCCCCC)C(=O)COCC(=O)N(CCCCCCCC)CCCCCCCC,0982ebf465b726073008,Yb-Lu,Yb,Lu,Ca_SAFE:13421,Ca_SAFE:13422,70|CCCCCCCCN(CCCCCCCC)C(=O)COCC(=O)N(CCCCCCCC)CCCCCCCC|water,71|CCCCCCCCN(CCCCCCCC)C(=O)COCC(=O)N(CCCCCCCC)CCCCCCCC|water,64d6f07f057c,eed9dc5fbef3,1119,720,0.10169491525423721,0,-0.10490846855656655,-0.0952116542938522,-0.0952116542938522,-0.08114028278807234,-0.08708232923019589,0.10309311064581077,-0.08708232923019589
4b1b7455a4886bfb70c8,e87fe5c5f61153ba3fda,CCCCCCCCN(CCCCCCCC)C(=O)COCC(=O)N(CCCCCCCC)CCCCCCCC,0982ebf465b726073008,La-Ce,La,Ce,Ca_SAFE:13423,Ca_SAFE:13424,57|CCCCCCCCN(CCCCCCCC)C(=O)COCC(=O)N(CCCCCCCC)CCCCCCCC|water,58|CCCCCCCCN(CCCCCCCC)C(=O)COCC(=O)N(CCCCCCCC)CCCCCCCC|water,cac084a0d563,2bb8a487a3df,640,15,-0.12429378531073332,0,-0.3980653184746611,-0.3824699639141064,-0.3824699639141064,-0.36500105098393487,-0.3732671178566164,-0.18228702743848166,-0.3732671178566164
54fb02e70eb2313f2e23,e87fe5c5f61153ba3fda,CCCCCCCCN(CCCCCCCC)C(=O)COCC(=O)N(CCCCCCCC)CCCCCCCC,0982ebf465b726073008,Sm-Eu,Sm,Eu,Ca_SAFE:13426,Ca_SAFE:13427,62|CCCCCCCCN(CCCCCCCC)C(=O)COCC(=O)N(CCCCCCCC)CCCCCCCC|water,63|CCCCCCCCN(CCCCCCCC)C(=O)COCC(=O)N(CCCCCCCC)CCCCCCCC|water,32566dc9a831,b5ceae618f36,903,369,-0.2655367231638434,0,-0.15068205580066857,-0.14618701649168542,-0.14618701649168542,-0.12627523262087703,-0.13237693841582493,-0.09328372621287902,-0.13237693841582493
4efe34977ed27fec94a5,e87fe5c5f61153ba3fda,CCCCCCCCN(CCCCCCCC)C(=O)COCC(=O)N(CCCCCCCC)CCCCCCCC,0982ebf465b726073008,Eu-Gd,Eu,Gd,Ca_SAFE:13427,Ca_SAFE:13428,63|CCCCCCCCN(CCCCCCCC)C(=O)COCC(=O)N(CCCCCCCC)CCCCCCCC|water,64|CCCCCCCCN(CCCCCCCC)C(=O)COCC(=O)N(CCCCCCCC)CCCCCCCC|water,b5ceae618f36,9060a51020d0,369,475,-0.08474576271186435,0,-0.15249368726511525,-0.14232503496711402,-0.14232503496711402,-0.10909683121843815,-0.11994604523010742,0.11804079016049702,-0.11994604523010742
7ce88237a01994e6ace6,e87fe5c5f61153ba3fda,CCCCCCCCN(CCCCCCCC)C(=O)COCC(=O)N(CCCCCCCC)CCCCCCCC,0982ebf465b726073008,Gd-Tb,Gd,Tb,Ca_SAFE:13428,Ca_SAFE:13429,64|CCCCCCCCN(CCCCCCCC)C(=O)COCC(=O)N(CCCCCCCC)CCCCCCCC|water,65|CCCCCCCCN(CCCCCCCC)C(=O)COCC(=O)N(CCCCCCCC)CCCCCCCC|water,9060a51020d0,16686414c510,475,974,-0.15819209039548127,0,-0.33411016843288976,-0.32701327335746355,-0.32701327335746355,-0.3494914438441156,-0.34564612499130914,-0.11914910500248273,-0.34564612499130914
6bce289955fdbee2dab8,e87fe5c5f61153ba3fda,CCCCCCCCN(CCCCCCCC)C(=O)COCC(=O)N(CCCCCCCC)CCCCCCCC,0982ebf465b726073008,Tb-Dy,Tb,Dy,Ca_SAFE:13429,Ca_SAFE:13430,65|CCCCCCCCN(CCCCCCCC)C(=O)COCC(=O)N(CCCCCCCC)CCCCCCCC|water,66|CCCCCCCCN(CCCCCCCC)C(=O)COCC(=O)N(CCCCCCCC)CCCCCCCC|water,16686414c510,02b82eed2591,974,72,-0.04519774011299371,0,0.00936576757170076,0.0016339287355822292,0.0016339287355822294,-0.04648320023689392,-0.03252095828474525,0.007586559280753136,-0.03252095828474525
72ad24b107d37db69044,e87fe5c5f61153ba3fda,CCCCCCCCN(CCCCCCCC)C(=O)COCC(=O)N(CCCCCCCC)CCCCCCCC,0982ebf465b726073008,Dy-Ho,Dy,Ho,Ca_SAFE:13430,Ca_SAFE:13431,66|CCCCCCCCN(CCCCCCCC)C(=O)COCC(=O)N(CCCCCCCC)CCCCCCCC|water,67|CCCCCCCCN(CCCCCCCC)C(=O)COCC(=O)N(CCCCCCCC)CCCCCCCC|water,02b82eed2591,44a23e6db33b,72,532,-0.01129943502824815,0,-0.027275904420476817,-0.025140270905851858,-0.025140270905851858,-0.026555460331305014,-0.026735571353597963,0.04798640310764313,-0.026735571353597963
76ff76a75871e4c1cd3e,e87fe5c5f61153ba3fda,CCCCCCCCN(CCCCCCCC)C(=O)COCC(=O)N(CCCCCCCC)CCCCCCCC,0982ebf465b726073008,Ho-Er,Ho,Er,Ca_SAFE:13431,Ca_SAFE:13432,67|CCCCCCCCN(CCCCCCCC)C(=O)COCC(=O)N(CCCCCCCC)CCCCCCCC|water,68|CCCCCCCCN(CCCCCCCC)C(=O)COCC(=O)N(CCCCCCCC)CCCCCCCC|water,44a23e6db33b,7969957ddddb,532,183,-0.011299435028248817,0,-0.14698998344249609,-0.13126864857992837,-0.13126864857992837,-0.05207205176184912,-0.07580153468201087,0.07273291827489932,-0.07580153468201087
d24c10b082c74c84861e,e87fe5c5f61153ba3fda,CCCCCCCCN(CCCCCCCC)C(=O)COCC(=O)N(CCCCCCCC)CCCCCCCC,0982ebf465b726073008,Er-Tm,Er,Tm,Ca_SAFE:13432,Ca_SAFE:13433,68|CCCCCCCCN(CCCCCCCC)C(=O)COCC(=O)N(CCCCCCCC)CCCCCCCC|water,69|CCCCCCCCN(CCCCCCCC)C(=O)COCC(=O)N(CCCCCCCC)CCCCCCCC|water,7969957ddddb,6f2b8ea84d8f,183,1063,0.011299435028248817,0,-0.02859709494282969,-0.032885373868034674,-0.032885373868034674,-0.033959725035923094,-0.032619067512649744,0.1087344301243623,-0.032619067512649744
457e5ea3da8adcb5437e,e87fe5c5f61153ba3fda,CCCCCCCCN(CCCCCCCC)C(=O)COCC(=O)N(CCCCCCCC)CCCCCCCC,0982ebf465b726073008,Tm-Yb,Tm,Yb,Ca_SAFE:13433,Ca_SAFE:13434,69|CCCCCCCCN(CCCCCCCC)C(=O)COCC(=O)N(CCCCCCCC)CCCCCCCC|water,70|CCCCCCCCN(CCCCCCCC)C(=O)COCC(=O)N(CCCCCCCC)CCCCCCCC|water,6f2b8ea84d8f,64d6f07f057c,1063,1119,0.07344632768361503,0,-0.017662421851644596,-0.010627161601564964,-0.010627161601564964,-0.03442347187043644,-0.03023320936573848,0.009680035834511122,-0.03023320936573848
3e7f801f81cf5e311774,e87fe5c5f61153ba3fda,CCCCCCCCN(CCCCCCCC)C(=O)COCC(=O)N(CCCCCCCC)CCCCCCCC,0982ebf465b726073008,Yb-Lu,Yb,Lu,Ca_SAFE:13434,Ca_SAFE:13435,70|CCCCCCCCN(CCCCCCCC)C(=O)COCC(=O)N(CCCCCCCC)CCCCCCCC|water,71|CCCCCCCCN(CCCCCCCC)C(=O)COCC(=O)N(CCCCCCCC)CCCCCCCC|water,64d6f07f057c,eed9dc5fbef3,1119,720,0.1016949152542378,0,-0.09855751450083497,-0.0910953350638504,-0.0910953350638504,-0.07820519441447332,-0.08329327443606374,0.12763140723109245,-0.08329327443606374
b1da20ffa81246c6f48f,7215d0896a4287e97e23,CCCCCCCCN(CCCCCCCC)C(=O)COCC(=O)N(CCCCCCCC)CCCCCCCC,0982ebf465b726073008,La-Ce,La,Ce,Ca_SAFE:13437,Ca_SAFE:13441,57|CCCCCCCCN(CCCCCCCC)C(=O)COCC(=O)N(CCCCCCCC)CCCCCCCC|water,58|CCCCCCCCN(CCCCCCCC)C(=O)COCC(=O)N(CCCCCCCC)CCCCCCCC|water,cac084a0d563,2bb8a487a3df,640,15,0.16829533116178053,0,-0.39678595837553304,-0.38280979019833805,-0.38280979019833805,-0.36554265205149605,-0.3733534786325053,-0.06807270832359791,-0.3733534786325053
e93b25f998ffedc49790,7215d0896a4287e97e23,CCCCCCCCN(CCCCCCCC)C(=O)COCC(=O)N(CCCCCCCC)CCCCCCCC,0982ebf465b726073008,Sm-Eu,Sm,Eu,Ca_SAFE:13453,Ca_SAFE:13457,62|CCCCCCCCN(CCCCCCCC)C(=O)COCC(=O)N(CCCCCCCC)CCCCCCCC|water,63|CCCCCCCCN(CCCCCCCC)C(=O)COCC(=O)N(CCCCCCCC)CCCCCCCC|water,32566dc9a831,b5ceae618f36,903,369,-0.37459283387621894,0,-0.135081991396585,-0.12884545316596688,-0.12884545316596688,-0.11351466300244226,-0.11890649510097795,-0.04486328363418579,-0.11890649510097795
8d8426d6f265f379d4e6,7215d0896a4287e97e23,CCCCCCCCN(CCCCCCCC)C(=O)COCC(=O)N(CCCCCCCC)CCCCCCCC,0982ebf465b726073008,Eu-Gd,Eu,Gd,Ca_SAFE:13457,Ca_SAFE:13461,63|CCCCCCCCN(CCCCCCCC)C(=O)COCC(=O)N(CCCCCCCC)CCCCCCCC|water,64|CCCCCCCCN(CCCCCCCC)C(=O)COCC(=O)N(CCCCCCCC)CCCCCCCC|water,b5ceae618f36,9060a51020d0,369,475,-0.17372421281216308,0,-0.14806582502072546,-0.13994527556430253,-0.13994527556430253,-0.10336145589867675,-0.11453754817918893,0.10321010152498881,-0.11453754817918893
ccc623d26ee82d5b50f7,c0b3fb5cedf3e6fb9ba2,CCCCCCCCN(CCCCCCCC)C(=O)COCC(=O)N(CCCCCCCC)CCCCCCCC,0982ebf465b726073008,Ho-Er,Ho,Er,Ca_SAFE:13474,Ca_SAFE:13478,67|CCCCCCCCN(CCCCCCCC)C(=O)COCC(=O)N(CCCCCCCC)CCCCCCCC|water,68|CCCCCCCCN(CCCCCCCC)C(=O)COCC(=O)N(CCCCCCCC)CCCCCCCC|water,44a23e6db33b,7969957ddddb,532,183,-0.026086956521739868,0,-0.15118515411818495,-0.1361142282113279,-0.1361142282113279,-0.04969454207127782,-0.0750671950830046,0.07485805141429107,-0.0750671950830046
d66c2e7ff4cdaa3003b5,4fd55434e73ea4b40d30,CCCCCCCCN(CCCCCCCC)C(=O)COCC(=O)N(CCCCCCCC)CCCCCCCC,0982ebf465b726073008,La-Ce,La,Ce,Ca_SAFE:13439,Ca_SAFE:13443,57|CCCCCCCCN(CCCCCCCC)C(=O)COCC(=O)N(CCCCCCCC)CCCCCCCC|water,58|CCCCCCCCN(CCCCCCCC)C(=O)COCC(=O)N(CCCCCCCC)CCCCCCCC|water,cac084a0d563,2bb8a487a3df,640,15,-0.39630836047774265,0,-0.3983778530196551,-0.3819262892439042,-0.3819262892439042,-0.36601630057438866,-0.3741066886857053,-0.2817033628622691,-0.3741066886857053
c116b0b7bf3787491b76,4fd55434e73ea4b40d30,CCCCCCCCN(CCCCCCCC)C(=O)COCC(=O)N(CCCCCCCC)CCCCCCCC,0982ebf465b726073008,Ce-Pr,Ce,Pr,Ca_SAFE:13443,Ca_SAFE:13447,58|CCCCCCCCN(CCCCCCCC)C(=O)COCC(=O)N(CCCCCCCC)CCCCCCCC|water,59|CCCCCCCCN(CCCCCCCC)C(=O)COCC(=O)N(CCCCCCCC)CCCCCCCC|water,2bb8a487a3df,e4103e24a2d3,15,877,-0.6568946796959813,0,-0.27498060686279335,-0.2857764940174873,-0.2857764940174873,-0.19166119620577526,-0.2124910488700298,-0.06948462376991908,-0.2124910488700298
48aff6efade9f45ed8d7,4fd55434e73ea4b40d30,CCCCCCCCN(CCCCCCCC)C(=O)COCC(=O)N(CCCCCCCC)CCCCCCCC,0982ebf465b726073008,Pr-Nd,Pr,Nd,Ca_SAFE:13447,Ca_SAFE:13451,59|CCCCCCCCN(CCCCCCCC)C(=O)COCC(=O)N(CCCCCCCC)CCCCCCCC|water,60|CCCCCCCCN(CCCCCCCC)C(=O)COCC(=O)N(CCCCCCCC)CCCCCCCC|water,e4103e24a2d3,5085718391b0,877,746,-0.14657980456026165,0,-0.19429414375200607,-0.2141858304428759,-0.2141858304428759,-0.19457509342315607,-0.19450485600536857,0.07357060660918553,-0.19450485600536857
38865cd5202bdd116bf8,4fd55434e73ea4b40d30,CCCCCCCCN(CCCCCCCC)C(=O)COCC(=O)N(CCCCCCCC)CCCCCCCC,0982ebf465b726073008,Sm-Eu,Sm,Eu,Ca_SAFE:13455,Ca_SAFE:13459,62|CCCCCCCCN(CCCCCCCC)C(=O)COCC(=O)N(CCCCCCCC)CCCCCCCC|water,63|CCCCCCCCN(CCCCCCCC)C(=O)COCC(=O)N(CCCCCCCC)CCCCCCCC|water,32566dc9a831,b5ceae618f36,903,369,-0.37459283387622344,0,-0.1418130453956839,-0.13202392727739098,-0.13202392727739098,-0.11522960265334553,-0.12187546333893012,-0.09720289210478465,-0.12187546333893012
2477e2336abaddd97a9f,4fd55434e73ea4b40d30,CCCCCCCCN(CCCCCCCC)C(=O)COCC(=O)N(CCCCCCCC)CCCCCCCC,0982ebf465b726073008,Eu-Gd,Eu,Gd,Ca_SAFE:13459,Ca_SAFE:13463,63|CCCCCCCCN(CCCCCCCC)C(=O)COCC(=O)N(CCCCCCCC)CCCCCCCC|water,64|CCCCCCCCN(CCCCCCCC)C(=O)COCC(=O)N(CCCCCCCC)CCCCCCCC|water,b5ceae618f36,9060a51020d0,369,475,-0.0597176981541796,0,-0.14904122602070025,-0.14322863879611833,-0.14322863879611833,-0.10697228677133122,-0.11748952158367348,0.07282010527948539,-0.11748952158367348
0b2575e4c97d2dba6be1,4fd55434e73ea4b40d30,CCCCCCCCN(CCCCCCCC)C(=O)COCC(=O)N(CCCCCCCC)CCCCCCCC,0982ebf465b726073008,Gd-Tb,Gd,Tb,Ca_SAFE:13463,Ca_SAFE:13467,64|CCCCCCCCN(CCCCCCCC)C(=O)COCC(=O)N(CCCCCCCC)CCCCCCCC|water,65|CCCCCCCCN(CCCCCCCC)C(=O)COCC(=O)N(CCCCCCCC)CCCCCCCC|water,9060a51020d0,16686414c510,475,974,-0.31489873955530134,0,-0.33436244040981744,-0.32856138286718806,-0.32856138286718806,-0.35110706062019736,-0.34692090556760236,-0.24258977671464285,-0.34692090556760236
b38945d1c03a35264234,4fd55434e73ea4b40d30,CCCCCCCCN(CCCCCCCC)C(=O)COCC(=O)N(CCCCCCCC)CCCCCCCC,0982ebf465b726073008,Ho-Er,Ho,Er,Ca_SAFE:13475,Ca_SAFE:13479,67|CCCCCCCCN(CCCCCCCC)C(=O)COCC(=O)N(CCCCCCCC)CCCCCCCC|water,68|CCCCCCCCN(CCCCCCCC)C(=O)COCC(=O)N(CCCCCCCC)CCCCCCCC|water,44a23e6db33b,7969957ddddb,532,183,0.3043478260869543,0,-0.15000338417733805,-0.13529052376931855,-0.13529052376931855,-0.04991000017238103,-0.0749333461736203,0.06116680490473906,-0.0749333461736203
4ceef837af9cac39e28c,4fd55434e73ea4b40d30,CCCCCCCCN(CCCCCCCC)C(=O)COCC(=O)N(CCCCCCCC)CCCCCCCC,0982ebf465b726073008,Er-Tm,Er,Tm,Ca_SAFE:13479,Ca_SAFE:13483,68|CCCCCCCCN(CCCCCCCC)C(=O)COCC(=O)N(CCCCCCCC)CCCCCCCC|water,69|CCCCCCCCN(CCCCCCCC)C(=O)COCC(=O)N(CCCCCCCC)CCCCCCCC|water,7969957ddddb,6f2b8ea84d8f,183,1063,-0.23913043478260865,0,-0.04812898560225362,-0.05073688868302481,-0.05073688868302481,-0.03511648155408564,-0.03836960756612764,0.037874268678327404,-0.03836960756612764
2423c4c5c0dfa2b51eb0,4fd55434e73ea4b40d30,CCCCCCCCN(CCCCCCCC)C(=O)COCC(=O)N(CCCCCCCC)CCCCCCCC,0982ebf465b726073008,Tm-Yb,Tm,Yb,Ca_SAFE:13483,Ca_SAFE:13487,69|CCCCCCCCN(CCCCCCCC)C(=O)COCC(=O)N(CCCCCCCC)CCCCCCCC|water,70|CCCCCCCCN(CCCCCCCC)C(=O)COCC(=O)N(CCCCCCCC)CCCCCCCC|water,6f2b8ea84d8f,64d6f07f057c,1063,1119,0.1217391304347839,0,-0.019326673143551173,-0.011499070512570556,-0.011499070512570556,-0.03170021750088411,-0.028606831411550876,-0.0008534584194421768,-0.028606831411550876
4183f017bf2e215edd40,4fd55434e73ea4b40d30,CCCCCCCCN(CCCCCCCC)C(=O)COCC(=O)N(CCCCCCCC)CCCCCCCC,0982ebf465b726073008,Yb-Lu,Yb,Lu,Ca_SAFE:13487,Ca_SAFE:13491,70|CCCCCCCCN(CCCCCCCC)C(=O)COCC(=O)N(CCCCCCCC)CCCCCCCC|water,71|CCCCCCCCN(CCCCCCCC)C(=O)COCC(=O)N(CCCCCCCC)CCCCCCCC|water,64d6f07f057c,eed9dc5fbef3,1119,720,0.05652173913043512,0,-0.1045271439352585,-0.09590175440646145,-0.09590175440646145,-0.08252152635962068,-0.08802293075353013,0.051094748079776764,-0.08802293075353013
3b273f3f9bb743a9651b,8ee472dac51578477f38,CCCCCCCCN(CCCCCCCC)C(=O)COCC(=O)N(CCCCCCCC)CCCCCCCC,0982ebf465b726073008,Er-Tm,Er,Tm,Ca_SAFE:13476,Ca_SAFE:13480,68|CCCCCCCCN(CCCCCCCC)C(=O)COCC(=O)N(CCCCCCCC)CCCCCCCC|water,69|CCCCCCCCN(CCCCCCCC)C(=O)COCC(=O)N(CCCCCCCC)CCCCCCCC|water,7969957ddddb,6f2b8ea84d8f,183,1063,0.0,0,-0.05096751018794595,-0.05676807792026345,-0.05676807792026345,-0.038168992553529915,-0.04136862196213392,0.09265242889523506,-0.04136862196213392
d78e3f7fddb84956bad4,8ee472dac51578477f38,CCCCCCCCN(CCCCCCCC)C(=O)COCC(=O)N(CCCCCCCC)CCCCCCCC,0982ebf465b726073008,Tm-Yb,Tm,Yb,Ca_SAFE:13480,Ca_SAFE:13484,69|CCCCCCCCN(CCCCCCCC)C(=O)COCC(=O)N(CCCCCCCC)CCCCCCCC|water,70|CCCCCCCCN(CCCCCCCC)C(=O)COCC(=O)N(CCCCCCCC)CCCCCCCC|water,6f2b8ea84d8f,64d6f07f057c,1063,1119,0.013043478260870267,0,-0.016468096338974524,-0.01081650171071875,-0.01081650171071875,-0.03371924111296728,-0.02940645491946909,0.010682391002774239,-0.02940645491946909
426088bf2a45cb6f7b2a,8ee472dac51578477f38,CCCCCCCCN(CCCCCCCC)C(=O)COCC(=O)N(CCCCCCCC)CCCCCCCC,0982ebf465b726073008,Yb-Lu,Yb,Lu,Ca_SAFE:13484,Ca_SAFE:13488,70|CCCCCCCCN(CCCCCCCC)C(=O)COCC(=O)N(CCCCCCCC)CCCCCCCC|water,71|CCCCCCCCN(CCCCCCCC)C(=O)COCC(=O)N(CCCCCCCC)CCCCCCCC|water,64d6f07f057c,eed9dc5fbef3,1119,720,0.04782608695652091,0,-0.10352503418239363,-0.09667881432054452,-0.09667881432054452,-0.08105136617862865,-0.0866697831795699,0.1020093522965908,-0.0866697831795699
af105cd4946331198b7e,3fef976b7290cfde3046,CCCCCCCCN(CCCCCCCC)C(=O)COCC(=O)N(CCCCCCCC)CCCCCCCC,0982ebf465b726073008,Sm-Eu,Sm,Eu,Ca_SAFE:13454,Ca_SAFE:13458,62|CCCCCCCCN(CCCCCCCC)C(=O)COCC(=O)N(CCCCCCCC)CCCCCCCC|water,63|CCCCCCCCN(CCCCCCCC)C(=O)COCC(=O)N(CCCCCCCC)CCCCCCCC|water,32566dc9a831,b5ceae618f36,903,369,-0.4234527687296414,0,-0.13900692611817855,-0.13069229959237094,-0.13069229959237094,-0.11552475897739499,-0.12139530076259088,-0.055238344706594944,-0.12139530076259088
286859981b49fee20616,3fef976b7290cfde3046,CCCCCCCCN(CCCCCCCC)C(=O)COCC(=O)N(CCCCCCCC)CCCCCCCC,0982ebf465b726073008,Eu-Gd,Eu,Gd,Ca_SAFE:13458,Ca_SAFE:13462,63|CCCCCCCCN(CCCCCCCC)C(=O)COCC(=O)N(CCCCCCCC)CCCCCCCC|water,64|CCCCCCCCN(CCCCCCCC)C(=O)COCC(=O)N(CCCCCCCC)CCCCCCCC|water,b5ceae618f36,9060a51020d0,369,475,-0.1628664495114006,0,-0.15419913667515345,-0.14537523507992844,-0.14537523507992844,-0.10759137083478268,-0.11924331229487536,0.09941867242256801,-0.11924331229487536
2f0466ded7dfb2fb0d2f,3fef976b7290cfde3046,CCCCCCCCN(CCCCCCCC)C(=O)COCC(=O)N(CCCCCCCC)CCCCCCCC,0982ebf465b726073008,Gd-Tb,Gd,Tb,Ca_SAFE:13462,Ca_SAFE:13466,64|CCCCCCCCN(CCCCCCCC)C(=O)COCC(=O)N(CCCCCCCC)CCCCCCCC|water,65|CCCCCCCCN(CCCCCCCC)C(=O)COCC(=O)N(CCCCCCCC)CCCCCCCC|water,9060a51020d0,16686414c510,475,974,-0.3293254024453576,0,-0.3343649537081286,-0.32866800012025904,-0.32866800012025904,-0.35088075275604846,-0.3467518029940685,-0.09581602737307549,-0.3467518029940685
94f793314f42ea2410fb,3fef976b7290cfde3046,CCCCCCCCN(CCCCCCCC)C(=O)COCC(=O)N(CCCCCCCC)CCCCCCCC,0982ebf465b726073008,Tb-Dy,Tb,Dy,Ca_SAFE:13466,Ca_SAFE:13470,65|CCCCCCCCN(CCCCCCCC)C(=O)COCC(=O)N(CCCCCCCC)CCCCCCCC|water,66|CCCCCCCCN(CCCCCCCC)C(=O)COCC(=O)N(CCCCCCCC)CCCCCCCC|water,16686414c510,02b82eed2591,974,72,-0.05652173913043379,0,0.010553911029216066,0.0030945027988624487,0.003094502798862449,-0.043031592421868145,-0.029635216559097094,0.010959302385648092,-0.029635216559097094
6f79f45fbb62a221b88b,3fef976b7290cfde3046,CCCCCCCCN(CCCCCCCC)C(=O)COCC(=O)N(CCCCCCCC)CCCCCCCC,0982ebf465b726073008,Tm-Yb,Tm,Yb,Ca_SAFE:13482,Ca_SAFE:13486,69|CCCCCCCCN(CCCCCCCC)C(=O)COCC(=O)N(CCCCCCCC)CCCCCCCC|water,70|CCCCCCCCN(CCCCCCCC)C(=O)COCC(=O)N(CCCCCCCC)CCCCCCCC|water,6f2b8ea84d8f,64d6f07f057c,1063,1119,0.06956521739130372,0,-0.019528557080472932,-0.011626563820961978,-0.011626563820961978,-0.03170122344146689,-0.028658056851218403,0.010960873837272326,-0.028658056851218403
de802b7511284b203049,3fef976b7290cfde3046,CCCCCCCCN(CCCCCCCC)C(=O)COCC(=O)N(CCCCCCCC)CCCCCCCC,0982ebf465b726073008,Yb-Lu,Yb,Lu,Ca_SAFE:13486,Ca_SAFE:13490,70|CCCCCCCCN(CCCCCCCC)C(=O)COCC(=O)N(CCCCCCCC)CCCCCCCC|water,71|CCCCCCCCN(CCCCCCCC)C(=O)COCC(=O)N(CCCCCCCC)CCCCCCCC|water,64d6f07f057c,eed9dc5fbef3,1119,720,0.0434782608695683,0,-0.1053260810330712,-0.09611954698450301,-0.09611954698450301,-0.08084893684795892,-0.08696822289423699,0.0931054266790549,-0.08696822289423699
90baef45ef225d203c00,7b739c8139eb8880b86a,CCCCCCCCN(CCCCCCCC)C(=O)COCC(=O)N(CCCCCCCC)CCCCCCCC,0982ebf465b726073008,La-Ce,La,Ce,Ca_SAFE:13492,Ca_SAFE:13493,57|CCCCCCCCN(CCCCCCCC)C(=O)COCC(=O)N(CCCCCCCC)CCCCCCCC|nitrate,58|CCCCCCCCN(CCCCCCCC)C(=O)COCC(=O)N(CCCCCCCC)CCCCCCCC|nitrate,195a6a071085,daa93503e260,584,62,-0.25771812080536993,0,-0.38760858253818364,-0.37071976831958536,-0.37071976831958536,-0.3243006547382772,-0.3401276366882538,0.004525436088442802,-0.3401276366882538
155d7564f355c8bed079,7b739c8139eb8880b86a,CCCCCCCCN(CCCCCCCC)C(=O)COCC(=O)N(CCCCCCCC)CCCCCCCC,0982ebf465b726073008,Ce-Pr,Ce,Pr,Ca_SAFE:13493,Ca_SAFE:13494,58|CCCCCCCCN(CCCCCCCC)C(=O)COCC(=O)N(CCCCCCCC)CCCCCCCC|nitrate,59|CCCCCCCCN(CCCCCCCC)C(=O)COCC(=O)N(CCCCCCCC)CCCCCCCC|nitrate,daa93503e260,bfc694b020e5,62,866,-0.2577181208053684,0,-0.2557905102567053,-0.2605741177526793,-0.2605741177526793,-0.28380058240194495,-0.27679806436563503,-0.06909566496809323,-0.27679806436563503
fced49cc12db81e99778,7b739c8139eb8880b86a,CCCCCCCCN(CCCCCCCC)C(=O)COCC(=O)N(CCCCCCCC)CCCCCCCC,0982ebf465b726073008,Pr-Nd,Pr,Nd,Ca_SAFE:13494,Ca_SAFE:13495,59|CCCCCCCCN(CCCCCCCC)C(=O)COCC(=O)N(CCCCCCCC)CCCCCCCC|nitrate,60|CCCCCCCCN(CCCCCCCC)C(=O)COCC(=O)N(CCCCCCCC)CCCCCCCC|nitrate,bfc694b020e5,f627b8cfec4b,866,803,-0.33825503355704667,0,-0.1873992125979012,-0.20480342936038728,-0.20480342936038728,-0.18944854244402348,-0.18893620998249291,0.16914630184570947,-0.18893620998249291
fee3c03a086ab699a70c,7b739c8139eb8880b86a,CCCCCCCCN(CCCCCCCC)C(=O)COCC(=O)N(CCCCCCCC)CCCCCCCC,0982ebf465b726073008,Sm-Eu,Sm,Eu,Ca_SAFE:13496,Ca_SAFE:13497,62|CCCCCCCCN(CCCCCCCC)C(=O)COCC(=O)N(CCCCCCCC)CCCCCCCC|nitrate,63|CCCCCCCCN(CCCCCCCC)C(=O)COCC(=O)N(CCCCCCCC)CCCCCCCC|nitrate,932854907794,3f1e9baa527a,935,276,-0.15033557046979906,0,-0.09698861431235148,-0.07309427125636545,-0.07309427125636545,-0.11391682386626606,-0.10968477147778741,-0.08465292677283287,-0.10968477147778741
b78577d64b6a062bc965,cc7c44a53b99ad4d21fb,CCCCCCCCN(CCCCCCCC)C(=O)COCC(=O)N(CCCCCCCC)CCCCCCCC,0982ebf465b726073008,Gd-Tb,Gd,Tb,Ca_SAFE:13498,Ca_SAFE:13499,64|CCCCCCCCN(CCCCCCCC)C(=O)COCC(=O)N(CCCCCCCC)CCCCCCCC|nitrate,65|CCCCCCCCN(CCCCCCCC)C(=O)COCC(=O)N(CCCCCCCC)CCCCCCCC|nitrate,ffeead124530,28d4b8569192,511,975,-0.42416107382550594,0,-0.30366357137172484,-0.29285460097937,-0.29285460097937,-0.23310935015940185,-0.2507479054624826,-0.17313672105471292,-0.2507479054624826
b80c368cc678f2dc93ea,cc7c44a53b99ad4d21fb,CCCCCCCCN(CCCCCCCC)C(=O)COCC(=O)N(CCCCCCCC)CCCCCCCC,0982ebf465b726073008,Tb-Dy,Tb,Dy,Ca_SAFE:13499,Ca_SAFE:13500,65|CCCCCCCCN(CCCCCCCC)C(=O)COCC(=O)N(CCCCCCCC)CCCCCCCC|nitrate,66|CCCCCCCCN(CCCCCCCC)C(=O)COCC(=O)N(CCCCCCCC)CCCCCCCC|nitrate,28d4b8569192,ece8108f76e3,975,144,-0.010738255033556854,0,-0.010219438009637332,-0.006396334682237074,-0.006396334682237074,-0.03347927805861491,-0.02766431804637052,0.05027232567469279,-0.02766431804637052
baf7c3a794d6708712ef,cc7c44a53b99ad4d21fb,CCCCCCCCN(CCCCCCCC)C(=O)COCC(=O)N(CCCCCCCC)CCCCCCCC,0982ebf465b726073008,Dy-Ho,Dy,Ho,Ca_SAFE:13500,Ca_SAFE:13501,66|CCCCCCCCN(CCCCCCCC)C(=O)COCC(=O)N(CCCCCCCC)CCCCCCCC|nitrate,67|CCCCCCCCN(CCCCCCCC)C(=O)COCC(=O)N(CCCCCCCC)CCCCCCCC|nitrate,ece8108f76e3,9a0b2ab62928,144,548,-0.06442953020134112,0,-0.05874750543437865,-0.04642656457500881,-0.04642656457500881,-0.040715244856764976,-0.045223310001168394,-0.08367152698338032,-0.045223310001168394
f4c390e7d87d0aa016c1,cc7c44a53b99ad4d21fb,CCCCCCCCN(CCCCCCCC)C(=O)COCC(=O)N(CCCCCCCC)CCCCCCCC,0982ebf465b726073008,Ho-Er,Ho,Er,Ca_SAFE:13501,Ca_SAFE:13502,67|CCCCCCCCN(CCCCCCCC)C(=O)COCC(=O)N(CCCCCCCC)CCCCCCCC|nitrate,68|CCCCCCCCN(CCCCCCCC)C(=O)COCC(=O)N(CCCCCCCC)CCCCCCCC|nitrate,9a0b2ab62928,389643f6ef69,548,162,-0.03221476510066967,0,-0.1396520407245089,-0.11683061022134011,-0.11683061022134011,-0.08804510857495157,-0.10094684161234091,0.0781100442012151,-0.10094684161234091
0e9ca50f3a0ffb0a6a1f,cc7c44a53b99ad4d21fb,CCCCCCCCN(CCCCCCCC)C(=O)COCC(=O)N(CCCCCCCC)CCCCCCCC,0982ebf465b726073008,Er-Tm,Er,Tm,Ca_SAFE:13502,Ca_SAFE:13503,68|CCCCCCCCN(CCCCCCCC)C(=O)COCC(=O)N(CCCCCCCC)CCCCCCCC|nitrate,69|CCCCCCCCN(CCCCCCCC)C(=O)COCC(=O)N(CCCCCCCC)CCCCCCCC|nitrate,389643f6ef69,78c4dd080e4c,162,1065,-0.010738255033557298,0,-0.04148680625683543,-0.04134017986507453,-0.04134017986507453,-0.0007665919158356192,-0.010946645501085574,0.08536627143621445,-0.010946645501085574
1ca39209555806f09f80,cc7c44a53b99ad4d21fb,CCCCCCCCN(CCCCCCCC)C(=O)COCC(=O)N(CCCCCCCC)CCCCCCCC,0982ebf465b726073008,Tm-Yb,Tm,Yb,Ca_SAFE:13503,Ca_SAFE:13504,69|CCCCCCCCN(CCCCCCCC)C(=O)COCC(=O)N(CCCCCCCC)CCCCCCCC|nitrate,70|CCCCCCCCN(CCCCCCCC)C(=O)COCC(=O)N(CCCCCCCC)CCCCCCCC|nitrate,78c4dd080e4c,b626912f120c,1065,1139,0.0,0,-0.012075243504001416,-0.006865856072109679,-0.006865856072109679,-0.057267753671099986,-0.04596962612932534,-0.0320905764043952,-0.04596962612932534
31b97491b9b5f8fc8271,cc7c44a53b99ad4d21fb,CCCCCCCCN(CCCCCCCC)C(=O)COCC(=O)N(CCCCCCCC)CCCCCCCC,0982ebf465b726073008,Yb-Lu,Yb,Lu,Ca_SAFE:13504,Ca_SAFE:13505,70|CCCCCCCCN(CCCCCCCC)C(=O)COCC(=O)N(CCCCCCCC)CCCCCCCC|nitrate,71|CCCCCCCCN(CCCCCCCC)C(=O)COCC(=O)N(CCCCCCCC)CCCCCCCC|nitrate,b626912f120c,841e714ef7bf,1139,699,-0.010738255033559074,0,-0.08848344994075313,-0.07100664977208523,-0.07100664977208523,-0.054467396513365796,-0.06297140987021263,0.12873279054959616,-0.06297140987021263
96cd046b1a6232cd2c99,5c4b768f8d1a637fff23,CCCCCCCCCCCCN(CCCCCCCCCCCC)C(=O)COCCOCC(=O)N(CCCCCCCCCCCC)CCCCCCCCCCCC,221724ff4004cc098933,La-Ce,La,Ce,Ca_SAFE:13632,Ca_SAFE:13633,57|CCCCCCCCCCCCN(CCCCCCCCCCCC)C(=O)COCCOCC(=O)N(CCCCCCCCCCCC)CCCCCCCCCCCC|nitrate,58|CCCCCCCCCCCCN(CCCCCCCCCCCC)C(=O)COCCOCC(=O)N(CCCCCCCCCCCC)CCCCCCCCCCCC|nitrate,b3acce98c3f1,4c832a9d11b3,632,26,0.018489984591679498,4,-0.35810922473895695,-0.31292603797807184,-0.35810922473895695,-0.3363211529104684,-0.34176817086759054,-0.28037211298942566,-0.34176817086759054
081d09a8f58b116739b5,5c4b768f8d1a637fff23,CCCCCCCCCCCCN(CCCCCCCCCCCC)C(=O)COCCOCC(=O)N(CCCCCCCCCCCC)CCCCCCCCCCCC,221724ff4004cc098933,Ce-Pr,Ce,Pr,Ca_SAFE:13633,Ca_SAFE:13634,58|CCCCCCCCCCCCN(CCCCCCCCCCCC)C(=O)COCCOCC(=O)N(CCCCCCCCCCCC)CCCCCCCCCCCC|nitrate,59|CCCCCCCCCCCCN(CCCCCCCCCCCC)C(=O)COCCOCC(=O)N(CCCCCCCCCCCC)CCCCCCCCCCCC|nitrate,4c832a9d11b3,383aee8c8ad5,26,826,-0.08628659476117262,4,-0.1607185221549895,-0.1574445172359126,-0.1607185221549895,-0.1299287127905039,-0.1376261651316253,0.04710142130109792,-0.1376261651316253
a197beedad61ff6f995b,5c4b768f8d1a637fff23,CCCCCCCCCCCCN(CCCCCCCCCCCC)C(=O)COCCOCC(=O)N(CCCCCCCCCCCC)CCCCCCCCCCCC,221724ff4004cc098933,Pr-Nd,Pr,Nd,Ca_SAFE:13634,Ca_SAFE:13635,59|CCCCCCCCCCCCN(CCCCCCCCCCCC)C(=O)COCCOCC(=O)N(CCCCCCCCCCCC)CCCCCCCCCCCC|nitrate,60|CCCCCCCCCCCCN(CCCCCCCCCCCC)C(=O)COCCOCC(=O)N(CCCCCCCCCCCC)CCCCCCCCCCCC|nitrate,383aee8c8ad5,fbf793f2aa3f,826,808,0.12326656394453106,4,-0.22822273609454205,-0.23942593538455892,-0.22822273609454205,-0.209279528262646,-0.21401533022062003,-0.23326629400253296,-0.21401533022062003
3d8f539f552d45bd997f,5c4b768f8d1a637fff23,CCCCCCCCCCCCN(CCCCCCCCCCCC)C(=O)COCCOCC(=O)N(CCCCCCCCCCCC)CCCCCCCCCCCC,221724ff4004cc098933,Sm-Eu,Sm,Eu,Ca_SAFE:13636,Ca_SAFE:13637,62|CCCCCCCCCCCCN(CCCCCCCCCCCC)C(=O)COCCOCC(=O)N(CCCCCCCCCCCC)CCCCCCCCCCCC|nitrate,63|CCCCCCCCCCCCN(CCCCCCCCCCCC)C(=O)COCCOCC(=O)N(CCCCCCCCCCCC)CCCCCCCCCCCC|nitrate,583ace8b123c,6857f8009f97,919,313,0.3266563944530049,4,-0.21600042629329785,-0.21245951600552362,-0.21600042629329785,-0.15405305905811528,-0.16953990086691093,-0.006187501673897107,-0.16953990086691093
faed698986fe18bf180c,c0c991baa05b02920a2d,CCCCCCCCCCCCN(CCCCCCCCCCCC)C(=O)COCCOCC(=O)N(CCCCCCCCCCCC)CCCCCCCCCCCC,221724ff4004cc098933,Tb-Dy,Tb,Dy,Ca_SAFE:13639,Ca_SAFE:13640,65|CCCCCCCCCCCCN(CCCCCCCCCCCC)C(=O)COCCOCC(=O)N(CCCCCCCCCCCC)CCCCCCCCCCCC|nitrate,66|CCCCCCCCCCCCN(CCCCCCCCCCCC)C(=O)COCCOCC(=O)N(CCCCCCCCCCCC)CCCCCCCCCCCC|nitrate,88156a705de7,f500c12758c4,1003,145,0.2157164869029271,4,-0.14371671135416794,-0.14565911888481392,-0.14371671135416794,-0.10155837126817306,-0.11209795628967179,-0.13182086000839868,-0.11209795628967179
2928c388f778288ba40f,c0c991baa05b02920a2d,CCCCCCCCCCCCN(CCCCCCCCCCCC)C(=O)COCCOCC(=O)N(CCCCCCCCCCCC)CCCCCCCCCCCC,221724ff4004cc098933,Dy-Ho,Dy,Ho,Ca_SAFE:13640,Ca_SAFE:13641,66|CCCCCCCCCCCCN(CCCCCCCCCCCC)C(=O)COCCOCC(=O)N(CCCCCCCCCCCC)CCCCCCCCCCCC|nitrate,67|CCCCCCCCCCCCN(CCCCCCCCCCCC)C(=O)COCCOCC(=O)N(CCCCCCCCCCCC)CCCCCCCCCCCC|nitrate,f500c12758c4,e564b3438f58,145,570,0.17873651771957078,4,-0.17332888810826877,-0.16727756186980428,-0.17332888810826877,-0.07355124247226011,-0.09849565388126227,-0.05378602941830953,-0.09849565388126227
95f1f1066c4af8899819,c0c991baa05b02920a2d,CCCCCCCCCCCCN(CCCCCCCCCCCC)C(=O)COCCOCC(=O)N(CCCCCCCCCCCC)CCCCCCCCCCCC,221724ff4004cc098933,Ho-Er,Ho,Er,Ca_SAFE:13641,Ca_SAFE:13642,67|CCCCCCCCCCCCN(CCCCCCCCCCCC)C(=O)COCCOCC(=O)N(CCCCCCCCCCCC)CCCCCCCCCCCC|nitrate,68|CCCCCCCCCCCCN(CCCCCCCCCCCC)C(=O)COCCOCC(=O)N(CCCCCCCCCCCC)CCCCCCCCCCCC|nitrate,e564b3438f58,03fee2e60a8c,570,151,0.08628659476116829,4,-0.03774340566423931,-0.03713071217867958,-0.03774340566423931,-0.04689927386942628,-0.04461030681812954,-0.11115288237730662,-0.04461030681812954
d0ba36a014cebe17b2d6,c0c991baa05b02920a2d,CCCCCCCCCCCCN(CCCCCCCCCCCC)C(=O)COCCOCC(=O)N(CCCCCCCCCCCC)CCCCCCCCCCCC,221724ff4004cc098933,Er-Tm,Er,Tm,Ca_SAFE:13642,Ca_SAFE:13643,68|CCCCCCCCCCCCN(CCCCCCCCCCCC)C(=O)COCCOCC(=O)N(CCCCCCCCCCCC)CCCCCCCCCCCC|nitrate,69|CCCCCCCCCCCCN(CCCCCCCCCCCC)C(=O)COCCOCC(=O)N(CCCCCCCCCCCC)CCCCCCCCCCCC|nitrate,03fee2e60a8c,4b32aee3750c,151,1057,0.10477657935285101,4,-0.015862747997886267,-0.023212260589071936,-0.015862747997886267,-0.03503640062299246,-0.03024298746671591,-0.019686742996176083,-0.03024298746671591
f765913566ed1b3dc5c0,c0c991baa05b02920a2d,CCCCCCCCCCCCN(CCCCCCCCCCCC)C(=O)COCCOCC(=O)N(CCCCCCCCCCCC)CCCCCCCCCCCC,221724ff4004cc098933,Tm-Yb,Tm,Yb,Ca_SAFE:13643,Ca_SAFE:13644,69|CCCCCCCCCCCCN(CCCCCCCCCCCC)C(=O)COCCOCC(=O)N(CCCCCCCCCCCC)CCCCCCCCCCCC|nitrate,70|CCCCCCCCCCCCN(CCCCCCCCCCCC)C(=O)COCCOCC(=O)N(CCCCCCCCCCCC)CCCCCCCCCCCC|nitrate,4b32aee3750c,274a07367e74,1057,1106,0.02465331278890548,4,0.019654656680220768,0.016721211222330747,0.019654656680220768,-0.03695568436180627,-0.02280309910129951,0.06396180515487988,-0.02280309910129951
b375effcf284a222cfb1,c0c991baa05b02920a2d,CCCCCCCCCCCCN(CCCCCCCCCCCC)C(=O)COCCOCC(=O)N(CCCCCCCCCCCC)CCCCCCCCCCCC,221724ff4004cc098933,Yb-Lu,Yb,Lu,Ca_SAFE:13644,Ca_SAFE:13645,70|CCCCCCCCCCCCN(CCCCCCCCCCCC)C(=O)COCCOCC(=O)N(CCCCCCCCCCCC)CCCCCCCCCCCC|nitrate,71|CCCCCCCCCCCCN(CCCCCCCCCCCC)C(=O)COCCOCC(=O)N(CCCCCCCCCCCC)CCCCCCCCCCCC|nitrate,274a07367e74,24b21e3ba58f,1106,673,0.17873651771956922,4,0.02560781333344434,0.026091366084452824,0.02560781333344434,-0.0427706257754093,-0.025676015998195884,-0.07131481170654297,-0.025676015998195884
a3ae1ba692f4082c6164,d5e61bd04dd3eb0a04b8,CCCCCCCCCCCCN(CCCCCCCCCCCC)C(=O)COCCOCC(=O)N(CCCCCCCCCCCC)CCCCCCCCCCCC,221724ff4004cc098933,La-Ce,La,Ce,Ca_SAFE:13646,Ca_SAFE:13647,57|CCCCCCCCCCCCN(CCCCCCCCCCCC)C(=O)COCCOCC(=O)N(CCCCCCCCCCCC)CCCCCCCCCCCC|nitrate,58|CCCCCCCCCCCCN(CCCCCCCCCCCC)C(=O)COCCOCC(=O)N(CCCCCCCCCCCC)CCCCCCCCCCCC|nitrate,b3acce98c3f1,4c832a9d11b3,632,26,0.3513097072419117,4,-0.3627609120937546,-0.321287170406247,-0.3627609120937546,-0.33876457726072773,-0.3447636609689845,-0.30477673808733624,-0.3447636609689845
ca2fab1c55384070c2f0,d5e61bd04dd3eb0a04b8,CCCCCCCCCCCCN(CCCCCCCCCCCC)C(=O)COCCOCC(=O)N(CCCCCCCCCCCC)CCCCCCCCCCCC,221724ff4004cc098933,Ce-Pr,Ce,Pr,Ca_SAFE:13647,Ca_SAFE:13648,58|CCCCCCCCCCCCN(CCCCCCCCCCCC)C(=O)COCCOCC(=O)N(CCCCCCCCCCCC)CCCCCCCCCCCC|nitrate,59|CCCCCCCCCCCCN(CCCCCCCCCCCC)C(=O)COCCOCC(=O)N(CCCCCCCCCCCC)CCCCCCCCCCCC|nitrate,4c832a9d11b3,383aee8c8ad5,26,826,-0.44375963020030806,4,-0.16375413857678303,-0.15831134602943742,-0.16375413857678303,-0.13092202823121935,-0.13913005581761026,0.043374886736273766,-0.13913005581761026
35c7774e99c0d26f9e05,d5e61bd04dd3eb0a04b8,CCCCCCCCCCCCN(CCCCCCCCCCCC)C(=O)COCCOCC(=O)N(CCCCCCCCCCCC)CCCCCCCCCCCC,221724ff4004cc098933,Pr-Nd,Pr,Nd,Ca_SAFE:13648,Ca_SAFE:13649,59|CCCCCCCCCCCCN(CCCCCCCCCCCC)C(=O)COCCOCC(=O)N(CCCCCCCCCCCC)CCCCCCCCCCCC|nitrate,60|CCCCCCCCCCCCN(CCCCCCCCCCCC)C(=O)COCCOCC(=O)N(CCCCCCCCCCCC)CCCCCCCCCCCC|nitrate,383aee8c8ad5,fbf793f2aa3f,826,808,0.5115562403698002,4,-0.22927859416793472,-0.241868578989683,-0.22927859416793472,-0.2124420877500625,-0.21665121435453055,-0.24036217232545218,-0.21665121435453055
16791d3b6263861e7871,d5e61bd04dd3eb0a04b8,CCCCCCCCCCCCN(CCCCCCCCCCCC)C(=O)COCCOCC(=O)N(CCCCCCCCCCCC)CCCCCCCCCCCC,221724ff4004cc098933,Sm-Eu,Sm,Eu,Ca_SAFE:13650,Ca_SAFE:13651,62|CCCCCCCCCCCCN(CCCCCCCCCCCC)C(=O)COCCOCC(=O)N(CCCCCCCCCCCC)CCCCCCCCCCCC|nitrate,63|CCCCCCCCCCCCN(CCCCCCCCCCCC)C(=O)COCCOCC(=O)N(CCCCCCCCCCCC)CCCCCCCCCCCC|nitrate,583ace8b123c,6857f8009f97,919,313,0.24653312788906107,4,-0.2226238304343634,-0.21585519636749823,-0.2226238304343634,-0.15787327407106932,-0.17406091316189284,-0.011312091102202734,-0.17406091316189284
98e962fe06949eaaf774,29c448df24ace6450a49,CCCCCCCCCCCCN(CCCCCCCCCCCC)C(=O)COCCOCC(=O)N(CCCCCCCCCCCC)CCCCCCCCCCCC,221724ff4004cc098933,Tb-Dy,Tb,Dy,Ca_SAFE:13653,Ca_SAFE:13654,65|CCCCCCCCCCCCN(CCCCCCCCCCCC)C(=O)COCCOCC(=O)N(CCCCCCCCCCCC)CCCCCCCCCCCC|nitrate,66|CCCCCCCCCCCCN(CCCCCCCCCCCC)C(=O)COCCOCC(=O)N(CCCCCCCCCCCC)CCCCCCCCCCCC|nitrate,88156a705de7,f500c12758c4,1003,145,0.22804314329738104,4,-0.1380148243735849,-0.14070173546641984,-0.1380148243735849,-0.10039833623635129,-0.1098024582706597,-0.13350082437197366,-0.1098024582706597
a09f5431778ae02d0f20,29c448df24ace6450a49,CCCCCCCCCCCCN(CCCCCCCCCCCC)C(=O)COCCOCC(=O)N(CCCCCCCCCCCC)CCCCCCCCCCCC,221724ff4004cc098933,Dy-Ho,Dy,Ho,Ca_SAFE:13654,Ca_SAFE:13655,66|CCCCCCCCCCCCN(CCCCCCCCCCCC)C(=O)COCCOCC(=O)N(CCCCCCCCCCCC)CCCCCCCCCCCC|nitrate,67|CCCCCCCCCCCCN(CCCCCCCCCCCC)C(=O)COCCOCC(=O)N(CCCCCCCCCCCC)CCCCCCCCCCCC|nitrate,f500c12758c4,e564b3438f58,145,570,0.23420647149460755,4,-0.16829479834763866,-0.1634455655471052,-0.16829479834763866,-0.07365808043909024,-0.09731725991622735,-0.045875467360019684,-0.09731725991622735
9a4b2600021b812f02ab,29c448df24ace6450a49,CCCCCCCCCCCCN(CCCCCCCCCCCC)C(=O)COCCOCC(=O)N(CCCCCCCCCCCC)CCCCCCCCCCCC,221724ff4004cc098933,Ho-Er,Ho,Er,Ca_SAFE:13655,Ca_SAFE:13656,67|CCCCCCCCCCCCN(CCCCCCCCCCCC)C(=O)COCCOCC(=O)N(CCCCCCCCCCCC)CCCCCCCCCCCC|nitrate,68|CCCCCCCCCCCCN(CCCCCCCCCCCC)C(=O)COCCOCC(=O)N(CCCCCCCCCCCC)CCCCCCCCCCCC|nitrate,e564b3438f58,03fee2e60a8c,570,151,0.12326656394452895,4,-0.03623908276271007,-0.035602588942276886,-0.03623908276271007,-0.04696228805141173,-0.04428148672923631,-0.11435032387574513,-0.04428148672923631
30b81c8d60b4a204a3f0,29c448df24ace6450a49,CCCCCCCCCCCCN(CCCCCCCCCCCC)C(=O)COCCOCC(=O)N(CCCCCCCCCCCC)CCCCCCCCCCCC,221724ff4004cc098933,Er-Tm,Er,Tm,Ca_SAFE:13656,Ca_SAFE:13657,68|CCCCCCCCCCCCN(CCCCCCCCCCCC)C(=O)COCCOCC(=O)N(CCCCCCCCCCCC)CCCCCCCCCCCC|nitrate,69|CCCCCCCCCCCCN(CCCCCCCCCCCC)C(=O)COCCOCC(=O)N(CCCCCCCCCCCC)CCCCCCCCCCCC|nitrate,03fee2e60a8c,4b32aee3750c,151,1057,0.21571648690292922,4,-0.01477232374452252,-0.02284626070260421,-0.01477232374452252,-0.0312659664837137,-0.027142555798915904,-0.026953110781808693,-0.027142555798915904
45030b39dc4645757883,29c448df24ace6450a49,CCCCCCCCCCCCN(CCCCCCCCCCCC)C(=O)COCCOCC(=O)N(CCCCCCCCCCCC)CCCCCCCCCCCC,221724ff4004cc098933,Tm-Yb,Tm,Yb,Ca_SAFE:13657,Ca_SAFE:13658,69|CCCCCCCCCCCCN(CCCCCCCCCCCC)C(=O)COCCOCC(=O)N(CCCCCCCCCCCC)CCCCCCCCCCCC|nitrate,70|CCCCCCCCCCCCN(CCCCCCCCCCCC)C(=O)COCCOCC(=O)N(CCCCCCCCCCCC)CCCCCCCCCCCC|nitrate,4b32aee3750c,274a07367e74,1057,1106,-0.07395993836671766,4,0.01881804797057161,0.015500595031791693,0.01881804797057161,-0.0358967181539988,-0.022218026622856196,0.07175030931830406,-0.022218026622856196
cc77f39f5d05ce6d3e19,29c448df24ace6450a49,CCCCCCCCCCCCN(CCCCCCCCCCCC)C(=O)COCCOCC(=O)N(CCCCCCCCCCCC)CCCCCCCCCCCC,221724ff4004cc098933,Yb-Lu,Yb,Lu,Ca_SAFE:13658,Ca_SAFE:13659,70|CCCCCCCCCCCCN(CCCCCCCCCCCC)C(=O)COCCOCC(=O)N(CCCCCCCCCCCC)CCCCCCCCCCCC|nitrate,71|CCCCCCCCCCCCN(CCCCCCCCCCCC)C(=O)COCCOCC(=O)N(CCCCCCCCCCCC)CCCCCCCCCCCC|nitrate,274a07367e74,24b21e3ba58f,1106,673,0.16024653312788817,4,0.03210908364850319,0.03103876046042054,0.03210908364850319,-0.040646367017745974,-0.022457504351183682,-0.07138772681355476,-0.022457504351183682
3dc6a7ac9b7c0b9574f7,c2d93071fe262b5d0405,CCCCCCCCCCCCN(CCCCCCCCCCCC)C(=O)COCC(=O)N(CCCCCCCCCCCC)CCCCCCCCCCCC,0982ebf465b726073008,Gd-Tb,Gd,Tb,Ca_SAFE:13792,Ca_SAFE:13793,64|CCCCCCCCCCCCN(CCCCCCCCCCCC)C(=O)COCC(=O)N(CCCCCCCCCCCC)CCCCCCCCCCCC|nitrate,65|CCCCCCCCCCCCN(CCCCCCCCCCCC)C(=O)COCC(=O)N(CCCCCCCCCCCC)CCCCCCCCCCCC|nitrate,9b52da38293d,4211f1780bf5,481,982,-0.51526717557252,0,-0.2809881231954727,-0.2722764039090393,-0.2722764039090393,-0.2331660089783033,-0.24512153753259566,-0.1116049624979496,-0.24512153753259566
a31378a340526fd3de4f,c4725ebc7c98a81388d8,CCCCCCCCCCCCN(CCCCCCCCCCCC)C(=O)COCC(=O)N(CCCCCCCCCCCC)CCCCCCCCCCCC,0982ebf465b726073008,Gd-Tb,Gd,Tb,Ca_SAFE:13861,Ca_SAFE:13862,64|CCCCCCCCCCCCN(CCCCCCCCCCCC)C(=O)COCC(=O)N(CCCCCCCCCCCC)CCCCCCCCCCCC|nitrate,65|CCCCCCCCCCCCN(CCCCCCCCCCCC)C(=O)COCC(=O)N(CCCCCCCCCCCC)CCCCCCCCCCCC|nitrate,9b52da38293d,4211f1780bf5,481,982,-0.08684546615581112,0,-0.28557860957416337,-0.2693766607442145,-0.2693766607442145,-0.2315522102827589,-0.24505881010561004,-0.145758884648482,-0.24505881010561004
5c7dce9bca4b2c743b4b,3f2666254929d040d32e,CC(C)CCCC(C)CCCCN(C)C(=O)COCC(=O)N(C)CCCCC(C)CCCC(C)C,a8fd6bf251825976fc63,La-Ce,La,Ce,Cd_SAFE:10128,Cd_SAFE:10129,57|CC(C)CCCC(C)CCCCN(C)C(=O)COCC(=O)N(C)CCCCC(C)CCCC(C)C|water,58|CC(C)CCCC(C)CCCCN(C)C(=O)COCC(=O)N(C)CCCCC(C)CCCC(C)C|water,9bcb2e957ab8,03f87059d30f,624,1,-0.19329328916330352,2,-0.30388611842317104,-0.31636504584630554,-0.30388611842317104,-0.27665606323264125,-0.30388611842317104,-0.1942757988969485,-0.30388611842317104
7b0b874f4bffb09735fe,3f2666254929d040d32e,CC(C)CCCC(C)CCCCN(C)C(=O)COCC(=O)N(C)CCCCC(C)CCCC(C)C,a8fd6bf251825976fc63,Ce-Pr,Ce,Pr,Cd_SAFE:10129,Cd_SAFE:10130,58|CC(C)CCCC(C)CCCCN(C)C(=O)COCC(=O)N(C)CCCCC(C)CCCC(C)C|water,59|CC(C)CCCC(C)CCCCN(C)C(=O)COCC(=O)N(C)CCCCC(C)CCCC(C)C|water,03f87059d30f,1008ab9ab6ef,1,816,-0.16325403435050903,2,-0.15885380158395446,-0.1672361437441533,-0.15885380158395446,-0.21452081015453958,-0.15885380158395446,-0.35038020213445026,-0.15885380158395446
50378e0982a7d5098b04,3f2666254929d040d32e,CC(C)CCCC(C)CCCCN(C)C(=O)COCC(=O)N(C)CCCCC(C)CCCC(C)C,a8fd6bf251825976fc63,Pr-Nd,Pr,Nd,Cd_SAFE:10130,Cd_SAFE:10131,59|CC(C)CCCC(C)CCCCN(C)C(=O)COCC(=O)N(C)CCCCC(C)CCCC(C)C|water,60|CC(C)CCCC(C)CCCCN(C)C(=O)COCC(=O)N(C)CCCCC(C)CCCC(C)C|water,1008ab9ab6ef,f8c51a63947a,816,805,-0.24879037757538575,2,-0.15809814275472772,-0.16255386651356069,-0.15809814275472772,-0.14044447822126063,-0.15809814275472772,-0.17960888892412186,-0.15809814275472772
a1b26288faa9463214c9,3f2666254929d040d32e,CC(C)CCCC(C)CCCCN(C)C(=O)COCC(=O)N(C)CCCCC(C)CCCC(C)C,a8fd6bf251825976fc63,Sm-Eu,Sm,Eu,Cd_SAFE:10132,Cd_SAFE:10133,62|CC(C)CCCC(C)CCCCN(C)C(=O)COCC(=O)N(C)CCCCC(C)CCCC(C)C|water,63|CC(C)CCCC(C)CCCCN(C)C(=O)COCC(=O)N(C)CCCCC(C)CCCC(C)C|water,43a07be1eb37,f5a4d693ef5a,910,418,-0.11230382420910812,2,-0.16421915941256343,-0.15149745390087815,-0.16421915941256343,-0.12599172074724796,-0.16421915941256343,-0.294368714094162,-0.16421915941256343
b645d8fc9ba13b0772d1,3f2666254929d040d32e,CC(C)CCCC(C)CCCCN(C)C(=O)COCC(=O)N(C)CCCCC(C)CCCC(C)C,a8fd6bf251825976fc63,Eu-Gd,Eu,Gd,Cd_SAFE:10133,Cd_SAFE:10134,63|CC(C)CCCC(C)CCCCN(C)C(=O)COCC(=O)N(C)CCCCC(C)CCCC(C)C|water,64|CC(C)CCCC(C)CCCCN(C)C(=O)COCC(=O)N(C)CCCCC(C)CCCC(C)C|water,f5a4d693ef5a,4b8ebeec8a69,418,460,-0.04451372520053787,2,-0.06341148019480274,-0.061126694076826985,-0.06341148019480274,-0.09815047059407389,-0.06341148019480274,-0.09781176100174586,-0.06341148019480274
d80e91222254d5376840,3f2666254929d040d32e,CC(C)CCCC(C)CCCCN(C)C(=O)COCC(=O)N(C)CCCCC(C)CCCC(C)C,a8fd6bf251825976fc63,Gd-Tb,Gd,Tb,Cd_SAFE:10134,Cd_SAFE:10135,64|CC(C)CCCC(C)CCCCN(C)C(=O)COCC(=O)N(C)CCCCC(C)CCCC(C)C|water,65|CC(C)CCCC(C)CCCCN(C)C(=O)COCC(=O)N(C)CCCCC(C)CCCC(C)C|water,4b8ebeec8a69,ce18f978f6a5,460,1021,-0.10966648217940023,2,-0.11036219371885918,-0.11257181621924395,-0.11036219371885918,-0.10890626142772192,-0.11036219371885918,-0.3465445935726166,-0.11036219371885918
ba20d888f3f55d6cdd60,3f2666254929d040d32e,CC(C)CCCC(C)CCCCN(C)C(=O)COCC(=O)N(C)CCCCC(C)CCCC(C)C,a8fd6bf251825976fc63,Tb-Dy,Tb,Dy,Cd_SAFE:10135,Cd_SAFE:10136,65|CC(C)CCCC(C)CCCCN(C)C(=O)COCC(=O)N(C)CCCCC(C)CCCC(C)C|water,66|CC(C)CCCC(C)CCCCN(C)C(=O)COCC(=O)N(C)CCCCC(C)CCCC(C)C|water,ce18f978f6a5,09d9173d54bc,1021,74,-0.03402678352069133,2,-0.028034214960640083,-0.029858212632177306,-0.028034214960640083,-0.0633802658483382,-0.028034214960640083,0.1004741961757342,-0.028034214960640083
c5d8976d3a9346caeaa5,3f2666254929d040d32e,CC(C)CCCC(C)CCCCN(C)C(=O)COCC(=O)N(C)CCCCC(C)CCCC(C)C,a8fd6bf251825976fc63,Dy-Ho,Dy,Ho,Cd_SAFE:10136,Cd_SAFE:10137,66|CC(C)CCCC(C)CCCCN(C)C(=O)COCC(=O)N(C)CCCCC(C)CCCC(C)C|water,67|CC(C)CCCC(C)CCCCN(C)C(=O)COCC(=O)N(C)CCCCC(C)CCCC(C)C|water,09d9173d54bc,607aa1966b81,74,538,-0.038264500095282594,2,-0.027640325184322728,-0.032460222958455326,-0.027640325184322728,-0.058913664855865105,-0.027640325184322728,-0.11090500156084697,-0.027640325184322728
eef46b5af79d55ce4eea,3f2666254929d040d32e,CC(C)CCCC(C)CCCCN(C)C(=O)COCC(=O)N(C)CCCCC(C)CCCC(C)C,a8fd6bf251825976fc63,Ho-Er,Ho,Er,Cd_SAFE:10137,Cd_SAFE:10138,67|CC(C)CCCC(C)CCCCN(C)C(=O)COCC(=O)N(C)CCCCC(C)CCCC(C)C|water,68|CC(C)CCCC(C)CCCCN(C)C(=O)COCC(=O)N(C)CCCCC(C)CCCC(C)C|water,607aa1966b81,9ce84f078e7a,538,200,-0.02562884752083061,2,-0.09650818711629724,-0.08558775500826446,-0.09650818711629724,-0.07477511555648435,-0.09650818711629724,-0.16228765745957693,-0.09650818711629724
90df0d18c827d244b23c,3f2666254929d040d32e,CC(C)CCCC(C)CCCCN(C)C(=O)COCC(=O)N(C)CCCCC(C)CCCC(C)C,a8fd6bf251825976fc63,Er-Tm,Er,Tm,Cd_SAFE:10138,Cd_SAFE:10139,68|CC(C)CCCC(C)CCCCN(C)C(=O)COCC(=O)N(C)CCCCC(C)CCCC(C)C|water,69|CC(C)CCCC(C)CCCCN(C)C(=O)COCC(=O)N(C)CCCCC(C)CCCC(C)C|water,9ce84f078e7a,e063c6236fdd,200,1083,0.020192709559937683,2,-0.03948183966033425,-0.04090469489564656,-0.03948183966033425,-0.06482181995439662,-0.03948183966033425,-0.07410946736733119,-0.03948183966033425
955942b64ec39c17d593,3f2666254929d040d32e,CC(C)CCCC(C)CCCCN(C)C(=O)COCC(=O)N(C)CCCCC(C)CCCC(C)C,a8fd6bf251825976fc63,Tm-Yb,Tm,Yb,Cd_SAFE:10139,Cd_SAFE:10140,69|CC(C)CCCC(C)CCCCN(C)C(=O)COCC(=O)N(C)CCCCC(C)CCCC(C)C|water,70|CC(C)CCCC(C)CCCCN(C)C(=O)COCC(=O)N(C)CCCCC(C)CCCC(C)C|water,e063c6236fdd,63e8132ef0eb,1083,1118,-0.001172818649305185,2,-0.012493642983163616,-0.007788498675968416,-0.012493642983163616,-0.05712185661392759,-0.012493642983163616,-0.08308251822988193,-0.012493642983163616
e4d94ca0f05b3d018753,3f2666254929d040d32e,CC(C)CCCC(C)CCCCN(C)C(=O)COCC(=O)N(C)CCCCC(C)CCCC(C)C,a8fd6bf251825976fc63,Yb-Lu,Yb,Lu,Cd_SAFE:10140,Cd_SAFE:10141,70|CC(C)CCCC(C)CCCCN(C)C(=O)COCC(=O)N(C)CCCCC(C)CCCC(C)C|water,71|CC(C)CCCC(C)CCCCN(C)C(=O)COCC(=O)N(C)CCCCC(C)CCCC(C)C|water,63e8132ef0eb,26b646a9e773,1118,674,-0.011329058478542153,2,-0.07121560648723445,-0.06879480393730991,-0.07121560648723445,-0.07136578022176995,-0.07121560648723445,-0.05267554419697262,-0.07121560648723445
14f998e1fb40bc54560c,9c2d5e599c5423944c5c,CCCCCCCCN(CCCCCCCC)C(=O)[C@H](C)O[C@H](C)C(=O)N(CCCCCCCC)CCCCCCCC,e2ca18693d3269d22b7c,La-Ce,La,Ce,La_SAFE:8717,Ce_SAFE:8718,57|CCCCCCCCN(CCCCCCCC)C(=O)[C@H](C)O[C@H](C)C(=O)N(CCCCCCCC)CCCCCCCC|nitrate,58|CCCCCCCCN(CCCCCCCC)C(=O)[C@H](C)O[C@H](C)C(=O)N(CCCCCCCC)CCCCCCCC|nitrate,252cfb0c7415,b07fdb80b7a7,590,49,-0.28643216080402034,2,-0.2628694867401079,-0.267446931432267,-0.2628694867401079,-0.23980502555210914,-0.2628694867401079,-0.20343188444773355,-0.2628694867401079
343c9c0b1bb9967b259f,9c2d5e599c5423944c5c,CCCCCCCCN(CCCCCCCC)C(=O)[C@H](C)O[C@H](C)C(=O)N(CCCCCCCC)CCCCCCCC,e2ca18693d3269d22b7c,Ce-Pr,Ce,Pr,Ce_SAFE:8718,Pr_SAFE:8719,58|CCCCCCCCN(CCCCCCCC)C(=O)[C@H](C)O[C@H](C)C(=O)N(CCCCCCCC)CCCCCCCC|nitrate,59|CCCCCCCCN(CCCCCCCC)C(=O)[C@H](C)O[C@H](C)C(=O)N(CCCCCCCC)CCCCCCCC|nitrate,b07fdb80b7a7,e716ee59bc93,49,878,-0.08542713567839157,2,-0.17661544981771926,-0.1775261835467556,-0.17661544981771926,-0.16461823342722853,-0.17661544981771926,-0.022615232815345127,-0.17661544981771926
431f407da2eb24956f85,9c2d5e599c5423944c5c,CCCCCCCCN(CCCCCCCC)C(=O)[C@H](C)O[C@H](C)C(=O)N(CCCCCCCC)CCCCCCCC,e2ca18693d3269d22b7c,Pr-Nd,Pr,Nd,Pr_SAFE:8719,Nd_SAFE:8720,59|CCCCCCCCN(CCCCCCCC)C(=O)[C@H](C)O[C@H](C)C(=O)N(CCCCCCCC)CCCCCCCC|nitrate,60|CCCCCCCCN(CCCCCCCC)C(=O)[C@H](C)O[C@H](C)C(=O)N(CCCCCCCC)CCCCCCCC|nitrate,e716ee59bc93,93b4cff98f83,878,770,-0.010050251256281034,2,-0.058116787243422535,-0.06281790182110462,-0.058116787243422535,-0.14073655119409362,-0.058116787243422535,0.00670416746288538,-0.058116787243422535
5dc23aa11f35d6822c38,9c2d5e599c5423944c5c,CCCCCCCCN(CCCCCCCC)C(=O)[C@H](C)O[C@H](C)C(=O)N(CCCCCCCC)CCCCCCCC,e2ca18693d3269d22b7c,Sm-Eu,Sm,Eu,Pr_SAFE:8721,Eu_SAFE:8722,62|CCCCCCCCN(CCCCCCCC)C(=O)[C@H](C)O[C@H](C)C(=O)N(CCCCCCCC)CCCCCCCC|nitrate,63|CCCCCCCCN(CCCCCCCC)C(=O)[C@H](C)O[C@H](C)C(=O)N(CCCCCCCC)CCCCCCCC|nitrate,7fb42c46d354,3ab984981feb,928,272,0.0,2,-0.017585087708708057,-0.035927565037655776,-0.017585087708708057,-0.037085338690492464,-0.017585087708708057,-0.048529911786317825,-0.017585087708708057
e6103a44f9377de4b5de,9c2d5e599c5423944c5c,CCCCCCCCN(CCCCCCCC)C(=O)[C@H](C)O[C@H](C)C(=O)N(CCCCCCCC)CCCCCCCC,e2ca18693d3269d22b7c,Eu-Gd,Eu,Gd,Eu_SAFE:8722,Gd_SAFE:8723,63|CCCCCCCCN(CCCCCCCC)C(=O)[C@H](C)O[C@H](C)C(=O)N(CCCCCCCC)CCCCCCCC|nitrate,64|CCCCCCCCN(CCCCCCCC)C(=O)[C@H](C)O[C@H](C)C(=O)N(CCCCCCCC)CCCCCCCC|nitrate,3ab984981feb,40369a910258,272,456,0.04020100502512565,2,0.008034495861238777,-0.01258768460505743,0.008034495861238777,-0.030238944513045048,0.008034495861238777,-0.03416625534494718,0.008034495861238777
2337865d23bae0f303d9,9c2d5e599c5423944c5c,CCCCCCCCN(CCCCCCCC)C(=O)[C@H](C)O[C@H](C)C(=O)N(CCCCCCCC)CCCCCCCC,e2ca18693d3269d22b7c,Gd-Tb,Gd,Tb,Gd_SAFE:8723,Pr_SAFE:8724,64|CCCCCCCCN(CCCCCCCC)C(=O)[C@H](C)O[C@H](C)C(=O)N(CCCCCCCC)CCCCCCCC|nitrate,65|CCCCCCCCN(CCCCCCCC)C(=O)[C@H](C)O[C@H](C)C(=O)N(CCCCCCCC)CCCCCCCC|nitrate,40369a910258,7edd7c088658,456,1001,-0.14070351758793959,2,-0.10959956790677973,-0.12068520957138221,-0.10959956790677973,-0.16726209253399343,-0.10959956790677973,-0.15814471244812012,-0.10959956790677973
187ded95bdc85e50c051,9c2d5e599c5423944c5c,CCCCCCCCN(CCCCCCCC)C(=O)[C@H](C)O[C@H](C)C(=O)N(CCCCCCCC)CCCCCCCC,e2ca18693d3269d22b7c,Tb-Dy,Tb,Dy,Pr_SAFE:8724,Dy_SAFE:8725,65|CCCCCCCCN(CCCCCCCC)C(=O)[C@H](C)O[C@H](C)C(=O)N(CCCCCCCC)CCCCCCCC|nitrate,66|CCCCCCCCN(CCCCCCCC)C(=O)[C@H](C)O[C@H](C)C(=O)N(CCCCCCCC)CCCCCCCC|nitrate,7edd7c088658,da451a1ff71f,1001,137,-0.07537688442210759,2,-0.016180133778524893,-0.036873589876692314,-0.016180133778524893,-0.04286222050203822,-0.016180133778524893,-0.029733551976581413,-0.016180133778524893
8e8e04001a99240e9f59,9c2d5e599c5423944c5c,CCCCCCCCN(CCCCCCCC)C(=O)[C@H](C)O[C@H](C)C(=O)N(CCCCCCCC)CCCCCCCC,e2ca18693d3269d22b7c,Dy-Ho,Dy,Ho,Dy_SAFE:8725,Ho_SAFE:8726,66|CCCCCCCCN(CCCCCCCC)C(=O)[C@H](C)O[C@H](C)C(=O)N(CCCCCCCC)CCCCCCCC|nitrate,67|CCCCCCCCN(CCCCCCCC)C(=O)[C@H](C)O[C@H](C)C(=O)N(CCCCCCCC)CCCCCCCC|nitrate,da451a1ff71f,0247bfe939b7,137,514,-0.02010050251256476,2,-0.010146344191707183,-0.025640772102910665,-0.010146344191707183,-0.0144352261335681,-0.010146344191707183,-0.02480485166112582,-0.010146344191707183
12e25527daafb5f2b46e,9c2d5e599c5423944c5c,CCCCCCCCN(CCCCCCCC)C(=O)[C@H](C)O[C@H](C)C(=O)N(CCCCCCCC)CCCCCCCC,e2ca18693d3269d22b7c,Ho-Er,Ho,Er,Ho_SAFE:8726,Er_SAFE:8727,67|CCCCCCCCN(CCCCCCCC)C(=O)[C@H](C)O[C@H](C)C(=O)N(CCCCCCCC)CCCCCCCC|nitrate,68|CCCCCCCCN(CCCCCCCC)C(=O)[C@H](C)O[C@H](C)C(=O)N(CCCCCCCC)CCCCCCCC|nitrate,0247bfe939b7,c3ea73c61984,514,208,0.015075376884423869,2,-0.005459233017644406,-0.012179885282549695,-0.005459233017644406,-0.00505322463969491,-0.005459233017644406,0.027755101677030325,-0.005459233017644406
e2b813340878ba636d50,9c2d5e599c5423944c5c,CCCCCCCCN(CCCCCCCC)C(=O)[C@H](C)O[C@H](C)C(=O)N(CCCCCCCC)CCCCCCCC,e2ca18693d3269d22b7c,Er-Tm,Er,Tm,Er_SAFE:8727,Pr_SAFE:8728,68|CCCCCCCCN(CCCCCCCC)C(=O)[C@H](C)O[C@H](C)C(=O)N(CCCCCCCC)CCCCCCCC|nitrate,69|CCCCCCCCN(CCCCCCCC)C(=O)[C@H](C)O[C@H](C)C(=O)N(CCCCCCCC)CCCCCCCC|nitrate,c3ea73c61984,bb6dc9c949d5,208,1077,0.07537688442211045,2,0.03259898230902537,0.029114729784132307,0.03259898230902537,0.020830336416422374,0.03259898230902537,-0.009197070573767027,0.03259898230902537
e8be4ce1942b4de010d0,9c2d5e599c5423944c5c,CCCCCCCCN(CCCCCCCC)C(=O)[C@H](C)O[C@H](C)C(=O)N(CCCCCCCC)CCCCCCCC,e2ca18693d3269d22b7c,Tm-Yb,Tm,Yb,Pr_SAFE:8728,Pr_SAFE:8729,69|CCCCCCCCN(CCCCCCCC)C(=O)[C@H](C)O[C@H](C)C(=O)N(CCCCCCCC)CCCCCCCC|nitrate,70|CCCCCCCCN(CCCCCCCC)C(=O)[C@H](C)O[C@H](C)C(=O)N(CCCCCCCC)CCCCCCCC|nitrate,bb6dc9c949d5,ace58608600a,1077,1136,0.0904522613065309,2,-0.009455106585731274,-0.0072657915863976776,-0.009455106585731274,0.017690503851685566,-0.009455106585731274,0.03028054131815831,-0.009455106585731274
f64edf3f9e2bbac88eb7,9c2d5e599c5423944c5c,CCCCCCCCN(CCCCCCCC)C(=O)[C@H](C)O[C@H](C)C(=O)N(CCCCCCCC)CCCCCCCC,e2ca18693d3269d22b7c,Yb-Lu,Yb,Lu,Pr_SAFE:8729,Lu_SAFE:8730,70|CCCCCCCCN(CCCCCCCC)C(=O)[C@H](C)O[C@H](C)C(=O)N(CCCCCCCC)CCCCCCCC|nitrate,71|CCCCCCCCN(CCCCCCCC)C(=O)[C@H](C)O[C@H](C)C(=O)N(CCCCCCCC)CCCCCCCC|nitrate,ace58608600a,8bed09234572,1136,700,0.11557788944723527,2,0.06151929494388682,0.04812456394284599,0.06151929494388682,-0.0016817093571403641,0.06151929494388682,0.05944200186058879,0.06151929494388682
55000903e2c44136ec11,5e3fb2d3757b32408ad1,CCCCCCCCN(CCCCCCCC)C(=O)[C@H](C)O[C@@H](C)C(=O)N(CCCCCCCC)CCCCCCCC,e2ca18693d3269d22b7c,La-Ce,La,Ce,Cm_SAFE:8733,Ce_SAFE:8734,57|CCCCCCCCN(CCCCCCCC)C(=O)[C@H](C)O[C@@H](C)C(=O)N(CCCCCCCC)CCCCCCCC|nitrate,58|CCCCCCCCN(CCCCCCCC)C(=O)[C@H](C)O[C@@H](C)C(=O)N(CCCCCCCC)CCCCCCCC|nitrate,afde862bf06d,27bd49628d7d,630,14,-0.5678391959799005,2,-0.2628694867401079,-0.267446931432267,-0.2628694867401079,-0.22808921439505958,-0.2628694867401079,-0.20364107377827168,-0.2628694867401079
1d8e1aafd4ab722c3473,5e3fb2d3757b32408ad1,CCCCCCCCN(CCCCCCCC)C(=O)[C@H](C)O[C@@H](C)C(=O)N(CCCCCCCC)CCCCCCCC,e2ca18693d3269d22b7c,Ce-Pr,Ce,Pr,Ce_SAFE:8734,Cm_SAFE:8735,58|CCCCCCCCN(CCCCCCCC)C(=O)[C@H](C)O[C@@H](C)C(=O)N(CCCCCCCC)CCCCCCCC|nitrate,59|CCCCCCCCN(CCCCCCCC)C(=O)[C@H](C)O[C@@H](C)C(=O)N(CCCCCCCC)CCCCCCCC|nitrate,27bd49628d7d,2ff01b63ee55,14,824,-0.2763819095477381,2,-0.17661544981771926,-0.1775261835467556,-0.17661544981771926,-0.14113149018321935,-0.17661544981771926,0.01650378977259,-0.17661544981771926
cde6e93f5c5e620d11d7,5e3fb2d3757b32408ad1,CCCCCCCCN(CCCCCCCC)C(=O)[C@H](C)O[C@@H](C)C(=O)N(CCCCCCCC)CCCCCCCC,e2ca18693d3269d22b7c,Pr-Nd,Pr,Nd,Cm_SAFE:8735,Cm_SAFE:8736,59|CCCCCCCCN(CCCCCCCC)C(=O)[C@H](C)O[C@@H](C)C(=O)N(CCCCCCCC)CCCCCCCC|nitrate,60|CCCCCCCCN(CCCCCCCC)C(=O)[C@H](C)O[C@@H](C)C(=O)N(CCCCCCCC)CCCCCCCC|nitrate,2ff01b63ee55,721a61092186,824,758,-0.22110552763818925,2,-0.058116787243422535,-0.06281790182110462,-0.058116787243422535,-0.15474406846278188,-0.058116787243422535,0.013196622564767798,-0.058116787243422535
c8295a7ed9c3ec8a92e7,5e3fb2d3757b32408ad1,CCCCCCCCN(CCCCCCCC)C(=O)[C@H](C)O[C@@H](C)C(=O)N(CCCCCCCC)CCCCCCCC,e2ca18693d3269d22b7c,Sm-Eu,Sm,Eu,Cm_SAFE:8737,Cm_SAFE:8738,62|CCCCCCCCN(CCCCCCCC)C(=O)[C@H](C)O[C@@H](C)C(=O)N(CCCCCCCC)CCCCCCCC|nitrate,63|CCCCCCCCN(CCCCCCCC)C(=O)[C@H](C)O[C@@H](C)C(=O)N(CCCCCCCC)CCCCCCCC|nitrate,2f499de791f5,6d3185d738e5,901,320,-0.13567839195979814,2,-0.017585087708708057,-0.035927565037655776,-0.017585087708708057,-0.031107572074235798,-0.017585087708708057,-0.23661121229330698,-0.017585087708708057
73c4ad203b42984e96f4,5e3fb2d3757b32408ad1,CCCCCCCCN(CCCCCCCC)C(=O)[C@H](C)O[C@@H](C)C(=O)N(CCCCCCCC)CCCCCCCC,e2ca18693d3269d22b7c,Eu-Gd,Eu,Gd,Cm_SAFE:8738,Cm_SAFE:8739,63|CCCCCCCCN(CCCCCCCC)C(=O)[C@H](C)O[C@@H](C)C(=O)N(CCCCCCCC)CCCCCCCC|nitrate,64|CCCCCCCCN(CCCCCCCC)C(=O)[C@H](C)O[C@@H](C)C(=O)N(CCCCCCCC)CCCCCCCC|nitrate,6d3185d738e5,10baf97b18c4,320,440,-0.015075376884423175,2,0.008034495861238777,-0.01258768460505743,0.008034495861238777,-0.042942678707373824,0.008034495861238777,-0.013263567661245665,0.008034495861238777
c82b9228592a1f3c67e7,5e3fb2d3757b32408ad1,CCCCCCCCN(CCCCCCCC)C(=O)[C@H](C)O[C@@H](C)C(=O)N(CCCCCCCC)CCCCCCCC,e2ca18693d3269d22b7c,Gd-Tb,Gd,Tb,Cm_SAFE:8739,Cm_SAFE:8740,64|CCCCCCCCN(CCCCCCCC)C(=O)[C@H](C)O[C@@H](C)C(=O)N(CCCCCCCC)CCCCCCCC|nitrate,65|CCCCCCCCN(CCCCCCCC)C(=O)[C@H](C)O[C@@H](C)C(=O)N(CCCCCCCC)CCCCCCCC|nitrate,10baf97b18c4,3e99b612bb57,440,981,-0.21105527638190913,2,-0.10959956790677973,-0.12068520957138221,-0.10959956790677973,-0.1726487760742781,-0.10959956790677973,-0.11471316466728847,-0.10959956790677973
b4446af64dd483c85c06,5e3fb2d3757b32408ad1,CCCCCCCCN(CCCCCCCC)C(=O)[C@H](C)O[C@@H](C)C(=O)N(CCCCCCCC)CCCCCCCC,e2ca18693d3269d22b7c,Tb-Dy,Tb,Dy,Cm_SAFE:8740,Cm_SAFE:8741,65|CCCCCCCCN(CCCCCCCC)C(=O)[C@H](C)O[C@@H](C)C(=O)N(CCCCCCCC)CCCCCCCC|nitrate,66|CCCCCCCCN(CCCCCCCC)C(=O)[C@H](C)O[C@@H](C)C(=O)N(CCCCCCCC)CCCCCCCC|nitrate,3e99b612bb57,ec0644f69d41,981,143,-0.10050251256281251,2,-0.016180133778524893,-0.036873589876692314,-0.016180133778524893,-0.026627114184621988,-0.016180133778524893,-0.05276808266838392,-0.016180133778524893
bcc949a46aef157ffc4a,5e3fb2d3757b32408ad1,CCCCCCCCN(CCCCCCCC)C(=O)[C@H](C)O[C@@H](C)C(=O)N(CCCCCCCC)CCCCCCCC,e2ca18693d3269d22b7c,Dy-Ho,Dy,Ho,Cm_SAFE:8741,Cm_SAFE:8742,66|CCCCCCCCN(CCCCCCCC)C(=O)[C@H](C)O[C@@H](C)C(=O)N(CCCCCCCC)CCCCCCCC|nitrate,67|CCCCCCCCN(CCCCCCCC)C(=O)[C@H](C)O[C@@H](C)C(=O)N(CCCCCCCC)CCCCCCCC|nitrate,ec0644f69d41,9f301c33744c,143,551,-0.05025125628140659,2,-0.010146344191707183,-0.025640772102910665,-0.010146344191707183,-0.023405677344300296,-0.010146344191707183,-0.02694146769742171,-0.010146344191707183
aa81000a38c0fe789784,5e3fb2d3757b32408ad1,CCCCCCCCN(CCCCCCCC)C(=O)[C@H](C)O[C@@H](C)C(=O)N(CCCCCCCC)CCCCCCCC,e2ca18693d3269d22b7c,Ho-Er,Ho,Er,Cm_SAFE:8742,Cm_SAFE:8743,67|CCCCCCCCN(CCCCCCCC)C(=O)[C@H](C)O[C@@H](C)C(=O)N(CCCCCCCC)CCCCCCCC|nitrate,68|CCCCCCCCN(CCCCCCCC)C(=O)[C@H](C)O[C@@H](C)C(=O)N(CCCCCCCC)CCCCCCCC|nitrate,9f301c33744c,e2e7b8542799,551,216,0.07035175879397171,2,-0.005459233017644406,-0.012179885282549695,-0.005459233017644406,-0.0025914033216042367,-0.005459233017644406,0.023164586319277685,-0.005459233017644406
a445149f90a4a56acd80,5e3fb2d3757b32408ad1,CCCCCCCCN(CCCCCCCC)C(=O)[C@H](C)O[C@@H](C)C(=O)N(CCCCCCCC)CCCCCCCC,e2ca18693d3269d22b7c,Er-Tm,Er,Tm,Cm_SAFE:8743,Cm_SAFE:8744,68|CCCCCCCCN(CCCCCCCC)C(=O)[C@H](C)O[C@@H](C)C(=O)N(CCCCCCCC)CCCCCCCC|nitrate,69|CCCCCCCCN(CCCCCCCC)C(=O)[C@H](C)O[C@@H](C)C(=O)N(CCCCCCCC)CCCCCCCC|nitrate,e2e7b8542799,da839f1b8723,216,1080,0.09547738693466923,2,0.03259898230902537,0.029114729784132307,0.03259898230902537,0.026382905616629794,0.03259898230902537,0.03816955474515756,0.03259898230902537
9e1eb210f9336faca66e,5e3fb2d3757b32408ad1,CCCCCCCCN(CCCCCCCC)C(=O)[C@H](C)O[C@@H](C)C(=O)N(CCCCCCCC)CCCCCCCC,e2ca18693d3269d22b7c,Tm-Yb,Tm,Yb,Cm_SAFE:8744,Cm_SAFE:8745,69|CCCCCCCCN(CCCCCCCC)C(=O)[C@H](C)O[C@@H](C)C(=O)N(CCCCCCCC)CCCCCCCC|nitrate,70|CCCCCCCCN(CCCCCCCC)C(=O)[C@H](C)O[C@@H](C)C(=O)N(CCCCCCCC)CCCCCCCC|nitrate,da839f1b8723,c0ed1cd7ac83,1080,1142,0.1457286432160816,2,-0.009455106585731274,-0.0072657915863976776,-0.009455106585731274,0.006359712792333768,-0.009455106585731274,0.006562013799945514,-0.009455106585731274
dc4089b88b4c5941c937,5e3fb2d3757b32408ad1,CCCCCCCCN(CCCCCCCC)C(=O)[C@H](C)O[C@@H](C)C(=O)N(CCCCCCCC)CCCCCCCC,e2ca18693d3269d22b7c,Yb-Lu,Yb,Lu,Cm_SAFE:8745,Cm_SAFE:8746,70|CCCCCCCCN(CCCCCCCC)C(=O)[C@H](C)O[C@@H](C)C(=O)N(CCCCCCCC)CCCCCCCC|nitrate,71|CCCCCCCCN(CCCCCCCC)C(=O)[C@H](C)O[C@@H](C)C(=O)N(CCCCCCCC)CCCCCCCC|nitrate,c0ed1cd7ac83,918443e30249,1142,701,0.26633165829145744,2,0.06151929494388682,0.04812456394284599,0.06151929494388682,-0.01590969425450757,0.06151929494388682,0.04426975982884566,0.06151929494388682
d588bdb9eebab588297e,70f5fb7763eb44319f73,CN(C(=O)COCC(=O)N(C)c1ccccc1)c1ccccc1,f6de0c8e1de165e34184,La-Ce,La,Ce,La_SAFE:8749,Ce_SAFE:8750,57|CN(C(=O)COCC(=O)N(C)c1ccccc1)c1ccccc1|nitrate,58|CN(C(=O)COCC(=O)N(C)c1ccccc1)c1ccccc1|nitrate,2b60ae62875a,0dd26267bf56,592,5,-0.09480812641083491,2,-0.16356759290926887,-0.16844492389752663,-0.16356759290926887,-0.13369728943597847,-0.16356759290926887,-0.16096133987108865,-0.16356759290926887
454b76d55ebcf8a08006,70f5fb7763eb44319f73,CN(C(=O)COCC(=O)N(C)c1ccccc1)c1ccccc1,f6de0c8e1de165e34184,Ce-Pr,Ce,Pr,Ce_SAFE:8750,Pd_SAFE:8751,58|CN(C(=O)COCC(=O)N(C)c1ccccc1)c1ccccc1|nitrate,59|CN(C(=O)COCC(=O)N(C)c1ccccc1)c1ccccc1|nitrate,0dd26267bf56,03005868e3be,5,811,-0.09480812641083569,2,-0.1106303755027945,-0.11316661128184852,-0.1106303755027945,-0.11306184071859585,-0.1106303755027945,-0.007876532152295113,-0.1106303755027945
e14110038f7fd1b8ccde,70f5fb7763eb44319f73,CN(C(=O)COCC(=O)N(C)c1ccccc1)c1ccccc1,f6de0c8e1de165e34184,Pr-Nd,Pr,Nd,Pd_SAFE:8751,Nd_SAFE:8752,59|CN(C(=O)COCC(=O)N(C)c1ccccc1)c1ccccc1|nitrate,60|CN(C(=O)COCC(=O)N(C)c1ccccc1)c1ccccc1|nitrate,03005868e3be,5b1dbee9dee8,811,749,-0.1264108352144454,2,-0.03134062579696777,-0.031112415152166884,-0.03134062579696777,-0.052605076968471415,-0.03134062579696777,-0.08456017946203549,-0.03134062579696777
fc1ad8c74fec988be542,70f5fb7763eb44319f73,CN(C(=O)COCC(=O)N(C)c1ccccc1)c1ccccc1,f6de0c8e1de165e34184,Sm-Eu,Sm,Eu,Pd_SAFE:8753,Eu_SAFE:8754,62|CN(C(=O)COCC(=O)N(C)c1ccccc1)c1ccccc1|nitrate,63|CN(C(=O)COCC(=O)N(C)c1ccccc1)c1ccccc1|nitrate,21b084407405,5e17d48e6b5d,898,302,-0.2528216704288946,2,0.005573892663713069,-0.007617846676468274,0.005573892663713069,-0.012632513625796229,0.005573892663713069,0.015552557383974394,0.005573892663713069
c900c4937ce49b6cd199,b6dddaa9e517cb4dab58,CCCCCCCCN(C)C(=O)COCC(=O)N(C)CCCCCCCC,cfb81e271e80f6a290e0,La-Ce,La,Ce,Er_SAFE:9006,Ce_SAFE:9013,57|CCCCCCCCN(C)C(=O)COCC(=O)N(C)CCCCCCCC|nitrate,58|CCCCCCCCN(C)C(=O)COCC(=O)N(C)CCCCCCCC|nitrate,f804d5d017c2,ae2559f4836f,659,48,-0.5611111111111122,1,-0.22989201088285138,-0.22487532711639263,-0.22487532711639263,-0.19196612229203425,-0.2204105387351471,-0.13338593145211539,-0.19865438691438916
e6ef9e91dc3c8a5df27f,b6dddaa9e517cb4dab58,CCCCCCCCN(C)C(=O)COCC(=O)N(C)CCCCCCCC,cfb81e271e80f6a290e0,Ce-Pr,Ce,Pr,Ce_SAFE:9013,Er_SAFE:9020,58|CCCCCCCCN(C)C(=O)COCC(=O)N(C)CCCCCCCC|nitrate,59|CCCCCCCCN(C)C(=O)COCC(=O)N(C)CCCCCCCC|nitrate,ae2559f4836f,72b20e30d213,48,842,-0.2777777777777747,1,-0.16565718253507988,-0.17085035426724743,-0.17085035426724743,-0.14397790200983285,-0.16023736240376812,-0.1485222727060318,-0.15730858997933406
ca07b99e1cabfcbff6d7,b6dddaa9e517cb4dab58,CCCCCCCCN(C)C(=O)COCC(=O)N(C)CCCCCCCC,cfb81e271e80f6a290e0,Pr-Nd,Pr,Nd,Er_SAFE:9020,Er_SAFE:9027,59|CCCCCCCCN(C)C(=O)COCC(=O)N(C)CCCCCCCC|nitrate,60|CCCCCCCCN(C)C(=O)COCC(=O)N(C)CCCCCCCC|nitrate,72b20e30d213,e244e3a88005,842,797,-0.20000000000000107,1,-0.15185325418264045,-0.1488376171466691,-0.1488376171466691,-0.1443053200144449,-0.14996627064059156,-0.1534755378961563,-0.15084358745448276
17ee4379003092e59926,b6dddaa9e517cb4dab58,CCCCCCCCN(C)C(=O)COCC(=O)N(C)CCCCCCCC,cfb81e271e80f6a290e0,Tb-Dy,Tb,Dy,Er_SAFE:9055,Dy_SAFE:9062,65|CCCCCCCCN(C)C(=O)COCC(=O)N(C)CCCCCCCC|nitrate,66|CCCCCCCCN(C)C(=O)COCC(=O)N(C)CCCCCCCC|nitrate,5902593ca024,0aa6481162e6,989,75,-0.005555555555555536,1,-0.01403326375752399,-0.022858418554372466,-0.022858418554372466,-0.030725700659275303,-0.018206372982961818,-0.13344494998455048,-0.04701601723335898
bebfa7bfd728b7ac88c2,b6dddaa9e517cb4dab58,CCCCCCCCN(C)C(=O)COCC(=O)N(C)CCCCCCCC,cfb81e271e80f6a290e0,Dy-Ho,Dy,Ho,Dy_SAFE:9062,Er_SAFE:9069,66|CCCCCCCCN(C)C(=O)COCC(=O)N(C)CCCCCCCC|nitrate,67|CCCCCCCCN(C)C(=O)COCC(=O)N(C)CCCCCCCC|nitrate,0aa6481162e6,d0b19c04ca9c,75,563,-0.47777777777777786,1,-0.006757559479346186,-0.016400865718121067,-0.016400865718121067,-0.027555436151563716,-0.011957028647400569,-0.02537422173190862,-0.01531132691852758
54462e4df1114c7b609f,e9f5d86fe926fbc5a868,CCCCCCCCN(C)C(=O)COCC(=O)N(C)CCCCCCCC,cfb81e271e80f6a290e0,La-Ce,La,Ce,Er_SAFE:9007,Ce_SAFE:9014,57|CCCCCCCCN(C)C(=O)COCC(=O)N(C)CCCCCCCC|nitrate,58|CCCCCCCCN(C)C(=O)COCC(=O)N(C)CCCCCCCC|nitrate,f804d5d017c2,ae2559f4836f,659,48,-0.2555555555555563,1,-0.23520553097038405,-0.22840969637996406,-0.22840969637996406,-0.1957002242953767,-0.22532920430163222,-0.14576519777377447,-0.20543820266966778
df49637f50e75ca72d99,e9f5d86fe926fbc5a868,CCCCCCCCN(C)C(=O)COCC(=O)N(C)CCCCCCCC,cfb81e271e80f6a290e0,Ho-Er,Ho,Er,Er_SAFE:9070,Er_SAFE:9077,67|CCCCCCCCN(C)C(=O)COCC(=O)N(C)CCCCCCCC|nitrate,68|CCCCCCCCN(C)C(=O)COCC(=O)N(C)CCCCCCCC|nitrate,d0b19c04ca9c,df3c7afb2be0,563,213,0.23888888888888893,1,-0.14728923756061074,-0.1568218214590093,-0.1568218214590093,-0.06769386910138935,-0.12739039544580538,-0.0915969784061114,-0.11844204118588189
206e955d4a3f60a7cb70,a960161099d2804b90d9,CCCCCCCCN(C)C(=O)COCC(=O)N(C)CCCCCCCC,cfb81e271e80f6a290e0,Ce-Pr,Ce,Pr,Ce_SAFE:9015,Er_SAFE:9022,58|CCCCCCCCN(C)C(=O)COCC(=O)N(C)CCCCCCCC|nitrate,59|CCCCCCCCN(C)C(=O)COCC(=O)N(C)CCCCCCCC|nitrate,ae2559f4836f,72b20e30d213,48,842,-0.22222222222222138,1,-0.18826378335624744,-0.20286700353469536,-0.20286700353469536,-0.15112714054787899,-0.17897962265415532,-0.19111184775829315,-0.18201267893018977
4ba8eeb31c051b5e44b3,a960161099d2804b90d9,CCCCCCCCN(C)C(=O)COCC(=O)N(C)CCCCCCCC,cfb81e271e80f6a290e0,Er-Tm,Er,Tm,Er_SAFE:9078,Er_SAFE:9085,68|CCCCCCCCN(C)C(=O)COCC(=O)N(C)CCCCCCCC|nitrate,69|CCCCCCCCN(C)C(=O)COCC(=O)N(C)CCCCCCCC|nitrate,df3c7afb2be0,0d2f900796bc,213,1044,-0.1388888888888884,1,-0.04189957821978791,-0.04519240787261822,-0.04519240787261822,-0.01780278938507905,-0.035875381011110694,-0.006159504875540733,-0.028446411977218203
b82bfa1edb3d0eb30a66,84158063a367da2d6180,CCCCCCCCN(C)C(=O)COCC(=O)N(C)CCCCCCCC,cfb81e271e80f6a290e0,La-Ce,La,Ce,Er_SAFE:9009,Ce_SAFE:9016,57|CCCCCCCCN(C)C(=O)COCC(=O)N(C)CCCCCCCC|nitrate,58|CCCCCCCCN(C)C(=O)COCC(=O)N(C)CCCCCCCC|nitrate,f804d5d017c2,ae2559f4836f,659,48,-0.23888888888888635,1,-0.22895706902861362,-0.22769588926126005,-0.22769588926126005,-0.19746034954868363,-0.2210828891586311,-0.20357979834079742,-0.21670711645417268
2bb4037215650d098b1a,84158063a367da2d6180,CCCCCCCCN(C)C(=O)COCC(=O)N(C)CCCCCCCC,cfb81e271e80f6a290e0,Ce-Pr,Ce,Pr,Ce_SAFE:9016,Er_SAFE:9023,58|CCCCCCCCN(C)C(=O)COCC(=O)N(C)CCCCCCCC|nitrate,59|CCCCCCCCN(C)C(=O)COCC(=O)N(C)CCCCCCCC|nitrate,ae2559f4836f,72b20e30d213,48,842,-0.2888888888888913,1,-0.19382374345050798,-0.21099919840013293,-0.21099919840013293,-0.1522351692448229,-0.18342659989908672,-0.22204135358333588,-0.193080288320149
0adcc741d1760cfb4ce5,84158063a367da2d6180,CCCCCCCCN(C)C(=O)COCC(=O)N(C)CCCCCCCC,cfb81e271e80f6a290e0,Pr-Nd,Pr,Nd,Er_SAFE:9023,Er_SAFE:9030,59|CCCCCCCCN(C)C(=O)COCC(=O)N(C)CCCCCCCC|nitrate,60|CCCCCCCCN(C)C(=O)COCC(=O)N(C)CCCCCCCC|nitrate,72b20e30d213,e244e3a88005,842,797,-0.20555555555555594,1,-0.15592597189239993,-0.15634348011736904,-0.15634348011736904,-0.1531940021358622,-0.15524297945326548,-0.2385175128777822,-0.17606161280939467
a11fcc4ba3d1da8e1834,84158063a367da2d6180,CCCCCCCCN(C)C(=O)COCC(=O)N(C)CCCCCCCC,cfb81e271e80f6a290e0,Gd-Tb,Gd,Tb,Er_SAFE:9051,Er_SAFE:9058,64|CCCCCCCCN(C)C(=O)COCC(=O)N(C)CCCCCCCC|nitrate,65|CCCCCCCCN(C)C(=O)COCC(=O)N(C)CCCCCCCC|nitrate,adc6081d21be,5902593ca024,490,989,-0.32222222222222263,1,-0.23795504506633874,-0.24509570189074295,-0.24509570189074295,-0.24803515708594126,-0.2404750730712394,-0.309635654091835,-0.2577652183263883
a72bba3d29f4c5c4a75c,84158063a367da2d6180,CCCCCCCCN(C)C(=O)COCC(=O)N(C)CCCCCCCC,cfb81e271e80f6a290e0,Tb-Dy,Tb,Dy,Er_SAFE:9058,Dy_SAFE:9065,65|CCCCCCCCN(C)C(=O)COCC(=O)N(C)CCCCCCCC|nitrate,66|CCCCCCCCN(C)C(=O)COCC(=O)N(C)CCCCCCCC|nitrate,5902593ca024,0aa6481162e6,989,75,-0.13333333333333242,1,0.004476234792847474,-0.005728726682823876,-0.005728726682823877,-0.024584029896367935,-0.002788831379456378,-0.040943714479605355,-0.012327552154493621
eecf6fbcc004ec700ef3,84158063a367da2d6180,CCCCCCCCN(C)C(=O)COCC(=O)N(C)CCCCCCCC,cfb81e271e80f6a290e0,Dy-Ho,Dy,Ho,Dy_SAFE:9065,Er_SAFE:9072,66|CCCCCCCCN(C)C(=O)COCC(=O)N(C)CCCCCCCC|nitrate,67|CCCCCCCCN(C)C(=O)COCC(=O)N(C)CCCCCCCC|nitrate,0aa6481162e6,d0b19c04ca9c,75,563,-0.41666666666666696,1,0.009243704376573191,0.003837365000875018,0.0038373650008750176,-0.0203912872957223,0.0018349564584993188,0.03870133124291897,0.01105155015460423
3e6e8830af6d9b000851,84158063a367da2d6180,CCCCCCCCN(C)C(=O)COCC(=O)N(C)CCCCCCCC,cfb81e271e80f6a290e0,Ho-Er,Ho,Er,Er_SAFE:9072,Er_SAFE:9079,67|CCCCCCCCN(C)C(=O)COCC(=O)N(C)CCCCCCCC|nitrate,68|CCCCCCCCN(C)C(=O)COCC(=O)N(C)CCCCCCCC|nitrate,d0b19c04ca9c,df3c7afb2be0,563,213,-0.21111111111111125,1,-0.14690914114622783,-0.15973935580395,-0.15973935580395,-0.0678845339907381,-0.1271529893573554,-0.0855620875954628,-0.11675526391688223
7bd9c4940a5b0dc9cc60,4d1ee6214b167eeea76f,CCCCCCCCN(C)C(=O)COCC(=O)N(C)CCCCCCCC,cfb81e271e80f6a290e0,La-Ce,La,Ce,Er_SAFE:9010,Ce_SAFE:9017,57|CCCCCCCCN(C)C(=O)COCC(=O)N(C)CCCCCCCC|nitrate,58|CCCCCCCCN(C)C(=O)COCC(=O)N(C)CCCCCCCC|nitrate,f804d5d017c2,ae2559f4836f,659,48,-0.22777777777777658,1,-0.2327865563123534,-0.2328038686428336,-0.2328038686428336,-0.20216388340749383,-0.22513088808613851,-0.23687980572382608,-0.2280681174955604
4a1ba4bd8df291f0e45e,4d1ee6214b167eeea76f,CCCCCCCCN(C)C(=O)COCC(=O)N(C)CCCCCCCC,cfb81e271e80f6a290e0,Ce-Pr,Ce,Pr,Ce_SAFE:9017,Er_SAFE:9024,58|CCCCCCCCN(C)C(=O)COCC(=O)N(C)CCCCCCCC|nitrate,59|CCCCCCCCN(C)C(=O)COCC(=O)N(C)CCCCCCCC|nitrate,ae2559f4836f,72b20e30d213,48,842,-0.3111111111111112,1,-0.1960199085681108,-0.2155384103066582,-0.2155384103066582,-0.1632013282976011,-0.1878152635004834,-0.25474337736765545,-0.2045472919672764
0a0a335dc9e331ca7515,4d1ee6214b167eeea76f,CCCCCCCCN(C)C(=O)COCC(=O)N(C)CCCCCCCC,cfb81e271e80f6a290e0,Pr-Nd,Pr,Nd,Er_SAFE:9024,Er_SAFE:9031,59|CCCCCCCCN(C)C(=O)COCC(=O)N(C)CCCCCCCC|nitrate,60|CCCCCCCCN(C)C(=O)COCC(=O)N(C)CCCCCCCC|nitrate,72b20e30d213,e244e3a88005,842,797,-0.18333333333333396,1,-0.15840081111720516,-0.1593635128128385,-0.1593635128128385,-0.1553734142706038,-0.15764396190555482,-0.2738085041443507,-0.1866850974652538
c7e0d814b52afbd82664,4d1ee6214b167eeea76f,CCCCCCCCN(C)C(=O)COCC(=O)N(C)CCCCCCCC,cfb81e271e80f6a290e0,Sm-Eu,Sm,Eu,Er_SAFE:9038,Er_SAFE:9045,62|CCCCCCCCN(C)C(=O)COCC(=O)N(C)CCCCCCCC|nitrate,63|CCCCCCCCN(C)C(=O)COCC(=O)N(C)CCCCCCCC|nitrate,9103a2256b97,d0e83cebbf21,934,389,-0.3277777777777775,1,-0.05520523413408335,-0.07018700583031376,-0.07018700583031376,-0.030421810004689943,-0.049009378101734995,0.18066024842361608,0.008408028529602776
4c7b1c2f2d497b0d3d2e,4d1ee6214b167eeea76f,CCCCCCCCN(C)C(=O)COCC(=O)N(C)CCCCCCCC,cfb81e271e80f6a290e0,Eu-Gd,Eu,Gd,Er_SAFE:9045,Er_SAFE:9052,63|CCCCCCCCN(C)C(=O)COCC(=O)N(C)CCCCCCCC|nitrate,64|CCCCCCCCN(C)C(=O)COCC(=O)N(C)CCCCCCCC|nitrate,d0e83cebbf21,adc6081d21be,389,490,-0.20555555555555616,1,-0.08523831150280478,-0.07928888012508015,-0.07928888012508015,-0.06508910129100201,-0.08020100894985409,-0.12854008128245673,-0.09228577703300475
d285c56d94aded4f1030,4d1ee6214b167eeea76f,CCCCCCCCN(C)C(=O)COCC(=O)N(C)CCCCCCCC,cfb81e271e80f6a290e0,Gd-Tb,Gd,Tb,Er_SAFE:9052,Er_SAFE:9059,64|CCCCCCCCN(C)C(=O)COCC(=O)N(C)CCCCCCCC|nitrate,65|CCCCCCCCN(C)C(=O)COCC(=O)N(C)CCCCCCCC|nitrate,adc6081d21be,5902593ca024,490,989,-0.21111111111110836,1,-0.2350854950896173,-0.24318873249401118,-0.24318873249401118,-0.24792673600663795,-0.23829580531887246,-0.339368204275767,-0.2635639050580961
aa3808a365b663acd0af,4d1ee6214b167eeea76f,CCCCCCCCN(C)C(=O)COCC(=O)N(C)CCCCCCCC,cfb81e271e80f6a290e0,Tb-Dy,Tb,Dy,Er_SAFE:9059,Dy_SAFE:9066,65|CCCCCCCCN(C)C(=O)COCC(=O)N(C)CCCCCCCC|nitrate,66|CCCCCCCCN(C)C(=O)COCC(=O)N(C)CCCCCCCC|nitrate,5902593ca024,0aa6481162e6,989,75,-0.5277777777777799,1,0.006495315315547974,-0.005012772525118971,-0.005012772525118972,-0.02567343326234874,-0.0015468718289262046,0.004857006017118692,5.409763258501965e-05
9288e2f715493bc8c20e,4d1ee6214b167eeea76f,CCCCCCCCN(C)C(=O)COCC(=O)N(C)CCCCCCCC,cfb81e271e80f6a290e0,Dy-Ho,Dy,Ho,Dy_SAFE:9066,Er_SAFE:9073,66|CCCCCCCCN(C)C(=O)COCC(=O)N(C)CCCCCCCC|nitrate,67|CCCCCCCCN(C)C(=O)COCC(=O)N(C)CCCCCCCC|nitrate,0aa6481162e6,d0b19c04ca9c,75,563,-0.2277777777777783,1,0.009342527271851234,0.0016721269793257372,0.0016721269793257372,-0.021182862717373935,0.0017111797745449422,0.0687520702679952,0.018471402397907503
4940101185c454d64307,4d1ee6214b167eeea76f,CCCCCCCCN(C)C(=O)COCC(=O)N(C)CCCCCCCC,cfb81e271e80f6a290e0,Ho-Er,Ho,Er,Er_SAFE:9073,Er_SAFE:9080,67|CCCCCCCCN(C)C(=O)COCC(=O)N(C)CCCCCCCC|nitrate,68|CCCCCCCCN(C)C(=O)COCC(=O)N(C)CCCCCCCC|nitrate,d0b19c04ca9c,df3c7afb2be0,563,213,-0.2388888888888876,1,-0.14655784121438933,-0.1554728679287534,-0.1554728679287534,-0.06712696898532687,-0.12670012315712373,-0.08537439070641994,-0.11636869004444778
ab31a1d525584a1ded73,4d1ee6214b167eeea76f,CCCCCCCCN(C)C(=O)COCC(=O)N(C)CCCCCCCC,cfb81e271e80f6a290e0,Er-Tm,Er,Tm,Er_SAFE:9080,Er_SAFE:9087,68|CCCCCCCCN(C)C(=O)COCC(=O)N(C)CCCCCCCC|nitrate,69|CCCCCCCCN(C)C(=O)COCC(=O)N(C)CCCCCCCC|nitrate,df3c7afb2be0,0d2f900796bc,213,1044,0.06666666666666776,1,-0.041459835505434195,-0.04432821463341964,-0.04432821463341964,-0.016074494651360974,-0.035113500291915886,-0.02799273158113162,-0.03333330811421982
1700b3279b88194e6829,4d1ee6214b167eeea76f,CCCCCCCCN(C)C(=O)COCC(=O)N(C)CCCCCCCC,cfb81e271e80f6a290e0,Tm-Yb,Tm,Yb,Er_SAFE:9087,Er_SAFE:9094,69|CCCCCCCCN(C)C(=O)COCC(=O)N(C)CCCCCCCC|nitrate,70|CCCCCCCCN(C)C(=O)COCC(=O)N(C)CCCCCCCC|nitrate,0d2f900796bc,00b72194210d,1044,1092,-0.04444444444444429,1,-0.03008314903945479,-0.028225887748604357,-0.028225887748604357,-0.054167234519534896,-0.03610417040947482,0.016450613737106323,-0.022965474372829534
e35293aaf3cb849bda07,ddc53a2b214d9f8aab1f,CCCCCCCCN(C)C(=O)COCC(=O)N(C)CCCCCCCC,cfb81e271e80f6a290e0,La-Ce,La,Ce,Er_SAFE:9011,Ce_SAFE:9018,57|CCCCCCCCN(C)C(=O)COCC(=O)N(C)CCCCCCCC|nitrate,58|CCCCCCCCN(C)C(=O)COCC(=O)N(C)CCCCCCCC|nitrate,f804d5d017c2,ae2559f4836f,659,48,-0.22777777777777525,1,-0.2339795763052355,-0.2357266297072108,-0.2357266297072108,-0.21039434021924946,-0.22808326728373898,-0.27299470206101734,-0.23931112597805856
fcc19bdebbb8dd62960d,ddc53a2b214d9f8aab1f,CCCCCCCCN(C)C(=O)COCC(=O)N(C)CCCCCCCC,cfb81e271e80f6a290e0,Ce-Pr,Ce,Pr,Ce_SAFE:9018,Er_SAFE:9025,58|CCCCCCCCN(C)C(=O)COCC(=O)N(C)CCCCCCCC|nitrate,59|CCCCCCCCN(C)C(=O)COCC(=O)N(C)CCCCCCCC|nitrate,ae2559f4836f,72b20e30d213,48,842,-0.3111111111111132,1,-0.20420575014879988,-0.22226980792310147,-0.22226980792310147,-0.1743766196528635,-0.19674846752481578,-0.28944412370522815,-0.2199223815699189
32b133613471f8d4d1ff,ddc53a2b214d9f8aab1f,CCCCCCCCN(C)C(=O)COCC(=O)N(C)CCCCCCCC,cfb81e271e80f6a290e0,Pr-Nd,Pr,Nd,Er_SAFE:9025,Er_SAFE:9032,59|CCCCCCCCN(C)C(=O)COCC(=O)N(C)CCCCCCCC|nitrate,60|CCCCCCCCN(C)C(=O)COCC(=O)N(C)CCCCCCCC|nitrate,72b20e30d213,e244e3a88005,842,797,-0.1555555555555556,1,-0.15924943910823836,-0.1606429336791803,-0.1606429336791803,-0.1571584456274468,-0.15872669073804047,-0.3095034658908844,-0.19642088452625145
980ce651086fed050efb,ddc53a2b214d9f8aab1f,CCCCCCCCN(C)C(=O)COCC(=O)N(C)CCCCCCCC,cfb81e271e80f6a290e0,Sm-Eu,Sm,Eu,Er_SAFE:9039,Er_SAFE:9046,62|CCCCCCCCN(C)C(=O)COCC(=O)N(C)CCCCCCCC|nitrate,63|CCCCCCCCN(C)C(=O)COCC(=O)N(C)CCCCCCCC|nitrate,9103a2256b97,d0e83cebbf21,934,389,-0.3222222222222231,1,-0.05617159678924616,-0.0708750007412611,-0.0708750007412611,-0.030421810004689943,-0.0497341500931071,0.21601818626125655,0.016703933995483804
a3995eb14ed647ecb112,ddc53a2b214d9f8aab1f,CCCCCCCCN(C)C(=O)COCC(=O)N(C)CCCCCCCC,cfb81e271e80f6a290e0,Eu-Gd,Eu,Gd,Er_SAFE:9046,Er_SAFE:9053,63|CCCCCCCCN(C)C(=O)COCC(=O)N(C)CCCCCCCC|nitrate,64|CCCCCCCCN(C)C(=O)COCC(=O)N(C)CCCCCCCC|nitrate,d0e83cebbf21,adc6081d21be,389,490,-0.10000000000000031,1,-0.08497934561940078,-0.07880574185863078,-0.07880574185863078,-0.06569202290790892,-0.08015751494152781,-0.1337306722998619,-0.09355080428111134
8db580dc1f2c25fb5c93,ddc53a2b214d9f8aab1f,CCCCCCCCN(C)C(=O)COCC(=O)N(C)CCCCCCCC,cfb81e271e80f6a290e0,Dy-Ho,Dy,Ho,Dy_SAFE:9067,Er_SAFE:9074,66|CCCCCCCCN(C)C(=O)COCC(=O)N(C)CCCCCCCC|nitrate,67|CCCCCCCCN(C)C(=O)COCC(=O)N(C)CCCCCCCC|nitrate,0aa6481162e6,d0b19c04ca9c,75,563,-0.21666666666666634,1,0.010631240699732633,0.0013161928364061148,0.0013161928364061153,-0.021204253347306218,0.0026723671879729204,0.09759063770373662,0.026401934816913844
e0d0e2397d55ba8ca2dd,0869e1d3cff72844fec6,CCCCCCCCN(C)C(=O)COCC(=O)N(C)CCCCCCCC,cfb81e271e80f6a290e0,La-Ce,La,Ce,Er_SAFE:9012,Ce_SAFE:9019,57|CCCCCCCCN(C)C(=O)COCC(=O)N(C)CCCCCCCC|nitrate,58|CCCCCCCCN(C)C(=O)COCC(=O)N(C)CCCCCCCC|nitrate,f804d5d017c2,ae2559f4836f,659,48,-0.2499999999999974,1,-0.23356805384227144,-0.2357266297072108,-0.2357266297072108,-0.21039434021924946,-0.22777462543651594,-0.31085139513015747,-0.24854381785992632
71b1c84a78933af3619b,0869e1d3cff72844fec6,CCCCCCCCN(C)C(=O)COCC(=O)N(C)CCCCCCCC,cfb81e271e80f6a290e0,Ce-Pr,Ce,Pr,Ce_SAFE:9019,Er_SAFE:9026,58|CCCCCCCCN(C)C(=O)COCC(=O)N(C)CCCCCCCC|nitrate,59|CCCCCCCCN(C)C(=O)COCC(=O)N(C)CCCCCCCC|nitrate,ae2559f4836f,72b20e30d213,48,842,-0.3055555555555575,1,-0.20439507093298348,-0.22228299988385347,-0.22228299988385347,-0.1743766196528635,-0.19689045811295347,-0.3253545860449473,-0.22900649009595192
764a8aa69eb471008595,0869e1d3cff72844fec6,CCCCCCCCN(C)C(=O)COCC(=O)N(C)CCCCCCCC,cfb81e271e80f6a290e0,Pr-Nd,Pr,Nd,Er_SAFE:9026,Er_SAFE:9033,59|CCCCCCCCN(C)C(=O)COCC(=O)N(C)CCCCCCCC|nitrate,60|CCCCCCCCN(C)C(=O)COCC(=O)N(C)CCCCCCCC|nitrate,72b20e30d213,e244e3a88005,842,797,-0.1555555555555549,1,-0.159478092108906,-0.1606561256399323,-0.1606561256399323,-0.1571584456274468,-0.1588981804885412,-0.3447229464848836,-0.2053543719876268
168c48f02811c8bed04d,0869e1d3cff72844fec6,CCCCCCCCN(C)C(=O)COCC(=O)N(C)CCCCCCCC,cfb81e271e80f6a290e0,Sm-Eu,Sm,Eu,Er_SAFE:9040,Er_SAFE:9047,62|CCCCCCCCN(C)C(=O)COCC(=O)N(C)CCCCCCCC|nitrate,63|CCCCCCCCN(C)C(=O)COCC(=O)N(C)CCCCCCCC|nitrate,9103a2256b97,d0e83cebbf21,934,389,-0.28888888888888986,1,-0.0564130049385505,-0.07088819270201312,-0.07088819270201312,-0.030421810004689943,-0.049915206205085355,0.25041313221057254,0.025166878398829112
eef7a27a22af167f8ff8,0869e1d3cff72844fec6,CCCCCCCCN(C)C(=O)COCC(=O)N(C)CCCCCCCC,cfb81e271e80f6a290e0,Eu-Gd,Eu,Gd,Er_SAFE:9047,Er_SAFE:9054,63|CCCCCCCCN(C)C(=O)COCC(=O)N(C)CCCCCCCC|nitrate,64|CCCCCCCCN(C)C(=O)COCC(=O)N(C)CCCCCCCC|nitrate,d0e83cebbf21,adc6081d21be,389,490,-0.15000000000000036,1,-0.08497934561940078,-0.07880574185863078,-0.07880574185863078,-0.06569202290790892,-0.08015751494152781,-0.14293248703082403,-0.09585125796385187
7497104b5079ae7e962a,0869e1d3cff72844fec6,CCCCCCCCN(C)C(=O)COCC(=O)N(C)CCCCCCCC,cfb81e271e80f6a290e0,Gd-Tb,Gd,Tb,Er_SAFE:9054,Er_SAFE:9061,64|CCCCCCCCN(C)C(=O)COCC(=O)N(C)CCCCCCCC|nitrate,65|CCCCCCCCN(C)C(=O)COCC(=O)N(C)CCCCCCCC|nitrate,adc6081d21be,5902593ca024,490,989,-0.316666666666664,1,-0.23156968014327378,-0.24126330004361046,-0.24126330004361046,-0.24711669089098826,-0.2354564328302024,-0.3959612051645915,-0.2755826259137997
f9343d555640d412ddd7,0869e1d3cff72844fec6,CCCCCCCCN(C)C(=O)COCC(=O)N(C)CCCCCCCC,cfb81e271e80f6a290e0,Tb-Dy,Tb,Dy,Er_SAFE:9061,Dy_SAFE:9068,65|CCCCCCCCN(C)C(=O)COCC(=O)N(C)CCCCCCCC|nitrate,66|CCCCCCCCN(C)C(=O)COCC(=O)N(C)CCCCCCCC|nitrate,5902593ca024,0aa6481162e6,989,75,-0.5111111111111133,1,0.007661495757247275,-0.004042951561100184,-0.004042951561100184,-0.025931173247854135,-0.0007366714940280775,0.0937905174990495,0.022895125754241318
a2b3dc7a25203c16e1e3,0869e1d3cff72844fec6,CCCCCCCCN(C)C(=O)COCC(=O)N(C)CCCCCCCC,cfb81e271e80f6a290e0,Dy-Ho,Dy,Ho,Dy_SAFE:9068,Er_SAFE:9075,66|CCCCCCCCN(C)C(=O)COCC(=O)N(C)CCCCCCCC|nitrate,67|CCCCCCCCN(C)C(=O)COCC(=O)N(C)CCCCCCCC|nitrate,0aa6481162e6,d0b19c04ca9c,75,563,-0.24444444444444402,1,0.010631240699732633,0.0014196102382237914,0.0014196102382237914,-0.021204253347306218,0.0026723671879729204,0.12304723262786865,0.032766083547946856
6451caf59902b0480af4,ed868f37c6120f8a2803,CCCCCCCCN(C)C(=O)COCC(=O)N(C)CCCCCCCC,cfb81e271e80f6a290e0,La-Ce,La,Ce,Er_SAFE:9107,Ce_SAFE:9112,57|CCCCCCCCN(C)C(=O)COCC(=O)N(C)CCCCCCCC|nitrate,58|CCCCCCCCN(C)C(=O)COCC(=O)N(C)CCCCCCCC|nitrate,f804d5d017c2,ae2559f4836f,659,48,-0.27539779681762977,1,-0.2237447911793412,-0.22474920976764118,-0.22474920976764118,-0.19559199885096035,-0.216706593097246,-0.23396819333235422,-0.22102199315602306
4aef35e4dae1c99fe3ef,ed868f37c6120f8a2803,CCCCCCCCN(C)C(=O)COCC(=O)N(C)CCCCCCCC,cfb81e271e80f6a290e0,Ce-Pr,Ce,Pr,Ce_SAFE:9112,Er_SAFE:9117,58|CCCCCCCCN(C)C(=O)COCC(=O)N(C)CCCCCCCC|nitrate,59|CCCCCCCCN(C)C(=O)COCC(=O)N(C)CCCCCCCC|nitrate,ae2559f4836f,72b20e30d213,48,842,0.0,1,-0.1967139315133276,-0.2132414474645508,-0.2132414474645508,-0.1520300463384019,-0.18554296021959618,-0.2529531568288803,-0.20239550937191722
7d8810c80bd9d61c5def,ed868f37c6120f8a2803,CCCCCCCCN(C)C(=O)COCC(=O)N(C)CCCCCCCC,cfb81e271e80f6a290e0,Pr-Nd,Pr,Nd,Er_SAFE:9117,Er_SAFE:9122,59|CCCCCCCCN(C)C(=O)COCC(=O)N(C)CCCCCCCC|nitrate,60|CCCCCCCCN(C)C(=O)COCC(=O)N(C)CCCCCCCC|nitrate,72b20e30d213,e244e3a88005,842,797,-0.9914320685434499,1,-0.16092047890000155,-0.16197534708882122,-0.16197534708882122,-0.162029351548861,-0.16119769706221643,-0.263913815220197,-0.18687672660171156
ce6f642d388cff2dbb1c,6c73251a06e11eb944fb,CCCCCCCCN(C)C(=O)COCC(=O)N(C)CCCCCCCC,cfb81e271e80f6a290e0,La-Ce,La,Ce,Er_SAFE:9108,Ce_SAFE:9113,57|CCCCCCCCN(C)C(=O)COCC(=O)N(C)CCCCCCCC|nitrate,58|CCCCCCCCN(C)C(=O)COCC(=O)N(C)CCCCCCCC|nitrate,f804d5d017c2,ae2559f4836f,659,48,-0.21481028151774018,1,-0.2277076745704728,-0.2226970617800948,-0.2226970617800948,-0.1965502568959899,-0.2199183201518521,-0.26553510626157123,-0.2313225166792819
ef8730be9ea1375cd58c,6c73251a06e11eb944fb,CCCCCCCCN(C)C(=O)COCC(=O)N(C)CCCCCCCC,cfb81e271e80f6a290e0,Ce-Pr,Ce,Pr,Ce_SAFE:9113,Er_SAFE:9118,58|CCCCCCCCN(C)C(=O)COCC(=O)N(C)CCCCCCCC|nitrate,59|CCCCCCCCN(C)C(=O)COCC(=O)N(C)CCCCCCCC|nitrate,ae2559f4836f,72b20e30d213,48,842,-0.26438188494492,1,-0.2024946978467285,-0.21541215237429784,-0.21541215237429784,-0.15529642428543733,-0.1906951294564057,-0.2843133012453715,-0.21409967240364716
728e91040a1ca1aaab05,6c73251a06e11eb944fb,CCCCCCCCN(C)C(=O)COCC(=O)N(C)CCCCCCCC,cfb81e271e80f6a290e0,Pr-Nd,Pr,Nd,Er_SAFE:9118,Er_SAFE:9123,59|CCCCCCCCN(C)C(=O)COCC(=O)N(C)CCCCCCCC|nitrate,60|CCCCCCCCN(C)C(=O)COCC(=O)N(C)CCCCCCCC|nitrate,72b20e30d213,e244e3a88005,842,797,-0.9143206854345198,1,-0.16109747676551944,-0.16617564899661041,-0.16617564899661041,-0.16875040370666852,-0.1630107085008067,-0.28916481633981067,-0.1945492354605577
46dc0654db56621178c2,0b23052fbb7327a85a09,CCCCN(CCCC)C(=O)COCC(=O)N(CCCC)CCCC,c7871bb73b8256ca7c0e,La-Ce,La,Ce,La_SAFE:9470,Ce_SAFE:9474,57|CCCCN(CCCC)C(=O)COCC(=O)N(CCCC)CCCC|nitrate,58|CCCCN(CCCC)C(=O)COCC(=O)N(CCCC)CCCC|nitrate,cd94e829f2f9,3ba1ae8a2e42,642,20,-0.483684038350233,4,-0.2348588646578415,-0.2292765475374619,-0.2348588646578415,-0.20056389813816367,-0.20913763976808314,-0.06244016935427984,-0.20913763976808314
4e52de10bc4e70e2f51d,656e014e67e05bf6f5cb,CCCCN(CCCC)C(=O)COCC(=O)N(CCCC)CCCC,c7871bb73b8256ca7c0e,La-Ce,La,Ce,La_SAFE:9508,Ce_SAFE:9515,57|CCCCN(CCCC)C(=O)COCC(=O)N(CCCC)CCCC|nitrate,58|CCCCN(CCCC)C(=O)COCC(=O)N(CCCC)CCCC|nitrate,cd94e829f2f9,3ba1ae8a2e42,642,20,-0.08649093904447969,4,-0.24338495109428285,-0.2372846570552799,-0.24338495109428285,-0.2025466012498825,-0.2127561887109826,-0.30167746047178906,-0.2127561887109826
aca33c18c660e89de258,656e014e67e05bf6f5cb,CCCCN(CCCC)C(=O)COCC(=O)N(CCCC)CCCC,c7871bb73b8256ca7c0e,Sm-Eu,Sm,Eu,Lu_SAFE:9493,Eu_SAFE:9489,62|CCCCN(CCCC)C(=O)COCC(=O)N(CCCC)CCCC|nitrate,63|CCCCN(CCCC)C(=O)COCC(=O)N(CCCC)CCCC|nitrate,0fa1f433e09b,b0690393d5ce,893,363,0.0,4,-0.010998027598969094,-0.009882212296800832,-0.010998027598969094,-0.0655569868194569,-0.05191724701433495,-0.04196159293254217,-0.05191724701433495
16e815c7620e10d8b628,656e014e67e05bf6f5cb,CCCCN(CCCC)C(=O)COCC(=O)N(CCCC)CCCC,c7871bb73b8256ca7c0e,Tb-Dy,Tb,Dy,Lu_SAFE:9497,Dy_SAFE:9511,65|CCCCN(CCCC)C(=O)COCC(=O)N(CCCC)CCCC|nitrate,66|CCCCN(CCCC)C(=O)COCC(=O)N(CCCC)CCCC|nitrate,e96a56b518dc,7ec9b7797bf7,1031,113,-0.3171334431630999,4,-0.03518571494637618,-0.034717869123682576,-0.03518571494637618,-0.03735236485890889,-0.03681070238077571,0.06946376959482829,-0.03681070238077571
2b2bb214e598dec71193,7e3470e4c4d72247aaa1,CCCCN(CCCC)C(=O)COCC(=O)N(CCCC)CCCC,c7871bb73b8256ca7c0e,Sm-Eu,Sm,Eu,Lu_SAFE:9494,Eu_SAFE:9490,62|CCCCN(CCCC)C(=O)COCC(=O)N(CCCC)CCCC|nitrate,63|CCCCN(CCCC)C(=O)COCC(=O)N(CCCC)CCCC|nitrate,0fa1f433e09b,b0690393d5ce,893,363,-0.07825370675453053,4,-0.010998027598969094,-0.009882212296800832,-0.010998027598969094,-0.0655569868194569,-0.05191724701433495,-0.004161341426273187,-0.05191724701433495
517438a7c43756c53a87,7e3470e4c4d72247aaa1,CCCCN(CCCC)C(=O)COCC(=O)N(CCCC)CCCC,c7871bb73b8256ca7c0e,Eu-Gd,Eu,Gd,Eu_SAFE:9490,Gd_SAFE:9506,63|CCCCN(CCCC)C(=O)COCC(=O)N(CCCC)CCCC|nitrate,64|CCCCN(CCCC)C(=O)COCC(=O)N(CCCC)CCCC|nitrate,b0690393d5ce,b9c24641a88f,363,495,-0.9060955518945639,4,-0.07548551610197202,-0.074552979165041,-0.07548551610197202,-0.07456040088397105,-0.0747916796884713,-0.23720691601435342,-0.0747916796884713
91ade93a082957e876ff,7e3470e4c4d72247aaa1,CCCCN(CCCC)C(=O)COCC(=O)N(CCCC)CCCC,c7871bb73b8256ca7c0e,Gd-Tb,Gd,Tb,Gd_SAFE:9506,Lu_SAFE:9498,64|CCCCN(CCCC)C(=O)COCC(=O)N(CCCC)CCCC|nitrate,65|CCCCN(CCCC)C(=O)COCC(=O)N(CCCC)CCCC|nitrate,b9c24641a88f,e96a56b518dc,495,1031,0.4200988467874789,4,-0.19475527359590172,-0.1891518663660593,-0.19475527359590172,-0.1942928257581801,-0.19440843771761052,-0.1744191770752271,-0.19440843771761052
809ec6cbfc413e749a2c,7e3470e4c4d72247aaa1,CCCCN(CCCC)C(=O)COCC(=O)N(CCCC)CCCC,c7871bb73b8256ca7c0e,Tb-Dy,Tb,Dy,Lu_SAFE:9498,Dy_SAFE:9512,65|CCCCN(CCCC)C(=O)COCC(=O)N(CCCC)CCCC|nitrate,66|CCCCN(CCCC)C(=O)COCC(=O)N(CCCC)CCCC|nitrate,e96a56b518dc,7ec9b7797bf7,1031,113,-0.23064250411861698,4,-0.03667580718959932,-0.035240442670388616,-0.03667580718959932,-0.037572002049451644,-0.037347953334488565,0.04731066028277079,-0.037347953334488565
07aab53340f5c6b39840,d437e71959035a374a15,CCCCN(CCCC)C(=O)COCC(=O)N(CCCC)CCCC,c7871bb73b8256ca7c0e,La-Ce,La,Ce,La_SAFE:9509,Ce_SAFE:9517,57|CCCCN(CCCC)C(=O)COCC(=O)N(CCCC)CCCC|nitrate,58|CCCCN(CCCC)C(=O)COCC(=O)N(CCCC)CCCC|nitrate,cd94e829f2f9,3ba1ae8a2e42,642,20,0.04118616144975096,4,-0.24338495109428285,-0.2372846570552799,-0.24338495109428285,-0.2025466012498825,-0.2127561887109826,-0.1958350787560145,-0.2127561887109826
e69a1854a45aed870ace,d437e71959035a374a15,CCCCN(CCCC)C(=O)COCC(=O)N(CCCC)CCCC,c7871bb73b8256ca7c0e,Sm-Eu,Sm,Eu,Lu_SAFE:9495,Eu_SAFE:9491,62|CCCCN(CCCC)C(=O)COCC(=O)N(CCCC)CCCC|nitrate,63|CCCCN(CCCC)C(=O)COCC(=O)N(CCCC)CCCC|nitrate,0fa1f433e09b,b0690393d5ce,893,363,-0.10296540362438317,4,-0.010998027598969094,-0.009882212296800832,-0.010998027598969094,-0.0655569868194569,-0.05191724701433495,0.010417367021242777,-0.05191724701433495
5098872908be4ef81ce3,d437e71959035a374a15,CCCCN(CCCC)C(=O)COCC(=O)N(CCCC)CCCC,c7871bb73b8256ca7c0e,Tb-Dy,Tb,Dy,Lu_SAFE:9499,Dy_SAFE:9513,65|CCCCN(CCCC)C(=O)COCC(=O)N(CCCC)CCCC|nitrate,66|CCCCN(CCCC)C(=O)COCC(=O)N(CCCC)CCCC|nitrate,e96a56b518dc,7ec9b7797bf7,1031,113,-0.2100494233937371,4,-0.037059130310616965,-0.035240442670388616,-0.037059130310616965,-0.03777877481832165,-0.03759886369139548,0.031169069930911064,-0.03759886369139548
5fa89f355b07ba8a6479,c056ec787a569416320c,CCCCN(CCCC)C(=O)COCC(=O)N(CCCC)CCCC,c7871bb73b8256ca7c0e,La-Ce,La,Ce,La_SAFE:9510,Ce_SAFE:9518,57|CCCCN(CCCC)C(=O)COCC(=O)N(CCCC)CCCC|nitrate,58|CCCCN(CCCC)C(=O)COCC(=O)N(CCCC)CCCC|nitrate,cd94e829f2f9,3ba1ae8a2e42,642,20,-0.004118616144975051,4,-0.24338495109428285,-0.2372846570552799,-0.24338495109428285,-0.2025466012498825,-0.2127561887109826,-0.15839663644631705,-0.2127561887109826
1480ee811b71b784dc2c,c056ec787a569416320c,CCCCN(CCCC)C(=O)COCC(=O)N(CCCC)CCCC,c7871bb73b8256ca7c0e,Sm-Eu,Sm,Eu,Lu_SAFE:9496,Eu_SAFE:9492,62|CCCCN(CCCC)C(=O)COCC(=O)N(CCCC)CCCC|nitrate,63|CCCCN(CCCC)C(=O)COCC(=O)N(CCCC)CCCC|nitrate,0fa1f433e09b,b0690393d5ce,893,363,-0.16886326194398493,4,-0.010998027598969094,-0.009882212296800832,-0.010998027598969094,-0.0655569868194569,-0.05191724701433495,0.01805379365881284,-0.05191724701433495
9a96fa38ae0c612e2764,c056ec787a569416320c,CCCCN(CCCC)C(=O)COCC(=O)N(CCCC)CCCC,c7871bb73b8256ca7c0e,Tb-Dy,Tb,Dy,Lu_SAFE:9500,Dy_SAFE:9514,65|CCCCN(CCCC)C(=O)COCC(=O)N(CCCC)CCCC|nitrate,66|CCCCN(CCCC)C(=O)COCC(=O)N(CCCC)CCCC|nitrate,e96a56b518dc,7ec9b7797bf7,1031,113,-0.21828665568369,4,-0.037059130310616965,-0.035240442670388616,-0.037059130310616965,-0.03777877481832165,-0.03759886369139548,0.024285894508163135,-0.03759886369139548
24170d6044d89cae079e,692467d0d0345c981c92,CCCCCCCCN(CCCCCCCC)C(=O)COCC(=O)N(CCCCCCCC)CCCCCCCC,0982ebf465b726073008,La-Ce,La,Ce,Er_SAFE:9694,Ce_SAFE:9701,57|CCCCCCCCN(CCCCCCCC)C(=O)COCC(=O)N(CCCCCCCC)CCCCCCCC|water,58|CCCCCCCCN(CCCCCCCC)C(=O)COCC(=O)N(CCCCCCCC)CCCCCCCC|water,cac084a0d563,2bb8a487a3df,640,15,-0.21586836102965856,0,-0.39872249192282394,-0.3766080286016882,-0.3766080286016882,-0.36745960163293634,-0.3752753242054082,-0.05215398253252109,-0.3752753242054082
5c96d89746a2c4c8be95,692467d0d0345c981c92,CCCCCCCCN(CCCCCCCC)C(=O)COCC(=O)N(CCCCCCCC)CCCCCCCC,0982ebf465b726073008,Sm-Eu,Sm,Eu,Er_SAFE:9722,Er_SAFE:9687,62|CCCCCCCCN(CCCCCCCC)C(=O)COCC(=O)N(CCCCCCCC)CCCCCCCC|water,63|CCCCCCCCN(CCCCCCCC)C(=O)COCC(=O)N(CCCCCCCC)CCCCCCCC|water,32566dc9a831,b5ceae618f36,903,369,-0.19550342130987564,0,-0.11867387997987881,-0.09069037585903866,-0.09069037585903866,-0.1148518651395836,-0.11580736884965741,-0.037157025188207626,-0.11580736884965741
1af4bf0ecff536f6cd43,692467d0d0345c981c92,CCCCCCCCN(CCCCCCCC)C(=O)COCC(=O)N(CCCCCCCC)CCCCCCCC,0982ebf465b726073008,Eu-Gd,Eu,Gd,Er_SAFE:9687,Er_SAFE:9729,63|CCCCCCCCN(CCCCCCCC)C(=O)COCC(=O)N(CCCCCCCC)CCCCCCCC|water,64|CCCCCCCCN(CCCCCCCC)C(=O)COCC(=O)N(CCCCCCCC)CCCCCCCC|water,b5ceae618f36,9060a51020d0,369,475,-0.06516780710329151,0,-0.17806400494051414,-0.19435289343181233,-0.19435289343181233,-0.12873646474155293,-0.14106834979129323,0.11106639355421066,-0.14106834979129323
f8d922c9d1b50d386cfd,171f32dc0a6f07a5f750,CCCCCCCCN(CCCCCCCC)C(=O)COCC(=O)N(CCCCCCCC)CCCCCCCC,0982ebf465b726073008,La-Ce,La,Ce,Er_SAFE:9696,Ce_SAFE:9703,57|CCCCCCCCN(CCCCCCCC)C(=O)COCC(=O)N(CCCCCCCC)CCCCCCCC|nitrate,58|CCCCCCCCN(CCCCCCCC)C(=O)COCC(=O)N(CCCCCCCC)CCCCCCCC|nitrate,195a6a071085,daa93503e260,584,62,-0.1995764092538278,0,-0.39872249192282394,-0.3766080286016882,-0.3766080286016882,-0.33073644099451377,-0.3477329537265913,-0.050584531699617706,-0.3477329537265913
568e73cbba2cc254069b,171f32dc0a6f07a5f750,CCCCCCCCN(CCCCCCCC)C(=O)COCC(=O)N(CCCCCCCC)CCCCCCCC,0982ebf465b726073008,Sm-Eu,Sm,Eu,Er_SAFE:9724,Er_SAFE:9689,62|CCCCCCCCN(CCCCCCCC)C(=O)COCC(=O)N(CCCCCCCC)CCCCCCCC|nitrate,63|CCCCCCCCN(CCCCCCCC)C(=O)COCC(=O)N(CCCCCCCC)CCCCCCCC|nitrate,932854907794,3f1e9baa527a,935,276,-0.22808732486151928,0,-0.11867387997987881,-0.09069037585903866,-0.09069037585903866,-0.12744659535233183,-0.12525341650921856,-0.13205855588118234,-0.12525341650921856
b40aff7aa82f1079d5a2,171f32dc0a6f07a5f750,CCCCCCCCN(CCCCCCCC)C(=O)COCC(=O)N(CCCCCCCC)CCCCCCCC,0982ebf465b726073008,Eu-Gd,Eu,Gd,Er_SAFE:9689,Er_SAFE:9731,63|CCCCCCCCN(CCCCCCCC)C(=O)COCC(=O)N(CCCCCCCC)CCCCCCCC|nitrate,64|CCCCCCCCN(CCCCCCCC)C(=O)COCC(=O)N(CCCCCCCC)CCCCCCCC|nitrate,3f1e9baa527a,ffeead124530,276,511,-0.10997067448680295,0,-0.17806400494051414,-0.19435289343181233,-0.19435289343181233,-0.11743132963760818,-0.13258949846333468,0.12351895620425542,-0.13258949846333468
0b23ad9822758184be3e,00e9f01f577104ebea65,CCCCCCCCN(CCCCCCCC)C(=O)COCC(=O)N(CCCCCCCC)CCCCCCCC,0982ebf465b726073008,La-Ce,La,Ce,Er_SAFE:9697,Ce_SAFE:9704,57|CCCCCCCCN(CCCCCCCC)C(=O)COCC(=O)N(CCCCCCCC)CCCCCCCC|nitrate,58|CCCCCCCCN(CCCCCCCC)C(=O)COCC(=O)N(CCCCCCCC)CCCCCCCC|nitrate,195a6a071085,daa93503e260,584,62,-0.21179537308569552,0,-0.39872249192282394,-0.3766080286016882,-0.3766080286016882,-0.33073644099451377,-0.3477329537265913,-0.05269865815838178,-0.3477329537265913
254e3dee985937ea3ef8,00e9f01f577104ebea65,CCCCCCCCN(CCCCCCCC)C(=O)COCC(=O)N(CCCCCCCC)CCCCCCCC,0982ebf465b726073008,Ce-Pr,Ce,Pr,Ce_SAFE:9704,Er_SAFE:9711,58|CCCCCCCCN(CCCCCCCC)C(=O)COCC(=O)N(CCCCCCCC)CCCCCCCC|nitrate,59|CCCCCCCCN(CCCCCCCC)C(=O)COCC(=O)N(CCCCCCCC)CCCCCCCC|nitrate,daa93503e260,bfc694b020e5,62,866,-0.10589768654284976,0,-0.25524632624875854,-0.2627739690244616,-0.2627739690244616,-0.28971195004738876,-0.2810955440977312,-0.027299468715985615,-0.2810955440977312
70cf061c119465346189,00e9f01f577104ebea65,CCCCCCCCN(CCCCCCCC)C(=O)COCC(=O)N(CCCCCCCC)CCCCCCCC,0982ebf465b726073008,Pr-Nd,Pr,Nd,Er_SAFE:9711,Er_SAFE:9718,59|CCCCCCCCN(CCCCCCCC)C(=O)COCC(=O)N(CCCCCCCC)CCCCCCCC|nitrate,60|CCCCCCCCN(CCCCCCCC)C(=O)COCC(=O)N(CCCCCCCC)CCCCCCCC|nitrate,bfc694b020e5,f627b8cfec4b,866,803,-0.11404366243075859,0,-0.19839287172206285,-0.21302193762985022,-0.21302193762985022,-0.19206953709623725,-0.19365037075269365,0.1645574371019999,-0.19365037075269365
cff1dda1cbe6acf45579,fa4d98658bf2b92785b9,CCCCCCCCN(CCCCCCCC)C(=O)COCC(=O)N(CCCCCCCC)CCCCCCCC,0982ebf465b726073008,La-Ce,La,Ce,Er_SAFE:9698,Ce_SAFE:9705,57|CCCCCCCCN(CCCCCCCC)C(=O)COCC(=O)N(CCCCCCCC)CCCCCCCC|nitrate,58|CCCCCCCCN(CCCCCCCC)C(=O)COCC(=O)N(CCCCCCCC)CCCCCCCC|nitrate,195a6a071085,daa93503e260,584,62,-0.21586836102965187,0,-0.3982866409300252,-0.3766080286016882,-0.3766080286016882,-0.33073644099451377,-0.34762399097839164,-0.05479279843469461,-0.34762399097839164
b225e8307f0f887cede6,762159048b3a589e715e,CCCCCCCCN(CCCCCCCC)C(=O)COCC(=O)N(CCCCCCCC)CCCCCCCC,0982ebf465b726073008,La-Ce,La,Ce,Er_SAFE:9699,Ce_SAFE:9706,57|CCCCCCCCN(CCCCCCCC)C(=O)COCC(=O)N(CCCCCCCC)CCCCCCCC|nitrate,58|CCCCCCCCN(CCCCCCCC)C(=O)COCC(=O)N(CCCCCCCC)CCCCCCCC|nitrate,195a6a071085,daa93503e260,584,62,-0.23623330074943072,0,-0.3981785895027926,-0.3782168965761257,-0.3782168965761257,-0.33028682009942606,-0.3472597624502677,-0.05787995643913746,-0.3472597624502677
2e5517a3a68f5851f86a,762159048b3a589e715e,CCCCCCCCN(CCCCCCCC)C(=O)COCC(=O)N(CCCCCCCC)CCCCCCCC,0982ebf465b726073008,Ce-Pr,Ce,Pr,Ce_SAFE:9706,Er_SAFE:9713,58|CCCCCCCCN(CCCCCCCC)C(=O)COCC(=O)N(CCCCCCCC)CCCCCCCC|nitrate,59|CCCCCCCCN(CCCCCCCC)C(=O)COCC(=O)N(CCCCCCCC)CCCCCCCC|nitrate,daa93503e260,bfc694b020e5,62,866,-0.1751384815900937,0,-0.25452819250118086,-0.263108615176891,-0.263108615176891,-0.28971195004738876,-0.28091601066083677,-0.030841919283072155,-0.28091601066083677
1ee4df8585a8999f767b,762159048b3a589e715e,CCCCCCCCN(CCCCCCCC)C(=O)COCC(=O)N(CCCCCCCC)CCCCCCCC,0982ebf465b726073008,Pr-Nd,Pr,Nd,Er_SAFE:9713,Er_SAFE:9720,59|CCCCCCCCN(CCCCCCCC)C(=O)COCC(=O)N(CCCCCCCC)CCCCCCCC|nitrate,60|CCCCCCCCN(CCCCCCCC)C(=O)COCC(=O)N(CCCCCCCC)CCCCCCCC|nitrate,bfc694b020e5,f627b8cfec4b,866,803,-0.22808732486151861,0,-0.19839287172206285,-0.21812342509891236,-0.21812342509891236,-0.19206953709623725,-0.19365037075269365,0.16593313465515772,-0.19365037075269365
661689dfae9933e4d6d6,b799ff4b5f64500c64d0,CCCCCCCCN(CCCCCCCC)C(=O)COCC(=O)N(CCCCCCCC)CCCCCCCC,0982ebf465b726073008,Ce-Pr,Ce,Pr,Ce_SAFE:9707,Er_SAFE:9714,58|CCCCCCCCN(CCCCCCCC)C(=O)COCC(=O)N(CCCCCCCC)CCCCCCCC|nitrate,59|CCCCCCCCN(CCCCCCCC)C(=O)COCC(=O)N(CCCCCCCC)CCCCCCCC|nitrate,daa93503e260,bfc694b020e5,62,866,-0.30140110785272056,0,-0.25573207988929103,-0.26258985020123016,-0.26258985020123016,-0.2891111793773995,-0.2807664045053724,-0.038567472249269485,-0.2807664045053724
c58b042decc0128e3c47,1098fc1cbd4af777f969,CCCCCCCCN(CCCCCCCC)C(=O)COCC(=O)N(CCCCCCCC)CCCCCCCC,0982ebf465b726073008,La-Ce,La,Ce,La_SAFE:10059,Ce_SAFE:10060,57|CCCCCCCCN(CCCCCCCC)C(=O)COCC(=O)N(CCCCCCCC)CCCCCCCC|water,58|CCCCCCCCN(CCCCCCCC)C(=O)COCC(=O)N(CCCCCCCC)CCCCCCCC|water,cac084a0d563,2bb8a487a3df,640,15,-0.6651117370750514,0,-0.43632972151269345,-0.4206819378605667,-0.4206819378605667,-0.39093289965068917,-0.4022821051161902,-0.3562774658203125,-0.4022821051161902
a143240e7acab822c10b,1098fc1cbd4af777f969,CCCCCCCCN(CCCCCCCC)C(=O)COCC(=O)N(CCCCCCCC)CCCCCCCC,0982ebf465b726073008,Ce-Pr,Ce,Pr,Ce_SAFE:10060,Pa_SAFE:10061,58|CCCCCCCCN(CCCCCCCC)C(=O)COCC(=O)N(CCCCCCCC)CCCCCCCC|water,59|CCCCCCCCN(CCCCCCCC)C(=O)COCC(=O)N(CCCCCCCC)CCCCCCCC|water,2bb8a487a3df,e4103e24a2d3,15,877,0.036722807024739845,0,-0.31136620016022054,-0.318688898460354,-0.318688898460354,-0.22001530554507798,-0.24285302919886362,-0.04534276326497396,-0.24285302919886362
d5e54879fd4174541153,1098fc1cbd4af777f969,CCCCCCCCN(CCCCCCCC)C(=O)COCC(=O)N(CCCCCCCC)CCCCCCCC,0982ebf465b726073008,Pr-Nd,Pr,Nd,Pa_SAFE:10061,Nd_SAFE:10062,59|CCCCCCCCN(CCCCCCCC)C(=O)COCC(=O)N(CCCCCCCC)CCCCCCCC|water,60|CCCCCCCCN(CCCCCCCC)C(=O)COCC(=O)N(CCCCCCCC)CCCCCCCC|water,e4103e24a2d3,5085718391b0,877,746,-0.3979400086720376,0,-0.21783060769896812,-0.24164114219907093,-0.24164114219907093,-0.20264658276064873,-0.20644258899522858,-0.03313545370474458,-0.20644258899522858
ae403fa42317d4dbbcee,1098fc1cbd4af777f969,CCCCCCCCN(CCCCCCCC)C(=O)COCC(=O)N(CCCCCCCC)CCCCCCCC,0982ebf465b726073008,Sm-Eu,Sm,Eu,Pa_SAFE:10063,Eu_SAFE:10064,62|CCCCCCCCN(CCCCCCCC)C(=O)COCC(=O)N(CCCCCCCC)CCCCCCCC|water,63|CCCCCCCCN(CCCCCCCC)C(=O)COCC(=O)N(CCCCCCCC)CCCCCCCC|water,32566dc9a831,b5ceae618f36,903,369,-0.32190845529664636,0,-0.2452126918298565,-0.24684380259625416,-0.24684380259625416,-0.1481047299696832,-0.17238172043472655,-0.1916940063238144,-0.17238172043472655
0a9d752b67c07102f22a,1098fc1cbd4af777f969,CCCCCCCCN(CCCCCCCC)C(=O)COCC(=O)N(CCCCCCCC)CCCCCCCC,0982ebf465b726073008,Eu-Gd,Eu,Gd,Eu_SAFE:10064,Gd_SAFE:10065,63|CCCCCCCCN(CCCCCCCC)C(=O)COCC(=O)N(CCCCCCCC)CCCCCCCC|water,64|CCCCCCCCN(CCCCCCCC)C(=O)COCC(=O)N(CCCCCCCC)CCCCCCCC|water,b5ceae618f36,9060a51020d0,369,475,-0.15400272764014877,0,-0.14149166323691276,-0.1369820517602637,-0.1369820517602637,-0.1077921677813873,-0.11621704164526866,-0.1221389224131902,-0.11621704164526866
afcbc0d88c7d11ee9ad4,1098fc1cbd4af777f969,CCCCCCCCN(CCCCCCCC)C(=O)COCC(=O)N(CCCCCCCC)CCCCCCCC,0982ebf465b726073008,Gd-Tb,Gd,Tb,Gd_SAFE:10065,Pa_SAFE:10066,64|CCCCCCCCN(CCCCCCCC)C(=O)COCC(=O)N(CCCCCCCC)CCCCCCCC|water,65|CCCCCCCCN(CCCCCCCC)C(=O)COCC(=O)N(CCCCCCCC)CCCCCCCC|water,9060a51020d0,16686414c510,475,974,-0.3047702963044432,0,-0.36551000391455957,-0.3586944474799444,-0.3586944474799444,-0.3658677511338423,-0.36577831432902164,-0.3313967287540436,-0.36577831432902164
8da3d779736cc666f8d9,1098fc1cbd4af777f969,CCCCCCCCN(CCCCCCCC)C(=O)COCC(=O)N(CCCCCCCC)CCCCCCCC,0982ebf465b726073008,Tb-Dy,Tb,Dy,Pa_SAFE:10066,Dy_SAFE:10067,65|CCCCCCCCN(CCCCCCCC)C(=O)COCC(=O)N(CCCCCCCC)CCCCCCCC|water,66|CCCCCCCCN(CCCCCCCC)C(=O)COCC(=O)N(CCCCCCCC)CCCCCCCC|water,16686414c510,02b82eed2591,974,72,-0.13031152037216098,0,0.08849669618050662,0.0897378814881171,0.0897378814881171,-0.03385631324834876,-0.003268060891134905,-0.10759083057443301,-0.003268060891134905
b8cb803ea5f23ea00c63,1098fc1cbd4af777f969,CCCCCCCCN(CCCCCCCC)C(=O)COCC(=O)N(CCCCCCCC)CCCCCCCC,0982ebf465b726073008,Dy-Ho,Dy,Ho,Dy_SAFE:10067,Ho_SAFE:10068,66|CCCCCCCCN(CCCCCCCC)C(=O)COCC(=O)N(CCCCCCCC)CCCCCCCC|water,67|CCCCCCCCN(CCCCCCCC)C(=O)COCC(=O)N(CCCCCCCC)CCCCCCCC|water,02b82eed2591,44a23e6db33b,72,532,-0.10123138679069887,0,0.03528226293032215,0.040835508396164025,0.040835508396164025,-0.029664472700011296,-0.013427788792427939,0.0041346171249945956,-0.013427788792427939
f637a2d30478563a77b1,1098fc1cbd4af777f969,CCCCCCCCN(CCCCCCCC)C(=O)COCC(=O)N(CCCCCCCC)CCCCCCCC,0982ebf465b726073008,Ho-Er,Ho,Er,Ho_SAFE:10068,Er_SAFE:10069,67|CCCCCCCCN(CCCCCCCC)C(=O)COCC(=O)N(CCCCCCCC)CCCCCCCC|water,68|CCCCCCCCN(CCCCCCCC)C(=O)COCC(=O)N(CCCCCCCC)CCCCCCCC|water,44a23e6db33b,7969957ddddb,532,183,-0.18665290775859322,0,-0.1827150652985162,-0.17024839854713864,-0.17024839854713864,-0.05256067313214214,-0.08509927117373564,-0.022477178523937862,-0.08509927117373564
bc7fc8c8b28edf0dcd3d,1098fc1cbd4af777f969,CCCCCCCCN(CCCCCCCC)C(=O)COCC(=O)N(CCCCCCCC)CCCCCCCC,0982ebf465b726073008,Er-Tm,Er,Tm,Er_SAFE:10069,Pa_SAFE:10070,68|CCCCCCCCN(CCCCCCCC)C(=O)COCC(=O)N(CCCCCCCC)CCCCCCCC|water,69|CCCCCCCCN(CCCCCCCC)C(=O)COCC(=O)N(CCCCCCCC)CCCCCCCC|water,7969957ddddb,6f2b8ea84d8f,183,1063,0.05420174974439562,0,-0.05698585487219013,-0.057676983455283534,-0.057676983455283534,-0.04900655189499678,-0.05100137763929512,-0.03423819250504797,-0.05100137763929512
8450a6eead013da11830,1098fc1cbd4af777f969,CCCCCCCCN(CCCCCCCC)C(=O)COCC(=O)N(CCCCCCCC)CCCCCCCC,0982ebf465b726073008,Tm-Yb,Tm,Yb,Pa_SAFE:10070,Pa_SAFE:10071,69|CCCCCCCCN(CCCCCCCC)C(=O)COCC(=O)N(CCCCCCCC)CCCCCCCC|water,70|CCCCCCCCN(CCCCCCCC)C(=O)COCC(=O)N(CCCCCCCC)CCCCCCCC|water,6f2b8ea84d8f,64d6f07f057c,1063,1119,-0.06623358904844334,0,-0.02210345737340874,-0.019090484803836745,-0.019090484803836745,-0.0434881008398975,-0.03814193997327531,-0.012826618971303105,-0.03814193997327531
f28fdeda965e192576f9,1098fc1cbd4af777f969,CCCCCCCCN(CCCCCCCC)C(=O)COCC(=O)N(CCCCCCCC)CCCCCCCC,0982ebf465b726073008,Yb-Lu,Yb,Lu,Pa_SAFE:10071,Lu_SAFE:10072,70|CCCCCCCCN(CCCCCCCC)C(=O)COCC(=O)N(CCCCCCCC)CCCCCCCC|water,71|CCCCCCCCN(CCCCCCCC)C(=O)COCC(=O)N(CCCCCCCC)CCCCCCCC|water,64d6f07f057c,eed9dc5fbef3,1119,720,-0.10248620753860616,0,-0.16658963856541378,-0.15744039884766708,-0.15744039884766708,-0.11037079030375088,-0.12442550236916661,-0.048900358378887177,-0.12442550236916661
a82a5e115403c2a051d9,37be47c542ab78a726c3,CCCCC(CC)CN(CC(CC)CCCC)C(=O)COCC(=O)N(CC(CC)CCCC)CC(CC)CCCC,3892bd45fa60b76c313c,La-Ce,La,Ce,La_SAFE:10073,Ce_SAFE:10074,57|CCCCC(CC)CN(CC(CC)CCCC)C(=O)COCC(=O)N(CC(CC)CCCC)CC(CC)CCCC|water,58|CCCCC(CC)CN(CC(CC)CCCC)C(=O)COCC(=O)N(CC(CC)CCCC)CC(CC)CCCC|water,1f713626bd1d,453fd2c396d7,587,24,-0.09691001300805624,4,-0.2910267254377371,-0.30341811456341194,-0.2910267254377371,-0.23166238371757478,-0.24650346914761537,-0.365831196308136,-0.24650346914761537
3322e08788922bca89d5,37be47c542ab78a726c3,CCCCC(CC)CN(CC(CC)CCCC)C(=O)COCC(=O)N(CC(CC)CCCC)CC(CC)CCCC,3892bd45fa60b76c313c,Ce-Pr,Ce,Pr,Ce_SAFE:10074,Pa_SAFE:10075,58|CCCCC(CC)CN(CC(CC)CCCC)C(=O)COCC(=O)N(CC(CC)CCCC)CC(CC)CCCC|water,59|CCCCC(CC)CN(CC(CC)CCCC)C(=O)COCC(=O)N(CC(CC)CCCC)CC(CC)CCCC|water,453fd2c396d7,e119696fa421,24,876,-0.14612803567823818,4,-0.10504653248722286,-0.1190271821519498,-0.10504653248722286,-0.16702780524671051,-0.15153248705683858,-0.32550949851671857,-0.15153248705683858
f35968d32924eb3346d0,37be47c542ab78a726c3,CCCCC(CC)CN(CC(CC)CCCC)C(=O)COCC(=O)N(CC(CC)CCCC)CC(CC)CCCC,3892bd45fa60b76c313c,Pr-Nd,Pr,Nd,Pa_SAFE:10075,Nd_SAFE:10076,59|CCCCC(CC)CN(CC(CC)CCCC)C(=O)COCC(=O)N(CC(CC)CCCC)CC(CC)CCCC|water,60|CCCCC(CC)CN(CC(CC)CCCC)C(=O)COCC(=O)N(CC(CC)CCCC)CC(CC)CCCC|water,e119696fa421,bc638483400c,876,790,-0.057991946977686615,4,-0.11478481359795534,-0.13405526891544403,-0.11478481359795534,-0.11476750416937678,-0.11477183152652143,-0.21922479073206583,-0.11477183152652143
1443c6bd8eb0a1013c77,37be47c542ab78a726c3,CCCCC(CC)CN(CC(CC)CCCC)C(=O)COCC(=O)N(CC(CC)CCCC)CC(CC)CCCC,3892bd45fa60b76c313c,Sm-Eu,Sm,Eu,Pa_SAFE:10077,Eu_SAFE:10078,62|CCCCC(CC)CN(CC(CC)CCCC)C(=O)COCC(=O)N(CC(CC)CCCC)CC(CC)CCCC|water,63|CCCCC(CC)CN(CC(CC)CCCC)C(=O)COCC(=O)N(CC(CC)CCCC)CC(CC)CCCC|water,4c69294529b9,f8c89bfcafa6,917,422,0.04139268515822503,4,-0.16008721287294247,-0.17686280396463316,-0.16008721287294247,-0.13587378895858518,-0.1419271449371745,-0.3203989267349243,-0.1419271449371745
e70dbb2ee9720e2daaba,37be47c542ab78a726c3,CCCCC(CC)CN(CC(CC)CCCC)C(=O)COCC(=O)N(CC(CC)CCCC)CC(CC)CCCC,3892bd45fa60b76c313c,Eu-Gd,Eu,Gd,Eu_SAFE:10078,Gd_SAFE:10079,63|CCCCC(CC)CN(CC(CC)CCCC)C(=O)COCC(=O)N(CC(CC)CCCC)CC(CC)CCCC|water,64|CCCCC(CC)CN(CC(CC)CCCC)C(=O)COCC(=O)N(CC(CC)CCCC)CC(CC)CCCC|water,f8c89bfcafa6,a95f2ba3f810,422,486,-0.07918124604762478,4,-0.08283111078208441,-0.09022879717234134,-0.08283111078208441,-0.08402620268254699,-0.08372742970743134,-0.15688052773475647,-0.08372742970743134
684344ec979dd5f69238,37be47c542ab78a726c3,CCCCC(CC)CN(CC(CC)CCCC)C(=O)COCC(=O)N(CC(CC)CCCC)CC(CC)CCCC,3892bd45fa60b76c313c,Gd-Tb,Gd,Tb,Gd_SAFE:10079,Pa_SAFE:10080,64|CCCCC(CC)CN(CC(CC)CCCC)C(=O)COCC(=O)N(CC(CC)CCCC)CC(CC)CCCC|water,65|CCCCC(CC)CN(CC(CC)CCCC)C(=O)COCC(=O)N(CC(CC)CCCC)CC(CC)CCCC|water,a95f2ba3f810,bad92aaac89e,486,1017,-0.1995723549052042,4,-0.15007922141005625,-0.16121760615749758,-0.15007922141005625,-0.16713288171367152,-0.1628694666377677,-0.36340807874997455,-0.1628694666377677
97db56dc4f0f9f952e78,37be47c542ab78a726c3,CCCCC(CC)CN(CC(CC)CCCC)C(=O)COCC(=O)N(CC(CC)CCCC)CC(CC)CCCC,3892bd45fa60b76c313c,Tb-Dy,Tb,Dy,Pa_SAFE:10080,Dy_SAFE:10081,65|CCCCC(CC)CN(CC(CC)CCCC)C(=O)COCC(=O)N(CC(CC)CCCC)CC(CC)CCCC|water,66|CCCCC(CC)CN(CC(CC)CCCC)C(=O)COCC(=O)N(CC(CC)CCCC)CC(CC)CCCC|water,bad92aaac89e,c351813a0a93,1017,133,-0.10145764075877706,4,-0.05478514744692075,-0.06649685789345043,-0.05478514744692075,-0.060691140386243486,-0.059214642151412804,-0.06539612387617429,-0.059214642151412804
1765573430af0fec2fda,37be47c542ab78a726c3,CCCCC(CC)CN(CC(CC)CCCC)C(=O)COCC(=O)N(CC(CC)CCCC)CC(CC)CCCC,3892bd45fa60b76c313c,Dy-Ho,Dy,Ho,Dy_SAFE:10081,Ho_SAFE:10082,66|CCCCC(CC)CN(CC(CC)CCCC)C(=O)COCC(=O)N(CC(CC)CCCC)CC(CC)CCCC|water,67|CCCCC(CC)CN(CC(CC)CCCC)C(=O)COCC(=O)N(CC(CC)CCCC)CC(CC)CCCC|water,c351813a0a93,34d035b4dc31,133,529,-0.017728766960431575,4,-0.06501041483442116,-0.07018896082847732,-0.06501041483442116,-0.055311808646947264,-0.05773646019381574,-0.10720345377922058,-0.05773646019381574
8f87533d69f75ab3df7b,37be47c542ab78a726c3,CCCCC(CC)CN(CC(CC)CCCC)C(=O)COCC(=O)N(CC(CC)CCCC)CC(CC)CCCC,3892bd45fa60b76c313c,Ho-Er,Ho,Er,Ho_SAFE:10082,Er_SAFE:10083,67|CCCCC(CC)CN(CC(CC)CCCC)C(=O)COCC(=O)N(CC(CC)CCCC)CC(CC)CCCC|water,68|CCCCC(CC)CN(CC(CC)CCCC)C(=O)COCC(=O)N(CC(CC)CCCC)CC(CC)CCCC|water,34d035b4dc31,1c200b75910f,529,156,-0.03342375548694976,4,-0.03660742742194391,-0.0412067207248762,-0.03660742742194391,-0.04119354681607057,-0.0400470169675389,-0.03818371115873257,-0.0400470169675389
0370446ea7518b9ca7eb,37be47c542ab78a726c3,CCCCC(CC)CN(CC(CC)CCCC)C(=O)COCC(=O)N(CC(CC)CCCC)CC(CC)CCCC,3892bd45fa60b76c313c,Er-Tm,Er,Tm,Er_SAFE:10083,Pa_SAFE:10084,68|CCCCC(CC)CN(CC(CC)CCCC)C(=O)COCC(=O)N(CC(CC)CCCC)CC(CC)CCCC|water,69|CCCCC(CC)CN(CC(CC)CCCC)C(=O)COCC(=O)N(CC(CC)CCCC)CC(CC)CCCC|water,1c200b75910f,fc17b4020e9e,156,1090,0.08894108333678108,4,-0.018409464592928568,-0.013232279821491503,-0.018409464592928568,-0.031982901003588735,-0.028589541900923693,-0.0624713059514761,-0.028589541900923693
1f0ec5ca25d3d07ecdc9,37be47c542ab78a726c3,CCCCC(CC)CN(CC(CC)CCCC)C(=O)COCC(=O)N(CC(CC)CCCC)CC(CC)CCCC,3892bd45fa60b76c313c,Tm-Yb,Tm,Yb,Pa_SAFE:10084,Pa_SAFE:10085,69|CCCCC(CC)CN(CC(CC)CCCC)C(=O)COCC(=O)N(CC(CC)CCCC)CC(CC)CCCC|water,70|CCCCC(CC)CN(CC(CC)CCCC)C(=O)COCC(=O)N(CC(CC)CCCC)CC(CC)CCCC|water,fc17b4020e9e,3ef926d9b89b,1090,1113,0.04139268515822503,4,-0.0187780909201578,-0.01114735012381967,-0.0187780909201578,-0.02332895152047284,-0.02219123637039408,0.031532347512741886,-0.02219123637039408
54017342ddcc55039bb8,37be47c542ab78a726c3,CCCCC(CC)CN(CC(CC)CCCC)C(=O)COCC(=O)N(CC(CC)CCCC)CC(CC)CCCC,3892bd45fa60b76c313c,Yb-Lu,Yb,Lu,Pa_SAFE:10085,Lu_SAFE:10086,70|CCCCC(CC)CN(CC(CC)CCCC)C(=O)COCC(=O)N(CC(CC)CCCC)CC(CC)CCCC|water,71|CCCCC(CC)CN(CC(CC)CCCC)C(=O)COCC(=O)N(CC(CC)CCCC)CC(CC)CCCC|water,3ef926d9b89b,686dc5817a7b,1113,691,0.0,4,-0.05599902076396989,-0.052174362237490036,-0.05599902076396989,-0.0426470005679767,-0.045985005616974994,-0.08119185144702594,-0.045985005616974994
9b1cf4ccfcb382e55a8d,9f0a46dfb69ceec31971,CCCCCCCCN(C)C(=O)COCC(=O)N(C)CCCCCCCC,cfb81e271e80f6a290e0,La-Ce,La,Ce,La_SAFE:10087,Ce_SAFE:10088,57|CCCCCCCCN(C)C(=O)COCC(=O)N(C)CCCCCCCC|water,58|CCCCCCCCN(C)C(=O)COCC(=O)N(C)CCCCCCCC|water,b7c2dfd92f92,13028df1064c,635,7,-0.4614949106908133,1,-0.3929122448147605,-0.39462991601869357,-0.39462991601869357,-0.3961148834977418,-0.39371290448550583,-0.47700440883636475,-0.41453578057322055
fb66e3dcbed2828422e3,9f0a46dfb69ceec31971,CCCCCCCCN(C)C(=O)COCC(=O)N(C)CCCCCCCC,cfb81e271e80f6a290e0,Ce-Pr,Ce,Pr,Ce_SAFE:10088,Pa_SAFE:10089,58|CCCCCCCCN(C)C(=O)COCC(=O)N(C)CCCCCCCC|water,59|CCCCCCCCN(C)C(=O)COCC(=O)N(C)CCCCCCCC|water,13028df1064c,39d175aefe15,7,827,-0.16225242389229266,1,-0.35363708540021144,-0.3668058241469471,-0.3668058241469471,-0.36918738317864236,-0.3575246598448192,-0.4296092092990875,-0.37554579720838627
c115b5a410a70ea181b3,9f0a46dfb69ceec31971,CCCCCCCCN(C)C(=O)COCC(=O)N(C)CCCCCCCC,cfb81e271e80f6a290e0,Pr-Nd,Pr,Nd,Pa_SAFE:10089,Nd_SAFE:10090,59|CCCCCCCCN(C)C(=O)COCC(=O)N(C)CCCCCCCC|water,60|CCCCCCCCN(C)C(=O)COCC(=O)N(C)CCCCCCCC|water,39d175aefe15,36a8d86e270c,827,737,-0.4414317747462362,1,-0.3020082302416521,-0.30839104767693304,-0.30839104767693304,-0.34532030340992037,-0.31283624853371916,-0.4306030571460724,-0.34227795068680744
6e2e59c80a8c45857024,9f0a46dfb69ceec31971,CCCCCCCCN(C)C(=O)COCC(=O)N(C)CCCCCCCC,cfb81e271e80f6a290e0,Gd-Tb,Gd,Tb,Gd_SAFE:10092,Pa_SAFE:10093,64|CCCCCCCCN(C)C(=O)COCC(=O)N(C)CCCCCCCC|water,65|CCCCCCCCN(C)C(=O)COCC(=O)N(C)CCCCCCCC|water,c9c94892868c,07dc84629842,498,971,-0.1900021195497299,1,-0.23803591625669274,-0.23880165887500118,-0.23880165887500118,-0.2965059790609828,-0.25265343195776524,-0.3530369500319163,-0.277749311476303
0f366c6ba9ab0e56ee4a,9f0a46dfb69ceec31971,CCCCCCCCN(C)C(=O)COCC(=O)N(C)CCCCCCCC,cfb81e271e80f6a290e0,Tb-Dy,Tb,Dy,Pa_SAFE:10093,Dy_SAFE:10094,65|CCCCCCCCN(C)C(=O)COCC(=O)N(C)CCCCCCCC|water,66|CCCCCCCCN(C)C(=O)COCC(=O)N(C)CCCCCCCC|water,07dc84629842,934c6c1bb5b7,971,118,0.03980117830036134,1,0.10343022020196585,0.1062767613200226,0.1062767613200226,0.001113735009285301,0.07785109890379571,0.1527791420618693,0.0965831096933141
5022a9d632cabce4baa4,9f0a46dfb69ceec31971,CCCCCCCCN(C)C(=O)COCC(=O)N(C)CCCCCCCC,cfb81e271e80f6a290e0,Dy-Ho,Dy,Ho,Dy_SAFE:10094,Ho_SAFE:10095,66|CCCCCCCCN(C)C(=O)COCC(=O)N(C)CCCCCCCC|water,67|CCCCCCCCN(C)C(=O)COCC(=O)N(C)CCCCCCCC|water,934c6c1bb5b7,f0f0675f65cf,118,572,0.05994826814995946,1,0.07139612178788515,0.0675133481156762,0.0675133481156762,-0.00794204460746444,0.05156158018904776,0.07902520212034385,0.05842748567187178
14a54cafc5412109e464,9f0a46dfb69ceec31971,CCCCCCCCN(C)C(=O)COCC(=O)N(C)CCCCCCCC,cfb81e271e80f6a290e0,Ho-Er,Ho,Er,Ho_SAFE:10095,Er_SAFE:10096,67|CCCCCCCCN(C)C(=O)COCC(=O)N(C)CCCCCCCC|water,68|CCCCCCCCN(C)C(=O)COCC(=O)N(C)CCCCCCCC|water,f0f0675f65cf,6dae4c73926f,572,179,-0.0930132464897877,1,-0.19956216485950967,-0.20079094614631438,-0.20079094614631438,-0.06923525826349337,-0.1669804382105056,-0.10778396328290303,-0.15218131947860494
00ab14b0c4145d662a4c,9f0a46dfb69ceec31971,CCCCCCCCN(C)C(=O)COCC(=O)N(C)CCCCCCCC,cfb81e271e80f6a290e0,Er-Tm,Er,Tm,Er_SAFE:10096,Pa_SAFE:10097,68|CCCCCCCCN(C)C(=O)COCC(=O)N(C)CCCCCCCC|water,69|CCCCCCCCN(C)C(=O)COCC(=O)N(C)CCCCCCCC|water,6dae4c73926f,07bca11114cd,179,1040,-0.011539187135893414,1,-0.050473551135223546,-0.05357301352850548,-0.05357301352850548,-0.03060425873044778,-0.04550622803402961,-0.011475860451658567,-0.03699863613843685
5786fdafdcc56766e571,9f0a46dfb69ceec31971,CCCCCCCCN(C)C(=O)COCC(=O)N(C)CCCCCCCC,cfb81e271e80f6a290e0,Tm-Yb,Tm,Yb,Pa_SAFE:10097,Pa_SAFE:10098,69|CCCCCCCCN(C)C(=O)COCC(=O)N(C)CCCCCCCC|water,70|CCCCCCCCN(C)C(=O)COCC(=O)N(C)CCCCCCCC|water,07bca11114cd,189fe1ed8c01,1040,1100,-0.06412449263927433,1,-0.03189681970273687,-0.03333518336906774,-0.03333518336906774,-0.05676107152319691,-0.03811288265785188,0.01691429813702901,-0.024356087459131655
1fbda378d8e16db716d1,9f0a46dfb69ceec31971,CCCCCCCCN(C)C(=O)COCC(=O)N(C)CCCCCCCC,cfb81e271e80f6a290e0,Yb-Lu,Yb,Lu,Pa_SAFE:10098,Lu_SAFE:10099,70|CCCCCCCCN(C)C(=O)COCC(=O)N(C)CCCCCCCC|water,71|CCCCCCCCN(C)C(=O)COCC(=O)N(C)CCCCCCCC|water,189fe1ed8c01,0607644a06f5,1100,665,-0.2461867164375673,1,-0.17167133136966628,-0.17669244383598248,-0.17669244383598248,-0.07997746959863503,-0.14874786592690847,-0.08204010874032974,-0.1320709266302638
d37d6fad7f2ddd5c8433,f93a51611a41fe5d8fa2,CCCCC(CC)CN(C)C(=O)COCC(=O)N(C)CC(CC)CCCC,740cd1aa7ef78d88a845,La-Ce,La,Ce,La_SAFE:10100,Ce_SAFE:10101,57|CCCCC(CC)CN(C)C(=O)COCC(=O)N(C)CC(CC)CCCC|water,58|CCCCC(CC)CN(C)C(=O)COCC(=O)N(C)CC(CC)CCCC|water,b534edeea3a3,d3fa6c984bee,633,59,-0.6911041712781423,4,-0.27042826644170465,-0.2770742470712579,-0.27042826644170465,-0.24214352599906083,-0.2492147111097218,-0.22514807681242624,-0.2492147111097218
d9de7533026e4fd3a9f5,f93a51611a41fe5d8fa2,CCCCC(CC)CN(C)C(=O)COCC(=O)N(C)CC(CC)CCCC,740cd1aa7ef78d88a845,Ce-Pr,Ce,Pr,Ce_SAFE:10101,Pa_SAFE:10102,58|CCCCC(CC)CN(C)C(=O)COCC(=O)N(C)CC(CC)CCCC|water,59|CCCCC(CC)CN(C)C(=O)COCC(=O)N(C)CC(CC)CCCC|water,d3fa6c984bee,98efa26929c7,59,853,-0.08331920658625813,4,-0.15076589664532544,-0.166657787103209,-0.15076589664532544,-0.16282426342056133,-0.15980967172675237,-0.37895265221595764,-0.15980967172675237
40570336a8fed5c8e901,f93a51611a41fe5d8fa2,CCCCC(CC)CN(C)C(=O)COCC(=O)N(C)CC(CC)CCCC,740cd1aa7ef78d88a845,Pr-Nd,Pr,Nd,Pa_SAFE:10102,Nd_SAFE:10103,59|CCCCC(CC)CN(C)C(=O)COCC(=O)N(C)CC(CC)CCCC|water,60|CCCCC(CC)CN(C)C(=O)COCC(=O)N(C)CC(CC)CCCC|water,98efa26929c7,8ecfa50da786,853,768,-0.399807944807157,4,-0.19628294597941986,-0.19761239006449044,-0.19628294597941986,-0.16732987287048565,-0.1745681411477192,-0.1726075361172358,-0.1745681411477192
02831707ba03b080d39f,f93a51611a41fe5d8fa2,CCCCC(CC)CN(C)C(=O)COCC(=O)N(C)CC(CC)CCCC,740cd1aa7ef78d88a845,Sm-Eu,Sm,Eu,Pa_SAFE:10104,Eu_SAFE:10105,62|CCCCC(CC)CN(C)C(=O)COCC(=O)N(C)CC(CC)CCCC|water,63|CCCCC(CC)CN(C)C(=O)COCC(=O)N(C)CC(CC)CCCC|water,73eeb14fc6d0,3d04c2c215bc,927,275,-0.07224009484601046,4,-0.1477694565779841,-0.14876362031571327,-0.1477694565779841,-0.14140690346927143,-0.1429975417464496,-0.19764931499958038,-0.1429975417464496
f7b827f95d3763226e2e,f93a51611a41fe5d8fa2,CCCCC(CC)CN(C)C(=O)COCC(=O)N(C)CC(CC)CCCC,740cd1aa7ef78d88a845,Eu-Gd,Eu,Gd,Eu_SAFE:10105,Gd_SAFE:10106,63|CCCCC(CC)CN(C)C(=O)COCC(=O)N(C)CC(CC)CCCC|water,64|CCCCC(CC)CN(C)C(=O)COCC(=O)N(C)CC(CC)CCCC|water,3d04c2c215bc,a90ff76c666b,275,485,-0.09602775779229766,4,-0.0904584765822371,-0.0907952514881849,-0.0904584765822371,-0.06454831519185403,-0.07102585553944979,-0.09721350918213527,-0.07102585553944979
24a7fe27be768feebd46,f93a51611a41fe5d8fa2,CCCCC(CC)CN(C)C(=O)COCC(=O)N(C)CC(CC)CCCC,740cd1aa7ef78d88a845,Gd-Tb,Gd,Tb,Gd_SAFE:10106,Pa_SAFE:10107,64|CCCCC(CC)CN(C)C(=O)COCC(=O)N(C)CC(CC)CCCC|water,65|CCCCC(CC)CN(C)C(=O)COCC(=O)N(C)CC(CC)CCCC|water,a90ff76c666b,f0d417e127de,485,1034,-0.10184197218377378,4,-0.15003788701865545,-0.15690339487544014,-0.15003788701865545,-0.16814401468555495,-0.1636174827688301,-0.31513681014378864,-0.1636174827688301
bc12b8cd74e76749b217,f93a51611a41fe5d8fa2,CCCCC(CC)CN(C)C(=O)COCC(=O)N(C)CC(CC)CCCC,740cd1aa7ef78d88a845,Tb-Dy,Tb,Dy,Pa_SAFE:10107,Dy_SAFE:10108,65|CCCCC(CC)CN(C)C(=O)COCC(=O)N(C)CC(CC)CCCC|water,66|CCCCC(CC)CN(C)C(=O)COCC(=O)N(C)CC(CC)CCCC|water,f0d417e127de,637dd5830a7e,1034,96,0.0640293806133938,4,0.005291760908175791,0.004616656882885991,0.005291760908175791,-0.04554575438041495,-0.03283637555826727,-0.0050737156222263975,-0.03283637555826727
2573954dcbadc27a7b99,f93a51611a41fe5d8fa2,CCCCC(CC)CN(C)C(=O)COCC(=O)N(C)CC(CC)CCCC,740cd1aa7ef78d88a845,Dy-Ho,Dy,Ho,Dy_SAFE:10108,Ho_SAFE:10109,66|CCCCC(CC)CN(C)C(=O)COCC(=O)N(C)CC(CC)CCCC|water,67|CCCCC(CC)CN(C)C(=O)COCC(=O)N(C)CC(CC)CCCC|water,637dd5830a7e,9484194a0100,96,547,0.027975860782102346,4,-0.012310962150537924,-0.007266037864094747,-0.012310962150537924,-0.04680536926226389,-0.0381817674843324,0.08088556195919712,-0.0381817674843324
6cf94b05e23490707b15,f93a51611a41fe5d8fa2,CCCCC(CC)CN(C)C(=O)COCC(=O)N(C)CC(CC)CCCC,740cd1aa7ef78d88a845,Ho-Er,Ho,Er,Ho_SAFE:10109,Er_SAFE:10110,67|CCCCC(CC)CN(C)C(=O)COCC(=O)N(C)CC(CC)CCCC|water,68|CCCCC(CC)CN(C)C(=O)COCC(=O)N(C)CC(CC)CCCC|water,9484194a0100,47aaf10896e4,547,170,-0.10420643256168516,4,-0.06808242517819679,-0.07360846214098242,-0.06808242517819679,-0.055720307891365055,-0.05881083721307299,-0.2412858953078588,-0.05881083721307299
f81bb38850f6aad2319f,f93a51611a41fe5d8fa2,CCCCC(CC)CN(C)C(=O)COCC(=O)N(C)CC(CC)CCCC,740cd1aa7ef78d88a845,Er-Tm,Er,Tm,Er_SAFE:10110,Pa_SAFE:10111,68|CCCCC(CC)CN(C)C(=O)COCC(=O)N(C)CC(CC)CCCC|water,69|CCCCC(CC)CN(C)C(=O)COCC(=O)N(C)CC(CC)CCCC|water,47aaf10896e4,e4306ad84f62,170,1084,-0.035541889634882695,4,-0.024002951983018755,-0.022332986457827157,-0.024002951983018755,-0.04356311710340856,-0.03867307582331111,-0.05143829031536976,-0.03867307582331111
c2bf6fe072c8e6f6e629,f93a51611a41fe5d8fa2,CCCCC(CC)CN(C)C(=O)COCC(=O)N(C)CC(CC)CCCC,740cd1aa7ef78d88a845,Tm-Yb,Tm,Yb,Pa_SAFE:10111,Pa_SAFE:10112,69|CCCCC(CC)CN(C)C(=O)COCC(=O)N(C)CC(CC)CCCC|water,70|CCCCC(CC)CN(C)C(=O)COCC(=O)N(C)CC(CC)CCCC|water,e4306ad84f62,42c5015cc7f3,1084,1115,0.03731973827612545,4,-0.019562752306651415,-0.01682139864705892,-0.019562752306651415,-0.03421896792841386,-0.03055491402297325,-0.07948974085350831,-0.03055491402297325
2a746ad18b51104adb78,f93a51611a41fe5d8fa2,CCCCC(CC)CN(C)C(=O)COCC(=O)N(C)CC(CC)CCCC,740cd1aa7ef78d88a845,Yb-Lu,Yb,Lu,Pa_SAFE:10112,Lu_SAFE:10113,70|CCCCC(CC)CN(C)C(=O)COCC(=O)N(C)CC(CC)CCCC|water,71|CCCCC(CC)CN(C)C(=O)COCC(=O)N(C)CC(CC)CCCC|water,42c5015cc7f3,0d0c6ba59d24,1115,668,-0.05464574937009625,4,-0.09060973602164824,-0.0922590153511268,-0.09060973602164824,-0.05482031298074868,-0.06376766874097356,-0.26067571838696796,-0.06376766874097356
502d93fa931876277f4f,c640d2ab52c79d3e0154,CCCCCCC(CCCC)CCCN(C)C(=O)COCC(=O)N(C)CCCC(CCCC)CCCCCC,938ee0008b154cfc7faf,La-Ce,La,Ce,La_SAFE:10114,Ce_SAFE:10115,57|CCCCCCC(CCCC)CCCN(C)C(=O)COCC(=O)N(C)CCCC(CCCC)CCCCCC|water,58|CCCCCCC(CCCC)CCCN(C)C(=O)COCC(=O)N(C)CCCC(CCCC)CCCCCC|water,99cfb384512e,816fdab6b6d4,623,35,-0.19629464514396822,4,-0.36302579540788704,-0.35088366282019545,-0.36302579540788704,-0.31145184812861065,-0.32434533494842976,-0.25171347459157306,-0.32434533494842976
d3e12d5d11bf0a0ed6a8,c640d2ab52c79d3e0154,CCCCCCC(CCCC)CCCN(C)C(=O)COCC(=O)N(C)CCCC(CCCC)CCCCCC,938ee0008b154cfc7faf,Ce-Pr,Ce,Pr,Ce_SAFE:10115,Pa_SAFE:10116,58|CCCCCCC(CCCC)CCCN(C)C(=O)COCC(=O)N(C)CCCC(CCCC)CCCCCC|water,59|CCCCCCC(CCCC)CCCN(C)C(=O)COCC(=O)N(C)CCCC(CCCC)CCCCCC|water,816fdab6b6d4,57d63caa8449,35,834,-0.44290715418856075,4,-0.09148939979329299,-0.10276211881027118,-0.09148939979329299,-0.17031127586499928,-0.1506058068470727,-0.3387940128644307,-0.1506058068470727
c3a0befaec98bc30a0e8,c640d2ab52c79d3e0154,CCCCCCC(CCCC)CCCN(C)C(=O)COCC(=O)N(C)CCCC(CCCC)CCCCCC,938ee0008b154cfc7faf,Pr-Nd,Pr,Nd,Pa_SAFE:10116,Nd_SAFE:10117,59|CCCCCCC(CCCC)CCCN(C)C(=O)COCC(=O)N(C)CCCC(CCCC)CCCCCC|water,60|CCCCCCC(CCCC)CCCN(C)C(=O)COCC(=O)N(C)CCCC(CCCC)CCCCCC|water,57d63caa8449,3095c50fd4a6,834,734,0.007178584627123424,4,-0.2449274975452472,-0.256893571259305,-0.2449274975452472,-0.23753577703595236,-0.23938370716327606,-0.30794953803221387,-0.23938370716327606
ffaf6ee14db527a234d2,c640d2ab52c79d3e0154,CCCCCCC(CCCC)CCCN(C)C(=O)COCC(=O)N(C)CCCC(CCCC)CCCCCC,938ee0008b154cfc7faf,Sm-Eu,Sm,Eu,Pa_SAFE:10118,Eu_SAFE:10119,62|CCCCCCC(CCCC)CCCN(C)C(=O)COCC(=O)N(C)CCCC(CCCC)CCCCCC|water,63|CCCCCCC(CCCC)CCCN(C)C(=O)COCC(=O)N(C)CCCC(CCCC)CCCCCC|water,b33c3ceeb432,611528cad430,941,305,-0.34523365815603463,4,-0.23731182359930775,-0.24471943824723713,-0.23731182359930775,-0.1949144115759565,-0.2055137645817943,-0.26327673594156903,-0.2055137645817943
ddb4be6d3f0a72ecba24,c640d2ab52c79d3e0154,CCCCCCC(CCCC)CCCN(C)C(=O)COCC(=O)N(C)CCCC(CCCC)CCCCCC,938ee0008b154cfc7faf,Eu-Gd,Eu,Gd,Eu_SAFE:10119,Gd_SAFE:10120,63|CCCCCCC(CCCC)CCCN(C)C(=O)COCC(=O)N(C)CCCC(CCCC)CCCCCC|water,64|CCCCCCC(CCCC)CCCN(C)C(=O)COCC(=O)N(C)CCCC(CCCC)CCCCCC|water,611528cad430,d54d08ed7fd7,305,499,-0.12142216288546281,4,-0.12846016261939242,-0.13612003051349897,-0.12846016261939242,-0.14209466203994842,-0.13868603718480943,-0.12887964149316153,-0.13868603718480943
ca85b18ec892b3528220,c640d2ab52c79d3e0154,CCCCCCC(CCCC)CCCN(C)C(=O)COCC(=O)N(C)CCCC(CCCC)CCCCCC,938ee0008b154cfc7faf,Gd-Tb,Gd,Tb,Gd_SAFE:10120,Pa_SAFE:10121,64|CCCCCCC(CCCC)CCCN(C)C(=O)COCC(=O)N(C)CCCC(CCCC)CCCCCC|water,65|CCCCCCC(CCCC)CCCN(C)C(=O)COCC(=O)N(C)CCCC(CCCC)CCCCCC|water,d54d08ed7fd7,7a5e099e75cf,499,1000,-0.2816488107397096,4,-0.2657854626616778,-0.26377787576620715,-0.2657854626616778,-0.2891851283988874,-0.283335211964585,-0.3834574222564697,-0.283335211964585
c3a0daee6d95c5d7e52f,c640d2ab52c79d3e0154,CCCCCCC(CCCC)CCCN(C)C(=O)COCC(=O)N(C)CCCC(CCCC)CCCCCC,938ee0008b154cfc7faf,Tb-Dy,Tb,Dy,Pa_SAFE:10121,Dy_SAFE:10122,65|CCCCCCC(CCCC)CCCN(C)C(=O)COCC(=O)N(C)CCCC(CCCC)CCCCCC|water,66|CCCCCCC(CCCC)CCCN(C)C(=O)COCC(=O)N(C)CCCC(CCCC)CCCCCC|water,7a5e099e75cf,1373457e030d,1000,77,-0.152124103298787,4,-0.08789274712841262,-0.09779056843236322,-0.08789274712841262,-0.0741988358529792,-0.07762231367183756,-0.05543021857738495,-0.07762231367183756
fba6f0f5e06d3b616926,c640d2ab52c79d3e0154,CCCCCCC(CCCC)CCCN(C)C(=O)COCC(=O)N(C)CCCC(CCCC)CCCCCC,938ee0008b154cfc7faf,Dy-Ho,Dy,Ho,Dy_SAFE:10122,Ho_SAFE:10123,66|CCCCCCC(CCCC)CCCN(C)C(=O)COCC(=O)N(C)CCCC(CCCC)CCCCCC|water,67|CCCCCCC(CCCC)CCCN(C)C(=O)COCC(=O)N(C)CCCC(CCCC)CCCCCC|water,1373457e030d,54fb82f0d444,77,535,0.04953847154612956,4,-0.10617040729967567,-0.11469467203873834,-0.10617040729967567,-0.09133617352027965,-0.09504473196512865,-0.02677451508740584,-0.09504473196512865
b08bbb07547e04f01d6f,c640d2ab52c79d3e0154,CCCCCCC(CCCC)CCCN(C)C(=O)COCC(=O)N(C)CCCC(CCCC)CCCCCC,938ee0008b154cfc7faf,Ho-Er,Ho,Er,Ho_SAFE:10123,Er_SAFE:10124,67|CCCCCCC(CCCC)CCCN(C)C(=O)COCC(=O)N(C)CCCC(CCCC)CCCCCC|water,68|CCCCCCC(CCCC)CCCN(C)C(=O)COCC(=O)N(C)CCCC(CCCC)CCCCCC|water,54fb82f0d444,536594e3fe2c,535,171,-0.2993004255488809,4,-0.11287419471943431,-0.10115002725769667,-0.11287419471943431,-0.06659121913328399,-0.07816196302982156,-0.102699709435304,-0.07816196302982156
03a1f759e25035aee3a6,c640d2ab52c79d3e0154,CCCCCCC(CCCC)CCCN(C)C(=O)COCC(=O)N(C)CCCC(CCCC)CCCCCC,938ee0008b154cfc7faf,Er-Tm,Er,Tm,Er_SAFE:10124,Pa_SAFE:10125,68|CCCCCCC(CCCC)CCCN(C)C(=O)COCC(=O)N(C)CCCC(CCCC)CCCCCC|water,69|CCCCCCC(CCCC)CCCN(C)C(=O)COCC(=O)N(C)CCCC(CCCC)CCCCCC|water,536594e3fe2c,482a321ba7fb,171,1055,-0.01610362459797887,4,-0.034543432163865524,-0.03114241464820326,-0.034543432163865524,-0.03706814628426519,-0.03643696775416527,-0.04990110546350479,-0.03643696775416527
dbc520801d0a59f5cb85,c640d2ab52c79d3e0154,CCCCCCC(CCCC)CCCN(C)C(=O)COCC(=O)N(C)CCCC(CCCC)CCCCCC,938ee0008b154cfc7faf,Tm-Yb,Tm,Yb,Pa_SAFE:10125,Pa_SAFE:10126,69|CCCCCCC(CCCC)CCCN(C)C(=O)COCC(=O)N(C)CCCC(CCCC)CCCCCC|water,70|CCCCCCC(CCCC)CCCN(C)C(=O)COCC(=O)N(C)CCCC(CCCC)CCCCCC|water,482a321ba7fb,801645556b15,1055,1124,-0.049901363013583167,4,-0.009709059976471372,-0.003941834355664018,-0.009709059976471372,-0.016294723403662215,-0.014648307546864504,0.04977294554313024,-0.014648307546864504
9fdd1ebca1e8e785f127,c640d2ab52c79d3e0154,CCCCCCC(CCCC)CCCN(C)C(=O)COCC(=O)N(C)CCCC(CCCC)CCCCCC,938ee0008b154cfc7faf,Yb-Lu,Yb,Lu,Pa_SAFE:10126,Lu_SAFE:10127,70|CCCCCCC(CCCC)CCCN(C)C(=O)COCC(=O)N(C)CCCC(CCCC)CCCCCC|water,71|CCCCCCC(CCCC)CCCN(C)C(=O)COCC(=O)N(C)CCCC(CCCC)CCCCCC|water,801645556b15,a543645bb9e1,1124,705,-0.07467540349748503,4,-0.08415361986855155,-0.08181819873540991,-0.08415361986855155,-0.08745167180295665,-0.08662715881935537,-0.09844331691662471,-0.08662715881935537
52e72c6b566960fa56a9,a84cdb98a91b796e9186,CCCCCCCCN(CC)C(=O)COCC(=O)N(CC)CCCCCCCC,d0c8d41e2f31a2ffd4ba,La-Ce,La,Ce,La_SAFE:10142,Ce_SAFE:10143,57|CCCCCCCCN(CC)C(=O)COCC(=O)N(CC)CCCCCCCC|water,58|CCCCCCCCN(CC)C(=O)COCC(=O)N(CC)CCCCCCCC|water,de8330552bc9,b9647f2772c3,649,52,-0.3541610840934504,2,-0.4153821822271213,-0.4140985654339367,-0.4153821822271213,-0.3650896964993585,-0.4153821822271213,-0.47467881441116333,-0.4153821822271213
70c4de66f68ec52bf0de,a84cdb98a91b796e9186,CCCCCCCCN(CC)C(=O)COCC(=O)N(CC)CCCCCCCC,d0c8d41e2f31a2ffd4ba,Ce-Pr,Ce,Pr,Ce_SAFE:10143,Pa_SAFE:10144,58|CCCCCCCCN(CC)C(=O)COCC(=O)N(CC)CCCCCCCC|water,59|CCCCCCCCN(CC)C(=O)COCC(=O)N(CC)CCCCCCCC|water,b9647f2772c3,c055709f2b44,52,867,-0.4718249149097139,2,-0.3417005105331341,-0.3489884783426775,-0.3417005105331341,-0.27039268568427666,-0.3417005105331341,-0.1884332907696565,-0.3417005105331341
357e5b58201cbb2412a3,a84cdb98a91b796e9186,CCCCCCCCN(CC)C(=O)COCC(=O)N(CC)CCCCCCCC,d0c8d41e2f31a2ffd4ba,Pr-Nd,Pr,Nd,Pa_SAFE:10144,Nd_SAFE:10145,59|CCCCCCCCN(CC)C(=O)COCC(=O)N(CC)CCCCCCCC|water,60|CCCCCCCCN(CC)C(=O)COCC(=O)N(CC)CCCCCCCC|water,c055709f2b44,ae99ecec7121,867,784,-0.3256314906693164,2,-0.3185250042720951,-0.3352031797126835,-0.3185250042720951,-0.36931761730804014,-0.3185250042720951,-0.262971098224322,-0.3185250042720951
501d43f0d69b50aef73b,a84cdb98a91b796e9186,CCCCCCCCN(CC)C(=O)COCC(=O)N(CC)CCCCCCCC,d0c8d41e2f31a2ffd4ba,Sm-Eu,Sm,Eu,Pa_SAFE:10146,Eu_SAFE:10147,62|CCCCCCCCN(CC)C(=O)COCC(=O)N(CC)CCCCCCCC|water,63|CCCCCCCCN(CC)C(=O)COCC(=O)N(CC)CCCCCCCC|water,bf99bcffb62a,c42c62569058,947,382,-0.29772200776407076,2,0.006406634315541192,0.0030379218958302566,0.006406634315541192,-0.0066295568973285144,0.006406634315541192,-0.061463771698375545,0.006406634315541192
ca98eed747ffabf00a3f,a84cdb98a91b796e9186,CCCCCCCCN(CC)C(=O)COCC(=O)N(CC)CCCCCCCC,d0c8d41e2f31a2ffd4ba,Eu-Gd,Eu,Gd,Eu_SAFE:10147,Gd_SAFE:10148,63|CCCCCCCCN(CC)C(=O)COCC(=O)N(CC)CCCCCCCC|water,64|CCCCCCCCN(CC)C(=O)COCC(=O)N(CC)CCCCCCCC|water,c42c62569058,4b48ab5095c7,382,459,-0.1594072683980836,2,-0.107308819917417,-0.1014481809891721,-0.107308819917417,-0.047449391230162716,-0.107308819917417,-0.16166978081067404,-0.107308819917417
569a2d04a4d8d9729990,a84cdb98a91b796e9186,CCCCCCCCN(CC)C(=O)COCC(=O)N(CC)CCCCCCCC,d0c8d41e2f31a2ffd4ba,Gd-Tb,Gd,Tb,Gd_SAFE:10148,Pa_SAFE:10149,64|CCCCCCCCN(CC)C(=O)COCC(=O)N(CC)CCCCCCCC|water,65|CCCCCCCCN(CC)C(=O)COCC(=O)N(CC)CCCCCCCC|water,4b48ab5095c7,ca392dc7b2d2,459,1019,-0.3856387013783311,2,-0.30781651747031535,-0.3023403298365532,-0.30781651747031535,-0.32375267749173225,-0.30781651747031535,-0.19881082574526468,-0.30781651747031535
e594fed7f9203a31e558,a84cdb98a91b796e9186,CCCCCCCCN(CC)C(=O)COCC(=O)N(CC)CCCCCCCC,d0c8d41e2f31a2ffd4ba,Tb-Dy,Tb,Dy,Pa_SAFE:10149,Dy_SAFE:10150,65|CCCCCCCCN(CC)C(=O)COCC(=O)N(CC)CCCCCCCC|water,66|CCCCCCCCN(CC)C(=O)COCC(=O)N(CC)CCCCCCCC|water,ca392dc7b2d2,1f9fe069510d,1019,79,0.29739973917283447,2,0.1040401447193478,0.09137986018976857,0.1040401447193478,0.014716147739346461,0.1040401447193478,0.026497244834899902,0.1040401447193478
4e9301e443dec6c896d2,a84cdb98a91b796e9186,CCCCCCCCN(CC)C(=O)COCC(=O)N(CC)CCCCCCCC,d0c8d41e2f31a2ffd4ba,Dy-Ho,Dy,Ho,Dy_SAFE:10150,Ho_SAFE:10151,66|CCCCCCCCN(CC)C(=O)COCC(=O)N(CC)CCCCCCCC|water,67|CCCCCCCCN(CC)C(=O)COCC(=O)N(CC)CCCCCCCC|water,1f9fe069510d,c478b38321b6,79,560,0.0649176130169149,2,0.08606446848348903,0.06859570466591136,0.08606446848348903,-0.011596382392462901,0.08606446848348903,-0.0525036733597517,0.08606446848348903
2e304b2974b6d7546b73,a84cdb98a91b796e9186,CCCCCCCCN(CC)C(=O)COCC(=O)N(CC)CCCCCCCC,d0c8d41e2f31a2ffd4ba,Ho-Er,Ho,Er,Ho_SAFE:10151,Er_SAFE:10152,67|CCCCCCCCN(CC)C(=O)COCC(=O)N(CC)CCCCCCCC|water,68|CCCCCCCCN(CC)C(=O)COCC(=O)N(CC)CCCCCCCC|water,c478b38321b6,06422e6981c2,560,152,-0.13145333353789512,2,-0.17752874202217428,-0.1902147260838868,-0.17752874202217428,-0.06997838175877139,-0.17752874202217428,-0.1627046267191569,-0.17752874202217428
2b36e0b777ee2a7244a4,a84cdb98a91b796e9186,CCCCCCCCN(CC)C(=O)COCC(=O)N(CC)CCCCCCCC,d0c8d41e2f31a2ffd4ba,Er-Tm,Er,Tm,Er_SAFE:10152,Pa_SAFE:10153,68|CCCCCCCCN(CC)C(=O)COCC(=O)N(CC)CCCCCCCC|water,69|CCCCCCCCN(CC)C(=O)COCC(=O)N(CC)CCCCCCCC|water,06422e6981c2,537758e4db4c,152,1058,-0.10065007094787282,2,-0.0402243125095955,-0.041179351364957734,-0.0402243125095955,-0.043163808404940274,-0.0402243125095955,-0.005241082205126683,-0.0402243125095955
baf365637025d12f2d4f,a84cdb98a91b796e9186,CCCCCCCCN(CC)C(=O)COCC(=O)N(CC)CCCCCCCC,d0c8d41e2f31a2ffd4ba,Tm-Yb,Tm,Yb,Pa_SAFE:10153,Pa_SAFE:10154,69|CCCCCCCCN(CC)C(=O)COCC(=O)N(CC)CCCCCCCC|water,70|CCCCCCCCN(CC)C(=O)COCC(=O)N(CC)CCCCCCCC|water,537758e4db4c,cbc66e092e99,1058,1145,-0.010871686403313596,2,-0.04529390979222281,-0.04542005108973786,-0.04529390979222281,-0.03494591869356773,-0.04529390979222281,-0.015238597989082336,-0.04529390979222281
dea47258f1122967a87a,a84cdb98a91b796e9186,CCCCCCCCN(CC)C(=O)COCC(=O)N(CC)CCCCCCCC,d0c8d41e2f31a2ffd4ba,Yb-Lu,Yb,Lu,Pa_SAFE:10154,Lu_SAFE:10155,70|CCCCCCCCN(CC)C(=O)COCC(=O)N(CC)CCCCCCCC|water,71|CCCCCCCCN(CC)C(=O)COCC(=O)N(CC)CCCCCCCC|water,cbc66e092e99,41cf198cd986,1145,681,-0.28201605669863694,2,-0.1927657675222097,-0.18758425163242773,-0.1927657675222097,-0.07857167498313854,-0.1927657675222097,-0.07261001877486706,-0.1927657675222097
21cb89fe044eec8ed990,5cc294dd6e30e00cddaa,CCCCCCCCN(CCC)C(=O)COCC(=O)N(CCC)CCCCCCCC,a8bcadca777d3106635e,La-Ce,La,Ce,La_SAFE:10156,Ce_SAFE:10157,57|CCCCCCCCN(CCC)C(=O)COCC(=O)N(CCC)CCCCCCCC|water,58|CCCCCCCCN(CCC)C(=O)COCC(=O)N(CCC)CCCCCCCC|water,b5bbb324b00d,ac8fe0d053b4,634,47,-0.4080403355763634,3,-0.40242237604232767,-0.412705934642303,-0.40242237604232767,-0.38905586931342895,-0.39239749599565366,-0.3829944332440694,-0.39239749599565366
5729347bb9cb659bc964,5cc294dd6e30e00cddaa,CCCCCCCCN(CCC)C(=O)COCC(=O)N(CCC)CCCCCCCC,a8bcadca777d3106635e,Ce-Pr,Ce,Pr,Ce_SAFE:10157,Pa_SAFE:10158,58|CCCCCCCCN(CCC)C(=O)COCC(=O)N(CCC)CCCCCCCC|water,59|CCCCCCCCN(CCC)C(=O)COCC(=O)N(CCC)CCCCCCCC|water,ac8fe0d053b4,8cca367a290e,47,851,-0.5137990874284191,3,-0.2823075373004427,-0.25934053699377274,-0.2823075373004427,-0.28190513186900157,-0.28200573322686184,-0.43593351046244305,-0.28200573322686184
103df491cd8f48f52f74,5cc294dd6e30e00cddaa,CCCCCCCCN(CCC)C(=O)COCC(=O)N(CCC)CCCCCCCC,a8bcadca777d3106635e,Pr-Nd,Pr,Nd,Pa_SAFE:10158,Nd_SAFE:10159,59|CCCCCCCCN(CCC)C(=O)COCC(=O)N(CCC)CCCCCCCC|water,60|CCCCCCCCN(CCC)C(=O)COCC(=O)N(CCC)CCCCCCCC|water,8cca367a290e,5432c76725a1,851,747,-0.31457927597105306,3,-0.2512655167185611,-0.2521272305311964,-0.2512655167185611,-0.2828385088171861,-0.27494526079252984,-0.17015369733174643,-0.27494526079252984
6fa0a117ce8ed867e615,5cc294dd6e30e00cddaa,CCCCCCCCN(CCC)C(=O)COCC(=O)N(CCC)CCCCCCCC,a8bcadca777d3106635e,Sm-Eu,Sm,Eu,Pa_SAFE:10160,Eu_SAFE:10161,62|CCCCCCCCN(CCC)C(=O)COCC(=O)N(CCC)CCCCCCCC|water,63|CCCCCCCCN(CCC)C(=O)COCC(=O)N(CCC)CCCCCCCC|water,e9ea13a0e508,288717351ab4,962,258,-0.31758762666306173,3,0.028774318482859402,0.01709328295462538,0.028774318482859402,-0.0077447721820491965,0.0013850004841779555,0.14786688486735025,0.0013850004841779555
81004d1f09b9da8f0d4d,5cc294dd6e30e00cddaa,CCCCCCCCN(CCC)C(=O)COCC(=O)N(CCC)CCCCCCCC,a8bcadca777d3106635e,Eu-Gd,Eu,Gd,Eu_SAFE:10161,Gd_SAFE:10162,63|CCCCCCCCN(CCC)C(=O)COCC(=O)N(CCC)CCCCCCCC|water,64|CCCCCCCCN(CCC)C(=O)COCC(=O)N(CCC)CCCCCCCC|water,288717351ab4,fb5eeebd7f29,258,506,-0.14116309942154737,3,-0.05558079310995818,-0.06794324713332317,-0.05558079310995818,-0.05161917037660303,-0.05260957605994182,-0.07537465915083885,-0.05260957605994182
24ce54b8efb8a9123e22,5cc294dd6e30e00cddaa,CCCCCCCCN(CCC)C(=O)COCC(=O)N(CCC)CCCCCCCC,a8bcadca777d3106635e,Gd-Tb,Gd,Tb,Gd_SAFE:10162,Pa_SAFE:10163,64|CCCCCCCCN(CCC)C(=O)COCC(=O)N(CCC)CCCCCCCC|water,65|CCCCCCCCN(CCC)C(=O)COCC(=O)N(CCC)CCCCCCCC|water,fb5eeebd7f29,ee37a7deb674,506,1033,-0.4576108466815203,3,-0.21030664269694802,-0.23546786101955364,-0.21030664269694802,-0.2719194678992296,-0.2565162615986592,-0.22768508394559225,-0.2565162615986592
9de61ffd6b1393a1590c,5cc294dd6e30e00cddaa,CCCCCCCCN(CCC)C(=O)COCC(=O)N(CCC)CCCCCCCC,a8bcadca777d3106635e,Tb-Dy,Tb,Dy,Pa_SAFE:10163,Dy_SAFE:10164,65|CCCCCCCCN(CCC)C(=O)COCC(=O)N(CCC)CCCCCCCC|water,66|CCCCCCCCN(CCC)C(=O)COCC(=O)N(CCC)CCCCCCCC|water,ee37a7deb674,75b6e521a71e,1033,107,0.2722884351963004,3,0.077222322570982,0.046373366475817725,0.077222322570982,-0.03762041117088717,-0.008909727735419884,0.07419602945446968,-0.008909727735419884
8b2f55b2fe03693cde77,5cc294dd6e30e00cddaa,CCCCCCCCN(CCC)C(=O)COCC(=O)N(CCC)CCCCCCCC,a8bcadca777d3106635e,Dy-Ho,Dy,Ho,Dy_SAFE:10164,Ho_SAFE:10165,66|CCCCCCCCN(CCC)C(=O)COCC(=O)N(CCC)CCCCCCCC|water,67|CCCCCCCCN(CCC)C(=O)COCC(=O)N(CCC)CCCCCCCC|water,75b6e521a71e,d428610ec05b,107,564,0.17711729339247517,3,-0.015282566049955475,-0.04058369426536889,-0.015282566049955475,-0.029624258236895122,-0.02603883519016021,-0.09081947430968285,-0.02603883519016021
5c072dce0bddaca02de8,5cc294dd6e30e00cddaa,CCCCCCCCN(CCC)C(=O)COCC(=O)N(CCC)CCCCCCCC,a8bcadca777d3106635e,Ho-Er,Ho,Er,Ho_SAFE:10165,Er_SAFE:10166,67|CCCCCCCCN(CCC)C(=O)COCC(=O)N(CCC)CCCCCCCC|water,68|CCCCCCCCN(CCC)C(=O)COCC(=O)N(CCC)CCCCCCCC|water,d428610ec05b,c38dd131bf1c,564,207,-0.2938639304330106,3,-0.007576055651595348,-0.024023516179319013,-0.007576055651595348,-0.030022783879971145,-0.024411101822877198,-0.0951113390425841,-0.024411101822877198
f30bd28bdea7b98103e5,5cc294dd6e30e00cddaa,CCCCCCCCN(CCC)C(=O)COCC(=O)N(CCC)CCCCCCCC,a8bcadca777d3106635e,Er-Tm,Er,Tm,Er_SAFE:10166,Pa_SAFE:10167,68|CCCCCCCCN(CCC)C(=O)COCC(=O)N(CCC)CCCCCCCC|water,69|CCCCCCCCN(CCC)C(=O)COCC(=O)N(CCC)CCCCCCCC|water,c38dd131bf1c,61e5ab619c27,207,1061,-0.05459602847476619,3,0.02469112174692961,0.008949233568562549,0.02469112174692961,-0.015175019430714243,-0.0052084841363032805,0.014089319854974747,-0.0052084841363032805
0861e447b973cb48b17e,5cc294dd6e30e00cddaa,CCCCCCCCN(CCC)C(=O)COCC(=O)N(CCC)CCCCCCCC,a8bcadca777d3106635e,Tm-Yb,Tm,Yb,Pa_SAFE:10167,Pa_SAFE:10168,69|CCCCCCCCN(CCC)C(=O)COCC(=O)N(CCC)CCCCCCCC|water,70|CCCCCCCCN(CCC)C(=O)COCC(=O)N(CCC)CCCCCCCC|water,61e5ab619c27,7599752bb1b0,1061,1121,-0.04181633354745262,3,0.008044595864159527,-0.014637123481729844,0.008044595864159527,-0.04422432130325306,-0.03115709201139991,-0.0005734732840210199,-0.03115709201139991
5196e0a1f1c17f9274f4,5cc294dd6e30e00cddaa,CCCCCCCCN(CCC)C(=O)COCC(=O)N(CCC)CCCCCCCC,a8bcadca777d3106635e,Yb-Lu,Yb,Lu,Pa_SAFE:10168,Lu_SAFE:10169,70|CCCCCCCCN(CCC)C(=O)COCC(=O)N(CCC)CCCCCCCC|water,71|CCCCCCCCN(CCC)C(=O)COCC(=O)N(CCC)CCCCCCCC|water,7599752bb1b0,fc7c12e9d044,1121,722,-0.23120105517614142,3,-0.12591553775920128,-0.13967532235544083,-0.12591553775920128,-0.019955805552679125,-0.04644573860430966,-0.10613528716688354,-0.04644573860430966
cc26e5ec28e968cced31,0301b095ef085abd1f99,CCCCCCCCN(CCCCCCCC)C(=O)COCC(=O)N(C)C,d8fbb36b1000a6bb07eb,La-Ce,La,Ce,La_SAFE:10170,Ce_SAFE:10171,57|CCCCCCCCN(CCCCCCCC)C(=O)COCC(=O)N(C)C|water,58|CCCCCCCCN(CCCCCCCC)C(=O)COCC(=O)N(C)C|water,a2811205e7ba,b57e3861f8d5,626,50,-0.39344441137523867,4,-0.3714090969663173,-0.3711917047203579,-0.3714090969663173,-0.3346329716954123,-0.3438270030131385,-0.35592812299728394,-0.3438270030131385
f9a5bb1afc49231491d1,0301b095ef085abd1f99,CCCCCCCCN(CCCCCCCC)C(=O)COCC(=O)N(C)C,d8fbb36b1000a6bb07eb,Ce-Pr,Ce,Pr,Ce_SAFE:10171,Pa_SAFE:10172,58|CCCCCCCCN(CCCCCCCC)C(=O)COCC(=O)N(C)C|water,59|CCCCCCCCN(CCCCCCCC)C(=O)COCC(=O)N(C)C|water,b57e3861f8d5,0fa08d2cc317,50,815,-0.38783408551386167,4,-0.4325258760550306,-0.44568844990732226,-0.4325258760550306,-0.36169617180040187,-0.3794035978640591,-0.3429214457670848,-0.3794035978640591
9c2c94b0be66824da1ad,0301b095ef085abd1f99,CCCCCCCCN(CCCCCCCC)C(=O)COCC(=O)N(C)C,d8fbb36b1000a6bb07eb,Pr-Nd,Pr,Nd,Pa_SAFE:10172,Nd_SAFE:10173,59|CCCCCCCCN(CCCCCCCC)C(=O)COCC(=O)N(C)C|water,60|CCCCCCCCN(CCCCCCCC)C(=O)COCC(=O)N(C)C|water,0fa08d2cc317,475b12bfbaae,815,743,-0.5001305922833101,4,-0.3197278496121948,-0.32563119206792823,-0.3197278496121948,-0.35140185650743255,-0.34348335478362313,-0.33003265659014386,-0.34348335478362313
ecdb57cf3ef382db765e,0301b095ef085abd1f99,CCCCCCCCN(CCCCCCCC)C(=O)COCC(=O)N(C)C,d8fbb36b1000a6bb07eb,Sm-Eu,Sm,Eu,Pa_SAFE:10174,Eu_SAFE:10175,62|CCCCCCCCN(CCCCCCCC)C(=O)COCC(=O)N(C)C|water,63|CCCCCCCCN(CCCCCCCC)C(=O)COCC(=O)N(C)C|water,885c79596cdc,11b5c5aa9ae3,930,236,0.5723550640188764,4,-0.31182920212765697,-0.3072525564685089,-0.31182920212765697,-0.2707096156690465,-0.2809895122836991,-0.3436746497948964,-0.2809895122836991
0d966cd98b6bbdc2f2ac,ced13471a2401ad4e6f7,CCCCCCCCN(C)C(=O)COCC(=O)N(CCCCCCCC)CCCCCCCC,70aa088338f6a02d22ea,La-Ce,La,Ce,La_SAFE:10177,Ce_SAFE:10178,57|CCCCCCCCN(C)C(=O)COCC(=O)N(CCCCCCCC)CCCCCCCC|water,58|CCCCCCCCN(C)C(=O)COCC(=O)N(CCCCCCCC)CCCCCCCC|water,b958fc57e336,3a24ab54d81a,636,19,-0.3136191229720017,3,-0.36299729672011516,-0.36155210465057597,-0.36299729672011516,-0.3755026685099086,-0.37237632556246025,-0.6223440766334534,-0.37237632556246025
1fac99ea73cf031e36d1,ced13471a2401ad4e6f7,CCCCCCCCN(C)C(=O)COCC(=O)N(CCCCCCCC)CCCCCCCC,70aa088338f6a02d22ea,Ce-Pr,Ce,Pr,Ce_SAFE:10178,Pa_SAFE:10179,58|CCCCCCCCN(C)C(=O)COCC(=O)N(CCCCCCCC)CCCCCCCC|water,59|CCCCCCCCN(C)C(=O)COCC(=O)N(CCCCCCCC)CCCCCCCC|water,3a24ab54d81a,0bb00f91f6ef,19,814,-0.458098017406232,3,-0.2635823769397717,-0.24798930033773658,-0.2635823769397717,-0.29660550340873304,-0.2883497217914927,-0.2662635048230489,-0.2883497217914927
4fab19fa1a30c31bc434,ced13471a2401ad4e6f7,CCCCCCCCN(C)C(=O)COCC(=O)N(CCCCCCCC)CCCCCCCC,70aa088338f6a02d22ea,Pr-Nd,Pr,Nd,Pa_SAFE:10179,Nd_SAFE:10180,59|CCCCCCCCN(C)C(=O)COCC(=O)N(CCCCCCCC)CCCCCCCC|water,60|CCCCCCCCN(C)C(=O)COCC(=O)N(CCCCCCCC)CCCCCCCC|water,0bb00f91f6ef,2840f6c3bac7,814,732,-0.2543111444851691,3,-0.25057380116334316,-0.26492255772800904,-0.25057380116334316,-0.3169974554718551,-0.3003915418947271,-0.4378744562466939,-0.3003915418947271
7336adbc1b38dd99deef,ced13471a2401ad4e6f7,CCCCCCCCN(C)C(=O)COCC(=O)N(CCCCCCCC)CCCCCCCC,70aa088338f6a02d22ea,Sm-Eu,Sm,Eu,Pa_SAFE:10181,Eu_SAFE:10182,62|CCCCCCCCN(C)C(=O)COCC(=O)N(CCCCCCCC)CCCCCCCC|water,63|CCCCCCCCN(C)C(=O)COCC(=O)N(CCCCCCCC)CCCCCCCC|water,c3c900cb0dfb,fcc8b7852054,950,427,-0.3399266303991306,3,0.18691579858463042,0.14916049488253297,0.18691579858463042,-0.003926912092057757,0.043783765577114275,-0.022206251819928486,0.043783765577114275
d533f3d13f4706881b86,ced13471a2401ad4e6f7,CCCCCCCCN(C)C(=O)COCC(=O)N(CCCCCCCC)CCCCCCCC,70aa088338f6a02d22ea,Eu-Gd,Eu,Gd,Eu_SAFE:10182,Gd_SAFE:10183,63|CCCCCCCCN(C)C(=O)COCC(=O)N(CCCCCCCC)CCCCCCCC|water,64|CCCCCCCCN(C)C(=O)COCC(=O)N(CCCCCCCC)CCCCCCCC|water,fcc8b7852054,61dddb6a20be,427,464,-0.1524863172329638,3,0.0049034952681071935,-0.01598783252140659,0.0049034952681071935,-0.06312277665566163,-0.046116208674719425,-0.12057413409153621,-0.046116208674719425
1105aec7e2b09ed2af8f,ced13471a2401ad4e6f7,CCCCCCCCN(C)C(=O)COCC(=O)N(CCCCCCCC)CCCCCCCC,70aa088338f6a02d22ea,Gd-Tb,Gd,Tb,Gd_SAFE:10183,Pa_SAFE:10184,64|CCCCCCCCN(C)C(=O)COCC(=O)N(CCCCCCCC)CCCCCCCC|water,65|CCCCCCCCN(C)C(=O)COCC(=O)N(CCCCCCCC)CCCCCCCC|water,61dddb6a20be,4841e34210ff,464,985,-0.39477858234287533,3,-0.1516521454821671,-0.15551446601797864,-0.1516521454821671,-0.2442013869924577,-0.22106407661488503,-0.1829309935371081,-0.22106407661488503
4dee01a788076e7686ae,ced13471a2401ad4e6f7,CCCCCCCCN(C)C(=O)COCC(=O)N(CCCCCCCC)CCCCCCCC,70aa088338f6a02d22ea,Tb-Dy,Tb,Dy,Pa_SAFE:10184,Dy_SAFE:10185,65|CCCCCCCCN(C)C(=O)COCC(=O)N(CCCCCCCC)CCCCCCCC|water,66|CCCCCCCCN(C)C(=O)COCC(=O)N(CCCCCCCC)CCCCCCCC|water,4841e34210ff,d2620984ee9f,985,134,0.12974698493649983,3,0.041652506714545956,0.016355762042111248,0.041652506714545956,-0.06349969621689845,-0.03721164548403735,-0.08496718873114635,-0.03721164548403735
ecf468a8ac9cc2a20e27,ced13471a2401ad4e6f7,CCCCCCCCN(C)C(=O)COCC(=O)N(CCCCCCCC)CCCCCCCC,70aa088338f6a02d22ea,Dy-Ho,Dy,Ho,Dy_SAFE:10185,Ho_SAFE:10186,66|CCCCCCCCN(C)C(=O)COCC(=O)N(CCCCCCCC)CCCCCCCC|water,67|CCCCCCCCN(C)C(=O)COCC(=O)N(CCCCCCCC)CCCCCCCC|water,d2620984ee9f,fc99c5951046,134,574,0.1765668208671367,3,-0.01596371292684367,-0.030046809686612934,-0.01596371292684367,-0.07230922230202641,-0.05822284495823073,-0.11474192142486572,-0.05822284495823073
354d4f2c2382d8fb009d,ced13471a2401ad4e6f7,CCCCCCCCN(C)C(=O)COCC(=O)N(CCCCCCCC)CCCCCCCC,70aa088338f6a02d22ea,Ho-Er,Ho,Er,Ho_SAFE:10186,Er_SAFE:10187,67|CCCCCCCCN(C)C(=O)COCC(=O)N(CCCCCCCC)CCCCCCCC|water,68|CCCCCCCCN(C)C(=O)COCC(=O)N(CCCCCCCC)CCCCCCCC|water,fc99c5951046,9e27ed7c1632,574,201,-0.33795629874019273,3,-0.04228612237802018,-0.05943488893200517,-0.04228612237802018,-0.020499786812852704,-0.025946370704144572,0.015004124492406845,-0.025946370704144572
6342c4f665177e5ccc47,ced13471a2401ad4e6f7,CCCCCCCCN(C)C(=O)COCC(=O)N(CCCCCCCC)CCCCCCCC,70aa088338f6a02d22ea,Er-Tm,Er,Tm,Er_SAFE:10187,Pa_SAFE:10188,68|CCCCCCCCN(C)C(=O)COCC(=O)N(CCCCCCCC)CCCCCCCC|water,69|CCCCCCCCN(C)C(=O)COCC(=O)N(CCCCCCCC)CCCCCCCC|water,9e27ed7c1632,02c5eecbaeff,201,1037,-0.04560148545058862,3,0.013209887197355132,0.0011859753201649832,0.013209887197355132,-0.02634240860231906,-0.01645433465240051,-0.045196843023101486,-0.01645433465240051
6105328be82ee41d0b8b,ced13471a2401ad4e6f7,CCCCCCCCN(C)C(=O)COCC(=O)N(CCCCCCCC)CCCCCCCC,70aa088338f6a02d22ea,Tm-Yb,Tm,Yb,Pa_SAFE:10188,Pa_SAFE:10189,69|CCCCCCCCN(C)C(=O)COCC(=O)N(CCCCCCCC)CCCCCCCC|water,70|CCCCCCCCN(C)C(=O)COCC(=O)N(CCCCCCCC)CCCCCCCC|water,02c5eecbaeff,d13c29df7ec2,1037,1149,-0.042078565707426296,3,-0.015961982565971842,-0.03515039858196957,-0.015961982565971842,-0.04394231250763859,-0.0369472300222219,-0.03348050204416116,-0.0369472300222219
9859e2fc01175be55f72,ced13471a2401ad4e6f7,CCCCCCCCN(C)C(=O)COCC(=O)N(CCCCCCCC)CCCCCCCC,70aa088338f6a02d22ea,Yb-Lu,Yb,Lu,Pa_SAFE:10189,Lu_SAFE:10190,70|CCCCCCCCN(C)C(=O)COCC(=O)N(CCCCCCCC)CCCCCCCC|water,71|CCCCCCCCN(C)C(=O)COCC(=O)N(CCCCCCCC)CCCCCCCC|water,d13c29df7ec2,5c46ed6bc339,1149,688,-0.2093872828831409,3,-0.1303073839119647,-0.14684228054554424,-0.1303073839119647,-0.043806641236432325,-0.06543182690531542,-0.05409244820475578,-0.06543182690531542
0f358738428e8fd75e32,62cc26ca316d80366cd8,CCCCCCCCC(C)(C)SCC1CN(C(=O)COCC(=O)N2CC(C)C(CSC(C)(C)CCCCCCCC)C2)CC1C,df31a71e0741abc5c0d2,La-Ce,La,Ce,La_SAFE:10191,Ce_SAFE:10192,57|CCCCCCCCC(C)(C)SCC1CN(C(=O)COCC(=O)N2CC(C)C(CSC(C)(C)CCCCCCCC)C2)CC1C|water,58|CCCCCCCCC(C)(C)SCC1CN(C(=O)COCC(=O)N2CC(C)C(CSC(C)(C)CCCCCCCC)C2)CC1C|water,89b393ce8294,1ce299c12425,619,9,-0.2743493160283388,3,-0.38102718045912976,-0.3651905811324243,-0.38102718045912976,-0.28061028949084177,-0.3057145122329138,0.04000036449482044,-0.3057145122329138
5c52ae37563871c9301f,62cc26ca316d80366cd8,CCCCCCCCC(C)(C)SCC1CN(C(=O)COCC(=O)N2CC(C)C(CSC(C)(C)CCCCCCCC)C2)CC1C,df31a71e0741abc5c0d2,Ce-Pr,Ce,Pr,Ce_SAFE:10192,Nd_SAFE:10193,58|CCCCCCCCC(C)(C)SCC1CN(C(=O)COCC(=O)N2CC(C)C(CSC(C)(C)CCCCCCCC)C2)CC1C|water,59|CCCCCCCCC(C)(C)SCC1CN(C(=O)COCC(=O)N2CC(C)C(CSC(C)(C)CCCCCCCC)C2)CC1C|water,1ce299c12425,ce16ce22e076,9,872,-0.10754632785384144,3,-0.22530239331750262,-0.21860107236367599,-0.22530239331750262,-0.2216578564117037,-0.22256899063815344,0.036177316990991436,-0.22256899063815344
ac732a883118021d3774,62cc26ca316d80366cd8,CCCCCCCCC(C)(C)SCC1CN(C(=O)COCC(=O)N2CC(C)C(CSC(C)(C)CCCCCCCC)C2)CC1C,df31a71e0741abc5c0d2,Pr-Nd,Pr,Nd,Nd_SAFE:10193,Nd_SAFE:10194,59|CCCCCCCCC(C)(C)SCC1CN(C(=O)COCC(=O)N2CC(C)C(CSC(C)(C)CCCCCCCC)C2)CC1C|water,60|CCCCCCCCC(C)(C)SCC1CN(C(=O)COCC(=O)N2CC(C)C(CSC(C)(C)CCCCCCCC)C2)CC1C|water,ce16ce22e076,1de9b7816a1a,872,731,-0.07762183869210348,3,-0.05910136262370351,-0.052432286531619646,-0.05910136262370351,-0.1844799451298917,-0.15313529950334465,0.04486632843812307,-0.15313529950334465
cbb96e9da8017e7c1e4c,62cc26ca316d80366cd8,CCCCCCCCC(C)(C)SCC1CN(C(=O)COCC(=O)N2CC(C)C(CSC(C)(C)CCCCCCCC)C2)CC1C,df31a71e0741abc5c0d2,Sm-Eu,Sm,Eu,Nd_SAFE:10195,Eu_SAFE:10196,62|CCCCCCCCC(C)(C)SCC1CN(C(=O)COCC(=O)N2CC(C)C(CSC(C)(C)CCCCCCCC)C2)CC1C|water,63|CCCCCCCCC(C)(C)SCC1CN(C(=O)COCC(=O)N2CC(C)C(CSC(C)(C)CCCCCCCC)C2)CC1C|water,d01a3975411c,b2eb8a1e67a0,954,365,-0.22898426344250056,3,-0.15703144038895045,-0.16391003852908703,-0.15703144038895045,-0.1215076437555414,-0.13038859291389365,-0.015518784833451113,-0.13038859291389365
864db9f05a8cac607e9e,62cc26ca316d80366cd8,CCCCCCCCC(C)(C)SCC1CN(C(=O)COCC(=O)N2CC(C)C(CSC(C)(C)CCCCCCCC)C2)CC1C,df31a71e0741abc5c0d2,Eu-Gd,Eu,Gd,Eu_SAFE:10196,Gd_SAFE:10197,63|CCCCCCCCC(C)(C)SCC1CN(C(=O)COCC(=O)N2CC(C)C(CSC(C)(C)CCCCCCCC)C2)CC1C|water,64|CCCCCCCCC(C)(C)SCC1CN(C(=O)COCC(=O)N2CC(C)C(CSC(C)(C)CCCCCCCC)C2)CC1C|water,b2eb8a1e67a0,33fae4967c19,365,452,-0.07566822804985551,3,-0.07225810953491524,-0.08037789355738643,-0.07225810953491524,-0.05740086233119761,-0.06111517413212701,0.024292859869698685,-0.06111517413212701
dff6ffe42ed6dd6cf9fa,62cc26ca316d80366cd8,CCCCCCCCC(C)(C)SCC1CN(C(=O)COCC(=O)N2CC(C)C(CSC(C)(C)CCCCCCCC)C2)CC1C,df31a71e0741abc5c0d2,Gd-Tb,Gd,Tb,Gd_SAFE:10197,Nd_SAFE:10198,64|CCCCCCCCC(C)(C)SCC1CN(C(=O)COCC(=O)N2CC(C)C(CSC(C)(C)CCCCCCCC)C2)CC1C|water,65|CCCCCCCCC(C)(C)SCC1CN(C(=O)COCC(=O)N2CC(C)C(CSC(C)(C)CCCCCCCC)C2)CC1C|water,33fae4967c19,160137181465,452,973,-0.20371897202549083,3,-0.19258636155331146,-0.21543329610688683,-0.19258636155331146,-0.1800419874173873,-0.18317808095136834,0.020623713731765747,-0.18317808095136834
cd19ad0b9e6203ffaed6,62cc26ca316d80366cd8,CCCCCCCCC(C)(C)SCC1CN(C(=O)COCC(=O)N2CC(C)C(CSC(C)(C)CCCCCCCC)C2)CC1C,df31a71e0741abc5c0d2,Tb-Dy,Tb,Dy,Nd_SAFE:10198,Dy_SAFE:10199,65|CCCCCCCCC(C)(C)SCC1CN(C(=O)COCC(=O)N2CC(C)C(CSC(C)(C)CCCCCCCC)C2)CC1C|water,66|CCCCCCCCC(C)(C)SCC1CN(C(=O)COCC(=O)N2CC(C)C(CSC(C)(C)CCCCCCCC)C2)CC1C|water,160137181465,c2e2fa5b2f13,973,132,-0.09135823571888246,3,-0.046206526734965836,-0.05406185815215088,-0.046206526734965836,-0.06263283646538977,-0.05852625903278379,0.0390571312357982,-0.05852625903278379
89df14f7222a08b13c9c,62cc26ca316d80366cd8,CCCCCCCCC(C)(C)SCC1CN(C(=O)COCC(=O)N2CC(C)C(CSC(C)(C)CCCCCCCC)C2)CC1C,df31a71e0741abc5c0d2,Dy-Ho,Dy,Ho,Dy_SAFE:10199,Ho_SAFE:10200,66|CCCCCCCCC(C)(C)SCC1CN(C(=O)COCC(=O)N2CC(C)C(CSC(C)(C)CCCCCCCC)C2)CC1C|water,67|CCCCCCCCC(C)(C)SCC1CN(C(=O)COCC(=O)N2CC(C)C(CSC(C)(C)CCCCCCCC)C2)CC1C|water,c2e2fa5b2f13,14ced76044ca,132,520,-0.050802462522839376,3,-0.05696736971304059,-0.06420742271249733,-0.05696736971304059,-0.06258165874022145,-0.061178086483426236,0.010306039126589894,-0.061178086483426236
a80ee94c11768e04703b,62cc26ca316d80366cd8,CCCCCCCCC(C)(C)SCC1CN(C(=O)COCC(=O)N2CC(C)C(CSC(C)(C)CCCCCCCC)C2)CC1C,df31a71e0741abc5c0d2,Ho-Er,Ho,Er,Ho_SAFE:10200,Er_SAFE:10201,67|CCCCCCCCC(C)(C)SCC1CN(C(=O)COCC(=O)N2CC(C)C(CSC(C)(C)CCCCCCCC)C2)CC1C|water,68|CCCCCCCCC(C)(C)SCC1CN(C(=O)COCC(=O)N2CC(C)C(CSC(C)(C)CCCCCCCC)C2)CC1C|water,14ced76044ca,90005743a06b,520,193,-0.08545440209543731,3,-0.05538759727332636,-0.05765694595741272,-0.05538759727332636,-0.02032561918240736,-0.029091113705137107,-0.0036866432055830956,-0.029091113705137107
6664e6f1e87ea4d02b3b,62cc26ca316d80366cd8,CCCCCCCCC(C)(C)SCC1CN(C(=O)COCC(=O)N2CC(C)C(CSC(C)(C)CCCCCCCC)C2)CC1C,df31a71e0741abc5c0d2,Er-Tm,Er,Tm,Er_SAFE:10201,Nd_SAFE:10202,68|CCCCCCCCC(C)(C)SCC1CN(C(=O)COCC(=O)N2CC(C)C(CSC(C)(C)CCCCCCCC)C2)CC1C|water,69|CCCCCCCCC(C)(C)SCC1CN(C(=O)COCC(=O)N2CC(C)C(CSC(C)(C)CCCCCCCC)C2)CC1C|water,90005743a06b,dbd33e562021,193,1081,-0.004871885169296597,3,-0.006387702828690344,-0.00566184136067282,-0.006387702828690344,-0.047170006982018245,-0.03697443094368627,-0.000533469021320343,-0.03697443094368627
ed1f92d1d8fe4e53e35d,62cc26ca316d80366cd8,CCCCCCCCC(C)(C)SCC1CN(C(=O)COCC(=O)N2CC(C)C(CSC(C)(C)CCCCCCCC)C2)CC1C,df31a71e0741abc5c0d2,Tm-Yb,Tm,Yb,Nd_SAFE:10202,Nd_SAFE:10203,69|CCCCCCCCC(C)(C)SCC1CN(C(=O)COCC(=O)N2CC(C)C(CSC(C)(C)CCCCCCCC)C2)CC1C|water,70|CCCCCCCCC(C)(C)SCC1CN(C(=O)COCC(=O)N2CC(C)C(CSC(C)(C)CCCCCCCC)C2)CC1C|water,dbd33e562021,cdfa23f30bc7,1081,1148,-0.06334030594263673,3,-0.01753452096982648,-0.01961500550225697,-0.01753452096982648,-0.05769164742690297,-0.04765236581263385,-0.03246523750325044,-0.04765236581263385
9371b59acd60f2911408,62cc26ca316d80366cd8,CCCCCCCCC(C)(C)SCC1CN(C(=O)COCC(=O)N2CC(C)C(CSC(C)(C)CCCCCCCC)C2)CC1C,df31a71e0741abc5c0d2,Yb-Lu,Yb,Lu,Nd_SAFE:10203,Lu_SAFE:10204,70|CCCCCCCCC(C)(C)SCC1CN(C(=O)COCC(=O)N2CC(C)C(CSC(C)(C)CCCCCCCC)C2)CC1C|water,71|CCCCCCCCC(C)(C)SCC1CN(C(=O)COCC(=O)N2CC(C)C(CSC(C)(C)CCCCCCCC)C2)CC1C|water,cdfa23f30bc7,50385a9b9575,1148,685,-0.05057763656057146,3,-0.11028618488943243,-0.11258678108330256,-0.11028618488943243,-0.042972807489472624,-0.05980115183946258,-0.027413006871938705,-0.05980115183946258
305ba90d9afc8d5ec9da,57617e8f3a8cea049508,CCCCCCCCCCCCN(CCCCCCCC)C(=O)COCC(=O)N(CCCCCCCC)CCCCCCCCCCCC,0982ebf465b726073008,La-Ce,La,Ce,La_SAFE:10205,Ce_SAFE:10206,57|CCCCCCCCCCCCN(CCCCCCCC)C(=O)COCC(=O)N(CCCCCCCC)CCCCCCCCCCCC|water,58|CCCCCCCCCCCCN(CCCCCCCC)C(=O)COCC(=O)N(CCCCCCCC)CCCCCCCCCCCC|water,2d0e04539acd,d84dbffddc12,593,60,-0.9542425094393249,0,-0.42575126727628543,-0.4125661617335218,-0.4125661617335218,-0.3990224820506325,-0.4057046783570457,-0.6495123902956644,-0.4057046783570457
a08e1127ff9214311d12,57617e8f3a8cea049508,CCCCCCCCCCCCN(CCCCCCCC)C(=O)COCC(=O)N(CCCCCCCC)CCCCCCCCCCCC,0982ebf465b726073008,Ce-Pr,Ce,Pr,Ce_SAFE:10206,Pa_SAFE:10207,58|CCCCCCCCCCCCN(CCCCCCCC)C(=O)COCC(=O)N(CCCCCCCC)CCCCCCCCCCCC|water,59|CCCCCCCCCCCCN(CCCCCCCC)C(=O)COCC(=O)N(CCCCCCCC)CCCCCCCCCCCC|water,d84dbffddc12,c08891c4b9a5,60,868,0.1330566268304794,0,-0.18992163794144257,-0.2112731402593126,-0.2112731402593126,-0.3015946290235032,-0.27367638125298804,-0.09834024962037802,-0.27367638125298804
8e64f6fcb3d00461710a,57617e8f3a8cea049508,CCCCCCCCCCCCN(CCCCCCCC)C(=O)COCC(=O)N(CCCCCCCC)CCCCCCCCCCCC,0982ebf465b726073008,Pr-Nd,Pr,Nd,Pa_SAFE:10207,Nd_SAFE:10208,59|CCCCCCCCCCCCN(CCCCCCCC)C(=O)COCC(=O)N(CCCCCCCC)CCCCCCCCCCCC|water,60|CCCCCCCCCCCCN(CCCCCCCC)C(=O)COCC(=O)N(CCCCCCCC)CCCCCCCCCCCC|water,c08891c4b9a5,a20cdf540a91,868,777,-0.4340866224944606,0,-0.2924314784571791,-0.2999123620282079,-0.2999123620282079,-0.19176878202016284,-0.21693445612941692,-0.31700364748636883,-0.21693445612941692
728637c643045eb6ce73,57617e8f3a8cea049508,CCCCCCCCCCCCN(CCCCCCCC)C(=O)COCC(=O)N(CCCCCCCC)CCCCCCCCCCCC,0982ebf465b726073008,Sm-Eu,Sm,Eu,Pa_SAFE:10209,Eu_SAFE:10210,62|CCCCCCCCCCCCN(CCCCCCCC)C(=O)COCC(=O)N(CCCCCCCC)CCCCCCCCCCCC|water,63|CCCCCCCCCCCCN(CCCCCCCC)C(=O)COCC(=O)N(CCCCCCCC)CCCCCCCCCCCC|water,e1565f3e9c85,26cecbefbbe2,960,256,-0.3835124005492567,0,-0.26230087242429667,-0.25704369220331913,-0.25704369220331913,-0.11292257180903957,-0.15026714696285387,-0.24653688569863638,-0.15026714696285387
1cc999de4dc566a5c335,57617e8f3a8cea049508,CCCCCCCCCCCCN(CCCCCCCC)C(=O)COCC(=O)N(CCCCCCCC)CCCCCCCCCCCC,0982ebf465b726073008,Eu-Gd,Eu,Gd,Eu_SAFE:10210,Gd_SAFE:10211,63|CCCCCCCCCCCCN(CCCCCCCC)C(=O)COCC(=O)N(CCCCCCCC)CCCCCCCCCCCC|water,64|CCCCCCCCCCCCN(CCCCCCCC)C(=O)COCC(=O)N(CCCCCCCC)CCCCCCCCCCCC|water,26cecbefbbe2,776127a45bd2,256,469,-0.16564941615847228,0,-0.14237101444055655,-0.13507345824616546,-0.13507345824616546,-0.11337218459902185,-0.12062189205940552,-0.09004899611075719,-0.12062189205940552
ed23727e4cf6ddbd9ae0,57617e8f3a8cea049508,CCCCCCCCCCCCN(CCCCCCCC)C(=O)COCC(=O)N(CCCCCCCC)CCCCCCCCCCCC,0982ebf465b726073008,Gd-Tb,Gd,Tb,Gd_SAFE:10211,Pa_SAFE:10212,64|CCCCCCCCCCCCN(CCCCCCCC)C(=O)COCC(=O)N(CCCCCCCC)CCCCCCCCCCCC|water,65|CCCCCCCCCCCCN(CCCCCCCC)C(=O)COCC(=O)N(CCCCCCCC)CCCCCCCCCCCC|water,776127a45bd2,b94a7729c663,469,1015,-0.6595631508622992,0,-0.36409762777938126,-0.3579126784842201,-0.3579126784842201,-0.3303941325070333,-0.3388200063251203,-0.08058150733510654,-0.3388200063251203
f176ede746b5792c2b97,57617e8f3a8cea049508,CCCCCCCCCCCCN(CCCCCCCC)C(=O)COCC(=O)N(CCCCCCCC)CCCCCCCCCCCC,0982ebf465b726073008,Tb-Dy,Tb,Dy,Pa_SAFE:10212,Dy_SAFE:10213,65|CCCCCCCCCCCCN(CCCCCCCC)C(=O)COCC(=O)N(CCCCCCCC)CCCCCCCCCCCC|water,66|CCCCCCCCCCCCN(CCCCCCCC)C(=O)COCC(=O)N(CCCCCCCC)CCCCCCCCCCCC|water,b94a7729c663,d81cc3a82d7c,1015,136,0.1512937938960106,0,0.05121708360876257,0.0494182932278714,0.0494182932278714,-0.04307650216147658,-0.019503105718916787,-0.1397573178013166,-0.019503105718916787
6f0f30ae27a4d2d022cb,57617e8f3a8cea049508,CCCCCCCCCCCCN(CCCCCCCC)C(=O)COCC(=O)N(CCCCCCCC)CCCCCCCCCCCC,0982ebf465b726073008,Dy-Ho,Dy,Ho,Dy_SAFE:10213,Ho_SAFE:10214,66|CCCCCCCCCCCCN(CCCCCCCC)C(=O)COCC(=O)N(CCCCCCCC)CCCCCCCCCCCC|water,67|CCCCCCCCCCCCN(CCCCCCCC)C(=O)COCC(=O)N(CCCCCCCC)CCCCCCCCCCCC|water,d81cc3a82d7c,6724c57bfa5d,136,540,-0.9850552611293657,0,-0.027151653337830248,-0.027994082119867536,-0.027994082119867536,-0.0669892365073778,-0.05702984071499091,-0.2181345522403717,-0.05702984071499091
22c4ce4eff8d0021a80b,57617e8f3a8cea049508,CCCCCCCCCCCCN(CCCCCCCC)C(=O)COCC(=O)N(CCCCCCCC)CCCCCCCCCCCC,0982ebf465b726073008,Ho-Er,Ho,Er,Ho_SAFE:10214,Er_SAFE:10215,67|CCCCCCCCCCCCN(CCCCCCCC)C(=O)COCC(=O)N(CCCCCCCC)CCCCCCCCCCCC|water,68|CCCCCCCCCCCCN(CCCCCCCC)C(=O)COCC(=O)N(CCCCCCCC)CCCCCCCCCCCC|water,6724c57bfa5d,7c88aac9cc30,540,185,0.5120292120295526,0,-0.15077046505448724,-0.14659041057839012,-0.14659041057839012,-0.07686381225715308,-0.09534047545648662,0.013665358225504557,-0.09534047545648662
dcff54de29a2c5463d03,57617e8f3a8cea049508,CCCCCCCCCCCCN(CCCCCCCC)C(=O)COCC(=O)N(CCCCCCCC)CCCCCCCCCCCC,0982ebf465b726073008,Yb-Lu,Yb,Lu,Pa_SAFE:10216,Lu_SAFE:10217,70|CCCCCCCCCCCCN(CCCCCCCC)C(=O)COCC(=O)N(CCCCCCCC)CCCCCCCCCCCC|water,71|CCCCCCCCCCCCN(CCCCCCCC)C(=O)COCC(=O)N(CCCCCCCC)CCCCCCCCCCCC|water,a88017c110ed,b5ff0cc1b468,1133,710,-0.7874519919269884,0,-0.15514365249656525,-0.14661236978695125,-0.14661236978695125,-0.07360169934336887,-0.09398718763166797,0.012618449827035269,-0.09398718763166797
7356957ca1752580eb50,f923ca2b0ad6f0da7453,CCCCCCCCN(CCC(C)CC(C)(C)C)C(=O)COCC(=O)N(CCCCCCCC)CCC(C)CC(C)(C)C,b7c328b58334d601cbf0,La-Ce,La,Ce,La_SAFE:10218,Ce_SAFE:10219,57|CCCCCCCCN(CCC(C)CC(C)(C)C)C(=O)COCC(=O)N(CCCCCCCC)CCC(C)CC(C)(C)C|water,58|CCCCCCCCN(CCC(C)CC(C)(C)C)C(=O)COCC(=O)N(CCCCCCCC)CCC(C)CC(C)(C)C|water,a4a68747ac9e,3789eabe5f06,627,18,-0.4771212547196625,1,-0.2969726654673677,-0.2953500735872676,-0.2953500735872676,-0.2585767106228743,-0.28737367675624437,-0.32083305219809216,-0.2957385206167063
fd8296b3dedd0f95597c,f923ca2b0ad6f0da7453,CCCCCCCCN(CCC(C)CC(C)(C)C)C(=O)COCC(=O)N(CCCCCCCC)CCC(C)CC(C)(C)C,b7c328b58334d601cbf0,Ce-Pr,Ce,Pr,Ce_SAFE:10219,Pa_SAFE:10220,58|CCCCCCCCN(CCC(C)CC(C)(C)C)C(=O)COCC(=O)N(CCCCCCCC)CCC(C)CC(C)(C)C|water,59|CCCCCCCCN(CCC(C)CC(C)(C)C)C(=O)COCC(=O)N(CCCCCCCC)CCC(C)CC(C)(C)C|water,3789eabe5f06,dec418ee11a4,18,874,-0.39211046501131375,1,-0.01703614219852449,-0.004497616386154357,-0.004497616386154358,-0.10317420921587658,-0.03857065895286251,-0.026779231304923694,-0.03562280204087781
4117f69d717b7d752a95,f923ca2b0ad6f0da7453,CCCCCCCCN(CCC(C)CC(C)(C)C)C(=O)COCC(=O)N(CCCCCCCC)CCC(C)CC(C)(C)C,b7c328b58334d601cbf0,Pr-Nd,Pr,Nd,Pa_SAFE:10220,Nd_SAFE:10221,59|CCCCCCCCN(CCC(C)CC(C)(C)C)C(=O)COCC(=O)N(CCCCCCCC)CCC(C)CC(C)(C)C|water,60|CCCCCCCCN(CCC(C)CC(C)(C)C)C(=O)COCC(=O)N(CCCCCCCC)CCC(C)CC(C)(C)C|water,dec418ee11a4,854baef45df8,874,765,0.12104369272477578,1,-0.2655757859529283,-0.2743089273385959,-0.2743089273385959,-0.24719653182598564,-0.2609809724211926,-0.3157575875520706,-0.2746751262039121
32fdf2b861bb2749f97a,f923ca2b0ad6f0da7453,CCCCCCCCN(CCC(C)CC(C)(C)C)C(=O)COCC(=O)N(CCCCCCCC)CCC(C)CC(C)(C)C,b7c328b58334d601cbf0,Sm-Eu,Sm,Eu,Pa_SAFE:10222,Eu_SAFE:10223,62|CCCCCCCCN(CCC(C)CC(C)(C)C)C(=O)COCC(=O)N(CCCCCCCC)CCC(C)CC(C)(C)C|water,63|CCCCCCCCN(CCC(C)CC(C)(C)C)C(=O)COCC(=O)N(CCCCCCCC)CCC(C)CC(C)(C)C|water,49ed05aae948,d853ee339030,914,392,-0.2622012079733037,1,-0.24447388450271806,-0.24888087607339027,-0.24888087607339027,-0.18503878512001876,-0.22961510965704324,-0.21694636841615042,-0.22644792434682004
565ca9029411c0c8fdd3,f923ca2b0ad6f0da7453,CCCCCCCCN(CCC(C)CC(C)(C)C)C(=O)COCC(=O)N(CCCCCCCC)CCC(C)CC(C)(C)C,b7c328b58334d601cbf0,Eu-Gd,Eu,Gd,Eu_SAFE:10223,Gd_SAFE:10224,63|CCCCCCCCN(CCC(C)CC(C)(C)C)C(=O)COCC(=O)N(CCCCCCCC)CCC(C)CC(C)(C)C|water,64|CCCCCCCCN(CCC(C)CC(C)(C)C)C(=O)COCC(=O)N(CCCCCCCC)CCC(C)CC(C)(C)C|water,d853ee339030,fc5d72f99fcc,392,507,-0.12532911369696964,1,-0.12774239956782485,-0.12228038213533027,-0.12228038213533027,-0.08147931201259133,-0.11617662767901647,0.018381391108656924,-0.08253712298209812
5017d63ba107deee9cdc,f923ca2b0ad6f0da7453,CCCCCCCCN(CCC(C)CC(C)(C)C)C(=O)COCC(=O)N(CCCCCCCC)CCC(C)CC(C)(C)C,b7c328b58334d601cbf0,Gd-Tb,Gd,Tb,Gd_SAFE:10224,Pa_SAFE:10225,64|CCCCCCCCN(CCC(C)CC(C)(C)C)C(=O)COCC(=O)N(CCCCCCCC)CCC(C)CC(C)(C)C|water,65|CCCCCCCCN(CCC(C)CC(C)(C)C)C(=O)COCC(=O)N(CCCCCCCC)CCC(C)CC(C)(C)C|water,fc5d72f99fcc,b1148a7d8cb7,507,1010,-0.2618557842520175,1,-0.3174327542131574,-0.32234684834957483,-0.32234684834957483,-0.3291876079753578,-0.3203714676537075,-0.14619373778502145,-0.276827035186536
cbdd8bcc7d2088e84f11,f923ca2b0ad6f0da7453,CCCCCCCCN(CCC(C)CC(C)(C)C)C(=O)COCC(=O)N(CCCCCCCC)CCC(C)CC(C)(C)C,b7c328b58334d601cbf0,Tb-Dy,Tb,Dy,Pa_SAFE:10225,Dy_SAFE:10226,65|CCCCCCCCN(CCC(C)CC(C)(C)C)C(=O)COCC(=O)N(CCCCCCCC)CCC(C)CC(C)(C)C|water,66|CCCCCCCCN(CCC(C)CC(C)(C)C)C(=O)COCC(=O)N(CCCCCCCC)CCC(C)CC(C)(C)C|water,b1148a7d8cb7,5c220c9f12b3,1010,92,-0.15688314640128853,1,-0.05369543820363029,-0.04472672371093665,-0.04472672371093665,-0.11699999660880624,-0.06952157780492428,-0.0802036461730798,-0.07219209489696315
d810fbb6bab545242a07,f923ca2b0ad6f0da7453,CCCCCCCCN(CCC(C)CC(C)(C)C)C(=O)COCC(=O)N(CCCCCCCC)CCC(C)CC(C)(C)C,b7c328b58334d601cbf0,Dy-Ho,Dy,Ho,Dy_SAFE:10226,Ho_SAFE:10227,66|CCCCCCCCN(CCC(C)CC(C)(C)C)C(=O)COCC(=O)N(CCCCCCCC)CCC(C)CC(C)(C)C|water,67|CCCCCCCCN(CCC(C)CC(C)(C)C)C(=O)COCC(=O)N(CCCCCCCC)CCC(C)CC(C)(C)C|water,5c220c9f12b3,19756ae7f14e,92,523,-0.10600875557220957,1,-0.08730332650424885,-0.10226851891984592,-0.10226851891984592,-0.0360134112685397,-0.07448084769532157,0.01292548937878261,-0.052629263426795525
f84f9dcae50fb826bc38,f923ca2b0ad6f0da7453,CCCCCCCCN(CCC(C)CC(C)(C)C)C(=O)COCC(=O)N(CCCCCCCC)CCC(C)CC(C)(C)C,b7c328b58334d601cbf0,Ho-Er,Ho,Er,Ho_SAFE:10227,Er_SAFE:10228,67|CCCCCCCCN(CCC(C)CC(C)(C)C)C(=O)COCC(=O)N(CCCCCCCC)CCC(C)CC(C)(C)C|water,68|CCCCCCCCN(CCC(C)CC(C)(C)C)C(=O)COCC(=O)N(CCCCCCCC)CCC(C)CC(C)(C)C|water,19756ae7f14e,5d016859aec1,523,176,-0.08399165647407036,1,-0.09265517376777471,-0.09463045208483911,-0.09463045208483911,-0.0635877413649207,-0.0853883156670612,-0.11164866636196773,-0.09195340334078783
16dee10e96ad061ce72b,f923ca2b0ad6f0da7453,CCCCCCCCN(CCC(C)CC(C)(C)C)C(=O)COCC(=O)N(CCCCCCCC)CCC(C)CC(C)(C)C,b7c328b58334d601cbf0,Er-Tm,Er,Tm,Er_SAFE:10228,Pa_SAFE:10229,68|CCCCCCCCN(CCC(C)CC(C)(C)C)C(=O)COCC(=O)N(CCCCCCCC)CCC(C)CC(C)(C)C|water,69|CCCCCCCCN(CCC(C)CC(C)(C)C)C(=O)COCC(=O)N(CCCCCCCC)CCC(C)CC(C)(C)C|water,5d016859aec1,22f43511ec77,176,1048,0.023993726798785087,1,-0.004025824253184508,-0.007905044195729828,-0.007905044195729828,-0.021742578715291387,-0.008455012868711228,0.009217816094557444,-0.00403680562789406
bbb65945e12026581d2f,f923ca2b0ad6f0da7453,CCCCCCCCN(CCC(C)CC(C)(C)C)C(=O)COCC(=O)N(CCCCCCCC)CCC(C)CC(C)(C)C,b7c328b58334d601cbf0,Tm-Yb,Tm,Yb,Pa_SAFE:10229,Pa_SAFE:10230,69|CCCCCCCCN(CCC(C)CC(C)(C)C)C(=O)COCC(=O)N(CCCCCCCC)CCC(C)CC(C)(C)C|water,70|CCCCCCCCN(CCC(C)CC(C)(C)C)C(=O)COCC(=O)N(CCCCCCCC)CCC(C)CC(C)(C)C|water,22f43511ec77,bf029fdb8a36,1048,1141,-0.023416974414015357,1,-0.03310494948667708,-0.038877979536972224,-0.038877979536972224,-0.04020536704956233,-0.0348800538773984,-0.012697095982730389,-0.029334314403731396
8a6fd1d2d5d5a52eafe0,f923ca2b0ad6f0da7453,CCCCCCCCN(CCC(C)CC(C)(C)C)C(=O)COCC(=O)N(CCCCCCCC)CCC(C)CC(C)(C)C,b7c328b58334d601cbf0,Yb-Lu,Yb,Lu,Pa_SAFE:10230,Lu_SAFE:10231,70|CCCCCCCCN(CCC(C)CC(C)(C)C)C(=O)COCC(=O)N(CCCCCCCC)CCC(C)CC(C)(C)C|water,71|CCCCCCCCN(CCC(C)CC(C)(C)C)C(=O)COCC(=O)N(CCCCCCCC)CCC(C)CC(C)(C)C|water,bf029fdb8a36,477241213e79,1141,683,-0.02847937683348256,1,-0.10701336480577733,-0.11077811694287815,-0.11077811694287815,-0.0858922154967994,-0.10173307747853286,0.008755867175447444,-0.07411084131503778
2970170cccd0139786de,b8902a91cf2b9663be77,CCCCCCCCN(CCCC(CCCC)CCCCCC)C(=O)COCC(=O)N(CCCCCCCC)CCCC(CCCC)CCCCCC,586245b3d3bd450b1333,Ce-Pr,Ce,Pr,Ce_SAFE:10233,Pa_SAFE:10234,58|CCCCCCCCN(CCCC(CCCC)CCCCCC)C(=O)COCC(=O)N(CCCCCCCC)CCCC(CCCC)CCCCCC|water,59|CCCCCCCCN(CCCC(CCCC)CCCCCC)C(=O)COCC(=O)N(CCCCCCCC)CCCC(CCCC)CCCCCC|water,86c6baa1f1ac,b52aaefe9784,38,864,0.30102999566398125,3,-0.07728519999451583,-0.09069935182961814,-0.07728519999451583,-0.28315300602005355,-0.23168605451366914,-0.18504200503230095,-0.23168605451366914
f4ad65fb21893762150e,b8902a91cf2b9663be77,CCCCCCCCN(CCCC(CCCC)CCCCCC)C(=O)COCC(=O)N(CCCCCCCC)CCCC(CCCC)CCCCCC,586245b3d3bd450b1333,Pr-Nd,Pr,Nd,Pa_SAFE:10234,Nd_SAFE:10235,59|CCCCCCCCN(CCCC(CCCC)CCCCCC)C(=O)COCC(=O)N(CCCCCCCC)CCCC(CCCC)CCCCCC|water,60|CCCCCCCCN(CCCC(CCCC)CCCCCC)C(=O)COCC(=O)N(CCCCCCCC)CCCC(CCCC)CCCCCC|water,b52aaefe9784,6d8e9559aedb,864,757,-0.5228787452803376,3,-0.1995463592176538,-0.19417834928545158,-0.1995463592176538,-0.2285030066929688,-0.22126384482414005,-0.1388651765882969,-0.22126384482414005
f3fb931a5efb791b78bf,b8902a91cf2b9663be77,CCCCCCCCN(CCCC(CCCC)CCCCCC)C(=O)COCC(=O)N(CCCCCCCC)CCCC(CCCC)CCCCCC,586245b3d3bd450b1333,Sm-Eu,Sm,Eu,Pa_SAFE:10236,Eu_SAFE:10237,62|CCCCCCCCN(CCCC(CCCC)CCCCCC)C(=O)COCC(=O)N(CCCCCCCC)CCCC(CCCC)CCCCCC|water,63|CCCCCCCCN(CCCC(CCCC)CCCCCC)C(=O)COCC(=O)N(CCCCCCCC)CCCC(CCCC)CCCCCC|water,957e1899e9b4,f55824b32885,936,417,-0.28113516694704194,3,-0.264321060560621,-0.27417788819502015,-0.264321060560621,-0.1838845848560695,-0.20399370378220738,-0.351487934589386,-0.20399370378220738
1c57e660fc499b1b73fd,b8902a91cf2b9663be77,CCCCCCCCN(CCCC(CCCC)CCCCCC)C(=O)COCC(=O)N(CCCCCCCC)CCCC(CCCC)CCCCCC,586245b3d3bd450b1333,Eu-Gd,Eu,Gd,Eu_SAFE:10237,Gd_SAFE:10238,63|CCCCCCCCN(CCCC(CCCC)CCCCCC)C(=O)COCC(=O)N(CCCCCCCC)CCCC(CCCC)CCCCCC|water,64|CCCCCCCCN(CCCC(CCCC)CCCCCC)C(=O)COCC(=O)N(CCCCCCCC)CCCC(CCCC)CCCCCC|water,f55824b32885,0d198a0a6ef3,417,437,-0.13083613348092704,3,-0.15431700410186588,-0.15539540313137096,-0.15431700410186588,-0.13413005705205955,-0.13917679381451115,-0.21882516145706177,-0.13917679381451115
00e2801c7c859725aaf8,b8902a91cf2b9663be77,CCCCCCCCN(CCCC(CCCC)CCCCCC)C(=O)COCC(=O)N(CCCCCCCC)CCCC(CCCC)CCCCCC,586245b3d3bd450b1333,Gd-Tb,Gd,Tb,Gd_SAFE:10238,Pa_SAFE:10239,64|CCCCCCCCN(CCCC(CCCC)CCCCCC)C(=O)COCC(=O)N(CCCCCCCC)CCCC(CCCC)CCCCCC|water,65|CCCCCCCCN(CCCC(CCCC)CCCCCC)C(=O)COCC(=O)N(CCCCCCCC)CCCC(CCCC)CCCCCC|water,0d198a0a6ef3,440ee3e16f8f,437,984,-0.2997729919444788,3,-0.3214713775979049,-0.3309833953534689,-0.3214713775979049,-0.2744739920557375,-0.28622333844127934,-0.0909947082400322,-0.28622333844127934
401af0814659b610d439,b8902a91cf2b9663be77,CCCCCCCCN(CCCC(CCCC)CCCCCC)C(=O)COCC(=O)N(CCCCCCCC)CCCC(CCCC)CCCCCC,586245b3d3bd450b1333,Tb-Dy,Tb,Dy,Pa_SAFE:10239,Dy_SAFE:10240,65|CCCCCCCCN(CCCC(CCCC)CCCCCC)C(=O)COCC(=O)N(CCCCCCCC)CCCC(CCCC)CCCCCC|water,66|CCCCCCCCN(CCCC(CCCC)CCCCCC)C(=O)COCC(=O)N(CCCCCCCC)CCCC(CCCC)CCCCCC|water,440ee3e16f8f,03203ba59250,984,73,-0.21805576059921727,3,-0.15905615760894903,-0.15861792267666086,-0.15905615760894903,-0.09806432204501334,-0.11331228093599727,-0.2792216936747233,-0.11331228093599727
268f157562fafecb572b,b8902a91cf2b9663be77,CCCCCCCCN(CCCC(CCCC)CCCCCC)C(=O)COCC(=O)N(CCCCCCCC)CCCC(CCCC)CCCCCC,586245b3d3bd450b1333,Dy-Ho,Dy,Ho,Dy_SAFE:10240,Ho_SAFE:10241,66|CCCCCCCCN(CCCC(CCCC)CCCCCC)C(=O)COCC(=O)N(CCCCCCCC)CCCC(CCCC)CCCCCC|water,67|CCCCCCCCN(CCCC(CCCC)CCCCCC)C(=O)COCC(=O)N(CCCCCCCC)CCCC(CCCC)CCCCCC|water,03203ba59250,08ebfb3e6a66,73,517,-0.20316653664860207,3,-0.1976171823006773,-0.21780238597802662,-0.1976171823006773,-0.19490813203387664,-0.1955853946005768,-0.1789353589216868,-0.1955853946005768
983521d50a90e26ce523,b8902a91cf2b9663be77,CCCCCCCCN(CCCC(CCCC)CCCCCC)C(=O)COCC(=O)N(CCCCCCCC)CCCC(CCCC)CCCCCC,586245b3d3bd450b1333,Ho-Er,Ho,Er,Ho_SAFE:10241,Er_SAFE:10242,67|CCCCCCCCN(CCCC(CCCC)CCCCCC)C(=O)COCC(=O)N(CCCCCCCC)CCCC(CCCC)CCCCCC|water,68|CCCCCCCCN(CCCC(CCCC)CCCCCC)C(=O)COCC(=O)N(CCCCCCCC)CCCC(CCCC)CCCCCC|water,08ebfb3e6a66,47192dd771b6,517,169,-0.07558706430422679,3,-0.08646118251218886,-0.08439583168956001,-0.08646118251218886,-0.12199269067354242,-0.11310981363320402,-0.08593177935108542,-0.11310981363320402
4fb8ed02e06b44348011,b8902a91cf2b9663be77,CCCCCCCCN(CCCC(CCCC)CCCCCC)C(=O)COCC(=O)N(CCCCCCCC)CCCC(CCCC)CCCCCC,586245b3d3bd450b1333,Er-Tm,Er,Tm,Er_SAFE:10242,Pa_SAFE:10243,68|CCCCCCCCN(CCCC(CCCC)CCCCCC)C(=O)COCC(=O)N(CCCCCCCC)CCCC(CCCC)CCCCCC|water,69|CCCCCCCCN(CCCC(CCCC)CCCCCC)C(=O)COCC(=O)N(CCCCCCCC)CCCC(CCCC)CCCCCC|water,47192dd771b6,77a31bcc4546,169,1064,-0.0016010874609742043,3,-0.05612455355910031,-0.05999874465268595,-0.05612455355910031,-0.01389452894704598,-0.024452035100059562,-0.015872576894859474,-0.024452035100059562
9e186ce35ad364a23ac7,b8902a91cf2b9663be77,CCCCCCCCN(CCCC(CCCC)CCCCCC)C(=O)COCC(=O)N(CCCCCCCC)CCCC(CCCC)CCCCCC,586245b3d3bd450b1333,Tm-Yb,Tm,Yb,Pa_SAFE:10243,Pa_SAFE:10244,69|CCCCCCCCN(CCCC(CCCC)CCCCCC)C(=O)COCC(=O)N(CCCCCCCC)CCCC(CCCC)CCCCCC|water,70|CCCCCCCCN(CCCC(CCCC)CCCCCC)C(=O)COCC(=O)N(CCCCCCCC)CCCC(CCCC)CCCCCC|water,77a31bcc4546,2a33354a817f,1064,1107,0.00039971883346634485,3,-0.002300612829174299,-0.008697296613149254,-0.002300612829174299,-0.09398466977168152,-0.0710636555360547,0.07242012210190296,-0.0710636555360547
07d7f2c6c6ca10afb8ab,b8902a91cf2b9663be77,CCCCCCCCN(CCCC(CCCC)CCCCCC)C(=O)COCC(=O)N(CCCCCCCC)CCCC(CCCC)CCCCCC,586245b3d3bd450b1333,Yb-Lu,Yb,Lu,Pa_SAFE:10244,Lu_SAFE:10245,70|CCCCCCCCN(CCCC(CCCC)CCCCCC)C(=O)COCC(=O)N(CCCCCCCC)CCCC(CCCC)CCCCCC|water,71|CCCCCCCCN(CCCC(CCCC)CCCCCC)C(=O)COCC(=O)N(CCCCCCCC)CCCC(CCCC)CCCCCC|water,2a33354a817f,97488ddae00b,1107,703,-0.0278787341385891,3,-0.10481558192270729,-0.10680430568603314,-0.10481558192270729,-0.076268319422575,-0.08340513504760808,-0.010165855288505554,-0.08340513504760808
b620f5fcde056e4de2c5,b507bfd1b0a86f759aa4,CCCCCCCCN(CCCCC(C)CCCC(C)C)C(=O)COCC(=O)N(CCCCCCCC)CCCCC(C)CCCC(C)C,b60815357dd191dbe3d9,La-Ce,La,Ce,La_SAFE:10246,Ce_SAFE:10247,57|CCCCCCCCN(CCCCC(C)CCCC(C)C)C(=O)COCC(=O)N(CCCCCCCC)CCCCC(C)CCCC(C)C|water,58|CCCCCCCCN(CCCCC(C)CCCC(C)C)C(=O)COCC(=O)N(CCCCCCCC)CCCCC(C)CCCC(C)C|water,3e0312555ae1,bffb797bc9ad,599,54,-0.9420080530223132,1,-0.22989442162004364,-0.19067113234354127,-0.19067113234354127,-0.24285995430983393,-0.2331358047924912,-0.3544040222962697,-0.26345285916843586
5b2b440c0719165b9198,b507bfd1b0a86f759aa4,CCCCCCCCN(CCCCC(C)CCCC(C)C)C(=O)COCC(=O)N(CCCCCCCC)CCCCC(C)CCCC(C)C,b60815357dd191dbe3d9,Ce-Pr,Ce,Pr,Ce_SAFE:10247,Pa_SAFE:10248,58|CCCCCCCCN(CCCCC(C)CCCC(C)C)C(=O)COCC(=O)N(CCCCCCCC)CCCCC(C)CCCC(C)C|water,59|CCCCCCCCN(CCCCC(C)CCCC(C)C)C(=O)COCC(=O)N(CCCCCCCC)CCCCC(C)CCCC(C)C|water,bffb797bc9ad,aed05390eeae,54,861,0.18234020833268266,1,0.09715393859931312,0.11885789647696196,0.11885789647696196,-0.18416154309544158,0.02682506817562444,0.0031984991704424224,0.020918425924328934
8257171a0e6816e22462,b507bfd1b0a86f759aa4,CCCCCCCCN(CCCCC(C)CCCC(C)C)C(=O)COCC(=O)N(CCCCCCCC)CCCCC(C)CCCC(C)C,b60815357dd191dbe3d9,Pr-Nd,Pr,Nd,Pa_SAFE:10248,Nd_SAFE:10249,59|CCCCCCCCN(CCCCC(C)CCCC(C)C)C(=O)COCC(=O)N(CCCCCCCC)CCCCC(C)CCCC(C)C|water,60|CCCCCCCCN(CCCCC(C)CCCC(C)C)C(=O)COCC(=O)N(CCCCCCCC)CCCCC(C)CCCC(C)C|water,aed05390eeae,cfb24bbfbf9d,861,796,-0.40170015754534427,1,-0.3536026477991028,-0.35657078845550083,-0.35657078845550083,-0.1769325096843417,-0.3094351132704125,0.027226269400368135,-0.22526976760271733
efb8d0ef1d2a49fc29cc,b507bfd1b0a86f759aa4,CCCCCCCCN(CCCCC(C)CCCC(C)C)C(=O)COCC(=O)N(CCCCCCCC)CCCCC(C)CCCC(C)C,b60815357dd191dbe3d9,Sm-Eu,Sm,Eu,Pa_SAFE:10250,Eu_SAFE:10251,62|CCCCCCCCN(CCCCC(C)CCCC(C)C)C(=O)COCC(=O)N(CCCCCCCC)CCCCC(C)CCCC(C)C|water,63|CCCCCCCCN(CCCCC(C)CCCC(C)C)C(=O)COCC(=O)N(CCCCCCCC)CCCCC(C)CCCC(C)C|water,df9be565e13b,f27594aadde3,958,411,-0.33571274249274785,1,-0.2139886275737017,-0.2147829337756408,-0.2147829337756408,-0.13048063302118537,-0.19311162893557263,0.07347000576555729,-0.12646622026029014
59ad8bfc53a569e8143e,b507bfd1b0a86f759aa4,CCCCCCCCN(CCCCC(C)CCCC(C)C)C(=O)COCC(=O)N(CCCCCCCC)CCCCC(C)CCCC(C)C,b60815357dd191dbe3d9,Eu-Gd,Eu,Gd,Eu_SAFE:10251,Gd_SAFE:10252,63|CCCCCCCCN(CCCCC(C)CCCC(C)C)C(=O)COCC(=O)N(CCCCCCCC)CCCCC(C)CCCC(C)C|water,64|CCCCCCCCN(CCCCC(C)CCCC(C)C)C(=O)COCC(=O)N(CCCCCCCC)CCCCC(C)CCCC(C)C|water,f27594aadde3,fcfe47cf4083,411,509,-0.1502580790249869,1,-0.13177733119912083,-0.13056781447588817,-0.13056781447588817,-0.13796182210194619,-0.13332345392482717,-0.18792439003785452,-0.14697368795308402
cc03c0ebbcc81e475c88,b507bfd1b0a86f759aa4,CCCCCCCCN(CCCCC(C)CCCC(C)C)C(=O)COCC(=O)N(CCCCCCCC)CCCCC(C)CCCC(C)C,b60815357dd191dbe3d9,Gd-Tb,Gd,Tb,Gd_SAFE:10252,Pa_SAFE:10253,64|CCCCCCCCN(CCCCC(C)CCCC(C)C)C(=O)COCC(=O)N(CCCCCCCC)CCCCC(C)CCCC(C)C|water,65|CCCCCCCCN(CCCCC(C)CCCC(C)C)C(=O)COCC(=O)N(CCCCCCCC)CCCCC(C)CCCC(C)C|water,fcfe47cf4083,835eacd47610,509,1002,-0.3635259172933216,1,-0.28710963434911924,-0.2960143360069918,-0.2960143360069918,-0.28402213257016234,-0.28633775890438,-0.048022461434205375,-0.22675893453683635
dbcefed4cfefb3edaa95,b507bfd1b0a86f759aa4,CCCCCCCCN(CCCCC(C)CCCC(C)C)C(=O)COCC(=O)N(CCCCCCCC)CCCCC(C)CCCC(C)C,b60815357dd191dbe3d9,Tb-Dy,Tb,Dy,Pa_SAFE:10253,Dy_SAFE:10254,65|CCCCCCCCN(CCCCC(C)CCCC(C)C)C(=O)COCC(=O)N(CCCCCCCC)CCCCC(C)CCCC(C)C|water,66|CCCCCCCCN(CCCCC(C)CCCC(C)C)C(=O)COCC(=O)N(CCCCCCCC)CCCCC(C)CCCC(C)C|water,835eacd47610,fc8ab66e02d0,1002,149,-0.12577675633925578,1,-0.14836827120126472,-0.1372148986289553,-0.1372148986289553,-0.06317691882630046,-0.12707043310752367,0.06653375985721748,-0.07866938486633838
6e043a737519459fb669,b507bfd1b0a86f759aa4,CCCCCCCCN(CCCCC(C)CCCC(C)C)C(=O)COCC(=O)N(CCCCCCCC)CCCCC(C)CCCC(C)C,b60815357dd191dbe3d9,Dy-Ho,Dy,Ho,Dy_SAFE:10254,Ho_SAFE:10255,66|CCCCCCCCN(CCCCC(C)CCCC(C)C)C(=O)COCC(=O)N(CCCCCCCC)CCCCC(C)CCCC(C)C|water,67|CCCCCCCCN(CCCCC(C)CCCC(C)C)C(=O)COCC(=O)N(CCCCCCCC)CCCCC(C)CCCC(C)C|water,fc8ab66e02d0,b71d18533908,149,555,-0.34949270132968335,1,-0.19806937818564627,-0.1914755395302244,-0.1914755395302244,-0.08824197333762077,-0.17061252697363988,-0.10015948737661044,-0.15299926707438252
4cdc8b02174f7be86062,b507bfd1b0a86f759aa4,CCCCCCCCN(CCCCC(C)CCCC(C)C)C(=O)COCC(=O)N(CCCCCCCC)CCCCC(C)CCCC(C)C,b60815357dd191dbe3d9,Ho-Er,Ho,Er,Ho_SAFE:10255,Er_SAFE:10256,67|CCCCCCCCN(CCCCC(C)CCCC(C)C)C(=O)COCC(=O)N(CCCCCCCC)CCCCC(C)CCCC(C)C|water,68|CCCCCCCCN(CCCCC(C)CCCC(C)C)C(=O)COCC(=O)N(CCCCCCCC)CCCCC(C)CCCC(C)C|water,b71d18533908,9badbb5df239,555,199,0.034387861726441926,1,-0.060432157405756914,-0.0558504300959478,-0.0558504300959478,-0.09826912585851737,-0.06989139951894703,-0.11917403091986974,-0.08221205736917771
585608f8ce526dd9157f,b507bfd1b0a86f759aa4,CCCCCCCCN(CCCCC(C)CCCC(C)C)C(=O)COCC(=O)N(CCCCCCCC)CCCCC(C)CCCC(C)C,b60815357dd191dbe3d9,Er-Tm,Er,Tm,Er_SAFE:10256,Pa_SAFE:10257,68|CCCCCCCCN(CCCCC(C)CCCC(C)C)C(=O)COCC(=O)N(CCCCCCCC)CCCCC(C)CCCC(C)C|water,69|CCCCCCCCN(CCCCC(C)CCCC(C)C)C(=O)COCC(=O)N(CCCCCCCC)CCCCC(C)CCCC(C)C|water,9badbb5df239,81621c5616ef,199,1068,-0.19050899741010974,1,0.0028786248829618644,0.0027531172953728666,0.0027531172953728666,-0.05139310399310443,-0.010689307336054709,0.0016141335169474285,-0.0076134471228041746
5519dbd1ab09ad1de248,b507bfd1b0a86f759aa4,CCCCCCCCN(CCCCC(C)CCCC(C)C)C(=O)COCC(=O)N(CCCCCCCC)CCCCC(C)CCCC(C)C,b60815357dd191dbe3d9,Tm-Yb,Tm,Yb,Pa_SAFE:10257,Pa_SAFE:10258,69|CCCCCCCCN(CCCCC(C)CCCC(C)C)C(=O)COCC(=O)N(CCCCCCCC)CCCCC(C)CCCC(C)C|water,70|CCCCCCCCN(CCCCC(C)CCCC(C)C)C(=O)COCC(=O)N(CCCCCCCC)CCCCC(C)CCCC(C)C|water,81621c5616ef,7cdf4cfae70c,1068,1122,0.13799600504379206,1,-0.0217009365147094,-0.025585985149919,-0.025585985149919,-0.04283584648634997,-0.026984664007619542,-0.033057074702810496,-0.028502766681417283
c0eb31eff7a47068b372,b507bfd1b0a86f759aa4,CCCCCCCCN(CCCCC(C)CCCC(C)C)C(=O)COCC(=O)N(CCCCCCCC)CCCCC(C)CCCC(C)C,b60815357dd191dbe3d9,Yb-Lu,Yb,Lu,Pa_SAFE:10258,Lu_SAFE:10259,70|CCCCCCCCN(CCCCC(C)CCCC(C)C)C(=O)COCC(=O)N(CCCCCCCC)CCCCC(C)CCCC(C)C|water,71|CCCCCCCCN(CCCCC(C)CCCC(C)C)C(=O)COCC(=O)N(CCCCCCCC)CCCCC(C)CCCC(C)C|water,7cdf4cfae70c,e3ef7a62d641,1122,717,-0.11793869031129778,1,-0.08388804018517931,-0.09218218152637361,-0.09218218152637361,-0.04599344938032594,-0.07441439248396597,-0.019824679320057232,-0.060766964192988784
655269a5bfd7a9e4bd99,95ec2bb2246a6fa9e3c3,CCCCCCCCN(C)C(=O)COCC(=O)N(C)CCCCCCCC,cfb81e271e80f6a290e0,Er-Tm,Er,Tm,Er_SAFE:10539,Pa_SAFE:10540,68|CCCCCCCCN(C)C(=O)COCC(=O)N(C)CCCCCCCC|water,69|CCCCCCCCN(C)C(=O)COCC(=O)N(C)CCCCCCCC|water,6dae4c73926f,07bca11114cd,179,1040,-0.009999999999999787,1,-0.047848938894289345,-0.05140172074330488,-0.05140172074330488,-0.029426683202267486,-0.04324337497128388,-0.004792715346411569,-0.0336307100650658
b4d52e4a164f3c97f5b4,b4d6ce4b7079063d681a,CCCCCCCCN(CCCCCCCC)C(=O)COCC(=O)N(CCCCCCCC)CCCCCCCC,0982ebf465b726073008,La-Ce,La,Ce,La_SAFE:10627,Ce_SAFE:10628,57|CCCCCCCCN(CCCCCCCC)C(=O)COCC(=O)N(CCCCCCCC)CCCCCCCC|water,58|CCCCCCCCN(CCCCCCCC)C(=O)COCC(=O)N(CCCCCCCC)CCCCCCCC|water,cac084a0d563,2bb8a487a3df,640,15,-0.009999999999999787,0,-0.42279715402524043,-0.4079312832107089,-0.4079312832107089,-0.38285789095487327,-0.3928427067224651,-0.2177544633547465,-0.3928427067224651
fb2a1b1d992e2272dd6d,b4d6ce4b7079063d681a,CCCCCCCCN(CCCCCCCC)C(=O)COCC(=O)N(CCCCCCCC)CCCCCCCC,0982ebf465b726073008,Ce-Pr,Ce,Pr,Ce_SAFE:10628,Pa_SAFE:10629,58|CCCCCCCCN(CCCCCCCC)C(=O)COCC(=O)N(CCCCCCCC)CCCCCCCC|water,59|CCCCCCCCN(CCCCCCCC)C(=O)COCC(=O)N(CCCCCCCC)CCCCCCCC|water,2bb8a487a3df,e4103e24a2d3,15,877,0.039999999999999813,0,-0.2992614419311038,-0.3067752781741586,-0.3067752781741586,-0.21982387811149579,-0.2396832690663978,0.011599439506729444,-0.2396832690663978
143c784049b392f4e05c,b4d6ce4b7079063d681a,CCCCCCCCN(CCCCCCCC)C(=O)COCC(=O)N(CCCCCCCC)CCCCCCCC,0982ebf465b726073008,Pr-Nd,Pr,Nd,Pa_SAFE:10629,Nd_SAFE:10630,59|CCCCCCCCN(CCCCCCCC)C(=O)COCC(=O)N(CCCCCCCC)CCCCCCCC|water,60|CCCCCCCCN(CCCCCCCC)C(=O)COCC(=O)N(CCCCCCCC)CCCCCCCC|water,e4103e24a2d3,5085718391b0,877,746,-0.030000000000000027,0,-0.2092217352761631,-0.23074133147124182,-0.23074133147124182,-0.20129859514907925,-0.2032793801808502,0.042203232956429325,-0.2032793801808502
28111f5f9ad78180386d,b4d6ce4b7079063d681a,CCCCCCCCN(CCCCCCCC)C(=O)COCC(=O)N(CCCCCCCC)CCCCCCCC,0982ebf465b726073008,Sm-Eu,Sm,Eu,Pa_SAFE:10631,Eu_SAFE:10632,62|CCCCCCCCN(CCCCCCCC)C(=O)COCC(=O)N(CCCCCCCC)CCCCCCCC|water,63|CCCCCCCCN(CCCCCCCC)C(=O)COCC(=O)N(CCCCCCCC)CCCCCCCC|water,32566dc9a831,b5ceae618f36,903,369,-0.04999999999999982,0,-0.22571235035400047,-0.22629608495659492,-0.22629608495659492,-0.14658389344737566,-0.16636600767403187,-0.11462009449799855,-0.16636600767403187
059a0926083a4a7ced2f,b4d6ce4b7079063d681a,CCCCCCCCN(CCCCCCCC)C(=O)COCC(=O)N(CCCCCCCC)CCCCCCCC,0982ebf465b726073008,Eu-Gd,Eu,Gd,Eu_SAFE:10632,Gd_SAFE:10633,63|CCCCCCCCN(CCCCCCCC)C(=O)COCC(=O)N(CCCCCCCC)CCCCCCCC|water,64|CCCCCCCCN(CCCCCCCC)C(=O)COCC(=O)N(CCCCCCCC)CCCCCCCC|water,b5ceae618f36,9060a51020d0,369,475,0.009999999999999787,0,-0.15651150075678438,-0.1538103959517697,-0.1538103959517697,-0.12024937280968306,-0.1293149047964584,0.009952166738609472,-0.1293149047964584
7e5a3ed22b23fea056fe,b4d6ce4b7079063d681a,CCCCCCCCN(CCCCCCCC)C(=O)COCC(=O)N(CCCCCCCC)CCCCCCCC,0982ebf465b726073008,Gd-Tb,Gd,Tb,Gd_SAFE:10633,Pa_SAFE:10634,64|CCCCCCCCN(CCCCCCCC)C(=O)COCC(=O)N(CCCCCCCC)CCCCCCCC|water,65|CCCCCCCCN(CCCCCCCC)C(=O)COCC(=O)N(CCCCCCCC)CCCCCCCC|water,9060a51020d0,16686414c510,475,974,-0.009999999999999787,0,-0.35015390093502474,-0.349174248905305,-0.349174248905305,-0.3601247337083399,-0.3576320255150111,-0.12323229759931564,-0.3576320255150111
edeef8ad9fc555e8a6a5,b4d6ce4b7079063d681a,CCCCCCCCN(CCCCCCCC)C(=O)COCC(=O)N(CCCCCCCC)CCCCCCCC,0982ebf465b726073008,Tb-Dy,Tb,Dy,Pa_SAFE:10634,Dy_SAFE:10635,65|CCCCCCCCN(CCCCCCCC)C(=O)COCC(=O)N(CCCCCCCC)CCCCCCCC|water,66|CCCCCCCCN(CCCCCCCC)C(=O)COCC(=O)N(CCCCCCCC)CCCCCCCC|water,16686414c510,02b82eed2591,974,72,-0.01000000000000012,0,0.0567333174167758,0.06681946306893433,0.06681946306893433,-0.05148458939968655,-0.024430112695570952,0.016555036107699077,-0.024430112695570952
cb71a4ffeaffcdd1b832,b4d6ce4b7079063d681a,CCCCCCCCN(CCCCCCCC)C(=O)COCC(=O)N(CCCCCCCC)CCCCCCCC,0982ebf465b726073008,Dy-Ho,Dy,Ho,Dy_SAFE:10635,Ho_SAFE:10636,66|CCCCCCCCN(CCCCCCCC)C(=O)COCC(=O)N(CCCCCCCC)CCCCCCCC|water,67|CCCCCCCCN(CCCCCCCC)C(=O)COCC(=O)N(CCCCCCCC)CCCCCCCC|water,02b82eed2591,44a23e6db33b,72,532,-0.030000000000000138,0,0.012633388218955554,0.026436315844067148,0.026436315844067148,-0.049511038920652416,-0.033974932135750424,0.015316912205889821,-0.033974932135750424
f8415c292d56f8c52580,b4d6ce4b7079063d681a,CCCCCCCCN(CCCCCCCC)C(=O)COCC(=O)N(CCCCCCCC)CCCCCCCC,0982ebf465b726073008,Ho-Er,Ho,Er,Ho_SAFE:10636,Er_SAFE:10637,67|CCCCCCCCN(CCCCCCCC)C(=O)COCC(=O)N(CCCCCCCC)CCCCCCCC|water,68|CCCCCCCCN(CCCCCCCC)C(=O)COCC(=O)N(CCCCCCCC)CCCCCCCC|water,44a23e6db33b,7969957ddddb,532,183,-0.030000000000000027,0,-0.16519224162327237,-0.15368922269635754,-0.15368922269635754,-0.06028357142911485,-0.08651073897765423,-0.009044842794537544,-0.08651073897765423
aef33c2216b4e08819a4,b4d6ce4b7079063d681a,CCCCCCCCN(CCCCCCCC)C(=O)COCC(=O)N(CCCCCCCC)CCCCCCCC,0982ebf465b726073008,Er-Tm,Er,Tm,Er_SAFE:10637,Pa_SAFE:10638,68|CCCCCCCCN(CCCCCCCC)C(=O)COCC(=O)N(CCCCCCCC)CCCCCCCC|water,69|CCCCCCCCN(CCCCCCCC)C(=O)COCC(=O)N(CCCCCCCC)CCCCCCCC|water,7969957ddddb,6f2b8ea84d8f,183,1063,0.010000000000000231,0,-0.052842583658311175,-0.054960094624921116,-0.054960094624921116,-0.05123208229796272,-0.05163470763804984,0.03203409599761168,-0.05163470763804984
e9ad33f22e6ef6e0f467,b4d6ce4b7079063d681a,CCCCCCCCN(CCCCCCCC)C(=O)COCC(=O)N(CCCCCCCC)CCCCCCCC,0982ebf465b726073008,Tm-Yb,Tm,Yb,Pa_SAFE:10638,Pa_SAFE:10639,69|CCCCCCCCN(CCCCCCCC)C(=O)COCC(=O)N(CCCCCCCC)CCCCCCCC|water,70|CCCCCCCCN(CCCCCCCC)C(=O)COCC(=O)N(CCCCCCCC)CCCCCCCC|water,6f2b8ea84d8f,64d6f07f057c,1063,1119,-0.010000000000000231,0,-0.02179247448771391,-0.02022227150250944,-0.02022227150250944,-0.05389018080223885,-0.04586575422360761,0.021752899512648582,-0.04586575422360761
303d7f501d2b6f11b7bd,b4d6ce4b7079063d681a,CCCCCCCCN(CCCCCCCC)C(=O)COCC(=O)N(CCCCCCCC)CCCCCCCC,0982ebf465b726073008,Yb-Lu,Yb,Lu,Pa_SAFE:10639,Lu_SAFE:10640,70|CCCCCCCCN(CCCCCCCC)C(=O)COCC(=O)N(CCCCCCCC)CCCCCCCC|water,71|CCCCCCCCN(CCCCCCCC)C(=O)COCC(=O)N(CCCCCCCC)CCCCCCCC|water,64d6f07f057c,eed9dc5fbef3,1119,720,-0.0399999999999997,0,-0.14826066023520237,-0.14352893891005214,-0.14352893891005214,-0.11084894501431161,-0.1202018738195343,0.006244406569749117,-0.1202018738195343
387ed2ce30760658183e,1c0e3e76170487366db5,CCCCCCCCN(CCCCCCCC)C(=O)COCC(=O)N(CCCCCCCC)CCCCCCCC,0982ebf465b726073008,La-Ce,La,Ce,La_SAFE:10641,Ce_SAFE:10642,57|CCCCCCCCN(CCCCCCCC)C(=O)COCC(=O)N(CCCCCCCC)CCCCCCCC|water,58|CCCCCCCCN(CCCCCCCC)C(=O)COCC(=O)N(CCCCCCCC)CCCCCCCC|water,cac084a0d563,2bb8a487a3df,640,15,-0.21999999999999997,0,-0.42279715402524043,-0.4103525806927198,-0.4103525806927198,-0.38405133637170263,-0.3937377907850871,-0.2489891896645228,-0.3937377907850871
c4bc11ff50c14c383cb0,1c0e3e76170487366db5,CCCCCCCCN(CCCCCCCC)C(=O)COCC(=O)N(CCCCCCCC)CCCCCCCC,0982ebf465b726073008,Ce-Pr,Ce,Pr,Ce_SAFE:10642,Pa_SAFE:10643,58|CCCCCCCCN(CCCCCCCC)C(=O)COCC(=O)N(CCCCCCCC)CCCCCCCC|water,59|CCCCCCCCN(CCCCCCCC)C(=O)COCC(=O)N(CCCCCCCC)CCCCCCCC|water,2bb8a487a3df,e4103e24a2d3,15,877,-0.009999999999999898,0,-0.2992614419311038,-0.30757420839590033,-0.30757420839590033,-0.22041447266047243,-0.24012621497813028,0.005233718392749627,-0.24012621497813028
cc847b3347b65bbd6146,1c0e3e76170487366db5,CCCCCCCCN(CCCCCCCC)C(=O)COCC(=O)N(CCCCCCCC)CCCCCCCC,0982ebf465b726073008,Pr-Nd,Pr,Nd,Pa_SAFE:10643,Nd_SAFE:10644,59|CCCCCCCCN(CCCCCCCC)C(=O)COCC(=O)N(CCCCCCCC)CCCCCCCC|water,60|CCCCCCCCN(CCCCCCCC)C(=O)COCC(=O)N(CCCCCCCC)CCCCCCCC|water,e4103e24a2d3,5085718391b0,877,746,0.15999999999999992,0,-0.20907503463862864,-0.23228040965546892,-0.23228040965546892,-0.20129859514907925,-0.2032427050214666,0.04297372202078501,-0.2032427050214666
52f0f258f8f27dedcd81,1c0e3e76170487366db5,CCCCCCCCN(CCCCCCCC)C(=O)COCC(=O)N(CCCCCCCC)CCCCCCCC,0982ebf465b726073008,Sm-Eu,Sm,Eu,Pa_SAFE:10645,Eu_SAFE:10646,62|CCCCCCCCN(CCCCCCCC)C(=O)COCC(=O)N(CCCCCCCC)CCCCCCCC|water,63|CCCCCCCCN(CCCCCCCC)C(=O)COCC(=O)N(CCCCCCCC)CCCCCCCC|water,32566dc9a831,b5ceae618f36,903,369,-0.24000000000000005,0,-0.23052536311590727,-0.2308844829824388,-0.2308844829824388,-0.13752172269844448,-0.16077263280281018,-0.13459745049476624,-0.16077263280281018
cba971dc404de865fa45,1c0e3e76170487366db5,CCCCCCCCN(CCCCCCCC)C(=O)COCC(=O)N(CCCCCCCC)CCCCCCCC,0982ebf465b726073008,Eu-Gd,Eu,Gd,Eu_SAFE:10646,Gd_SAFE:10647,63|CCCCCCCCN(CCCCCCCC)C(=O)COCC(=O)N(CCCCCCCC)CCCCCCCC|water,64|CCCCCCCCN(CCCCCCCC)C(=O)COCC(=O)N(CCCCCCCC)CCCCCCCC|water,b5ceae618f36,9060a51020d0,369,475,-0.12000000000000013,0,-0.14065675975429437,-0.13774312014060652,-0.13774312014060652,-0.10573291206022101,-0.11446387398373935,0.0066181872971355915,-0.11446387398373935
c8974b534f9aac95d89c,1c0e3e76170487366db5,CCCCCCCCN(CCCCCCCC)C(=O)COCC(=O)N(CCCCCCCC)CCCCCCCC,0982ebf465b726073008,Gd-Tb,Gd,Tb,Gd_SAFE:10647,Pa_SAFE:10648,64|CCCCCCCCN(CCCCCCCC)C(=O)COCC(=O)N(CCCCCCCC)CCCCCCCC|water,65|CCCCCCCCN(CCCCCCCC)C(=O)COCC(=O)N(CCCCCCCC)CCCCCCCC|water,9060a51020d0,16686414c510,475,974,-0.23999999999999977,0,-0.35627116529214226,-0.35009520124986754,-0.35009520124986754,-0.3596607383593101,-0.35881334509251817,-0.13998868813117346,-0.35881334509251817
159984cb3cb314391153,1c0e3e76170487366db5,CCCCCCCCN(CCCCCCCC)C(=O)COCC(=O)N(CCCCCCCC)CCCCCCCC,0982ebf465b726073008,Tb-Dy,Tb,Dy,Pa_SAFE:10648,Dy_SAFE:10649,65|CCCCCCCCN(CCCCCCCC)C(=O)COCC(=O)N(CCCCCCCC)CCCCCCCC|water,66|CCCCCCCCN(CCCCCCCC)C(=O)COCC(=O)N(CCCCCCCC)CCCCCCCC|water,16686414c510,02b82eed2591,974,72,-0.19000000000000017,0,0.0725514437894566,0.08074522016297109,0.08074522016297109,-0.03233532520807455,-0.006113632958691773,0.007789356634020805,-0.006113632958691773
05476223c9cf1c5a05d5,1c0e3e76170487366db5,CCCCCCCCN(CCCCCCCC)C(=O)COCC(=O)N(CCCCCCCC)CCCCCCCC,0982ebf465b726073008,Dy-Ho,Dy,Ho,Dy_SAFE:10649,Ho_SAFE:10650,66|CCCCCCCCN(CCCCCCCC)C(=O)COCC(=O)N(CCCCCCCC)CCCCCCCC|water,67|CCCCCCCCN(CCCCCCCC)C(=O)COCC(=O)N(CCCCCCCC)CCCCCCCC|water,02b82eed2591,44a23e6db33b,72,532,-0.1499999999999999,0,0.023108597173143907,0.035770055433497046,0.035770055433497046,-0.028020504360830756,-0.015238228977337096,0.017789544227222603,-0.015238228977337096
731e1fed0ee4a3c71a77,1c0e3e76170487366db5,CCCCCCCCN(CCCCCCCC)C(=O)COCC(=O)N(CCCCCCCC)CCCCCCCC,0982ebf465b726073008,Ho-Er,Ho,Er,Ho_SAFE:10650,Er_SAFE:10651,67|CCCCCCCCN(CCCCCCCC)C(=O)COCC(=O)N(CCCCCCCC)CCCCCCCC|water,68|CCCCCCCCN(CCCCCCCC)C(=O)COCC(=O)N(CCCCCCCC)CCCCCCCC|water,44a23e6db33b,7969957ddddb,532,183,-0.08999999999999997,0,-0.15975944229403152,-0.15094713996664208,-0.15094713996664208,-0.04731194099686627,-0.07542381632115758,-0.010365855569640795,-0.07542381632115758
86603db30de6021535a4,1c0e3e76170487366db5,CCCCCCCCN(CCCCCCCC)C(=O)COCC(=O)N(CCCCCCCC)CCCCCCCC,0982ebf465b726073008,Er-Tm,Er,Tm,Er_SAFE:10651,Pa_SAFE:10652,68|CCCCCCCCN(CCCCCCCC)C(=O)COCC(=O)N(CCCCCCCC)CCCCCCCC|water,69|CCCCCCCCN(CCCCCCCC)C(=O)COCC(=O)N(CCCCCCCC)CCCCCCCC|water,7969957ddddb,6f2b8ea84d8f,183,1063,0.010000000000000009,0,-0.04676837216800355,-0.049823804827076115,-0.049823804827076115,-0.04084306401280195,-0.04232439105160235,0.044148060182730355,-0.04232439105160235
b4a7bc7f524f625887fc,1c0e3e76170487366db5,CCCCCCCCN(CCCCCCCC)C(=O)COCC(=O)N(CCCCCCCC)CCCCCCCC,0982ebf465b726073008,Tm-Yb,Tm,Yb,Pa_SAFE:10652,Pa_SAFE:10653,69|CCCCCCCCN(CCCCCCCC)C(=O)COCC(=O)N(CCCCCCCC)CCCCCCCC|water,70|CCCCCCCCN(CCCCCCCC)C(=O)COCC(=O)N(CCCCCCCC)CCCCCCCC|water,6f2b8ea84d8f,64d6f07f057c,1063,1119,-0.029999999999999916,0,-0.014939907242968188,-0.013890326452163705,-0.013890326452163705,-0.035387157985876536,-0.03027534530014945,0.020758492096016806,-0.03027534530014945
18be12d85c779732008c,1c0e3e76170487366db5,CCCCCCCCN(CCCCCCCC)C(=O)COCC(=O)N(CCCCCCCC)CCCCCCCC,0982ebf465b726073008,Yb-Lu,Yb,Lu,Pa_SAFE:10653,Lu_SAFE:10654,70|CCCCCCCCN(CCCCCCCC)C(=O)COCC(=O)N(CCCCCCCC)CCCCCCCC|water,71|CCCCCCCCN(CCCCCCCC)C(=O)COCC(=O)N(CCCCCCCC)CCCCCCCC|water,64d6f07f057c,eed9dc5fbef3,1119,720,-0.06000000000000005,0,-0.14271299068920615,-0.13975884134417796,-0.13975884134417796,-0.10211035506157326,-0.11226101396848148,0.013622105742494265,-0.11226101396848148
dc5e03b4e99a0843eb38,56c49565afe3a25ce35d,CCCCC(CC)CN(CC(CC)CCCC)C(=O)COCC(=O)N(CC(CC)CCCC)CC(CC)CCCC,3892bd45fa60b76c313c,La-Ce,La,Ce,La_SAFE:10683,Ce_SAFE:10684,57|CCCCC(CC)CN(CC(CC)CCCC)C(=O)COCC(=O)N(CC(CC)CCCC)CC(CC)CCCC|water,58|CCCCC(CC)CN(CC(CC)CCCC)C(=O)COCC(=O)N(CC(CC)CCCC)CC(CC)CCCC|water,1f713626bd1d,453fd2c396d7,587,24,-0.22000000000000064,4,-0.22564770869940126,-0.238421411639192,-0.22564770869940126,-0.20675082222321642,-0.21147504384226262,-0.3333916962146759,-0.21147504384226262
9363893d91f020609c29,56c49565afe3a25ce35d,CCCCC(CC)CN(CC(CC)CCCC)C(=O)COCC(=O)N(CC(CC)CCCC)CC(CC)CCCC,3892bd45fa60b76c313c,Ce-Pr,Ce,Pr,Ce_SAFE:10684,Pa_SAFE:10685,58|CCCCC(CC)CN(CC(CC)CCCC)C(=O)COCC(=O)N(CC(CC)CCCC)CC(CC)CCCC|water,59|CCCCC(CC)CN(CC(CC)CCCC)C(=O)COCC(=O)N(CC(CC)CCCC)CC(CC)CCCC|water,453fd2c396d7,e119696fa421,24,876,-0.039999999999999813,4,-0.07206870961353852,-0.07815911160258959,-0.07206870961353852,-0.1438225277954815,-0.12588407324999573,-0.2970319290955861,-0.12588407324999573
0b0c5279f034530c633d,56c49565afe3a25ce35d,CCCCC(CC)CN(CC(CC)CCCC)C(=O)COCC(=O)N(CC(CC)CCCC)CC(CC)CCCC,3892bd45fa60b76c313c,Pr-Nd,Pr,Nd,Pa_SAFE:10685,Nd_SAFE:10686,59|CCCCC(CC)CN(CC(CC)CCCC)C(=O)COCC(=O)N(CC(CC)CCCC)CC(CC)CCCC|water,60|CCCCC(CC)CN(CC(CC)CCCC)C(=O)COCC(=O)N(CC(CC)CCCC)CC(CC)CCCC|water,e119696fa421,bc638483400c,876,790,0.08000000000000052,4,-0.0856071689132542,-0.09362669297268508,-0.0856071689132542,-0.09813748725905802,-0.09500490767260707,-0.19786352415879568,-0.09500490767260707
747acbc8a0cfab9de32c,56c49565afe3a25ce35d,CCCCC(CC)CN(CC(CC)CCCC)C(=O)COCC(=O)N(CC(CC)CCCC)CC(CC)CCCC,3892bd45fa60b76c313c,Sm-Eu,Sm,Eu,Pa_SAFE:10687,Eu_SAFE:10688,62|CCCCC(CC)CN(CC(CC)CCCC)C(=O)COCC(=O)N(CC(CC)CCCC)CC(CC)CCCC|water,63|CCCCC(CC)CN(CC(CC)CCCC)C(=O)COCC(=O)N(CC(CC)CCCC)CC(CC)CCCC|water,4c69294529b9,f8c89bfcafa6,917,422,-0.10999999999999999,4,-0.13756595301233496,-0.15129746202926603,-0.13756595301233496,-0.12503008339155441,-0.12816405079674956,-0.28453818957010907,-0.12816405079674956
87dcc0d1bb0b46836a49,56c49565afe3a25ce35d,CCCCC(CC)CN(CC(CC)CCCC)C(=O)COCC(=O)N(CC(CC)CCCC)CC(CC)CCCC,3892bd45fa60b76c313c,Eu-Gd,Eu,Gd,Eu_SAFE:10688,Gd_SAFE:10689,63|CCCCC(CC)CN(CC(CC)CCCC)C(=O)COCC(=O)N(CC(CC)CCCC)CC(CC)CCCC|water,64|CCCCC(CC)CN(CC(CC)CCCC)C(=O)COCC(=O)N(CC(CC)CCCC)CC(CC)CCCC|water,f8c89bfcafa6,a95f2ba3f810,422,486,-0.029999999999999916,4,-0.07132225698309713,-0.07651289910654872,-0.07132225698309713,-0.07458583138909042,-0.0737699377875921,-0.1360966165860494,-0.0737699377875921
40adce38caa26acdacb6,56c49565afe3a25ce35d,CCCCC(CC)CN(CC(CC)CCCC)C(=O)COCC(=O)N(CC(CC)CCCC)CC(CC)CCCC,3892bd45fa60b76c313c,Gd-Tb,Gd,Tb,Gd_SAFE:10689,Pa_SAFE:10690,64|CCCCC(CC)CN(CC(CC)CCCC)C(=O)COCC(=O)N(CC(CC)CCCC)CC(CC)CCCC|water,65|CCCCC(CC)CN(CC(CC)CCCC)C(=O)COCC(=O)N(CC(CC)CCCC)CC(CC)CCCC|water,a95f2ba3f810,bad92aaac89e,486,1017,-0.13000000000000012,4,-0.13142837556180803,-0.1350594232769633,-0.13142837556180803,-0.15471666990826893,-0.1488945963216537,-0.3398272593816121,-0.1488945963216537
73528a3432a4247cc4f7,56c49565afe3a25ce35d,CCCCC(CC)CN(CC(CC)CCCC)C(=O)COCC(=O)N(CC(CC)CCCC)CC(CC)CCCC,3892bd45fa60b76c313c,Tb-Dy,Tb,Dy,Pa_SAFE:10690,Dy_SAFE:10691,65|CCCCC(CC)CN(CC(CC)CCCC)C(=O)COCC(=O)N(CC(CC)CCCC)CC(CC)CCCC|water,66|CCCCC(CC)CN(CC(CC)CCCC)C(=O)COCC(=O)N(CC(CC)CCCC)CC(CC)CCCC|water,bad92aaac89e,c351813a0a93,1017,133,-0.07999999999999996,4,-0.05604910902562475,-0.06651754058221171,-0.05604910902562475,-0.05778299468353529,-0.05734952326905765,-0.058351255332430206,-0.05734952326905765
3afe4ab3db61947d64c9,56c49565afe3a25ce35d,CCCCC(CC)CN(CC(CC)CCCC)C(=O)COCC(=O)N(CC(CC)CCCC)CC(CC)CCCC,3892bd45fa60b76c313c,Dy-Ho,Dy,Ho,Dy_SAFE:10691,Ho_SAFE:10692,66|CCCCC(CC)CN(CC(CC)CCCC)C(=O)COCC(=O)N(CC(CC)CCCC)CC(CC)CCCC|water,67|CCCCC(CC)CN(CC(CC)CCCC)C(=O)COCC(=O)N(CC(CC)CCCC)CC(CC)CCCC|water,c351813a0a93,34d035b4dc31,133,529,-0.06000000000000005,4,-0.0638248029609737,-0.07014107511611567,-0.0638248029609737,-0.0550475478637366,-0.05724186163804587,-0.09434931476910909,-0.05724186163804587
a752749ddea50bec7d36,56c49565afe3a25ce35d,CCCCC(CC)CN(CC(CC)CCCC)C(=O)COCC(=O)N(CC(CC)CCCC)CC(CC)CCCC,3892bd45fa60b76c313c,Ho-Er,Ho,Er,Ho_SAFE:10692,Er_SAFE:10693,67|CCCCC(CC)CN(CC(CC)CCCC)C(=O)COCC(=O)N(CC(CC)CCCC)CC(CC)CCCC|water,68|CCCCC(CC)CN(CC(CC)CCCC)C(=O)COCC(=O)N(CC(CC)CCCC)CC(CC)CCCC|water,34d035b4dc31,1c200b75910f,529,156,0.0,4,-0.037576487004597356,-0.0438561446083955,-0.037576487004597356,-0.041308492587903006,-0.04037549119207659,-0.03466666334619125,-0.04037549119207659
f20436e8ffe3724abdab,56c49565afe3a25ce35d,CCCCC(CC)CN(CC(CC)CCCC)C(=O)COCC(=O)N(CC(CC)CCCC)CC(CC)CCCC,3892bd45fa60b76c313c,Er-Tm,Er,Tm,Er_SAFE:10693,Pa_SAFE:10694,68|CCCCC(CC)CN(CC(CC)CCCC)C(=O)COCC(=O)N(CC(CC)CCCC)CC(CC)CCCC|water,69|CCCCC(CC)CN(CC(CC)CCCC)C(=O)COCC(=O)N(CC(CC)CCCC)CC(CC)CCCC|water,1c200b75910f,fc17b4020e9e,156,1090,0.050000000000000044,4,-0.018283082164158217,-0.016546655618284126,-0.018283082164158217,-0.0320368560988528,-0.028598412615179158,-0.04052872210741043,-0.028598412615179158
cf9b82982c69fa1b374d,56c49565afe3a25ce35d,CCCCC(CC)CN(CC(CC)CCCC)C(=O)COCC(=O)N(CC(CC)CCCC)CC(CC)CCCC,3892bd45fa60b76c313c,Tm-Yb,Tm,Yb,Pa_SAFE:10694,Pa_SAFE:10695,69|CCCCC(CC)CN(CC(CC)CCCC)C(=O)COCC(=O)N(CC(CC)CCCC)CC(CC)CCCC|water,70|CCCCC(CC)CN(CC(CC)CCCC)C(=O)COCC(=O)N(CC(CC)CCCC)CC(CC)CCCC|water,fc17b4020e9e,3ef926d9b89b,1090,1113,0.030000000000000138,4,-0.01879178316767383,-0.012714139308985217,-0.01879178316767383,-0.023093355451429282,-0.02201796238049042,0.018933522670219343,-0.02201796238049042
ed4dd09e196433970b00,56c49565afe3a25ce35d,CCCCC(CC)CN(CC(CC)CCCC)C(=O)COCC(=O)N(CC(CC)CCCC)CC(CC)CCCC,3892bd45fa60b76c313c,Yb-Lu,Yb,Lu,Pa_SAFE:10695,Lu_SAFE:10696,70|CCCCC(CC)CN(CC(CC)CCCC)C(=O)COCC(=O)N(CC(CC)CCCC)CC(CC)CCCC|water,71|CCCCC(CC)CN(CC(CC)CCCC)C(=O)COCC(=O)N(CC(CC)CCCC)CC(CC)CCCC|water,3ef926d9b89b,686dc5817a7b,1113,691,0.0,4,-0.0504549455488974,-0.051259292964488466,-0.0504549455488974,-0.04061562245725768,-0.04307545323016761,-0.06988964726527531,-0.04307545323016761
4ea67f549f9bc7070882,5d1b46ac0bbdb80d87a7,O=C(COCC(=O)N1CCCCC1)N1CCCCC1,5865c2d41c46e07db45b,La-Ce,La,Ce,Er_SAFE:10711,Ce_SAFE:10712,57|O=C(COCC(=O)N1CCCCC1)N1CCCCC1|water,58|O=C(COCC(=O)N1CCCCC1)N1CCCCC1|water,7e5952e60ece,843d313cd0ba,613,37,0.019999999999999796,1,-0.3351864879021904,-0.3456002388017828,-0.3456002388017828,-0.3362963201841954,-0.3354639459726917,-0.40606530507405597,-0.3531142857480328
9e0088e387e8d662b54d,5d1b46ac0bbdb80d87a7,O=C(COCC(=O)N1CCCCC1)N1CCCCC1,5865c2d41c46e07db45b,Ce-Pr,Ce,Pr,Ce_SAFE:10712,Er_SAFE:10713,58|O=C(COCC(=O)N1CCCCC1)N1CCCCC1|water,59|O=C(COCC(=O)N1CCCCC1)N1CCCCC1|water,843d313cd0ba,ebc307a72df3,37,880,0.050000000000000044,1,-0.24393597677193699,-0.2484278025801997,-0.2484278025801997,-0.27318360739552183,-0.2512478844278332,-0.34733132521311444,-0.2752687446241535
9fe2c0d80844c3e6f5e3,5d1b46ac0bbdb80d87a7,O=C(COCC(=O)N1CCCCC1)N1CCCCC1,5865c2d41c46e07db45b,Pr-Nd,Pr,Nd,Er_SAFE:10713,Er_SAFE:10714,59|O=C(COCC(=O)N1CCCCC1)N1CCCCC1|water,60|O=C(COCC(=O)N1CCCCC1)N1CCCCC1|water,ebc307a72df3,6a813ec13042,880,756,-0.029999999999999805,1,-0.19308745192190144,-0.20719433893260011,-0.20719433893260011,-0.24287476542916075,-0.20553428029871626,-0.2289636880159378,-0.21139163222802165
eb67402ac34ea51c8d01,5d1b46ac0bbdb80d87a7,O=C(COCC(=O)N1CCCCC1)N1CCCCC1,5865c2d41c46e07db45b,Sm-Eu,Sm,Eu,Er_SAFE:10715,Er_SAFE:10716,62|O=C(COCC(=O)N1CCCCC1)N1CCCCC1|water,63|O=C(COCC(=O)N1CCCCC1)N1CCCCC1|water,3dedc054e089,d385338b84da,906,390,-0.04999999999999993,1,-0.06616520354599434,-0.07183687528178931,-0.07183687528178931,-0.09507831549427521,-0.07339348153306456,-0.15269572163621584,-0.09321904155885238
56662d3883555ae3c045,5d1b46ac0bbdb80d87a7,O=C(COCC(=O)N1CCCCC1)N1CCCCC1,5865c2d41c46e07db45b,Eu-Gd,Eu,Gd,Er_SAFE:10716,Er_SAFE:10717,63|O=C(COCC(=O)N1CCCCC1)N1CCCCC1|water,64|O=C(COCC(=O)N1CCCCC1)N1CCCCC1|water,d385338b84da,5e68de46eed8,390,462,0.009999999999999676,1,-0.05136135865417376,-0.051005443515251214,-0.051005443515251214,-0.06427483990746874,-0.0545897289674975,-0.005161644580463569,-0.04223270787073902
b4b8b9e3919fddb7af8e,5d1b46ac0bbdb80d87a7,O=C(COCC(=O)N1CCCCC1)N1CCCCC1,5865c2d41c46e07db45b,Gd-Tb,Gd,Tb,Er_SAFE:10717,Er_SAFE:10718,64|O=C(COCC(=O)N1CCCCC1)N1CCCCC1|water,65|O=C(COCC(=O)N1CCCCC1)N1CCCCC1|water,5e68de46eed8,b8ecbb913546,462,1013,0.050000000000000044,1,-0.11501516767390746,-0.11494065051596589,-0.11494065051596589,-0.17236473767206956,-0.12935256017344798,-0.3439383606115977,-0.18299901028298543
d9530201f6dd24f128af,5d1b46ac0bbdb80d87a7,O=C(COCC(=O)N1CCCCC1)N1CCCCC1,5865c2d41c46e07db45b,Tb-Dy,Tb,Dy,Er_SAFE:10718,Dy_SAFE:10719,65|O=C(COCC(=O)N1CCCCC1)N1CCCCC1|water,66|O=C(COCC(=O)N1CCCCC1)N1CCCCC1|water,b8ecbb913546,f81049ab872c,1013,146,0.02000000000000024,1,-0.024190035525444353,-0.01918682834416418,-0.01918682834416418,-0.03683078916047866,-0.02735022393420293,0.13490268091360727,0.013213002277749616
8039b567bc64ef44b4b3,5d1b46ac0bbdb80d87a7,O=C(COCC(=O)N1CCCCC1)N1CCCCC1,5865c2d41c46e07db45b,Dy-Ho,Dy,Ho,Dy_SAFE:10719,Er_SAFE:10720,66|O=C(COCC(=O)N1CCCCC1)N1CCCCC1|water,67|O=C(COCC(=O)N1CCCCC1)N1CCCCC1|water,f81049ab872c,decb7af4dfa8,146,568,-0.01000000000000012,1,-0.024020327402014378,-0.023259779518846755,-0.023259779518846755,-0.05643144180392142,-0.03212310600249114,0.17323002219200134,0.01921517604613198
3405882f4b24cc34a019,5d1b46ac0bbdb80d87a7,O=C(COCC(=O)N1CCCCC1)N1CCCCC1,5865c2d41c46e07db45b,Ho-Er,Ho,Er,Er_SAFE:10720,Er_SAFE:10721,67|O=C(COCC(=O)N1CCCCC1)N1CCCCC1|water,68|O=C(COCC(=O)N1CCCCC1)N1CCCCC1|water,decb7af4dfa8,f4ceaeffb0e0,568,223,0.02000000000000013,1,-0.06937349939802091,-0.0641918586633383,-0.0641918586633383,-0.04985821065193469,-0.06449467721149936,-0.18135422468185425,-0.09370956407908808
e16f3ea389ea1feb8882,5d1b46ac0bbdb80d87a7,O=C(COCC(=O)N1CCCCC1)N1CCCCC1,5865c2d41c46e07db45b,Er-Tm,Er,Tm,Er_SAFE:10721,Er_SAFE:10722,68|O=C(COCC(=O)N1CCCCC1)N1CCCCC1|water,69|O=C(COCC(=O)N1CCCCC1)N1CCCCC1|water,f4ceaeffb0e0,de74e96ab1ac,223,1082,-0.03000000000000025,1,0.0009124241103463397,-0.0002418507747315608,-0.00024185077473156086,-0.017152970467331625,-0.003603924534073151,-0.04793652861068646,-0.01468707555322648
e9eb70a2cc3f422f14a3,5d1b46ac0bbdb80d87a7,O=C(COCC(=O)N1CCCCC1)N1CCCCC1,5865c2d41c46e07db45b,Tm-Yb,Tm,Yb,Er_SAFE:10722,Er_SAFE:10723,69|O=C(COCC(=O)N1CCCCC1)N1CCCCC1|water,70|O=C(COCC(=O)N1CCCCC1)N1CCCCC1|water,de74e96ab1ac,edfc3ebb8ed0,1082,1151,-0.029999999999999805,1,0.004307033080707063,0.00025633852472026566,0.00025633852472026555,-0.0126600675505773,6.525792288597163e-05,0.015045357247193655,0.0038102827539628925
c0adb3727a5a4f22d502,5d1b46ac0bbdb80d87a7,O=C(COCC(=O)N1CCCCC1)N1CCCCC1,5865c2d41c46e07db45b,Yb-Lu,Yb,Lu,Er_SAFE:10723,Er_SAFE:10724,70|O=C(COCC(=O)N1CCCCC1)N1CCCCC1|water,71|O=C(COCC(=O)N1CCCCC1)N1CCCCC1|water,edfc3ebb8ed0,e6f9dde6a90b,1151,719,-0.04999999999999993,1,-0.055804355374044615,-0.06238355240232741,-0.06238355240232741,-0.037943357066911876,-0.05133910579726143,-0.07814440627892812,-0.058040430917678104
47f81439a533fb9a9202,c9232c4a959063e29972,COCCN(CCOC)C(=O)COCC(=O)N(CCOC)CCOC,561cd4451a179bdd5a67,La-Ce,La,Ce,La_SAFE:10725,Ce_SAFE:10726,57|COCCN(CCOC)C(=O)COCC(=O)N(CCOC)CCOC|water,58|COCCN(CCOC)C(=O)COCC(=O)N(CCOC)CCOC|water,9823bd9409ca,571ba3077142,622,28,0.019999999999999907,1,-0.26359793698704875,-0.282071547832374,-0.282071547832374,-0.2273575912828229,-0.2545378505609923,0.1411305492122968,-0.15562075061767003
d9440602d1cffdff0fce,c9232c4a959063e29972,COCCN(CCOC)C(=O)COCC(=O)N(CCOC)CCOC,561cd4451a179bdd5a67,Ce-Pr,Ce,Pr,Ce_SAFE:10726,Pa_SAFE:10727,58|COCCN(CCOC)C(=O)COCC(=O)N(CCOC)CCOC|water,59|COCCN(CCOC)C(=O)COCC(=O)N(CCOC)CCOC|water,571ba3077142,7585da06f83d,28,843,0.04999999999999993,1,-0.27333406167592167,-0.2861751210668704,-0.2861751210668704,-0.201815530801603,-0.255454428957342,-0.22242335975170135,-0.24719666165593185
92f0cd2eae48c9303054,c9232c4a959063e29972,COCCN(CCOC)C(=O)COCC(=O)N(CCOC)CCOC,561cd4451a179bdd5a67,Sm-Eu,Sm,Eu,Pa_SAFE:10729,Eu_SAFE:10730,62|COCCN(CCOC)C(=O)COCC(=O)N(CCOC)CCOC|water,63|COCCN(CCOC)C(=O)COCC(=O)N(CCOC)CCOC|water,c614ad7fb8d4,f2bec3b5bee8,951,412,-0.04999999999999982,1,0.06915665908153365,0.07303832154269516,0.07303832154269516,0.08920464624474383,0.0741686558723362,0.1238177220026652,0.08658092240491845
8870c788fd7bbbcb45c9,c9232c4a959063e29972,COCCN(CCOC)C(=O)COCC(=O)N(CCOC)CCOC,561cd4451a179bdd5a67,Eu-Gd,Eu,Gd,Eu_SAFE:10730,Gd_SAFE:10731,63|COCCN(CCOC)C(=O)COCC(=O)N(CCOC)CCOC|water,64|COCCN(CCOC)C(=O)COCC(=O)N(CCOC)CCOC|water,f2bec3b5bee8,337c532af554,412,450,0.0,1,0.05911620900951553,0.06589846871835835,0.06589846871835835,0.057552439629654034,0.058725266664550156,-0.008673398445049921,0.04187560038715014
ee15b82c392b9ac7e675,c9232c4a959063e29972,COCCN(CCOC)C(=O)COCC(=O)N(CCOC)CCOC,561cd4451a179bdd5a67,Gd-Tb,Gd,Tb,Gd_SAFE:10731,Pa_SAFE:10732,64|COCCN(CCOC)C(=O)COCC(=O)N(CCOC)CCOC|water,65|COCCN(CCOC)C(=O)COCC(=O)N(CCOC)CCOC|water,337c532af554,5370ca21e6d7,450,988,0.05999999999999994,1,-0.0007149444032657224,0.005730497002578428,0.005730497002578428,-0.04911214074168886,-0.012814243487871507,-0.3386523524920146,-0.09427377073890728
366fb485e758933f0214,c9232c4a959063e29972,COCCN(CCOC)C(=O)COCC(=O)N(CCOC)CCOC,561cd4451a179bdd5a67,Tb-Dy,Tb,Dy,Pa_SAFE:10732,Dy_SAFE:10733,65|COCCN(CCOC)C(=O)COCC(=O)N(CCOC)CCOC|water,66|COCCN(CCOC)C(=O)COCC(=O)N(CCOC)CCOC|water,5370ca21e6d7,e31a306be74a,988,140,0.020000000000000018,1,0.09744569522244201,0.09469007346331071,0.09469007346331071,0.0735769800386836,0.0914785164265024,0.14727051742374897,0.10542651667581404
9ea411867f9cb1169c16,c9232c4a959063e29972,COCCN(CCOC)C(=O)COCC(=O)N(CCOC)CCOC,561cd4451a179bdd5a67,Dy-Ho,Dy,Ho,Dy_SAFE:10733,Ho_SAFE:10734,66|COCCN(CCOC)C(=O)COCC(=O)N(CCOC)CCOC|water,67|COCCN(CCOC)C(=O)COCC(=O)N(CCOC)CCOC|water,e31a306be74a,4c1137e8e97b,140,533,-0.01000000000000012,1,0.07777362552540558,0.07491533971448411,0.07491533971448411,0.05073760593021795,0.07101462062660867,0.15654206772645315,0.0923964824015698
5e6701c4f5cc31126a78,c9232c4a959063e29972,COCCN(CCOC)C(=O)COCC(=O)N(CCOC)CCOC,561cd4451a179bdd5a67,Ho-Er,Ho,Er,Ho_SAFE:10734,Er_SAFE:10735,67|COCCN(CCOC)C(=O)COCC(=O)N(CCOC)CCOC|water,68|COCCN(CCOC)C(=O)COCC(=O)N(CCOC)CCOC|water,4c1137e8e97b,ca3d536acbf6,533,210,0.019999999999999907,1,-0.0023714077985316174,0.006344318985578758,0.006344318985578758,0.044419947600356446,0.009326431051190399,0.025190154168133933,0.013292361830426282
bfb6863a59e5a931781a,c9232c4a959063e29972,COCCN(CCOC)C(=O)COCC(=O)N(CCOC)CCOC,561cd4451a179bdd5a67,Er-Tm,Er,Tm,Er_SAFE:10735,Pa_SAFE:10736,68|COCCN(CCOC)C(=O)COCC(=O)N(CCOC)CCOC|water,69|COCCN(CCOC)C(=O)COCC(=O)N(CCOC)CCOC|water,ca3d536acbf6,fd3fe197d04d,210,1091,-0.029999999999999805,1,0.06226528220466626,0.06502860563303016,0.06502860563303016,0.05598535758023371,0.06069530104855812,0.14824498196442923,0.0825827212775259
63b1ccacd882d68e0c84,c9232c4a959063e29972,COCCN(CCOC)C(=O)COCC(=O)N(CCOC)CCOC,561cd4451a179bdd5a67,Tm-Yb,Tm,Yb,Pa_SAFE:10736,Pa_SAFE:10737,69|COCCN(CCOC)C(=O)COCC(=O)N(CCOC)CCOC|water,70|COCCN(CCOC)C(=O)COCC(=O)N(CCOC)CCOC|water,fd3fe197d04d,b9bcc8dbd520,1091,1140,-0.040000000000000036,1,0.0096890025488288,0.008599718975905573,0.008599718975905573,0.06394354291914076,0.02325263764140679,0.005478358672310908,0.01880906789913282
d95fccfb07e32c400ace,c9232c4a959063e29972,COCCN(CCOC)C(=O)COCC(=O)N(CCOC)CCOC,561cd4451a179bdd5a67,Yb-Lu,Yb,Lu,Pa_SAFE:10737,Lu_SAFE:10738,70|COCCN(CCOC)C(=O)COCC(=O)N(CCOC)CCOC|water,71|COCCN(CCOC)C(=O)COCC(=O)N(CCOC)CCOC|water,b9bcc8dbd520,d08732a72754,1140,682,-0.04999999999999993,1,0.01857247755455315,0.02265550956097403,0.02265550956097403,0.04003639350838262,0.023938456543010515,0.19203680257002512,0.06596304304976416
f7abe5f2148a641ee7e5,ecf73c1ff8640ad4661f,CCCN(CCC)C(=O)COCC(=O)N(CCC)CCC,dc7ee58d47cb71baf62d,La-Ce,La,Ce,La_SAFE:12209,Ce_SAFE:12210,57|CCCN(CCC)C(=O)COCC(=O)N(CCC)CCC|nitrate,58|CCCN(CCC)C(=O)COCC(=O)N(CCC)CCC|nitrate,692b00900b58,d37d47878554,612,58,-0.37148217636022296,4,-0.2424295510577037,-0.2333231369488406,-0.2424295510577037,-0.10126760934652382,-0.1365580947743188,-0.354937419295311,-0.1365580947743188
74c35ddb4f8fc93ce613,ecf73c1ff8640ad4661f,CCCN(CCC)C(=O)COCC(=O)N(CCC)CCC,dc7ee58d47cb71baf62d,Ce-Pr,Ce,Pr,Ce_SAFE:12210,Pr_SAFE:12211,58|CCCN(CCC)C(=O)COCC(=O)N(CCC)CCC|nitrate,59|CCCN(CCC)C(=O)COCC(=O)N(CCC)CCC|nitrate,d37d47878554,4604ed2e646b,58,829,-0.2476547842401522,4,-0.12719423004155594,-0.1277468611326108,-0.12719423004155594,-0.0796777397891588,-0.09155686235225809,-0.1141833911339442,-0.09155686235225809
1aa239b291b067341278,ecf73c1ff8640ad4661f,CCCN(CCC)C(=O)COCC(=O)N(CCC)CCC,dc7ee58d47cb71baf62d,Pr-Nd,Pr,Nd,Pr_SAFE:12211,Nd_SAFE:12212,59|CCCN(CCC)C(=O)COCC(=O)N(CCC)CCC|nitrate,60|CCCN(CCC)C(=O)COCC(=O)N(CCC)CCC|nitrate,4604ed2e646b,9843e72ac7d1,829,771,-0.04502814258911725,4,-0.042865523797262994,-0.04980679535820118,-0.042865523797262994,-0.06571264866117033,-0.06000086744519349,0.015399466889599958,-0.06000086744519349
24fe9fe41e39bca90249,ecf73c1ff8640ad4661f,CCCN(CCC)C(=O)COCC(=O)N(CCC)CCC,dc7ee58d47cb71baf62d,Sm-Eu,Sm,Eu,Pr_SAFE:12213,Eu_SAFE:12214,62|CCCN(CCC)C(=O)COCC(=O)N(CCC)CCC|nitrate,63|CCCN(CCC)C(=O)COCC(=O)N(CCC)CCC|nitrate,3993ab98c7c2,50ea21f5a29e,905,288,-0.12945590994371514,4,-0.00013707422168587544,0.0017152796735781105,-0.00013707422168587544,-0.028549040052241115,-0.021446048594602304,0.0017468441898624103,-0.021446048594602304
23153705be5174f3ffea,45597e41b39ab721ee41,CCCN(CCC)C(=O)COCC(=O)N(CCC)CCC,dc7ee58d47cb71baf62d,La-Ce,La,Ce,La_SAFE:12223,Ce_SAFE:12224,57|CCCN(CCC)C(=O)COCC(=O)N(CCC)CCC|nitrate,58|CCCN(CCC)C(=O)COCC(=O)N(CCC)CCC|nitrate,692b00900b58,d37d47878554,612,58,-0.34333958724202546,4,-0.2575348370427475,-0.24481383671585252,-0.2575348370427475,-0.11419598965364176,-0.15003070150091818,-0.45085781812667847,-0.15003070150091818
60b8741872f69b331577,45597e41b39ab721ee41,CCCN(CCC)C(=O)COCC(=O)N(CCC)CCC,dc7ee58d47cb71baf62d,Ce-Pr,Ce,Pr,Ce_SAFE:12224,Pr_SAFE:12225,58|CCCN(CCC)C(=O)COCC(=O)N(CCC)CCC|nitrate,59|CCCN(CCC)C(=O)COCC(=O)N(CCC)CCC|nitrate,d37d47878554,4604ed2e646b,58,829,-0.16322701688555463,4,-0.14182092601649576,-0.13729236447607873,-0.14182092601649576,-0.09401945410912624,-0.10596982208596861,-0.09542077655593555,-0.10596982208596861
4679e4b9db2f454a8415,45597e41b39ab721ee41,CCCN(CCC)C(=O)COCC(=O)N(CCC)CCC,dc7ee58d47cb71baf62d,Pr-Nd,Pr,Nd,Pr_SAFE:12225,Nd_SAFE:12226,59|CCCN(CCC)C(=O)COCC(=O)N(CCC)CCC|nitrate,60|CCCN(CCC)C(=O)COCC(=O)N(CCC)CCC|nitrate,4604ed2e646b,9843e72ac7d1,829,771,-0.0337711069418386,4,-0.044585996564895605,-0.04931197534701921,-0.044585996564895605,-0.07324772409887884,-0.06608229221538303,0.011586848956843218,-0.06608229221538303
cfef6af249ab8a3d424f,45597e41b39ab721ee41,CCCN(CCC)C(=O)COCC(=O)N(CCC)CCC,dc7ee58d47cb71baf62d,Sm-Eu,Sm,Eu,Pr_SAFE:12227,Eu_SAFE:12228,62|CCCN(CCC)C(=O)COCC(=O)N(CCC)CCC|nitrate,63|CCCN(CCC)C(=O)COCC(=O)N(CCC)CCC|nitrate,3993ab98c7c2,50ea21f5a29e,905,288,-0.2026266416510304,4,0.007313704659117705,0.009099520059539578,0.007313704659117705,-0.023778466308735667,-0.016005423566772325,0.022058471105992794,-0.016005423566772325
4d8e38215d4b0be5fd70,b44271910c572af417a3,CCCN(CCC)C(=O)COCC(=O)N(CCC)CCC,dc7ee58d47cb71baf62d,La-Ce,La,Ce,La_SAFE:12237,Ce_SAFE:12238,57|CCCN(CCC)C(=O)COCC(=O)N(CCC)CCC|nitrate,58|CCCN(CCC)C(=O)COCC(=O)N(CCC)CCC|nitrate,692b00900b58,d37d47878554,612,58,-0.20262664165103195,4,-0.23338053576322726,-0.22137672784236379,-0.23338053576322726,-0.10081217155321329,-0.13395426260571677,-0.21654017766316733,-0.13395426260571677
1062032a3fc0dbe2731e,b44271910c572af417a3,CCCN(CCC)C(=O)COCC(=O)N(CCC)CCC,dc7ee58d47cb71baf62d,Ce-Pr,Ce,Pr,Ce_SAFE:12238,Pr_SAFE:12239,58|CCCN(CCC)C(=O)COCC(=O)N(CCC)CCC|nitrate,59|CCCN(CCC)C(=O)COCC(=O)N(CCC)CCC|nitrate,d37d47878554,4604ed2e646b,58,829,-0.16322701688555374,4,-0.12235057246303968,-0.12384168524725334,-0.12235057246303968,-0.0808704567121126,-0.09124048564984437,-0.03545474757750829,-0.09124048564984437
9c923a43cfd2714ad6c4,b44271910c572af417a3,CCCN(CCC)C(=O)COCC(=O)N(CCC)CCC,dc7ee58d47cb71baf62d,Pr-Nd,Pr,Nd,Pr_SAFE:12239,Nd_SAFE:12240,59|CCCN(CCC)C(=O)COCC(=O)N(CCC)CCC|nitrate,60|CCCN(CCC)C(=O)COCC(=O)N(CCC)CCC|nitrate,4604ed2e646b,9843e72ac7d1,829,771,-0.05628517823639556,4,-0.045144209164790824,-0.05028527359134147,-0.045144209164790824,-0.06834333202986397,-0.06254355131359568,0.018561309203505516,-0.06254355131359568
bf0dfca15f0a624c2ac2,b44271910c572af417a3,CCCN(CCC)C(=O)COCC(=O)N(CCC)CCC,dc7ee58d47cb71baf62d,Sm-Eu,Sm,Eu,Pr_SAFE:12241,Eu_SAFE:12242,62|CCCN(CCC)C(=O)COCC(=O)N(CCC)CCC|nitrate,63|CCCN(CCC)C(=O)COCC(=O)N(CCC)CCC|nitrate,3993ab98c7c2,50ea21f5a29e,905,288,-0.0787992495309564,4,-0.033742987131013764,-0.02822040475564248,-0.033742987131013764,-0.03551380785816469,-0.035071102676376954,-0.05296369890371958,-0.035071102676376954
5183cb14f6a74dab29c6,ffe7d91b878b18ca67ac,CCCN(CCC)C(=O)COCC(=O)N(CCC)CCC,dc7ee58d47cb71baf62d,La-Ce,La,Ce,La_SAFE:12251,Ce_SAFE:12252,57|CCCN(CCC)C(=O)COCC(=O)N(CCC)CCC|nitrate,58|CCCN(CCC)C(=O)COCC(=O)N(CCC)CCC|nitrate,692b00900b58,d37d47878554,612,58,-0.25328330206379257,4,-0.23634000071413724,-0.2243352568097583,-0.23634000071413724,-0.09743563259517436,-0.13216172462491507,-0.2686781684557597,-0.13216172462491507
058165121e2afdc467b2,ffe7d91b878b18ca67ac,CCCN(CCC)C(=O)COCC(=O)N(CCC)CCC,dc7ee58d47cb71baf62d,Ce-Pr,Ce,Pr,Ce_SAFE:12252,Pr_SAFE:12253,58|CCCN(CCC)C(=O)COCC(=O)N(CCC)CCC|nitrate,59|CCCN(CCC)C(=O)COCC(=O)N(CCC)CCC|nitrate,d37d47878554,4604ed2e646b,58,829,-0.12945590994371536,4,-0.12581801660783057,-0.12561901428861394,-0.12581801660783057,-0.07598181889027764,-0.08844086831966587,-0.0916558268169562,-0.08844086831966587
229220ba503423663f6e,ffe7d91b878b18ca67ac,CCCN(CCC)C(=O)COCC(=O)N(CCC)CCC,dc7ee58d47cb71baf62d,Pr-Nd,Pr,Nd,Pr_SAFE:12253,Nd_SAFE:12254,59|CCCN(CCC)C(=O)COCC(=O)N(CCC)CCC|nitrate,60|CCCN(CCC)C(=O)COCC(=O)N(CCC)CCC|nitrate,4604ed2e646b,9843e72ac7d1,829,771,-0.022514071294557292,4,-0.04039593939426576,-0.04437624810641874,-0.04039593939426576,-0.06155230115987957,-0.05626321071847612,0.0009632523482044538,-0.05626321071847612
23a17d61977f06c0e53e,ffe7d91b878b18ca67ac,CCCN(CCC)C(=O)COCC(=O)N(CCC)CCC,dc7ee58d47cb71baf62d,Sm-Eu,Sm,Eu,Pr_SAFE:12255,Eu_SAFE:12256,62|CCCN(CCC)C(=O)COCC(=O)N(CCC)CCC|nitrate,63|CCCN(CCC)C(=O)COCC(=O)N(CCC)CCC|nitrate,3993ab98c7c2,50ea21f5a29e,905,288,-0.17448405253283306,4,0.01683370118343186,0.020895018153912877,0.01683370118343186,-0.01269946106951521,-0.005316170506278441,0.052143306781848274,-0.005316170506278441
61fd02f61be520ee92b3,0d0ed460f8f8a6985ccf,CCCN(CCC)C(=O)COCC(=O)N(CCC)CCC,dc7ee58d47cb71baf62d,La-Ce,La,Ce,La_SAFE:12265,Ce_SAFE:12266,57|CCCN(CCC)C(=O)COCC(=O)N(CCC)CCC|nitrate,58|CCCN(CCC)C(=O)COCC(=O)N(CCC)CCC|nitrate,692b00900b58,d37d47878554,612,58,0.1857410881801136,4,-0.23351675759559756,-0.2248720034996578,-0.23351675759559756,-0.0982222567683389,-0.13204588197515357,-0.24663439889748892,-0.13204588197515357
672219e77369b9b6fc48,0d0ed460f8f8a6985ccf,CCCN(CCC)C(=O)COCC(=O)N(CCC)CCC,dc7ee58d47cb71baf62d,Ce-Pr,Ce,Pr,Ce_SAFE:12266,Lu_SAFE:12267,58|CCCN(CCC)C(=O)COCC(=O)N(CCC)CCC|nitrate,59|CCCN(CCC)C(=O)COCC(=O)N(CCC)CCC|nitrate,d37d47878554,4604ed2e646b,58,829,0.25891181988743917,4,-0.12072081261817784,-0.12255439386285844,-0.12072081261817784,-0.07717467512765094,-0.08806120950028266,-0.07903890560070674,-0.08806120950028266
25860a5015989d647da3,0d0ed460f8f8a6985ccf,CCCN(CCC)C(=O)COCC(=O)N(CCC)CCC,dc7ee58d47cb71baf62d,Pr-Nd,Pr,Nd,Lu_SAFE:12267,Lu_SAFE:12268,59|CCCN(CCC)C(=O)COCC(=O)N(CCC)CCC|nitrate,60|CCCN(CCC)C(=O)COCC(=O)N(CCC)CCC|nitrate,4604ed2e646b,9843e72ac7d1,829,771,0.028142589118183903,4,-0.037306211912978025,-0.04365708465489151,-0.037306211912978025,-0.06262549546563276,-0.056295674577469076,-0.00885767675936222,-0.056295674577469076
9987f6f72f1837f0cf1e,07b9cf6668c0a8832e82,CCCCCCCCN(CCCCCCCC)C(=O)COCC(=O)N(CCCCCCCC)CCCCCCCC,0982ebf465b726073008,La-Ce,La,Ce,La_SAFE:12269,Ce_SAFE:12270,57|CCCCCCCCN(CCCCCCCC)C(=O)COCC(=O)N(CCCCCCCC)CCCCCCCC|nitrate,58|CCCCCCCCN(CCCCCCCC)C(=O)COCC(=O)N(CCCCCCCC)CCCCCCCC|nitrate,195a6a071085,daa93503e260,584,62,-0.3488045007032313,0,-0.4019495735214341,-0.38179720140455187,-0.38179720140455187,-0.33246557643311997,-0.3498365757051985,-0.1919454683860143,-0.3498365757051985
1f5a33e5dea840e10361,07b9cf6668c0a8832e82,CCCCCCCCN(CCCCCCCC)C(=O)COCC(=O)N(CCCCCCCC)CCCCCCCC,0982ebf465b726073008,Ce-Pr,Ce,Pr,Ce_SAFE:12270,Pr_SAFE:12271,58|CCCCCCCCN(CCCCCCCC)C(=O)COCC(=O)N(CCCCCCCC)CCCCCCCC|nitrate,59|CCCCCCCCN(CCCCCCCC)C(=O)COCC(=O)N(CCCCCCCC)CCCCCCCC|nitrate,daa93503e260,bfc694b020e5,62,866,-0.202531645569622,0,-0.25638105800106814,-0.25721543409100117,-0.25721543409100117,-0.27923189146334815,-0.2735191830977781,-0.12414195636908214,-0.2735191830977781
410420b79abc8b54eabd,07b9cf6668c0a8832e82,CCCCCCCCN(CCCCCCCC)C(=O)COCC(=O)N(CCCCCCCC)CCCCCCCC,0982ebf465b726073008,Pr-Nd,Pr,Nd,Pr_SAFE:12271,Nd_SAFE:12272,59|CCCCCCCCN(CCCCCCCC)C(=O)COCC(=O)N(CCCCCCCC)CCCCCCCC|nitrate,60|CCCCCCCCN(CCCCCCCC)C(=O)COCC(=O)N(CCCCCCCC)CCCCCCCC|nitrate,bfc694b020e5,f627b8cfec4b,866,803,-0.033755274261604074,0,-0.17634353123692892,-0.19034100536555562,-0.19034100536555562,-0.18328477696478943,-0.1815494655328243,0.10405516003568967,-0.1815494655328243
05065711ddaa778886e6,07b9cf6668c0a8832e82,CCCCCCCCN(CCCCCCCC)C(=O)COCC(=O)N(CCCCCCCC)CCCCCCCC,0982ebf465b726073008,Sm-Eu,Sm,Eu,Sm_SAFE:12273,Eu_SAFE:12274,62|CCCCCCCCN(CCCCCCCC)C(=O)COCC(=O)N(CCCCCCCC)CCCCCCCC|nitrate,63|CCCCCCCCN(CCCCCCCC)C(=O)COCC(=O)N(CCCCCCCC)CCCCCCCC|nitrate,932854907794,3f1e9baa527a,935,276,-0.27566807313643116,0,-0.12957385620980116,-0.10212776504190754,-0.10212776504190754,-0.12173333638154894,-0.123693466338612,-0.048747734166681767,-0.123693466338612
769f83888d55c1483e80,e3b0ca8604d1292225a1,CCCCCCCCN(CCCCCCCC)C(=O)COCC(=O)N(CCCCCCCC)CCCCCCCC,0982ebf465b726073008,La-Ce,La,Ce,La_SAFE:12278,Ce_SAFE:12279,57|CCCCCCCCN(CCCCCCCC)C(=O)COCC(=O)N(CCCCCCCC)CCCCCCCC|nitrate,58|CCCCCCCCN(CCCCCCCC)C(=O)COCC(=O)N(CCCCCCCC)CCCCCCCC|nitrate,195a6a071085,daa93503e260,584,62,-0.3769338959212381,0,-0.3996217024706744,-0.38151278759589796,-0.38151278759589796,-0.3317800703852616,-0.3487404784066148,-0.20865548650423685,-0.3487404784066148
bd5b2fd9438b78079e35,e3b0ca8604d1292225a1,CCCCCCCCN(CCCCCCCC)C(=O)COCC(=O)N(CCCCCCCC)CCCCCCCC,0982ebf465b726073008,Ce-Pr,Ce,Pr,Ce_SAFE:12279,Pr_SAFE:12280,58|CCCCCCCCN(CCCCCCCC)C(=O)COCC(=O)N(CCCCCCCC)CCCCCCCC|nitrate,59|CCCCCCCCN(CCCCCCCC)C(=O)COCC(=O)N(CCCCCCCC)CCCCCCCC|nitrate,daa93503e260,bfc694b020e5,62,866,-0.14627285513361257,0,-0.25484017110243784,-0.25601502278161475,-0.25601502278161475,-0.27925248476168113,-0.2731494063468703,-0.12067573890089989,-0.2731494063468703
fd330ded0e3a28f78398,e3b0ca8604d1292225a1,CCCCCCCCN(CCCCCCCC)C(=O)COCC(=O)N(CCCCCCCC)CCCCCCCC,0982ebf465b726073008,Pr-Nd,Pr,Nd,Pr_SAFE:12280,Nd_SAFE:12281,59|CCCCCCCCN(CCCCCCCC)C(=O)COCC(=O)N(CCCCCCCC)CCCCCCCC|nitrate,60|CCCCCCCCN(CCCCCCCC)C(=O)COCC(=O)N(CCCCCCCC)CCCCCCCC|nitrate,bfc694b020e5,f627b8cfec4b,866,803,-0.02812939521800134,0,-0.17596595150816663,-0.19024421338574662,-0.19024421338574662,-0.18331697184529544,-0.18147921676101325,0.1060128187139829,-0.18147921676101325
a571b5130d8126d6d055,e3b0ca8604d1292225a1,CCCCCCCCN(CCCCCCCC)C(=O)COCC(=O)N(CCCCCCCC)CCCCCCCC,0982ebf465b726073008,Sm-Eu,Sm,Eu,Sm_SAFE:12282,Eu_SAFE:12283,62|CCCCCCCCN(CCCCCCCC)C(=O)COCC(=O)N(CCCCCCCC)CCCCCCCC|nitrate,63|CCCCCCCCN(CCCCCCCC)C(=O)COCC(=O)N(CCCCCCCC)CCCCCCCC|nitrate,932854907794,3f1e9baa527a,935,276,-0.11251758087201133,0,-0.12968990414485704,-0.10278743512878592,-0.10278743512878592,-0.1218085298633016,-0.12377887343369046,-0.07754805249472459,-0.12377887343369046
843b54c0ec911d3a4482,48039f245a5f2c68cb8d,CCCCCCCCN(CCCCCCCC)C(=O)COCC(=O)N(CCCCCCCC)CCCCCCCC,0982ebf465b726073008,La-Ce,La,Ce,La_SAFE:12292,Ce_SAFE:12293,57|CCCCCCCCN(CCCCCCCC)C(=O)COCC(=O)N(CCCCCCCC)CCCCCCCC|nitrate,58|CCCCCCCCN(CCCCCCCC)C(=O)COCC(=O)N(CCCCCCCC)CCCCCCCC|nitrate,195a6a071085,daa93503e260,584,62,-0.20815752461322176,0,-0.39201323591041703,-0.3760166471493473,-0.3760166471493473,-0.32951850887657197,-0.34514219063503326,-0.1216168353954951,-0.34514219063503326
a3119a7ef6ae2d337cec,48039f245a5f2c68cb8d,CCCCCCCCN(CCCCCCCC)C(=O)COCC(=O)N(CCCCCCCC)CCCCCCCC,0982ebf465b726073008,Ce-Pr,Ce,Pr,Ce_SAFE:12293,Pr_SAFE:12294,58|CCCCCCCCN(CCCCCCCC)C(=O)COCC(=O)N(CCCCCCCC)CCCCCCCC|nitrate,59|CCCCCCCCN(CCCCCCCC)C(=O)COCC(=O)N(CCCCCCCC)CCCCCCCC|nitrate,daa93503e260,bfc694b020e5,62,866,-0.11814345991561281,0,-0.2541935490603461,-0.2558766523913964,-0.2558766523913964,-0.2784986309254513,-0.272422360459175,-0.10122378915548325,-0.272422360459175
6029a034caf5cc5c249f,48039f245a5f2c68cb8d,CCCCCCCCN(CCCCCCCC)C(=O)COCC(=O)N(CCCCCCCC)CCCCCCCC,0982ebf465b726073008,Pr-Nd,Pr,Nd,Pr_SAFE:12294,Nd_SAFE:12295,59|CCCCCCCCN(CCCCCCCC)C(=O)COCC(=O)N(CCCCCCCC)CCCCCCCC|nitrate,60|CCCCCCCCN(CCCCCCCC)C(=O)COCC(=O)N(CCCCCCCC)CCCCCCCC|nitrate,bfc694b020e5,f627b8cfec4b,866,803,-0.07313642756681016,0,-0.17576191773260114,-0.19010179335782817,-0.19010179335782817,-0.18328477696478943,-0.18140406215674235,0.10806063562631607,-0.18140406215674235
7f43a1c191b181447433,48039f245a5f2c68cb8d,CCCCCCCCN(CCCCCCCC)C(=O)COCC(=O)N(CCCCCCCC)CCCCCCCC,0982ebf465b726073008,Sm-Eu,Sm,Eu,Sm_SAFE:12296,Eu_SAFE:12297,62|CCCCCCCCN(CCCCCCCC)C(=O)COCC(=O)N(CCCCCCCC)CCCCCCCC|nitrate,63|CCCCCCCCN(CCCCCCCC)C(=O)COCC(=O)N(CCCCCCCC)CCCCCCCC|nitrate,932854907794,3f1e9baa527a,935,276,-0.2700421940928295,0,-0.129601998809811,-0.10207542783236867,-0.10207542783236867,-0.12164284017862728,-0.1236326298364232,-0.06484307038287322,-0.1236326298364232
fd0c8064236f132c879e,19285b454d3320f9dbb2,CCCCCCCCN(CCCCCCCC)C(=O)COCC(=O)N(CCCCCCCC)CCCCCCCC,0982ebf465b726073008,La-Ce,La,Ce,La_SAFE:12306,Ce_SAFE:12307,57|CCCCCCCCN(CCCCCCCC)C(=O)COCC(=O)N(CCCCCCCC)CCCCCCCC|nitrate,58|CCCCCCCCN(CCCCCCCC)C(=O)COCC(=O)N(CCCCCCCC)CCCCCCCC|nitrate,195a6a071085,daa93503e260,584,62,-0.2869198312236292,0,-0.39593398272328006,-0.3790257057392613,-0.3790257057392613,-0.33100175180772684,-0.3472348095366151,-0.13127746557195982,-0.3472348095366151
4d11f49d44e2b544f02f,19285b454d3320f9dbb2,CCCCCCCCN(CCCCCCCC)C(=O)COCC(=O)N(CCCCCCCC)CCCCCCCC,0982ebf465b726073008,Ce-Pr,Ce,Pr,Ce_SAFE:12307,Pr_SAFE:12308,58|CCCCCCCCN(CCCCCCCC)C(=O)COCC(=O)N(CCCCCCCC)CCCCCCCC|nitrate,59|CCCCCCCCN(CCCCCCCC)C(=O)COCC(=O)N(CCCCCCCC)CCCCCCCC|nitrate,daa93503e260,bfc694b020e5,62,866,-0.11251758087200736,0,-0.2543998177124033,-0.25600514050780926,-0.25600514050780926,-0.2787901396330683,-0.272692559152902,-0.11261702577273051,-0.272692559152902
5a9d2de85148123758de,19285b454d3320f9dbb2,CCCCCCCCN(CCCCCCCC)C(=O)COCC(=O)N(CCCCCCCC)CCCCCCCC,0982ebf465b726073008,Pr-Nd,Pr,Nd,Pr_SAFE:12308,Nd_SAFE:12309,59|CCCCCCCCN(CCCCCCCC)C(=O)COCC(=O)N(CCCCCCCC)CCCCCCCC|nitrate,60|CCCCCCCCN(CCCCCCCC)C(=O)COCC(=O)N(CCCCCCCC)CCCCCCCC|nitrate,bfc694b020e5,f627b8cfec4b,866,803,-0.005625879043601234,0,-0.17576191773260114,-0.19010192632677814,-0.19010192632677814,-0.18328477696478943,-0.18140406215674235,0.09566164016723633,-0.18140406215674235
55dd22a0ba1a888588fb,19285b454d3320f9dbb2,CCCCCCCCN(CCCCCCCC)C(=O)COCC(=O)N(CCCCCCCC)CCCCCCCC,0982ebf465b726073008,Sm-Eu,Sm,Eu,Sm_SAFE:12310,Eu_SAFE:12311,62|CCCCCCCCN(CCCCCCCC)C(=O)COCC(=O)N(CCCCCCCC)CCCCCCCC|nitrate,63|CCCCCCCCN(CCCCCCCC)C(=O)COCC(=O)N(CCCCCCCC)CCCCCCCC|nitrate,932854907794,3f1e9baa527a,935,276,-0.005625879043601234,0,-0.129601998809811,-0.10212776504190754,-0.10212776504190754,-0.12183107922406841,-0.12377380912050406,-0.036696288734674454,-0.12377380912050406
4ff36fd30ef6da340799,c8899650ff4add6bff44,CCCCCCCCN(CCCCCCCC)C(=O)COCC(=O)N(CCCCCCCC)CCCCCCCC,0982ebf465b726073008,La-Ce,La,Ce,La_SAFE:12320,Ce_SAFE:12321,57|CCCCCCCCN(CCCCCCCC)C(=O)COCC(=O)N(CCCCCCCC)CCCCCCCC|nitrate,58|CCCCCCCCN(CCCCCCCC)C(=O)COCC(=O)N(CCCCCCCC)CCCCCCCC|nitrate,195a6a071085,daa93503e260,584,62,-0.24191279887483175,0,-0.36468356259974954,-0.34150169407802344,-0.34150169407802344,-0.3137998862533042,-0.3265208053399155,-0.05224841274321079,-0.3265208053399155
17abf47a66dc716c746b,c8899650ff4add6bff44,CCCCCCCCN(CCCCCCCC)C(=O)COCC(=O)N(CCCCCCCC)CCCCCCCC,0982ebf465b726073008,Ce-Pr,Ce,Pr,Ce_SAFE:12321,Lu_SAFE:12322,58|CCCCCCCCN(CCCCCCCC)C(=O)COCC(=O)N(CCCCCCCC)CCCCCCCC|nitrate,59|CCCCCCCCN(CCCCCCCC)C(=O)COCC(=O)N(CCCCCCCC)CCCCCCCC|nitrate,daa93503e260,bfc694b020e5,62,866,-0.1181434599156117,0,-0.2409457445188482,-0.2408713391955536,-0.2408713391955536,-0.27595589704381984,-0.26720335891257696,-0.05620331255098184,-0.26720335891257696
41a7b2c04faca0b96db2,c8899650ff4add6bff44,CCCCCCCCN(CCCCCCCC)C(=O)COCC(=O)N(CCCCCCCC)CCCCCCCC,0982ebf465b726073008,Pr-Nd,Pr,Nd,Lu_SAFE:12322,Lu_SAFE:12323,59|CCCCCCCCN(CCCCCCCC)C(=O)COCC(=O)N(CCCCCCCC)CCCCCCCC|nitrate,60|CCCCCCCCN(CCCCCCCC)C(=O)COCC(=O)N(CCCCCCCC)CCCCCCCC|nitrate,bfc694b020e5,f627b8cfec4b,866,803,-0.011251758087204022,0,-0.17033779921866488,-0.1845894841825844,-0.1845894841825844,-0.18224140470495345,-0.17926550333338132,0.09337234869599342,-0.17926550333338132
1f232f909b4cb2aacc05,c8899650ff4add6bff44,CCCCCCCCN(CCCCCCCC)C(=O)COCC(=O)N(CCCCCCCC)CCCCCCCC,0982ebf465b726073008,Sm-Eu,Sm,Eu,Lu_SAFE:12324,Eu_SAFE:12325,62|CCCCCCCCN(CCCCCCCC)C(=O)COCC(=O)N(CCCCCCCC)CCCCCCCC|nitrate,63|CCCCCCCCN(CCCCCCCC)C(=O)COCC(=O)N(CCCCCCCC)CCCCCCCC|nitrate,932854907794,3f1e9baa527a,935,276,-0.151898734177216,0,-0.11522836231500452,-0.08958275187571835,-0.08958275187571835,-0.11466897509133873,-0.11480882189725518,-0.03488759448130926,-0.11480882189725518
fca0d5f852a61bb27fff,4c41f6318ca5f1ddfe71,CCN(CC)C(=O)COCC(=O)N(CC)CC,e82f0895ef68a522de3f,La-Ce,La,Ce,La_SAFE:12348,Ce_SAFE:12349,57|CCN(CC)C(=O)COCC(=O)N(CC)CC|nitrate,58|CCN(CC)C(=O)COCC(=O)N(CC)CC|nitrate,3ebeca6a53a4,7f484cb99e8d,600,34,-0.39922854387656637,3,-0.18543637475854852,-0.19884329415874982,-0.18543637475854852,-0.17443586040181272,-0.17718598899099666,-0.31112101674079895,-0.17718598899099666
23c1e554551e49e03a97,4c41f6318ca5f1ddfe71,CCN(CC)C(=O)COCC(=O)N(CC)CC,e82f0895ef68a522de3f,Ce-Pr,Ce,Pr,Ce_SAFE:12349,Pr_SAFE:12350,58|CCN(CC)C(=O)COCC(=O)N(CC)CC|nitrate,59|CCN(CC)C(=O)COCC(=O)N(CC)CC|nitrate,7f484cb99e8d,11243c52d348,34,817,-0.16200578592092585,3,-0.12120774578829176,-0.13186478465583112,-0.12120774578829176,-0.06002875434417127,-0.0753235022052014,-0.24775144954522452,-0.0753235022052014
c4ec7c2bd4953e47a198,4c41f6318ca5f1ddfe71,CCN(CC)C(=O)COCC(=O)N(CC)CC,e82f0895ef68a522de3f,Pr-Nd,Pr,Nd,Pr_SAFE:12350,Nd_SAFE:12351,59|CCN(CC)C(=O)COCC(=O)N(CC)CC|nitrate,60|CCN(CC)C(=O)COCC(=O)N(CC)CC|nitrate,11243c52d348,9ae8d8b17a3a,817,773,0.011571841851492515,3,-0.04868089890766729,-0.05855348332335393,-0.04868089890766729,-0.12066068942462926,-0.10266574179538877,-0.18742267290751138,-0.10266574179538877
8406a4bc558b52612dc1,4c41f6318ca5f1ddfe71,CCN(CC)C(=O)COCC(=O)N(CC)CC,e82f0895ef68a522de3f,Sm-Eu,Sm,Eu,Sm_SAFE:12352,Eu_SAFE:12353,62|CCN(CC)C(=O)COCC(=O)N(CC)CC|nitrate,63|CCN(CC)C(=O)COCC(=O)N(CC)CC|nitrate,d28620aeb924,1c6448b96579,956,245,0.07521697203471422,3,-0.11025881617497879,-0.10553459441709317,-0.11025881617497879,-0.06678054584732242,-0.07765011342923651,-0.07922211083738755,-0.07765011342923651
1c65d1e09771df9002b0,c49a6747001c60bd0ca1,CCN(CC)C(=O)COCC(=O)N(CC)CC,e82f0895ef68a522de3f,La-Ce,La,Ce,La_SAFE:12362,Ce_SAFE:12363,57|CCN(CC)C(=O)COCC(=O)N(CC)CC|nitrate,58|CCN(CC)C(=O)COCC(=O)N(CC)CC|nitrate,3ebeca6a53a4,7f484cb99e8d,600,34,-0.3645130183220848,3,-0.22594332273858045,-0.23794313458495706,-0.22594332273858045,-0.2196315005624246,-0.22120945610646356,-0.2886541287104289,-0.22120945610646356
113ab9dc893a804d7782,c49a6747001c60bd0ca1,CCN(CC)C(=O)COCC(=O)N(CC)CC,e82f0895ef68a522de3f,Ce-Pr,Ce,Pr,Ce_SAFE:12363,Pr_SAFE:12364,58|CCN(CC)C(=O)COCC(=O)N(CC)CC|nitrate,59|CCN(CC)C(=O)COCC(=O)N(CC)CC|nitrate,7f484cb99e8d,11243c52d348,34,817,-0.16200578592092363,3,-0.13908000843207666,-0.14920872527849038,-0.13908000843207666,-0.09301615353193712,-0.10453211725697201,-0.22737566630045572,-0.10453211725697201
c50754e1dfb79294fc8a,c49a6747001c60bd0ca1,CCN(CC)C(=O)COCC(=O)N(CC)CC,e82f0895ef68a522de3f,Pr-Nd,Pr,Nd,Pr_SAFE:12364,Nd_SAFE:12365,59|CCN(CC)C(=O)COCC(=O)N(CC)CC|nitrate,60|CCN(CC)C(=O)COCC(=O)N(CC)CC|nitrate,11243c52d348,9ae8d8b17a3a,817,773,0.011571841851494069,3,-0.05720244822870632,-0.06421829651137649,-0.05720244822870632,-0.1422788254239655,-0.1210097311251507,-0.1647974799076716,-0.1210097311251507
9957159bb7bf2926245c,c49a6747001c60bd0ca1,CCN(CC)C(=O)COCC(=O)N(CC)CC,e82f0895ef68a522de3f,Sm-Eu,Sm,Eu,Sm_SAFE:12366,Eu_SAFE:12367,62|CCN(CC)C(=O)COCC(=O)N(CC)CC|nitrate,63|CCN(CC)C(=O)COCC(=O)N(CC)CC|nitrate,d28620aeb924,1c6448b96579,956,245,0.10414657666345506,3,-0.1145848870814969,-0.10722280263181172,-0.1145848870814969,-0.06899157441245878,-0.08038990257971831,-0.09282490611076355,-0.08038990257971831
9dbd91e77eeaaaa04368,e72819c3566d7291af1c,CCN(CC)C(=O)COCC(=O)N(CC)CC,e82f0895ef68a522de3f,La-Ce,La,Ce,La_SAFE:12376,Ce_SAFE:12377,57|CCN(CC)C(=O)COCC(=O)N(CC)CC|nitrate,58|CCN(CC)C(=O)COCC(=O)N(CC)CC|nitrate,3ebeca6a53a4,7f484cb99e8d,600,34,-0.19672131147540978,3,-0.17453663019557147,-0.1858798717008372,-0.17453663019557147,-0.16521549343340391,-0.1675457776239458,-0.18091057240962982,-0.1675457776239458
58a60a92c7f32ec448d2,e72819c3566d7291af1c,CCN(CC)C(=O)COCC(=O)N(CC)CC,e82f0895ef68a522de3f,Ce-Pr,Ce,Pr,Ce_SAFE:12377,Pr_SAFE:12378,58|CCN(CC)C(=O)COCC(=O)N(CC)CC|nitrate,59|CCN(CC)C(=O)COCC(=O)N(CC)CC|nitrate,7f484cb99e8d,11243c52d348,34,817,-0.05785920925747501,3,-0.11196137463789303,-0.12202844084793005,-0.11196137463789303,-0.05879535784701389,-0.07208686204473368,-0.19048112134138742,-0.07208686204473368
4673d2218cd28dcf3e14,e72819c3566d7291af1c,CCN(CC)C(=O)COCC(=O)N(CC)CC,e82f0895ef68a522de3f,Pr-Nd,Pr,Nd,Pr_SAFE:12378,Nd_SAFE:12379,59|CCN(CC)C(=O)COCC(=O)N(CC)CC|nitrate,60|CCN(CC)C(=O)COCC(=O)N(CC)CC|nitrate,11243c52d348,9ae8d8b17a3a,817,773,0.017357762777243324,3,-0.04687770101014175,-0.05800154784045821,-0.04687770101014175,-0.11681278131875317,-0.09932901124160032,-0.13939443230628967,-0.09932901124160032
1956427944532a331614,e72819c3566d7291af1c,CCN(CC)C(=O)COCC(=O)N(CC)CC,e82f0895ef68a522de3f,Sm-Eu,Sm,Eu,Sm_SAFE:12380,Eu_SAFE:12381,62|CCN(CC)C(=O)COCC(=O)N(CC)CC|nitrate,63|CCN(CC)C(=O)COCC(=O)N(CC)CC|nitrate,d28620aeb924,1c6448b96579,956,245,-0.011571841851492959,3,-0.10716650111338047,-0.10219068435824513,-0.10716650111338047,-0.06420736192352777,-0.07494714672099095,-0.046517299488186836,-0.07494714672099095
172a44e952937c6c6e07,2ee125a6d7ba619a4bea,CCN(CC)C(=O)COCC(=O)N(CC)CC,e82f0895ef68a522de3f,La-Ce,La,Ce,La_SAFE:12390,Ce_SAFE:12391,57|CCN(CC)C(=O)COCC(=O)N(CC)CC|nitrate,58|CCN(CC)C(=O)COCC(=O)N(CC)CC|nitrate,3ebeca6a53a4,7f484cb99e8d,600,34,-0.3182256509161028,3,-0.17202831539226482,-0.1839410811331194,-0.17202831539226482,-0.1597168412003253,-0.16279470974831017,-0.2500915278991063,-0.16279470974831017
d970ef22c0750c32cfce,2ee125a6d7ba619a4bea,CCN(CC)C(=O)COCC(=O)N(CC)CC,e82f0895ef68a522de3f,Ce-Pr,Ce,Pr,Ce_SAFE:12391,Pr_SAFE:12392,58|CCN(CC)C(=O)COCC(=O)N(CC)CC|nitrate,59|CCN(CC)C(=O)COCC(=O)N(CC)CC|nitrate,7f484cb99e8d,11243c52d348,34,817,-0.12729026036644142,3,-0.10642008444954262,-0.11744231880913066,-0.10642008444954262,-0.05449491367633894,-0.06747620636963986,-0.1487182229757309,-0.06747620636963986
9c5c13d57d6df32fde76,2ee125a6d7ba619a4bea,CCN(CC)C(=O)COCC(=O)N(CC)CC,e82f0895ef68a522de3f,Pr-Nd,Pr,Nd,Pr_SAFE:12392,Nd_SAFE:12393,59|CCN(CC)C(=O)COCC(=O)N(CC)CC|nitrate,60|CCN(CC)C(=O)COCC(=O)N(CC)CC|nitrate,11243c52d348,9ae8d8b17a3a,817,773,0.005785920925745369,3,-0.04371982583165475,-0.05237091455784526,-0.04371982583165475,-0.11352954199195503,-0.09607711295187996,-0.16331624488035837,-0.09607711295187996
d7c377122f56baccc140,2ee125a6d7ba619a4bea,CCN(CC)C(=O)COCC(=O)N(CC)CC,e82f0895ef68a522de3f,Sm-Eu,Sm,Eu,Sm_SAFE:12394,Eu_SAFE:12395,62|CCN(CC)C(=O)COCC(=O)N(CC)CC|nitrate,63|CCN(CC)C(=O)COCC(=O)N(CC)CC|nitrate,d28620aeb924,1c6448b96579,956,245,0.11571841851494868,3,-0.10943084712167103,-0.10496902668356353,-0.10943084712167103,-0.06727690293114416,-0.07781538897877588,-0.07053969241678715,-0.07781538897877588
49675b7882229018f309,b52f24c0ad8a96d7a8e2,CCN(CC)C(=O)COCC(=O)N(CC)CC,e82f0895ef68a522de3f,La-Ce,La,Ce,La_SAFE:12404,Ce_SAFE:12405,57|CCN(CC)C(=O)COCC(=O)N(CC)CC|nitrate,58|CCN(CC)C(=O)COCC(=O)N(CC)CC|nitrate,3ebeca6a53a4,7f484cb99e8d,600,34,-0.2603664416586302,3,0.016366534778381965,0.010953937867979765,0.016366534778381965,-0.008314085652552079,-0.0021439305448185675,-0.06131546571850777,-0.0021439305448185675
43c1232885dca8ba5425,b52f24c0ad8a96d7a8e2,CCN(CC)C(=O)COCC(=O)N(CC)CC,e82f0895ef68a522de3f,Ce-Pr,Ce,Pr,Ce_SAFE:12405,Lu_SAFE:12406,58|CCN(CC)C(=O)COCC(=O)N(CC)CC|nitrate,59|CCN(CC)C(=O)COCC(=O)N(CC)CC|nitrate,7f484cb99e8d,11243c52d348,34,817,-0.09836065573770614,3,0.06396540791638171,0.05554904437327599,0.06396540791638171,0.03739076084453729,0.044034422612498396,0.0032461343022684255,0.044034422612498396
23c20e3eb373d1cdf354,b52f24c0ad8a96d7a8e2,CCN(CC)C(=O)COCC(=O)N(CC)CC,e82f0895ef68a522de3f,Pr-Nd,Pr,Nd,Lu_SAFE:12406,Lu_SAFE:12407,59|CCN(CC)C(=O)COCC(=O)N(CC)CC|nitrate,60|CCN(CC)C(=O)COCC(=O)N(CC)CC|nitrate,11243c52d348,9ae8d8b17a3a,817,773,0.017357762777240104,3,0.02191341857231783,0.004586537799829859,0.02191341857231783,-0.01686594568423813,-0.007171104620099143,-0.02229853750516971,-0.007171104620099143
3ce78814d8fbb3810392,b52f24c0ad8a96d7a8e2,CCN(CC)C(=O)COCC(=O)N(CC)CC,e82f0895ef68a522de3f,Sm-Eu,Sm,Eu,Lu_SAFE:12408,Eu_SAFE:12409,62|CCN(CC)C(=O)COCC(=O)N(CC)CC|nitrate,63|CCN(CC)C(=O)COCC(=O)N(CC)CC|nitrate,d28620aeb924,1c6448b96579,956,245,0.09257473481195566,3,-0.10381364443304777,-0.09549366898476006,-0.10381364443304777,-0.0712856579053374,-0.079417654537265,-0.035456917714327574,-0.079417654537265
0465a521a28202c3cad5,7c137ca6b52ef07476d2,CN(C(=O)COCC(=O)N(C)c1ccccc1)c1ccccc1,f6de0c8e1de165e34184,La-Ce,La,Ce,La_SAFE:12432,Ce_SAFE:12433,57|CN(C(=O)COCC(=O)N(C)c1ccccc1)c1ccccc1|nitrate,58|CN(C(=O)COCC(=O)N(C)c1ccccc1)c1ccccc1|nitrate,2b60ae62875a,0dd26267bf56,592,5,-0.06963249516441217,2,-0.20098293002532402,-0.19673341061057517,-0.20098293002532402,-0.14593964798995002,-0.20098293002532402,-0.19757162034511566,-0.20098293002532402
62c99f229d053a4dc441,7c137ca6b52ef07476d2,CN(C(=O)COCC(=O)N(C)c1ccccc1)c1ccccc1,f6de0c8e1de165e34184,Ce-Pr,Ce,Pr,Ce_SAFE:12433,Pd_SAFE:12434,58|CN(C(=O)COCC(=O)N(C)c1ccccc1)c1ccccc1|nitrate,59|CN(C(=O)COCC(=O)N(C)c1ccccc1)c1ccccc1|nitrate,0dd26267bf56,03005868e3be,5,811,-0.005802707930368078,2,-0.14498896126719904,-0.1448352851438259,-0.14498896126719904,-0.1212388953097393,-0.14498896126719904,0.06024718408783277,-0.14498896126719904
4c06639db8cde3d4ed49,7c137ca6b52ef07476d2,CN(C(=O)COCC(=O)N(C)c1ccccc1)c1ccccc1,f6de0c8e1de165e34184,Pr-Nd,Pr,Nd,Pd_SAFE:12434,Nd_SAFE:12435,59|CN(C(=O)COCC(=O)N(C)c1ccccc1)c1ccccc1|nitrate,60|CN(C(=O)COCC(=O)N(C)c1ccccc1)c1ccccc1|nitrate,03005868e3be,5b1dbee9dee8,811,749,0.011605415860735713,2,-0.029224991015452426,-0.028242834903543165,-0.029224991015452426,-0.041497608956769294,-0.029224991015452426,-0.08192783469955127,-0.029224991015452426
bd8c1f382d1f613b8035,7c137ca6b52ef07476d2,CN(C(=O)COCC(=O)N(C)c1ccccc1)c1ccccc1,f6de0c8e1de165e34184,Sm-Eu,Sm,Eu,Pd_SAFE:12436,Eu_SAFE:12437,62|CN(C(=O)COCC(=O)N(C)c1ccccc1)c1ccccc1|nitrate,63|CN(C(=O)COCC(=O)N(C)c1ccccc1)c1ccccc1|nitrate,21b084407405,5e17d48e6b5d,898,302,-0.10444874274661534,2,0.0007396011377232949,-0.008371237654076963,0.0007396011377232949,0.0012557814421972663,0.0007396011377232949,-0.004726387560367584,0.0007396011377232949
bdfa51f4563a4e92d1a7,c759cbabd68def0f1bde,CN(C(=O)COCC(=O)N(C)c1ccccc1)c1ccccc1,f6de0c8e1de165e34184,La-Ce,La,Ce,La_SAFE:12446,Ce_SAFE:12447,57|CN(C(=O)COCC(=O)N(C)c1ccccc1)c1ccccc1|nitrate,58|CN(C(=O)COCC(=O)N(C)c1ccccc1)c1ccccc1|nitrate,2b60ae62875a,0dd26267bf56,592,5,-0.3771760154738901,2,-0.174943228585966,-0.18174845245199478,-0.174943228585966,-0.12820458167808693,-0.174943228585966,-0.17180473605791727,-0.174943228585966
b2011473106891960030,c759cbabd68def0f1bde,CN(C(=O)COCC(=O)N(C)c1ccccc1)c1ccccc1,f6de0c8e1de165e34184,Ce-Pr,Ce,Pr,Ce_SAFE:12447,Pd_SAFE:12448,58|CN(C(=O)COCC(=O)N(C)c1ccccc1)c1ccccc1|nitrate,59|CN(C(=O)COCC(=O)N(C)c1ccccc1)c1ccccc1|nitrate,0dd26267bf56,03005868e3be,5,811,-0.15087040618955297,2,-0.12103568299074169,-0.12159300370446702,-0.12103568299074169,-0.10438045222943255,-0.12103568299074169,0.08610691937307517,-0.12103568299074169
96f9895ecec54dbca469,c759cbabd68def0f1bde,CN(C(=O)COCC(=O)N(C)c1ccccc1)c1ccccc1,f6de0c8e1de165e34184,Pr-Nd,Pr,Nd,Pd_SAFE:12448,Nd_SAFE:12449,59|CN(C(=O)COCC(=O)N(C)c1ccccc1)c1ccccc1|nitrate,60|CN(C(=O)COCC(=O)N(C)c1ccccc1)c1ccccc1|nitrate,03005868e3be,5b1dbee9dee8,811,749,-0.023210831721468858,2,-0.02856599770814427,-0.02705913264666117,-0.02856599770814427,-0.037370516194732584,-0.02856599770814427,-0.09329940999547641,-0.02856599770814427
3467ac92f034fdd73ff3,c759cbabd68def0f1bde,CN(C(=O)COCC(=O)N(C)c1ccccc1)c1ccccc1,f6de0c8e1de165e34184,Sm-Eu,Sm,Eu,Pd_SAFE:12450,Eu_SAFE:12451,62|CN(C(=O)COCC(=O)N(C)c1ccccc1)c1ccccc1|nitrate,63|CN(C(=O)COCC(=O)N(C)c1ccccc1)c1ccccc1|nitrate,21b084407405,5e17d48e6b5d,898,302,-0.10444874274661334,2,0.003850799344204156,-0.006068167942707786,0.003850799344204156,0.0037066272039168024,0.003850799344204156,-0.013122522582610449,0.003850799344204156
3333585df9e4dd29a939,b74782bdc4ab7ee01a2a,CN(C(=O)COCC(=O)N(C)c1ccccc1)c1ccccc1,f6de0c8e1de165e34184,La-Ce,La,Ce,La_SAFE:12460,Ce_SAFE:12461,57|CN(C(=O)COCC(=O)N(C)c1ccccc1)c1ccccc1|nitrate,58|CN(C(=O)COCC(=O)N(C)c1ccccc1)c1ccccc1|nitrate,2b60ae62875a,0dd26267bf56,592,5,-0.04642166344294285,2,-0.1358875099534711,-0.13294621783923347,-0.1358875099534711,-0.11828951114145757,-0.1358875099534711,-0.13808257381121317,-0.1358875099534711
596a2a47ca571aed94f8,b74782bdc4ab7ee01a2a,CN(C(=O)COCC(=O)N(C)c1ccccc1)c1ccccc1,f6de0c8e1de165e34184,Ce-Pr,Ce,Pr,Ce_SAFE:12461,Pd_SAFE:12462,58|CN(C(=O)COCC(=O)N(C)c1ccccc1)c1ccccc1|nitrate,59|CN(C(=O)COCC(=O)N(C)c1ccccc1)c1ccccc1|nitrate,0dd26267bf56,03005868e3be,5,811,0.02321083172146654,2,-0.1091158910959385,-0.11089773011100768,-0.1091158910959385,-0.09449403051271854,-0.1091158910959385,0.07791787735186517,-0.1091158910959385
49158882ac80049dfe5e,b74782bdc4ab7ee01a2a,CN(C(=O)COCC(=O)N(C)c1ccccc1)c1ccccc1,f6de0c8e1de165e34184,Pr-Nd,Pr,Nd,Pd_SAFE:12462,Nd_SAFE:12463,59|CN(C(=O)COCC(=O)N(C)c1ccccc1)c1ccccc1|nitrate,60|CN(C(=O)COCC(=O)N(C)c1ccccc1)c1ccccc1|nitrate,03005868e3be,5b1dbee9dee8,811,749,0.02901353965183784,2,-0.0277772141829322,-0.025743357028944435,-0.0277772141829322,-0.03539714995879684,-0.0277772141829322,-0.09332388639450073,-0.0277772141829322
70a7e9e4bbbe1570e7c6,b74782bdc4ab7ee01a2a,CN(C(=O)COCC(=O)N(C)c1ccccc1)c1ccccc1,f6de0c8e1de165e34184,Sm-Eu,Sm,Eu,Pd_SAFE:12464,Eu_SAFE:12465,62|CN(C(=O)COCC(=O)N(C)c1ccccc1)c1ccccc1|nitrate,63|CN(C(=O)COCC(=O)N(C)c1ccccc1)c1ccccc1|nitrate,21b084407405,5e17d48e6b5d,898,302,0.0696324951644165,2,0.009913860875919398,0.003114602482107475,0.009913860875919398,0.006947402594519449,0.009913860875919398,-0.0007864387395481268,0.009913860875919398
4443b3e16a2ed64dc54b,89d8e18b0eb040aa18a2,CN(C(=O)COCC(=O)N(C)c1ccccc1)c1ccccc1,f6de0c8e1de165e34184,La-Ce,La,Ce,La_SAFE:12474,Ce_SAFE:12475,57|CN(C(=O)COCC(=O)N(C)c1ccccc1)c1ccccc1|nitrate,58|CN(C(=O)COCC(=O)N(C)c1ccccc1)c1ccccc1|nitrate,2b60ae62875a,0dd26267bf56,592,5,-0.005802707930365969,2,-0.030980446606899095,-0.02467461726314655,-0.030980446606899095,-0.02513355280132828,-0.030980446606899095,-0.06883093218008678,-0.030980446606899095
0494e11587b590e4b4f4,89d8e18b0eb040aa18a2,CN(C(=O)COCC(=O)N(C)c1ccccc1)c1ccccc1,f6de0c8e1de165e34184,Ce-Pr,Ce,Pr,Ce_SAFE:12475,Lu_SAFE:12476,58|CN(C(=O)COCC(=O)N(C)c1ccccc1)c1ccccc1|nitrate,59|CN(C(=O)COCC(=O)N(C)c1ccccc1)c1ccccc1|nitrate,0dd26267bf56,03005868e3be,5,811,0.05222437137330749,2,-0.002849924831246975,0.005224821412992873,-0.002849924831246975,0.01831569644890997,-0.002849924831246975,0.04944444199403127,-0.002849924831246975
90a652cf2a1550d7d328,89d8e18b0eb040aa18a2,CN(C(=O)COCC(=O)N(C)c1ccccc1)c1ccccc1,f6de0c8e1de165e34184,Pr-Nd,Pr,Nd,Lu_SAFE:12476,Lu_SAFE:12477,59|CN(C(=O)COCC(=O)N(C)c1ccccc1)c1ccccc1|nitrate,60|CN(C(=O)COCC(=O)N(C)c1ccccc1)c1ccccc1|nitrate,03005868e3be,5b1dbee9dee8,811,749,0.046421663442940186,2,-0.022198150307521855,-0.01985860315513528,-0.022198150307521855,-0.0056200085552282715,-0.022198150307521855,-0.04750227307279905,-0.022198150307521855
bd0615ba79f468962723,89d8e18b0eb040aa18a2,CN(C(=O)COCC(=O)N(C)c1ccccc1)c1ccccc1,f6de0c8e1de165e34184,Sm-Eu,Sm,Eu,Lu_SAFE:12478,Eu_SAFE:12479,62|CN(C(=O)COCC(=O)N(C)c1ccccc1)c1ccccc1|nitrate,63|CN(C(=O)COCC(=O)N(C)c1ccccc1)c1ccccc1|nitrate,21b084407405,5e17d48e6b5d,898,302,0.02901353965184139,2,-0.003688052729257279,-0.012321863620960282,-0.003688052729257279,-0.0019449583143399934,-0.003688052729257279,0.000596092858662208,-0.003688052729257279
6c644b884de53c6f8080,528b58a584ec8338fe24,CN(C(=O)c1cccc(C(=O)N(C)c2ccccc2)n1)c1ccccc1,dfc4fbaa844effa1be13,La-Ce,La,Ce,La_SAFE:12884,Ce_SAFE:12889,57|CN(C(=O)c1cccc(C(=O)N(C)c2ccccc2)n1)c1ccccc1|nitrate,58|CN(C(=O)c1cccc(C(=O)N(C)c2ccccc2)n1)c1ccccc1|nitrate,f06ae7567ce5,5aa4cf743db2,658,29,0.17609125905568135,3,-0.11479071997370784,-0.10615133229896465,-0.11479071997370784,-0.11715205150708395,-0.11656171862373993,-0.1975307489434878,-0.11656171862373993
731b9b2697f28b046973,528b58a584ec8338fe24,CN(C(=O)c1cccc(C(=O)N(C)c2ccccc2)n1)c1ccccc1,dfc4fbaa844effa1be13,Ce-Pr,Ce,Pr,Ce_SAFE:12889,Pd_SAFE:12894,58|CN(C(=O)c1cccc(C(=O)N(C)c2ccccc2)n1)c1ccccc1|nitrate,59|CN(C(=O)c1cccc(C(=O)N(C)c2ccccc2)n1)c1ccccc1|nitrate,5aa4cf743db2,98f74c951744,29,854,-0.17609125905568135,3,-0.06620274687945349,-0.06306532585340355,-0.06620274687945349,-0.1053732350922302,-0.09558061303903603,-0.21108307441075644,-0.09558061303903603
7b542f860f348623e7f2,528b58a584ec8338fe24,CN(C(=O)c1cccc(C(=O)N(C)c2ccccc2)n1)c1ccccc1,dfc4fbaa844effa1be13,Pr-Nd,Pr,Nd,Pd_SAFE:12894,Nd_SAFE:12899,59|CN(C(=O)c1cccc(C(=O)N(C)c2ccccc2)n1)c1ccccc1|nitrate,60|CN(C(=O)c1cccc(C(=O)N(C)c2ccccc2)n1)c1ccccc1|nitrate,98f74c951744,a6691a2ffe3a,854,779,0.0,3,-0.04789147559617843,-0.0529421628044293,-0.04789147559617843,-0.06609769952508507,-0.06154614354285841,-0.048836726074417434,-0.06154614354285841
c5daffdb527a9ce8015a,528b58a584ec8338fe24,CN(C(=O)c1cccc(C(=O)N(C)c2ccccc2)n1)c1ccccc1,dfc4fbaa844effa1be13,Sm-Eu,Sm,Eu,Pd_SAFE:12904,Eu_SAFE:12909,62|CN(C(=O)c1cccc(C(=O)N(C)c2ccccc2)n1)c1ccccc1|nitrate,63|CN(C(=O)c1cccc(C(=O)N(C)c2ccccc2)n1)c1ccccc1|nitrate,3196db46a239,3afdf5d4d1a3,902,273,0.0,3,-0.07861724285095119,-0.08539058985641432,-0.07861724285095119,-0.07203955341069912,-0.07368397577076213,-0.11710056414206822,-0.07368397577076213
fd02d3d5d5535e94e0c7,528b58a584ec8338fe24,CN(C(=O)c1cccc(C(=O)N(C)c2ccccc2)n1)c1ccccc1,dfc4fbaa844effa1be13,Eu-Gd,Eu,Gd,Eu_SAFE:12909,Gd_SAFE:12914,63|CN(C(=O)c1cccc(C(=O)N(C)c2ccccc2)n1)c1ccccc1|nitrate,64|CN(C(=O)c1cccc(C(=O)N(C)c2ccccc2)n1)c1ccccc1|nitrate,3afdf5d4d1a3,767f19fc0623,273,468,0.4771212547196626,3,-0.11296546240664122,-0.10651807315029402,-0.11296546240664122,-0.06458881426790782,-0.07668297630259116,-0.009377433607975641,-0.07668297630259116
4d0fab9207c7de44fdf2,73407db7357de5965675,CN(C(=O)c1cccc(C(=O)N(C)c2ccccc2)n1)c1ccccc1,dfc4fbaa844effa1be13,La-Ce,La,Ce,La_SAFE:12885,Ce_SAFE:12890,57|CN(C(=O)c1cccc(C(=O)N(C)c2ccccc2)n1)c1ccccc1|nitrate,58|CN(C(=O)c1cccc(C(=O)N(C)c2ccccc2)n1)c1ccccc1|nitrate,f06ae7567ce5,5aa4cf743db2,658,29,0.02482358372503235,3,-0.11524486782231552,-0.10658903641091257,-0.11524486782231552,-0.1179470802450189,-0.11727152713934305,-0.21891257415215173,-0.11727152713934305
1add8a472f11769f02a9,73407db7357de5965675,CN(C(=O)c1cccc(C(=O)N(C)c2ccccc2)n1)c1ccccc1,dfc4fbaa844effa1be13,Ce-Pr,Ce,Pr,Ce_SAFE:12890,Pd_SAFE:12895,58|CN(C(=O)c1cccc(C(=O)N(C)c2ccccc2)n1)c1ccccc1|nitrate,59|CN(C(=O)c1cccc(C(=O)N(C)c2ccccc2)n1)c1ccccc1|nitrate,5aa4cf743db2,98f74c951744,29,854,-0.05958568998424418,3,-0.07188012876919359,-0.06990857488835664,-0.07188012876919359,-0.10947164961924843,-0.10007376940673472,-0.227010245124499,-0.10007376940673472
1f48cf1386727acda368,73407db7357de5965675,CN(C(=O)c1cccc(C(=O)N(C)c2ccccc2)n1)c1ccccc1,dfc4fbaa844effa1be13,Pr-Nd,Pr,Nd,Pd_SAFE:12895,Nd_SAFE:12900,59|CN(C(=O)c1cccc(C(=O)N(C)c2ccccc2)n1)c1ccccc1|nitrate,60|CN(C(=O)c1cccc(C(=O)N(C)c2ccccc2)n1)c1ccccc1|nitrate,98f74c951744,a6691a2ffe3a,854,779,-0.032184683371401235,3,-0.059410913551007666,-0.05942058668882594,-0.059410913551007666,-0.06995620820806486,-0.06731988454380056,-0.058711025243004165,-0.06731988454380056
8957b62bd999f896e7a4,73407db7357de5965675,CN(C(=O)c1cccc(C(=O)N(C)c2ccccc2)n1)c1ccccc1,dfc4fbaa844effa1be13,Sm-Eu,Sm,Eu,Pd_SAFE:12905,Eu_SAFE:12910,62|CN(C(=O)c1cccc(C(=O)N(C)c2ccccc2)n1)c1ccccc1|nitrate,63|CN(C(=O)c1cccc(C(=O)N(C)c2ccccc2)n1)c1ccccc1|nitrate,3196db46a239,3afdf5d4d1a3,902,273,0.1058037261680389,3,-0.09146399562586938,-0.09621607359765186,-0.09146399562586938,-0.07681891502687725,-0.08048018517662528,-0.1260699356595675,-0.08048018517662528
1389e975465c2e2b05af,73407db7357de5965675,CN(C(=O)c1cccc(C(=O)N(C)c2ccccc2)n1)c1ccccc1,dfc4fbaa844effa1be13,Eu-Gd,Eu,Gd,Eu_SAFE:12910,Gd_SAFE:12915,63|CN(C(=O)c1cccc(C(=O)N(C)c2ccccc2)n1)c1ccccc1|nitrate,64|CN(C(=O)c1cccc(C(=O)N(C)c2ccccc2)n1)c1ccccc1|nitrate,3afdf5d4d1a3,767f19fc0623,273,468,0.20712549279565007,3,-0.11864398661854791,-0.11209930422241851,-0.11864398661854791,-0.06812758608382563,-0.0807566862175062,-0.014089641471703848,-0.0807566862175062
12a916f9e777ae7b28fb,c3ade038baefb681afba,CN(C(=O)c1cccc(C(=O)N(C)c2ccccc2)n1)c1ccccc1,dfc4fbaa844effa1be13,La-Ce,La,Ce,La_SAFE:12886,Ce_SAFE:12891,57|CN(C(=O)c1cccc(C(=O)N(C)c2ccccc2)n1)c1ccccc1|nitrate,58|CN(C(=O)c1cccc(C(=O)N(C)c2ccccc2)n1)c1ccccc1|nitrate,f06ae7567ce5,5aa4cf743db2,658,29,-0.07918124604762489,3,-0.11447654477308311,-0.10414569553207001,-0.11447654477308311,-0.11871594993284898,-0.11765609864290752,-0.24058852593104044,-0.11765609864290752
156f42ce5bead8ea20b9,c3ade038baefb681afba,CN(C(=O)c1cccc(C(=O)N(C)c2ccccc2)n1)c1ccccc1,dfc4fbaa844effa1be13,Ce-Pr,Ce,Pr,Ce_SAFE:12891,Pd_SAFE:12896,58|CN(C(=O)c1cccc(C(=O)N(C)c2ccccc2)n1)c1ccccc1|nitrate,59|CN(C(=O)c1cccc(C(=O)N(C)c2ccccc2)n1)c1ccccc1|nitrate,5aa4cf743db2,98f74c951744,29,854,-0.1111504521226665,3,-0.07677499197468982,-0.07323513571300452,-0.07677499197468982,-0.1121220173733061,-0.10328526102365203,-0.24312311907609305,-0.10328526102365203
613196c5882f3e02471b,c3ade038baefb681afba,CN(C(=O)c1cccc(C(=O)N(C)c2ccccc2)n1)c1ccccc1,dfc4fbaa844effa1be13,Pr-Nd,Pr,Nd,Pd_SAFE:12896,Nd_SAFE:12901,59|CN(C(=O)c1cccc(C(=O)N(C)c2ccccc2)n1)c1ccccc1|nitrate,60|CN(C(=O)c1cccc(C(=O)N(C)c2ccccc2)n1)c1ccccc1|nitrate,98f74c951744,a6691a2ffe3a,854,779,-0.0401172232079825,3,-0.06455593946231361,-0.06392554506531917,-0.06455593946231361,-0.07328000515210262,-0.07109898872965537,-0.0690035546819369,-0.07109898872965537
69139471c390e78c6d0c,c3ade038baefb681afba,CN(C(=O)c1cccc(C(=O)N(C)c2ccccc2)n1)c1ccccc1,dfc4fbaa844effa1be13,Sm-Eu,Sm,Eu,Pd_SAFE:12906,Eu_SAFE:12911,62|CN(C(=O)c1cccc(C(=O)N(C)c2ccccc2)n1)c1ccccc1|nitrate,63|CN(C(=O)c1cccc(C(=O)N(C)c2ccccc2)n1)c1ccccc1|nitrate,3196db46a239,3afdf5d4d1a3,902,273,0.09017663034908807,3,-0.08984300274236862,-0.096461581680238,-0.08984300274236862,-0.07893932239316906,-0.08166524248046894,-0.13446995864311853,-0.08166524248046894
6a81efef7dcf1fcd41a7,c3ade038baefb681afba,CN(C(=O)c1cccc(C(=O)N(C)c2ccccc2)n1)c1ccccc1,dfc4fbaa844effa1be13,Eu-Gd,Eu,Gd,Eu_SAFE:12911,Gd_SAFE:12916,63|CN(C(=O)c1cccc(C(=O)N(C)c2ccccc2)n1)c1ccccc1|nitrate,64|CN(C(=O)c1cccc(C(=O)N(C)c2ccccc2)n1)c1ccccc1|nitrate,3afdf5d4d1a3,767f19fc0623,273,468,0.1845244265925441,3,-0.1221432403629404,-0.11703489537146171,-0.1221432403629404,-0.07067217075833071,-0.08353993815948313,-0.0194987952709198,-0.08353993815948313
87b85e28fa4df46bd6a0,f17c87e28ce2164658a6,CN(C(=O)c1cccc(C(=O)N(C)c2ccccc2)n1)c1ccccc1,dfc4fbaa844effa1be13,La-Ce,La,Ce,La_SAFE:12887,Ce_SAFE:12892,57|CN(C(=O)c1cccc(C(=O)N(C)c2ccccc2)n1)c1ccccc1|nitrate,58|CN(C(=O)c1cccc(C(=O)N(C)c2ccccc2)n1)c1ccccc1|nitrate,f06ae7567ce5,5aa4cf743db2,658,29,-0.2041199826559248,3,-0.11655209173008116,-0.10601820349174745,-0.11655209173008116,-0.12316364781556241,-0.1215107587941921,-0.26230572660764057,-0.1215107587941921
b1de0403cc154f541d87,f17c87e28ce2164658a6,CN(C(=O)c1cccc(C(=O)N(C)c2ccccc2)n1)c1ccccc1,dfc4fbaa844effa1be13,Ce-Pr,Ce,Pr,Ce_SAFE:12892,Pd_SAFE:12897,58|CN(C(=O)c1cccc(C(=O)N(C)c2ccccc2)n1)c1ccccc1|nitrate,59|CN(C(=O)c1cccc(C(=O)N(C)c2ccccc2)n1)c1ccccc1|nitrate,5aa4cf743db2,98f74c951744,29,854,-0.15760785336166816,3,-0.08223297161608473,-0.08052525487797418,-0.08223297161608473,-0.11592093025816776,-0.107498940597647,-0.25932485858599347,-0.107498940597647
66ed7a33529139b54b0e,f17c87e28ce2164658a6,CN(C(=O)c1cccc(C(=O)N(C)c2ccccc2)n1)c1ccccc1,dfc4fbaa844effa1be13,Pr-Nd,Pr,Nd,Pd_SAFE:12897,Nd_SAFE:12902,59|CN(C(=O)c1cccc(C(=O)N(C)c2ccccc2)n1)c1ccccc1|nitrate,60|CN(C(=O)c1cccc(C(=O)N(C)c2ccccc2)n1)c1ccccc1|nitrate,98f74c951744,a6691a2ffe3a,854,779,-0.018483405694013078,3,-0.0670521427292799,-0.06677702698287347,-0.0670521427292799,-0.07768934071937775,-0.07503004122185328,-0.07955283423264821,-0.07503004122185328
51227b398c04312b3c5c,f17c87e28ce2164658a6,CN(C(=O)c1cccc(C(=O)N(C)c2ccccc2)n1)c1ccccc1,dfc4fbaa844effa1be13,Sm-Eu,Sm,Eu,Pd_SAFE:12907,Eu_SAFE:12912,62|CN(C(=O)c1cccc(C(=O)N(C)c2ccccc2)n1)c1ccccc1|nitrate,63|CN(C(=O)c1cccc(C(=O)N(C)c2ccccc2)n1)c1ccccc1|nitrate,3196db46a239,3afdf5d4d1a3,902,273,0.049218022670181605,3,-0.10850094696879634,-0.11412577975217203,-0.10850094696879634,-0.08655732298484037,-0.09204322898082937,-0.14215229451656342,-0.09204322898082937
e10b61c6b279edf57dca,f17c87e28ce2164658a6,CN(C(=O)c1cccc(C(=O)N(C)c2ccccc2)n1)c1ccccc1,dfc4fbaa844effa1be13,Eu-Gd,Eu,Gd,Eu_SAFE:12912,Gd_SAFE:12917,63|CN(C(=O)c1cccc(C(=O)N(C)c2ccccc2)n1)c1ccccc1|nitrate,64|CN(C(=O)c1cccc(C(=O)N(C)c2ccccc2)n1)c1ccccc1|nitrate,3afdf5d4d1a3,767f19fc0623,273,468,0.11918640771920863,3,-0.13012711773377914,-0.12703751953304743,-0.13012711773377914,-0.07883170179984586,-0.09165555578332918,-0.025490363438924152,-0.09165555578332918
4b39c6af5c36e8b20c13,0499a63c92c519106a45,CN(C(=O)c1cccc(C(=O)N(C)c2ccccc2)n1)c1ccccc1,dfc4fbaa844effa1be13,La-Ce,La,Ce,La_SAFE:12888,Ce_SAFE:12893,57|CN(C(=O)c1cccc(C(=O)N(C)c2ccccc2)n1)c1ccccc1|nitrate,58|CN(C(=O)c1cccc(C(=O)N(C)c2ccccc2)n1)c1ccccc1|nitrate,f06ae7567ce5,5aa4cf743db2,658,29,-0.24303804868629444,3,-0.11655209173008116,-0.10591216599050171,-0.11655209173008116,-0.12226703492220173,-0.12083829912417159,-0.28381865719954175,-0.12083829912417159
8d4ae130fa134ee3fedb,0499a63c92c519106a45,CN(C(=O)c1cccc(C(=O)N(C)c2ccccc2)n1)c1ccccc1,dfc4fbaa844effa1be13,Ce-Pr,Ce,Pr,Ce_SAFE:12893,Pd_SAFE:12898,58|CN(C(=O)c1cccc(C(=O)N(C)c2ccccc2)n1)c1ccccc1|nitrate,59|CN(C(=O)c1cccc(C(=O)N(C)c2ccccc2)n1)c1ccccc1|nitrate,5aa4cf743db2,98f74c951744,29,854,-0.18743118481266313,3,-0.08319101882490988,-0.0815718819968245,-0.08319101882490988,-0.1146120460176133,-0.10675678921943745,-0.2755081355571747,-0.10675678921943745
436f686304d9872cc592,0499a63c92c519106a45,CN(C(=O)c1cccc(C(=O)N(C)c2ccccc2)n1)c1ccccc1,dfc4fbaa844effa1be13,Pr-Nd,Pr,Nd,Pd_SAFE:12898,Nd_SAFE:12903,59|CN(C(=O)c1cccc(C(=O)N(C)c2ccccc2)n1)c1ccccc1|nitrate,60|CN(C(=O)c1cccc(C(=O)N(C)c2ccccc2)n1)c1ccccc1|nitrate,98f74c951744,a6691a2ffe3a,854,779,-0.05462095089198024,3,-0.06576280455957176,-0.06635265151026289,-0.06576280455957176,-0.07524391248182592,-0.07287363550126238,-0.09017987549304962,-0.07287363550126238
cf5bd4263de58f6f3101,0499a63c92c519106a45,CN(C(=O)c1cccc(C(=O)N(C)c2ccccc2)n1)c1ccccc1,dfc4fbaa844effa1be13,Sm-Eu,Sm,Eu,Pd_SAFE:12908,Eu_SAFE:12913,62|CN(C(=O)c1cccc(C(=O)N(C)c2ccccc2)n1)c1ccccc1|nitrate,63|CN(C(=O)c1cccc(C(=O)N(C)c2ccccc2)n1)c1ccccc1|nitrate,3196db46a239,3afdf5d4d1a3,902,273,-0.028028723600243555,3,-0.108890600003444,-0.11663325930949339,-0.108890600003444,-0.08911100983669631,-0.09405590737838324,-0.14899086828033128,-0.09405590737838324
06bdbb5714b53cdc6f19,0499a63c92c519106a45,CN(C(=O)c1cccc(C(=O)N(C)c2ccccc2)n1)c1ccccc1,dfc4fbaa844effa1be13,Eu-Gd,Eu,Gd,Eu_SAFE:12913,Gd_SAFE:12918,63|CN(C(=O)c1cccc(C(=O)N(C)c2ccccc2)n1)c1ccccc1|nitrate,64|CN(C(=O)c1cccc(C(=O)N(C)c2ccccc2)n1)c1ccccc1|nitrate,3afdf5d4d1a3,767f19fc0623,273,468,0.0,3,-0.1293889439738432,-0.12579766776869208,-0.1293889439738432,-0.08211157340780018,-0.09393091604931093,-0.031910598278045654,-0.09393091604931093
a088476335d8b8d41e02,c0fa40e57f6cec954d26,CN(C(=O)COCC(=O)N(C)c1ccccc1)c1ccccc1,f6de0c8e1de165e34184,Gd-Tb,Gd,Tb,Gd_SAFE:8755,Pd_SAFE:8756,64|CN(C(=O)COCC(=O)N(C)c1ccccc1)c1ccccc1|nitrate,65|CN(C(=O)COCC(=O)N(C)c1ccccc1)c1ccccc1|nitrate,b2c371753758,292c65941063,492,976,-0.466139954853273,2,0.05691943345499438,0.05873293587972592,0.05691943345499438,-0.0378704943696858,0.05691943345499438,0.00698223647971948,0.05691943345499438
18529ae0798c94f3799e,c0fa40e57f6cec954d26,CN(C(=O)COCC(=O)N(C)c1ccccc1)c1ccccc1,f6de0c8e1de165e34184,Tb-Dy,Tb,Dy,Pd_SAFE:8756,Dy_SAFE:8757,65|CN(C(=O)COCC(=O)N(C)c1ccccc1)c1ccccc1|nitrate,66|CN(C(=O)COCC(=O)N(C)c1ccccc1)c1ccccc1|nitrate,292c65941063,df97869cd157,976,138,-0.2528216704288928,2,0.04245442779948662,0.039751984511300784,0.04245442779948662,0.004817689147768253,0.04245442779948662,0.019112995360046625,0.04245442779948662
06001eb56eb8ba9b0c02,c0fa40e57f6cec954d26,CN(C(=O)COCC(=O)N(C)c1ccccc1)c1ccccc1,f6de0c8e1de165e34184,Dy-Ho,Dy,Ho,Dy_SAFE:8757,Ho_SAFE:8758,66|CN(C(=O)COCC(=O)N(C)c1ccccc1)c1ccccc1|nitrate,67|CN(C(=O)COCC(=O)N(C)c1ccccc1)c1ccccc1|nitrate,df97869cd157,16c770c06fe9,138,521,-0.22911963882618558,2,0.02285474451563995,0.019300578174635447,0.02285474451563995,0.00941381183262912,0.02285474451563995,-0.013414867532749971,0.02285474451563995
7a936ed078e3708e1015,c0fa40e57f6cec954d26,CN(C(=O)COCC(=O)N(C)c1ccccc1)c1ccccc1,f6de0c8e1de165e34184,Ho-Er,Ho,Er,Ho_SAFE:8758,Er_SAFE:8759,67|CN(C(=O)COCC(=O)N(C)c1ccccc1)c1ccccc1|nitrate,68|CN(C(=O)COCC(=O)N(C)c1ccccc1)c1ccccc1|nitrate,16c770c06fe9,e63f7a39c141,521,217,-0.158013544018059,2,0.027324445976871448,0.02262353661199773,0.027324445976871448,0.003532215999677949,0.027324445976871448,0.005763883702456951,0.027324445976871448
3864e995a5c939d56467,c0fa40e57f6cec954d26,CN(C(=O)COCC(=O)N(C)c1ccccc1)c1ccccc1,f6de0c8e1de165e34184,Er-Tm,Er,Tm,Er_SAFE:8759,Pd_SAFE:8760,68|CN(C(=O)COCC(=O)N(C)c1ccccc1)c1ccccc1|nitrate,69|CN(C(=O)COCC(=O)N(C)c1ccccc1)c1ccccc1|nitrate,e63f7a39c141,8e56bca9caad,217,1071,-0.0632054176072212,2,0.038194742690110514,0.03698914550535497,0.038194742690110514,0.015434764445044689,0.038194742690110514,0.025500552728772163,0.038194742690110514
152331d5d01e39900fcc,c0fa40e57f6cec954d26,CN(C(=O)COCC(=O)N(C)c1ccccc1)c1ccccc1,f6de0c8e1de165e34184,Tm-Yb,Tm,Yb,Pd_SAFE:8760,Pd_SAFE:8761,69|CN(C(=O)COCC(=O)N(C)c1ccccc1)c1ccccc1|nitrate,70|CN(C(=O)COCC(=O)N(C)c1ccccc1)c1ccccc1|nitrate,8e56bca9caad,104d765a0717,1071,1096,-0.023702031602708562,2,0.0335598468867523,0.029834541120746613,0.0335598468867523,0.01312767559192166,0.0335598468867523,-0.015821065520867705,0.0335598468867523
fafef10e4ed6b2ba91d8,c0fa40e57f6cec954d26,CN(C(=O)COCC(=O)N(C)c1ccccc1)c1ccccc1,f6de0c8e1de165e34184,Yb-Lu,Yb,Lu,Pd_SAFE:8761,Lu_SAFE:8762,70|CN(C(=O)COCC(=O)N(C)c1ccccc1)c1ccccc1|nitrate,71|CN(C(=O)COCC(=O)N(C)c1ccccc1)c1ccccc1|nitrate,104d765a0717,7589c84e6642,1096,697,-0.007900677200904482,2,0.03214976085090611,0.02596342962630725,0.03214976085090611,0.009817737233494326,0.03214976085090611,-0.003775422771771749,0.03214976085090611
5153486ab9ec1f4d4da5,7c2570775e09db1349d5,CCCCCCCCN(C)C(=O)COCC(=O)N(C)CCCCCCCC,cfb81e271e80f6a290e0,Pr-Nd,Pr,Nd,Er_SAFE:9021,Er_SAFE:9028,59|CCCCCCCCN(C)C(=O)COCC(=O)N(C)CCCCCCCC|nitrate,60|CCCCCCCCN(C)C(=O)COCC(=O)N(C)CCCCCCCC|nitrate,72b20e30d213,e244e3a88005,842,797,-0.15555555555555656,1,-0.1545059728209663,-0.1537894991199878,-0.1537894991199878,-0.14643082218537556,-0.1524871851620686,-0.16997181872526804,-0.15685834355286846
62eda5121919eeafb555,7c2570775e09db1349d5,CCCCCCCCN(C)C(=O)COCC(=O)N(C)CCCCCCCC,cfb81e271e80f6a290e0,Gd-Tb,Gd,Tb,Er_SAFE:9049,Er_SAFE:9056,64|CCCCCCCCN(C)C(=O)COCC(=O)N(C)CCCCCCCC|nitrate,65|CCCCCCCCN(C)C(=O)COCC(=O)N(C)CCCCCCCC|nitrate,adc6081d21be,5902593ca024,490,989,-0.4777777777777771,1,-0.230574395059005,-0.23457853739785664,-0.23457853739785664,-0.24122596815599412,-0.2332372883332523,-0.24983893831570944,-0.2373877008288666
8b4d8f8eb3dfe0a0d6b9,7c2570775e09db1349d5,CCCCCCCCN(C)C(=O)COCC(=O)N(C)CCCCCCCC,cfb81e271e80f6a290e0,Tb-Dy,Tb,Dy,Er_SAFE:9056,Dy_SAFE:9063,65|CCCCCCCCN(C)C(=O)COCC(=O)N(C)CCCCCCCC|nitrate,66|CCCCCCCCN(C)C(=O)COCC(=O)N(C)CCCCCCCC|nitrate,5902593ca024,0aa6481162e6,989,75,-0.011111111111110406,1,-0.0015021201537312172,-0.010051375561766848,-0.010051375561766848,-0.023123654583234128,-0.0069075037611069446,-0.11869227886199951,-0.03485369753633009
f1adc7585f28b65d34bb,7c2570775e09db1349d5,CCCCCCCCN(C)C(=O)COCC(=O)N(C)CCCCCCCC,cfb81e271e80f6a290e0,Tm-Yb,Tm,Yb,Er_SAFE:9084,Er_SAFE:9091,69|CCCCCCCCN(C)C(=O)COCC(=O)N(C)CCCCCCCC|nitrate,70|CCCCCCCCN(C)C(=O)COCC(=O)N(C)CCCCCCCC|nitrate,0d2f900796bc,00b72194210d,1044,1092,0.03333333333333388,1,-0.030617489578469458,-0.03413347176399002,-0.03413347176399002,-0.05383945050504952,-0.03642297981011447,0.016710104731221993,-0.023139708674780355
67701542941dcb1c5b8b,a259490d52c46404d688,CCCCCCCCN(C)C(=O)COCC(=O)N(C)CCCCCCCC,cfb81e271e80f6a290e0,Sm-Eu,Sm,Eu,Er_SAFE:9124,Er_SAFE:9129,62|CCCCCCCCN(C)C(=O)COCC(=O)N(C)CCCCCCCC|nitrate,63|CCCCCCCCN(C)C(=O)COCC(=O)N(C)CCCCCCCC|nitrate,9103a2256b97,d0e83cebbf21,934,389,0.594444444444444,1,-0.054502770850449425,-0.06778750173775433,-0.06778750173775433,-0.031182465161026664,-0.048672694428093737,0.13809569894025722,-0.001980596086005995
e976b5a504e31b4286a4,a259490d52c46404d688,CCCCCCCCN(C)C(=O)COCC(=O)N(C)CCCCCCCC,cfb81e271e80f6a290e0,Eu-Gd,Eu,Gd,Er_SAFE:9129,Er_SAFE:9134,63|CCCCCCCCN(C)C(=O)COCC(=O)N(C)CCCCCCCC|nitrate,64|CCCCCCCCN(C)C(=O)COCC(=O)N(C)CCCCCCCC|nitrate,d0e83cebbf21,adc6081d21be,389,490,-0.13888888888888806,1,-0.08620825646850488,-0.07916653537177432,-0.07916653537177432,-0.06555310901469684,-0.08104446960505288,-0.1266379033525785,-0.09244282804193428
d23af18e1d97a3bb6bf1,a259490d52c46404d688,CCCCCCCCN(C)C(=O)COCC(=O)N(C)CCCCCCCC,cfb81e271e80f6a290e0,Gd-Tb,Gd,Tb,Er_SAFE:9134,Er_SAFE:9139,64|CCCCCCCCN(C)C(=O)COCC(=O)N(C)CCCCCCCC|nitrate,65|CCCCCCCCN(C)C(=O)COCC(=O)N(C)CCCCCCCC|nitrate,adc6081d21be,5902593ca024,490,989,-0.155555555555556,1,-0.23795504506633874,-0.24509570189074295,-0.24509570189074295,-0.24803515708594126,-0.2404750730712394,-0.3031637867291768,-0.25614725148572376
d0c9ff4bbd13badb68ac,a259490d52c46404d688,CCCCCCCCN(C)C(=O)COCC(=O)N(C)CCCCCCCC,cfb81e271e80f6a290e0,Tb-Dy,Tb,Dy,Er_SAFE:9139,Dy_SAFE:9144,65|CCCCCCCCN(C)C(=O)COCC(=O)N(C)CCCCCCCC|nitrate,66|CCCCCCCCN(C)C(=O)COCC(=O)N(C)CCCCCCCC|nitrate,5902593ca024,0aa6481162e6,989,75,-0.29999999999999993,1,0.004476234792847474,-0.005728726682823876,-0.005728726682823877,-0.024584029896367935,-0.002788831379456378,-0.049719917277495064,-0.014521602853966049
857ff77725530a0a3029,65558ffbf6aeff0a60bf,CCCCCCCCN(C)C(=O)COCC(=O)N(C)CCCCCCCC,cfb81e271e80f6a290e0,Sm-Eu,Sm,Eu,Er_SAFE:9125,Er_SAFE:9130,62|CCCCCCCCN(C)C(=O)COCC(=O)N(C)CCCCCCCC|nitrate,63|CCCCCCCCN(C)C(=O)COCC(=O)N(C)CCCCCCCC|nitrate,9103a2256b97,d0e83cebbf21,934,389,0.30000000000000027,1,-0.054502770850449425,-0.06778750173775433,-0.06778750173775433,-0.031182465161026664,-0.048672694428093737,0.14545249349127212,-0.00014139744825227007
f81d4e481c974e8c6a6d,65558ffbf6aeff0a60bf,CCCCCCCCN(C)C(=O)COCC(=O)N(C)CCCCCCCC,cfb81e271e80f6a290e0,Eu-Gd,Eu,Gd,Er_SAFE:9130,Er_SAFE:9135,63|CCCCCCCCN(C)C(=O)COCC(=O)N(C)CCCCCCCC|nitrate,64|CCCCCCCCN(C)C(=O)COCC(=O)N(C)CCCCCCCC|nitrate,d0e83cebbf21,adc6081d21be,389,490,-0.14444444444444016,1,-0.08620825646850488,-0.07916653537177432,-0.07916653537177432,-0.06555310901469684,-0.08104446960505288,-0.126857727766037,-0.09249778414529891
7e5a6cf80e9dbb2745cb,65558ffbf6aeff0a60bf,CCCCCCCCN(C)C(=O)COCC(=O)N(C)CCCCCCCC,cfb81e271e80f6a290e0,Gd-Tb,Gd,Tb,Er_SAFE:9135,Er_SAFE:9140,64|CCCCCCCCN(C)C(=O)COCC(=O)N(C)CCCCCCCC|nitrate,65|CCCCCCCCN(C)C(=O)COCC(=O)N(C)CCCCCCCC|nitrate,adc6081d21be,5902593ca024,490,989,-0.11111111111110983,1,-0.23795504506633874,-0.24509570189074295,-0.24509570189074295,-0.24803515708594126,-0.2404750730712394,-0.309682493408521,-0.2577769281555598
9da470f6c6d126d51e88,65558ffbf6aeff0a60bf,CCCCCCCCN(C)C(=O)COCC(=O)N(C)CCCCCCCC,cfb81e271e80f6a290e0,Tb-Dy,Tb,Dy,Er_SAFE:9140,Dy_SAFE:9145,65|CCCCCCCCN(C)C(=O)COCC(=O)N(C)CCCCCCCC|nitrate,66|CCCCCCCCN(C)C(=O)COCC(=O)N(C)CCCCCCCC|nitrate,5902593ca024,0aa6481162e6,989,75,-0.04444444444445028,1,0.004476234792847474,-0.005728726682823876,-0.005728726682823877,-0.024584029896367935,-0.002788831379456378,-0.04086992020408312,-0.012309103585613063
bd0c8eb2d3ae0171c030,69ccb64a10ec0f7cf052,CCCCCCCCN(C)C(=O)COCC(=O)N(C)CCCCCCCC,cfb81e271e80f6a290e0,Sm-Eu,Sm,Eu,Er_SAFE:9127,Er_SAFE:9132,62|CCCCCCCCN(C)C(=O)COCC(=O)N(C)CCCCCCCC|nitrate,63|CCCCCCCCN(C)C(=O)COCC(=O)N(C)CCCCCCCC|nitrate,9103a2256b97,d0e83cebbf21,934,389,0.4888888888888898,1,-0.05407240395166604,-0.06582714634411324,-0.06582714634411324,-0.030612281126426527,-0.048207373245356164,0.17517237551510334,0.007637563944758716
3e53ed8fa232dbbdb690,69ccb64a10ec0f7cf052,CCCCCCCCN(C)C(=O)COCC(=O)N(C)CCCCCCCC,cfb81e271e80f6a290e0,Eu-Gd,Eu,Gd,Er_SAFE:9132,Er_SAFE:9137,63|CCCCCCCCN(C)C(=O)COCC(=O)N(C)CCCCCCCC|nitrate,64|CCCCCCCCN(C)C(=O)COCC(=O)N(C)CCCCCCCC|nitrate,d0e83cebbf21,adc6081d21be,389,490,-0.15555555555554967,1,-0.08620825646850488,-0.07775549390370287,-0.07775549390370287,-0.06534513950428925,-0.08099247722745098,-0.12892572085062662,-0.09297578813324489
7d13320bdaa74b4f124e,69ccb64a10ec0f7cf052,CCCCCCCCN(C)C(=O)COCC(=O)N(C)CCCCCCCC,cfb81e271e80f6a290e0,Gd-Tb,Gd,Tb,Er_SAFE:9137,Er_SAFE:9142,64|CCCCCCCCN(C)C(=O)COCC(=O)N(C)CCCCCCCC|nitrate,65|CCCCCCCCN(C)C(=O)COCC(=O)N(C)CCCCCCCC|nitrate,adc6081d21be,5902593ca024,490,989,-0.15555555555556033,1,-0.23747184826017614,-0.24769166967702666,-0.24769166967702666,-0.2566884374779467,-0.24227599556461876,-0.33535059293111164,-0.26554464490624197
d322d3fa6720c611c62e,69ccb64a10ec0f7cf052,CCCCCCCCN(C)C(=O)COCC(=O)N(C)CCCCCCCC,cfb81e271e80f6a290e0,Tb-Dy,Tb,Dy,Er_SAFE:9142,Dy_SAFE:9147,65|CCCCCCCCN(C)C(=O)COCC(=O)N(C)CCCCCCCC|nitrate,66|CCCCCCCCN(C)C(=O)COCC(=O)N(C)CCCCCCCC|nitrate,5902593ca024,0aa6481162e6,989,75,-0.1777777777777798,1,0.006846094834825761,-0.004290212494489693,-0.004290212494489694,-0.024159422972824435,-0.000905284617086788,-0.0032029241944352784,-0.0014796945114239107
fd9cbe57d3749fe1b6ea,82e6f9947489a1ca9918,CCCCCCCCN(C)C(=O)COCC(=O)N(C)CCCCCCCC,cfb81e271e80f6a290e0,Sm-Eu,Sm,Eu,Er_SAFE:9128,Er_SAFE:9133,62|CCCCCCCCN(C)C(=O)COCC(=O)N(C)CCCCCCCC|nitrate,63|CCCCCCCCN(C)C(=O)COCC(=O)N(C)CCCCCCCC|nitrate,9103a2256b97,d0e83cebbf21,934,389,0.40555555555556033,1,-0.055533680916299774,-0.06513772466275435,-0.06513772466275435,-0.0325229687187491,-0.0497810028669121,0.20461048310001692,0.01381686862482015
9919bcd2e0ee0b606308,82e6f9947489a1ca9918,CCCCCCCCN(C)C(=O)COCC(=O)N(C)CCCCCCCC,cfb81e271e80f6a290e0,Eu-Gd,Eu,Gd,Er_SAFE:9133,Er_SAFE:9138,63|CCCCCCCCN(C)C(=O)COCC(=O)N(C)CCCCCCCC|nitrate,64|CCCCCCCCN(C)C(=O)COCC(=O)N(C)CCCCCCCC|nitrate,d0e83cebbf21,adc6081d21be,389,490,0.01111111111110974,1,-0.08562859688001498,-0.07835328692764748,-0.07835328692764748,-0.06429606799162255,-0.08029546465791687,-0.13295956204334894,-0.0934614890042749
bcb146074406b8e2f137,82e6f9947489a1ca9918,CCCCCCCCN(C)C(=O)COCC(=O)N(C)CCCCCCCC,cfb81e271e80f6a290e0,Gd-Tb,Gd,Tb,Er_SAFE:9138,Er_SAFE:9143,64|CCCCCCCCN(C)C(=O)COCC(=O)N(C)CCCCCCCC|nitrate,65|CCCCCCCCN(C)C(=O)COCC(=O)N(C)CCCCCCCC|nitrate,adc6081d21be,5902593ca024,490,989,-0.0833333333333397,1,-0.24391666565093612,-0.2512742460760843,-0.2512742460760843,-0.2673814316889692,-0.2497828571604444,-0.36001967390378314,-0.2773420613462791
7789f043de57d6ce7ea4,82e6f9947489a1ca9918,CCCCCCCCN(C)C(=O)COCC(=O)N(C)CCCCCCCC,cfb81e271e80f6a290e0,Tb-Dy,Tb,Dy,Er_SAFE:9143,Dy_SAFE:9148,65|CCCCCCCCN(C)C(=O)COCC(=O)N(C)CCCCCCCC|nitrate,66|CCCCCCCCN(C)C(=O)COCC(=O)N(C)CCCCCCCC|nitrate,5902593ca024,0aa6481162e6,989,75,-0.3333333333333304,1,0.005617958324315143,-0.000763047731066767,-0.0007630477310667672,-0.024569196794924867,-0.00192883045549486,0.035995775212844215,0.00755232096158991
6e95ada4e6c4fdd825e6,b37675950d17c46ead08,CCCCN(CCCC)C(=O)COCC(=O)N(CCCC)CCCC,c7871bb73b8256ca7c0e,Tb-Dy,Tb,Dy,Lu_SAFE:9452,Dy_SAFE:9457,65|CCCCN(CCCC)C(=O)COCC(=O)N(CCCC)CCCC|nitrate,66|CCCCN(CCCC)C(=O)COCC(=O)N(CCCC)CCCC|nitrate,e96a56b518dc,7ec9b7797bf7,1031,113,-0.37562696595284406,4,-0.036642907938095104,-0.03623702559813739,-0.036642907938095104,-0.038656216292864753,-0.03815288920417234,0.023752020051081974,-0.03815288920417234
55fba3a1b1ff4159da5c,c2bc422593402ec17c7f,CCCCN(CCCC)C(=O)COCC(=O)N(CCCC)CCCC,c7871bb73b8256ca7c0e,Gd-Tb,Gd,Tb,Gd_SAFE:9483,Lu_SAFE:9455,64|CCCCN(CCCC)C(=O)COCC(=O)N(CCCC)CCCC|nitrate,65|CCCCN(CCCC)C(=O)COCC(=O)N(CCCC)CCCC|nitrate,b9c24641a88f,e96a56b518dc,495,1031,-0.5094119127305701,4,-0.1925382293160262,-0.19014205473859042,-0.1925382293160262,-0.19693481023722859,-0.195835665006928,-0.13765801737705866,-0.195835665006928
866d073a3bb87421139e,c2bc422593402ec17c7f,CCCCN(CCCC)C(=O)COCC(=O)N(CCCC)CCCC,c7871bb73b8256ca7c0e,Tb-Dy,Tb,Dy,Lu_SAFE:9455,Dy_SAFE:9460,65|CCCCN(CCCC)C(=O)COCC(=O)N(CCCC)CCCC|nitrate,66|CCCCN(CCCC)C(=O)COCC(=O)N(CCCC)CCCC|nitrate,e96a56b518dc,7ec9b7797bf7,1031,113,-0.4013548403331699,4,-0.0358666649148857,-0.03322257063898103,-0.0358666649148857,-0.03654691248986343,-0.036376850596119,0.028527923549215,-0.036376850596119
bf3c2a18e0fe7b9bf558,2865297f3fbb25f3a124,CCCCN(CCCC)C(=O)COCC(=O)N(CCCC)CCCC,c7871bb73b8256ca7c0e,Gd-Tb,Gd,Tb,Gd_SAFE:9484,Lu_SAFE:9456,64|CCCCN(CCCC)C(=O)COCC(=O)N(CCCC)CCCC|nitrate,65|CCCCN(CCCC)C(=O)COCC(=O)N(CCCC)CCCC|nitrate,b9c24641a88f,e96a56b518dc,495,1031,-0.39106369058105006,4,-0.19295901220953676,-0.18967995460799586,-0.19295901220953676,-0.19723352113882925,-0.19616489390650613,-0.13565675169229507,-0.19616489390650613
cda1355db88a21cdac40,2865297f3fbb25f3a124,CCCCN(CCCC)C(=O)COCC(=O)N(CCCC)CCCC,c7871bb73b8256ca7c0e,Tb-Dy,Tb,Dy,Lu_SAFE:9456,Dy_SAFE:9461,65|CCCCN(CCCC)C(=O)COCC(=O)N(CCCC)CCCC|nitrate,66|CCCCN(CCCC)C(=O)COCC(=O)N(CCCC)CCCC|nitrate,e96a56b518dc,7ec9b7797bf7,1031,113,-0.2830066181836397,4,-0.03735666567456647,-0.03388600197429924,-0.03735666567456647,-0.03654691248986343,-0.03674935078603919,0.02979396842420101,-0.03674935078603919
3510ae547bd2d10abf1c,bd743e86df3dab7a1d91,CCCCCCCCN(CCCCCCCC)C(=O)COCC(=O)N(CCCCCCCC)CCCCCCCC,0982ebf465b726073008,Er-Tm,Er,Tm,Er_SAFE:9770,Pr_SAFE:9776,68|CCCCCCCCN(CCCCCCCC)C(=O)COCC(=O)N(CCCCCCCC)CCCCCCCC|nitrate,69|CCCCCCCCN(CCCCCCCC)C(=O)COCC(=O)N(CCCCCCCC)CCCCCCCC|nitrate,389643f6ef69,78c4dd080e4c,162,1065,-0.004578754578756172,0,-0.04653202870997508,-0.051472939106953206,-0.051472939106953206,-0.020768236655958287,-0.027209184669462486,0.04934571124613285,-0.027209184669462486
b6fa1d4a1a0978832313,a5da05674eb9cbef103d,CCCCCCCCN(CCCCCCCC)C(=O)COCC(=O)N(CCCCCCCC)CCCCCCCC,0982ebf465b726073008,Dy-Ho,Dy,Ho,Dy_SAFE:9760,Ho_SAFE:9766,66|CCCCCCCCN(CCCCCCCC)C(=O)COCC(=O)N(CCCCCCCC)CCCCCCCC|nitrate,67|CCCCCCCCN(CCCCCCCC)C(=O)COCC(=O)N(CCCCCCCC)CCCCCCCC|nitrate,ece8108f76e3,9a0b2ab62928,144,548,-0.1556776556776578,0,-0.07450812511366539,-0.05672649846884945,-0.05672649846884945,-0.06358468452716834,-0.06631554467379261,-0.12161237746477127,-0.06631554467379261
7f5b3a85e9ba1cbce326,440da4eda45ddaeda93b,CCCCCCCCN(CCCCCCCC)C(=O)COCC(=O)N(CCCCCCCC)CCCCCCCC,0982ebf465b726073008,Er-Tm,Er,Tm,Er_SAFE:9773,Pr_SAFE:9779,68|CCCCCCCCN(CCCCCCCC)C(=O)COCC(=O)N(CCCCCCCC)CCCCCCCC|nitrate,69|CCCCCCCCN(CCCCCCCC)C(=O)COCC(=O)N(CCCCCCCC)CCCCCCCC|nitrate,389643f6ef69,78c4dd080e4c,162,1065,-0.06410256410256387,0,-0.0431687524308505,-0.05084429021432611,-0.05084429021432611,-0.01435003399438405,-0.021554713603500662,0.05355129553936422,-0.021554713603500662
6d25f2358ff6c53e5d41,c044c8c7b8341e5af133,CCCCCCCCN(CCCCCCCC)C(=O)COCC(=O)N(CCCCCCCC)CCCCCCCC,0982ebf465b726073008,Yb-Lu,Yb,Lu,Pr_SAFE:9786,Lu_SAFE:9792,70|CCCCCCCCN(CCCCCCCC)C(=O)COCC(=O)N(CCCCCCCC)CCCCCCCC|nitrate,71|CCCCCCCCN(CCCCCCCC)C(=O)COCC(=O)N(CCCCCCCC)CCCCCCCC|nitrate,b626912f120c,841e714ef7bf,1139,699,0.0,0,-0.07668920748621635,-0.07274176524355369,-0.07274176524355369,-0.054070037277651015,-0.05972482982979235,0.10824949791034062,-0.05972482982979235
9ebc5d9e83a9c2cd2475,0de6a2097cc759148ed4,CCCCCCCCN(CCCCCCCC)C(=O)COCC(=O)N(CCCCCCCC)CCCCCCCC,0982ebf465b726073008,Er-Tm,Er,Tm,Er_SAFE:9826,Er_SAFE:9832,68|CCCCCCCCN(CCCCCCCC)C(=O)COCC(=O)N(CCCCCCCC)CCCCCCCC|water,69|CCCCCCCCN(CCCCCCCC)C(=O)COCC(=O)N(CCCCCCCC)CCCCCCCC|water,7969957ddddb,6f2b8ea84d8f,183,1063,0.009161536206393595,0,-0.04653202870997508,-0.051472939106953206,-0.051472939106953206,-0.04004595873974887,-0.04166747623230543,0.08247534061471622,-0.04166747623230543
804b636b4a3bcaa70005,0de6a2097cc759148ed4,CCCCCCCCN(CCCCCCCC)C(=O)COCC(=O)N(CCCCCCCC)CCCCCCCC,0982ebf465b726073008,Tm-Yb,Tm,Yb,Er_SAFE:9832,Er_SAFE:9838,69|CCCCCCCCN(CCCCCCCC)C(=O)COCC(=O)N(CCCCCCCC)CCCCCCCC|water,70|CCCCCCCCN(CCCCCCCC)C(=O)COCC(=O)N(CCCCCCCC)CCCCCCCC|water,6f2b8ea84d8f,64d6f07f057c,1063,1119,-0.02290384051597516,0,-0.01702846519067848,-0.013303049784298554,-0.013303049784298554,-0.04377235772691208,-0.037086384592853676,0.024689647446696956,-0.037086384592853676
e733a91e1969462289af,0de6a2097cc759148ed4,CCCCCCCCN(CCCCCCCC)C(=O)COCC(=O)N(CCCCCCCC)CCCCCCCC,0982ebf465b726073008,Yb-Lu,Yb,Lu,Er_SAFE:9838,Er_SAFE:9844,70|CCCCCCCCN(CCCCCCCC)C(=O)COCC(=O)N(CCCCCCCC)CCCCCCCC|water,71|CCCCCCCCN(CCCCCCCC)C(=O)COCC(=O)N(CCCCCCCC)CCCCCCCC|water,64d6f07f057c,eed9dc5fbef3,1119,720,-0.02290384051597838,0,-0.08424379680487117,-0.07691593974130195,-0.07691593974130195,-0.07921186144500317,-0.08046984528497017,0.06486373549948136,-0.08046984528497017
3b763a4c53521643ade7,75cb8c60ec37c86855ba,CCCCCCCCN(CCCCCCCC)C(=O)COCC(=O)N(CCCCCCCC)CCCCCCCC,0982ebf465b726073008,Dy-Ho,Dy,Ho,Dy_SAFE:9816,Er_SAFE:9822,66|CCCCCCCCN(CCCCCCCC)C(=O)COCC(=O)N(CCCCCCCC)CCCCCCCC|nitrate,67|CCCCCCCCN(CCCCCCCC)C(=O)COCC(=O)N(CCCCCCCC)CCCCCCCC|nitrate,ece8108f76e3,9a0b2ab62928,144,548,-0.12826150688947502,0,-0.07450812511366539,-0.05672649846884945,-0.05672649846884945,-0.06358468452716834,-0.06631554467379261,-0.1214348499973615,-0.06631554467379261
71717b95e880b4289877,75cb8c60ec37c86855ba,CCCCCCCCN(CCCCCCCC)C(=O)COCC(=O)N(CCCCCCCC)CCCCCCCC,0982ebf465b726073008,Tm-Yb,Tm,Yb,Er_SAFE:9834,Er_SAFE:9840,69|CCCCCCCCN(CCCCCCCC)C(=O)COCC(=O)N(CCCCCCCC)CCCCCCCC|nitrate,70|CCCCCCCCN(CCCCCCCC)C(=O)COCC(=O)N(CCCCCCCC)CCCCCCCC|nitrate,78c4dd080e4c,b626912f120c,1065,1139,-0.03206537672236753,0,-0.01702846519067848,-0.013303049784298554,-0.013303049784298554,-0.07468475629122862,-0.06027068351609108,0.0066339410841465,-0.06027068351609108
325d64c7afba0a6e30ae,bbe8b59b3dfd7a4341a6,CCCCCCCCN(CCCCCCCC)C(=O)COCC(=O)N(CCCCCCCC)CCCCCCCC,0982ebf465b726073008,Dy-Ho,Dy,Ho,Dy_SAFE:9817,Er_SAFE:9823,66|CCCCCCCCN(CCCCCCCC)C(=O)COCC(=O)N(CCCCCCCC)CCCCCCCC|nitrate,67|CCCCCCCCN(CCCCCCCC)C(=O)COCC(=O)N(CCCCCCCC)CCCCCCCC|nitrate,ece8108f76e3,9a0b2ab62928,144,548,-0.15116534740545173,0,-0.07450812511366539,-0.05672649846884945,-0.05672649846884945,-0.06358468452716834,-0.06631554467379261,-0.12075543651978175,-0.06631554467379261
5d175a01c431dbedc522,bbe8b59b3dfd7a4341a6,CCCCCCCCN(CCCCCCCC)C(=O)COCC(=O)N(CCCCCCCC)CCCCCCCC,0982ebf465b726073008,Yb-Lu,Yb,Lu,Er_SAFE:9841,Er_SAFE:9847,70|CCCCCCCCN(CCCCCCCC)C(=O)COCC(=O)N(CCCCCCCC)CCCCCCCC|nitrate,71|CCCCCCCCN(CCCCCCCC)C(=O)COCC(=O)N(CCCCCCCC)CCCCCCCC|nitrate,b626912f120c,841e714ef7bf,1139,699,-0.04122691292875946,0,-0.08424379680487117,-0.07691593974130195,-0.07691593974130195,-0.06786259116042945,-0.07195789257153988,0.10288969054818153,-0.07195789257153988
b67cf182d9edb18b62f0,bb18f4030a69f3616149,CCCCCCCCN(CCCCCCCC)C(=O)COCC(=O)N(CCCCCCCC)CCCCCCCC,0982ebf465b726073008,Dy-Ho,Dy,Ho,Dy_SAFE:9865,Ho_SAFE:9869,66|CCCCCCCCN(CCCCCCCC)C(=O)COCC(=O)N(CCCCCCCC)CCCCCCCC|nitrate,67|CCCCCCCCN(CCCCCCCC)C(=O)COCC(=O)N(CCCCCCCC)CCCCCCCC|nitrate,ece8108f76e3,9a0b2ab62928,144,548,-0.09395973154362425,0,-0.06568901571887292,-0.05300372978488172,-0.05300372978488172,-0.04161252465987633,-0.04763164742462548,-0.11960735420385997,-0.04763164742462548
87af8e030526e63e46d5,bb18f4030a69f3616149,CCCCCCCCN(CCCCCCCC)C(=O)COCC(=O)N(CCCCCCCC)CCCCCCCC,0982ebf465b726073008,Ho-Er,Ho,Er,Ho_SAFE:9869,Er_SAFE:9873,67|CCCCCCCCN(CCCCCCCC)C(=O)COCC(=O)N(CCCCCCCC)CCCCCCCC|nitrate,68|CCCCCCCCN(CCCCCCCC)C(=O)COCC(=O)N(CCCCCCCC)CCCCCCCC|nitrate,9a0b2ab62928,389643f6ef69,548,162,-0.15570469798657527,0,-0.12736375642374256,-0.11949519216569063,-0.11949519216569063,-0.08811222237242303,-0.09792510588525291,0.0883662576476733,-0.09792510588525291
7fc5a0ce66bc0e7aa327,bb18f4030a69f3616149,CCCCCCCCN(CCCCCCCC)C(=O)COCC(=O)N(CCCCCCCC)CCCCCCCC,0982ebf465b726073008,Er-Tm,Er,Tm,Er_SAFE:9873,Pr_SAFE:9877,68|CCCCCCCCN(CCCCCCCC)C(=O)COCC(=O)N(CCCCCCCC)CCCCCCCC|nitrate,69|CCCCCCCCN(CCCCCCCC)C(=O)COCC(=O)N(CCCCCCCC)CCCCCCCC|nitrate,389643f6ef69,78c4dd080e4c,162,1065,0.04295302013422608,0,-0.03962326045230225,-0.04706672907496085,-0.04706672907496085,-0.00250627970580231,-0.011785524892427297,0.05611162384351095,-0.011785524892427297
b92acec6d9c17bac3216,bb18f4030a69f3616149,CCCCCCCCN(CCCCCCCC)C(=O)COCC(=O)N(CCCCCCCC)CCCCCCCC,0982ebf465b726073008,Tm-Yb,Tm,Yb,Pr_SAFE:9877,Pr_SAFE:9881,69|CCCCCCCCN(CCCCCCCC)C(=O)COCC(=O)N(CCCCCCCC)CCCCCCCC|nitrate,70|CCCCCCCCN(CCCCCCCC)C(=O)COCC(=O)N(CCCCCCCC)CCCCCCCC|nitrate,78c4dd080e4c,b626912f120c,1065,1139,-0.20671140939597166,0,-0.008851805815294033,-0.0077303468196148065,-0.0077303468196148065,-0.05511117791458775,-0.043546334889764324,0.005873369673887889,-0.043546334889764324
8fb4ee4ef7cdc61e8208,bb18f4030a69f3616149,CCCCCCCCN(CCCCCCCC)C(=O)COCC(=O)N(CCCCCCCC)CCCCCCCC,0982ebf465b726073008,Yb-Lu,Yb,Lu,Pr_SAFE:9881,Lu_SAFE:9885,70|CCCCCCCCN(CCCCCCCC)C(=O)COCC(=O)N(CCCCCCCC)CCCCCCCC|nitrate,71|CCCCCCCCN(CCCCCCCC)C(=O)COCC(=O)N(CCCCCCCC)CCCCCCCC|nitrate,b626912f120c,841e714ef7bf,1139,699,0.22818791946308625,0,-0.07674376937548108,-0.07277601805896791,-0.07277601805896791,-0.051888391755904505,-0.05810223616079865,0.10879902789990108,-0.05810223616079865
bb0ecc8b1022013b299d,15d8d515eb969c32a3be,CCCCCCCCN(CCCCCCCC)C(=O)COCC(=O)N(CCCCCCCC)CCCCCCCC,0982ebf465b726073008,Dy-Ho,Dy,Ho,Dy_SAFE:9866,Ho_SAFE:9870,66|CCCCCCCCN(CCCCCCCC)C(=O)COCC(=O)N(CCCCCCCC)CCCCCCCC|nitrate,67|CCCCCCCCN(CCCCCCCC)C(=O)COCC(=O)N(CCCCCCCC)CCCCCCCC|nitrate,ece8108f76e3,9a0b2ab62928,144,548,-0.12348993288590604,0,-0.06296456431641832,-0.05493855875273211,-0.05493855875273211,-0.050508442930819436,-0.053622473277219154,-0.1970585398375988,-0.053622473277219154
349a5c871e37ddc828a1,15d8d515eb969c32a3be,CCCCCCCCN(CCCCCCCC)C(=O)COCC(=O)N(CCCCCCCC)CCCCCCCC,0982ebf465b726073008,Tm-Yb,Tm,Yb,Pr_SAFE:9878,Pr_SAFE:9882,69|CCCCCCCCN(CCCCCCCC)C(=O)COCC(=O)N(CCCCCCCC)CCCCCCCC|nitrate,70|CCCCCCCCN(CCCCCCCC)C(=O)COCC(=O)N(CCCCCCCC)CCCCCCCC|nitrate,78c4dd080e4c,b626912f120c,1065,1139,-0.16644295302013434,0,-0.018445263587070784,-0.013162486346532007,-0.013162486346532007,-0.06904192371123308,-0.0563927586801925,0.05036218464374542,-0.0563927586801925
3086ee5359fc91d99bc0,15d8d515eb969c32a3be,CCCCCCCCN(CCCCCCCC)C(=O)COCC(=O)N(CCCCCCCC)CCCCCCCC,0982ebf465b726073008,Yb-Lu,Yb,Lu,Pr_SAFE:9882,Lu_SAFE:9886,70|CCCCCCCCN(CCCCCCCC)C(=O)COCC(=O)N(CCCCCCCC)CCCCCCCC|nitrate,71|CCCCCCCCN(CCCCCCCC)C(=O)COCC(=O)N(CCCCCCCC)CCCCCCCC|nitrate,b626912f120c,841e714ef7bf,1139,699,0.06979865771812088,0,-0.10189282092247154,-0.08776723865701419,-0.08776723865701419,-0.06850730954444693,-0.07685368738895308,-0.059553198516368866,-0.07685368738895308
9d281897ec20a6a851b4,289916b65f7059e5923e,CCCCCCCCN(CCCCCCCC)C(=O)COCC(=O)N(CCCCCCCC)CCCCCCCC,0982ebf465b726073008,Er-Tm,Er,Tm,Er_SAFE:9875,Pr_SAFE:9879,68|CCCCCCCCN(CCCCCCCC)C(=O)COCC(=O)N(CCCCCCCC)CCCCCCCC|nitrate,69|CCCCCCCCN(CCCCCCCC)C(=O)COCC(=O)N(CCCCCCCC)CCCCCCCC|nitrate,389643f6ef69,78c4dd080e4c,162,1065,-0.005369127516779315,0,-0.05061667078504924,-0.05557228002910959,-0.05557228002910959,-0.0204811220051855,-0.028015009200151434,-0.007217048356930415,-0.028015009200151434
f696ea4dd39885dffa50,289916b65f7059e5923e,CCCCCCCCN(CCCCCCCC)C(=O)COCC(=O)N(CCCCCCCC)CCCCCCCC,0982ebf465b726073008,Tm-Yb,Tm,Yb,Pr_SAFE:9879,Pr_SAFE:9883,69|CCCCCCCCN(CCCCCCCC)C(=O)COCC(=O)N(CCCCCCCC)CCCCCCCC|nitrate,70|CCCCCCCCN(CCCCCCCC)C(=O)COCC(=O)N(CCCCCCCC)CCCCCCCC|nitrate,78c4dd080e4c,b626912f120c,1065,1139,-0.01879194630872405,0,-0.018445263587070784,-0.01382395410267671,-0.01382395410267671,-0.07569107863897173,-0.06137962487599649,0.035025820756951966,-0.06137962487599649
1f2d1fbb5de7ef3248b3,289916b65f7059e5923e,CCCCCCCCN(CCCCCCCC)C(=O)COCC(=O)N(CCCCCCCC)CCCCCCCC,0982ebf465b726073008,Yb-Lu,Yb,Lu,Pr_SAFE:9883,Lu_SAFE:9887,70|CCCCCCCCN(CCCCCCCC)C(=O)COCC(=O)N(CCCCCCCC)CCCCCCCC|nitrate,71|CCCCCCCCN(CCCCCCCC)C(=O)COCC(=O)N(CCCCCCCC)CCCCCCCC|nitrate,b626912f120c,841e714ef7bf,1139,699,-0.026845637583893023,0,-0.10189282092247154,-0.08842870641315889,-0.08842870641315889,-0.07347665135813888,-0.08058069374922205,-0.02550131268799305,-0.08058069374922205
39083e72bc11d92b9736,a82ea2d1937570bb7ac6,CCCCCCCCN(CCCCCCCC)C(=O)COCC(=O)N(CCCCCCCC)CCCCCCCC,0982ebf465b726073008,Er-Tm,Er,Tm,Er_SAFE:9876,Pr_SAFE:9880,68|CCCCCCCCN(CCCCCCCC)C(=O)COCC(=O)N(CCCCCCCC)CCCCCCCC|nitrate,69|CCCCCCCCN(CCCCCCCC)C(=O)COCC(=O)N(CCCCCCCC)CCCCCCCC|nitrate,389643f6ef69,78c4dd080e4c,162,1065,-0.01879194630872494,0,-0.05061667078504924,-0.05557228002910959,-0.05557228002910959,-0.0204811220051855,-0.028015009200151434,-0.00600059664187332,-0.028015009200151434
dd4c78b3cecb9b2e8362,a82ea2d1937570bb7ac6,CCCCCCCCN(CCCCCCCC)C(=O)COCC(=O)N(CCCCCCCC)CCCCCCCC,0982ebf465b726073008,Tm-Yb,Tm,Yb,Pr_SAFE:9880,Pr_SAFE:9884,69|CCCCCCCCN(CCCCCCCC)C(=O)COCC(=O)N(CCCCCCCC)CCCCCCCC|nitrate,70|CCCCCCCCN(CCCCCCCC)C(=O)COCC(=O)N(CCCCCCCC)CCCCCCCC|nitrate,78c4dd080e4c,b626912f120c,1065,1139,-0.029530201342282236,0,-0.018445263587070784,-0.01382395410267671,-0.01382395410267671,-0.07569107863897173,-0.06137962487599649,0.05425408435985446,-0.06137962487599649
738ca5c1dfd0270f490f,a82ea2d1937570bb7ac6,CCCCCCCCN(CCCCCCCC)C(=O)COCC(=O)N(CCCCCCCC)CCCCCCCC,0982ebf465b726073008,Yb-Lu,Yb,Lu,Pr_SAFE:9884,Lu_SAFE:9888,70|CCCCCCCCN(CCCCCCCC)C(=O)COCC(=O)N(CCCCCCCC)CCCCCCCC|nitrate,71|CCCCCCCCN(CCCCCCCC)C(=O)COCC(=O)N(CCCCCCCC)CCCCCCCC|nitrate,b626912f120c,841e714ef7bf,1139,699,-0.067114093959731,0,-0.10189282092247154,-0.08842870641315889,-0.08842870641315889,-0.07347665135813888,-0.08058069374922205,-0.03208849191044768,-0.08058069374922205
9b566b3d161918d097e8,dbdedef650b34822250b,CCCCN(CCCC)C(=O)COCC(=O)N(CCCC)CCCC,c7871bb73b8256ca7c0e,Sm-Eu,Sm,Eu,Lu_SAFE:9981,Eu_SAFE:9982,62|CCCCN(CCCC)C(=O)COCC(=O)N(CCCC)CCCC|nitrate,63|CCCCN(CCCC)C(=O)COCC(=O)N(CCCC)CCCC|nitrate,0fa1f433e09b,b0690393d5ce,893,363,0.014193893432994154,4,-0.0019305965295754559,0.0037225265259599747,-0.0019305965295754559,-0.06291271279720925,-0.0476671837303008,-0.001988434543212255,-0.0476671837303008
e013eab6624fac18471e,dbdedef650b34822250b,CCCCN(CCCC)C(=O)COCC(=O)N(CCCC)CCCC,c7871bb73b8256ca7c0e,Eu-Gd,Eu,Gd,Eu_SAFE:9982,Gd_SAFE:9983,63|CCCCN(CCCC)C(=O)COCC(=O)N(CCCC)CCCC|nitrate,64|CCCCN(CCCC)C(=O)COCC(=O)N(CCCC)CCCC|nitrate,b0690393d5ce,b9c24641a88f,363,495,-0.0265834827260627,4,-0.07441318264123464,-0.07327716006606873,-0.07441318264123464,-0.07786015593465057,-0.07699841261129658,-0.1995160679022471,-0.07699841261129658
85ec62b978df6bd0153d,70377aa3a6cc90587140,CCCCCCN(CCCCCC)C(=O)COCC(=O)N(CCCCCC)CCCCCC,0982ebf465b726073008,Sm-Eu,Sm,Eu,Lu_SAFE:9989,Eu_SAFE:9990,62|CCCCCCN(CCCCCC)C(=O)COCC(=O)N(CCCCCC)CCCCCC|nitrate,63|CCCCCCN(CCCCCC)C(=O)COCC(=O)N(CCCCCC)CCCCCC|nitrate,b3d7d325246c,56c925ac0a96,942,296,0.03778856088939975,0,-0.045671815786460915,-0.030787780115800724,-0.030787780115800724,-0.06589733704832489,-0.06084095673285889,0.01790353034933408,-0.06084095673285889
d657cc201fde9a2f7df8,70377aa3a6cc90587140,CCCCCCN(CCCCCC)C(=O)COCC(=O)N(CCCCCC)CCCCCC,0982ebf465b726073008,Eu-Gd,Eu,Gd,Eu_SAFE:9990,Gd_SAFE:9991,63|CCCCCCN(CCCCCC)C(=O)COCC(=O)N(CCCCCC)CCCCCC|nitrate,64|CCCCCCN(CCCCCC)C(=O)COCC(=O)N(CCCCCC)CCCCCC|nitrate,56c925ac0a96,22416499ab5a,296,446,-0.0810874428835715,0,-0.22205912007753847,-0.20993538449233706,-0.20993538449233706,-0.12391583930393886,-0.14845165949733877,-0.19222256541252136,-0.14845165949733877
a243c5da9a49056ec9ca,97194e935b601d2cb15e,CCCCCCCCN(CCCCCCCC)C(=O)COCC(=O)N(CCCCCCCC)CCCCCCCC,0982ebf465b726073008,Sm-Eu,Sm,Eu,Lu_SAFE:9997,Eu_SAFE:9998,62|CCCCCCCCN(CCCCCCCC)C(=O)COCC(=O)N(CCCCCCCC)CCCCCCCC|nitrate,63|CCCCCCCCN(CCCCCCCC)C(=O)COCC(=O)N(CCCCCCCC)CCCCCCCC|nitrate,932854907794,3f1e9baa527a,935,276,-0.03763253628491825,0,-0.06092557781180077,-0.04615580130074448,-0.04615580130074448,-0.09531559401286624,-0.08671808996259987,0.07117103536923726,-0.08671808996259987
f3f41eebf50d62696b4f,97194e935b601d2cb15e,CCCCCCCCN(CCCCCCCC)C(=O)COCC(=O)N(CCCCCCCC)CCCCCCCC,0982ebf465b726073008,Eu-Gd,Eu,Gd,Eu_SAFE:9998,Gd_SAFE:9999,63|CCCCCCCCN(CCCCCCCC)C(=O)COCC(=O)N(CCCCCCCC)CCCCCCCC|nitrate,64|CCCCCCCCN(CCCCCCCC)C(=O)COCC(=O)N(CCCCCCCC)CCCCCCCC|nitrate,3f1e9baa527a,ffeead124530,276,511,0.06866677002488697,0,-0.22092147782119786,-0.2137704734305474,-0.2137704734305474,-0.11370490892662424,-0.14050905115026766,-0.17453640699386597,-0.14050905115026766
8128f7e0042adc98431e,be94b7c411582069fe4d,CC(C)CN(CC(C)C)C(=O)COCC(=O)N(CC(C)C)CC(C)C,58d4e65c753e78f7e64e,Sm-Eu,Sm,Eu,Lu_SAFE:10013,Eu_SAFE:10014,62|CC(C)CN(CC(C)C)C(=O)COCC(=O)N(CC(C)C)CC(C)C|nitrate,63|CC(C)CN(CC(C)C)C(=O)COCC(=O)N(CC(C)C)CC(C)C|nitrate,ee66a08ef9ec,2dec4a230529,963,263,-0.12569732978266568,4,-0.005552432686802536,-0.009630079317845762,-0.005552432686802536,-0.0248127658594145,-0.01999768256626151,0.014113139671583971,-0.01999768256626151
220da3d763c8fbb5f725,be94b7c411582069fe4d,CC(C)CN(CC(C)C)C(=O)COCC(=O)N(CC(C)C)CC(C)C,58d4e65c753e78f7e64e,Eu-Gd,Eu,Gd,Eu_SAFE:10014,Gd_SAFE:10015,63|CC(C)CN(CC(C)C)C(=O)COCC(=O)N(CC(C)C)CC(C)C|nitrate,64|CC(C)CN(CC(C)C)C(=O)COCC(=O)N(CC(C)C)CC(C)C|nitrate,2dec4a230529,33aeb266fd28,263,451,0.04676924286893813,4,-0.02940955838384522,-0.03296620034010121,-0.02940955838384522,-0.010086756729871776,-0.014917457143365138,-0.13041595121224722,-0.014917457143365138
5a7be648a788bb46e0db,3aa9245773146509de51,CCCCC(CC)CN(CC(CC)CCCC)C(=O)COCC(=O)N(CC(CC)CCCC)CC(CC)CCCC,3892bd45fa60b76c313c,Sm-Eu,Sm,Eu,Lu_SAFE:10021,Eu_SAFE:10022,62|CCCCC(CC)CN(CC(CC)CCCC)C(=O)COCC(=O)N(CC(CC)CCCC)CC(CC)CCCC|nitrate,63|CCCCC(CC)CN(CC(CC)CCCC)C(=O)COCC(=O)N(CC(CC)CCCC)CC(CC)CCCC|nitrate,61cc2c48be65,6587dff62b60,920,310,-0.11411641247326432,4,-0.01943944187881943,-0.025702155815924905,-0.01943944187881943,-0.07192342958892395,-0.05880243266139782,-0.00983114012827476,-0.05880243266139782
c09bc7c718c1b907ff3f,3aa9245773146509de51,CCCCC(CC)CN(CC(CC)CCCC)C(=O)COCC(=O)N(CC(CC)CCCC)CC(CC)CCCC,3892bd45fa60b76c313c,Eu-Gd,Eu,Gd,Eu_SAFE:10022,Gd_SAFE:10023,63|CCCCC(CC)CN(CC(CC)CCCC)C(=O)COCC(=O)N(CC(CC)CCCC)CC(CC)CCCC|nitrate,64|CCCCC(CC)CN(CC(CC)CCCC)C(=O)COCC(=O)N(CC(CC)CCCC)CC(CC)CCCC|nitrate,6587dff62b60,07350ab67185,310,434,-0.03329556939336764,4,-0.09279594954305379,-0.0828069840885123,-0.09279594954305379,-0.10813502866602151,-0.10430025888527958,-0.1623008077343305,-0.10430025888527958
e2f27319c7bffdbfa7bf,374ced672295da6ceded,CN(C(=O)COCC(=O)N(C)c1ccccc1)c1ccccc1,f6de0c8e1de165e34184,Sm-Eu,Sm,Eu,Lu_SAFE:10029,Eu_SAFE:10030,62|CN(C(=O)COCC(=O)N(C)c1ccccc1)c1ccccc1|nitrate,63|CN(C(=O)COCC(=O)N(C)c1ccccc1)c1ccccc1|nitrate,21b084407405,5e17d48e6b5d,898,302,-0.24919835739111285,2,-0.007781471069229467,-0.021547232605507286,-0.007781471069229467,-0.013594911282295202,-0.007781471069229467,0.0010476648652305205,-0.007781471069229467
2838b4c7dd78aa5ebc2e,374ced672295da6ceded,CN(C(=O)COCC(=O)N(C)c1ccccc1)c1ccccc1,f6de0c8e1de165e34184,Eu-Gd,Eu,Gd,Eu_SAFE:10030,Gd_SAFE:10031,63|CN(C(=O)COCC(=O)N(C)c1ccccc1)c1ccccc1|nitrate,64|CN(C(=O)COCC(=O)N(C)c1ccccc1)c1ccccc1|nitrate,5e17d48e6b5d,b2c371753758,302,492,-0.13848801691537183,2,0.08620114625347476,0.07620869383826981,0.08620114625347476,0.009830414906448436,0.08620114625347476,-0.05369316910703977,0.08620114625347476
e1c46331055279f7fc05,d023c392a7c294634f90,CCCCCCCCN(C)C(=O)COCC(=O)N(C)CCCCCCCC,cfb81e271e80f6a290e0,Sm-Eu,Sm,Eu,Lu_SAFE:10037,Eu_SAFE:10038,62|CCCCCCCCN(C)C(=O)COCC(=O)N(C)CCCCCCCC|nitrate,63|CCCCCCCCN(C)C(=O)COCC(=O)N(C)CCCCCCCC|nitrate,9103a2256b97,d0e83cebbf21,934,389,-0.2379782499168921,1,-0.047063066594286704,-0.05752224604670074,-0.05752224604670074,-0.04438616706059381,-0.046393841710863484,-0.023642458642522495,-0.04070599594377824
bd10c8f9ea8675f5dd1c,d023c392a7c294634f90,CCCCCCCCN(C)C(=O)COCC(=O)N(C)CCCCCCCC,cfb81e271e80f6a290e0,Eu-Gd,Eu,Gd,Eu_SAFE:10038,Gd_SAFE:10039,63|CCCCCCCCN(C)C(=O)COCC(=O)N(C)CCCCCCCC|nitrate,64|CCCCCCCCN(C)C(=O)COCC(=O)N(C)CCCCCCCC|nitrate,d0e83cebbf21,adc6081d21be,389,490,-0.05515526490105527,1,-0.08382713711251076,-0.08171686469095923,-0.08171686469095923,-0.06037037046207894,-0.0779629454499028,-0.1518853356440862,-0.09644354299844865
24a01db8b137e77d5952,684034953bbe6ffa548c,CCCCCCCCN(CC(C)C)C(=O)COCC(=O)N(CCCCCCCC)CC(C)C,5af1128acd3d0d8d9994,Sm-Eu,Sm,Eu,Lu_SAFE:10045,Eu_SAFE:10046,62|CCCCCCCCN(CC(C)C)C(=O)COCC(=O)N(CCCCCCCC)CC(C)C|nitrate,63|CCCCCCCCN(CC(C)C)C(=O)COCC(=O)N(CCCCCCCC)CC(C)C|nitrate,895df93270f5,dc1c8a4299f0,931,394,0.09938463213591184,3,-0.05439239434891801,-0.04065461476798067,-0.05439239434891801,-0.14478489964800134,-0.1221867733232305,-0.19589648644129434,-0.1221867733232305
58b4f70317a5546df8db,684034953bbe6ffa548c,CCCCCCCCN(CC(C)C)C(=O)COCC(=O)N(CCCCCCCC)CC(C)C,5af1128acd3d0d8d9994,Eu-Gd,Eu,Gd,Eu_SAFE:10046,Gd_SAFE:10047,63|CCCCCCCCN(CC(C)C)C(=O)COCC(=O)N(CCCCCCCC)CC(C)C|nitrate,64|CCCCCCCCN(CC(C)C)C(=O)COCC(=O)N(CCCCCCCC)CC(C)C|nitrate,dc1c8a4299f0,9401327b7867,394,476,-0.22382957166781506,3,-0.10859898222530781,-0.11885951780219078,-0.10859898222530781,-0.08067368488956675,-0.08765500922350201,-0.20841059585412344,-0.08765500922350201
b721dd479dcd056ac26c,a02012332767d482c325,CCCCCCCCN(CC(CC)CCCC)C(=O)COCC(=O)N(CCCCCCCC)CC(CC)CCCC,df42912643728e7446c1,Sm-Eu,Sm,Eu,Lu_SAFE:10053,Eu_SAFE:10054,62|CCCCCCCCN(CC(CC)CCCC)C(=O)COCC(=O)N(CCCCCCCC)CC(CC)CCCC|nitrate,63|CCCCCCCCN(CC(CC)CCCC)C(=O)COCC(=O)N(CCCCCCCC)CC(CC)CCCC|nitrate,225f02af74b6,4845cbe233b2,899,281,0.06897620679031359,4,-0.02107233092811648,-0.023418095644923965,-0.02107233092811648,-0.13341694352646793,-0.10533079037688006,-0.037101092476708196,-0.10533079037688006
3503bd2b0a1b3a2910fe,a02012332767d482c325,CCCCCCCCN(CC(CC)CCCC)C(=O)COCC(=O)N(CCCCCCCC)CC(CC)CCCC,df42912643728e7446c1,Eu-Gd,Eu,Gd,Eu_SAFE:10054,Gd_SAFE:10055,63|CCCCCCCCN(CC(CC)CCCC)C(=O)COCC(=O)N(CCCCCCCC)CC(CC)CCCC|nitrate,64|CCCCCCCCN(CC(CC)CCCC)C(=O)COCC(=O)N(CCCCCCCC)CC(CC)CCCC|nitrate,4845cbe233b2,b5d2516206e6,281,493,-0.28285602673539456,4,-0.1406383271599131,-0.12722375196461988,-0.1406383271599131,-0.03607811964939434,-0.062218171527024024,-0.09790455736219883,-0.062218171527024024
d9e4842577eceb76b88e,5787070f5da140cbf44f,CCCN(CCC)C(=O)COCC(=O)N(CCC)CCC,dc7ee58d47cb71baf62d,Dy-Ho,Dy,Ho,Dy_SAFE:12217,Ho_SAFE:12218,66|CCCN(CCC)C(=O)COCC(=O)N(CCC)CCC|nitrate,67|CCCN(CCC)C(=O)COCC(=O)N(CCC)CCC|nitrate,b82b233b5b64,1ffb56bb5571,127,525,-0.03377110694183916,4,-0.028409125782279443,-0.040617432876212965,-0.028409125782279443,-0.03268900519571112,-0.031619035342353205,-0.029183358885347843,-0.031619035342353205
f056deea03326de4a6d9,5787070f5da140cbf44f,CCCN(CCC)C(=O)COCC(=O)N(CCC)CCC,dc7ee58d47cb71baf62d,Ho-Er,Ho,Er,Ho_SAFE:12218,Er_SAFE:12219,67|CCCN(CCC)C(=O)COCC(=O)N(CCC)CCC|nitrate,68|CCCN(CCC)C(=O)COCC(=O)N(CCC)CCC|nitrate,1ffb56bb5571,9680eb2381ef,525,198,0.03939962476547798,4,-0.041275840020753934,-0.03659090619801257,-0.041275840020753934,-0.024679175727834467,-0.028828341801064333,-0.04294171370565891,-0.028828341801064333
08353dab252e973c4f60,5787070f5da140cbf44f,CCCN(CCC)C(=O)COCC(=O)N(CCC)CCC,dc7ee58d47cb71baf62d,Er-Tm,Er,Tm,Er_SAFE:12219,Pr_SAFE:12220,68|CCCN(CCC)C(=O)COCC(=O)N(CCC)CCC|nitrate,69|CCCN(CCC)C(=O)COCC(=O)N(CCC)CCC|nitrate,9680eb2381ef,0c9244186a0f,198,1042,0.005628517823640156,4,0.005748700011720265,0.00721318442225902,0.005748700011720265,-0.021325253764990754,-0.014556765320813,0.04439568643768629,-0.014556765320813
ae3e1e3040f35f22d92e,5787070f5da140cbf44f,CCCN(CCC)C(=O)COCC(=O)N(CCC)CCC,dc7ee58d47cb71baf62d,Tm-Yb,Tm,Yb,Pr_SAFE:12220,Pr_SAFE:12221,69|CCCN(CCC)C(=O)COCC(=O)N(CCC)CCC|nitrate,70|CCCN(CCC)C(=O)COCC(=O)N(CCC)CCC|nitrate,0c9244186a0f,dfc3133e92d7,1042,1150,0.02251407129456018,4,0.001978217280197207,0.002543760983520264,0.001978217280197207,-0.006409973906275566,-0.004312926109657373,0.04901995385686556,-0.004312926109657373
4cb6c4299782e02e04b9,5787070f5da140cbf44f,CCCN(CCC)C(=O)COCC(=O)N(CCC)CCC,dc7ee58d47cb71baf62d,Yb-Lu,Yb,Lu,Pr_SAFE:12221,Lu_SAFE:12222,70|CCCN(CCC)C(=O)COCC(=O)N(CCC)CCC|nitrate,71|CCCN(CCC)C(=O)COCC(=O)N(CCC)CCC|nitrate,dfc3133e92d7,64cc4261f02c,1150,690,0.011257035647278535,4,-0.02674646630624762,-0.025648164272044652,-0.02674646630624762,-0.02167211661294157,-0.022940704036268085,-0.005273944232612848,-0.022940704036268085
d3086281c8f1cba8b34d,00189b38aa97a3140a1b,CCCN(CCC)C(=O)COCC(=O)N(CCC)CCC,dc7ee58d47cb71baf62d,Dy-Ho,Dy,Ho,Dy_SAFE:12231,Ho_SAFE:12232,66|CCCN(CCC)C(=O)COCC(=O)N(CCC)CCC|nitrate,67|CCCN(CCC)C(=O)COCC(=O)N(CCC)CCC|nitrate,b82b233b5b64,1ffb56bb5571,127,525,-0.08442776735459634,4,-0.006124353649746065,-0.020499480877639344,-0.006124353649746065,-0.026501840364198753,-0.02140746868558558,-0.012655166598657766,-0.02140746868558558
5450edb9758d94a6b8bd,00189b38aa97a3140a1b,CCCN(CCC)C(=O)COCC(=O)N(CCC)CCC,dc7ee58d47cb71baf62d,Ho-Er,Ho,Er,Ho_SAFE:12232,Er_SAFE:12233,67|CCCN(CCC)C(=O)COCC(=O)N(CCC)CCC|nitrate,68|CCCN(CCC)C(=O)COCC(=O)N(CCC)CCC|nitrate,1ffb56bb5571,9680eb2381ef,525,198,-0.01125703564728009,4,-0.02837371414925701,-0.02507630124916268,-0.02837371414925701,-0.01776682903647614,-0.02041855031467136,-0.014199642386908332,-0.02041855031467136
f8b77c6daa8892b14301,00189b38aa97a3140a1b,CCCN(CCC)C(=O)COCC(=O)N(CCC)CCC,dc7ee58d47cb71baf62d,Er-Tm,Er,Tm,Er_SAFE:12233,Pr_SAFE:12234,68|CCCN(CCC)C(=O)COCC(=O)N(CCC)CCC|nitrate,69|CCCN(CCC)C(=O)COCC(=O)N(CCC)CCC|nitrate,9680eb2381ef,0c9244186a0f,198,1042,0.016885553470920023,4,0.01056657515037851,0.010091231281912206,0.01056657515037851,-0.01460313367738838,-0.008310706470446655,0.0452780711154143,-0.008310706470446655
0837281bc60e5bc31111,00189b38aa97a3140a1b,CCCN(CCC)C(=O)COCC(=O)N(CCC)CCC,dc7ee58d47cb71baf62d,Tm-Yb,Tm,Yb,Pr_SAFE:12234,Pr_SAFE:12235,69|CCCN(CCC)C(=O)COCC(=O)N(CCC)CCC|nitrate,70|CCCN(CCC)C(=O)COCC(=O)N(CCC)CCC|nitrate,0c9244186a0f,dfc3133e92d7,1042,1150,0.011257035647279423,4,0.009910782777605195,0.007964708131581955,0.009910782777605195,0.0010483813170819782,0.003263981682212782,0.04653079869846503,0.003263981682212782
b76bfe3e99ac709bbb11,00189b38aa97a3140a1b,CCCN(CCC)C(=O)COCC(=O)N(CCC)CCC,dc7ee58d47cb71baf62d,Yb-Lu,Yb,Lu,Pr_SAFE:12235,Lu_SAFE:12236,70|CCCN(CCC)C(=O)COCC(=O)N(CCC)CCC|nitrate,71|CCCN(CCC)C(=O)COCC(=O)N(CCC)CCC|nitrate,dfc3133e92d7,64cc4261f02c,1150,690,0.01688555347091869,4,-0.018643530799956134,-0.01863972934864309,-0.018643530799956134,-0.017091472978083173,-0.017479487433551412,0.011675814166665077,-0.017479487433551412
33072a09627cfce968e3,e2f7787d1eab03532a40,CCCN(CCC)C(=O)COCC(=O)N(CCC)CCC,dc7ee58d47cb71baf62d,Dy-Ho,Dy,Ho,Dy_SAFE:12245,Ho_SAFE:12246,66|CCCN(CCC)C(=O)COCC(=O)N(CCC)CCC|nitrate,67|CCCN(CCC)C(=O)COCC(=O)N(CCC)CCC|nitrate,b82b233b5b64,1ffb56bb5571,127,525,-0.005628517823640156,4,-0.05318222049938775,-0.06391259911188547,-0.05318222049938775,-0.037861082613131876,-0.04169136708469584,-0.09624948600927989,-0.04169136708469584
c87dab7f0b3e8b1cd6fb,e2f7787d1eab03532a40,CCCN(CCC)C(=O)COCC(=O)N(CCC)CCC,dc7ee58d47cb71baf62d,Ho-Er,Ho,Er,Ho_SAFE:12246,Er_SAFE:12247,67|CCCN(CCC)C(=O)COCC(=O)N(CCC)CCC|nitrate,68|CCCN(CCC)C(=O)COCC(=O)N(CCC)CCC|nitrate,1ffb56bb5571,9680eb2381ef,525,198,-0.0168855534709198,4,-0.05692313936620637,-0.050429387830897565,-0.05692313936620637,-0.031509200781388656,-0.037862685427593086,-0.02268767636269331,-0.037862685427593086
de29ca4a7b107054d526,e2f7787d1eab03532a40,CCCN(CCC)C(=O)COCC(=O)N(CCC)CCC,dc7ee58d47cb71baf62d,Er-Tm,Er,Tm,Er_SAFE:12247,Pr_SAFE:12248,68|CCCN(CCC)C(=O)COCC(=O)N(CCC)CCC|nitrate,69|CCCN(CCC)C(=O)COCC(=O)N(CCC)CCC|nitrate,9680eb2381ef,0c9244186a0f,198,1042,0.04502814258911858,4,-0.005435521777389247,-0.0031068812912779424,-0.005435521777389247,-0.027569055398193903,-0.022035671992992736,0.0018212778183321159,-0.022035671992992736
3c872829745772211203,e2f7787d1eab03532a40,CCCN(CCC)C(=O)COCC(=O)N(CCC)CCC,dc7ee58d47cb71baf62d,Tm-Yb,Tm,Yb,Pr_SAFE:12248,Pr_SAFE:12249,69|CCCN(CCC)C(=O)COCC(=O)N(CCC)CCC|nitrate,70|CCCN(CCC)C(=O)COCC(=O)N(CCC)CCC|nitrate,0c9244186a0f,dfc3133e92d7,1042,1150,0.022514071294558846,4,-0.0012895686825485518,-0.0008769238826683294,-0.0012895686825485518,-0.012085624684446843,-0.00938661068397227,0.03379526004816095,-0.00938661068397227
1a36d2147580da3fb478,e2f7787d1eab03532a40,CCCN(CCC)C(=O)COCC(=O)N(CCC)CCC,dc7ee58d47cb71baf62d,Yb-Lu,Yb,Lu,Pr_SAFE:12249,Lu_SAFE:12250,70|CCCN(CCC)C(=O)COCC(=O)N(CCC)CCC|nitrate,71|CCCN(CCC)C(=O)COCC(=O)N(CCC)CCC|nitrate,dfc3133e92d7,64cc4261f02c,1150,690,0.03377110694183871,4,-0.028635163028823036,-0.026802209136891207,-0.028635163028823036,-0.02505383339867694,-0.025949165806213464,0.020854027941823006,-0.025949165806213464
711488bcd6d9cb16bd7a,ebe821631137ec203558,CCCN(CCC)C(=O)COCC(=O)N(CCC)CCC,dc7ee58d47cb71baf62d,Dy-Ho,Dy,Ho,Dy_SAFE:12259,Ho_SAFE:12260,66|CCCN(CCC)C(=O)COCC(=O)N(CCC)CCC|nitrate,67|CCCN(CCC)C(=O)COCC(=O)N(CCC)CCC|nitrate,b82b233b5b64,1ffb56bb5571,127,525,-0.11257035647279662,4,0.004356176159247632,-0.007869320702973054,0.004356176159247632,-0.01868474784452203,-0.012924516843579613,-0.014101940207183361,-0.012924516843579613
f9bb60ab21e49ab3c923,ebe821631137ec203558,CCCN(CCC)C(=O)COCC(=O)N(CCC)CCC,dc7ee58d47cb71baf62d,Ho-Er,Ho,Er,Ho_SAFE:12260,Er_SAFE:12261,67|CCCN(CCC)C(=O)COCC(=O)N(CCC)CCC|nitrate,68|CCCN(CCC)C(=O)COCC(=O)N(CCC)CCC|nitrate,1ffb56bb5571,9680eb2381ef,525,198,-0.07879924953095593,4,-0.024119838445339922,-0.017297674713063642,-0.024119838445339922,-0.011062134547020215,-0.014326560521600142,-0.01956766378134489,-0.014326560521600142
42c8882fb929da8dace2,ebe821631137ec203558,CCCN(CCC)C(=O)COCC(=O)N(CCC)CCC,dc7ee58d47cb71baf62d,Er-Tm,Er,Tm,Er_SAFE:12261,Pr_SAFE:12262,68|CCCN(CCC)C(=O)COCC(=O)N(CCC)CCC|nitrate,69|CCCN(CCC)C(=O)COCC(=O)N(CCC)CCC|nitrate,9680eb2381ef,0c9244186a0f,198,1042,0.011257035647279534,4,0.009972667037182234,0.010855320105094136,0.009972667037182234,-0.0077788904757757765,-0.003341001097536274,0.03701341710984707,-0.003341001097536274
c3f8332ae316ec0155b8,ebe821631137ec203558,CCCN(CCC)C(=O)COCC(=O)N(CCC)CCC,dc7ee58d47cb71baf62d,Tm-Yb,Tm,Yb,Pr_SAFE:12262,Pr_SAFE:12263,69|CCCN(CCC)C(=O)COCC(=O)N(CCC)CCC|nitrate,70|CCCN(CCC)C(=O)COCC(=O)N(CCC)CCC|nitrate,0c9244186a0f,dfc3133e92d7,1042,1150,-0.011257035647279534,4,0.011326327144431544,0.010761466797226721,0.011326327144431544,0.007374631469644812,0.008362555388341495,0.04483367005983988,0.008362555388341495
43169e4d4b27c8e76fef,ebe821631137ec203558,CCCN(CCC)C(=O)COCC(=O)N(CCC)CCC,dc7ee58d47cb71baf62d,Yb-Lu,Yb,Lu,Pr_SAFE:12263,Lu_SAFE:12264,70|CCCN(CCC)C(=O)COCC(=O)N(CCC)CCC|nitrate,71|CCCN(CCC)C(=O)COCC(=O)N(CCC)CCC|nitrate,dfc3133e92d7,64cc4261f02c,1150,690,-0.005628517823642598,4,-0.01816054198930344,-0.017016463523806962,-0.01816054198930344,-0.015560589263895393,-0.016210577445247405,0.002891828461239735,-0.016210577445247405
447a9d603ae19a7b1af8,c2af3fa19c4409ea83be,CCCCCCCCN(CCCCCCCC)C(=O)COCC(=O)N(CCCCCCCC)CCCCCCCC,0982ebf465b726073008,Gd-Tb,Gd,Tb,Gd_SAFE:12275,Tb_SAFE:12276,64|CCCCCCCCN(CCCCCCCC)C(=O)COCC(=O)N(CCCCCCCC)CCCCCCCC|nitrate,65|CCCCCCCCN(CCCCCCCC)C(=O)COCC(=O)N(CCCCCCCC)CCCCCCCC|nitrate,ffeead124530,28d4b8569192,511,975,-0.38255977496483906,0,-0.3173239574904935,-0.2982114180745154,-0.2982114180745154,-0.22373842035390473,-0.24713480463805193,-0.13546236604452133,-0.24713480463805193
497020f818a502af3103,c2af3fa19c4409ea83be,CCCCCCCCN(CCCCCCCC)C(=O)COCC(=O)N(CCCCCCCC)CCCCCCCC,0982ebf465b726073008,Tb-Dy,Tb,Dy,Tb_SAFE:12276,Dy_SAFE:12277,65|CCCCCCCCN(CCCCCCCC)C(=O)COCC(=O)N(CCCCCCCC)CCCCCCCC|nitrate,66|CCCCCCCCN(CCCCCCCC)C(=O)COCC(=O)N(CCCCCCCC)CCCCCCCC|nitrate,28d4b8569192,ece8108f76e3,975,144,-0.1969057665260201,0,-0.0034901526709449552,0.003190064302530061,0.0031900643025300616,-0.033649512457501946,-0.0261096725108627,-0.06570900479952495,-0.0261096725108627
22744f64164a76be4380,d64f69e5acc937b5ee23,CCCCCCCCN(CCCCCCCC)C(=O)COCC(=O)N(CCCCCCCC)CCCCCCCC,0982ebf465b726073008,Gd-Tb,Gd,Tb,Gd_SAFE:12284,Tb_SAFE:12285,64|CCCCCCCCN(CCCCCCCC)C(=O)COCC(=O)N(CCCCCCCC)CCCCCCCC|nitrate,65|CCCCCCCCN(CCCCCCCC)C(=O)COCC(=O)N(CCCCCCCC)CCCCCCCC|nitrate,ffeead124530,28d4b8569192,511,975,-0.2925457102672292,0,-0.3170266420337443,-0.2984283820849074,-0.2984283820849074,-0.22341736367873888,-0.24681968326749024,-0.11447456479072571,-0.24681968326749024
b27ce72e9113f224fd30,d64f69e5acc937b5ee23,CCCCCCCCN(CCCCCCCC)C(=O)COCC(=O)N(CCCCCCCC)CCCCCCCC,0982ebf465b726073008,Tb-Dy,Tb,Dy,Tb_SAFE:12285,Dy_SAFE:12286,65|CCCCCCCCN(CCCCCCCC)C(=O)COCC(=O)N(CCCCCCCC)CCCCCCCC|nitrate,66|CCCCCCCCN(CCCCCCCC)C(=O)COCC(=O)N(CCCCCCCC)CCCCCCCC|nitrate,28d4b8569192,ece8108f76e3,975,144,-0.24191279887482542,0,-0.003207302015838749,0.0036424301061817642,0.0036424301061817642,-0.03342115269359228,-0.0258676900241539,-0.06287577748298645,-0.0258676900241539
29842df3d4919e7e8333,d64f69e5acc937b5ee23,CCCCCCCCN(CCCCCCCC)C(=O)COCC(=O)N(CCCCCCCC)CCCCCCCC,0982ebf465b726073008,Dy-Ho,Dy,Ho,Dy_SAFE:12286,Ho_SAFE:12287,66|CCCCCCCCN(CCCCCCCC)C(=O)COCC(=O)N(CCCCCCCC)CCCCCCCC|nitrate,67|CCCCCCCCN(CCCCCCCC)C(=O)COCC(=O)N(CCCCCCCC)CCCCCCCC|nitrate,ece8108f76e3,9a0b2ab62928,144,548,-0.12939521800280873,0,-0.06936843943100238,-0.05218027184752054,-0.05218027184752054,-0.04246248362765648,-0.04918897257849295,-0.13708941638469696,-0.04918897257849295
5b9fab1a93c82b5c61a9,d64f69e5acc937b5ee23,CCCCCCCCN(CCCCCCCC)C(=O)COCC(=O)N(CCCCCCCC)CCCCCCCC,0982ebf465b726073008,Ho-Er,Ho,Er,Ho_SAFE:12287,Er_SAFE:12288,67|CCCCCCCCN(CCCCCCCC)C(=O)COCC(=O)N(CCCCCCCC)CCCCCCCC|nitrate,68|CCCCCCCCN(CCCCCCCC)C(=O)COCC(=O)N(CCCCCCCC)CCCCCCCC|nitrate,9a0b2ab62928,389643f6ef69,548,162,-0.10689170182841456,0,-0.14924448383355016,-0.1289479770271355,-0.1289479770271355,-0.09482361007053229,-0.10842882851128675,-0.027460905723273754,-0.10842882851128675
5b8bd3649568e4027931,d64f69e5acc937b5ee23,CCCCCCCCN(CCCCCCCC)C(=O)COCC(=O)N(CCCCCCCC)CCCCCCCC,0982ebf465b726073008,Er-Tm,Er,Tm,Er_SAFE:12288,Th_SAFE:12289,68|CCCCCCCCN(CCCCCCCC)C(=O)COCC(=O)N(CCCCCCCC)CCCCCCCC|nitrate,69|CCCCCCCCN(CCCCCCCC)C(=O)COCC(=O)N(CCCCCCCC)CCCCCCCC|nitrate,389643f6ef69,78c4dd080e4c,162,1065,2.886579864025407e-15,0,-0.0529314812036847,-0.05324448826732852,-0.05324448826732852,-0.007198442121613667,-0.018631701892131425,0.08588666344682376,-0.018631701892131425
5a9a75b2e5649c771671,d64f69e5acc937b5ee23,CCCCCCCCN(CCCCCCCC)C(=O)COCC(=O)N(CCCCCCCC)CCCCCCCC,0982ebf465b726073008,Tm-Yb,Tm,Yb,Th_SAFE:12289,Th_SAFE:12290,69|CCCCCCCCN(CCCCCCCC)C(=O)COCC(=O)N(CCCCCCCC)CCCCCCCC|nitrate,70|CCCCCCCCN(CCCCCCCC)C(=O)COCC(=O)N(CCCCCCCC)CCCCCCCC|nitrate,78c4dd080e4c,b626912f120c,1065,1139,-0.03375527426160563,0,-0.014402538546280892,-0.007482209437631258,-0.007482209437631258,-0.06671067641207266,-0.05363364194562473,0.02419344304750363,-0.05363364194562473
35234ed7319d8caf4afd,d64f69e5acc937b5ee23,CCCCCCCCN(CCCCCCCC)C(=O)COCC(=O)N(CCCCCCCC)CCCCCCCC,0982ebf465b726073008,Yb-Lu,Yb,Lu,Th_SAFE:12290,Lu_SAFE:12291,70|CCCCCCCCN(CCCCCCCC)C(=O)COCC(=O)N(CCCCCCCC)CCCCCCCC|nitrate,71|CCCCCCCCN(CCCCCCCC)C(=O)COCC(=O)N(CCCCCCCC)CCCCCCCC|nitrate,b626912f120c,841e714ef7bf,1139,699,-0.01687763713080015,0,-0.10648831142047491,-0.09094135173032716,-0.09094135173032716,-0.06297408445035632,-0.07385264119288597,0.08549252649148305,-0.07385264119288597
b962983531d396cd9920,7f5cb79ed8c7210c0fc8,CCCCCCCCN(CCCCCCCC)C(=O)COCC(=O)N(CCCCCCCC)CCCCCCCC,0982ebf465b726073008,Gd-Tb,Gd,Tb,Gd_SAFE:12298,Tb_SAFE:12299,64|CCCCCCCCN(CCCCCCCC)C(=O)COCC(=O)N(CCCCCCCC)CCCCCCCC|nitrate,65|CCCCCCCCN(CCCCCCCC)C(=O)COCC(=O)N(CCCCCCCC)CCCCCCCC|nitrate,ffeead124530,28d4b8569192,511,975,-0.35443037974683467,0,-0.3173521000905034,-0.29785483313348415,-0.29785483313348415,-0.2242924842293657,-0.24755738819465012,-0.1302251343925794,-0.24755738819465012
38c7465e18261ebf0f22,7f5cb79ed8c7210c0fc8,CCCCCCCCN(CCCCCCCC)C(=O)COCC(=O)N(CCCCCCCC)CCCCCCCC,0982ebf465b726073008,Tb-Dy,Tb,Dy,Tb_SAFE:12299,Dy_SAFE:12300,65|CCCCCCCCN(CCCCCCCC)C(=O)COCC(=O)N(CCCCCCCC)CCCCCCCC|nitrate,66|CCCCCCCCN(CCCCCCCC)C(=O)COCC(=O)N(CCCCCCCC)CCCCCCCC|nitrate,28d4b8569192,ece8108f76e3,975,144,-0.20253164556962,0,-0.0035182952709547945,0.0033267999979385557,0.0033267999979385557,-0.033929386184125346,-0.026326613455832707,-0.03620673591891924,-0.026326613455832707
8a680f1b79e9959a6bde,7f5cb79ed8c7210c0fc8,CCCCCCCCN(CCCCCCCC)C(=O)COCC(=O)N(CCCCCCCC)CCCCCCCC,0982ebf465b726073008,Dy-Ho,Dy,Ho,Dy_SAFE:12300,Ho_SAFE:12301,66|CCCCCCCCN(CCCCCCCC)C(=O)COCC(=O)N(CCCCCCCC)CCCCCCCC|nitrate,67|CCCCCCCCN(CCCCCCCC)C(=O)COCC(=O)N(CCCCCCCC)CCCCCCCC|nitrate,ece8108f76e3,9a0b2ab62928,144,548,-0.09001406469760997,0,-0.06915033436978982,-0.051830028611984616,-0.051830028611984616,-0.04304042976150156,-0.04956790591357363,-0.14704758673906326,-0.04956790591357363
856a0806776082f50d12,7f5cb79ed8c7210c0fc8,CCCCCCCCN(CCCCCCCC)C(=O)COCC(=O)N(CCCCCCCC)CCCCCCCC,0982ebf465b726073008,Ho-Er,Ho,Er,Ho_SAFE:12301,Er_SAFE:12302,67|CCCCCCCCN(CCCCCCCC)C(=O)COCC(=O)N(CCCCCCCC)CCCCCCCC|nitrate,68|CCCCCCCCN(CCCCCCCC)C(=O)COCC(=O)N(CCCCCCCC)CCCCCCCC|nitrate,9a0b2ab62928,389643f6ef69,548,162,-0.02812939521800173,0,-0.1493056653229829,-0.12933329652219014,-0.12933329652219014,-0.09506062306879284,-0.10862188363234035,-0.013670208863914013,-0.10862188363234035
effe0d2b3e8b39d36916,7f5cb79ed8c7210c0fc8,CCCCCCCCN(CCCCCCCC)C(=O)COCC(=O)N(CCCCCCCC)CCCCCCCC,0982ebf465b726073008,Er-Tm,Er,Tm,Er_SAFE:12302,Tm_SAFE:12303,68|CCCCCCCCN(CCCCCCCC)C(=O)COCC(=O)N(CCCCCCCC)CCCCCCCC|nitrate,69|CCCCCCCCN(CCCCCCCC)C(=O)COCC(=O)N(CCCCCCCC)CCCCCCCC|nitrate,389643f6ef69,78c4dd080e4c,162,1065,-0.05063291139240489,0,-0.052157559997944886,-0.052726106020644856,-0.052726106020644856,-0.006791724267237127,-0.01813318319991407,0.0696560541788737,-0.01813318319991407
d918be1fc954499de75d,7f5cb79ed8c7210c0fc8,CCCCCCCCN(CCCCCCCC)C(=O)COCC(=O)N(CCCCCCCC)CCCCCCCC,0982ebf465b726073008,Tm-Yb,Tm,Yb,Tm_SAFE:12303,Y_SAFE:12304,69|CCCCCCCCN(CCCCCCCC)C(=O)COCC(=O)N(CCCCCCCC)CCCCCCCC|nitrate,70|CCCCCCCCN(CCCCCCCC)C(=O)COCC(=O)N(CCCCCCCC)CCCCCCCC|nitrate,78c4dd080e4c,b626912f120c,1065,1139,0.005625879043600346,0,-0.013377679274958204,-0.0064311484926804306,-0.0064311484926804306,-0.06623530160726297,-0.05302089602418678,0.015521775931119919,-0.05302089602418678
1ac13a254c31f9e0afad,7f5cb79ed8c7210c0fc8,CCCCCCCCN(CCCCCCCC)C(=O)COCC(=O)N(CCCCCCCC)CCCCCCCC,0982ebf465b726073008,Yb-Lu,Yb,Lu,Y_SAFE:12304,Lu_SAFE:12305,70|CCCCCCCCN(CCCCCCCC)C(=O)COCC(=O)N(CCCCCCCC)CCCCCCCC|nitrate,71|CCCCCCCCN(CCCCCCCC)C(=O)COCC(=O)N(CCCCCCCC)CCCCCCCC|nitrate,b626912f120c,841e714ef7bf,1139,699,-0.02812939521800395,0,-0.10563677579977765,-0.09005288199565545,-0.09005288199565545,-0.06273080936409392,-0.07345730097301485,0.06704032669464748,-0.07345730097301485
3c4d8f7fea717d55cf97,dd293d63197391353fed,CCCCCCCCN(CCCCCCCC)C(=O)COCC(=O)N(CCCCCCCC)CCCCCCCC,0982ebf465b726073008,Gd-Tb,Gd,Tb,Gd_SAFE:12312,Tb_SAFE:12313,64|CCCCCCCCN(CCCCCCCC)C(=O)COCC(=O)N(CCCCCCCC)CCCCCCCC|nitrate,65|CCCCCCCCN(CCCCCCCC)C(=O)COCC(=O)N(CCCCCCCC)CCCCCCCC|nitrate,ffeead124530,28d4b8569192,511,975,-0.21378340365682424,0,-0.316939853223886,-0.2982114180745154,-0.2982114180745154,-0.22639415532230128,-0.24903057979769747,-0.14375767608483633,-0.24903057979769747
7114009ce86fabc501f6,dd293d63197391353fed,CCCCCCCCN(CCCCCCCC)C(=O)COCC(=O)N(CCCCCCCC)CCCCCCCC,0982ebf465b726073008,Tb-Dy,Tb,Dy,Tb_SAFE:12313,Dy_SAFE:12314,65|CCCCCCCCN(CCCCCCCC)C(=O)COCC(=O)N(CCCCCCCC)CCCCCCCC|nitrate,66|CCCCCCCCN(CCCCCCCC)C(=O)COCC(=O)N(CCCCCCCC)CCCCCCCC|nitrate,28d4b8569192,ece8108f76e3,975,144,-0.1744022503516185,0,-0.002831217154493161,0.0038149280174411063,0.0038149280174411063,-0.033649512457501946,-0.02594493863174975,-0.04592406004667282,-0.02594493863174975
3b665059ade3fe39d2d0,dd293d63197391353fed,CCCCCCCCN(CCCCCCCC)C(=O)COCC(=O)N(CCCCCCCC)CCCCCCCC,0982ebf465b726073008,Dy-Ho,Dy,Ho,Dy_SAFE:12314,Ho_SAFE:12315,66|CCCCCCCCN(CCCCCCCC)C(=O)COCC(=O)N(CCCCCCCC)CCCCCCCC|nitrate,67|CCCCCCCCN(CCCCCCCC)C(=O)COCC(=O)N(CCCCCCCC)CCCCCCCC|nitrate,ece8108f76e3,9a0b2ab62928,144,548,-0.11814345991561326,0,-0.06943870992899902,-0.051806290598986046,-0.051806290598986046,-0.04254580008601536,-0.049269027546761275,-0.13626419504483542,-0.049269027546761275
2368cf93070bc152c2b4,dd293d63197391353fed,CCCCCCCCN(CCCCCCCC)C(=O)COCC(=O)N(CCCCCCCC)CCCCCCCC,0982ebf465b726073008,Ho-Er,Ho,Er,Ho_SAFE:12315,Er_SAFE:12316,67|CCCCCCCCN(CCCCCCCC)C(=O)COCC(=O)N(CCCCCCCC)CCCCCCCC|nitrate,68|CCCCCCCCN(CCCCCCCC)C(=O)COCC(=O)N(CCCCCCCC)CCCCCCCC|nitrate,9a0b2ab62928,389643f6ef69,548,162,-0.07876230661040862,0,-0.15045175107653194,-0.12976713266655,-0.12976713266655,-0.09522449881096984,-0.10903131187736037,-0.05663521712025007,-0.10903131187736037
0bb3bd82c8db589e8b60,dd293d63197391353fed,CCCCCCCCN(CCCCCCCC)C(=O)COCC(=O)N(CCCCCCCC)CCCCCCCC,0982ebf465b726073008,Er-Tm,Er,Tm,Er_SAFE:12316,Tm_SAFE:12317,68|CCCCCCCCN(CCCCCCCC)C(=O)COCC(=O)N(CCCCCCCC)CCCCCCCC|nitrate,69|CCCCCCCCN(CCCCCCCC)C(=O)COCC(=O)N(CCCCCCCC)CCCCCCCC|nitrate,389643f6ef69,78c4dd080e4c,162,1065,-0.0056258790435985695,0,-0.0536772597900121,-0.05383079218882253,-0.05383079218882253,-0.007496094446275281,-0.019041385782209486,0.0527566239858667,-0.019041385782209486
0d149f418b19c47d7317,dd293d63197391353fed,CCCCCCCCN(CCCCCCCC)C(=O)COCC(=O)N(CCCCCCCC)CCCCCCCC,0982ebf465b726073008,Tm-Yb,Tm,Yb,Tm_SAFE:12317,Y_SAFE:12318,69|CCCCCCCCN(CCCCCCCC)C(=O)COCC(=O)N(CCCCCCCC)CCCCCCCC|nitrate,70|CCCCCCCCN(CCCCCCCC)C(=O)COCC(=O)N(CCCCCCCC)CCCCCCCC|nitrate,78c4dd080e4c,b626912f120c,1065,1139,-0.005625879043601456,0,-0.015632406540946903,-0.00838911549493565,-0.00838911549493565,-0.06710953662519031,-0.05424025410412946,0.0039920999358097715,-0.05424025410412946
2f494de98e12829e9a96,dd293d63197391353fed,CCCCCCCCN(CCCCCCCC)C(=O)COCC(=O)N(CCCCCCCC)CCCCCCCC,0982ebf465b726073008,Yb-Lu,Yb,Lu,Y_SAFE:12318,Lu_SAFE:12319,70|CCCCCCCCN(CCCCCCCC)C(=O)COCC(=O)N(CCCCCCCC)CCCCCCCC|nitrate,71|CCCCCCCCN(CCCCCCCC)C(=O)COCC(=O)N(CCCCCCCC)CCCCCCCC|nitrate,b626912f120c,841e714ef7bf,1139,699,-0.02812939521800306,0,-0.1075647842578557,-0.09177441056181979,-0.09177441056181979,-0.06338948718416586,-0.07443331145258832,0.03635966622581085,-0.07443331145258832
f7c2d81e1c830f34779b,fa7dab768deb1f3544ac,CCCCCCCCN(CCCCCCCC)C(=O)COCC(=O)N(CCCCCCCC)CCCCCCCC,0982ebf465b726073008,Gd-Tb,Gd,Tb,Gd_SAFE:12326,Lu_SAFE:12327,64|CCCCCCCCN(CCCCCCCC)C(=O)COCC(=O)N(CCCCCCCC)CCCCCCCC|nitrate,65|CCCCCCCCN(CCCCCCCC)C(=O)COCC(=O)N(CCCCCCCC)CCCCCCCC|nitrate,ffeead124530,28d4b8569192,511,975,-0.29254571026723064,0,-0.3026085882342657,-0.2826188429643699,-0.2826188429643699,-0.22240061450327553,-0.24245260793602308,-0.10547081629435222,-0.24245260793602308
8ae194a1808364d00a73,fa7dab768deb1f3544ac,CCCCCCCCN(CCCCCCCC)C(=O)COCC(=O)N(CCCCCCCC)CCCCCCCC,0982ebf465b726073008,Tb-Dy,Tb,Dy,Lu_SAFE:12327,Dy_SAFE:12328,65|CCCCCCCCN(CCCCCCCC)C(=O)COCC(=O)N(CCCCCCCC)CCCCCCCC|nitrate,66|CCCCCCCCN(CCCCCCCC)C(=O)COCC(=O)N(CCCCCCCC)CCCCCCCC|nitrate,28d4b8569192,ece8108f76e3,975,144,-0.2194092827004197,0,-0.033470210753199794,-0.039529324265881384,-0.039529324265881384,-0.04993968487827299,-0.04582231634700469,-0.03391925555964311,-0.04582231634700469
6a7779ca8284dc5247d5,fa7dab768deb1f3544ac,CCCCCCCCN(CCCCCCCC)C(=O)COCC(=O)N(CCCCCCCC)CCCCCCCC,0982ebf465b726073008,Dy-Ho,Dy,Ho,Dy_SAFE:12328,Ho_SAFE:12329,66|CCCCCCCCN(CCCCCCCC)C(=O)COCC(=O)N(CCCCCCCC)CCCCCCCC|nitrate,67|CCCCCCCCN(CCCCCCCC)C(=O)COCC(=O)N(CCCCCCCC)CCCCCCCC|nitrate,ece8108f76e3,9a0b2ab62928,144,548,-0.13502109704641385,0,-0.07756813035653012,-0.07254208677062036,-0.07254208677062036,-0.05259812224602567,-0.05884062427365178,-0.13531663020451865,-0.05884062427365178
b2ce57edc2bfeac0ca44,fa7dab768deb1f3544ac,CCCCCCCCN(CCCCCCCC)C(=O)COCC(=O)N(CCCCCCCC)CCCCCCCC,0982ebf465b726073008,Ho-Er,Ho,Er,Ho_SAFE:12329,Er_SAFE:12330,67|CCCCCCCCN(CCCCCCCC)C(=O)COCC(=O)N(CCCCCCCC)CCCCCCCC|nitrate,68|CCCCCCCCN(CCCCCCCC)C(=O)COCC(=O)N(CCCCCCCC)CCCCCCCC|nitrate,9a0b2ab62928,389643f6ef69,548,162,-0.08438818565401107,0,-0.15120448303255846,-0.13402496103744138,-0.13402496103744138,-0.10435574283651562,-0.11606792788552633,-0.022110738791525364,-0.11606792788552633
9a0fd725e6cb30b9eda1,fa7dab768deb1f3544ac,CCCCCCCCN(CCCCCCCC)C(=O)COCC(=O)N(CCCCCCCC)CCCCCCCC,0982ebf465b726073008,Er-Tm,Er,Tm,Er_SAFE:12330,Lu_SAFE:12331,68|CCCCCCCCN(CCCCCCCC)C(=O)COCC(=O)N(CCCCCCCC)CCCCCCCC|nitrate,69|CCCCCCCCN(CCCCCCCC)C(=O)COCC(=O)N(CCCCCCCC)CCCCCCCC|nitrate,389643f6ef69,78c4dd080e4c,162,1065,-0.005625879043600679,0,-0.06085775999198133,-0.0630046545036436,-0.0630046545036436,-0.018263179615748325,-0.028911824709806577,0.02415066274503867,-0.028911824709806577
4226dee87fa9fc673fdc,fa7dab768deb1f3544ac,CCCCCCCCN(CCCCCCCC)C(=O)COCC(=O)N(CCCCCCCC)CCCCCCCC,0982ebf465b726073008,Tm-Yb,Tm,Yb,Lu_SAFE:12331,Lu_SAFE:12332,69|CCCCCCCCN(CCCCCCCC)C(=O)COCC(=O)N(CCCCCCCC)CCCCCCCC|nitrate,70|CCCCCCCCN(CCCCCCCC)C(=O)COCC(=O)N(CCCCCCCC)CCCCCCCC|nitrate,78c4dd080e4c,b626912f120c,1065,1139,-0.01125175808720058,0,-0.024825034988670232,-0.0203380367833722,-0.0203380367833722,-0.07043619429269964,-0.05903340446669229,0.010827189777046442,-0.05903340446669229
b27ad5086c07c5747865,fa7dab768deb1f3544ac,CCCCCCCCN(CCCCCCCC)C(=O)COCC(=O)N(CCCCCCCC)CCCCCCCC,0982ebf465b726073008,Yb-Lu,Yb,Lu,Lu_SAFE:12332,Lu_SAFE:12333,70|CCCCCCCCN(CCCCCCCC)C(=O)COCC(=O)N(CCCCCCCC)CCCCCCCC|nitrate,71|CCCCCCCCN(CCCCCCCC)C(=O)COCC(=O)N(CCCCCCCC)CCCCCCCC|nitrate,b626912f120c,841e714ef7bf,1139,699,-0.016877637130799372,0,-0.11035527546661719,-0.09696113611389304,-0.09696113611389304,-0.06928684739938165,-0.07955395441619054,0.03606360840300719,-0.07955395441619054
73782329e96e765d2033,f471329e246567783e89,CCN(CC)C(=O)COCC(=O)N(CC)CC,e82f0895ef68a522de3f,Gd-Tb,Gd,Tb,Gd_SAFE:12354,Tb_SAFE:12355,64|CCN(CC)C(=O)COCC(=O)N(CC)CC|nitrate,65|CCN(CC)C(=O)COCC(=O)N(CC)CC|nitrate,8016e2df9486,120b149e6b53,472,972,-0.028929604628734396,3,-0.12216474660039445,-0.10372587754893195,-0.12216474660039445,-0.18707079221144224,-0.1708442808086803,-0.4560835361480713,-0.1708442808086803
94b9700ffdbd811dbb74,f471329e246567783e89,CCN(CC)C(=O)COCC(=O)N(CC)CC,e82f0895ef68a522de3f,Tb-Dy,Tb,Dy,Tb_SAFE:12355,Dy_SAFE:12356,65|CCN(CC)C(=O)COCC(=O)N(CC)CC|nitrate,66|CCN(CC)C(=O)COCC(=O)N(CC)CC|nitrate,120b149e6b53,5cb8d5f242e0,972,93,-0.04628736740598072,3,-0.057871509136114684,-0.04270927046094449,-0.057871509136114684,-0.07569430652475627,-0.07123860717759588,-0.06685257144272327,-0.07123860717759588
778690bc55a45aa1c152,f471329e246567783e89,CCN(CC)C(=O)COCC(=O)N(CC)CC,e82f0895ef68a522de3f,Dy-Ho,Dy,Ho,Dy_SAFE:12356,Ho_SAFE:12357,66|CCN(CC)C(=O)COCC(=O)N(CC)CC|nitrate,67|CCN(CC)C(=O)COCC(=O)N(CC)CC|nitrate,5cb8d5f242e0,0153ed287bb6,93,512,-0.03471552555448287,3,-0.04148395847201189,-0.039138388403887656,-0.04148395847201189,-0.03811424817099605,-0.03895667574625001,-0.03651600579420725,-0.03895667574625001
efe66ec5427b43e07a28,f471329e246567783e89,CCN(CC)C(=O)COCC(=O)N(CC)CC,e82f0895ef68a522de3f,Ho-Er,Ho,Er,Ho_SAFE:12357,Er_SAFE:12358,67|CCN(CC)C(=O)COCC(=O)N(CC)CC|nitrate,68|CCN(CC)C(=O)COCC(=O)N(CC)CC|nitrate,0153ed287bb6,63cc5cb9d9a2,512,177,-0.0057859209257467015,3,-0.026840526065165564,-0.02801529931683744,-0.026840526065165564,-0.06724607118704355,-0.05714468490657405,-0.04536655483146509,-0.05714468490657405
5e14ff4e64199277f48b,f471329e246567783e89,CCN(CC)C(=O)COCC(=O)N(CC)CC,e82f0895ef68a522de3f,Er-Tm,Er,Tm,Er_SAFE:12358,Tm_SAFE:12359,68|CCN(CC)C(=O)COCC(=O)N(CC)CC|nitrate,69|CCN(CC)C(=O)COCC(=O)N(CC)CC|nitrate,63cc5cb9d9a2,07ab94fa20c7,177,1039,0.07521697203471378,3,-0.029124184976949047,-0.03148046694208907,-0.029124184976949047,-0.035302916968949605,-0.033758233970949465,0.021449506748467684,-0.033758233970949465
5b6cdfb3e024e2f0b9c6,f471329e246567783e89,CCN(CC)C(=O)COCC(=O)N(CC)CC,e82f0895ef68a522de3f,Tm-Yb,Tm,Yb,Tm_SAFE:12359,Y_SAFE:12360,69|CCN(CC)C(=O)COCC(=O)N(CC)CC|nitrate,70|CCN(CC)C(=O)COCC(=O)N(CC)CC|nitrate,07ab94fa20c7,98f5735a8ce8,1039,1126,0.04628736740598027,3,-0.0324305419989173,-0.03606787336560481,-0.0324305419989173,-0.02278504895687656,-0.025196422217386744,0.02097460317114989,-0.025196422217386744
f5748c9d4e9cfe355b44,f471329e246567783e89,CCN(CC)C(=O)COCC(=O)N(CC)CC,e82f0895ef68a522de3f,Yb-Lu,Yb,Lu,Y_SAFE:12360,Lu_SAFE:12361,70|CCN(CC)C(=O)COCC(=O)N(CC)CC|nitrate,71|CCN(CC)C(=O)COCC(=O)N(CC)CC|nitrate,98f5735a8ce8,3bf55ebabec5,1126,680,0.028929604628737948,3,-0.039177429049778306,-0.041769029537088456,-0.039177429049778306,-0.044109335853421264,-0.04287635915251052,-0.021069020653764408,-0.04287635915251052
24e60a343164ee4bce59,dda94af4206b222ead2c,CCN(CC)C(=O)COCC(=O)N(CC)CC,e82f0895ef68a522de3f,Gd-Tb,Gd,Tb,Gd_SAFE:12368,Tb_SAFE:12369,64|CCN(CC)C(=O)COCC(=O)N(CC)CC|nitrate,65|CCN(CC)C(=O)COCC(=O)N(CC)CC|nitrate,8016e2df9486,120b149e6b53,472,972,0.04628736740597872,3,-0.12627136443986017,-0.10699499722105626,-0.12627136443986017,-0.18717976154090712,-0.17195266226564537,-0.4670279224713643,-0.17195266226564537
f391551a32f490ff8046,dda94af4206b222ead2c,CCN(CC)C(=O)COCC(=O)N(CC)CC,e82f0895ef68a522de3f,Tb-Dy,Tb,Dy,Tb_SAFE:12369,Dy_SAFE:12370,65|CCN(CC)C(=O)COCC(=O)N(CC)CC|nitrate,66|CCN(CC)C(=O)COCC(=O)N(CC)CC|nitrate,120b149e6b53,5cb8d5f242e0,972,93,0.01735776277724299,3,-0.06243487005713887,-0.04697743086364199,-0.06243487005713887,-0.0767522330034115,-0.07317289226684334,-0.12696836392084757,-0.07317289226684334
bb022185dc08404829d1,dda94af4206b222ead2c,CCN(CC)C(=O)COCC(=O)N(CC)CC,e82f0895ef68a522de3f,Dy-Ho,Dy,Ho,Dy_SAFE:12370,Ho_SAFE:12371,66|CCN(CC)C(=O)COCC(=O)N(CC)CC|nitrate,67|CCN(CC)C(=O)COCC(=O)N(CC)CC|nitrate,5cb8d5f242e0,0153ed287bb6,93,512,0.011571841851494957,3,-0.04792751907559635,-0.04518961062990029,-0.04792751907559635,-0.04054774631645407,-0.04239268950623964,-0.05314048876365026,-0.04239268950623964
f4d3785ddd679d00acaf,dda94af4206b222ead2c,CCN(CC)C(=O)COCC(=O)N(CC)CC,e82f0895ef68a522de3f,Ho-Er,Ho,Er,Ho_SAFE:12371,Er_SAFE:12372,67|CCN(CC)C(=O)COCC(=O)N(CC)CC|nitrate,68|CCN(CC)C(=O)COCC(=O)N(CC)CC|nitrate,0153ed287bb6,63cc5cb9d9a2,512,177,0.023143683702988915,3,-0.03039469162681641,-0.03222960245240562,-0.03039469162681641,-0.06747068949075144,-0.05820169002476769,-0.05244116329898437,-0.05820169002476769
bab30bd188b3a8c1676c,dda94af4206b222ead2c,CCN(CC)C(=O)COCC(=O)N(CC)CC,e82f0895ef68a522de3f,Er-Tm,Er,Tm,Er_SAFE:12372,Th_SAFE:12373,68|CCN(CC)C(=O)COCC(=O)N(CC)CC|nitrate,69|CCN(CC)C(=O)COCC(=O)N(CC)CC|nitrate,63cc5cb9d9a2,07ab94fa20c7,177,1039,0.08678881388620996,3,-0.030505105502388618,-0.03241628622673987,-0.030505105502388618,-0.03682712931362207,-0.03524662336081371,0.020804467300573986,-0.03524662336081371
9288074f7e8d69017809,dda94af4206b222ead2c,CCN(CC)C(=O)COCC(=O)N(CC)CC,e82f0895ef68a522de3f,Tm-Yb,Tm,Yb,Th_SAFE:12373,Th_SAFE:12374,69|CCN(CC)C(=O)COCC(=O)N(CC)CC|nitrate,70|CCN(CC)C(=O)COCC(=O)N(CC)CC|nitrate,07ab94fa20c7,98f5735a8ce8,1039,1126,0.0578592092574739,3,-0.03389520297042689,-0.0373404541320348,-0.03389520297042689,-0.024993827844370136,-0.027219171625884324,0.015195017273072153,-0.027219171625884324
a8710b33e4c506515eba,dda94af4206b222ead2c,CCN(CC)C(=O)COCC(=O)N(CC)CC,e82f0895ef68a522de3f,Yb-Lu,Yb,Lu,Th_SAFE:12374,Lu_SAFE:12375,70|CCN(CC)C(=O)COCC(=O)N(CC)CC|nitrate,71|CCN(CC)C(=O)COCC(=O)N(CC)CC|nitrate,98f5735a8ce8,3bf55ebabec5,1126,680,0.028929604628736283,3,-0.04027623942866866,-0.04335977852849883,-0.04027623942866866,-0.04447500041685404,-0.04342531016980769,-0.011174716986715794,-0.04342531016980769
68b7a95f560055a603eb,0fa05645cd27798d97af,CCN(CC)C(=O)COCC(=O)N(CC)CC,e82f0895ef68a522de3f,Gd-Tb,Gd,Tb,Gd_SAFE:12382,Tb_SAFE:12383,64|CCN(CC)C(=O)COCC(=O)N(CC)CC|nitrate,65|CCN(CC)C(=O)COCC(=O)N(CC)CC|nitrate,8016e2df9486,120b149e6b53,472,972,-0.167791706846671,3,-0.11983206123062291,-0.10180088862610798,-0.11983206123062291,-0.18689771012409548,-0.17013129790072734,-0.3607390920321147,-0.17013129790072734
2564304fd1cc944e8226,0fa05645cd27798d97af,CCN(CC)C(=O)COCC(=O)N(CC)CC,e82f0895ef68a522de3f,Tb-Dy,Tb,Dy,Tb_SAFE:12383,Dy_SAFE:12384,65|CCN(CC)C(=O)COCC(=O)N(CC)CC|nitrate,66|CCN(CC)C(=O)COCC(=O)N(CC)CC|nitrate,120b149e6b53,5cb8d5f242e0,972,93,-0.13886210221793693,3,-0.053551898364476914,-0.039384692411498445,-0.053551898364476914,-0.07542061923451238,-0.06995343901700352,-0.02027015636364619,-0.06995343901700352
5d2337c23bdb3c7a66e8,0fa05645cd27798d97af,CCN(CC)C(=O)COCC(=O)N(CC)CC,e82f0895ef68a522de3f,Dy-Ho,Dy,Ho,Dy_SAFE:12384,Ho_SAFE:12385,66|CCN(CC)C(=O)COCC(=O)N(CC)CC|nitrate,67|CCN(CC)C(=O)COCC(=O)N(CC)CC|nitrate,5cb8d5f242e0,0153ed287bb6,93,512,-0.07521697203471289,3,-0.036295311132417726,-0.03542830456067374,-0.036295311132417726,-0.03891083238969144,-0.03825695207537301,-0.002662115264683962,-0.03825695207537301
94d6d3e31f2fd07af6f3,0fa05645cd27798d97af,CCN(CC)C(=O)COCC(=O)N(CC)CC,e82f0895ef68a522de3f,Ho-Er,Ho,Er,Ho_SAFE:12385,Er_SAFE:12386,67|CCN(CC)C(=O)COCC(=O)N(CC)CC|nitrate,68|CCN(CC)C(=O)COCC(=O)N(CC)CC|nitrate,0153ed287bb6,63cc5cb9d9a2,512,177,-0.04050144648023246,3,-0.02799260956675352,-0.029581870093116157,-0.02799260956675352,-0.06717362647477325,-0.05737837224776832,-0.04098638240247965,-0.05737837224776832
bc0bd2da7cdfd5e56b19,0fa05645cd27798d97af,CCN(CC)C(=O)COCC(=O)N(CC)CC,e82f0895ef68a522de3f,Er-Tm,Er,Tm,Er_SAFE:12386,Tm_SAFE:12387,68|CCN(CC)C(=O)COCC(=O)N(CC)CC|nitrate,69|CCN(CC)C(=O)COCC(=O)N(CC)CC|nitrate,63cc5cb9d9a2,07ab94fa20c7,177,1039,0.052073288331723644,3,-0.025839385413870465,-0.02847779874277457,-0.025839385413870465,-0.035679990076996,-0.03321983891121462,0.023042299474279087,-0.03321983891121462
203320ee2f3aa5b446af,0fa05645cd27798d97af,CCN(CC)C(=O)COCC(=O)N(CC)CC,e82f0895ef68a522de3f,Tm-Yb,Tm,Yb,Tm_SAFE:12387,Y_SAFE:12388,69|CCN(CC)C(=O)COCC(=O)N(CC)CC|nitrate,70|CCN(CC)C(=O)COCC(=O)N(CC)CC|nitrate,07ab94fa20c7,98f5735a8ce8,1039,1126,0.023143683702990137,3,-0.02792961637008873,-0.0317781369646275,-0.02792961637008873,-0.023097957113010367,-0.024305871927279957,0.008749388391152024,-0.024305871927279957
17ce5631f7e702d0f702,0fa05645cd27798d97af,CCN(CC)C(=O)COCC(=O)N(CC)CC,e82f0895ef68a522de3f,Yb-Lu,Yb,Lu,Y_SAFE:12388,Lu_SAFE:12389,70|CCN(CC)C(=O)COCC(=O)N(CC)CC|nitrate,71|CCN(CC)C(=O)COCC(=O)N(CC)CC|nitrate,98f5735a8ce8,3bf55ebabec5,1126,680,0.017357762777241326,3,-0.034677310151579974,-0.03853726853561187,-0.034677310151579974,-0.04264266385677544,-0.04065132543047657,-0.00647646514698863,-0.04065132543047657
322b1f7bf6e263b462ab,c86790f9a26f111b2101,CCN(CC)C(=O)COCC(=O)N(CC)CC,e82f0895ef68a522de3f,Gd-Tb,Gd,Tb,Gd_SAFE:12396,Tb_SAFE:12397,64|CCN(CC)C(=O)COCC(=O)N(CC)CC|nitrate,65|CCN(CC)C(=O)COCC(=O)N(CC)CC|nitrate,8016e2df9486,120b149e6b53,472,972,0.08100289296046514,3,-0.12045204332563919,-0.10310276594358306,-0.12045204332563919,-0.19739201159837239,-0.1781570195301891,-0.3926636179288228,-0.1781570195301891
d2d096b48581e11f3b1b,c86790f9a26f111b2101,CCN(CC)C(=O)COCC(=O)N(CC)CC,e82f0895ef68a522de3f,Tb-Dy,Tb,Dy,Tb_SAFE:12397,Dy_SAFE:12398,65|CCN(CC)C(=O)COCC(=O)N(CC)CC|nitrate,66|CCN(CC)C(=O)COCC(=O)N(CC)CC|nitrate,120b149e6b53,5cb8d5f242e0,972,93,0.05207328833172231,3,-0.0624025160024676,-0.04578954595164807,-0.0624025160024676,-0.07690838503939086,-0.07328191778016005,-0.12281656389435132,-0.07328191778016005
e0eb274f7fcbeed830a4,c86790f9a26f111b2101,CCN(CC)C(=O)COCC(=O)N(CC)CC,e82f0895ef68a522de3f,Dy-Ho,Dy,Ho,Dy_SAFE:12398,Ho_SAFE:12399,66|CCN(CC)C(=O)COCC(=O)N(CC)CC|nitrate,67|CCN(CC)C(=O)COCC(=O)N(CC)CC|nitrate,5cb8d5f242e0,0153ed287bb6,93,512,0.01735776277724277,3,-0.057736962044733,-0.054945565844714744,-0.057736962044733,-0.04642928684672248,-0.049256205646225105,-0.12120064347982407,-0.049256205646225105
00344b8191fab76d855d,c86790f9a26f111b2101,CCN(CC)C(=O)COCC(=O)N(CC)CC,e82f0895ef68a522de3f,Ho-Er,Ho,Er,Ho_SAFE:12399,Er_SAFE:12400,67|CCN(CC)C(=O)COCC(=O)N(CC)CC|nitrate,68|CCN(CC)C(=O)COCC(=O)N(CC)CC|nitrate,0153ed287bb6,63cc5cb9d9a2,512,177,0.02892960462873817,3,-0.0506501587830752,-0.05223333786850293,-0.0506501587830752,-0.07121885007780351,-0.06607667725412143,-0.08477907627820969,-0.06607667725412143
b561f4a8c11ecefbb95b,c86790f9a26f111b2101,CCN(CC)C(=O)COCC(=O)N(CC)CC,e82f0895ef68a522de3f,Er-Tm,Er,Tm,Er_SAFE:12400,Tm_SAFE:12401,68|CCN(CC)C(=O)COCC(=O)N(CC)CC|nitrate,69|CCN(CC)C(=O)COCC(=O)N(CC)CC|nitrate,63cc5cb9d9a2,07ab94fa20c7,177,1039,0.07521697203471578,3,-0.03697074158193504,-0.03735536802153323,-0.03697074158193504,-0.04133918092966842,-0.04024707109273508,-0.026536383666098118,-0.04024707109273508
f8f1bf65d9843030778a,c86790f9a26f111b2101,CCN(CC)C(=O)COCC(=O)N(CC)CC,e82f0895ef68a522de3f,Tm-Yb,Tm,Yb,Tm_SAFE:12401,Y_SAFE:12402,69|CCN(CC)C(=O)COCC(=O)N(CC)CC|nitrate,70|CCN(CC)C(=O)COCC(=O)N(CC)CC|nitrate,07ab94fa20c7,98f5735a8ce8,1039,1126,0.052073288331723866,3,-0.03823828340331306,-0.03985183144578048,-0.03823828340331306,-0.028912813122651745,-0.031244180692817074,-0.011767950064192215,-0.031244180692817074
47efe62091e03162c5f0,c86790f9a26f111b2101,CCN(CC)C(=O)COCC(=O)N(CC)CC,e82f0895ef68a522de3f,Yb-Lu,Yb,Lu,Y_SAFE:12402,Lu_SAFE:12403,70|CCN(CC)C(=O)COCC(=O)N(CC)CC|nitrate,71|CCN(CC)C(=O)COCC(=O)N(CC)CC|nitrate,98f5735a8ce8,3bf55ebabec5,1126,680,0.023143683702992135,3,-0.04442451958306824,-0.047085665805808585,-0.04442451958306824,-0.0468000261000211,-0.04620614947078289,-0.037771561493476234,-0.04620614947078289
acdd650184d521d1fec8,bc635945b2a072ab0df6,CCN(CC)C(=O)COCC(=O)N(CC)CC,e82f0895ef68a522de3f,Gd-Tb,Gd,Tb,Gd_SAFE:12410,Lu_SAFE:12411,64|CCN(CC)C(=O)COCC(=O)N(CC)CC|nitrate,65|CCN(CC)C(=O)COCC(=O)N(CC)CC|nitrate,8016e2df9486,120b149e6b53,472,972,-0.05207328833172764,3,-0.09864135632965494,-0.0826949358076928,-0.09864135632965494,-0.17606647885209203,-0.15671019822148274,-0.17814071476459503,-0.15671019822148274
ba489ec306662b4d9dba,bc635945b2a072ab0df6,CCN(CC)C(=O)COCC(=O)N(CC)CC,e82f0895ef68a522de3f,Tb-Dy,Tb,Dy,Lu_SAFE:12411,Dy_SAFE:12412,65|CCN(CC)C(=O)COCC(=O)N(CC)CC|nitrate,66|CCN(CC)C(=O)COCC(=O)N(CC)CC|nitrate,120b149e6b53,5cb8d5f242e0,972,93,-0.023143683702986806,3,-0.05006516031793844,-0.03585652979239969,-0.05006516031793844,-0.071240385904904,-0.06594657950816261,-0.10226487119992574,-0.06594657950816261
9da44292a3e1911add27,bc635945b2a072ab0df6,CCN(CC)C(=O)COCC(=O)N(CC)CC,e82f0895ef68a522de3f,Dy-Ho,Dy,Ho,Dy_SAFE:12412,Ho_SAFE:12413,66|CCN(CC)C(=O)COCC(=O)N(CC)CC|nitrate,67|CCN(CC)C(=O)COCC(=O)N(CC)CC|nitrate,5cb8d5f242e0,0153ed287bb6,93,512,-0.028929604628739503,3,-0.04151744926456325,-0.034564144525812725,-0.04151744926456325,-0.04164057754318806,-0.04160979547353186,-0.08112634718418121,-0.04160979547353186
72e020105e3582835f09,bc635945b2a072ab0df6,CCN(CC)C(=O)COCC(=O)N(CC)CC,e82f0895ef68a522de3f,Ho-Er,Ho,Er,Ho_SAFE:12413,Er_SAFE:12414,67|CCN(CC)C(=O)COCC(=O)N(CC)CC|nitrate,68|CCN(CC)C(=O)COCC(=O)N(CC)CC|nitrate,0153ed287bb6,63cc5cb9d9a2,512,177,0.011571841851494957,3,-0.02886333149026877,-0.028901118713477343,-0.02886333149026877,-0.07500090331945394,-0.06346651036215764,-0.02594418575366338,-0.06346651036215764
25ca195ea42f58880427,bc635945b2a072ab0df6,CCN(CC)C(=O)COCC(=O)N(CC)CC,e82f0895ef68a522de3f,Er-Tm,Er,Tm,Er_SAFE:12414,Lu_SAFE:12415,68|CCN(CC)C(=O)COCC(=O)N(CC)CC|nitrate,69|CCN(CC)C(=O)COCC(=O)N(CC)CC|nitrate,63cc5cb9d9a2,07ab94fa20c7,177,1039,0.057859209257475674,3,-0.031046653755405124,-0.030609271089659842,-0.031046653755405124,-0.037039281235741926,-0.03554112436565773,-0.019771945662796497,-0.03554112436565773
63dc9b1b7f3ad6b85543,bc635945b2a072ab0df6,CCN(CC)C(=O)COCC(=O)N(CC)CC,e82f0895ef68a522de3f,Tm-Yb,Tm,Yb,Lu_SAFE:12415,Lu_SAFE:12416,69|CCN(CC)C(=O)COCC(=O)N(CC)CC|nitrate,70|CCN(CC)C(=O)COCC(=O)N(CC)CC|nitrate,07ab94fa20c7,98f5735a8ce8,1039,1126,0.023143683702988582,3,-0.03209212327087024,-0.03255343369620938,-0.03209212327087024,-0.027553035018588808,-0.028687807081659168,-0.034449332393705845,-0.028687807081659168
03740caab4e3a5249a32,bc635945b2a072ab0df6,CCN(CC)C(=O)COCC(=O)N(CC)CC,e82f0895ef68a522de3f,Yb-Lu,Yb,Lu,Lu_SAFE:12416,Lu_SAFE:12417,70|CCN(CC)C(=O)COCC(=O)N(CC)CC|nitrate,71|CCN(CC)C(=O)COCC(=O)N(CC)CC|nitrate,98f5735a8ce8,3bf55ebabec5,1126,680,0.02892960462873595,3,-0.03728634858607102,-0.04021674995559124,-0.03728634858607102,-0.047324273649946874,-0.04481479238397791,-0.005850301822647452,-0.04481479238397791
56f314f8188fea924033,e8cb99c5632129b081c2,CN(C(=O)COCC(=O)N(C)c1ccccc1)c1ccccc1,f6de0c8e1de165e34184,Gd-Tb,Gd,Tb,Gd_SAFE:12438,Pd_SAFE:12439,64|CN(C(=O)COCC(=O)N(C)c1ccccc1)c1ccccc1|nitrate,65|CN(C(=O)COCC(=O)N(C)c1ccccc1)c1ccccc1|nitrate,b2c371753758,292c65941063,492,976,-0.27852998065763496,2,0.06411686232260469,0.06150870802434652,0.06411686232260469,-0.030324908095190693,0.06411686232260469,0.01437590317800641,0.06411686232260469
f79121f9682ab77d9a32,e8cb99c5632129b081c2,CN(C(=O)COCC(=O)N(C)c1ccccc1)c1ccccc1,f6de0c8e1de165e34184,Tb-Dy,Tb,Dy,Pd_SAFE:12439,Dy_SAFE:12440,65|CN(C(=O)COCC(=O)N(C)c1ccccc1)c1ccccc1|nitrate,66|CN(C(=O)COCC(=O)N(C)c1ccccc1)c1ccccc1|nitrate,292c65941063,df97869cd157,976,138,-0.23210831721470182,2,0.05137412980713267,0.045919512203994164,0.05137412980713267,0.021601250706952894,0.05137412980713267,0.045130545273423195,0.05137412980713267
ce533260ab2f2d828aa1,e8cb99c5632129b081c2,CN(C(=O)COCC(=O)N(C)c1ccccc1)c1ccccc1,f6de0c8e1de165e34184,Dy-Ho,Dy,Ho,Dy_SAFE:12440,Ho_SAFE:12441,66|CN(C(=O)COCC(=O)N(C)c1ccccc1)c1ccccc1|nitrate,67|CN(C(=O)COCC(=O)N(C)c1ccccc1)c1ccccc1|nitrate,df97869cd157,16c770c06fe9,138,521,-0.13346228239845415,2,0.04035208477950648,0.036692891999616215,0.04035208477950648,0.024627274769398133,0.04035208477950648,-0.017980532099803288,0.04035208477950648
b17090cc7c1b12f74edc,e8cb99c5632129b081c2,CN(C(=O)COCC(=O)N(C)c1ccccc1)c1ccccc1,f6de0c8e1de165e34184,Ho-Er,Ho,Er,Ho_SAFE:12441,Er_SAFE:12442,67|CN(C(=O)COCC(=O)N(C)c1ccccc1)c1ccccc1|nitrate,68|CN(C(=O)COCC(=O)N(C)c1ccccc1)c1ccccc1|nitrate,16c770c06fe9,e63f7a39c141,521,217,-0.11605415860735113,2,0.0582206615677219,0.05301280232878636,0.0582206615677219,0.02348033069601195,0.0582206615677219,0.03966886674364408,0.0582206615677219
1c0a714e8942cfb15301,e8cb99c5632129b081c2,CN(C(=O)COCC(=O)N(C)c1ccccc1)c1ccccc1,f6de0c8e1de165e34184,Er-Tm,Er,Tm,Er_SAFE:12442,Pd_SAFE:12443,68|CN(C(=O)COCC(=O)N(C)c1ccccc1)c1ccccc1|nitrate,69|CN(C(=O)COCC(=O)N(C)c1ccccc1)c1ccccc1|nitrate,e63f7a39c141,8e56bca9caad,217,1071,-0.017408123791103125,2,0.07054693380447338,0.06712421129504856,0.07054693380447338,0.031101545991992857,0.07054693380447338,0.02434466526998828,0.07054693380447338
6865978b248c23fb0714,e8cb99c5632129b081c2,CN(C(=O)COCC(=O)N(C)c1ccccc1)c1ccccc1,f6de0c8e1de165e34184,Tm-Yb,Tm,Yb,Pd_SAFE:12443,Pd_SAFE:12444,69|CN(C(=O)COCC(=O)N(C)c1ccccc1)c1ccccc1|nitrate,70|CN(C(=O)COCC(=O)N(C)c1ccccc1)c1ccccc1|nitrate,8e56bca9caad,104d765a0717,1071,1096,-0.029013539651835396,2,0.062126479829286874,0.05415980972448883,0.062126479829286874,0.034414221477123225,0.062126479829286874,-0.016243598113457363,0.062126479829286874
a353624d6125283ffd39,e8cb99c5632129b081c2,CN(C(=O)COCC(=O)N(C)c1ccccc1)c1ccccc1,f6de0c8e1de165e34184,Yb-Lu,Yb,Lu,Pd_SAFE:12444,Lu_SAFE:12445,70|CN(C(=O)COCC(=O)N(C)c1ccccc1)c1ccccc1|nitrate,71|CN(C(=O)COCC(=O)N(C)c1ccccc1)c1ccccc1|nitrate,104d765a0717,7589c84e6642,1096,697,-0.017408123791103236,2,0.05606032308273641,0.042715044717021575,0.05606032308273641,0.022481409716670377,0.05606032308273641,0.014559976756572723,0.05606032308273641
6d47b778a447b0e70bdb,885c0433b39b7746d267,CN(C(=O)COCC(=O)N(C)c1ccccc1)c1ccccc1,f6de0c8e1de165e34184,Gd-Tb,Gd,Tb,Gd_SAFE:12452,Pd_SAFE:12453,64|CN(C(=O)COCC(=O)N(C)c1ccccc1)c1ccccc1|nitrate,65|CN(C(=O)COCC(=O)N(C)c1ccccc1)c1ccccc1|nitrate,b2c371753758,292c65941063,492,976,-0.2959381044487438,2,0.07700718791559819,0.07487105528212418,0.07700718791559819,-0.023884530670206343,0.07700718791559819,0.01689497536669175,0.07700718791559819
cf84880147324a62ed58,885c0433b39b7746d267,CN(C(=O)COCC(=O)N(C)c1ccccc1)c1ccccc1,f6de0c8e1de165e34184,Tb-Dy,Tb,Dy,Pd_SAFE:12453,Dy_SAFE:12454,65|CN(C(=O)COCC(=O)N(C)c1ccccc1)c1ccccc1|nitrate,66|CN(C(=O)COCC(=O)N(C)c1ccccc1)c1ccccc1|nitrate,292c65941063,df97869cd157,976,138,-0.23210831721469938,2,0.06412650534555366,0.06227505598091343,0.06412650534555366,0.026696235490238765,0.06412650534555366,0.06503005449970563,0.06412650534555366
3052a5d3ef2c38ff38ba,885c0433b39b7746d267,CN(C(=O)COCC(=O)N(C)c1ccccc1)c1ccccc1,f6de0c8e1de165e34184,Dy-Ho,Dy,Ho,Dy_SAFE:12454,Ho_SAFE:12455,66|CN(C(=O)COCC(=O)N(C)c1ccccc1)c1ccccc1|nitrate,67|CN(C(=O)COCC(=O)N(C)c1ccccc1)c1ccccc1|nitrate,df97869cd157,16c770c06fe9,138,521,-0.13926499032881579,2,0.04572143808601995,0.04538168781424719,0.04572143808601995,0.0284321706194334,0.04572143808601995,-0.010623754933476448,0.04572143808601995
118ba877e94ff72c6965,885c0433b39b7746d267,CN(C(=O)COCC(=O)N(C)c1ccccc1)c1ccccc1,f6de0c8e1de165e34184,Ho-Er,Ho,Er,Ho_SAFE:12455,Er_SAFE:12456,67|CN(C(=O)COCC(=O)N(C)c1ccccc1)c1ccccc1|nitrate,68|CN(C(=O)COCC(=O)N(C)c1ccccc1)c1ccccc1|nitrate,16c770c06fe9,e63f7a39c141,521,217,-0.098646034816251,2,0.0567207217288578,0.05247134270523332,0.0567207217288578,0.02463870256079261,0.0567207217288578,0.035370524623431265,0.0567207217288578
564bd9908ba17984b7c4,885c0433b39b7746d267,CN(C(=O)COCC(=O)N(C)c1ccccc1)c1ccccc1,f6de0c8e1de165e34184,Er-Tm,Er,Tm,Er_SAFE:12456,Pd_SAFE:12457,68|CN(C(=O)COCC(=O)N(C)c1ccccc1)c1ccccc1|nitrate,69|CN(C(=O)COCC(=O)N(C)c1ccccc1)c1ccccc1|nitrate,e63f7a39c141,8e56bca9caad,217,1071,-0.005802707930365969,2,0.06937366001497049,0.06715487310140267,0.06937366001497049,0.03110233182179592,0.06937366001497049,0.031213826189438503,0.06937366001497049
d111397ff6905e9e8f9d,885c0433b39b7746d267,CN(C(=O)COCC(=O)N(C)c1ccccc1)c1ccccc1,f6de0c8e1de165e34184,Tm-Yb,Tm,Yb,Pd_SAFE:12457,Pd_SAFE:12458,69|CN(C(=O)COCC(=O)N(C)c1ccccc1)c1ccccc1|nitrate,70|CN(C(=O)COCC(=O)N(C)c1ccccc1)c1ccccc1|nitrate,8e56bca9caad,104d765a0717,1071,1096,-0.02901353965184006,2,0.062002293970057826,0.05550078987885874,0.062002293970057826,0.03503143067986876,0.062002293970057826,-0.016774052909264963,0.062002293970057826
bb01c0d1677d541e831f,885c0433b39b7746d267,CN(C(=O)COCC(=O)N(C)c1ccccc1)c1ccccc1,f6de0c8e1de165e34184,Yb-Lu,Yb,Lu,Pd_SAFE:12458,Lu_SAFE:12459,70|CN(C(=O)COCC(=O)N(C)c1ccccc1)c1ccccc1|nitrate,71|CN(C(=O)COCC(=O)N(C)c1ccccc1)c1ccccc1|nitrate,104d765a0717,7589c84e6642,1096,697,-0.023210831721469427,2,0.055528019080406874,0.043983764008202426,0.055528019080406874,0.023679564711284733,0.055528019080406874,0.00828862376511097,0.055528019080406874
8e4b4d7d2ee8fb11339a,8953e824cb761a3937d9,CN(C(=O)COCC(=O)N(C)c1ccccc1)c1ccccc1,f6de0c8e1de165e34184,Gd-Tb,Gd,Tb,Gd_SAFE:12466,Pd_SAFE:12467,64|CN(C(=O)COCC(=O)N(C)c1ccccc1)c1ccccc1|nitrate,65|CN(C(=O)COCC(=O)N(C)c1ccccc1)c1ccccc1|nitrate,b2c371753758,292c65941063,492,976,-0.1566731141199229,2,0.08627166686766868,0.08687670562187269,0.08627166686766868,-0.020857337455272625,0.08627166686766868,0.016350514721125364,0.08627166686766868
5eb5f17682470ff0c81e,8953e824cb761a3937d9,CN(C(=O)COCC(=O)N(C)c1ccccc1)c1ccccc1,f6de0c8e1de165e34184,Tb-Dy,Tb,Dy,Pd_SAFE:12467,Dy_SAFE:12468,65|CN(C(=O)COCC(=O)N(C)c1ccccc1)c1ccccc1|nitrate,66|CN(C(=O)COCC(=O)N(C)c1ccccc1)c1ccccc1|nitrate,292c65941063,df97869cd157,976,138,-0.17408123791101815,2,0.0703481924116323,0.07004316809896344,0.0703481924116323,0.0302646113481307,0.0703481924116323,0.06687332162012656,0.0703481924116323
72e22be7914990e2e5d5,8953e824cb761a3937d9,CN(C(=O)COCC(=O)N(C)c1ccccc1)c1ccccc1,f6de0c8e1de165e34184,Dy-Ho,Dy,Ho,Dy_SAFE:12468,Ho_SAFE:12469,66|CN(C(=O)COCC(=O)N(C)c1ccccc1)c1ccccc1|nitrate,67|CN(C(=O)COCC(=O)N(C)c1ccccc1)c1ccccc1|nitrate,df97869cd157,16c770c06fe9,138,521,-0.10444874274661942,2,0.0459592442278396,0.046705901866144976,0.0459592442278396,0.030565732562242865,0.0459592442278396,-0.004985912392536799,0.0459592442278396
4ab344b09681b1f76c88,8953e824cb761a3937d9,CN(C(=O)COCC(=O)N(C)c1ccccc1)c1ccccc1,f6de0c8e1de165e34184,Ho-Er,Ho,Er,Ho_SAFE:12469,Er_SAFE:12470,67|CN(C(=O)COCC(=O)N(C)c1ccccc1)c1ccccc1|nitrate,68|CN(C(=O)COCC(=O)N(C)c1ccccc1)c1ccccc1|nitrate,16c770c06fe9,e63f7a39c141,521,217,-0.08123791102514799,2,0.04981261751195424,0.045825407163015044,0.04981261751195424,0.021656879336317672,0.04981261751195424,0.03236070857383311,0.04981261751195424
0cfbcff496742b920742,8953e824cb761a3937d9,CN(C(=O)COCC(=O)N(C)c1ccccc1)c1ccccc1,f6de0c8e1de165e34184,Er-Tm,Er,Tm,Er_SAFE:12470,Pd_SAFE:12471,68|CN(C(=O)COCC(=O)N(C)c1ccccc1)c1ccccc1|nitrate,69|CN(C(=O)COCC(=O)N(C)c1ccccc1)c1ccccc1|nitrate,e63f7a39c141,8e56bca9caad,217,1071,0.0,2,0.06472678672831486,0.06572969201817593,0.06472678672831486,0.03186952272775074,0.06472678672831486,0.02772906453659137,0.06472678672831486
b7ecf0d05f1d41123b7c,8953e824cb761a3937d9,CN(C(=O)COCC(=O)N(C)c1ccccc1)c1ccccc1,f6de0c8e1de165e34184,Tm-Yb,Tm,Yb,Pd_SAFE:12471,Pd_SAFE:12472,69|CN(C(=O)COCC(=O)N(C)c1ccccc1)c1ccccc1|nitrate,70|CN(C(=O)COCC(=O)N(C)c1ccccc1)c1ccccc1|nitrate,8e56bca9caad,104d765a0717,1071,1096,0.005802707930367745,2,0.05827808696277806,0.055027794659457896,0.05827808696277806,0.037404572298754185,0.05827808696277806,-0.015522935738166174,0.05827808696277806
f521cfcd473bdb4a3400,8953e824cb761a3937d9,CN(C(=O)COCC(=O)N(C)c1ccccc1)c1ccccc1,f6de0c8e1de165e34184,Yb-Lu,Yb,Lu,Pd_SAFE:12472,Lu_SAFE:12473,70|CN(C(=O)COCC(=O)N(C)c1ccccc1)c1ccccc1|nitrate,71|CN(C(=O)COCC(=O)N(C)c1ccccc1)c1ccccc1|nitrate,104d765a0717,7589c84e6642,1096,697,-0.029013539651831177,2,0.05224159007147918,0.04412177463139845,0.05224159007147918,0.023951978515168063,0.05224159007147918,0.007060680227975051,0.05224159007147918
904e25798e844cadd6f2,257fb49a4d83f3ad3dca,CN(C(=O)COCC(=O)N(C)c1ccccc1)c1ccccc1,f6de0c8e1de165e34184,Gd-Tb,Gd,Tb,Gd_SAFE:12480,Lu_SAFE:12481,64|CN(C(=O)COCC(=O)N(C)c1ccccc1)c1ccccc1|nitrate,65|CN(C(=O)COCC(=O)N(C)c1ccccc1)c1ccccc1|nitrate,b2c371753758,292c65941063,492,976,-0.13926499032882145,2,0.0680734698063156,0.0674720495279634,0.0680734698063156,-0.032892814184844965,0.0680734698063156,-0.008680457404504219,0.0680734698063156
8e71d246b4433936ce74,257fb49a4d83f3ad3dca,CN(C(=O)COCC(=O)N(C)c1ccccc1)c1ccccc1,f6de0c8e1de165e34184,Tb-Dy,Tb,Dy,Lu_SAFE:12481,Dy_SAFE:12482,65|CN(C(=O)COCC(=O)N(C)c1ccccc1)c1ccccc1|nitrate,66|CN(C(=O)COCC(=O)N(C)c1ccccc1)c1ccccc1|nitrate,292c65941063,df97869cd157,976,138,-0.10444874274661453,2,0.05285363612960335,0.04940977255403567,0.05285363612960335,0.019788376305293096,0.05285363612960335,0.05265357128034035,0.05285363612960335
faf4a407f7d28d100820,257fb49a4d83f3ad3dca,CN(C(=O)COCC(=O)N(C)c1ccccc1)c1ccccc1,f6de0c8e1de165e34184,Dy-Ho,Dy,Ho,Dy_SAFE:12482,Ho_SAFE:12483,66|CN(C(=O)COCC(=O)N(C)c1ccccc1)c1ccccc1|nitrate,67|CN(C(=O)COCC(=O)N(C)c1ccccc1)c1ccccc1|nitrate,df97869cd157,16c770c06fe9,138,521,-0.06963249516441028,2,0.03906751893612756,0.03576198672152735,0.03906751893612756,0.019803207955347124,0.03906751893612756,-0.009867596750458082,0.03906751893612756
95657ffff63e2644df90,257fb49a4d83f3ad3dca,CN(C(=O)COCC(=O)N(C)c1ccccc1)c1ccccc1,f6de0c8e1de165e34184,Ho-Er,Ho,Er,Ho_SAFE:12483,Er_SAFE:12484,67|CN(C(=O)COCC(=O)N(C)c1ccccc1)c1ccccc1|nitrate,68|CN(C(=O)COCC(=O)N(C)c1ccccc1)c1ccccc1|nitrate,16c770c06fe9,e63f7a39c141,521,217,-0.04642166344294241,2,0.054504964323648056,0.0484006767877265,0.054504964323648056,0.021381407216601457,0.054504964323648056,0.03387940675020218,0.054504964323648056
21de8b90e4dc975c65df,257fb49a4d83f3ad3dca,CN(C(=O)COCC(=O)N(C)c1ccccc1)c1ccccc1,f6de0c8e1de165e34184,Er-Tm,Er,Tm,Er_SAFE:12484,Lu_SAFE:12485,68|CN(C(=O)COCC(=O)N(C)c1ccccc1)c1ccccc1|nitrate,69|CN(C(=O)COCC(=O)N(C)c1ccccc1)c1ccccc1|nitrate,e63f7a39c141,8e56bca9caad,217,1071,0.0,2,0.06869292405904798,0.06504252398047433,0.06869292405904798,0.029489242839255653,0.06869292405904798,0.0013632851963241894,0.06869292405904798
371756f85397ab7df01f,257fb49a4d83f3ad3dca,CN(C(=O)COCC(=O)N(C)c1ccccc1)c1ccccc1,f6de0c8e1de165e34184,Tm-Yb,Tm,Yb,Lu_SAFE:12485,Lu_SAFE:12486,69|CN(C(=O)COCC(=O)N(C)c1ccccc1)c1ccccc1|nitrate,70|CN(C(=O)COCC(=O)N(C)c1ccccc1)c1ccccc1|nitrate,8e56bca9caad,104d765a0717,1071,1096,0.029013539651840503,2,0.060083260247635974,0.052576807940014805,0.060083260247635974,0.034377086164754274,0.060083260247635974,-0.016003134815643232,0.060083260247635974
c3b20ef337ff0f538f27,257fb49a4d83f3ad3dca,CN(C(=O)COCC(=O)N(C)c1ccccc1)c1ccccc1,f6de0c8e1de165e34184,Yb-Lu,Yb,Lu,Lu_SAFE:12486,Lu_SAFE:12487,70|CN(C(=O)COCC(=O)N(C)c1ccccc1)c1ccccc1|nitrate,71|CN(C(=O)COCC(=O)N(C)c1ccccc1)c1ccccc1|nitrate,104d765a0717,7589c84e6642,1096,697,0.005802707930366857,2,0.0543746690622698,0.04232398066956097,0.0543746690622698,0.023087960763922936,0.0543746690622698,0.008239840467770895,0.0543746690622698
e454accf7bf7096f0954,191574cda0691e59f28e,CCCCCCCCN(C)C(=O)COCC(=O)N(C)CCCCCCCC,cfb81e271e80f6a290e0,Gd-Tb,Gd,Tb,Er_SAFE:9050,Er_SAFE:9057,64|CCCCCCCCN(C)C(=O)COCC(=O)N(C)CCCCCCCC|nitrate,65|CCCCCCCCN(C)C(=O)COCC(=O)N(C)CCCCCCCC|nitrate,adc6081d21be,5902593ca024,490,989,-0.33333333333333215,1,-0.2357226644532692,-0.24269265755753988,-0.24269265755753988,-0.24709208143960304,-0.23856501869985267,-0.2795347472031911,-0.24880745082568728
ff5f4313d152c946bc7d,5dce999bf24ee38a1301,CCCCCCCCN(C)C(=O)COCC(=O)N(C)CCCCCCCC,cfb81e271e80f6a290e0,Eu-Gd,Eu,Gd,Er_SAFE:9041,Er_SAFE:9048,63|CCCCCCCCN(C)C(=O)COCC(=O)N(C)CCCCCCCC|nitrate,64|CCCCCCCCN(C)C(=O)COCC(=O)N(C)CCCCCCCC|nitrate,d0e83cebbf21,adc6081d21be,389,490,0.0,1,-0.102283916399354,-0.10129850778866156,-0.10129850778866156,-0.07548957249955823,-0.09558533042440506,-0.1337150658170382,-0.10511776427256335
f85098c27b8916ef23c1,9523863ec03e59b538ad,CCCCCCCCN(C)C(=O)COCC(=O)N(C)CCCCCCCC,cfb81e271e80f6a290e0,Tm-Yb,Tm,Yb,Er_SAFE:9086,Er_SAFE:9093,69|CCCCCCCCN(C)C(=O)COCC(=O)N(C)CCCCCCCC|nitrate,70|CCCCCCCCN(C)C(=O)COCC(=O)N(C)CCCCCCCC|nitrate,0d2f900796bc,00b72194210d,1044,1092,0.0,1,-0.030119307293436835,-0.031002640282358218,-0.031002640282358218,-0.05538279545721314,-0.03643517933438091,0.015852052718400955,-0.023363371321185444
ff9521b86ddb498cacb0,22badedb2678b239cc3d,CCCCCCCCN(C)C(=O)COCC(=O)N(C)CCCCCCCC,cfb81e271e80f6a290e0,Er-Tm,Er,Tm,Er_SAFE:9081,Er_SAFE:9088,68|CCCCCCCCN(C)C(=O)COCC(=O)N(C)CCCCCCCC|nitrate,69|CCCCCCCCN(C)C(=O)COCC(=O)N(C)CCCCCCCC|nitrate,df3c7afb2be0,0d2f900796bc,213,1044,0.06111111111111045,1,-0.04137655867717613,-0.04403998056440753,-0.04403998056440753,-0.0162597636138818,-0.035097359911352544,-0.04541089890214304,-0.037675744659050166
0df07cda4c3f2c277798,22badedb2678b239cc3d,CCCCCCCCN(C)C(=O)COCC(=O)N(C)CCCCCCCC,cfb81e271e80f6a290e0,Tm-Yb,Tm,Yb,Er_SAFE:9088,Er_SAFE:9095,69|CCCCCCCCN(C)C(=O)COCC(=O)N(C)CCCCCCCC|nitrate,70|CCCCCCCCN(C)C(=O)COCC(=O)N(C)CCCCCCCC|nitrate,0d2f900796bc,00b72194210d,1044,1092,-0.04999999999999849,1,-0.0296697961585455,-0.027996061439817484,-0.027996061439817484,-0.05329397456965506,-0.03557584076132289,0.017733873178561527,-0.022248412276351787
b99dd8640c86ac01cb74,e286f4a0e0d57a5a8132,CCCCCCCCN(C)C(=O)COCC(=O)N(C)CCCCCCCC,cfb81e271e80f6a290e0,Er-Tm,Er,Tm,Er_SAFE:9082,Er_SAFE:9089,68|CCCCCCCCN(C)C(=O)COCC(=O)N(C)CCCCCCCC|nitrate,69|CCCCCCCCN(C)C(=O)COCC(=O)N(C)CCCCCCCC|nitrate,df3c7afb2be0,0d2f900796bc,213,1044,0.061111111111110894,1,-0.04137655867717613,-0.04403998056440753,-0.04403998056440753,-0.01622916714225735,-0.03508971079344644,-0.06560387338201205,-0.04271825144058784
974ed2f30bb764b99175,6aed008e74c0641c4e29,CCCCCCCCN(C)C(=O)COCC(=O)N(C)CCCCCCCC,cfb81e271e80f6a290e0,Pr-Nd,Pr,Nd,Er_SAFE:9114,Er_SAFE:9119,59|CCCCCCCCN(C)C(=O)COCC(=O)N(C)CCCCCCCC|nitrate,60|CCCCCCCCN(C)C(=O)COCC(=O)N(C)CCCCCCCC|nitrate,72b20e30d213,e244e3a88005,842,797,-0.033047735618115914,1,-0.15592597189239993,-0.15634348011736904,-0.15634348011736904,-0.1531940021358622,-0.15524297945326548,-0.23229233920574188,-0.17450531939138458
3227df4e67004affdd5b,c4619dd343cde52cae60,CCCCCCCCN(C)C(=O)COCC(=O)N(C)CCCCCCCC,cfb81e271e80f6a290e0,Pr-Nd,Pr,Nd,Er_SAFE:9115,Er_SAFE:9120,59|CCCCCCCCN(C)C(=O)COCC(=O)N(C)CCCCCCCC|nitrate,60|CCCCCCCCN(C)C(=O)COCC(=O)N(C)CCCCCCCC|nitrate,72b20e30d213,e244e3a88005,842,797,-0.30844553243573997,1,-0.15592597189239993,-0.15634348011736904,-0.15634348011736904,-0.1531940021358622,-0.15524297945326548,-0.23863240579764047,-0.17609033603935922
995691c9cc2e6b4c0adb,d08b89783e932ed912fe,CCCCCCCCN(C)C(=O)COCC(=O)N(C)CCCCCCCC,cfb81e271e80f6a290e0,Ho-Er,Ho,Er,Er_SAFE:9152,Er_SAFE:9157,67|CCCCCCCCN(C)C(=O)COCC(=O)N(C)CCCCCCCC|nitrate,68|CCCCCCCCN(C)C(=O)COCC(=O)N(C)CCCCCCCC|nitrate,d0b19c04ca9c,df3c7afb2be0,563,213,-0.10810810810811011,1,-0.14638994529754212,-0.1601116753697255,-0.1601116753697255,-0.06793600453160498,-0.12677646010605784,-0.08645552148421605,-0.1166962254505974
3894108f815edeacf37c,d08b89783e932ed912fe,CCCCCCCCN(C)C(=O)COCC(=O)N(C)CCCCCCCC,cfb81e271e80f6a290e0,Er-Tm,Er,Tm,Er_SAFE:9157,Er_SAFE:9162,68|CCCCCCCCN(C)C(=O)COCC(=O)N(C)CCCCCCCC|nitrate,69|CCCCCCCCN(C)C(=O)COCC(=O)N(C)CCCCCCCC|nitrate,df3c7afb2be0,0d2f900796bc,213,1044,-0.20638820638819988,1,-0.04172980048543452,-0.04605793079122811,-0.04605793079122811,-0.016366546266336143,-0.03538898693065993,-0.023579368367791176,-0.03243658228994274
696f3f96a6eb5ab7c5ad,e0c0d39e442aa9bf67d7,CCCCCCCCN(C)C(=O)COCC(=O)N(C)CCCCCCCC,cfb81e271e80f6a290e0,Ho-Er,Ho,Er,Er_SAFE:9153,Er_SAFE:9158,67|CCCCCCCCN(C)C(=O)COCC(=O)N(C)CCCCCCCC|nitrate,68|CCCCCCCCN(C)C(=O)COCC(=O)N(C)CCCCCCCC|nitrate,d0b19c04ca9c,df3c7afb2be0,563,213,-0.07862407862407927,1,-0.14612975109999501,-0.1605271035623432,-0.1605271035623432,-0.07121035105138454,-0.12739990108784238,-0.0909147560596466,-0.11827861483079344
f951bd76a4cc1dbe7347,e0c0d39e442aa9bf67d7,CCCCCCCCN(C)C(=O)COCC(=O)N(C)CCCCCCCC,cfb81e271e80f6a290e0,Er-Tm,Er,Tm,Er_SAFE:9158,Er_SAFE:9163,68|CCCCCCCCN(C)C(=O)COCC(=O)N(C)CCCCCCCC|nitrate,69|CCCCCCCCN(C)C(=O)COCC(=O)N(C)CCCCCCCC|nitrate,df3c7afb2be0,0d2f900796bc,213,1044,-0.009828009828010131,1,-0.042249435665293975,-0.04659044024736112,-0.04659044024736112,-0.017217651939898215,-0.03599148973394503,-0.03458457378049692,-0.035639760745583005
c5942c1c7a31aed65561,5b508eaffde105e91de6,CCCCCCCCN(C)C(=O)COCC(=O)N(C)CCCCCCCC,cfb81e271e80f6a290e0,Er-Tm,Er,Tm,Er_SAFE:9155,Er_SAFE:9160,68|CCCCCCCCN(C)C(=O)COCC(=O)N(C)CCCCCCCC|nitrate,69|CCCCCCCCN(C)C(=O)COCC(=O)N(C)CCCCCCCC|nitrate,df3c7afb2be0,0d2f900796bc,213,1044,-0.1326781326781301,1,-0.041780083144560026,-0.04579304596522335,-0.04579304596522335,-0.016429276282691828,-0.03544238142909298,-0.014772505188981691,-0.030274912369065154
01d86745b13b916aa98a,5b508eaffde105e91de6,CCCCCCCCN(C)C(=O)COCC(=O)N(C)CCCCCCCC,cfb81e271e80f6a290e0,Tm-Yb,Tm,Yb,Er_SAFE:9160,Er_SAFE:9165,69|CCCCCCCCN(C)C(=O)COCC(=O)N(C)CCCCCCCC|nitrate,70|CCCCCCCCN(C)C(=O)COCC(=O)N(C)CCCCCCCC|nitrate,0d2f900796bc,00b72194210d,1044,1092,0.0,1,-0.030119307293436835,-0.031002640282358218,-0.031002640282358218,-0.05538279545721314,-0.03643517933438091,0.01585417116681735,-0.023362841709081344
4dc8755b6ca04c1d48bc,cccbda3aff7af11c80a9,CCCCCCCCN(C)C(=O)COCC(=O)N(C)CCCCCCCC,cfb81e271e80f6a290e0,Er-Tm,Er,Tm,Er_SAFE:9156,Er_SAFE:9161,68|CCCCCCCCN(C)C(=O)COCC(=O)N(C)CCCCCCCC|nitrate,69|CCCCCCCCN(C)C(=O)COCC(=O)N(C)CCCCCCCC|nitrate,df3c7afb2be0,0d2f900796bc,213,1044,-0.4717444717444703,1,-0.04183559651247059,-0.04590442939580551,-0.04590442939580551,-0.015941552659914746,-0.03536208554933163,-0.018881114820639294,-0.031241842867158545
d6ed5ea713b14ae0f813,bcac0c622d593a3a7f3d,CCCCN(CCCC)C(=O)COCC(=O)N(CCCC)CCCC,c7871bb73b8256ca7c0e,Gd-Tb,Gd,Tb,Gd_SAFE:9481,Lu_SAFE:9453,64|CCCCN(CCCC)C(=O)COCC(=O)N(CCCC)CCCC|nitrate,65|CCCCN(CCCC)C(=O)COCC(=O)N(CCCC)CCCC|nitrate,b9c24641a88f,e96a56b518dc,495,1031,-0.45795616396990413,4,-0.1922856843540648,-0.18862942280677247,-0.1922856843540648,-0.19727197151837386,-0.1960253997272966,-0.1418420821428299,-0.1960253997272966
473c2ffabe361d8f6ff9,592ec97df73b37089c61,CCCCCCCCN(CCCCCCCC)C(=O)COCC(=O)N(CCCCCCCC)CCCCCCCC,0982ebf465b726073008,Eu-Gd,Eu,Gd,Er_SAFE:9688,Er_SAFE:9730,63|CCCCCCCCN(CCCCCCCC)C(=O)COCC(=O)N(CCCCCCCC)CCCCCCCC|nitrate,64|CCCCCCCCN(CCCCCCCC)C(=O)COCC(=O)N(CCCCCCCC)CCCCCCCC|nitrate,3f1e9baa527a,ffeead124530,276,511,-0.08553274682306988,0,-0.17806400494051414,-0.19435289343181233,-0.19435289343181233,-0.11743132963760818,-0.13258949846333468,0.1236612672607104,-0.13258949846333468
64e7d4bdd5c75b43fad1,3983b29cc33bca703ddf,CCCCCCCCN(CCCCCCCC)C(=O)COCC(=O)N(CCCCCCCC)CCCCCCCC,0982ebf465b726073008,Sm-Eu,Sm,Eu,Er_SAFE:9727,Er_SAFE:9692,62|CCCCCCCCN(CCCCCCCC)C(=O)COCC(=O)N(CCCCCCCC)CCCCCCCC|nitrate,63|CCCCCCCCN(CCCCCCCC)C(=O)COCC(=O)N(CCCCCCCC)CCCCCCCC|nitrate,932854907794,3f1e9baa527a,935,276,-0.2606712284131645,0,-0.11620252066861371,-0.08824650696817982,-0.08824650696817982,-0.1188980886576228,-0.11822419666037053,-0.13563865423202515,-0.11822419666037053
cb5b5f6af58700ff9bc3,e0073c266672a18fb0a1,CCCCCCCCN(CCCCCCCC)C(=O)COCC(=O)N(CCCCCCCC)CCCCCCCC,0982ebf465b726073008,Sm-Eu,Sm,Eu,Er_SAFE:9728,Er_SAFE:9693,62|CCCCCCCCN(CCCCCCCC)C(=O)COCC(=O)N(CCCCCCCC)CCCCCCCC|nitrate,63|CCCCCCCCN(CCCCCCCC)C(=O)COCC(=O)N(CCCCCCCC)CCCCCCCC|nitrate,932854907794,3f1e9baa527a,935,276,-0.06516780710329106,0,-0.1159465318058916,-0.09195060278603517,-0.09195060278603517,-0.11459324927474891,-0.11493156990753459,-0.14158877233664194,-0.11493156990753459
7630c2e5468a433d80d4,e9628c49928c584ab9bf,CCCCCCCCN(CCCCCCCC)C(=O)COCC(=O)N(CCCCCCCC)CCCCCCCC,0982ebf465b726073008,Er-Tm,Er,Tm,Er_SAFE:9769,Pr_SAFE:9775,68|CCCCCCCCN(CCCCCCCC)C(=O)COCC(=O)N(CCCCCCCC)CCCCCCCC|water,69|CCCCCCCCN(CCCCCCCC)C(=O)COCC(=O)N(CCCCCCCC)CCCCCCCC|water,7969957ddddb,6f2b8ea84d8f,183,1063,-0.00915750915750968,0,-0.04653202870997508,-0.051472939106953206,-0.051472939106953206,-0.04004595873974887,-0.04166747623230543,0.08375504737099011,-0.04166747623230543
a6ac81eda4ac08291e2f,e9628c49928c584ab9bf,CCCCCCCCN(CCCCCCCC)C(=O)COCC(=O)N(CCCCCCCC)CCCCCCCC,0982ebf465b726073008,Tm-Yb,Tm,Yb,Pr_SAFE:9775,Pr_SAFE:9781,69|CCCCCCCCN(CCCCCCCC)C(=O)COCC(=O)N(CCCCCCCC)CCCCCCCC|water,70|CCCCCCCCN(CCCCCCCC)C(=O)COCC(=O)N(CCCCCCCC)CCCCCCCC|water,6f2b8ea84d8f,64d6f07f057c,1063,1119,-0.027472527472526043,0,-0.01702846519067848,-0.013303049784298554,-0.013303049784298554,-0.04377235772691208,-0.037086384592853676,0.02501041127834469,-0.037086384592853676
2e56b5e28ee2449a831c,e9628c49928c584ab9bf,CCCCCCCCN(CCCCCCCC)C(=O)COCC(=O)N(CCCCCCCC)CCCCCCCC,0982ebf465b726073008,Yb-Lu,Yb,Lu,Pr_SAFE:9781,Lu_SAFE:9787,70|CCCCCCCCN(CCCCCCCC)C(=O)COCC(=O)N(CCCCCCCC)CCCCCCCC|water,71|CCCCCCCCN(CCCCCCCC)C(=O)COCC(=O)N(CCCCCCCC)CCCCCCCC|water,64d6f07f057c,eed9dc5fbef3,1119,720,-0.032051282051280494,0,-0.08424379680487117,-0.07691593974130195,-0.07691593974130195,-0.07921186144500317,-0.08046984528497017,0.06521821891268094,-0.08046984528497017
ba51e23378bc13372530,b084a7076ca152cb8b6f,CCCCCCCCN(CCCCCCCC)C(=O)COCC(=O)N(CCCCCCCC)CCCCCCCC,0982ebf465b726073008,Er-Tm,Er,Tm,Er_SAFE:9772,Pr_SAFE:9778,68|CCCCCCCCN(CCCCCCCC)C(=O)COCC(=O)N(CCCCCCCC)CCCCCCCC|nitrate,69|CCCCCCCCN(CCCCCCCC)C(=O)COCC(=O)N(CCCCCCCC)CCCCCCCC|nitrate,389643f6ef69,78c4dd080e4c,162,1065,-0.0457875457875514,0,-0.04653202870997508,-0.051472939106953206,-0.051472939106953206,-0.020768236655958287,-0.027209184669462486,0.05214432652671045,-0.027209184669462486
99575cad37ab8d944c19,b9278d6c68a2295262af,CCCCCCCCN(CCCCCCCC)C(=O)COCC(=O)N(CCCCCCCC)CCCCCCCC,0982ebf465b726073008,Er-Tm,Er,Tm,Er_SAFE:9774,Pr_SAFE:9780,68|CCCCCCCCN(CCCCCCCC)C(=O)COCC(=O)N(CCCCCCCC)CCCCCCCC|nitrate,69|CCCCCCCCN(CCCCCCCC)C(=O)COCC(=O)N(CCCCCCCC)CCCCCCCC|nitrate,389643f6ef69,78c4dd080e4c,162,1065,-0.11446886446886273,0,-0.03908373418540267,-0.046767180118822145,-0.046767180118822145,-0.0027073774266826367,-0.011801466616362645,0.05567041846613089,-0.011801466616362645
a0fedf6378edf6f2ee6e,e4a2331d8c90324b0a60,CCCCCCCCN(CCCCCCCC)C(=O)COCC(=O)N(CCCCCCCC)CCCCCCCC,0982ebf465b726073008,Gd-Tb,Gd,Tb,Er_SAFE:9800,Er_SAFE:9807,64|CCCCCCCCN(CCCCCCCC)C(=O)COCC(=O)N(CCCCCCCC)CCCCCCCC|water,65|CCCCCCCCN(CCCCCCCC)C(=O)COCC(=O)N(CCCCCCCC)CCCCCCCC|water,9060a51020d0,16686414c510,475,974,-0.036646144825563276,0,-0.32362508366923215,-0.3181053858959185,-0.3181053858959185,-0.3424445011524843,-0.3377396467816713,0.01622541497151057,-0.3377396467816713
cb3900ef38a8419316ef,8551dba69956ee653930,CCCCCCCCN(CCCCCCCC)C(=O)COCC(=O)N(CCCCCCCC)CCCCCCCC,0982ebf465b726073008,Gd-Tb,Gd,Tb,Er_SAFE:9801,Er_SAFE:9808,64|CCCCCCCCN(CCCCCCCC)C(=O)COCC(=O)N(CCCCCCCC)CCCCCCCC|nitrate,65|CCCCCCCCN(CCCCCCCC)C(=O)COCC(=O)N(CCCCCCCC)CCCCCCCC|nitrate,ffeead124530,28d4b8569192,511,975,-0.2702653180885358,0,-0.32362508366923215,-0.3181053858959185,-0.3181053858959185,-0.2566745815939404,-0.2734122071127634,-0.10276818523804347,-0.2734122071127634
bb9cf472013f5f6c6ea6,cb1cfcbcd18b29b12462,CCCCCCCCN(CCCCCCCC)C(=O)COCC(=O)N(CCCCCCCC)CCCCCCCC,0982ebf465b726073008,Gd-Tb,Gd,Tb,Er_SAFE:9802,Er_SAFE:9809,64|CCCCCCCCN(CCCCCCCC)C(=O)COCC(=O)N(CCCCCCCC)CCCCCCCC|nitrate,65|CCCCCCCCN(CCCCCCCC)C(=O)COCC(=O)N(CCCCCCCC)CCCCCCCC|nitrate,ffeead124530,28d4b8569192,511,975,-0.2977499267077109,0,-0.32362508366923215,-0.3181053858959185,-0.3181053858959185,-0.2566745815939404,-0.2734122071127634,-0.10356830060482025,-0.2734122071127634
c506d7067c332f7f083d,c45a274dc83ec60b8abf,CCCCCCCCN(CCCCCCCC)C(=O)COCC(=O)N(CCCCCCCC)CCCCCCCC,0982ebf465b726073008,Gd-Tb,Gd,Tb,Er_SAFE:9803,Er_SAFE:9810,64|CCCCCCCCN(CCCCCCCC)C(=O)COCC(=O)N(CCCCCCCC)CCCCCCCC|nitrate,65|CCCCCCCCN(CCCCCCCC)C(=O)COCC(=O)N(CCCCCCCC)CCCCCCCC|nitrate,ffeead124530,28d4b8569192,511,975,-0.3298153034300797,0,-0.32362508366923215,-0.3181053858959185,-0.3181053858959185,-0.2566745815939404,-0.2734122071127634,-0.10437782108783722,-0.2734122071127634
e6db475bae40629a86b0,53d05d14b61621490653,CCCCCCCCN(CCCCCCCC)C(=O)COCC(=O)N(CCCCCCCC)CCCCCCCC,0982ebf465b726073008,Gd-Tb,Gd,Tb,Er_SAFE:9804,Er_SAFE:9811,64|CCCCCCCCN(CCCCCCCC)C(=O)COCC(=O)N(CCCCCCCC)CCCCCCCC|nitrate,65|CCCCCCCCN(CCCCCCCC)C(=O)COCC(=O)N(CCCCCCCC)CCCCCCCC|nitrate,ffeead124530,28d4b8569192,511,975,-0.3847845206684273,0,-0.32353245093660865,-0.3169300478448329,-0.3169300478448329,-0.2567626875763781,-0.2734551284164357,-0.10519219810763995,-0.2734551284164357
0c1d1975f2f0690562c1,df2a7144573a5d8ad4f1,CCCCCCCCN(CCCCCCCC)C(=O)COCC(=O)N(CCCCCCCC)CCCCCCCC,0982ebf465b726073008,Gd-Tb,Gd,Tb,Er_SAFE:9805,Er_SAFE:9812,64|CCCCCCCCN(CCCCCCCC)C(=O)COCC(=O)N(CCCCCCCC)CCCCCCCC|nitrate,65|CCCCCCCCN(CCCCCCCC)C(=O)COCC(=O)N(CCCCCCCC)CCCCCCCC|nitrate,ffeead124530,28d4b8569192,511,975,-0.4901421870419216,0,-0.3225982944903031,-0.31459455209455767,-0.31459455209455767,-0.2553308568688023,-0.2721477162741775,-0.10643374795715015,-0.2721477162741775
e1cbeca03d46ab127751,584b8b8037565b3492c6,CCCCCCCCN(CCCCCCCC)C(=O)COCC(=O)N(CCCCCCCC)CCCCCCCC,0982ebf465b726073008,Gd-Tb,Gd,Tb,Er_SAFE:9806,Er_SAFE:9813,64|CCCCCCCCN(CCCCCCCC)C(=O)COCC(=O)N(CCCCCCCC)CCCCCCCC|nitrate,65|CCCCCCCCN(CCCCCCCC)C(=O)COCC(=O)N(CCCCCCCC)CCCCCCCC|nitrate,ffeead124530,28d4b8569192,511,975,-0.6321459982409867,0,-0.3222786011471702,-0.31186030597478576,-0.31186030597478576,-0.25389804881223,-0.2709931868959651,-0.11067874108751614,-0.2709931868959651
85fdba07b45b39ab19d8,4a1310692d2165c7b8df,CCCCCCCCN(CCCCCCCC)C(=O)COCC(=O)N(CCCCCCCC)CCCCCCCC,0982ebf465b726073008,Ho-Er,Ho,Er,Er_SAFE:9824,Er_SAFE:9830,67|CCCCCCCCN(CCCCCCCC)C(=O)COCC(=O)N(CCCCCCCC)CCCCCCCC|nitrate,68|CCCCCCCCN(CCCCCCCC)C(=O)COCC(=O)N(CCCCCCCC)CCCCCCCC|nitrate,9a0b2ab62928,389643f6ef69,548,162,-0.054969217238346024,0,-0.13039152363377282,-0.12316650595659914,-0.12316650595659914,-0.09909306578563928,-0.10691768024767268,0.08764674887061119,-0.10691768024767268
6fd391a4d3444bc68bca,4a1310692d2165c7b8df,CCCCCCCCN(CCCCCCCC)C(=O)COCC(=O)N(CCCCCCCC)CCCCCCCC,0982ebf465b726073008,Yb-Lu,Yb,Lu,Er_SAFE:9842,Er_SAFE:9848,70|CCCCCCCCN(CCCCCCCC)C(=O)COCC(=O)N(CCCCCCCC)CCCCCCCC|nitrate,71|CCCCCCCCN(CCCCCCCC)C(=O)COCC(=O)N(CCCCCCCC)CCCCCCCC|nitrate,b626912f120c,841e714ef7bf,1139,699,-0.0274846086191749,0,-0.07962291222150071,-0.07588378310145313,-0.07588378310145313,-0.06340089041571384,-0.06745639586716055,0.10478046412269275,-0.06745639586716055
aa24feee21cccafb49f5,044c706e5c1130f99dd8,CCCCCCCCN(CCCCCCCC)C(=O)COCC(=O)N(CCCCCCCC)CCCCCCCC,0982ebf465b726073008,Tm-Yb,Tm,Yb,Er_SAFE:9837,Er_SAFE:9843,69|CCCCCCCCN(CCCCCCCC)C(=O)COCC(=O)N(CCCCCCCC)CCCCCCCC|nitrate,70|CCCCCCCCN(CCCCCCCC)C(=O)COCC(=O)N(CCCCCCCC)CCCCCCCC|nitrate,78c4dd080e4c,b626912f120c,1065,1139,-0.02290384051597716,0,-0.008710061602115281,-0.007658485516669044,-0.007658485516669044,-0.05790442102509419,-0.045605831169349464,0.005159366875886917,-0.045605831169349464
21d8005cacf7f41565c6,7eb14ec37069a881dfd0,CCCCCCCCN(CCCCCCCC)C(=O)COCC(=O)N(CCCCCCCC)CCCCCCCC,0982ebf465b726073008,Er-Tm,Er,Tm,Er_SAFE:9829,Er_SAFE:9835,68|CCCCCCCCN(CCCCCCCC)C(=O)COCC(=O)N(CCCCCCCC)CCCCCCCC|nitrate,69|CCCCCCCCN(CCCCCCCC)C(=O)COCC(=O)N(CCCCCCCC)CCCCCCCC|nitrate,389643f6ef69,78c4dd080e4c,162,1065,-0.03206537672236798,0,-0.04653202870997508,-0.051472939106953206,-0.051472939106953206,-0.020768236655958287,-0.027209184669462486,0.05091421374042208,-0.027209184669462486
1bf2ae3861b68594b453,df328f56a8a6537780df,CCCCCCCCN(CCCCCCCC)C(=O)COCC(=O)N(CCCCCCCC)CCCCCCCC,0982ebf465b726073008,Yb-Lu,Yb,Lu,Er_SAFE:9839,Er_SAFE:9845,70|CCCCCCCCN(CCCCCCCC)C(=O)COCC(=O)N(CCCCCCCC)CCCCCCCC|nitrate,71|CCCCCCCCN(CCCCCCCC)C(=O)COCC(=O)N(CCCCCCCC)CCCCCCCC|nitrate,b626912f120c,841e714ef7bf,1139,699,-0.02748460861917537,0,-0.08424379680487117,-0.07691593974130195,-0.07691593974130195,-0.06786259116042945,-0.07195789257153988,0.09917621438701947,-0.07195789257153988
f9f9109119d9b1c84246,c6806c75f9ff86b1f730,CCCCCCCCN(CCCCCCCC)C(=O)COCC(=O)N(CCCCCCCC)CCCCCCCC,0982ebf465b726073008,Eu-Gd,Eu,Gd,Eu_SAFE:9738,Gd_SAFE:9745,63|CCCCCCCCN(CCCCCCCC)C(=O)COCC(=O)N(CCCCCCCC)CCCCCCCC|nitrate,64|CCCCCCCCN(CCCCCCCC)C(=O)COCC(=O)N(CCCCCCCC)CCCCCCCC|nitrate,3f1e9baa527a,ffeead124530,276,511,-0.10989010989010906,0,-0.17806400494051414,-0.19435289343181233,-0.19435289343181233,-0.11743132963760818,-0.13258949846333468,0.1244139273961385,-0.13258949846333468
d025746f3f3c4c10d45f,4c8d572170e21bdfa6f2,CCCCCCCCN(CCCCCCCC)C(=O)COCC(=O)N(CCCCCCCC)CCCCCCCC,0982ebf465b726073008,Eu-Gd,Eu,Gd,Eu_SAFE:9740,Gd_SAFE:9747,63|CCCCCCCCN(CCCCCCCC)C(=O)COCC(=O)N(CCCCCCCC)CCCCCCCC|nitrate,64|CCCCCCCCN(CCCCCCCC)C(=O)COCC(=O)N(CCCCCCCC)CCCCCCCC|nitrate,3f1e9baa527a,ffeead124530,276,511,-0.05036630036630019,0,-0.17297100353091321,-0.18870227634509168,-0.18870227634509168,-0.11411100522948794,-0.12882600480484427,0.12412545084953308,-0.12882600480484427
6386fe1f775b8b4e3e76,96897022b3780fd0d2d7,CCCCCCCCN(CCCCCCCC)C(=O)COCC(=O)N(CCCCCCCC)CCCCCCCC,0982ebf465b726073008,Eu-Gd,Eu,Gd,Eu_SAFE:9741,Gd_SAFE:9748,63|CCCCCCCCN(CCCCCCCC)C(=O)COCC(=O)N(CCCCCCCC)CCCCCCCC|nitrate,64|CCCCCCCCN(CCCCCCCC)C(=O)COCC(=O)N(CCCCCCCC)CCCCCCCC|nitrate,3f1e9baa527a,ffeead124530,276,511,0.041208791208787954,0,-0.16625506021535152,-0.17712437059362568,-0.17712437059362568,-0.10800595350832949,-0.122568230185085,0.12390535324811935,-0.122568230185085
caa0a25e84c29179854c,5c3194f9b1c88eb8c5e4,CCCCCCCCN(CCCCCCCC)C(=O)COCC(=O)N(CCCCCCCC)CCCCCCCC,0982ebf465b726073008,Eu-Gd,Eu,Gd,Eu_SAFE:9851,Gd_SAFE:9855,63|CCCCCCCCN(CCCCCCCC)C(=O)COCC(=O)N(CCCCCCCC)CCCCCCCC|nitrate,64|CCCCCCCCN(CCCCCCCC)C(=O)COCC(=O)N(CCCCCCCC)CCCCCCCC|nitrate,3f1e9baa527a,ffeead124530,276,511,0.0,0,-0.16662566301496984,-0.17591843102300875,-0.17591843102300875,-0.1054261439791428,-0.12072602373809956,0.12334813425938289,-0.12072602373809956
b9de0c586436e3096977,5c3194f9b1c88eb8c5e4,CCCCCCCCN(CCCCCCCC)C(=O)COCC(=O)N(CCCCCCCC)CCCCCCCC,0982ebf465b726073008,Gd-Tb,Gd,Tb,Gd_SAFE:9855,Pr_SAFE:9860,64|CCCCCCCCN(CCCCCCCC)C(=O)COCC(=O)N(CCCCCCCC)CCCCCCCC|nitrate,65|CCCCCCCCN(CCCCCCCC)C(=O)COCC(=O)N(CCCCCCCC)CCCCCCCC|nitrate,ffeead124530,28d4b8569192,511,975,-0.33288590604026824,0,-0.32362304016142046,-0.31459455209455767,-0.31459455209455767,-0.2553308568688023,-0.27240390269195686,-0.1081998273730278,-0.27240390269195686
2e3e16ba76ebfbc2bd85,f3184b52d753beda2c2e,CCCCCCCCN(CCCCCCCC)C(=O)COCC(=O)N(CCCCCCCC)CCCCCCCC,0982ebf465b726073008,Eu-Gd,Eu,Gd,Eu_SAFE:9852,Gd_SAFE:9856,63|CCCCCCCCN(CCCCCCCC)C(=O)COCC(=O)N(CCCCCCCC)CCCCCCCC|nitrate,64|CCCCCCCCN(CCCCCCCC)C(=O)COCC(=O)N(CCCCCCCC)CCCCCCCC|nitrate,3f1e9baa527a,ffeead124530,276,511,-0.09664429530201368,0,-0.1707349041714968,-0.17835160035778894,-0.17835160035778894,-0.1096860881104631,-0.12494829212572153,-0.17297038932641348,-0.12494829212572153
c7b7b18dc0ee1c8ebfdb,f3184b52d753beda2c2e,CCCCCCCCN(CCCCCCCC)C(=O)COCC(=O)N(CCCCCCCC)CCCCCCCC,0982ebf465b726073008,Gd-Tb,Gd,Tb,Gd_SAFE:9856,Pr_SAFE:9861,64|CCCCCCCCN(CCCCCCCC)C(=O)COCC(=O)N(CCCCCCCC)CCCCCCCC|nitrate,65|CCCCCCCCN(CCCCCCCC)C(=O)COCC(=O)N(CCCCCCCC)CCCCCCCC|nitrate,ffeead124530,28d4b8569192,511,975,-0.34093959731543455,0,-0.32434586358760203,-0.31753606490810526,-0.31753606490810526,-0.2580716105845956,-0.2746401738353472,-0.05839097313582897,-0.2746401738353472
71985608b02a0d59ba73,35ef53631a9cbda12169,CCCCCCCCN(CCCCCCCC)C(=O)COCC(=O)N(CCCCCCCC)CCCCCCCC,0982ebf465b726073008,Eu-Gd,Eu,Gd,Eu_SAFE:9853,Gd_SAFE:9857,63|CCCCCCCCN(CCCCCCCC)C(=O)COCC(=O)N(CCCCCCCC)CCCCCCCC|nitrate,64|CCCCCCCCN(CCCCCCCC)C(=O)COCC(=O)N(CCCCCCCC)CCCCCCCC|nitrate,3f1e9baa527a,ffeead124530,276,511,-0.05100671140939572,0,-0.17021037358688335,-0.1795206003993436,-0.1795206003993436,-0.11642201862037815,-0.12986910736200447,-0.257174347837766,-0.12986910736200447
3bbff44f8718a124efc4,800f848cfc51120b7fd1,CCCCCCCCN(CCCCCCCC)C(=O)COCC(=O)N(CCCCCCCC)CCCCCCCC,0982ebf465b726073008,Eu-Gd,Eu,Gd,Eu_SAFE:9854,Gd_SAFE:9858,63|CCCCCCCCN(CCCCCCCC)C(=O)COCC(=O)N(CCCCCCCC)CCCCCCCC|nitrate,64|CCCCCCCCN(CCCCCCCC)C(=O)COCC(=O)N(CCCCCCCC)CCCCCCCC|nitrate,3f1e9baa527a,ffeead124530,276,511,-0.09395973154362369,0,-0.17021037358688335,-0.1795206003993436,-0.1795206003993436,-0.11642201862037815,-0.12986910736200447,-0.28721629579861957,-0.12986910736200447
c2467a9e9a66116f14e5,800f848cfc51120b7fd1,CCCCCCCCN(CCCCCCCC)C(=O)COCC(=O)N(CCCCCCCC)CCCCCCCC,0982ebf465b726073008,Gd-Tb,Gd,Tb,Gd_SAFE:9858,Pr_SAFE:9863,64|CCCCCCCCN(CCCCCCCC)C(=O)COCC(=O)N(CCCCCCCC)CCCCCCCC|nitrate,65|CCCCCCCCN(CCCCCCCC)C(=O)COCC(=O)N(CCCCCCCC)CCCCCCCC|nitrate,ffeead124530,28d4b8569192,511,975,-0.3624161073825488,0,-0.32382133300298854,-0.31601669782274944,-0.31601669782274944,-0.25665471315233784,-0.2734463681150005,0.28730783859888714,-0.2734463681150005
f2742c4da894865d2033,bec1c01c54e80ee7315e,CCCCCCCCN(CCCCCCCC)C(=O)COCC(=O)N(CCCCCCCC)CCCCCCCC,0982ebf465b726073008,Gd-Tb,Gd,Tb,Gd_SAFE:9743,Pr_SAFE:9750,64|CCCCCCCCN(CCCCCCCC)C(=O)COCC(=O)N(CCCCCCCC)CCCCCCCC|water,65|CCCCCCCCN(CCCCCCCC)C(=O)COCC(=O)N(CCCCCCCC)CCCCCCCC|water,9060a51020d0,16686414c510,475,974,-0.2701465201465185,0,-0.32362508366923215,-0.3181053858959185,-0.3181053858959185,-0.3424445011524843,-0.3377396467816713,0.017184784015019734,-0.3377396467816713
aa3db619d7d6e4f4fe70,153a4ecfe2a0ee9ad7ad,CCCCCCCCN(CCCCCCCC)C(=O)COCC(=O)N(CCCCCCCC)CCCCCCCC,0982ebf465b726073008,Gd-Tb,Gd,Tb,Gd_SAFE:9746,Pr_SAFE:9753,64|CCCCCCCCN(CCCCCCCC)C(=O)COCC(=O)N(CCCCCCCC)CCCCCCCC|nitrate,65|CCCCCCCCN(CCCCCCCC)C(=O)COCC(=O)N(CCCCCCCC)CCCCCCCC|nitrate,ffeead124530,28d4b8569192,511,975,-0.35714285714285454,0,-0.32362508366923215,-0.3181053858959185,-0.3181053858959185,-0.2566745815939404,-0.2734122071127634,-0.10555220767855644,-0.2734122071127634
078c49b28b5368e3a4b0,270df949a444c0c98cbd,CCCCCCCCN(CCCCCCCC)C(=O)COCC(=O)N(CCCCCCCC)CCCCCCCC,0982ebf465b726073008,Gd-Tb,Gd,Tb,Gd_SAFE:9749,Pr_SAFE:9756,64|CCCCCCCCN(CCCCCCCC)C(=O)COCC(=O)N(CCCCCCCC)CCCCCCCC|nitrate,65|CCCCCCCCN(CCCCCCCC)C(=O)COCC(=O)N(CCCCCCCC)CCCCCCCC|nitrate,ffeead124530,28d4b8569192,511,975,-0.6547619047619015,0,-0.3222786011471702,-0.31186030597478576,-0.31186030597478576,-0.25389804881223,-0.2709931868959651,-0.11182382454474767,-0.2709931868959651
bcf54628e5f99fae3791,a837c3db91a6e8745e9c,CCCCCCCCN(CCCCCCCC)C(=O)COCC(=O)N(CCCCCCCC)CCCCCCCC,0982ebf465b726073008,Tm-Yb,Tm,Yb,Pr_SAFE:9777,Pr_SAFE:9783,69|CCCCCCCCN(CCCCCCCC)C(=O)COCC(=O)N(CCCCCCCC)CCCCCCCC|nitrate,70|CCCCCCCCN(CCCCCCCC)C(=O)COCC(=O)N(CCCCCCCC)CCCCCCCC|nitrate,78c4dd080e4c,b626912f120c,1065,1139,-0.03663003663003994,0,-0.01702846519067848,-0.013303049784298554,-0.013303049784298554,-0.07468475629122862,-0.06027068351609108,0.007556088889638583,-0.06027068351609108
217c7a03e49f609f164a,a837c3db91a6e8745e9c,CCCCCCCCN(CCCCCCCC)C(=O)COCC(=O)N(CCCCCCCC)CCCCCCCC,0982ebf465b726073008,Yb-Lu,Yb,Lu,Pr_SAFE:9783,Lu_SAFE:9789,70|CCCCCCCCN(CCCCCCCC)C(=O)COCC(=O)N(CCCCCCCC)CCCCCCCC|nitrate,71|CCCCCCCCN(CCCCCCCC)C(=O)COCC(=O)N(CCCCCCCC)CCCCCCCC|nitrate,b626912f120c,841e714ef7bf,1139,699,-0.018315018315014586,0,-0.08424379680487117,-0.07691593974130195,-0.07691593974130195,-0.06786259116042945,-0.07195789257153988,0.10153364638487498,-0.07195789257153988
