feature_set,split_seed,endpoint,comparison,reference,candidate,statistic,point_delta,ci95_low,ci95_high,p_worse_one_sided,units_improved,units_total,bootstrap_blocks,bootstrap_replicates,block_macro_delta,n_blocks_positive,largest_block_unit_share,cluster_robust_se,cluster_robust_low,cluster_robust_high,cluster_robust_p_two_sided,bca_low,bca_high,bca_z0,bca_acceleration,preregistered,question
MC_lig2d_ext_massaction,104729,all,EXPANDED_vs_BASE,BASE,EXPANDED,mae,0.14955692840821078,0.034358095843998356,0.31232550357551153,0.004399120175964807,69,131,79,5000,0.27129976065439626,51,0.21374045801526717,0.0736249864474696,0.0029808399479654413,0.2961330168684561,0.04562746964755598,0.0007210848110966847,0.27851400014346134,-0.06421378651467992,-0.10552377112584818,True,"A1 primary: does adding 61 sparse, chemically distant extractants help?"
MC_lig2d_ext_massaction,104729,all,EXPANDED_vs_BASE,BASE,EXPANDED,offset_mae,0.14838453551295067,0.03260934469301176,0.3140160428498134,0.004199160167966407,69,131,79,5000,0.26117683987978135,50,0.21374045801526717,0.07313065714283967,0.0027925810998555567,0.29397648992604575,0.04586682941493523,0.005802326366969909,0.28428074784748836,-0.04764395595447656,-0.09356640196075937,True,"A1 primary: does adding 61 sparse, chemically distant extractants help?"
MC_lig2d_ext_massaction,104729,all,EXPANDED_vs_BASE,BASE,EXPANDED,shape_mae,0.02642398390450392,0.006962267476262149,0.05306977591003504,0.0011997600479904018,72,131,79,5000,0.04295734521961886,46,0.21374045801526717,0.011864736911005713,0.0028031072030063227,0.05004486060600152,0.02882393297492433,0.005327728317780356,0.05064610231990051,-0.012032106029748954,-0.04458872406879598,True,"A1 primary: does adding 61 sparse, chemically distant extractants help?"
MC_lig2d_ext_massaction,104729,all,EXPANDED_ROWMATCHED_vs_BASE,BASE,EXPANDED_ROWMATCHED,mae,0.13565366034518955,0.01891234093684822,0.30026455649659556,0.009198160367926415,75,131,79,5000,0.25603596613610746,54,0.21374045801526717,0.07405245293424849,-0.011773448517274743,0.28308076920765385,0.07078985936246121,-0.013133776734010375,0.26743710676432036,-0.05366759628332598,-0.10286667162749141,True,row-budget-matched depth control: help at BASE's row count?
MC_lig2d_ext_massaction,104729,all,EXPANDED_ROWMATCHED_vs_BASE,BASE,EXPANDED_ROWMATCHED,offset_mae,0.1345106430332362,0.015753248693107243,0.30288249625436414,0.011197760447910418,75,131,79,5000,0.24731962672260643,53,0.21374045801526717,0.07441366086658033,-0.01363557558254247,0.2826568616490149,0.07452298957191936,-0.007809942139329717,0.2725785911748999,-0.05617800870763592,-0.09107882067694528,True,row-budget-matched depth control: help at BASE's row count?
MC_lig2d_ext_massaction,104729,all,EXPANDED_ROWMATCHED_vs_BASE,BASE,EXPANDED_ROWMATCHED,shape_mae,0.020279925550039643,-0.00011456759929105218,0.04860646665721824,0.026394721055788842,66,131,79,5000,0.034062972268288215,44,0.21374045801526717,0.012447856005808144,-0.0045018520921135015,0.045061703192192784,0.10730513731379251,-0.002388122255586559,0.0457672365032678,-0.015040336678635672,-0.039050429661407295,True,row-budget-matched depth control: help at BASE's row count?
MC_lig2d_ext_massaction,104729,all,EXPANDED_vs_EXPANDED_SHUFFLED,EXPANDED_SHUFFLED,EXPANDED,mae,0.13374209226012732,0.013979463520473986,0.3050859758578628,0.009798040391921616,74,131,79,5000,0.2688660149362087,53,0.21374045801526717,0.07556600490665052,-0.016698267110087733,0.2841824516303424,0.08065660139465754,-0.012978230368879627,0.27271040105558164,-0.060697654093910605,-0.09957285483734961,True,A4 information null: is the gain information or just rows/regularisation?
MC_lig2d_ext_massaction,104729,all,EXPANDED_vs_EXPANDED_SHUFFLED,EXPANDED_SHUFFLED,EXPANDED,offset_mae,0.13716152116337157,0.013368992433823688,0.3153411990704851,0.01259748050389922,71,131,79,5000,0.2735846025882835,47,0.21374045801526717,0.07887710633882808,-0.01987073478763235,0.2941937771143755,0.08599300096698922,-0.013967894119788084,0.28446725854461136,-0.04965163319757251,-0.09675236943845457,True,A4 information null: is the gain information or just rows/regularisation?
MC_lig2d_ext_massaction,104729,all,EXPANDED_vs_EXPANDED_SHUFFLED,EXPANDED_SHUFFLED,EXPANDED,shape_mae,0.027133218202733674,0.009725639214133705,0.05253005438647066,0.0007998400319936012,77,131,79,5000,0.03737380155067589,47,0.21374045801526717,0.010411210057453033,0.00640609117707051,0.04786034522839684,0.010964141977546124,0.010573066164126562,0.05433189502712651,0.04262558517694437,0.010734776048262734,True,A4 information null: is the gain information or just rows/regularisation?
MC_lig2d_ext_massaction,104729,all,EXPANDED_SHUFFLED_vs_BASE,BASE,EXPANDED_SHUFFLED,mae,0.015814836148083454,-0.042339168669241756,0.07434073284834372,0.3031393721255749,74,131,79,5000,0.002433745718187517,45,0.21374045801526717,0.0283745691192789,-0.04067459161182767,0.07230426390799458,0.5788778145289759,-0.03407856206165742,0.08414741137651309,0.05316555488880454,0.042213690840572964,True,how much of the apparent gain survives destroying the new labels?
MC_lig2d_ext_massaction,104729,all,EXPANDED_SHUFFLED_vs_BASE,BASE,EXPANDED_SHUFFLED,offset_mae,0.01122301434957908,-0.0580052603457947,0.07082981601822178,0.3697260547890422,74,131,79,5000,-0.012407762708502176,44,0.21374045801526717,0.03095575005472827,-0.05040514990974404,0.0728511786089022,0.7179214211424427,-0.05267217922436055,0.07603208667016029,0.012533469508069276,0.024431227080100853,True,how much of the apparent gain survives destroying the new labels?
MC_lig2d_ext_massaction,104729,all,EXPANDED_SHUFFLED_vs_BASE,BASE,EXPANDED_SHUFFLED,shape_mae,-0.0007092342982297535,-0.028949522312867997,0.029195229703885554,0.5166966606678665,53,131,79,5000,0.005583543668942963,33,0.21374045801526717,0.013877360456945315,-0.0283369366867826,0.026918468090323094,0.9593706809997107,-0.03135734459076836,0.027680917161454138,-0.01403757935031084,-0.01575568775286452,True,how much of the apparent gain survives destroying the new labels?
MC_lig2d_ext_massaction,104729,all,EXPANDED_vs_EXPANDED_ROWMATCHED,EXPANDED_ROWMATCHED,EXPANDED,mae,0.013903268063021215,0.0025716317756361217,0.02673950898830671,0.009398120375924815,74,131,79,5000,0.015263794518288834,49,0.21374045801526717,0.005803858754170163,0.002348672874484474,0.025457863251557956,0.018993951488042136,0.002834457979317505,0.027063136351457805,0.003509286787335954,0.015982553551045955,False,derived (not pre-registered): needed to score A4's first clause
MC_lig2d_ext_massaction,104729,all,EXPANDED_vs_EXPANDED_ROWMATCHED,EXPANDED_ROWMATCHED,EXPANDED,offset_mae,0.013873892479714428,-0.0006553644336861626,0.029193831699949,0.02979404119176165,77,131,79,5000,0.01385721315717499,50,0.21374045801526717,0.007155451836109533,-0.00037151783422746665,0.028119302793656323,0.05612721640323323,-3.599761169024239e-05,0.02953952051057187,-0.003007958465459176,0.018604808415142542,False,derived (not pre-registered): needed to score A4's first clause
MC_lig2d_ext_massaction,104729,all,EXPANDED_vs_EXPANDED_ROWMATCHED,EXPANDED_ROWMATCHED,EXPANDED,shape_mae,0.006144058354464275,0.0016850193965710157,0.011238264127515558,0.002999400119976005,81,131,79,5000,0.008894372951330635,47,0.21374045801526717,0.0022159492151148726,0.0017324423549172638,0.010555674354011287,0.006951455229029377,0.0018076114401420166,0.011348821649266,0.0010026514778481883,0.011397426094292475,False,derived (not pre-registered): needed to score A4's first clause
MC_lig2d_ext_massaction,104729,nn<0.4,EXPANDED_vs_BASE,BASE,EXPANDED,mae,0.4930839579671113,0.22121240642168774,0.7637210024169206,0.0005998800239952009,26,33,32,5000,0.5110360881392023,25,0.06060606060606061,0.13564423587905725,0.21643571496560793,0.7697322009686147,0.0009954818702505562,0.21840246511008637,0.7610676880189879,0.012533469508069276,-0.011891403320275301,True,"A1 primary: does adding 61 sparse, chemically distant extractants help?"
MC_lig2d_ext_massaction,104729,nn<0.4,EXPANDED_vs_BASE,BASE,EXPANDED,offset_mae,0.45797319969932904,0.1686908671779047,0.7475645769763636,0.0007998400319936012,23,33,32,5000,0.4754353136798307,23,0.06060606060606061,0.14585359263932987,0.16050283630619155,0.7554435630924665,0.003697323108229846,0.16462984507916134,0.7385221265113364,0.005514610154793434,-0.01269601981267355,True,"A1 primary: does adding 61 sparse, chemically distant extractants help?"
MC_lig2d_ext_massaction,104729,nn<0.4,EXPANDED_vs_BASE,BASE,EXPANDED,shape_mae,0.0833101401799966,0.03402122849581779,0.13896587810938185,0.0001999600079984003,20,33,32,5000,0.08564693651932612,20,0.06060606060606061,0.02658883033837596,0.029081863180926072,0.13753841717906715,0.0037615370867766233,0.03640406771133341,0.14447576697263495,0.010026681100274765,0.03039489142285429,True,"A1 primary: does adding 61 sparse, chemically distant extractants help?"
MC_lig2d_ext_massaction,104729,nn<0.4,EXPANDED_ROWMATCHED_vs_BASE,BASE,EXPANDED_ROWMATCHED,mae,0.4775683053416335,0.1964517552314596,0.7604117861190652,0.0005998800239952009,26,33,32,5000,0.5015073176288313,26,0.06060606060606061,0.1414056903156147,0.18916949854597098,0.7659671121372961,0.0019873646681165735,0.18975862321425357,0.7551010203194424,0.0025066308995717666,-0.010737547204911841,True,row-budget-matched depth control: help at BASE's row count?
MC_lig2d_ext_massaction,104729,nn<0.4,EXPANDED_ROWMATCHED_vs_BASE,BASE,EXPANDED_ROWMATCHED,offset_mae,0.44240128990846933,0.1372599295094105,0.7494736745870642,0.001999600079984003,24,33,32,5000,0.46719050256809685,24,0.06060606060606061,0.15363753734617658,0.12905546661971184,0.7557471131972269,0.007159451896751761,0.13226186076333157,0.7439100203612251,0.003007958465459176,-0.01199216646933666,True,row-budget-matched depth control: help at BASE's row count?
MC_lig2d_ext_massaction,104729,nn<0.4,EXPANDED_ROWMATCHED_vs_BASE,BASE,EXPANDED_ROWMATCHED,shape_mae,0.07812664290493929,0.026840122174769984,0.13521968179892319,0.001799640071985603,20,33,32,5000,0.08003901846248851,20,0.06060606060606061,0.027706399185301246,0.021619069215290908,0.13463421659458766,0.008302586331296047,0.02897092959827178,0.1396127392458644,0.005514610154793434,0.025944658685138376,True,row-budget-matched depth control: help at BASE's row count?
MC_lig2d_ext_massaction,104729,nn<0.4,EXPANDED_vs_EXPANDED_SHUFFLED,EXPANDED_SHUFFLED,EXPANDED,mae,0.5371975730368519,0.2589307319509144,0.8100356920759171,0.0001999600079984003,27,33,32,5000,0.5501790303340263,26,0.06060606060606061,0.1380515533766085,0.2556395736293474,0.8187555724443564,0.000493725369049134,0.2509074705401956,0.8042418157592967,-0.008021296494625931,-0.007354635566027478,True,A4 information null: is the gain information or just rows/regularisation?
MC_lig2d_ext_massaction,104729,nn<0.4,EXPANDED_vs_EXPANDED_SHUFFLED,EXPANDED_SHUFFLED,EXPANDED,offset_mae,0.5526042100577936,0.26577420919994643,0.8472101029373857,0.0001999600079984003,25,33,32,5000,0.5647455459469355,24,0.06060606060606061,0.14519935817206978,0.2564681666577291,0.8487402534578581,0.0006247313616958688,0.26071141090691263,0.8417964512030415,0.003007958465459176,-0.007790918712579203,True,A4 information null: is the gain information or just rows/regularisation?
MC_lig2d_ext_massaction,104729,nn<0.4,EXPANDED_vs_EXPANDED_SHUFFLED,EXPANDED_SHUFFLED,EXPANDED,shape_mae,0.05283535872874984,0.010489525641536017,0.09779958245191915,0.00639872025594881,21,33,32,5000,0.05320878310597952,21,0.06060606060606061,0.022644460702758863,0.006651676639078077,0.0990190408184216,0.026296569641870188,0.012677205430039877,0.1003451139831164,0.012032106029748954,0.021759744640958967,True,A4 information null: is the gain information or just rows/regularisation?
MC_lig2d_ext_massaction,104729,nn<0.4,EXPANDED_SHUFFLED_vs_BASE,BASE,EXPANDED_SHUFFLED,mae,-0.0441136150697407,-0.18456534341354802,0.08330752485844273,0.739252149570086,17,33,32,5000,-0.03914294219482392,17,0.06060606060606061,0.06728737948185104,-0.1813471302957537,0.09311990015627228,0.5169177737649918,-0.19165755470078805,0.07778477739524185,-0.0010026514778483275,-0.02362670830170225,True,how much of the apparent gain survives destroying the new labels?
MC_lig2d_ext_massaction,104729,nn<0.4,EXPANDED_SHUFFLED_vs_BASE,BASE,EXPANDED_SHUFFLED,offset_mae,-0.0946310103584646,-0.2602935390875526,0.05243173740131875,0.8964207158568286,16,33,32,5000,-0.08931023226710476,16,0.06060606060606061,0.07758081312629035,-0.2528581219119007,0.06359610119497153,0.2317498584489852,-0.2745398889460748,0.04374998689869257,-0.0015039775317649809,-0.03348897241580397,True,how much of the apparent gain survives destroying the new labels?
MC_lig2d_ext_massaction,104729,nn<0.4,EXPANDED_SHUFFLED_vs_BASE,BASE,EXPANDED_SHUFFLED,shape_mae,0.03047478145124677,-0.02679629068141156,0.09202169120224116,0.16016796640671865,15,33,32,5000,0.032438153413346604,14,0.06060606060606061,0.03062563972669673,-0.031986622575843233,0.09293618547833676,0.32740441227413614,-0.02461183251516882,0.09591060401715643,-0.0060159441466754015,0.0242853105065274,True,how much of the apparent gain survives destroying the new labels?
MC_lig2d_ext_massaction,104729,nn<0.4,EXPANDED_vs_EXPANDED_ROWMATCHED,EXPANDED_ROWMATCHED,EXPANDED,mae,0.01551565262547782,-0.019381286243076713,0.050355204655844116,0.20295940811837632,20,33,32,5000,0.00952877051037109,19,0.06060606060606061,0.017995995521335222,-0.02118742222157491,0.05221872747253055,0.39521334644943,-0.015937068132358595,0.054017709752300976,0.03309353280602721,0.03262421551198226,False,derived (not pre-registered): needed to score A4's first clause
MC_lig2d_ext_massaction,104729,nn<0.4,EXPANDED_vs_EXPANDED_ROWMATCHED,EXPANDED_ROWMATCHED,EXPANDED,offset_mae,0.015571909790859657,-0.025770426001536312,0.05758219569717791,0.24135172965406917,23,33,32,5000,0.008244811111733842,22,0.06060606060606061,0.021570762206428364,-0.028421949778170447,0.05956576935988976,0.47576705255904095,-0.021241878486265877,0.06311390681208015,0.0401168101849681,0.037626596814165025,False,derived (not pre-registered): needed to score A4's first clause
MC_lig2d_ext_massaction,104729,nn<0.4,EXPANDED_vs_EXPANDED_ROWMATCHED,EXPANDED_ROWMATCHED,EXPANDED,shape_mae,0.0051834972750573124,-0.0007451727578522568,0.012118967947219606,0.04599080183963208,19,33,32,5000,0.005607918056837614,18,0.06060606060606061,0.003259591666521081,-0.0014644837585741088,0.011831478308688734,0.1219310857426916,-1.9633910131775053e-05,0.013361498614469922,0.05818659283016712,0.04439611868880853,False,derived (not pre-registered): needed to score A4's first clause
MC_lig2d_ext_massaction,104729,nn<0.6,EXPANDED_vs_BASE,BASE,EXPANDED,mae,0.20807850527757382,0.03676873869792502,0.44119737515064017,0.0057988402319536095,50,88,57,5000,0.364016995349978,38,0.2159090909090909,0.10534832362605086,-0.0029595462724945343,0.41911655682764215,0.05318846651323115,-0.011382857621974234,0.3845092741026766,-0.09489276913113866,-0.10633840518624571,True,"A1 primary: does adding 61 sparse, chemically distant extractants help?"
MC_lig2d_ext_massaction,104729,nn<0.6,EXPANDED_vs_BASE,BASE,EXPANDED,offset_mae,0.19798786264737983,0.01543114286452931,0.4457623609462615,0.015996800639872025,48,88,57,5000,0.3584483365319724,38,0.2159090909090909,0.11316702197102814,-0.02871292379573548,0.42468864909049514,0.08567976481916585,-0.039405364783722474,0.3857998803177116,-0.09489276913113866,-0.1057986373989796,True,"A1 primary: does adding 61 sparse, chemically distant extractants help?"
MC_lig2d_ext_massaction,104729,nn<0.6,EXPANDED_vs_BASE,BASE,EXPANDED,shape_mae,0.04414788726189373,0.01845271311091118,0.08209819187611649,0.0003999200159968006,51,88,57,5000,0.06589847556097764,34,0.2159090909090909,0.01621876675203773,0.01165779329471571,0.07663798122907176,0.00863215024137987,0.015452801799319389,0.07773059880804536,-0.027074892876565244,-0.04598917593454761,True,"A1 primary: does adding 61 sparse, chemically distant extractants help?"
MC_lig2d_ext_massaction,104729,nn<0.6,EXPANDED_ROWMATCHED_vs_BASE,BASE,EXPANDED_ROWMATCHED,mae,0.19262906094225177,0.015397430435074744,0.4333680181027306,0.014197160567886422,51,88,57,5000,0.3537083139098867,39,0.2159090909090909,0.1086349866859409,-0.024992967878521483,0.41025108976302505,0.08163751742934086,-0.030854670574901807,0.3774941448644442,-0.09036143712925866,-0.10683357549606293,True,row-budget-matched depth control: help at BASE's row count?
MC_lig2d_ext_massaction,104729,nn<0.6,EXPANDED_ROWMATCHED_vs_BASE,BASE,EXPANDED_ROWMATCHED,offset_mae,0.18072971885798236,-0.005948441609866005,0.4377818880926952,0.030393921215756847,48,88,57,5000,0.34757127733957505,37,0.2159090909090909,0.11663967078884711,-0.05292761909924684,0.4143870568152116,0.12690212900745518,-0.06128925392233762,0.37614745994842386,-0.09388564134428469,-0.10534971038533095,True,row-budget-matched depth control: help at BASE's row count?
MC_lig2d_ext_massaction,104729,nn<0.6,EXPANDED_ROWMATCHED_vs_BASE,BASE,EXPANDED_ROWMATCHED,shape_mae,0.03894209466498404,0.011476849623158019,0.07856934330435598,0.0007998400319936012,48,88,57,5000,0.061153481937576866,34,0.2159090909090909,0.01728737493356378,0.004311321276079048,0.07357286805388902,0.02821969450049092,0.007721671833082207,0.07360401086328744,-0.03861166738810877,-0.0539292681630156,True,row-budget-matched depth control: help at BASE's row count?
MC_lig2d_ext_massaction,104729,nn<0.6,EXPANDED_vs_EXPANDED_SHUFFLED,EXPANDED_SHUFFLED,EXPANDED,mae,0.19767864432791038,0.03634528989828107,0.42642333793870074,0.004999000199960008,54,88,57,5000,0.35238060106423325,39,0.2159090909090909,0.1019520090045523,-0.006555771478353678,0.40191306013417444,0.05755413774848787,-0.004458197092426331,0.3756313659178092,-0.08784483789587168,-0.09677744657620099,True,A4 information null: is the gain information or just rows/regularisation?
MC_lig2d_ext_massaction,104729,nn<0.6,EXPANDED_vs_EXPANDED_SHUFFLED,EXPANDED_SHUFFLED,EXPANDED,offset_mae,0.20466154474286843,0.03137811215132665,0.4514234573200263,0.007998400319936013,51,88,57,5000,0.37158082841809975,37,0.2159090909090909,0.11025449661121703,-0.016204752304796205,0.42552784179053305,0.06867978709727933,-0.018907211182825175,0.3908233062382607,-0.10950746646938445,-0.10081259890793086,True,A4 information null: is the gain information or just rows/regularisation?
MC_lig2d_ext_massaction,104729,nn<0.6,EXPANDED_vs_EXPANDED_SHUFFLED,EXPANDED_SHUFFLED,EXPANDED,shape_mae,0.026397263968400028,0.005539499577475751,0.051011077116125514,0.006798640271945611,55,88,57,5000,0.03332627422536042,36,0.2159090909090909,0.010797241834502874,0.004767789474276175,0.04802673846252388,0.01766456103181982,0.006243471787762146,0.0518710656844337,0.0020053039636734648,0.017873036480473708,True,A4 information null: is the gain information or just rows/regularisation?
MC_lig2d_ext_massaction,104729,nn<0.6,EXPANDED_SHUFFLED_vs_BASE,BASE,EXPANDED_SHUFFLED,mae,0.010399860949663477,-0.06651098527232166,0.09075541089947173,0.3993201359728054,48,88,57,5000,0.011636394285744773,31,0.2159090909090909,0.03752734860547181,-0.06477645184721653,0.0855761737465435,0.7827026175041225,-0.06147547633427913,0.09538982343855328,0.024567428181125256,0.018245423853657714,True,how much of the apparent gain survives destroying the new labels?
MC_lig2d_ext_massaction,104729,nn<0.6,EXPANDED_SHUFFLED_vs_BASE,BASE,EXPANDED_SHUFFLED,offset_mae,-0.006673682095488621,-0.09411487961530209,0.07736746406777462,0.5722855428914218,48,88,57,5000,-0.01313249188612735,32,0.2159090909090909,0.040751982138637406,-0.08830971208936825,0.07496234789839101,0.8705070410237286,-0.09290885244347986,0.07918664723587737,0.005514610154793434,0.006744781000391642,True,how much of the apparent gain survives destroying the new labels?
MC_lig2d_ext_massaction,104729,nn<0.6,EXPANDED_SHUFFLED_vs_BASE,BASE,EXPANDED_SHUFFLED,shape_mae,0.017750623293493705,-0.012638396559218978,0.06072454838279103,0.14197160567886422,37,88,57,5000,0.03257220133561721,24,0.2159090909090909,0.017930064674742514,-0.01816761235452632,0.05366885894151373,0.326436379540889,-0.01385792287443986,0.058002132622264654,0.00150397753176512,-0.019133492003461632,True,how much of the apparent gain survives destroying the new labels?
MC_lig2d_ext_massaction,104729,nn<0.6,EXPANDED_vs_EXPANDED_ROWMATCHED,EXPANDED_ROWMATCHED,EXPANDED,mae,0.01544944433532207,-0.0033747413438180766,0.03137962878732775,0.05338932213557288,52,88,57,5000,0.010308681440091338,34,0.2159090909090909,0.008286631758382514,-0.001150673825167722,0.03204956249581186,0.06751251331860023,-0.0024328195910534095,0.03234619982471644,0.007519955698540524,0.02341601648197458,False,derived (not pre-registered): needed to score A4's first clause
MC_lig2d_ext_massaction,104729,nn<0.6,EXPANDED_vs_EXPANDED_ROWMATCHED,EXPANDED_ROWMATCHED,EXPANDED,offset_mae,0.017258143789397436,-0.004648914402934876,0.036970450846500066,0.0597880423915217,55,88,57,5000,0.010877059192397375,36,0.2159090909090909,0.009850872966057054,-0.0024755260524057625,0.03699181363120063,0.08525853494502406,-0.0036967889987335753,0.0380719900856966,0.004511946203065805,0.02488127191927057,False,derived (not pre-registered): needed to score A4's first clause
MC_lig2d_ext_massaction,104729,nn<0.6,EXPANDED_vs_EXPANDED_ROWMATCHED,EXPANDED_ROWMATCHED,EXPANDED,shape_mae,0.0052057925969096995,-0.00012594643590450188,0.009362019186975106,0.027794441111777646,56,88,57,5000,0.00474499362340076,34,0.2159090909090909,0.0023068244124975603,0.0005846680025622672,0.009826917191257133,0.027948631834024268,0.0003785587663977672,0.009781048831393482,0.02908098644911963,0.0313856751445718,False,derived (not pre-registered): needed to score A4's first clause
MC_lig2d_ext_massaction,130363,all,EXPANDED_vs_BASE,BASE,EXPANDED,mae,0.1583592995054061,0.043544269491902855,0.32022976535935327,0.002599480103979204,76,131,79,5000,0.2830176451465896,56,0.21374045801526717,0.07360979974807805,0.011813445441129361,0.30490515356968284,0.03454470533360661,0.010970246810441108,0.2881767818841737,-0.06622335874874474,-0.10812443037285846,True,"A1 primary: does adding 61 sparse, chemically distant extractants help?"
MC_lig2d_ext_massaction,130363,all,EXPANDED_vs_BASE,BASE,EXPANDED,offset_mae,0.16423119174810477,0.0453226806974234,0.3339330911781036,0.0023995200959808036,78,131,79,5000,0.2828320484025178,56,0.21374045801526717,0.07586696491287317,0.013191667031671822,0.31527071646453775,0.03346684877826016,0.012199601325559417,0.29635550277824513,-0.07074588669704919,-0.10782969854367065,True,"A1 primary: does adding 61 sparse, chemically distant extractants help?"
MC_lig2d_ext_massaction,130363,all,EXPANDED_vs_BASE,BASE,EXPANDED,shape_mae,0.02615816195062798,-0.0017448625905557298,0.06236328632061164,0.03219356128774245,67,131,79,5000,0.051844679149893734,48,0.21374045801526717,0.017357806632091848,-0.008398576503872206,0.06071490040512816,0.13585098088383185,-0.00911717173218527,0.05521107927526326,-0.05668013317416303,-0.11401356338875228,True,"A1 primary: does adding 61 sparse, chemically distant extractants help?"
MC_lig2d_ext_massaction,130363,all,EXPANDED_ROWMATCHED_vs_BASE,BASE,EXPANDED_ROWMATCHED,mae,0.15508420521912,0.031063674190330192,0.3259315331641602,0.005198960207958408,78,131,79,5000,0.29121232508689293,58,0.21374045801526717,0.07906721335375744,-0.002326524725316581,0.3124949351635566,0.0533982498856176,-0.006974061571699159,0.2905973337246285,-0.08130424267046012,-0.11589201128723416,True,row-budget-matched depth control: help at BASE's row count?
MC_lig2d_ext_massaction,130363,all,EXPANDED_ROWMATCHED_vs_BASE,BASE,EXPANDED_ROWMATCHED,offset_mae,0.16065033983510382,0.03593507095342918,0.33826368610330004,0.003799240151969606,75,131,79,5000,0.29085307470285865,56,0.21374045801526717,0.08013775146446779,0.0011083322309083377,0.3201923474392993,0.04846767096523562,-0.000502282972935048,0.2995990778168189,-0.06572094093465736,-0.1133944991154747,True,row-budget-matched depth control: help at BASE's row count?
MC_lig2d_ext_massaction,130363,all,EXPANDED_ROWMATCHED_vs_BASE,BASE,EXPANDED_ROWMATCHED,shape_mae,0.02403833221987187,-0.0060750542846187,0.06262289657388581,0.060787842431513694,68,131,79,5000,0.0518646197565875,49,0.21374045801526717,0.018680237997694298,-0.013151164842542588,0.06122782928228633,0.20195874482481257,-0.015027678850240984,0.05423482274371052,-0.07225371305299153,-0.12010903209452073,True,row-budget-matched depth control: help at BASE's row count?
MC_lig2d_ext_massaction,130363,all,EXPANDED_vs_EXPANDED_SHUFFLED,EXPANDED_SHUFFLED,EXPANDED,mae,0.12643236200292576,-0.00035366791001966997,0.30631419735459425,0.02559488102379524,73,131,79,5000,0.2597296995092038,52,0.21374045801526717,0.07864096644090825,-0.03012977552447496,0.2829944995303265,0.11193800312454119,-0.03063080876484368,0.2667839804133534,-0.0752698620998299,-0.08791129029718713,True,A4 information null: is the gain information or just rows/regularisation?
MC_lig2d_ext_massaction,130363,all,EXPANDED_vs_EXPANDED_SHUFFLED,EXPANDED_SHUFFLED,EXPANDED,offset_mae,0.1296279144250543,-0.001559748431765863,0.31547806888662344,0.027794441111777646,71,131,79,5000,0.25948855879787247,51,0.21374045801526717,0.08138495004236511,-0.03239707481217416,0.2916529036622828,0.11525536446810698,-0.028632817604419176,0.2729813645146622,-0.07577261944530014,-0.08633120005319195,True,A4 information null: is the gain information or just rows/regularisation?
MC_lig2d_ext_massaction,130363,all,EXPANDED_vs_EXPANDED_SHUFFLED,EXPANDED_SHUFFLED,EXPANDED,shape_mae,0.025014583736498487,0.003924230524960627,0.05367020051010777,0.009598080383923215,74,131,79,5000,0.028728225527637694,46,0.21374045801526717,0.012070324067809465,0.000984414446492811,0.04904475302650416,0.04153164246699735,0.005050376798258634,0.056037521777149574,0.045134628481421316,0.005703924152928293,True,A4 information null: is the gain information or just rows/regularisation?
MC_lig2d_ext_massaction,130363,all,EXPANDED_SHUFFLED_vs_BASE,BASE,EXPANDED_SHUFFLED,mae,0.03192693750248032,-0.038750904591550395,0.10178062911454876,0.1829634073185363,67,131,79,5000,0.02328794563738572,42,0.21374045801526717,0.034466130414362285,-0.03668985720623431,0.10054373221119495,0.35713295142527907,-0.03781925834464671,0.10215708120342648,0.003007958465459176,0.002253600294095944,True,how much of the apparent gain survives destroying the new labels?
MC_lig2d_ext_massaction,130363,all,EXPANDED_SHUFFLED_vs_BASE,BASE,EXPANDED_SHUFFLED,offset_mae,0.034603277323050435,-0.047215410802450807,0.11748345703655969,0.20175964807038593,74,131,79,5000,0.023343489604645305,46,0.21374045801526717,0.04030123221385281,-0.045630312699397726,0.1148368673454986,0.3931833981775658,-0.04688937681651378,0.11756226578641675,0.004010615991203968,-0.0009954725250517103,True,how much of the apparent gain survives destroying the new labels?
MC_lig2d_ext_massaction,130363,all,EXPANDED_SHUFFLED_vs_BASE,BASE,EXPANDED_SHUFFLED,shape_mae,0.0011435782141294966,-0.025789657944942906,0.037242316392663885,0.46030793841231754,56,131,79,5000,0.023116453622256034,41,0.21374045801526717,0.015902549367806055,-0.030515965581400392,0.03280312200965939,0.9428563098854466,-0.029591798787249816,0.032132952313636776,-0.029582527813948944,-0.06371010741325277,True,how much of the apparent gain survives destroying the new labels?
MC_lig2d_ext_massaction,130363,all,EXPANDED_vs_EXPANDED_ROWMATCHED,EXPANDED_ROWMATCHED,EXPANDED,mae,0.003275094286286059,-0.014482560795272215,0.01647512800759085,0.3775244951009798,69,131,79,5000,-0.008194679940303314,40,0.21374045801526717,0.008183981768356084,-0.013017961828453967,0.019568150401026087,0.6901152843274532,-0.011032198854754713,0.01989018750284126,0.060697654093910605,0.10086675182074767,False,derived (not pre-registered): needed to score A4's first clause
MC_lig2d_ext_massaction,130363,all,EXPANDED_vs_EXPANDED_ROWMATCHED,EXPANDED_ROWMATCHED,EXPANDED,offset_mae,0.003580851913000945,-0.013532214658730371,0.015664819479466022,0.3395320935812837,71,131,79,5000,-0.008021026300340885,41,0.21374045801526717,0.007459703816781971,-0.011270277564842824,0.018431981390844714,0.6325523174649382,-0.01123458708277055,0.017575341062006342,0.03409675013052478,0.06658191439227125,False,derived (not pre-registered): needed to score A4's first clause
MC_lig2d_ext_massaction,130363,all,EXPANDED_vs_EXPANDED_ROWMATCHED,EXPANDED_ROWMATCHED,EXPANDED,shape_mae,0.00211982973075611,-0.002867678789696306,0.005736452675568404,0.20295940811837632,64,131,79,5000,-1.994060669377339e-05,36,0.21374045801526717,0.0022204936585550543,-0.002300833560693167,0.0065404930222053865,0.3426960021890079,-0.0021175693762882177,0.006290854797401824,0.052161512171881946,0.060938108022031034,False,derived (not pre-registered): needed to score A4's first clause
MC_lig2d_ext_massaction,130363,nn<0.4,EXPANDED_vs_BASE,BASE,EXPANDED,mae,0.43281705268192405,0.20783485736750554,0.6777829478815506,0.0001999600079984003,27,37,35,5000,0.452768029184423,26,0.05405405405405406,0.12150778741414349,0.18588351887018636,0.6797505864936617,0.0011131211638393855,0.22320312895215877,0.6986225551076864,0.03861166738810863,0.012273986730078405,True,"A1 primary: does adding 61 sparse, chemically distant extractants help?"
MC_lig2d_ext_massaction,130363,nn<0.4,EXPANDED_vs_BASE,BASE,EXPANDED,offset_mae,0.40395687049405254,0.17010262020867256,0.6660521735534656,0.0001999600079984003,25,37,35,5000,0.4227157681951485,24,0.05405405405405406,0.12732420058397598,0.14520296295399948,0.6627107780341056,0.003197681231724703,0.18166474788666767,0.6815713735332753,0.024567428181125256,0.013249969477899248,True,"A1 primary: does adding 61 sparse, chemically distant extractants help?"
MC_lig2d_ext_massaction,130363,nn<0.4,EXPANDED_vs_BASE,BASE,EXPANDED,shape_mae,0.0852783499858243,0.039997731707145615,0.13739121706093524,0.0001999600079984003,25,37,35,5000,0.08951158112362732,24,0.05405405405405406,0.024660823017489272,0.035161527813275716,0.13539517215837288,0.0014820590300210481,0.0420351550959357,0.1412931907525631,0.02105723355782968,0.023932191322538057,True,"A1 primary: does adding 61 sparse, chemically distant extractants help?"
MC_lig2d_ext_massaction,130363,nn<0.4,EXPANDED_ROWMATCHED_vs_BASE,BASE,EXPANDED_ROWMATCHED,mae,0.4442088342453431,0.22223725707409017,0.6907161061631837,0.0001999600079984003,30,37,35,5000,0.4651854237824061,29,0.05405405405405406,0.1211199892087577,0.1980634012072239,0.6903542672834623,0.0008302328934105467,0.23227131918951763,0.7105444001103861,0.029582527813949083,0.015834490690146863,True,row-budget-matched depth control: help at BASE's row count?
MC_lig2d_ext_massaction,130363,nn<0.4,EXPANDED_ROWMATCHED_vs_BASE,BASE,EXPANDED_ROWMATCHED,offset_mae,0.41764256228835434,0.18409657307157348,0.6807329030921809,0.0001999600079984003,26,37,35,5000,0.4374530767890887,25,0.05405405405405406,0.12770227679851076,0.15812031143720934,0.6771648131394994,0.002464181630764748,0.1965826581232452,0.6972334956382529,0.019051527317045326,0.01613284194558545,True,row-budget-matched depth control: help at BASE's row count?
MC_lig2d_ext_massaction,130363,nn<0.4,EXPANDED_ROWMATCHED_vs_BASE,BASE,EXPANDED_ROWMATCHED,shape_mae,0.08302839164505815,0.038467354797626925,0.1336218634010382,0.0001999600079984003,25,37,35,5000,0.08697763062705177,24,0.05405405405405406,0.024164029438726618,0.03392117549521427,0.13213560779490202,0.0015740381441047926,0.04097494881670083,0.13752795710563281,0.021558673039087442,0.024691123287824333,True,row-budget-matched depth control: help at BASE's row count?
MC_lig2d_ext_massaction,130363,nn<0.4,EXPANDED_vs_EXPANDED_SHUFFLED,EXPANDED_SHUFFLED,EXPANDED,mae,0.4709846826401012,0.16431512504535553,0.7631399479475989,0.0007998400319936012,29,37,35,5000,0.4881787943066039,28,0.05405405405405406,0.1536897552962193,0.1586495213009757,0.7833198439792266,0.004249627611533793,0.16100413393654303,0.7626399980574793,0.007018616792533281,-0.007966103139058382,True,A4 information null: is the gain information or just rows/regularisation?
MC_lig2d_ext_massaction,130363,nn<0.4,EXPANDED_vs_EXPANDED_SHUFFLED,EXPANDED_SHUFFLED,EXPANDED,offset_mae,0.4901919105145501,0.17823642657372502,0.786992871265104,0.0007998400319936012,29,37,35,5000,0.512021313911815,28,0.05405405405405406,0.15745081878876097,0.1702133485435115,0.8101704724855887,0.0037398453208174055,0.17092237257656068,0.781931323232622,0.010528033237178323,-0.011419563049001115,True,A4 information null: is the gain information or just rows/regularisation?
MC_lig2d_ext_massaction,130363,nn<0.4,EXPANDED_vs_EXPANDED_SHUFFLED,EXPANDED_SHUFFLED,EXPANDED,shape_mae,0.014993554495857047,-0.021808553214130354,0.05476044516652149,0.22075584883023394,16,37,35,5000,0.014373471026965949,15,0.05405405405405406,0.019467790759981052,-0.024569756384660663,0.05455686537637476,0.44651627882246886,-0.018402927451853186,0.05877515425607155,0.03961508598957968,0.02721969664447678,True,A4 information null: is the gain information or just rows/regularisation?
MC_lig2d_ext_massaction,130363,nn<0.4,EXPANDED_SHUFFLED_vs_BASE,BASE,EXPANDED_SHUFFLED,mae,-0.03816762995817714,-0.21972582163815135,0.15054502458323016,0.6554689062187562,17,37,35,5000,-0.03541076512218078,16,0.05405405405405406,0.09582347395851305,-0.2329043587741147,0.15656909885776038,0.6928906014175318,-0.2195503672157339,0.15150686143593078,-0.0020053039636734648,0.0037433914284211475,True,how much of the apparent gain survives destroying the new labels?
MC_lig2d_ext_massaction,130363,nn<0.4,EXPANDED_SHUFFLED_vs_BASE,BASE,EXPANDED_SHUFFLED,offset_mae,-0.08623504002049753,-0.27917288414843267,0.11316332728414713,0.7970405918816237,15,37,35,5000,-0.08930554571666656,14,0.05405405405405406,0.10185661220112427,-0.29323258090393645,0.12076250086294141,0.40312032529727143,-0.2762864505834856,0.11967617677624354,-0.007519955698540524,0.013152246588150347,True,how much of the apparent gain survives destroying the new labels?
MC_lig2d_ext_massaction,130363,nn<0.4,EXPANDED_SHUFFLED_vs_BASE,BASE,EXPANDED_SHUFFLED,shape_mae,0.07028479548996726,0.029690560929728306,0.11699494476071594,0.0003999200159968006,24,37,35,5000,0.07513811009666138,23,0.05405405405405406,0.022220472534411864,0.02512736218746358,0.11544222879247093,0.003279968021894929,0.03170797944287578,0.12018312140655671,0.013536206042278273,0.022799291677355674,True,how much of the apparent gain survives destroying the new labels?
MC_lig2d_ext_massaction,130363,nn<0.4,EXPANDED_vs_EXPANDED_ROWMATCHED,EXPANDED_ROWMATCHED,EXPANDED,mae,-0.011391781563419119,-0.03749558653025169,0.01471129992199762,0.8108378324335133,15,37,35,5000,-0.012417394597982986,14,0.05405405405405406,0.013498971210073185,-0.03882499168652831,0.01604142855969007,0.4046239302821734,-0.035415161662831963,0.017119965579790692,0.04563647073493522,0.018703866153410856,False,derived (not pre-registered): needed to score A4's first clause
MC_lig2d_ext_massaction,130363,nn<0.4,EXPANDED_vs_EXPANDED_ROWMATCHED,EXPANDED_ROWMATCHED,EXPANDED,offset_mae,-0.013685691794301787,-0.04095780971786255,0.014512692292686353,0.8380323935212958,16,37,35,5000,-0.01473730859394023,15,0.05405405405405406,0.01431522319664505,-0.04277772553534133,0.015406341946737755,0.3458089160906249,-0.03951827982805678,0.016380438854802424,0.03409675013052478,0.018846242779404953,False,derived (not pre-registered): needed to score A4's first clause
MC_lig2d_ext_massaction,130363,nn<0.4,EXPANDED_vs_EXPANDED_ROWMATCHED,EXPANDED_ROWMATCHED,EXPANDED,shape_mae,0.0022499583407661347,-0.002841560169700349,0.007881013063402961,0.20575884823035392,19,37,35,5000,0.0025339504965755494,17,0.05405405405405406,0.0027149946905553808,-0.003267574711941796,0.0077674913934740655,0.41304541650937326,-0.00249136198637476,0.008360573658348707,0.026573386823392792,0.023222478453777996,False,derived (not pre-registered): needed to score A4's first clause
MC_lig2d_ext_massaction,130363,nn<0.6,EXPANDED_vs_BASE,BASE,EXPANDED,mae,0.21579119007147407,0.060600733952855104,0.4381140934795438,0.0011997600479904018,50,85,57,5000,0.3579038369459898,40,0.21176470588235294,0.09823976234676389,0.018993297928498687,0.41258908221444945,0.032206793723791906,0.025955771199587606,0.385514126277184,-0.08080126756095994,-0.09456928222997525,True,"A1 primary: does adding 61 sparse, chemically distant extractants help?"
MC_lig2d_ext_massaction,130363,nn<0.6,EXPANDED_vs_BASE,BASE,EXPANDED,offset_mae,0.2267091602021488,0.06597320811182353,0.4528186391176756,0.0007998400319936012,52,85,57,5000,0.3638721147614739,41,0.21176470588235294,0.10100183192225742,0.024378177817253904,0.4290401425870437,0.028762488038998127,0.03145647357327129,0.40508829403886515,-0.06672579327973212,-0.09540055290647562,True,"A1 primary: does adding 61 sparse, chemically distant extractants help?"
MC_lig2d_ext_massaction,130363,nn<0.6,EXPANDED_vs_BASE,BASE,EXPANDED,shape_mae,0.04434363018452034,0.01420174573412071,0.08718301488603517,0.0001999600079984003,48,85,57,5000,0.07225652992211312,36,0.21176470588235294,0.01926902729583213,0.005743130092918318,0.08294413027612235,0.025119510884112968,0.010499581932014551,0.08090533284764966,-0.017547298372150792,-0.07768760930866374,True,"A1 primary: does adding 61 sparse, chemically distant extractants help?"
MC_lig2d_ext_massaction,130363,nn<0.6,EXPANDED_ROWMATCHED_vs_BASE,BASE,EXPANDED_ROWMATCHED,mae,0.2144962597144883,0.05001977779798564,0.4463776253751475,0.002599480103979204,52,85,57,5000,0.3676170259220163,43,0.21176470588235294,0.10434281303928195,0.005472487915068047,0.42352003151390855,0.0444862427838384,0.009907955812157747,0.38994594782194175,-0.08633514637816161,-0.10331901003608737,True,row-budget-matched depth control: help at BASE's row count?
MC_lig2d_ext_massaction,130363,nn<0.6,EXPANDED_ROWMATCHED_vs_BASE,BASE,EXPANDED_ROWMATCHED,offset_mae,0.22219428878146275,0.051442370409930424,0.4611450726093781,0.003199360127974405,48,85,57,5000,0.37252189084202164,41,0.21176470588235294,0.1083384708353247,0.005166252586427694,0.4392223249764978,0.0449640503328433,0.004407027120344886,0.4084516930845539,-0.08180723834947223,-0.10482652861641359,True,row-budget-matched depth control: help at BASE's row count?
MC_lig2d_ext_massaction,130363,nn<0.6,EXPANDED_ROWMATCHED_vs_BASE,BASE,EXPANDED_ROWMATCHED,shape_mae,0.04188787413591459,0.010784063340218671,0.08516186479529005,0.0013997200559888023,48,85,57,5000,0.07105058143461,37,0.21176470588235294,0.019913724762340875,0.0019958898280641874,0.081779858443765,0.0399297745913945,0.00627705361230755,0.07840390325615262,-0.026071887453559334,-0.08468292754213787,True,row-budget-matched depth control: help at BASE's row count?
MC_lig2d_ext_massaction,130363,nn<0.6,EXPANDED_vs_EXPANDED_SHUFFLED,EXPANDED_SHUFFLED,EXPANDED,mae,0.16574787042372238,-0.008686499613132996,0.42967293360574277,0.03119376124775045,48,85,57,5000,0.31366303884612723,37,0.21176470588235294,0.10999211872039158,-0.0545928205493153,0.38608856139676007,0.13745531537014152,-0.04258299639126579,0.37998487682890636,-0.03660494579591264,-0.07501728431004771,True,A4 information null: is the gain information or just rows/regularisation?
MC_lig2d_ext_massaction,130363,nn<0.6,EXPANDED_vs_EXPANDED_SHUFFLED,EXPANDED_SHUFFLED,EXPANDED,offset_mae,0.1753529437369197,-0.006892897744094151,0.4476268298494721,0.03119376124775045,49,85,57,5000,0.33723378526118963,39,0.21176470588235294,0.11420233564361026,-0.053421825211892066,0.40412771268573144,0.13030234934781815,-0.03745803374795415,0.4034691075279416,-0.026071887453559334,-0.07719948497406484,True,A4 information null: is the gain information or just rows/regularisation?
MC_lig2d_ext_massaction,130363,nn<0.6,EXPANDED_vs_EXPANDED_SHUFFLED,EXPANDED_SHUFFLED,EXPANDED,shape_mae,0.019893700712657246,-0.0057783313242990375,0.045174238918000466,0.0651869626074785,45,85,57,5000,0.01604931934270551,29,0.21176470588235294,0.012314637717467982,-0.00477548300083443,0.04456288442614892,0.11183363385200412,-0.004428545719270485,0.04800795903456351,0.02105723355782968,0.027055875610692257,True,A4 information null: is the gain information or just rows/regularisation?
MC_lig2d_ext_massaction,130363,nn<0.6,EXPANDED_SHUFFLED_vs_BASE,BASE,EXPANDED_SHUFFLED,mae,0.05004331964775172,-0.05348234326891662,0.15104044097325448,0.16356728654269145,45,85,57,5000,0.04424079809986266,31,0.21176470588235294,0.04859935225282612,-0.047312881694740606,0.14739952099024406,0.3075724044731958,-0.05125306556819939,0.15271644625915362,0.020555799371180145,0.0007579661811462539,True,how much of the apparent gain survives destroying the new labels?
MC_lig2d_ext_massaction,130363,nn<0.6,EXPANDED_SHUFFLED_vs_BASE,BASE,EXPANDED_SHUFFLED,offset_mae,0.05135621646522909,-0.06744441928267454,0.1586635425583792,0.1865626874625075,46,85,57,5000,0.026638329500284358,30,0.21176470588235294,0.05385963824696388,-0.05653760397350517,0.15925003690396333,0.34442476816139583,-0.0626279141807598,0.1605750354376012,0.015541720951108279,0.003072051516665856,True,how much of the apparent gain survives destroying the new labels?
MC_lig2d_ext_massaction,130363,nn<0.6,EXPANDED_SHUFFLED_vs_BASE,BASE,EXPANDED_SHUFFLED,shape_mae,0.024449929471863096,-0.007301907182520953,0.06807165648776675,0.07398520295940812,44,85,57,5000,0.05620721057940762,35,0.21176470588235294,0.020074445597468557,-0.01576401735728231,0.0646638763010085,0.22834502120956626,-0.014461552873980588,0.06033755150467064,-0.04362916941356756,-0.09190800242131139,True,how much of the apparent gain survives destroying the new labels?
MC_lig2d_ext_massaction,130363,nn<0.6,EXPANDED_vs_EXPANDED_ROWMATCHED,EXPANDED_ROWMATCHED,EXPANDED,mae,0.0012949303569858017,-0.02153863619624082,0.01857988550321095,0.4767046590681864,43,85,57,5000,-0.009713188976026407,26,0.21176470588235294,0.010458150598141277,-0.01965526276505403,0.022245123479025634,0.9019009968705178,-0.016795071539128476,0.0215135270515804,0.054671719780786804,0.08770064476964787,False,derived (not pre-registered): needed to score A4's first clause
MC_lig2d_ext_massaction,130363,nn<0.6,EXPANDED_vs_EXPANDED_ROWMATCHED,EXPANDED_ROWMATCHED,EXPANDED,offset_mae,0.004514871420686053,-0.02110482325044497,0.023665581296708257,0.3823235352929414,46,85,57,5000,-0.008649776080547684,28,0.21176470588235294,0.011813656541956383,-0.019150726402644515,0.02818046924401662,0.7037789096698631,-0.015822962461099942,0.028216967487943986,0.0697407586881798,0.09474510019736719,False,derived (not pre-registered): needed to score A4's first clause
MC_lig2d_ext_massaction,130363,nn<0.6,EXPANDED_vs_EXPANDED_ROWMATCHED,EXPANDED_ROWMATCHED,EXPANDED,shape_mae,0.002455756048605746,-0.0019869038510320403,0.0061936755733282695,0.13857228554289142,41,85,57,5000,0.0012059484875031328,25,0.21176470588235294,0.0020581579065535403,-0.0016672296756209985,0.006578741772832491,0.2378290012135679,-0.0017638590447656283,0.006481966025932324,-0.0040106159912038294,0.02966536532401234,False,derived (not pre-registered): needed to score A4's first clause
MC_lig2d_ext_massaction,155921,all,EXPANDED_vs_BASE,BASE,EXPANDED,mae,0.16534637444705572,0.0052515837706278165,0.376997348485392,0.020795840831833633,78,131,79,5000,0.3364691927304468,52,0.21374045801526717,0.10137607957247703,-0.036477896417430905,0.3671706453115423,0.10691772408586604,-0.05933415714937006,0.3306887853299952,-0.0928786087772564,-0.1265503341143841,True,"A1 primary: does adding 61 sparse, chemically distant extractants help?"
MC_lig2d_ext_massaction,155921,all,EXPANDED_vs_BASE,BASE,EXPANDED,offset_mae,0.19489070022419264,0.03680251943340414,0.40844422144969417,0.00599880023995201,83,131,79,5000,0.3623578646727447,55,0.21374045801526717,0.09942445326283827,-0.003048181122333904,0.3928295815707192,0.05354491484573542,-0.015723339395023513,0.3637280662973673,-0.07677819172498321,-0.11905301174297234,True,"A1 primary: does adding 61 sparse, chemically distant extractants help?"
MC_lig2d_ext_massaction,155921,all,EXPANDED_vs_BASE,BASE,EXPANDED,shape_mae,0.01835846949688542,-0.008614671946181865,0.054461131426092185,0.10397920415916817,74,131,79,5000,0.040846152488851595,51,0.21374045801526717,0.01692015461782246,-0.015326970727847018,0.05204390972161786,0.2812611419656201,-0.015144079245539968,0.04825141645526352,-0.04965163319757251,-0.09531555758647522,True,"A1 primary: does adding 61 sparse, chemically distant extractants help?"
MC_lig2d_ext_massaction,155921,all,EXPANDED_ROWMATCHED_vs_BASE,BASE,EXPANDED_ROWMATCHED,mae,0.16281057378646768,0.0005656083805183519,0.3770215846535816,0.024795040991801638,78,131,79,5000,0.33259828862087676,51,0.21374045801526717,0.10261272373902858,-0.04147566649216117,0.36709681406509653,0.11663764612210481,-0.06346990638384874,0.3300139975116291,-0.09388564134428469,-0.12704183110658426,True,row-budget-matched depth control: help at BASE's row count?
MC_lig2d_ext_massaction,155921,all,EXPANDED_ROWMATCHED_vs_BASE,BASE,EXPANDED_ROWMATCHED,offset_mae,0.19457804680902996,0.032148489328355276,0.4153735753495758,0.007598480303939212,86,131,79,5000,0.3653285115316544,56,0.21374045801526717,0.10218531535454414,-0.008857288740162506,0.3980133823582224,0.060575875284116426,-0.027088266845099226,0.36461835481185384,-0.08180723834947223,-0.12135785199812954,True,row-budget-matched depth control: help at BASE's row count?
MC_lig2d_ext_massaction,155921,all,EXPANDED_ROWMATCHED_vs_BASE,BASE,EXPANDED_ROWMATCHED,shape_mae,0.018052456646380544,-0.00960303383732803,0.05589499243631084,0.11897620475904819,74,131,79,5000,0.04004552615421287,48,0.21374045801526717,0.017465117519648965,-0.016717921374064307,0.0528228346668254,0.3045036833562926,-0.016598012884883575,0.04922106866345156,-0.045134628481421316,-0.09498542098240519,True,row-budget-matched depth control: help at BASE's row count?
MC_lig2d_ext_massaction,155921,all,EXPANDED_vs_EXPANDED_SHUFFLED,EXPANDED_SHUFFLED,EXPANDED,mae,0.19922581876279297,0.03595661861944607,0.4270666843882403,0.006798640271945611,80,131,79,5000,0.38300373012801653,56,0.21374045801526717,0.10367022664819385,-0.007165748082807399,0.40561738560839333,0.058292702513774185,-0.018758752224420066,0.37503001207860487,-0.08834811272693276,-0.1171339436412914,True,A4 information null: is the gain information or just rows/regularisation?
MC_lig2d_ext_massaction,155921,all,EXPANDED_vs_EXPANDED_SHUFFLED,EXPANDED_SHUFFLED,EXPANDED,offset_mae,0.24084341465799208,0.0755513928668763,0.4698808791492367,0.0009998000399920016,84,131,79,5000,0.425598290673971,58,0.21374045801526717,0.10484593399027381,0.03211119429663145,0.4495756350193527,0.0242946102566713,0.02400992192138089,0.41978830192904687,-0.0848256516072643,-0.11536496004778368,True,A4 information null: is the gain information or just rows/regularisation?
MC_lig2d_ext_massaction,155921,all,EXPANDED_vs_EXPANDED_SHUFFLED,EXPANDED_SHUFFLED,EXPANDED,shape_mae,0.04327570172549253,0.01629133286840371,0.0832646920312569,0.0001999600079984003,74,131,79,5000,0.06429035692580606,48,0.21374045801526717,0.01744537194144864,0.00854463413152979,0.07800676931945527,0.015267831505833088,0.010747825082956157,0.07632243356174552,-0.04312737186562014,-0.0741776258290968,True,A4 information null: is the gain information or just rows/regularisation?
MC_lig2d_ext_massaction,155921,all,EXPANDED_SHUFFLED_vs_BASE,BASE,EXPANDED_SHUFFLED,mae,-0.033879444315737285,-0.09811822016998036,0.024480313227690634,0.8798240351929614,56,131,79,5000,-0.04653453739756969,41,0.21374045801526717,0.029412047568989016,-0.09243433300620908,0.024675444374734512,0.2528846894513136,-0.09621883241023595,0.02562765703133673,0.028077925538198285,-0.004448527748872876,True,how much of the apparent gain survives destroying the new labels?
MC_lig2d_ext_massaction,155921,all,EXPANDED_SHUFFLED_vs_BASE,BASE,EXPANDED_SHUFFLED,offset_mae,-0.04595271443379945,-0.12117869790737353,0.0170657539920363,0.9318136372725455,59,131,79,5000,-0.06324042600122612,38,0.21374045801526717,0.03237796517602735,-0.1104122914985805,0.018506862630981592,0.15980756264345497,-0.11808055601684016,0.017745518275578083,0.0220601179411501,-0.0032468801505425543,True,how much of the apparent gain survives destroying the new labels?
MC_lig2d_ext_massaction,155921,all,EXPANDED_SHUFFLED_vs_BASE,BASE,EXPANDED_SHUFFLED,shape_mae,-0.024917232228607113,-0.049910000392714524,-0.00021902490851289128,0.9754049190161967,53,131,79,5000,-0.023444204436954476,32,0.21374045801526717,0.011831461494374675,-0.048471862664441326,-0.0013626017927729044,0.03841965499019381,-0.04892669031910027,0.0008899047558801136,0.026071887453559196,0.004204146594666135,True,how much of the apparent gain survives destroying the new labels?
MC_lig2d_ext_massaction,155921,all,EXPANDED_vs_EXPANDED_ROWMATCHED,EXPANDED_ROWMATCHED,EXPANDED,mae,0.002535800660587972,-0.009951578965303303,0.013890304878646766,0.3275344931013797,64,131,79,5000,0.0038709041095700124,38,0.21374045801526717,0.005795283709239452,-0.009001722924883535,0.014073324246059477,0.6629124467218068,-0.010239081046246695,0.013644657323769831,-0.009525331483604746,-0.009680820433446393,False,derived (not pre-registered): needed to score A4's first clause
MC_lig2d_ext_massaction,155921,all,EXPANDED_vs_EXPANDED_ROWMATCHED,EXPANDED_ROWMATCHED,EXPANDED,offset_mae,0.0003126534151626696,-0.015744431479911773,0.013848695496876647,0.4887022595480904,62,131,79,5000,-0.0029706468589097046,33,0.21374045801526717,0.007320469126196129,-0.014261281087051374,0.014886587917376713,0.9660422672850074,-0.014437691676751132,0.014558825962762176,0.010026681100274765,0.024290951100979,False,derived (not pre-registered): needed to score A4's first clause
MC_lig2d_ext_massaction,155921,all,EXPANDED_vs_EXPANDED_ROWMATCHED,EXPANDED_ROWMATCHED,EXPANDED,shape_mae,0.0003060128505048808,-0.004467046901360307,0.005107518788743361,0.46170765846830636,57,131,79,5000,0.0008006263346387174,32,0.21374045801526717,0.0023103824858409124,-0.004293605349265367,0.004905631050275128,0.8949685374963051,-0.003990467910541858,0.005734926202523514,0.028579452399323784,0.029301019661457733,False,derived (not pre-registered): needed to score A4's first clause
MC_lig2d_ext_massaction,155921,nn<0.4,EXPANDED_vs_BASE,BASE,EXPANDED,mae,0.5650536172577244,0.30445355911695765,0.8539833597056878,0.0001999600079984003,31,38,34,5000,0.6187123888858763,28,0.10526315789473684,0.1363177314563707,0.28771310729614735,0.8423941272193014,0.00022244904031462853,0.2994063361170968,0.8485585048226951,0.0025066308995717666,-0.011340931721585713,True,"A1 primary: does adding 61 sparse, chemically distant extractants help?"
MC_lig2d_ext_massaction,155921,nn<0.4,EXPANDED_vs_BASE,BASE,EXPANDED,offset_mae,0.5895810334556565,0.317551945520795,0.8952685476656308,0.0001999600079984003,30,38,34,5000,0.6459312831500933,27,0.10526315789473684,0.14360786772187997,0.29740862974141064,0.8817534371699023,0.0002491453146217026,0.3059738790170963,0.8867800480138894,0.0010026514778481883,-0.013740536039018954,True,"A1 primary: does adding 61 sparse, chemically distant extractants help?"
MC_lig2d_ext_massaction,155921,nn<0.4,EXPANDED_vs_BASE,BASE,EXPANDED,shape_mae,0.06429489081415707,0.02568115384674167,0.10921729237362891,0.0007998400319936012,28,38,34,5000,0.06756892204099446,24,0.10526315789473684,0.020966600710693145,0.0216380209327397,0.10695176069557444,0.004300871176841284,0.027431939200127996,0.1124358070596221,0.009525331483604746,0.02496494600887065,True,"A1 primary: does adding 61 sparse, chemically distant extractants help?"
MC_lig2d_ext_massaction,155921,nn<0.4,EXPANDED_ROWMATCHED_vs_BASE,BASE,EXPANDED_ROWMATCHED,mae,0.577135881698943,0.31526664792482983,0.8680503863986903,0.0001999600079984003,31,38,34,5000,0.6310491979772097,28,0.10526315789473684,0.1371940332390239,0.2980125223553759,0.8562592410425102,0.00018643206434857185,0.3100829227096998,0.8598822746979677,-0.0025066308995717666,-0.011170900700964272,True,row-budget-matched depth control: help at BASE's row count?
MC_lig2d_ext_massaction,155921,nn<0.4,EXPANDED_ROWMATCHED_vs_BASE,BASE,EXPANDED_ROWMATCHED,offset_mae,0.5984134788590211,0.3238702448240249,0.9049377210483963,0.0001999600079984003,30,38,34,5000,0.6555612780755493,27,0.10526315789473684,0.14479543087669963,0.30382495973960744,0.8930019979784347,0.00023042081147404484,0.31552768217508004,0.8958760115078437,-0.0040106159912038294,-0.012974833524461321,True,row-budget-matched depth control: help at BASE's row count?
MC_lig2d_ext_massaction,155921,nn<0.4,EXPANDED_ROWMATCHED_vs_BASE,BASE,EXPANDED_ROWMATCHED,shape_mae,0.07095408147916492,0.03194165247371541,0.11588495143493208,0.0001999600079984003,28,38,34,5000,0.07422879529691251,24,0.10526315789473684,0.021003547371904487,0.028222043050323393,0.11368611990800645,0.0018857712494694653,0.033544233318337405,0.11857649488233214,0.009023984261129213,0.02518310620643729,True,row-budget-matched depth control: help at BASE's row count?
MC_lig2d_ext_massaction,155921,nn<0.4,EXPANDED_vs_EXPANDED_SHUFFLED,EXPANDED_SHUFFLED,EXPANDED,mae,0.648950847079215,0.33528260028685447,1.000507535992297,0.0001999600079984003,28,38,34,5000,0.723974048714098,27,0.10526315789473684,0.17014000916944333,0.30279839571581185,0.9951032984426182,0.0005682636571333225,0.32423323726823183,0.9825428162014097,-0.02256156839022472,-0.01227037750123712,True,A4 information null: is the gain information or just rows/regularisation?
MC_lig2d_ext_massaction,155921,nn<0.4,EXPANDED_vs_EXPANDED_SHUFFLED,EXPANDED_SHUFFLED,EXPANDED,offset_mae,0.6947028705134567,0.3746168928965265,1.061656248486889,0.0001999600079984003,26,38,34,5000,0.7800462858618061,26,0.10526315789473684,0.17459604535057763,0.3394845453735481,1.0499211956533654,0.0003571953805966188,0.3586492650872981,1.0399146573095792,-0.02356448643428617,-0.01751256260391984,True,A4 information null: is the gain information or just rows/regularisation?
MC_lig2d_ext_massaction,155921,nn<0.4,EXPANDED_vs_EXPANDED_SHUFFLED,EXPANDED_SHUFFLED,EXPANDED,shape_mae,0.08814067925655582,0.03078990501429199,0.15931901998032522,0.0007998400319936012,23,38,34,5000,0.09409393309931391,22,0.10526315789473684,0.032732262907081894,0.02154638965196415,0.1547349688611475,0.011046443598707175,0.03267121852375153,0.16169508455069134,-0.015040336678635672,0.027825127207249792,True,A4 information null: is the gain information or just rows/regularisation?
MC_lig2d_ext_massaction,155921,nn<0.4,EXPANDED_SHUFFLED_vs_BASE,BASE,EXPANDED_SHUFFLED,mae,-0.08389722982149066,-0.2499386280322668,0.0632781846298517,0.8630273945210958,21,38,34,5000,-0.10526165982822153,18,0.10526315789473684,0.0811582617681352,-0.2490149549031595,0.0812204952601782,0.308770441998418,-0.24705718222356512,0.06445072033292265,0.013034836136889385,-0.0012390329271534683,True,how much of the apparent gain survives destroying the new labels?
MC_lig2d_ext_massaction,155921,nn<0.4,EXPANDED_SHUFFLED_vs_BASE,BASE,EXPANDED_SHUFFLED,offset_mae,-0.10512183705780037,-0.2768252010511286,0.041458499711506315,0.9156168766246751,20,38,34,5000,-0.1341150027117128,17,0.10526315789473684,0.08136905501847976,-0.2706684242318943,0.06042475011629356,0.20536168247227532,-0.2669909557387741,0.04721128556651635,0.04262558517694437,0.004529128755223079,True,how much of the apparent gain survives destroying the new labels?
MC_lig2d_ext_massaction,155921,nn<0.4,EXPANDED_SHUFFLED_vs_BASE,BASE,EXPANDED_SHUFFLED,shape_mae,-0.02384578844239874,-0.0898776483589039,0.03694785395941341,0.7768446310737852,19,38,34,5000,-0.02652501105831946,16,0.10526315789473684,0.03247671953030686,-0.08992017113777974,0.04222859425298227,0.46798629742115144,-0.08740983218016543,0.04075575906649474,0.0461383244820596,0.0038540474842888397,True,how much of the apparent gain survives destroying the new labels?
MC_lig2d_ext_massaction,155921,nn<0.4,EXPANDED_vs_EXPANDED_ROWMATCHED,EXPANDED_ROWMATCHED,EXPANDED,mae,-0.012082264441218755,-0.029995030939407207,0.006579093779781354,0.8982203559288142,18,38,34,5000,-0.012336809091333363,14,0.10526315789473684,0.009291370098897227,-0.030985699041688537,0.006821170159251027,0.20248128527332274,-0.02988414225990232,0.006831184602764808,0.003007958465459176,0.0027218510391866903,False,derived (not pre-registered): needed to score A4's first clause
MC_lig2d_ext_massaction,155921,nn<0.4,EXPANDED_vs_EXPANDED_ROWMATCHED,EXPANDED_ROWMATCHED,EXPANDED,offset_mae,-0.008832445403364803,-0.030697732839020817,0.013666531594693396,0.7914417116576684,18,38,34,5000,-0.00962999492545602,14,0.10526315789473684,0.011083100964180798,-0.03138118385816615,0.013716293051436542,0.4311888657077926,-0.029800192465674887,0.014896123977706916,0.021558673039087442,0.0145113356861128,False,derived (not pre-registered): needed to score A4's first clause
MC_lig2d_ext_massaction,155921,nn<0.4,EXPANDED_vs_EXPANDED_ROWMATCHED,EXPANDED_ROWMATCHED,EXPANDED,shape_mae,-0.006659190665007827,-0.011992691216500224,-0.001380197430595206,0.9928014397120576,13,38,34,5000,-0.006659873255918068,11,0.10526315789473684,0.0026558071552019243,-0.012062470949341552,-0.0012559103806741032,0.01726177338564663,-0.012452310644087722,-0.0016999437206455525,-0.02757640573939172,-0.01570559554469576,False,derived (not pre-registered): needed to score A4's first clause
MC_lig2d_ext_massaction,155921,nn<0.6,EXPANDED_vs_BASE,BASE,EXPANDED,mae,0.23967604206854876,-0.015100531382328941,0.537916972739451,0.033393321335732855,54,86,58,5000,0.4530909043658476,43,0.1744186046511628,0.14993705782956118,-0.06056773730286574,0.5399198214399632,0.11545849894404116,-0.09383652152664619,0.47204789011908505,-0.08381942934025638,-0.12520418153840449,True,"A1 primary: does adding 61 sparse, chemically distant extractants help?"
MC_lig2d_ext_massaction,155921,nn<0.6,EXPANDED_vs_BASE,BASE,EXPANDED,offset_mae,0.26632961801400507,0.008818292353435071,0.5786452904503578,0.022595480903819236,55,86,58,5000,0.48771379519218405,44,0.1744186046511628,0.15408632893112617,-0.04222293341952765,0.5748821694475378,0.08932262481601644,-0.07389729605312531,0.5079267648214485,-0.08532879488562903,-0.1226965772118971,True,"A1 primary: does adding 61 sparse, chemically distant extractants help?"
MC_lig2d_ext_massaction,155921,nn<0.6,EXPANDED_vs_BASE,BASE,EXPANDED,shape_mae,0.035709325924876766,0.002610894691899086,0.07885708127898278,0.016596680663867228,53,86,58,5000,0.05632894698427265,39,0.1744186046511628,0.019581457805768865,-0.0035018669737396577,0.07492051882349318,0.0734524938417068,-0.00025203135328656737,0.07460193480678742,-0.00852263930681318,-0.04264733598151697,True,"A1 primary: does adding 61 sparse, chemically distant extractants help?"
MC_lig2d_ext_massaction,155921,nn<0.6,EXPANDED_ROWMATCHED_vs_BASE,BASE,EXPANDED_ROWMATCHED,mae,0.23806455815873045,-0.023695634699380717,0.5414189725593082,0.03799240151969606,54,86,58,5000,0.45340256767264825,42,0.1744186046511628,0.15352520799263233,-0.06936436797698342,0.5454934842944443,0.1265195391438365,-0.10493811024830124,0.47369660676108183,-0.0848256516072643,-0.12657122589885622,True,row-budget-matched depth control: help at BASE's row count?
MC_lig2d_ext_massaction,155921,nn<0.6,EXPANDED_ROWMATCHED_vs_BASE,BASE,EXPANDED_ROWMATCHED,offset_mae,0.2609495999182951,-0.0010077289655931131,0.574205473779186,0.02539492101579684,56,86,58,5000,0.4852457851261799,44,0.1744186046511628,0.15769475649457068,-0.054828703073388885,0.576727902909979,0.10346655458325787,-0.08714432432498213,0.5094120835995182,-0.07878957024029087,-0.12357935549078228,True,row-budget-matched depth control: help at BASE's row count?
MC_lig2d_ext_massaction,155921,nn<0.6,EXPANDED_ROWMATCHED_vs_BASE,BASE,EXPANDED_ROWMATCHED,shape_mae,0.039073803367094546,0.004027011877362594,0.08387903880643774,0.011597680463907219,52,86,58,5000,0.060362741418356736,36,0.1744186046511628,0.020600611078873815,-0.0021782087586379104,0.080325815492827,0.06293478348606535,0.0008080143339487632,0.07918757160582343,-0.016544501343174617,-0.0521842138430808,True,row-budget-matched depth control: help at BASE's row count?
MC_lig2d_ext_massaction,155921,nn<0.6,EXPANDED_vs_EXPANDED_SHUFFLED,EXPANDED_SHUFFLED,EXPANDED,mae,0.2660582249946987,0.017006281053468655,0.5784189272440754,0.015596880623875225,55,86,58,5000,0.487898109652091,45,0.1744186046511628,0.14938317313144364,-0.03307641940030559,0.565192869389703,0.08023359256102668,-0.05457059413619207,0.504075171432962,-0.08834811272693276,-0.11109182086309233,True,A4 information null: is the gain information or just rows/regularisation?
MC_lig2d_ext_massaction,155921,nn<0.6,EXPANDED_vs_EXPANDED_SHUFFLED,EXPANDED_SHUFFLED,EXPANDED,offset_mae,0.3066027131933703,0.04699426723572618,0.6307023004994362,0.007798440311937612,53,86,58,5000,0.5462866567964263,45,0.1744186046511628,0.1556505902986217,-0.005082217597875527,0.6182876439846161,0.05372570687577675,-0.02941439086585588,0.5572280147908814,-0.07929246436054652,-0.11325301469837527,True,A4 information null: is the gain information or just rows/regularisation?
MC_lig2d_ext_massaction,155921,nn<0.6,EXPANDED_vs_EXPANDED_SHUFFLED,EXPANDED_SHUFFLED,EXPANDED,shape_mae,0.05651024971010625,0.021964250272415085,0.10380073466761679,0.0001999600079984003,50,86,58,5000,0.07693954827238626,39,0.1744186046511628,0.021153447270529868,0.014151202205936561,0.09886929721427594,0.009827979617403712,0.02002036100601921,0.10020910414771905,-0.013536206042278412,-0.02855575324635588,True,A4 information null: is the gain information or just rows/regularisation?
MC_lig2d_ext_massaction,155921,nn<0.6,EXPANDED_SHUFFLED_vs_BASE,BASE,EXPANDED_SHUFFLED,mae,-0.02638218292614992,-0.11494612314150125,0.06144043017783895,0.7274545090981803,40,86,58,5000,-0.034807205286243384,32,0.1744186046511628,0.04277202327568377,-0.11203168215969765,0.0592673163073978,0.5398164757210046,-0.11700662982534137,0.06055954091119627,0.00150397753176512,-0.004623214783900043,True,how much of the apparent gain survives destroying the new labels?
MC_lig2d_ext_massaction,155921,nn<0.6,EXPANDED_SHUFFLED_vs_BASE,BASE,EXPANDED_SHUFFLED,offset_mae,-0.040273095179365226,-0.13656260011458654,0.052820210125067595,0.8106378724255149,40,86,58,5000,-0.05857286160424216,31,0.1744186046511628,0.04594969662043918,-0.1322857755266954,0.05173958516796494,0.3844586294719972,-0.13741162172141444,0.05245897446087943,-0.0010026514778483275,-0.002628044135974844,True,how much of the apparent gain survives destroying the new labels?
MC_lig2d_ext_massaction,155921,nn<0.6,EXPANDED_SHUFFLED_vs_BASE,BASE,EXPANDED_SHUFFLED,shape_mae,-0.02080092378522947,-0.05410021074016737,0.012020725511284592,0.8926214757048591,37,86,58,5000,-0.02061060128811362,24,0.1744186046511628,0.016699604884145625,-0.05424130574953848,0.012639458179079542,0.2180094973952084,-0.053315519818014155,0.013053133930678354,0.015541720951108279,0.0064607719498838015,True,how much of the apparent gain survives destroying the new labels?
MC_lig2d_ext_massaction,155921,nn<0.6,EXPANDED_vs_EXPANDED_ROWMATCHED,EXPANDED_ROWMATCHED,EXPANDED,mae,0.0016114839098183334,-0.01556955415552939,0.01603454754431045,0.4169166166766647,45,86,58,5000,-0.0003116633068006705,28,0.1744186046511628,0.008171249774137914,-0.014751161522132279,0.017974129341768945,0.8443617298817527,-0.015888831597745217,0.015769795633065072,-0.019051527317045184,-0.00038309365737115056,False,derived (not pre-registered): needed to score A4's first clause
MC_lig2d_ext_massaction,155921,nn<0.6,EXPANDED_vs_EXPANDED_ROWMATCHED,EXPANDED_ROWMATCHED,EXPANDED,offset_mae,0.005380018095709945,-0.013975757650553632,0.02225119926312376,0.27954409118176365,45,86,58,5000,0.002468010066004213,28,0.1744186046511628,0.009220921494472034,-0.013084558699804318,0.023844594891224206,0.5618868431877868,-0.014062851378112045,0.02216786309527223,-0.009023984261129074,0.0004660199789236796,False,derived (not pre-registered): needed to score A4's first clause
MC_lig2d_ext_massaction,155921,nn<0.6,EXPANDED_vs_EXPANDED_ROWMATCHED,EXPANDED_ROWMATCHED,EXPANDED,shape_mae,-0.0033644774422177805,-0.008436208080063927,0.0009466294649871053,0.9322135572885423,31,86,58,5000,-0.004033794434084089,20,0.1744186046511628,0.0024273113727052626,-0.00822508462500431,0.001496129740568748,0.17111746551833615,-0.008081739666230601,0.001331223719285028,0.003007958465459176,0.03654127559974657,False,derived (not pre-registered): needed to score A4's first clause
MC_lig2d_ext_massaction,196613,all,EXPANDED_vs_BASE,BASE,EXPANDED,mae,0.16012003954954052,0.057152595506688005,0.30987830517775417,0.0005998800239952009,77,131,79,5000,0.27301800527502296,51,0.21374045801526717,0.06483228542956987,0.031048874137718452,0.2891912049613626,0.015704525162624293,0.03774932473605318,0.2856454151672979,-0.03409675013052492,-0.08180050228512976,True,"A1 primary: does adding 61 sparse, chemically distant extractants help?"
MC_lig2d_ext_massaction,196613,all,EXPANDED_vs_BASE,BASE,EXPANDED,offset_mae,0.17658986576285224,0.07512678355183813,0.3247179899313256,0.0001999600079984003,80,131,79,5000,0.2775723113916149,49,0.21374045801526717,0.06260724820241514,0.051948409192708045,0.30123132233299643,0.00607586401989738,0.06434473201133542,0.3041241568692997,-0.017547298372150792,-0.060791542686576064,True,"A1 primary: does adding 61 sparse, chemically distant extractants help?"
MC_lig2d_ext_massaction,196613,all,EXPANDED_vs_BASE,BASE,EXPANDED,shape_mae,0.0230268385131112,-0.005341956855794098,0.05928367644058175,0.0627874425114977,76,131,79,5000,0.048303217810113964,55,0.21374045801526717,0.018006785735954628,-0.012821918088034234,0.058875595114256635,0.20476384391968383,-0.01576653294307699,0.05208741611391944,-0.0687357011322444,-0.12239869795671975,True,"A1 primary: does adding 61 sparse, chemically distant extractants help?"
MC_lig2d_ext_massaction,196613,all,EXPANDED_ROWMATCHED_vs_BASE,BASE,EXPANDED_ROWMATCHED,mae,0.1708553646708402,0.0707322247543879,0.3205419663813521,0.0001999600079984003,71,131,79,5000,0.28384573874373603,47,0.21374045801526717,0.06356775330098315,0.04430168934063322,0.2974090400010472,0.008789719626532067,0.05364719147438078,0.29841674798447354,-0.02908098644911949,-0.0751772095892745,True,row-budget-matched depth control: help at BASE's row count?
MC_lig2d_ext_massaction,196613,all,EXPANDED_ROWMATCHED_vs_BASE,BASE,EXPANDED_ROWMATCHED,offset_mae,0.18401156018863982,0.08557618074911276,0.3326614616215797,0.0001999600079984003,77,131,79,5000,0.2825714882639022,51,0.21374045801526717,0.06055030956907095,0.06346515386741444,0.3045579665098652,0.0032294263724778043,0.07783405085961002,0.3142043897916677,-0.005013277548926657,-0.04677666310112832,True,row-budget-matched depth control: help at BASE's row count?
MC_lig2d_ext_massaction,196613,all,EXPANDED_ROWMATCHED_vs_BASE,BASE,EXPANDED_ROWMATCHED,shape_mae,0.02122998476283533,-0.012709586438768062,0.062188625227123685,0.125374925014997,73,131,79,5000,0.05135112444294037,51,0.21374045801526717,0.021356844467628765,-0.02128822644461057,0.06374819597028122,0.32326750045807057,-0.025210058489967893,0.05398269147567755,-0.08180723834947223,-0.13558087930200563,True,row-budget-matched depth control: help at BASE's row count?
MC_lig2d_ext_massaction,196613,all,EXPANDED_vs_EXPANDED_SHUFFLED,EXPANDED_SHUFFLED,EXPANDED,mae,0.17771771279694087,0.0805744928630102,0.3201620296494676,0.0001999600079984003,82,131,79,5000,0.26700008413850124,48,0.21374045801526717,0.057901921859852046,0.06244384138369086,0.2929915842101909,0.0029512238982947444,0.07966606386298243,0.3181582260853015,0.008021296494625931,-0.010624953276011255,True,A4 information null: is the gain information or just rows/regularisation?
MC_lig2d_ext_massaction,196613,all,EXPANDED_vs_EXPANDED_SHUFFLED,EXPANDED_SHUFFLED,EXPANDED,offset_mae,0.20436875910788588,0.1037135225672935,0.34110255414697654,0.0001999600079984003,85,131,79,5000,0.2846596994864778,54,0.21374045801526717,0.057658104186098416,0.08958029139575277,0.319157226820019,0.0006683902662330558,0.10360138126693481,0.340917302473859,-0.003007958465459176,0.0011171931663450899,True,A4 information null: is the gain information or just rows/regularisation?
MC_lig2d_ext_massaction,196613,all,EXPANDED_vs_EXPANDED_SHUFFLED,EXPANDED_SHUFFLED,EXPANDED,shape_mae,0.03165170577883343,0.014117402450244416,0.04906164822025088,0.0003999200159968006,84,131,79,5000,0.030185663301769063,47,0.21374045801526717,0.008065188583639325,0.015595148727681567,0.04770826282998529,0.00018603808448077418,0.01496421883611254,0.049623736946596476,0.019552946376962338,0.0057883159846555485,True,A4 information null: is the gain information or just rows/regularisation?
MC_lig2d_ext_massaction,196613,all,EXPANDED_SHUFFLED_vs_BASE,BASE,EXPANDED_SHUFFLED,mae,-0.01759767324740033,-0.07573787322870063,0.0581918031742173,0.6784643071385723,60,131,79,5000,0.006017921136521648,41,0.21374045801526717,0.03505746842842353,-0.0873917315080857,0.05219638501328504,0.617105172381595,-0.08417723627555129,0.0506278390059735,-0.00852263930681318,-0.062132593195915596,True,how much of the apparent gain survives destroying the new labels?
MC_lig2d_ext_massaction,196613,all,EXPANDED_SHUFFLED_vs_BASE,BASE,EXPANDED_SHUFFLED,offset_mae,-0.027778893345033674,-0.09675203863336469,0.058710695627881386,0.7370525894821036,56,131,79,5000,-0.007087388094862922,35,0.21374045801526717,0.03984759116279481,-0.10710935341069036,0.051551566720623006,0.48779498280818123,-0.101985711483838,0.052639670661460476,0.009023984261129213,-0.04015869408363153,True,how much of the apparent gain survives destroying the new labels?
MC_lig2d_ext_massaction,196613,all,EXPANDED_SHUFFLED_vs_BASE,BASE,EXPANDED_SHUFFLED,shape_mae,-0.008624867265722232,-0.03700125187413172,0.028593051520657074,0.6414717056588682,55,131,79,5000,0.018117554508344905,41,0.21374045801526717,0.017925461275473627,-0.044311719303096374,0.027061984771651913,0.6317556697805208,-0.04554865363333643,0.020979747214295522,-0.07225371305299153,-0.12558884952746677,True,how much of the apparent gain survives destroying the new labels?
MC_lig2d_ext_massaction,196613,all,EXPANDED_vs_EXPANDED_ROWMATCHED,EXPANDED_ROWMATCHED,EXPANDED,mae,-0.010735325121299657,-0.020379988493895017,0.0011337664012620037,0.9640071985602879,60,131,79,5000,-0.010827733468713078,34,0.21374045801526717,0.00542261721808682,-0.021530926715215608,6.0276472616293056e-05,0.051261398105903265,-0.020445843157826986,0.0010867754416147794,0.014037579350310981,-0.009490382334613029,False,derived (not pre-registered): needed to score A4's first clause
MC_lig2d_ext_massaction,196613,all,EXPANDED_vs_EXPANDED_ROWMATCHED,EXPANDED_ROWMATCHED,EXPANDED,offset_mae,-0.007421694425787601,-0.022179788944961875,0.011631403044660513,0.7842431513697261,57,131,79,5000,-0.004999176872287323,37,0.21374045801526717,0.008749180731704411,-0.02483997524000505,0.00999658638842985,0.39888160215673013,-0.023032221220336876,0.010485806883849216,0.0020053039636734648,-0.031367333292115065,False,derived (not pre-registered): needed to score A4's first clause
MC_lig2d_ext_massaction,196613,all,EXPANDED_vs_EXPANDED_ROWMATCHED,EXPANDED_ROWMATCHED,EXPANDED,shape_mae,0.0017968537502758698,-0.006435935877720323,0.008452245942821335,0.3807238552289542,62,131,79,5000,-0.003047906632826422,31,0.21374045801526717,0.004162744695539918,-0.00649053432505119,0.01008424182560293,0.667185739235516,-0.004662003214815555,0.011198619000686416,0.08784483789587182,0.1354797228118739,False,derived (not pre-registered): needed to score A4's first clause
MC_lig2d_ext_massaction,196613,nn<0.4,EXPANDED_vs_BASE,BASE,EXPANDED,mae,0.49021347124936127,0.23182521957547494,0.7610570362703414,0.0003999200159968006,27,35,33,5000,0.5125902577471924,25,0.05714285714285714,0.134590715269011,0.21606115559776812,0.7643657869009544,0.0009455708721373281,0.23744755251327002,0.7671599175020566,0.013536206042278273,0.0021741108519786876,True,"A1 primary: does adding 61 sparse, chemically distant extractants help?"
MC_lig2d_ext_massaction,196613,nn<0.4,EXPANDED_vs_BASE,BASE,EXPANDED,offset_mae,0.5136768533947046,0.24242042181919635,0.7934669627401663,0.0003999200159968006,27,35,33,5000,0.5329332494975966,25,0.05714285714285714,0.14035380161178454,0.2277855150102765,0.7995681917791326,0.0009009935805921848,0.24360633134016776,0.7973254687937382,0.00852263930681304,-0.0003998887943978896,True,"A1 primary: does adding 61 sparse, chemically distant extractants help?"
MC_lig2d_ext_massaction,196613,nn<0.4,EXPANDED_vs_BASE,BASE,EXPANDED,shape_mae,0.09223968115877941,0.04528810639814954,0.14722460936997797,0.0001999600079984003,25,35,33,5000,0.09779977903932248,24,0.05714285714285714,0.025836018824631414,0.03961343295262482,0.144865929364934,0.001151178996892466,0.04846501962640108,0.15185810609124742,-0.0005013256759256267,0.03692547052327316,True,"A1 primary: does adding 61 sparse, chemically distant extractants help?"
MC_lig2d_ext_massaction,196613,nn<0.4,EXPANDED_ROWMATCHED_vs_BASE,BASE,EXPANDED_ROWMATCHED,mae,0.4979741921076523,0.2364274955489176,0.7763021630912437,0.0003999200159968006,25,35,33,5000,0.5206534942717796,23,0.05714285714285714,0.13582370698115206,0.2213103545253891,0.7746380296899156,0.0008851740354280924,0.24343389304355278,0.7834183246787183,0.013536206042278273,0.00493809581828512,True,row-budget-matched depth control: help at BASE's row count?
MC_lig2d_ext_massaction,196613,nn<0.4,EXPANDED_ROWMATCHED_vs_BASE,BASE,EXPANDED_ROWMATCHED,offset_mae,0.5036525270594786,0.2267392805007398,0.7959998574895626,0.0005998800239952009,26,35,33,5000,0.5224192288631118,24,0.05714285714285714,0.14313135134927935,0.2121035050016285,0.7952015491173288,0.0013235642493372207,0.22888796888114055,0.7988388919079434,0.011029388020358915,0.0026651987700716043,True,row-budget-matched depth control: help at BASE's row count?
MC_lig2d_ext_massaction,196613,nn<0.4,EXPANDED_ROWMATCHED_vs_BASE,BASE,EXPANDED_ROWMATCHED,shape_mae,0.10040497635740436,0.05421656764453858,0.15361089858908206,0.0001999600079984003,26,35,33,5000,0.10614251838952526,25,0.05714285714285714,0.02522329540102914,0.049026804923104274,0.15178314779170446,0.0003697976056566639,0.05626964224996202,0.1570596138960223,0.0010026514778481883,0.03196855438602067,True,row-budget-matched depth control: help at BASE's row count?
MC_lig2d_ext_massaction,196613,nn<0.4,EXPANDED_vs_EXPANDED_SHUFFLED,EXPANDED_SHUFFLED,EXPANDED,mae,0.5259172131592477,0.2378854456674217,0.8439628023873444,0.0005998800239952009,25,35,33,5000,0.5584881340307883,23,0.05714285714285714,0.15536157801086184,0.2094560346163455,0.8423783917021499,0.0018969093272831216,0.24833002737189128,0.8558712256016799,0.026071887453559196,0.008693144500228123,True,A4 information null: is the gain information or just rows/regularisation?
MC_lig2d_ext_massaction,196613,nn<0.4,EXPANDED_vs_EXPANDED_SHUFFLED,EXPANDED_SHUFFLED,EXPANDED,offset_mae,0.5751852216736246,0.27526305920379884,0.8975448613180596,0.0003999200159968006,27,35,33,5000,0.6080219521777139,26,0.05714285714285714,0.15820192560371496,0.2529384444118233,0.897431998935426,0.0009625169918602575,0.28523916450476383,0.903731675373583,0.008021296494625931,0.005214612144704038,True,A4 information null: is the gain information or just rows/regularisation?
MC_lig2d_ext_massaction,196613,nn<0.4,EXPANDED_vs_EXPANDED_SHUFFLED,EXPANDED_SHUFFLED,EXPANDED,shape_mae,0.03057695409335181,0.0004807011777339751,0.06474318949787931,0.023395320935812838,21,35,33,5000,0.03299946187513012,19,0.05714285714285714,0.01640038266545886,-0.0028295322034263964,0.06398344039013001,0.07146038402408238,0.0018385534459754741,0.0662525798315434,0.010528033237178323,0.020695370179524147,True,A4 information null: is the gain information or just rows/regularisation?
MC_lig2d_ext_massaction,196613,nn<0.4,EXPANDED_SHUFFLED_vs_BASE,BASE,EXPANDED_SHUFFLED,mae,-0.03570374190988633,-0.17310072640659344,0.09704589518340558,0.7022595480903819,15,35,33,5000,-0.045897876283595866,14,0.05714285714285714,0.06789183131390901,-0.17399487686175624,0.10258739304198357,0.6025893594281931,-0.17400545836472453,0.09502772311061874,-0.005013277548926657,-0.002115579446620153,True,how much of the apparent gain survives destroying the new labels?
MC_lig2d_ext_massaction,196613,nn<0.4,EXPANDED_SHUFFLED_vs_BASE,BASE,EXPANDED_SHUFFLED,offset_mae,-0.06150836827891998,-0.21083201883511785,0.08592189477901278,0.792241551689662,13,35,33,5000,-0.07508870268011743,12,0.05714285714285714,0.07640148988645784,-0.21713311051867568,0.09411637396083572,0.4267222193842347,-0.20889453037490174,0.08761592428300745,0.0065172796505839885,0.005098963552273289,True,how much of the apparent gain survives destroying the new labels?
MC_lig2d_ext_massaction,196613,nn<0.4,EXPANDED_SHUFFLED_vs_BASE,BASE,EXPANDED_SHUFFLED,shape_mae,0.0616627270654276,0.022298657696796242,0.10371596296166612,0.0013997200559888023,21,35,33,5000,0.06480031716419236,20,0.05714285714285714,0.020945050640074916,0.018999055036198663,0.10432639909465655,0.0059893367029628854,0.02294169509121748,0.10428114357613653,-0.0015039775317649809,0.011301182873250052,True,how much of the apparent gain survives destroying the new labels?
MC_lig2d_ext_massaction,196613,nn<0.4,EXPANDED_vs_EXPANDED_ROWMATCHED,EXPANDED_ROWMATCHED,EXPANDED,mae,-0.0077607208582910385,-0.0300739515834787,0.015364959025980434,0.7530493901219756,14,35,33,5000,-0.00806323652458732,13,0.05714285714285714,0.011554180953115625,-0.031295817298063876,0.015774375581481797,0.5066074771536413,-0.028347082625906322,0.016951066185245462,0.024065954281736284,0.025481380106166532,False,derived (not pre-registered): needed to score A4's first clause
MC_lig2d_ext_massaction,196613,nn<0.4,EXPANDED_vs_EXPANDED_ROWMATCHED,EXPANDED_ROWMATCHED,EXPANDED,offset_mae,0.01002432633522604,-0.02218641750827858,0.04539899493644568,0.28634273145370925,16,35,33,5000,0.010514020634484898,15,0.05714285714285714,0.016994581840461744,-0.024592504073772024,0.04464115674422411,0.5594306959831911,-0.019628265114540976,0.049612961856202446,0.032090348787252906,0.03779106062873652,False,derived (not pre-registered): needed to score A4's first clause
MC_lig2d_ext_massaction,196613,nn<0.4,EXPANDED_vs_EXPANDED_ROWMATCHED,EXPANDED_ROWMATCHED,EXPANDED,shape_mae,-0.00816529519862496,-0.015323747713753529,-0.0014553857861903034,0.9918016396720656,11,35,33,5000,-0.008342739350202789,11,0.05714285714285714,0.003584126085588646,-0.015465921129525606,-0.0008646692677243125,0.029534021357193074,-0.016366309337442708,-0.002182417158482077,-0.0421238092207306,-0.03773112775584076,False,derived (not pre-registered): needed to score A4's first clause
MC_lig2d_ext_massaction,196613,nn<0.6,EXPANDED_vs_BASE,BASE,EXPANDED,mae,0.2563539980827618,0.07846561958608647,0.4868510863070882,0.0013997200559888023,49,75,52,5000,0.39640114877550875,37,0.17333333333333334,0.10553257441650551,0.044488514444537164,0.4682194817209865,0.01869679161837956,0.04217794947460617,0.4469706223368335,-0.05316555488880454,-0.07722556448766343,True,"A1 primary: does adding 61 sparse, chemically distant extractants help?"
MC_lig2d_ext_massaction,196613,nn<0.6,EXPANDED_vs_BASE,BASE,EXPANDED,offset_mae,0.2773884514408499,0.09450421352520647,0.5178912340882259,0.0011997600479904018,46,75,52,5000,0.41484739031392664,35,0.17333333333333334,0.108751294951407,0.059061116695574706,0.4957157861861251,0.013796243762212487,0.05657047704843937,0.4744639511059683,-0.05115752203633166,-0.07289490116255122,True,"A1 primary: does adding 61 sparse, chemically distant extractants help?"
MC_lig2d_ext_massaction,196613,nn<0.6,EXPANDED_vs_BASE,BASE,EXPANDED,shape_mae,0.04208226506290402,0.0034084126527692657,0.09065193469719697,0.014997000599880024,45,75,52,5000,0.07020588786265591,37,0.17333333333333334,0.022877779165776387,-0.003846793091178413,0.08801132321698646,0.07167501623914552,-0.005314339621499034,0.08095909999159097,-0.06471615494550698,-0.08929320440874353,True,"A1 primary: does adding 61 sparse, chemically distant extractants help?"
MC_lig2d_ext_massaction,196613,nn<0.6,EXPANDED_ROWMATCHED_vs_BASE,BASE,EXPANDED_ROWMATCHED,mae,0.27489173239039344,0.10641470887225916,0.4985556325922359,0.0001999600079984003,44,75,52,5000,0.4096882779589809,33,0.17333333333333334,0.10126886654631141,0.07158599947373837,0.47819746530704854,0.009034509537490909,0.07283299559000901,0.46297984967954725,-0.04814585694552706,-0.0673521613116231,True,row-budget-matched depth control: help at BASE's row count?
MC_lig2d_ext_massaction,196613,nn<0.6,EXPANDED_ROWMATCHED_vs_BASE,BASE,EXPANDED_ROWMATCHED,offset_mae,0.2846896046202178,0.1078436005029741,0.5194229705149844,0.0003999200159968006,44,75,52,5000,0.41437976618967576,35,0.17333333333333334,0.10447038667443043,0.07495655185401151,0.4944226573864241,0.008785749050042622,0.08113101355244619,0.4829386778814924,-0.03459837159864898,-0.06027468649626386,True,row-budget-matched depth control: help at BASE's row count?
MC_lig2d_ext_massaction,196613,nn<0.6,EXPANDED_ROWMATCHED_vs_BASE,BASE,EXPANDED_ROWMATCHED,shape_mae,0.046106357642436036,0.0064891879113056685,0.09469556661197194,0.010797840431913617,48,75,52,5000,0.07561349579075823,38,0.17333333333333334,0.02352188158477529,-0.0011157900744497712,0.09332850535932184,0.0554529426541528,-0.004129861214438033,0.08459966018288226,-0.07728100691635639,-0.09980530043148003,True,row-budget-matched depth control: help at BASE's row count?
MC_lig2d_ext_massaction,196613,nn<0.6,EXPANDED_vs_EXPANDED_SHUFFLED,EXPANDED_SHUFFLED,EXPANDED,mae,0.24618908078856208,0.07010284638305109,0.49664924138559496,0.001999600079984003,48,75,52,5000,0.3849121106106389,33,0.17333333333333334,0.10675118726883713,0.031877129765698176,0.460501031811426,0.02519899160810336,0.05678796770003182,0.4727787754695514,-0.011029388020359056,-0.03975202545763881,True,A4 information null: is the gain information or just rows/regularisation?
MC_lig2d_ext_massaction,196613,nn<0.6,EXPANDED_vs_EXPANDED_SHUFFLED,EXPANDED_SHUFFLED,EXPANDED,offset_mae,0.28408865255649585,0.10169082879771824,0.5412010201295498,0.0005998800239952009,51,75,52,5000,0.42890302360559573,38,0.17333333333333334,0.1117054005157669,0.05983070342441202,0.5083466016885797,0.01406008028072388,0.08138398370363667,0.5093936494219259,-0.031087197062473627,-0.04831257513752978,True,A4 information null: is the gain information or just rows/regularisation?
MC_lig2d_ext_massaction,196613,nn<0.6,EXPANDED_vs_EXPANDED_SHUFFLED,EXPANDED_SHUFFLED,EXPANDED,shape_mae,0.030677038379854114,0.006147588816414656,0.059024436704217684,0.006998600279944011,45,75,52,5000,0.03720599613018722,31,0.17333333333333334,0.012752078778306173,0.005076171986737647,0.05627790477297058,0.019808273576072313,0.006661423583820548,0.05958132130396763,0.020555799371180145,-0.0007499805281191153,True,A4 information null: is the gain information or just rows/regularisation?
MC_lig2d_ext_massaction,196613,nn<0.6,EXPANDED_SHUFFLED_vs_BASE,BASE,EXPANDED_SHUFFLED,mae,0.01016491729419968,-0.07265872045111375,0.10038016955772153,0.41771645670865826,41,75,52,5000,0.011489038164869807,26,0.17333333333333334,0.043232462516532635,-0.07662787280477897,0.09695770739317831,0.8150553158049019,-0.07166943947805554,0.10133417683702513,0.009023984261129213,-0.0009968716436293277,True,how much of the apparent gain survives destroying the new labels?
MC_lig2d_ext_massaction,196613,nn<0.6,EXPANDED_SHUFFLED_vs_BASE,BASE,EXPANDED_SHUFFLED,offset_mae,-0.006700201115646037,-0.11030910397304967,0.0991780628125344,0.5644871025794841,35,75,52,5000,-0.014055633291669109,22,0.17333333333333334,0.050978976994025135,-0.10904476795615528,0.0956443657248632,0.8959517453782012,-0.10377678738978365,0.10372857821809447,0.03058563299422953,0.010100862044737079,True,how much of the apparent gain survives destroying the new labels?
MC_lig2d_ext_massaction,196613,nn<0.6,EXPANDED_SHUFFLED_vs_BASE,BASE,EXPANDED_SHUFFLED,shape_mae,0.0114052266830499,-0.020167081867565634,0.05174473934532079,0.2499500099980004,37,75,52,5000,0.03299989173246868,29,0.17333333333333334,0.018751563973701247,-0.026240108818591845,0.04905056218469164,0.545735609384778,-0.027505388511824908,0.04394706209113688,-0.06722824465557493,-0.08758466140370626,True,how much of the apparent gain survives destroying the new labels?
MC_lig2d_ext_massaction,196613,nn<0.6,EXPANDED_vs_EXPANDED_ROWMATCHED,EXPANDED_ROWMATCHED,EXPANDED,mae,-0.018537734307631677,-0.03524291253233687,0.0019175043093759814,0.9584083183363328,30,75,52,5000,-0.013287129183472114,20,0.17333333333333334,0.00961719442823385,-0.03784505775772584,0.0007695891424624839,0.05948789033543232,-0.037286493899631165,-0.0006270863983804965,-0.04764395595447656,-0.05638700323273775,False,derived (not pre-registered): needed to score A4's first clause
MC_lig2d_ext_massaction,196613,nn<0.6,EXPANDED_vs_EXPANDED_ROWMATCHED,EXPANDED_ROWMATCHED,EXPANDED,offset_mae,-0.0073011531793678525,-0.03041334749152613,0.021434510677072516,0.6870625874825035,31,75,52,5000,0.0004676241242508829,23,0.17333333333333334,0.01327649051487823,-0.033954820063789526,0.01935251370505382,0.5847671999454515,-0.03245134191697767,0.01849308371738536,-0.039615085989579545,-0.03506345863568243,False,derived (not pre-registered): needed to score A4's first clause
MC_lig2d_ext_massaction,196613,nn<0.6,EXPANDED_vs_EXPANDED_ROWMATCHED,EXPANDED_ROWMATCHED,EXPANDED,shape_mae,-0.004024092579532025,-0.01018374866186235,0.0008898603937136831,0.943011397720456,29,75,52,5000,-0.005407607928102313,18,0.17333333333333334,0.0027242840477901616,-0.009493321019605885,0.001445135860541835,0.14579257520564068,-0.009883634199777261,0.0010423794513428773,0.01855011304703803,0.0129326165056066,False,derived (not pre-registered): needed to score A4's first clause
MC_lig2d_ext_massaction,262147,all,EXPANDED_vs_BASE,BASE,EXPANDED,mae,0.18303503974067,0.06233763377603174,0.3517161017786425,0.0007998400319936012,78,131,79,5000,0.285044015705702,50,0.21374045801526717,0.07459006998089637,0.03453761755674356,0.33153246192459646,0.016361754095261128,0.03731254686810801,0.32086601261031833,-0.039615085989579545,-0.08961093429570006,True,"A1 primary: does adding 61 sparse, chemically distant extractants help?"
MC_lig2d_ext_massaction,262147,all,EXPANDED_vs_BASE,BASE,EXPANDED,offset_mae,0.20241501277840515,0.07750705639565968,0.37722947299001913,0.0003999200159968006,82,131,79,5000,0.2974481407634201,53,0.21374045801526717,0.07709480394061934,0.048931048332611166,0.35589897722419916,0.01040771770831318,0.05694818078695546,0.3507990367954104,-0.03459837159864898,-0.07610692464237133,True,"A1 primary: does adding 61 sparse, chemically distant extractants help?"
MC_lig2d_ext_massaction,262147,all,EXPANDED_vs_BASE,BASE,EXPANDED,shape_mae,0.027500357779677933,0.006206224819699854,0.05752440870666855,0.003199360127974405,75,131,79,5000,0.04909969648207694,48,0.21374045801526717,0.013383175233362464,0.0008565025949450571,0.05414421296441081,0.04324216793691335,0.0029755542881097067,0.05365010619979316,-0.018048703440788155,-0.06837260998033427,True,"A1 primary: does adding 61 sparse, chemically distant extractants help?"
MC_lig2d_ext_massaction,262147,all,EXPANDED_ROWMATCHED_vs_BASE,BASE,EXPANDED_ROWMATCHED,mae,0.1826780815407684,0.06428440893364527,0.34626021833493187,0.0005998800239952009,79,131,79,5000,0.2840985429182933,49,0.21374045801526717,0.07215230361681867,0.03903387937721378,0.32632228370432304,0.013356219772667734,0.044367482394185365,0.31929038704649615,-0.03810997272868065,-0.08482016390260914,True,row-budget-matched depth control: help at BASE's row count?
MC_lig2d_ext_massaction,262147,all,EXPANDED_ROWMATCHED_vs_BASE,BASE,EXPANDED_ROWMATCHED,offset_mae,0.20431886845959885,0.08210403637487486,0.37542494976836,0.0003999200159968006,86,131,79,5000,0.3002309909980136,53,0.21374045801526717,0.07524768080158313,0.054512243700889335,0.35412549321830833,0.008150244870180621,0.06531675920913096,0.3529453961290932,-0.02306302451252785,-0.07365215911175542,True,row-budget-matched depth control: help at BASE's row count?
MC_lig2d_ext_massaction,262147,all,EXPANDED_ROWMATCHED_vs_BASE,BASE,EXPANDED_ROWMATCHED,shape_mae,0.024081329034513085,0.0013795990675228612,0.055415272190853404,0.01759648070385923,73,131,79,5000,0.045941539731765464,50,0.21374045801526717,0.01405732451768475,-0.0039046542768543142,0.05206731234588048,0.0906701214261055,-0.0018998489851376045,0.05121044648958537,-0.02757640573939172,-0.06773064305855057,True,row-budget-matched depth control: help at BASE's row count?
MC_lig2d_ext_massaction,262147,all,EXPANDED_vs_EXPANDED_SHUFFLED,EXPANDED_SHUFFLED,EXPANDED,mae,0.2257649460649679,0.10349855939766611,0.39781666621647677,0.0001999600079984003,80,131,79,5000,0.347750796639477,53,0.21374045801526717,0.07510368170685087,0.07624500148191762,0.3752848906480182,0.003559377738879957,0.07989344807166131,0.36940987373617173,-0.03560164077923748,-0.0819598109947062,True,A4 information null: is the gain information or just rows/regularisation?
MC_lig2d_ext_massaction,262147,all,EXPANDED_vs_EXPANDED_SHUFFLED,EXPANDED_SHUFFLED,EXPANDED,offset_mae,0.23061957228512625,0.10400520076476388,0.4127841393212771,0.0001999600079984003,78,131,79,5000,0.3517606500288199,49,0.21374045801526717,0.07850004236268962,0.07433799304577207,0.38690115152448046,0.004344244623232372,0.0827449687545691,0.38282805075539267,-0.0401168101849681,-0.0706779939596584,True,A4 information null: is the gain information or just rows/regularisation?
MC_lig2d_ext_massaction,262147,all,EXPANDED_vs_EXPANDED_SHUFFLED,EXPANDED_SHUFFLED,EXPANDED,shape_mae,0.03515961131312644,0.014142082191597238,0.05904408450592135,0.0013997200559888023,78,131,79,5000,0.04019338147370614,50,0.21374045801526717,0.010690465251507,0.013876529902930493,0.05644269272332239,0.0015106994953334957,0.013687591282386103,0.05881944930014426,-0.005514610154793434,-0.0037280606807855885,True,A4 information null: is the gain information or just rows/regularisation?
MC_lig2d_ext_massaction,262147,all,EXPANDED_SHUFFLED_vs_BASE,BASE,EXPANDED_SHUFFLED,mae,-0.04272990632429786,-0.09953403159596914,0.014468926022601344,0.9326134773045391,58,131,79,5000,-0.06270678093377499,32,0.21374045801526717,0.027122839590284404,-0.09672733202046524,0.011267519371869532,0.11920671394247544,-0.09531352318721156,0.01830020541661191,0.03810997272868065,0.018207335229003998,True,how much of the apparent gain survives destroying the new labels?
MC_lig2d_ext_massaction,262147,all,EXPANDED_SHUFFLED_vs_BASE,BASE,EXPANDED_SHUFFLED,offset_mae,-0.02820455950672109,-0.0936103969759256,0.03521668231142087,0.8290341931613677,62,131,79,5000,-0.05431250926539984,38,0.21374045801526717,0.030770618871923106,-0.0894641558934109,0.03305503687996872,0.36217405990284945,-0.09019561505316308,0.039498207543282975,0.03108719706247349,0.014389775944032575,True,how much of the apparent gain survives destroying the new labels?
MC_lig2d_ext_massaction,262147,all,EXPANDED_SHUFFLED_vs_BASE,BASE,EXPANDED_SHUFFLED,shape_mae,-0.00765925353344851,-0.035889868818916745,0.03202097335322556,0.6750649870025994,56,131,79,5000,0.008906315008370792,34,0.21374045801526717,0.016847305573933477,-0.041199662452688836,0.025881155385791815,0.6506397758745579,-0.035526622572710755,0.03259804534399647,0.039113371766186844,-0.014613524201241386,True,how much of the apparent gain survives destroying the new labels?
MC_lig2d_ext_massaction,262147,all,EXPANDED_vs_EXPANDED_ROWMATCHED,EXPANDED_ROWMATCHED,EXPANDED,mae,0.00035695819990163604,-0.009212850786407871,0.012408597964846784,0.46370725854829037,70,131,79,5000,0.0009454727874087514,45,0.21374045801526717,0.005488821191394842,-0.010570445380218278,0.01128436178002155,0.9483135807417188,-0.010140197150491515,0.011258847404283777,-0.01704589771498915,-0.04027568789739667,False,derived (not pre-registered): needed to score A4's first clause
MC_lig2d_ext_massaction,262147,all,EXPANDED_vs_EXPANDED_ROWMATCHED,EXPANDED_ROWMATCHED,EXPANDED,offset_mae,-0.0019038556811937339,-0.013139545121993593,0.011491551262086322,0.627874425114977,66,131,79,5000,-0.0027828502345935025,41,0.21374045801526717,0.0059766766412798124,-0.01380250485372095,0.009994793491333481,0.7509210365828095,-0.013130371187675327,0.011500658661062204,0.0025066308995717666,-0.001032590555545854,False,derived (not pre-registered): needed to score A4's first clause
MC_lig2d_ext_massaction,262147,all,EXPANDED_vs_EXPANDED_ROWMATCHED,EXPANDED_ROWMATCHED,EXPANDED,shape_mae,0.00341902874516485,-0.0009375957669494896,0.00737128923508876,0.0617876424715057,73,131,79,5000,0.0031581567503114905,40,0.21374045801526717,0.00202579457251276,-0.0006140184415368097,0.00745207593186651,0.09545485321378694,-0.0009380806229570128,0.007365168088362163,-0.012533469508069276,0.0059883016887404255,False,derived (not pre-registered): needed to score A4's first clause
MC_lig2d_ext_massaction,262147,nn<0.4,EXPANDED_vs_BASE,BASE,EXPANDED,mae,0.4884314608536771,0.2315832284515132,0.7533240107610857,0.0003999200159968006,28,37,35,5000,0.5093768724520634,27,0.05405405405405406,0.13539351016868348,0.2132787432161174,0.7635841784912368,0.0009813443973605408,0.22380193848131058,0.7476062269884052,-0.00852263930681318,-0.009089041519034577,True,"A1 primary: does adding 61 sparse, chemically distant extractants help?"
MC_lig2d_ext_massaction,262147,nn<0.4,EXPANDED_vs_BASE,BASE,EXPANDED,offset_mae,0.5082394084853001,0.22118284698491145,0.8032635538063924,0.0003999200159968006,24,37,35,5000,0.5266688106655089,23,0.05405405405405406,0.1491376184909742,0.20515530217429717,0.8113235147963032,0.0016997786381072804,0.2159262045218494,0.7987953953990377,0.0010026514778481883,-0.00875054907193851,True,"A1 primary: does adding 61 sparse, chemically distant extractants help?"
MC_lig2d_ext_massaction,262147,nn<0.4,EXPANDED_vs_BASE,BASE,EXPANDED,shape_mae,0.07211806327421415,0.032070118507334426,0.11972902482639328,0.0001999600079984003,23,37,35,5000,0.07583304090063465,23,0.05405405405405406,0.02199323822941438,0.02742242564037023,0.11681370090805807,0.0024075860671153894,0.03506653229278293,0.12532270612384966,0.029582527813949083,0.028469475486090016,True,"A1 primary: does adding 61 sparse, chemically distant extractants help?"
MC_lig2d_ext_massaction,262147,nn<0.4,EXPANDED_ROWMATCHED_vs_BASE,BASE,EXPANDED_ROWMATCHED,mae,0.4928885597260739,0.23647944577347418,0.7538671366416195,0.0001999600079984003,28,37,35,5000,0.5144235654670976,26,0.05405405405405406,0.13299800933287687,0.22260408550914823,0.7631730339429996,0.0007454862793721977,0.22980656257299606,0.7465723751509785,-0.007018616792533281,-0.010333568605411727,True,row-budget-matched depth control: help at BASE's row count?
MC_lig2d_ext_massaction,262147,nn<0.4,EXPANDED_ROWMATCHED_vs_BASE,BASE,EXPANDED_ROWMATCHED,offset_mae,0.5140780198886452,0.2340278278106644,0.8025465412975374,0.0001999600079984003,25,37,35,5000,0.5335971773346166,23,0.05405405405405406,0.1464056989185183,0.21654584212866335,0.8116101976486271,0.0012803910336805968,0.22528744436506798,0.7966147368606676,-0.004511946203065805,-0.009814554794765794,True,row-budget-matched depth control: help at BASE's row count?
MC_lig2d_ext_massaction,262147,nn<0.4,EXPANDED_ROWMATCHED_vs_BASE,BASE,EXPANDED_ROWMATCHED,shape_mae,0.07405219708783732,0.03300338631562636,0.12362324780467411,0.0001999600079984003,24,37,35,5000,0.07772458615480671,24,0.05405405405405406,0.022693840219921917,0.027932764905567398,0.12017162927010724,0.0025131489294394015,0.036031526509625635,0.1280083065484859,0.03008407662018911,0.025115232842731896,True,row-budget-matched depth control: help at BASE's row count?
MC_lig2d_ext_massaction,262147,nn<0.4,EXPANDED_vs_EXPANDED_SHUFFLED,EXPANDED_SHUFFLED,EXPANDED,mae,0.6536691149123985,0.37499833870409516,0.9395902717935611,0.0001999600079984003,31,37,35,5000,0.6739257245743053,30,0.05405405405405406,0.14381659577580508,0.3613986277982529,0.9459396020265443,6.625022126348308e-05,0.3602507967983249,0.9323145280861871,-0.007519955698540524,-0.011032557739794231,True,A4 information null: is the gain information or just rows/regularisation?
MC_lig2d_ext_massaction,262147,nn<0.4,EXPANDED_vs_EXPANDED_SHUFFLED,EXPANDED_SHUFFLED,EXPANDED,offset_mae,0.6894528821493869,0.3875153379499337,0.9972689893853006,0.0001999600079984003,28,37,35,5000,0.7114497614216476,26,0.05405405405405406,0.1563940596555036,0.37162191312458204,1.0072838511741917,9.902181386702024e-05,0.37645450494557325,0.9850190299462838,-0.02356448643428617,-0.00913502615164035,True,A4 information null: is the gain information or just rows/regularisation?
MC_lig2d_ext_massaction,262147,nn<0.4,EXPANDED_vs_EXPANDED_SHUFFLED,EXPANDED_SHUFFLED,EXPANDED,shape_mae,0.041180063889292046,-0.019795735222435256,0.0995414184199269,0.08698260347930414,21,37,35,5000,0.040471159868663925,19,0.05405405405405406,0.030069276285403387,-0.01992805774087647,0.10228818551946056,0.1798193254475112,-0.020174002690294568,0.09880173401903486,0.004010615991203968,-0.007644481711113605,True,A4 information null: is the gain information or just rows/regularisation?
MC_lig2d_ext_massaction,262147,nn<0.4,EXPANDED_SHUFFLED_vs_BASE,BASE,EXPANDED_SHUFFLED,mae,-0.16523765405872132,-0.2877267035561531,-0.04896611438377703,0.9986002799440112,13,37,35,5000,-0.16454885212224188,12,0.05405405405405406,0.0608802759877457,-0.2889612606605649,-0.04151404745687777,0.01035899154517958,-0.29004450427366885,-0.050515625118599465,-0.0060159441466754015,-0.0067248861626717895,True,how much of the apparent gain survives destroying the new labels?
MC_lig2d_ext_massaction,262147,nn<0.4,EXPANDED_SHUFFLED_vs_BASE,BASE,EXPANDED_SHUFFLED,offset_mae,-0.18121347366408705,-0.3150436059327506,-0.05149890684456001,0.9982003599280144,12,37,35,5000,-0.18478095075613865,11,0.05405405405405406,0.06736427254374402,-0.3181141466652932,-0.0443128006628809,0.010993015114476768,-0.31290048410861004,-0.049842935387394253,0.007018616792533281,0.004146920501292312,True,how much of the apparent gain survives destroying the new labels?
MC_lig2d_ext_massaction,262147,nn<0.4,EXPANDED_SHUFFLED_vs_BASE,BASE,EXPANDED_SHUFFLED,shape_mae,0.030937999384922085,-0.02677079190540066,0.10883545506276732,0.1765646870625875,18,37,35,5000,0.035361881031970736,16,0.05405405405405406,0.03474919005706785,-0.039680851311791915,0.10155685008163609,0.37954944997727147,-0.018942360607908895,0.13390324744764207,0.06220447356712567,0.07513055882054395,True,how much of the apparent gain survives destroying the new labels?
MC_lig2d_ext_massaction,262147,nn<0.4,EXPANDED_vs_EXPANDED_ROWMATCHED,EXPANDED_ROWMATCHED,EXPANDED,mae,-0.004457098872396646,-0.028218609058810115,0.01962644718446485,0.6364727054589082,19,37,35,5000,-0.005046693015034135,18,0.05405405405405406,0.012196728241737093,-0.0292438328733072,0.020329635128513913,0.7170511697356549,-0.02776898334107049,0.020128595080340376,0.020555799371180145,-0.002235728232921283,False,derived (not pre-registered): needed to score A4's first clause
MC_lig2d_ext_massaction,262147,nn<0.4,EXPANDED_vs_EXPANDED_ROWMATCHED,EXPANDED_ROWMATCHED,EXPANDED,offset_mae,-0.00583861140334511,-0.032810927401025605,0.021726390112492007,0.6594681063787242,18,37,35,5000,-0.006928366669107695,17,0.05405405405405406,0.01400216754487385,-0.03429443951496175,0.02261721670827153,0.6793147794991004,-0.031857937990103426,0.022812108329201067,0.016043109130585573,0.005633348040866603,False,derived (not pre-registered): needed to score A4's first clause
MC_lig2d_ext_massaction,262147,nn<0.4,EXPANDED_vs_EXPANDED_ROWMATCHED,EXPANDED_ROWMATCHED,EXPANDED,shape_mae,-0.0019341338136231738,-0.008834372855762652,0.004817649458341647,0.7134573085382924,17,37,35,5000,-0.0018915452541720219,16,0.05405405405405406,0.00346264105809541,-0.008971067091675666,0.005102799464429318,0.5801143320888836,-0.0088190048960423,0.004825062262588619,0.01855011304703803,-0.00881750106923866,False,derived (not pre-registered): needed to score A4's first clause
MC_lig2d_ext_massaction,262147,nn<0.6,EXPANDED_vs_BASE,BASE,EXPANDED,mae,0.27342859900767147,0.10278394333962984,0.5026805098592035,0.0005998800239952009,53,85,55,5000,0.41673995534163866,37,0.18823529411764706,0.1043850332733253,0.06414920780116046,0.4827079902141825,0.011410334661175999,0.0643419861002136,0.45671963729455817,-0.05366759628332598,-0.08951517105010924,True,"A1 primary: does adding 61 sparse, chemically distant extractants help?"
MC_lig2d_ext_massaction,262147,nn<0.6,EXPANDED_vs_BASE,BASE,EXPANDED,offset_mae,0.2914299046853397,0.10907526605346843,0.5294309432896968,0.0003999200159968006,52,85,55,5000,0.436981480459229,36,0.18823529411764706,0.11122611338596537,0.06843497365216139,0.5144248357185179,0.011388628990702018,0.07225208551864606,0.49264798876061033,-0.05115752203633166,-0.08425524056503762,True,"A1 primary: does adding 61 sparse, chemically distant extractants help?"
MC_lig2d_ext_massaction,262147,nn<0.6,EXPANDED_vs_BASE,BASE,EXPANDED,shape_mae,0.05202370123576653,0.026282012539850023,0.08805197544548803,0.0001999600079984003,50,85,55,5000,0.07461132144276869,35,0.18823529411764706,0.015939302878375416,0.020067323026755388,0.08398007944477767,0.0019097633642672443,0.023956208725158638,0.08484224244321893,-0.028077925538198285,-0.031720443939379284,True,"A1 primary: does adding 61 sparse, chemically distant extractants help?"
MC_lig2d_ext_massaction,262147,nn<0.6,EXPANDED_ROWMATCHED_vs_BASE,BASE,EXPANDED_ROWMATCHED,mae,0.2767653542814772,0.11505552102153967,0.49791006556366835,0.0001999600079984003,54,85,55,5000,0.41710168482293924,36,0.18823529411764706,0.09961580788320833,0.0770476842803123,0.4764830242826421,0.0074999005193399255,0.08279564177683661,0.4588308597063218,-0.04061854447905143,-0.08221203293987005,True,row-budget-matched depth control: help at BASE's row count?
MC_lig2d_ext_massaction,262147,nn<0.6,EXPANDED_ROWMATCHED_vs_BASE,BASE,EXPANDED_ROWMATCHED,offset_mae,0.29642602297447773,0.12090374022497562,0.5272895160354456,0.0003999200159968006,55,85,55,5000,0.44026563737354535,36,0.18823529411764706,0.10700496347336909,0.08189398797340053,0.5109580579755549,0.007665141235984626,0.09249550375649482,0.49504140030132465,-0.03861166738810877,-0.07987534504074413,True,row-budget-matched depth control: help at BASE's row count?
MC_lig2d_ext_massaction,262147,nn<0.6,EXPANDED_ROWMATCHED_vs_BASE,BASE,EXPANDED_ROWMATCHED,shape_mae,0.05125712079483692,0.024010420793809596,0.08822025894877666,0.0001999600079984003,53,85,55,5000,0.07532717856249549,38,0.18823529411764706,0.01657188271897704,0.018032496365278282,0.08448174522439555,0.0031341308973698713,0.02220698428899819,0.08631356081853127,-0.016043109130585712,-0.02789135266078345,True,row-budget-matched depth control: help at BASE's row count?
MC_lig2d_ext_massaction,262147,nn<0.6,EXPANDED_vs_EXPANDED_SHUFFLED,EXPANDED_SHUFFLED,EXPANDED,mae,0.3190923761753328,0.15188138078879673,0.56554188834506,0.0001999600079984003,56,85,55,5000,0.4896555529909866,41,0.18823529411764706,0.10816749624611177,0.10222960329634398,0.5359551490543216,0.004690613052504647,0.11139163578328248,0.5247898228524585,-0.05567589840481434,-0.07743975848466861,True,A4 information null: is the gain information or just rows/regularisation?
MC_lig2d_ext_massaction,262147,nn<0.6,EXPANDED_vs_EXPANDED_SHUFFLED,EXPANDED_SHUFFLED,EXPANDED,offset_mae,0.3376722088268995,0.1546978370165587,0.6052820347287096,0.0001999600079984003,55,85,55,5000,0.5252748350727384,40,0.18823529411764706,0.1169526305751031,0.10319630208776609,0.572148115566033,0.005578660244265643,0.10981521069470544,0.5585678412180014,-0.05718227193180179,-0.0783065123126767,True,A4 information null: is the gain information or just rows/regularisation?
MC_lig2d_ext_massaction,262147,nn<0.6,EXPANDED_vs_EXPANDED_SHUFFLED,EXPANDED_SHUFFLED,EXPANDED,shape_mae,0.028610854115247625,-0.0023533577041516245,0.05851014967960673,0.033393321335732855,45,85,55,5000,0.028727204732286276,30,0.18823529411764706,0.014734824203393755,-0.0009306897452285925,0.058152397975723844,0.057396206140236904,-0.0033158542382588758,0.057308017574755836,-0.019051527317045184,-0.0059000188120782145,True,A4 information null: is the gain information or just rows/regularisation?
MC_lig2d_ext_massaction,262147,nn<0.6,EXPANDED_SHUFFLED_vs_BASE,BASE,EXPANDED_SHUFFLED,mae,-0.04566377716766139,-0.12907697657087325,0.030898963028118072,0.8832233553289343,39,85,55,5000,-0.07291559764934807,23,0.18823529411764706,0.0385562516262075,-0.12296440748321187,0.031636853147889096,0.24146462553519066,-0.11922539952856875,0.0403383023690411,0.05919097242249299,0.02536502818473607,True,how much of the apparent gain survives destroying the new labels?
MC_lig2d_ext_massaction,262147,nn<0.6,EXPANDED_SHUFFLED_vs_BASE,BASE,EXPANDED_SHUFFLED,offset_mae,-0.04624230414155984,-0.1395001243702335,0.036357744856386244,0.8702259548090382,38,85,55,5000,-0.08829335461350957,23,0.18823529411764706,0.043465275852310775,-0.13338493545323818,0.04090032717011851,0.2921126011595984,-0.13061778267840338,0.04753722121548864,0.060697654093910605,0.026286370234084065,True,how much of the apparent gain survives destroying the new labels?
MC_lig2d_ext_massaction,262147,nn<0.6,EXPANDED_SHUFFLED_vs_BASE,BASE,EXPANDED_SHUFFLED,shape_mae,0.02341284712051887,-0.012795128615083586,0.07284628059563433,0.11937612477504499,41,85,55,5000,0.04588411671048242,26,0.18823529411764706,0.022058940462266675,-0.020812665731653055,0.0676383599726908,0.29324271222052756,-0.011858937081796105,0.07427021090821266,0.02356448643428603,-0.002575835695536338,True,how much of the apparent gain survives destroying the new labels?
MC_lig2d_ext_massaction,262147,nn<0.6,EXPANDED_vs_EXPANDED_ROWMATCHED,EXPANDED_ROWMATCHED,EXPANDED,mae,-0.003336755273805713,-0.019471849768177268,0.015931834843088227,0.6106778644271146,41,85,55,5000,-0.0003617294813005454,29,0.18823529411764706,0.009141567560627232,-0.021664494737679067,0.01499098419006764,0.7165303477802117,-0.022410330964901217,0.012793681847158492,-0.06521853970954372,-0.06434990902887544,False,derived (not pre-registered): needed to score A4's first clause
MC_lig2d_ext_massaction,262147,nn<0.6,EXPANDED_vs_EXPANDED_ROWMATCHED,EXPANDED_ROWMATCHED,EXPANDED,offset_mae,-0.004996118289137922,-0.021173829168455126,0.014641663454773041,0.6960607878424315,42,85,55,5000,-0.003284156914316312,30,0.18823529411764706,0.009090573700532258,-0.0232216212190821,0.013229384640806256,0.584864273656407,-0.022606855792182242,0.01289588168283066,-0.04312737186562014,-0.027344287900872323,False,derived (not pre-registered): needed to score A4's first clause
MC_lig2d_ext_massaction,262147,nn<0.6,EXPANDED_vs_EXPANDED_ROWMATCHED,EXPANDED_ROWMATCHED,EXPANDED,shape_mae,0.0007665804409295769,-0.004772354724983326,0.006014733881720655,0.3945210957808438,43,85,55,5000,-0.0007158571197267897,26,0.18823529411764706,0.0026563071048543293,-0.004558994656659648,0.006092155538518802,0.7740009932356837,-0.004537893675175441,0.0062892232662808975,0.017045897714989287,0.015352751318267825,False,derived (not pre-registered): needed to score A4's first clause
MC_donors,104729,all,EXPANDED_vs_BASE,BASE,EXPANDED,mae,0.18724979365080077,0.061166690625831306,0.38201796830086715,0.0003999200159968006,71,131,79,5000,0.31050904339095736,48,0.21374045801526717,0.0815303157481421,0.024935403524320443,0.3495641837772811,0.024320280256394662,0.04390313492024932,0.35683631408415145,-0.020555799371180145,-0.054341699333748696,True,"A1 primary: does adding 61 sparse, chemically distant extractants help?"
MC_donors,104729,all,EXPANDED_vs_BASE,BASE,EXPANDED,offset_mae,0.19834254969306164,0.06279593375970911,0.40174508407704784,0.0005998800239952009,77,131,79,5000,0.32555683548077674,51,0.21374045801526717,0.08678707930089483,0.025562747256147406,0.3711223521299759,0.02500623580519444,0.044396819878911316,0.3737689780701672,-0.020054370352950636,-0.06238044752871644,True,"A1 primary: does adding 61 sparse, chemically distant extractants help?"
MC_donors,104729,all,EXPANDED_vs_BASE,BASE,EXPANDED,shape_mae,0.011229032780552295,-0.018443892218556537,0.03972400558673518,0.20095980803839233,66,131,79,5000,0.021776263692834967,50,0.21374045801526717,0.013546895429057392,-0.015740764275885104,0.038198829836989696,0.40968990611283707,-0.021501964162947942,0.036784745178421195,-0.02908098644911949,-0.037440521370879845,True,"A1 primary: does adding 61 sparse, chemically distant extractants help?"
MC_donors,104729,all,EXPANDED_ROWMATCHED_vs_BASE,BASE,EXPANDED_ROWMATCHED,mae,0.1827822523069194,0.0537222530579105,0.3799663045801383,0.0005998800239952009,65,131,79,5000,0.3098297902669292,47,0.21374045801526717,0.08356698362475187,0.01641316790814759,0.3491513367056912,0.03171968091921513,0.037745691653758136,0.3551240382321593,-0.013536206042278412,-0.06035310313234714,True,row-budget-matched depth control: help at BASE's row count?
MC_donors,104729,all,EXPANDED_ROWMATCHED_vs_BASE,BASE,EXPANDED_ROWMATCHED,offset_mae,0.1983528604440378,0.0612970074072079,0.40687642105798605,0.0005998800239952009,75,131,79,5000,0.3292423137179311,49,0.21374045801526717,0.08839789438318177,0.02236617152215495,0.3743395493659206,0.027676895846112923,0.040225043912493826,0.37605909957452677,-0.02206011794114996,-0.06683824128341069,True,row-budget-matched depth control: help at BASE's row count?
MC_donors,104729,all,EXPANDED_ROWMATCHED_vs_BASE,BASE,EXPANDED_ROWMATCHED,shape_mae,-0.0008191177486664183,-0.0300890738578028,0.03187722534774456,0.5090981803639272,59,131,79,5000,0.01353513859354724,45,0.21374045801526717,0.01462281616329848,-0.02993090844514141,0.028292672947808573,0.9554719720446727,-0.03317129417757741,0.027859248973281583,-0.03359513724181863,-0.04067588115622659,True,row-budget-matched depth control: help at BASE's row count?
MC_donors,104729,all,EXPANDED_vs_EXPANDED_SHUFFLED,EXPANDED_SHUFFLED,EXPANDED,mae,0.22026376220430466,0.08873333036109209,0.40992661046043255,0.0001999600079984003,84,131,79,5000,0.35167416766902976,54,0.21374045801526717,0.0814476741490396,0.05811389886315946,0.3824136255454499,0.008398888302906561,0.06891360021216975,0.3762208611199337,-0.04162204387018867,-0.07622964706935825,True,A4 information null: is the gain information or just rows/regularisation?
MC_donors,104729,all,EXPANDED_vs_EXPANDED_SHUFFLED,EXPANDED_SHUFFLED,EXPANDED,offset_mae,0.23733372247226603,0.09441116682359793,0.439262179049043,0.0001999600079984003,84,131,79,5000,0.3743590447667051,54,0.21374045801526717,0.08803963737916516,0.06206026845671089,0.4126071764878212,0.00859943393934165,0.07546877194036966,0.40553317232349867,-0.03610328874478396,-0.07689040259186554,True,A4 information null: is the gain information or just rows/regularisation?
MC_donors,104729,all,EXPANDED_vs_EXPANDED_SHUFFLED,EXPANDED_SHUFFLED,EXPANDED,shape_mae,0.05363222657856146,0.023311128172758985,0.09705903510834218,0.0003999200159968006,83,131,79,5000,0.0713784910248702,53,0.21374045801526717,0.01883777958869863,0.01612908830148009,0.09113536485564283,0.00563718561544989,0.021954393130214075,0.0947384087244411,0.021558673039087442,-0.043232664964262466,True,A4 information null: is the gain information or just rows/regularisation?
MC_donors,104729,all,EXPANDED_SHUFFLED_vs_BASE,BASE,EXPANDED_SHUFFLED,mae,-0.033013968553503886,-0.10412294873521272,0.029930748289051654,0.8460307938412317,56,131,79,5000,-0.041165124278072396,37,0.21374045801526717,0.032454482959434976,-0.09762588082309398,0.03159794371608621,0.31218465692890823,-0.1071124239766638,0.02797512248394425,-0.013536206042278412,-0.008738085760694016,True,how much of the apparent gain survives destroying the new labels?
MC_donors,104729,all,EXPANDED_SHUFFLED_vs_BASE,BASE,EXPANDED_SHUFFLED,offset_mae,-0.038991172779204365,-0.12026495072254308,0.03461753520661309,0.846630673865227,63,131,79,5000,-0.048802209285928336,41,0.21374045801526717,0.03767924277654241,-0.11400478281592791,0.03602243725751917,0.30395144742253466,-0.12464805791599654,0.03170203954041352,-0.021057233557829822,-0.00890131325592323,True,how much of the apparent gain survives destroying the new labels?
MC_donors,104729,all,EXPANDED_SHUFFLED_vs_BASE,BASE,EXPANDED_SHUFFLED,shape_mae,-0.04240319379800916,-0.08814161052784585,-0.010163822734413004,0.9964007198560288,47,131,79,5000,-0.049602227332035224,29,0.21374045801526717,0.019594693892361504,-0.0814132326978794,-0.00339315489813892,0.0335234019002455,-0.08682145150270683,-0.009562183421202807,-0.021057233557829822,0.02268439942205371,True,how much of the apparent gain survives destroying the new labels?
MC_donors,104729,all,EXPANDED_vs_EXPANDED_ROWMATCHED,EXPANDED_ROWMATCHED,EXPANDED,mae,0.004467541343881358,-0.008204295218244884,0.013986057288620339,0.23875224955008997,75,131,79,5000,0.0006792531240282391,44,0.21374045801526717,0.005481192368263918,-0.006444674416069872,0.015379757103832587,0.4175155065212897,-0.007112491273350578,0.014954843194279527,0.016544501343174756,0.04170346669756433,False,derived (not pre-registered): needed to score A4's first clause
MC_donors,104729,all,EXPANDED_vs_EXPANDED_ROWMATCHED,EXPANDED_ROWMATCHED,EXPANDED,offset_mae,-1.0310750976221428e-05,-0.013700918234111091,0.010651989401350566,0.5050989802039592,64,131,79,5000,-0.0036854782371543546,38,0.21374045801526717,0.005941521685538861,-0.01183897178291236,0.011818350280959917,0.9986198047744297,-0.013105090270123965,0.01129548962140619,0.011029388020358915,0.01929967450354987,False,derived (not pre-registered): needed to score A4's first clause
MC_donors,104729,all,EXPANDED_vs_EXPANDED_ROWMATCHED,EXPANDED_ROWMATCHED,EXPANDED,shape_mae,0.012048150529218713,0.0029637817593734473,0.019530193281507558,0.0005998800239952009,80,131,79,5000,0.008241125099287728,46,0.21374045801526717,0.00467026769820642,0.0027503617716785386,0.02134593928675889,0.011765428139605334,0.00470364370730252,0.02221199666438862,0.09287860877725654,0.1310337463941788,False,derived (not pre-registered): needed to score A4's first clause
MC_donors,104729,nn<0.4,EXPANDED_vs_BASE,BASE,EXPANDED,mae,0.6836040591147239,0.3202440294400225,1.093896318636338,0.0001999600079984003,25,33,32,5000,0.7003650564370565,24,0.06060606060606061,0.20035896094123848,0.27496926416905526,1.0922388540603925,0.0018129966526712964,0.36111200435040464,1.1682861629205958,0.05015358346473367,0.0444258359201971,True,"A1 primary: does adding 61 sparse, chemically distant extractants help?"
MC_donors,104729,nn<0.4,EXPANDED_vs_BASE,BASE,EXPANDED,offset_mae,0.6886080715392053,0.30875873435971013,1.106438238829775,0.0001999600079984003,26,33,32,5000,0.7004924275570086,25,0.06060606060606061,0.20515930219625214,0.27018291605664496,1.1070332270217658,0.0021000239667334393,0.3550751293739218,1.1829258646001293,0.05015358346473367,0.04388227924622879,True,"A1 primary: does adding 61 sparse, chemically distant extractants help?"
MC_donors,104729,nn<0.4,EXPANDED_vs_BASE,BASE,EXPANDED,shape_mae,0.08832644933581012,0.02223803971195709,0.1501974565808012,0.004999000199960008,26,33,32,5000,0.09243117720370249,26,0.06060606060606061,0.032783214246685344,0.02146464306360106,0.1551882556080192,0.01128630836160496,0.01541820214940937,0.14511515795006383,-0.05567589840481434,-0.024799473453367044,True,"A1 primary: does adding 61 sparse, chemically distant extractants help?"
MC_donors,104729,nn<0.4,EXPANDED_ROWMATCHED_vs_BASE,BASE,EXPANDED_ROWMATCHED,mae,0.6768300463386926,0.31356782639439673,1.086556857717499,0.0001999600079984003,25,33,32,5000,0.6958948188719405,25,0.06060606060606061,0.20057330391882555,0.26775809600809447,1.0859019966692907,0.0020022367686281135,0.3524928601490606,1.17292222318739,0.04914969544003147,0.04515842695131304,True,row-budget-matched depth control: help at BASE's row count?
MC_donors,104729,nn<0.4,EXPANDED_ROWMATCHED_vs_BASE,BASE,EXPANDED_ROWMATCHED,offset_mae,0.6804699650900363,0.3020392032388191,1.0993273751590242,0.0001999600079984003,24,33,32,5000,0.6955837251251551,24,0.06060606060606061,0.20643011330426367,0.2594529732648565,1.1014869569152161,0.0024603158800219353,0.34260768086240606,1.1764725597968861,0.04714206696487173,0.04419715324597313,True,row-budget-matched depth control: help at BASE's row count?
MC_donors,104729,nn<0.4,EXPANDED_ROWMATCHED_vs_BASE,BASE,EXPANDED_ROWMATCHED,shape_mae,0.0888345984755721,0.02445704162460716,0.14981535824125708,0.003999200159968006,26,33,32,5000,0.09257457415169884,25,0.06060606060606061,0.0320304192896983,0.02350812764051753,0.15416106931062667,0.009305979805139872,0.016450361987803055,0.1439633222351603,-0.060195411728956635,-0.02564814666945893,True,row-budget-matched depth control: help at BASE's row count?
MC_donors,104729,nn<0.4,EXPANDED_vs_EXPANDED_SHUFFLED,EXPANDED_SHUFFLED,EXPANDED,mae,0.6937102293859438,0.35377690868430095,1.0600744294580728,0.0001999600079984003,25,33,32,5000,0.7170123277859002,25,0.06060606060606061,0.18171335989267903,0.3231033884949552,1.0643170702769325,0.0006048425380709583,0.36162741399696147,1.0705515839573585,0.010026681100274765,0.01153108732465719,True,A4 information null: is the gain information or just rows/regularisation?
MC_donors,104729,nn<0.4,EXPANDED_vs_EXPANDED_SHUFFLED,EXPANDED_SHUFFLED,EXPANDED,offset_mae,0.7055711885369231,0.3457524807230207,1.0915527890920944,0.0001999600079984003,25,33,32,5000,0.7272781861505271,25,0.06060606060606061,0.19296007612119603,0.31202651867006936,1.0991158584037768,0.0009392149388200429,0.34921520036241976,1.0973322072282548,-0.007519955698540524,0.009520498928707832,True,A4 information null: is the gain information or just rows/regularisation?
MC_donors,104729,nn<0.4,EXPANDED_vs_EXPANDED_SHUFFLED,EXPANDED_SHUFFLED,EXPANDED,shape_mae,0.12374911905529083,0.04789397006305851,0.20655573152096027,0.0007998400319936012,23,33,32,5000,0.12838392165532714,23,0.06060606060606061,0.040135610235802775,0.04189200230004575,0.20560623581053591,0.004277409991120629,0.055608222572829574,0.21860413576039897,0.05316555488880454,0.02467719064421804,True,A4 information null: is the gain information or just rows/regularisation?
MC_donors,104729,nn<0.4,EXPANDED_SHUFFLED_vs_BASE,BASE,EXPANDED_SHUFFLED,mae,-0.010106170271219947,-0.19251417483838265,0.16274095826593926,0.556488702259548,17,33,32,5000,-0.016647271348843723,16,0.06060606060606061,0.09265469712430309,-0.19907667092802273,0.1788643303855828,0.9138472034614291,-0.185583437414078,0.1718065492088166,0.02506890825871106,0.006772441886577686,True,how much of the apparent gain survives destroying the new labels?
MC_donors,104729,nn<0.4,EXPANDED_SHUFFLED_vs_BASE,BASE,EXPANDED_SHUFFLED,offset_mae,-0.016963116997717697,-0.24199003304817412,0.17754149413924206,0.5714857028594281,18,33,32,5000,-0.026785758593518408,17,0.06060606060606061,0.10784075683929305,-0.23690579064102127,0.2029795566455859,0.8760301979570354,-0.24394540738390255,0.1755248898199284,0.009023984261129213,-0.00868639519055417,True,how much of the apparent gain survives destroying the new labels?
MC_donors,104729,nn<0.4,EXPANDED_SHUFFLED_vs_BASE,BASE,EXPANDED_SHUFFLED,shape_mae,-0.035422669719480715,-0.10535106257493775,0.038345009496031486,0.8318336332733454,12,33,32,5000,-0.03595274445162465,12,0.06060606060606061,0.03709167097663543,-0.11107163142564007,0.04022629198667864,0.3469643444198389,-0.1031318573493604,0.04096675376416625,-0.007018616792533281,0.014980348914805592,True,how much of the apparent gain survives destroying the new labels?
MC_donors,104729,nn<0.4,EXPANDED_vs_EXPANDED_ROWMATCHED,EXPANDED_ROWMATCHED,EXPANDED,mae,0.006774012776031065,-0.01296574495444667,0.02789509727971315,0.27034593081383723,19,33,32,5000,0.004470237565115998,19,0.06060606060606061,0.010293665413950543,-0.014220056248426715,0.027768081800488845,0.5153470453591446,-0.010711340562821147,0.031436916027781196,0.05366759628332598,0.035047006872903186,False,derived (not pre-registered): needed to score A4's first clause
MC_donors,104729,nn<0.4,EXPANDED_vs_EXPANDED_ROWMATCHED,EXPANDED_ROWMATCHED,EXPANDED,offset_mae,0.00813810644916898,-0.015517514326728179,0.03304216528419314,0.28054389122175566,18,33,32,5000,0.004908702431853545,18,0.06060606060606061,0.012487545434799555,-0.017330410377590796,0.033606623275928754,0.5193988559357754,-0.013152601322341568,0.03707574237350213,0.05969318454768027,0.028877078157671997,False,derived (not pre-registered): needed to score A4's first clause
MC_donors,104729,nn<0.4,EXPANDED_vs_EXPANDED_ROWMATCHED,EXPANDED_ROWMATCHED,EXPANDED,shape_mae,-0.00050814913976198,-0.006808875085505518,0.005919982883443018,0.5458908218356329,16,33,32,5000,-0.00014339694799634945,15,0.06060606060606061,0.003299908561398034,-0.0072383570226118975,0.0062220587430879375,0.8786166453750475,-0.0072104655730889965,0.005592747879787875,-0.03459837159864898,-0.006817146940124759,False,derived (not pre-registered): needed to score A4's first clause
MC_donors,104729,nn<0.6,EXPANDED_vs_BASE,BASE,EXPANDED,mae,0.252138602375333,0.07211758414725536,0.5274041956698756,0.0007998400319936012,46,88,57,5000,0.414246518541269,36,0.2159090909090909,0.1161462472859661,0.019469710470711554,0.4848074942799544,0.034195417299076165,0.051575597599086934,0.48897611342229047,-0.03058563299422953,-0.056558689069758035,True,"A1 primary: does adding 61 sparse, chemically distant extractants help?"
MC_donors,104729,nn<0.6,EXPANDED_vs_BASE,BASE,EXPANDED,offset_mae,0.25184858397183324,0.060737321430088115,0.539416802360612,0.0013997200559888023,50,88,57,5000,0.4166967376686478,38,0.2159090909090909,0.12183154492831659,0.007790672331285525,0.495906495612381,0.04335031231070757,0.040537309225280704,0.4929773886904587,-0.03560164077923748,-0.061631528387635776,True,"A1 primary: does adding 61 sparse, chemically distant extractants help?"
MC_donors,104729,nn<0.6,EXPANDED_vs_BASE,BASE,EXPANDED,shape_mae,0.02796744714937668,-0.0031552832847197617,0.06485159004179625,0.03979204159168166,45,88,57,5000,0.04055114592788219,37,0.2159090909090909,0.015769599057089637,-0.0036228558016902883,0.059557750100443646,0.08158277842248371,-0.0038611600330890733,0.0639731324636924,-0.0035092867873360934,-0.012369608983876967,True,"A1 primary: does adding 61 sparse, chemically distant extractants help?"
MC_donors,104729,nn<0.6,EXPANDED_ROWMATCHED_vs_BASE,BASE,EXPANDED_ROWMATCHED,mae,0.24714475520153553,0.0644475875174574,0.5261831019595804,0.0011997600479904018,43,88,57,5000,0.413943480200685,37,0.2159090909090909,0.11794537003079153,0.010871787356274476,0.4834177230467966,0.04066777765697875,0.04306254390673286,0.4843495589063724,-0.03560164077923748,-0.06012715096431181,True,row-budget-matched depth control: help at BASE's row count?
MC_donors,104729,nn<0.6,EXPANDED_ROWMATCHED_vs_BASE,BASE,EXPANDED_ROWMATCHED,offset_mae,0.24991788555494346,0.0568197663278095,0.5401929712569138,0.001999600079984003,46,88,57,5000,0.4195744249023875,36,0.2159090909090909,0.12383312023136873,0.0018503367654814085,0.4979854343444055,0.048372146200823904,0.02910854140353554,0.48866525715707876,-0.0421238092207306,-0.06494450925345756,True,row-budget-matched depth control: help at BASE's row count?
MC_donors,104729,nn<0.6,EXPANDED_ROWMATCHED_vs_BASE,BASE,EXPANDED_ROWMATCHED,shape_mae,0.018084704228110465,-0.01214756513362748,0.060145869055267885,0.1295740851829634,42,88,57,5000,0.036521820786541086,33,0.2159090909090909,0.017442986860049563,-0.016857797308269206,0.05302720576449013,0.30429031214636754,-0.014962713088593246,0.05637916313643754,-0.02256156839022472,-0.03410419802202838,True,row-budget-matched depth control: help at BASE's row count?
MC_donors,104729,nn<0.6,EXPANDED_vs_EXPANDED_SHUFFLED,EXPANDED_SHUFFLED,EXPANDED,mae,0.26504248852636764,0.08256265308332579,0.5334430268332931,0.0003999200159968006,53,88,57,5000,0.4362198386938766,39,0.2159090909090909,0.11294937329628336,0.03877770477090434,0.4913072722818309,0.02251104638321972,0.05958296731198232,0.48627757653864395,-0.04664018984972238,-0.0713527726928492,True,A4 information null: is the gain information or just rows/regularisation?
MC_donors,104729,nn<0.6,EXPANDED_vs_EXPANDED_SHUFFLED,EXPANDED_SHUFFLED,EXPANDED,offset_mae,0.2827812061794031,0.09369810427993841,0.5666404239857706,0.0003999200159968006,55,88,57,5000,0.4624958895358264,41,0.2159090909090909,0.12038137045541655,0.04162834309240249,0.5239340692664037,0.022375148703098258,0.06061274910462077,0.5172149465954419,-0.058688775225833746,-0.07345986841734754,True,A4 information null: is the gain information or just rows/regularisation?
MC_donors,104729,nn<0.6,EXPANDED_vs_EXPANDED_SHUFFLED,EXPANDED_SHUFFLED,EXPANDED,shape_mae,0.057736558722260904,0.019063124221045467,0.11379050470003384,0.0005998800239952009,52,88,57,5000,0.08465374739705607,38,0.2159090909090909,0.02360384147017518,0.010452382367975965,0.10502073507654584,0.017609440495369413,0.014634289535707803,0.10937024367129258,-0.011029388020359056,-0.04428703917419615,True,A4 information null: is the gain information or just rows/regularisation?
MC_donors,104729,nn<0.6,EXPANDED_SHUFFLED_vs_BASE,BASE,EXPANDED_SHUFFLED,mae,-0.01290388615103467,-0.10011048039186345,0.06986235849730188,0.6340731853629274,40,88,57,5000,-0.02197332015260765,28,0.2159090909090909,0.03991570332529462,-0.09286464837371626,0.06705687607164691,0.7476885072220429,-0.09755696531063036,0.07235702826988842,0.01855011304703803,0.002196700064864622,True,how much of the apparent gain survives destroying the new labels?
MC_donors,104729,nn<0.6,EXPANDED_SHUFFLED_vs_BASE,BASE,EXPANDED_SHUFFLED,offset_mae,-0.030932622207569847,-0.13719007692492946,0.06567405447963191,0.7436512697460508,40,88,57,5000,-0.0457991518671786,27,0.2159090909090909,0.04780379434288818,-0.126695129550673,0.0648298851355333,0.5202273442818305,-0.13691147064560422,0.0659408960111352,0.010026681100274765,-0.0038728520632646435,True,how much of the apparent gain survives destroying the new labels?
MC_donors,104729,nn<0.6,EXPANDED_SHUFFLED_vs_BASE,BASE,EXPANDED_SHUFFLED,shape_mae,-0.02976911157288422,-0.07738372994803815,0.007331998827356348,0.9420115976804639,34,88,57,5000,-0.04410260146917388,22,0.2159090909090909,0.02097780400078036,-0.07179270273925722,0.012254479593488792,0.16141893206252275,-0.07304909871428002,0.010567764893897071,0.018048703440788155,0.038560910129384826,True,how much of the apparent gain survives destroying the new labels?
MC_donors,104729,nn<0.6,EXPANDED_vs_EXPANDED_ROWMATCHED,EXPANDED_ROWMATCHED,EXPANDED,mae,0.004993847173797404,-0.009833332454941071,0.01658327327267888,0.23695260947810437,48,88,57,5000,0.00030303834058396565,30,0.2159090909090909,0.006303089924189159,-0.007632759216898064,0.01762045356449287,0.43153777175676156,-0.009187388491640233,0.017258161893427867,0.018048703440788155,0.01948750016187687,False,derived (not pre-registered): needed to score A4's first clause
MC_donors,104729,nn<0.6,EXPANDED_vs_EXPANDED_ROWMATCHED,EXPANDED_ROWMATCHED,EXPANDED,offset_mae,0.0019306984168897883,-0.015648643261281438,0.016307259915402092,0.40531893621275744,43,88,57,5000,-0.0028776872337396243,26,0.2159090909090909,0.007552042198383601,-0.01319786002536964,0.017059256859149215,0.7991558926564107,-0.014820539080266301,0.016719216869682342,0.007018616792533281,0.015476219322175912,False,derived (not pre-registered): needed to score A4's first clause
MC_donors,104729,nn<0.6,EXPANDED_vs_EXPANDED_ROWMATCHED,EXPANDED_ROWMATCHED,EXPANDED,shape_mae,0.009882742921266226,-0.0008032009564262218,0.01874519585414066,0.04319136172765447,51,88,57,5000,0.004029325141341106,31,0.2159090909090909,0.005616970993727482,-0.0013694020899560587,0.02113488793248851,0.08396426658886161,0.0015310836163769663,0.022512661576318836,0.13172728912396847,0.1379017163008122,False,derived (not pre-registered): needed to score A4's first clause
MC_donors,130363,all,EXPANDED_vs_BASE,BASE,EXPANDED,mae,0.14211393618723792,0.037540326967732476,0.305187791157653,0.001999600079984003,70,131,79,5000,0.22756131403026675,45,0.21374045801526717,0.06545310214562872,0.011806819635980792,0.27242105273849504,0.03295378262724641,0.037495422459743334,0.3050495516924595,0.027074892876565382,-0.014229028556619313,True,"A1 primary: does adding 61 sparse, chemically distant extractants help?"
MC_donors,130363,all,EXPANDED_vs_BASE,BASE,EXPANDED,offset_mae,0.1390802945349497,0.0304561414333733,0.30738881141161334,0.004199160167966407,70,131,79,5000,0.21775055546841968,45,0.21374045801526717,0.06738019976286179,0.0049366213411101145,0.27322396772878926,0.04233198367337079,0.03209553610085193,0.3087948888872254,0.032090348787252906,-0.01023617560665059,True,"A1 primary: does adding 61 sparse, chemically distant extractants help?"
MC_donors,130363,all,EXPANDED_vs_BASE,BASE,EXPANDED,shape_mae,0.02660383405826463,0.0074087714597562936,0.05393763801678347,0.0009998000399920016,65,131,79,5000,0.04243274659601135,45,0.21374045801526717,0.011637871215564052,0.003434612261550986,0.04977305585497827,0.024970714867571856,0.006350110281892286,0.05170376330142707,-0.0010026514778483275,-0.036777390905230266,True,"A1 primary: does adding 61 sparse, chemically distant extractants help?"
MC_donors,130363,all,EXPANDED_ROWMATCHED_vs_BASE,BASE,EXPANDED_ROWMATCHED,mae,0.14543086920982431,0.04118875558824661,0.30923000145725515,0.0011997600479904018,70,131,79,5000,0.2322143949977797,45,0.21374045801526717,0.06555835604100041,0.014914208249485444,0.27594753017016316,0.029439848040636023,0.04043342664168553,0.3069469267163681,0.021558673039087442,-0.01630197565879731,True,row-budget-matched depth control: help at BASE's row count?
MC_donors,130363,all,EXPANDED_ROWMATCHED_vs_BASE,BASE,EXPANDED_ROWMATCHED,offset_mae,0.14498528393656915,0.0371902598052462,0.31146311862933734,0.003199360127974405,76,131,79,5000,0.22334901903117974,44,0.21374045801526717,0.06665690397610315,0.012281582039681854,0.27768898583345647,0.032652312395613205,0.03794939872433504,0.3139171935737099,0.02356448643428603,-0.00782771219333599,True,row-budget-matched depth control: help at BASE's row count?
MC_donors,130363,all,EXPANDED_ROWMATCHED_vs_BASE,BASE,EXPANDED_ROWMATCHED,shape_mae,0.023292900780724993,0.0023375660790091427,0.05326362841337643,0.010597880423915218,67,131,79,5000,0.04034874245419049,46,0.21374045801526717,0.012685410899525816,-0.001961812325267851,0.04854761388671784,0.07013903861089361,0.0007011582964649266,0.04888703781335046,-0.0195529463769622,-0.05121721868633801,True,row-budget-matched depth control: help at BASE's row count?
MC_donors,130363,all,EXPANDED_vs_EXPANDED_SHUFFLED,EXPANDED_SHUFFLED,EXPANDED,mae,0.19168406190340256,0.0813403309853311,0.3445391466048197,0.0013997200559888023,76,131,79,5000,0.2729664194808138,50,0.21374045801526717,0.064652269831313,0.06297128001771057,0.32039684378909455,0.004015972641399149,0.07101228843169037,0.3293886805450634,-0.03209034878725277,-0.032337431771031225,True,A4 information null: is the gain information or just rows/regularisation?
MC_donors,130363,all,EXPANDED_vs_EXPANDED_SHUFFLED,EXPANDED_SHUFFLED,EXPANDED,offset_mae,0.16091838788874813,0.047594043081844804,0.3196097745491649,0.003999200159968006,72,131,79,5000,0.26180079614828317,47,0.21374045801526717,0.0666163760938092,0.02829537080753089,0.2935414049699654,0.01804861292363682,0.039092295601461935,0.3035302520427848,-0.02908098644911949,-0.03300672599027494,True,A4 information null: is the gain information or just rows/regularisation?
MC_donors,130363,all,EXPANDED_vs_EXPANDED_SHUFFLED,EXPANDED_SHUFFLED,EXPANDED,shape_mae,0.08046941506830681,0.03949359838720688,0.13722894072800318,0.0001999600079984003,78,131,79,5000,0.07410029475331657,48,0.21374045801526717,0.023965585544035422,0.032757599335608054,0.12818123080100557,0.0012173916732999483,0.046063774450871384,0.15244800134600595,0.09187167039099549,0.05728028691032891,True,A4 information null: is the gain information or just rows/regularisation?
MC_donors,130363,all,EXPANDED_SHUFFLED_vs_BASE,BASE,EXPANDED_SHUFFLED,mae,-0.04957012571616464,-0.12915374134526697,0.03672707050236842,0.8862227554489103,53,131,79,5000,-0.045405105450547156,30,0.21374045801526717,0.03981031156924976,-0.12882636781228568,0.02968611637995639,0.21680152613657025,-0.12262921190847635,0.047985627733553464,0.03409675013052478,0.02337954050813457,True,how much of the apparent gain survives destroying the new labels?
MC_donors,130363,all,EXPANDED_SHUFFLED_vs_BASE,BASE,EXPANDED_SHUFFLED,offset_mae,-0.02183809335379844,-0.11062961169629665,0.06947168066601116,0.6986602679464107,59,131,79,5000,-0.044050240679863524,34,0.21374045801526717,0.04291182659151468,-0.107268977540871,0.06359279083327413,0.6122545675918727,-0.10559919141239346,0.07802025762577171,0.02757640573939172,0.019157960351846078,True,how much of the apparent gain survives destroying the new labels?
MC_donors,130363,all,EXPANDED_SHUFFLED_vs_BASE,BASE,EXPANDED_SHUFFLED,shape_mae,-0.053865581010042164,-0.10243133002649793,-0.01189726466473909,0.9938012397520496,52,131,79,5000,-0.031667548157305214,35,0.21374045801526717,0.022087128042139886,-0.09783767513120487,-0.00989348688887947,0.01700961052405056,-0.1169814329116402,-0.01986405496057095,-0.07828669604532612,-0.07454101453182103,True,how much of the apparent gain survives destroying the new labels?
MC_donors,130363,all,EXPANDED_vs_EXPANDED_ROWMATCHED,EXPANDED_ROWMATCHED,EXPANDED,mae,-0.003316933022586367,-0.010776019459360912,0.003463176773295752,0.8438312337532493,61,131,79,5000,-0.00465308096751303,33,0.21374045801526717,0.0033880894399071137,-0.010062100952897288,0.003428234907724554,0.33060769091089576,-0.010671457599460994,0.0035709168457047796,0.010528033237178323,-0.0008935278993478937,False,derived (not pre-registered): needed to score A4's first clause
MC_donors,130363,all,EXPANDED_vs_EXPANDED_ROWMATCHED,EXPANDED_ROWMATCHED,EXPANDED,offset_mae,-0.005904989401619461,-0.013328962852150567,0.0026117682969679676,0.9182163567286543,56,131,79,5000,-0.005598463562760111,36,0.21374045801526717,0.0038442754914142343,-0.01355835399540611,0.0017483751921671892,0.12857346555586918,-0.013044880911102383,0.0028391894084732754,0.03810997272868065,-0.0029126689284378936,False,derived (not pre-registered): needed to score A4's first clause
MC_donors,130363,all,EXPANDED_vs_EXPANDED_ROWMATCHED,EXPANDED_ROWMATCHED,EXPANDED,shape_mae,0.0033109332775396404,-0.0019302353533209302,0.007174933859624085,0.09778044391121776,74,131,79,5000,0.00208400414182087,41,0.21374045801526717,0.002273456173755039,-0.0012151702820524216,0.007837036837131703,0.1493113505704532,-0.0012590365213433821,0.007650036542733637,0.032591936696663076,0.04421150508791566,False,derived (not pre-registered): needed to score A4's first clause
MC_donors,130363,nn<0.4,EXPANDED_vs_BASE,BASE,EXPANDED,mae,0.46394802081217035,0.139331874591164,0.8382055181912467,0.0021995600879824036,23,37,35,5000,0.4981023347653493,22,0.05405405405405406,0.17858076227285846,0.10102824721338094,0.8268677944109597,0.01376299091888203,0.17650690151738188,0.892410681464117,0.04112028899854659,0.043517443259317584,True,"A1 primary: does adding 61 sparse, chemically distant extractants help?"
MC_donors,130363,nn<0.4,EXPANDED_vs_BASE,BASE,EXPANDED,offset_mae,0.4337881957059787,0.09271202576819243,0.8239469856222515,0.0057988402319536095,23,37,35,5000,0.46713612812662725,22,0.05405405405405406,0.18749298749979185,0.0527566013239511,0.8148197900880063,0.026865989851492765,0.12461176137219844,0.8828309114095326,0.045134628481421316,0.04111004656561581,True,"A1 primary: does adding 61 sparse, chemically distant extractants help?"
MC_donors,130363,nn<0.4,EXPANDED_vs_BASE,BASE,EXPANDED,shape_mae,0.08921233474131592,0.04350955416626609,0.14032532150279922,0.0001999600079984003,26,37,35,5000,0.09208787478290564,24,0.05405405405405406,0.024908852725719553,0.03859145555606867,0.13983321392656317,0.001054607828470918,0.04653525875189033,0.14550386774357274,0.031588768951337685,0.033865420239837116,True,"A1 primary: does adding 61 sparse, chemically distant extractants help?"
MC_donors,130363,nn<0.4,EXPANDED_ROWMATCHED_vs_BASE,BASE,EXPANDED_ROWMATCHED,mae,0.47011623496318894,0.1489924722204805,0.8425316536687286,0.0015996800639872025,24,37,35,5000,0.5058014641029286,23,0.05405405405405406,0.1773225850428151,0.10975338513190375,0.8304790847944741,0.012092223968848508,0.18064729204238927,0.8899330077796545,0.03008407662018911,0.042641158940168566,True,row-budget-matched depth control: help at BASE's row count?
MC_donors,130363,nn<0.4,EXPANDED_ROWMATCHED_vs_BASE,BASE,EXPANDED_ROWMATCHED,offset_mae,0.44064685198393494,0.10193942934806811,0.8283955147718252,0.005398920215956809,23,37,35,5000,0.4758995499636703,22,0.05405405405405406,0.18662606548241426,0.061377055111729584,0.8199166488561402,0.024092239784759936,0.13156966654468263,0.8825592379253704,0.03710661205920443,0.04079814573940575,True,row-budget-matched depth control: help at BASE's row count?
MC_donors,130363,nn<0.4,EXPANDED_ROWMATCHED_vs_BASE,BASE,EXPANDED_ROWMATCHED,shape_mae,0.08587122808295251,0.037719191540483595,0.13755815438077498,0.0001999600079984003,24,37,35,5000,0.08862572224801474,22,0.05405405405405406,0.025611118808545878,0.0338231725068014,0.13791928365910364,0.001973365580724946,0.041743707518331265,0.14334193843940657,0.017045897714989287,0.03292512271717864,True,row-budget-matched depth control: help at BASE's row count?
MC_donors,130363,nn<0.4,EXPANDED_vs_EXPANDED_SHUFFLED,EXPANDED_SHUFFLED,EXPANDED,mae,0.4578208408314337,0.12423788495736297,0.7770914428600135,0.003599280143971206,20,37,35,5000,0.4815744600576433,19,0.05405405405405406,0.16705844689284186,0.11831722939831013,0.7973244522645573,0.009704632435591429,0.11901020209974371,0.7739820655832998,-0.003007958465459176,-0.00585972949113777,True,A4 information null: is the gain information or just rows/regularisation?
MC_donors,130363,nn<0.4,EXPANDED_vs_EXPANDED_SHUFFLED,EXPANDED_SHUFFLED,EXPANDED,offset_mae,0.4444146684459648,0.08914799890208938,0.7796018845669465,0.007198560287942412,21,37,35,5000,0.4726490476069421,20,0.05405405405405406,0.17733251885423088,0.08403163068097325,0.8047977062109564,0.017155643007659798,0.08346636980548906,0.7758553788054872,-0.0035092867873360934,-0.00845659306800294,True,A4 information null: is the gain information or just rows/regularisation?
MC_donors,130363,nn<0.4,EXPANDED_vs_EXPANDED_SHUFFLED,EXPANDED_SHUFFLED,EXPANDED,shape_mae,0.0881869171324512,0.03136445224585778,0.15014789960599667,0.0009998000399920016,24,37,35,5000,0.08704056895664548,22,0.05405405405405406,0.029647634260664288,0.027935675191956326,0.14843815907294608,0.0053673361405851185,0.0368945216140712,0.16114603433952163,0.061702184885339045,0.03126578685763517,True,A4 information null: is the gain information or just rows/regularisation?
MC_donors,130363,nn<0.4,EXPANDED_SHUFFLED_vs_BASE,BASE,EXPANDED_SHUFFLED,mae,0.0061271799807365,-0.2173111248240271,0.2584105972356892,0.4939012197560488,16,37,35,5000,0.01652787470770601,15,0.05405405405405406,0.12132082555767101,-0.24042640162473317,0.25268076158620617,0.9600163492167023,-0.19790761349294564,0.2811958204502593,0.028579452399323784,0.035243893461189,True,how much of the apparent gain survives destroying the new labels?
MC_donors,130363,nn<0.4,EXPANDED_SHUFFLED_vs_BASE,BASE,EXPANDED_SHUFFLED,offset_mae,-0.010626472739986088,-0.24874301357888748,0.254445064138015,0.5390921815636872,17,37,35,5000,-0.005512919480314835,16,0.05405405405405406,0.13030440417156713,-0.2754368826575702,0.2541839371775981,0.9354818466430455,-0.23625452773055633,0.27600838047620957,0.015541720951108279,0.02733367775240018,True,how much of the apparent gain survives destroying the new labels?
MC_donors,130363,nn<0.4,EXPANDED_SHUFFLED_vs_BASE,BASE,EXPANDED_SHUFFLED,shape_mae,0.0010254176088647438,-0.04479710429526954,0.050505798322385075,0.47470505898820237,19,37,35,5000,0.005047305826260148,19,0.05405405405405406,0.024521649927341013,-0.04880857081538526,0.05085940603311475,0.9668893286774222,-0.0445498714818464,0.050643420450130275,-0.01704589771498915,0.010105272290107567,True,how much of the apparent gain survives destroying the new labels?
MC_donors,130363,nn<0.4,EXPANDED_vs_EXPANDED_ROWMATCHED,EXPANDED_ROWMATCHED,EXPANDED,mae,-0.006168214151018664,-0.022856877463250463,0.010109096496631989,0.7732453509298141,16,37,35,5000,-0.007699129337579239,14,0.05405405405405406,0.008283665333213081,-0.02300264754146648,0.010666219239429151,0.4616152945698102,-0.02286360069595698,0.010090458208383323,-0.012032106029748954,0.005443730577198915,False,derived (not pre-registered): needed to score A4's first clause
MC_donors,130363,nn<0.4,EXPANDED_vs_EXPANDED_ROWMATCHED,EXPANDED_ROWMATCHED,EXPANDED,offset_mae,-0.0068586562779562816,-0.02458482500051836,0.01073173351274784,0.7774445110977805,18,37,35,5000,-0.008763421837043095,16,0.05405405405405406,0.008995916116772168,-0.02514055741254929,0.01142324485663673,0.45106724293651057,-0.024463366760222788,0.010993001324038134,-0.0035092867873360934,0.00835169945816607,False,derived (not pre-registered): needed to score A4's first clause
MC_donors,130363,nn<0.4,EXPANDED_vs_EXPANDED_ROWMATCHED,EXPANDED_ROWMATCHED,EXPANDED,shape_mae,0.003341106658363414,-0.0027407511172649547,0.010197495186164788,0.16136772645470907,21,37,35,5000,0.0034621525348909007,19,0.05405405405405406,0.0033005140946713433,-0.0033663449884581646,0.010048558305184993,0.31854530687602844,-0.0020888618755326425,0.011426219756805456,0.06622335874874474,0.03497277168832323,False,derived (not pre-registered): needed to score A4's first clause
MC_donors,130363,nn<0.6,EXPANDED_vs_BASE,BASE,EXPANDED,mae,0.1914358985219764,0.03928454751109474,0.4294010981570396,0.004199160167966407,41,85,57,5000,0.3036699671553147,30,0.21176470588235294,0.09454556006580696,0.0020383828118746283,0.38083341423207817,0.047665931665142075,0.044188393504177345,0.4387165642645594,0.04212380922073074,0.0015566362258912282,True,"A1 primary: does adding 61 sparse, chemically distant extractants help?"
MC_donors,130363,nn<0.6,EXPANDED_vs_BASE,BASE,EXPANDED,offset_mae,0.17962678378848682,0.021172733991902355,0.41799785642121956,0.008998200359928014,43,85,57,5000,0.28447898504927804,32,0.21176470588235294,0.09687082619633441,-0.014428799716445395,0.373682367293419,0.06896607877090073,0.03015751932484577,0.43254891063186235,0.04312737186562014,0.006284638297753061,True,"A1 primary: does adding 61 sparse, chemically distant extractants help?"
MC_donors,130363,nn<0.6,EXPANDED_vs_BASE,BASE,EXPANDED,shape_mae,0.03907215816349763,0.014184021778178613,0.07418220137890554,0.0005998800239952009,45,85,57,5000,0.05832468715063834,33,0.21176470588235294,0.014590147158109539,0.00984458128239004,0.06829973504460521,0.009702093534231196,0.014657855683849624,0.07543244640069315,0.026573386823392792,-0.000897517616139017,True,"A1 primary: does adding 61 sparse, chemically distant extractants help?"
MC_donors,130363,nn<0.6,EXPANDED_ROWMATCHED_vs_BASE,BASE,EXPANDED_ROWMATCHED,mae,0.19695305277699585,0.04423988870328457,0.43454066703203154,0.003599280143971206,43,85,57,5000,0.31516433260135224,31,0.21176470588235294,0.09544652048515101,0.005750696468793809,0.38815540908519786,0.04371262603991577,0.047957107332448165,0.4430027975959428,0.03710661205920443,-0.004062018611961365,True,row-budget-matched depth control: help at BASE's row count?
MC_donors,130363,nn<0.6,EXPANDED_ROWMATCHED_vs_BASE,BASE,EXPANDED_ROWMATCHED,offset_mae,0.18684184971796677,0.0310235842504676,0.4267465539756326,0.007198560287942412,47,85,57,5000,0.29596169628917735,31,0.21176470588235294,0.09717999725457674,-0.007833077839925734,0.3815167772758593,0.05961730457452132,0.037169496179288386,0.44045327944962875,0.04413097794761476,0.0034723717296723236,True,row-budget-matched depth control: help at BASE's row count?
MC_donors,130363,nn<0.6,EXPANDED_ROWMATCHED_vs_BASE,BASE,EXPANDED_ROWMATCHED,shape_mae,0.036881153775036285,0.010993414230137936,0.07328534410173478,0.0013997200559888023,43,85,57,5000,0.056652925503915555,31,0.21176470588235294,0.014926744690812448,0.006979291010554504,0.06678301653951807,0.016550304933658857,0.011407855070351563,0.07420775817042331,0.019552946376962338,0.0018589166379315452,True,row-budget-matched depth control: help at BASE's row count?
MC_donors,130363,nn<0.6,EXPANDED_vs_EXPANDED_SHUFFLED,EXPANDED_SHUFFLED,EXPANDED,mae,0.22988458464758535,0.0750913677744479,0.43533267642204654,0.002999400119976005,45,85,57,5000,0.32106437552772993,33,0.21176470588235294,0.08696493774985337,0.05567288023500866,0.40409628906016204,0.010625373930463434,0.0693289111293886,0.42981452041724977,-0.00852263930681318,-0.011828773731262239,True,A4 information null: is the gain information or just rows/regularisation?
MC_donors,130363,nn<0.6,EXPANDED_vs_EXPANDED_SHUFFLED,EXPANDED_SHUFFLED,EXPANDED,offset_mae,0.21245991403677825,0.051238457782735065,0.43531876933328795,0.0061987602479504095,44,85,57,5000,0.31956012468110917,33,0.21176470588235294,0.09373461715696135,0.02468691218233693,0.40023291589121957,0.027296102087162034,0.04597039707021083,0.42767999418731467,0.0065172796505839885,-0.01815086360698924,True,A4 information null: is the gain information or just rows/regularisation?
MC_donors,130363,nn<0.6,EXPANDED_vs_EXPANDED_SHUFFLED,EXPANDED_SHUFFLED,EXPANDED,shape_mae,0.0770712188668009,0.03682207503228095,0.11722619023493512,0.0001999600079984003,50,85,57,5000,0.07123886865479795,36,0.21176470588235294,0.019278702930206316,0.03845133615043983,0.11569110158316198,0.00018902051741395115,0.04080602074849887,0.12136800744619876,0.019552946376962338,0.035659656974147025,True,A4 information null: is the gain information or just rows/regularisation?
MC_donors,130363,nn<0.6,EXPANDED_SHUFFLED_vs_BASE,BASE,EXPANDED_SHUFFLED,mae,-0.03844868612560896,-0.14771452881277577,0.0939340537846257,0.7590481903619276,35,85,57,5000,-0.017394408372415203,21,0.21176470588235294,0.05727214310485708,-0.15317857524894105,0.07628120299772312,0.5047682630474626,-0.13804691367525804,0.11039375621444816,0.04212380922073074,0.02952790637891603,True,how much of the apparent gain survives destroying the new labels?
MC_donors,130363,nn<0.6,EXPANDED_SHUFFLED_vs_BASE,BASE,EXPANDED_SHUFFLED,offset_mae,-0.03283313024829141,-0.15790322515509445,0.10120557604347369,0.7216556688662268,37,85,57,5000,-0.03508113963183105,23,0.21176470588235294,0.06174403281905996,-0.15652129093731168,0.09085503044072885,0.5969941451290518,-0.147339340180312,0.11699257179908656,0.032591936696663076,0.023871630223083907,True,how much of the apparent gain survives destroying the new labels?
MC_donors,130363,nn<0.6,EXPANDED_SHUFFLED_vs_BASE,BASE,EXPANDED_SHUFFLED,shape_mae,-0.03799906070330329,-0.07478969607004879,0.006663130546640121,0.9520095980803839,39,85,57,5000,-0.012914181504159603,28,0.21176470588235294,0.02009522025363986,-0.07825462416961113,0.002256502763004535,0.06380831464464123,-0.08121070766468208,0.0008759397123591249,-0.03660494579591264,-0.053478377152615005,True,how much of the apparent gain survives destroying the new labels?
MC_donors,130363,nn<0.6,EXPANDED_vs_EXPANDED_ROWMATCHED,EXPANDED_ROWMATCHED,EXPANDED,mae,-0.005517154255019541,-0.01747234725078557,0.003552639958143578,0.876624675064987,37,85,57,5000,-0.011494365446037604,23,0.21176470588235294,0.005208100789799427,-0.015950233825009513,0.004915925314970431,0.2939924839397439,-0.016802788987589152,0.0040999617017504885,0.017547298372150792,0.02449209063786602,False,derived (not pre-registered): needed to score A4's first clause
MC_donors,130363,nn<0.6,EXPANDED_vs_EXPANDED_ROWMATCHED,EXPANDED_ROWMATCHED,EXPANDED,offset_mae,-0.007215065929479975,-0.0188394096867741,0.0026203895373228016,0.9298140371925615,35,85,57,5000,-0.011482711239899284,23,0.21176470588235294,0.005148284298636874,-0.01752831866871452,0.0030981868097545683,0.1665974400164104,-0.018779348652754636,0.0026541604774035278,-0.0005013256759256267,0.0036390492575534253,False,derived (not pre-registered): needed to score A4's first clause
MC_donors,130363,nn<0.6,EXPANDED_vs_EXPANDED_ROWMATCHED,EXPANDED_ROWMATCHED,EXPANDED,shape_mae,0.0021910043884613276,-0.002247061024114554,0.007237973908748642,0.17076584683063387,49,85,57,5000,0.0016717616467227796,30,0.21176470588235294,0.0023151338046570225,-0.0024467659186088145,0.00682877469553147,0.3480188999283814,-0.002117053377298272,0.007387950965831399,-0.0005013256759256267,0.014443677542000988,False,derived (not pre-registered): needed to score A4's first clause
MC_donors,155921,all,EXPANDED_vs_BASE,BASE,EXPANDED,mae,0.19647423317090953,0.07142165994800488,0.39455098938263433,0.0001999600079984003,65,131,79,5000,0.34158260057013623,45,0.21374045801526717,0.08009501216554095,0.03701731297470562,0.35593115336711345,0.016398249454314253,0.06395417593394763,0.37656001676854817,-0.0020053039636734648,-0.03940927112874884,True,"A1 primary: does adding 61 sparse, chemically distant extractants help?"
MC_donors,155921,all,EXPANDED_vs_BASE,BASE,EXPANDED,offset_mae,0.20548862979927945,0.07290938378974257,0.409043858208684,0.0001999600079984003,79,131,79,5000,0.3539330193664406,49,0.21374045801526717,0.08379800306749964,0.038659621020074725,0.3723176385784842,0.016433110830591974,0.06396568265251625,0.3883786939452168,-0.0015039775317649809,-0.04337778425706095,True,"A1 primary: does adding 61 sparse, chemically distant extractants help?"
MC_donors,155921,all,EXPANDED_vs_BASE,BASE,EXPANDED,shape_mae,0.011835994714703745,-0.013648241129757748,0.04152651048671063,0.17256548690261947,69,131,79,5000,0.02889391533214462,52,0.21374045801526717,0.013056301031394607,-0.014157103923171264,0.03782909335257875,0.36744472935218636,-0.016204716284596493,0.03786048802048796,-0.01403757935031084,-0.04250737105112373,True,"A1 primary: does adding 61 sparse, chemically distant extractants help?"
MC_donors,155921,all,EXPANDED_ROWMATCHED_vs_BASE,BASE,EXPANDED_ROWMATCHED,mae,0.20254146303989584,0.0773047746799696,0.39882600609429303,0.0001999600079984003,64,131,79,5000,0.3433086789770211,46,0.21374045801526717,0.0799987665126279,0.04327615321967973,0.361806772860112,0.013357364370117074,0.07038766763554401,0.38522715817026676,0.004010615991203968,-0.03599304030033435,True,row-budget-matched depth control: help at BASE's row count?
MC_donors,155921,all,EXPANDED_ROWMATCHED_vs_BASE,BASE,EXPANDED_ROWMATCHED,offset_mae,0.21231617725271718,0.0836301912384142,0.4120989051202159,0.0001999600079984003,73,131,79,5000,0.3517974265512282,46,0.21374045801526717,0.0814604462816478,0.05014088654880647,0.3744914679566279,0.010957757599142349,0.07738136310680911,0.4014595463329341,0.014037579350310981,-0.030528546514628684,True,row-budget-matched depth control: help at BASE's row count?
MC_donors,155921,all,EXPANDED_ROWMATCHED_vs_BASE,BASE,EXPANDED_ROWMATCHED,shape_mae,0.006882582403173087,-0.017845797825245698,0.03704625028902004,0.28894221155768846,64,131,79,5000,0.022614205051989786,48,0.21374045801526717,0.013414514884499634,-0.019823665234163807,0.033588830040509984,0.6093526211922059,-0.020809698895341292,0.03360687205483838,-0.02908098644911949,-0.039574824733094434,True,row-budget-matched depth control: help at BASE's row count?
MC_donors,155921,all,EXPANDED_vs_EXPANDED_SHUFFLED,EXPANDED_SHUFFLED,EXPANDED,mae,0.29834815279883203,0.16804942485763855,0.48798512941064737,0.0001999600079984003,86,131,79,5000,0.43486288461551387,56,0.21374045801526717,0.08025688032596978,0.13856897784990443,0.45812732774775966,0.0003770597252036444,0.1527273452148333,0.4608025360697844,-0.026071887453559334,-0.05569357363264629,True,A4 information null: is the gain information or just rows/regularisation?
MC_donors,155921,all,EXPANDED_vs_EXPANDED_SHUFFLED,EXPANDED_SHUFFLED,EXPANDED,offset_mae,0.2840074882305317,0.13907462030351123,0.4952346591531969,0.0001999600079984003,82,131,79,5000,0.4407968424203316,50,0.21374045801526717,0.09144822316158735,0.10194806120124814,0.46606691525981525,0.0026467329284466743,0.11310031924964023,0.45840832799160103,-0.04463279759461025,-0.07690240027927163,True,A4 information null: is the gain information or just rows/regularisation?
MC_donors,155921,all,EXPANDED_vs_EXPANDED_SHUFFLED,EXPANDED_SHUFFLED,EXPANDED,shape_mae,0.09327839378314644,0.0495809264953619,0.13993127616634665,0.0001999600079984003,79,131,79,5000,0.09368870873822034,48,0.21374045801526717,0.02189940598936389,0.04968002556050415,0.13687676200578872,5.671878979047163e-05,0.05486128441795013,0.1450048534369409,0.04362916941356742,0.037166466998417316,True,A4 information null: is the gain information or just rows/regularisation?
MC_donors,155921,all,EXPANDED_SHUFFLED_vs_BASE,BASE,EXPANDED_SHUFFLED,mae,-0.1018739196279225,-0.17388836528201315,-0.030841547293459167,0.997000599880024,47,131,79,5000,-0.09328028404537761,29,0.21374045801526717,0.03410628079891193,-0.16977430878450478,-0.03397353047134023,0.0037646063575103076,-0.173273334329789,-0.029947828505812294,0.013034836136889385,-0.0015243811777698234,True,how much of the apparent gain survives destroying the new labels?
MC_donors,155921,all,EXPANDED_SHUFFLED_vs_BASE,BASE,EXPANDED_SHUFFLED,offset_mae,-0.07851885843125223,-0.16488115816755544,-0.00626868737231948,0.9832033593281344,54,131,79,5000,-0.08686382305389095,33,0.21374045801526717,0.03930986646918346,-0.15677879086680507,-0.00025892599569936336,0.049265129336527394,-0.16181397946701928,-0.0035323995726593794,0.008021296494625931,0.014220683983378436,True,how much of the apparent gain survives destroying the new labels?
MC_donors,155921,all,EXPANDED_SHUFFLED_vs_BASE,BASE,EXPANDED_SHUFFLED,shape_mae,-0.08144239906844268,-0.12131551380813398,-0.03768938895857666,1.0,54,131,79,5000,-0.06479479340607572,34,0.21374045801526717,0.020496182021387234,-0.12224716296755234,-0.04063763516933303,0.00015686316086599008,-0.1258086078599587,-0.04216276160837552,-0.03510000177270885,-0.03918431437213658,True,how much of the apparent gain survives destroying the new labels?
MC_donors,155921,all,EXPANDED_vs_EXPANDED_ROWMATCHED,EXPANDED_ROWMATCHED,EXPANDED,mae,-0.006067229868986344,-0.015623920127642616,0.004478025064386021,0.8770245950809838,69,131,79,5000,-0.0017260784068848971,41,0.21374045801526717,0.004835920536898582,-0.015694808094877142,0.0035603483569044544,0.21336414068524015,-0.01669871180230356,0.0036632844729173283,-0.028077925538198285,-0.03019482039210576,False,derived (not pre-registered): needed to score A4's first clause
MC_donors,155921,all,EXPANDED_vs_EXPANDED_ROWMATCHED,EXPANDED_ROWMATCHED,EXPANDED,offset_mae,-0.006827547453437742,-0.018238152508606872,0.00913564106277331,0.7924415116976604,63,131,79,5000,0.0021355928152123897,38,0.21374045801526717,0.007160108592223257,-0.021082228656638814,0.00742713374976333,0.34325542529981334,-0.020445458144709574,0.006826482367373173,-0.03510000177270885,-0.08085081863116023,False,derived (not pre-registered): needed to score A4's first clause
MC_donors,155921,all,EXPANDED_vs_EXPANDED_ROWMATCHED,EXPANDED_ROWMATCHED,EXPANDED,shape_mae,0.00495341231153066,-0.00230646809232134,0.011711502039931106,0.09598080383923216,69,131,79,5000,0.006279710280154826,42,0.21374045801526717,0.0034729886634864483,-0.001960776989187568,0.011867601612248887,0.1577813282515411,-0.0020224841995781437,0.011993930271685905,0.014538956187067702,0.017084875259920456,False,derived (not pre-registered): needed to score A4's first clause
MC_donors,155921,nn<0.4,EXPANDED_vs_BASE,BASE,EXPANDED,mae,0.6522506831845266,0.31599778892074765,1.0714629908213378,0.0001999600079984003,27,38,34,5000,0.7426183757199913,26,0.10526315789473684,0.1961756225697354,0.2531283780797523,1.0513729882893008,0.002176397952273919,0.32791895586305747,1.0901958967211154,0.008021296494625931,0.019077698656503276,True,"A1 primary: does adding 61 sparse, chemically distant extractants help?"
MC_donors,155921,nn<0.4,EXPANDED_vs_BASE,BASE,EXPANDED,offset_mae,0.6693582454116175,0.3128817320181608,1.0992604973140099,0.0001999600079984003,28,38,34,5000,0.7605425731767524,25,0.10526315789473684,0.2029265326304716,0.25650111051657065,1.0822153803066643,0.0023350036265181867,0.32243905820623364,1.122387760669985,0.009023984261129213,0.015901796123240924,True,"A1 primary: does adding 61 sparse, chemically distant extractants help?"
MC_donors,155921,nn<0.4,EXPANDED_vs_BASE,BASE,EXPANDED,shape_mae,0.06299308154656345,0.007518742302358994,0.1229691301527736,0.015596880623875225,29,38,34,5000,0.07214408015323251,28,0.10526315789473684,0.02949919278524074,0.0029765225625840094,0.12300964053054289,0.0402398323024099,0.002682664470222122,0.12047426875206578,-0.007519955698540524,-0.02463097924526128,True,"A1 primary: does adding 61 sparse, chemically distant extractants help?"
MC_donors,155921,nn<0.4,EXPANDED_ROWMATCHED_vs_BASE,BASE,EXPANDED_ROWMATCHED,mae,0.6612419939050497,0.3144848881457469,1.0915776965676691,0.0001999600079984003,25,38,34,5000,0.7529636385684758,25,0.10526315789473684,0.20078568815865877,0.25274043983736594,1.0697435479727333,0.0023679715606349664,0.32453307548768523,1.109401543468217,0.004511946203065805,0.019720624429363242,True,row-budget-matched depth control: help at BASE's row count?
MC_donors,155921,nn<0.4,EXPANDED_ROWMATCHED_vs_BASE,BASE,EXPANDED_ROWMATCHED,offset_mae,0.6822502074778438,0.3180002101228759,1.1255184499718949,0.0001999600079984003,28,38,34,5000,0.7741735469765864,24,0.10526315789473684,0.20744597181675048,0.26019820442242064,1.104302210533267,0.002396336450708663,0.3271322083897584,1.1478238816712547,0.011530745575864969,0.01666700741681524,True,row-budget-matched depth control: help at BASE's row count?
MC_donors,155921,nn<0.4,EXPANDED_ROWMATCHED_vs_BASE,BASE,EXPANDED_ROWMATCHED,shape_mae,0.06579287673120644,0.010594123678217219,0.12568477429536845,0.01199760047990402,26,38,34,5000,0.07507273350660364,26,0.10526315789473684,0.029411964107429994,0.0059537858266092425,0.12563196763580364,0.032163275021602704,0.007365020583093217,0.12377274588367539,-0.0040106159912038294,-0.022541960731294646,True,row-budget-matched depth control: help at BASE's row count?
MC_donors,155921,nn<0.4,EXPANDED_vs_EXPANDED_SHUFFLED,EXPANDED_SHUFFLED,EXPANDED,mae,0.7289553830593765,0.3975137608142576,1.1128504210024595,0.0001999600079984003,30,38,34,5000,0.8095469419904151,27,0.10526315789473684,0.18450565434435445,0.3535758068298874,1.1043349592888656,0.0003867406274731424,0.3930512203176555,1.1108474611627044,0.0005013256759256267,-0.005486370961444094,True,A4 information null: is the gain information or just rows/regularisation?
MC_donors,155921,nn<0.4,EXPANDED_vs_EXPANDED_SHUFFLED,EXPANDED_SHUFFLED,EXPANDED,offset_mae,0.7261760506421067,0.3707612292612047,1.135115051902141,0.0001999600079984003,27,38,34,5000,0.8088410787164113,25,0.10526315789473684,0.1929467702854355,0.3336228949029447,1.1187292063812686,0.0006546781761771346,0.3689410995524957,1.132746377736799,0.00150397753176512,-0.004796387792468804,True,A4 information null: is the gain information or just rows/regularisation?
MC_donors,155921,nn<0.4,EXPANDED_vs_EXPANDED_SHUFFLED,EXPANDED_SHUFFLED,EXPANDED,shape_mae,0.11846902548136501,0.04524812370476116,0.20828277270131257,0.0005998800239952009,25,38,34,5000,0.1260559319017089,22,0.10526315789473684,0.04089200054227968,0.035273624834790365,0.20166442612793967,0.006639903815092135,0.048680152037596174,0.2144969350817666,0.020555799371180145,0.018578518826360357,True,A4 information null: is the gain information or just rows/regularisation?
MC_donors,155921,nn<0.4,EXPANDED_SHUFFLED_vs_BASE,BASE,EXPANDED_SHUFFLED,mae,-0.07670469987485,-0.2597254656350724,0.11705408864960894,0.7884423115376925,16,38,34,5000,-0.06692856627042383,16,0.10526315789473684,0.09775604741049286,-0.2755908737496805,0.12218147399998051,0.438253099034573,-0.2577364099518251,0.12203434676842406,0.009023984261129213,0.0059896086784255636,True,how much of the apparent gain survives destroying the new labels?
MC_donors,155921,nn<0.4,EXPANDED_SHUFFLED_vs_BASE,BASE,EXPANDED_SHUFFLED,offset_mae,-0.056817805230489106,-0.2582243693090948,0.1565949615912862,0.7058588282343531,16,38,34,5000,-0.048298505539659135,16,0.10526315789473684,0.10611780339248515,-0.27271609956422144,0.15908048910324324,0.595948322281223,-0.2541253831123315,0.1592207803403488,0.004511946203065805,0.005697313984801369,True,how much of the apparent gain survives destroying the new labels?
MC_donors,155921,nn<0.4,EXPANDED_SHUFFLED_vs_BASE,BASE,EXPANDED_SHUFFLED,shape_mae,-0.05547594393480158,-0.12906165488243274,0.011067585757485772,0.9528094381123775,19,38,34,5000,-0.05391185174847643,17,0.10526315789473684,0.03444595074039567,-0.12555675765132296,0.014604869781719779,0.11680946274186285,-0.13134790578723865,0.008625224144382555,-0.0020053039636734648,-0.015446962794583505,True,how much of the apparent gain survives destroying the new labels?
MC_donors,155921,nn<0.4,EXPANDED_vs_EXPANDED_ROWMATCHED,EXPANDED_ROWMATCHED,EXPANDED,mae,-0.008991310720523444,-0.0297408532760282,0.008284933737036307,0.8290341931613677,21,38,34,5000,-0.010345262848484534,18,0.10526315789473684,0.009542628374225346,-0.028405934125759022,0.010423312684712133,0.35292416256550707,-0.03502621774668692,0.005935342045308946,-0.07778384164691524,-0.054610510999192494,False,derived (not pre-registered): needed to score A4's first clause
MC_donors,155921,nn<0.4,EXPANDED_vs_EXPANDED_ROWMATCHED,EXPANDED_ROWMATCHED,EXPANDED,offset_mae,-0.012891962066226462,-0.03317049904206652,0.00439702403704429,0.9144171165766847,13,38,34,5000,-0.013630973799833867,13,0.10526315789473684,0.009488308728883515,-0.032196071322062064,0.006412147189609137,0.18345049972124386,-0.037544413406313946,0.0022551599732399115,-0.06923822116766848,-0.05171945440599331,False,derived (not pre-registered): needed to score A4's first clause
MC_donors,155921,nn<0.4,EXPANDED_vs_EXPANDED_ROWMATCHED,EXPANDED_ROWMATCHED,EXPANDED,shape_mae,-0.002799795184643006,-0.01009125079322643,0.0036340676902441443,0.7868426314737053,17,38,34,5000,-0.002928653353371121,16,0.10526315789473684,0.003434432196911674,-0.009787200027312344,0.004187609658026333,0.4207950923101741,-0.010637754068381048,0.0032370144992195948,-0.021558673039087303,-0.025537759786242967,False,derived (not pre-registered): needed to score A4's first clause
MC_donors,155921,nn<0.6,EXPANDED_vs_BASE,BASE,EXPANDED,mae,0.3167838025617317,0.13718709533757445,0.5773772935163981,0.0001999600079984003,47,86,58,5000,0.4650841805352524,36,0.1744186046511628,0.11044655887070044,0.09561838332560332,0.5379492217978601,0.005778265364696115,0.13524647918071847,0.5746418563947406,0.027074892876565382,-0.018950284333492627,True,"A1 primary: does adding 61 sparse, chemically distant extractants help?"
MC_donors,155921,nn<0.6,EXPANDED_vs_BASE,BASE,EXPANDED,offset_mae,0.33557526580946606,0.14994767943833526,0.6067891679830428,0.0001999600079984003,55,86,58,5000,0.4872746155103075,38,0.1744186046511628,0.11488011760274196,0.10553179835068649,0.5656187332682456,0.0049906670910477395,0.14529952512663746,0.5983185702051741,0.015040336678635672,-0.022592818020437302,True,"A1 primary: does adding 61 sparse, chemically distant extractants help?"
MC_donors,155921,nn<0.6,EXPANDED_vs_BASE,BASE,EXPANDED,shape_mae,0.027536620398303166,-0.005147217320603353,0.06060134902635382,0.04479104179164167,51,86,58,5000,0.037335497150685654,40,0.1744186046511628,0.015470200268191273,-0.003441921287064331,0.05851516208367066,0.08041002809153212,-0.00755018793945671,0.05801931589063785,-0.03560164077923748,-0.014753091102616628,True,"A1 primary: does adding 61 sparse, chemically distant extractants help?"
MC_donors,155921,nn<0.6,EXPANDED_ROWMATCHED_vs_BASE,BASE,EXPANDED_ROWMATCHED,mae,0.32210674779851506,0.14198819827984496,0.58463035675549,0.0001999600079984003,47,86,58,5000,0.4658213803789917,36,0.1744186046511628,0.1105443149528375,0.1007455753844716,0.5434679202125585,0.005092644255901542,0.14194086433308184,0.5843915626726116,0.026071887453559196,-0.013682569721581755,True,row-budget-matched depth control: help at BASE's row count?
MC_donors,155921,nn<0.6,EXPANDED_ROWMATCHED_vs_BASE,BASE,EXPANDED_ROWMATCHED,offset_mae,0.33835301834646125,0.1523243497154695,0.6090953242526587,0.0001999600079984003,52,86,58,5000,0.48332521806573703,35,0.1744186046511628,0.11381687748312178,0.11043865250215354,0.5662673841907689,0.004318118131663274,0.15165695246238856,0.605692549642898,0.018048703440788155,-0.013746964623805227,True,row-budget-matched depth control: help at BASE's row count?
MC_donors,155921,nn<0.6,EXPANDED_ROWMATCHED_vs_BASE,BASE,EXPANDED_ROWMATCHED,shape_mae,0.024989669720998142,-0.007755921725793421,0.058047801447890846,0.060587882423515295,49,86,58,5000,0.03337401591419484,39,0.1744186046511628,0.01570561942303914,-0.00646029069040769,0.056439630132403974,0.11711192941837434,-0.0093330109595261,0.05707125423285154,-0.018048703440788155,-0.011714116668409952,True,row-budget-matched depth control: help at BASE's row count?
MC_donors,155921,nn<0.6,EXPANDED_vs_EXPANDED_SHUFFLED,EXPANDED_SHUFFLED,EXPANDED,mae,0.4215480152324754,0.2526217537918202,0.6640220978806098,0.0001999600079984003,61,86,58,5000,0.5622431055578268,44,0.1744186046511628,0.1023704412199829,0.21655474263707933,0.6265412878278716,0.0001248673313418892,0.24955621687804236,0.6562197690495416,0.015040336678635672,-0.02182846466324058,True,A4 information null: is the gain information or just rows/regularisation?
MC_donors,155921,nn<0.6,EXPANDED_vs_EXPANDED_SHUFFLED,EXPANDED_SHUFFLED,EXPANDED,offset_mae,0.4088670617628173,0.21848526736823232,0.6867231019666323,0.0001999600079984003,59,86,58,5000,0.5779467536027074,41,0.1744186046511628,0.11727144181628284,0.1740350501644559,0.6436990733611787,0.0009492906363783297,0.2018048801113147,0.6511943950925805,-0.009525331483604746,-0.04805519980435604,True,A4 information null: is the gain information or just rows/regularisation?
MC_donors,155921,nn<0.6,EXPANDED_vs_EXPANDED_SHUFFLED,EXPANDED_SHUFFLED,EXPANDED,shape_mae,0.11276541004128414,0.05043387529409291,0.16842265931457323,0.0001999600079984003,54,86,58,5000,0.105434834436914,35,0.1744186046511628,0.029690267043721318,0.053311675809106084,0.1722191442734622,0.000356192930716934,0.056314629499512235,0.1728994918201651,0.02557039464076243,0.037927023088659674,True,A4 information null: is the gain information or just rows/regularisation?
MC_donors,155921,nn<0.6,EXPANDED_SHUFFLED_vs_BASE,BASE,EXPANDED_SHUFFLED,mae,-0.10476421267074372,-0.20183501958651115,0.0010815724074776972,0.974005198960208,30,86,58,5000,-0.09715892502257427,22,0.1744186046511628,0.04837130059159096,-0.20162607132638727,-0.007902354015100171,0.03452145149748277,-0.1996202610550176,0.003911784502716789,0.014037579350310981,0.004148732920670886,True,how much of the apparent gain survives destroying the new labels?
MC_donors,155921,nn<0.6,EXPANDED_SHUFFLED_vs_BASE,BASE,EXPANDED_SHUFFLED,offset_mae,-0.07329179595335118,-0.18602587954299374,0.03229953749331184,0.9242151569686062,34,86,58,5000,-0.0906721380923999,23,0.1744186046511628,0.05289238951229029,-0.1792069790110784,0.03262338710437604,0.1712434665118703,-0.1822242180443817,0.036877903641906636,0.015541720951108279,0.006863754231433144,True,how much of the apparent gain survives destroying the new labels?
MC_donors,155921,nn<0.6,EXPANDED_SHUFFLED_vs_BASE,BASE,EXPANDED_SHUFFLED,shape_mae,-0.08522878964298099,-0.135678104050417,-0.026206550343635178,0.999000199960008,38,86,58,5000,-0.06809933728622833,25,0.1744186046511628,0.027596121612952933,-0.14048906998331326,-0.02996850930264871,0.003107096725940957,-0.14255997882056096,-0.033725543756126394,-0.0401168101849681,-0.05195294872898457,True,how much of the apparent gain survives destroying the new labels?
MC_donors,155921,nn<0.6,EXPANDED_vs_EXPANDED_ROWMATCHED,EXPANDED_ROWMATCHED,EXPANDED,mae,-0.005322945236783372,-0.01726256703017674,0.008430072787827944,0.7974405118976204,46,86,58,5000,-0.0007371998437392754,30,0.1744186046511628,0.006277830948368611,-0.01789408487015962,0.007248194396592875,0.40004260834733624,-0.018182918080489975,0.00725687975254253,-0.013536206042278412,-0.02603130534628834,False,derived (not pre-registered): needed to score A4's first clause
MC_donors,155921,nn<0.6,EXPANDED_vs_EXPANDED_ROWMATCHED,EXPANDED_ROWMATCHED,EXPANDED,offset_mae,-0.002777752536995125,-0.016508131050502257,0.014215924824070714,0.6236752649470106,43,86,58,5000,0.003949397444570515,30,0.1744186046511628,0.007931828837627736,-0.018660965813353005,0.013105460739362753,0.7274769583791859,-0.01774598071521736,0.012589398144761102,-0.01855011304703817,-0.04063730354293927,False,derived (not pre-registered): needed to score A4's first clause
MC_donors,155921,nn<0.6,EXPANDED_vs_EXPANDED_ROWMATCHED,EXPANDED_ROWMATCHED,EXPANDED,shape_mae,0.0025469506773050225,-0.00516112809328217,0.010697601217872381,0.27114577084583086,42,86,58,5000,0.003961481236490817,29,0.1744186046511628,0.003917394416023787,-0.005297496331202077,0.01039139768581212,0.5181979614114782,-0.0047906435922611896,0.011280185844501496,0.021558673039087442,0.018615925062497884,False,derived (not pre-registered): needed to score A4's first clause
MC_donors,196613,all,EXPANDED_vs_BASE,BASE,EXPANDED,mae,0.15183392561012965,0.025440404040028366,0.32889499142631345,0.0065986802639472104,70,131,79,5000,0.21117644369046457,42,0.21374045801526717,0.07506207440855757,0.0023968147949277874,0.3012710364253315,0.04652307808553535,0.02705162301309205,0.3303011130895831,0.026573386823392792,-0.008805741949804808,True,"A1 primary: does adding 61 sparse, chemically distant extractants help?"
MC_donors,196613,all,EXPANDED_vs_BASE,BASE,EXPANDED,offset_mae,0.14736736344622478,0.014741157323544233,0.3260050836275316,0.014597080583883223,75,131,79,5000,0.20259493818916055,43,0.21374045801526717,0.07666575218735233,-0.005262424574209085,0.2999971514666586,0.058231392044369897,0.018478898102197605,0.3331595326488826,0.031588768951337685,0.00011082533700232059,True,"A1 primary: does adding 61 sparse, chemically distant extractants help?"
MC_donors,196613,all,EXPANDED_vs_BASE,BASE,EXPANDED,shape_mae,0.019437561380977495,-0.0003141814552210306,0.04125384768154962,0.026994601079784044,78,131,79,5000,0.031678492792654216,53,0.21374045801526717,0.010072004751412391,-0.0006142597554292875,0.03948938251738428,0.0572599755095781,-0.003562337651474218,0.03815699521389193,-0.04965163319757251,-0.04878276816162644,True,"A1 primary: does adding 61 sparse, chemically distant extractants help?"
MC_donors,196613,all,EXPANDED_ROWMATCHED_vs_BASE,BASE,EXPANDED_ROWMATCHED,mae,0.1610723933158875,0.03327873648993089,0.3442343862739498,0.004799040191961607,68,131,79,5000,0.22870580462585366,44,0.21374045801526717,0.07721776258340242,0.007343637016523741,0.31480114961525124,0.04025215519357949,0.031496722126993136,0.340657593982442,0.019552946376962338,-0.01785574628542854,True,row-budget-matched depth control: help at BASE's row count?
MC_donors,196613,all,EXPANDED_ROWMATCHED_vs_BASE,BASE,EXPANDED_ROWMATCHED,offset_mae,0.15462224907843797,0.022025887353872512,0.3382452824716414,0.010197960407918417,72,131,79,5000,0.21357133857475663,43,0.21374045801526717,0.07720837772025473,0.0009121766063630021,0.30833232155051293,0.04868848438345332,0.024022926293489462,0.3405762419340328,0.024065954281736284,-0.004028290878714278,True,row-budget-matched depth control: help at BASE's row count?
MC_donors,196613,all,EXPANDED_ROWMATCHED_vs_BASE,BASE,EXPANDED_ROWMATCHED,shape_mae,0.012814443260296824,-0.008177607086700902,0.039331043106253766,0.11637672465506899,71,131,79,5000,0.0289839205123457,51,0.21374045801526717,0.012256547118261107,-0.011586467643845678,0.03721535416443933,0.29901281943345187,-0.013917799598484675,0.034810643341945835,-0.06471615494550698,-0.07106777223208043,True,row-budget-matched depth control: help at BASE's row count?
MC_donors,196613,all,EXPANDED_vs_EXPANDED_SHUFFLED,EXPANDED_SHUFFLED,EXPANDED,mae,0.2059294751076834,0.09323142990381475,0.3681339572912395,0.0001999600079984003,73,131,79,5000,0.2592556545829838,45,0.21374045801526717,0.06593036931361822,0.07467219261399433,0.33718675760137246,0.002508836242420356,0.0935466353543365,0.36948699044943023,0.009525331483604746,-0.0030690347875194446,True,A4 information null: is the gain information or just rows/regularisation?
MC_donors,196613,all,EXPANDED_vs_EXPANDED_SHUFFLED,EXPANDED_SHUFFLED,EXPANDED,offset_mae,0.20370069071958952,0.0877301046251382,0.36509903920552444,0.0005998800239952009,67,131,79,5000,0.2617557607082137,43,0.21374045801526717,0.06666026209459218,0.07099030332235162,0.3364110781168274,0.0030721538769547673,0.09226045956298393,0.3713785060288526,0.02557039464076243,0.0025252532435952857,True,A4 information null: is the gain information or just rows/regularisation?
MC_donors,196613,all,EXPANDED_vs_EXPANDED_SHUFFLED,EXPANDED_SHUFFLED,EXPANDED,shape_mae,0.06094660130379609,0.024810369932843416,0.10634262396690557,0.0009998000399920016,73,131,79,5000,0.05563411125719857,51,0.21374045801526717,0.020282912387791122,0.020566424629597797,0.10132677797799439,0.0035721638528765616,0.03040506801086955,0.11788750526144952,0.07476712377922373,0.06518298392650296,True,A4 information null: is the gain information or just rows/regularisation?
MC_donors,196613,all,EXPANDED_SHUFFLED_vs_BASE,BASE,EXPANDED_SHUFFLED,mae,-0.0540955494975537,-0.13695379539141594,0.0374875599805751,0.8994201159768046,58,131,79,5000,-0.0480792108925191,31,0.21374045801526717,0.04113220728466278,-0.13598348380397948,0.027792384808872084,0.1923084350964506,-0.13044600495162142,0.04566300139966197,0.04362916941356742,0.014283906356482618,True,how much of the apparent gain survives destroying the new labels?
MC_donors,196613,all,EXPANDED_SHUFFLED_vs_BASE,BASE,EXPANDED_SHUFFLED,offset_mae,-0.05633332727336477,-0.1435952574001484,0.038873817783999835,0.8928214357128574,66,131,79,5000,-0.059160822519053136,36,0.21374045801526717,0.0435420861498643,-0.14301896185476823,0.030352307308038694,0.19956380073555638,-0.1370061489353633,0.04410114088742978,0.027074892876565382,0.018578742651112593,True,how much of the apparent gain survives destroying the new labels?
MC_donors,196613,all,EXPANDED_SHUFFLED_vs_BASE,BASE,EXPANDED_SHUFFLED,shape_mae,-0.041509039922818576,-0.08375609941094983,-0.0024570893988415782,0.9802039592081584,61,131,79,5000,-0.023955618464544363,41,0.21374045801526717,0.019973097784875587,-0.08127242310292741,-0.0017456567427097391,0.04097543658883173,-0.09861094362809054,-0.009839906712188873,-0.06270677794321385,-0.08191021849620632,True,how much of the apparent gain survives destroying the new labels?
MC_donors,196613,all,EXPANDED_vs_EXPANDED_ROWMATCHED,EXPANDED_ROWMATCHED,EXPANDED,mae,-0.009238467705757807,-0.023258765327439618,0.00076986034122082,0.9626074785042992,64,131,79,5000,-0.01752936093538906,33,0.21374045801526717,0.006275038921868328,-0.02173111055003864,0.003254175138523028,0.14497522673872384,-0.021695936251887243,0.0020007452604230767,0.015040336678635672,0.0600653120391379,False,derived (not pre-registered): needed to score A4's first clause
MC_donors,196613,all,EXPANDED_vs_EXPANDED_ROWMATCHED,EXPANDED_ROWMATCHED,EXPANDED,offset_mae,-0.007254885632213215,-0.02076710808354351,0.003987782179835901,0.8958208358328335,70,131,79,5000,-0.010976400385596113,37,0.21374045801526717,0.006124249737050604,-0.019447330269891178,0.004937559005464748,0.23976626430285528,-0.020343894302615077,0.004306420403341921,0.00852263930681304,0.008061881873234077,False,derived (not pre-registered): needed to score A4's first clause
MC_donors,196613,all,EXPANDED_vs_EXPANDED_ROWMATCHED,EXPANDED_ROWMATCHED,EXPANDED,shape_mae,0.0066231181206806745,-0.0015527280406577681,0.0132873484056778,0.07118576284743051,75,131,79,5000,0.0026945722803085187,42,0.21374045801526717,0.004108259472617518,-0.0015557982082977755,0.014802034449659125,0.11096916211675224,0.00010971731655300524,0.015483310901986158,0.0903614371292588,0.1217443329515547,False,derived (not pre-registered): needed to score A4's first clause
MC_donors,196613,nn<0.4,EXPANDED_vs_BASE,BASE,EXPANDED,mae,0.3885947285002997,-0.009864863983089575,0.8775665035252085,0.02979404119176165,20,35,33,5000,0.4249121287616992,19,0.05714285714285714,0.2285412635797394,-0.07692859164177523,0.8541180486423746,0.09877058368143513,0.031203400323114968,0.9632762658822631,0.060195411728956635,0.033985215202922206,True,"A1 primary: does adding 61 sparse, chemically distant extractants help?"
MC_donors,196613,nn<0.4,EXPANDED_vs_BASE,BASE,EXPANDED,offset_mae,0.391600995595947,-0.030052636413705973,0.8919729816218837,0.03419316136772645,20,35,33,5000,0.4263989116980919,20,0.05714285714285714,0.23790879640664372,-0.09300336450720637,0.8762053556991004,0.10954927253841684,0.014237735082766814,0.9718372239981194,0.05366759628332598,0.03129715968888595,True,"A1 primary: does adding 61 sparse, chemically distant extractants help?"
MC_donors,196613,nn<0.4,EXPANDED_vs_BASE,BASE,EXPANDED,shape_mae,0.05156183772028881,-0.010067516609239052,0.10275239184235324,0.046990601879624075,27,35,33,5000,0.06448161636725083,27,0.05714285714285714,0.029593339678445504,-0.008717822615077683,0.1118414980556553,0.09105282053841836,-0.03673022050267538,0.09213817780983101,-0.10345734693318251,-0.10173314209914883,True,"A1 primary: does adding 61 sparse, chemically distant extractants help?"
MC_donors,196613,nn<0.4,EXPANDED_ROWMATCHED_vs_BASE,BASE,EXPANDED_ROWMATCHED,mae,0.424952344581707,0.026494548772465043,0.9080676688294212,0.01899620075984803,20,35,33,5000,0.4641364435296799,19,0.05714285714285714,0.22718521037397504,-0.037808785570040526,0.8877134747334545,0.07058331352999128,0.0670312701048475,0.9842965829453223,0.058688775225833746,0.03323180088030246,True,row-budget-matched depth control: help at BASE's row count?
MC_donors,196613,nn<0.4,EXPANDED_ROWMATCHED_vs_BASE,BASE,EXPANDED_ROWMATCHED,offset_mae,0.4203020726334762,0.002768440721132295,0.9125781029228799,0.02439512097580484,20,35,33,5000,0.45752041300948226,20,0.05714285714285714,0.23416561318273693,-0.05667767275022101,0.8972818180171733,0.08212223648637627,0.04872692034694608,0.9876165696006577,0.051659510595032515,0.030226955779488626,True,row-budget-matched depth control: help at BASE's row count?
MC_donors,196613,nn<0.4,EXPANDED_ROWMATCHED_vs_BASE,BASE,EXPANDED_ROWMATCHED,shape_mae,0.0496628130496029,-0.013692047262531698,0.101658500314506,0.05898820235952809,28,35,33,5000,0.06289179977931679,28,0.05714285714285714,0.030411386601131424,-0.01228315433909747,0.11160878043830327,0.11226460684098825,-0.042118122908236334,0.09103834889940828,-0.10900313977014243,-0.10324894192506094,True,row-budget-matched depth control: help at BASE's row count?
MC_donors,196613,nn<0.4,EXPANDED_vs_EXPANDED_SHUFFLED,EXPANDED_SHUFFLED,EXPANDED,mae,0.3872722159082863,0.015483415032976967,0.8028937908406727,0.019396120775844832,20,35,33,5000,0.41555597646983233,19,0.05714285714285714,0.20111962760410215,-0.022395059582788035,0.7969394913993606,0.06308214307862421,0.04851649942556927,0.8586060315967734,0.045134628481421316,0.026443839320813612,True,A4 information null: is the gain information or just rows/regularisation?
MC_donors,196613,nn<0.4,EXPANDED_vs_EXPANDED_SHUFFLED,EXPANDED_SHUFFLED,EXPANDED,offset_mae,0.4209388173759643,0.035874816619527926,0.8579778728037496,0.014597080583883223,19,35,33,5000,0.44296304525758756,17,0.05714285714285714,0.20780825336651934,-0.0023527429525038723,0.8442303777044324,0.051211710616604574,0.0684103838673924,0.9088509651325716,0.05266352689406844,0.02483903836513344,True,A4 information null: is the gain information or just rows/regularisation?
MC_donors,196613,nn<0.4,EXPANDED_vs_EXPANDED_SHUFFLED,EXPANDED_SHUFFLED,EXPANDED,shape_mae,0.026929702418048315,-0.027095093665666047,0.07735374355305062,0.15316936612677465,21,35,33,5000,0.038397193742273614,21,0.05714285714285714,0.02705482070391135,-0.028179163975083407,0.08203856881118003,0.32702133670906347,-0.04360616208843763,0.06907957577679326,-0.07828669604532612,-0.06534419980332093,True,A4 information null: is the gain information or just rows/regularisation?
MC_donors,196613,nn<0.4,EXPANDED_SHUFFLED_vs_BASE,BASE,EXPANDED_SHUFFLED,mae,0.0013225125920132998,-0.24942316782990387,0.2804410453740598,0.505498900219956,15,35,33,5000,0.009356152291866822,14,0.05714285714285714,0.13141889376888197,-0.26636901408646335,0.26901403927049,0.9920332326137732,-0.23229445545392707,0.3058314628962981,0.020054370352950636,0.025270857866707883,True,how much of the apparent gain survives destroying the new labels?
MC_donors,196613,nn<0.4,EXPANDED_SHUFFLED_vs_BASE,BASE,EXPANDED_SHUFFLED,offset_mae,-0.029337821780017224,-0.29829699048275543,0.2742980498696191,0.592881423715257,14,35,33,5000,-0.016564133559495594,14,0.05714285714285714,0.14199784284390463,-0.3185779625681739,0.2599023190081395,0.8376254019455678,-0.27260021810968776,0.30855521303443484,0.03710661205920443,0.029179060201518895,True,how much of the apparent gain survives destroying the new labels?
MC_donors,196613,nn<0.4,EXPANDED_SHUFFLED_vs_BASE,BASE,EXPANDED_SHUFFLED,shape_mae,0.024632135302240496,-0.01728938773715634,0.0660777540881577,0.11977604479104179,21,35,33,5000,0.02608442262497722,21,0.05714285714285714,0.021006864177436343,-0.01815744678231715,0.06742171738679814,0.24962147247499764,-0.017587894287101828,0.06591374291412415,-0.005514610154793434,-0.003177952773977657,True,how much of the apparent gain survives destroying the new labels?
MC_donors,196613,nn<0.4,EXPANDED_vs_EXPANDED_ROWMATCHED,EXPANDED_ROWMATCHED,EXPANDED,mae,-0.03635761608140736,-0.06080496733131345,-0.012923589442220251,0.9988002399520096,12,35,33,5000,-0.03922431476798075,11,0.05714285714285714,0.01203025763042257,-0.060862448979230405,-0.011852783183584317,0.004908302574656847,-0.061389879490000764,-0.013627616680211134,-0.0060159441466754015,-0.00991175467318331,False,derived (not pre-registered): needed to score A4's first clause
MC_donors,196613,nn<0.4,EXPANDED_vs_EXPANDED_ROWMATCHED,EXPANDED_ROWMATCHED,EXPANDED,offset_mae,-0.028701077037529135,-0.05685484860540186,0.0007295044719585959,0.9708058388322336,13,35,33,5000,-0.03112150131139022,12,0.05714285714285714,0.01436642226983077,-0.05796452158517519,0.0005623675101169186,0.05429940061843982,-0.05511868422237876,0.002539344187738953,0.037608287661255936,0.016973635801467997,False,derived (not pre-registered): needed to score A4's first clause
MC_donors,196613,nn<0.4,EXPANDED_vs_EXPANDED_ROWMATCHED,EXPANDED_ROWMATCHED,EXPANDED,shape_mae,0.001899024670685914,-0.0049155364221132,0.00784597759081044,0.2695460907818436,21,35,33,5000,0.0015898165879340476,19,0.05714285714285714,0.0033071459523523424,-0.004837411191349685,0.008635460532721514,0.5698346618824048,-0.0059638909927565865,0.007237220220297133,-0.054671719780786665,-0.040627185379273144,False,derived (not pre-registered): needed to score A4's first clause
MC_donors,196613,nn<0.6,EXPANDED_vs_BASE,BASE,EXPANDED,mae,0.23178356064322547,0.02403860482102231,0.5053079206018215,0.013197360527894421,42,75,52,5000,0.3146064384770736,31,0.17333333333333334,0.11997374114027172,-0.009073774934057338,0.4726408962205083,0.058929971167848275,0.034883382007659974,0.5251896310936732,0.026573386823392792,0.011422607921371787,True,"A1 primary: does adding 61 sparse, chemically distant extractants help?"
MC_donors,196613,nn<0.6,EXPANDED_vs_BASE,BASE,EXPANDED,offset_mae,0.22381895932675883,0.005439583171455886,0.5083495329106865,0.021795640871825634,41,75,52,5000,0.3048747395630715,30,0.17333333333333334,0.12507483561286817,-0.027279250724556448,0.4749171693780741,0.07947606782189615,0.0149009690856433,0.5268314204653088,0.02557039464076243,0.011948719884376173,True,"A1 primary: does adding 61 sparse, chemically distant extractants help?"
MC_donors,196613,nn<0.6,EXPANDED_vs_BASE,BASE,EXPANDED,shape_mae,0.030241698967402014,-0.0013045506312243734,0.06098462853783618,0.02959408118376325,48,75,52,5000,0.04595479271927199,36,0.17333333333333334,0.015204164651737238,-0.0002819352286353889,0.06076533316343942,0.0520739368325454,-0.009902279194162047,0.05595794293264772,-0.05115752203633166,-0.06294843935804202,True,"A1 primary: does adding 61 sparse, chemically distant extractants help?"
MC_donors,196613,nn<0.6,EXPANDED_ROWMATCHED_vs_BASE,BASE,EXPANDED_ROWMATCHED,mae,0.2490672619278595,0.04280813898178607,0.5268907613042517,0.008398320335932814,41,75,52,5000,0.3417989803780629,30,0.17333333333333334,0.12223548705980512,0.0036692819499433427,0.4944652419057757,0.04679378116877577,0.04804122342702297,0.5381071736292492,0.020555799371180145,0.0041179474706731,True,row-budget-matched depth control: help at BASE's row count?
MC_donors,196613,nn<0.6,EXPANDED_ROWMATCHED_vs_BASE,BASE,EXPANDED_ROWMATCHED,offset_mae,0.2383814280098122,0.021102485455352753,0.5238467433106452,0.014797040591881624,39,75,52,5000,0.3257111700551173,28,0.17333333333333334,0.12575817633373268,-0.014088645782306564,0.490851501801931,0.06369274729147212,0.025215570219753534,0.5325931905824928,0.014037579350310981,0.0060011327362371235,True,row-budget-matched depth control: help at BASE's row count?
MC_donors,196613,nn<0.6,EXPANDED_ROWMATCHED_vs_BASE,BASE,EXPANDED_ROWMATCHED,shape_mae,0.024878986773042004,-0.007989702032875566,0.05648562300081957,0.0609878024395121,45,75,52,5000,0.03984480423690124,34,0.17333333333333334,0.015677451392782888,-0.006594810203024319,0.05635278374910833,0.11871034013262727,-0.014991101245438662,0.05231369214633004,-0.04563647073493522,-0.06220059476068665,True,row-budget-matched depth control: help at BASE's row count?
MC_donors,196613,nn<0.6,EXPANDED_vs_EXPANDED_SHUFFLED,EXPANDED_SHUFFLED,EXPANDED,mae,0.29711231189477194,0.10934016214996702,0.5320265898663685,0.0009998000399920016,40,75,52,5000,0.36021488041871985,32,0.17333333333333334,0.10180585678678293,0.09272852608652823,0.5014960977030156,0.005222995467851463,0.12146498210736159,0.5430365047546227,0.013536206042278273,0.020355504584248146,True,A4 information null: is the gain information or just rows/regularisation?
MC_donors,196613,nn<0.6,EXPANDED_vs_EXPANDED_SHUFFLED,EXPANDED_SHUFFLED,EXPANDED,offset_mae,0.3044137141325276,0.1142269256059005,0.5467859689124834,0.0011997600479904018,39,75,52,5000,0.371311110811719,31,0.17333333333333334,0.10580503599321893,0.09200124105485841,0.5168261872101968,0.005846569537682218,0.12725977043602518,0.5645870924009576,0.01855011304703803,0.01834700843406746,True,A4 information null: is the gain information or just rows/regularisation?
MC_donors,196613,nn<0.6,EXPANDED_vs_EXPANDED_SHUFFLED,EXPANDED_SHUFFLED,EXPANDED,shape_mae,0.062220209535401,0.012768956338023489,0.10846559896413946,0.007798440311937612,39,75,52,5000,0.06581970571584408,34,0.17333333333333334,0.023684867261003724,0.014670854420125036,0.10976956465067697,0.011347843952131063,0.017027256707232166,0.1144921869334249,0.02557039464076243,0.034462806483837524,True,A4 information null: is the gain information or just rows/regularisation?
MC_donors,196613,nn<0.6,EXPANDED_SHUFFLED_vs_BASE,BASE,EXPANDED_SHUFFLED,mae,-0.06532875125154645,-0.1955403994529866,0.08997363375807253,0.8118376324735053,37,75,52,5000,-0.045608441941646156,22,0.17333333333333334,0.07115550723354737,-0.2081793927422072,0.07752189023911431,0.36288179330758674,-0.18965024981484646,0.09949769021620887,0.024567428181125256,0.011545259708758263,True,how much of the apparent gain survives destroying the new labels?
MC_donors,196613,nn<0.6,EXPANDED_SHUFFLED_vs_BASE,BASE,EXPANDED_SHUFFLED,offset_mae,-0.08059475480576882,-0.21973772748473194,0.08103847201289917,0.8532293541291741,36,75,52,5000,-0.06643637124864747,22,0.17333333333333334,0.07396401864529022,-0.2290837182253913,0.06789420861385369,0.2809901585070806,-0.21149197294138122,0.09442313173072694,0.02506890825871106,0.01996586475562675,True,how much of the apparent gain survives destroying the new labels?
MC_donors,196613,nn<0.6,EXPANDED_SHUFFLED_vs_BASE,BASE,EXPANDED_SHUFFLED,shape_mae,-0.03197851056799899,-0.0795103046788948,0.016439963130992958,0.9024195160967806,41,75,52,5000,-0.0198649129965721,29,0.17333333333333334,0.02354103973964809,-0.07923911988567663,0.015282098749678646,0.1803106123431815,-0.092836056376806,0.00805863421281242,-0.07225371305299153,-0.06325780714007538,True,how much of the apparent gain survives destroying the new labels?
MC_donors,196613,nn<0.6,EXPANDED_vs_EXPANDED_ROWMATCHED,EXPANDED_ROWMATCHED,EXPANDED,mae,-0.01728370128463398,-0.036516233983258956,-0.0025992823320348914,0.9938012397520496,33,75,52,5000,-0.02719254190098928,20,0.17333333333333334,0.008734141540706465,-0.03481822208939763,0.00025081952012966785,0.053242974373329845,-0.03408040871834733,-0.0009492403667117779,0.03409675013052478,0.059283902286897894,False,derived (not pre-registered): needed to score A4's first clause
MC_donors,196613,nn<0.6,EXPANDED_vs_EXPANDED_ROWMATCHED,EXPANDED_ROWMATCHED,EXPANDED,offset_mae,-0.014562468683053442,-0.03451808076734604,0.0020409170346295654,0.9580083983203359,36,75,52,5000,-0.020836430492045865,22,0.17333333333333334,0.009294987527783509,-0.03322293478911973,0.004097997423012846,0.12336895757837264,-0.03294132468429807,0.0032632250477881678,0.017045897714989287,0.02972119796439193,False,derived (not pre-registered): needed to score A4's first clause
MC_donors,196613,nn<0.6,EXPANDED_vs_EXPANDED_ROWMATCHED,EXPANDED_ROWMATCHED,EXPANDED,shape_mae,0.005362712194360012,0.0006119144095533411,0.010644107947616001,0.015596880623875225,45,75,52,5000,0.006109988482370756,34,0.17333333333333334,0.002459849204576028,0.0004243588538288597,0.010301065534891164,0.03389035987041658,0.0007433634485940668,0.010818106806621186,0.016544501343174756,0.008373616712931225,False,derived (not pre-registered): needed to score A4's first clause
MC_donors,262147,all,EXPANDED_vs_BASE,BASE,EXPANDED,mae,0.18267959062023237,0.05989545077864755,0.3578699880205329,0.0003999200159968006,73,131,79,5000,0.2760962201588876,45,0.21374045801526717,0.07454812549203124,0.03426567349901588,0.33109350774144886,0.016505111020137023,0.052315287082665515,0.34221142510676256,0.0020053039636734648,-0.04208805673392122,True,"A1 primary: does adding 61 sparse, chemically distant extractants help?"
MC_donors,262147,all,EXPANDED_vs_BASE,BASE,EXPANDED,offset_mae,0.20726779188278113,0.07600561066790647,0.392586398769173,0.0003999200159968006,84,131,79,5000,0.30575357741722703,49,0.21374045801526717,0.08003436658666706,0.04793160775951469,0.36660397600604755,0.011456502290397942,0.06615794065094026,0.3753168392763963,0.003509286787335954,-0.045451451718393134,True,"A1 primary: does adding 61 sparse, chemically distant extractants help?"
MC_donors,262147,all,EXPANDED_vs_BASE,BASE,EXPANDED,shape_mae,0.020272539017413094,-0.0034728300788874522,0.0514233057998729,0.04939012197560488,63,131,79,5000,0.038473493349508704,48,0.21374045801526717,0.013219176691607073,-0.006044820151176671,0.04658989818600286,0.12918167612293505,-0.004230664309350858,0.049014964276510094,0.0,-0.023949618486000766,True,"A1 primary: does adding 61 sparse, chemically distant extractants help?"
MC_donors,262147,all,EXPANDED_ROWMATCHED_vs_BASE,BASE,EXPANDED_ROWMATCHED,mae,0.18574569099397434,0.05963621592726713,0.3620377371115753,0.0003999200159968006,75,131,79,5000,0.2736995716834681,45,0.21374045801526717,0.07598967065567741,0.0344618779091532,0.3370295040787955,0.016767727445582824,0.051095580340497826,0.3439910072855225,-0.010026681100274765,-0.046653871429374855,True,row-budget-matched depth control: help at BASE's row count?
MC_donors,262147,all,EXPANDED_ROWMATCHED_vs_BASE,BASE,EXPANDED_ROWMATCHED,offset_mae,0.21277686867216455,0.07626728314996209,0.4033738761529538,0.0003999200159968006,80,131,79,5000,0.3068295132516374,48,0.21374045801526717,0.08230046547173278,0.048929228225927573,0.3766245091184015,0.011590821738564747,0.06280913935049834,0.38096435482304614,-0.007018616792533281,-0.05262656280137343,True,row-budget-matched depth control: help at BASE's row count?
MC_donors,262147,all,EXPANDED_ROWMATCHED_vs_BASE,BASE,EXPANDED_ROWMATCHED,shape_mae,0.014148951056452119,-0.011720111028702443,0.04517496901486298,0.14277144571085784,64,131,79,5000,0.027819323719301917,46,0.21374045801526717,0.013646704323217072,-0.013019550244364417,0.04131745235726866,0.30303103376216134,-0.01228046787240974,0.04390296324641518,0.004511946203065805,-0.015559366134673298,True,row-budget-matched depth control: help at BASE's row count?
MC_donors,262147,all,EXPANDED_vs_EXPANDED_SHUFFLED,EXPANDED_SHUFFLED,EXPANDED,mae,0.2675527608372088,0.1495450663445485,0.4318806004704121,0.0001999600079984003,80,131,79,5000,0.3601968134569479,50,0.21374045801526717,0.0682405105371986,0.1316963404600137,0.40340918121440394,0.0001884718714127377,0.14529913957449894,0.4231886525302481,0.007018616792533281,-0.022505263358798343,True,A4 information null: is the gain information or just rows/regularisation?
MC_donors,262147,all,EXPANDED_vs_EXPANDED_SHUFFLED,EXPANDED_SHUFFLED,EXPANDED,offset_mae,0.26793858033634843,0.13857345699698606,0.4496962445082747,0.0001999600079984003,82,131,79,5000,0.37231540482212894,51,0.21374045801526717,0.07615650130136646,0.1163226329495693,0.41955452772312757,0.0007279771792849059,0.13054751766275693,0.42878649368357863,0.0,-0.03982815715239644,True,A4 information null: is the gain information or just rows/regularisation?
MC_donors,262147,all,EXPANDED_vs_EXPANDED_SHUFFLED,EXPANDED_SHUFFLED,EXPANDED,shape_mae,0.07983923629927055,0.028152249625423155,0.12164824078771784,0.0005998800239952009,76,131,79,5000,0.06814750092933453,48,0.21374045801526717,0.023169423563327345,0.03371245731216378,0.1259660152863773,0.0009195503709338649,0.0343061009026491,0.12739571944039,0.03961508598957968,0.05322102744261141,True,A4 information null: is the gain information or just rows/regularisation?
MC_donors,262147,all,EXPANDED_SHUFFLED_vs_BASE,BASE,EXPANDED_SHUFFLED,mae,-0.08487317021697646,-0.1441935387362648,-0.015369590975944567,0.9904019196160768,56,131,79,5000,-0.08410059329806029,34,0.21374045801526717,0.03190868477587447,-0.14839848177266238,-0.021347858661290547,0.00948421271954407,-0.14730082920602286,-0.019418873828458534,-0.013536206042278412,-0.01771757818095378,True,how much of the apparent gain survives destroying the new labels?
MC_donors,262147,all,EXPANDED_SHUFFLED_vs_BASE,BASE,EXPANDED_SHUFFLED,offset_mae,-0.060670788453567284,-0.12362600629004124,0.007526040113652153,0.9634073185362927,64,131,79,5000,-0.06656182740490187,39,0.21374045801526717,0.031234278115376383,-0.1228534594860135,0.00151188257887893,0.055693005703045334,-0.12500749761082283,0.005485677968566986,-0.003007958465459176,-0.008261871265494615,True,how much of the apparent gain survives destroying the new labels?
MC_donors,262147,all,EXPANDED_SHUFFLED_vs_BASE,BASE,EXPANDED_SHUFFLED,shape_mae,-0.05956669728185745,-0.10249056703944259,-0.0025639357764157336,0.98000399920016,55,131,79,5000,-0.029674007579825815,38,0.21374045801526717,0.025659520716023503,-0.11065087888646569,-0.008482515677249204,0.02287593487284373,-0.11137619003501915,-0.01242334592610057,-0.054671719780786665,-0.0816543058117452,True,how much of the apparent gain survives destroying the new labels?
MC_donors,262147,all,EXPANDED_vs_EXPANDED_ROWMATCHED,EXPANDED_ROWMATCHED,EXPANDED,mae,-0.0030661003737420004,-0.01925731999809138,0.010356429658738184,0.6416716656668666,67,131,79,5000,0.0023966484754195383,47,0.21374045801526717,0.007505498603004644,-0.018008400267504037,0.011876199520020034,0.6840158082872217,-0.023932744573755087,0.00817076901891648,-0.06320909814132884,-0.0674028302751288,False,derived (not pre-registered): needed to score A4's first clause
MC_donors,262147,all,EXPANDED_vs_EXPANDED_ROWMATCHED,EXPANDED_ROWMATCHED,EXPANDED,offset_mae,-0.005509076789383381,-0.024597948716608198,0.009088482542521209,0.7308538292341532,66,131,79,5000,-0.001075935834410331,43,0.21374045801526717,0.008725796884658788,-0.022880803940252513,0.011862650361485753,0.5296542372054185,-0.02914590585687184,0.007504363280397317,-0.06471615494550698,-0.04371287563969283,False,derived (not pre-registered): needed to score A4's first clause
MC_donors,262147,all,EXPANDED_vs_EXPANDED_ROWMATCHED,EXPANDED_ROWMATCHED,EXPANDED,shape_mae,0.006123587960960977,0.0009749532483945631,0.013653809673022788,0.008798240351929614,75,131,79,5000,0.010654169630206801,52,0.21374045801526717,0.003098276510807838,-4.460674894892023e-05,0.012291782670870874,0.05163893328489301,0.0008981910636901862,0.01351812526539001,-0.010026681100274765,-0.006273620186912515,False,derived (not pre-registered): needed to score A4's first clause
MC_donors,262147,nn<0.4,EXPANDED_vs_BASE,BASE,EXPANDED,mae,0.5596140243686286,0.20559854306721861,0.9372399514580001,0.0011997600479904018,26,37,35,5000,0.6086370717546263,25,0.05405405405405406,0.19050715005719723,0.17245691467912283,0.9467711340581344,0.005902866412334287,0.2208521147029356,0.9537896542784627,0.006015944146675263,0.01889162184982006,True,"A1 primary: does adding 61 sparse, chemically distant extractants help?"
MC_donors,262147,nn<0.4,EXPANDED_vs_BASE,BASE,EXPANDED,offset_mae,0.6030527140210367,0.23725344483527966,0.9928742544139424,0.0005998800239952009,26,37,35,5000,0.6529247147352141,25,0.05405405405405406,0.19583334329574975,0.2050714773669174,1.001033950675156,0.00408731329540683,0.24882007700349987,1.0004217160489,0.00150397753176512,0.016360652841027945,True,"A1 primary: does adding 61 sparse, chemically distant extractants help?"
MC_donors,262147,nn<0.4,EXPANDED_vs_BASE,BASE,EXPANDED,shape_mae,0.08201386339543029,0.0068792485592420564,0.1542190454624353,0.016596680663867228,26,37,35,5000,0.09364618936359079,25,0.05405405405405406,0.03700697064901728,0.006806650487482954,0.15722107630337762,0.03347483618778118,0.0008817321392358742,0.15051167276121122,-0.012032106029748954,-0.028430553697730655,True,"A1 primary: does adding 61 sparse, chemically distant extractants help?"
MC_donors,262147,nn<0.4,EXPANDED_ROWMATCHED_vs_BASE,BASE,EXPANDED_ROWMATCHED,mae,0.5655144671938439,0.20941656354814092,0.9411571950982722,0.0009998000399920016,26,37,35,5000,0.6154884077649503,25,0.05405405405405406,0.19046902441390612,0.1784348381335807,0.9525940962541071,0.005443061450987172,0.22226830777577267,0.9533513138911853,0.00150397753176512,0.014060296112579642,True,row-budget-matched depth control: help at BASE's row count?
MC_donors,262147,nn<0.4,EXPANDED_ROWMATCHED_vs_BASE,BASE,EXPANDED_ROWMATCHED,offset_mae,0.6134298048440903,0.2498018515064194,0.9985965918687599,0.0005998800239952009,26,37,35,5000,0.6640315176061966,25,0.05405405405405406,0.19554381042773739,0.21603696977125614,1.0108226399169244,0.003513268229697531,0.2576398843164198,1.0055324673954975,-0.0025066308995717666,0.012002910467419005,True,row-budget-matched depth control: help at BASE's row count?
MC_donors,262147,nn<0.4,EXPANDED_ROWMATCHED_vs_BASE,BASE,EXPANDED_ROWMATCHED,shape_mae,0.07388455817219397,-0.006430608867891719,0.15111529705792856,0.03739252149570086,26,37,35,5000,0.08549369424769297,25,0.05405405405405406,0.039276683708585246,-0.005935266638787087,0.15370438298317501,0.06854050176856637,-0.014495195408409028,0.14491576170688414,-0.02256156839022472,-0.03232543519011148,True,row-budget-matched depth control: help at BASE's row count?
MC_donors,262147,nn<0.4,EXPANDED_vs_EXPANDED_SHUFFLED,EXPANDED_SHUFFLED,EXPANDED,mae,0.6713388110362094,0.33433258653398223,1.0288252782207064,0.0001999600079984003,27,37,35,5000,0.713193629887989,26,0.05405405405405406,0.1814651007475488,0.3025573564092167,1.040120265663202,0.0007590555497831897,0.3330067659001675,1.0269787574382296,-0.0020053039636734648,-0.0020270504723957825,True,A4 information null: is the gain information or just rows/regularisation?
MC_donors,262147,nn<0.4,EXPANDED_vs_EXPANDED_SHUFFLED,EXPANDED_SHUFFLED,EXPANDED,offset_mae,0.6659501434224137,0.30006965080899195,1.0435857178782963,0.0001999600079984003,26,37,35,5000,0.7099377309940315,25,0.05405405405405406,0.19205560262913296,0.2756461994956526,1.0562540873491746,0.001444239567381143,0.29595851618263147,1.042315151900289,0.0010026514778481883,-0.0034748311339849566,True,A4 information null: is the gain information or just rows/regularisation?
MC_donors,262147,nn<0.4,EXPANDED_vs_EXPANDED_SHUFFLED,EXPANDED_SHUFFLED,EXPANDED,shape_mae,0.09303210269525666,-0.0003007258849987378,0.2004179688149274,0.02579484103179364,23,37,35,5000,0.10302604724664723,23,0.05405405405405406,0.051451165929865296,-0.011529246763706952,0.19759345215422028,0.0794338776353816,0.009115109041836735,0.218406921251186,0.04664018984972224,0.045609861263500015,True,A4 information null: is the gain information or just rows/regularisation?
MC_donors,262147,nn<0.4,EXPANDED_SHUFFLED_vs_BASE,BASE,EXPANDED_SHUFFLED,mae,-0.11172478666758076,-0.2838284534237609,0.06462827381475426,0.8938212357528494,18,37,35,5000,-0.10455655813336252,17,0.05405405405405406,0.0900544323135958,-0.29473741227661,0.07128783894144844,0.22323317049028196,-0.27899534723631153,0.06795414754900365,0.026573386823392792,-0.000671517865890725,True,how much of the apparent gain survives destroying the new labels?
MC_donors,262147,nn<0.4,EXPANDED_SHUFFLED_vs_BASE,BASE,EXPANDED_SHUFFLED,offset_mae,-0.06289742940137671,-0.24796381706310763,0.11779753074143995,0.753249350129974,20,37,35,5000,-0.05701301625881743,19,0.05405405405405406,0.09231055828226159,-0.25049505462255606,0.12470019581980266,0.5002538668065295,-0.24786672404277657,0.11798536168599809,0.015040336678635672,-0.006592667559351377,True,how much of the apparent gain survives destroying the new labels?
MC_donors,262147,nn<0.4,EXPANDED_SHUFFLED_vs_BASE,BASE,EXPANDED_SHUFFLED,shape_mae,-0.011018239299826364,-0.10362960149528606,0.0788194946866937,0.586882623475305,18,37,35,5000,-0.009379857883056444,17,0.05405405405405406,0.04733496477242534,-0.10721446155733538,0.08517798295768267,0.8173343044488882,-0.11292278250835286,0.07339005113987389,-0.026573386823392654,-0.02274963019020074,True,how much of the apparent gain survives destroying the new labels?
MC_donors,262147,nn<0.4,EXPANDED_vs_EXPANDED_ROWMATCHED,EXPANDED_ROWMATCHED,EXPANDED,mae,-0.005900442825215209,-0.033402704072816626,0.018732324964483262,0.6484703059388123,24,37,35,5000,-0.006851336010323816,22,0.05405405405405406,0.01329506062659847,-0.03291925678466614,0.021118371134235717,0.6599937350025263,-0.0363044854056455,0.016795876487880834,-0.04864777006503448,-0.02776503055180939,False,derived (not pre-registered): needed to score A4's first clause
MC_donors,262147,nn<0.4,EXPANDED_vs_EXPANDED_ROWMATCHED,EXPANDED_ROWMATCHED,EXPANDED,offset_mae,-0.010377090823053636,-0.03833837308552083,0.014745302461470565,0.7716456708658268,21,37,35,5000,-0.011106802870982554,19,0.05405405405405406,0.013466295610988676,-0.03774389613933467,0.016989714493227392,0.44626766242943167,-0.041527805185198656,0.012279916471203378,-0.05015358346473367,-0.028637339896327805,False,derived (not pre-registered): needed to score A4's first clause
MC_donors,262147,nn<0.4,EXPANDED_vs_EXPANDED_ROWMATCHED,EXPANDED_ROWMATCHED,EXPANDED,shape_mae,0.008129305223236339,-0.003947192914016164,0.022427403853848563,0.10177964407118577,22,37,35,5000,0.008152495115897815,21,0.05405405405405406,0.006638876782337997,-0.0053625156657069375,0.021621126112179617,0.22918045062791836,-0.001659297510784955,0.025806390465554906,0.0818072383494721,0.06397732516345912,False,derived (not pre-registered): needed to score A4's first clause
MC_donors,262147,nn<0.6,EXPANDED_vs_BASE,BASE,EXPANDED,mae,0.2613960551275724,0.08958067951816091,0.5171120956216331,0.0009998000399920016,52,85,55,5000,0.400578280134921,36,0.18823529411764706,0.10487072645338702,0.05114290772394148,0.47164920253120335,0.01578224777967661,0.08458749590575007,0.505155084767048,0.0065172796505839885,-0.023594348815868978,True,"A1 primary: does adding 61 sparse, chemically distant extractants help?"
MC_donors,262147,nn<0.6,EXPANDED_vs_BASE,BASE,EXPANDED,offset_mae,0.28447172271503185,0.09873929347243374,0.5547350640049025,0.0003999200159968006,56,85,55,5000,0.4400403701075679,37,0.18823529411764706,0.11282513035417885,0.05827095568082108,0.5106724897492426,0.014674513703908813,0.08854009974962163,0.5344882866578572,-0.0005013256759256267,-0.03501021915659003,True,"A1 primary: does adding 61 sparse, chemically distant extractants help?"
MC_donors,262147,nn<0.6,EXPANDED_vs_BASE,BASE,EXPANDED,shape_mae,0.03547133372792347,0.0026788685653459468,0.0774503536715402,0.017196560687862426,44,85,55,5000,0.05761495963978296,36,0.18823529411764706,0.018174720067981365,-0.000966786104988189,0.07190945356083514,0.05617012042372739,0.0007924710700306413,0.07499317362342081,-0.031087197062473627,-0.011142790281203501,True,"A1 primary: does adding 61 sparse, chemically distant extractants help?"
MC_donors,262147,nn<0.6,EXPANDED_ROWMATCHED_vs_BASE,BASE,EXPANDED_ROWMATCHED,mae,0.2629072866556538,0.08364096283849125,0.5167396983017071,0.0011997600479904018,52,85,55,5000,0.3976041021011606,35,0.18823529411764706,0.10783281975274374,0.04671549974646197,0.4790990735648457,0.018085701420955568,0.0737119626423632,0.5068512642611006,0.007018616792533281,-0.03332660379760237,True,row-budget-matched depth control: help at BASE's row count?
MC_donors,262147,nn<0.6,EXPANDED_ROWMATCHED_vs_BASE,BASE,EXPANDED_ROWMATCHED,offset_mae,0.28887599338347525,0.09492708187969368,0.5631840327060466,0.0005998800239952009,53,85,55,5000,0.4398539424156407,36,0.18823529411764706,0.11704208414460708,0.0542207430355888,0.5235312437313617,0.016780179999259747,0.07620563035215037,0.5370496886281801,-0.0060159441466754015,-0.04625288528734593,True,row-budget-matched depth control: help at BASE's row count?
MC_donors,262147,nn<0.6,EXPANDED_ROWMATCHED_vs_BASE,BASE,EXPANDED_ROWMATCHED,shape_mae,0.02873643391198333,-0.0075820433874268225,0.07072989038185093,0.057588482303539294,43,85,55,5000,0.04718356830158533,33,0.18823529411764706,0.019071102875133333,-0.009498825245275181,0.06697169306924185,0.13768874561288702,-0.009381135714390311,0.06971248281837344,-0.012533469508069276,-0.011611514097471543,True,row-budget-matched depth control: help at BASE's row count?
MC_donors,262147,nn<0.6,EXPANDED_vs_EXPANDED_SHUFFLED,EXPANDED_SHUFFLED,EXPANDED,mae,0.3886807519486589,0.22657847120313593,0.6286105976325922,0.0001999600079984003,55,85,55,5000,0.5255850884410076,40,0.18823529411764706,0.09774089688414811,0.19272205217670585,0.5846394517206119,0.0002094201193865554,0.22363808183921224,0.6237493081431,0.016544501343174756,-0.01675456074659419,True,A4 information null: is the gain information or just rows/regularisation?
MC_donors,262147,nn<0.6,EXPANDED_vs_EXPANDED_SHUFFLED,EXPANDED_SHUFFLED,EXPANDED,offset_mae,0.38939521402402616,0.20914616452418028,0.6537733019881576,0.0001999600079984003,57,85,55,5000,0.5503277247550418,42,0.18823529411764706,0.11039691843293603,0.16806271877804646,0.6107277092700059,0.0008657375701800138,0.194821109071728,0.6340779462976881,0.0005013256759256267,-0.04003409756732885,True,A4 information null: is the gain information or just rows/regularisation?
MC_donors,262147,nn<0.6,EXPANDED_vs_EXPANDED_SHUFFLED,EXPANDED_SHUFFLED,EXPANDED,shape_mae,0.09567686307459342,0.025534806201001688,0.15809626356970158,0.002999400119976005,45,85,55,5000,0.08523257638729351,33,0.18823529411764706,0.03323185797039625,0.029050999321738782,0.16230272682744806,0.0057054187424786474,0.03531751266456207,0.16834331340365716,0.04262558517694437,0.059627004713158425,True,A4 information null: is the gain information or just rows/regularisation?
MC_donors,262147,nn<0.6,EXPANDED_SHUFFLED_vs_BASE,BASE,EXPANDED_SHUFFLED,mae,-0.1272846968210865,-0.21871046319289505,-0.029059982258068846,0.9924015196960608,35,85,55,5000,-0.12500680830608665,20,0.18823529411764706,0.04570029294684373,-0.21890826761434024,-0.03566112602783279,0.007362508473290372,-0.2195083326581501,-0.029683103385693035,0.006015944146675263,-0.007052136177105407,True,how much of the apparent gain survives destroying the new labels?
MC_donors,262147,nn<0.6,EXPANDED_SHUFFLED_vs_BASE,BASE,EXPANDED_SHUFFLED,offset_mae,-0.10492349130899432,-0.2012377041972185,-0.010825510444327939,0.9842031593681264,38,85,55,5000,-0.11028735464747372,22,0.18823529411764706,0.0450807984730625,-0.1953050504626171,-0.01454193215537157,0.02371923218269383,-0.20346318075242872,-0.011855456410816758,-0.0040106159912038294,-0.003934262471684432,True,how much of the apparent gain survives destroying the new labels?
MC_donors,262147,nn<0.6,EXPANDED_SHUFFLED_vs_BASE,BASE,EXPANDED_SHUFFLED,shape_mae,-0.060205529346669964,-0.12286941195971163,0.01660394056519704,0.9380123975204959,40,85,55,5000,-0.027617616747510565,27,0.18823529411764706,0.035372025661928985,-0.13112217097752782,0.01071111228418789,0.09449408295881091,-0.1358921018244509,0.002203731790351927,-0.060195411728956635,-0.07638935041951582,True,how much of the apparent gain survives destroying the new labels?
MC_donors,262147,nn<0.6,EXPANDED_vs_EXPANDED_ROWMATCHED,EXPANDED_ROWMATCHED,EXPANDED,mae,-0.0015112315280814484,-0.026377255202513793,0.019178489249025293,0.5280943811237753,51,85,55,5000,0.0029741780337603136,36,0.18823529411764706,0.012129663028614,-0.02582974170685007,0.022807278650687175,0.9013109980348881,-0.03149906588058396,0.017012779579725565,-0.059693184547680134,-0.0445709165614331,False,derived (not pre-registered): needed to score A4's first clause
MC_donors,262147,nn<0.6,EXPANDED_vs_EXPANDED_ROWMATCHED,EXPANDED_ROWMATCHED,EXPANDED,offset_mae,-0.004404270668443382,-0.03355695619809967,0.0194098293489728,0.6012797440511898,47,85,55,5000,0.00018642769192722574,32,0.18823529411764706,0.014104235644437966,-0.03268156058770079,0.02387301925081402,0.756041162759983,-0.036326172768432745,0.017735222980446004,-0.037608287661255936,-0.023389800047563324,False,derived (not pre-registered): needed to score A4's first clause
MC_donors,262147,nn<0.6,EXPANDED_vs_EXPANDED_ROWMATCHED,EXPANDED_ROWMATCHED,EXPANDED,shape_mae,0.006734899815940137,0.00019345829812458373,0.016586895378997737,0.022195560887822437,49,85,55,5000,0.010431391338197643,34,0.18823529411764706,0.003990272206685577,-0.0012651142854762272,0.014734913917356502,0.09721228588523416,0.00041406845850745024,0.01702802797865808,0.027074892876565382,0.009489794060128917,False,derived (not pre-registered): needed to score A4's first clause
