component_id,record_type,canonical_name,canonical_name_status,family,core_family,family_status,family_rules_status,name_structure_conflict,family_candidates,mechanism,mechanism_basis,acidity_class,family_structural,core_family_structural,mechanism_structural,acidity_class_structural,is_hydrophilic_agent,is_electrolyte_salt,smiles_canonical,resolved_smiles,structure_basis,n_names,aliases,rejected_names,name_structure_checks_failed,roles_seen,primary_role,structure_sources,n_raw_smiles_variants,n_entries,n_rows,n_model_rows,n_publications,n_masking_rows,parse_ok,mw,mol_logp,mol_logp_largest_fragment,tpsa,hbd,hba,rotatable_bonds,heavy_atoms,n_fragments,net_formal_charge,formula,inchikey,parent_connectivity_key,donor_amide_carbonyl_O,donor_thioamide_S,donor_ketone_O,donor_ether_O,donor_phosphoryl_O,donor_P_OH_acidic_O,donor_P_S,donor_oxime_N,donor_hydroxyl_O,donor_aromatic_N_pyridine_type,donor_triazine_N,donor_amine_N_tertiary,donor_amine_N_primary_secondary,donor_ammonium_N_quaternary,donor_thioether_S,donor_thiophene_S,donor_N_oxide_O,donor_sulfonate_O,donor_carboxylic_acid_groups,n_donor_sites,denticity_proxy,n_chelating_units,acid_groups,family_rules_fired,family_overlay,family_rules_version,n_structures_same_parent,known_name_override,pka_value,pka_status,flags,morgan_r2_2048_onbits
cmp_a9ed8f70c7,STRUCTURE,TODGA,MODEL_ROWS,diglycolamide,diglycolamide,UNIQUE,UNIQUE,False,diglycolamide,NEUTRAL_SOLVATING,FAMILY:diglycolamide,NEUTRAL,diglycolamide,diglycolamide,NEUTRAL_SOLVATING,NEUTRAL,False,False,CCCCCCCCN(CCCCCCCC)C(=O)COCC(=O)N(CCCCCCCC)CCCCCCCC,CCCCCCCCN(CCCCCCCC)C(=O)COCC(=O)N(CCCCCCCC)CCCCCCCC,ARCHIVE_STRUCTURE,22,TODGA|3757|3090; PHEN-6OH|28|28; PHEN-dialcohol|28|24; PyTri-Tetraol|28|28; TWE-40|28|28; SO3-Ph-BTBP|24|24; TWE-41|20|20; TWE-42|20|20; SO3-Ph-BTP|17|17; (PhSO3Na)2-BTBP|16|16; (PhSO3Na)2-BTPhen|16|15; TWE-26|16|16; TWE-31|16|16; TWE-37|16|16; TWE-38|16|16; CITAM|12|12; PyTri-diol|12|12; TWE-18|8|8; TWE-32|8|8; TWE-39|8|8; PPA|2|2; PPPA|2|0,PHEN-6OH:NAME_STRUCTURE_CHECK_FAILED:PHEN_NAME_REQUIRES_AROMATIC_N+ALCOHOL_NAME_REQUIRES_OH; PHEN-dialcohol:NAME_STRUCTURE_CHECK_FAILED:PHEN_NAME_REQUIRES_AROMATIC_N+ALCOHOL_NAME_REQUIRES_OH; PyTri-Tetraol:NAME_STRUCTURE_CHECK_FAILED:ALCOHOL_NAME_REQUIRES_OH; TWE-40:MASKING_AGENT_NAME; SO3-Ph-BTBP:NAME_STRUCTURE_CHECK_FAILED:BT_P_NAME_REQUIRES_TRIAZINE+SULFONATE_NAME_REQUIRES_S; TWE-41:MASKING_AGENT_NAME; TWE-42:MASKING_AGENT_NAME; SO3-Ph-BTP:NAME_STRUCTURE_CHECK_FAILED:BT_P_NAME_REQUIRES_TRIAZINE+SULFONATE_NAME_REQUIRES_S; (PhSO3Na)2-BTBP:NAME_STRUCTURE_CHECK_FAILED:BT_P_NAME_REQUIRES_TRIAZINE+SULFONATE_NAME_REQUIRES_S; (PhSO3Na)2-BTPhen:NAME_STRUCTURE_CHECK_FAILED:BT_P_NAME_REQUIRES_TRIAZINE+PHEN_NAME_REQUIRES_AROMATIC_N+SULFONATE_NAME_REQUIRES_S; TWE-26:MASKING_AGENT_NAME; TWE-31:MASKING_AGENT_NAME; TWE-37:MASKING_AGENT_NAME; TWE-38:MASKING_AGENT_NAME; CITAM:MASKING_AGENT_NAME; PyTri-diol:NAME_STRUCTURE_CHECK_FAILED:ALCOHOL_NAME_REQUIRES_OH; TWE-18:MASKING_AGENT_NAME; TWE-32:MASKING_AGENT_NAME; TWE-39:MASKING_AGENT_NAME; PPA:MASKING_AGENT_NAME; PPPA:MASKING_AGENT_NAME,ALCOHOL_NAME_REQUIRES_OH|BT_P_NAME_REQUIRES_TRIAZINE|PHEN_NAME_REQUIRES_AROMATIC_N|SULFONATE_NAME_REQUIRES_S,organic_extractant:4098,organic_extractant,name_consensus:3820; positional_smiles:278,1,4098,4098,3424,60,387,True,580.983,10.1022,10.1022,49.85,0,3,32,41,1,0,C36H72N2O3,VRZYWIAVUGQHKB-UHFFFAOYSA-N,VRZYWIAVUGQHKB,2,0,0,1,0,0,0,0,0,0,0,0,0,0,0,0,0,0,0,3,3,1,0,diglycolamide|polyamide_other,,2026-09-15.1,1,,,NOT_CURATED: no literature pKa entered (never fabricated),MULTIPLE_NAMES|HAS_REJECTED_NAMES,80 294 591 650 695 794 807 881 978 1057 1143 1238 1271 1272 1442 1444 1454 1598 1669 1911 1917 1951 1992 2004
cmp_5a76327cbd,STRUCTURE,C5BTBP,MODEL_ROWS,n_heterocyclic,n_heterocyclic,UNIQUE,UNIQUE,False,n_heterocyclic,SOFT_N_DONOR,FAMILY:n_heterocyclic,NEUTRAL,n_heterocyclic,n_heterocyclic,SOFT_N_DONOR,NEUTRAL,False,False,CCCCCc1nnc(-c2cccc(-c3cccc(-c4nnc(CCCCC)c(CCCCC)n4)n3)n2)nc1CCCCC,CCCCCc1nnc(-c2cccc(-c3cccc(-c4nnc(CCCCC)c(CCCCC)n4)n3)n2)nc1CCCCC,ARCHIVE_STRUCTURE,2,C5BTBP|1440|335; 3-[6-[6-(5-6-dipentyl-1-2-4-triazin-3-yl)-2-pyridinyl]-2-pyridinyl]-5-6-dipentyl-1-2-4-triazine|13|13,,,organic_extractant:1453,organic_extractant,name_consensus:1453,1,1453,1453,348,3,0,True,594.852,8.7784,8.7784,103.12,0,8,19,44,1,0,C36H50N8,QFZLZKMBZMIWMR-UHFFFAOYSA-N,QFZLZKMBZMIWMR,0,0,0,0,0,0,0,0,0,2,6,0,0,0,0,0,0,0,0,4,4,1,0,n_heterocyclic,,2026-09-15.1,1,,,NOT_CURATED: no literature pKa entered (never fabricated),MULTIPLE_NAMES,24 80 130 157 241 294 378 591 794 908 980 1039 1057 1088 1164 1184 1225 1243 1257 1380 1384 1385 1444 1603 1750 1851 1855 1873 1897 1911 1935
cmp_d8044da120,STRUCTURE,TBP,MODEL_ROWS,neutral_organophosphate,neutral_organophosphate,UNIQUE,UNIQUE,False,neutral_organophosphate,NEUTRAL_SOLVATING,FAMILY:neutral_organophosphate,NEUTRAL,neutral_organophosphate,neutral_organophosphate,NEUTRAL_SOLVATING,NEUTRAL,False,False,CCCCOP(=O)(OCCCC)OCCCC,CCCCOP(=O)(OCCCC)OCCCC,ARCHIVE_STRUCTURE,1,TBP|1164|118,,,organic_extractant:1164,organic_extractant,deduced_by_elimination:1164,1,1164,1164,118,7,0,True,266.318,4.5446,4.5446,44.76,0,4,12,17,1,0,C12H27O4P,STCOOQWBFONSKY-UHFFFAOYSA-N,STCOOQWBFONSKY,0,0,0,0,1,0,0,0,0,0,0,0,0,0,0,0,0,0,0,1,1,0,0,neutral_organophosphate,,2026-09-15.1,1,,,NOT_CURATED: no literature pKa entered (never fabricated),,13 80 192 294 470 486 591 650 695 718 794 1057 1214 1352 1421 1716 1911
cmp_1bf1228273,STRUCTURE,TEHDGA,MODEL_ROWS,diglycolamide,diglycolamide,UNIQUE,UNIQUE,False,diglycolamide,NEUTRAL_SOLVATING,FAMILY:diglycolamide,NEUTRAL,diglycolamide,diglycolamide,NEUTRAL_SOLVATING,NEUTRAL,False,False,CCCCC(CC)CN(CC(CC)CCCC)C(=O)COCC(=O)N(CC(CC)CCCC)CC(CC)CCCC,CCCCC(CC)CN(CC(CC)CCCC)C(=O)COCC(=O)N(CC(CC)CCCC)CC(CC)CCCC,ARCHIVE_STRUCTURE,2,TEHDGA|747|364; T2EHDGA|160|156,,,organic_extractant:907,organic_extractant,name_consensus:907,1,907,907,520,25,0,True,580.983,9.5258,9.5258,49.85,0,3,28,41,1,0,C36H72N2O3,MJJHOBMBUANRML-UHFFFAOYSA-N,MJJHOBMBUANRML,2,0,0,1,0,0,0,0,0,0,0,0,0,0,0,0,0,0,0,3,3,1,0,diglycolamide|polyamide_other,,2026-09-15.1,1,,,NOT_CURATED: no literature pKa entered (never fabricated),MULTIPLE_NAMES,1 9 80 205 294 591 650 695 739 794 807 881 904 978 1004 1057 1218 1238 1271 1328 1420 1454 1544 1598 1860 1911 1917 1992 2004
cmp_b741ed13e6,STRUCTURE,DEHiBA,MODEL_ROWS,monoamide,monoamide,UNIQUE,UNIQUE,False,monoamide,NEUTRAL_SOLVATING,FAMILY:monoamide,NEUTRAL,monoamide,monoamide,NEUTRAL_SOLVATING,NEUTRAL,False,False,CCCCC(CC)CN(CC(CC)CCCC)C(=O)C(C)C,CCCCC(CC)CN(CC(CC)CCCC)C(=O)C(C)C,ARCHIVE_STRUCTURE,1,DEHiBA|693|451,,,organic_extractant:693,organic_extractant,name_consensus:693,1,693,693,451,16,0,True,311.554,5.9038,5.9038,20.31,0,1,13,22,1,0,C20H41NO,TYDFWJHDNHXBRF-UHFFFAOYSA-N,TYDFWJHDNHXBRF,1,0,0,0,0,0,0,0,0,0,0,0,0,0,0,0,0,0,0,1,1,0,0,monoamide,,2026-09-15.1,1,,,NOT_CURATED: no literature pKa entered (never fabricated),,1 80 205 235 267 283 294 460 591 650 739 794 807 881 904 978 1004 1057 1218 1328 1349 1420 1544 1860 1911 1917 2023
cmp_f2281f47eb,STRUCTURE,DHOA,MODEL_ROWS,monoamide,monoamide,UNIQUE,UNIQUE,False,monoamide,NEUTRAL_SOLVATING,FAMILY:monoamide,NEUTRAL,monoamide,monoamide,NEUTRAL_SOLVATING,NEUTRAL,False,False,CCCCCCCC(=O)N(CCCCCC)CCCCCC,CCCCCCCC(=O)N(CCCCCC)CCCCCC,ARCHIVE_STRUCTURE,1,DHOA|583|523,,,organic_extractant:583,organic_extractant,deduced_by_elimination:583,1,583,583,523,12,0,True,311.554,6.3361,6.3361,20.31,0,1,16,22,1,0,C20H41NO,ZFDFITYPADKELQ-UHFFFAOYSA-N,ZFDFITYPADKELQ,1,0,0,0,0,0,0,0,0,0,0,0,0,0,0,0,0,0,0,1,1,0,0,monoamide,,2026-09-15.1,1,,,NOT_CURATED: no literature pKa entered (never fabricated),,80 294 486 591 619 650 794 807 881 978 1057 1143 1238 1267 1272 1442 1444 1564 1669 1911 1917 1951
cmp_73efd64abf,STRUCTURE,DEHBA,MODEL_ROWS,monoamide,monoamide,UNIQUE,UNIQUE,False,monoamide,NEUTRAL_SOLVATING,FAMILY:monoamide,NEUTRAL,monoamide,monoamide,NEUTRAL_SOLVATING,NEUTRAL,False,False,CCCCC(CC)CN(CC(CC)CCCC)C(=O)CCC,CCCCC(CC)CN(CC(CC)CCCC)C(=O)CCC,ARCHIVE_STRUCTURE,1,DEHBA|581|447,,,organic_extractant:581,organic_extractant,name_consensus:581,1,581,581,447,8,0,True,311.554,6.0479,6.0479,20.31,0,1,14,22,1,0,C20H41NO,ZXHLGQVRYKTEHM-UHFFFAOYSA-N,ZXHLGQVRYKTEHM,1,0,0,0,0,0,0,0,0,0,0,0,0,0,0,0,0,0,0,1,1,0,0,monoamide,,2026-09-15.1,1,,,NOT_CURATED: no literature pKa entered (never fabricated),,1 9 80 205 294 486 591 650 739 794 807 881 904 978 1004 1057 1218 1238 1328 1357 1420 1544 1564 1830 1860 1911 1917
cmp_a13e6546cf,STRUCTURE,DMDODGA,MODEL_ROWS,diglycolamide,diglycolamide,UNIQUE,UNIQUE,False,diglycolamide,NEUTRAL_SOLVATING,FAMILY:diglycolamide,NEUTRAL,diglycolamide,diglycolamide,NEUTRAL_SOLVATING,NEUTRAL,False,False,CCCCCCCCN(C)C(=O)COCC(=O)N(C)CCCCCCCC,CCCCCCCCN(C)C(=O)COCC(=O)N(C)CCCCCCCC,ARCHIVE_STRUCTURE,2,DMDODGA|461|392; N-methyl-2-[2-[methyl(octyl)amino]-2-oxoethoxy]-N-octylacetamide|70|70,,,organic_extractant:531,organic_extractant,name_consensus:531,1,531,531,462,8,0,True,384.605,4.6408,4.6408,49.85,0,3,18,27,1,0,C22H44N2O3,BQZNDIBVRLFRSD-UHFFFAOYSA-N,BQZNDIBVRLFRSD,2,0,0,1,0,0,0,0,0,0,0,0,0,0,0,0,0,0,0,3,3,1,0,diglycolamide|polyamide_other,,2026-09-15.1,1,,,NOT_CURATED: no literature pKa entered (never fabricated),MULTIPLE_NAMES,80 294 298 334 591 650 695 794 807 881 1057 1143 1163 1237 1238 1444 1454 1598 1652 1669 1911 1917 1951 1992 2004
cmp_b9bfc6f023,STRUCTURE,TBDGA,MODEL_ROWS,diglycolamide,diglycolamide,UNIQUE,UNIQUE,False,diglycolamide,NEUTRAL_SOLVATING,FAMILY:diglycolamide,NEUTRAL,diglycolamide,diglycolamide,NEUTRAL_SOLVATING,NEUTRAL,False,False,CCCCN(CCCC)C(=O)COCC(=O)N(CCCC)CCCC,CCCCN(CCCC)C(=O)COCC(=O)N(CCCC)CCCC,ARCHIVE_STRUCTURE,1,TBDGA|386|381,,,organic_extractant:386,organic_extractant,name_consensus:386,1,386,386,381,9,0,True,356.551,3.8606,3.8606,49.85,0,3,16,25,1,0,C20H40N2O3,YFMTUEQOIRXZOE-UHFFFAOYSA-N,YFMTUEQOIRXZOE,2,0,0,1,0,0,0,0,0,0,0,0,0,0,0,0,0,0,0,3,3,1,0,diglycolamide|polyamide_other,,2026-09-15.1,1,,,NOT_CURATED: no literature pKa entered (never fabricated),,80 294 348 591 650 695 794 807 881 978 1057 1238 1271 1272 1442 1454 1598 1911 1917 1951 1992 2004
cmp_1d7ecf493c,STRUCTURE,TDdDGA,MODEL_ROWS,diglycolamide,diglycolamide,UNIQUE,UNIQUE,False,diglycolamide,NEUTRAL_SOLVATING,FAMILY:diglycolamide,NEUTRAL,diglycolamide,diglycolamide,NEUTRAL_SOLVATING,NEUTRAL,False,False,CCCCCCCCCCCCN(CCCCCCCCCCCC)C(=O)COCC(=O)N(CCCCCCCCCCCC)CCCCCCCCCCCC,CCCCCCCCCCCCN(CCCCCCCCCCCC)C(=O)COCC(=O)N(CCCCCCCCCCCC)CCCCCCCCCCCC,ARCHIVE_STRUCTURE,1,TDdDGA|374|368,,,organic_extractant:374,organic_extractant,name_consensus:374,1,374,374,368,7,0,True,805.415,16.3438,16.3438,49.85,0,3,48,57,1,0,C52H104N2O3,RENCWBGDPNGEFY-UHFFFAOYSA-N,RENCWBGDPNGEFY,2,0,0,1,0,0,0,0,0,0,0,0,0,0,0,0,0,0,0,3,3,1,0,diglycolamide|polyamide_other,,2026-09-15.1,1,,,NOT_CURATED: no literature pKa entered (never fabricated),,80 294 591 650 695 794 807 881 978 1057 1143 1238 1271 1272 1442 1444 1454 1598 1669 1911 1917 1951 1992 2004
cmp_ac54455ea4,STRUCTURE,DHD2DGA,MODEL_ROWS,diglycolamide,diglycolamide,UNIQUE,UNIQUE,False,diglycolamide,NEUTRAL_SOLVATING,FAMILY:diglycolamide,NEUTRAL,diglycolamide,diglycolamide,NEUTRAL_SOLVATING,NEUTRAL,False,False,CCCCCCCCCCN(CCCCCCCCCC)C(=O)COCC(=O)N(CCCCCC)CCCCCC,CCCCCCCCCCN(CCCCCCCCCC)C(=O)COCC(=O)N(CCCCCC)CCCCCC,ARCHIVE_STRUCTURE,1,DHD2DGA|216|216,,,organic_extractant:216,organic_extractant,name_consensus:216,1,216,216,216,1,0,True,580.983,10.1022,10.1022,49.85,0,3,32,41,1,0,C36H72N2O3,UKYLCIZNVWFAPR-UHFFFAOYSA-N,UKYLCIZNVWFAPR,2,0,0,1,0,0,0,0,0,0,0,0,0,0,0,0,0,0,0,3,3,1,0,diglycolamide|polyamide_other,,2026-09-15.1,1,,,NOT_CURATED: no literature pKa entered (never fabricated),,80 294 591 650 695 794 807 881 978 1057 1143 1238 1271 1272 1442 1444 1454 1598 1669 1911 1917 1951 1992 2004
cmp_f419fc8708,STRUCTURE,DOODA (C12),MODEL_ROWS,podand_ether,podand_ether,UNIQUE,UNIQUE,False,podand_ether,NEUTRAL_SOLVATING,FAMILY:podand_ether,NEUTRAL,podand_ether,podand_ether,NEUTRAL_SOLVATING,NEUTRAL,False,False,CCCCCCCCCCCCN(CCCCCCCCCCCC)C(=O)COCCOCC(=O)N(CCCCCCCCCCCC)CCCCCCCCCCCC,CCCCCCCCCCCCN(CCCCCCCCCCCC)C(=O)COCCOCC(=O)N(CCCCCCCCCCCC)CCCCCCCCCCCC,ARCHIVE_STRUCTURE,1,DOODA (C12)|208|208,,,organic_extractant:208,organic_extractant,name_consensus:208,1,208,208,208,1,0,True,849.468,16.3604,16.3604,59.08,0,4,51,60,1,0,C54H108N2O4,LKLZAWHARMREMK-UHFFFAOYSA-N,LKLZAWHARMREMK,2,0,0,2,0,0,0,0,0,0,0,0,0,0,0,0,0,0,0,4,4,1,0,podand_ether|polyamide_other,,2026-09-15.1,1,,,NOT_CURATED: no literature pKa entered (never fabricated),,13 80 294 591 650 695 794 807 881 978 1057 1143 1238 1271 1272 1275 1442 1444 1598 1649 1669 1911 1917 1951 1992 2004
cmp_a7528fba72,STRUCTURE,DMDOHEMA,MODEL_ROWS,malonamide,malonamide,UNIQUE,UNIQUE,False,malonamide,NEUTRAL_SOLVATING,FAMILY:malonamide,NEUTRAL,malonamide,malonamide,NEUTRAL_SOLVATING,NEUTRAL,False,False,CCCCCCCCN(C)C(=O)C(CCCCCC)(OCC)C(=O)N(C)CCCCCCCC,CCCCCCCCN(C)C(=O)C(CCCCCC)(OCC)C(=O)N(C)CCCCCCCC,ARCHIVE_STRUCTURE,1,DMDOHEMA|196|161,,,organic_extractant:196,organic_extractant,positional_smiles:196,2,196,196,161,4,24,True,482.794,7.3699,7.3699,49.85,0,3,23,34,1,0,C29H58N2O3,WCAFTTMKCJEYAI-UHFFFAOYSA-N,WCAFTTMKCJEYAI,2,0,0,1,0,0,0,0,0,0,0,0,0,0,0,0,0,0,0,3,3,1,0,malonamide|polyamide_other,,2026-09-15.1,1,,,NOT_CURATED: no literature pKa entered (never fabricated),,80 114 275 294 334 447 448 482 591 650 695 758 794 807 821 860 881 1057 1143 1163 1202 1238 1308 1444 1492 1652 1669 1911 1917 1951 2046
cmp_c24272fe7f,STRUCTURE,TEDGA,MODEL_ROWS,hydrophilic_aqueous_agent,diglycolamide,UNIQUE,UNIQUE,False,diglycolamide,NEUTRAL_SOLVATING,FAMILY:diglycolamide,NEUTRAL,hydrophilic_aqueous_agent,diglycolamide,NEUTRAL_SOLVATING,NEUTRAL,True,False,CCN(CC)C(=O)COCC(=O)N(CC)CC,CCN(CC)C(=O)COCC(=O)N(CC)CC,ARCHIVE_STRUCTURE,1,TEDGA|192|192,,,aqueous_complexant:108; organic_extractant:84,aqueous_complexant,archive:108; name_consensus:84,1,192,192,192,3,0,True,244.335,0.7398,0.7398,49.85,0,3,8,17,1,0,C12H24N2O3,RTVGGAWXDVNQHB-UHFFFAOYSA-N,RTVGGAWXDVNQHB,2,0,0,1,0,0,0,0,0,0,0,0,0,0,0,0,0,0,0,3,3,1,0,hydrophilic_aqueous_agent|diglycolamide|polyamide_other,hydrophilic_aqueous_agent,2026-09-15.1,1,,,NOT_CURATED: no literature pKa entered (never fabricated),,80 243 294 650 695 807 881 932 978 1008 1057 1238 1271 1454 1598 1917 1992 2004
cmp_d1bb6c7ee1,STRUCTURE,TDDGA,MODEL_ROWS,diglycolamide,diglycolamide,UNIQUE,UNIQUE,False,diglycolamide,NEUTRAL_SOLVATING,FAMILY:diglycolamide,NEUTRAL,diglycolamide,diglycolamide,NEUTRAL_SOLVATING,NEUTRAL,False,False,CCCCCCCCCCN(CCCCCCCCCC)C(=O)COCC(=O)N(CCCCCCCCCC)CCCCCCCCCC,CCCCCCCCCCN(CCCCCCCCCC)C(=O)COCC(=O)N(CCCCCCCCCC)CCCCCCCCCC,ARCHIVE_STRUCTURE,1,TDDGA|184|184,,,organic_extractant:184,organic_extractant,name_consensus:184,1,184,184,184,6,0,True,693.199,13.223,13.223,49.85,0,3,40,49,1,0,C44H88N2O3,LYKKRABYZCPCGV-UHFFFAOYSA-N,LYKKRABYZCPCGV,2,0,0,1,0,0,0,0,0,0,0,0,0,0,0,0,0,0,0,3,3,1,0,diglycolamide|polyamide_other,,2026-09-15.1,1,,,NOT_CURATED: no literature pKa entered (never fabricated),,80 294 591 650 695 794 807 881 978 1057 1143 1238 1271 1272 1442 1444 1454 1598 1669 1911 1917 1951 1992 2004
cmp_f91f01772c,STRUCTURE,DTPA,MODEL_ROWS,hydrophilic_aqueous_agent,aminopolycarboxylic_acid,UNIQUE,UNIQUE,False,aminopolycarboxylic_acid,CHELATING,FAMILY:aminopolycarboxylic_acid,ACIDIC,hydrophilic_aqueous_agent,aminopolycarboxylic_acid,CHELATING,ACIDIC,True,False,O=C(O)CN(CCN(CC(=O)O)CC(=O)O)CCN(CC(=O)O)CC(=O)O.O=[N+]([O-])[O-],O=C(O)CN(CCN(CC(=O)O)CC(=O)O)CCN(CC(=O)O)CC(=O)O.O=[N+]([O-])[O-],ARCHIVE_STRUCTURE,1,DTPA|166|166,,,aqueous_complexant:166,aqueous_complexant,archive:166,1,166,166,166,2,0,True,455.353,-2.9237,-2.6846,262.42,5,11,16,31,2,-1,C14H23N4O13-,IWDKHSHMJZNFRO-UHFFFAOYSA-N,QPCDCPDFJACHGM,0,0,0,0,0,0,0,0,0,0,0,3,0,0,0,0,0,0,5,8,8,1,5,hydrophilic_aqueous_agent|aminopolycarboxylic_acid|carboxylic_acid|amine_basic,hydrophilic_aqueous_agent,2026-09-15.1,2,,,NOT_CURATED: no literature pKa entered (never fabricated),SHARES_PARENT_WITH_OTHER_CANONICAL_SMILES,8 80 251 389 605 650 715 753 807 838 881 890 1034 1190 1410 1539 1737 1917 1951 1963
cmp_d34f8d60c0,STRUCTURE,DHHA,MODEL_ROWS,monoamide,monoamide,UNIQUE,UNIQUE,False,monoamide,NEUTRAL_SOLVATING,FAMILY:monoamide,NEUTRAL,monoamide,monoamide,NEUTRAL_SOLVATING,NEUTRAL,False,False,CCCCCCN(CCCCCC)C(=O)CCCCC,CCCCCCN(CCCCCC)C(=O)CCCCC,ARCHIVE_STRUCTURE,1,DHHA|144|143,,,organic_extractant:144,organic_extractant,name_consensus:144,1,144,144,143,4,0,True,283.5,5.5559,5.5559,20.31,0,1,14,20,1,0,C18H37NO,PTNKBMIGCUULJJ-UHFFFAOYSA-N,PTNKBMIGCUULJJ,1,0,0,0,0,0,0,0,0,0,0,0,0,0,0,0,0,0,0,1,1,0,0,monoamide,,2026-09-15.1,1,,,NOT_CURATED: no literature pKa entered (never fabricated),,80 294 486 591 619 650 794 807 881 978 1057 1143 1238 1267 1272 1442 1444 1564 1669 1911 1917 1951
cmp_1e7789d807,STRUCTURE,TPDGA,MODEL_ROWS,diglycolamide,diglycolamide,UNIQUE,UNIQUE,False,diglycolamide,NEUTRAL_SOLVATING,FAMILY:diglycolamide,NEUTRAL,diglycolamide,diglycolamide,NEUTRAL_SOLVATING,NEUTRAL,False,False,CCCCCN(CCCCC)C(=O)COCC(=O)N(CCCCC)CCCCC,CCCCCN(CCCCC)C(=O)COCC(=O)N(CCCCC)CCCCC,ARCHIVE_STRUCTURE,1,TPDGA|142|142,,,organic_extractant:142,organic_extractant,name_consensus:142,1,142,142,142,4,0,True,412.659,5.421,5.421,49.85,0,3,20,29,1,0,C24H48N2O3,HNFBDIODCWGCDE-UHFFFAOYSA-N,HNFBDIODCWGCDE,2,0,0,1,0,0,0,0,0,0,0,0,0,0,0,0,0,0,0,3,3,1,0,diglycolamide|polyamide_other,,2026-09-15.1,1,,,NOT_CURATED: no literature pKa entered (never fabricated),,80 294 591 650 695 794 807 881 978 1057 1238 1271 1272 1442 1444 1454 1598 1669 1911 1917 1951 1992 2004
cmp_2a09cfc82c,STRUCTURE,THDGA,MODEL_ROWS,diglycolamide,diglycolamide,UNIQUE,UNIQUE,False,diglycolamide,NEUTRAL_SOLVATING,FAMILY:diglycolamide,NEUTRAL,diglycolamide,diglycolamide,NEUTRAL_SOLVATING,NEUTRAL,False,False,CCCCCCN(CCCCCC)C(=O)COCC(=O)N(CCCCCC)CCCCCC,CCCCCCN(CCCCCC)C(=O)COCC(=O)N(CCCCCC)CCCCCC,ARCHIVE_STRUCTURE,1,THDGA|140|134,,,organic_extractant:140,organic_extractant,name_consensus:140,1,140,140,134,6,0,True,468.767,6.9814,6.9814,49.85,0,3,24,33,1,0,C28H56N2O3,MWWLNEFOEFNGMN-UHFFFAOYSA-N,MWWLNEFOEFNGMN,2,0,0,1,0,0,0,0,0,0,0,0,0,0,0,0,0,0,0,3,3,1,0,diglycolamide|polyamide_other,,2026-09-15.1,1,,,NOT_CURATED: no literature pKa entered (never fabricated),,80 294 591 650 695 794 807 881 978 1057 1143 1238 1271 1272 1442 1444 1454 1598 1669 1911 1917 1951 1992 2004
cmp_78a9063324,STRUCTURE,2-N-6-N-dimethyl-2-N-6-N-diphenylpyridine-2-6-dicarboxamide,MODEL_ROWS_TIE,pyridine_carboxamide,pyridine_carboxamide,UNIQUE,UNIQUE,False,pyridine_carboxamide,SOFT_N_DONOR,FAMILY:pyridine_carboxamide,NEUTRAL,pyridine_carboxamide,pyridine_carboxamide,SOFT_N_DONOR,NEUTRAL,False,False,CN(C(=O)c1cccc(C(=O)N(C)c2ccccc2)n1)c1ccccc1,CN(C(=O)c1cccc(C(=O)N(C)c2ccccc2)n1)c1ccccc1,ARCHIVE_STRUCTURE,2,2-N-6-N-dimethyl-2-N-6-N-diphenylpyridine-2-6-dicarboxamide|70|70; DMDPhPDA|70|70,,,organic_extractant:140,organic_extractant,name_consensus:140,2,140,140,140,1,0,True,345.402,3.6348,3.6348,53.51,0,3,4,26,1,0,C21H19N3O2,FSJRUSXQNWEHKS-UHFFFAOYSA-N,FSJRUSXQNWEHKS,2,0,0,0,0,0,0,0,0,1,0,0,0,0,0,0,0,0,0,3,3,1,0,pyridine_carboxamide|n_heterocyclic|polyamide_other,,2026-09-15.1,1,,,NOT_CURATED: no literature pKa entered (never fabricated),MULTIPLE_NAMES,54 96 288 378 389 471 555 650 807 855 881 1039 1057 1088 1096 1163 1199 1221 1380 1495 1706 1750 1855 1873 1917 1950
cmp_1e2196cbb0,STRUCTURE,ADAAM(EH),MODEL_ROWS,amino_polyamide,amino_polyamide,UNIQUE,UNIQUE,False,amino_polyamide,NEUTRAL_SOLVATING,FAMILY:amino_polyamide,BASIC,amino_polyamide,amino_polyamide,NEUTRAL_SOLVATING,BASIC,False,False,CCCCC(CC)CN(CC(=O)N(CC(CC)CCCC)CC(CC)CCCC)CC(=O)N(CC(CC)CCCC)CC(CC)CCCC,CCCCC(CC)CN(CC(=O)N(CC(CC)CCCC)CC(CC)CCCC)CC(=O)N(CC(CC)CCCC)CC(CC)CCCC,ARCHIVE_STRUCTURE,1,ADAAM(EH)|138|63,,,organic_extractant:138,organic_extractant,name_consensus:138,1,138,138,63,1,0,True,692.215,12.0276,12.0276,43.86,0,3,34,49,1,0,C44H89N3O2,IETWFTDDYJURKU-UHFFFAOYSA-N,IETWFTDDYJURKU,2,0,0,0,0,0,0,0,0,0,0,1,0,0,0,0,0,0,0,3,3,1,0,amino_polyamide|polyamide_other|amine_basic,,2026-09-15.1,1,,,NOT_CURATED: no literature pKa entered (never fabricated),,1 9 80 205 251 294 358 495 591 650 739 794 807 872 881 904 978 1004 1057 1190 1218 1238 1328 1420 1544 1860 1911 1917 2005
cmp_d39b6adb9f,STRUCTURE,DBD1MHDGA,MODEL_ROWS,diglycolamide,diglycolamide,UNIQUE,UNIQUE,False,diglycolamide,NEUTRAL_SOLVATING,FAMILY:diglycolamide,NEUTRAL,diglycolamide,diglycolamide,NEUTRAL_SOLVATING,NEUTRAL,False,False,CCCCCCC(C)N(CCCC)C(=O)COCC(=O)N(CCCC)C(C)CCCCCC,CCCCCCC(C)N(CCCC)C(=O)COCC(=O)N(CCCC)C(C)CCCCCC,ARCHIVE_STRUCTURE,1,DBD1MHDGA|134|134,,,organic_extractant:134,organic_extractant,name_consensus:134,1,134,134,134,1,0,True,468.767,6.9782,6.9782,49.85,0,3,22,33,1,0,C28H56N2O3,SNDPSFAOXBZUOZ-UHFFFAOYSA-N,SNDPSFAOXBZUOZ,2,0,0,1,0,0,0,0,0,0,0,0,0,0,0,0,0,0,0,3,3,1,0,diglycolamide|polyamide_other,,2026-09-15.1,1,,,NOT_CURATED: no literature pKa entered (never fabricated),,1 80 129 283 294 348 381 591 650 695 739 794 807 810 881 1057 1135 1143 1238 1283 1318 1444 1454 1544 1598 1861 1911 1917 1951 1992 2004
cmp_24e3308d46,STRUCTURE,DMDPDGA,MODEL_ROWS,diglycolamide,diglycolamide,UNIQUE,UNIQUE,False,diglycolamide,NEUTRAL_SOLVATING,FAMILY:diglycolamide,NEUTRAL,diglycolamide,diglycolamide,NEUTRAL_SOLVATING,NEUTRAL,False,False,CN(C(=O)COCC(=O)N(C)c1ccccc1)c1ccccc1,CN(C(=O)COCC(=O)N(C)c1ccccc1)c1ccccc1,ARCHIVE_STRUCTURE,1,DMDPDGA|127|127,,,organic_extractant:127,organic_extractant,name_consensus:127,1,127,127,127,3,0,True,312.369,2.329,2.329,49.85,0,3,6,23,1,0,C18H20N2O3,HIELYQQIYOVIAZ-UHFFFAOYSA-N,HIELYQQIYOVIAZ,2,0,0,1,0,0,0,0,0,0,0,0,0,0,0,0,0,0,0,3,3,1,0,diglycolamide|polyamide_other,,2026-09-15.1,1,,,NOT_CURATED: no literature pKa entered (never fabricated),,54 80 288 389 650 695 807 881 1057 1088 1096 1163 1199 1238 1380 1454 1589 1598 1706 1750 1765 1873 1917 1992 2004
cmp_6c091992b7,STRUCTURE,SO3-Ph-BTP,MODEL_ROWS,hydrophilic_aqueous_agent,n_heterocyclic,UNIQUE,UNIQUE,False,n_heterocyclic,SOFT_N_DONOR,FAMILY:n_heterocyclic,IONIC,hydrophilic_aqueous_agent,n_heterocyclic,SOFT_N_DONOR,IONIC,True,False,O=S(=O)([O-])c1ccc(-c2nnc(-c3cccc(-c4nnc(-c5ccc(S(=O)(=O)[O-])cc5)c(-c5ccc(S(=O)(=O)[O-])cc5)n4)n3)nc2-c2ccc(S(=O)(=O)[O-])cc2)cc1,O=S(=O)([O-])c1ccc(-c2nnc(-c3cccc(-c4nnc(-c5ccc(S(=O)(=O)[O-])cc5)c(-c5ccc(S(=O)(=O)[O-])cc5)n4)n3)nc2-c2ccc(S(=O)(=O)[O-])cc2)cc1,ARCHIVE_STRUCTURE,1,SO3-Ph-BTP|120|120,,,aqueous_complexant:120,aqueous_complexant,archive:120,1,120,120,120,1,0,True,857.842,3.07,3.07,319.03,0,19,10,58,1,-4,C35H19N7O12S4-4,AMNDHDRONSNUCU-UHFFFAOYSA-J,AMNDHDRONSNUCU,0,0,0,0,0,0,0,0,0,1,6,0,0,0,0,0,0,4,0,3,3,1,4,hydrophilic_aqueous_agent|n_heterocyclic,hydrophilic_aqueous_agent,2026-09-15.1,1,,,NOT_CURATED: no literature pKa entered (never fabricated),,24 123 130 139 319 323 350 378 471 650 715 823 827 896 978 980 1039 1088 1122 1160 1164 1257 1309 1380 1384 1385 1476 1750 1851 1855 1873 1965
cmp_076b194384,STRUCTURE,HEDTA,ALL_ROWS,hydrophilic_aqueous_agent,aminopolycarboxylic_acid,UNIQUE,UNIQUE,False,aminopolycarboxylic_acid,CHELATING,FAMILY:aminopolycarboxylic_acid,IONIC,hydrophilic_aqueous_agent,aminopolycarboxylic_acid,CHELATING,IONIC,True,False,O=C([O-])CN(CCO)CCN(CC(=O)[O-])CC(=O)[O-],O=C([O-])CN(CCO)CCN(CC(=O)[O-])CC(=O)[O-],ARCHIVE_STRUCTURE,1,HEDTA|116|0,,,aqueous_complexant:116,aqueous_complexant,archive:116,1,116,116,0,1,0,True,275.237,-6.1676,-6.1676,147.1,1,9,11,19,1,-3,C10H15N2O7-3,URDCARMUOSMFFI-UHFFFAOYSA-K,URDCARMUOSMFFI,0,0,0,0,0,0,0,0,1,0,0,2,0,0,0,0,0,0,3,6,6,1,3,hydrophilic_aqueous_agent|aminopolycarboxylic_acid|carboxylic_acid|amine_basic,hydrophilic_aqueous_agent,2026-09-15.1,2,,,NOT_CURATED: no literature pKa entered (never fabricated),SHARES_PARENT_WITH_OTHER_CANONICAL_SMILES,28 80 145 222 251 473 640 650 715 785 807 881 1034 1190 1226 1292 1410 1539 1917 1951
cmp_a7d465c461,STRUCTURE,DEHPVA,MODEL_ROWS,monoamide,monoamide,UNIQUE,UNIQUE,False,monoamide,NEUTRAL_SOLVATING,FAMILY:monoamide,NEUTRAL,monoamide,monoamide,NEUTRAL_SOLVATING,NEUTRAL,False,False,CCCCC(CC)CN(CC(CC)CCCC)C(=O)C(C)(C)C,CCCCC(CC)CN(CC(CC)CCCC)C(=O)C(C)(C)C,ARCHIVE_STRUCTURE,1,DEHPVA|114|90,,,organic_extractant:114,organic_extractant,name_consensus:114,1,114,114,90,4,0,True,325.581,6.2939,6.2939,20.31,0,1,12,23,1,0,C21H43NO,ODFOPGYFSLHCQS-UHFFFAOYSA-N,ODFOPGYFSLHCQS,1,0,0,0,0,0,0,0,0,0,0,0,0,0,0,0,0,0,0,1,1,0,0,monoamide,,2026-09-15.1,1,,,NOT_CURATED: no literature pKa entered (never fabricated),,1 80 114 205 270 294 392 591 650 739 794 807 881 904 929 978 1004 1057 1218 1328 1420 1478 1544 1860 1911 1917 1933 2046
cmp_b3e0eb9c63,STRUCTURE,C2-PTA,MODEL_ROWS,pyridine_carboxamide,pyridine_carboxamide,UNIQUE,UNIQUE,False,pyridine_carboxamide,SOFT_N_DONOR,FAMILY:pyridine_carboxamide,NEUTRAL,pyridine_carboxamide,pyridine_carboxamide,SOFT_N_DONOR,NEUTRAL,False,False,CCN(CC)C(=O)c1ccc2ccc3cccnc3c2n1,CCN(CC)C(=O)c1ccc2ccc3cccnc3c2n1,ARCHIVE_STRUCTURE,1,C2-PTA|108|78,,,organic_extractant:108,organic_extractant,name_consensus:108,1,108,108,78,1,0,True,279.343,3.265,3.265,46.09,0,3,3,21,1,0,C17H17N3O,BJUJRJRRWUFJHV-UHFFFAOYSA-N,BJUJRJRRWUFJHV,1,0,0,0,0,0,0,0,0,2,0,0,0,0,0,0,0,0,0,3,3,1,0,pyridine_carboxamide|n_heterocyclic|monoamide,,2026-09-15.1,1,,,NOT_CURATED: no literature pKa entered (never fabricated),,80 192 203 294 352 378 448 449 650 807 850 855 881 932 978 1008 1043 1057 1087 1088 1203 1221 1295 1380 1452 1495 1724 1750 1855 1866 1873 1874 1917 1939
cmp_f6fc88d7f7,STRUCTURE,DMDO-HPyranDGA,MODEL_ROWS,diglycolamide,diglycolamide,UNIQUE,UNIQUE,False,diglycolamide,NEUTRAL_SOLVATING,FAMILY:diglycolamide,NEUTRAL,diglycolamide,diglycolamide,NEUTRAL_SOLVATING,NEUTRAL,False,False,CCCCCCCCCCCCN(C)C(=O)C1CC(OC)CC(C(=O)N(C)CCCCCCCCCCCC)O1,CCCCCCCCCCCCN(C)C(=O)C1CC(OC)CC(C(=O)N(C)CCCCCCCCCCCC)O1,ARCHIVE_STRUCTURE,1,DMDO-HPyranDGA|107|105,,,organic_extractant:107,organic_extractant,name_consensus:107,1,107,107,105,1,0,True,566.912,8.3076,8.3076,59.08,0,4,25,40,1,0,C34H66N2O4,OBPXKPOYYNVKDH-UHFFFAOYSA-N,OBPXKPOYYNVKDH,2,0,0,2,0,0,0,0,0,0,0,0,0,0,0,0,0,0,0,4,3,1,0,diglycolamide|polyamide_other,,2026-09-15.1,1,,,NOT_CURATED: no literature pKa entered (never fabricated),,80 119 294 334 468 591 650 656 695 794 807 841 881 926 937 1019 1057 1061 1080 1143 1163 1292 1348 1444 1652 1669 1679 1863 1884 1890 1911 1917 1921 1951 2026
cmp_60d114cb68,STRUCTURE,2-(2-hexoxyethyl)-N-N-dimethyl-N-N-dioctylpropanediamide,MODEL_ROWS,malonamide,malonamide,UNIQUE,UNIQUE,False,malonamide,NEUTRAL_SOLVATING,FAMILY:malonamide,NEUTRAL,malonamide,malonamide,NEUTRAL_SOLVATING,NEUTRAL,False,False,CCCCCCCCN(C)C(=O)C(CCOCCCCCC)C(=O)N(C)CCCCCCCC,CCCCCCCCN(C)C(=O)C(CCOCCCCCC)C(=O)N(C)CCCCCCCC,ARCHIVE_STRUCTURE,2,DMDOHEMA|84|82; 2-(2-hexoxyethyl)-N-N-dimethyl-N-N-dioctylpropanediamide|14|14,DMDOHEMA:NAME_OWNED_BY_OTHER_STRUCTURE,,organic_extractant:98,organic_extractant,name_consensus:98,1,98,98,96,2,0,True,482.794,7.2274,7.2274,49.85,0,3,24,34,1,0,C29H58N2O3,QEHSHNRQHFAQEH-UHFFFAOYSA-N,QEHSHNRQHFAQEH,2,0,0,1,0,0,0,0,0,0,0,0,0,0,0,0,0,0,0,3,2,1,0,malonamide|polyamide_other,,2026-09-15.1,1,,,NOT_CURATED: no literature pKa entered (never fabricated),MULTIPLE_NAMES|HAS_REJECTED_NAMES,1 13 80 185 244 255 294 334 460 591 650 691 695 697 739 794 807 881 1057 1143 1163 1249 1325 1444 1534 1652 1669 1687 1911 1917 1951 1992
cmp_b89bdddee0,STRUCTURE,NaNO3,MODEL_ROWS,electrolyte_salt,other,UNIQUE,UNIQUE,False,,UNKNOWN,FAMILY:electrolyte_salt,IONIC,electrolyte_salt,other,UNKNOWN,IONIC,False,True,O=[N+]([O-])[O-],O=[N+]([O-])[O-],ARCHIVE_STRUCTURE,1,NaNO3|93|93,,,aqueous_complexant:93,aqueous_complexant,archive:93,1,93,93,93,4,0,True,62.004,-0.2391,-0.2391,66.2,0,3,0,4,1,-1,NO3-,NHNBFGGVMKEFGY-UHFFFAOYSA-N,GRYLNZFGIOXLOG,0,0,0,0,0,0,0,0,0,0,0,0,0,0,0,0,0,0,0,0,0,0,0,electrolyte_salt,electrolyte_salt,2026-09-15.1,1,,,NOT_CURATED: no literature pKa entered (never fabricated),,8 650 715 753 838 1963
cmp_bbd63f6105,STRUCTURE,DOODA(C2),MODEL_ROWS,hydrophilic_aqueous_agent,podand_ether,UNIQUE,UNIQUE,False,podand_ether,NEUTRAL_SOLVATING,FAMILY:podand_ether,NEUTRAL,hydrophilic_aqueous_agent,podand_ether,NEUTRAL_SOLVATING,NEUTRAL,True,False,CCN(CC)C(=O)COCCOCC(=O)N(CC)CC,CCN(CC)C(=O)COCCOCC(=O)N(CC)CC,ARCHIVE_STRUCTURE,1,DOODA(C2)|92|92,,,aqueous_complexant:92,aqueous_complexant,archive:92,1,92,92,92,1,0,True,288.388,0.7564,0.7564,59.08,0,4,11,20,1,0,C14H28N2O4,VXUZIRXGVWRGCV-UHFFFAOYSA-N,VXUZIRXGVWRGCV,2,0,0,2,0,0,0,0,0,0,0,0,0,0,0,0,0,0,0,4,4,1,0,hydrophilic_aqueous_agent|podand_ether|polyamide_other,hydrophilic_aqueous_agent,2026-09-15.1,1,,,NOT_CURATED: no literature pKa entered (never fabricated),,13 80 243 294 650 695 807 881 932 978 1008 1057 1238 1271 1275 1598 1649 1917 1992 2004
cmp_d503e34a31,STRUCTURE,mTDDGA,MODEL_ROWS,diglycolamide,diglycolamide,UNIQUE,UNIQUE,False,diglycolamide,NEUTRAL_SOLVATING,FAMILY:diglycolamide,NEUTRAL,diglycolamide,diglycolamide,NEUTRAL_SOLVATING,NEUTRAL,False,False,CCCCCCCCCCN(CCCCCCCCCC)C(=O)C(C)OC(C)C(=O)N(CCCCCCCCCC)CCCCCCCCCC,CCCCCCCCCCN(CCCCCCCCCC)C(=O)C(C)OC(C)C(=O)N(CCCCCCCCCC)CCCCCCCCCC,ARCHIVE_STRUCTURE,1,mTDDGA|88|82,,,organic_extractant:88,organic_extractant,name_consensus:88,1,88,88,82,1,0,True,721.253,14,14,49.85,0,3,40,51,1,0,C46H92N2O3,QEFSTMGWHFKMQS-UHFFFAOYSA-N,QEFSTMGWHFKMQS,2,0,0,1,0,0,0,0,0,0,0,0,0,0,0,0,0,0,0,3,3,1,0,diglycolamide|polyamide_other,,2026-09-15.1,1,,,NOT_CURATED: no literature pKa entered (never fabricated),,1 80 283 294 460 487 591 618 650 695 794 807 881 978 1057 1143 1180 1269 1272 1444 1512 1642 1669 1911 1917 1951
cmp_68964c807a,STRUCTURE,TBEE-BisDGA,MODEL_ROWS,diglycolamide,diglycolamide,UNIQUE,UNIQUE,False,diglycolamide,NEUTRAL_SOLVATING,FAMILY:diglycolamide,NEUTRAL,diglycolamide,diglycolamide,NEUTRAL_SOLVATING,NEUTRAL,False,False,CCCCN(CCCC)C(=O)COCC(=O)N(CC)CCN(CC)C(=O)COCC(=O)N(CCCC)CCCC,CCCCN(CCCC)C(=O)COCC(=O)N(CC)CCN(CC)C(=O)COCC(=O)N(CCCC)CCCC,ARCHIVE_STRUCTURE,1,TBEE-BisDGA|83|83,,,organic_extractant:83,organic_extractant,name_consensus:83,1,83,83,83,1,0,True,570.816,3.5742,3.5742,99.7,0,6,25,40,1,0,C30H58N4O6,LCYPKLKOMBRNAN-UHFFFAOYSA-N,LCYPKLKOMBRNAN,4,0,0,2,0,0,0,0,0,0,0,0,0,0,0,0,0,0,0,6,3,2,0,diglycolamide|polyamide_other,,2026-09-15.1,1,,,NOT_CURATED: no literature pKa entered (never fabricated),,80 294 348 591 603 650 695 794 807 881 932 978 1008 1057 1198 1238 1271 1272 1442 1454 1598 1911 1917 1951 1992 2004
cmp_8ba66f2acf,STRUCTURE,TPrDGA,MODEL_ROWS,diglycolamide,diglycolamide,UNIQUE,UNIQUE,False,diglycolamide,NEUTRAL_SOLVATING,FAMILY:diglycolamide,NEUTRAL,diglycolamide,diglycolamide,NEUTRAL_SOLVATING,NEUTRAL,False,False,CCCN(CCC)C(=O)COCC(=O)N(CCC)CCC,CCCN(CCC)C(=O)COCC(=O)N(CCC)CCC,ARCHIVE_STRUCTURE,1,TPrDGA|77|77,,,organic_extractant:77,organic_extractant,name_consensus:77,1,77,77,77,2,0,True,300.443,2.3002,2.3002,49.85,0,3,12,21,1,0,C16H32N2O3,ISLAAYAUOAAPFB-UHFFFAOYSA-N,ISLAAYAUOAAPFB,2,0,0,1,0,0,0,0,0,0,0,0,0,0,0,0,0,0,0,3,3,1,0,diglycolamide|polyamide_other,,2026-09-15.1,1,,,NOT_CURATED: no literature pKa entered (never fabricated),,80 207 294 650 695 794 807 881 978 1057 1238 1271 1442 1454 1598 1761 1917 1951 1992 2004
cmp_c3d1780b46,STRUCTURE,L1e,MODEL_ROWS,diglycolamide,diglycolamide,UNIQUE,UNIQUE,False,diglycolamide,NEUTRAL_SOLVATING,FAMILY:diglycolamide,NEUTRAL,diglycolamide,diglycolamide,NEUTRAL_SOLVATING,NEUTRAL,False,False,CCCCCCCCN(CCCCCCCC)C(=O)COCC(=O)NCc1cccc(CNC(=O)COCC(=O)N(CCCCCCCC)CCCCCCCC)c1,CCCCCCCCN(CCCCCCCC)C(=O)COCC(=O)NCc1cccc(CNC(=O)COCC(=O)N(CCCCCCCC)CCCCCCCC)c1,ARCHIVE_STRUCTURE,1,L1e|75|75,,,organic_extractant:75,organic_extractant,name_consensus:75,1,75,75,75,1,0,True,815.238,10.0514,10.0514,117.28,2,6,40,58,1,0,C48H86N4O6,YVWALNHBJHJTLD-UHFFFAOYSA-N,YVWALNHBJHJTLD,4,0,0,2,0,0,0,0,0,0,0,0,0,0,0,0,0,0,0,6,3,2,0,diglycolamide|polyamide_other,,2026-09-15.1,1,,,NOT_CURATED: no literature pKa entered (never fabricated),,41 80 197 209 219 255 294 333 591 650 695 794 807 859 875 881 978 1039 1057 1066 1088 1143 1152 1238 1271 1272 1380 1442 1444 1454 1573 1598 1669 1750 1754 1779 1873 1911 1917 1951 1992 2004
cmp_2f6e71f419,STRUCTURE,HOOxyBenDGA,MODEL_ROWS,diglycolamide,diglycolamide,UNIQUE,UNIQUE,False,diglycolamide,NEUTRAL_SOLVATING,FAMILY:diglycolamide,NEUTRAL,diglycolamide,diglycolamide,NEUTRAL_SOLVATING,NEUTRAL,False,False,CCCCCCCCN(CCCCCCCC)C(=O)COCC(=O)NCCCOc1cc(OCCCNC(=O)COCC(=O)N(CCCCCCCC)CCCCCCCC)cc(OCCCNC(=O)COCC(=O)N(CCCCCCCC)CCCCCCCC)c1,CCCCCCCCN(CCCCCCCC)C(=O)COCC(=O)NCCCOc1cc(OCCCNC(=O)COCC(=O)N(CCCCCCCC)CCCCCCCC)cc(OCCCNC(=O)COCC(=O)N(CCCCCCCC)CCCCCCCC)c1,ARCHIVE_STRUCTURE,1,HOOxyBenDGA|71|71,,,organic_extractant:71,organic_extractant,name_consensus:71,1,71,71,71,2,0,True,1315.96,15.0405,15.0405,203.61,3,12,69,93,1,0,C75H138N6O12,XLAMOUQZZWWLND-UHFFFAOYSA-N,XLAMOUQZZWWLND,6,0,0,6,0,0,0,0,0,0,0,0,0,0,0,0,0,0,0,12,3,4,0,diglycolamide|polyamide_other,,2026-09-15.1,1,,,NOT_CURATED: no literature pKa entered (never fabricated),,13 41 80 197 219 294 322 490 591 597 628 650 667 695 794 807 859 875 881 978 1031 1034 1057 1143 1152 1238 1271 1272 1380 1442 1444 1452 1454 1598 1669 1873 1876 1911 1917 1951 1992 2004
cmp_2ea59049ec,STRUCTURE,HOAmBenDGA,MODEL_ROWS,diglycolamide,diglycolamide,UNIQUE,UNIQUE,False,diglycolamide,NEUTRAL_SOLVATING,FAMILY:diglycolamide,NEUTRAL,diglycolamide,diglycolamide,NEUTRAL_SOLVATING,NEUTRAL,False,False,CCCCCCCCN(CCCCCCCC)C(=O)COCC(=O)NCCNC(=O)c1cc(C(=O)NCCNC(=O)COCC(=O)N(CCCCCCCC)CCCCCCCC)cc(C(=O)NCCNC(=O)COCC(=O)N(CCCCCCCC)CCCCCCCC)c1,CCCCCCCCN(CCCCCCCC)C(=O)COCC(=O)NCCNC(=O)c1cc(C(=O)NCCNC(=O)COCC(=O)N(CCCCCCCC)CCCCCCCC)cc(C(=O)NCCNC(=O)COCC(=O)N(CCCCCCCC)CCCCCCCC)c1,ARCHIVE_STRUCTURE,1,HOAmBenDGA|71|70,,,organic_extractant:71,organic_extractant,name_consensus:71,1,71,71,70,2,0,True,1354.96,11.9232,11.9232,263.22,6,12,66,96,1,0,C75H135N9O12,OUDKPXLVCLONLJ-UHFFFAOYSA-N,OUDKPXLVCLONLJ,9,0,0,3,0,0,0,0,0,0,0,0,0,0,0,0,0,0,0,12,3,3,0,diglycolamide|polyamide_other,,2026-09-15.1,1,,,NOT_CURATED: no literature pKa entered (never fabricated),,8 41 80 197 219 265 287 294 486 591 597 650 667 695 794 807 859 875 881 978 1057 1143 1152 1238 1256 1271 1272 1380 1385 1442 1444 1454 1563 1598 1669 1873 1911 1917 1951 1992 2004
cmp_c74ce105ab,STRUCTURE,HOEtBenDGA,MODEL_ROWS,diglycolamide,diglycolamide,UNIQUE,UNIQUE,False,diglycolamide,NEUTRAL_SOLVATING,FAMILY:diglycolamide,NEUTRAL,diglycolamide,diglycolamide,NEUTRAL_SOLVATING,NEUTRAL,False,False,CCCCCCCCN(CCCCCCCC)C(=O)COCC(=O)NCCc1c(CC)c(CCNC(=O)COCC(=O)N(CCCCCCCC)CCCCCCCC)c(CC)c(CCNC(=O)COCC(=O)N(CCCCCCCC)CCCCCCCC)c1CC,CCCCCCCCN(CCCCCCCC)C(=O)COCC(=O)NCCc1c(CC)c(CCNC(=O)COCC(=O)N(CCCCCCCC)CCCCCCCC)c(CC)c(CCNC(=O)COCC(=O)N(CCCCCCCC)CCCCCCCC)c1CC,ARCHIVE_STRUCTURE,1,HOEtBenDGA|71|71,,,organic_extractant:71,organic_extractant,name_consensus:71,1,71,71,71,2,0,True,1310.04,16.0485,16.0485,175.92,3,9,66,93,1,0,C78H144N6O9,RTGJHKAYZXOOAU-UHFFFAOYSA-N,RTGJHKAYZXOOAU,6,0,0,3,0,0,0,0,0,0,0,0,0,0,0,0,0,0,0,9,3,3,0,diglycolamide|polyamide_other,,2026-09-15.1,1,,,NOT_CURATED: no literature pKa entered (never fabricated),,41 62 80 197 219 294 523 591 597 650 667 695 794 807 828 859 881 978 1057 1143 1152 1238 1243 1271 1272 1380 1442 1444 1454 1465 1598 1669 1781 1799 1911 1917 1951 1992 2004 2034
cmp_99c16cf2fe,STRUCTURE,DOODA (C8),MODEL_ROWS,podand_ether,podand_ether,UNIQUE,UNIQUE,False,podand_ether,NEUTRAL_SOLVATING,FAMILY:podand_ether,NEUTRAL,podand_ether,podand_ether,NEUTRAL_SOLVATING,NEUTRAL,False,False,CCCCCCCCN(CCCCCCCC)C(=O)COCCOCC(=O)N(CCCCCCCC)CCCCCCCC,CCCCCCCCN(CCCCCCCC)C(=O)COCCOCC(=O)N(CCCCCCCC)CCCCCCCC,ARCHIVE_STRUCTURE,1,DOODA (C8)|70|70,,,organic_extractant:70,organic_extractant,name_consensus:70,1,70,70,70,1,0,True,625.036,10.1188,10.1188,59.08,0,4,35,44,1,0,C38H76N2O4,POWSNDFKAKPLBR-UHFFFAOYSA-N,POWSNDFKAKPLBR,2,0,0,2,0,0,0,0,0,0,0,0,0,0,0,0,0,0,0,4,4,1,0,podand_ether|polyamide_other,,2026-09-15.1,1,,,NOT_CURATED: no literature pKa entered (never fabricated),,13 80 294 591 650 695 794 807 881 978 1057 1143 1238 1271 1272 1275 1442 1444 1598 1649 1669 1911 1917 1951 1992 2004
cmp_75234171f1,STRUCTURE,Amicacid,MODEL_ROWS,hydrophilic_aqueous_agent,carboxylic_acid,AMBIGUOUS,AMBIGUOUS,False,carboxylic_acid|monoamide,ACIDIC_CATION_EXCHANGE,FAMILY:carboxylic_acid,ACIDIC,hydrophilic_aqueous_agent,carboxylic_acid,ACIDIC_CATION_EXCHANGE,ACIDIC,True,False,CCN(CC)C(=O)COCC(=O)O,CCN(CC)C(=O)COCC(=O)O,ARCHIVE_STRUCTURE,1,Amicacid|69|69,,,aqueous_complexant:69,aqueous_complexant,archive:69,1,69,69,69,1,0,True,189.211,-0.044,-0.044,66.84,1,3,6,13,1,0,C8H15NO4,LTUNSTDSGDERDY-UHFFFAOYSA-N,LTUNSTDSGDERDY,1,0,0,1,0,0,0,0,0,0,0,0,0,0,0,0,0,0,1,3,3,1,1,hydrophilic_aqueous_agent|carboxylic_acid|monoamide,hydrophilic_aqueous_agent,2026-09-15.1,1,,,NOT_CURATED: no literature pKa entered (never fabricated),FAMILY_AMBIGUOUS,59 80 243 294 389 650 684 695 807 881 932 978 1008 1057 1238 1271 1454 1598 1737 1917 1992 2004
cmp_8ec7caa03a,STRUCTURE,CDTA,MODEL_ROWS,hydrophilic_aqueous_agent,aminopolycarboxylic_acid,UNIQUE,UNIQUE,False,aminopolycarboxylic_acid,CHELATING,FAMILY:aminopolycarboxylic_acid,ACIDIC,hydrophilic_aqueous_agent,aminopolycarboxylic_acid,CHELATING,ACIDIC,True,False,O=C(O)CN(CC(=O)O)[C@@H]1CCCC[C@H]1N(CC(=O)O)CC(=O)O,O=C(O)CN(CC(=O)O)[C@@H]1CCCC[C@H]1N(CC(=O)O)CC(=O)O,ARCHIVE_STRUCTURE,1,CDTA|69|21,,,aqueous_complexant:69,aqueous_complexant,archive:69,1,69,69,21,2,0,True,346.336,-0.76,-0.76,155.68,4,6,10,24,1,0,C14H22N2O8,FCKYPQBAHLOOJQ-NXEZZACHSA-N,FCKYPQBAHLOOJQ,0,0,0,0,0,0,0,0,0,0,0,2,0,0,0,0,0,0,4,6,6,1,4,hydrophilic_aqueous_agent|aminopolycarboxylic_acid|carboxylic_acid|amine_basic,hydrophilic_aqueous_agent,2026-09-15.1,2,,,NOT_CURATED: no literature pKa entered (never fabricated),SHARES_PARENT_WITH_OTHER_CANONICAL_SMILES,36 80 389 560 605 636 650 807 881 890 926 1019 1028 1190 1254 1325 1326 1737 1917 1938
cmp_fab2c8c09b,STRUCTURE,2-[1-(dioctylamino)-1-oxopropan-2-yl]oxy-N-N-dioctylpropanamide,MODEL_ROWS,diglycolamide,diglycolamide,UNIQUE,UNIQUE,False,diglycolamide,NEUTRAL_SOLVATING,FAMILY:diglycolamide,NEUTRAL,diglycolamide,diglycolamide,NEUTRAL_SOLVATING,NEUTRAL,False,False,CCCCCCCCN(CCCCCCCC)C(=O)C(C)OC(C)C(=O)N(CCCCCCCC)CCCCCCCC,CCCCCCCCN(CCCCCCCC)C(=O)C(C)OC(C)C(=O)N(CCCCCCCC)CCCCCCCC,ARCHIVE_STRUCTURE,4,2-[1-(dioctylamino)-1-oxopropan-2-yl]oxy-N-N-dioctylpropanamide|28|28; Me2-TODGA|12|12; NEA14|12|12; TWE-14|12|12,,,organic_extractant:64,organic_extractant,name_consensus:64,1,64,64,64,5,12,True,609.037,10.8792,10.8792,49.85,0,3,32,43,1,0,C38H76N2O3,JDYCJJZQNIQUAE-UHFFFAOYSA-N,JDYCJJZQNIQUAE,2,0,0,1,0,0,0,0,0,0,0,0,0,0,0,0,0,0,0,3,3,1,0,diglycolamide|polyamide_other,,2026-09-15.1,3,,,NOT_CURATED: no literature pKa entered (never fabricated),MULTIPLE_NAMES|SHARES_PARENT_WITH_OTHER_CANONICAL_SMILES,1 80 283 294 460 487 591 618 650 695 794 807 881 978 1057 1143 1180 1269 1272 1444 1512 1642 1669 1911 1917 1951
cmp_9ccc7d20e3,STRUCTURE,DHDA,MODEL_ROWS,monoamide,monoamide,UNIQUE,UNIQUE,False,monoamide,NEUTRAL_SOLVATING,FAMILY:monoamide,NEUTRAL,monoamide,monoamide,NEUTRAL_SOLVATING,NEUTRAL,False,False,CCCCCCCCCC(=O)N(CCCCCC)CCCCCC,CCCCCCCCCC(=O)N(CCCCCC)CCCCCC,ARCHIVE_STRUCTURE,1,DHDA|63|63,,,organic_extractant:63,organic_extractant,name_consensus:63,1,63,63,63,2,0,True,339.608,7.1163,7.1163,20.31,0,1,18,24,1,0,C22H45NO,QBRVITSBTHAMEQ-UHFFFAOYSA-N,QBRVITSBTHAMEQ,1,0,0,0,0,0,0,0,0,0,0,0,0,0,0,0,0,0,0,1,1,0,0,monoamide,,2026-09-15.1,1,,,NOT_CURATED: no literature pKa entered (never fabricated),,80 294 486 591 619 650 794 807 881 978 1057 1143 1238 1267 1272 1442 1444 1564 1669 1911 1917 1951
cmp_b4dc370dad,STRUCTURE,DBEHA,MODEL_ROWS,monoamide,monoamide,UNIQUE,UNIQUE,False,monoamide,NEUTRAL_SOLVATING,FAMILY:monoamide,NEUTRAL,monoamide,monoamide,NEUTRAL_SOLVATING,NEUTRAL,False,False,CCCCC(CC)C(=O)N(CCCC)CCCC,CCCCC(CC)C(=O)N(CCCC)CCCC,ARCHIVE_STRUCTURE,1,DBEHA|62|61,,,organic_extractant:62,organic_extractant,name_consensus:62,1,62,62,61,3,0,True,255.446,4.6316,4.6316,20.31,0,1,11,18,1,0,C16H33NO,QYRYBAZBHGBWSV-UHFFFAOYSA-N,QYRYBAZBHGBWSV,1,0,0,0,0,0,0,0,0,0,0,0,0,0,0,0,0,0,0,1,1,0,0,monoamide,,2026-09-15.1,1,,,NOT_CURATED: no literature pKa entered (never fabricated),,1 80 294 346 348 392 460 591 650 739 794 807 881 936 978 1057 1180 1272 1328 1544 1877 1911 1917 1936 1951
cmp_5d20784f65,STRUCTURE,D3DODGA,MODEL_ROWS,diglycolamide,diglycolamide,UNIQUE,UNIQUE,False,diglycolamide,NEUTRAL_SOLVATING,FAMILY:diglycolamide,NEUTRAL,diglycolamide,diglycolamide,NEUTRAL_SOLVATING,NEUTRAL,False,False,CCCCCCCCCCCCN(CCCCCCCCCCCC)C(=O)COCC(=O)N(CCCCCCCC)CCCCCCCC,CCCCCCCCCCCCN(CCCCCCCCCCCC)C(=O)COCC(=O)N(CCCCCCCC)CCCCCCCC,ARCHIVE_STRUCTURE,1,D3DODGA|61|39,,,organic_extractant:61,organic_extractant,name_consensus:61,1,61,61,39,4,0,True,693.199,13.223,13.223,49.85,0,3,40,49,1,0,C44H88N2O3,UMEYDGRRMVVFMT-UHFFFAOYSA-N,UMEYDGRRMVVFMT,2,0,0,1,0,0,0,0,0,0,0,0,0,0,0,0,0,0,0,3,3,1,0,diglycolamide|polyamide_other,,2026-09-15.1,1,,,NOT_CURATED: no literature pKa entered (never fabricated),,80 294 591 650 695 794 807 881 978 1057 1143 1238 1271 1272 1442 1444 1454 1598 1669 1911 1917 1951 1992 2004
cmp_8994d875ff,STRUCTURE,T8-PHEN-CAM,MODEL_ROWS,pyridine_carboxamide,pyridine_carboxamide,UNIQUE,UNIQUE,False,pyridine_carboxamide,SOFT_N_DONOR,FAMILY:pyridine_carboxamide,NEUTRAL,pyridine_carboxamide,pyridine_carboxamide,SOFT_N_DONOR,NEUTRAL,False,False,CCCCCCCCN(CCCCCCCC)C(=O)c1ccc2ccc3ccc(C(=O)N(CCCCCCCC)CCCCCCCC)nc3c2n1,CCCCCCCCN(CCCCCCCC)C(=O)c1ccc2ccc3ccc(C(=O)N(CCCCCCCC)CCCCCCCC)nc3c2n1,ARCHIVE_STRUCTURE,2,T8-PHEN-CAM|38|38; 2-N-2-N-9-N-9-N-tetraoctyl-1-10-phenanthroline-2-9-dicarboxamide|23|23,,,organic_extractant:61,organic_extractant,name_consensus:61,1,61,61,61,2,38,True,715.124,13.1094,13.1094,66.4,0,4,30,52,1,0,C46H74N4O2,FWOILMOMRNLDNT-UHFFFAOYSA-N,FWOILMOMRNLDNT,2,0,0,0,0,0,0,0,0,2,0,0,0,0,0,0,0,0,0,4,4,1,0,pyridine_carboxamide|n_heterocyclic|polyamide_other,,2026-09-15.1,1,,,NOT_CURATED: no literature pKa entered (never fabricated),MULTIPLE_NAMES,80 203 294 378 449 591 650 794 807 850 855 881 978 1057 1143 1203 1221 1272 1295 1380 1427 1444 1495 1669 1724 1750 1855 1873 1874 1911 1917 1951
cmp_246a44700e,STRUCTURE,TIBDGA,MODEL_ROWS,diglycolamide,diglycolamide,UNIQUE,UNIQUE,False,diglycolamide,NEUTRAL_SOLVATING,FAMILY:diglycolamide,NEUTRAL,diglycolamide,diglycolamide,NEUTRAL_SOLVATING,NEUTRAL,False,False,CC(C)CN(CC(C)C)C(=O)COCC(=O)N(CC(C)C)CC(C)C,CC(C)CN(CC(C)C)C(=O)COCC(=O)N(CC(C)C)CC(C)C,ARCHIVE_STRUCTURE,1,TIBDGA|60|60,,,organic_extractant:60,organic_extractant,name_consensus:60,1,60,60,60,2,0,True,356.551,3.2842,3.2842,49.85,0,3,12,25,1,0,C20H40N2O3,FIDHLJDJBAOBCD-UHFFFAOYSA-N,FIDHLJDJBAOBCD,2,0,0,1,0,0,0,0,0,0,0,0,0,0,0,0,0,0,0,3,3,1,0,diglycolamide|polyamide_other,,2026-09-15.1,1,,,NOT_CURATED: no literature pKa entered (never fabricated),,1 9 80 192 283 650 695 807 877 881 978 1057 1238 1271 1454 1598 1847 1860 1917 1992 2004
cmp_aff63a5413,STRUCTURE,DEHAA,MODEL_ROWS,monoamide,monoamide,UNIQUE,UNIQUE,False,monoamide,NEUTRAL_SOLVATING,FAMILY:monoamide,NEUTRAL,monoamide,monoamide,NEUTRAL_SOLVATING,NEUTRAL,False,False,CCCCC(CC)CN(CC(CC)CCCC)C(C)=O,CCCCC(CC)CN(CC(CC)CCCC)C(C)=O,ARCHIVE_STRUCTURE,2,DEHAA|55|27; D2EHAA|4|4,,,organic_extractant:59,organic_extractant,name_consensus:55; deduced_by_elimination:4,2,59,59,31,4,0,True,283.5,5.2677,5.2677,20.31,0,1,12,20,1,0,C18H37NO,KMGFVPGVMMBATJ-UHFFFAOYSA-N,KMGFVPGVMMBATJ,1,0,0,0,0,0,0,0,0,0,0,0,0,0,0,0,0,0,0,1,1,0,0,monoamide,,2026-09-15.1,1,,,NOT_CURATED: no literature pKa entered (never fabricated),MULTIPLE_NAMES,1 80 205 294 555 591 650 739 794 807 881 904 978 1004 1017 1057 1218 1328 1420 1507 1544 1588 1860 1911 1917
cmp_0bcdeb96e8,STRUCTURE,DEDoDA,MODEL_ROWS,monoamide,monoamide,UNIQUE,UNIQUE,False,monoamide,NEUTRAL_SOLVATING,FAMILY:monoamide,NEUTRAL,monoamide,monoamide,NEUTRAL_SOLVATING,NEUTRAL,False,False,CCCCCCCCCCCC(=O)N(CC)CC,CCCCCCCCCCCC(=O)N(CC)CC,ARCHIVE_STRUCTURE,1,DEDoDA|59|47,,,organic_extractant:59,organic_extractant,name_consensus:59,1,59,59,47,2,0,True,255.446,4.7757,4.7757,20.31,0,1,12,18,1,0,C16H33NO,CWNSVVHTTQBGQB-UHFFFAOYSA-N,CWNSVVHTTQBGQB,1,0,0,0,0,0,0,0,0,0,0,0,0,0,0,0,0,0,0,1,1,0,0,monoamide,,2026-09-15.1,1,,,NOT_CURATED: no literature pKa entered (never fabricated),,80 243 294 486 591 619 650 794 807 881 932 978 1008 1057 1143 1238 1267 1444 1564 1911 1917
cmp_550d3306bb,STRUCTURE,CyMe4-BTTP,MODEL_ROWS,n_heterocyclic,n_heterocyclic,UNIQUE,UNIQUE,False,n_heterocyclic,SOFT_N_DONOR,FAMILY:n_heterocyclic,NEUTRAL,n_heterocyclic,n_heterocyclic,SOFT_N_DONOR,NEUTRAL,False,False,CC1(C)CCC(C)(C)c2nc(-c3cccc(-c4cccc(-c5cccc(-c6nnc7c(n6)C(C)(C)CCC7(C)C)n5)n4)n3)nnc21,CC1(C)CCC(C)(C)c2nc(-c3cccc(-c4cccc(-c5cccc(-c6nnc7c(n6)C(C)(C)CCC7(C)C)n5)n4)n3)nnc21,ARCHIVE_STRUCTURE,1,CyMe4-BTTP|58|58,,,organic_extractant:58,organic_extractant,positional_smiles:36; name_consensus:22,1,58,58,58,1,58,True,611.798,7.6076,7.6076,116.01,0,9,4,46,1,0,C37H41N9,LFCBHXANVPVPKL-UHFFFAOYSA-N,LFCBHXANVPVPKL,0,0,0,0,0,0,0,0,0,3,6,0,0,0,0,0,0,0,0,5,5,1,0,n_heterocyclic,,2026-09-15.1,1,,,NOT_CURATED: no literature pKa entered (never fabricated),,24 130 378 473 798 926 943 953 980 1039 1057 1060 1066 1088 1103 1130 1162 1164 1225 1257 1274 1380 1384 1385 1683 1750 1851 1855 1873
cmp_8e1bd18b78,STRUCTURE,NTAamide(C8),MODEL_ROWS,amino_polyamide,amino_polyamide,UNIQUE,UNIQUE,False,amino_polyamide,NEUTRAL_SOLVATING,FAMILY:amino_polyamide,BASIC,amino_polyamide,amino_polyamide,NEUTRAL_SOLVATING,BASIC,False,False,CCCCCCCCN(CCCCCCCC)C(=O)CN(CC(=O)N(CCCCCCCC)CCCCCCCC)CC(=O)N(CCCCCCCC)CCCCCCCC,CCCCCCCCN(CCCCCCCC)C(=O)CN(CC(=O)N(CCCCCCCC)CCCCCCCC)CC(=O)N(CCCCCCCC)CCCCCCCC,ARCHIVE_STRUCTURE,2,NTAamide(C8)|46|46; TWE-11|12|12,,,organic_extractant:58,organic_extractant,name_consensus:58,1,58,58,58,3,12,True,861.483,14.9372,14.9372,64.17,0,4,48,61,1,0,C54H108N4O3,YTTXOOIRNCYALH-UHFFFAOYSA-N,YTTXOOIRNCYALH,3,0,0,0,0,0,0,0,0,0,0,1,0,0,0,0,0,0,0,4,4,1,0,amino_polyamide|polyamide_other|amine_basic,,2026-09-15.1,1,,,NOT_CURATED: no literature pKa entered (never fabricated),MULTIPLE_NAMES,80 251 294 358 591 649 650 794 807 872 881 978 1057 1143 1190 1238 1272 1442 1444 1669 1911 1917 1951
cmp_49d42e0fd2,STRUCTURE,malonamide,MODEL_ROWS,hydrophilic_aqueous_agent,malonamide,UNIQUE,UNIQUE,False,malonamide,NEUTRAL_SOLVATING,FAMILY:malonamide,NEUTRAL,hydrophilic_aqueous_agent,malonamide,NEUTRAL_SOLVATING,NEUTRAL,True,False,NC(=O)CC(N)=O,NC(=O)CC(N)=O,ARCHIVE_STRUCTURE,1,malonamide|56|56,,,aqueous_complexant:56,aqueous_complexant,archive:56,1,56,56,56,1,0,True,102.093,-1.6529,-1.6529,86.18,2,2,2,7,1,0,C3H6N2O2,WRIRWRKPLXCTFD-UHFFFAOYSA-N,WRIRWRKPLXCTFD,2,0,0,0,0,0,0,0,0,0,0,0,0,0,0,0,0,0,0,2,2,1,0,hydrophilic_aqueous_agent|malonamide|polyamide_other,hydrophilic_aqueous_agent,2026-09-15.1,1,,,NOT_CURATED: no literature pKa entered (never fabricated),,80 140 312 650 807 1152 1171 1671 1898 1917
cmp_fcb17c4d61,STRUCTURE,DEHPA,MODEL_ROWS,monoamide,monoamide,UNIQUE,UNIQUE,False,monoamide,NEUTRAL_SOLVATING,FAMILY:monoamide,NEUTRAL,monoamide,monoamide,NEUTRAL_SOLVATING,NEUTRAL,False,False,CCCCC(CC)CN(CC(CC)CCCC)C(=O)CC,CCCCC(CC)CN(CC(CC)CCCC)C(=O)CC,ARCHIVE_STRUCTURE,1,DEHPA|53|25,,,organic_extractant:53,organic_extractant,name_consensus:53,1,53,53,25,2,0,True,297.527,5.6578,5.6578,20.31,0,1,13,21,1,0,C19H39NO,GLGYGIJGPUJDKC-UHFFFAOYSA-N,GLGYGIJGPUJDKC,1,0,0,0,0,0,0,0,0,0,0,0,0,0,0,0,0,0,0,1,1,0,0,monoamide,,2026-09-15.1,1,,,NOT_CURATED: no literature pKa entered (never fabricated),,1 9 80 205 294 591 650 739 794 807 881 898 904 978 1004 1057 1218 1238 1271 1328 1420 1544 1629 1860 1911 1917
cmp_f9a2ef66bb,STRUCTURE,TiADGA,MODEL_ROWS,diglycolamide,diglycolamide,UNIQUE,UNIQUE,False,diglycolamide,NEUTRAL_SOLVATING,FAMILY:diglycolamide,NEUTRAL,diglycolamide,diglycolamide,NEUTRAL_SOLVATING,NEUTRAL,False,False,CC(C)CCN(CCC(C)C)C(=O)COCC(=O)N(CCC(C)C)CCC(C)C,CC(C)CCN(CCC(C)C)C(=O)COCC(=O)N(CCC(C)C)CCC(C)C,ARCHIVE_STRUCTURE,1,TiADGA|52|52,,,organic_extractant:52,organic_extractant,name_consensus:52,1,52,52,52,1,0,True,412.659,4.8446,4.8446,49.85,0,3,16,29,1,0,C24H48N2O3,MBRXRLIYZWVEIW-UHFFFAOYSA-N,MBRXRLIYZWVEIW,2,0,0,1,0,0,0,0,0,0,0,0,0,0,0,0,0,0,0,3,3,1,0,diglycolamide|polyamide_other,,2026-09-15.1,1,,,NOT_CURATED: no literature pKa entered (never fabricated),,1 80 283 650 695 739 807 881 978 1000 1057 1238 1271 1442 1454 1598 1847 1860 1879 1917 1951 1992 2004
cmp_e2e1d49929,STRUCTURE,p-TODGA-Syn,MODEL_ROWS,diglycolamide,diglycolamide,UNIQUE,UNIQUE,False,diglycolamide,NEUTRAL_SOLVATING,FAMILY:diglycolamide,NEUTRAL,diglycolamide,diglycolamide,NEUTRAL_SOLVATING,NEUTRAL,False,False,CCCCCCCCN(CCCCCCCC)C(=O)[C@H](CCC)O[C@H](CCC)C(=O)N(CCCCCCCC)CCCCCCCC,CCCCCCCCN(CCCCCCCC)C(=O)[C@H](CCC)O[C@H](CCC)C(=O)N(CCCCCCCC)CCCCCCCC,ARCHIVE_STRUCTURE,1,p-TODGA-Syn|52|52,,,organic_extractant:52,organic_extractant,name_consensus:52,1,52,52,52,1,0,True,665.145,12.4396,12.4396,49.85,0,3,36,47,1,0,C42H84N2O3,HTPVMKILKGUXQW-LQDDJWCHSA-N,HTPVMKILKGUXQW,2,0,0,1,0,0,0,0,0,0,0,0,0,0,0,0,0,0,0,3,3,1,0,diglycolamide|polyamide_other,,2026-09-15.1,2,,,NOT_CURATED: no literature pKa entered (never fabricated),SHARES_PARENT_WITH_OTHER_CANONICAL_SMILES,1 59 80 254 294 460 487 591 650 695 739 794 806 807 881 978 1057 1143 1180 1272 1444 1669 1691 1824 1911 1917 1951
cmp_09da99e984,STRUCTURE,DHEHA,MODEL_ROWS,monoamide,monoamide,UNIQUE,UNIQUE,False,monoamide,NEUTRAL_SOLVATING,FAMILY:monoamide,NEUTRAL,monoamide,monoamide,NEUTRAL_SOLVATING,NEUTRAL,False,False,CCCCCCN(CCCCCC)C(=O)C(CC)CCCC,CCCCCCN(CCCCCC)C(=O)C(CC)CCCC,ARCHIVE_STRUCTURE,1,DHEHA|49|48,,,organic_extractant:49,organic_extractant,name_consensus:49,1,49,49,48,2,0,True,311.554,6.192,6.192,20.31,0,1,15,22,1,0,C20H41NO,MXTKEKIWJNKZOH-UHFFFAOYSA-N,MXTKEKIWJNKZOH,1,0,0,0,0,0,0,0,0,0,0,0,0,0,0,0,0,0,0,1,1,0,0,monoamide,,2026-09-15.1,1,,,NOT_CURATED: no literature pKa entered (never fabricated),,1 80 294 346 392 460 591 650 739 794 807 881 936 978 1057 1143 1180 1272 1328 1444 1544 1669 1877 1911 1917 1936 1951
cmp_ab0b83ca7a,STRUCTURE,tBu-CyMe4-BTBP,MODEL_ROWS,n_heterocyclic,n_heterocyclic,UNIQUE,UNIQUE,False,n_heterocyclic,SOFT_N_DONOR,FAMILY:n_heterocyclic,NEUTRAL,n_heterocyclic,n_heterocyclic,SOFT_N_DONOR,NEUTRAL,False,False,CC(C)(C)c1cc(-c2cc(C(C)(C)C)cc(-c3nnc4c(n3)C(C)(C)CCC4(C)C)n2)nc(-c2nnc3c(n2)C(C)(C)CCC3(C)C)c1,CC(C)(C)c1cc(-c2cc(C(C)(C)C)cc(-c3nnc4c(n3)C(C)(C)CCC4(C)C)n2)nc(-c2nnc3c(n2)C(C)(C)CCC3(C)C)c1,ARCHIVE_STRUCTURE,1,tBu-CyMe4-BTBP|47|46,,,organic_extractant:47,organic_extractant,name_consensus:47,1,47,47,46,1,47,True,646.928,9.1406,9.1406,103.12,0,8,3,48,1,0,C40H54N8,FRKMWFUYOKILTF-UHFFFAOYSA-N,FRKMWFUYOKILTF,0,0,0,0,0,0,0,0,0,2,6,0,0,0,0,0,0,0,0,4,4,1,0,n_heterocyclic,,2026-09-15.1,1,,,NOT_CURATED: no literature pKa entered (never fabricated),,24 33 114 378 392 473 673 798 875 926 943 953 980 1057 1060 1066 1103 1130 1162 1164 1199 1257 1274 1339 1361 1380 1384 1385 1417 1683 1781 1855 1873
cmp_10dba3fc27,STRUCTURE,LL9,MODEL_ROWS,diglycolamide,diglycolamide,UNIQUE,UNIQUE,False,diglycolamide,NEUTRAL_SOLVATING,FAMILY:diglycolamide,NEUTRAL,diglycolamide,diglycolamide,NEUTRAL_SOLVATING,NEUTRAL,False,False,CCCCCCCCN(CCCCCCCC)C(=O)COCC(=O)NCCCOCCCNC(=O)COCC(=O)N(CCCCCCCC)CCCCCCCC,CCCCCCCCN(CCCCCCCC)C(=O)COCC(=O)NCCCOCCCNC(=O)COCC(=O)N(CCCCCCCC)CCCCCCCC,ARCHIVE_STRUCTURE,1,LL9|47|47,,,organic_extractant:47,organic_extractant,name_consensus:47,1,47,47,47,1,0,True,811.247,9.148,9.148,126.51,2,7,44,57,1,0,C46H90N4O7,LCVBOMYNIYBYIV-UHFFFAOYSA-N,LCVBOMYNIYBYIV,4,0,0,3,0,0,0,0,0,0,0,0,0,0,0,0,0,0,0,7,3,2,0,diglycolamide|polyamide_other,,2026-09-15.1,1,,,NOT_CURATED: no literature pKa entered (never fabricated),,13 41 80 197 219 294 490 591 597 650 667 691 695 794 807 859 881 978 1057 1143 1152 1238 1271 1272 1325 1442 1444 1454 1598 1669 1876 1911 1917 1951 1992 2004
cmp_567865fe75,STRUCTURE,C5-BPP,MODEL_ROWS,n_heterocyclic,n_heterocyclic,UNIQUE,UNIQUE,False,n_heterocyclic,SOFT_N_DONOR,FAMILY:n_heterocyclic,NEUTRAL,n_heterocyclic,n_heterocyclic,SOFT_N_DONOR,NEUTRAL,False,False,CC(C)(C)Cc1cc(-c2cccc(-c3cc(CC(C)(C)C)[nH]n3)n2)n[nH]1,CC(C)(C)Cc1cc(-c2cccc(-c3cc(CC(C)(C)C)[nH]n3)n2)n[nH]1,ARCHIVE_STRUCTURE,1,C5-BPP|42|7,,,organic_extractant:42,organic_extractant,name_consensus:42,1,42,42,7,1,0,True,351.498,5.039,5.039,70.25,2,3,4,26,1,0,C21H29N5,VADKUZHWQZHHKM-UHFFFAOYSA-N,VADKUZHWQZHHKM,0,0,0,0,0,0,0,0,0,3,0,0,0,0,0,0,0,0,0,3,3,1,0,n_heterocyclic,,2026-09-15.1,1,,,NOT_CURATED: no literature pKa entered (never fabricated),,74 80 114 268 378 392 875 888 892 911 980 997 1039 1057 1088 1114 1115 1225 1257 1339 1380 1469 1647 1750 1851 1855 1870 1873 2004
cmp_1d4da4c366,STRUCTURE,T8-PHEN-TAM,MODEL_ROWS,pyridine_carboxamide,pyridine_carboxamide,UNIQUE,UNIQUE,False,pyridine_carboxamide,SOFT_N_DONOR,FAMILY:pyridine_carboxamide,NEUTRAL,pyridine_carboxamide,pyridine_carboxamide,SOFT_N_DONOR,NEUTRAL,False,False,CCCCCCCCN(CCCCCCCC)C(=S)c1ccc2ccc3ccc(C(=S)N(CCCCCCCC)CCCCCCCC)nc3c2n1,CCCCCCCCN(CCCCCCCC)C(=S)c1ccc2ccc3ccc(C(=S)N(CCCCCCCC)CCCCCCCC)nc3c2n1,ARCHIVE_STRUCTURE,1,T8-PHEN-TAM|40|40,,,organic_extractant:40,organic_extractant,name_consensus:40,1,40,40,40,1,40,True,747.26,14.18,14.18,32.26,0,4,30,52,1,0,C46H74N4S2,MMXAZOYAOYTWOZ-UHFFFAOYSA-N,MMXAZOYAOYTWOZ,0,2,0,0,0,0,0,0,0,2,0,0,0,0,0,0,0,0,0,4,4,1,0,pyridine_carboxamide|n_heterocyclic|sulfur_donor_other,,2026-09-15.1,1,,,NOT_CURATED: no literature pKa entered (never fabricated),,80 97 110 203 252 294 378 449 591 794 807 850 855 881 978 1057 1143 1203 1272 1308 1380 1401 1444 1580 1669 1724 1750 1855 1873 1874 1911 1951
cmp_3c24769140,STRUCTURE,DBBA,MODEL_ROWS,monoamide,monoamide,UNIQUE,UNIQUE,False,monoamide,NEUTRAL_SOLVATING,FAMILY:monoamide,NEUTRAL,monoamide,monoamide,NEUTRAL_SOLVATING,NEUTRAL,False,False,CCCCN(CCCC)C(=O)CCC,CCCCN(CCCC)C(=O)CCC,ARCHIVE_STRUCTURE,1,DBBA|40|39,,,organic_extractant:40,organic_extractant,name_consensus:40,1,40,40,39,3,0,True,199.338,3.2153,3.2153,20.31,0,1,8,14,1,0,C12H25NO,YIGDAUZSYXKBHT-UHFFFAOYSA-N,YIGDAUZSYXKBHT,1,0,0,0,0,0,0,0,0,0,0,0,0,0,0,0,0,0,0,1,1,0,0,monoamide,,2026-09-15.1,1,,,NOT_CURATED: no literature pKa entered (never fabricated),,80 294 348 486 591 650 794 807 881 978 1057 1238 1272 1357 1442 1564 1830 1911 1917 1951
cmp_500127e0c3,STRUCTURE,,NO_NAME,hydrophilic_aqueous_agent,n_heterocyclic,UNIQUE,UNIQUE,False,n_heterocyclic,SOFT_N_DONOR,FAMILY:n_heterocyclic,IONIC,hydrophilic_aqueous_agent,n_heterocyclic,SOFT_N_DONOR,IONIC,True,False,O=S(=O)([O-])c1cccc(-c2nnc(-c3cccc(-c4cccc(-c5nnc(-c6cccc(S(=O)(=O)[O-])c6)c(-c6cccc(S(=O)(=O)[O-])c6)n5)n4)n3)nc2-c2cccc(S(=O)(=O)[O-])c2)c1.[Na+].[Na+].[Na+].[Na+],O=S(=O)([O-])c1cccc(-c2nnc(-c3cccc(-c4cccc(-c5nnc(-c6cccc(S(=O)(=O)[O-])c6)c(-c6cccc(S(=O)(=O)[O-])c6)n5)n4)n3)nc2-c2cccc(S(=O)(=O)[O-])c2)c1.[Na+].[Na+].[Na+].[Na+],ARCHIVE_STRUCTURE,0,,,,aqueous_holdback:40,aqueous_holdback,archive:40,1,40,40,40,1,40,True,1026.89,-7.852,4.132,331.92,0,20,11,68,5,0,C40H22N8Na4O12S4,IMRULRQRLZEYPD-UHFFFAOYSA-J,OTUBDHKPKJZRSY,0,0,0,0,0,0,0,0,0,2,6,0,0,0,0,0,0,4,0,4,4,1,4,hydrophilic_aqueous_agent|n_heterocyclic,hydrophilic_aqueous_agent,2026-09-15.1,1,,,NOT_CURATED: no literature pKa entered (never fabricated),,24 123 128 130 139 319 323 350 378 573 575 650 715 736 827 875 978 980 1039 1056 1088 1122 1160 1164 1213 1225 1257 1309 1380 1384 1385 1476 1750 1851 1855 1873 1965
cmp_2983d856d4,STRUCTURE,DEHDODGA,ALL_ROWS,diglycolamide,diglycolamide,UNIQUE,UNIQUE,False,diglycolamide,NEUTRAL_SOLVATING,FAMILY:diglycolamide,NEUTRAL,diglycolamide,diglycolamide,NEUTRAL_SOLVATING,NEUTRAL,False,False,CCCCCCCCN(CCCCCCCC)C(=O)COCC(=O)N(CC(CC)CCCC)CC(CC)CCCC,CCCCCCCCN(CCCCCCCC)C(=O)COCC(=O)N(CC(CC)CCCC)CC(CC)CCCC,ARCHIVE_STRUCTURE,1,DEHDODGA|37|0,,,organic_extractant:37,organic_extractant,name_consensus:37,1,37,37,0,2,0,True,580.983,9.814,9.814,49.85,0,3,30,41,1,0,C36H72N2O3,HHWQADRHYZJHCS-UHFFFAOYSA-N,HHWQADRHYZJHCS,2,0,0,1,0,0,0,0,0,0,0,0,0,0,0,0,0,0,0,3,3,1,0,diglycolamide|polyamide_other,,2026-09-15.1,1,,,NOT_CURATED: no literature pKa entered (never fabricated),,1 9 80 205 294 591 650 695 739 794 807 881 904 978 1004 1057 1143 1218 1238 1271 1272 1328 1420 1442 1444 1454 1544 1598 1669 1860 1911 1917 1951 1992 2004
cmp_1b07e42ea9,STRUCTURE,6-MH-C9-B8D(iB)CMPO,MODEL_ROWS,carbamoylmethylphosphine_oxide,carbamoylmethylphosphine_oxide,UNIQUE,UNIQUE,False,carbamoylmethylphosphine_oxide,NEUTRAL_SOLVATING,FAMILY:carbamoylmethylphosphine_oxide,NEUTRAL,carbamoylmethylphosphine_oxide,carbamoylmethylphosphine_oxide,NEUTRAL_SOLVATING,NEUTRAL,False,False,CC(C)CCCCCP(=O)(CC(=O)N(CC(C)C)CC(C)C)c1ccccc1,CC(C)CCCCCP(=O)(CC(=O)N(CC(C)C)CC(C)C)c1ccccc1,ARCHIVE_STRUCTURE,1,6-MH-C9-B8D(iB)CMPO|36|6,,,organic_extractant:36,organic_extractant,name_consensus:36,1,36,36,6,1,0,True,407.579,6.032,6.032,37.38,0,2,13,28,1,0,C24H42NO2P,NFJQEQBYDGLXJR-UHFFFAOYSA-N,NFJQEQBYDGLXJR,1,0,0,0,1,0,0,0,0,0,0,0,0,0,0,0,0,0,0,2,2,1,0,carbamoylmethylphosphine_oxide|phosphine_oxide|monoamide,,2026-09-15.1,1,,,NOT_CURATED: no literature pKa entered (never fabricated),,1 9 50 80 192 283 389 406 475 486 507 650 663 739 807 843 846 877 881 978 1025 1057 1088 1143 1199 1238 1283 1380 1492 1514 1680 1750 1847 1860 1873 1911 1917 1995
cmp_343c594640,STRUCTURE,2-EH-C9-B8D(iB)CMPO,MODEL_ROWS,carbamoylmethylphosphine_oxide,carbamoylmethylphosphine_oxide,UNIQUE,UNIQUE,False,carbamoylmethylphosphine_oxide,NEUTRAL_SOLVATING,FAMILY:carbamoylmethylphosphine_oxide,NEUTRAL,carbamoylmethylphosphine_oxide,carbamoylmethylphosphine_oxide,NEUTRAL_SOLVATING,NEUTRAL,False,False,CCCCC(CC)CP(=O)(CC(=O)N(CC(C)C)CC(C)C)c1ccccc1,CCCCC(CC)CP(=O)(CC(=O)N(CC(C)C)CC(C)C)c1ccccc1,ARCHIVE_STRUCTURE,1,2-EH-C9-B8D(iB)CMPO|36|6,,,organic_extractant:36,organic_extractant,name_consensus:36,1,36,36,6,1,0,True,407.579,6.032,6.032,37.38,0,2,13,28,1,0,C24H42NO2P,MDUMTGHPPRNTNG-UHFFFAOYSA-N,MDUMTGHPPRNTNG,1,0,0,0,1,0,0,0,0,0,0,0,0,0,0,0,0,0,0,2,2,1,0,carbamoylmethylphosphine_oxide|phosphine_oxide|monoamide,,2026-09-15.1,1,,,NOT_CURATED: no literature pKa entered (never fabricated),,1 9 50 80 192 205 283 294 389 475 486 507 591 650 675 739 794 807 843 877 881 978 1025 1057 1088 1199 1218 1238 1328 1380 1420 1514 1544 1550 1680 1750 1806 1847 1860 1873 1911 1917 1938
cmp_b32cf77492,STRUCTURE,C6-PTA,MODEL_ROWS,pyridine_carboxamide,pyridine_carboxamide,UNIQUE,UNIQUE,False,pyridine_carboxamide,SOFT_N_DONOR,FAMILY:pyridine_carboxamide,NEUTRAL,pyridine_carboxamide,pyridine_carboxamide,SOFT_N_DONOR,NEUTRAL,False,False,CCCCCCN(CCCCCC)C(=O)c1ccc2ccc3cccnc3c2n1,CCCCCCN(CCCCCC)C(=O)c1ccc2ccc3cccnc3c2n1,ARCHIVE_STRUCTURE,1,C6-PTA|36|6,,,organic_extractant:36,organic_extractant,name_consensus:36,1,36,36,6,1,0,True,391.559,6.3858,6.3858,46.09,0,3,11,29,1,0,C25H33N3O,QABXIQFOBYIYDX-UHFFFAOYSA-N,QABXIQFOBYIYDX,1,0,0,0,0,0,0,0,0,2,0,0,0,0,0,0,0,0,0,3,3,1,0,pyridine_carboxamide|n_heterocyclic|monoamide,,2026-09-15.1,1,,,NOT_CURATED: no literature pKa entered (never fabricated),,80 203 294 352 378 448 449 591 650 794 807 850 855 881 978 1043 1057 1087 1088 1143 1203 1221 1272 1295 1380 1427 1444 1452 1495 1669 1724 1750 1855 1866 1873 1874 1911 1917 1939 1951
cmp_c089a57c8b,STRUCTURE,C4-PTA,MODEL_ROWS,pyridine_carboxamide,pyridine_carboxamide,UNIQUE,UNIQUE,False,pyridine_carboxamide,SOFT_N_DONOR,FAMILY:pyridine_carboxamide,NEUTRAL,pyridine_carboxamide,pyridine_carboxamide,SOFT_N_DONOR,NEUTRAL,False,False,CCCCN(CCCC)C(=O)c1ccc2ccc3cccnc3c2n1,CCCCN(CCCC)C(=O)c1ccc2ccc3cccnc3c2n1,ARCHIVE_STRUCTURE,1,C4-PTA|36|6,,,organic_extractant:36,organic_extractant,name_consensus:36,1,36,36,6,1,0,True,335.451,4.8254,4.8254,46.09,0,3,7,25,1,0,C21H25N3O,GHQXSGFGYDIPCD-UHFFFAOYSA-N,GHQXSGFGYDIPCD,1,0,0,0,0,0,0,0,0,2,0,0,0,0,0,0,0,0,0,3,3,1,0,pyridine_carboxamide|n_heterocyclic|monoamide,,2026-09-15.1,1,,,NOT_CURATED: no literature pKa entered (never fabricated),,80 203 294 348 352 378 448 449 591 650 794 807 850 855 881 978 1043 1057 1087 1088 1203 1221 1272 1295 1380 1427 1452 1495 1724 1750 1855 1866 1873 1874 1911 1917 1939 1951
cmp_73b3355c6b,STRUCTURE,DOEHA,MODEL_ROWS,monoamide,monoamide,UNIQUE,UNIQUE,False,monoamide,NEUTRAL_SOLVATING,FAMILY:monoamide,NEUTRAL,monoamide,monoamide,NEUTRAL_SOLVATING,NEUTRAL,False,False,CCCCCCCCN(CCCCCCCC)C(=O)C(CC)CCCC,CCCCCCCCN(CCCCCCCC)C(=O)C(CC)CCCC,ARCHIVE_STRUCTURE,1,DOEHA|35|35,,,organic_extractant:35,organic_extractant,name_consensus:35,1,35,35,35,1,0,True,367.662,7.7524,7.7524,20.31,0,1,19,26,1,0,C24H49NO,KHYYMEOTWAFVRC-UHFFFAOYSA-N,KHYYMEOTWAFVRC,1,0,0,0,0,0,0,0,0,0,0,0,0,0,0,0,0,0,0,1,1,0,0,monoamide,,2026-09-15.1,1,,,NOT_CURATED: no literature pKa entered (never fabricated),,1 80 294 346 392 460 591 650 739 794 807 881 936 978 1057 1143 1180 1272 1328 1444 1544 1669 1877 1911 1917 1936 1951
cmp_4997041b38,STRUCTURE,Et-Me-TDDGA-Syn,MODEL_ROWS,diglycolamide,diglycolamide,UNIQUE,UNIQUE,False,diglycolamide,NEUTRAL_SOLVATING,FAMILY:diglycolamide,NEUTRAL,diglycolamide,diglycolamide,NEUTRAL_SOLVATING,NEUTRAL,False,False,CCCCCCCCCCN(CCCCCCCCCC)C(=O)[C@H](C)O[C@H](CC)C(=O)N(CCCCCCCCCC)CCCCCCCCCC,CCCCCCCCCCN(CCCCCCCCCC)C(=O)[C@H](C)O[C@H](CC)C(=O)N(CCCCCCCCCC)CCCCCCCCCC,ARCHIVE_STRUCTURE,1,Et-Me-TDDGA-Syn|34|34,,,organic_extractant:34,organic_extractant,name_consensus:34,1,34,34,34,1,0,True,735.28,14.3901,14.3901,49.85,0,3,41,52,1,0,C47H94N2O3,QDGUMFAZAOAUOP-YWPUXERESA-N,QDGUMFAZAOAUOP,2,0,0,1,0,0,0,0,0,0,0,0,0,0,0,0,0,0,0,3,3,1,0,diglycolamide|polyamide_other,,2026-09-15.1,2,,,NOT_CURATED: no literature pKa entered (never fabricated),SHARES_PARENT_WITH_OTHER_CANONICAL_SMILES,1 80 283 294 460 487 591 618 650 695 780 794 806 807 881 978 1051 1057 1143 1180 1269 1272 1444 1512 1544 1669 1895 1911 1917 1951
cmp_bb540f6c6b,STRUCTURE,DOOA,MODEL_ROWS,monoamide,monoamide,UNIQUE,UNIQUE,False,monoamide,NEUTRAL_SOLVATING,FAMILY:monoamide,NEUTRAL,monoamide,monoamide,NEUTRAL_SOLVATING,NEUTRAL,False,False,CCCCCCCCN(CCCCCCCC)C(=O)CCCCCCC,CCCCCCCCN(CCCCCCCC)C(=O)CCCCCCC,ARCHIVE_STRUCTURE,1,DOOA|34|34,,,organic_extractant:34,organic_extractant,name_consensus:34,1,34,34,34,2,0,True,367.662,7.8965,7.8965,20.31,0,1,20,26,1,0,C24H49NO,XJAZXVJDLUPWQS-UHFFFAOYSA-N,XJAZXVJDLUPWQS,1,0,0,0,0,0,0,0,0,0,0,0,0,0,0,0,0,0,0,1,1,0,0,monoamide,,2026-09-15.1,1,,,NOT_CURATED: no literature pKa entered (never fabricated),,80 294 486 591 619 650 794 807 881 978 1057 1143 1238 1267 1272 1442 1444 1564 1669 1911 1917 1951
cmp_cabc3982c3,STRUCTURE,Et-Me-TODGA-Anti,MODEL_ROWS,diglycolamide,diglycolamide,UNIQUE,UNIQUE,False,diglycolamide,NEUTRAL_SOLVATING,FAMILY:diglycolamide,NEUTRAL,diglycolamide,diglycolamide,NEUTRAL_SOLVATING,NEUTRAL,False,False,CCCCCCCCN(CCCCCCCC)C(=O)[C@H](C)O[C@@H](CC)C(=O)N(CCCCCCCC)CCCCCCCC,CCCCCCCCN(CCCCCCCC)C(=O)[C@H](C)O[C@@H](CC)C(=O)N(CCCCCCCC)CCCCCCCC,ARCHIVE_STRUCTURE,1,Et-Me-TODGA-Anti|32|32,,,organic_extractant:32,organic_extractant,name_consensus:32,1,32,32,32,1,0,True,623.064,11.2693,11.2693,49.85,0,3,33,44,1,0,C39H78N2O3,HZBLZMFFDQVBMU-BCRBLDSWSA-N,HZBLZMFFDQVBMU,2,0,0,1,0,0,0,0,0,0,0,0,0,0,0,0,0,0,0,3,3,1,0,diglycolamide|polyamide_other,,2026-09-15.1,1,,,NOT_CURATED: no literature pKa entered (never fabricated),,1 80 283 294 460 487 591 618 650 695 780 794 806 807 881 978 1051 1057 1143 1180 1269 1272 1444 1512 1544 1669 1895 1911 1917 1951
cmp_ccdc004635,STRUCTURE,MeCyMe4-BTBP,MODEL_ROWS,n_heterocyclic,n_heterocyclic,UNIQUE,UNIQUE,False,n_heterocyclic,SOFT_N_DONOR,FAMILY:n_heterocyclic,NEUTRAL,n_heterocyclic,n_heterocyclic,SOFT_N_DONOR,NEUTRAL,False,False,Cc1cc(-c2cc(C)cc(-c3nnc4c(n3)C(C)(C)CCC4(C)C)n2)nc(-c2nnc3c(n2)C(C)(C)CCC3(C)C)c1,Cc1cc(-c2cc(C)cc(-c3nnc4c(n3)C(C)(C)CCC4(C)C)n2)nc(-c2nnc3c(n2)C(C)(C)CCC3(C)C)c1,ARCHIVE_STRUCTURE,1,MeCyMe4-BTBP|32|32,,,organic_extractant:32,organic_extractant,name_consensus:32,1,32,32,32,1,32,True,562.766,7.1624,7.1624,103.12,0,8,3,42,1,0,C34H42N8,CSQOOPBUSCFYEW-UHFFFAOYSA-N,CSQOOPBUSCFYEW,0,0,0,0,0,0,0,0,0,2,6,0,0,0,0,0,0,0,0,4,4,1,0,n_heterocyclic,,2026-09-15.1,1,,,NOT_CURATED: no literature pKa entered (never fabricated),,24 378 473 673 798 875 926 935 943 953 980 1057 1060 1066 1103 1130 1162 1164 1199 1257 1274 1380 1384 1385 1683 1722 1823 1855 1873 1953
cmp_7410a86285,STRUCTURE,CA-BTP,MODEL_ROWS,n_heterocyclic,n_heterocyclic,UNIQUE,UNIQUE,False,n_heterocyclic,SOFT_N_DONOR,FAMILY:n_heterocyclic,NEUTRAL,n_heterocyclic,n_heterocyclic,SOFT_N_DONOR,NEUTRAL,False,False,CC12CCC(c3nnc(-c4cccc(-c5nnc6c(n5)C5(C)CCC6C5(C)C)n4)nc31)C2(C)C,CC12CCC(c3nnc(-c4cccc(-c5nnc6c(n5)C5(C)CCC6C5(C)C)n4)nc31)C2(C)C,ARCHIVE_STRUCTURE,2,CA-BTP|16|16; 8-11-11-trimethyl-5-[6-(8-11-11-trimethyl-3-4-6-triazatricyclo[6.2.1.02-7]undeca-2(7)-3-5-trien-5-yl)-2-pyridinyl]-3-4-6-triazatricyclo[6.2.1.02-7]undeca-2(7)-3-5-triene|14|14,,,organic_extractant:30,organic_extractant,name_consensus:30,1,30,30,30,2,16,True,453.594,5.1354,5.1354,90.23,0,7,2,34,1,0,C27H31N7,WSFSXQNTGGHVCL-UHFFFAOYSA-N,WSFSXQNTGGHVCL,0,0,0,0,0,0,0,0,0,1,6,0,0,0,0,0,0,0,0,3,3,1,0,n_heterocyclic,,2026-09-15.1,1,,,NOT_CURATED: no literature pKa entered (never fabricated),MULTIPLE_NAMES,24 130 172 180 378 418 574 677 699 764 926 943 980 1019 1039 1057 1060 1088 1103 1129 1162 1164 1257 1274 1289 1304 1325 1380 1384 1385 1678 1750 1851 1855 1873 1950
cmp_95e025d416,STRUCTURE,2-bromodecanoic acid,MODEL_ROWS,carboxylic_acid,carboxylic_acid,UNIQUE,UNIQUE,False,carboxylic_acid,ACIDIC_CATION_EXCHANGE,FAMILY:carboxylic_acid,ACIDIC,carboxylic_acid,carboxylic_acid,ACIDIC_CATION_EXCHANGE,ACIDIC,False,False,CCCCCCCCC(Br)C(=O)O,CCCCCCCCC(Br)C(=O)O,ARCHIVE_STRUCTURE,3,2-bromodecanoic acid|14|14; 2-bromohexanoic acid|12|12; N-DPP|4|4,2-bromohexanoic acid:NAME_STRUCTURE_CHECK_FAILED:ALKANOIC_ACID_CHAIN_LENGTH; N-DPP:NAME_OWNED_BY_OTHER_STRUCTURE,ALKANOIC_ACID_CHAIN_LENGTH,organic_extractant:30,organic_extractant,positional_smiles:30,1,30,30,30,1,30,True,251.164,3.5851,3.5851,37.3,1,1,8,13,1,0,C10H19BrO2,KNLOTZNPRIFUAR-UHFFFAOYSA-N,KNLOTZNPRIFUAR,0,0,0,0,0,0,0,0,0,0,0,0,0,0,0,0,0,0,1,1,1,0,1,carboxylic_acid,,2026-09-15.1,1,,,NOT_CURATED: no literature pKa entered (never fabricated),MULTIPLE_NAMES|HAS_REJECTED_NAMES,1 80 190 294 389 591 606 650 728 739 794 807 1057 1103 1143 1283 1444 1700 1740 1844 1911 1917
cmp_75dbd22e6d,STRUCTURE,Br-Cosan,FALLBACK_NO_ACCEPTED_NAME,metallacarborane_anion,metallacarborane_anion,NAME_STRUCTURE_CONFLICT,UNIQUE,True,monoamide,ACIDIC_CATION_EXCHANGE,KNOWN_NAME_OVERRIDE:FAMILY:metallacarborane_anion,ACIDIC,monoamide,monoamide,NEUTRAL_SOLVATING,NEUTRAL,False,False,Cc1cc(Br)ccc1NC(=O)CCl,Cc1cc(Br)ccc1NC(=O)CCl,ARCHIVE_STRUCTURE,1,Br-Cosan|30|30,Br-Cosan:NAME_STRUCTURE_CHECK_FAILED:COSAN_NAME_REQUIRES_B,COSAN_NAME_REQUIRES_B,organic_extractant:30,organic_extractant,deduced_by_elimination:30,1,30,30,30,1,30,True,262.534,2.9348,2.9348,29.1,1,1,2,13,1,0,C9H9BrClNO,AKNLFHJQVCPHHO-UHFFFAOYSA-N,AKNLFHJQVCPHHO,1,0,0,0,0,0,0,0,0,0,0,0,0,0,0,0,0,0,0,1,1,0,0,monoamide,,2026-09-15.1,1,Br-Cosan->metallacarborane_anion,,NOT_CURATED: no literature pKa entered (never fabricated),HAS_REJECTED_NAMES|KNOWN_NAME_OVERRIDE_APPLIES|CANONICAL_NAME_FALLBACK|KNOWN_NAME_OVERRIDE_APPLIED_TO_COMPONENT|NAME_STRUCTURE_CONFLICT,41 80 96 300 650 667 728 766 807 875 909 1057 1109 1152 1157 1224 1297 1380 1391 1442 1582 1631 1683 1722 1750 1816 1856 1873 1917 1948
cmp_03ceaf035a,STRUCTURE,HEDTA,MODEL_ROWS,hydrophilic_aqueous_agent,aminopolycarboxylic_acid,UNIQUE,UNIQUE,False,aminopolycarboxylic_acid,CHELATING,FAMILY:aminopolycarboxylic_acid,ACIDIC,hydrophilic_aqueous_agent,aminopolycarboxylic_acid,CHELATING,ACIDIC,True,False,O=C(O)CN(CCO)CCN(CC(=O)O)CC(=O)O,O=C(O)CN(CCO)CCN(CC(=O)O)CC(=O)O,ARCHIVE_STRUCTURE,2,HEDTA|22|12; 2-[2-[bis(carboxymethyl)amino]ethyl-(2-hydroxyethyl)amino]acetic acid|8|8,,,aqueous_complexant:22; organic_extractant:8,aqueous_complexant,archive:22; name_consensus:8,1,30,30,20,2,0,True,278.261,-2.1635,-2.1635,138.61,4,6,11,19,1,0,C10H18N2O7,URDCARMUOSMFFI-UHFFFAOYSA-N,URDCARMUOSMFFI,0,0,0,0,0,0,0,0,1,0,0,2,0,0,0,0,0,0,3,6,6,1,3,hydrophilic_aqueous_agent|aminopolycarboxylic_acid|carboxylic_acid|amine_basic,hydrophilic_aqueous_agent,2026-09-15.1,2,,,NOT_CURATED: no literature pKa entered (never fabricated),MULTIPLE_NAMES|SHARES_PARENT_WITH_OTHER_CANONICAL_SMILES,28 80 222 251 389 473 605 640 650 807 881 890 1034 1190 1410 1539 1737 1917 1951
cmp_f0cd4fceef,STRUCTURE,N-DPP,MODEL_ROWS,n_heterocyclic,n_heterocyclic,UNIQUE,UNIQUE,False,n_heterocyclic,SOFT_N_DONOR,FAMILY:n_heterocyclic,NEUTRAL,n_heterocyclic,n_heterocyclic,SOFT_N_DONOR,NEUTRAL,False,False,c1cc(-n2cccn2)nc(-n2cccn2)c1,c1cc(-n2cccn2)nc(-n2cccn2)c1,ARCHIVE_STRUCTURE,2,2-bromodecanoic acid|24|24; N-DPP|6|6,2-bromodecanoic acid:NAME_STRUCTURE_CHECK_FAILED:ACID_NAME_REQUIRES_ACID_GROUP+BROMO_NAME_REQUIRES_Br+ALKANOIC_ACID_CHAIN_LENGTH,ACID_NAME_REQUIRES_ACID_GROUP|ALKANOIC_ACID_CHAIN_LENGTH|BROMO_NAME_REQUIRES_Br,organic_extractant:30,organic_extractant,positional_smiles:26; name_consensus:4,1,30,30,30,1,30,True,211.228,1.453,1.453,48.53,0,3,2,16,1,0,C11H9N5,OMNFEFLKDQUMRN-UHFFFAOYSA-N,OMNFEFLKDQUMRN,0,0,0,0,0,0,0,0,0,3,0,0,0,0,0,0,0,0,0,3,3,1,0,n_heterocyclic,,2026-09-15.1,1,,,NOT_CURATED: no literature pKa entered (never fabricated),MULTIPLE_NAMES|HAS_REJECTED_NAMES,43 75 77 90 378 527 540 557 879 935 1039 1088 1101 1213 1380 1455 1750 1855 1866 1873 1977
cmp_5968171607,STRUCTURE,DEHtBAA,MODEL_ROWS,monoamide,monoamide,UNIQUE,UNIQUE,False,monoamide,NEUTRAL_SOLVATING,FAMILY:monoamide,NEUTRAL,monoamide,monoamide,NEUTRAL_SOLVATING,NEUTRAL,False,False,CCCCC(CC)CN(CC(CC)CCCC)C(=O)CC(C)(C)C,CCCCC(CC)CN(CC(CC)CCCC)C(=O)CC(C)(C)C,ARCHIVE_STRUCTURE,1,DEHtBAA|29|29,,,organic_extractant:29,organic_extractant,name_consensus:29,1,29,29,29,1,0,True,339.608,6.684,6.684,20.31,0,1,13,24,1,0,C22H45NO,WMRQUTHGYKSJPG-UHFFFAOYSA-N,WMRQUTHGYKSJPG,1,0,0,0,0,0,0,0,0,0,0,0,0,0,0,0,0,0,0,1,1,0,0,monoamide,,2026-09-15.1,1,,,NOT_CURATED: no literature pKa entered (never fabricated),,1 9 80 114 205 227 294 392 465 591 650 739 794 807 878 881 904 978 997 1004 1057 1061 1218 1238 1328 1420 1544 1860 1911 1917
cmp_1bc363b053,STRUCTURE,CA-BTBP,MODEL_ROWS,n_heterocyclic,n_heterocyclic,UNIQUE,UNIQUE,False,n_heterocyclic,SOFT_N_DONOR,FAMILY:n_heterocyclic,NEUTRAL,n_heterocyclic,n_heterocyclic,SOFT_N_DONOR,NEUTRAL,False,False,CC12CCC(c3nnc(-c4cccc(-c5cccc(-c6nnc7c(n6)C6(C)CCC7C6(C)C)n5)n4)nc31)C2(C)C,CC12CCC(c3nnc(-c4cccc(-c5cccc(-c6nnc7c(n6)C6(C)CCC7C6(C)C)n5)n4)nc31)C2(C)C,ARCHIVE_STRUCTURE,1,CA-BTBP|28|28,,,organic_extractant:28,organic_extractant,name_consensus:28,1,28,28,28,1,28,True,530.68,6.1974,6.1974,103.12,0,8,3,40,1,0,C32H34N8,PMHOQAZEZCMVER-UHFFFAOYSA-N,PMHOQAZEZCMVER,0,0,0,0,0,0,0,0,0,2,6,0,0,0,0,0,0,0,0,4,4,1,0,n_heterocyclic,,2026-09-15.1,1,,,NOT_CURATED: no literature pKa entered (never fabricated),,24 130 172 180 378 418 574 677 699 764 926 943 980 1019 1039 1057 1060 1088 1103 1129 1162 1164 1225 1257 1274 1289 1304 1325 1380 1384 1385 1678 1750 1851 1855 1873 1950
cmp_8281c401ca,STRUCTURE,2-6-bis(dioctylphosphorylmethyl)-1-oxidopyridin-1-ium,MODEL_ROWS,phosphine_oxide,phosphine_oxide,UNIQUE,UNIQUE,False,phosphine_oxide,NEUTRAL_SOLVATING,FAMILY:phosphine_oxide,NEUTRAL,phosphine_oxide,phosphine_oxide,NEUTRAL_SOLVATING,NEUTRAL,False,False,CCCCCCCCP(=O)(CCCCCCCC)Cc1cccc(CP(=O)(CCCCCCCC)CCCCCCCC)[n+]1[O-],CCCCCCCCP(=O)(CCCCCCCC)Cc1cccc(CP(=O)(CCCCCCCC)CCCCCCCC)[n+]1[O-],ARCHIVE_STRUCTURE,1,2-6-bis(dioctylphosphorylmethyl)-1-oxidopyridin-1-ium|28|28,,,organic_extractant:28,organic_extractant,name_consensus:28,1,28,28,28,1,0,True,667.981,13.4882,13.4882,61.08,0,3,32,45,1,0,C39H75NO3P2,KUPKEWFKAPZRSE-UHFFFAOYSA-N,KUPKEWFKAPZRSE,0,0,0,0,2,0,0,0,0,0,0,0,0,0,0,0,1,0,0,3,1,0,0,phosphine_oxide,,2026-09-15.1,1,,,NOT_CURATED: no literature pKa entered (never fabricated),,80 192 294 463 486 591 650 715 748 794 969 1021 1039 1057 1073 1085 1088 1143 1214 1314 1380 1386 1444 1455 1492 1520 1750 1873 1911 1912 1995
cmp_e2104be803,STRUCTURE,6-19-dihexyl-7-8-17-18-tetraphenyl-3-6-19-22-tetrazapentacyclo[12.8.0.02-11.04-9.016-21]docosa-1(22)-2-4(9)-7-10-12-14-16(21)-17-nonaene-5-20-dione,MODEL_ROWS,n_heterocyclic,n_heterocyclic,UNIQUE,UNIQUE,False,n_heterocyclic,SOFT_N_DONOR,FAMILY:n_heterocyclic,NEUTRAL,n_heterocyclic,n_heterocyclic,SOFT_N_DONOR,NEUTRAL,False,False,CCCCCCn1c(-c2ccccc2)c(-c2ccccc2)c2cc3ccc4cc5c(-c6ccccc6)c(-c6ccccc6)n(CCCCCC)c(=O)c5nc4c3nc2c1=O,CCCCCCn1c(-c2ccccc2)c(-c2ccccc2)c2cc3ccc4cc5c(-c6ccccc6)c(-c6ccccc6)n(CCCCCC)c(=O)c5nc4c3nc2c1=O,ARCHIVE_STRUCTURE,1,6-19-dihexyl-7-8-17-18-tetraphenyl-3-6-19-22-tetrazapentacyclo[12.8.0.02-11.04-9.016-21]docosa-1(22)-2-4(9)-7-10-12-14-16(21)-17-nonaene-5-20-dione|28|28,,,organic_extractant:28,organic_extractant,name_consensus:28,1,28,28,28,1,0,True,787.02,13.2414,13.2414,69.78,0,4,14,60,1,0,C54H50N4O2,QSFRTQJEHPGZSO-UHFFFAOYSA-N,QSFRTQJEHPGZSO,2,0,0,0,0,0,0,0,0,2,0,0,0,0,0,0,0,0,0,4,4,1,0,n_heterocyclic,,2026-09-15.1,1,,,NOT_CURATED: no literature pKa entered (never fabricated),,80 203 282 289 294 314 351 378 389 475 504 591 624 650 736 773 779 794 802 875 893 935 1057 1088 1143 1145 1160 1199 1357 1380 1413 1429 1444 1502 1587 1620 1724 1747 1750 1855 1873 1874 1911 1914
cmp_61f4515ff4,STRUCTURE,[4-7-dichloro-9-(pyrrolidine-1-carbonyl)-1-10-phenanthrolin-2-yl]-pyrrolidin-1-ylmethanone,MODEL_ROWS,pyridine_carboxamide,pyridine_carboxamide,UNIQUE,UNIQUE,False,pyridine_carboxamide,SOFT_N_DONOR,FAMILY:pyridine_carboxamide,NEUTRAL,pyridine_carboxamide,pyridine_carboxamide,SOFT_N_DONOR,NEUTRAL,False,False,O=C(c1cc(Cl)c2ccc3c(Cl)cc(C(=O)N4CCCC4)nc3c2n1)N1CCCC1,O=C(c1cc(Cl)c2ccc3c(Cl)cc(C(=O)N4CCCC4)nc3c2n1)N1CCCC1,ARCHIVE_STRUCTURE,1,[4-7-dichloro-9-(pyrrolidine-1-carbonyl)-1-10-phenanthrolin-2-yl]-pyrrolidin-1-ylmethanone|28|28,,,organic_extractant:28,organic_extractant,name_consensus:28,1,28,28,28,1,0,True,443.334,4.5618,4.5618,66.4,0,4,2,30,1,0,C22H20Cl2N4O2,QZPYPWVEZGKIRO-UHFFFAOYSA-N,QZPYPWVEZGKIRO,2,0,0,0,0,0,0,0,0,2,0,0,0,0,0,0,0,0,0,4,4,1,0,pyridine_carboxamide|n_heterocyclic|polyamide_other,,2026-09-15.1,1,,,NOT_CURATED: no literature pKa entered (never fabricated),,344 366 369 378 561 650 807 850 855 875 926 935 942 1021 1028 1357 1380 1444 1480 1504 1514 1630 1683 1724 1733 1750 1845 1855 1873 1917 1998 2009
cmp_36ac0e8ba9,STRUCTURE,,NO_NAME,hydrophilic_aqueous_agent,n_heterocyclic,UNIQUE,UNIQUE,False,n_heterocyclic,SOFT_N_DONOR,FAMILY:n_heterocyclic,NEUTRAL,hydrophilic_aqueous_agent,n_heterocyclic,SOFT_N_DONOR,NEUTRAL,True,False,OCC(O)Cn1cc(-c2cccc(-c3cn(CC(O)CO)nn3)n2)nn1,OCC(O)Cn1cc(-c2cccc(-c3cn(CC(O)CO)nn3)n2)nn1,ARCHIVE_STRUCTURE,0,,,,aqueous_holdback:28,aqueous_holdback,archive:28,1,28,28,28,1,28,True,361.362,-1.695,-1.695,155.23,4,9,8,26,1,0,C15H19N7O4,AYZRDHYZNLQSBI-UHFFFAOYSA-N,AYZRDHYZNLQSBI,0,0,0,0,0,0,0,0,4,5,0,0,0,0,0,0,0,0,0,7,7,1,0,hydrophilic_aqueous_agent|n_heterocyclic,hydrophilic_aqueous_agent,2026-09-15.1,1,,,NOT_CURATED: no literature pKa entered (never fabricated),,1 80 188 192 222 227 342 378 464 482 747 781 807 821 935 980 1039 1088 1164 1225 1257 1380 1418 1497 1750 1783 1851 1855 1873 1922 1977 2038
cmp_09e29f89b6,STRUCTURE,,NO_NAME,hydrophilic_aqueous_agent,n_heterocyclic,UNIQUE,UNIQUE,False,n_heterocyclic,SOFT_N_DONOR,FAMILY:n_heterocyclic,NEUTRAL,hydrophilic_aqueous_agent,n_heterocyclic,SOFT_N_DONOR,NEUTRAL,True,False,OCc1ccc2ccc3ccc(CO)nc3c2n1,OCc1ccc2ccc3ccc(CO)nc3c2n1,ARCHIVE_STRUCTURE,0,,,,aqueous_holdback:28,aqueous_holdback,archive:28,1,28,28,24,1,28,True,240.262,1.7676,1.7676,66.24,2,4,2,18,1,0,C14H12N2O2,IEPOQNOTFLXUPQ-UHFFFAOYSA-N,IEPOQNOTFLXUPQ,0,0,0,0,0,0,0,0,2,2,0,0,0,0,0,0,0,0,0,4,4,1,0,hydrophilic_aqueous_agent|n_heterocyclic,hydrophilic_aqueous_agent,2026-09-15.1,1,,,NOT_CURATED: no literature pKa entered (never fabricated),,80 203 222 321 378 449 724 807 837 1200 1380 1468 1519 1724 1750 1855 1873 1874
cmp_e5ee77f8d3,STRUCTURE,,NO_NAME,hydrophilic_aqueous_agent,dithiophosphinic_acid,AMBIGUOUS,AMBIGUOUS,False,dithiophosphinic_acid|n_heterocyclic,ACIDIC_CATION_EXCHANGE,FAMILY:dithiophosphinic_acid,ACIDIC,hydrophilic_aqueous_agent,dithiophosphinic_acid,ACIDIC_CATION_EXCHANGE,ACIDIC,True,False,S=P(S)(c1ccccn1)c1ccccn1,S=P(S)(c1ccccn1)c1ccccn1,ARCHIVE_STRUCTURE,0,,,,aqueous_holdback:28,aqueous_holdback,archive:28,1,28,28,28,1,28,True,252.304,1.7517,1.7517,25.78,1,3,2,15,1,0,C10H9N2PS2,GBMIFPCYSLEROY-UHFFFAOYSA-N,GBMIFPCYSLEROY,0,0,0,0,0,0,2,0,0,2,0,0,0,0,0,0,0,0,0,3,3,1,1,hydrophilic_aqueous_agent|dithiophosphinic_acid|thiophosphorus_acid|n_heterocyclic,hydrophilic_aqueous_agent,2026-09-15.1,1,,,NOT_CURATED: no literature pKa entered (never fabricated),FAMILY_AMBIGUOUS,97 192 229 378 448 977 997 1059 1088 1155 1199 1380 1452 1487 1714 1729 1750 1834 1866 1873 1903
cmp_1e3b01c5c7,STRUCTURE,DPDDdDGA,MODEL_ROWS,diglycolamide,diglycolamide,UNIQUE,UNIQUE,False,diglycolamide,NEUTRAL_SOLVATING,FAMILY:diglycolamide,NEUTRAL,diglycolamide,diglycolamide,NEUTRAL_SOLVATING,NEUTRAL,False,False,CCCCCCCCCCCCN(CCC)C(=O)COCC(=O)N(CCC)CCCCCCCCCCCC,CCCCCCCCCCCCN(CCC)C(=O)COCC(=O)N(CCC)CCCCCCCCCCCC,ARCHIVE_STRUCTURE,1,DPDDdDGA|27|26,,,organic_extractant:27,organic_extractant,name_consensus:27,1,27,27,26,1,0,True,552.929,9.322,9.322,49.85,0,3,30,39,1,0,C34H68N2O3,CZCFTFYJYZCYPE-UHFFFAOYSA-N,CZCFTFYJYZCYPE,2,0,0,1,0,0,0,0,0,0,0,0,0,0,0,0,0,0,0,3,3,1,0,diglycolamide|polyamide_other,,2026-09-15.1,1,,,NOT_CURATED: no literature pKa entered (never fabricated),,80 207 294 591 650 695 794 807 881 978 1057 1143 1238 1271 1272 1442 1444 1454 1598 1669 1761 1911 1917 1951 1992 2004
cmp_abc789e330,STRUCTURE,p-TDDGA-Anti,MODEL_ROWS,diglycolamide,diglycolamide,UNIQUE,UNIQUE,False,diglycolamide,NEUTRAL_SOLVATING,FAMILY:diglycolamide,NEUTRAL,diglycolamide,diglycolamide,NEUTRAL_SOLVATING,NEUTRAL,False,False,CCCCCCCCCCN(CCCCCCCCCC)C(=O)[C@H](CCC)O[C@@H](CCC)C(=O)N(CCCCCCCCCC)CCCCCCCCCC,CCCCCCCCCCN(CCCCCCCCCC)C(=O)[C@H](CCC)O[C@@H](CCC)C(=O)N(CCCCCCCCCC)CCCCCCCCCC,ARCHIVE_STRUCTURE,1,p-TDDGA-Anti|27|27,,,organic_extractant:27,organic_extractant,name_consensus:27,1,27,27,27,1,0,True,777.361,15.5604,15.5604,49.85,0,3,44,55,1,0,C50H100N2O3,QWFMYCIPCXWOML-CRKOEVGVSA-N,QWFMYCIPCXWOML,2,0,0,1,0,0,0,0,0,0,0,0,0,0,0,0,0,0,0,3,3,1,0,diglycolamide|polyamide_other,,2026-09-15.1,2,,,NOT_CURATED: no literature pKa entered (never fabricated),SHARES_PARENT_WITH_OTHER_CANONICAL_SMILES,1 59 80 254 294 460 487 591 650 695 739 794 806 807 881 978 1057 1143 1180 1272 1444 1669 1691 1824 1911 1917 1951
cmp_677112ccc5,STRUCTURE,DEDDdDGA,MODEL_ROWS,diglycolamide,diglycolamide,UNIQUE,UNIQUE,False,diglycolamide,NEUTRAL_SOLVATING,FAMILY:diglycolamide,NEUTRAL,diglycolamide,diglycolamide,NEUTRAL_SOLVATING,NEUTRAL,False,False,CCCCCCCCCCCCN(CC)C(=O)COCC(=O)N(CC)CCCCCCCCCCCC,CCCCCCCCCCCCN(CC)C(=O)COCC(=O)N(CC)CCCCCCCCCCCC,ARCHIVE_STRUCTURE,1,DEDDdDGA|26|26,,,organic_extractant:26,organic_extractant,name_consensus:26,1,26,26,26,1,0,True,524.875,8.5418,8.5418,49.85,0,3,28,37,1,0,C32H64N2O3,OLQMYKBKECJKTP-UHFFFAOYSA-N,OLQMYKBKECJKTP,2,0,0,1,0,0,0,0,0,0,0,0,0,0,0,0,0,0,0,3,3,1,0,diglycolamide|polyamide_other,,2026-09-15.1,1,,,NOT_CURATED: no literature pKa entered (never fabricated),,80 294 591 603 650 695 794 807 881 932 978 1008 1057 1143 1238 1271 1272 1444 1454 1598 1669 1911 1917 1951 1992 2004
cmp_8437db2a29,STRUCTURE,,NO_NAME,hydrophilic_aqueous_agent,pyridine_carboxamide,UNIQUE,UNIQUE,False,pyridine_carboxamide,SOFT_N_DONOR,FAMILY:pyridine_carboxamide,NEUTRAL,hydrophilic_aqueous_agent,pyridine_carboxamide,SOFT_N_DONOR,NEUTRAL,True,False,O=C(NC(CO)(CO)CO)c1ccc2ccc3ccc(C(=O)NC(CO)(CO)CO)nc3c2n1,O=C(NC(CO)(CO)CO)c1ccc2ccc3ccc(C(=O)NC(CO)(CO)CO)nc3c2n1,ARCHIVE_STRUCTURE,0,,,,aqueous_holdback:26,aqueous_holdback,archive:26,1,26,26,26,1,26,True,474.47,-2.326,-2.326,205.36,8,10,10,34,1,0,C22H26N4O8,ZRNGWNAYVAWYLU-UHFFFAOYSA-N,ZRNGWNAYVAWYLU,2,0,0,0,0,0,0,0,6,2,0,0,0,0,0,0,0,0,0,10,4,3,0,hydrophilic_aqueous_agent|pyridine_carboxamide|n_heterocyclic|polyamide_other,hydrophilic_aqueous_agent,2026-09-15.1,1,,,NOT_CURATED: no literature pKa entered (never fabricated),,4 80 99 104 114 115 203 222 354 378 449 486 645 650 807 850 855 1031 1152 1203 1380 1677 1724 1750 1855 1873 1874 1917
cmp_5e7e68ecc6,STRUCTURE,DEHHA,MODEL_ROWS,monoamide,monoamide,UNIQUE,UNIQUE,False,monoamide,NEUTRAL_SOLVATING,FAMILY:monoamide,NEUTRAL,monoamide,monoamide,NEUTRAL_SOLVATING,NEUTRAL,False,False,CCCCCC(=O)N(CC(CC)CCCC)CC(CC)CCCC,CCCCCC(=O)N(CC(CC)CCCC)CC(CC)CCCC,ARCHIVE_STRUCTURE,1,DEHHA|25|17,,,organic_extractant:25,organic_extractant,name_consensus:25,1,25,25,17,2,0,True,339.608,6.8281,6.8281,20.31,0,1,16,24,1,0,C22H45NO,GTLIOLYMILYIPS-UHFFFAOYSA-N,GTLIOLYMILYIPS,1,0,0,0,0,0,0,0,0,0,0,0,0,0,0,0,0,0,0,1,1,0,0,monoamide,,2026-09-15.1,1,,,NOT_CURATED: no literature pKa entered (never fabricated),,1 9 80 205 294 486 591 619 650 739 794 807 881 904 978 1004 1057 1218 1238 1267 1328 1420 1444 1544 1564 1860 1911 1917
cmp_969210e30e,STRUCTURE,p-TDDGA-Syn,MODEL_ROWS,diglycolamide,diglycolamide,UNIQUE,UNIQUE,False,diglycolamide,NEUTRAL_SOLVATING,FAMILY:diglycolamide,NEUTRAL,diglycolamide,diglycolamide,NEUTRAL_SOLVATING,NEUTRAL,False,False,CCCCCCCCCCN(CCCCCCCCCC)C(=O)[C@H](CCC)O[C@H](CCC)C(=O)N(CCCCCCCCCC)CCCCCCCCCC,CCCCCCCCCCN(CCCCCCCCCC)C(=O)[C@H](CCC)O[C@H](CCC)C(=O)N(CCCCCCCCCC)CCCCCCCCCC,ARCHIVE_STRUCTURE,1,p-TDDGA-Syn|25|25,,,organic_extractant:25,organic_extractant,name_consensus:25,1,25,25,25,1,0,True,777.361,15.5604,15.5604,49.85,0,3,44,55,1,0,C50H100N2O3,QWFMYCIPCXWOML-WPVYDPPMSA-N,QWFMYCIPCXWOML,2,0,0,1,0,0,0,0,0,0,0,0,0,0,0,0,0,0,0,3,3,1,0,diglycolamide|polyamide_other,,2026-09-15.1,2,,,NOT_CURATED: no literature pKa entered (never fabricated),SHARES_PARENT_WITH_OTHER_CANONICAL_SMILES,1 59 80 254 294 460 487 591 650 695 739 794 806 807 881 978 1057 1143 1180 1272 1444 1669 1691 1824 1911 1917 1951
cmp_278c8c4858,STRUCTURE,MIDOA,MODEL_ROWS,amino_polyamide,amino_polyamide,UNIQUE,UNIQUE,False,amino_polyamide,NEUTRAL_SOLVATING,FAMILY:amino_polyamide,BASIC,amino_polyamide,amino_polyamide,NEUTRAL_SOLVATING,BASIC,False,False,CCCCCCCCN(CCCCCCCC)C(=O)CN(C)CC(=O)N(CCCCCCCC)CCCCCCCC,CCCCCCCCN(CCCCCCCC)C(=O)CN(C)CC(=O)N(CCCCCCCC)CCCCCCCC,ARCHIVE_STRUCTURE,1,MIDOA|25|25,,,organic_extractant:25,organic_extractant,name_consensus:25,1,25,25,25,1,0,True,594.026,10.0174,10.0174,43.86,0,3,32,42,1,0,C37H75N3O2,VYQLYCLTFJDXGV-UHFFFAOYSA-N,VYQLYCLTFJDXGV,2,0,0,0,0,0,0,0,0,0,0,1,0,0,0,0,0,0,0,3,3,1,0,amino_polyamide|polyamide_other|amine_basic,,2026-09-15.1,1,,,NOT_CURATED: no literature pKa entered (never fabricated),,80 294 591 650 714 794 807 872 881 978 1057 1073 1143 1163 1190 1236 1238 1272 1442 1444 1669 1911 1917 1951
cmp_0d0c332c8f,STRUCTURE,5-5-8-8-tetramethyl-3-[6-[6-(5-5-8-8-tetramethyl-6-7-dihydro-1-2-4-benzotriazin-3-yl)-2-pyridinyl]-2-pyridinyl]-6-7-dihydro-1-2-4-benzotriazine,MODEL_ROWS,n_heterocyclic,n_heterocyclic,UNIQUE,UNIQUE,False,n_heterocyclic,SOFT_N_DONOR,FAMILY:n_heterocyclic,NEUTRAL,n_heterocyclic,n_heterocyclic,SOFT_N_DONOR,NEUTRAL,False,False,CC1(C)CCC(C)(C)c2nc(-c3cccc(-c4cccc(-c5nnc6c(n5)C(C)(C)CCC6(C)C)n4)n3)nnc21,CC1(C)CCC(C)(C)c2nc(-c3cccc(-c4cccc(-c5nnc6c(n5)C(C)(C)CCC6(C)C)n4)n3)nnc21,ARCHIVE_STRUCTURE,2,5-5-8-8-tetramethyl-3-[6-[6-(5-5-8-8-tetramethyl-6-7-dihydro-1-2-4-benzotriazin-3-yl)-2-pyridinyl]-2-pyridinyl]-6-7-dihydro-1-2-4-benzotriazine|14|14; CyMe4-BTBP|10|10,,,organic_extractant:24,organic_extractant,name_consensus:24,1,24,24,24,2,10,True,534.712,6.5456,6.5456,103.12,0,8,3,40,1,0,C32H38N8,LQMBIVGFROFSKX-UHFFFAOYSA-N,LQMBIVGFROFSKX,0,0,0,0,0,0,0,0,0,2,6,0,0,0,0,0,0,0,0,4,4,1,0,n_heterocyclic,,2026-09-15.1,1,,,NOT_CURATED: no literature pKa entered (never fabricated),MULTIPLE_NAMES,24 130 378 473 798 926 943 953 980 1039 1057 1060 1066 1088 1103 1130 1162 1164 1225 1257 1274 1380 1384 1385 1683 1750 1851 1855 1873
cmp_a5edda3097,STRUCTURE,18b,MODEL_ROWS_TIE,amino_polyamide,amino_polyamide,UNIQUE,UNIQUE,False,amino_polyamide,NEUTRAL_SOLVATING,FAMILY:amino_polyamide,BASIC,amino_polyamide,amino_polyamide,NEUTRAL_SOLVATING,BASIC,False,False,CCCCC(CC)CN(CC(CC)CCCC)C(=O)CN(CC(=O)N(CC(CC)CCCC)CC(CC)CCCC)CC(=O)N(CC(CC)CCCC)CC(CC)CCCC,CCCCC(CC)CN(CC(CC)CCCC)C(=O)CN(CC(=O)N(CC(CC)CCCC)CC(CC)CCCC)CC(=O)N(CC(CC)CCCC)CC(CC)CCCC,ARCHIVE_STRUCTURE,2,18b|12|12; TWE-17|12|12,,,organic_extractant:24,organic_extractant,name_consensus:24,1,24,24,24,2,12,True,861.483,14.0726,14.0726,64.17,0,4,42,61,1,0,C54H108N4O3,PTLJXXWGCZDIQQ-UHFFFAOYSA-N,PTLJXXWGCZDIQQ,3,0,0,0,0,0,0,0,0,0,0,1,0,0,0,0,0,0,0,4,4,1,0,amino_polyamide|polyamide_other|amine_basic,,2026-09-15.1,1,,,NOT_CURATED: no literature pKa entered (never fabricated),MULTIPLE_NAMES,1 9 80 205 251 294 358 591 649 650 739 794 807 872 881 904 978 1004 1057 1190 1218 1238 1328 1420 1544 1860 1911 1917
cmp_eabe5cc8df,STRUCTURE,N-DP(DOM)P,MODEL_ROWS,n_heterocyclic,n_heterocyclic,UNIQUE,UNIQUE,False,n_heterocyclic,SOFT_N_DONOR,FAMILY:n_heterocyclic,NEUTRAL,n_heterocyclic,n_heterocyclic,SOFT_N_DONOR,NEUTRAL,False,False,CCCCCCCCCCCCOCc1cc(-n2cccn2)nc(-n2cccn2)c1,CCCCCCCCCCCCOCc1cc(-n2cccn2)nc(-n2cccn2)c1,ARCHIVE_STRUCTURE,1,N-DP(DOM)P|24|24,,,organic_extractant:24,organic_extractant,name_consensus:12; positional_smiles:12,1,24,24,24,1,24,True,409.578,5.8905,5.8905,57.76,0,4,15,30,1,0,C24H35N5O,UFAUXUUBZGQDTG-UHFFFAOYSA-N,UFAUXUUBZGQDTG,0,0,0,1,0,0,0,0,0,3,0,0,0,0,0,0,0,0,0,4,3,1,0,n_heterocyclic,,2026-09-15.1,1,,,NOT_CURATED: no literature pKa entered (never fabricated),,13 43 75 77 80 90 191 294 378 488 527 540 557 591 632 639 695 745 794 875 935 1045 1057 1088 1101 1143 1249 1325 1380 1444 1455 1754 1855 1866 1873 1911 1977 1992
cmp_99846d28de,STRUCTURE,NEA16,MODEL_ROWS_TIE,diglycolamide,diglycolamide,UNIQUE,UNIQUE,False,diglycolamide,NEUTRAL_SOLVATING,FAMILY:diglycolamide,NEUTRAL,diglycolamide,diglycolamide,NEUTRAL_SOLVATING,NEUTRAL,False,False,CCCCCCCCN(CCCCCCCC)C(=O)C(C)OC(C(=O)N(CCCCCCCC)CCCCCCCC)c1ccccc1,CCCCCCCCN(CCCCCCCC)C(=O)C(C)OC(C(=O)N(CCCCCCCC)CCCCCCCC)c1ccccc1,ARCHIVE_STRUCTURE,2,NEA16|12|12; TWE-15|12|12,,,organic_extractant:24,organic_extractant,name_consensus:24,1,24,24,24,2,12,True,671.108,12.232,12.232,49.85,0,3,33,48,1,0,C43H78N2O3,BNLJYRXSFOWWEH-UHFFFAOYSA-N,BNLJYRXSFOWWEH,2,0,0,1,0,0,0,0,0,0,0,0,0,0,0,0,0,0,0,3,3,1,0,diglycolamide|polyamide_other,,2026-09-15.1,1,,,NOT_CURATED: no literature pKa entered (never fabricated),MULTIPLE_NAMES,1 78 80 283 294 389 460 487 495 591 618 650 692 695 794 807 854 881 978 1057 1088 1143 1180 1199 1269 1272 1365 1380 1441 1444 1512 1581 1669 1750 1873 1911 1917 1951
cmp_4a69bf3088,STRUCTURE,NEA15,MODEL_ROWS_TIE,diglycolamide,diglycolamide,UNIQUE,UNIQUE,False,diglycolamide,NEUTRAL_SOLVATING,FAMILY:diglycolamide,NEUTRAL,diglycolamide,diglycolamide,NEUTRAL_SOLVATING,NEUTRAL,False,False,CCCCCCCCN(CCCCCCCC)C(=O)COC(C(=O)N(CCCCCCCC)CCCCCCCC)c1ccccc1,CCCCCCCCN(CCCCCCCC)C(=O)COC(C(=O)N(CCCCCCCC)CCCCCCCC)c1ccccc1,ARCHIVE_STRUCTURE,2,NEA15|12|12; TWE-22|12|12,,,organic_extractant:24,organic_extractant,name_consensus:24,1,24,24,24,2,12,True,657.081,11.8435,11.8435,49.85,0,3,33,47,1,0,C42H76N2O3,XTTAKMVMWSISES-UHFFFAOYSA-N,XTTAKMVMWSISES,2,0,0,1,0,0,0,0,0,0,0,0,0,0,0,0,0,0,0,3,3,1,0,diglycolamide|polyamide_other,,2026-09-15.1,1,,,NOT_CURATED: no literature pKa entered (never fabricated),MULTIPLE_NAMES,1 78 80 294 316 389 460 464 495 591 650 692 695 794 807 881 978 1057 1088 1143 1180 1199 1238 1245 1271 1272 1365 1380 1442 1444 1581 1669 1750 1873 1886 1911 1917 1951 2004
cmp_b7a3ca2147,STRUCTURE,10a,MODEL_ROWS_TIE,diglycolamide,diglycolamide,UNIQUE,UNIQUE,False,diglycolamide,NEUTRAL_SOLVATING,FAMILY:diglycolamide,NEUTRAL,diglycolamide,diglycolamide,NEUTRAL_SOLVATING,NEUTRAL,False,False,CCCCCCCCN(CCCCCCCC)C(=O)COC(C)C(=O)N(CCCCCCCC)CCCCCCCC,CCCCCCCCN(CCCCCCCC)C(=O)COC(C)C(=O)N(CCCCCCCC)CCCCCCCC,ARCHIVE_STRUCTURE,2,10a|12|12; TWE-21|12|12,,,organic_extractant:24,organic_extractant,name_consensus:24,1,24,24,24,2,12,True,595.01,10.4907,10.4907,49.85,0,3,32,42,1,0,C37H74N2O3,WHTMDGKHKZCZDV-UHFFFAOYSA-N,WHTMDGKHKZCZDV,2,0,0,1,0,0,0,0,0,0,0,0,0,0,0,0,0,0,0,3,3,1,0,diglycolamide|polyamide_other,,2026-09-15.1,1,,,NOT_CURATED: no literature pKa entered (never fabricated),MULTIPLE_NAMES,1 56 80 283 294 316 460 534 591 650 695 794 807 881 978 1057 1143 1180 1238 1269 1271 1272 1442 1444 1512 1669 1886 1911 1917 1951 2004
cmp_bfe88c94f5,STRUCTURE,TBi-PE-BisDGA,MODEL_ROWS,diglycolamide,diglycolamide,UNIQUE,UNIQUE,False,diglycolamide,NEUTRAL_SOLVATING,FAMILY:diglycolamide,NEUTRAL,diglycolamide,diglycolamide,NEUTRAL_SOLVATING,NEUTRAL,False,False,CCCCN(CCCC)C(=O)COCC(=O)N(CCN(C(=O)COCC(=O)N(CCCC)CCCC)C(C)C)C(C)C,CCCCN(CCCC)C(=O)COCC(=O)N(CCN(C(=O)COCC(=O)N(CCCC)CCCC)C(C)C)C(C)C,ARCHIVE_STRUCTURE,1,TBi-PE-BisDGA|24|24,,,organic_extractant:24,organic_extractant,name_consensus:24,1,24,24,24,1,0,True,598.87,4.3512,4.3512,99.7,0,6,25,42,1,0,C32H62N4O6,LKMNAFBWLCLVLF-UHFFFAOYSA-N,LKMNAFBWLCLVLF,4,0,0,2,0,0,0,0,0,0,0,0,0,0,0,0,0,0,0,6,3,2,0,diglycolamide|polyamide_other,,2026-09-15.1,1,,,NOT_CURATED: no literature pKa entered (never fabricated),,1 80 239 283 294 348 381 546 591 650 695 794 807 881 978 1057 1085 1238 1271 1272 1442 1454 1476 1598 1861 1911 1917 1951 1992 2004
cmp_9b8857bb0b,STRUCTURE,TWE-18,MODEL_ROWS_TIE,hydrophilic_aqueous_agent,diglycolamide,UNIQUE,UNIQUE,False,diglycolamide,NEUTRAL_SOLVATING,FAMILY:diglycolamide,NEUTRAL,hydrophilic_aqueous_agent,diglycolamide,NEUTRAL_SOLVATING,NEUTRAL,True,False,O=C(COCC(=O)N(CCO)CCO)N(CCO)CCO,O=C(COCC(=O)N(CCO)CCO)N(CCO)CCO,ARCHIVE_STRUCTURE,24,TWE-18|1|1; TWE-19|1|1; TWE-20|1|1; TWE-21|1|1; TWE-22|1|1; TWE-23|1|1; TWE-24|1|1; TWE-25|1|1; TWE-26|1|1; TWE-27|1|1; TWE-28|1|1; TWE-29|1|1; TWE-30|1|1; TWE-31|1|1; TWE-32|1|1; TWE-33|1|1; TWE-34|1|1; TWE-35|1|1; TWE-36|1|1; TWE-37|1|1; TWE-38|1|1; TWE-39|1|1; TWE-40|1|1; TWE-41|1|1,TWE-21:NAME_OWNED_BY_OTHER_STRUCTURE; TWE-22:NAME_OWNED_BY_OTHER_STRUCTURE; TWE-23:NAME_OWNED_BY_OTHER_STRUCTURE; TWE-24:NAME_OWNED_BY_OTHER_STRUCTURE; TWE-27:NAME_OWNED_BY_OTHER_STRUCTURE; TWE-28:NAME_OWNED_BY_OTHER_STRUCTURE; TWE-29:NAME_OWNED_BY_OTHER_STRUCTURE; TWE-30:NAME_OWNED_BY_OTHER_STRUCTURE; TWE-33:NAME_OWNED_BY_OTHER_STRUCTURE; TWE-34:NAME_OWNED_BY_OTHER_STRUCTURE; TWE-35:NAME_OWNED_BY_OTHER_STRUCTURE; TWE-36:NAME_OWNED_BY_OTHER_STRUCTURE,,organic_extractant:24,organic_extractant,positional_smiles:24,1,24,24,24,1,24,True,308.331,-3.3706,-3.3706,130.77,4,7,12,21,1,0,C12H24N2O7,CSISHMLKKCQESR-UHFFFAOYSA-N,CSISHMLKKCQESR,2,0,0,1,0,0,0,0,4,0,0,0,0,0,0,0,0,0,0,7,3,1,0,hydrophilic_aqueous_agent|diglycolamide|polyamide_other,hydrophilic_aqueous_agent,2026-09-15.1,1,,,NOT_CURATED: no literature pKa entered (never fabricated),MULTIPLE_NAMES|HAS_REJECTED_NAMES,28 80 222 473 650 695 807 881 922 978 1238 1271 1442 1454 1598 1917 1951 1992 2004
cmp_3e62907ea5,STRUCTURE,DBDDdDGA,MODEL_ROWS,diglycolamide,diglycolamide,UNIQUE,UNIQUE,False,diglycolamide,NEUTRAL_SOLVATING,FAMILY:diglycolamide,NEUTRAL,diglycolamide,diglycolamide,NEUTRAL_SOLVATING,NEUTRAL,False,False,CCCCCCCCCCCCN(CCCC)C(=O)COCC(=O)N(CCCC)CCCCCCCCCCCC,CCCCCCCCCCCCN(CCCC)C(=O)COCC(=O)N(CCCC)CCCCCCCCCCCC,ARCHIVE_STRUCTURE,1,DBDDdDGA|23|22,,,organic_extractant:23,organic_extractant,name_consensus:23,1,23,23,22,1,0,True,580.983,10.1022,10.1022,49.85,0,3,32,41,1,0,C36H72N2O3,LNWHXYZFXWHCGB-UHFFFAOYSA-N,LNWHXYZFXWHCGB,2,0,0,1,0,0,0,0,0,0,0,0,0,0,0,0,0,0,0,3,3,1,0,diglycolamide|polyamide_other,,2026-09-15.1,1,,,NOT_CURATED: no literature pKa entered (never fabricated),,80 294 348 591 650 695 794 807 881 978 1057 1143 1238 1271 1272 1442 1444 1454 1598 1669 1911 1917 1951 1992 2004
cmp_d5e016da00,STRUCTURE,Cy5S-Me4-BTBP,MODEL_ROWS,n_heterocyclic,n_heterocyclic,UNIQUE,UNIQUE,False,n_heterocyclic,SOFT_N_DONOR,FAMILY:n_heterocyclic,NEUTRAL,n_heterocyclic,n_heterocyclic,SOFT_N_DONOR,NEUTRAL,False,False,CC1(C)SC(C)(C)c2nc(-c3cccc(-c4cccc(-c5nnc6c(n5)C(C)(C)SC6(C)C)n4)n3)nnc21,CC1(C)SC(C)(C)c2nc(-c3cccc(-c4cccc(-c5nnc6c(n5)C(C)(C)SC6(C)C)n4)n3)nnc21,ARCHIVE_STRUCTURE,2,Cy5S-Me4-BTBP|12|12; Cy5-S-Me4-BTBP|10|10,,,organic_extractant:22,organic_extractant,name_consensus:22,1,22,22,22,1,22,True,542.738,6.2816,6.2816,103.12,0,10,3,38,1,0,C28H30N8S2,NLLJUCOSHXFJPZ-UHFFFAOYSA-N,NLLJUCOSHXFJPZ,0,0,0,0,0,0,0,0,0,2,6,0,0,0,2,0,0,0,0,6,6,1,0,n_heterocyclic,,2026-09-15.1,1,,,NOT_CURATED: no literature pKa entered (never fabricated),MULTIPLE_NAMES,24 26 44 130 378 675 943 980 1039 1057 1060 1088 1103 1130 1164 1225 1257 1274 1308 1313 1380 1384 1385 1575 1750 1851 1855 1873 1982
cmp_2e60850c0a,STRUCTURE,DMDDdDGA,MODEL_ROWS,diglycolamide,diglycolamide,UNIQUE,UNIQUE,False,diglycolamide,NEUTRAL_SOLVATING,FAMILY:diglycolamide,NEUTRAL,diglycolamide,diglycolamide,NEUTRAL_SOLVATING,NEUTRAL,False,False,CCCCCCCCCCCCN(C)C(=O)COCC(=O)N(C)CCCCCCCCCCCC,CCCCCCCCCCCCN(C)C(=O)COCC(=O)N(C)CCCCCCCCCCCC,ARCHIVE_STRUCTURE,1,DMDDdDGA|22|22,,,organic_extractant:22,organic_extractant,name_consensus:22,1,22,22,22,1,0,True,496.821,7.7616,7.7616,49.85,0,3,26,35,1,0,C30H60N2O3,QOSVWXLGCCSHBA-UHFFFAOYSA-N,QOSVWXLGCCSHBA,2,0,0,1,0,0,0,0,0,0,0,0,0,0,0,0,0,0,0,3,3,1,0,diglycolamide|polyamide_other,,2026-09-15.1,1,,,NOT_CURATED: no literature pKa entered (never fabricated),,80 294 298 334 591 650 695 794 807 881 1057 1143 1163 1237 1238 1444 1454 1598 1652 1669 1911 1917 1951 1992 2004
cmp_b72cfd063b,STRUCTURE,LL7,MODEL_ROWS,diglycolamide,diglycolamide,UNIQUE,UNIQUE,False,diglycolamide,NEUTRAL_SOLVATING,FAMILY:diglycolamide,NEUTRAL,diglycolamide,diglycolamide,NEUTRAL_SOLVATING,NEUTRAL,False,False,CCCCCCCCN(CCCCCCCC)C(=O)COCC(=O)NCCCCCCCNC(=O)COCC(=O)N(CCCCCCCC)CCCCCCCC,CCCCCCCCN(CCCCCCCC)C(=O)COCC(=O)NCCCCCCCNC(=O)COCC(=O)N(CCCCCCCC)CCCCCCCC,ARCHIVE_STRUCTURE,1,LL7|22|22,,,organic_extractant:22,organic_extractant,name_consensus:22,1,22,22,22,1,0,True,809.275,10.3017,10.3017,117.28,2,6,44,57,1,0,C47H92N4O6,TYQAYBMQMUXSHB-UHFFFAOYSA-N,TYQAYBMQMUXSHB,4,0,0,2,0,0,0,0,0,0,0,0,0,0,0,0,0,0,0,6,3,2,0,diglycolamide|polyamide_other,,2026-09-15.1,1,,,NOT_CURATED: no literature pKa entered (never fabricated),,41 80 197 219 294 591 592 597 650 667 695 794 807 859 881 978 1057 1143 1152 1238 1271 1272 1442 1444 1454 1598 1669 1876 1911 1917 1951 1992 2004
cmp_1f22b350eb,STRUCTURE,EDTA,MODEL_ROWS,hydrophilic_aqueous_agent,aminopolycarboxylic_acid,UNIQUE,UNIQUE,False,aminopolycarboxylic_acid,CHELATING,FAMILY:aminopolycarboxylic_acid,ACIDIC,hydrophilic_aqueous_agent,aminopolycarboxylic_acid,CHELATING,ACIDIC,True,False,O=C(O)CN(CCN(CC(=O)O)CC(=O)O)CC(=O)O,O=C(O)CN(CCN(CC(=O)O)CC(=O)O)CC(=O)O,ARCHIVE_STRUCTURE,1,EDTA|21|11,,,aqueous_complexant:21,aqueous_complexant,archive:21,1,21,21,11,1,0,True,292.244,-2.0712,-2.0712,155.68,4,6,11,20,1,0,C10H16N2O8,KCXVZYZYPLLWCC-UHFFFAOYSA-N,KCXVZYZYPLLWCC,0,0,0,0,0,0,0,0,0,0,0,2,0,0,0,0,0,0,4,6,6,1,4,hydrophilic_aqueous_agent|aminopolycarboxylic_acid|carboxylic_acid|amine_basic,hydrophilic_aqueous_agent,2026-09-15.1,1,,,NOT_CURATED: no literature pKa entered (never fabricated),,80 251 389 605 650 807 881 890 1190 1410 1539 1737 1917 1951
cmp_7e9e5bba51,STRUCTURE,DOHyA,MODEL_ROWS,monoamide,monoamide,UNIQUE,UNIQUE,False,monoamide,NEUTRAL_SOLVATING,FAMILY:monoamide,NEUTRAL,monoamide,monoamide,NEUTRAL_SOLVATING,NEUTRAL,False,False,CCCCCCCCN(CCCCCCCC)C(=O)CO,CCCCCCCCN(CCCCCCCC)C(=O)CO,ARCHIVE_STRUCTURE,1,DOHyA|20|20,,,organic_extractant:20,organic_extractant,name_consensus:20,1,20,20,20,1,0,True,299.499,4.5283,4.5283,40.54,1,2,15,21,1,0,C18H37NO2,NPCGXZDMAMHSMZ-UHFFFAOYSA-N,NPCGXZDMAMHSMZ,1,0,0,0,0,0,0,0,1,0,0,0,0,0,0,0,0,0,0,2,2,1,0,monoamide,,2026-09-15.1,1,,,NOT_CURATED: no literature pKa entered (never fabricated),,80 222 294 373 591 650 794 807 836 881 978 1057 1143 1238 1272 1442 1444 1664 1669 1911 1917 1951
cmp_3577dd728d,STRUCTURE,3-Me-N-DPP,MODEL_ROWS,n_heterocyclic,n_heterocyclic,UNIQUE,UNIQUE,False,n_heterocyclic,SOFT_N_DONOR,FAMILY:n_heterocyclic,NEUTRAL,n_heterocyclic,n_heterocyclic,SOFT_N_DONOR,NEUTRAL,False,False,Cc1ccn(-c2cccc(-n3ccc(C)n3)n2)n1,Cc1ccn(-c2cccc(-n3ccc(C)n3)n2)n1,ARCHIVE_STRUCTURE,1,3-Me-N-DPP|20|20,,,organic_extractant:20,organic_extractant,name_consensus:14; positional_smiles:6,1,20,20,20,1,20,True,239.282,2.0698,2.0698,48.53,0,3,2,18,1,0,C13H13N5,RAIXXDUNEZBGDR-UHFFFAOYSA-N,RAIXXDUNEZBGDR,0,0,0,0,0,0,0,0,0,3,0,0,0,0,0,0,0,0,0,3,3,1,0,n_heterocyclic,,2026-09-15.1,1,,,NOT_CURATED: no literature pKa entered (never fabricated),,378 527 680 879 935 1039 1057 1088 1101 1213 1380 1397 1455 1643 1679 1710 1722 1731 1750 1855 1873 1956 1977
cmp_c5cab8131c,STRUCTURE,,NO_NAME,hydrophilic_aqueous_agent,dithiophosphinic_acid,AMBIGUOUS,AMBIGUOUS,False,dithiophosphinic_acid|n_heterocyclic,ACIDIC_CATION_EXCHANGE,FAMILY:dithiophosphinic_acid,ACIDIC,hydrophilic_aqueous_agent,dithiophosphinic_acid,ACIDIC_CATION_EXCHANGE,ACIDIC,True,False,S=P(S)(c1cccnc1)c1ccccn1,S=P(S)(c1cccnc1)c1ccccn1,ARCHIVE_STRUCTURE,0,,,,aqueous_holdback:20,aqueous_holdback,archive:20,1,20,20,20,1,20,True,252.304,1.7517,1.7517,25.78,1,3,2,15,1,0,C10H9N2PS2,HGABRGLMDPURJH-UHFFFAOYSA-N,HGABRGLMDPURJH,0,0,0,0,0,0,2,0,0,2,0,0,0,0,0,0,0,0,0,3,3,1,1,hydrophilic_aqueous_agent|dithiophosphinic_acid|thiophosphorus_acid|n_heterocyclic,hydrophilic_aqueous_agent,2026-09-15.1,1,,,NOT_CURATED: no literature pKa entered (never fabricated),FAMILY_AMBIGUOUS,97 192 229 378 437 448 507 625 843 896 914 977 997 1043 1059 1088 1155 1199 1380 1452 1487 1535 1586 1603 1729 1750 1834 1866 1873 1903
cmp_50071e7252,STRUCTURE,,NO_NAME,hydrophilic_aqueous_agent,dithiophosphinic_acid,AMBIGUOUS,AMBIGUOUS,False,dithiophosphinic_acid|n_heterocyclic,ACIDIC_CATION_EXCHANGE,FAMILY:dithiophosphinic_acid,ACIDIC,hydrophilic_aqueous_agent,dithiophosphinic_acid,ACIDIC_CATION_EXCHANGE,ACIDIC,True,False,S=P(S)(c1cccnc1)c1cccnc1,S=P(S)(c1cccnc1)c1cccnc1,ARCHIVE_STRUCTURE,0,,,,aqueous_holdback:20,aqueous_holdback,archive:20,1,20,20,20,1,20,True,252.304,1.7517,1.7517,25.78,1,3,2,15,1,0,C10H9N2PS2,WOEMXLYXGLLAIL-UHFFFAOYSA-N,WOEMXLYXGLLAIL,0,0,0,0,0,0,2,0,0,2,0,0,0,0,0,0,0,0,0,3,3,1,1,hydrophilic_aqueous_agent|dithiophosphinic_acid|thiophosphorus_acid|n_heterocyclic,hydrophilic_aqueous_agent,2026-09-15.1,1,,,NOT_CURATED: no literature pKa entered (never fabricated),FAMILY_AMBIGUOUS,72 97 192 229 378 437 507 843 896 914 977 1043 1059 1088 1380 1535 1586 1603 1729 1750 1866 1873
cmp_bf7a7c7cae,STRUCTURE,LL3,MODEL_ROWS,diglycolamide,diglycolamide,UNIQUE,UNIQUE,False,diglycolamide,NEUTRAL_SOLVATING,FAMILY:diglycolamide,NEUTRAL,diglycolamide,diglycolamide,NEUTRAL_SOLVATING,NEUTRAL,False,False,CCCCCCCCN(CCCCCCCC)C(=O)COCC(=O)NCc1ccc(CNC(=O)COCC(=O)N(CCCCCCCC)CCCCCCCC)cc1,CCCCCCCCN(CCCCCCCC)C(=O)COCC(=O)NCc1ccc(CNC(=O)COCC(=O)N(CCCCCCCC)CCCCCCCC)cc1,ARCHIVE_STRUCTURE,1,LL3|18|18,,,organic_extractant:18,organic_extractant,name_consensus:18,1,18,18,18,1,0,True,815.238,10.0514,10.0514,117.28,2,6,40,58,1,0,C48H86N4O6,NMJSSTZDGBOLAN-UHFFFAOYSA-N,NMJSSTZDGBOLAN,4,0,0,2,0,0,0,0,0,0,0,0,0,0,0,0,0,0,0,6,3,2,0,diglycolamide|polyamide_other,,2026-09-15.1,1,,,NOT_CURATED: no literature pKa entered (never fabricated),,41 80 197 219 255 294 310 333 591 638 650 695 794 807 859 881 978 1057 1143 1152 1238 1271 1272 1380 1442 1444 1454 1573 1598 1669 1750 1754 1873 1911 1917 1951 1992 2004
cmp_b43aec0107,STRUCTURE,DHiBA,MODEL_ROWS,monoamide,monoamide,UNIQUE,UNIQUE,False,monoamide,NEUTRAL_SOLVATING,FAMILY:monoamide,NEUTRAL,monoamide,monoamide,NEUTRAL_SOLVATING,NEUTRAL,False,False,CCCCCCN(CCCCCC)C(=O)C(C)C,CCCCCCN(CCCCCC)C(=O)C(C)C,ARCHIVE_STRUCTURE,1,DHiBA|18|8,,,organic_extractant:18,organic_extractant,name_consensus:18,1,18,18,8,1,0,True,255.446,4.6316,4.6316,20.31,0,1,11,18,1,0,C16H33NO,DNDXYYRWIVBWAP-UHFFFAOYSA-N,DNDXYYRWIVBWAP,1,0,0,0,0,0,0,0,0,0,0,0,0,0,0,0,0,0,0,1,1,0,0,monoamide,,2026-09-15.1,1,,,NOT_CURATED: no literature pKa entered (never fabricated),,1 80 235 283 294 460 591 650 794 807 881 978 1057 1143 1180 1272 1349 1444 1669 1911 1917 1951 2023
cmp_daede92e79,STRUCTURE,DHBA,MODEL_ROWS,monoamide,monoamide,UNIQUE,UNIQUE,False,monoamide,NEUTRAL_SOLVATING,FAMILY:monoamide,NEUTRAL,monoamide,monoamide,NEUTRAL_SOLVATING,NEUTRAL,False,False,CCCCCCN(CCCCCC)C(=O)CCC,CCCCCCN(CCCCCC)C(=O)CCC,ARCHIVE_STRUCTURE,1,DHBA|18|8,,,organic_extractant:18,organic_extractant,name_consensus:18,1,18,18,8,1,0,True,255.446,4.7757,4.7757,20.31,0,1,12,18,1,0,C16H33NO,JSQYTYFBRWYWQO-UHFFFAOYSA-N,JSQYTYFBRWYWQO,1,0,0,0,0,0,0,0,0,0,0,0,0,0,0,0,0,0,0,1,1,0,0,monoamide,,2026-09-15.1,1,,,NOT_CURATED: no literature pKa entered (never fabricated),,80 294 486 591 650 794 807 881 978 1057 1143 1238 1272 1357 1442 1444 1564 1669 1830 1911 1917 1951
cmp_2641dde584,STRUCTURE,3-5-diMe-N-DPPz,MODEL_ROWS,n_heterocyclic,n_heterocyclic,UNIQUE,UNIQUE,False,n_heterocyclic,SOFT_N_DONOR,FAMILY:n_heterocyclic,NEUTRAL,n_heterocyclic,n_heterocyclic,SOFT_N_DONOR,NEUTRAL,False,False,Cc1cc(C)n(-c2cncc(-n3nc(C)cc3C)n2)n1,Cc1cc(C)n(-c2cncc(-n3nc(C)cc3C)n2)n1,ARCHIVE_STRUCTURE,1,3-5-diMe-N-DPPz|18|18,,,organic_extractant:18,organic_extractant,name_consensus:12; positional_smiles:6,1,18,18,18,1,18,True,268.324,2.0817,2.0817,61.42,0,4,2,20,1,0,C14H16N6,XVJGEMVFIWOVOJ-UHFFFAOYSA-N,XVJGEMVFIWOVOJ,0,0,0,0,0,0,0,0,0,4,0,0,0,0,0,0,0,0,0,3,3,1,0,n_heterocyclic,,2026-09-15.1,1,,,NOT_CURATED: no literature pKa entered (never fabricated),,142 220 378 491 527 697 875 883 935 1017 1057 1109 1363 1380 1535 1603 1632 1722 1731 1852 1855 1873 1956 1977
cmp_5f927ac05d,STRUCTURE,N-N-bis(2-methylpropyl)-2-[octyl(phenyl)phosphoryl]acetamide,MODEL_ROWS,carbamoylmethylphosphine_oxide,carbamoylmethylphosphine_oxide,UNIQUE,UNIQUE,False,carbamoylmethylphosphine_oxide,NEUTRAL_SOLVATING,FAMILY:carbamoylmethylphosphine_oxide,NEUTRAL,carbamoylmethylphosphine_oxide,carbamoylmethylphosphine_oxide,NEUTRAL_SOLVATING,NEUTRAL,False,False,CCCCCCCCP(=O)(CC(=O)N(CC(C)C)CC(C)C)c1ccccc1,CCCCCCCCP(=O)(CC(=O)N(CC(C)C)CC(C)C)c1ccccc1,ARCHIVE_STRUCTURE,1,N-N-bis(2-methylpropyl)-2-[octyl(phenyl)phosphoryl]acetamide|17|17,,,organic_extractant:17,organic_extractant,name_consensus:17,1,17,17,17,3,0,True,407.579,6.1761,6.1761,37.38,0,2,14,28,1,0,C24H42NO2P,SGZRFMMIONYDQU-UHFFFAOYSA-N,SGZRFMMIONYDQU,1,0,0,0,1,0,0,0,0,0,0,0,0,0,0,0,0,0,0,2,2,1,0,carbamoylmethylphosphine_oxide|phosphine_oxide|monoamide,,2026-09-15.1,1,,,NOT_CURATED: no literature pKa entered (never fabricated),,1 9 50 80 192 283 294 389 475 486 507 591 650 663 794 807 843 846 877 881 978 1025 1057 1088 1143 1199 1238 1380 1444 1492 1514 1680 1750 1847 1860 1873 1911 1917 1995
cmp_4e8b2ec299,STRUCTURE,,NO_NAME,hydrophilic_aqueous_agent,n_heterocyclic,UNIQUE,UNIQUE,False,n_heterocyclic,SOFT_N_DONOR,FAMILY:n_heterocyclic,ACIDIC,hydrophilic_aqueous_agent,n_heterocyclic,SOFT_N_DONOR,ACIDIC,True,False,O=S(=O)(O)c1ccccc1-c1nnc(-c2cccc(-c3nnc(-c4ccccc4S(=O)(=O)O)c(-c4ccccc4S(=O)(=O)O)n3)n2)nc1-c1ccccc1S(=O)(=O)O,O=S(=O)(O)c1ccccc1-c1nnc(-c2cccc(-c3nnc(-c4ccccc4S(=O)(=O)O)c(-c4ccccc4S(=O)(=O)O)n3)n2)nc1-c1ccccc1S(=O)(=O)O,ARCHIVE_STRUCTURE,0,,,,aqueous_holdback:17,aqueous_holdback,archive:17,1,17,17,17,1,17,True,861.874,4.4404,4.4404,307.71,4,15,10,58,1,0,C35H23N7O12S4,BWSRLMFHGZNSGI-UHFFFAOYSA-N,BWSRLMFHGZNSGI,0,0,0,0,0,0,0,0,0,1,6,0,0,0,0,0,0,4,0,3,3,1,4,hydrophilic_aqueous_agent|n_heterocyclic,hydrophilic_aqueous_agent,2026-09-15.1,1,,,NOT_CURATED: no literature pKa entered (never fabricated),,24 123 130 323 350 352 378 392 592 606 626 650 807 813 836 980 984 992 1039 1088 1122 1164 1199 1257 1301 1380 1384 1385 1470 1476 1750 1851 1855 1873
cmp_6ea98782fb,STRUCTURE,CyMe4-hemi-BTBP,MODEL_ROWS,n_heterocyclic,n_heterocyclic,UNIQUE,UNIQUE,False,n_heterocyclic,SOFT_N_DONOR,FAMILY:n_heterocyclic,NEUTRAL,n_heterocyclic,n_heterocyclic,SOFT_N_DONOR,NEUTRAL,False,False,CC1(C)CCC(C)(C)c2nc(-c3cccc(-c4cccc(-c5ccccn5)n4)n3)nnc21,CC1(C)CCC(C)(C)c2nc(-c3cccc(-c4cccc(-c5ccccn5)n4)n3)nnc21,ARCHIVE_STRUCTURE,1,CyMe4-hemi-BTBP|16|16,,,organic_extractant:16,organic_extractant,positional_smiles:12; name_consensus:4,1,16,16,16,1,16,True,422.536,5.4066,5.4066,77.34,0,6,3,32,1,0,C26H26N6,DURVZYANNBSONL-UHFFFAOYSA-N,DURVZYANNBSONL,0,0,0,0,0,0,0,0,0,3,3,0,0,0,0,0,0,0,0,4,4,1,0,n_heterocyclic,,2026-09-15.1,1,,,NOT_CURATED: no literature pKa entered (never fabricated),,24 130 378 448 473 626 798 926 943 953 980 1039 1057 1060 1066 1088 1103 1130 1155 1162 1164 1199 1225 1257 1274 1380 1384 1385 1452 1683 1750 1851 1855 1866 1873 1985
cmp_8fc4df65e4,STRUCTURE,DOpyrDGA,MODEL_ROWS,diglycolamide,diglycolamide,UNIQUE,UNIQUE,False,diglycolamide,NEUTRAL_SOLVATING,FAMILY:diglycolamide,NEUTRAL,diglycolamide,diglycolamide,NEUTRAL_SOLVATING,NEUTRAL,False,False,CCCCCCCCN(CCCCCCCC)C(=O)COCC(=O)N1CCCC1,CCCCCCCCN(CCCCCCCC)C(=O)COCC(=O)N1CCCC1,ARCHIVE_STRUCTURE,1,DOpyrDGA|16|16,,,organic_extractant:16,organic_extractant,name_consensus:16,1,16,16,16,1,0,True,410.643,5.175,5.175,49.85,0,3,18,29,1,0,C24H46N2O3,ONVAFWWJDXVUMT-UHFFFAOYSA-N,ONVAFWWJDXVUMT,2,0,0,1,0,0,0,0,0,0,0,0,0,0,0,0,0,0,0,3,3,1,0,diglycolamide|polyamide_other,,2026-09-15.1,1,,,NOT_CURATED: no literature pKa entered (never fabricated),,80 222 294 369 591 650 695 760 794 807 881 926 935 978 1009 1028 1057 1143 1238 1271 1272 1442 1444 1454 1480 1598 1669 1911 1917 1923 1951 1992 1998 2004 2009
cmp_0a120b844f,STRUCTURE,cMe2-TODGA,MODEL_ROWS,diglycolamide,diglycolamide,UNIQUE,UNIQUE,False,diglycolamide,NEUTRAL_SOLVATING,FAMILY:diglycolamide,NEUTRAL,diglycolamide,diglycolamide,NEUTRAL_SOLVATING,NEUTRAL,False,False,CCCCCCCCN(CCCCCCCC)C(=O)[C@H](C)O[C@@H](C)C(=O)N(CCCCCCCC)CCCCCCCC,CCCCCCCCN(CCCCCCCC)C(=O)[C@H](C)O[C@@H](C)C(=O)N(CCCCCCCC)CCCCCCCC,ARCHIVE_STRUCTURE,1,cMe2-TODGA|16|16,,,organic_extractant:16,organic_extractant,name_consensus:16,1,16,16,16,1,0,True,609.037,10.8792,10.8792,49.85,0,3,32,43,1,0,C38H76N2O3,JDYCJJZQNIQUAE-ZPGRZCPFSA-N,JDYCJJZQNIQUAE,2,0,0,1,0,0,0,0,0,0,0,0,0,0,0,0,0,0,0,3,3,1,0,diglycolamide|polyamide_other,,2026-09-15.1,3,,,NOT_CURATED: no literature pKa entered (never fabricated),SHARES_PARENT_WITH_OTHER_CANONICAL_SMILES,1 80 283 294 460 487 591 618 650 695 794 807 881 978 1057 1143 1180 1269 1272 1444 1512 1642 1669 1911 1917 1951
cmp_a6628af7b0,STRUCTURE,tMe2-TODGA,MODEL_ROWS,diglycolamide,diglycolamide,UNIQUE,UNIQUE,False,diglycolamide,NEUTRAL_SOLVATING,FAMILY:diglycolamide,NEUTRAL,diglycolamide,diglycolamide,NEUTRAL_SOLVATING,NEUTRAL,False,False,CCCCCCCCN(CCCCCCCC)C(=O)[C@H](C)O[C@H](C)C(=O)N(CCCCCCCC)CCCCCCCC,CCCCCCCCN(CCCCCCCC)C(=O)[C@H](C)O[C@H](C)C(=O)N(CCCCCCCC)CCCCCCCC,ARCHIVE_STRUCTURE,1,tMe2-TODGA|16|16,,,organic_extractant:16,organic_extractant,name_consensus:16,1,16,16,16,1,0,True,609.037,10.8792,10.8792,49.85,0,3,32,43,1,0,C38H76N2O3,JDYCJJZQNIQUAE-TYHGNQNSSA-N,JDYCJJZQNIQUAE,2,0,0,1,0,0,0,0,0,0,0,0,0,0,0,0,0,0,0,3,3,1,0,diglycolamide|polyamide_other,,2026-09-15.1,3,,,NOT_CURATED: no literature pKa entered (never fabricated),SHARES_PARENT_WITH_OTHER_CANONICAL_SMILES,1 80 283 294 460 487 591 618 650 695 794 807 881 978 1057 1143 1180 1269 1272 1444 1512 1642 1669 1911 1917 1951
cmp_ea2fbbfe67,STRUCTURE,DHpyrDGA,MODEL_ROWS,diglycolamide,diglycolamide,UNIQUE,UNIQUE,False,diglycolamide,NEUTRAL_SOLVATING,FAMILY:diglycolamide,NEUTRAL,diglycolamide,diglycolamide,NEUTRAL_SOLVATING,NEUTRAL,False,False,CCCCCCN(CCCCCC)C(=O)COCC(=O)N1CCCC1,CCCCCCN(CCCCCC)C(=O)COCC(=O)N1CCCC1,ARCHIVE_STRUCTURE,1,DHpyrDGA|16|14,,,organic_extractant:16,organic_extractant,name_consensus:16,1,16,16,14,1,0,True,354.535,3.6146,3.6146,49.85,0,3,14,25,1,0,C20H38N2O3,NXTLPRXLDTYDKI-UHFFFAOYSA-N,NXTLPRXLDTYDKI,2,0,0,1,0,0,0,0,0,0,0,0,0,0,0,0,0,0,0,3,3,1,0,diglycolamide|polyamide_other,,2026-09-15.1,1,,,NOT_CURATED: no literature pKa entered (never fabricated),,80 222 294 369 591 650 695 760 794 807 881 926 935 978 1009 1028 1057 1143 1238 1271 1272 1442 1444 1454 1480 1598 1669 1911 1917 1923 1951 1992 1998 2004 2009
cmp_f1e166cf5e,STRUCTURE,BTP-4Me,MODEL_ROWS,n_heterocyclic,n_heterocyclic,UNIQUE,UNIQUE,False,n_heterocyclic,SOFT_N_DONOR,FAMILY:n_heterocyclic,NEUTRAL,n_heterocyclic,n_heterocyclic,SOFT_N_DONOR,NEUTRAL,False,False,Cc1nnc(-c2cccc(-c3nnc(C)c(C)n3)n2)nc1C,Cc1nnc(-c2cccc(-c3nnc(C)c(C)n3)n2)nc1C,ARCHIVE_STRUCTURE,1,BTP-4Me|16|16,,,aqueous_complexant:16,aqueous_complexant,archive:16,1,16,16,16,1,0,True,293.334,2.0193,2.0193,90.23,0,7,2,22,1,0,C15H15N7,YFVCCSHCOVDQBH-UHFFFAOYSA-N,YFVCCSHCOVDQBH,0,0,0,0,0,0,0,0,0,1,6,0,0,0,0,0,0,0,0,3,3,1,0,n_heterocyclic,,2026-09-15.1,1,,,NOT_CURATED: no literature pKa entered (never fabricated),,24 92 130 247 378 980 1039 1057 1088 1164 1257 1380 1384 1385 1688 1722 1727 1750 1851 1855 1859 1873
cmp_5a832418fb,STRUCTURE,,NO_NAME,hydrophilic_aqueous_agent,carboxylic_acid,AMBIGUOUS,AMBIGUOUS,False,carboxylic_acid|diglycolamide,ACIDIC_CATION_EXCHANGE,FAMILY:carboxylic_acid,IONIC,hydrophilic_aqueous_agent,carboxylic_acid,ACIDIC_CATION_EXCHANGE,IONIC,True,False,O=C([O-])CN(CC(=O)[O-])C(=O)COCC(=O)N(CC(=O)[O-])CC(=O)[O-].[Na+].[Na+].[Na+].[Na+],O=C([O-])CN(CC(=O)[O-])C(=O)COCC(=O)N(CC(=O)[O-])CC(=O)[O-].[Na+].[Na+].[Na+].[Na+],ARCHIVE_STRUCTURE,0,,,,aqueous_holdback:16,aqueous_holdback,archive:16,1,16,16,16,1,16,True,452.191,-20.3242,-8.3402,210.37,0,11,12,29,5,0,C12H12N2Na4O11,IGGCVKWHUURGSQ-UHFFFAOYSA-J,AWDOMISWRATAQZ,2,0,0,1,0,0,0,0,0,0,0,0,0,0,0,0,0,0,4,7,3,1,4,hydrophilic_aqueous_agent|carboxylic_acid|diglycolamide|polyamide_other,hydrophilic_aqueous_agent,2026-09-15.1,1,,,NOT_CURATED: no literature pKa entered (never fabricated),FAMILY_AMBIGUOUS,80 145 650 695 715 785 807 881 978 1190 1213 1226 1238 1271 1454 1598 1895 1917 1992 2004 2042
cmp_5263d198c8,STRUCTURE,,NO_NAME,hydrophilic_aqueous_agent,pyridine_carboxamide,UNIQUE,UNIQUE,False,pyridine_carboxamide,SOFT_N_DONOR,FAMILY:pyridine_carboxamide,NEUTRAL,hydrophilic_aqueous_agent,pyridine_carboxamide,SOFT_N_DONOR,NEUTRAL,True,False,O=C(c1cncc(C(=O)N(CCO)CCO)n1)N(CCO)CCO,O=C(c1cncc(C(=O)N(CCO)CCO)n1)N(CCO)CCO,ARCHIVE_STRUCTURE,0,,,,aqueous_holdback:16,aqueous_holdback,archive:16,1,16,16,16,1,16,True,342.352,-2.6698,-2.6698,147.32,4,8,10,24,1,0,C14H22N4O6,RFQHXRSIBAVEAS-UHFFFAOYSA-N,RFQHXRSIBAVEAS,2,0,0,0,0,0,0,0,4,2,0,0,0,0,0,0,0,0,0,7,3,1,0,hydrophilic_aqueous_agent|pyridine_carboxamide|n_heterocyclic|polyamide_other,hydrophilic_aqueous_agent,2026-09-15.1,1,,,NOT_CURATED: no literature pKa entered (never fabricated),,28 80 142 222 378 473 555 650 807 855 881 922 978 1221 1295 1380 1427 1535 1603 1792 1855 1873 1917 1951 1970
cmp_caa2796326,STRUCTURE,,NO_NAME,hydrophilic_aqueous_agent,phosphonic_acid,AMBIGUOUS,AMBIGUOUS,False,phosphonic_acid|n_heterocyclic,ACIDIC_CATION_EXCHANGE,FAMILY:phosphonic_acid,ACIDIC,hydrophilic_aqueous_agent,phosphonic_acid,ACIDIC_CATION_EXCHANGE,ACIDIC,True,False,O=P(O)(O)c1cncc(P(=O)(O)O)n1,O=P(O)(O)c1cncc(P(=O)(O)O)n1,ARCHIVE_STRUCTURE,0,,,,aqueous_holdback:16,aqueous_holdback,archive:16,1,16,16,16,1,16,True,240.048,-1.9174,-1.9174,140.84,4,4,2,14,1,0,C4H6N2O6P2,ZGWZCVHMFAOWQL-UHFFFAOYSA-N,ZGWZCVHMFAOWQL,0,0,0,0,2,4,0,0,0,2,0,0,0,0,0,0,0,0,0,3,3,1,2,hydrophilic_aqueous_agent|phosphonic_acid|n_heterocyclic,hydrophilic_aqueous_agent,2026-09-15.1,1,,,NOT_CURATED: no literature pKa entered (never fabricated),FAMILY_AMBIGUOUS,102 142 177 192 378 443 486 650 807 1329 1380 1535 1603 1838 1855 1873 1903 1940
cmp_bb4fc2d765,STRUCTURE,,NO_NAME,hydrophilic_aqueous_agent,n_heterocyclic,UNIQUE,UNIQUE,False,n_heterocyclic,SOFT_N_DONOR,FAMILY:n_heterocyclic,IONIC,hydrophilic_aqueous_agent,n_heterocyclic,SOFT_N_DONOR,IONIC,True,False,O=S(=O)([O-])c1cccc(-c2nnc(-c3ccc4ccc5ccc(-c6nnc(-c7cccc(S(=O)(=O)[O-])c7)c(-c7cccc(S(=O)(=O)[O-])c7)n6)nc5c4n3)nc2-c2cccc(S(=O)(=O)[O-])c2)c1.[Na+].[Na+].[Na+].[Na+],O=S(=O)([O-])c1cccc(-c2nnc(-c3ccc4ccc5ccc(-c6nnc(-c7cccc(S(=O)(=O)[O-])c7)c(-c7cccc(S(=O)(=O)[O-])c7)n6)nc5c4n3)nc2-c2cccc(S(=O)(=O)[O-])c2)c1.[Na+].[Na+].[Na+].[Na+],ARCHIVE_STRUCTURE,0,,,,aqueous_holdback:16,aqueous_holdback,archive:16,1,16,16,15,1,16,True,1050.91,-7.2126,4.7714,331.92,0,20,10,70,5,0,C42H22N8Na4O12S4,ZEACXRNDZKTPDN-UHFFFAOYSA-J,MARAJFQLDOHFGW,0,0,0,0,0,0,0,0,0,2,6,0,0,0,0,0,0,4,0,4,4,1,4,hydrophilic_aqueous_agent|n_heterocyclic,hydrophilic_aqueous_agent,2026-09-15.1,1,,,NOT_CURATED: no literature pKa entered (never fabricated),,24 123 128 130 139 203 257 319 323 350 378 449 573 575 650 715 736 827 875 978 980 1025 1039 1056 1088 1122 1160 1164 1213 1309 1380 1384 1385 1476 1724 1750 1855 1873 1874 1965
cmp_bae5871515,STRUCTURE,,NO_NAME,hydrophilic_aqueous_agent,thiophosphorus_acid,UNIQUE,UNIQUE,False,thiophosphorus_acid,ACIDIC_CATION_EXCHANGE,FAMILY:thiophosphorus_acid,ACIDIC,hydrophilic_aqueous_agent,thiophosphorus_acid,ACIDIC_CATION_EXCHANGE,ACIDIC,True,False,OP(O)(=S)COCP(O)(O)=S,OP(O)(=S)COCP(O)(O)=S,ARCHIVE_STRUCTURE,0,,,,aqueous_holdback:16,aqueous_holdback,archive:16,1,16,16,16,1,16,True,238.163,-0.4938,-0.4938,90.15,4,3,4,11,1,0,C2H8O5P2S2,LPHBVRZOJNJTRG-UHFFFAOYSA-N,LPHBVRZOJNJTRG,0,0,0,1,0,4,2,0,0,0,0,0,0,0,0,0,0,0,0,3,3,1,2,hydrophilic_aqueous_agent|thiophosphorus_acid,hydrophilic_aqueous_agent,2026-09-15.1,1,,,NOT_CURATED: no literature pKa entered (never fabricated),,52 80 97 192 445 695 807 911 1114 1377 1729 1838 1992
cmp_9f551f54bd,STRUCTURE,DODDbDGA,MODEL_ROWS,diglycolamide,diglycolamide,UNIQUE,UNIQUE,False,diglycolamide,NEUTRAL_SOLVATING,FAMILY:diglycolamide,NEUTRAL,diglycolamide,diglycolamide,NEUTRAL_SOLVATING,NEUTRAL,False,False,CCCCCCCCN(CCCC(CCCC)CCCCCC)C(=O)COCC(=O)N(CCCCCCCC)CCCC(CCCC)CCCCCC,CCCCCCCCN(CCCC(CCCC)CCCCCC)C(=O)COCC(=O)N(CCCCCCCC)CCCC(CCCC)CCCCCC,ARCHIVE_STRUCTURE,2,DODDbDGA|14|13; N-(4-butyldecyl)-2-[2-[4-butyldecyl(octyl)amino]-2-oxoethoxy]-N-octylacetamide|1|1,,,organic_extractant:15,organic_extractant,name_consensus:15,1,15,15,14,1,0,True,749.307,14.4952,14.4952,49.85,0,3,42,53,1,0,C48H96N2O3,HXIRGZIBJYOEOB-UHFFFAOYSA-N,HXIRGZIBJYOEOB,2,0,0,1,0,0,0,0,0,0,0,0,0,0,0,0,0,0,0,3,3,1,0,diglycolamide|polyamide_other,,2026-09-15.1,1,,,NOT_CURATED: no literature pKa entered (never fabricated),MULTIPLE_NAMES,1 80 205 273 294 591 650 695 739 794 807 881 978 1057 1143 1238 1271 1272 1283 1328 1420 1442 1444 1454 1598 1669 1911 1917 1951 1992 2004
cmp_0e30114cc0,STRUCTURE,LiTf2N,MODEL_ROWS,electrolyte_salt,other,UNIQUE,UNIQUE,False,,UNKNOWN,FAMILY:electrolyte_salt,IONIC,electrolyte_salt,other,UNKNOWN,IONIC,False,True,O=S(=O)([N-]S(=O)(=O)C(F)(F)F)C(F)(F)F,O=S(=O)([N-]S(=O)(=O)C(F)(F)F)C(F)(F)F,ARCHIVE_STRUCTURE,1,LiTf2N|15|15,,,aqueous_complexant:15,aqueous_complexant,archive:15,1,15,15,15,1,0,True,280.147,1.0593,1.0593,82.38,0,4,2,15,1,-1,C2F6NO4S2-,NHHWJSXMTZIPES-UHFFFAOYSA-N,ZXMGHDIOOHOAAE,0,0,0,0,0,0,0,0,0,0,0,0,0,0,0,0,0,0,0,0,0,0,0,electrolyte_salt,electrolyte_salt,2026-09-15.1,1,,,NOT_CURATED: no literature pKa entered (never fabricated),,114 182 350 519 650 1212 1300 1399 1453 1476 1831 1901 1928
cmp_3df48e3fe7,STRUCTURE,DMDdecdDGA,MODEL_ROWS,diglycolamide,diglycolamide,UNIQUE,UNIQUE,False,diglycolamide,NEUTRAL_SOLVATING,FAMILY:diglycolamide,NEUTRAL,diglycolamide,diglycolamide,NEUTRAL_SOLVATING,NEUTRAL,False,False,CC(C)CCCC(C)CCCCN(C)C(=O)COCC(=O)N(C)CCCCC(C)CCCC(C)C,CC(C)CCCC(C)CCCCN(C)C(=O)COCC(=O)N(C)CCCCC(C)CCCC(C)C,ARCHIVE_STRUCTURE,1,DMDdecdDGA|14|14,,,organic_extractant:14,organic_extractant,name_consensus:14,1,14,14,14,1,0,True,496.821,7.1852,7.1852,49.85,0,3,22,35,1,0,C30H60N2O3,JIBSRKBHFMBASI-UHFFFAOYSA-N,JIBSRKBHFMBASI,2,0,0,1,0,0,0,0,0,0,0,0,0,0,0,0,0,0,0,3,3,1,0,diglycolamide|polyamide_other,,2026-09-15.1,1,,,NOT_CURATED: no literature pKa entered (never fabricated),,1 80 146 283 298 334 406 599 650 695 739 755 807 881 1057 1142 1163 1237 1238 1283 1454 1598 1652 1669 1847 1860 1911 1917 1951 1992 2004
cmp_b49b4d8606,STRUCTURE,DMDetHDGA,MODEL_ROWS,diglycolamide,diglycolamide,UNIQUE,UNIQUE,False,diglycolamide,NEUTRAL_SOLVATING,FAMILY:diglycolamide,NEUTRAL,diglycolamide,diglycolamide,NEUTRAL_SOLVATING,NEUTRAL,False,False,CCCCC(CC)CN(C)C(=O)COCC(=O)N(C)CC(CC)CCCC,CCCCC(CC)CN(C)C(=O)COCC(=O)N(C)CC(CC)CCCC,ARCHIVE_STRUCTURE,1,DMDetHDGA|14|14,,,organic_extractant:14,organic_extractant,name_consensus:14,1,14,14,14,1,0,True,384.605,4.3526,4.3526,49.85,0,3,16,27,1,0,C22H44N2O3,YUEQVXMSDUPLRR-UHFFFAOYSA-N,YUEQVXMSDUPLRR,2,0,0,1,0,0,0,0,0,0,0,0,0,0,0,0,0,0,0,3,3,1,0,diglycolamide|polyamide_other,,2026-09-15.1,1,,,NOT_CURATED: no literature pKa entered (never fabricated),,1 80 205 294 298 334 381 591 650 670 695 739 794 807 881 1004 1057 1163 1218 1238 1328 1420 1454 1544 1598 1860 1911 1917 1992 2004
cmp_e43e8fc1cf,STRUCTURE,DiBEHA,MODEL_ROWS,monoamide,monoamide,UNIQUE,UNIQUE,False,monoamide,NEUTRAL_SOLVATING,FAMILY:monoamide,NEUTRAL,monoamide,monoamide,NEUTRAL_SOLVATING,NEUTRAL,False,False,CCCCCC(CC)C(=O)N(CC(C)C)CC(C)C,CCCCCC(CC)C(=O)N(CC(C)C)CC(C)C,ARCHIVE_STRUCTURE,1,DiBEHA|14|14,,,organic_extractant:14,organic_extractant,name_consensus:14,1,14,14,14,1,0,True,269.473,4.7335,4.7335,20.31,0,1,10,19,1,0,C17H35NO,HNFUMAVJPSIUPW-UHFFFAOYSA-N,HNFUMAVJPSIUPW,1,0,0,0,0,0,0,0,0,0,0,0,0,0,0,0,0,0,0,1,1,0,0,monoamide,,2026-09-15.1,1,,,NOT_CURATED: no literature pKa entered (never fabricated),,1 80 192 267 283 294 346 392 460 591 650 739 794 807 877 881 936 978 1057 1283 1444 1544 1847 1860 1877 1911 1917 1936
cmp_170ff0adc2,STRUCTURE,DMDdecHDGA,MODEL_ROWS,diglycolamide,diglycolamide,UNIQUE,UNIQUE,False,diglycolamide,NEUTRAL_SOLVATING,FAMILY:diglycolamide,NEUTRAL,diglycolamide,diglycolamide,NEUTRAL_SOLVATING,NEUTRAL,False,False,CCCCCCC(CCCC)CCCN(C)C(=O)COCC(=O)N(C)CCCC(CCCC)CCCCCC,CCCCCCC(CCCC)CCCN(C)C(=O)COCC(=O)N(C)CCCC(CCCC)CCCCCC,ARCHIVE_STRUCTURE,1,DMDdecHDGA|14|14,,,organic_extractant:14,organic_extractant,name_consensus:14,1,14,14,14,1,0,True,552.929,9.0338,9.0338,49.85,0,3,28,39,1,0,C34H68N2O3,UBTDDCKDHPRFHC-UHFFFAOYSA-N,UBTDDCKDHPRFHC,2,0,0,1,0,0,0,0,0,0,0,0,0,0,0,0,0,0,0,3,3,1,0,diglycolamide|polyamide_other,,2026-09-15.1,1,,,NOT_CURATED: no literature pKa entered (never fabricated),,1 80 205 273 294 298 334 591 650 695 739 794 807 881 1057 1143 1163 1237 1238 1271 1283 1328 1420 1444 1454 1598 1652 1911 1917 1951 1992 2004
cmp_af358356f8,STRUCTURE,cPSNDGA,MODEL_ROWS,diglycolamide,diglycolamide,UNIQUE,UNIQUE,False,diglycolamide,NEUTRAL_SOLVATING,FAMILY:diglycolamide,NEUTRAL,diglycolamide,diglycolamide,NEUTRAL_SOLVATING,NEUTRAL,False,False,CCCCCCCCC(C)(C)SCC1CN(C(=O)COCC(=O)N2CC(C)C(CSC(C)(C)CCCCCCCC)C2)CC1C,CCCCCCCCC(C)(C)SCC1CN(C(=O)COCC(=O)N2CC(C)C(CSC(C)(C)CCCCCCCC)C2)CC1C,ARCHIVE_STRUCTURE,1,cPSNDGA|14|14,,,organic_extractant:14,organic_extractant,name_consensus:14,1,14,14,14,1,0,True,669.139,9.7168,9.7168,49.85,0,5,24,45,1,0,C38H72N2O3S2,FICLVTQIBBXKDL-UHFFFAOYSA-N,FICLVTQIBBXKDL,2,0,0,1,0,0,0,0,0,0,0,0,0,0,2,0,0,0,0,5,3,1,0,diglycolamide|polyamide_other|sulfur_donor_other,,2026-09-15.1,1,,,NOT_CURATED: no literature pKa entered (never fabricated),,67 80 114 116 222 226 294 392 591 650 695 701 723 739 794 807 853 860 897 926 933 935 974 1009 1019 1057 1143 1189 1308 1309 1377 1444 1454 1666 1858 1859 1911 1917 1923 1992 2004 2009
cmp_e17974dcf7,STRUCTURE,N-N-didodecyl-2-(1-hexyl-2-oxopiperidin-3-yl)oxyacetamide,MODEL_ROWS,diglycolamide,diglycolamide,UNIQUE,UNIQUE,False,diglycolamide,NEUTRAL_SOLVATING,FAMILY:diglycolamide,NEUTRAL,diglycolamide,diglycolamide,NEUTRAL_SOLVATING,NEUTRAL,False,False,CCCCCCCCCCCCN(CCCCCCCCCCCC)C(=O)COC1CCCN(CCCCCC)C1=O,CCCCCCCCCCCCN(CCCCCCCCCCCC)C(=O)COC1CCCN(CCCCCC)C1=O,ARCHIVE_STRUCTURE,1,N-N-didodecyl-2-(1-hexyl-2-oxopiperidin-3-yl)oxyacetamide|14|14,,,organic_extractant:14,organic_extractant,name_consensus:14,1,14,14,14,1,0,True,592.994,10.2447,10.2447,49.85,0,3,30,42,1,0,C37H72N2O3,BTYJPYQQXJHDQL-UHFFFAOYSA-N,BTYJPYQQXJHDQL,2,0,0,1,0,0,0,0,0,0,0,0,0,0,0,0,0,0,0,3,3,1,0,diglycolamide|polyamide_other,,2026-09-15.1,1,,,NOT_CURATED: no literature pKa entered (never fabricated),,5 80 148 294 314 446 591 650 695 715 747 794 807 823 881 893 926 935 951 978 1018 1019 1028 1045 1057 1089 1123 1143 1145 1238 1271 1272 1325 1380 1442 1444 1480 1635 1669 1721 1911 1917 1951 2004
cmp_510433ac14,STRUCTURE,N-(4-methylphenyl)-N-octyl-1-10-phenanthroline-2-carboxamide,MODEL_ROWS,pyridine_carboxamide,pyridine_carboxamide,UNIQUE,UNIQUE,False,pyridine_carboxamide,SOFT_N_DONOR,FAMILY:pyridine_carboxamide,NEUTRAL,pyridine_carboxamide,pyridine_carboxamide,SOFT_N_DONOR,NEUTRAL,False,False,CCCCCCCCN(C(=O)c1ccc2ccc3cccnc3c2n1)c1ccc(C)cc1,CCCCCCCCN(C(=O)c1ccc2ccc3cccnc3c2n1)c1ccc(C)cc1,ARCHIVE_STRUCTURE,1,N-(4-methylphenyl)-N-octyl-1-10-phenanthroline-2-carboxamide|14|14,,,organic_extractant:14,organic_extractant,name_consensus:14,1,14,14,14,1,0,True,425.576,7.0987,7.0987,46.09,0,3,9,32,1,0,C28H31N3O,JYLNZNBPKFXHCN-UHFFFAOYSA-N,JYLNZNBPKFXHCN,1,0,0,0,0,0,0,0,0,2,0,0,0,0,0,0,0,0,0,3,3,1,0,pyridine_carboxamide|n_heterocyclic|monoamide,,2026-09-15.1,1,,,NOT_CURATED: no literature pKa entered (never fabricated),,49 80 203 235 244 294 352 378 448 449 488 591 650 741 783 794 807 850 855 881 960 1043 1057 1087 1088 1096 1143 1203 1221 1380 1444 1452 1495 1669 1722 1724 1750 1823 1855 1866 1873 1874 1911 1917 1920 1939 1951
cmp_fff3c88be2,STRUCTURE,MMTODGA,MODEL_ROWS,diglycolamide,diglycolamide,UNIQUE,UNIQUE,False,diglycolamide,NEUTRAL_SOLVATING,FAMILY:diglycolamide,NEUTRAL,diglycolamide,diglycolamide,NEUTRAL_SOLVATING,NEUTRAL,False,False,CCCCCCCCN(C)C(=O)COCC(=O)N(CCCCCCCC)CCCCCCCC,CCCCCCCCN(C)C(=O)COCC(=O)N(CCCCCCCC)CCCCCCCC,ARCHIVE_STRUCTURE,1,MMTODGA|14|14,,,organic_extractant:14,organic_extractant,name_consensus:14,1,14,14,14,1,0,True,482.794,7.3715,7.3715,49.85,0,3,25,34,1,0,C29H58N2O3,AAKSFPKJJCLTPC-UHFFFAOYSA-N,AAKSFPKJJCLTPC,2,0,0,1,0,0,0,0,0,0,0,0,0,0,0,0,0,0,0,3,3,1,0,diglycolamide|polyamide_other,,2026-09-15.1,1,,,NOT_CURATED: no literature pKa entered (never fabricated),,80 294 298 334 591 650 695 794 807 881 978 1057 1143 1163 1237 1238 1271 1272 1442 1444 1454 1598 1652 1669 1911 1917 1951 1992 2004
cmp_d543322e12,STRUCTURE,DEDODGA,MODEL_ROWS,diglycolamide,diglycolamide,UNIQUE,UNIQUE,False,diglycolamide,NEUTRAL_SOLVATING,FAMILY:diglycolamide,NEUTRAL,diglycolamide,diglycolamide,NEUTRAL_SOLVATING,NEUTRAL,False,False,CCCCCCCCN(CC)C(=O)COCC(=O)N(CC)CCCCCCCC,CCCCCCCCN(CC)C(=O)COCC(=O)N(CC)CCCCCCCC,ARCHIVE_STRUCTURE,1,DEDODGA|14|14,,,organic_extractant:14,organic_extractant,name_consensus:14,1,14,14,14,1,0,True,412.659,5.421,5.421,49.85,0,3,20,29,1,0,C24H48N2O3,KJGNMGNBIKQAPB-UHFFFAOYSA-N,KJGNMGNBIKQAPB,2,0,0,1,0,0,0,0,0,0,0,0,0,0,0,0,0,0,0,3,3,1,0,diglycolamide|polyamide_other,,2026-09-15.1,1,,,NOT_CURATED: no literature pKa entered (never fabricated),,80 294 591 603 650 695 794 807 881 932 978 1008 1057 1143 1238 1271 1272 1444 1454 1598 1669 1911 1917 1951 1992 2004
cmp_f55e882c19,STRUCTURE,DODHtDGA,MODEL_ROWS,diglycolamide,diglycolamide,UNIQUE,UNIQUE,False,diglycolamide,NEUTRAL_SOLVATING,FAMILY:diglycolamide,NEUTRAL,diglycolamide,diglycolamide,NEUTRAL_SOLVATING,NEUTRAL,False,False,CCCCCCCCN(CCC(C)CC(C)(C)C)C(=O)COCC(=O)N(CCCCCCCC)CCC(C)CC(C)(C)C,CCCCCCCCN(CCC(C)CC(C)(C)C)C(=O)COCC(=O)N(CCCCCCCC)CCC(C)CC(C)(C)C,ARCHIVE_STRUCTURE,1,DODHtDGA|14|14,,,organic_extractant:14,organic_extractant,name_consensus:14,1,14,14,14,1,0,True,609.037,10.306,10.306,49.85,0,3,26,43,1,0,C38H76N2O3,UVRJLJYDMAFEIY-UHFFFAOYSA-N,UVRJLJYDMAFEIY,2,0,0,1,0,0,0,0,0,0,0,0,0,0,0,0,0,0,0,3,3,1,0,diglycolamide|polyamide_other,,2026-09-15.1,1,,,NOT_CURATED: no literature pKa entered (never fabricated),,1 80 114 283 294 392 591 599 625 650 695 739 794 807 825 881 978 997 1057 1143 1238 1271 1272 1442 1444 1454 1575 1598 1669 1787 1800 1879 1911 1917 1951 1992 2004
cmp_3ad9b85960,STRUCTURE,DPDODGA,MODEL_ROWS,diglycolamide,diglycolamide,UNIQUE,UNIQUE,False,diglycolamide,NEUTRAL_SOLVATING,FAMILY:diglycolamide,NEUTRAL,diglycolamide,diglycolamide,NEUTRAL_SOLVATING,NEUTRAL,False,False,CCCCCCCCN(CCC)C(=O)COCC(=O)N(CCC)CCCCCCCC,CCCCCCCCN(CCC)C(=O)COCC(=O)N(CCC)CCCCCCCC,ARCHIVE_STRUCTURE,1,DPDODGA|14|14,,,organic_extractant:14,organic_extractant,name_consensus:14,1,14,14,14,1,0,True,440.713,6.2012,6.2012,49.85,0,3,22,31,1,0,C26H52N2O3,VVHYBYZIQVMCHQ-UHFFFAOYSA-N,VVHYBYZIQVMCHQ,2,0,0,1,0,0,0,0,0,0,0,0,0,0,0,0,0,0,0,3,3,1,0,diglycolamide|polyamide_other,,2026-09-15.1,1,,,NOT_CURATED: no literature pKa entered (never fabricated),,80 207 294 591 650 695 794 807 881 978 1057 1143 1238 1271 1272 1442 1444 1454 1598 1669 1761 1911 1917 1951 1992 2004
cmp_4f20d1df46,STRUCTURE,DODDmDGA,MODEL_ROWS,diglycolamide,diglycolamide,UNIQUE,UNIQUE,False,diglycolamide,NEUTRAL_SOLVATING,FAMILY:diglycolamide,NEUTRAL,diglycolamide,diglycolamide,NEUTRAL_SOLVATING,NEUTRAL,False,False,CCCCCCCCN(CCCCC(C)CCCC(C)C)C(=O)COCC(=O)N(CCCCCCCC)CCCCC(C)CCCC(C)C,CCCCCCCCN(CCCCC(C)CCCC(C)C)C(=O)COCC(=O)N(CCCCCCCC)CCCCC(C)CCCC(C)C,ARCHIVE_STRUCTURE,1,DODDmDGA|14|14,,,organic_extractant:14,organic_extractant,name_consensus:14,1,14,14,14,1,0,True,693.199,12.6466,12.6466,49.85,0,3,36,49,1,0,C44H88N2O3,GYULJRDWGBDAPW-UHFFFAOYSA-N,GYULJRDWGBDAPW,2,0,0,1,0,0,0,0,0,0,0,0,0,0,0,0,0,0,0,3,3,1,0,diglycolamide|polyamide_other,,2026-09-15.1,1,,,NOT_CURATED: no literature pKa entered (never fabricated),,1 80 146 283 294 406 591 599 650 695 739 755 794 807 881 978 1057 1142 1143 1238 1271 1272 1283 1442 1444 1454 1598 1669 1847 1860 1911 1917 1951 1992 2004
cmp_ac47e7bbe4,STRUCTURE,N-(3-7-dimethyloct-6-enyl)-2-[2-[3-7-dimethyloct-6-enyl(hexyl)amino]-2-oxoethoxy]-N-hexylacetamide,MODEL_ROWS,diglycolamide,diglycolamide,UNIQUE,UNIQUE,False,diglycolamide,NEUTRAL_SOLVATING,FAMILY:diglycolamide,NEUTRAL,diglycolamide,diglycolamide,NEUTRAL_SOLVATING,NEUTRAL,False,False,CCCCCCN(CCC(C)CCC=C(C)C)C(=O)COCC(=O)N(CCCCCC)CCC(C)CCC=C(C)C,CCCCCCN(CCC(C)CCC=C(C)C)C(=O)COCC(=O)N(CCCCCC)CCC(C)CCC=C(C)C,ARCHIVE_STRUCTURE,1,N-(3-7-dimethyloct-6-enyl)-2-[2-[3-7-dimethyloct-6-enyl(hexyl)amino]-2-oxoethoxy]-N-hexylacetamide|14|14,,,organic_extractant:14,organic_extractant,name_consensus:14,1,14,14,14,1,0,True,576.951,9.366,9.366,49.85,0,3,26,41,1,0,C36H68N2O3,ICPBMKSTNQFVIU-UHFFFAOYSA-N,ICPBMKSTNQFVIU,2,0,0,1,0,0,0,0,0,0,0,0,0,0,0,0,0,0,0,3,3,1,0,diglycolamide|polyamide_other,,2026-09-15.1,1,,,NOT_CURATED: no literature pKa entered (never fabricated),,1 80 283 294 401 479 556 591 599 650 694 695 739 755 759 794 807 881 978 1017 1057 1143 1238 1257 1271 1272 1442 1444 1454 1574 1582 1598 1669 1800 1879 1911 1917 1951 1992 2004
cmp_d1fe077e5a,STRUCTURE,N-(3-7-dimethyloctyl)-2-[2-[3-7-dimethyloctyl(hexyl)amino]-2-oxoethoxy]-N-hexylacetamide,MODEL_ROWS,diglycolamide,diglycolamide,UNIQUE,UNIQUE,False,diglycolamide,NEUTRAL_SOLVATING,FAMILY:diglycolamide,NEUTRAL,diglycolamide,diglycolamide,NEUTRAL_SOLVATING,NEUTRAL,False,False,CCCCCCN(CCC(C)CCCC(C)C)C(=O)COCC(=O)N(CCCCCC)CCC(C)CCCC(C)C,CCCCCCN(CCC(C)CCCC(C)C)C(=O)COCC(=O)N(CCCCCC)CCC(C)CCCC(C)C,ARCHIVE_STRUCTURE,1,N-(3-7-dimethyloctyl)-2-[2-[3-7-dimethyloctyl(hexyl)amino]-2-oxoethoxy]-N-hexylacetamide|14|14,,,organic_extractant:14,organic_extractant,name_consensus:14,1,14,14,14,1,0,True,580.983,9.5258,9.5258,49.85,0,3,28,41,1,0,C36H72N2O3,XYBQEIUNVSOCGT-UHFFFAOYSA-N,XYBQEIUNVSOCGT,2,0,0,1,0,0,0,0,0,0,0,0,0,0,0,0,0,0,0,3,3,1,0,diglycolamide|polyamide_other,,2026-09-15.1,1,,,NOT_CURATED: no literature pKa entered (never fabricated),,1 80 146 283 294 406 591 599 650 695 739 755 794 807 881 978 1057 1142 1143 1238 1271 1272 1442 1444 1454 1598 1669 1800 1847 1860 1879 1911 1917 1951 1992 2004
cmp_c2e27e5e07,STRUCTURE,N-ethyl-6-[6-[ethyl-(4-hexylphenyl)carbamoyl]-2-pyridinyl]-N-(4-hexylphenyl)pyridine-2-carboxamide,MODEL_ROWS,pyridine_carboxamide,pyridine_carboxamide,UNIQUE,UNIQUE,False,pyridine_carboxamide,SOFT_N_DONOR,FAMILY:pyridine_carboxamide,NEUTRAL,pyridine_carboxamide,pyridine_carboxamide,SOFT_N_DONOR,NEUTRAL,False,False,CCCCCCc1ccc(N(CC)C(=O)c2cccc(-c3cccc(C(=O)N(CC)c4ccc(CCCCCC)cc4)n3)n2)cc1,CCCCCCc1ccc(N(CC)C(=O)c2cccc(-c3cccc(C(=O)N(CC)c4ccc(CCCCCC)cc4)n3)n2)cc1,ARCHIVE_STRUCTURE,1,N-ethyl-6-[6-[ethyl-(4-hexylphenyl)carbamoyl]-2-pyridinyl]-N-(4-hexylphenyl)pyridine-2-carboxamide|14|14,,,organic_extractant:14,organic_extractant,name_consensus:14,1,14,14,14,1,0,True,618.866,9.7226,9.7226,66.4,0,4,17,46,1,0,C40H50N4O2,YMIXPJHBBRDBED-UHFFFAOYSA-N,YMIXPJHBBRDBED,2,0,0,0,0,0,0,0,0,2,0,0,0,0,0,0,0,0,0,4,4,1,0,pyridine_carboxamide|n_heterocyclic|polyamide_other,,2026-09-15.1,1,,,NOT_CURATED: no literature pKa entered (never fabricated),,80 294 310 378 471 488 591 650 741 783 794 807 855 881 932 960 978 980 1039 1045 1057 1088 1096 1100 1143 1184 1209 1221 1225 1243 1248 1380 1444 1495 1750 1754 1851 1855 1873 1911 1917
cmp_362090ae44,STRUCTURE,2-N-2-N-9-N-9-N-tetrabutyl-1-10-phenanthroline-2-9-dicarboxamide,MODEL_ROWS,pyridine_carboxamide,pyridine_carboxamide,UNIQUE,UNIQUE,False,pyridine_carboxamide,SOFT_N_DONOR,FAMILY:pyridine_carboxamide,NEUTRAL,pyridine_carboxamide,pyridine_carboxamide,SOFT_N_DONOR,NEUTRAL,False,False,CCCCN(CCCC)C(=O)c1ccc2ccc3ccc(C(=O)N(CCCC)CCCC)nc3c2n1,CCCCN(CCCC)C(=O)c1ccc2ccc3ccc(C(=O)N(CCCC)CCCC)nc3c2n1,ARCHIVE_STRUCTURE,1,2-N-2-N-9-N-9-N-tetrabutyl-1-10-phenanthroline-2-9-dicarboxamide|14|14,,,organic_extractant:14,organic_extractant,name_consensus:14,1,14,14,14,1,0,True,490.692,6.8678,6.8678,66.4,0,4,14,36,1,0,C30H42N4O2,DXPAPNLZYVSLOJ-UHFFFAOYSA-N,DXPAPNLZYVSLOJ,2,0,0,0,0,0,0,0,0,2,0,0,0,0,0,0,0,0,0,4,4,1,0,pyridine_carboxamide|n_heterocyclic|polyamide_other,,2026-09-15.1,1,,,NOT_CURATED: no literature pKa entered (never fabricated),,80 203 294 348 378 449 591 650 794 807 850 855 881 978 1057 1203 1221 1272 1295 1380 1427 1495 1724 1750 1855 1873 1874 1911 1917 1951
cmp_ecdae68a4e,STRUCTURE,3-[6-(5-6-dipropyl-1-2-4-triazin-3-yl)-2-pyridinyl]-5-6-dipropyl-1-2-4-triazine,MODEL_ROWS,n_heterocyclic,n_heterocyclic,UNIQUE,UNIQUE,False,n_heterocyclic,SOFT_N_DONOR,FAMILY:n_heterocyclic,NEUTRAL,n_heterocyclic,n_heterocyclic,SOFT_N_DONOR,NEUTRAL,False,False,CCCc1nnc(-c2cccc(-c3nnc(CCC)c(CCC)n3)n2)nc1CCC,CCCc1nnc(-c2cccc(-c3nnc(CCC)c(CCC)n3)n2)nc1CCC,ARCHIVE_STRUCTURE,1,3-[6-(5-6-dipropyl-1-2-4-triazin-3-yl)-2-pyridinyl]-5-6-dipropyl-1-2-4-triazine|14|14,,,organic_extractant:14,organic_extractant,name_consensus:14,1,14,14,14,1,0,True,405.55,4.5956,4.5956,90.23,0,7,10,30,1,0,C23H31N7,RTDHOCYMCCOSDL-UHFFFAOYSA-N,RTDHOCYMCCOSDL,0,0,0,0,0,0,0,0,0,1,6,0,0,0,0,0,0,0,0,3,3,1,0,n_heterocyclic,,2026-09-15.1,1,,,NOT_CURATED: no literature pKa entered (never fabricated),,24 80 130 157 241 294 378 794 908 980 1039 1057 1088 1164 1243 1257 1380 1384 1385 1726 1750 1851 1855 1873 1897 1935 1950
cmp_dccd881431,STRUCTURE,N-(3-5-dimethylphenyl)-6-[6-[(3-5-dimethylphenyl)-ethylcarbamoyl]-2-pyridinyl]-N-ethylpyridine-2-carboxamide,MODEL_ROWS,pyridine_carboxamide,pyridine_carboxamide,UNIQUE,UNIQUE,False,pyridine_carboxamide,SOFT_N_DONOR,FAMILY:pyridine_carboxamide,NEUTRAL,pyridine_carboxamide,pyridine_carboxamide,SOFT_N_DONOR,NEUTRAL,False,False,CCN(C(=O)c1cccc(-c2cccc(C(=O)N(CC)c3cc(C)cc(C)c3)n2)n1)c1cc(C)cc(C)c1,CCN(C(=O)c1cccc(-c2cccc(C(=O)N(CC)c3cc(C)cc(C)c3)n2)n1)c1cc(C)cc(C)c1,ARCHIVE_STRUCTURE,1,N-(3-5-dimethylphenyl)-6-[6-[(3-5-dimethylphenyl)-ethylcarbamoyl]-2-pyridinyl]-N-ethylpyridine-2-carboxamide|14|14,,,organic_extractant:14,organic_extractant,name_consensus:14,1,14,14,14,1,0,True,506.65,6.7107,6.7107,66.4,0,4,7,38,1,0,C32H34N4O2,ASKISMLRZRPEPD-UHFFFAOYSA-N,ASKISMLRZRPEPD,2,0,0,0,0,0,0,0,0,2,0,0,0,0,0,0,0,0,0,4,4,1,0,pyridine_carboxamide|n_heterocyclic|polyamide_other,,2026-09-15.1,1,,,NOT_CURATED: no literature pKa entered (never fabricated),,80 294 378 388 471 488 650 783 807 855 860 875 881 888 932 980 1039 1057 1088 1096 1100 1209 1221 1225 1248 1380 1495 1722 1750 1823 1851 1855 1873 1917 1953
cmp_5aaf02dc53,STRUCTURE,N-(2-5-dimethylphenyl)-6-[6-[(2-5-dimethylphenyl)-ethylcarbamoyl]-2-pyridinyl]-N-ethylpyridine-2-carboxamide,MODEL_ROWS,pyridine_carboxamide,pyridine_carboxamide,UNIQUE,UNIQUE,False,pyridine_carboxamide,SOFT_N_DONOR,FAMILY:pyridine_carboxamide,NEUTRAL,pyridine_carboxamide,pyridine_carboxamide,SOFT_N_DONOR,NEUTRAL,False,False,CCN(C(=O)c1cccc(-c2cccc(C(=O)N(CC)c3cc(C)ccc3C)n2)n1)c1cc(C)ccc1C,CCN(C(=O)c1cccc(-c2cccc(C(=O)N(CC)c3cc(C)ccc3C)n2)n1)c1cc(C)ccc1C,ARCHIVE_STRUCTURE,1,N-(2-5-dimethylphenyl)-6-[6-[(2-5-dimethylphenyl)-ethylcarbamoyl]-2-pyridinyl]-N-ethylpyridine-2-carboxamide|14|14,,,organic_extractant:14,organic_extractant,name_consensus:14,1,14,14,14,1,0,True,506.65,6.7107,6.7107,66.4,0,4,7,38,1,0,C32H34N4O2,BNKPOTVRINVBDS-UHFFFAOYSA-N,BNKPOTVRINVBDS,2,0,0,0,0,0,0,0,0,2,0,0,0,0,0,0,0,0,0,4,4,1,0,pyridine_carboxamide|n_heterocyclic|polyamide_other,,2026-09-15.1,1,,,NOT_CURATED: no literature pKa entered (never fabricated),,80 235 294 378 471 488 650 783 807 855 868 875 881 932 970 980 1013 1039 1057 1059 1088 1100 1221 1225 1248 1380 1391 1495 1691 1722 1750 1823 1851 1855 1873 1917 2018 2037
cmp_0eae1770cb,STRUCTURE,N-(2-4-dimethylphenyl)-6-[6-[(2-4-dimethylphenyl)-ethylcarbamoyl]-2-pyridinyl]-N-ethylpyridine-2-carboxamide,MODEL_ROWS,pyridine_carboxamide,pyridine_carboxamide,UNIQUE,UNIQUE,False,pyridine_carboxamide,SOFT_N_DONOR,FAMILY:pyridine_carboxamide,NEUTRAL,pyridine_carboxamide,pyridine_carboxamide,SOFT_N_DONOR,NEUTRAL,False,False,CCN(C(=O)c1cccc(-c2cccc(C(=O)N(CC)c3ccc(C)cc3C)n2)n1)c1ccc(C)cc1C,CCN(C(=O)c1cccc(-c2cccc(C(=O)N(CC)c3ccc(C)cc3C)n2)n1)c1ccc(C)cc1C,ARCHIVE_STRUCTURE,1,N-(2-4-dimethylphenyl)-6-[6-[(2-4-dimethylphenyl)-ethylcarbamoyl]-2-pyridinyl]-N-ethylpyridine-2-carboxamide|14|14,,,organic_extractant:14,organic_extractant,name_consensus:14,1,14,14,14,1,0,True,506.65,6.7107,6.7107,66.4,0,4,7,38,1,0,C32H34N4O2,DLAHYUGMODAYOU-UHFFFAOYSA-N,DLAHYUGMODAYOU,2,0,0,0,0,0,0,0,0,2,0,0,0,0,0,0,0,0,0,4,4,1,0,pyridine_carboxamide|n_heterocyclic|polyamide_other,,2026-09-15.1,1,,,NOT_CURATED: no literature pKa entered (never fabricated),,46 80 204 235 294 378 471 488 650 783 807 855 875 881 932 980 1013 1039 1057 1059 1088 1100 1221 1225 1237 1248 1292 1380 1391 1495 1722 1750 1823 1851 1855 1873 1917 2018
cmp_76912d020e,STRUCTURE,N-ethyl-6-[6-[ethyl(phenyl)carbamoyl]-2-pyridinyl]-N-phenylpyridine-2-carboxamide,MODEL_ROWS,pyridine_carboxamide,pyridine_carboxamide,UNIQUE,UNIQUE,False,pyridine_carboxamide,SOFT_N_DONOR,FAMILY:pyridine_carboxamide,NEUTRAL,pyridine_carboxamide,pyridine_carboxamide,SOFT_N_DONOR,NEUTRAL,False,False,CCN(C(=O)c1cccc(-c2cccc(C(=O)N(CC)c3ccccc3)n2)n1)c1ccccc1,CCN(C(=O)c1cccc(-c2cccc(C(=O)N(CC)c3ccccc3)n2)n1)c1ccccc1,ARCHIVE_STRUCTURE,1,N-ethyl-6-[6-[ethyl(phenyl)carbamoyl]-2-pyridinyl]-N-phenylpyridine-2-carboxamide|14|14,,,organic_extractant:14,organic_extractant,name_consensus:14,1,14,14,14,1,0,True,450.542,5.477,5.477,66.4,0,4,7,34,1,0,C28H26N4O2,SVQUBZHABUJZAD-UHFFFAOYSA-N,SVQUBZHABUJZAD,2,0,0,0,0,0,0,0,0,2,0,0,0,0,0,0,0,0,0,4,4,1,0,pyridine_carboxamide|n_heterocyclic|polyamide_other,,2026-09-15.1,1,,,NOT_CURATED: no literature pKa entered (never fabricated),,80 288 294 378 389 471 488 650 741 783 807 855 881 932 980 1039 1057 1088 1096 1100 1199 1209 1221 1225 1248 1380 1495 1750 1851 1855 1873 1917
cmp_c5e353e31b,STRUCTURE,2-N-6-N-diethyl-2-N-6-N-bis(4-methylphenyl)pyridine-2-6-dicarboxamide,MODEL_ROWS,pyridine_carboxamide,pyridine_carboxamide,UNIQUE,UNIQUE,False,pyridine_carboxamide,SOFT_N_DONOR,FAMILY:pyridine_carboxamide,NEUTRAL,pyridine_carboxamide,pyridine_carboxamide,SOFT_N_DONOR,NEUTRAL,False,False,CCN(C(=O)c1cccc(C(=O)N(CC)c2ccc(C)cc2)n1)c1ccc(C)cc1,CCN(C(=O)c1cccc(C(=O)N(CC)c2ccc(C)cc2)n1)c1ccc(C)cc1,ARCHIVE_STRUCTURE,1,2-N-6-N-diethyl-2-N-6-N-bis(4-methylphenyl)pyridine-2-6-dicarboxamide|14|14,,,organic_extractant:14,organic_extractant,name_consensus:14,1,14,14,14,1,0,True,401.51,5.0318,5.0318,53.51,0,3,6,30,1,0,C25H27N3O2,UKONYWHRXCJZJA-UHFFFAOYSA-N,UKONYWHRXCJZJA,2,0,0,0,0,0,0,0,0,1,0,0,0,0,0,0,0,0,0,3,3,1,0,pyridine_carboxamide|n_heterocyclic|polyamide_other,,2026-09-15.1,1,,,NOT_CURATED: no literature pKa entered (never fabricated),,80 235 294 378 471 488 555 650 741 783 807 855 881 932 960 1039 1057 1088 1096 1100 1209 1221 1380 1495 1722 1750 1823 1855 1873 1917 1920
cmp_952442d821,STRUCTURE,2-N-6-N-diethyl-2-N-6-N-bis(3-methylphenyl)pyridine-2-6-dicarboxamide,MODEL_ROWS,pyridine_carboxamide,pyridine_carboxamide,UNIQUE,UNIQUE,False,pyridine_carboxamide,SOFT_N_DONOR,FAMILY:pyridine_carboxamide,NEUTRAL,pyridine_carboxamide,pyridine_carboxamide,SOFT_N_DONOR,NEUTRAL,False,False,CCN(C(=O)c1cccc(C(=O)N(CC)c2cccc(C)c2)n1)c1cccc(C)c1,CCN(C(=O)c1cccc(C(=O)N(CC)c2cccc(C)c2)n1)c1cccc(C)c1,ARCHIVE_STRUCTURE,1,2-N-6-N-diethyl-2-N-6-N-bis(3-methylphenyl)pyridine-2-6-dicarboxamide|14|14,,,organic_extractant:14,organic_extractant,name_consensus:14,1,14,14,14,1,0,True,401.51,5.0318,5.0318,53.51,0,3,6,30,1,0,C25H27N3O2,GSXFZDSGTWLUBJ-UHFFFAOYSA-N,GSXFZDSGTWLUBJ,2,0,0,0,0,0,0,0,0,1,0,0,0,0,0,0,0,0,0,3,3,1,0,pyridine_carboxamide|n_heterocyclic|polyamide_other,,2026-09-15.1,1,,,NOT_CURATED: no literature pKa entered (never fabricated),,80 288 294 378 471 488 555 650 783 807 855 860 875 881 932 1013 1039 1055 1057 1088 1096 1100 1209 1221 1380 1495 1722 1750 1823 1855 1873 1896 1917
cmp_6a5854313c,STRUCTURE,2-N-6-N-diethyl-2-N-6-N-bis(2-methylphenyl)pyridine-2-6-dicarboxamide,MODEL_ROWS,pyridine_carboxamide,pyridine_carboxamide,UNIQUE,UNIQUE,False,pyridine_carboxamide,SOFT_N_DONOR,FAMILY:pyridine_carboxamide,NEUTRAL,pyridine_carboxamide,pyridine_carboxamide,SOFT_N_DONOR,NEUTRAL,False,False,CCN(C(=O)c1cccc(C(=O)N(CC)c2ccccc2C)n1)c1ccccc1C,CCN(C(=O)c1cccc(C(=O)N(CC)c2ccccc2C)n1)c1ccccc1C,ARCHIVE_STRUCTURE,1,2-N-6-N-diethyl-2-N-6-N-bis(2-methylphenyl)pyridine-2-6-dicarboxamide|14|14,,,organic_extractant:14,organic_extractant,name_consensus:14,1,14,14,14,1,0,True,401.51,5.0318,5.0318,53.51,0,3,6,30,1,0,C25H27N3O2,JKRJGXFDMPZALM-UHFFFAOYSA-N,JKRJGXFDMPZALM,2,0,0,0,0,0,0,0,0,1,0,0,0,0,0,0,0,0,0,3,3,1,0,pyridine_carboxamide|n_heterocyclic|polyamide_other,,2026-09-15.1,1,,,NOT_CURATED: no literature pKa entered (never fabricated),,80 294 378 471 488 555 650 783 807 855 868 881 932 1039 1057 1059 1088 1100 1199 1221 1237 1362 1380 1391 1495 1722 1750 1855 1873 1917 1999 2018
cmp_a141c2219c,STRUCTURE,2-N-9-N-diethyl-2-N-9-N-bis(4-ethylphenyl)-1-10-phenanthroline-2-9-dicarboxamide,MODEL_ROWS,pyridine_carboxamide,pyridine_carboxamide,UNIQUE,UNIQUE,False,pyridine_carboxamide,SOFT_N_DONOR,FAMILY:pyridine_carboxamide,NEUTRAL,pyridine_carboxamide,pyridine_carboxamide,SOFT_N_DONOR,NEUTRAL,False,False,CCc1ccc(N(CC)C(=O)c2ccc3ccc4ccc(C(=O)N(CC)c5ccc(CC)cc5)nc4c3n2)cc1,CCc1ccc(N(CC)C(=O)c2ccc3ccc4ccc(C(=O)N(CC)c5ccc(CC)cc5)nc4c3n2)cc1,ARCHIVE_STRUCTURE,1,2-N-9-N-diethyl-2-N-9-N-bis(4-ethylphenyl)-1-10-phenanthroline-2-9-dicarboxamide|14|14,,,organic_extractant:14,organic_extractant,name_consensus:14,1,14,14,14,1,0,True,530.672,7.2412,7.2412,66.4,0,4,8,40,1,0,C34H34N4O2,KJIWDRXDHBPXJD-UHFFFAOYSA-N,KJIWDRXDHBPXJD,2,0,0,0,0,0,0,0,0,2,0,0,0,0,0,0,0,0,0,4,4,1,0,pyridine_carboxamide|n_heterocyclic|polyamide_other,,2026-09-15.1,1,,,NOT_CURATED: no literature pKa entered (never fabricated),,80 145 203 294 310 378 449 463 488 650 741 783 807 850 855 881 932 960 1057 1096 1100 1203 1209 1221 1380 1495 1724 1750 1754 1799 1855 1873 1874 1917
cmp_95925b2935,STRUCTURE,N-N-dimethyl-N-N-diphenylpropanediamide,MODEL_ROWS,malonamide,malonamide,UNIQUE,UNIQUE,False,malonamide,NEUTRAL_SOLVATING,FAMILY:malonamide,NEUTRAL,malonamide,malonamide,NEUTRAL_SOLVATING,NEUTRAL,False,False,CN(C(=O)CC(=O)N(C)c1ccccc1)c1ccccc1,CN(C(=O)CC(=O)N(C)c1ccccc1)c1ccccc1,ARCHIVE_STRUCTURE,1,N-N-dimethyl-N-N-diphenylpropanediamide|14|14,,,organic_extractant:14,organic_extractant,name_consensus:14,1,14,14,14,1,0,True,282.343,2.7025,2.7025,40.62,0,2,4,21,1,0,C17H18N2O2,HFVHOHNNXRSOBQ-UHFFFAOYSA-N,HFVHOHNNXRSOBQ,2,0,0,0,0,0,0,0,0,0,0,0,0,0,0,0,0,0,0,2,2,1,0,malonamide|polyamide_other,,2026-09-15.1,1,,,NOT_CURATED: no literature pKa entered (never fabricated),,54 80 288 389 419 650 807 881 1057 1088 1096 1152 1163 1199 1238 1380 1407 1589 1706 1750 1873 1917
cmp_a1557e4cad,STRUCTURE,TEtOMeDGA,MODEL_ROWS,hydrophilic_aqueous_agent,diglycolamide,UNIQUE,UNIQUE,False,diglycolamide,NEUTRAL_SOLVATING,FAMILY:diglycolamide,NEUTRAL,hydrophilic_aqueous_agent,diglycolamide,NEUTRAL_SOLVATING,NEUTRAL,True,False,COCCN(CCOC)C(=O)COCC(=O)N(CCOC)CCOC,COCCN(CCOC)C(=O)COCC(=O)N(CCOC)CCOC,ARCHIVE_STRUCTURE,1,TEtOMeDGA|14|14,,,organic_extractant:14,organic_extractant,name_consensus:14,1,14,14,14,1,0,True,364.439,-0.7542,-0.7542,86.77,0,7,16,25,1,0,C16H32N2O7,DRXHWAJLKSDUDZ-UHFFFAOYSA-N,DRXHWAJLKSDUDZ,2,0,0,5,0,0,0,0,0,0,0,0,0,0,0,0,0,0,0,7,3,1,0,hydrophilic_aqueous_agent|diglycolamide|polyamide_other,hydrophilic_aqueous_agent,2026-09-15.1,1,,,NOT_CURATED: no literature pKa entered (never fabricated),,13 80 466 486 650 695 807 841 881 978 1005 1057 1238 1271 1442 1454 1598 1614 1917 1951 1992 2004
cmp_a02d43d5c0,STRUCTURE,DPiperidineDGA,MODEL_ROWS,diglycolamide,diglycolamide,UNIQUE,UNIQUE,False,diglycolamide,NEUTRAL_SOLVATING,FAMILY:diglycolamide,NEUTRAL,diglycolamide,diglycolamide,NEUTRAL_SOLVATING,NEUTRAL,False,False,O=C(COCC(=O)N1CCCCC1)N1CCCCC1,O=C(COCC(=O)N1CCCCC1)N1CCCCC1,ARCHIVE_STRUCTURE,1,DPiperidineDGA|14|14,,,organic_extractant:14,organic_extractant,name_consensus:14,1,14,14,14,1,0,True,268.357,1.028,1.028,49.85,0,3,4,19,1,0,C14H24N2O3,RCQPVDHLHVTUKE-UHFFFAOYSA-N,RCQPVDHLHVTUKE,2,0,0,1,0,0,0,0,0,0,0,0,0,0,0,0,0,0,0,3,3,1,0,diglycolamide|polyamide_other,,2026-09-15.1,1,,,NOT_CURATED: no literature pKa entered (never fabricated),,2 80 222 369 650 695 760 807 926 935 1009 1028 1454 1480 1917 1923 1992 1998 2004 2009
cmp_a240223867,STRUCTURE,DODDdDGA,MODEL_ROWS,diglycolamide,diglycolamide,UNIQUE,UNIQUE,False,diglycolamide,NEUTRAL_SOLVATING,FAMILY:diglycolamide,NEUTRAL,diglycolamide,diglycolamide,NEUTRAL_SOLVATING,NEUTRAL,False,False,CCCCCCCCCCCCN(CCCCCCCC)C(=O)COCC(=O)N(CCCCCCCC)CCCCCCCCCCCC,CCCCCCCCCCCCN(CCCCCCCC)C(=O)COCC(=O)N(CCCCCCCC)CCCCCCCCCCCC,ARCHIVE_STRUCTURE,1,DODDdDGA|13|13,,,organic_extractant:13,organic_extractant,name_consensus:13,1,13,13,13,1,0,True,693.199,13.223,13.223,49.85,0,3,40,49,1,0,C44H88N2O3,HKMGJHLLYJCPEK-UHFFFAOYSA-N,HKMGJHLLYJCPEK,2,0,0,1,0,0,0,0,0,0,0,0,0,0,0,0,0,0,0,3,3,1,0,diglycolamide|polyamide_other,,2026-09-15.1,1,,,NOT_CURATED: no literature pKa entered (never fabricated),,80 294 591 650 695 794 807 881 978 1057 1143 1238 1271 1272 1442 1444 1454 1598 1669 1911 1917 1951 1992 2004
cmp_b9ef3e7fd2,STRUCTURE,TDGA,FALLBACK_NO_ACCEPTED_NAME,hydrophilic_aqueous_agent,carboxylic_acid,NAME_STRUCTURE_CONFLICT,AMBIGUOUS,True,carboxylic_acid|sulfur_donor_other,ACIDIC_CATION_EXCHANGE,FAMILY:carboxylic_acid,ACIDIC,hydrophilic_aqueous_agent,carboxylic_acid,ACIDIC_CATION_EXCHANGE,ACIDIC,True,False,O=C(O)CSCC(=O)O,O=C(O)CSCC(=O)O,ARCHIVE_STRUCTURE,1,TDGA|13|13,TDGA:NAME_STRUCTURE_CHECK_FAILED:DGA_NAME_REQUIRES_DIGLYCOLYL,DGA_NAME_REQUIRES_DIGLYCOLYL,organic_extractant:13,organic_extractant,name_consensus:13,1,13,13,13,1,0,True,150.155,-0.1112,-0.1112,74.6,2,3,4,9,1,0,C4H6O4S,UVZICZIVKIMRNE-UHFFFAOYSA-N,UVZICZIVKIMRNE,0,0,0,0,0,0,0,0,0,0,0,0,0,0,1,0,0,0,2,3,3,1,2,hydrophilic_aqueous_agent|carboxylic_acid|sulfur_donor_other,hydrophilic_aqueous_agent,2026-09-15.1,1,,,NOT_CURATED: no literature pKa entered (never fabricated),FAMILY_AMBIGUOUS|HAS_REJECTED_NAMES|CANONICAL_NAME_FALLBACK|NAME_STRUCTURE_CONFLICT,80 116 389 429 650 807 883 953 1420 1737 1917 1959
cmp_e1c1f224c7,STRUCTURE,CyMe4-BTPhen,MODEL_ROWS,n_heterocyclic,n_heterocyclic,UNIQUE,UNIQUE,False,n_heterocyclic,SOFT_N_DONOR,FAMILY:n_heterocyclic,NEUTRAL,n_heterocyclic,n_heterocyclic,SOFT_N_DONOR,NEUTRAL,False,False,CC1(C)CCC(C)(C)c2nc(-c3ccc4ccc5ccc(-c6nnc7c(n6)C(C)(C)CCC7(C)C)nc5c4n3)nnc21,CC1(C)CCC(C)(C)c2nc(-c3ccc4ccc5ccc(-c6nnc7c(n6)C(C)(C)CCC7(C)C)nc5c4n3)nnc21,ARCHIVE_STRUCTURE,1,CyMe4-BTPhen|12|12,,,organic_extractant:12,organic_extractant,name_consensus:12,1,12,12,12,1,12,True,558.734,7.185,7.185,103.12,0,8,2,42,1,0,C34H38N8,GFQVTGCFMNWLNU-UHFFFAOYSA-N,GFQVTGCFMNWLNU,0,0,0,0,0,0,0,0,0,2,6,0,0,0,0,0,0,0,0,4,4,1,0,n_heterocyclic,,2026-09-15.1,1,,,NOT_CURATED: no literature pKa entered (never fabricated),,24 130 203 257 378 449 473 798 926 943 953 980 1025 1057 1060 1066 1103 1130 1162 1164 1274 1380 1384 1385 1683 1724 1750 1855 1873 1874
cmp_1fddfa3d23,STRUCTURE,2-bromohexanoic acid,MODEL_ROWS,carboxylic_acid,carboxylic_acid,UNIQUE,UNIQUE,False,carboxylic_acid,ACIDIC_CATION_EXCHANGE,FAMILY:carboxylic_acid,ACIDIC,carboxylic_acid,carboxylic_acid,ACIDIC_CATION_EXCHANGE,ACIDIC,False,False,CCCCC(Br)C(=O)O,CCCCC(Br)C(=O)O,ARCHIVE_STRUCTURE,1,2-bromohexanoic acid|12|12,,,organic_extractant:12,organic_extractant,positional_smiles:12,1,12,12,12,1,12,True,195.056,2.0247,2.0247,37.3,1,1,4,9,1,0,C6H11BrO2,HZTPKMIMXLTOSK-UHFFFAOYSA-N,HZTPKMIMXLTOSK,0,0,0,0,0,0,0,0,0,0,0,0,0,0,0,0,0,0,1,1,1,0,1,carboxylic_acid,,2026-09-15.1,1,,,NOT_CURATED: no literature pKa entered (never fabricated),,1 80 190 294 389 591 606 650 728 739 794 807 1057 1103 1328 1700 1740 1844 1911 1917
cmp_0a0e65f62b,STRUCTURE,DMDBTDMA,MODEL_ROWS,malonamide,malonamide,UNIQUE,UNIQUE,False,malonamide,NEUTRAL_SOLVATING,FAMILY:malonamide,NEUTRAL,malonamide,malonamide,NEUTRAL_SOLVATING,NEUTRAL,False,False,CCCCCCCCCCCCCCC(C(=O)N(C)CCCC)C(=O)N(C)CCCC,CCCCCCCCCCCCCCC(C(=O)N(C)CCCC)C(=O)N(C)CCCC,ARCHIVE_STRUCTURE,1,DMDBTDMA|12|12,,,organic_extractant:12,organic_extractant,name_consensus:12,1,12,12,12,1,0,True,438.741,7.2108,7.2108,40.62,0,2,21,31,1,0,C27H54N2O2,QDRPSHIVUBISGI-UHFFFAOYSA-N,QDRPSHIVUBISGI,2,0,0,0,0,0,0,0,0,0,0,0,0,0,0,0,0,0,0,2,2,1,0,malonamide|polyamide_other,,2026-09-15.1,1,,,NOT_CURATED: no literature pKa entered (never fabricated),,1 80 83 185 255 294 334 348 460 591 650 739 794 807 881 1057 1143 1163 1283 1444 1534 1652 1687 1911 1917 1951
cmp_3696f09815,STRUCTURE,3-Me-N-DP(DOM)P,MODEL_ROWS,n_heterocyclic,n_heterocyclic,UNIQUE,UNIQUE,False,n_heterocyclic,SOFT_N_DONOR,FAMILY:n_heterocyclic,NEUTRAL,n_heterocyclic,n_heterocyclic,SOFT_N_DONOR,NEUTRAL,False,False,CCCCCCCCCCCCOCc1cc(-n2ccc(C)n2)nc(-n2ccc(C)n2)c1,CCCCCCCCCCCCOCc1cc(-n2ccc(C)n2)nc(-n2ccc(C)n2)c1,ARCHIVE_STRUCTURE,1,3-Me-N-DP(DOM)P|12|12,,,organic_extractant:12,organic_extractant,positional_smiles:8; name_consensus:4,1,12,12,12,1,12,True,437.632,6.5073,6.5073,57.76,0,4,15,32,1,0,C26H39N5O,OMTCZIQPJKCWCJ-UHFFFAOYSA-N,OMTCZIQPJKCWCJ,0,0,0,1,0,0,0,0,0,3,0,0,0,0,0,0,0,0,0,4,3,1,0,n_heterocyclic,,2026-09-15.1,1,,,NOT_CURATED: no literature pKa entered (never fabricated),,13 80 191 294 378 488 527 591 632 639 680 695 745 794 875 935 1045 1057 1101 1143 1249 1325 1380 1397 1444 1455 1643 1679 1710 1722 1731 1750 1754 1855 1873 1911 1956 1977 1992
cmp_6b08d6dc33,STRUCTURE,DOiBA,MODEL_ROWS,monoamide,monoamide,UNIQUE,UNIQUE,False,monoamide,NEUTRAL_SOLVATING,FAMILY:monoamide,NEUTRAL,monoamide,monoamide,NEUTRAL_SOLVATING,NEUTRAL,False,False,CCCCCCCCN(CCCCCCCC)C(=O)C(C)C,CCCCCCCCN(CCCCCCCC)C(=O)C(C)C,ARCHIVE_STRUCTURE,1,DOiBA|12|12,,,organic_extractant:12,organic_extractant,name_consensus:12,1,12,12,12,1,0,True,311.554,6.192,6.192,20.31,0,1,15,22,1,0,C20H41NO,BJAXAJXLQZSAMF-UHFFFAOYSA-N,BJAXAJXLQZSAMF,1,0,0,0,0,0,0,0,0,0,0,0,0,0,0,0,0,0,0,1,1,0,0,monoamide,,2026-09-15.1,1,,,NOT_CURATED: no literature pKa entered (never fabricated),,1 80 235 283 294 460 591 650 794 807 881 978 1057 1143 1180 1272 1349 1444 1669 1911 1917 1951 2023
cmp_2bcf447a77,STRUCTURE,TWE-36,MODEL_ROWS,amide_phosphoryl_hybrid,amide_phosphoryl_hybrid,UNIQUE,UNIQUE,False,amide_phosphoryl_hybrid,NEUTRAL_SOLVATING,FAMILY:amide_phosphoryl_hybrid,BASIC,amide_phosphoryl_hybrid,amide_phosphoryl_hybrid,NEUTRAL_SOLVATING,BASIC,False,False,CCCCCCCCN(CCCCCCCC)C(=O)CNCP(=O)(CCCC)CCCC,CCCCCCCCN(CCCCCCCC)C(=O)CNCP(=O)(CCCC)CCCC,ARCHIVE_STRUCTURE,1,TWE-36|12|12,,,organic_extractant:12,organic_extractant,name_consensus:12,1,12,12,12,1,12,True,472.739,8.0464,8.0464,49.41,1,3,24,32,1,0,C27H57N2O2P,BWNVHJQSPWMHBU-UHFFFAOYSA-N,BWNVHJQSPWMHBU,1,0,0,0,1,0,0,0,0,0,0,0,1,0,0,0,0,0,0,3,3,1,0,amide_phosphoryl_hybrid|phosphine_oxide|monoamide|amine_basic,,2026-09-15.1,1,,,NOT_CURATED: no literature pKa entered (never fabricated),,80 192 294 486 523 562 591 650 794 807 881 969 978 1004 1057 1143 1152 1214 1238 1258 1272 1312 1336 1416 1440 1442 1444 1669 1796 1911 1917 1951 1995
cmp_b18cedd89d,STRUCTURE,TWE-35,MODEL_ROWS,amide_phosphoryl_hybrid,amide_phosphoryl_hybrid,UNIQUE,UNIQUE,False,amide_phosphoryl_hybrid,NEUTRAL_SOLVATING,FAMILY:amide_phosphoryl_hybrid,BASIC,amide_phosphoryl_hybrid,amide_phosphoryl_hybrid,NEUTRAL_SOLVATING,BASIC,False,False,CCCCCCCCN(CCCCCCCC)C(=O)CNCP(=O)(OCCCC)OCCCC,CCCCCCCCN(CCCCCCCC)C(=O)CNCP(=O)(OCCCC)OCCCC,ARCHIVE_STRUCTURE,1,TWE-35|12|12,,,organic_extractant:12,organic_extractant,name_consensus:12,1,12,12,12,1,12,True,504.737,7.9096,7.9096,67.87,1,5,26,34,1,0,C27H57N2O4P,JTMHIKMDMJDHLG-UHFFFAOYSA-N,JTMHIKMDMJDHLG,1,0,0,0,1,0,0,0,0,0,0,0,1,0,0,0,0,0,0,3,3,1,0,amide_phosphoryl_hybrid|phosphonate_phosphinate_neutral|monoamide|amine_basic,,2026-09-15.1,1,,,NOT_CURATED: no literature pKa entered (never fabricated),,13 80 192 294 486 523 554 562 591 650 695 718 794 807 881 978 1004 1057 1143 1152 1238 1257 1272 1336 1352 1440 1442 1444 1545 1669 1716 1796 1877 1911 1917 1951
cmp_c52ecea6da,STRUCTURE,DOpipDGA,MODEL_ROWS,diglycolamide,diglycolamide,UNIQUE,UNIQUE,False,diglycolamide,NEUTRAL_SOLVATING,FAMILY:diglycolamide,NEUTRAL,diglycolamide,diglycolamide,NEUTRAL_SOLVATING,NEUTRAL,False,False,CCCCCCCCN(CCCCCCCC)C(=O)COCC(=O)N1CCCCC1,CCCCCCCCN(CCCCCCCC)C(=O)COCC(=O)N1CCCCC1,ARCHIVE_STRUCTURE,1,DOpipDGA|12|12,,,organic_extractant:12,organic_extractant,name_consensus:12,1,12,12,12,1,0,True,424.67,5.5651,5.5651,49.85,0,3,18,30,1,0,C25H48N2O3,DXSVBRXFCKMXOG-UHFFFAOYSA-N,DXSVBRXFCKMXOG,2,0,0,1,0,0,0,0,0,0,0,0,0,0,0,0,0,0,0,3,3,1,0,diglycolamide|polyamide_other,,2026-09-15.1,1,,,NOT_CURATED: no literature pKa entered (never fabricated),,2 80 222 294 369 591 650 695 760 794 807 881 926 935 978 1009 1028 1057 1143 1238 1271 1272 1442 1444 1454 1480 1598 1669 1911 1917 1923 1951 1992 1998 2004 2009
cmp_a3aee59dc8,STRUCTURE,DOmorDGA,MODEL_ROWS,diglycolamide,diglycolamide,UNIQUE,UNIQUE,False,diglycolamide,NEUTRAL_SOLVATING,FAMILY:diglycolamide,NEUTRAL,diglycolamide,diglycolamide,NEUTRAL_SOLVATING,NEUTRAL,False,False,CCCCCCCCN(CCCCCCCC)C(=O)COCC(=O)N1CCOCC1,CCCCCCCCN(CCCCCCCC)C(=O)COCC(=O)N1CCOCC1,ARCHIVE_STRUCTURE,1,DOmorDGA|12|12,,,organic_extractant:12,organic_extractant,name_consensus:12,1,12,12,12,1,0,True,426.642,4.4114,4.4114,59.08,0,4,18,30,1,0,C24H46N2O4,PGZASICNGYAXAM-UHFFFAOYSA-N,PGZASICNGYAXAM,2,0,0,2,0,0,0,0,0,0,0,0,0,0,0,0,0,0,0,4,3,1,0,diglycolamide|polyamide_other,,2026-09-15.1,1,,,NOT_CURATED: no literature pKa entered (never fabricated),,11 80 222 294 523 591 650 656 695 760 794 807 881 926 935 950 978 1009 1057 1143 1238 1271 1272 1405 1441 1442 1444 1454 1480 1598 1669 1911 1917 1923 1951 1992 2004 2009
cmp_c75ce5a294,STRUCTURE,TWE-34,MODEL_ROWS,amide_phosphoryl_hybrid,amide_phosphoryl_hybrid,UNIQUE,UNIQUE,False,amide_phosphoryl_hybrid,NEUTRAL_SOLVATING,FAMILY:amide_phosphoryl_hybrid,NEUTRAL,amide_phosphoryl_hybrid,amide_phosphoryl_hybrid,NEUTRAL_SOLVATING,NEUTRAL,False,False,CCCCCCCCN(CCCCCCCC)C(=O)COCP(=O)(CCCC)CCCC,CCCCCCCCN(CCCCCCCC)C(=O)COCP(=O)(CCCC)CCCC,ARCHIVE_STRUCTURE,1,TWE-34|12|12,,,organic_extractant:12,organic_extractant,name_consensus:12,1,12,12,12,1,12,True,473.723,8.4734,8.4734,46.61,0,3,24,32,1,0,C27H56NO3P,YZEJSNGDFJZTDP-UHFFFAOYSA-N,YZEJSNGDFJZTDP,1,0,0,1,1,0,0,0,0,0,0,0,0,0,0,0,0,0,0,3,3,1,0,amide_phosphoryl_hybrid|phosphine_oxide|monoamide,,2026-09-15.1,1,,,NOT_CURATED: no literature pKa entered (never fabricated),,80 192 220 294 362 445 486 591 650 695 794 807 881 969 978 1057 1143 1214 1238 1271 1272 1416 1442 1444 1516 1598 1669 1911 1917 1951 1992 1995 2004
cmp_dbb34e1d36,STRUCTURE,TWE-33,MODEL_ROWS,amide_phosphoryl_hybrid,amide_phosphoryl_hybrid,UNIQUE,UNIQUE,False,amide_phosphoryl_hybrid,NEUTRAL_SOLVATING,FAMILY:amide_phosphoryl_hybrid,NEUTRAL,amide_phosphoryl_hybrid,amide_phosphoryl_hybrid,NEUTRAL_SOLVATING,NEUTRAL,False,False,CCCCCCCCN(CCCCCCCC)C(=O)COCP(=O)(OCCCC)OCCCC,CCCCCCCCN(CCCCCCCC)C(=O)COCP(=O)(OCCCC)OCCCC,ARCHIVE_STRUCTURE,1,TWE-33|12|12,,,organic_extractant:12,organic_extractant,name_consensus:12,1,12,12,12,1,12,True,505.721,8.3366,8.3366,65.07,0,5,26,34,1,0,C27H56NO5P,KMZZLHCNTNHHGK-UHFFFAOYSA-N,KMZZLHCNTNHHGK,1,0,0,1,1,0,0,0,0,0,0,0,0,0,0,0,0,0,0,3,3,1,0,amide_phosphoryl_hybrid|phosphonate_phosphinate_neutral|monoamide,,2026-09-15.1,1,,,NOT_CURATED: no literature pKa entered (never fabricated),,13 80 192 294 445 486 591 650 695 696 718 794 807 881 978 1057 1143 1238 1271 1272 1352 1442 1444 1516 1545 1598 1669 1716 1877 1911 1917 1951 1992 2004
cmp_6cdd1712a7,STRUCTURE,DBPVA,MODEL_ROWS,monoamide,monoamide,UNIQUE,UNIQUE,False,monoamide,NEUTRAL_SOLVATING,FAMILY:monoamide,NEUTRAL,monoamide,monoamide,NEUTRAL_SOLVATING,NEUTRAL,False,False,CCCCN(CCCC)C(=O)C(C)(C)C,CCCCN(CCCC)C(=O)C(C)(C)C,ARCHIVE_STRUCTURE,1,DBPVA|12|12,,,organic_extractant:12,organic_extractant,name_consensus:12,1,12,12,12,1,0,True,213.365,3.4613,3.4613,20.31,0,1,6,15,1,0,C13H27NO,BLSDBULMVZFPPN-UHFFFAOYSA-N,BLSDBULMVZFPPN,1,0,0,0,0,0,0,0,0,0,0,0,0,0,0,0,0,0,0,1,1,0,0,monoamide,,2026-09-15.1,1,,,NOT_CURATED: no literature pKa entered (never fabricated),,80 114 270 294 348 392 586 591 650 794 807 881 978 1057 1272 1478 1911 1917 1933 1951 2046
cmp_cb86697626,STRUCTURE,TWE-29,MODEL_ROWS,sulfur_donor_other,sulfur_donor_other,UNIQUE,UNIQUE,False,sulfur_donor_other,NEUTRAL_SOLVATING,FAMILY:sulfur_donor_other,NEUTRAL,sulfur_donor_other,sulfur_donor_other,NEUTRAL_SOLVATING,NEUTRAL,False,False,CCCCOP(=S)(COCP(=S)(OCCCC)OCCCC)OCCCC,CCCCOP(=S)(COCP(=S)(OCCCC)OCCCC)OCCCC,ARCHIVE_STRUCTURE,1,TWE-29|12|12,,,organic_extractant:12,organic_extractant,name_consensus:12,1,12,12,12,1,12,True,462.595,6.8038,6.8038,46.15,0,7,20,27,1,0,C18H40O5P2S2,NMZRUGHKVYOYMY-UHFFFAOYSA-N,NMZRUGHKVYOYMY,0,0,0,1,0,0,2,0,0,0,0,0,0,0,0,0,0,0,0,3,3,1,0,sulfur_donor_other,,2026-09-15.1,1,,,NOT_CURATED: no literature pKa entered (never fabricated),,13 80 97 118 192 294 445 591 695 718 794 911 1030 1057 1352 1716 1729 1783 1911 1992 2028
cmp_bceed7e59c,STRUCTURE,TWE-24,MODEL_ROWS,sulfur_donor_other,sulfur_donor_other,UNIQUE,UNIQUE,False,sulfur_donor_other,NEUTRAL_SOLVATING,FAMILY:sulfur_donor_other,NEUTRAL,sulfur_donor_other,sulfur_donor_other,NEUTRAL_SOLVATING,NEUTRAL,False,False,CCCCOP(=S)(CP(=S)(OCCCC)OCCCC)OCCCC,CCCCOP(=S)(CP(=S)(OCCCC)OCCCC)OCCCC,ARCHIVE_STRUCTURE,1,TWE-24|12|12,,,organic_extractant:12,organic_extractant,name_consensus:12,1,12,12,12,1,12,True,432.569,6.8297,6.8297,36.92,0,6,18,25,1,0,C17H38O4P2S2,USNGKJVKKUDUHS-UHFFFAOYSA-N,USNGKJVKKUDUHS,0,0,0,0,0,0,2,0,0,0,0,0,0,0,0,0,0,0,0,2,2,1,0,sulfur_donor_other,,2026-09-15.1,1,,,NOT_CURATED: no literature pKa entered (never fabricated),,13 80 97 118 192 294 550 591 695 718 794 1057 1162 1352 1716 1729 1783 1911 1915
cmp_6fe350e763,STRUCTURE,TWE-27,MODEL_ROWS,sulfur_donor_other,sulfur_donor_other,UNIQUE,UNIQUE,False,sulfur_donor_other,NEUTRAL_SOLVATING,FAMILY:sulfur_donor_other,NEUTRAL,sulfur_donor_other,sulfur_donor_other,NEUTRAL_SOLVATING,NEUTRAL,False,False,CCCCP(=S)(CCCC)COCP(=S)(CCCC)CCCC,CCCCP(=S)(CCCC)COCP(=S)(CCCC)CCCC,ARCHIVE_STRUCTURE,1,TWE-27|12|12,,,organic_extractant:12,organic_extractant,name_consensus:12,1,12,12,12,1,12,True,398.599,7.0774,7.0774,9.23,0,3,16,23,1,0,C18H40OP2S2,VAOORLIDZUWVPK-UHFFFAOYSA-N,VAOORLIDZUWVPK,0,0,0,1,0,0,2,0,0,0,0,0,0,0,0,0,0,0,0,3,3,1,0,sulfur_donor_other,,2026-09-15.1,1,,,NOT_CURATED: no literature pKa entered (never fabricated),,80 97 192 294 310 445 527 591 695 794 911 1057 1416 1729 1911 1946 1992 1995 2009
cmp_3b3426154a,STRUCTURE,TWE-23,MODEL_ROWS,sulfur_donor_other,sulfur_donor_other,UNIQUE,UNIQUE,False,sulfur_donor_other,NEUTRAL_SOLVATING,FAMILY:sulfur_donor_other,NEUTRAL,sulfur_donor_other,sulfur_donor_other,NEUTRAL_SOLVATING,NEUTRAL,False,False,CCCCP(=S)(CCCC)CP(=S)(CCCC)CCCC,CCCCP(=S)(CCCC)CP(=S)(CCCC)CCCC,ARCHIVE_STRUCTURE,1,TWE-23|12|12,,,organic_extractant:12,organic_extractant,name_consensus:12,1,12,12,12,1,12,True,368.573,7.1033,7.1033,0,0,2,14,21,1,0,C17H38P2S2,SUZUFTCUKCLENY-UHFFFAOYSA-N,SUZUFTCUKCLENY,0,0,0,0,0,0,2,0,0,0,0,0,0,0,0,0,0,0,0,2,2,1,0,sulfur_donor_other,,2026-09-15.1,1,,,NOT_CURATED: no literature pKa entered (never fabricated),,80 97 192 294 310 591 794 1057 1306 1416 1438 1729 1911 1915 1995 2009
cmp_3bcebdccc2,STRUCTURE,TWE-28,MODEL_ROWS,sulfur_donor_other,sulfur_donor_other,UNIQUE,UNIQUE,False,sulfur_donor_other,NEUTRAL_SOLVATING,FAMILY:sulfur_donor_other,NEUTRAL,sulfur_donor_other,sulfur_donor_other,NEUTRAL_SOLVATING,NEUTRAL,False,False,CCOP(=S)(COCP(=S)(OCC)OCC)OCC,CCOP(=S)(COCP(=S)(OCC)OCC)OCC,ARCHIVE_STRUCTURE,1,TWE-28|12|12,,,organic_extractant:12,organic_extractant,name_consensus:12,1,12,12,12,1,12,True,350.379,3.683,3.683,46.15,0,7,12,19,1,0,C10H24O5P2S2,ZFLLANKVAJCAKG-UHFFFAOYSA-N,ZFLLANKVAJCAKG,0,0,0,1,0,0,2,0,0,0,0,0,0,0,0,0,0,0,0,3,3,1,0,sulfur_donor_other,,2026-09-15.1,1,,,NOT_CURATED: no literature pKa entered (never fabricated),,80 97 118 192 294 445 686 695 911 1030 1057 1203 1238 1716 1729 1992 2028
cmp_4b221a7bab,STRUCTURE,3-5-diMe-N-DPP,MODEL_ROWS,n_heterocyclic,n_heterocyclic,UNIQUE,UNIQUE,False,n_heterocyclic,SOFT_N_DONOR,FAMILY:n_heterocyclic,NEUTRAL,n_heterocyclic,n_heterocyclic,SOFT_N_DONOR,NEUTRAL,False,False,Cc1cc(C)n(-c2cccc(-n3nc(C)cc3C)n2)n1,Cc1cc(C)n(-c2cccc(-n3nc(C)cc3C)n2)n1,ARCHIVE_STRUCTURE,1,3-5-diMe-N-DPP|12|12,,,organic_extractant:12,organic_extractant,name_consensus:12,1,12,12,12,1,12,True,267.336,2.6867,2.6867,48.53,0,3,2,20,1,0,C15H17N5,NUSDWFJXOBDGNV-UHFFFAOYSA-N,NUSDWFJXOBDGNV,0,0,0,0,0,0,0,0,0,3,0,0,0,0,0,0,0,0,0,3,3,1,0,n_heterocyclic,,2026-09-15.1,1,,,NOT_CURATED: no literature pKa entered (never fabricated),,378 491 527 815 875 879 883 935 1017 1039 1057 1088 1109 1363 1380 1632 1722 1731 1750 1852 1855 1873 1956 1977
cmp_d8dd4b997d,STRUCTURE,,NO_NAME,hydrophilic_aqueous_agent,polyamide_other,UNIQUE,UNIQUE,False,polyamide_other,NEUTRAL_SOLVATING,FAMILY:polyamide_other,NEUTRAL,hydrophilic_aqueous_agent,polyamide_other,NEUTRAL_SOLVATING,NEUTRAL,True,False,O=C(CC(O)(CC(=O)N(CCO)CCO)C(=O)N(CCO)CCO)N(CCO)CCO,O=C(CC(O)(CC(=O)N(CCO)CCO)C(=O)N(CCO)CCO)N(CCO)CCO,ARCHIVE_STRUCTURE,0,,,,aqueous_holdback:12,aqueous_holdback,archive:12,1,12,12,12,1,12,True,453.489,-5.0627,-5.0627,202.54,7,10,17,31,1,0,C18H35N3O10,IMNKCXBUOLRZNL-UHFFFAOYSA-N,IMNKCXBUOLRZNL,3,0,0,0,0,0,0,0,7,0,0,0,0,0,0,0,0,0,0,10,4,1,0,hydrophilic_aqueous_agent|polyamide_other,hydrophilic_aqueous_agent,2026-09-15.1,1,,,NOT_CURATED: no literature pKa entered (never fabricated),,28 80 114 137 141 222 465 473 586 650 807 881 922 978 1045 1061 1137 1238 1442 1908 1917 1951 2046
cmp_39aeabcef5,STRUCTURE,DTPA,MODEL_ROWS,hydrophilic_aqueous_agent,aminopolycarboxylic_acid,UNIQUE,UNIQUE,False,aminopolycarboxylic_acid,CHELATING,FAMILY:aminopolycarboxylic_acid,ACIDIC,hydrophilic_aqueous_agent,aminopolycarboxylic_acid,CHELATING,ACIDIC,True,False,O=C(O)CN(CCN(CC(=O)O)CC(=O)O)CCN(CC(=O)O)CC(=O)O,O=C(O)CN(CCN(CC(=O)O)CC(=O)O)CCN(CC(=O)O)CC(=O)O,ARCHIVE_STRUCTURE,1,DTPA|12|12,,,aqueous_complexant:12,aqueous_complexant,archive:12,1,12,12,12,1,0,True,393.349,-2.6846,-2.6846,196.22,5,8,16,27,1,0,C14H23N3O10,QPCDCPDFJACHGM-UHFFFAOYSA-N,QPCDCPDFJACHGM,0,0,0,0,0,0,0,0,0,0,0,3,0,0,0,0,0,0,5,8,8,1,5,hydrophilic_aqueous_agent|aminopolycarboxylic_acid|carboxylic_acid|amine_basic,hydrophilic_aqueous_agent,2026-09-15.1,2,,,NOT_CURATED: no literature pKa entered (never fabricated),SHARES_PARENT_WITH_OTHER_CANONICAL_SMILES,80 251 389 605 650 807 881 890 1034 1190 1410 1539 1737 1917 1951
cmp_f9f897115c,STRUCTURE,2PQM,MODEL_ROWS,n_heterocyclic,n_heterocyclic,UNIQUE,UNIQUE,False,n_heterocyclic,SOFT_N_DONOR,FAMILY:n_heterocyclic,NEUTRAL,n_heterocyclic,n_heterocyclic,SOFT_N_DONOR,NEUTRAL,False,False,O=C(c1ccccc1)c1ccc2ccccc2n1,O=C(c1ccccc1)c1ccc2ccccc2n1,ARCHIVE_STRUCTURE,1,2PQM|12|12,,,organic_extractant:12,organic_extractant,name_consensus:12,1,12,12,12,1,12,True,233.27,3.4658,3.4658,29.96,0,2,2,18,1,0,C16H11NO,RVBRBIGCROOWOI-UHFFFAOYSA-N,RVBRBIGCROOWOI,0,0,1,0,0,0,0,0,0,1,0,0,0,0,0,0,0,0,0,2,2,1,0,n_heterocyclic,,2026-09-15.1,1,,,NOT_CURATED: no literature pKa entered (never fabricated),,9 203 289 378 389 650 807 855 1087 1088 1097 1178 1180 1199 1203 1380 1385 1434 1750 1775 1855 1873 1900 1917 1951 1985
cmp_fe60c99e61,STRUCTURE,,NO_NAME,hydrophilic_aqueous_agent,n_heterocyclic,UNIQUE,UNIQUE,False,n_heterocyclic,SOFT_N_DONOR,FAMILY:n_heterocyclic,NEUTRAL,hydrophilic_aqueous_agent,n_heterocyclic,SOFT_N_DONOR,NEUTRAL,True,False,OCCCn1cc(-c2cccc(-c3cnn(CCCO)n3)n2)nn1,OCCCn1cc(-c2cccc(-c3cnn(CCCO)n3)n2)nn1,ARCHIVE_STRUCTURE,0,,,,aqueous_holdback:12,aqueous_holdback,archive:12,1,12,12,12,1,12,True,329.364,0.3634,0.3634,114.77,2,7,8,24,1,0,C15H19N7O2,OQXNZMYNQOIIMY-UHFFFAOYSA-N,OQXNZMYNQOIIMY,0,0,0,0,0,0,0,0,2,5,0,0,0,0,0,0,0,0,0,5,3,1,0,hydrophilic_aqueous_agent|n_heterocyclic,hydrophilic_aqueous_agent,2026-09-15.1,1,,,NOT_CURATED: no literature pKa entered (never fabricated),,43 80 111 192 222 378 464 473 493 534 640 747 781 807 821 935 980 1034 1039 1088 1130 1141 1145 1160 1164 1220 1225 1257 1380 1418 1535 1616 1689 1750 1783 1851 1855 1873 1911 1956
cmp_4f2eb636ec,STRUCTURE,TWE-30,MODEL_ROWS,sulfur_donor_other,sulfur_donor_other,UNIQUE,UNIQUE,False,sulfur_donor_other,NEUTRAL_SOLVATING,FAMILY:sulfur_donor_other,NEUTRAL,sulfur_donor_other,sulfur_donor_other,NEUTRAL_SOLVATING,NEUTRAL,False,False,S=P(COCP(=S)(c1ccccc1)c1ccccc1)(c1ccccc1)c1ccccc1,S=P(COCP(=S)(c1ccccc1)c1ccccc1)(c1ccccc1)c1ccccc1,ARCHIVE_STRUCTURE,1,TWE-30|12|12,,,organic_extractant:12,organic_extractant,name_consensus:12,1,12,12,12,1,12,True,478.559,5.179,5.179,9.23,0,3,8,31,1,0,C26H24OP2S2,JTDDMUCMVWKCGK-UHFFFAOYSA-N,JTDDMUCMVWKCGK,0,0,0,1,0,0,2,0,0,0,0,0,0,0,0,0,0,0,0,3,3,1,0,sulfur_donor_other,,2026-09-15.1,1,,,NOT_CURATED: no literature pKa entered (never fabricated),,80 93 97 192 389 443 445 507 695 843 911 1088 1199 1380 1633 1729 1750 1873 1966 1992
cmp_a362e2e1ac,STRUCTURE,DEHDoDA,MODEL_ROWS,monoamide,monoamide,UNIQUE,UNIQUE,False,monoamide,NEUTRAL_SOLVATING,FAMILY:monoamide,NEUTRAL,monoamide,monoamide,NEUTRAL_SOLVATING,NEUTRAL,False,False,CCCCCCCCCCCC(=O)N(CC(CC)CCCC)CC(CC)CCCC,CCCCCCCCCCCC(=O)N(CC(CC)CCCC)CC(CC)CCCC,ARCHIVE_STRUCTURE,1,DEHDoDA|11|11,,,organic_extractant:11,organic_extractant,name_consensus:11,1,11,11,11,1,0,True,423.77,9.1687,9.1687,20.31,0,1,22,30,1,0,C28H57NO,BQPYURWARALCMU-UHFFFAOYSA-N,BQPYURWARALCMU,1,0,0,0,0,0,0,0,0,0,0,0,0,0,0,0,0,0,0,1,1,0,0,monoamide,,2026-09-15.1,1,,,NOT_CURATED: no literature pKa entered (never fabricated),,1 9 80 205 294 486 591 619 650 739 794 807 881 904 978 1004 1057 1143 1218 1238 1267 1328 1420 1444 1544 1564 1860 1911 1917
cmp_38afcc9ff7,STRUCTURE,DODoDA,ALL_ROWS,monoamide,monoamide,UNIQUE,UNIQUE,False,monoamide,NEUTRAL_SOLVATING,FAMILY:monoamide,NEUTRAL,monoamide,monoamide,NEUTRAL_SOLVATING,NEUTRAL,False,False,CCCCCCCCCCCC(=O)N(CCCCCCCC)CCCCCCCC,CCCCCCCCCCCC(=O)N(CCCCCCCC)CCCCCCCC,ARCHIVE_STRUCTURE,1,DODoDA|11|0,,,organic_extractant:11,organic_extractant,name_consensus:11,1,11,11,0,1,0,True,423.77,9.4569,9.4569,20.31,0,1,24,30,1,0,C28H57NO,LZWMAPKYXNPGMX-UHFFFAOYSA-N,LZWMAPKYXNPGMX,1,0,0,0,0,0,0,0,0,0,0,0,0,0,0,0,0,0,0,1,1,0,0,monoamide,,2026-09-15.1,1,,,NOT_CURATED: no literature pKa entered (never fabricated),,80 294 486 591 619 650 794 807 881 978 1057 1143 1238 1267 1272 1442 1444 1564 1669 1911 1917 1951
cmp_c5ffeb2b0e,STRUCTURE,Et-Me-TDDGA-Anti,MODEL_ROWS,diglycolamide,diglycolamide,UNIQUE,UNIQUE,False,diglycolamide,NEUTRAL_SOLVATING,FAMILY:diglycolamide,NEUTRAL,diglycolamide,diglycolamide,NEUTRAL_SOLVATING,NEUTRAL,False,False,CCCCCCCCCCN(CCCCCCCCCC)C(=O)[C@H](C)O[C@@H](CC)C(=O)N(CCCCCCCCCC)CCCCCCCCCC,CCCCCCCCCCN(CCCCCCCCCC)C(=O)[C@H](C)O[C@@H](CC)C(=O)N(CCCCCCCCCC)CCCCCCCCCC,ARCHIVE_STRUCTURE,1,Et-Me-TDDGA-Anti|11|11,,,organic_extractant:11,organic_extractant,name_consensus:11,1,11,11,11,1,0,True,735.28,14.3901,14.3901,49.85,0,3,41,52,1,0,C47H94N2O3,QDGUMFAZAOAUOP-GSVOJQHPSA-N,QDGUMFAZAOAUOP,2,0,0,1,0,0,0,0,0,0,0,0,0,0,0,0,0,0,0,3,3,1,0,diglycolamide|polyamide_other,,2026-09-15.1,2,,,NOT_CURATED: no literature pKa entered (never fabricated),SHARES_PARENT_WITH_OTHER_CANONICAL_SMILES,1 80 283 294 460 487 591 618 650 695 780 794 806 807 881 978 1051 1057 1143 1180 1269 1272 1444 1512 1544 1669 1895 1911 1917 1951
cmp_e63296a636,STRUCTURE,p-TODGA-Anti,MODEL_ROWS,diglycolamide,diglycolamide,UNIQUE,UNIQUE,False,diglycolamide,NEUTRAL_SOLVATING,FAMILY:diglycolamide,NEUTRAL,diglycolamide,diglycolamide,NEUTRAL_SOLVATING,NEUTRAL,False,False,CCCCCCCCN(CCCCCCCC)C(=O)[C@H](CCC)O[C@@H](CCC)C(=O)N(CCCCCCCC)CCCCCCCC,CCCCCCCCN(CCCCCCCC)C(=O)[C@H](CCC)O[C@@H](CCC)C(=O)N(CCCCCCCC)CCCCCCCC,ARCHIVE_STRUCTURE,1,p-TODGA-Anti|11|11,,,organic_extractant:11,organic_extractant,name_consensus:11,1,11,11,11,1,0,True,665.145,12.4396,12.4396,49.85,0,3,36,47,1,0,C42H84N2O3,HTPVMKILKGUXQW-ZAQUEYBZSA-N,HTPVMKILKGUXQW,2,0,0,1,0,0,0,0,0,0,0,0,0,0,0,0,0,0,0,3,3,1,0,diglycolamide|polyamide_other,,2026-09-15.1,2,,,NOT_CURATED: no literature pKa entered (never fabricated),SHARES_PARENT_WITH_OTHER_CANONICAL_SMILES,1 59 80 254 294 460 487 591 650 695 739 794 806 807 881 978 1057 1143 1180 1272 1444 1669 1691 1824 1911 1917 1951
cmp_a11b1e7645,STRUCTURE,Cy5-O-Me4-BTBP,MODEL_ROWS,n_heterocyclic,n_heterocyclic,UNIQUE,UNIQUE,False,n_heterocyclic,SOFT_N_DONOR,FAMILY:n_heterocyclic,NEUTRAL,n_heterocyclic,n_heterocyclic,SOFT_N_DONOR,NEUTRAL,False,False,CC1(C)OC(C)(C)c2nc(-c3cccc(-c4cccc(-c5nnc6c(n5)C(C)(C)OC6(C)C)n4)n3)nnc21,CC1(C)OC(C)(C)c2nc(-c3cccc(-c4cccc(-c5nnc6c(n5)C(C)(C)OC6(C)C)n4)n3)nnc21,ARCHIVE_STRUCTURE,1,Cy5-O-Me4-BTBP|10|10,,,organic_extractant:10,organic_extractant,name_consensus:10,1,10,10,10,1,10,True,510.602,4.8484,4.8484,121.58,0,10,3,38,1,0,C28H30N8O2,QSLMPNWEHJLXFM-UHFFFAOYSA-N,QSLMPNWEHJLXFM,0,0,0,2,0,0,0,0,0,2,6,0,0,0,0,0,0,0,0,6,6,1,0,n_heterocyclic,,2026-09-15.1,1,,,NOT_CURATED: no literature pKa entered (never fabricated),,24 130 264 324 378 569 656 943 957 980 1039 1057 1060 1088 1103 1130 1164 1225 1257 1274 1380 1384 1385 1396 1730 1750 1851 1855 1873
cmp_cc2e4c7e00,STRUCTURE,DBDoDA,ALL_ROWS,monoamide,monoamide,UNIQUE,UNIQUE,False,monoamide,NEUTRAL_SOLVATING,FAMILY:monoamide,NEUTRAL,monoamide,monoamide,NEUTRAL_SOLVATING,NEUTRAL,False,False,CCCCCCCCCCCC(=O)N(CCCC)CCCC,CCCCCCCCCCCC(=O)N(CCCC)CCCC,ARCHIVE_STRUCTURE,1,DBDoDA|10|0,,,organic_extractant:10,organic_extractant,name_consensus:10,1,10,10,0,1,0,True,311.554,6.3361,6.3361,20.31,0,1,16,22,1,0,C20H41NO,MFARGUPPFBTESX-UHFFFAOYSA-N,MFARGUPPFBTESX,1,0,0,0,0,0,0,0,0,0,0,0,0,0,0,0,0,0,0,1,1,0,0,monoamide,,2026-09-15.1,1,,,NOT_CURATED: no literature pKa entered (never fabricated),,80 294 348 486 591 619 650 794 807 881 978 1057 1143 1238 1267 1272 1442 1444 1564 1911 1917 1951
cmp_daa1b8909d,STRUCTURE,DO-PyranDGA,MODEL_ROWS,polyamide_other,polyamide_other,UNIQUE,UNIQUE,False,polyamide_other,NEUTRAL_SOLVATING,FAMILY:polyamide_other,NEUTRAL,polyamide_other,polyamide_other,NEUTRAL_SOLVATING,NEUTRAL,False,False,CCCCCCCCCCCCNC(=O)c1cc(=O)cc(C(=O)NCCCCCCCCCCCC)o1,CCCCCCCCCCCCNC(=O)c1cc(=O)cc(C(=O)NCCCCCCCCCCCC)o1,ARCHIVE_STRUCTURE,1,DO-PyranDGA|10|6,,,organic_extractant:10,organic_extractant,name_consensus:10,1,10,10,6,1,0,True,518.783,7.9412,7.9412,88.41,2,4,24,37,1,0,C31H54N2O4,YKNQXMRKJGAJAJ-UHFFFAOYSA-N,YKNQXMRKJGAJAJ,2,0,1,1,0,0,0,0,0,0,0,0,0,0,0,0,0,0,0,4,3,1,0,polyamide_other,,2026-09-15.1,1,,,NOT_CURATED: no literature pKa entered (never fabricated),,8 80 197 294 314 486 591 592 650 654 656 667 794 807 875 946 1030 1057 1143 1152 1250 1289 1380 1444 1576 1604 1754 1873 1876 1911 1917
cmp_ef8a71a3d4,STRUCTURE,LLL14,MODEL_ROWS,diglycolamide,diglycolamide,UNIQUE,UNIQUE,False,diglycolamide,NEUTRAL_SOLVATING,FAMILY:diglycolamide,NEUTRAL,diglycolamide,diglycolamide,NEUTRAL_SOLVATING,NEUTRAL,False,False,CCCCCCCCN(CCCCCCCC)C(=O)C1CCC(C(=O)N(CCCCCCCC)CCCCCCCC)O1,CCCCCCCCN(CCCCCCCC)C(=O)C1CCC(C(=O)N(CCCCCCCC)CCCCCCCC)O1,ARCHIVE_STRUCTURE,1,LLL14|10|10,,,organic_extractant:10,organic_extractant,name_consensus:10,1,10,10,10,1,0,True,607.021,10.6332,10.6332,49.85,0,3,30,43,1,0,C38H74N2O3,OGYFOYRTVGOBRB-UHFFFAOYSA-N,OGYFOYRTVGOBRB,2,0,0,1,0,0,0,0,0,0,0,0,0,0,0,0,0,0,0,3,3,1,0,diglycolamide|polyamide_other,,2026-09-15.1,1,,,NOT_CURATED: no literature pKa entered (never fabricated),,80 294 591 650 656 794 807 881 926 978 1019 1057 1143 1172 1272 1300 1325 1348 1444 1669 1815 1858 1863 1884 1911 1917 1921 1951
cmp_3af30cc644,STRUCTURE,DOBA,MODEL_ROWS,monoamide,monoamide,UNIQUE,UNIQUE,False,monoamide,NEUTRAL_SOLVATING,FAMILY:monoamide,NEUTRAL,monoamide,monoamide,NEUTRAL_SOLVATING,NEUTRAL,False,False,CCCCCCCCN(CCCCCCCC)C(=O)CCC,CCCCCCCCN(CCCCCCCC)C(=O)CCC,ARCHIVE_STRUCTURE,1,DOBA|10|10,,,organic_extractant:10,organic_extractant,name_consensus:10,1,10,10,10,1,0,True,311.554,6.3361,6.3361,20.31,0,1,16,22,1,0,C20H41NO,YTHTWWXHLQCJRN-UHFFFAOYSA-N,YTHTWWXHLQCJRN,1,0,0,0,0,0,0,0,0,0,0,0,0,0,0,0,0,0,0,1,1,0,0,monoamide,,2026-09-15.1,1,,,NOT_CURATED: no literature pKa entered (never fabricated),,80 294 486 591 650 794 807 881 978 1057 1143 1238 1272 1357 1442 1444 1564 1669 1830 1911 1917 1951
cmp_31b15560f9,STRUCTURE,EsPyTri,MODEL_ROWS,n_heterocyclic,n_heterocyclic,UNIQUE,UNIQUE,False,n_heterocyclic,SOFT_N_DONOR,FAMILY:n_heterocyclic,ACIDIC,n_heterocyclic,n_heterocyclic,SOFT_N_DONOR,ACIDIC,False,False,CCCCCCCCn1cc(-c2cc(CC(=O)O)cc(-c3cn(CCCCCCCC)nn3)n2)nn1,CCCCCCCCn1cc(-c2cc(CC(=O)O)cc(-c3cn(CCCCCCCC)nn3)n2)nn1,ARCHIVE_STRUCTURE,1,EsPyTri|10|10,,,organic_extractant:10,organic_extractant,name_consensus:10,1,10,10,10,1,10,True,495.672,5.9467,5.9467,111.61,1,6,18,36,1,0,C27H41N7O2,GJNIZRRSUFBMEN-UHFFFAOYSA-N,GJNIZRRSUFBMEN,0,0,0,0,0,0,0,0,0,5,0,0,0,0,0,0,0,0,1,4,3,1,1,carboxylic_acid|n_heterocyclic,,2026-09-15.1,1,,,NOT_CURATED: no literature pKa entered (never fabricated),,80 192 294 325 378 389 464 591 650 673 684 747 781 794 807 821 875 893 914 935 980 1004 1057 1141 1143 1145 1164 1230 1257 1380 1418 1444 1689 1737 1754 1783 1855 1873 1911 1917
cmp_300238800d,STRUCTURE,dihexyl hydrogen phosphate,MODEL_ROWS,phosphoric_acid,phosphoric_acid,UNIQUE,UNIQUE,False,phosphoric_acid,ACIDIC_CATION_EXCHANGE,FAMILY:phosphoric_acid,ACIDIC,phosphoric_acid,phosphoric_acid,ACIDIC_CATION_EXCHANGE,ACIDIC,False,False,CCCCCCOP(=O)(O)OCCCCCC,CCCCCCOP(=O)(O)OCCCCCC,ARCHIVE_STRUCTURE,1,dihexyl hydrogen phosphate|10|10,,,organic_extractant:10,organic_extractant,name_consensus:10,1,10,10,10,1,0,True,266.318,4.2806,4.2806,55.76,1,3,12,17,1,0,C12H27O4P,HUDSKKNIXMSHSZ-UHFFFAOYSA-N,HUDSKKNIXMSHSZ,0,0,0,0,1,1,0,0,0,0,0,0,0,0,0,0,0,0,0,1,1,0,1,phosphoric_acid,,2026-09-15.1,1,,,NOT_CURATED: no literature pKa entered (never fabricated),,13 80 192 294 486 591 650 695 794 807 874 896 980 1057 1143 1249 1352 1444 1716 1838 1911
cmp_5ceb239a57,STRUCTURE,TWE-20,FALLBACK_NO_ACCEPTED_NAME_TIE,hydrophilic_aqueous_agent,diglycolamide,UNIQUE,UNIQUE,False,diglycolamide,NEUTRAL_SOLVATING,FAMILY:diglycolamide,NEUTRAL,hydrophilic_aqueous_agent,diglycolamide,NEUTRAL_SOLVATING,NEUTRAL,True,False,O=C(COCC(=O)N(CCOCCOCCO)CCOCCOCCO)N(CCOCCOCCO)CCOCCOCCO,O=C(COCC(=O)N(CCOCCOCCO)CCOCCOCCO)N(CCOCCOCCO)CCOCCOCCO,ARCHIVE_STRUCTURE,10,TWE-20|1|1; TWE-21|1|1; TWE-22|1|1; TWE-23|1|1; TWE-24|1|1; TWE-25|1|1; TWE-26|1|1; TWE-27|1|1; TWE-28|1|1; TWE-29|1|1,TWE-20:NAME_OWNED_BY_OTHER_STRUCTURE; TWE-21:NAME_OWNED_BY_OTHER_STRUCTURE; TWE-22:NAME_OWNED_BY_OTHER_STRUCTURE; TWE-23:NAME_OWNED_BY_OTHER_STRUCTURE; TWE-24:NAME_OWNED_BY_OTHER_STRUCTURE; TWE-25:NAME_OWNED_BY_OTHER_STRUCTURE; TWE-26:NAME_OWNED_BY_OTHER_STRUCTURE; TWE-27:NAME_OWNED_BY_OTHER_STRUCTURE; TWE-28:NAME_OWNED_BY_OTHER_STRUCTURE; TWE-29:NAME_OWNED_BY_OTHER_STRUCTURE,,organic_extractant:10,organic_extractant,positional_smiles:10,1,10,10,10,1,10,True,660.755,-3.2378,-3.2378,204.61,4,15,36,45,1,0,C28H56N2O15,UFBNURUEWJPUAE-UHFFFAOYSA-N,UFBNURUEWJPUAE,2,0,0,9,0,0,0,0,4,0,0,0,0,0,0,0,0,0,0,15,3,5,0,hydrophilic_aqueous_agent|diglycolamide|podand_ether|polyamide_other,hydrophilic_aqueous_agent,2026-09-15.1,1,,,NOT_CURATED: no literature pKa entered (never fabricated),MULTIPLE_NAMES|HAS_REJECTED_NAMES|CANONICAL_NAME_FALLBACK,13 80 222 473 650 691 695 807 881 978 1069 1238 1271 1339 1369 1442 1454 1598 1614 1649 1917 1951 1992 2004
cmp_cfde2e3c8d,STRUCTURE,DiBBA,MODEL_ROWS,monoamide,monoamide,UNIQUE,UNIQUE,False,monoamide,NEUTRAL_SOLVATING,FAMILY:monoamide,NEUTRAL,monoamide,monoamide,NEUTRAL_SOLVATING,NEUTRAL,False,False,CCCC(=O)N(CC(C)C)CC(C)C,CCCC(=O)N(CC(C)C)CC(C)C,ARCHIVE_STRUCTURE,1,DiBBA|9|9,,,organic_extractant:9,organic_extractant,name_consensus:9,1,9,9,9,1,0,True,199.338,2.9271,2.9271,20.31,0,1,6,14,1,0,C12H25NO,ZLDDRTXRHCTWQB-UHFFFAOYSA-N,ZLDDRTXRHCTWQB,1,0,0,0,0,0,0,0,0,0,0,0,0,0,0,0,0,0,0,1,1,0,0,monoamide,,2026-09-15.1,1,,,NOT_CURATED: no literature pKa entered (never fabricated),,1 9 80 192 283 294 486 650 794 807 877 881 978 1057 1238 1357 1564 1830 1847 1860 1917
cmp_fc4e7546e8,STRUCTURE,2-hexyl-N-N-dimethyl-N-N-dioctylpropanediamide,MODEL_ROWS,malonamide,malonamide,UNIQUE,UNIQUE,False,malonamide,NEUTRAL_SOLVATING,FAMILY:malonamide,NEUTRAL,malonamide,malonamide,NEUTRAL_SOLVATING,NEUTRAL,False,False,CCCCCCCCN(C)C(=O)C(CCCCCC)C(=O)N(C)CCCCCCCC,CCCCCCCCN(C)C(=O)C(CCCCCC)C(=O)N(C)CCCCCCCC,ARCHIVE_STRUCTURE,1,2-hexyl-N-N-dimethyl-N-N-dioctylpropanediamide|9|9,,,organic_extractant:9,organic_extractant,name_consensus:9,1,9,9,9,1,0,True,438.741,7.2108,7.2108,40.62,0,2,21,31,1,0,C27H54N2O2,BKLYPTAJJXPCPT-UHFFFAOYSA-N,BKLYPTAJJXPCPT,2,0,0,0,0,0,0,0,0,0,0,0,0,0,0,0,0,0,0,2,2,1,0,malonamide|polyamide_other,,2026-09-15.1,1,,,NOT_CURATED: no literature pKa entered (never fabricated),,1 80 83 185 255 294 334 460 591 650 739 794 807 881 1057 1143 1163 1283 1444 1534 1652 1669 1687 1911 1917 1951
cmp_49d02a2ef7,STRUCTURE,N-N-dimethyl-N-N-dioctylpropanediamide,MODEL_ROWS,malonamide,malonamide,UNIQUE,UNIQUE,False,malonamide,NEUTRAL_SOLVATING,FAMILY:malonamide,NEUTRAL,malonamide,malonamide,NEUTRAL_SOLVATING,NEUTRAL,False,False,CCCCCCCCN(C)C(=O)CC(=O)N(C)CCCCCCCC,CCCCCCCCN(C)C(=O)CC(=O)N(C)CCCCCCCC,ARCHIVE_STRUCTURE,1,N-N-dimethyl-N-N-dioctylpropanediamide|9|9,,,organic_extractant:9,organic_extractant,name_consensus:9,1,9,9,9,1,0,True,354.579,5.0143,5.0143,40.62,0,2,16,25,1,0,C21H42N2O2,UBGCCBQQNSSDHM-UHFFFAOYSA-N,UBGCCBQQNSSDHM,2,0,0,0,0,0,0,0,0,0,0,0,0,0,0,0,0,0,0,2,2,1,0,malonamide|polyamide_other,,2026-09-15.1,1,,,NOT_CURATED: no literature pKa entered (never fabricated),,80 294 334 591 593 650 794 807 881 1057 1143 1152 1163 1237 1238 1407 1444 1652 1669 1911 1917 1951
cmp_b0a7d78e9c,STRUCTURE,N-N-N-N-tetraoctylpropanediamide,MODEL_ROWS,malonamide,malonamide,UNIQUE,UNIQUE,False,malonamide,NEUTRAL_SOLVATING,FAMILY:malonamide,NEUTRAL,malonamide,malonamide,NEUTRAL_SOLVATING,NEUTRAL,False,False,CCCCCCCCN(CCCCCCCC)C(=O)CC(=O)N(CCCCCCCC)CCCCCCCC,CCCCCCCCN(CCCCCCCC)C(=O)CC(=O)N(CCCCCCCC)CCCCCCCC,ARCHIVE_STRUCTURE,1,N-N-N-N-tetraoctylpropanediamide|9|9,,,organic_extractant:9,organic_extractant,name_consensus:9,1,9,9,9,1,0,True,550.957,10.4757,10.4757,40.62,0,2,30,39,1,0,C35H70N2O2,GAJFDARXKQIKEX-UHFFFAOYSA-N,GAJFDARXKQIKEX,2,0,0,0,0,0,0,0,0,0,0,0,0,0,0,0,0,0,0,2,2,1,0,malonamide|polyamide_other,,2026-09-15.1,1,,,NOT_CURATED: no literature pKa entered (never fabricated),,80 294 591 650 794 807 881 978 1057 1143 1152 1238 1272 1407 1442 1444 1669 1911 1917 1951 1952
cmp_cf74c2b57a,STRUCTURE,N-N-dihexyl-N-N-dimethylpropanediamide,MODEL_ROWS,malonamide,malonamide,UNIQUE,UNIQUE,False,malonamide,NEUTRAL_SOLVATING,FAMILY:malonamide,NEUTRAL,malonamide,malonamide,NEUTRAL_SOLVATING,NEUTRAL,False,False,CCCCCCN(C)C(=O)CC(=O)N(C)CCCCCC,CCCCCCN(C)C(=O)CC(=O)N(C)CCCCCC,ARCHIVE_STRUCTURE,1,N-N-dihexyl-N-N-dimethylpropanediamide|9|9,,,organic_extractant:9,organic_extractant,name_consensus:9,1,9,9,9,1,0,True,298.471,3.4539,3.4539,40.62,0,2,12,21,1,0,C17H34N2O2,JNQPKASLXOHIRC-UHFFFAOYSA-N,JNQPKASLXOHIRC,2,0,0,0,0,0,0,0,0,0,0,0,0,0,0,0,0,0,0,2,2,1,0,malonamide|polyamide_other,,2026-09-15.1,1,,,NOT_CURATED: no literature pKa entered (never fabricated),,80 294 334 591 593 650 794 807 881 1057 1143 1152 1163 1237 1238 1407 1444 1652 1669 1911 1917 1951
cmp_a6bd37a20a,STRUCTURE,N-N-N-N-tetrahexylpropanediamide,MODEL_ROWS,malonamide,malonamide,UNIQUE,UNIQUE,False,malonamide,NEUTRAL_SOLVATING,FAMILY:malonamide,NEUTRAL,malonamide,malonamide,NEUTRAL_SOLVATING,NEUTRAL,False,False,CCCCCCN(CCCCCC)C(=O)CC(=O)N(CCCCCC)CCCCCC,CCCCCCN(CCCCCC)C(=O)CC(=O)N(CCCCCC)CCCCCC,ARCHIVE_STRUCTURE,1,N-N-N-N-tetrahexylpropanediamide|9|9,,,organic_extractant:9,organic_extractant,name_consensus:9,1,9,9,9,1,0,True,438.741,7.3549,7.3549,40.62,0,2,22,31,1,0,C27H54N2O2,NJIIDYSZCQGUKI-UHFFFAOYSA-N,NJIIDYSZCQGUKI,2,0,0,0,0,0,0,0,0,0,0,0,0,0,0,0,0,0,0,2,2,1,0,malonamide|polyamide_other,,2026-09-15.1,1,,,NOT_CURATED: no literature pKa entered (never fabricated),,80 294 591 650 794 807 881 978 1057 1143 1152 1238 1272 1407 1442 1444 1669 1911 1917 1951 1952
cmp_2b44227e41,STRUCTURE,DHpipDGA,MODEL_ROWS,diglycolamide,diglycolamide,UNIQUE,UNIQUE,False,diglycolamide,NEUTRAL_SOLVATING,FAMILY:diglycolamide,NEUTRAL,diglycolamide,diglycolamide,NEUTRAL_SOLVATING,NEUTRAL,False,False,CCCCCCN(CCCCCC)C(=O)COCC(=O)N1CCCCC1,CCCCCCN(CCCCCC)C(=O)COCC(=O)N1CCCCC1,ARCHIVE_STRUCTURE,1,DHpipDGA|9|8,,,organic_extractant:9,organic_extractant,name_consensus:9,1,9,9,8,1,0,True,368.562,4.0047,4.0047,49.85,0,3,14,26,1,0,C21H40N2O3,QXCNGRMIBGGKEP-UHFFFAOYSA-N,QXCNGRMIBGGKEP,2,0,0,1,0,0,0,0,0,0,0,0,0,0,0,0,0,0,0,3,3,1,0,diglycolamide|polyamide_other,,2026-09-15.1,1,,,NOT_CURATED: no literature pKa entered (never fabricated),,2 80 222 294 369 591 650 695 760 794 807 881 926 935 978 1009 1028 1057 1143 1238 1271 1272 1442 1444 1454 1480 1598 1669 1911 1917 1923 1951 1992 1998 2004 2009
cmp_8a1c74e1fc,STRUCTURE,DHmorDGA,MODEL_ROWS,diglycolamide,diglycolamide,UNIQUE,UNIQUE,False,diglycolamide,NEUTRAL_SOLVATING,FAMILY:diglycolamide,NEUTRAL,diglycolamide,diglycolamide,NEUTRAL_SOLVATING,NEUTRAL,False,False,CCCCCCN(CCCCCC)C(=O)COCC(=O)N1CCOCC1,CCCCCCN(CCCCCC)C(=O)COCC(=O)N1CCOCC1,ARCHIVE_STRUCTURE,1,DHmorDGA|9|8,,,organic_extractant:9,organic_extractant,name_consensus:9,1,9,9,8,1,0,True,370.534,2.851,2.851,59.08,0,4,14,26,1,0,C20H38N2O4,MTAJGTICMHDGGT-UHFFFAOYSA-N,MTAJGTICMHDGGT,2,0,0,2,0,0,0,0,0,0,0,0,0,0,0,0,0,0,0,4,3,1,0,diglycolamide|polyamide_other,,2026-09-15.1,1,,,NOT_CURATED: no literature pKa entered (never fabricated),,11 80 222 294 523 591 650 656 695 760 794 807 881 926 935 950 978 1009 1057 1143 1238 1271 1272 1405 1441 1442 1444 1454 1480 1598 1669 1911 1917 1923 1951 1992 2004 2009
cmp_b12cae735d,STRUCTURE,N-N-dibutyl-N-N-dimethylpropanediamide,MODEL_ROWS,malonamide,malonamide,UNIQUE,UNIQUE,False,malonamide,NEUTRAL_SOLVATING,FAMILY:malonamide,NEUTRAL,malonamide,malonamide,NEUTRAL_SOLVATING,NEUTRAL,False,False,CCCCN(C)C(=O)CC(=O)N(C)CCCC,CCCCN(C)C(=O)CC(=O)N(C)CCCC,ARCHIVE_STRUCTURE,1,N-N-dibutyl-N-N-dimethylpropanediamide|9|9,,,organic_extractant:9,organic_extractant,name_consensus:9,1,9,9,9,2,0,True,242.363,1.8935,1.8935,40.62,0,2,8,17,1,0,C13H26N2O2,MJMAULNTGHSPAS-UHFFFAOYSA-N,MJMAULNTGHSPAS,2,0,0,0,0,0,0,0,0,0,0,0,0,0,0,0,0,0,0,2,2,1,0,malonamide|polyamide_other,,2026-09-15.1,1,,,NOT_CURATED: no literature pKa entered (never fabricated),,80 294 334 348 591 593 650 794 807 881 1057 1152 1163 1237 1238 1407 1652 1911 1917 1951
cmp_14e7868c72,STRUCTURE,DBiBA,MODEL_ROWS,monoamide,monoamide,UNIQUE,UNIQUE,False,monoamide,NEUTRAL_SOLVATING,FAMILY:monoamide,NEUTRAL,monoamide,monoamide,NEUTRAL_SOLVATING,NEUTRAL,False,False,CCCCN(CCCC)C(=O)C(C)C,CCCCN(CCCC)C(=O)C(C)C,ARCHIVE_STRUCTURE,1,DBiBA|9|9,,,organic_extractant:9,organic_extractant,name_consensus:9,1,9,9,9,1,0,True,199.338,3.0712,3.0712,20.31,0,1,7,14,1,0,C12H25NO,ADCSKDPEHRZBMW-UHFFFAOYSA-N,ADCSKDPEHRZBMW,1,0,0,0,0,0,0,0,0,0,0,0,0,0,0,0,0,0,0,1,1,0,0,monoamide,,2026-09-15.1,1,,,NOT_CURATED: no literature pKa entered (never fabricated),,1 80 235 283 294 348 460 591 650 794 807 881 978 1057 1180 1272 1349 1911 1917 1951 2023
cmp_545fc30382,STRUCTURE,N-N-N-N-tetrabutylpropanediamide,MODEL_ROWS,malonamide,malonamide,UNIQUE,UNIQUE,False,malonamide,NEUTRAL_SOLVATING,FAMILY:malonamide,NEUTRAL,malonamide,malonamide,NEUTRAL_SOLVATING,NEUTRAL,False,False,CCCCN(CCCC)C(=O)CC(=O)N(CCCC)CCCC,CCCCN(CCCC)C(=O)CC(=O)N(CCCC)CCCC,ARCHIVE_STRUCTURE,1,N-N-N-N-tetrabutylpropanediamide|9|9,,,organic_extractant:9,organic_extractant,name_consensus:9,1,9,9,9,1,0,True,326.525,4.2341,4.2341,40.62,0,2,14,23,1,0,C19H38N2O2,QTVRIQFMPJRJAK-UHFFFAOYSA-N,QTVRIQFMPJRJAK,2,0,0,0,0,0,0,0,0,0,0,0,0,0,0,0,0,0,0,2,2,1,0,malonamide|polyamide_other,,2026-09-15.1,1,,,NOT_CURATED: no literature pKa entered (never fabricated),,80 294 348 591 650 794 807 881 978 1057 1152 1238 1272 1407 1442 1911 1917 1951 1952
cmp_627fbe3c05,STRUCTURE,DIBDODGA,MODEL_ROWS,diglycolamide,diglycolamide,UNIQUE,UNIQUE,False,diglycolamide,NEUTRAL_SOLVATING,FAMILY:diglycolamide,NEUTRAL,diglycolamide,diglycolamide,NEUTRAL_SOLVATING,NEUTRAL,False,False,CCCCCCCCN(CC(C)C)C(=O)COCC(=O)N(CCCCCCCC)CC(C)C,CCCCCCCCN(CC(C)C)C(=O)COCC(=O)N(CCCCCCCC)CC(C)C,ARCHIVE_STRUCTURE,1,DIBDODGA|8|8,,,organic_extractant:8,organic_extractant,name_consensus:8,1,8,8,8,1,0,True,468.767,6.6932,6.6932,49.85,0,3,22,33,1,0,C28H56N2O3,ZNZSAWSFXFOCQQ-UHFFFAOYSA-N,ZNZSAWSFXFOCQQ,2,0,0,1,0,0,0,0,0,0,0,0,0,0,0,0,0,0,0,3,3,1,0,diglycolamide|polyamide_other,,2026-09-15.1,1,,,NOT_CURATED: no literature pKa entered (never fabricated),,1 80 192 283 294 553 591 650 695 794 807 877 881 978 1057 1143 1238 1271 1272 1444 1454 1598 1669 1847 1860 1911 1917 1951 1992 2004
cmp_5cbb757375,STRUCTURE,D2EHDODGA,MODEL_ROWS,diglycolamide,diglycolamide,UNIQUE,UNIQUE,False,diglycolamide,NEUTRAL_SOLVATING,FAMILY:diglycolamide,NEUTRAL,diglycolamide,diglycolamide,NEUTRAL_SOLVATING,NEUTRAL,False,False,CCCCCCCCN(CC(CC)CCCC)C(=O)COCC(=O)N(CCCCCCCC)CC(CC)CCCC,CCCCCCCCN(CC(CC)CCCC)C(=O)COCC(=O)N(CCCCCCCC)CC(CC)CCCC,ARCHIVE_STRUCTURE,1,D2EHDODGA|8|8,,,organic_extractant:8,organic_extractant,name_consensus:8,1,8,8,8,1,0,True,580.983,9.814,9.814,49.85,0,3,30,41,1,0,C36H72N2O3,CLACBCAHOHOSHH-UHFFFAOYSA-N,CLACBCAHOHOSHH,2,0,0,1,0,0,0,0,0,0,0,0,0,0,0,0,0,0,0,3,3,1,0,diglycolamide|polyamide_other,,2026-09-15.1,1,,,NOT_CURATED: no literature pKa entered (never fabricated),,1 80 205 294 553 591 650 695 739 794 807 881 904 978 1004 1057 1143 1218 1238 1271 1272 1328 1420 1444 1454 1544 1598 1669 1860 1911 1917 1951 1992 2004
cmp_5a0a88fab6,STRUCTURE,T8-THP-CAM,MODEL_ROWS,polyamide_other,polyamide_other,UNIQUE,UNIQUE,False,polyamide_other,NEUTRAL_SOLVATING,FAMILY:polyamide_other,NEUTRAL,polyamide_other,polyamide_other,NEUTRAL_SOLVATING,NEUTRAL,False,False,CCCCCCCCN(CCCCCCCC)C(=O)c1ccc(C(=O)N(CCCCCCCC)CCCCCCCC)s1,CCCCCCCCN(CCCCCCCC)C(=O)c1ccc(C(=O)N(CCCCCCCC)CCCCCCCC)s1,ARCHIVE_STRUCTURE,1,T8-THP-CAM|8|8,,,organic_extractant:8,organic_extractant,name_consensus:8,1,8,8,8,1,8,True,619.057,12.0745,12.0745,40.62,0,3,30,43,1,0,C38H70N2O2S,RRNRMWUKXUQWLZ-UHFFFAOYSA-N,RRNRMWUKXUQWLZ,2,0,0,0,0,0,0,0,0,0,0,0,0,0,0,1,0,0,0,2,1,0,0,polyamide_other,,2026-09-15.1,1,,,NOT_CURATED: no literature pKa entered (never fabricated),,80 162 294 419 441 591 623 650 675 794 807 881 941 978 1057 1112 1143 1221 1272 1380 1427 1444 1669 1750 1873 1911 1917 1951
cmp_68a2a0f521,STRUCTURE,T8-THP-TAM,MODEL_ROWS,sulfur_donor_other,sulfur_donor_other,UNIQUE,UNIQUE,False,sulfur_donor_other,NEUTRAL_SOLVATING,FAMILY:sulfur_donor_other,NEUTRAL,sulfur_donor_other,sulfur_donor_other,NEUTRAL_SOLVATING,NEUTRAL,False,False,CCCCCCCCN(CCCCCCCC)C(=S)c1ccc(C(=S)N(CCCCCCCC)CCCCCCCC)s1,CCCCCCCCN(CCCCCCCC)C(=S)c1ccc(C(=S)N(CCCCCCCC)CCCCCCCC)s1,ARCHIVE_STRUCTURE,1,T8-THP-TAM|8|8,,,organic_extractant:8,organic_extractant,name_consensus:8,1,8,8,8,1,8,True,651.193,13.1451,13.1451,6.48,0,3,30,43,1,0,C38H70N2S3,HBQBFQLIIUPPGL-UHFFFAOYSA-N,HBQBFQLIIUPPGL,0,2,0,0,0,0,0,0,0,0,0,0,0,0,0,1,0,0,0,2,1,0,0,sulfur_donor_other,,2026-09-15.1,1,,,NOT_CURATED: no literature pKa entered (never fabricated),,80 97 110 162 252 294 419 492 591 623 675 794 807 881 941 978 1057 1143 1272 1380 1444 1580 1669 1750 1873 1911 1951 2019
cmp_d2a433a7d3,STRUCTURE,TWE-19,FALLBACK_NO_ACCEPTED_NAME_TIE,hydrophilic_aqueous_agent,diglycolamide,UNIQUE,UNIQUE,False,diglycolamide,NEUTRAL_SOLVATING,FAMILY:diglycolamide,NEUTRAL,hydrophilic_aqueous_agent,diglycolamide,NEUTRAL_SOLVATING,NEUTRAL,True,False,O=C(COCC(=O)N(CCOCCO)CCOCCO)N(CCOCCO)CCOCCO,O=C(COCC(=O)N(CCOCCO)CCOCCO)N(CCOCCO)CCOCCO,ARCHIVE_STRUCTURE,8,TWE-19|1|1; TWE-20|1|1; TWE-21|1|1; TWE-22|1|1; TWE-23|1|1; TWE-24|1|1; TWE-25|1|1; TWE-26|1|1,TWE-19:NAME_OWNED_BY_OTHER_STRUCTURE; TWE-20:NAME_OWNED_BY_OTHER_STRUCTURE; TWE-21:NAME_OWNED_BY_OTHER_STRUCTURE; TWE-22:NAME_OWNED_BY_OTHER_STRUCTURE; TWE-23:NAME_OWNED_BY_OTHER_STRUCTURE; TWE-24:NAME_OWNED_BY_OTHER_STRUCTURE; TWE-25:NAME_OWNED_BY_OTHER_STRUCTURE; TWE-26:NAME_OWNED_BY_OTHER_STRUCTURE,,organic_extractant:8,organic_extractant,positional_smiles:8,1,8,8,8,1,8,True,484.543,-3.3042,-3.3042,167.69,4,11,24,33,1,0,C20H40N2O11,VHSCGWOIFNJJBG-UHFFFAOYSA-N,VHSCGWOIFNJJBG,2,0,0,5,0,0,0,0,4,0,0,0,0,0,0,0,0,0,0,11,3,5,0,hydrophilic_aqueous_agent|diglycolamide|polyamide_other,hydrophilic_aqueous_agent,2026-09-15.1,1,,,NOT_CURATED: no literature pKa entered (never fabricated),MULTIPLE_NAMES|HAS_REJECTED_NAMES|CANONICAL_NAME_FALLBACK,13 80 222 473 650 691 695 807 881 978 1069 1238 1271 1339 1369 1442 1454 1598 1614 1917 1951 1992 2004
cmp_8a3f6a0cb3,STRUCTURE,TPhDGA,MODEL_ROWS,diglycolamide,diglycolamide,UNIQUE,UNIQUE,False,diglycolamide,NEUTRAL_SOLVATING,FAMILY:diglycolamide,NEUTRAL,diglycolamide,diglycolamide,NEUTRAL_SOLVATING,NEUTRAL,False,False,O=C(COCC(=O)N(c1ccccc1)c1ccccc1)N(c1ccccc1)c1ccccc1,O=C(COCC(=O)N(c1ccccc1)c1ccccc1)N(c1ccccc1)c1ccccc1,ARCHIVE_STRUCTURE,1,TPhDGA|8|8,,,organic_extractant:8,organic_extractant,name_consensus:8,1,8,8,8,1,0,True,436.511,5.7328,5.7328,49.85,0,3,8,33,1,0,C28H24N2O3,HLEBVNGAVNAFFL-UHFFFAOYSA-N,HLEBVNGAVNAFFL,2,0,0,1,0,0,0,0,0,0,0,0,0,0,0,0,0,0,0,3,3,1,0,diglycolamide|polyamide_other,,2026-09-15.1,1,,,NOT_CURATED: no literature pKa entered (never fabricated),,80 133 288 389 394 650 695 807 881 887 965 1088 1096 1199 1238 1380 1454 1598 1750 1873 1917 1992 2004
cmp_d058969ef3,STRUCTURE,2-[[2-[bis(carboxymethyl)amino]cyclohexyl]-(carboxymethyl)amino]acetic acid,MODEL_ROWS,hydrophilic_aqueous_agent,aminopolycarboxylic_acid,UNIQUE,UNIQUE,False,aminopolycarboxylic_acid,CHELATING,FAMILY:aminopolycarboxylic_acid,ACIDIC,hydrophilic_aqueous_agent,aminopolycarboxylic_acid,CHELATING,ACIDIC,True,False,O=C(O)CN(CC(=O)O)C1CCCCC1N(CC(=O)O)CC(=O)O,O=C(O)CN(CC(=O)O)C1CCCCC1N(CC(=O)O)CC(=O)O,ARCHIVE_STRUCTURE,1,2-[[2-[bis(carboxymethyl)amino]cyclohexyl]-(carboxymethyl)amino]acetic acid|8|8,,,organic_extractant:8,organic_extractant,name_consensus:8,1,8,8,8,1,0,True,346.336,-0.76,-0.76,155.68,4,6,10,24,1,0,C14H22N2O8,FCKYPQBAHLOOJQ-UHFFFAOYSA-N,FCKYPQBAHLOOJQ,0,0,0,0,0,0,0,0,0,0,0,2,0,0,0,0,0,0,4,6,6,1,4,hydrophilic_aqueous_agent|aminopolycarboxylic_acid|carboxylic_acid|amine_basic,hydrophilic_aqueous_agent,2026-09-15.1,2,,,NOT_CURATED: no literature pKa entered (never fabricated),SHARES_PARENT_WITH_OTHER_CANONICAL_SMILES,36 80 389 560 605 636 650 807 881 890 926 1019 1028 1190 1254 1325 1326 1737 1917 1938
cmp_454fabbc1d,STRUCTURE,,NO_NAME,hydrophilic_aqueous_agent,phosphonic_acid,AMBIGUOUS,AMBIGUOUS,False,phosphonic_acid|pyridine_carboxamide,ACIDIC_CATION_EXCHANGE,FAMILY:phosphonic_acid,IONIC,hydrophilic_aqueous_agent,phosphonic_acid,ACIDIC_CATION_EXCHANGE,IONIC,True,False,O=C(c1cncc(P(=O)([O-])O)n1)N1CCOCC1.[Na+],O=C(c1cncc(P(=O)([O-])O)n1)N1CCOCC1.[Na+],ARCHIVE_STRUCTURE,0,,,,aqueous_holdback:8,aqueous_holdback,archive:8,1,8,8,8,1,8,True,295.167,-4.876,-1.88,115.68,1,6,2,19,2,0,C9H11N3NaO5P,JZCNDRHBCRCQCE-UHFFFAOYSA-M,YHKXGIYNPMNKGO,1,0,0,1,1,2,0,0,0,2,0,0,0,0,0,0,0,0,0,4,3,1,1,hydrophilic_aqueous_agent|phosphonic_acid|pyridine_carboxamide|n_heterocyclic|monoamide,hydrophilic_aqueous_agent,2026-09-15.1,1,,,NOT_CURATED: no literature pKa entered (never fabricated),FAMILY_AMBIGUOUS,11 101 142 177 192 265 378 391 486 523 563 650 656 715 807 855 926 935 942 950 1213 1380 1405 1441 1480 1504 1535 1603 1627 1630 1792 1795 1838 1855 1873 1903 1917 2009
cmp_2790d6f6a9,STRUCTURE,Na2SO4,MODEL_ROWS,electrolyte_salt,other,UNIQUE,UNIQUE,False,,UNKNOWN,FAMILY:electrolyte_salt,IONIC,electrolyte_salt,other,UNKNOWN,IONIC,False,True,O=S(=O)([O-])[O-],O=S(=O)([O-])[O-],ARCHIVE_STRUCTURE,1,Na2SO4|8|8,,,aqueous_complexant:8,aqueous_complexant,archive:8,1,8,8,8,1,0,True,96.063,-1.338,-1.338,80.26,0,4,0,5,1,-2,O4S-2,QAOWNCQODCNURD-UHFFFAOYSA-L,QAOWNCQODCNURD,0,0,0,0,0,0,0,0,0,0,0,0,0,0,0,0,0,0,0,0,0,0,1,electrolyte_salt,electrolyte_salt,2026-09-15.1,1,,,NOT_CURATED: no literature pKa entered (never fabricated),,350 650 715 1090 1309 1476
cmp_995e4268b3,STRUCTURE,,NO_NAME,hydrophilic_aqueous_agent,thiophosphorus_acid,UNIQUE,UNIQUE,False,thiophosphorus_acid,ACIDIC_CATION_EXCHANGE,FAMILY:thiophosphorus_acid,ACIDIC,hydrophilic_aqueous_agent,thiophosphorus_acid,ACIDIC_CATION_EXCHANGE,ACIDIC,True,False,OP(O)(=S)CP(O)(O)=S,OP(O)(=S)CP(O)(O)=S,ARCHIVE_STRUCTURE,0,,,,aqueous_holdback:8,aqueous_holdback,archive:8,1,8,8,8,1,8,True,208.137,-0.4679,-0.4679,80.92,4,2,2,9,1,0,CH6O4P2S2,KSNMZOVCBQCVML-UHFFFAOYSA-N,KSNMZOVCBQCVML,0,0,0,0,0,4,2,0,0,0,0,0,0,0,0,0,0,0,0,2,2,1,2,hydrophilic_aqueous_agent|thiophosphorus_acid,hydrophilic_aqueous_agent,2026-09-15.1,1,,,NOT_CURATED: no literature pKa entered (never fabricated),,52 80 97 192 456 507 807 1729 1838 1915
cmp_825a95e02d,STRUCTURE,NaCl,MODEL_ROWS,electrolyte_salt,other,UNIQUE,UNIQUE,False,,UNKNOWN,FAMILY:electrolyte_salt,IONIC,electrolyte_salt,other,UNKNOWN,IONIC,False,True,[Cl-],[Cl-],ARCHIVE_STRUCTURE,1,NaCl|8|8,,,aqueous_complexant:8,aqueous_complexant,archive:8,1,8,8,8,1,0,True,35.453,-2.996,-2.996,0,0,0,0,1,1,-1,Cl-,VEXZGXHMUGYJMC-UHFFFAOYSA-M,VEXZGXHMUGYJMC,0,0,0,0,0,0,0,0,0,0,0,0,0,0,0,0,0,0,0,0,0,0,0,electrolyte_salt,electrolyte_salt,2026-09-15.1,1,,,NOT_CURATED: no literature pKa entered (never fabricated),,1866
cmp_56bd32f70b,STRUCTURE,DiBiBA,MODEL_ROWS,monoamide,monoamide,UNIQUE,UNIQUE,False,monoamide,NEUTRAL_SOLVATING,FAMILY:monoamide,NEUTRAL,monoamide,monoamide,NEUTRAL_SOLVATING,NEUTRAL,False,False,CC(C)CN(CC(C)C)C(=O)C(C)C,CC(C)CN(CC(C)C)C(=O)C(C)C,ARCHIVE_STRUCTURE,1,DiBiBA|7|7,,,organic_extractant:7,organic_extractant,name_consensus:7,1,7,7,7,1,0,True,199.338,2.783,2.783,20.31,0,1,5,14,1,0,C12H25NO,BJXURAWLTZJZKD-UHFFFAOYSA-N,BJXURAWLTZJZKD,1,0,0,0,0,0,0,0,0,0,0,0,0,0,0,0,0,0,0,1,1,0,0,monoamide,,2026-09-15.1,1,,,NOT_CURATED: no literature pKa entered (never fabricated),,1 80 192 235 267 283 460 650 807 877 881 978 1057 1349 1847 1860 1917 2023
cmp_6cd2b46ee7,STRUCTURE,DMDOaDGA,MODEL_ROWS,diglycolamide,diglycolamide,UNIQUE,UNIQUE,False,diglycolamide,NEUTRAL_SOLVATING,FAMILY:diglycolamide,NEUTRAL,diglycolamide,diglycolamide,NEUTRAL_SOLVATING,NEUTRAL,False,False,CCCCCCCCN(CCCCCCCC)C(=O)COCC(=O)N(C)C,CCCCCCCCN(CCCCCCCC)C(=O)COCC(=O)N(C)C,ARCHIVE_STRUCTURE,1,DMDOaDGA|7|7,,,organic_extractant:7,organic_extractant,name_consensus:7,1,7,7,7,1,0,True,384.605,4.6408,4.6408,49.85,0,3,18,27,1,0,C22H44N2O3,PVOQYKCILMNUBT-UHFFFAOYSA-N,PVOQYKCILMNUBT,2,0,0,1,0,0,0,0,0,0,0,0,0,0,0,0,0,0,0,3,3,1,0,diglycolamide|polyamide_other,,2026-09-15.1,1,,,NOT_CURATED: no literature pKa entered (never fabricated),,80 294 438 591 650 695 794 807 881 978 1057 1143 1163 1238 1271 1272 1442 1444 1454 1598 1653 1669 1911 1917 1951 1957 1992 2004
cmp_7e7f22afd1,STRUCTURE,DPhen-PyranDGA,MODEL_ROWS,polyamide_other,polyamide_other,UNIQUE,UNIQUE,False,polyamide_other,NEUTRAL_SOLVATING,FAMILY:polyamide_other,NEUTRAL,polyamide_other,polyamide_other,NEUTRAL_SOLVATING,NEUTRAL,False,False,CC(C)(C)c1ccc(NC(=O)c2cc(=O)cc(C(=O)Nc3ccc(C(C)(C)C)cc3)o2)cc1,CC(C)(C)c1ccc(NC(=O)c2cc(=O)cc(C(=O)Nc3ccc(C(C)(C)C)cc3)o2)cc1,ARCHIVE_STRUCTURE,1,DPhen-PyranDGA|6|6,,,organic_extractant:6,organic_extractant,name_consensus:6,1,6,6,6,1,0,True,446.547,5.7394,5.7394,88.41,2,4,4,33,1,0,C27H30N2O4,FIGWSYFMRYIGLB-UHFFFAOYSA-N,FIGWSYFMRYIGLB,2,0,1,1,0,0,0,0,0,0,0,0,0,0,0,0,0,0,0,4,3,1,0,polyamide_other,,2026-09-15.1,1,,,NOT_CURATED: no literature pKa entered (never fabricated),,33 114 191 314 392 486 650 654 656 807 843 875 946 1041 1057 1077 1152 1250 1289 1339 1380 1417 1556 1576 1604 1665 1750 1754 1816 1873 1917 1978
cmp_4cb1a7b4fc,STRUCTURE,TOEE-BisDGA,MODEL_ROWS,diglycolamide,diglycolamide,UNIQUE,UNIQUE,False,diglycolamide,NEUTRAL_SOLVATING,FAMILY:diglycolamide,NEUTRAL,diglycolamide,diglycolamide,NEUTRAL_SOLVATING,NEUTRAL,False,False,CCCCCCCCN(CCCCCCCC)C(=O)COCC(=O)N(CC)CCN(CC)C(=O)COCC(=O)N(CCCCCCCC)CCCCCCCC,CCCCCCCCN(CCCCCCCC)C(=O)COCC(=O)N(CC)CCN(CC)C(=O)COCC(=O)N(CCCCCCCC)CCCCCCCC,ARCHIVE_STRUCTURE,1,TOEE-BisDGA|6|6,,,organic_extractant:6,organic_extractant,name_consensus:6,1,6,6,6,1,0,True,795.248,9.8158,9.8158,99.7,0,6,41,56,1,0,C46H90N4O6,TXKCMESHKQYWTN-UHFFFAOYSA-N,TXKCMESHKQYWTN,4,0,0,2,0,0,0,0,0,0,0,0,0,0,0,0,0,0,0,6,3,2,0,diglycolamide|polyamide_other,,2026-09-15.1,1,,,NOT_CURATED: no literature pKa entered (never fabricated),,80 294 591 603 650 695 794 807 881 932 978 1008 1057 1143 1198 1238 1271 1272 1442 1444 1454 1598 1669 1911 1917 1951 1992 2004
cmp_9fb55715f5,STRUCTURE,TOi-PE-BisDGA,MODEL_ROWS,diglycolamide,diglycolamide,UNIQUE,UNIQUE,False,diglycolamide,NEUTRAL_SOLVATING,FAMILY:diglycolamide,NEUTRAL,diglycolamide,diglycolamide,NEUTRAL_SOLVATING,NEUTRAL,False,False,CCCCCCCCN(CCCCCCCC)C(=O)COCC(=O)N(CCN(C(=O)COCC(=O)N(CCCCCCCC)CCCCCCCC)C(C)C)C(C)C,CCCCCCCCN(CCCCCCCC)C(=O)COCC(=O)N(CCN(C(=O)COCC(=O)N(CCCCCCCC)CCCCCCCC)C(C)C)C(C)C,ARCHIVE_STRUCTURE,1,TOi-PE-BisDGA|6|6,,,organic_extractant:6,organic_extractant,name_consensus:6,1,6,6,6,1,0,True,823.302,10.5928,10.5928,99.7,0,6,41,58,1,0,C48H94N4O6,BPNPWAADMXODPH-UHFFFAOYSA-N,BPNPWAADMXODPH,4,0,0,2,0,0,0,0,0,0,0,0,0,0,0,0,0,0,0,6,3,2,0,diglycolamide|polyamide_other,,2026-09-15.1,1,,,NOT_CURATED: no literature pKa entered (never fabricated),,1 80 239 283 294 381 546 591 650 695 794 807 881 978 1057 1085 1143 1238 1271 1272 1442 1444 1454 1476 1598 1669 1861 1911 1917 1951 1992 2004
cmp_3dd966d68a,STRUCTURE,TOE-BisDGA,MODEL_ROWS,diglycolamide,diglycolamide,UNIQUE,UNIQUE,False,diglycolamide,NEUTRAL_SOLVATING,FAMILY:diglycolamide,NEUTRAL,diglycolamide,diglycolamide,NEUTRAL_SOLVATING,NEUTRAL,False,False,CCCCCCCCN(CCCCCCCC)C(=O)COCC(=O)NCCNC(=O)COCC(=O)N(CCCCCCCC)CCCCCCCC,CCCCCCCCN(CCCCCCCC)C(=O)COCC(=O)NCCNC(=O)COCC(=O)N(CCCCCCCC)CCCCCCCC,ARCHIVE_STRUCTURE,1,TOE-BisDGA|6|6,,,organic_extractant:6,organic_extractant,name_consensus:6,1,6,6,6,1,0,True,739.14,8.3512,8.3512,117.28,2,6,39,52,1,0,C42H82N4O6,VDLLVNYCQLVPED-UHFFFAOYSA-N,VDLLVNYCQLVPED,4,0,0,2,0,0,0,0,0,0,0,0,0,0,0,0,0,0,0,6,3,2,0,diglycolamide|polyamide_other,,2026-09-15.1,1,,,NOT_CURATED: no literature pKa entered (never fabricated),,41 80 197 219 294 591 597 650 667 695 794 807 859 881 978 1057 1143 1152 1238 1256 1271 1272 1442 1444 1454 1598 1669 1911 1917 1951 1992 2004
cmp_d2e40593d6,STRUCTURE,CHELI2,MODEL_ROWS,pyridine_carboxamide,pyridine_carboxamide,UNIQUE,UNIQUE,False,pyridine_carboxamide,SOFT_N_DONOR,FAMILY:pyridine_carboxamide,NEUTRAL,pyridine_carboxamide,pyridine_carboxamide,SOFT_N_DONOR,NEUTRAL,False,False,CCCCCCCCOc1cc(C(=O)N(C)c2ccc(C(C)(C)C)cc2)nc(C(=O)N(C)c2ccc(C(C)(C)C)cc2)c1,CCCCCCCCOc1cc(C(=O)N(C)c2ccc(C(C)(C)C)cc2)nc(C(=O)N(C)c2ccc(C(C)(C)C)cc2)c1,ARCHIVE_STRUCTURE,1,CHELI2|6|6,,,organic_extractant:6,organic_extractant,name_consensus:6,1,6,6,6,1,6,True,585.833,8.9691,8.9691,62.74,0,4,12,43,1,0,C37H51N3O3,ZKKOOMLEIBJVET-UHFFFAOYSA-N,ZKKOOMLEIBJVET,2,0,0,1,0,0,0,0,0,1,0,0,0,0,0,0,0,0,0,4,3,1,0,pyridine_carboxamide|n_heterocyclic|polyamide_other,,2026-09-15.1,1,,,NOT_CURATED: no literature pKa entered (never fabricated),,13 33 54 80 96 114 269 294 322 378 392 555 591 628 650 695 794 807 855 875 881 960 1034 1057 1096 1143 1163 1221 1249 1339 1380 1417 1444 1452 1556 1665 1706 1750 1855 1873 1911 1917 1950
cmp_d928c4f1da,STRUCTURE,THEE-BisDGA,MODEL_ROWS,diglycolamide,diglycolamide,UNIQUE,UNIQUE,False,diglycolamide,NEUTRAL_SOLVATING,FAMILY:diglycolamide,NEUTRAL,diglycolamide,diglycolamide,NEUTRAL_SOLVATING,NEUTRAL,False,False,CCCCCCN(CCCCCC)C(=O)COCC(=O)N(CC)CCN(CC)C(=O)COCC(=O)N(CCCCCC)CCCCCC,CCCCCCN(CCCCCC)C(=O)COCC(=O)N(CC)CCN(CC)C(=O)COCC(=O)N(CCCCCC)CCCCCC,ARCHIVE_STRUCTURE,1,THEE-BisDGA|6|6,,,organic_extractant:6,organic_extractant,name_consensus:6,1,6,6,6,1,0,True,683.032,6.695,6.695,99.7,0,6,33,48,1,0,C38H74N4O6,LXXSSWXJHGUECD-UHFFFAOYSA-N,LXXSSWXJHGUECD,4,0,0,2,0,0,0,0,0,0,0,0,0,0,0,0,0,0,0,6,3,2,0,diglycolamide|polyamide_other,,2026-09-15.1,1,,,NOT_CURATED: no literature pKa entered (never fabricated),,80 294 591 603 650 695 794 807 881 932 978 1008 1057 1143 1198 1238 1271 1272 1442 1444 1454 1598 1669 1911 1917 1951 1992 2004
cmp_7018f33d9a,STRUCTURE,THi-PE-BisDGA,MODEL_ROWS,diglycolamide,diglycolamide,UNIQUE,UNIQUE,False,diglycolamide,NEUTRAL_SOLVATING,FAMILY:diglycolamide,NEUTRAL,diglycolamide,diglycolamide,NEUTRAL_SOLVATING,NEUTRAL,False,False,CCCCCCN(CCCCCC)C(=O)COCC(=O)N(CCN(C(=O)COCC(=O)N(CCCCCC)CCCCCC)C(C)C)C(C)C,CCCCCCN(CCCCCC)C(=O)COCC(=O)N(CCN(C(=O)COCC(=O)N(CCCCCC)CCCCCC)C(C)C)C(C)C,ARCHIVE_STRUCTURE,1,THi-PE-BisDGA|6|6,,,organic_extractant:6,organic_extractant,name_consensus:6,1,6,6,6,1,0,True,711.086,7.472,7.472,99.7,0,6,33,50,1,0,C40H78N4O6,OEHBXDHXRVGLFS-UHFFFAOYSA-N,OEHBXDHXRVGLFS,4,0,0,2,0,0,0,0,0,0,0,0,0,0,0,0,0,0,0,6,3,2,0,diglycolamide|polyamide_other,,2026-09-15.1,1,,,NOT_CURATED: no literature pKa entered (never fabricated),,1 80 239 283 294 381 546 591 650 695 794 807 881 978 1057 1085 1143 1238 1271 1272 1442 1444 1454 1476 1598 1669 1861 1911 1917 1951 1992 2004
cmp_094bf97efb,STRUCTURE,THE-BisDGA,MODEL_ROWS,diglycolamide,diglycolamide,UNIQUE,UNIQUE,False,diglycolamide,NEUTRAL_SOLVATING,FAMILY:diglycolamide,NEUTRAL,diglycolamide,diglycolamide,NEUTRAL_SOLVATING,NEUTRAL,False,False,CCCCCCN(CCCCCC)C(=O)COCC(=O)NCCNC(=O)COCC(=O)N(CCCCCC)CCCCCC,CCCCCCN(CCCCCC)C(=O)COCC(=O)NCCNC(=O)COCC(=O)N(CCCCCC)CCCCCC,ARCHIVE_STRUCTURE,1,THE-BisDGA|6|6,,,organic_extractant:6,organic_extractant,name_consensus:6,1,6,6,6,1,0,True,626.924,5.2304,5.2304,117.28,2,6,31,44,1,0,C34H66N4O6,MCNGTDPNYSKHLR-UHFFFAOYSA-N,MCNGTDPNYSKHLR,4,0,0,2,0,0,0,0,0,0,0,0,0,0,0,0,0,0,0,6,3,2,0,diglycolamide|polyamide_other,,2026-09-15.1,1,,,NOT_CURATED: no literature pKa entered (never fabricated),,41 80 197 219 294 591 597 650 667 695 794 807 859 881 978 1057 1143 1152 1238 1256 1271 1272 1442 1444 1454 1598 1669 1911 1917 1951 1992 2004
cmp_58106890ad,STRUCTURE,N-N-dibutyl-2-(2-hexoxyethyl)-N-N-dimethylpropanediamide,MODEL_ROWS,malonamide,malonamide,UNIQUE,UNIQUE,False,malonamide,NEUTRAL_SOLVATING,FAMILY:malonamide,NEUTRAL,malonamide,malonamide,NEUTRAL_SOLVATING,NEUTRAL,False,False,CCCCCCOCCC(C(=O)N(C)CCCC)C(=O)N(C)CCCC,CCCCCCOCCC(C(=O)N(C)CCCC)C(=O)N(C)CCCC,ARCHIVE_STRUCTURE,1,N-N-dibutyl-2-(2-hexoxyethyl)-N-N-dimethylpropanediamide|6|6,,,organic_extractant:6,organic_extractant,name_consensus:6,1,6,6,6,2,0,True,370.578,4.1066,4.1066,49.85,0,3,16,26,1,0,C21H42N2O3,SNUQYPHAXLDBHE-UHFFFAOYSA-N,SNUQYPHAXLDBHE,2,0,0,1,0,0,0,0,0,0,0,0,0,0,0,0,0,0,0,3,2,1,0,malonamide|polyamide_other,,2026-09-15.1,1,,,NOT_CURATED: no literature pKa entered (never fabricated),,1 13 80 185 244 255 294 334 348 460 591 650 691 695 697 739 794 807 881 1057 1143 1163 1249 1325 1444 1534 1652 1687 1911 1917 1951 1992
cmp_ba2e2c3e42,STRUCTURE,TBE-BisDGA,MODEL_ROWS,diglycolamide,diglycolamide,UNIQUE,UNIQUE,False,diglycolamide,NEUTRAL_SOLVATING,FAMILY:diglycolamide,NEUTRAL,diglycolamide,diglycolamide,NEUTRAL_SOLVATING,NEUTRAL,False,False,CCCCN(CCCC)C(=O)COCC(=O)NCCNC(=O)COCC(=O)N(CCCC)CCCC,CCCCN(CCCC)C(=O)COCC(=O)NCCNC(=O)COCC(=O)N(CCCC)CCCC,ARCHIVE_STRUCTURE,1,TBE-BisDGA|6|6,,,organic_extractant:6,organic_extractant,name_consensus:6,1,6,6,6,1,0,True,514.708,2.1096,2.1096,117.28,2,6,23,36,1,0,C26H50N4O6,DZCYXYYFQIYIGB-UHFFFAOYSA-N,DZCYXYYFQIYIGB,4,0,0,2,0,0,0,0,0,0,0,0,0,0,0,0,0,0,0,6,3,2,0,diglycolamide|polyamide_other,,2026-09-15.1,1,,,NOT_CURATED: no literature pKa entered (never fabricated),,41 80 197 219 294 348 591 597 650 667 695 794 807 859 881 978 1057 1152 1238 1256 1271 1272 1442 1454 1598 1911 1917 1951 1992 2004
cmp_68b5026434,STRUCTURE,CA12,MODEL_ROWS,crown_ether_calixarene,crown_ether_calixarene,UNIQUE,UNIQUE,False,crown_ether_calixarene,NEUTRAL_SOLVATING,FAMILY:crown_ether_calixarene,NEUTRAL,crown_ether_calixarene,crown_ether_calixarene,NEUTRAL_SOLVATING,NEUTRAL,False,False,CCN(CC)C(=O)COc1c2cc(OC)cc1Cc1cc(OC)cc(c1OCC(=O)N(CC)CC)Cc1cc(OC)cc(c1OCC(=O)N(CC)CC)Cc1cc(OC)cc(c1OCC(=O)N(CC)CC)Cc1cc(OC)cc(c1OCC(=O)N(CC)CC)Cc1cc(OC)cc(c1OCC(=O)N(CC)CC)C2,CCN(CC)C(=O)COc1c2cc(OC)cc1Cc1cc(OC)cc(c1OCC(=O)N(CC)CC)Cc1cc(OC)cc(c1OCC(=O)N(CC)CC)Cc1cc(OC)cc(c1OCC(=O)N(CC)CC)Cc1cc(OC)cc(c1OCC(=O)N(CC)CC)Cc1cc(OC)cc(c1OCC(=O)N(CC)CC)C2,ARCHIVE_STRUCTURE,1,CA12|6|1,,,organic_extractant:6,organic_extractant,name_consensus:6,1,6,6,1,1,0,True,1495.86,11.0796,11.0796,232.62,0,18,36,108,1,0,C84H114N6O18,JZXPTLAFAUSYGX-UHFFFAOYSA-N,JZXPTLAFAUSYGX,6,0,0,12,0,0,0,0,0,0,0,0,0,0,0,0,0,0,0,18,2,6,0,crown_ether_calixarene|polyamide_other,,2026-09-15.1,1,,,NOT_CURATED: no literature pKa entered (never fabricated),,80 243 294 322 333 383 650 695 781 807 841 875 881 926 932 978 1008 1057 1064 1218 1236 1238 1271 1380 1435 1452 1476 1536 1564 1873 1875 1917 1967 2004
cmp_d64605d2ac,STRUCTURE,(ClPh)2PSSH,MODEL_ROWS,dithiophosphinic_acid,dithiophosphinic_acid,UNIQUE,UNIQUE,False,dithiophosphinic_acid,ACIDIC_CATION_EXCHANGE,FAMILY:dithiophosphinic_acid,ACIDIC,dithiophosphinic_acid,dithiophosphinic_acid,ACIDIC_CATION_EXCHANGE,ACIDIC,False,False,S=P(S)(c1ccccc1Cl)c1ccccc1Cl,S=P(S)(c1ccccc1Cl)c1ccccc1Cl,ARCHIVE_STRUCTURE,1,(ClPh)2PSSH|6|1,,,organic_extractant:6,organic_extractant,name_consensus:6,1,6,6,1,1,0,True,319.218,4.2685,4.2685,0,1,1,2,17,1,0,C12H9Cl2PS2,KZFPJCGEOBHFRG-UHFFFAOYSA-N,KZFPJCGEOBHFRG,0,0,0,0,0,0,2,0,0,0,0,0,0,0,0,0,0,0,0,1,1,0,1,dithiophosphinic_acid|thiophosphorus_acid,,2026-09-15.1,1,,,NOT_CURATED: no literature pKa entered (never fabricated),,97 192 229 366 561 974 977 1016 1059 1088 1100 1169 1199 1380 1683 1729 1750 1780 1815 1873
cmp_70596cf853,STRUCTURE,2-5-8-15-18-21-hexaoxatricyclo[20.4.0.09-14]hexacosane,MODEL_ROWS,crown_ether_calixarene,crown_ether_calixarene,UNIQUE,UNIQUE,False,crown_ether_calixarene,NEUTRAL_SOLVATING,FAMILY:crown_ether_calixarene,NEUTRAL,crown_ether_calixarene,crown_ether_calixarene,NEUTRAL_SOLVATING,NEUTRAL,False,False,C1CCC2OCCOCCOC3CCCCC3OCCOCCOC2C1,C1CCC2OCCOCCOC3CCCCC3OCCOCCOC2C1,ARCHIVE_STRUCTURE,1,2-5-8-15-18-21-hexaoxatricyclo[20.4.0.09-14]hexacosane|5|5,,,organic_extractant:5,organic_extractant,name_consensus:5,1,5,5,5,1,0,True,372.502,2.722,2.722,55.38,0,6,0,26,1,0,C20H36O6,BBGKDYHZQOSNMU-UHFFFAOYSA-N,BBGKDYHZQOSNMU,0,0,0,6,0,0,0,0,0,0,0,0,0,0,0,0,0,0,0,6,6,1,0,crown_ether_calixarene,,2026-09-15.1,1,,,NOT_CURATED: no literature pKa entered (never fabricated),,172 523 656 802 890 926 950 1019 1028 1135 1325 1405 1424 1627 1819 1836
cmp_ebda22dffb,STRUCTURE,1-4-7-10-13-16-hexaoxacyclooctadecane,MODEL_ROWS,crown_ether_calixarene,crown_ether_calixarene,UNIQUE,UNIQUE,False,crown_ether_calixarene,NEUTRAL_SOLVATING,FAMILY:crown_ether_calixarene,NEUTRAL,crown_ether_calixarene,crown_ether_calixarene,NEUTRAL_SOLVATING,NEUTRAL,False,False,C1COCCOCCOCCOCCOCCO1,C1COCCOCCOCCOCCOCCO1,ARCHIVE_STRUCTURE,1,1-4-7-10-13-16-hexaoxacyclooctadecane|5|5,,,organic_extractant:5,organic_extractant,name_consensus:5,1,5,5,5,1,0,True,264.318,0.0996,0.0996,55.38,0,6,0,18,1,0,C12H24O6,XEZNGIUYQVAUSS-UHFFFAOYSA-N,XEZNGIUYQVAUSS,0,0,0,6,0,0,0,0,0,0,0,0,0,0,0,0,0,0,0,6,6,1,0,crown_ether_calixarene,,2026-09-15.1,1,,,NOT_CURATED: no literature pKa entered (never fabricated),,523 656 926 950 1135 1405
cmp_5ba032fc1c,STRUCTURE,DsBHA,MODEL_ROWS,monoamide,monoamide,UNIQUE,UNIQUE,False,monoamide,NEUTRAL_SOLVATING,FAMILY:monoamide,NEUTRAL,monoamide,monoamide,NEUTRAL_SOLVATING,NEUTRAL,False,False,CCCCCC(=O)N(C(C)CC)C(C)CC,CCCCCC(=O)N(C(C)CC)C(C)CC,ARCHIVE_STRUCTURE,1,DsBHA|5|5,,,organic_extractant:5,organic_extractant,name_consensus:5,1,5,5,5,1,0,True,227.392,3.9923,3.9923,20.31,0,1,8,16,1,0,C14H29NO,DIKQSIZOYARCDK-UHFFFAOYSA-N,DIKQSIZOYARCDK,1,0,0,0,0,0,0,0,0,0,0,0,0,0,0,0,0,0,0,1,1,0,0,monoamide,,2026-09-15.1,1,,,NOT_CURATED: no literature pKa entered (never fabricated),,1 71 80 283 294 524 591 619 650 748 794 807 881 1019 1057 1238 1267 1318 1397 1444 1544 1564 1911 1917
cmp_b40f790158,STRUCTURE,DMDA,MODEL_ROWS,monoamide,monoamide,UNIQUE,UNIQUE,False,monoamide,NEUTRAL_SOLVATING,FAMILY:monoamide,NEUTRAL,monoamide,monoamide,NEUTRAL_SOLVATING,NEUTRAL,False,False,CCCCCCCCCC(=O)N(C)C,CCCCCCCCCC(=O)N(C)C,ARCHIVE_STRUCTURE,1,DMDA|5|5,,,organic_extractant:5,organic_extractant,name_consensus:5,1,5,5,5,1,0,True,199.338,3.2153,3.2153,20.31,0,1,8,14,1,0,C12H25NO,HNXNKTMIVROLTK-UHFFFAOYSA-N,HNXNKTMIVROLTK,1,0,0,0,0,0,0,0,0,0,0,0,0,0,0,0,0,0,0,1,1,0,0,monoamide,,2026-09-15.1,1,,,NOT_CURATED: no literature pKa entered (never fabricated),,24 80 294 591 619 650 794 807 881 1057 1143 1163 1238 1267 1444 1564 1653 1911 1917 1957
cmp_198efea6ef,STRUCTURE,DEDA,MODEL_ROWS,monoamide,monoamide,UNIQUE,UNIQUE,False,monoamide,NEUTRAL_SOLVATING,FAMILY:monoamide,NEUTRAL,monoamide,monoamide,NEUTRAL_SOLVATING,NEUTRAL,False,False,CCCCCCCCCC(=O)N(CC)CC,CCCCCCCCCC(=O)N(CC)CC,ARCHIVE_STRUCTURE,1,DEDA|5|5,,,organic_extractant:5,organic_extractant,name_consensus:5,1,5,5,5,1,0,True,227.392,3.9955,3.9955,20.31,0,1,10,16,1,0,C14H29NO,OOYRLFIIUVBZSY-UHFFFAOYSA-N,OOYRLFIIUVBZSY,1,0,0,0,0,0,0,0,0,0,0,0,0,0,0,0,0,0,0,1,1,0,0,monoamide,,2026-09-15.1,1,,,NOT_CURATED: no literature pKa entered (never fabricated),,80 243 294 486 591 619 650 794 807 881 932 978 1008 1057 1143 1238 1267 1444 1564 1911 1917
cmp_376657c319,STRUCTURE,DHFA,MODEL_ROWS,monoamide,monoamide,UNIQUE,UNIQUE,False,monoamide,NEUTRAL_SOLVATING,FAMILY:monoamide,NEUTRAL,monoamide,monoamide,NEUTRAL_SOLVATING,NEUTRAL,False,False,CCCCCCN(C=O)CCCCCC,CCCCCCN(C=O)CCCCCC,ARCHIVE_STRUCTURE,1,DHFA|5|5,,,organic_extractant:5,organic_extractant,name_consensus:5,1,5,5,5,1,0,True,213.365,3.6054,3.6054,20.31,0,1,11,15,1,0,C13H27NO,BUYHCCVTCJWPNU-UHFFFAOYSA-N,BUYHCCVTCJWPNU,1,0,0,0,0,0,0,0,0,0,0,0,0,0,0,0,0,0,0,1,1,0,0,monoamide,,2026-09-15.1,1,,,NOT_CURATED: no literature pKa entered (never fabricated),,68 80 256 294 591 650 694 794 865 881 1004 1057 1143 1227 1377 1444 1669 1911 1951
cmp_ceff05f5f3,STRUCTURE,DBPA,MODEL_ROWS,monoamide,monoamide,UNIQUE,UNIQUE,False,monoamide,NEUTRAL_SOLVATING,FAMILY:monoamide,NEUTRAL,monoamide,monoamide,NEUTRAL_SOLVATING,NEUTRAL,False,False,CCCCN(CCCC)C(=O)CC,CCCCN(CCCC)C(=O)CC,ARCHIVE_STRUCTURE,1,DBPA|5|5,,,organic_extractant:5,organic_extractant,name_consensus:5,1,5,5,5,1,0,True,185.311,2.8252,2.8252,20.31,0,1,7,13,1,0,C11H23NO,XAROAZKXMDRYAF-UHFFFAOYSA-N,XAROAZKXMDRYAF,1,0,0,0,0,0,0,0,0,0,0,0,0,0,0,0,0,0,0,1,1,0,0,monoamide,,2026-09-15.1,1,,,NOT_CURATED: no literature pKa entered (never fabricated),,80 294 348 591 650 794 807 881 898 978 1057 1238 1271 1272 1442 1629 1911 1917 1951
cmp_05ff294652,STRUCTURE,N-N-N-N-tetrabutylbutanediamide,MODEL_ROWS,polyamide_other,polyamide_other,UNIQUE,UNIQUE,False,polyamide_other,NEUTRAL_SOLVATING,FAMILY:polyamide_other,NEUTRAL,polyamide_other,polyamide_other,NEUTRAL_SOLVATING,NEUTRAL,False,False,CCCCN(CCCC)C(=O)CCC(=O)N(CCCC)CCCC,CCCCN(CCCC)C(=O)CCC(=O)N(CCCC)CCCC,ARCHIVE_STRUCTURE,1,N-N-N-N-tetrabutylbutanediamide|5|5,,,organic_extractant:5,organic_extractant,name_consensus:5,1,5,5,5,1,0,True,340.552,4.6242,4.6242,40.62,0,2,15,24,1,0,C20H40N2O2,SMZNIZWMUHWNBT-UHFFFAOYSA-N,SMZNIZWMUHWNBT,2,0,0,0,0,0,0,0,0,0,0,0,0,0,0,0,0,0,0,2,1,0,0,polyamide_other,,2026-09-15.1,1,,,NOT_CURATED: no literature pKa entered (never fabricated),,80 294 348 486 591 650 794 807 881 978 1057 1238 1272 1442 1564 1771 1911 1917 1951
cmp_ae62953287,STRUCTURE,DBAA,MODEL_ROWS,monoamide,monoamide,UNIQUE,UNIQUE,False,monoamide,NEUTRAL_SOLVATING,FAMILY:monoamide,NEUTRAL,monoamide,monoamide,NEUTRAL_SOLVATING,NEUTRAL,False,False,CCCCN(CCCC)C(C)=O,CCCCN(CCCC)C(C)=O,ARCHIVE_STRUCTURE,1,DBAA|5|5,,,organic_extractant:5,organic_extractant,name_consensus:5,1,5,5,5,1,0,True,171.284,2.4351,2.4351,20.31,0,1,6,12,1,0,C10H21NO,MEXKFCWMWJZDMF-UHFFFAOYSA-N,MEXKFCWMWJZDMF,1,0,0,0,0,0,0,0,0,0,0,0,0,0,0,0,0,0,0,1,1,0,0,monoamide,,2026-09-15.1,1,,,NOT_CURATED: no literature pKa entered (never fabricated),,4 80 294 348 555 591 650 794 807 881 978 1017 1057 1272 1588 1911 1917 1951
cmp_7a6c952561,STRUCTURE,TPDGA,FALLBACK_NO_ACCEPTED_NAME,malonamide,malonamide,NAME_STRUCTURE_CONFLICT,UNIQUE,True,malonamide,NEUTRAL_SOLVATING,FAMILY:malonamide,NEUTRAL,malonamide,malonamide,NEUTRAL_SOLVATING,NEUTRAL,False,False,CCCN(CCC)C(=O)CC(=O)N(CCC)CCC,CCCN(CCC)C(=O)CC(=O)N(CCC)CCC,ARCHIVE_STRUCTURE,1,TPDGA|5|5,TPDGA:NAME_STRUCTURE_CHECK_FAILED:DGA_NAME_REQUIRES_DIGLYCOLYL,DGA_NAME_REQUIRES_DIGLYCOLYL,organic_extractant:5,organic_extractant,positional_smiles:5,1,5,5,5,1,0,True,270.417,2.6737,2.6737,40.62,0,2,10,19,1,0,C15H30N2O2,GXMHNVKZIWPXAP-UHFFFAOYSA-N,GXMHNVKZIWPXAP,2,0,0,0,0,0,0,0,0,0,0,0,0,0,0,0,0,0,0,2,2,1,0,malonamide|polyamide_other,,2026-09-15.1,1,,,NOT_CURATED: no literature pKa entered (never fabricated),HAS_REJECTED_NAMES|CANONICAL_NAME_FALLBACK|NAME_STRUCTURE_CONFLICT,80 207 294 650 794 807 881 978 1057 1152 1238 1407 1442 1761 1917 1951 1952
cmp_c2c22ff4cd,STRUCTURE,3-10-13-16-23-pentaoxa-29-azatetracyclo[23.3.1.04-9.017-22]nonacosa-1(29)-4-6-8-17-19-21-25-27-nonaene,MODEL_ROWS,crown_ether_calixarene,crown_ether_calixarene,UNIQUE,UNIQUE,False,crown_ether_calixarene,NEUTRAL_SOLVATING,FAMILY:crown_ether_calixarene,NEUTRAL,crown_ether_calixarene,crown_ether_calixarene,NEUTRAL_SOLVATING,NEUTRAL,False,False,c1cc2nc(c1)COc1ccccc1OCCOCCOc1ccccc1OC2,c1cc2nc(c1)COc1ccccc1OCCOCCOc1ccccc1OC2,ARCHIVE_STRUCTURE,1,3-10-13-16-23-pentaoxa-29-azatetracyclo[23.3.1.04-9.017-22]nonacosa-1(29)-4-6-8-17-19-21-25-27-nonaene|5|5,,,organic_extractant:5,organic_extractant,name_consensus:5,1,5,5,5,1,0,True,393.439,4.0274,4.0274,59.04,0,6,0,29,1,0,C23H23NO5,GLQZQWXTRVUCFP-UHFFFAOYSA-N,GLQZQWXTRVUCFP,0,0,0,5,0,0,0,0,0,1,0,0,0,0,0,0,0,0,0,6,6,1,0,crown_ether_calixarene|n_heterocyclic,,2026-09-15.1,1,,,NOT_CURATED: no literature pKa entered (never fabricated),,378 441 523 609 656 889 926 950 1039 1088 1135 1199 1295 1380 1405 1481 1529 1554 1647 1699 1708 1750 1855 1860 1873 1905
cmp_bf89b08c21,STRUCTURE,2-5-8-15-18-21-hexaoxatricyclo[20.4.0.09-14]hexacosa-1(26)-9-11-13-22-24-hexaene,MODEL_ROWS,crown_ether_calixarene,crown_ether_calixarene,UNIQUE,UNIQUE,False,crown_ether_calixarene,NEUTRAL_SOLVATING,FAMILY:crown_ether_calixarene,NEUTRAL,crown_ether_calixarene,crown_ether_calixarene,NEUTRAL_SOLVATING,NEUTRAL,False,False,c1ccc2c(c1)OCCOCCOc1ccccc1OCCOCCO2,c1ccc2c(c1)OCCOCCOc1ccccc1OCCOCCO2,ARCHIVE_STRUCTURE,1,2-5-8-15-18-21-hexaoxatricyclo[20.4.0.09-14]hexacosa-1(26)-9-11-13-22-24-hexaene|5|5,,,organic_extractant:5,organic_extractant,name_consensus:5,1,5,5,5,1,0,True,360.406,2.9488,2.9488,55.38,0,6,0,26,1,0,C20H24O6,YSSSPARMOAYJTE-UHFFFAOYSA-N,YSSSPARMOAYJTE,0,0,0,6,0,0,0,0,0,0,0,0,0,0,0,0,0,0,0,6,6,1,0,crown_ether_calixarene,,2026-09-15.1,1,,,NOT_CURATED: no literature pKa entered (never fabricated),,441 523 656 926 950 1088 1135 1199 1380 1405 1481 1529 1647 1750 1860 1873 1905
cmp_b8a4bfff6f,STRUCTURE,TWE-2,MODEL_ROWS,polyamide_other,polyamide_other,UNIQUE,UNIQUE,False,polyamide_other,NEUTRAL_SOLVATING,FAMILY:polyamide_other,NEUTRAL,polyamide_other,polyamide_other,NEUTRAL_SOLVATING,NEUTRAL,False,False,CCCCC(CC)CN(CC(CC)CCCC)C(=O)CCOCCC(=O)N(CC(CC)CCCC)CC(CC)CCCC,CCCCC(CC)CN(CC(CC)CCCC)C(=O)CCOCCC(=O)N(CC(CC)CCCC)CC(CC)CCCC,ARCHIVE_STRUCTURE,1,TWE-2|4|4,,,organic_extractant:4,organic_extractant,name_consensus:4,1,4,4,4,1,4,True,609.037,10.306,10.306,49.85,0,3,30,43,1,0,C38H76N2O3,HMOGNLUDDKVMNO-UHFFFAOYSA-N,HMOGNLUDDKVMNO,2,0,0,1,0,0,0,0,0,0,0,0,0,0,0,0,0,0,0,3,3,1,0,polyamide_other,,2026-09-15.1,1,,,NOT_CURATED: no literature pKa entered (never fabricated),,1 9 13 80 122 205 294 486 591 650 671 691 695 739 794 807 881 904 978 1004 1057 1218 1238 1328 1420 1544 1564 1860 1911 1917 1992
cmp_a331e3a9f2,STRUCTURE,NDMPIC,MODEL_ROWS,pyridine_carboxamide,pyridine_carboxamide,UNIQUE,UNIQUE,False,pyridine_carboxamide,SOFT_N_DONOR,FAMILY:pyridine_carboxamide,NEUTRAL,pyridine_carboxamide,pyridine_carboxamide,SOFT_N_DONOR,NEUTRAL,False,False,CCCCCCCCCCCCNC(=O)c1cc(OC)ccn1,CCCCCCCCCCCCNC(=O)c1cc(OC)ccn1,ARCHIVE_STRUCTURE,1,NDMPIC|4|4,,,organic_extractant:4,organic_extractant,name_consensus:4,1,4,4,4,1,4,True,320.477,4.7409,4.7409,51.22,1,3,13,23,1,0,C19H32N2O2,MVWBGASUAGBEKG-UHFFFAOYSA-N,MVWBGASUAGBEKG,1,0,0,1,0,0,0,0,0,1,0,0,0,0,0,0,0,0,0,3,2,1,0,pyridine_carboxamide|n_heterocyclic|monoamide,,2026-09-15.1,1,,,NOT_CURATED: no literature pKa entered (never fabricated),,8 80 197 294 322 378 445 473 486 552 591 592 619 650 667 695 781 787 794 807 841 855 875 1057 1143 1152 1380 1444 1452 1536 1706 1750 1866 1873 1876 1911 1917 1972
cmp_3131fa79ec,STRUCTURE,TWE-8,MODEL_ROWS,amino_polyamide,amino_polyamide,UNIQUE,UNIQUE,False,amino_polyamide,NEUTRAL_SOLVATING,FAMILY:amino_polyamide,BASIC,amino_polyamide,amino_polyamide,NEUTRAL_SOLVATING,BASIC,False,False,CCCCCCCCN(CC(=O)N(CCCCCCCC)CCCCCCCC)CC(=O)N(CCCCCCCC)CCCCCCCC,CCCCCCCCN(CC(=O)N(CCCCCCCC)CCCCCCCC)CC(=O)N(CCCCCCCC)CCCCCCCC,ARCHIVE_STRUCTURE,1,TWE-8|4|4,,,organic_extractant:4,organic_extractant,name_consensus:4,1,4,4,4,1,4,True,692.215,12.7481,12.7481,43.86,0,3,39,49,1,0,C44H89N3O2,OLZBWIQTIUIGBM-UHFFFAOYSA-N,OLZBWIQTIUIGBM,2,0,0,0,0,0,0,0,0,0,0,1,0,0,0,0,0,0,0,3,3,1,0,amino_polyamide|polyamide_other|amine_basic,,2026-09-15.1,1,,,NOT_CURATED: no literature pKa entered (never fabricated),,80 251 294 358 591 650 794 807 872 881 978 1057 1143 1190 1238 1272 1410 1442 1444 1581 1669 1911 1917 1951
cmp_9d7b6dfc32,STRUCTURE,TWE-1,MODEL_ROWS,polyamide_other,polyamide_other,UNIQUE,UNIQUE,False,polyamide_other,NEUTRAL_SOLVATING,FAMILY:polyamide_other,NEUTRAL,polyamide_other,polyamide_other,NEUTRAL_SOLVATING,NEUTRAL,False,False,CCCCCCCCN(CCCCCCCC)C(=O)CCOCCC(=O)N(CCCCCCCC)CCCCCCCC,CCCCCCCCN(CCCCCCCC)C(=O)CCOCCC(=O)N(CCCCCCCC)CCCCCCCC,ARCHIVE_STRUCTURE,1,TWE-1|4|4,,,organic_extractant:4,organic_extractant,name_consensus:4,1,4,4,4,1,4,True,609.037,10.8824,10.8824,49.85,0,3,34,43,1,0,C38H76N2O3,YVVJWCJXBMALCS-UHFFFAOYSA-N,YVVJWCJXBMALCS,2,0,0,1,0,0,0,0,0,0,0,0,0,0,0,0,0,0,0,3,3,1,0,polyamide_other,,2026-09-15.1,1,,,NOT_CURATED: no literature pKa entered (never fabricated),,13 80 122 294 486 591 650 671 691 695 794 807 881 978 1057 1143 1238 1272 1442 1444 1564 1669 1911 1917 1951 1992
cmp_ec6220ede0,STRUCTURE,TWE-10,MODEL_ROWS,polyamide_other,polyamide_other,UNIQUE,UNIQUE,False,polyamide_other,NEUTRAL_SOLVATING,FAMILY:polyamide_other,NEUTRAL,polyamide_other,polyamide_other,NEUTRAL_SOLVATING,NEUTRAL,False,False,CCCCCCCCN(CCCCCCCC)C(=O)CN(CC(=O)N(CCCCCCCC)CCCCCCCC)C(C)=O,CCCCCCCCN(CCCCCCCC)C(=O)CN(CC(=O)N(CCCCCCCC)CCCCCCCC)C(C)=O,ARCHIVE_STRUCTURE,1,TWE-10|4|4,,,organic_extractant:4,organic_extractant,name_consensus:4,1,4,4,4,1,4,True,622.036,9.9341,9.9341,60.93,0,3,32,44,1,0,C38H75N3O3,HIKIGTLJGYHHTF-UHFFFAOYSA-N,HIKIGTLJGYHHTF,3,0,0,0,0,0,0,0,0,0,0,0,0,0,0,0,0,0,0,3,1,0,0,polyamide_other,,2026-09-15.1,1,,,NOT_CURATED: no literature pKa entered (never fabricated),,80 294 555 591 592 650 794 807 872 881 978 1017 1057 1143 1190 1238 1272 1442 1444 1588 1669 1843 1911 1917 1951
cmp_8df2bebc1b,STRUCTURE,TWE-7,MODEL_ROWS,amino_polyamide,amino_polyamide,UNIQUE,UNIQUE,False,amino_polyamide,NEUTRAL_SOLVATING,FAMILY:amino_polyamide,BASIC,amino_polyamide,amino_polyamide,NEUTRAL_SOLVATING,BASIC,False,False,CCCCCCCCN(CCCCCCCC)C(=O)CN(CC(=O)N(CCCCCCCC)CCCCCCCC)Cc1ccccc1,CCCCCCCCN(CCCCCCCC)C(=O)CN(CC(=O)N(CCCCCCCC)CCCCCCCC)Cc1ccccc1,ARCHIVE_STRUCTURE,1,TWE-7|4|4,,,organic_extractant:4,organic_extractant,name_consensus:4,1,4,4,4,1,4,True,670.124,11.5878,11.5878,43.86,0,3,34,48,1,0,C43H79N3O2,BUKSYQULIKGKLV-UHFFFAOYSA-N,BUKSYQULIKGKLV,2,0,0,0,0,0,0,0,0,0,0,1,0,0,0,0,0,0,0,3,3,1,0,amino_polyamide|polyamide_other|amine_basic,,2026-09-15.1,1,,,NOT_CURATED: no literature pKa entered (never fabricated),,80 251 294 358 389 507 591 650 794 807 872 881 978 1057 1066 1088 1143 1147 1190 1199 1225 1238 1272 1380 1442 1444 1669 1750 1754 1873 1911 1917 1951
cmp_2db658c93c,STRUCTURE,TWE-9,MODEL_ROWS,amino_polyamide,amino_polyamide,UNIQUE,UNIQUE,False,amino_polyamide,NEUTRAL_SOLVATING,FAMILY:amino_polyamide,NEUTRAL,amino_polyamide,amino_polyamide,NEUTRAL_SOLVATING,NEUTRAL,False,False,CCCCCCCCN(CCCCCCCC)C(=O)CN(CC(=O)N(CCCCCCCC)CCCCCCCC)c1ccccc1,CCCCCCCCN(CCCCCCCC)C(=O)CN(CC(=O)N(CCCCCCCC)CCCCCCCC)c1ccccc1,ARCHIVE_STRUCTURE,1,TWE-9|4|4,,,organic_extractant:4,organic_extractant,name_consensus:4,1,4,4,4,1,4,True,656.097,11.5922,11.5922,43.86,0,3,33,47,1,0,C42H77N3O2,FOEIUMQVHLEDDA-UHFFFAOYSA-N,FOEIUMQVHLEDDA,2,0,0,0,0,0,0,0,0,0,0,0,0,0,0,0,0,0,0,2,1,0,0,amino_polyamide|polyamide_other,,2026-09-15.1,1,,,NOT_CURATED: no literature pKa entered (never fabricated),,80 288 294 389 591 650 794 807 872 881 978 1057 1077 1088 1096 1143 1175 1190 1199 1238 1272 1380 1442 1444 1669 1687 1750 1873 1911 1917 1951 2034
cmp_b90ab8c00c,STRUCTURE,TWE-6,MODEL_ROWS,amino_polyamide,amino_polyamide,UNIQUE,UNIQUE,False,amino_polyamide,NEUTRAL_SOLVATING,FAMILY:amino_polyamide,BASIC,amino_polyamide,amino_polyamide,NEUTRAL_SOLVATING,BASIC,False,False,CCCCCCCCN(CCCCCCCC)C(=O)CNCC(=O)N(CCCCCCCC)CCCCCCCC,CCCCCCCCN(CCCCCCCC)C(=O)CNCC(=O)N(CCCCCCCC)CCCCCCCC,ARCHIVE_STRUCTURE,1,TWE-6|4|4,,,organic_extractant:4,organic_extractant,name_consensus:4,1,4,4,4,1,4,True,579.999,9.6752,9.6752,52.65,1,3,32,41,1,0,C36H73N3O2,NKGSZYQBVUQTTR-UHFFFAOYSA-N,NKGSZYQBVUQTTR,2,0,0,0,0,0,0,0,0,0,0,0,1,0,0,0,0,0,0,3,3,1,0,amino_polyamide|polyamide_other|amine_basic,,2026-09-15.1,1,,,NOT_CURATED: no literature pKa entered (never fabricated),,35 80 294 562 591 650 794 807 881 978 1004 1057 1143 1152 1238 1272 1440 1442 1444 1669 1796 1911 1917 1951
cmp_0f4e907c4a,STRUCTURE,TWE-16,MODEL_ROWS,polyamide_other,polyamide_other,UNIQUE,UNIQUE,False,polyamide_other,NEUTRAL_SOLVATING,FAMILY:polyamide_other,NEUTRAL,polyamide_other,polyamide_other,NEUTRAL_SOLVATING,NEUTRAL,False,False,CCCCCCCCN(CCCCCCCC)C(=O)c1ccc(C(=O)N(CCCCCCCC)CCCCCCCC)o1,CCCCCCCCN(CCCCCCCC)C(=O)c1ccc(C(=O)N(CCCCCCCC)CCCCCCCC)o1,ARCHIVE_STRUCTURE,1,TWE-16|4|4,,,organic_extractant:4,organic_extractant,name_consensus:4,1,4,4,4,1,4,True,602.989,11.606,11.606,53.76,0,3,30,43,1,0,C38H70N2O3,STHFGSUOWYKQED-UHFFFAOYSA-N,STHFGSUOWYKQED,2,0,0,1,0,0,0,0,0,0,0,0,0,0,0,0,0,0,0,3,3,1,0,polyamide_other,,2026-09-15.1,1,,,NOT_CURATED: no literature pKa entered (never fabricated),,80 243 294 310 591 650 656 794 807 881 978 1057 1143 1221 1250 1272 1380 1427 1444 1516 1604 1669 1750 1754 1873 1911 1917 1951
cmp_922d4f5b2a,STRUCTURE,NOMPIC,MODEL_ROWS,pyridine_carboxamide,pyridine_carboxamide,UNIQUE,UNIQUE,False,pyridine_carboxamide,SOFT_N_DONOR,FAMILY:pyridine_carboxamide,NEUTRAL,pyridine_carboxamide,pyridine_carboxamide,SOFT_N_DONOR,NEUTRAL,False,False,CCCCCCCCNC(=O)c1cc(OC)ccn1,CCCCCCCCNC(=O)c1cc(OC)ccn1,ARCHIVE_STRUCTURE,1,NOMPIC|4|4,,,organic_extractant:4,organic_extractant,name_consensus:4,1,4,4,4,1,4,True,264.369,3.1805,3.1805,51.22,1,3,9,19,1,0,C15H24N2O2,YURNZHNNYIBHSL-UHFFFAOYSA-N,YURNZHNNYIBHSL,1,0,0,1,0,0,0,0,0,1,0,0,0,0,0,0,0,0,0,3,2,1,0,pyridine_carboxamide|n_heterocyclic|monoamide,,2026-09-15.1,1,,,NOT_CURATED: no literature pKa entered (never fabricated),,8 80 197 294 322 378 445 473 486 552 591 592 619 650 667 695 781 787 794 807 841 855 875 1057 1143 1152 1380 1444 1452 1536 1706 1750 1866 1873 1876 1911 1917 1972
cmp_e4b96ba830,STRUCTURE,N-N-N-N-tetrabutyl-2-[[2-[3-(dibutylamino)-2-(dibutylcarbamoyl)-3-oxopropyl]phenyl]methyl]propanediamide,MODEL_ROWS,malonamide,malonamide,UNIQUE,UNIQUE,False,malonamide,NEUTRAL_SOLVATING,FAMILY:malonamide,NEUTRAL,malonamide,malonamide,NEUTRAL_SOLVATING,NEUTRAL,False,False,CCCCN(CCCC)C(=O)C(Cc1ccccc1CC(C(=O)N(CCCC)CCCC)C(=O)N(CCCC)CCCC)C(=O)N(CCCC)CCCC,CCCCN(CCCC)C(=O)C(Cc1ccccc1CC(C(=O)N(CCCC)CCCC)C(=O)N(CCCC)CCCC)C(=O)N(CCCC)CCCC,ARCHIVE_STRUCTURE,1,N-N-N-N-tetrabutyl-2-[[2-[3-(dibutylamino)-2-(dibutylcarbamoyl)-3-oxopropyl]phenyl]methyl]propanediamide|4|4,,,organic_extractant:4,organic_extractant,name_consensus:4,1,4,4,4,1,0,True,755.186,9.7192,9.7192,81.24,0,4,32,54,1,0,C46H82N4O4,COGREDJWOATUMB-UHFFFAOYSA-N,COGREDJWOATUMB,4,0,0,0,0,0,0,0,0,0,0,0,0,0,0,0,0,0,0,4,2,2,0,malonamide|polyamide_other,,2026-09-15.1,1,,,NOT_CURATED: no literature pKa entered (never fabricated),,1 79 80 294 348 460 583 591 650 794 807 881 978 1057 1088 1180 1199 1272 1316 1349 1380 1534 1597 1616 1750 1873 1911 1917 1951 1958
cmp_38bf5c339e,STRUCTURE,DBHA,MODEL_ROWS,monoamide,monoamide,UNIQUE,UNIQUE,False,monoamide,NEUTRAL_SOLVATING,FAMILY:monoamide,NEUTRAL,monoamide,monoamide,NEUTRAL_SOLVATING,NEUTRAL,False,False,CCCCCC(=O)N(CCCC)CCCC,CCCCCC(=O)N(CCCC)CCCC,ARCHIVE_STRUCTURE,1,DBHA|3|2,,,organic_extractant:3,organic_extractant,name_consensus:3,1,3,3,2,1,0,True,227.392,3.9955,3.9955,20.31,0,1,10,16,1,0,C14H29NO,UXSDBOJDRMUQDM-UHFFFAOYSA-N,UXSDBOJDRMUQDM,1,0,0,0,0,0,0,0,0,0,0,0,0,0,0,0,0,0,0,1,1,0,0,monoamide,,2026-09-15.1,1,,,NOT_CURATED: no literature pKa entered (never fabricated),,80 294 348 486 591 619 650 794 807 881 978 1057 1238 1267 1272 1442 1444 1564 1911 1917 1951
cmp_0dceeb5e41,STRUCTURE,2-(dibutylcarbamoyl)benzoic acid,MODEL_ROWS,carboxylic_acid,carboxylic_acid,AMBIGUOUS,AMBIGUOUS,False,carboxylic_acid|monoamide,ACIDIC_CATION_EXCHANGE,FAMILY:carboxylic_acid,ACIDIC,carboxylic_acid,carboxylic_acid,ACIDIC_CATION_EXCHANGE,ACIDIC,False,False,CCCCN(CCCC)C(=O)c1ccccc1C(=O)O,CCCCN(CCCC)C(=O)c1ccccc1C(=O)O,ARCHIVE_STRUCTURE,1,2-(dibutylcarbamoyl)benzoic acid|3|3,,,organic_extractant:3,organic_extractant,name_consensus:3,1,3,3,3,1,0,True,277.364,3.4272,3.4272,57.61,1,2,8,20,1,0,C16H23NO3,CCUXORLXCXIGTA-UHFFFAOYSA-N,CCUXORLXCXIGTA,1,0,0,0,0,0,0,0,0,0,0,0,0,0,0,0,0,0,1,2,1,0,1,carboxylic_acid|monoamide,,2026-09-15.1,1,,,NOT_CURATED: no literature pKa entered (never fabricated),FAMILY_AMBIGUOUS,80 294 348 389 456 591 650 756 794 807 881 978 1047 1057 1088 1199 1221 1272 1294 1380 1427 1447 1647 1750 1873 1911 1917 1951 1991
cmp_63ec786470,STRUCTURE,2-N-9-N-diethyl-2-N-9-N-bis(4-methylphenyl)-1-10-phenanthroline-2-9-dicarboxamide,MODEL_ROWS,pyridine_carboxamide,pyridine_carboxamide,UNIQUE,UNIQUE,False,pyridine_carboxamide,SOFT_N_DONOR,FAMILY:pyridine_carboxamide,NEUTRAL,pyridine_carboxamide,pyridine_carboxamide,SOFT_N_DONOR,NEUTRAL,False,False,CCN(C(=O)c1ccc2ccc3ccc(C(=O)N(CC)c4ccc(C)cc4)nc3c2n1)c1ccc(C)cc1,CCN(C(=O)c1ccc2ccc3ccc(C(=O)N(CC)c4ccc(C)cc4)nc3c2n1)c1ccc(C)cc1,ARCHIVE_STRUCTURE,1,2-N-9-N-diethyl-2-N-9-N-bis(4-methylphenyl)-1-10-phenanthroline-2-9-dicarboxamide|3|3,,,organic_extractant:3,organic_extractant,name_consensus:3,1,3,3,3,1,0,True,502.618,6.7332,6.7332,66.4,0,4,6,38,1,0,C32H30N4O2,FSGXOTSTBMUIOR-UHFFFAOYSA-N,FSGXOTSTBMUIOR,2,0,0,0,0,0,0,0,0,2,0,0,0,0,0,0,0,0,0,4,4,1,0,pyridine_carboxamide|n_heterocyclic|polyamide_other,,2026-09-15.1,1,,,NOT_CURATED: no literature pKa entered (never fabricated),,80 203 235 294 378 449 488 650 741 783 807 850 855 881 932 960 1057 1096 1100 1203 1209 1221 1380 1495 1722 1724 1750 1823 1855 1873 1874 1917 1920
cmp_4fc713e2d5,STRUCTURE,2-9-bis(diethoxyphosphoryl)-1-10-phenanthroline,MODEL_ROWS,phosphonate_phosphinate_neutral,phosphonate_phosphinate_neutral,AMBIGUOUS,AMBIGUOUS,False,phosphonate_phosphinate_neutral|n_heterocyclic,NEUTRAL_SOLVATING,FAMILY:phosphonate_phosphinate_neutral,NEUTRAL,phosphonate_phosphinate_neutral,phosphonate_phosphinate_neutral,NEUTRAL_SOLVATING,NEUTRAL,False,False,CCOP(=O)(OCC)c1ccc2ccc3ccc(P(=O)(OCC)OCC)nc3c2n1,CCOP(=O)(OCC)c1ccc2ccc3ccc(P(=O)(OCC)OCC)nc3c2n1,ARCHIVE_STRUCTURE,1,2-9-bis(diethoxyphosphoryl)-1-10-phenanthroline|3|3,,,organic_extractant:3,organic_extractant,name_consensus:3,1,3,3,3,1,0,True,452.384,4.5658,4.5658,96.84,0,8,10,30,1,0,C20H26N2O6P2,DOCWBIUEXDRWEJ-UHFFFAOYSA-N,DOCWBIUEXDRWEJ,0,0,0,0,2,0,0,0,0,2,0,0,0,0,0,0,0,0,0,4,4,1,0,phosphonate_phosphinate_neutral|n_heterocyclic,,2026-09-15.1,1,,,NOT_CURATED: no literature pKa entered (never fabricated),FAMILY_AMBIGUOUS,44 80 155 192 203 294 378 449 486 650 695 863 1057 1177 1203 1238 1380 1640 1716 1724 1750 1855 1873 1874 1903 1976
cmp_afc25c3e3f,STRUCTURE,2-9-bis(diphenylphosphoryl)-1-10-phenanthroline,MODEL_ROWS,phosphine_oxide,phosphine_oxide,AMBIGUOUS,AMBIGUOUS,False,phosphine_oxide|n_heterocyclic,NEUTRAL_SOLVATING,FAMILY:phosphine_oxide,NEUTRAL,phosphine_oxide,phosphine_oxide,NEUTRAL_SOLVATING,NEUTRAL,False,False,O=P(c1ccccc1)(c1ccccc1)c1ccc2ccc3ccc(P(=O)(c4ccccc4)c4ccccc4)nc3c2n1,O=P(c1ccccc1)(c1ccccc1)c1ccc2ccc3ccc(P(=O)(c4ccccc4)c4ccccc4)nc3c2n1,ARCHIVE_STRUCTURE,1,2-9-bis(diphenylphosphoryl)-1-10-phenanthroline|3|3,,,organic_extractant:3,organic_extractant,name_consensus:3,1,3,3,3,1,0,True,580.564,6.0618,6.0618,59.92,0,4,6,42,1,0,C36H26N2O2P2,FSGLWUQQTYBUOF-UHFFFAOYSA-N,FSGLWUQQTYBUOF,0,0,0,0,2,0,0,0,0,2,0,0,0,0,0,0,0,0,0,4,4,1,0,phosphine_oxide|n_heterocyclic,,2026-09-15.1,1,,,NOT_CURATED: no literature pKa entered (never fabricated),FAMILY_AMBIGUOUS,155 192 203 218 378 389 449 486 507 650 843 1088 1199 1203 1380 1517 1640 1724 1750 1855 1873 1874 1903 2041
cmp_22e98f5395,STRUCTURE,2-(3-4-dihydroxyphenyl)-3-5-7-trihydroxychromen-4-one,MODEL_ROWS,hydroxyketone_catechol,hydroxyketone_catechol,UNIQUE,UNIQUE,False,hydroxyketone_catechol,CHELATING,FAMILY:hydroxyketone_catechol,ACIDIC,hydroxyketone_catechol,hydroxyketone_catechol,CHELATING,ACIDIC,False,False,O=c1c(O)c(-c2ccc(O)c(O)c2)oc2cc(O)cc(O)c12,O=c1c(O)c(-c2ccc(O)c(O)c2)oc2cc(O)cc(O)c12,ARCHIVE_STRUCTURE,1,2-(3-4-dihydroxyphenyl)-3-5-7-trihydroxychromen-4-one|3|3,,,organic_extractant:3,organic_extractant,name_consensus:3,1,3,3,3,1,0,True,302.238,1.988,1.988,131.36,5,7,1,22,1,0,C15H10O7,REFJWTPEDVJJIY-UHFFFAOYSA-N,REFJWTPEDVJJIY,0,0,1,1,0,0,0,0,5,0,0,0,0,0,0,0,0,0,0,7,5,2,0,hydroxyketone_catechol,,2026-09-15.1,1,,,NOT_CURATED: no literature pKa entered (never fabricated),,36 54 167 202 285 314 315 472 501 525 589 650 656 745 807 875 896 897 964 1160 1181 1195 1242 1380 1475 1602 1604 1607 1609 1750 1808 1873 1984 2028
cmp_b8893d73a1,STRUCTURE,TBAPYR,MODEL_ROWS,pyridine_carboxamide,pyridine_carboxamide,UNIQUE,UNIQUE,False,pyridine_carboxamide,SOFT_N_DONOR,FAMILY:pyridine_carboxamide,NEUTRAL,pyridine_carboxamide,pyridine_carboxamide,SOFT_N_DONOR,NEUTRAL,False,False,CC(C)(C)c1ccc(NC(=O)c2cnccn2)cc1,CC(C)(C)c1ccc(NC(=O)c2cnccn2)cc1,ARCHIVE_STRUCTURE,1,TBAPYR|2|2,,,organic_extractant:2,organic_extractant,name_consensus:2,1,2,2,2,1,2,True,255.321,3.0264,3.0264,54.88,1,3,2,19,1,0,C15H17N3O,WSLIVZGXISTSKG-UHFFFAOYSA-N,WSLIVZGXISTSKG,1,0,0,0,0,0,0,0,0,2,0,0,0,0,0,0,0,0,0,2,2,1,0,pyridine_carboxamide|n_heterocyclic|monoamide,,2026-09-15.1,1,,,NOT_CURATED: no literature pKa entered (never fabricated),,33 114 191 318 378 392 486 552 650 807 843 855 1057 1071 1077 1125 1152 1339 1380 1417 1452 1535 1556 1586 1603 1665 1683 1750 1792 1816 1866 1873 1917 1978
cmp_9658f86920,STRUCTURE,TBADIPIC,FALLBACK_NO_ACCEPTED_NAME,n_heterocyclic,n_heterocyclic,NAME_STRUCTURE_CONFLICT,UNIQUE,True,n_heterocyclic,SOFT_N_DONOR,FAMILY:n_heterocyclic,NEUTRAL,n_heterocyclic,n_heterocyclic,SOFT_N_DONOR,NEUTRAL,False,False,CC(C)(C)c1ccc(NCC(=O)c2cccc(C(=O)CNc3ccc(C(C)(C)C)cc3)n2)cc1,CC(C)(C)c1ccc(NCC(=O)c2cccc(C(=O)CNc3ccc(C(C)(C)C)cc3)n2)cc1,ARCHIVE_STRUCTURE,1,TBADIPIC|2|2,TBADIPIC:NAME_STRUCTURE_CHECK_FAILED:DIPIC_NAME_REQUIRES_PYRIDINE_DICARBOXAMIDE,DIPIC_NAME_REQUIRES_PYRIDINE_DICARBOXAMIDE,organic_extractant:2,organic_extractant,name_consensus:2,1,2,2,2,1,2,True,457.618,6.2662,6.2662,71.09,2,5,8,34,1,0,C29H35N3O2,JGCLBRTUJRAJAU-UHFFFAOYSA-N,JGCLBRTUJRAJAU,0,0,2,0,0,0,0,0,0,1,0,0,0,0,0,0,0,0,0,3,3,1,0,n_heterocyclic,,2026-09-15.1,1,,,NOT_CURATED: no literature pKa entered (never fabricated),HAS_REJECTED_NAMES|CANONICAL_NAME_FALLBACK|NAME_STRUCTURE_CONFLICT,33 62 80 114 191 210 378 392 471 555 650 652 743 807 843 855 1039 1057 1088 1152 1339 1380 1416 1417 1440 1556 1614 1665 1693 1750 1855 1873 1917
cmp_581d41699b,STRUCTURE,L1f,MODEL_ROWS,diglycolamide,diglycolamide,UNIQUE,UNIQUE,False,diglycolamide,NEUTRAL_SOLVATING,FAMILY:diglycolamide,NEUTRAL,diglycolamide,diglycolamide,NEUTRAL_SOLVATING,NEUTRAL,False,False,CC(C)CCN(CCC(C)C)C(=O)COCC(=O)NCc1cccc(CNC(=O)COCC(=O)N(CCC(C)C)CCC(C)C)c1,CC(C)CCN(CCC(C)C)C(=O)COCC(=O)NCc1cccc(CNC(=O)COCC(=O)N(CCC(C)C)CCC(C)C)c1,ARCHIVE_STRUCTURE,1,L1f|2|2,,,organic_extractant:2,organic_extractant,name_consensus:2,1,2,2,2,1,0,True,646.914,4.7938,4.7938,117.28,2,6,24,46,1,0,C36H62N4O6,HIRBLUOCMKPFTD-UHFFFAOYSA-N,HIRBLUOCMKPFTD,4,0,0,2,0,0,0,0,0,0,0,0,0,0,0,0,0,0,0,6,3,2,0,diglycolamide|polyamide_other,,2026-09-15.1,1,,,NOT_CURATED: no literature pKa entered (never fabricated),,1 41 80 197 209 219 255 283 333 650 695 739 807 859 875 881 978 1000 1039 1057 1066 1088 1152 1238 1271 1380 1442 1454 1573 1598 1750 1754 1779 1847 1860 1873 1879 1917 1951 1992 2004
cmp_8260c8a3be,STRUCTURE,L2c,MODEL_ROWS,diglycolamide,diglycolamide,UNIQUE,UNIQUE,False,diglycolamide,NEUTRAL_SOLVATING,FAMILY:diglycolamide,NEUTRAL,diglycolamide,diglycolamide,NEUTRAL_SOLVATING,NEUTRAL,False,False,CCCCCC(C)Oc1cc(CNC(=O)COCC(=O)N(CCCC)CCCC)cc(CNC(=O)COCC(=O)N(CCCC)CCCC)c1,CCCCCC(C)Oc1cc(CNC(=O)COCC(=O)N(CCCC)CCCC)cc(CNC(=O)COCC(=O)N(CCCC)CCCC)c1,ARCHIVE_STRUCTURE,1,L2c|2|2,,,organic_extractant:2,organic_extractant,name_consensus:2,1,2,2,2,1,0,True,704.994,6.1574,6.1574,126.51,2,7,30,50,1,0,C39H68N4O7,QQRQCIVVRNNTNZ-UHFFFAOYSA-N,QQRQCIVVRNNTNZ,4,0,0,3,0,0,0,0,0,0,0,0,0,0,0,0,0,0,0,7,3,2,0,diglycolamide|polyamide_other,,2026-09-15.1,1,,,NOT_CURATED: no literature pKa entered (never fabricated),,1 41 57 80 197 209 219 255 283 294 322 333 348 559 591 650 664 695 739 794 807 859 875 881 978 1054 1056 1057 1152 1238 1271 1272 1283 1380 1442 1444 1454 1500 1573 1598 1713 1726 1754 1873 1911 1917 1951 1992 2004
cmp_8bbf2ce0c8,STRUCTURE,NDDIPIC,FALLBACK_NO_ACCEPTED_NAME,n_heterocyclic,n_heterocyclic,NAME_STRUCTURE_CONFLICT,AMBIGUOUS,True,n_heterocyclic|amine_basic,SOFT_N_DONOR,FAMILY:n_heterocyclic,BASIC,n_heterocyclic,n_heterocyclic,SOFT_N_DONOR,BASIC,False,False,CCCCCCCCCCCCNCC(=O)c1cccc(C(=O)CNCCCCCCCCCCCC)n1,CCCCCCCCCCCCNCC(=O)c1cccc(C(=O)CNCCCCCCCCCCCC)n1,ARCHIVE_STRUCTURE,1,NDDIPIC|2|2,NDDIPIC:NAME_STRUCTURE_CHECK_FAILED:DIPIC_NAME_REQUIRES_PYRIDINE_DICARBOXAMIDE,DIPIC_NAME_REQUIRES_PYRIDINE_DICARBOXAMIDE,organic_extractant:2,organic_extractant,name_consensus:2,1,2,2,2,1,2,True,529.854,8.468,8.468,71.09,2,5,28,38,1,0,C33H59N3O2,BCOICQQWNQWAET-UHFFFAOYSA-N,BCOICQQWNQWAET,0,0,2,0,0,0,0,0,0,1,0,0,2,0,0,0,0,0,0,5,5,1,0,n_heterocyclic|amine_basic,,2026-09-15.1,1,,,NOT_CURATED: no literature pKa entered (never fabricated),FAMILY_AMBIGUOUS|HAS_REJECTED_NAMES|CANONICAL_NAME_FALLBACK|NAME_STRUCTURE_CONFLICT,80 210 294 378 471 555 591 592 650 667 743 771 794 807 855 1004 1039 1057 1088 1143 1152 1320 1380 1440 1444 1499 1693 1750 1855 1873 1911 1917
cmp_e4a14a2526,STRUCTURE,L2b,MODEL_ROWS,diglycolamide,diglycolamide,UNIQUE,UNIQUE,False,diglycolamide,NEUTRAL_SOLVATING,FAMILY:diglycolamide,NEUTRAL,diglycolamide,diglycolamide,NEUTRAL_SOLVATING,NEUTRAL,False,False,CCCCCCCCCCCCOc1cc(CNC(=O)COCC(=O)N(CCCC)CCCC)cc(CNC(=O)COCC(=O)N(CCCC)CCCC)c1,CCCCCCCCCCCCOc1cc(CNC(=O)COCC(=O)N(CCCC)CCCC)cc(CNC(=O)COCC(=O)N(CCCC)CCCC)c1,ARCHIVE_STRUCTURE,1,L2b|2|2,,,organic_extractant:2,organic_extractant,name_consensus:2,1,2,2,2,1,0,True,775.129,8.1095,8.1095,126.51,2,7,36,55,1,0,C44H78N4O7,CNHBCPVLJVUOGY-UHFFFAOYSA-N,CNHBCPVLJVUOGY,4,0,0,3,0,0,0,0,0,0,0,0,0,0,0,0,0,0,0,7,3,2,0,diglycolamide|polyamide_other,,2026-09-15.1,1,,,NOT_CURATED: no literature pKa entered (never fabricated),,13 41 80 197 209 219 255 294 322 333 348 559 591 628 650 695 794 807 859 875 881 978 1034 1054 1057 1143 1152 1238 1249 1271 1272 1380 1442 1444 1452 1454 1573 1598 1754 1873 1911 1917 1951 1992 2004
cmp_422f81baa1,STRUCTURE,L4,MODEL_ROWS,diglycolamide,diglycolamide,UNIQUE,UNIQUE,False,diglycolamide,NEUTRAL_SOLVATING,FAMILY:diglycolamide,NEUTRAL,diglycolamide,diglycolamide,NEUTRAL_SOLVATING,NEUTRAL,False,False,CCCCCCCCN(C)C(=O)COCC(=O)N(C)Cc1cccc(CN(C)C(=O)COCC(=O)N(C)CCCCCCCC)c1,CCCCCCCCN(C)C(=O)COCC(=O)N(C)Cc1cccc(CN(C)C(=O)COCC(=O)N(C)CCCCCCCC)c1,ARCHIVE_STRUCTURE,1,L4|2|2,,,organic_extractant:2,organic_extractant,name_consensus:2,1,2,2,2,1,0,True,646.914,5.2744,5.2744,99.7,0,6,26,46,1,0,C36H62N4O6,MKCOZFYPQNOIIN-UHFFFAOYSA-N,MKCOZFYPQNOIIN,4,0,0,2,0,0,0,0,0,0,0,0,0,0,0,0,0,0,0,6,3,2,0,diglycolamide|polyamide_other,,2026-09-15.1,1,,,NOT_CURATED: no literature pKa entered (never fabricated),,14 80 209 294 298 334 507 591 650 695 794 807 875 881 976 1039 1057 1066 1088 1143 1163 1237 1238 1380 1444 1454 1532 1598 1652 1669 1750 1754 1873 1911 1917 1951 1992 2004
cmp_5c1526ec6e,STRUCTURE,L1d,MODEL_ROWS,diglycolamide,diglycolamide,UNIQUE,UNIQUE,False,diglycolamide,NEUTRAL_SOLVATING,FAMILY:diglycolamide,NEUTRAL,diglycolamide,diglycolamide,NEUTRAL_SOLVATING,NEUTRAL,False,False,CCCCCCCCN(C)C(=O)COCC(=O)NCc1cccc(CNC(=O)COCC(=O)N(C)CCCCCCCC)c1,CCCCCCCCN(C)C(=O)COCC(=O)NCc1cccc(CNC(=O)COCC(=O)N(C)CCCCCCCC)c1,ARCHIVE_STRUCTURE,1,L1d|2|2,,,organic_extractant:2,organic_extractant,name_consensus:2,1,2,2,2,1,0,True,618.86,4.59,4.59,117.28,2,6,26,44,1,0,C34H58N4O6,HEXUATUNGUUYQF-UHFFFAOYSA-N,HEXUATUNGUUYQF,4,0,0,2,0,0,0,0,0,0,0,0,0,0,0,0,0,0,0,6,3,2,0,diglycolamide|polyamide_other,,2026-09-15.1,1,,,NOT_CURATED: no literature pKa entered (never fabricated),,41 80 197 209 219 255 294 298 333 334 591 650 695 794 807 859 875 881 1039 1057 1066 1088 1143 1152 1163 1237 1238 1380 1444 1454 1573 1598 1652 1669 1750 1754 1779 1873 1911 1917 1951 1992 2004
cmp_5e8bbacebc,STRUCTURE,L6b,MODEL_ROWS,diglycolamide,diglycolamide,UNIQUE,UNIQUE,False,diglycolamide,NEUTRAL_SOLVATING,FAMILY:diglycolamide,NEUTRAL,diglycolamide,diglycolamide,NEUTRAL_SOLVATING,NEUTRAL,False,False,CCCCCCCCN(CCCCCCCC)C(=O)COCC(=O)NCCCCCCNC(=O)COCC(=O)N(CCCCCCCC)CCCCCCCC,CCCCCCCCN(CCCCCCCC)C(=O)COCC(=O)NCCCCCCNC(=O)COCC(=O)N(CCCCCCCC)CCCCCCCC,ARCHIVE_STRUCTURE,1,L6b|2|2,,,organic_extractant:2,organic_extractant,name_consensus:2,1,2,2,2,1,0,True,795.248,9.9116,9.9116,117.28,2,6,43,56,1,0,C46H90N4O6,VRWZSWJIKBOYEP-UHFFFAOYSA-N,VRWZSWJIKBOYEP,4,0,0,2,0,0,0,0,0,0,0,0,0,0,0,0,0,0,0,6,3,2,0,diglycolamide|polyamide_other,,2026-09-15.1,1,,,NOT_CURATED: no literature pKa entered (never fabricated),,41 80 197 219 294 591 592 597 650 667 695 794 807 859 881 978 1057 1143 1152 1238 1271 1272 1442 1444 1454 1598 1669 1876 1911 1917 1951 1992 2004
cmp_b0f13dd4a8,STRUCTURE,L5b,MODEL_ROWS,diglycolamide,diglycolamide,UNIQUE,UNIQUE,False,diglycolamide,NEUTRAL_SOLVATING,FAMILY:diglycolamide,NEUTRAL,diglycolamide,diglycolamide,NEUTRAL_SOLVATING,NEUTRAL,False,False,CCCCCCCCN(CCCCCCCC)C(=O)COCC(=O)NCCCCCNC(=O)COCC(=O)N(CCCCCCCC)CCCCCCCC,CCCCCCCCN(CCCCCCCC)C(=O)COCC(=O)NCCCCCNC(=O)COCC(=O)N(CCCCCCCC)CCCCCCCC,ARCHIVE_STRUCTURE,1,L5b|2|2,,,organic_extractant:2,organic_extractant,name_consensus:2,1,2,2,2,1,0,True,781.221,9.5215,9.5215,117.28,2,6,42,55,1,0,C45H88N4O6,RNJJIIQHGMEKIV-UHFFFAOYSA-N,RNJJIIQHGMEKIV,4,0,0,2,0,0,0,0,0,0,0,0,0,0,0,0,0,0,0,6,3,2,0,diglycolamide|polyamide_other,,2026-09-15.1,1,,,NOT_CURATED: no literature pKa entered (never fabricated),,41 80 197 219 294 591 592 597 650 667 695 794 807 859 881 978 1057 1143 1152 1238 1271 1272 1442 1444 1454 1598 1669 1876 1911 1917 1951 1992 2004
cmp_01e1a09f4c,STRUCTURE,L8,MODEL_ROWS,diglycolamide,diglycolamide,UNIQUE,UNIQUE,False,diglycolamide,NEUTRAL_SOLVATING,FAMILY:diglycolamide,NEUTRAL,diglycolamide,diglycolamide,NEUTRAL_SOLVATING,NEUTRAL,False,False,CCCCCCCCN(CCCCCCCC)C(=O)COCC(=O)NCCOCCNC(=O)COCC(=O)N(CCCCCCCC)CCCCCCCC,CCCCCCCCN(CCCCCCCC)C(=O)COCC(=O)NCCOCCNC(=O)COCC(=O)N(CCCCCCCC)CCCCCCCC,ARCHIVE_STRUCTURE,1,L8|2|2,,,organic_extractant:2,organic_extractant,name_consensus:2,1,2,2,2,1,0,True,783.193,8.3678,8.3678,126.51,2,7,42,55,1,0,C44H86N4O7,XIMAZUJCZUDTQJ-UHFFFAOYSA-N,XIMAZUJCZUDTQJ,4,0,0,3,0,0,0,0,0,0,0,0,0,0,0,0,0,0,0,7,3,2,0,diglycolamide|polyamide_other,,2026-09-15.1,1,,,NOT_CURATED: no literature pKa entered (never fabricated),,13 41 80 197 219 294 591 597 650 667 691 695 794 807 859 881 978 1022 1057 1143 1152 1238 1271 1272 1442 1444 1454 1598 1669 1790 1911 1917 1951 1992 2004
cmp_ef4f8c7e2e,STRUCTURE,2DOQA,MODEL_ROWS,pyridine_carboxamide,pyridine_carboxamide,UNIQUE,UNIQUE,False,pyridine_carboxamide,SOFT_N_DONOR,FAMILY:pyridine_carboxamide,NEUTRAL,pyridine_carboxamide,pyridine_carboxamide,SOFT_N_DONOR,NEUTRAL,False,False,CCCCCCCCN(CCCCCCCC)C(=O)c1ccc2ccccc2n1,CCCCCCCCN(CCCCCCCC)C(=O)c1ccc2ccccc2n1,ARCHIVE_STRUCTURE,1,2DOQA|2|2,,,organic_extractant:2,organic_extractant,name_consensus:2,1,2,2,2,1,2,True,396.619,7.398,7.398,33.2,0,2,15,29,1,0,C26H40N2O,NKZXHJZAYXAAIR-UHFFFAOYSA-N,NKZXHJZAYXAAIR,1,0,0,0,0,0,0,0,0,1,0,0,0,0,0,0,0,0,0,2,2,1,0,pyridine_carboxamide|n_heterocyclic|monoamide,,2026-09-15.1,1,,,NOT_CURATED: no literature pKa entered (never fabricated),,80 203 289 294 378 591 650 794 807 855 881 978 1057 1087 1088 1097 1143 1178 1199 1203 1221 1272 1295 1380 1427 1444 1495 1669 1750 1855 1873 1900 1911 1917 1951
cmp_0d123b4ad0,STRUCTURE,NOCPIC,MODEL_ROWS,pyridine_carboxamide,pyridine_carboxamide,UNIQUE,UNIQUE,False,pyridine_carboxamide,SOFT_N_DONOR,FAMILY:pyridine_carboxamide,NEUTRAL,pyridine_carboxamide,pyridine_carboxamide,SOFT_N_DONOR,NEUTRAL,False,False,CCCCCCCCNC(=O)c1cc(Cl)ccn1,CCCCCCCCNC(=O)c1cc(Cl)ccn1,ARCHIVE_STRUCTURE,1,NOCPIC|2|2,,,organic_extractant:2,organic_extractant,name_consensus:2,1,2,2,2,1,2,True,268.788,3.8253,3.8253,41.99,1,2,8,18,1,0,C14H21ClN2O,CEOQZFSORFLRCT-UHFFFAOYSA-N,CEOQZFSORFLRCT,1,0,0,0,0,0,0,0,0,1,0,0,0,0,0,0,0,0,0,2,2,1,0,pyridine_carboxamide|n_heterocyclic|monoamide,,2026-09-15.1,1,,,NOT_CURATED: no literature pKa entered (never fabricated),,8 80 165 197 216 294 378 445 473 486 552 561 591 592 650 667 708 787 794 807 855 875 1057 1143 1152 1360 1380 1444 1452 1683 1750 1866 1873 1876 1911 1917
cmp_1713e2b511,STRUCTURE,OPYR,MODEL_ROWS,pyridine_carboxamide,pyridine_carboxamide,UNIQUE,UNIQUE,False,pyridine_carboxamide,SOFT_N_DONOR,FAMILY:pyridine_carboxamide,NEUTRAL,pyridine_carboxamide,pyridine_carboxamide,SOFT_N_DONOR,NEUTRAL,False,False,CCCCCCCCNC(=O)c1cnccn1,CCCCCCCCNC(=O)c1cnccn1,ARCHIVE_STRUCTURE,1,OPYR|2|2,,,organic_extractant:2,organic_extractant,name_consensus:2,1,2,2,2,1,2,True,235.331,2.5669,2.5669,54.88,1,3,8,17,1,0,C13H21N3O,PQEJCOFTIZLXHC-UHFFFAOYSA-N,PQEJCOFTIZLXHC,1,0,0,0,0,0,0,0,0,2,0,0,0,0,0,0,0,0,0,2,2,1,0,pyridine_carboxamide|n_heterocyclic|monoamide,,2026-09-15.1,1,,,NOT_CURATED: no literature pKa entered (never fabricated),,8 80 197 294 318 378 473 486 552 591 592 650 667 794 807 855 1057 1071 1125 1143 1152 1380 1444 1452 1535 1586 1603 1792 1866 1873 1876 1911 1917
cmp_1a90ed514e,STRUCTURE,CHELI1,MODEL_ROWS,pyridine_carboxamide,pyridine_carboxamide,UNIQUE,UNIQUE,False,pyridine_carboxamide,SOFT_N_DONOR,FAMILY:pyridine_carboxamide,NEUTRAL,pyridine_carboxamide,pyridine_carboxamide,SOFT_N_DONOR,NEUTRAL,False,False,CCCCCCCCOc1cc(C(=O)Nc2ccc(C(C)(C)C)cc2)nc(C(=O)Nc2ccc(C(C)(C)C)cc2)c1,CCCCCCCCOc1cc(C(=O)Nc2ccc(C(C)(C)C)cc2)nc(C(=O)Nc2ccc(C(C)(C)C)cc2)c1,ARCHIVE_STRUCTURE,1,CHELI1|2|2,,,organic_extractant:2,organic_extractant,name_consensus:2,1,2,2,2,1,2,True,557.779,8.9205,8.9205,80.32,2,4,12,41,1,0,C35H47N3O3,LPLBRAPJTFUSKS-UHFFFAOYSA-N,LPLBRAPJTFUSKS,2,0,0,1,0,0,0,0,0,1,0,0,0,0,0,0,0,0,0,4,3,1,0,pyridine_carboxamide|n_heterocyclic|polyamide_other,,2026-09-15.1,1,,,NOT_CURATED: no literature pKa entered (never fabricated),,13 33 80 114 191 294 322 378 392 486 516 555 591 628 650 695 794 807 843 855 875 1034 1057 1077 1143 1152 1249 1339 1380 1417 1444 1452 1556 1665 1683 1706 1750 1816 1855 1873 1911 1917 1978
cmp_b07248a549,STRUCTURE,L2a,MODEL_ROWS,diglycolamide,diglycolamide,UNIQUE,UNIQUE,False,diglycolamide,NEUTRAL_SOLVATING,FAMILY:diglycolamide,NEUTRAL,diglycolamide,diglycolamide,NEUTRAL_SOLVATING,NEUTRAL,False,False,CCCCCCOc1cc(CNC(=O)COCC(=O)N(CCCC)CCCC)cc(CNC(=O)COCC(=O)N(CCCC)CCCC)c1,CCCCCCOc1cc(CNC(=O)COCC(=O)N(CCCC)CCCC)cc(CNC(=O)COCC(=O)N(CCCC)CCCC)c1,ARCHIVE_STRUCTURE,1,L2a|2|2,,,organic_extractant:2,organic_extractant,name_consensus:2,1,2,2,2,1,0,True,690.967,5.7689,5.7689,126.51,2,7,30,49,1,0,C38H66N4O7,QNWZXVBATZRHKZ-UHFFFAOYSA-N,QNWZXVBATZRHKZ,4,0,0,3,0,0,0,0,0,0,0,0,0,0,0,0,0,0,0,7,3,2,0,diglycolamide|polyamide_other,,2026-09-15.1,1,,,NOT_CURATED: no literature pKa entered (never fabricated),,13 41 80 197 209 219 255 294 322 333 348 559 591 628 650 695 794 807 859 875 881 978 1034 1054 1057 1143 1152 1238 1249 1271 1272 1380 1442 1444 1452 1454 1573 1598 1754 1873 1911 1917 1951 1992 2004
cmp_2214c11397,STRUCTURE,L6a,MODEL_ROWS,diglycolamide,diglycolamide,UNIQUE,UNIQUE,False,diglycolamide,NEUTRAL_SOLVATING,FAMILY:diglycolamide,NEUTRAL,diglycolamide,diglycolamide,NEUTRAL_SOLVATING,NEUTRAL,False,False,CCCCN(CCCC)C(=O)COCC(=O)NCCCCCCNC(=O)COCC(=O)N(CCCC)CCCC,CCCCN(CCCC)C(=O)COCC(=O)NCCCCCCNC(=O)COCC(=O)N(CCCC)CCCC,ARCHIVE_STRUCTURE,1,L6a|2|2,,,organic_extractant:2,organic_extractant,name_consensus:2,1,2,2,2,1,0,True,570.816,3.67,3.67,117.28,2,6,27,40,1,0,C30H58N4O6,LQMIPIIVMYLLKY-UHFFFAOYSA-N,LQMIPIIVMYLLKY,4,0,0,2,0,0,0,0,0,0,0,0,0,0,0,0,0,0,0,6,3,2,0,diglycolamide|polyamide_other,,2026-09-15.1,1,,,NOT_CURATED: no literature pKa entered (never fabricated),,41 80 197 219 294 348 591 592 597 650 667 695 794 807 859 881 978 1057 1143 1152 1238 1271 1272 1442 1454 1598 1876 1911 1917 1951 1992 2004
cmp_26efbd01d7,STRUCTURE,L5a,MODEL_ROWS,diglycolamide,diglycolamide,UNIQUE,UNIQUE,False,diglycolamide,NEUTRAL_SOLVATING,FAMILY:diglycolamide,NEUTRAL,diglycolamide,diglycolamide,NEUTRAL_SOLVATING,NEUTRAL,False,False,CCCCN(CCCC)C(=O)COCC(=O)NCCCCCNC(=O)COCC(=O)N(CCCC)CCCC,CCCCN(CCCC)C(=O)COCC(=O)NCCCCCNC(=O)COCC(=O)N(CCCC)CCCC,ARCHIVE_STRUCTURE,1,L5a|2|2,,,organic_extractant:2,organic_extractant,name_consensus:2,1,2,2,2,1,0,True,556.789,3.2799,3.2799,117.28,2,6,26,39,1,0,C29H56N4O6,RNYQPMKNVNBXJQ-UHFFFAOYSA-N,RNYQPMKNVNBXJQ,4,0,0,2,0,0,0,0,0,0,0,0,0,0,0,0,0,0,0,6,3,2,0,diglycolamide|polyamide_other,,2026-09-15.1,1,,,NOT_CURATED: no literature pKa entered (never fabricated),,41 80 197 219 294 348 591 592 597 650 667 695 794 807 859 881 978 1057 1143 1152 1238 1271 1272 1442 1454 1598 1876 1911 1917 1951 1992 2004
cmp_ee97a458a8,STRUCTURE,L1c,MODEL_ROWS,diglycolamide,diglycolamide,UNIQUE,UNIQUE,False,diglycolamide,NEUTRAL_SOLVATING,FAMILY:diglycolamide,NEUTRAL,diglycolamide,diglycolamide,NEUTRAL_SOLVATING,NEUTRAL,False,False,CCCCN(CCCC)C(=O)COCC(=O)NCc1cccc(CNC(=O)COCC(=O)N(CCCC)CCCC)c1,CCCCN(CCCC)C(=O)COCC(=O)NCc1cccc(CNC(=O)COCC(=O)N(CCCC)CCCC)c1,ARCHIVE_STRUCTURE,1,L1c|2|2,,,organic_extractant:2,organic_extractant,name_consensus:2,1,2,2,2,1,0,True,590.806,3.8098,3.8098,117.28,2,6,24,42,1,0,C32H54N4O6,APUXDWXDXWSKPJ-UHFFFAOYSA-N,APUXDWXDXWSKPJ,4,0,0,2,0,0,0,0,0,0,0,0,0,0,0,0,0,0,0,6,3,2,0,diglycolamide|polyamide_other,,2026-09-15.1,1,,,NOT_CURATED: no literature pKa entered (never fabricated),,41 80 197 209 219 255 294 333 348 591 650 695 794 807 859 875 881 978 1039 1057 1066 1088 1152 1238 1271 1272 1380 1442 1454 1573 1598 1750 1754 1779 1873 1911 1917 1951 1992 2004
cmp_1849a2d188,STRUCTURE,3-Me-N-DPPz,MODEL_ROWS,n_heterocyclic,n_heterocyclic,UNIQUE,UNIQUE,False,n_heterocyclic,SOFT_N_DONOR,FAMILY:n_heterocyclic,NEUTRAL,n_heterocyclic,n_heterocyclic,SOFT_N_DONOR,NEUTRAL,False,False,Cc1ccn(-c2cncc(-n3ccc(C)n3)n2)n1,Cc1ccn(-c2cncc(-n3ccc(C)n3)n2)n1,ARCHIVE_STRUCTURE,1,3-Me-N-DPPz|2|2,,,organic_extractant:2,organic_extractant,name_consensus:2,1,2,2,2,1,2,True,240.27,1.4648,1.4648,61.42,0,4,2,18,1,0,C12H12N6,SXJRQAPLRWJUCQ-UHFFFAOYSA-N,SXJRQAPLRWJUCQ,0,0,0,0,0,0,0,0,0,4,0,0,0,0,0,0,0,0,0,3,3,1,0,n_heterocyclic,,2026-09-15.1,1,,,NOT_CURATED: no literature pKa entered (never fabricated),,142 378 527 680 697 935 1057 1101 1380 1397 1455 1535 1603 1643 1679 1710 1722 1731 1750 1855 1873 1956 1958 1977
cmp_b413c0b01c,STRUCTURE,PPPA,MODEL_ROWS,hydrophilic_aqueous_agent,phosphonic_acid,AMBIGUOUS,AMBIGUOUS,False,phosphonic_acid|n_heterocyclic,ACIDIC_CATION_EXCHANGE,FAMILY:phosphonic_acid,ACIDIC,hydrophilic_aqueous_agent,phosphonic_acid,ACIDIC_CATION_EXCHANGE,ACIDIC,True,False,O=P(O)(O)c1cccc(P(=O)(O)O)n1,O=P(O)(O)c1cccc(P(=O)(O)O)n1,ARCHIVE_STRUCTURE,1,PPPA|2|2,,,organic_extractant:2,organic_extractant,positional_smiles:2,1,2,2,2,1,2,True,239.06,-1.3124,-1.3124,127.95,4,3,2,14,1,0,C5H7NO6P2,JUNNIGIGWPXKGB-UHFFFAOYSA-N,JUNNIGIGWPXKGB,0,0,0,0,2,4,0,0,0,1,0,0,0,0,0,0,0,0,0,3,3,1,2,hydrophilic_aqueous_agent|phosphonic_acid|n_heterocyclic,hydrophilic_aqueous_agent,2026-09-15.1,1,,,NOT_CURATED: no literature pKa entered (never fabricated),FAMILY_AMBIGUOUS,192 378 443 486 650 807 1039 1088 1329 1380 1487 1750 1838 1855 1873 1903 1940 2009
cmp_d9aa6c7f50,STRUCTURE,PPA,MODEL_ROWS,hydrophilic_aqueous_agent,phosphonic_acid,AMBIGUOUS,AMBIGUOUS,False,phosphonic_acid|n_heterocyclic,ACIDIC_CATION_EXCHANGE,FAMILY:phosphonic_acid,ACIDIC,hydrophilic_aqueous_agent,phosphonic_acid,ACIDIC_CATION_EXCHANGE,ACIDIC,True,False,O=P(O)(O)c1ccccn1,O=P(O)(O)c1ccccn1,ARCHIVE_STRUCTURE,1,PPA|2|2,,,organic_extractant:2,organic_extractant,positional_smiles:2,1,2,2,2,1,2,True,159.081,-0.1154,-0.1154,70.42,2,2,1,10,1,0,C5H6NO3P,YUDVSLYWECYFMN-UHFFFAOYSA-N,YUDVSLYWECYFMN,0,0,0,0,1,2,0,0,0,1,0,0,0,0,0,0,0,0,0,2,2,1,1,hydrophilic_aqueous_agent|phosphonic_acid|n_heterocyclic,hydrophilic_aqueous_agent,2026-09-15.1,1,,,NOT_CURATED: no literature pKa entered (never fabricated),FAMILY_AMBIGUOUS,192 378 443 448 486 650 807 1056 1088 1155 1199 1380 1452 1487 1750 1834 1838 1866 1873 1903 1940
cmp_6d8efa67d9,STRUCTURE,[4-7-dichloro-9-(2-3-dihydroindole-1-carbonyl)-1-10-phenanthrolin-2-yl]-(2-3-dihydroindol-1-yl)methanone,MODEL_ROWS,pyridine_carboxamide,pyridine_carboxamide,UNIQUE,UNIQUE,False,pyridine_carboxamide,SOFT_N_DONOR,FAMILY:pyridine_carboxamide,NEUTRAL,pyridine_carboxamide,pyridine_carboxamide,SOFT_N_DONOR,NEUTRAL,False,False,O=C(c1cc(Cl)c2ccc3c(Cl)cc(C(=O)N4CCc5ccccc54)nc3c2n1)N1CCc2ccccc21,O=C(c1cc(Cl)c2ccc3c(Cl)cc(C(=O)N4CCc5ccccc54)nc3c2n1)N1CCc2ccccc21,ARCHIVE_STRUCTURE,1,[4-7-dichloro-9-(2-3-dihydroindole-1-carbonyl)-1-10-phenanthrolin-2-yl]-(2-3-dihydroindol-1-yl)methanone|1|1,,,organic_extractant:1,organic_extractant,name_consensus:1,1,1,1,1,1,0,True,539.422,6.4956,6.4956,66.4,0,4,2,38,1,0,C30H20Cl2N4O2,PDXWDRLPUCQEFT-UHFFFAOYSA-N,PDXWDRLPUCQEFT,2,0,0,0,0,0,0,0,0,2,0,0,0,0,0,0,0,0,0,4,4,1,0,pyridine_carboxamide|n_heterocyclic|polyamide_other,,2026-09-15.1,1,,,NOT_CURATED: no literature pKa entered (never fabricated),,177 344 366 378 561 626 650 807 850 855 875 926 935 1021 1088 1199 1236 1295 1357 1380 1387 1401 1444 1480 1504 1514 1647 1683 1708 1724 1733 1738 1750 1756 1845 1855 1873 1888 1895 1917
cmp_544ba253df,STRUCTURE,[9-(pyrrolidine-1-carbonyl)-1-10-phenanthrolin-2-yl]-pyrrolidin-1-ylmethanone,MODEL_ROWS,pyridine_carboxamide,pyridine_carboxamide,UNIQUE,UNIQUE,False,pyridine_carboxamide,SOFT_N_DONOR,FAMILY:pyridine_carboxamide,NEUTRAL,pyridine_carboxamide,pyridine_carboxamide,SOFT_N_DONOR,NEUTRAL,False,False,O=C(c1ccc2ccc3ccc(C(=O)N4CCCC4)nc3c2n1)N1CCCC1,O=C(c1ccc2ccc3ccc(C(=O)N4CCCC4)nc3c2n1)N1CCCC1,ARCHIVE_STRUCTURE,1,[9-(pyrrolidine-1-carbonyl)-1-10-phenanthrolin-2-yl]-pyrrolidin-1-ylmethanone|1|1,,,organic_extractant:1,organic_extractant,name_consensus:1,1,1,1,1,1,0,True,374.444,3.255,3.255,66.4,0,4,2,28,1,0,C22H22N4O2,SSZBOZALTHUWAY-UHFFFAOYSA-N,SSZBOZALTHUWAY,2,0,0,0,0,0,0,0,0,2,0,0,0,0,0,0,0,0,0,4,4,1,0,pyridine_carboxamide|n_heterocyclic|polyamide_other,,2026-09-15.1,1,,,NOT_CURATED: no literature pKa entered (never fabricated),,203 369 378 449 650 807 850 855 926 935 942 1028 1203 1247 1380 1480 1504 1630 1724 1750 1855 1873 1874 1917 1998 2009
cmp_2efdd86523,STRUCTURE,[6-(pyrrolidine-1-carbonyl)-2-pyridinyl]-pyrrolidin-1-ylmethanone,MODEL_ROWS,pyridine_carboxamide,pyridine_carboxamide,UNIQUE,UNIQUE,False,pyridine_carboxamide,SOFT_N_DONOR,FAMILY:pyridine_carboxamide,NEUTRAL,pyridine_carboxamide,pyridine_carboxamide,SOFT_N_DONOR,NEUTRAL,False,False,O=C(c1cccc(C(=O)N2CCCC2)n1)N1CCCC1,O=C(c1cccc(C(=O)N2CCCC2)n1)N1CCCC1,ARCHIVE_STRUCTURE,1,[6-(pyrrolidine-1-carbonyl)-2-pyridinyl]-pyrrolidin-1-ylmethanone|1|1,,,organic_extractant:1,organic_extractant,name_consensus:1,1,1,1,1,1,0,True,273.336,1.5536,1.5536,53.51,0,3,2,20,1,0,C15H19N3O2,VFMJPMHWWGNMKA-UHFFFAOYSA-N,VFMJPMHWWGNMKA,2,0,0,0,0,0,0,0,0,1,0,0,0,0,0,0,0,0,0,3,3,1,0,pyridine_carboxamide|n_heterocyclic|polyamide_other,,2026-09-15.1,1,,,NOT_CURATED: no literature pKa entered (never fabricated),,369 378 471 555 650 807 855 926 935 942 1028 1039 1088 1247 1380 1480 1504 1630 1750 1855 1873 1917 1998 2009
nam_bab8931763,NAME_ONLY,1-octanol,NAME_ONLY,aliphatic_alcohol,aliphatic_alcohol,UNIQUE,UNIQUE,False,aliphatic_alcohol,NEUTRAL_SOLVATING,FAMILY:aliphatic_alcohol,NEUTRAL,aliphatic_alcohol,aliphatic_alcohol,NEUTRAL_SOLVATING,NEUTRAL,False,False,,CCCCCCCCO,NAME_ONLY_LOOKUP [IUPAC_NAME_UNAMBIGUOUS],1,1-octanol|282|187,,,phase_modifier:282,phase_modifier,None,0,282,282,187,5,0,True,130.231,2.3392,2.3392,20.23,1,1,6,9,1,0,C8H18O,KBPLFHHGFOOTCA-UHFFFAOYSA-N,KBPLFHHGFOOTCA,0,0,0,0,0,0,0,0,1,0,0,0,0,0,0,0,0,0,0,1,1,0,0,aliphatic_alcohol,,2026-09-15.1,0,,,NOT_CURATED: no literature pKa entered (never fabricated),NO_ARCHIVE_STRUCTURE|STRUCTURE_INFERRED_FROM_NAME,
nam_59b7ba94fa,NAME_ONLY,TBP,NAME_ONLY,neutral_organophosphate,neutral_organophosphate,UNIQUE,UNIQUE,False,neutral_organophosphate,NEUTRAL_SOLVATING,FAMILY:neutral_organophosphate,NEUTRAL,neutral_organophosphate,neutral_organophosphate,NEUTRAL_SOLVATING,NEUTRAL,False,False,,CCCCOP(=O)(OCCCC)OCCCC,NAME_OWNED_BY_CORPUS_STRUCTURE [NAME_OWNED_BY_CORPUS_STRUCTURE (INFERRED)],1,TBP|204|204,,,phase_modifier:204,phase_modifier,None,0,204,204,204,2,0,True,266.318,4.5446,4.5446,44.76,0,4,12,17,1,0,C12H27O4P,STCOOQWBFONSKY-UHFFFAOYSA-N,STCOOQWBFONSKY,0,0,0,0,1,0,0,0,0,0,0,0,0,0,0,0,0,0,0,1,1,0,0,neutral_organophosphate,,2026-09-15.1,1,,,NOT_CURATED: no literature pKa entered (never fabricated),NO_ARCHIVE_STRUCTURE|STRUCTURE_INFERRED_FROM_NAME,
nam_cdf2f2fe44,NAME_ONLY,NaNO3,NAME_ONLY,electrolyte_salt,other,UNIQUE,UNIQUE,False,,UNKNOWN,FAMILY:electrolyte_salt,IONIC,electrolyte_salt,other,UNKNOWN,IONIC,False,True,,O=[N+]([O-])[O-],NAME_OWNED_BY_CORPUS_STRUCTURE [NAME_OWNED_BY_CORPUS_STRUCTURE (INFERRED)],1,NaNO3|171|171,,,aqueous_complexant:166; phase_modifier:5,aqueous_complexant,None,0,171,171,171,3,0,True,62.004,-0.2391,-0.2391,66.2,0,3,0,4,1,-1,NO3-,NHNBFGGVMKEFGY-UHFFFAOYSA-N,GRYLNZFGIOXLOG,0,0,0,0,0,0,0,0,0,0,0,0,0,0,0,0,0,0,0,0,0,0,0,electrolyte_salt,electrolyte_salt,2026-09-15.1,1,,,NOT_CURATED: no literature pKa entered (never fabricated),NO_ARCHIVE_STRUCTURE|STRUCTURE_INFERRED_FROM_NAME,
nam_55893df5d8,NAME_ONLY,DHOA,NAME_ONLY,monoamide,monoamide,UNIQUE,UNIQUE,False,monoamide,NEUTRAL_SOLVATING,FAMILY:monoamide,NEUTRAL,monoamide,monoamide,NEUTRAL_SOLVATING,NEUTRAL,False,False,,CCCCCCCC(=O)N(CCCCCC)CCCCCC,NAME_OWNED_BY_CORPUS_STRUCTURE [NAME_OWNED_BY_CORPUS_STRUCTURE (INFERRED)],1,DHOA|111|75,,,phase_modifier:111,phase_modifier,None,0,111,111,75,5,0,True,311.554,6.3361,6.3361,20.31,0,1,16,22,1,0,C20H41NO,ZFDFITYPADKELQ-UHFFFAOYSA-N,ZFDFITYPADKELQ,1,0,0,0,0,0,0,0,0,0,0,0,0,0,0,0,0,0,0,1,1,0,0,monoamide,,2026-09-15.1,1,,,NOT_CURATED: no literature pKa entered (never fabricated),NO_ARCHIVE_STRUCTURE|STRUCTURE_INFERRED_FROM_NAME,
nam_fc7cb0fd64,NAME_ONLY,isodecanol,NAME_ONLY,aliphatic_alcohol,aliphatic_alcohol,NAME_ONLY_NO_STRUCTURE,NAME_ONLY_NO_STRUCTURE,False,,NEUTRAL_SOLVATING,FAMILY:aliphatic_alcohol,UNKNOWN,aliphatic_alcohol,aliphatic_alcohol,NEUTRAL_SOLVATING,UNKNOWN,False,False,,,NAME_ONLY_LOOKUP_NO_SMILES [NAME_LOOKUP: isomer mixture; no SMILES],1,isodecanol|86|77,,,phase_modifier:86,phase_modifier,None,0,86,86,77,4,0,False,,,,,,,,,,,,,,,,,,,,,,,,,,,,,,,,,,,,,,,2026-09-15.1,,,,NOT_CURATED: no literature pKa entered (never fabricated),NO_ARCHIVE_STRUCTURE|NO_STRUCTURE,
nam_8dad086d83,NAME_ONLY,ndecanol,NAME_ONLY,aliphatic_alcohol,aliphatic_alcohol,UNIQUE,UNIQUE,False,aliphatic_alcohol,NEUTRAL_SOLVATING,FAMILY:aliphatic_alcohol,NEUTRAL,aliphatic_alcohol,aliphatic_alcohol,NEUTRAL_SOLVATING,NEUTRAL,False,False,,CCCCCCCCCCO,NAME_ONLY_LOOKUP [NAME_LOOKUP (INFERRED: 'ndecanol' read as n-decanol = 1-decanol)],1,ndecanol|53|16,,,phase_modifier:53,phase_modifier,None,0,53,53,16,2,0,True,158.285,3.1194,3.1194,20.23,1,1,8,11,1,0,C10H22O,MWKFXSUHUHTGQN-UHFFFAOYSA-N,MWKFXSUHUHTGQN,0,0,0,0,0,0,0,0,1,0,0,0,0,0,0,0,0,0,0,1,1,0,0,aliphatic_alcohol,,2026-09-15.1,0,,,NOT_CURATED: no literature pKa entered (never fabricated),NO_ARCHIVE_STRUCTURE|STRUCTURE_INFERRED_FROM_NAME,
nam_92eda8b58a,NAME_ONLY,HDEHP,NAME_ONLY,phosphoric_acid,phosphoric_acid,UNIQUE,UNIQUE,False,phosphoric_acid,ACIDIC_CATION_EXCHANGE,FAMILY:phosphoric_acid,ACIDIC,phosphoric_acid,phosphoric_acid,ACIDIC_CATION_EXCHANGE,ACIDIC,False,False,,CCCCC(CC)COP(=O)(O)OCC(CC)CCCC,NAME_ONLY_LOOKUP [REFERENCE_STRUCTURE: HDEHP = D2EHPA = bis(2-ethylhexyl) hydrogen phosphate (reference SMILES from the gen19 task brief); not present as a structure anywhere in the archive],1,HDEHP|18|14,,,phase_modifier:18,phase_modifier,None,0,18,18,14,3,0,True,322.426,5.5528,5.5528,55.76,1,3,14,21,1,0,C16H35O4P,SEGLCEQVOFDUPX-UHFFFAOYSA-N,SEGLCEQVOFDUPX,0,0,0,0,1,1,0,0,0,0,0,0,0,0,0,0,0,0,0,1,1,0,1,phosphoric_acid,,2026-09-15.1,0,,,NOT_CURATED: no literature pKa entered (never fabricated),NO_ARCHIVE_STRUCTURE|STRUCTURE_INFERRED_FROM_NAME,
nam_1c90f901b4,NAME_ONLY,isododecanol,NAME_ONLY,aliphatic_alcohol,aliphatic_alcohol,NAME_ONLY_NO_STRUCTURE,NAME_ONLY_NO_STRUCTURE,False,,NEUTRAL_SOLVATING,FAMILY:aliphatic_alcohol,UNKNOWN,aliphatic_alcohol,aliphatic_alcohol,NEUTRAL_SOLVATING,UNKNOWN,False,False,,,NAME_ONLY_LOOKUP_NO_SMILES [NAME_LOOKUP: isomer mixture; no SMILES],1,isododecanol|16|16,,,phase_modifier:16,phase_modifier,None,0,16,16,16,1,0,False,,,,,,,,,,,,,,,,,,,,,,,,,,,,,,,,,,,,,,,2026-09-15.1,,,,NOT_CURATED: no literature pKa entered (never fabricated),NO_ARCHIVE_STRUCTURE|NO_STRUCTURE,
nam_a1e18a22d4,NAME_ONLY,octanol,NAME_ONLY,aliphatic_alcohol,aliphatic_alcohol,NAME_ONLY_NO_STRUCTURE,NAME_ONLY_NO_STRUCTURE,False,,NEUTRAL_SOLVATING,FAMILY:aliphatic_alcohol,UNKNOWN,aliphatic_alcohol,aliphatic_alcohol,NEUTRAL_SOLVATING,UNKNOWN,False,False,,,NAME_ONLY_LOOKUP_NO_SMILES [NAME_LOOKUP: isomer not specified (archive keeps 'octanol' apart from '1-octanol'); no SMILES],1,octanol|14|14,,,phase_modifier:14,phase_modifier,None,0,14,14,14,1,0,False,,,,,,,,,,,,,,,,,,,,,,,,,,,,,,,,,,,,,,,2026-09-15.1,,,,NOT_CURATED: no literature pKa entered (never fabricated),NO_ARCHIVE_STRUCTURE|NO_STRUCTURE,
nam_edae4119c8,NAME_ONLY,isodecyl,NAME_ONLY,aliphatic_alcohol,aliphatic_alcohol,NAME_ONLY_NO_STRUCTURE,NAME_ONLY_NO_STRUCTURE,False,,NEUTRAL_SOLVATING,FAMILY:aliphatic_alcohol,UNKNOWN,aliphatic_alcohol,aliphatic_alcohol,NEUTRAL_SOLVATING,UNKNOWN,False,False,,,NAME_ONLY_LOOKUP_NO_SMILES [NAME_LOOKUP (INFERRED: truncated 'isodecyl' read as isodecanol modifier); no SMILES],1,isodecyl|7|7,,,phase_modifier:7,phase_modifier,None,0,7,7,7,1,0,False,,,,,,,,,,,,,,,,,,,,,,,,,,,,,,,,,,,,,,,2026-09-15.1,,,,NOT_CURATED: no literature pKa entered (never fabricated),NO_ARCHIVE_STRUCTURE|NO_STRUCTURE,
nam_8826a3c1c4,NAME_ONLY,DOHyA,NAME_ONLY,monoamide,monoamide,UNIQUE,UNIQUE,False,monoamide,NEUTRAL_SOLVATING,FAMILY:monoamide,NEUTRAL,monoamide,monoamide,NEUTRAL_SOLVATING,NEUTRAL,False,False,,CCCCCCCCN(CCCCCCCC)C(=O)CO,NAME_OWNED_BY_CORPUS_STRUCTURE [NAME_OWNED_BY_CORPUS_STRUCTURE (INFERRED)],1,DOHyA|1|1,,,phase_modifier:1,phase_modifier,None,0,1,1,1,1,0,True,299.499,4.5283,4.5283,40.54,1,2,15,21,1,0,C18H37NO2,NPCGXZDMAMHSMZ-UHFFFAOYSA-N,NPCGXZDMAMHSMZ,1,0,0,0,0,0,0,0,1,0,0,0,0,0,0,0,0,0,0,2,2,1,0,monoamide,,2026-09-15.1,1,,,NOT_CURATED: no literature pKa entered (never fabricated),NO_ARCHIVE_STRUCTURE|STRUCTURE_INFERRED_FROM_NAME,
nam_empty_placeholder,EMPTY_SLOT,,NO_NAME,none,none,EMPTY_SLOT,,,,UNKNOWN,EMPTY_SLOT,UNKNOWN,,,,,False,False,,,NONE,,,,,aqueous_holdback:777,aqueous_holdback,,,777,777,774,1,777,False,,,,,,,,,,,,,,,,,,,,,,,,,,,,,,,,,,,,,,,,,,,,EMPTY_SLOT|concentration_M=0.0:777,
