extractant,chemotype,mae_all,n_pairs,n_cells,mae_adjacent,mae_far,entry
C1CCC2OCCOCCOC3CCCCC3OCCOCCOC2C1,sc000,0.6516067901371738,10,1,0.2395628041676607,0.8392555962620224,L1_CORPUS_MEAN_permetal_w
C1COCCOCCOCCOCCOCCO1,sc001,0.7100706760358168,10,1,0.2791687219995264,0.8967730703148149,L1_CORPUS_MEAN_permetal_w
CC(C)CCCC(C)CCCCN(C)C(=O)COCC(=O)N(C)CCCCC(C)CCCC(C)C,sc007,0.365130409670982,91,1,0.09777572544718145,0.5450121113010828,L1_CORPUS_MEAN_permetal_w
CC(C)CCCCCP(=O)(CC(=O)N(CC(C)C)CC(C)C)c1ccccc1,sc008,0.10856677558508844,15,1,0.08190129052869233,0.08272667861006792,L1_CORPUS_MEAN_permetal_w
CC(C)CN(CC(C)C)C(=O)COCC(=O)N(CC(C)C)CC(C)C,sc010,0.1852871579783008,28,1,0.08396482385007682,0.24087791479987766,L1_CORPUS_MEAN_permetal_w
CC1(C)CCC(C)(C)c2nc(-c3cccc(-c4cccc(-c5nnc6c(n5)C(C)(C)CCC6(C)C)n4)n3)nnc21,sc012,0.4019168480362358,91,1,0.1521885024280672,0.47594672168955676,L1_CORPUS_MEAN_permetal_w
CC12CCC(c3nnc(-c4cccc(-c5nnc6c(n5)C5(C)CCC6C5(C)C)n4)nc31)C2(C)C,sc015,1.414878542230467,91,1,0.3089133496200909,2.138919736397187,L1_CORPUS_MEAN_permetal_w
CCCCC(CC)CN(C)C(=O)COCC(=O)N(C)CC(CC)CCCC,sc009,0.46321334567458944,91,1,0.15707006709218713,0.6698019891582532,L1_CORPUS_MEAN_permetal_w
CCCCC(CC)CN(CC(=O)N(CC(CC)CCCC)CC(CC)CCCC)CC(=O)N(CC(CC)CCCC)CC(CC)CCCC,sc016,2.0947777114073953,1,1,,,L1_CORPUS_MEAN_permetal_w
CCCCC(CC)CN(CC(CC)CCCC)C(=O)COCC(=O)N(CC(CC)CCCC)CC(CC)CCCC,sc009,0.14051784709254764,242,6,0.07705126931860415,0.17716224185907406,L1_CORPUS_MEAN_permetal_w
CCCCC(CC)CP(=O)(CC(=O)N(CC(C)C)CC(C)C)c1ccccc1,sc017,0.12670811378404448,15,1,0.08232879851825298,0.12377281884155211,L1_CORPUS_MEAN_permetal_w
CCCCCCC(C)N(CCCC)C(=O)COCC(=O)N(CCCC)C(C)CCCCCC,sc018,0.5501550958734653,170,17,0.4140675634251348,0.78753015338758,L1_CORPUS_MEAN_permetal_w
CCCCCCC(CCCC)CCCN(C)C(=O)COCC(=O)N(C)CCCC(CCCC)CCCCCC,sc009,0.8196198391955903,91,1,0.19493896439905725,1.2258071320785167,L1_CORPUS_MEAN_permetal_w
CCCCCCCCC(C)(C)SCC1CN(C(=O)COCC(=O)N2CC(C)C(CSC(C)(C)CCCCCCCC)C2)CC1C,sc019,0.5570421649193643,91,1,0.1204574207080642,0.841651896559536,L1_CORPUS_MEAN_permetal_w
CCCCCCCCCCCCN(C)C(=O)C1CC(OC)CC(C(=O)N(C)CCCCCCCCCCCC)O1,sc020,0.5751219505192273,63,3,0.2068313093364791,1.0011038704452229,L1_CORPUS_MEAN_permetal_w
CCCCCCCCCCCCN(CCCCCCCC)C(=O)COCC(=O)N(CCCCCCCC)CCCCCCCCCCCC,sc009,1.474254936378767,78,1,0.4922776229077238,2.14992463609002,L1_CORPUS_MEAN_permetal_w
CCCCCCCCCCCCN(CCCCCCCCCCCC)C(=O)COC1CCCN(CCCCCC)C1=O,sc021,1.248086749325554,91,1,0.21779444601988532,1.8929634583204016,L1_CORPUS_MEAN_permetal_w
CCCCCCCCCCCCN(CCCCCCCCCCCC)C(=O)COCC(=O)N(CCCCCCCCCCCC)CCCCCCCCCCCC,sc009,0.29250825797559427,247,21,0.17615133254491055,0.3918638506330364,L1_CORPUS_MEAN_permetal_w
CCCCCCCCCCCCN(CCCCCCCCCCCC)C(=O)COCCOCC(=O)N(CCCCCCCCCCCC)CCCCCCCCCCCC,sc009,0.4685030580090915,229,10,0.2074765081467757,0.9629168191949524,L1_CORPUS_MEAN_permetal_w
CCCCCCCCCCN(CCCCCCCCCC)C(=O)C(C)OC(C)C(=O)N(CCCCCCCCCC)CCCCCCCCCC,sc027,0.19593564802237237,140,5,0.0983557854221889,0.32444132922369884,L1_CORPUS_MEAN_permetal_w
CCCCCCCCCCN(CCCCCCCCCC)C(=O)COCC(=O)N(CCCCCC)CCCCCC,sc009,0.12809491749021787,376,20,0.10439352542534963,0.14858230696831465,L1_CORPUS_MEAN_permetal_w
CCCCCCCCCCN(CCCCCCCCCC)C(=O)COCC(=O)N(CCCCCCCCCC)CCCCCCCCCC,sc009,0.2524453872877376,41,14,0.2528578100172602,0.3202839133738716,L1_CORPUS_MEAN_permetal_w
CCCCCCCCCCN(CCCCCCCCCC)C(=O)[C@H](C)O[C@H](CC)C(=O)N(CCCCCCCCCC)CCCCCCCCCC,sc027,0.2029696457528418,91,1,0.10509284923887571,0.2605348376590664,L1_CORPUS_MEAN_permetal_w
CCCCCCCCCCN(CCCCCCCCCC)C(=O)[C@H](CCC)O[C@H](CCC)C(=O)N(CCCCCCCCCC)CCCCCCCCCC,sc028,0.5715416773674108,78,1,0.13833405870352652,0.8272572425848166,L1_CORPUS_MEAN_permetal_w
CCCCCCCCN(C(=O)c1ccc2ccc3cccnc3c2n1)c1ccc(C)cc1,sc029,0.5053532120051865,91,1,0.1762431356932694,0.5997024698356073,L1_CORPUS_MEAN_permetal_w
CCCCCCCCN(C)C(=O)C(CCCCCC)C(=O)N(C)CCCCCCCC,sc030,0.4279380960620052,36,1,0.11969725946179165,0.6834918434027661,L1_CORPUS_MEAN_permetal_w
CCCCCCCCN(C)C(=O)C(CCOCCCCCC)C(=O)N(C)CCCCCCCC,sc030,0.6077701300601456,91,1,0.13757569981989268,0.8805912119592914,L1_CORPUS_MEAN_permetal_w
CCCCCCCCN(C)C(=O)CC(=O)N(C)CCCCCCCC,sc031,0.7441001092413895,36,1,0.28446615466695907,1.1631174454163469,L1_CORPUS_MEAN_permetal_w
CCCCCCCCN(C)C(=O)COCC(=O)N(C)CCCCCCCC,sc009,0.9252670822037979,1282,74,0.2167073911795074,1.4761476069079142,L1_CORPUS_MEAN_permetal_w
CCCCCCCCN(C)C(=O)COCC(=O)N(CCCCCCCC)CCCCCCCC,sc009,0.9303170028752057,91,1,0.2599170023922429,1.375515886746798,L1_CORPUS_MEAN_permetal_w
CCCCCCCCN(CC(C)C)C(=O)COCC(=O)N(CCCCCCCC)CC(C)C,sc009,0.1577847162771999,28,1,0.16806529413172552,0.17069914906803813,L1_CORPUS_MEAN_permetal_w
CCCCCCCCN(CC(CC)CCCC)C(=O)COCC(=O)N(CCCCCCCC)CC(CC)CCCC,sc009,0.17721056194469337,28,1,0.15528797350444504,0.20792929970367163,L1_CORPUS_MEAN_permetal_w
CCCCCCCCN(CC)C(=O)COCC(=O)N(CC)CCCCCCCC,sc009,0.8435943009161638,91,1,0.2529898981115064,1.2304058032387992,L1_CORPUS_MEAN_permetal_w
CCCCCCCCN(CCC(C)CC(C)(C)C)C(=O)COCC(=O)N(CCCCCCCC)CCC(C)CC(C)(C)C,sc033,0.7776418581401647,91,1,0.19846648562346364,1.167773608345578,L1_CORPUS_MEAN_permetal_w
CCCCCCCCN(CCC)C(=O)COCC(=O)N(CCC)CCCCCCCC,sc009,0.9286481011299637,91,1,0.28769753868079684,1.3539072032569104,L1_CORPUS_MEAN_permetal_w
CCCCCCCCN(CCCC(CCCC)CCCCCC)C(=O)COCC(=O)N(CCCCCCCC)CCCC(CCCC)CCCCCC,sc009,0.8796109297036515,78,1,0.23007224871735452,1.3551038444411552,L1_CORPUS_MEAN_permetal_w
CCCCCCCCN(CCCCC(C)CCCC(C)C)C(=O)COCC(=O)N(CCCCCCCC)CCCCC(C)CCCC(C)C,sc009,1.1162903832707305,91,1,0.276987287667457,1.6809316936195824,L1_CORPUS_MEAN_permetal_w
CCCCCCCCN(CCCCCCCC)C(=O)C(C)OC(C)C(=O)N(CCCCCCCC)CCCCCCCC,sc027,0.1955472584521762,91,1,0.10346146056889186,0.2637798665724396,L1_CORPUS_MEAN_permetal_w
CCCCCCCCN(CCCCCCCC)C(=O)CC(=O)N(CCCCCCCC)CCCCCCCC,sc036,0.47262046088428966,36,1,0.24975238309204675,0.6814986549775409,L1_CORPUS_MEAN_permetal_w
CCCCCCCCN(CCCCCCCC)C(=O)CN(CC(=O)N(CCCCCCCC)CCCCCCCC)CC(=O)N(CCCCCCCC)CCCCCCCC,sc032,1.189224808475696,10,5,1.2053589018101423,,L1_CORPUS_MEAN_permetal_w
CCCCCCCCN(CCCCCCCC)C(=O)COCC(=O)N(C)C,sc009,1.1623186695053063,21,1,0.6353636243424294,1.5056239287386233,L1_CORPUS_MEAN_permetal_w
CCCCCCCCN(CCCCCCCC)C(=O)COCC(=O)N(CCCCCCCC)CCCCCCCC,sc009,0.5772707178893811,3457,171,0.16330124010596148,0.9111159640241069,L1_CORPUS_MEAN_permetal_w
CCCCCCCCN(CCCCCCCC)C(=O)COCCOCC(=O)N(CCCCCCCC)CCCCCCCC,sc009,0.4362384339729321,43,2,0.2623859275314903,0.7622425166580853,L1_CORPUS_MEAN_permetal_w
CCCCCCCCN(CCCCCCCC)C(=O)[C@H](C)O[C@@H](C)C(=O)N(CCCCCCCC)CCCCCCCC,sc027,0.45264736635417885,91,1,0.15903587485621576,0.6244212406181244,L1_CORPUS_MEAN_permetal_w
CCCCCCCCN(CCCCCCCC)C(=O)[C@H](C)O[C@@H](CC)C(=O)N(CCCCCCCC)CCCCCCCC,sc027,0.11404442928709464,78,1,0.08073945144550651,0.12846372149453075,L1_CORPUS_MEAN_permetal_w
CCCCCCCCN(CCCCCCCC)C(=O)[C@H](C)O[C@H](C)C(=O)N(CCCCCCCC)CCCCCCCC,sc027,0.13913110938004317,91,1,0.07933617677411024,0.1720018509840263,L1_CORPUS_MEAN_permetal_w
CCCCCCCCN(CCCCCCCC)C(=O)[C@H](CCC)O[C@H](CCC)C(=O)N(CCCCCCCC)CCCCCCCC,sc028,0.6085105378724842,91,1,0.24491736238284315,0.8588430355835361,L1_CORPUS_MEAN_permetal_w
CCCCCCCCN(CCCCCCCC)C(=O)c1ccc2ccc3ccc(C(=O)N(CCCCCCCC)CCCCCCCC)nc3c2n1,sc029,0.3626818618302068,127,2,0.24689083756940974,0.48692971580810696,L1_CORPUS_MEAN_permetal_w
CCCCCCCCP(=O)(CC(=O)N(CC(C)C)CC(C)C)c1ccccc1,sc008,0.265078181631313,81,2,0.07487342483663159,0.3752054435593968,L1_CORPUS_MEAN_permetal_w
CCCCCCCCP(=O)(CCCCCCCC)Cc1cccc(CP(=O)(CCCCCCCC)CCCCCCCC)[n+]1[O-],sc055,0.5477506528402286,182,2,0.1435551565493441,0.7773556506487972,L1_CORPUS_MEAN_permetal_w
CCCCCCN(C)C(=O)CC(=O)N(C)CCCCCC,sc031,0.36469454561469344,36,1,0.13713629719825046,0.5485504513308999,L1_CORPUS_MEAN_permetal_w
CCCCCCN(CCC(C)CCC=C(C)C)C(=O)COCC(=O)N(CCCCCC)CCC(C)CCC=C(C)C,sc057,0.9787369364612318,91,1,0.23975033676814156,1.475817199415942,L1_CORPUS_MEAN_permetal_w
CCCCCCN(CCC(C)CCCC(C)C)C(=O)COCC(=O)N(CCCCCC)CCC(C)CCCC(C)C,sc009,1.004057227019029,91,1,0.23842621647663995,1.5133591935695911,L1_CORPUS_MEAN_permetal_w
CCCCCCN(CCCCCC)C(=O)CC(=O)N(CCCCCC)CCCCCC,sc036,0.47988221839287487,36,1,0.2731803423455181,0.6816699811596628,L1_CORPUS_MEAN_permetal_w
CCCCCCN(CCCCCC)C(=O)COCC(=O)N(CCCCCC)CCCCCC,sc009,0.1246453156872985,59,3,0.08117676547696528,0.1704716715510624,L1_CORPUS_MEAN_permetal_w
CCCCCCOCCC(C(=O)N(C)CCCC)C(=O)N(C)CCCC,sc030,0.8266856034098489,4,2,,1.344775089022999,L1_CORPUS_MEAN_permetal_w
CCCCCCOP(=O)(O)OCCCCCC,sc058,0.9387521649184559,45,1,0.27526993906569397,1.407804436140191,L1_CORPUS_MEAN_permetal_w
CCCCCCc1ccc(N(CC)C(=O)c2cccc(-c3cccc(C(=O)N(CC)c4ccc(CCCCCC)cc4)n3)n2)cc1,sc059,0.5128668823609813,91,1,0.1256467266080795,0.7577620146068829,L1_CORPUS_MEAN_permetal_w
CCCCCCn1c(-c2ccccc2)c(-c2ccccc2)c2cc3ccc4cc5c(-c6ccccc6)c(-c6ccccc6)n(CCCCCC)c(=O)c5nc4c3nc2c1=O,sc060,1.5081645862869708,182,2,0.3484180933078584,2.2638022060678056,L1_CORPUS_MEAN_permetal_w
CCCCCc1nnc(-c2cccc(-c3cccc(-c4nnc(CCCCC)c(CCCCC)n4)n3)n2)nc1CCCCC,sc061,0.7261509285005525,1236,16,0.24353126343056442,1.0235365498414775,L1_CORPUS_MEAN_permetal_w
CCCCN(C)C(=O)CC(=O)N(C)CCCC,sc031,0.41173129922285007,7,3,,0.6691025264351048,L1_CORPUS_MEAN_permetal_w
CCCCN(CCCC)C(=O)C(Cc1ccccc1CC(C(=O)N(CCCC)CCCC)C(=O)N(CCCC)CCCC)C(=O)N(CCCC)CCCC,sc062,0.3770876126242113,6,1,,0.5357083617784933,L1_CORPUS_MEAN_permetal_w
CCCCN(CCCC)C(=O)CC(=O)N(CCCC)CCCC,sc036,0.5185245603313351,36,1,0.2306035695762281,0.7488075757005069,L1_CORPUS_MEAN_permetal_w
CCCCN(CCCC)C(=O)CCC(=O)N(CCCC)CCCC,sc036,0.1797615993979173,10,1,0.11289972158151147,0.40869713337900554,L1_CORPUS_MEAN_permetal_w
CCCCN(CCCC)C(=O)COCC(=O)N(CCCC)CCCC,sc009,0.5729324640045425,186,33,0.2663311053602764,0.7750638431778318,L1_CORPUS_MEAN_permetal_w
CCCCN(CCCC)C(=O)c1ccc2ccc3ccc(C(=O)N(CCCC)CCCC)nc3c2n1,sc029,0.3714799509432855,91,1,0.15315745546618104,0.5274001955797292,L1_CORPUS_MEAN_permetal_w
CCCCN(CCCC)C(=O)c1ccccc1C(=O)O,sc063,2.393173824931515,3,1,,2.393173824931515,L1_CORPUS_MEAN_permetal_w
CCCN(CCC)C(=O)COCC(=O)N(CCC)CCC,sc009,0.19406417723088873,178,9,0.11594004101990416,0.31144488262828185,L1_CORPUS_MEAN_permetal_w
CCCc1nnc(-c2cccc(-c3nnc(CCC)c(CCC)n3)n2)nc1CCC,sc061,1.5029210956871168,91,1,0.37296562287248874,2.165643406420852,L1_CORPUS_MEAN_permetal_w
CCN(C(=O)c1ccc2ccc3ccc(C(=O)N(CC)c4ccc(C)cc4)nc3c2n1)c1ccc(C)cc1,sc068,1.092840401213634,3,1,,1.092840401213634,L1_CORPUS_MEAN_permetal_w
CCN(C(=O)c1cccc(-c2cccc(C(=O)N(CC)c3cc(C)cc(C)c3)n2)n1)c1cc(C)cc(C)c1,sc068,0.3214152850765206,91,1,0.07910835287898652,0.48076235842471626,L1_CORPUS_MEAN_permetal_w
CCN(C(=O)c1cccc(-c2cccc(C(=O)N(CC)c3cc(C)ccc3C)n2)n1)c1cc(C)ccc1C,sc069,0.2133170410587695,91,1,0.09644609989040129,0.24690849054219882,L1_CORPUS_MEAN_permetal_w
CCN(C(=O)c1cccc(-c2cccc(C(=O)N(CC)c3ccc(C)cc3C)n2)n1)c1ccc(C)cc1C,sc069,0.20877580129024573,91,1,0.09402765517286914,0.26094666700435143,L1_CORPUS_MEAN_permetal_w
CCN(C(=O)c1cccc(-c2cccc(C(=O)N(CC)c3ccccc3)n2)n1)c1ccccc1,sc068,0.4956584093117166,91,1,0.12258330100180623,0.7413321047802034,L1_CORPUS_MEAN_permetal_w
CCN(C(=O)c1cccc(C(=O)N(CC)c2ccc(C)cc2)n1)c1ccc(C)cc1,sc068,0.36096571655770354,91,1,0.13821765332440053,0.4422616450107689,L1_CORPUS_MEAN_permetal_w
CCN(C(=O)c1cccc(C(=O)N(CC)c2cccc(C)c2)n1)c1cccc(C)c1,sc068,0.40888903372781854,91,1,0.1485350507070349,0.5257435210985713,L1_CORPUS_MEAN_permetal_w
CCN(C(=O)c1cccc(C(=O)N(CC)c2ccccc2C)n1)c1ccccc1C,sc070,0.25123613341153334,91,1,0.10914615086593672,0.29408544331203823,L1_CORPUS_MEAN_permetal_w
CCN(CC)C(=O)COCC(=O)N(CC)CC,sc071,0.14534673545757684,258,12,0.09970820382158498,0.19736496049527746,L1_CORPUS_MEAN_permetal_w
CCc1ccc(N(CC)C(=O)c2ccc3ccc4ccc(C(=O)N(CC)c5ccc(CC)cc5)nc4c3n2)cc1,sc068,1.2563345603662484,91,1,0.2776904085529911,1.8730396404647325,L1_CORPUS_MEAN_permetal_w
CN(C(=O)CC(=O)N(C)c1ccccc1)c1ccccc1,sc075,0.5477916365191935,91,1,0.27250489507869147,0.7156402402660069,L1_CORPUS_MEAN_permetal_w
CN(C(=O)COCC(=O)N(C)c1ccccc1)c1ccccc1,sc076,0.2705062545870553,243,11,0.11773171793285085,0.43117636395380143,L1_CORPUS_MEAN_permetal_w
CN(C(=O)c1cccc(C(=O)N(C)c2ccccc2)n1)c1ccccc1,sc077,0.3636251299958918,910,10,0.12059939803318608,0.4828290309104329,L1_CORPUS_MEAN_permetal_w
COCCN(CCOC)C(=O)COCC(=O)N(CCOC)CCOC,sc078,0.2599127851618314,91,1,0.09622949492490007,0.3604865901346472,L1_CORPUS_MEAN_permetal_w
O=C(COCC(=O)N1CCCCC1)N1CCCCC1,sc083,0.26432888158270823,91,1,0.09462816677471973,0.36997208322913977,L1_CORPUS_MEAN_permetal_w
O=C(O)CN(CC(=O)O)C1CCCCC1N(CC(=O)O)CC(=O)O,sc084,0.3805349184668102,28,1,0.24624665645368063,0.41891972976425984,L1_CORPUS_MEAN_permetal_w
O=C(O)CN(CCO)CCN(CC(=O)O)CC(=O)O,sc085,0.3937662734984472,28,1,0.26789445184772676,0.44626080755610625,L1_CORPUS_MEAN_permetal_w
O=C(c1cc(Cl)c2ccc3c(Cl)cc(C(=O)N4CCCC4)nc3c2n1)N1CCCC1,sc086,0.36282642725181347,182,2,0.11487077786415464,0.5277279694452125,L1_CORPUS_MEAN_permetal_w
O=c1c(O)c(-c2ccc(O)c(O)c2)oc2cc(O)cc(O)c12,sc092,0.5208291233603248,3,1,,0.5208291233603248,L1_CORPUS_MEAN_permetal_w
c1cc2nc(c1)COc1ccccc1OCCOCCOc1ccccc1OC2,sc096,0.7430518328575857,10,1,0.30135616731264836,0.936955067700449,L1_CORPUS_MEAN_permetal_w
c1ccc2c(c1)OCCOCCOc1ccccc1OCCOCCO2,sc097,0.5746752683819353,10,1,0.3917179164012712,0.6640799703496375,L1_CORPUS_MEAN_permetal_w
C1CCC2OCCOCCOC3CCCCC3OCCOCCOC2C1,sc000,0.8360536297635951,10,1,0.25783935611762626,1.112652835873694,L1_CORPUS_MEAN_permetal
C1COCCOCCOCCOCCOCCO1,sc001,0.89320835490334,10,1,0.29657335983265065,1.1688438078872017,L1_CORPUS_MEAN_permetal
CC(C)CCCC(C)CCCCN(C)C(=O)COCC(=O)N(C)CCCCC(C)CCCC(C)C,sc007,0.2399194661335682,91,1,0.08085458947690075,0.33598295229682723,L1_CORPUS_MEAN_permetal
CC(C)CCCCCP(=O)(CC(=O)N(CC(C)C)CC(C)C)c1ccccc1,sc008,0.1703042248434735,15,1,0.11407702663195333,0.1858810177001422,L1_CORPUS_MEAN_permetal
CC(C)CN(CC(C)C)C(=O)COCC(=O)N(CC(C)C)CC(C)C,sc010,0.07105390923893726,28,1,0.061590466254720665,0.057421787211006665,L1_CORPUS_MEAN_permetal
CC1(C)CCC(C)(C)c2nc(-c3cccc(-c4cccc(-c5nnc6c(n5)C(C)(C)CCC6(C)C)n4)n3)nnc21,sc012,0.38905612272926887,91,1,0.14840361924364598,0.45579578784467106,L1_CORPUS_MEAN_permetal
CC12CCC(c3nnc(-c4cccc(-c5nnc6c(n5)C5(C)CCC6C5(C)C)n4)nc31)C2(C)C,sc015,1.2442245613847571,91,1,0.28097690617773013,1.8535250330849597,L1_CORPUS_MEAN_permetal
CCCCC(CC)CN(C)C(=O)COCC(=O)N(C)CC(CC)CCCC,sc009,0.36600846152986233,91,1,0.17443862089360918,0.49656101591396146,L1_CORPUS_MEAN_permetal
CCCCC(CC)CN(CC(=O)N(CC(CC)CCCC)CC(CC)CCCC)CC(=O)N(CC(CC)CCCC)CC(CC)CCCC,sc016,2.1763668601777746,1,1,,,L1_CORPUS_MEAN_permetal
CCCCC(CC)CN(CC(CC)CCCC)C(=O)COCC(=O)N(CC(CC)CCCC)CC(CC)CCCC,sc009,0.10815206079856714,242,6,0.07887994161759297,0.11785043092619299,L1_CORPUS_MEAN_permetal
CCCCC(CC)CP(=O)(CC(=O)N(CC(C)C)CC(C)C)c1ccccc1,sc017,0.2019858022958381,15,1,0.11961607513657813,0.29384376186713507,L1_CORPUS_MEAN_permetal
CCCCCCC(C)N(CCCC)C(=O)COCC(=O)N(CCCC)C(C)CCCCCC,sc018,0.40496306369200374,170,17,0.3655576191558385,0.5366439792495638,L1_CORPUS_MEAN_permetal
CCCCCCC(CCCC)CCCN(C)C(=O)COCC(=O)N(C)CCCC(CCCC)CCCCCC,sc009,0.6517969495353351,91,1,0.16475954659240713,0.9773181777528519,L1_CORPUS_MEAN_permetal
CCCCCCCCC(C)(C)SCC1CN(C(=O)COCC(=O)N2CC(C)C(CSC(C)(C)CCCCCCCC)C2)CC1C,sc019,0.3717940535471129,91,1,0.09122017926725913,0.5639831210725104,L1_CORPUS_MEAN_permetal
CCCCCCCCCCCCN(C)C(=O)C1CC(OC)CC(C(=O)N(C)CCCCCCCCCCCC)O1,sc020,0.4866630609834033,63,3,0.17618228883797235,0.8509508365185846,L1_CORPUS_MEAN_permetal
CCCCCCCCCCCCN(CCCCCCCC)C(=O)COCC(=O)N(CCCCCCCC)CCCCCCCCCCCC,sc009,1.31481518179587,78,1,0.5049787857325189,1.9007412394201313,L1_CORPUS_MEAN_permetal
CCCCCCCCCCCCN(CCCCCCCCCCCC)C(=O)COC1CCCN(CCCCCC)C1=O,sc021,1.041287766582678,91,1,0.19403862795316423,1.5848337190677177,L1_CORPUS_MEAN_permetal
CCCCCCCCCCCCN(CCCCCCCCCCCC)C(=O)COCC(=O)N(CCCCCCCCCCCC)CCCCCCCCCCCC,sc009,0.26171598350666747,247,21,0.16174710309036053,0.3337607102875345,L1_CORPUS_MEAN_permetal
CCCCCCCCCCCCN(CCCCCCCCCCCC)C(=O)COCCOCC(=O)N(CCCCCCCCCCCC)CCCCCCCCCCCC,sc009,0.5777954365303337,229,10,0.22001948904442784,1.1814857603985283,L1_CORPUS_MEAN_permetal
CCCCCCCCCCN(CCCCCCCCCC)C(=O)C(C)OC(C)C(=O)N(CCCCCCCCCC)CCCCCCCCCC,sc027,0.10701169776861173,140,5,0.059713914412009954,0.1675933444784576,L1_CORPUS_MEAN_permetal
CCCCCCCCCCN(CCCCCCCCCC)C(=O)COCC(=O)N(CCCCCC)CCCCCC,sc009,0.21360293337324823,376,20,0.0929865398799619,0.31547547515829866,L1_CORPUS_MEAN_permetal
CCCCCCCCCCN(CCCCCCCCCC)C(=O)COCC(=O)N(CCCCCCCCCC)CCCCCCCCCC,sc009,0.2039991216916143,41,14,0.22076329345501958,0.17671149908710906,L1_CORPUS_MEAN_permetal
CCCCCCCCCCN(CCCCCCCCCC)C(=O)[C@H](C)O[C@H](CC)C(=O)N(CCCCCCCCCC)CCCCCCCCCC,sc027,0.31711223174315534,91,1,0.11630115992936248,0.42439685627627455,L1_CORPUS_MEAN_permetal
CCCCCCCCCCN(CCCCCCCCCC)C(=O)[C@H](CCC)O[C@H](CCC)C(=O)N(CCCCCCCCCC)CCCCCCCCCC,sc028,0.7145183159065611,78,1,0.142683865422336,1.052837915220326,L1_CORPUS_MEAN_permetal
CCCCCCCCN(C(=O)c1ccc2ccc3cccnc3c2n1)c1ccc(C)cc1,sc029,0.6318724174811239,91,1,0.21805205387954324,0.8003941503596929,L1_CORPUS_MEAN_permetal
CCCCCCCCN(C)C(=O)C(CCCCCC)C(=O)N(C)CCCCCCCC,sc030,0.558320838779255,36,1,0.1694772534521114,0.8817904493535206,L1_CORPUS_MEAN_permetal
CCCCCCCCN(C)C(=O)C(CCOCCCCCC)C(=O)N(C)CCCCCCCC,sc030,0.779352674770137,91,1,0.17539006149809713,1.1308515932359962,L1_CORPUS_MEAN_permetal
CCCCCCCCN(C)C(=O)CC(=O)N(C)CCCCCCCC,sc031,0.8676175769599886,36,1,0.2904912218893108,1.3615035873857109,L1_CORPUS_MEAN_permetal
CCCCCCCCN(C)C(=O)COCC(=O)N(C)CCCCCCCC,sc009,0.7896276865806359,1282,74,0.19340242273397534,1.2509447024061842,L1_CORPUS_MEAN_permetal
CCCCCCCCN(C)C(=O)COCC(=O)N(CCCCCCCC)CCCCCCCC,sc009,0.7741788383957869,91,1,0.23828406914679037,1.1324206615847259,L1_CORPUS_MEAN_permetal
CCCCCCCCN(CC(C)C)C(=O)COCC(=O)N(CCCCCCCC)CC(C)C,sc009,0.15348460771461417,28,1,0.20164457917088904,0.15680237070732295,L1_CORPUS_MEAN_permetal
CCCCCCCCN(CC(CC)CCCC)C(=O)COCC(=O)N(CCCCCCCC)CC(CC)CCCC,sc009,0.14411044038162338,28,1,0.20822776387160338,0.12551008376240916,L1_CORPUS_MEAN_permetal
CCCCCCCCN(CC)C(=O)COCC(=O)N(CC)CCCCCCCC,sc009,0.7097002388451763,91,1,0.2428532468717697,1.0059184361197295,L1_CORPUS_MEAN_permetal
CCCCCCCCN(CCC(C)CC(C)(C)C)C(=O)COCC(=O)N(CCCCCCCC)CCC(C)CC(C)(C)C,sc033,0.5847576963130257,91,1,0.16049890157257282,0.8810149993474454,L1_CORPUS_MEAN_permetal
CCCCCCCCN(CCC)C(=O)COCC(=O)N(CCC)CCCCCCCC,sc009,0.784086849340956,91,1,0.26760336830286824,1.1202701384139486,L1_CORPUS_MEAN_permetal
CCCCCCCCN(CCCC(CCCC)CCCCCC)C(=O)COCC(=O)N(CCCCCCCC)CCCC(CCCC)CCCCCC,sc009,0.7213570019410023,78,1,0.20588317768693584,1.1085880991139005,L1_CORPUS_MEAN_permetal
CCCCCCCCN(CCCCC(C)CCCC(C)C)C(=O)COCC(=O)N(CCCCCCCC)CCCCC(C)CCCC(C)C,sc009,0.9573755434063015,91,1,0.28038869934906707,1.4344611012835025,L1_CORPUS_MEAN_permetal
CCCCCCCCN(CCCCCCCC)C(=O)C(C)OC(C)C(=O)N(CCCCCCCC)CCCCCCCC,sc027,0.20444400640936602,91,1,0.11942677625726959,0.25760863259003797,L1_CORPUS_MEAN_permetal
CCCCCCCCN(CCCCCCCC)C(=O)CC(=O)N(CCCCCCCC)CCCCCCCC,sc036,0.589546540754239,36,1,0.29137406175406855,0.8531858100744654,L1_CORPUS_MEAN_permetal
CCCCCCCCN(CCCCCCCC)C(=O)CN(CC(=O)N(CCCCCCCC)CCCCCCCC)CC(=O)N(CCCCCCCC)CCCCCCCC,sc032,1.1920226078151317,10,5,1.174298944544481,,L1_CORPUS_MEAN_permetal
CCCCCCCCN(CCCCCCCC)C(=O)COCC(=O)N(C)C,sc009,1.0743399218047724,21,1,0.6318390338434229,1.3491218598868326,L1_CORPUS_MEAN_permetal
CCCCCCCCN(CCCCCCCC)C(=O)COCC(=O)N(CCCCCCCC)CCCCCCCC,sc009,0.47696807054786455,3457,171,0.14608687479452206,0.745665789015095,L1_CORPUS_MEAN_permetal
CCCCCCCCN(CCCCCCCC)C(=O)COCCOCC(=O)N(CCCCCCCC)CCCCCCCC,sc009,0.5401775960115088,43,2,0.2826102061527642,0.9831969573681363,L1_CORPUS_MEAN_permetal
CCCCCCCCN(CCCCCCCC)C(=O)[C@H](C)O[C@@H](C)C(=O)N(CCCCCCCC)CCCCCCCC,sc027,0.37425777604017135,91,1,0.1446281227855731,0.48973120600445136,L1_CORPUS_MEAN_permetal
CCCCCCCCN(CCCCCCCC)C(=O)[C@H](C)O[C@@H](CC)C(=O)N(CCCCCCCC)CCCCCCCC,sc027,0.2209330185401285,78,1,0.07697752612891864,0.3100745049942273,L1_CORPUS_MEAN_permetal
CCCCCCCCN(CCCCCCCC)C(=O)[C@H](C)O[C@H](C)C(=O)N(CCCCCCCC)CCCCCCCC,sc027,0.29167313282656776,91,1,0.09935126767779233,0.41294545540757205,L1_CORPUS_MEAN_permetal
CCCCCCCCN(CCCCCCCC)C(=O)[C@H](CCC)O[C@H](CCC)C(=O)N(CCCCCCCC)CCCCCCCC,sc028,0.7558577639060253,91,1,0.24300073881623419,1.0971182691090167,L1_CORPUS_MEAN_permetal
CCCCCCCCN(CCCCCCCC)C(=O)c1ccc2ccc3ccc(C(=O)N(CCCCCCCC)CCCCCCCC)nc3c2n1,sc029,0.4819289705409175,127,2,0.22566879517074864,0.70046691758907,L1_CORPUS_MEAN_permetal
CCCCCCCCP(=O)(CC(=O)N(CC(C)C)CC(C)C)c1ccccc1,sc008,0.415670973708967,81,2,0.09989340297276754,0.6064341846131143,L1_CORPUS_MEAN_permetal
CCCCCCCCP(=O)(CCCCCCCC)Cc1cccc(CP(=O)(CCCCCCCC)CCCCCCCC)[n+]1[O-],sc055,0.7004014881490414,182,2,0.14840969537272,1.0145186988429797,L1_CORPUS_MEAN_permetal
CCCCCCN(C)C(=O)CC(=O)N(C)CCCCCC,sc031,0.484743720874417,36,1,0.15350085972106883,0.748070602781329,L1_CORPUS_MEAN_permetal
CCCCCCN(CCC(C)CCC=C(C)C)C(=O)COCC(=O)N(CCCCCC)CCC(C)CCC=C(C)C,sc057,0.7809809696707779,91,1,0.20457899629169687,1.1805833415924418,L1_CORPUS_MEAN_permetal
CCCCCCN(CCC(C)CCCC(C)C)C(=O)COCC(=O)N(CCCCCC)CCC(C)CCCC(C)C,sc009,0.837231374455266,91,1,0.20840123446304354,1.2661188062985005,L1_CORPUS_MEAN_permetal
CCCCCCN(CCCCCC)C(=O)CC(=O)N(CCCCCC)CCCCCC,sc036,0.5740107185514715,36,1,0.2739993411605132,0.8718943428599263,L1_CORPUS_MEAN_permetal
CCCCCCN(CCCCCC)C(=O)COCC(=O)N(CCCCCC)CCCCCC,sc009,0.10792613614660197,59,3,0.12672042840811493,0.11235258794049018,L1_CORPUS_MEAN_permetal
CCCCCCOCCC(C(=O)N(C)CCCC)C(=O)N(C)CCCC,sc030,0.951308780591479,4,2,,1.5304528997691786,L1_CORPUS_MEAN_permetal
CCCCCCOP(=O)(O)OCCCCCC,sc058,0.8085453395053138,45,1,0.24924985553187595,1.1904226375288063,L1_CORPUS_MEAN_permetal
CCCCCCc1ccc(N(CC)C(=O)c2cccc(-c3cccc(C(=O)N(CC)c4ccc(CCCCCC)cc4)n3)n2)cc1,sc059,0.6695924855002232,91,1,0.14571257612005464,0.9892463475854525,L1_CORPUS_MEAN_permetal
CCCCCCn1c(-c2ccccc2)c(-c2ccccc2)c2cc3ccc4cc5c(-c6ccccc6)c(-c6ccccc6)n(CCCCCC)c(=O)c5nc4c3nc2c1=O,sc060,1.6578248665104385,182,2,0.36896594074672884,2.4906427713216974,L1_CORPUS_MEAN_permetal
CCCCCc1nnc(-c2cccc(-c3cccc(-c4nnc(CCCCC)c(CCCCC)n4)n3)n2)nc1CCCCC,sc061,0.5691069874961356,1236,16,0.2101200069108144,0.790667097066894,L1_CORPUS_MEAN_permetal
CCCCN(C)C(=O)CC(=O)N(C)CCCC,sc031,0.5278087244550121,7,3,,0.8572688826548349,L1_CORPUS_MEAN_permetal
CCCCN(CCCC)C(=O)C(Cc1ccccc1CC(C(=O)N(CCCC)CCCC)C(=O)N(CCCC)CCCC)C(=O)N(CCCC)CCCC,sc062,0.4950319762476521,6,1,,0.7065393654643323,L1_CORPUS_MEAN_permetal
CCCCN(CCCC)C(=O)CC(=O)N(CCCC)CCCC,sc036,0.6176269283158936,36,1,0.25563965090090274,0.9202299076106389,L1_CORPUS_MEAN_permetal
CCCCN(CCCC)C(=O)CCC(=O)N(CCCC)CCCC,sc036,0.24699743043924588,10,1,0.15022485420759782,0.558002320163689,L1_CORPUS_MEAN_permetal
CCCCN(CCCC)C(=O)COCC(=O)N(CCCC)CCCC,sc009,0.4776319481067116,186,33,0.25865379204299593,0.6148282145483207,L1_CORPUS_MEAN_permetal
CCCCN(CCCC)C(=O)c1ccc2ccc3ccc(C(=O)N(CCCC)CCCC)nc3c2n1,sc029,0.5308107415614359,91,1,0.1871830209125518,0.7731868145848643,L1_CORPUS_MEAN_permetal
CCCCN(CCCC)C(=O)c1ccccc1C(=O)O,sc063,2.216637592102232,3,1,,2.216637592102232,L1_CORPUS_MEAN_permetal
CCCN(CCC)C(=O)COCC(=O)N(CCC)CCC,sc009,0.16681206860662223,178,9,0.09420071437641546,0.26925963540561804,L1_CORPUS_MEAN_permetal
CCCc1nnc(-c2cccc(-c3nnc(CCC)c(CCC)n3)n2)nc1CCC,sc061,1.3729063307551956,91,1,0.36706541373477386,1.9444778802966844,L1_CORPUS_MEAN_permetal
CCN(C(=O)c1ccc2ccc3ccc(C(=O)N(CC)c4ccc(C)cc4)nc3c2n1)c1ccc(C)cc1,sc068,1.3737319300946957,3,1,,1.3737319300946957,L1_CORPUS_MEAN_permetal
CCN(C(=O)c1cccc(-c2cccc(C(=O)N(CC)c3cc(C)cc(C)c3)n2)n1)c1cc(C)cc(C)c1,sc068,0.4882246351943729,91,1,0.08799390227502579,0.7341147607482806,L1_CORPUS_MEAN_permetal
CCN(C(=O)c1cccc(-c2cccc(C(=O)N(CC)c3cc(C)ccc3C)n2)n1)c1cc(C)ccc1C,sc069,0.27049321845694224,91,1,0.09957214007278642,0.3676379354597923,L1_CORPUS_MEAN_permetal
CCN(C(=O)c1cccc(-c2cccc(C(=O)N(CC)c3ccc(C)cc3C)n2)n1)c1ccc(C)cc1C,sc069,0.3304352350728582,91,1,0.07586762472615972,0.4834340033441602,L1_CORPUS_MEAN_permetal
CCN(C(=O)c1cccc(-c2cccc(C(=O)N(CC)c3ccccc3)n2)n1)c1ccccc1,sc068,0.6651356096761979,91,1,0.13213359293966226,0.9944041052607542,L1_CORPUS_MEAN_permetal
CCN(C(=O)c1cccc(C(=O)N(CC)c2ccc(C)cc2)n1)c1ccc(C)cc1,sc068,0.31947935717207937,91,1,0.11976984564737367,0.39621580718521393,L1_CORPUS_MEAN_permetal
CCN(C(=O)c1cccc(C(=O)N(CC)c2cccc(C)c2)n1)c1cccc(C)c1,sc068,0.4508456598561936,91,1,0.14121599297782386,0.6277681878612215,L1_CORPUS_MEAN_permetal
CCN(C(=O)c1cccc(C(=O)N(CC)c2ccccc2C)n1)c1ccccc1C,sc070,0.18839600229700512,91,1,0.09267996499593908,0.2152862466193632,L1_CORPUS_MEAN_permetal
CCN(CC)C(=O)COCC(=O)N(CC)CC,sc071,0.2100525007610962,258,12,0.10851265272851737,0.34445820532075855,L1_CORPUS_MEAN_permetal
CCc1ccc(N(CC)C(=O)c2ccc3ccc4ccc(C(=O)N(CC)c5ccc(CC)cc5)nc4c3n2)cc1,sc068,1.4271965846221057,91,1,0.3022108503978485,2.1249821601850947,L1_CORPUS_MEAN_permetal
CN(C(=O)CC(=O)N(C)c1ccccc1)c1ccccc1,sc075,0.6806530853986815,91,1,0.307312578023193,0.9122145827684647,L1_CORPUS_MEAN_permetal
CN(C(=O)COCC(=O)N(C)c1ccccc1)c1ccccc1,sc076,0.2138441741213482,243,11,0.10335882389058436,0.31643449810111274,L1_CORPUS_MEAN_permetal
CN(C(=O)c1cccc(C(=O)N(C)c2ccccc2)n1)c1ccccc1,sc077,0.3923645079956,910,10,0.11250026091538455,0.5485832484775676,L1_CORPUS_MEAN_permetal
COCCN(CCOC)C(=O)COCC(=O)N(CCOC)CCOC,sc078,0.40131208275043917,91,1,0.10497095115586216,0.5947510771696412,L1_CORPUS_MEAN_permetal
O=C(COCC(=O)N1CCCCC1)N1CCCCC1,sc083,0.4073841903347945,91,1,0.10497266598586946,0.6052064428592628,L1_CORPUS_MEAN_permetal
O=C(O)CN(CC(=O)O)C1CCCCC1N(CC(=O)O)CC(=O)O,sc084,0.36578295679596334,28,1,0.23568124937603194,0.39801123034443847,L1_CORPUS_MEAN_permetal
O=C(O)CN(CCO)CCN(CC(=O)O)CC(=O)O,sc085,0.35137806593296383,28,1,0.2713399072406281,0.3875610024279946,L1_CORPUS_MEAN_permetal
O=C(c1cc(Cl)c2ccc3c(Cl)cc(C(=O)N4CCCC4)nc3c2n1)N1CCCC1,sc086,0.5142837732723805,182,2,0.12490821681266162,0.7705979785913462,L1_CORPUS_MEAN_permetal
O=c1c(O)c(-c2ccc(O)c(O)c2)oc2cc(O)cc(O)c12,sc092,0.788014666531098,3,1,,0.788014666531098,L1_CORPUS_MEAN_permetal
c1cc2nc(c1)COc1ccccc1OCCOCCOc1ccccc1OC2,sc096,0.9253794986961006,10,1,0.31827137018624296,1.20799867562294,L1_CORPUS_MEAN_permetal
c1ccc2c(c1)OCCOCCOc1ccccc1OCCOCCO2,sc097,0.7323691069434567,10,1,0.4064233275592659,0.9415389632408524,L1_CORPUS_MEAN_permetal
C1CCC2OCCOCCOC3CCCCC3OCCOCCOC2C1,sc000,0.9736217383688419,10,1,0.28004295347189506,1.3207518654111823,L1_CORPUS_MEAN_aligned
C1COCCOCCOCCOCCOCCO1,sc001,1.0307965652445465,10,1,0.3187845381733774,1.3769664659618952,L1_CORPUS_MEAN_aligned
CC(C)CCCC(C)CCCCN(C)C(=O)COCC(=O)N(C)CCCCC(C)CCCC(C)C,sc007,0.174226203945302,91,1,0.07471733044477308,0.21027542448634545,L1_CORPUS_MEAN_aligned
CC(C)CCCCCP(=O)(CC(=O)N(CC(C)C)CC(C)C)c1ccccc1,sc008,0.2038714325200287,15,1,0.120044691917191,0.2750570439343567,L1_CORPUS_MEAN_aligned
CC(C)CN(CC(C)C)C(=O)COCC(=O)N(CC(C)C)CC(C)C,sc010,0.1716765371085238,28,1,0.04756370599393955,0.23057142392419688,L1_CORPUS_MEAN_aligned
CC1(C)CCC(C)(C)c2nc(-c3cccc(-c4cccc(-c5nnc6c(n5)C(C)(C)CCC6(C)C)n4)n3)nnc21,sc012,0.3898628889516561,91,1,0.1395598143071868,0.48217817184173384,L1_CORPUS_MEAN_aligned
CC12CCC(c3nnc(-c4cccc(-c5nnc6c(n5)C5(C)CCC6C5(C)C)n4)nc31)C2(C)C,sc015,1.1000801655462988,91,1,0.2632826786885427,1.621605506978608,L1_CORPUS_MEAN_aligned
CCCCC(CC)CN(C)C(=O)COCC(=O)N(C)CC(CC)CCCC,sc009,0.3022338339654356,91,1,0.15695714637132824,0.37645111883382354,L1_CORPUS_MEAN_aligned
CCCCC(CC)CN(CC(=O)N(CC(CC)CCCC)CC(CC)CCCC)CC(=O)N(CC(CC)CCCC)CC(CC)CCCC,sc016,2.2282158325095125,1,1,,,L1_CORPUS_MEAN_aligned
CCCCC(CC)CN(CC(CC)CCCC)C(=O)COCC(=O)N(CC(CC)CCCC)CC(CC)CCCC,sc009,0.21812478660669604,242,6,0.07543783238976648,0.31325076372321037,L1_CORPUS_MEAN_aligned
CCCCC(CC)CP(=O)(CC(=O)N(CC(C)C)CC(C)C)c1ccccc1,sc017,0.23665127205201106,15,1,0.12558688215978114,0.3830556092633515,L1_CORPUS_MEAN_aligned
CCCCCCC(C)N(CCCC)C(=O)COCC(=O)N(CCCC)C(C)CCCCCC,sc018,0.31163918051701855,170,17,0.2905614903625056,0.3711414736871488,L1_CORPUS_MEAN_aligned
CCCCCCC(CCCC)CCCN(C)C(=O)COCC(=O)N(C)CCCC(CCCC)CCCCCC,sc009,0.49951190829694064,91,1,0.14482948280631602,0.738652493528632,L1_CORPUS_MEAN_aligned
CCCCCCCCC(C)(C)SCC1CN(C(=O)COCC(=O)N2CC(C)C(CSC(C)(C)CCCCCCCC)C2)CC1C,sc019,0.2254331711786305,91,1,0.08285791128127842,0.3272541333023346,L1_CORPUS_MEAN_aligned
CCCCCCCCCCCCN(C)C(=O)C1CC(OC)CC(C(=O)N(C)CCCCCCCCCCCC)O1,sc020,0.4111333984755854,63,3,0.1731315679001429,0.6965505602672278,L1_CORPUS_MEAN_aligned
CCCCCCCCCCCCN(CCCCCCCC)C(=O)COCC(=O)N(CCCCCCCC)CCCCCCCCCCCC,sc009,1.1619085468803865,78,1,0.48052834548263357,1.6712739986969016,L1_CORPUS_MEAN_aligned
CCCCCCCCCCCCN(CCCCCCCCCCCC)C(=O)COC1CCCN(CCCCCC)C1=O,sc021,0.8859403751110076,91,1,0.16603898999667568,1.3473321309230593,L1_CORPUS_MEAN_aligned
CCCCCCCCCCCCN(CCCCCCCCCCCC)C(=O)COCC(=O)N(CCCCCCCCCCCC)CCCCCCCCCCCC,sc009,0.2782156750707062,247,21,0.1618245401139598,0.4019748747678289,L1_CORPUS_MEAN_aligned
CCCCCCCCCCCCN(CCCCCCCCCCCC)C(=O)COCCOCC(=O)N(CCCCCCCCCCCC)CCCCCCCCCCCC,sc009,0.6332367807260393,229,10,0.23809027172189387,1.3008778097892224,L1_CORPUS_MEAN_aligned
CCCCCCCCCCN(CCCCCCCCCC)C(=O)C(C)OC(C)C(=O)N(CCCCCCCCCC)CCCCCCCCCC,sc027,0.10886412648811447,140,5,0.08825172822548566,0.1298911759403817,L1_CORPUS_MEAN_aligned
CCCCCCCCCCN(CCCCCCCCCC)C(=O)COCC(=O)N(CCCCCC)CCCCCC,sc009,0.34981108006483885,376,20,0.12939526823380806,0.5595333552053091,L1_CORPUS_MEAN_aligned
CCCCCCCCCCN(CCCCCCCCCC)C(=O)COCC(=O)N(CCCCCCCCCC)CCCCCCCCCC,sc009,0.2578391663726999,41,14,0.3231404424716195,0.28690513918112753,L1_CORPUS_MEAN_aligned
CCCCCCCCCCN(CCCCCCCCCC)C(=O)[C@H](C)O[C@H](CC)C(=O)N(CCCCCCCCCC)CCCCCCCCCC,sc027,0.44570119767307187,91,1,0.12911116810693601,0.617571536581986,L1_CORPUS_MEAN_aligned
CCCCCCCCCCN(CCCCCCCCCC)C(=O)[C@H](CCC)O[C@H](CCC)C(=O)N(CCCCCCCCCC)CCCCCCCCCC,sc028,0.8753849005897407,78,1,0.1721514437220941,1.304707846231525,L1_CORPUS_MEAN_aligned
CCCCCCCCN(C(=O)c1ccc2ccc3cccnc3c2n1)c1ccc(C)cc1,sc029,0.7795440551780953,91,1,0.2351445645373141,1.0362000914773672,L1_CORPUS_MEAN_aligned
CCCCCCCCN(C)C(=O)C(CCCCCC)C(=O)N(C)CCCCCCCC,sc030,0.6932837757270396,36,1,0.15993652362466532,1.1186446289330443,L1_CORPUS_MEAN_aligned
CCCCCCCCN(C)C(=O)C(CCOCCCCCC)C(=O)N(C)CCCCCCCC,sc030,0.9367169197314256,91,1,0.19028158933938272,1.3733708804169447,L1_CORPUS_MEAN_aligned
CCCCCCCCN(C)C(=O)CC(=O)N(C)CCCCCCCC,sc031,1.0127848437056934,36,1,0.31849642498794045,1.5989030468995742,L1_CORPUS_MEAN_aligned
CCCCCCCCN(C)C(=O)COCC(=O)N(C)CCCCCCCC,sc009,0.6690913145248909,1282,74,0.1743144574620445,1.041864137791242,L1_CORPUS_MEAN_aligned
CCCCCCCCN(C)C(=O)COCC(=O)N(CCCCCCCC)CCCCCCCC,sc009,0.632109557418644,91,1,0.21712369295508063,0.8969902776671044,L1_CORPUS_MEAN_aligned
CCCCCCCCN(CC(C)C)C(=O)COCC(=O)N(CCCCCCCC)CC(C)C,sc009,0.23730029584204324,28,1,0.13932448178339563,0.32855487658541793,L1_CORPUS_MEAN_aligned
CCCCCCCCN(CC(CC)CCCC)C(=O)COCC(=O)N(CCCCCCCC)CC(CC)CCCC,sc009,0.2128415361700065,28,1,0.17130868991357498,0.275965046905012,L1_CORPUS_MEAN_aligned
CCCCCCCCN(CC)C(=O)COCC(=O)N(CC)CCCCCCCC,sc009,0.588232875281055,91,1,0.2215462806281112,0.7996608617907981,L1_CORPUS_MEAN_aligned
CCCCCCCCN(CCC(C)CC(C)(C)C)C(=O)COCC(=O)N(CCCCCCCC)CCC(C)CC(C)(C)C,sc033,0.4302427089457712,91,1,0.14386210217600218,0.642259642488913,L1_CORPUS_MEAN_aligned
CCCCCCCCN(CCC)C(=O)COCC(=O)N(CCC)CCCCCCCC,sc009,0.6529286898862202,91,1,0.24632330752273385,0.9010972674685332,L1_CORPUS_MEAN_aligned
CCCCCCCCN(CCCC(CCCC)CCCCCC)C(=O)COCC(=O)N(CCCCCCCC)CCCC(CCCC)CCCCCC,sc009,0.5761993035627876,78,1,0.18804812222797204,0.8782001000755838,L1_CORPUS_MEAN_aligned
CCCCCCCCN(CCCCC(C)CCCC(C)C)C(=O)COCC(=O)N(CCCCCCCC)CCCCC(C)CCCC(C)C,sc009,0.8014078223502447,91,1,0.25279961762527375,1.1966646066317235,L1_CORPUS_MEAN_aligned
CCCCCCCCN(CCCCCCCC)C(=O)C(C)OC(C)C(=O)N(CCCCCCCC)CCCCCCCC,sc027,0.28274103234610976,91,1,0.10702361945717495,0.3801876845894668,L1_CORPUS_MEAN_aligned
CCCCCCCCN(CCCCCCCC)C(=O)CC(=O)N(CCCCCCCC)CCCCCCCC,sc036,0.6943123415641811,36,1,0.28351247349961695,1.0640081024382677,L1_CORPUS_MEAN_aligned
CCCCCCCCN(CCCCCCCC)C(=O)CN(CC(=O)N(CCCCCCCC)CCCCCCCC)CC(=O)N(CCCCCCCC)CCCCCCCC,sc032,1.2073598679840676,10,5,1.184698115798062,,L1_CORPUS_MEAN_aligned
CCCCCCCCN(CCCCCCCC)C(=O)COCC(=O)N(C)C,sc009,0.9999318494345653,21,1,0.5969258698597275,1.1887922015414418,L1_CORPUS_MEAN_aligned
CCCCCCCCN(CCCCCCCC)C(=O)COCC(=O)N(CCCCCCCC)CCCCCCCC,sc009,0.3994051312049332,3457,171,0.13023811205657268,0.6166330147460555,L1_CORPUS_MEAN_aligned
CCCCCCCCN(CCCCCCCC)C(=O)COCCOCC(=O)N(CCCCCCCC)CCCCCCCC,sc009,0.580785584173119,43,2,0.29471242514571916,1.0608056975954159,L1_CORPUS_MEAN_aligned
CCCCCCCCN(CCCCCCCC)C(=O)[C@H](C)O[C@@H](C)C(=O)N(CCCCCCCC)CCCCCCCC,sc027,0.3155725823966236,91,1,0.13174805794970973,0.40147599755059027,L1_CORPUS_MEAN_aligned
CCCCCCCCN(CCCCCCCC)C(=O)[C@H](C)O[C@@H](CC)C(=O)N(CCCCCCCC)CCCCCCCC,sc027,0.37339516204039364,78,1,0.09334064542232405,0.5528829908904347,L1_CORPUS_MEAN_aligned
CCCCCCCCN(CCCCCCCC)C(=O)[C@H](C)O[C@H](C)C(=O)N(CCCCCCCC)CCCCCCCC,sc027,0.44418594874957307,91,1,0.10880396875063081,0.6541589938363419,L1_CORPUS_MEAN_aligned
CCCCCCCCN(CCCCCCCC)C(=O)[C@H](CCC)O[C@H](CCC)C(=O)N(CCCCCCCC)CCCCCCCC,sc028,0.910072097815167,91,1,0.2490318378338801,1.3396714805988412,L1_CORPUS_MEAN_aligned
CCCCCCCCN(CCCCCCCC)C(=O)c1ccc2ccc3ccc(C(=O)N(CCCCCCCC)CCCCCCCC)nc3c2n1,sc029,0.6349903107723021,127,2,0.2452568686414679,0.9469698700074541,L1_CORPUS_MEAN_aligned
CCCCCCCCP(=O)(CC(=O)N(CC(C)C)CC(C)C)c1ccccc1,sc008,0.5704174290490879,81,2,0.12156978173217801,0.8574662234149428,L1_CORPUS_MEAN_aligned
CCCCCCCCP(=O)(CCCCCCCC)Cc1cccc(CP(=O)(CCCCCCCC)CCCCCCCC)[n+]1[O-],sc055,0.8537308101793497,182,2,0.16863614196596471,1.2528351745091162,L1_CORPUS_MEAN_aligned
CCCCCCN(C)C(=O)CC(=O)N(C)CCCCCC,sc031,0.6152613962153946,36,1,0.1709708347268347,0.9848089803699658,L1_CORPUS_MEAN_aligned
CCCCCCN(CCC(C)CCC=C(C)C)C(=O)COCC(=O)N(CCCCCC)CCC(C)CCC=C(C)C,sc057,0.625567565622231,91,1,0.18456581934950436,0.9423001831107343,L1_CORPUS_MEAN_aligned
CCCCCCN(CCC(C)CCCC(C)C)C(=O)COCC(=O)N(CCCCCC)CCC(C)CCCC(C)C,sc009,0.6825989691372073,91,1,0.19103408824180257,1.0279964724084794,L1_CORPUS_MEAN_aligned
CCCCCCN(CCCCCC)C(=O)CC(=O)N(CCCCCC)CCCCCC,sc036,0.7066585035279715,36,1,0.3062259785155798,1.108807320473345,L1_CORPUS_MEAN_aligned
CCCCCCN(CCCCCC)C(=O)COCC(=O)N(CCCCCC)CCCCCC,sc009,0.22172763346912833,59,3,0.08976208736188217,0.2976097417538319,L1_CORPUS_MEAN_aligned
CCCCCCOCCC(C(=O)N(C)CCCC)C(=O)N(C)CCCC,sc030,1.0055369574948414,4,2,,1.6131836831219046,L1_CORPUS_MEAN_aligned
CCCCCCOP(=O)(O)OCCCCCC,sc058,0.6700780777654342,45,1,0.24005428380671143,0.9560734624846707,L1_CORPUS_MEAN_aligned
CCCCCCc1ccc(N(CC)C(=O)c2cccc(-c3cccc(C(=O)N(CC)c4ccc(CCCCCC)cc4)n3)n2)cc1,sc059,0.8285514060783135,91,1,0.17285560379238152,1.2315352802714792,L1_CORPUS_MEAN_aligned
CCCCCCn1c(-c2ccccc2)c(-c2ccccc2)c2cc3ccc4cc5c(-c6ccccc6)c(-c6ccccc6)n(CCCCCC)c(=O)c5nc4c3nc2c1=O,sc060,1.8137966594578272,182,2,0.38110163205001285,2.73564744395512,L1_CORPUS_MEAN_aligned
CCCCCc1nnc(-c2cccc(-c3cccc(-c4nnc(CCCCC)c(CCCCC)n4)n3)n2)nc1CCCCC,sc061,0.4477743054971019,1236,16,0.21093911675039798,0.6009429508421389,L1_CORPUS_MEAN_aligned
CCCCN(C)C(=O)CC(=O)N(C)CCCC,sc031,0.5793837742993785,7,3,,0.9397990671647403,L1_CORPUS_MEAN_aligned
CCCCN(CCCC)C(=O)C(Cc1ccccc1CC(C(=O)N(CCCC)CCCC)C(=O)N(CCCC)CCCC)C(=O)N(CCCC)CCCC,sc062,0.6513638412483858,6,1,,0.9206919605344505,L1_CORPUS_MEAN_aligned
CCCCN(CCCC)C(=O)CC(=O)N(CCCC)CCCC,sc036,0.724227150734897,36,1,0.23273362450334253,1.144752637380354,L1_CORPUS_MEAN_aligned
CCCCN(CCCC)C(=O)CCC(=O)N(CCCC)CCCC,sc036,0.3704804795042672,10,1,0.20384401840207153,0.8221879018940528,L1_CORPUS_MEAN_aligned
CCCCN(CCCC)C(=O)COCC(=O)N(CCCC)CCCC,sc009,0.4014996052531995,186,33,0.23278652936788263,0.511188475066427,L1_CORPUS_MEAN_aligned
CCCCN(CCCC)C(=O)c1ccc2ccc3ccc(C(=O)N(CCCC)CCCC)nc3c2n1,sc029,0.6807867861615947,91,1,0.17730683762868857,1.0150808484492555,L1_CORPUS_MEAN_aligned
CCCCN(CCCC)C(=O)c1ccccc1C(=O)O,sc063,2.162345532772896,3,1,,2.162345532772896,L1_CORPUS_MEAN_aligned
CCCN(CCC)C(=O)COCC(=O)N(CCC)CCC,sc009,0.16073823243743574,178,9,0.09126789275567894,0.25871090225748095,L1_CORPUS_MEAN_aligned
CCCc1nnc(-c2cccc(-c3nnc(CCC)c(CCC)n3)n2)nc1CCC,sc061,1.2268467056205317,91,1,0.3415600166091056,1.7147402370884903,L1_CORPUS_MEAN_aligned
CCN(C(=O)c1ccc2ccc3ccc(C(=O)N(CC)c4ccc(C)cc4)nc3c2n1)c1ccc(C)cc1,sc068,1.6047287363304228,3,1,,1.6047287363304228,L1_CORPUS_MEAN_aligned
CCN(C(=O)c1cccc(-c2cccc(C(=O)N(CC)c3cc(C)cc(C)c3)n2)n1)c1cc(C)cc(C)c1,sc068,0.6470717757118848,91,1,0.11630798672231285,0.9759734003213054,L1_CORPUS_MEAN_aligned
CCN(C(=O)c1cccc(-c2cccc(C(=O)N(CC)c3cc(C)ccc3C)n2)n1)c1cc(C)ccc1C,sc069,0.4031928237913169,91,1,0.10389547586137685,0.5826445528835491,L1_CORPUS_MEAN_aligned
CCN(C(=O)c1cccc(-c2cccc(C(=O)N(CC)c3ccc(C)cc3C)n2)n1)c1ccc(C)cc1C,sc069,0.4847132163280223,91,1,0.10134059709826712,0.7236411099479008,L1_CORPUS_MEAN_aligned
CCN(C(=O)c1cccc(-c2cccc(C(=O)N(CC)c3ccccc3)n2)n1)c1ccccc1,sc068,0.8240194007062622,91,1,0.15858586015249498,1.2367339359753755,L1_CORPUS_MEAN_aligned
CCN(C(=O)c1cccc(C(=O)N(CC)c2ccc(C)cc2)n1)c1ccc(C)cc1,sc068,0.38909561316755326,91,1,0.13215412400988819,0.5145989070546491,L1_CORPUS_MEAN_aligned
CCN(C(=O)c1cccc(C(=O)N(CC)c2cccc(C)c2)n1)c1cccc(C)c1,sc068,0.5543273729785952,91,1,0.15734492748736836,0.7953334310331067,L1_CORPUS_MEAN_aligned
CCN(C(=O)c1cccc(C(=O)N(CC)c2ccccc2C)n1)c1ccccc1C,sc070,0.27726216787048674,91,1,0.10007374017124107,0.3632029752466005,L1_CORPUS_MEAN_aligned
CCN(CC)C(=O)COCC(=O)N(CC)CC,sc071,0.2434352404395488,258,12,0.11983884542965852,0.4193531341779498,L1_CORPUS_MEAN_aligned
CCc1ccc(N(CC)C(=O)c2ccc3ccc4ccc(C(=O)N(CC)c5ccc(CC)cc5)nc4c3n2)cc1,sc068,1.5860701390685426,91,1,0.3195065651202835,2.3693310789289637,L1_CORPUS_MEAN_aligned
CN(C(=O)CC(=O)N(C)c1ccccc1)c1ccccc1,sc075,0.8164704267002265,91,1,0.3048688853468374,1.1271695896000937,L1_CORPUS_MEAN_aligned
CN(C(=O)COCC(=O)N(C)c1ccccc1)c1ccccc1,sc076,0.21727210640331004,243,11,0.11032788674906388,0.3372683103484677,L1_CORPUS_MEAN_aligned
CN(C(=O)c1cccc(C(=O)N(C)c2ccccc2)n1)c1ccccc1,sc077,0.4765853159382002,910,10,0.12557952656748686,0.6832565291482826,L1_CORPUS_MEAN_aligned
COCCN(CCOC)C(=O)COCC(=O)N(CCOC)CCOC,sc078,0.5556737963885451,91,1,0.11159724880006404,0.8363324608511709,L1_CORPUS_MEAN_aligned
O=C(COCC(=O)N1CCCCC1)N1CCCCC1,sc083,0.5619783666102081,91,1,0.11314508596428376,0.8468066591211966,L1_CORPUS_MEAN_aligned
O=C(O)CN(CC(=O)O)C1CCCCC1N(CC(=O)O)CC(=O)O,sc084,0.3782806155242335,28,1,0.18745359247413804,0.41420567328555025,L1_CORPUS_MEAN_aligned
O=C(O)CN(CCO)CCN(CC(=O)O)CC(=O)O,sc085,0.3455822578275214,28,1,0.21072273760675764,0.4025571307344794,L1_CORPUS_MEAN_aligned
O=C(c1cc(Cl)c2ccc3c(Cl)cc(C(=O)N4CCCC4)nc3c2n1)N1CCCC1,sc086,0.6726575789180571,182,2,0.15331270415502643,1.012506918047471,L1_CORPUS_MEAN_aligned
O=c1c(O)c(-c2ccc(O)c(O)c2)oc2cc(O)cc(O)c12,sc092,1.0187460697925743,3,1,,1.0187460697925743,L1_CORPUS_MEAN_aligned
c1cc2nc(c1)COc1ccccc1OCCOCCOc1ccccc1OC2,sc096,1.0629843900727782,10,1,0.3404891880946407,1.4161447038200858,L1_CORPUS_MEAN_aligned
c1ccc2c(c1)OCCOCCOc1ccccc1OCCOCCO2,sc097,0.8622915466040701,10,1,0.428701481210358,1.1495579396561981,L1_CORPUS_MEAN_aligned
C1CCC2OCCOCCOC3CCCCC3OCCOCCOC2C1,sc000,0.6685595509628481,10,1,0.2441977168063265,0.8653871524534864,L1_CORPUS_MEAN_aligned_w
C1COCCOCCOCCOCCOCCO1,sc001,0.7270507277463015,10,1,0.28380421129848044,0.9229377309679064,L1_CORPUS_MEAN_aligned_w
CC(C)CCCC(C)CCCCN(C)C(=O)COCC(=O)N(C)CCCCC(C)CCCC(C)C,sc007,0.3394525454959141,91,1,0.10246350885344595,0.5001216481628755,L1_CORPUS_MEAN_aligned_w
CC(C)CCCCCP(=O)(CC(=O)N(CC(C)C)CC(C)C)c1ccccc1,sc008,0.10555597549699539,15,1,0.07903361428112224,0.06900040951017496,L1_CORPUS_MEAN_aligned_w
CC(C)CN(CC(C)C)C(=O)COCC(=O)N(CC(C)C)CC(C)C,sc010,0.16937521550735207,28,1,0.10073661505241056,0.20253810294944166,L1_CORPUS_MEAN_aligned_w
CC1(C)CCC(C)(C)c2nc(-c3cccc(-c4cccc(-c5nnc6c(n5)C(C)(C)CCC6(C)C)n4)n3)nnc21,sc012,0.39018363663296457,91,1,0.1508708468420949,0.46075539806570265,L1_CORPUS_MEAN_aligned_w
CC12CCC(c3nnc(-c4cccc(-c5nnc6c(n5)C5(C)CCC6C5(C)C)n4)nc31)C2(C)C,sc015,1.3928897201672994,91,1,0.31035199163078153,2.1020629299744806,L1_CORPUS_MEAN_aligned_w
CCCCC(CC)CN(C)C(=O)COCC(=O)N(C)CC(CC)CCCC,sc009,0.4401881360968269,91,1,0.15998788991479526,0.6274628362277734,L1_CORPUS_MEAN_aligned_w
CCCCC(CC)CN(CC(=O)N(CC(CC)CCCC)CC(CC)CCCC)CC(=O)N(CC(CC)CCCC)CC(CC)CCCC,sc016,2.07901085485507,1,1,,,L1_CORPUS_MEAN_aligned_w
CCCCC(CC)CN(CC(CC)CCCC)C(=O)COCC(=O)N(CC(CC)CCCC)CC(CC)CCCC,sc009,0.11704652677400768,242,6,0.0804312125929233,0.13658105109709023,L1_CORPUS_MEAN_aligned_w
CCCCC(CC)CP(=O)(CC(=O)N(CC(C)C)CC(C)C)c1ccccc1,sc017,0.12851290968557014,15,1,0.07929788543877729,0.13453860816147525,L1_CORPUS_MEAN_aligned_w
CCCCCCC(C)N(CCCC)C(=O)COCC(=O)N(CCCC)C(C)CCCCCC,sc018,0.5352428477254685,170,17,0.40137772964280655,0.7617491451167404,L1_CORPUS_MEAN_aligned_w
CCCCCCC(CCCC)CCCN(C)C(=O)COCC(=O)N(C)CCCC(CCCC)CCCCCC,sc009,0.7906986062159493,91,1,0.19886832453601247,1.1797335933370814,L1_CORPUS_MEAN_aligned_w
CCCCCCCCC(C)(C)SCC1CN(C(=O)COCC(=O)N2CC(C)C(CSC(C)(C)CCCCCCCC)C2)CC1C,sc019,0.529230517262264,91,1,0.12330534494776065,0.7978792698300342,L1_CORPUS_MEAN_aligned_w
CCCCCCCCCCCCN(C)C(=O)C1CC(OC)CC(C(=O)N(C)CCCCCCCCCCCC)O1,sc020,0.5624501911831201,63,3,0.2111476656377229,0.9723726762345787,L1_CORPUS_MEAN_aligned_w
CCCCCCCCCCCCN(CCCCCCCC)C(=O)COCC(=O)N(CCCCCCCC)CCCCCCCCCCCC,sc009,1.443571024585547,78,1,0.48088036861670014,2.105904429536595,L1_CORPUS_MEAN_aligned_w
CCCCCCCCCCCCN(CCCCCCCCCCCC)C(=O)COC1CCCN(CCCCCC)C1=O,sc021,1.2232815750105257,91,1,0.2176934783462724,1.8543262816242885,L1_CORPUS_MEAN_aligned_w
CCCCCCCCCCCCN(CCCCCCCCCCCC)C(=O)COCC(=O)N(CCCCCCCCCCCC)CCCCCCCCCCCC,sc009,0.2864730521058955,247,21,0.18178526058299482,0.3770661372355546,L1_CORPUS_MEAN_aligned_w
CCCCCCCCCCCCN(CCCCCCCCCCCC)C(=O)COCCOCC(=O)N(CCCCCCCCCCCC)CCCCCCCCCCCC,sc009,0.47971623119530665,229,10,0.21596294357174994,0.9844284086813752,L1_CORPUS_MEAN_aligned_w
CCCCCCCCCCN(CCCCCCCCCC)C(=O)C(C)OC(C)C(=O)N(CCCCCCCCCC)CCCCCCCCCC,sc027,0.1783929818479766,140,5,0.1064502781773042,0.28171752604238076,L1_CORPUS_MEAN_aligned_w
CCCCCCCCCCN(CCCCCCCCCC)C(=O)COCC(=O)N(CCCCCC)CCCCCC,sc009,0.14207496145059503,376,20,0.11881975738434204,0.16827901689307312,L1_CORPUS_MEAN_aligned_w
CCCCCCCCCCN(CCCCCCCCCC)C(=O)COCC(=O)N(CCCCCCCCCC)CCCCCCCCCC,sc009,0.24973613722516227,41,14,0.2833387792368549,0.2944947111382173,L1_CORPUS_MEAN_aligned_w
CCCCCCCCCCN(CCCCCCCCCC)C(=O)[C@H](C)O[C@H](CC)C(=O)N(CCCCCCCCCC)CCCCCCCCCC,sc027,0.22150539240145406,91,1,0.11326326607354918,0.28465335667558206,L1_CORPUS_MEAN_aligned_w
CCCCCCCCCCN(CCCCCCCCCC)C(=O)[C@H](CCC)O[C@H](CCC)C(=O)N(CCCCCCCCCC)CCCCCCCCCC,sc028,0.603223504937141,78,1,0.15043780139940846,0.8763632333211004,L1_CORPUS_MEAN_aligned_w
CCCCCCCCN(C(=O)c1ccc2ccc3cccnc3c2n1)c1ccc(C)cc1,sc029,0.5313651961195075,91,1,0.17732012248464216,0.6428790823769704,L1_CORPUS_MEAN_aligned_w
CCCCCCCCN(C)C(=O)C(CCCCCC)C(=O)N(C)CCCCCCCC,sc030,0.44508370405785463,36,1,0.11101240994675486,0.7234847688634513,L1_CORPUS_MEAN_aligned_w
CCCCCCCCN(C)C(=O)C(CCOCCCCCC)C(=O)N(C)CCCCCCCC,sc030,0.640021938149184,91,1,0.14870844633636737,0.9281337984776111,L1_CORPUS_MEAN_aligned_w
CCCCCCCCN(C)C(=O)CC(=O)N(C)CCCCCCCC,sc031,0.767262210084435,36,1,0.28740978254668686,1.203181727584298,L1_CORPUS_MEAN_aligned_w
CCCCCCCCN(C)C(=O)COCC(=O)N(C)CCCCCCCC,sc009,0.9008214014164865,1282,74,0.21456705134502776,1.432743352426335,L1_CORPUS_MEAN_aligned_w
CCCCCCCCN(C)C(=O)COCC(=O)N(CCCCCCCC)CCCCCCCC,sc009,0.9016664325937692,91,1,0.26036398124755583,1.329443979267781,L1_CORPUS_MEAN_aligned_w
CCCCCCCCN(CC(C)C)C(=O)COCC(=O)N(CCCCCCCC)CC(C)C,sc009,0.13776778413777174,28,1,0.13758552624007073,0.14377135626781223,L1_CORPUS_MEAN_aligned_w
CCCCCCCCN(CC(CC)CCCC)C(=O)COCC(=O)N(CCCCCCCC)CC(CC)CCCC,sc009,0.15506978683575728,28,1,0.12480852128969362,0.17703692180791514,L1_CORPUS_MEAN_aligned_w
CCCCCCCCN(CC)C(=O)COCC(=O)N(CC)CCCCCCCC,sc009,0.8155350073280946,91,1,0.25165926129838057,1.1844787984194376,L1_CORPUS_MEAN_aligned_w
CCCCCCCCN(CCC(C)CC(C)(C)C)C(=O)COCC(=O)N(CCCCCCCC)CCC(C)CC(C)(C)C,sc033,0.7519157215017063,91,1,0.20012010289182133,1.1255438999349767,L1_CORPUS_MEAN_aligned_w
CCCCCCCCN(CCC)C(=O)COCC(=O)N(CCC)CCCCCCCC,sc009,0.9007569228945566,91,1,0.2881445410866807,1.3079816070042676,L1_CORPUS_MEAN_aligned_w
CCCCCCCCN(CCCC(CCCC)CCCCCC)C(=O)COCC(=O)N(CCCCCCCC)CCCC(CCCC)CCCCCC,sc009,0.8539769920987822,78,1,0.23069441940542992,1.3112202547874845,L1_CORPUS_MEAN_aligned_w
CCCCCCCCN(CCCCC(C)CCCC(C)C)C(=O)COCC(=O)N(CCCCCCCC)CCCCC(C)CCCC(C)C,sc009,1.0861170977871009,91,1,0.2707698784776446,1.6348641202162193,L1_CORPUS_MEAN_aligned_w
CCCCCCCCN(CCCCCCCC)C(=O)C(C)OC(C)C(=O)N(CCCCCCCC)CCCCCCCC,sc027,0.1849220539294365,91,1,0.10719976116967901,0.24248458306046403,L1_CORPUS_MEAN_aligned_w
CCCCCCCCN(CCCCCCCC)C(=O)CC(=O)N(CCCCCCCC)CCCCCCCC,sc036,0.48478746369296233,36,1,0.24122492341648016,0.7162389338437511,L1_CORPUS_MEAN_aligned_w
CCCCCCCCN(CCCCCCCC)C(=O)CN(CC(=O)N(CCCCCCCC)CCCCCCCC)CC(=O)N(CCCCCCCC)CCCCCCCC,sc032,1.2008467881761355,10,5,1.2172487715008284,,L1_CORPUS_MEAN_aligned_w
CCCCCCCCN(CCCCCCCC)C(=O)COCC(=O)N(C)C,sc009,1.1477836269580528,21,1,0.6229389323617778,1.475041185012647,L1_CORPUS_MEAN_aligned_w
CCCCCCCCN(CCCCCCCC)C(=O)COCC(=O)N(CCCCCCCC)CCCCCCCC,sc009,0.5601099207616613,3457,171,0.16478332943813054,0.8796550858842055,L1_CORPUS_MEAN_aligned_w
CCCCCCCCN(CCCCCCCC)C(=O)COCCOCC(=O)N(CCCCCCCC)CCCCCCCC,sc009,0.4461815218237379,43,2,0.2721677086798548,0.7754884035555728,L1_CORPUS_MEAN_aligned_w
CCCCCCCCN(CCCCCCCC)C(=O)[C@H](C)O[C@@H](C)C(=O)N(CCCCCCCC)CCCCCCCC,sc027,0.4308929739406105,91,1,0.16070454974457307,0.588423674201631,L1_CORPUS_MEAN_aligned_w
CCCCCCCCN(CCCCCCCC)C(=O)[C@H](C)O[C@@H](CC)C(=O)N(CCCCCCCC)CCCCCCCC,sc027,0.12812904821751295,78,1,0.09259000672334884,0.14630730835419659,L1_CORPUS_MEAN_aligned_w
CCCCCCCCN(CCCCCCCC)C(=O)[C@H](C)O[C@H](C)C(=O)N(CCCCCCCC)CCCCCCCC,sc027,0.16624280519437737,91,1,0.08672667436790307,0.21468272789149562,L1_CORPUS_MEAN_aligned_w
CCCCCCCCN(CCCCCCCC)C(=O)[C@H](CCC)O[C@H](CCC)C(=O)N(CCCCCCCC)CCCCCCCC,sc028,0.6382574792861856,91,1,0.24857603375488432,0.9061808413775417,L1_CORPUS_MEAN_aligned_w
CCCCCCCCN(CCCCCCCC)C(=O)c1ccc2ccc3ccc(C(=O)N(CCCCCCCC)CCCCCCCC)nc3c2n1,sc029,0.388787105538702,127,2,0.26023842365260863,0.5247640482798634,L1_CORPUS_MEAN_aligned_w
CCCCCCCCP(=O)(CC(=O)N(CC(C)C)CC(C)C)c1ccccc1,sc008,0.29437985143578194,81,2,0.09026935265709236,0.4208218533589581,L1_CORPUS_MEAN_aligned_w
CCCCCCCCP(=O)(CCCCCCCC)Cc1cccc(CP(=O)(CCCCCCCC)CCCCCCCC)[n+]1[O-],sc055,0.5781575651415698,182,2,0.1500714908202538,0.8248646828694053,L1_CORPUS_MEAN_aligned_w
CCCCCCN(C)C(=O)CC(=O)N(C)CCCCCC,sc031,0.38024947739172466,36,1,0.13624168873214737,0.5883759964837773,L1_CORPUS_MEAN_aligned_w
CCCCCCN(CCC(C)CCC=C(C)C)C(=O)COCC(=O)N(CCCCCC)CCC(C)CCC=C(C)C,sc057,0.9537048181149169,91,1,0.24005059868605175,1.4350233426786556,L1_CORPUS_MEAN_aligned_w
CCCCCCN(CCC(C)CCCC(C)C)C(=O)COCC(=O)N(CCCCCC)CCC(C)CCCC(C)C,sc009,0.9757036972528239,91,1,0.2385181883562052,1.4672892790315726,L1_CORPUS_MEAN_aligned_w
CCCCCCN(CCCCCC)C(=O)CC(=O)N(CCCCCC)CCCCCC,sc036,0.497805735793973,36,1,0.27230308160964584,0.7164994467267347,L1_CORPUS_MEAN_aligned_w
CCCCCCN(CCCCCC)C(=O)COCC(=O)N(CCCCCC)CCCCCC,sc009,0.09899717787781862,59,3,0.05069692333860684,0.13422839788140345,L1_CORPUS_MEAN_aligned_w
CCCCCCOCCC(C(=O)N(C)CCCC)C(=O)N(C)CCCC,sc030,0.8241214108709759,4,2,,1.3480393920825224,L1_CORPUS_MEAN_aligned_w
CCCCCCOP(=O)(O)OCCCCCC,sc058,0.9124929141426613,45,1,0.2767132507994242,1.3633560329853442,L1_CORPUS_MEAN_aligned_w
CCCCCCc1ccc(N(CC)C(=O)c2cccc(-c3cccc(C(=O)N(CC)c4ccc(CCCCCC)cc4)n3)n2)cc1,sc059,0.5473912020903524,91,1,0.13525904743002368,0.8091522003711811,L1_CORPUS_MEAN_aligned_w
CCCCCCn1c(-c2ccccc2)c(-c2ccccc2)c2cc3ccc4cc5c(-c6ccccc6)c(-c6ccccc6)n(CCCCCC)c(=O)c5nc4c3nc2c1=O,sc060,1.541632306096278,182,2,0.35497996984928487,2.315683534983419,L1_CORPUS_MEAN_aligned_w
CCCCCc1nnc(-c2cccc(-c3cccc(-c4nnc(CCCCC)c(CCCCC)n4)n3)n2)nc1CCCCC,sc061,0.7018019355236916,1236,16,0.24951742985719463,0.9833256327078345,L1_CORPUS_MEAN_aligned_w
CCCCN(C)C(=O)CC(=O)N(C)CCCC,sc031,0.4164533720527147,7,3,,0.6723111252787213,L1_CORPUS_MEAN_aligned_w
CCCCN(CCCC)C(=O)C(Cc1ccccc1CC(C(=O)N(CCCC)CCCC)C(=O)N(CCCC)CCCC)C(=O)N(CCCC)CCCC,sc062,0.4038146361718285,6,1,,0.5693867781558546,L1_CORPUS_MEAN_aligned_w
CCCCN(CCCC)C(=O)CC(=O)N(CCCC)CCCC,sc036,0.530654599313429,36,1,0.21306055602375137,0.7836020123025652,L1_CORPUS_MEAN_aligned_w
CCCCN(CCCC)C(=O)CCC(=O)N(CCCC)CCCC,sc036,0.1984697059772175,10,1,0.12383469116049005,0.44548904213910223,L1_CORPUS_MEAN_aligned_w
CCCCN(CCCC)C(=O)COCC(=O)N(CCCC)CCCC,sc009,0.5563047855914471,186,33,0.2641066223608739,0.7464465790410156,L1_CORPUS_MEAN_aligned_w
CCCCN(CCCC)C(=O)c1ccc2ccc3ccc(C(=O)N(CCCC)CCCC)nc3c2n1,sc029,0.3982818308363417,91,1,0.14569995484479994,0.5743178603533367,L1_CORPUS_MEAN_aligned_w
CCCCN(CCCC)C(=O)c1ccccc1C(=O)O,sc063,2.392109409498382,3,1,,2.392109409498382,L1_CORPUS_MEAN_aligned_w
CCCN(CCC)C(=O)COCC(=O)N(CCC)CCC,sc009,0.1969835615226518,178,9,0.12443389102294315,0.30776869557156306,L1_CORPUS_MEAN_aligned_w
CCCc1nnc(-c2cccc(-c3nnc(CCC)c(CCC)n3)n2)nc1CCC,sc061,1.4755183514774606,91,1,0.3682415956806663,2.1209108746209484,L1_CORPUS_MEAN_aligned_w
CCN(C(=O)c1ccc2ccc3ccc(C(=O)N(CC)c4ccc(C)cc4)nc3c2n1)c1ccc(C)cc1,sc068,1.1409569017869596,3,1,,1.1409569017869596,L1_CORPUS_MEAN_aligned_w
CCN(C(=O)c1cccc(-c2cccc(C(=O)N(CC)c3cc(C)cc(C)c3)n2)n1)c1cc(C)cc(C)c1,sc068,0.35354446715537663,91,1,0.09011194506890896,0.5275026560877133,L1_CORPUS_MEAN_aligned_w
CCN(C(=O)c1cccc(-c2cccc(C(=O)N(CC)c3cc(C)ccc3C)n2)n1)c1cc(C)ccc1C,sc069,0.22622233761452473,91,1,0.10178820574807304,0.26419202449560647,L1_CORPUS_MEAN_aligned_w
CCN(C(=O)c1cccc(-c2cccc(C(=O)N(CC)c3ccc(C)cc3C)n2)n1)c1ccc(C)cc1C,sc069,0.23644102200800055,91,1,0.10532603112086426,0.3045806359887695,L1_CORPUS_MEAN_aligned_w
CCN(C(=O)c1cccc(-c2cccc(C(=O)N(CC)c3ccccc3)n2)n1)c1ccccc1,sc068,0.527540291221818,91,1,0.13386817405224535,0.7882754791601777,L1_CORPUS_MEAN_aligned_w
CCN(C(=O)c1cccc(C(=O)N(CC)c2ccc(C)cc2)n1)c1ccc(C)cc1,sc068,0.3563874205907011,91,1,0.14057894236722943,0.4332781133711251,L1_CORPUS_MEAN_aligned_w
CCN(C(=O)c1cccc(C(=O)N(CC)c2cccc(C)c2)n1)c1cccc(C)c1,sc068,0.4210671122268303,91,1,0.1552217134490384,0.5444750435691126,L1_CORPUS_MEAN_aligned_w
CCN(C(=O)c1cccc(C(=O)N(CC)c2ccccc2C)n1)c1ccccc1C,sc070,0.24043466587855286,91,1,0.11402770778724113,0.2726520952865146,L1_CORPUS_MEAN_aligned_w
CCN(CC)C(=O)COCC(=O)N(CC)CC,sc071,0.1517444460550773,258,12,0.10693450679671837,0.20216480741367146,L1_CORPUS_MEAN_aligned_w
CCc1ccc(N(CC)C(=O)c2ccc3ccc4ccc(C(=O)N(CC)c5ccc(CC)cc5)nc4c3n2)cc1,sc068,1.2887919265294594,91,1,0.2891558819814134,1.9208300196933352,L1_CORPUS_MEAN_aligned_w
CN(C(=O)CC(=O)N(C)c1ccccc1)c1ccccc1,sc075,0.5723488183866461,91,1,0.2727948514484583,0.7519733586613601,L1_CORPUS_MEAN_aligned_w
CN(C(=O)COCC(=O)N(C)c1ccccc1)c1ccccc1,sc076,0.26968404104479415,243,11,0.12447042107612115,0.4172137436176612,L1_CORPUS_MEAN_aligned_w
CN(C(=O)c1cccc(C(=O)N(C)c2ccccc2)n1)c1ccccc1,sc077,0.3734108874108101,910,10,0.12726091305457488,0.49572776830347676,L1_CORPUS_MEAN_aligned_w
COCCN(CCOC)C(=O)COCC(=O)N(CCOC)CCOC,sc078,0.29102430534804147,91,1,0.10463655495645283,0.4087927780299377,L1_CORPUS_MEAN_aligned_w
O=C(COCC(=O)N1CCCCC1)N1CCCCC1,sc083,0.29583918299813133,91,1,0.10400811044475654,0.4183275516601226,L1_CORPUS_MEAN_aligned_w
O=C(O)CN(CC(=O)O)C1CCCCC1N(CC(=O)O)CC(=O)O,sc084,0.3767134495175902,28,1,0.22987823297584528,0.42098313244101665,L1_CORPUS_MEAN_aligned_w
O=C(O)CN(CCO)CCN(CC(=O)O)CC(=O)O,sc085,0.3836627297035472,28,1,0.25265178486192147,0.42670401642336253,L1_CORPUS_MEAN_aligned_w
O=C(c1cc(Cl)c2ccc3c(Cl)cc(C(=O)N4CCCC4)nc3c2n1)N1CCCC1,sc086,0.39442464442321545,182,2,0.12533040991467218,0.5737688513822857,L1_CORPUS_MEAN_aligned_w
O=c1c(O)c(-c2ccc(O)c(O)c2)oc2cc(O)cc(O)c12,sc092,0.5717580513452996,3,1,,0.5717580513452996,L1_CORPUS_MEAN_aligned_w
c1cc2nc(c1)COc1ccccc1OCCOCCOc1ccccc1OC2,sc096,0.7600597146891543,10,1,0.3060030044910841,0.9631603475273834,L1_CORPUS_MEAN_aligned_w
c1ccc2c(c1)OCCOCCOc1ccccc1OCCOCCO2,sc097,0.5928627162927035,10,1,0.39657790693211037,0.6900704953822369,L1_CORPUS_MEAN_aligned_w
CC(C)CCCCCP(=O)(CC(=O)N(CC(C)C)CC(C)C)c1ccccc1,sc008,0.043568903956835624,15,1,0.029321150495998823,0.05327928873947643,L2_CHEMOTYPE_MEAN
CCCCC(CC)CN(C)C(=O)COCC(=O)N(C)CC(CC)CCCC,sc009,0.3078532031319706,91,1,0.15240153048565674,0.38828714259492003,L2_CHEMOTYPE_MEAN
CCCCC(CC)CN(CC(CC)CCCC)C(=O)COCC(=O)N(CC(CC)CCCC)CC(CC)CCCC,sc009,0.450858349903827,242,6,0.12379832023840534,0.6657713349327782,L2_CHEMOTYPE_MEAN
CCCCCCC(C)N(CCCC)C(=O)COCC(=O)N(CCCC)C(C)CCCCCC,sc018,0.2743438777868231,170,17,0.27858350056687137,0.3027241511583516,L2_CHEMOTYPE_MEAN
CCCCCCC(CCCC)CCCN(C)C(=O)COCC(=O)N(C)CCCC(CCCC)CCCCCC,sc009,0.27540444113254203,91,1,0.14932379587588757,0.373558368134361,L2_CHEMOTYPE_MEAN
CCCCCCCCCCCCN(C)C(=O)C1CC(OC)CC(C(=O)N(C)CCCCCCCCCCCC)O1,sc020,0.15516834166976554,63,3,0.07721583120113439,0.24413689549462234,L2_CHEMOTYPE_MEAN
CCCCCCCCCCCCN(CCCCCCCC)C(=O)COCC(=O)N(CCCCCCCC)CCCCCCCCCCCC,sc009,0.9335534214050304,78,1,0.44609789475469735,1.3199277683301187,L2_CHEMOTYPE_MEAN
CCCCCCCCCCCCN(CCCCCCCCCCCC)C(=O)COCC(=O)N(CCCCCCCCCCCC)CCCCCCCCCCCC,sc009,0.32340911649367515,247,21,0.16231223854291485,0.5307743230899026,L2_CHEMOTYPE_MEAN
CCCCCCCCCCCCN(CCCCCCCCCCCC)C(=O)COCCOCC(=O)N(CCCCCCCCCCCC)CCCCCCCCCCCC,sc009,0.7456525777763237,229,10,0.2719284424002693,1.5226898260127337,L2_CHEMOTYPE_MEAN
CCCCCCCCCCN(CCCCCCCCCC)C(=O)C(C)OC(C)C(=O)N(CCCCCCCCCC)CCCCCCCCCC,sc027,0.10372661328210218,140,5,0.06085875442029041,0.15794915001224313,L2_CHEMOTYPE_MEAN
CCCCCCCCCCN(CCCCCCCCCC)C(=O)COCC(=O)N(CCCCCC)CCCCCC,sc009,0.5326245722207618,376,20,0.17451138559643153,0.88169882800176,L2_CHEMOTYPE_MEAN
CCCCCCCCCCN(CCCCCCCCCC)C(=O)COCC(=O)N(CCCCCCCCCC)CCCCCCCCCC,sc009,0.3942617891911709,41,14,0.3929139584804708,0.530531392643726,L2_CHEMOTYPE_MEAN
CCCCCCCCCCN(CCCCCCCCCC)C(=O)[C@H](C)O[C@H](CC)C(=O)N(CCCCCCCCCC)CCCCCCCCCC,sc027,0.18963100902318047,91,1,0.06347065646055419,0.2676432616998321,L2_CHEMOTYPE_MEAN
CCCCCCCCCCN(CCCCCCCCCC)C(=O)[C@H](CCC)O[C@H](CCC)C(=O)N(CCCCCCCCCC)CCCCCCCCCC,sc028,0.23076968418466506,78,1,0.27944488121829836,0.23715167674608692,L2_CHEMOTYPE_MEAN
CCCCCCCCN(C(=O)c1ccc2ccc3cccnc3c2n1)c1ccc(C)cc1,sc029,0.35531125629776145,91,1,0.23385393689187442,0.33332219961994847,L2_CHEMOTYPE_MEAN
CCCCCCCCN(C)C(=O)C(CCCCCC)C(=O)N(C)CCCCCCCC,sc030,0.108014098867334,36,1,0.08896004094444449,0.13174962078077196,L2_CHEMOTYPE_MEAN
CCCCCCCCN(C)C(=O)C(CCOCCCCCC)C(=O)N(C)CCCCCCCC,sc030,0.1835179708220664,36,1,0.17441894161111113,0.17310697202674993,L2_CHEMOTYPE_MEAN
CCCCCCCCN(C)C(=O)CC(=O)N(C)CCCCCCCC,sc031,0.40839385024961733,36,1,0.1678319433333334,0.6278117645159778,L2_CHEMOTYPE_MEAN
CCCCCCCCN(C)C(=O)COCC(=O)N(C)CCCCCCCC,sc009,0.49946991673290747,1282,74,0.1599246539938161,0.7412226332802896,L2_CHEMOTYPE_MEAN
CCCCCCCCN(C)C(=O)COCC(=O)N(CCCCCCCC)CCCCCCCC,sc009,0.43589185093752497,91,1,0.19005837471556963,0.5742927040694209,L2_CHEMOTYPE_MEAN
CCCCCCCCN(CC(C)C)C(=O)COCC(=O)N(CCCCCCCC)CC(C)C,sc009,0.43947301644078235,28,1,0.16614835010773588,0.6213655705153219,L2_CHEMOTYPE_MEAN
CCCCCCCCN(CC(CC)CCCC)C(=O)COCC(=O)N(CCCCCCCC)CC(CC)CCCC,sc009,0.4057160569548991,28,1,0.19821936980246155,0.5685677203902875,L2_CHEMOTYPE_MEAN
CCCCCCCCN(CC)C(=O)COCC(=O)N(CC)CCCCCCCC,sc009,0.4192890616524097,91,1,0.18594616474912226,0.5205146388097024,L2_CHEMOTYPE_MEAN
CCCCCCCCN(CCC)C(=O)COCC(=O)N(CCC)CCCCCCCC,sc009,0.4725981172487629,91,1,0.21810762823272473,0.6006580718215684,L2_CHEMOTYPE_MEAN
CCCCCCCCN(CCCC(CCCC)CCCCCC)C(=O)COCC(=O)N(CCCCCCCC)CCCC(CCCC)CCCCCC,sc009,0.3632396144710627,78,1,0.15794764562195954,0.526511400009866,L2_CHEMOTYPE_MEAN
CCCCCCCCN(CCCCC(C)CCCC(C)C)C(=O)COCC(=O)N(CCCCCCCC)CCCCC(C)CCCC(C)C,sc009,0.5698416686202181,91,1,0.219582758264249,0.8344886183153545,L2_CHEMOTYPE_MEAN
CCCCCCCCN(CCCCCCCC)C(=O)C(C)OC(C)C(=O)N(CCCCCCCC)CCCCCCCC,sc027,0.10446579419390799,91,1,0.08861759476732482,0.12525386883938544,L2_CHEMOTYPE_MEAN
CCCCCCCCN(CCCCCCCC)C(=O)CC(=O)N(CCCCCCCC)CCCCCCCC,sc036,0.1475797311273369,36,1,0.22204138491322764,0.10579167825280429,L2_CHEMOTYPE_MEAN
CCCCCCCCN(CCCCCCCC)C(=O)COCC(=O)N(C)C,sc009,0.8434508964945319,21,1,0.5587369696403743,0.930457447714075,L2_CHEMOTYPE_MEAN
CCCCCCCCN(CCCCCCCC)C(=O)COCC(=O)N(CCCCCCCC)CCCCCCCC,sc009,0.33815050763732424,3457,171,0.1297956524270212,0.5022501435066311,L2_CHEMOTYPE_MEAN
CCCCCCCCN(CCCCCCCC)C(=O)COCCOCC(=O)N(CCCCCCCC)CCCCCCCC,sc009,0.6763437732767945,43,2,0.331601740907979,1.2271806696960843,L2_CHEMOTYPE_MEAN
CCCCCCCCN(CCCCCCCC)C(=O)[C@H](C)O[C@@H](C)C(=O)N(CCCCCCCC)CCCCCCCC,sc027,0.36190752633130013,91,1,0.10859502835374,0.511016993922872,L2_CHEMOTYPE_MEAN
CCCCCCCCN(CCCCCCCC)C(=O)[C@H](C)O[C@@H](CC)C(=O)N(CCCCCCCC)CCCCCCCC,sc027,0.22663822020358076,78,1,0.07050391494437011,0.2957420446556197,L2_CHEMOTYPE_MEAN
CCCCCCCCN(CCCCCCCC)C(=O)[C@H](C)O[C@H](C)C(=O)N(CCCCCCCC)CCCCCCCC,sc027,0.24948378512231162,91,1,0.08167714569129568,0.3627648162521683,L2_CHEMOTYPE_MEAN
CCCCCCCCN(CCCCCCCC)C(=O)[C@H](CCC)O[C@H](CCC)C(=O)N(CCCCCCCC)CCCCCCCC,sc028,0.23076968418466506,78,1,0.27944488121829836,0.23715167674608692,L2_CHEMOTYPE_MEAN
CCCCCCCCN(CCCCCCCC)C(=O)c1ccc2ccc3ccc(C(=O)N(CCCCCCCC)CCCCCCCC)nc3c2n1,sc029,0.31858687963481486,127,2,0.2811826878993485,0.33422079645537844,L2_CHEMOTYPE_MEAN
CCCCCCCCP(=O)(CC(=O)N(CC(C)C)CC(C)C)c1ccccc1,sc008,0.09889705377088956,18,2,0.045864968074545154,0.0842864445241553,L2_CHEMOTYPE_MEAN
CCCCCCCCP(=O)(CCCCCCCC)Cc1cccc(CP(=O)(CCCCCCCC)CCCCCCCC)[n+]1[O-],sc055,0.2747641718241758,182,2,0.10823083800000002,0.33661730375510196,L2_CHEMOTYPE_MEAN
CCCCCCN(C)C(=O)CC(=O)N(C)CCCCCC,sc031,0.3835860091194699,36,1,0.21515455563639918,0.5451712058789762,L2_CHEMOTYPE_MEAN
CCCCCCN(CCC(C)CCCC(C)C)C(=O)COCC(=O)N(CCCCCC)CCC(C)CCCC(C)C,sc009,0.45170310870608754,91,1,0.1690505613377482,0.664786021570753,L2_CHEMOTYPE_MEAN
CCCCCCN(CCCCCC)C(=O)CC(=O)N(CCCCCC)CCCCCC,sc036,0.15327638371021657,36,1,0.21461184142490577,0.11415299127118647,L2_CHEMOTYPE_MEAN
CCCCCCN(CCCCCC)C(=O)COCC(=O)N(CCCCCC)CCCCCC,sc009,0.42416066683685244,59,3,0.1519106814114857,0.5895043211531062,L2_CHEMOTYPE_MEAN
CCCCCCOCCC(C(=O)N(C)CCCC)C(=O)N(C)CCCC,sc030,0.32877544783333335,4,2,,0.6030673093130821,L2_CHEMOTYPE_MEAN
CCCCCCn1c(-c2ccccc2)c(-c2ccccc2)c2cc3ccc4cc5c(-c6ccccc6)c(-c6ccccc6)n(CCCCCC)c(=O)c5nc4c3nc2c1=O,sc060,1.0403976669230772,182,2,0.26209599615384593,1.5421152961020412,L2_CHEMOTYPE_MEAN
CCCCCc1nnc(-c2cccc(-c3cccc(-c4nnc(CCCCC)c(CCCCC)n4)n3)n2)nc1CCCCC,sc061,0.2624353850300946,1236,16,0.13725084720455008,0.3486606520270707,L2_CHEMOTYPE_MEAN
CCCCN(C)C(=O)CC(=O)N(C)CCCC,sc031,0.13695163743498015,7,3,,0.17949465527304986,L2_CHEMOTYPE_MEAN
CCCCN(CCCC)C(=O)CC(=O)N(CCCC)CCCC,sc036,0.12936603135821179,36,1,0.13311348441376733,0.11835591375323612,L2_CHEMOTYPE_MEAN
CCCCN(CCCC)C(=O)CCC(=O)N(CCCC)CCCC,sc036,0.3225824351333335,10,1,0.23310589488888933,0.2506837840000007,L2_CHEMOTYPE_MEAN
CCCCN(CCCC)C(=O)COCC(=O)N(CCCC)CCCC,sc009,0.3153703849137842,186,33,0.22325692964227814,0.3709923211481913,L2_CHEMOTYPE_MEAN
CCCCN(CCCC)C(=O)c1ccc2ccc3ccc(C(=O)N(CCCC)CCCC)nc3c2n1,sc029,0.1557035046338305,91,1,0.17048339452075487,0.1538719720617115,L2_CHEMOTYPE_MEAN
CCCN(CCC)C(=O)COCC(=O)N(CCC)CCC,sc009,0.17872032843152794,178,9,0.11144589860714567,0.2595819729667352,L2_CHEMOTYPE_MEAN
CCCc1nnc(-c2cccc(-c3nnc(CCC)c(CCC)n3)n2)nc1CCC,sc061,1.0148737427012544,78,1,0.3003901402175082,1.3785673759904846,L2_CHEMOTYPE_MEAN
CCN(C(=O)c1ccc2ccc3ccc(C(=O)N(CC)c4ccc(C)cc4)nc3c2n1)c1ccc(C)cc1,sc068,0.31939124533333363,3,1,,0.31939124533333363,L2_CHEMOTYPE_MEAN
CCN(C(=O)c1cccc(-c2cccc(C(=O)N(CC)c3cc(C)cc(C)c3)n2)n1)c1cc(C)cc(C)c1,sc068,0.2363365562256873,91,1,0.091679449020203,0.31108532007142475,L2_CHEMOTYPE_MEAN
CCN(C(=O)c1cccc(-c2cccc(C(=O)N(CC)c3cc(C)ccc3C)n2)n1)c1cc(C)ccc1C,sc069,0.16105433595604388,91,1,0.08039139684615383,0.19767676381632643,L2_CHEMOTYPE_MEAN
CCN(C(=O)c1cccc(-c2cccc(C(=O)N(CC)c3ccc(C)cc3C)n2)n1)c1ccc(C)cc1C,sc069,0.16105433595604388,91,1,0.08039139684615383,0.19767676381632643,L2_CHEMOTYPE_MEAN
CCN(C(=O)c1cccc(-c2cccc(C(=O)N(CC)c3ccccc3)n2)n1)c1ccccc1,sc068,0.20229300258467273,91,1,0.08038616449448907,0.24079385951177268,L2_CHEMOTYPE_MEAN
CCN(C(=O)c1cccc(C(=O)N(CC)c2ccc(C)cc2)n1)c1ccc(C)cc1,sc068,0.6921925289867807,91,1,0.1597360637138008,1.000510594493217,L2_CHEMOTYPE_MEAN
CCN(C(=O)c1cccc(C(=O)N(CC)c2cccc(C)c2)n1)c1cccc(C)c1,sc068,0.3937437218495346,91,1,0.10359818097342997,0.5376079284917743,L2_CHEMOTYPE_MEAN
CCN(CC)C(=O)COCC(=O)N(CC)CC,sc071,0.1005853199076046,258,12,0.04667309546769507,0.17237758491374713,L2_CHEMOTYPE_MEAN
CCc1ccc(N(CC)C(=O)c2ccc3ccc4ccc(C(=O)N(CC)c5ccc(CC)cc5)nc4c3n2)cc1,sc068,1.0244907321780303,91,1,0.21881727156385777,1.5071986705851144,L2_CHEMOTYPE_MEAN
CN(C(=O)COCC(=O)N(C)c1ccccc1)c1ccccc1,sc076,0.2200782180197364,243,11,0.10344304199857915,0.3634952093435692,L2_CHEMOTYPE_MEAN
CN(C(=O)c1cccc(C(=O)N(C)c2ccccc2)n1)c1ccccc1,sc077,0.3232096293974223,910,10,0.0899772058996324,0.45408547915168324,L2_CHEMOTYPE_MEAN
O=C(c1cc(Cl)c2ccc3c(Cl)cc(C(=O)N4CCCC4)nc3c2n1)N1CCCC1,sc086,0.08675279750549485,182,2,0.07535214046153905,0.09866860185714325,L2_CHEMOTYPE_MEAN
CCCCC(CC)CN(CC(CC)CCCC)C(=O)COCC(=O)N(CC(CC)CCCC)CC(CC)CCCC,sc009,0.07051798776946971,242,6,0.06665189897988072,0.07285275111873538,L3_EXTRACTANT_MEAN
CCCCCCC(C)N(CCCC)C(=O)COCC(=O)N(CCCC)C(C)CCCCCC,sc018,0.2743438777868231,170,17,0.27858350056687137,0.3027241511583516,L3_EXTRACTANT_MEAN
CCCCCCCCCCCCN(C)C(=O)C1CC(OC)CC(C(=O)N(C)CCCCCCCCCCCC)O1,sc020,0.15516834166976554,63,3,0.07721583120113439,0.24413689549462234,L3_EXTRACTANT_MEAN
CCCCCCCCCCCCN(CCCCCCCCCCCC)C(=O)COCC(=O)N(CCCCCCCCCCCC)CCCCCCCCCCCC,sc009,0.3071220136021348,247,21,0.20495770336371832,0.3924187874476483,L3_EXTRACTANT_MEAN
CCCCCCCCCCCCN(CCCCCCCCCCCC)C(=O)COCCOCC(=O)N(CCCCCCCCCCCC)CCCCCCCCCCCC,sc009,0.19201661689868443,229,10,0.12018025641772272,0.297294960022166,L3_EXTRACTANT_MEAN
CCCCCCCCCCN(CCCCCCCCCC)C(=O)C(C)OC(C)C(=O)N(CCCCCCCCCC)CCCCCCCCCC,sc027,0.08241144312761624,140,5,0.056380913566449455,0.11337689034574344,L3_EXTRACTANT_MEAN
CCCCCCCCCCN(CCCCCCCCCC)C(=O)COCC(=O)N(CCCCCC)CCCCCC,sc009,0.09407689450292434,300,20,0.05761584666668304,0.1150802944699992,L3_EXTRACTANT_MEAN
CCCCCCCCCCN(CCCCCCCCCC)C(=O)COCC(=O)N(CCCCCCCCCC)CCCCCCCCCC,sc009,0.12173539664443758,14,14,,,L3_EXTRACTANT_MEAN
CCCCCCCCN(C)C(=O)COCC(=O)N(C)CCCCCCCC,sc009,0.31609273481654687,1282,74,0.16762543821740816,0.4037426906494338,L3_EXTRACTANT_MEAN
CCCCCCCCN(CCCCCCCC)C(=O)COCC(=O)N(CCCCCCCC)CCCCCCCC,sc009,0.33168184204437795,3457,171,0.11406613014571074,0.504353131023658,L3_EXTRACTANT_MEAN
CCCCCCCCN(CCCCCCCC)C(=O)c1ccc2ccc3ccc(C(=O)N(CCCCCCCC)CCCCCCCC)nc3c2n1,sc029,0.3637799646111097,72,2,0.39616768383333056,0.4244660922857137,L3_EXTRACTANT_MEAN
CCCCCCCCP(=O)(CC(=O)N(CC(C)C)CC(C)C)c1ccccc1,sc008,0.22012548266666668,6,2,0.009908289000000015,,L3_EXTRACTANT_MEAN
CCCCCCCCP(=O)(CCCCCCCC)Cc1cccc(CP(=O)(CCCCCCCC)CCCCCCCC)[n+]1[O-],sc055,0.2747641718241758,182,2,0.10823083800000002,0.33661730375510196,L3_EXTRACTANT_MEAN
CCCCCCN(CCCCCC)C(=O)COCC(=O)N(CCCCCC)CCCCCC,sc009,0.03972003459141998,59,3,0.041245764017041796,0.047280642513338,L3_EXTRACTANT_MEAN
CCCCCCOCCC(C(=O)N(C)CCCC)C(=O)N(C)CCCC,sc030,0.5118833600000001,2,2,,,L3_EXTRACTANT_MEAN
CCCCCCn1c(-c2ccccc2)c(-c2ccccc2)c2cc3ccc4cc5c(-c6ccccc6)c(-c6ccccc6)n(CCCCCC)c(=O)c5nc4c3nc2c1=O,sc060,1.0403976669230772,182,2,0.26209599615384593,1.5421152961020412,L3_EXTRACTANT_MEAN
CCCCCc1nnc(-c2cccc(-c3cccc(-c4nnc(CCCCC)c(CCCCC)n4)n3)n2)nc1CCCCC,sc061,0.25763686917772377,1236,16,0.1373968122738909,0.34509317694392694,L3_EXTRACTANT_MEAN
CCCCN(C)C(=O)CC(=O)N(C)CCCC,sc031,0.15793219857237326,7,3,,0.2673160050016532,L3_EXTRACTANT_MEAN
CCCCN(CCCC)C(=O)COCC(=O)N(CCCC)CCCC,sc009,0.30913506959073533,179,33,0.2515408073052503,0.37718968680375126,L3_EXTRACTANT_MEAN
CCCN(CCC)C(=O)COCC(=O)N(CCC)CCC,sc009,0.15480136813038584,178,9,0.083531067210827,0.2382739212022658,L3_EXTRACTANT_MEAN
CCN(CC)C(=O)COCC(=O)N(CC)CC,sc071,0.1005853199076046,258,12,0.04667309546769507,0.17237758491374713,L3_EXTRACTANT_MEAN
CN(C(=O)COCC(=O)N(C)c1ccccc1)c1ccccc1,sc076,0.2200782180197364,243,11,0.10344304199857915,0.3634952093435692,L3_EXTRACTANT_MEAN
CN(C(=O)c1cccc(C(=O)N(C)c2ccccc2)n1)c1ccccc1,sc077,0.3232096293974223,910,10,0.0899772058996324,0.45408547915168324,L3_EXTRACTANT_MEAN
O=C(c1cc(Cl)c2ccc3c(Cl)cc(C(=O)N4CCCC4)nc3c2n1)N1CCCC1,sc086,0.08675279750549485,182,2,0.07535214046153905,0.09866860185714325,L3_EXTRACTANT_MEAN
CCCCC(CC)CN(CC(CC)CCCC)C(=O)COCC(=O)N(CC(CC)CCCC)CC(CC)CCCC,sc009,0.07955273668733283,242,6,0.0696639521086036,0.0848513157738247,L3b_EXTRACTANT_MEAN_permetal
CCCCCCC(C)N(CCCC)C(=O)COCC(=O)N(CCCC)C(C)CCCCCC,sc018,0.2890957765243509,170,17,0.2771182047033631,0.31208616438025744,L3b_EXTRACTANT_MEAN_permetal
CCCCCCCCCCCCN(C)C(=O)C1CC(OC)CC(C(=O)N(C)CCCCCCCCCCCC)O1,sc020,0.1551683416697655,63,3,0.07721583120113437,0.24413689549462234,L3b_EXTRACTANT_MEAN_permetal
CCCCCCCCCCCCN(CCCCCCCCCCCC)C(=O)COCC(=O)N(CCCCCCCCCCCC)CCCCCCCCCCCC,sc009,0.3394521996799061,247,21,0.22969816473821644,0.4408985327073695,L3b_EXTRACTANT_MEAN_permetal
CCCCCCCCCCCCN(CCCCCCCCCCCC)C(=O)COCCOCC(=O)N(CCCCCCCCCCCC)CCCCCCCCCCCC,sc009,0.29679261376318294,229,10,0.17592294079570425,0.57143933780429,L3b_EXTRACTANT_MEAN_permetal
CCCCCCCCCCN(CCCCCCCCCC)C(=O)C(C)OC(C)C(=O)N(CCCCCCCCCC)CCCCCCCCCC,sc027,0.08241144312761625,140,5,0.05638091356644946,0.11337689034574346,L3b_EXTRACTANT_MEAN_permetal
CCCCCCCCCCN(CCCCCCCCCC)C(=O)COCC(=O)N(CCCCCC)CCCCCC,sc009,0.09407689450292434,300,20,0.05761584666668304,0.1150802944699992,L3b_EXTRACTANT_MEAN_permetal
CCCCCCCCCCN(CCCCCCCCCC)C(=O)COCC(=O)N(CCCCCCCCCC)CCCCCCCCCC,sc009,0.12173539664443762,14,14,,,L3b_EXTRACTANT_MEAN_permetal
CCCCCCCCN(C)C(=O)COCC(=O)N(C)CCCCCCCC,sc009,0.5158225031681595,1282,74,0.2192077373612959,0.7432016658983361,L3b_EXTRACTANT_MEAN_permetal
CCCCCCCCN(CCCCCCCC)C(=O)COCC(=O)N(CCCCCCCC)CCCCCCCC,sc009,0.43793182967628574,3457,171,0.1364372931950977,0.6783369002523426,L3b_EXTRACTANT_MEAN_permetal
CCCCCCCCN(CCCCCCCC)C(=O)c1ccc2ccc3ccc(C(=O)N(CCCCCCCC)CCCCCCCC)nc3c2n1,sc029,0.3637799646111097,72,2,0.39616768383333056,0.4244660922857137,L3b_EXTRACTANT_MEAN_permetal
CCCCCCCCP(=O)(CC(=O)N(CC(C)C)CC(C)C)c1ccccc1,sc008,0.22012548266666668,6,2,0.009908289000000015,,L3b_EXTRACTANT_MEAN_permetal
CCCCCCCCP(=O)(CCCCCCCC)Cc1cccc(CP(=O)(CCCCCCCC)CCCCCCCC)[n+]1[O-],sc055,0.2747641718241758,182,2,0.10823083800000002,0.33661730375510196,L3b_EXTRACTANT_MEAN_permetal
CCCCCCN(CCCCCC)C(=O)COCC(=O)N(CCCCCC)CCCCCC,sc009,0.08546784000612245,59,3,0.09384437671998273,0.1154704818949625,L3b_EXTRACTANT_MEAN_permetal
CCCCCCOCCC(C(=O)N(C)CCCC)C(=O)N(C)CCCC,sc030,0.5118833600000001,2,2,,,L3b_EXTRACTANT_MEAN_permetal
CCCCCCn1c(-c2ccccc2)c(-c2ccccc2)c2cc3ccc4cc5c(-c6ccccc6)c(-c6ccccc6)n(CCCCCC)c(=O)c5nc4c3nc2c1=O,sc060,1.0403976669230772,182,2,0.26209599615384593,1.5421152961020412,L3b_EXTRACTANT_MEAN_permetal
CCCCCc1nnc(-c2cccc(-c3cccc(-c4nnc(CCCCC)c(CCCCC)n4)n3)n2)nc1CCCCC,sc061,0.25771342374671563,1236,16,0.1375569548783166,0.3451881819946813,L3b_EXTRACTANT_MEAN_permetal
CCCCN(C)C(=O)CC(=O)N(C)CCCC,sc031,0.1454213374285716,7,3,,0.24542199800000034,L3b_EXTRACTANT_MEAN_permetal
CCCCN(CCCC)C(=O)COCC(=O)N(CCCC)CCCC,sc009,0.4482560624255405,179,33,0.4167140817439502,0.5828222331900137,L3b_EXTRACTANT_MEAN_permetal
CCCN(CCC)C(=O)COCC(=O)N(CCC)CCC,sc009,0.1534421091834082,178,9,0.08073060368612729,0.24244319366270595,L3b_EXTRACTANT_MEAN_permetal
CCN(CC)C(=O)COCC(=O)N(CC)CC,sc071,0.1005853199076046,258,12,0.04667309546769507,0.17237758491374713,L3b_EXTRACTANT_MEAN_permetal
CN(C(=O)COCC(=O)N(C)c1ccccc1)c1ccccc1,sc076,0.22034710761523163,243,11,0.10562950953182598,0.36331895013586674,L3b_EXTRACTANT_MEAN_permetal
CN(C(=O)c1cccc(C(=O)N(C)c2ccccc2)n1)c1ccccc1,sc077,0.32320962939742226,910,10,0.0899772058996324,0.45408547915168324,L3b_EXTRACTANT_MEAN_permetal
O=C(c1cc(Cl)c2ccc3c(Cl)cc(C(=O)N4CCCC4)nc3c2n1)N1CCCC1,sc086,0.08675279750549485,182,2,0.07535214046153905,0.09866860185714325,L3b_EXTRACTANT_MEAN_permetal
CCCCC(CC)CN(CC(CC)CCCC)C(=O)COCC(=O)N(CC(CC)CCCC)CC(CC)CCCC,sc009,9.912705577010326e-18,56,2,0.0,1.850371707708594e-17,L4_EXTRACTANT+PUBLICATION
CCCCCCC(C)N(CCCC)C(=O)COCC(=O)N(CCCC)C(C)CCCCCC,sc018,0.2743438777868231,170,17,0.27858350056687137,0.3027241511583516,L4_EXTRACTANT+PUBLICATION
CCCCCCCCCCCCN(C)C(=O)C1CC(OC)CC(C(=O)N(C)CCCCCCCCCCCC)O1,sc020,0.15516834166976554,63,3,0.07721583120113439,0.24413689549462234,L4_EXTRACTANT+PUBLICATION
CCCCCCCCCCCCN(CCCCCCCCCCCC)C(=O)COCC(=O)N(CCCCCCCCCCCC)CCCCCCCCCCCC,sc009,0.2530536255774433,229,21,0.15471087917886514,0.3220380395172423,L4_EXTRACTANT+PUBLICATION
CCCCCCCCCCCCN(CCCCCCCCCCCC)C(=O)COCCOCC(=O)N(CCCCCCCCCCCC)CCCCCCCCCCCC,sc009,0.19201661689868443,229,10,0.12018025641772272,0.297294960022166,L4_EXTRACTANT+PUBLICATION
CCCCCCCCCCN(CCCCCCCCCC)C(=O)C(C)OC(C)C(=O)N(CCCCCCCCCC)CCCCCCCCCC,sc027,0.08241144312761624,140,5,0.056380913566449455,0.11337689034574344,L4_EXTRACTANT+PUBLICATION
CCCCCCCCCCN(CCCCCCCCCC)C(=O)COCC(=O)N(CCCCCC)CCCCCC,sc009,0.09407689450292434,300,20,0.05761584666668304,0.1150802944699992,L4_EXTRACTANT+PUBLICATION
CCCCCCCCCCN(CCCCCCCCCC)C(=O)COCC(=O)N(CCCCCCCCCC)CCCCCCCCCC,sc009,0.12173539664443758,14,14,,,L4_EXTRACTANT+PUBLICATION
CCCCCCCCN(C)C(=O)COCC(=O)N(C)CCCCCCCC,sc009,0.19751960072120653,1085,71,0.12588477341191162,0.2371042942245903,L4_EXTRACTANT+PUBLICATION
CCCCCCCCN(CCCCCCCC)C(=O)COCC(=O)N(CCCCCCCC)CCCCCCCC,sc009,0.3266589109650697,3279,156,0.09832968294855281,0.5094568824854471,L4_EXTRACTANT+PUBLICATION
CCCCCCCCN(CCCCCCCC)C(=O)c1ccc2ccc3ccc(C(=O)N(CCCCCCCC)CCCCCCCC)nc3c2n1,sc029,0.3637799646111097,72,2,0.39616768383333056,0.4244660922857137,L4_EXTRACTANT+PUBLICATION
CCCCCCCCP(=O)(CCCCCCCC)Cc1cccc(CP(=O)(CCCCCCCC)CCCCCCCC)[n+]1[O-],sc055,0.2747641718241758,182,2,0.10823083800000002,0.33661730375510196,L4_EXTRACTANT+PUBLICATION
CCCCCCN(CCCCCC)C(=O)COCC(=O)N(CCCCCC)CCCCCC,sc009,1.982541115402065e-18,56,2,0.0,0.0,L4_EXTRACTANT+PUBLICATION
CCCCCCOCCC(C(=O)N(C)CCCC)C(=O)N(C)CCCC,sc030,0.5118833600000001,2,2,,,L4_EXTRACTANT+PUBLICATION
CCCCCCn1c(-c2ccccc2)c(-c2ccccc2)c2cc3ccc4cc5c(-c6ccccc6)c(-c6ccccc6)n(CCCCCC)c(=O)c5nc4c3nc2c1=O,sc060,1.0403976669230772,182,2,0.26209599615384593,1.5421152961020412,L4_EXTRACTANT+PUBLICATION
CCCCCc1nnc(-c2cccc(-c3cccc(-c4nnc(CCCCC)c(CCCCC)n4)n3)n2)nc1CCCCC,sc061,0.25488126294526164,1158,15,0.13641727620182098,0.3426108599775516,L4_EXTRACTANT+PUBLICATION
CCCCN(C)C(=O)CC(=O)N(C)CCCC,sc031,0.15793219857237326,7,3,,0.2673160050016532,L4_EXTRACTANT+PUBLICATION
CCCCN(CCCC)C(=O)COCC(=O)N(CCCC)CCCC,sc009,0.24789622737152592,155,31,0.24140083669454415,0.26240871884736894,L4_EXTRACTANT+PUBLICATION
CCCN(CCC)C(=O)COCC(=O)N(CCC)CCC,sc009,0.15480136813038584,178,9,0.083531067210827,0.2382739212022658,L4_EXTRACTANT+PUBLICATION
CCN(CC)C(=O)COCC(=O)N(CC)CC,sc071,0.1005853199076046,258,12,0.04667309546769507,0.17237758491374713,L4_EXTRACTANT+PUBLICATION
CN(C(=O)COCC(=O)N(C)c1ccccc1)c1ccccc1,sc076,0.162430839818272,172,8,0.07454867827208264,0.2976574253170006,L4_EXTRACTANT+PUBLICATION
CN(C(=O)c1cccc(C(=O)N(C)c2ccccc2)n1)c1ccccc1,sc077,0.3232096293974223,910,10,0.0899772058996324,0.45408547915168324,L4_EXTRACTANT+PUBLICATION
O=C(c1cc(Cl)c2ccc3c(Cl)cc(C(=O)N4CCCC4)nc3c2n1)N1CCCC1,sc086,0.08675279750549485,182,2,0.07535214046153905,0.09866860185714325,L4_EXTRACTANT+PUBLICATION
CCCCC(CC)CN(CC(CC)CCCC)C(=O)COCC(=O)N(CC(CC)CCCC)CC(CC)CCCC,sc009,0.06314108252611395,241,5,0.05915874721080902,0.06676746460519485,L5_EXTRACTANT+NEAREST_ACID
CCCCCCC(C)N(CCCC)C(=O)COCC(=O)N(CCCC)C(C)CCCCCC,sc018,0.2672324757849366,170,17,0.20439162589735527,0.29310235375584687,L5_EXTRACTANT+NEAREST_ACID
CCCCCCCCCCCCN(C)C(=O)C1CC(OC)CC(C(=O)N(C)CCCCCCCCCCCC)O1,sc020,0.15516834166976554,63,3,0.07721583120113439,0.24413689549462234,L5_EXTRACTANT+NEAREST_ACID
CCCCCCCCCCCCN(CCCCCCCCCCCC)C(=O)COCC(=O)N(CCCCCCCCCCCC)CCCCCCCCCCCC,sc009,0.2422244908391171,47,12,,0.26186190573927964,L5_EXTRACTANT+NEAREST_ACID
CCCCCCCCCCCCN(CCCCCCCCCCCC)C(=O)COCCOCC(=O)N(CCCCCCCCCCCC)CCCCCCCCCCCC,sc009,0.6821410260268008,2,2,,0.6821410260268008,L5_EXTRACTANT+NEAREST_ACID
CCCCCCCCCCN(CCCCCCCCCC)C(=O)C(C)OC(C)C(=O)N(CCCCCCCCCC)CCCCCCCCCC,sc027,0.06763785799531946,140,5,0.04369807924344691,0.0960335648841113,L5_EXTRACTANT+NEAREST_ACID
CCCCCCCCCCN(CCCCCCCCCC)C(=O)COCC(=O)N(CCCCCC)CCCCCC,sc009,0.1057890730274158,300,20,0.0911327497915713,0.11269318091236764,L5_EXTRACTANT+NEAREST_ACID
CCCCCCCCCCN(CCCCCCCCCC)C(=O)COCC(=O)N(CCCCCCCCCC)CCCCCCCCCC,sc009,0.06302292538941927,14,14,,,L5_EXTRACTANT+NEAREST_ACID
CCCCCCCCN(C)C(=O)COCC(=O)N(C)CCCCCCCC,sc009,0.45379406058272415,756,55,0.19714457529894125,0.6453434302342211,L5_EXTRACTANT+NEAREST_ACID
CCCCCCCCN(CCCCCCCC)C(=O)COCC(=O)N(CCCCCCCC)CCCCCCCC,sc009,0.27148447548356586,2947,93,0.10431064525096276,0.4000778832708533,L5_EXTRACTANT+NEAREST_ACID
CCCCCCCCP(=O)(CC(=O)N(CC(C)C)CC(C)C)c1ccccc1,sc008,0.22012548266666668,6,2,0.009908289000000015,,L5_EXTRACTANT+NEAREST_ACID
CCCCCCN(CCCCCC)C(=O)COCC(=O)N(CCCCCC)CCCCCC,sc009,0.008388968959554585,59,3,0.0,0.00798305110667291,L5_EXTRACTANT+NEAREST_ACID
CCCCCCOCCC(C(=O)N(C)CCCC)C(=O)N(C)CCCC,sc030,0.5118833600000001,2,2,,,L5_EXTRACTANT+NEAREST_ACID
CCCCCc1nnc(-c2cccc(-c3cccc(-c4nnc(CCCCC)c(CCCCC)n4)n3)n2)nc1CCCCC,sc061,0.2350864936740071,1236,16,0.15871459043679595,0.30034225588539654,L5_EXTRACTANT+NEAREST_ACID
CCCCN(C)C(=O)CC(=O)N(C)CCCC,sc031,0.1555447874929144,7,3,,0.2646673426126002,L5_EXTRACTANT+NEAREST_ACID
CCCCN(CCCC)C(=O)COCC(=O)N(CCCC)CCCC,sc009,0.2147683477678507,154,31,0.23591534179542917,0.22426268525935186,L5_EXTRACTANT+NEAREST_ACID
CCCN(CCC)C(=O)COCC(=O)N(CCC)CCC,sc009,0.15480136813038584,178,9,0.083531067210827,0.2382739212022658,L5_EXTRACTANT+NEAREST_ACID
CCN(CC)C(=O)COCC(=O)N(CC)CC,sc071,0.1005853199076046,258,12,0.04667309546769507,0.17237758491374713,L5_EXTRACTANT+NEAREST_ACID
CN(C(=O)COCC(=O)N(C)c1ccccc1)c1ccccc1,sc076,0.19734977661939268,200,9,0.09075873388888545,0.33167170673293156,L5_EXTRACTANT+NEAREST_ACID
CN(C(=O)c1cccc(C(=O)N(C)c2ccccc2)n1)c1ccccc1,sc077,0.07252747276569192,910,10,0.015384615661968285,0.11020408185221747,L5_EXTRACTANT+NEAREST_ACID
O=C(c1cc(Cl)c2ccc3c(Cl)cc(C(=O)N4CCCC4)nc3c2n1)N1CCCC1,sc086,0.08675279750549485,182,2,0.07535214046153905,0.09866860185714325,L5_EXTRACTANT+NEAREST_ACID
CCCCC(CC)CN(CC(CC)CCCC)C(=O)COCC(=O)N(CC(CC)CCCC)CC(CC)CCCC,sc009,9.912705577010326e-18,56,2,0.0,1.850371707708594e-17,L5b_EXT+PUB+SAME_ACID_CONC
CCCCCCC(C)N(CCCC)C(=O)COCC(=O)N(CCCC)C(C)CCCCCC,sc018,0.17023381119711717,110,13,0.190268184242845,0.2184238488975748,L5b_EXT+PUB+SAME_ACID_CONC
CCCCCCCCCCCCN(C)C(=O)C1CC(OC)CC(C(=O)N(C)CCCCCCCCCCCC)O1,sc020,0.15516834166976554,63,3,0.07721583120113439,0.24413689549462234,L5b_EXT+PUB+SAME_ACID_CONC
CCCCCCCCCCCCN(CCCCCCCCCCCC)C(=O)COCC(=O)N(CCCCCCCCCCCC)CCCCCCCCCCCC,sc009,0.0273572818391028,13,5,,0.03221104338270586,L5b_EXT+PUB+SAME_ACID_CONC
CCCCCCCCCCCCN(CCCCCCCCCCCC)C(=O)COCCOCC(=O)N(CCCCCCCCCCCC)CCCCCCCCCCCC,sc009,0.6821410260268008,2,2,,0.6821410260268008,L5b_EXT+PUB+SAME_ACID_CONC
CCCCCCCCCCN(CCCCCCCCCC)C(=O)COCC(=O)N(CCCCCC)CCCCCC,sc009,0.048747438459726886,60,4,0.02630465043713677,0.06945952003967251,L5b_EXT+PUB+SAME_ACID_CONC
CCCCCCCCCCN(CCCCCCCCCC)C(=O)COCC(=O)N(CCCCCCCCCC)CCCCCCCCCC,sc009,0.0652312031639327,13,13,,,L5b_EXT+PUB+SAME_ACID_CONC
CCCCCCCCN(C)C(=O)COCC(=O)N(C)CCCCCCCC,sc009,0.5664197572903935,246,35,0.17201303635924495,1.2301178215566329,L5b_EXT+PUB+SAME_ACID_CONC
CCCCCCCCN(CCCCCCCC)C(=O)COCC(=O)N(CCCCCCCC)CCCCCCCC,sc009,0.17584592276735156,1013,39,0.0892989259663119,0.24884121497846837,L5b_EXT+PUB+SAME_ACID_CONC
CCCCCCN(CCCCCC)C(=O)COCC(=O)N(CCCCCC)CCCCCC,sc009,1.982541115402065e-18,56,2,0.0,0.0,L5b_EXT+PUB+SAME_ACID_CONC
CCCCCc1nnc(-c2cccc(-c3cccc(-c4nnc(CCCCC)c(CCCCC)n4)n3)n2)nc1CCCCC,sc061,0.23756063339028816,1158,15,0.16324508986125796,0.30377529160238065,L5b_EXT+PUB+SAME_ACID_CONC
CCCCN(CCCC)C(=O)COCC(=O)N(CCCC)CCCC,sc009,0.2194524621861346,147,28,0.23129243395486346,0.23089533566807321,L5b_EXT+PUB+SAME_ACID_CONC
CCCN(CCC)C(=O)COCC(=O)N(CCC)CCC,sc009,0.15480136813038584,178,9,0.083531067210827,0.2382739212022658,L5b_EXT+PUB+SAME_ACID_CONC
CCN(CC)C(=O)COCC(=O)N(CC)CC,sc071,0.1005853199076046,258,12,0.04667309546769507,0.17237758491374713,L5b_EXT+PUB+SAME_ACID_CONC
CN(C(=O)COCC(=O)N(C)c1ccccc1)c1ccccc1,sc076,0.162430839818272,172,8,0.07454867827208264,0.2976574253170006,L5b_EXT+PUB+SAME_ACID_CONC
CN(C(=O)c1cccc(C(=O)N(C)c2ccccc2)n1)c1ccccc1,sc077,0.07252747276569192,910,10,0.015384615661968285,0.11020408185221747,L5b_EXT+PUB+SAME_ACID_CONC
C1CCC2OCCOCCOC3CCCCC3OCCOCCOC2C1,sc000,0.045307045713949654,10,1,0.08168318724815754,0.03171209563967551,L6_OWN_QUADRATIC_RADIUS
C1COCCOCCOCCOCCOCCO1,sc001,0.04968015933582172,10,1,0.09941658157595118,0.03820671755819564,L6_OWN_QUADRATIC_RADIUS
CC(C)CCCC(C)CCCCN(C)C(=O)COCC(=O)N(C)CCCCC(C)CCCC(C)C,sc007,0.06228521658062666,91,1,0.042373821502659545,0.06926299876253829,L6_OWN_QUADRATIC_RADIUS
CC(C)CCCCCP(=O)(CC(=O)N(CC(C)C)CC(C)C)c1ccccc1,sc008,0.05198065972600196,15,1,0.05498383048605946,0.03853734499196663,L6_OWN_QUADRATIC_RADIUS
CC(C)CN(CC(C)C)C(=O)COCC(=O)N(CC(C)C)CC(C)C,sc010,0.0743795799099294,28,1,0.10323433505167949,0.05811601802296726,L6_OWN_QUADRATIC_RADIUS
CC1(C)CCC(C)(C)c2nc(-c3cccc(-c4cccc(-c5nnc6c(n5)C(C)(C)CCC6(C)C)n4)n3)nnc21,sc012,0.2512508528754826,91,1,0.14077437345785188,0.24727076423775868,L6_OWN_QUADRATIC_RADIUS
CC12CCC(c3nnc(-c4cccc(-c5nnc6c(n5)C5(C)CCC6C5(C)C)n4)nc31)C2(C)C,sc015,0.3054397160231174,91,1,0.20880681240317547,0.30027956113514437,L6_OWN_QUADRATIC_RADIUS
CCCCC(CC)CN(C)C(=O)COCC(=O)N(C)CC(CC)CCCC,sc009,0.10348687301076484,91,1,0.09915905977948003,0.10475453844319005,L6_OWN_QUADRATIC_RADIUS
CCCCC(CC)CN(CC(CC)CCCC)C(=O)COCC(=O)N(CC(CC)CCCC)CC(CC)CCCC,sc009,0.08113753973104451,241,5,0.05838036024600444,0.07657421538175647,L6_OWN_QUADRATIC_RADIUS
CCCCC(CC)CP(=O)(CC(=O)N(CC(C)C)CC(C)C)c1ccccc1,sc017,0.045538709224945934,15,1,0.04704585869614282,0.029871824960294557,L6_OWN_QUADRATIC_RADIUS
CCCCCCC(C)N(CCCC)C(=O)COCC(=O)N(CCCC)C(C)CCCCCC,sc018,0.16929663688674376,168,15,0.2484771290870794,0.1550766446107516,L6_OWN_QUADRATIC_RADIUS
CCCCCCC(CCCC)CCCN(C)C(=O)COCC(=O)N(C)CCCC(CCCC)CCCCCC,sc009,0.11091559545412855,91,1,0.12017946536984454,0.10601316462442173,L6_OWN_QUADRATIC_RADIUS
CCCCCCCCC(C)(C)SCC1CN(C(=O)COCC(=O)N2CC(C)C(CSC(C)(C)CCCCCCCC)C2)CC1C,sc019,0.08841919364981889,91,1,0.06858967687249892,0.09063654606565824,L6_OWN_QUADRATIC_RADIUS
CCCCCCCCCCCCN(C)C(=O)C1CC(OC)CC(C(=O)N(C)CCCCCCCCCCCC)O1,sc020,0.09248157683119512,63,3,0.08314224653476784,0.08661470582238343,L6_OWN_QUADRATIC_RADIUS
CCCCCCCCCCCCN(CCCCCCCC)C(=O)COCC(=O)N(CCCCCCCC)CCCCCCCCCCCC,sc009,0.3137267225662222,78,1,0.39461450640145374,0.31050765762707205,L6_OWN_QUADRATIC_RADIUS
CCCCCCCCCCCCN(CCCCCCCCCCCC)C(=O)COC1CCCN(CCCCCC)C1=O,sc021,0.19374603839179383,91,1,0.12264343411362015,0.20143743483934448,L6_OWN_QUADRATIC_RADIUS
CCCCCCCCCCCCN(CCCCCCCCCCCC)C(=O)COCC(=O)N(CCCCCCCCCCCC)CCCCCCCCCCCC,sc009,0.0807215343151281,244,18,0.10558429389561554,0.06821626340962228,L6_OWN_QUADRATIC_RADIUS
CCCCCCCCCCCCN(CCCCCCCCCCCC)C(=O)COCCOCC(=O)N(CCCCCCCCCCCC)CCCCCCCCCCCC,sc009,0.07662738987418712,229,10,0.08081432575242632,0.0814681933874919,L6_OWN_QUADRATIC_RADIUS
CCCCCCCCCCN(CCCCCCCCCC)C(=O)C(C)OC(C)C(=O)N(CCCCCCCCCC)CCCCCCCCCC,sc027,0.07823920900842107,140,5,0.09456433024111648,0.06663680563660096,L6_OWN_QUADRATIC_RADIUS
CCCCCCCCCCN(CCCCCCCCCC)C(=O)COCC(=O)N(CCCCCC)CCCCCC,sc009,0.04397942461114038,376,20,0.048624867130795085,0.03162883165564212,L6_OWN_QUADRATIC_RADIUS
CCCCCCCCCCN(CCCCCCCCCC)C(=O)COCC(=O)N(CCCCCCCCCC)CCCCCCCCCC,sc009,0.17220710279812868,28,1,0.2704482460227046,0.13515802054160514,L6_OWN_QUADRATIC_RADIUS
CCCCCCCCCCN(CCCCCCCCCC)C(=O)[C@H](C)O[C@H](CC)C(=O)N(CCCCCCCCCC)CCCCCCCCCC,sc027,0.11719019391114383,91,1,0.07054216741547821,0.13625534402924738,L6_OWN_QUADRATIC_RADIUS
CCCCCCCCCCN(CCCCCCCCCC)C(=O)[C@H](CCC)O[C@H](CCC)C(=O)N(CCCCCCCCCC)CCCCCCCCCC,sc028,0.13708032089160224,78,1,0.1515681732750611,0.1292726506855747,L6_OWN_QUADRATIC_RADIUS
CCCCCCCCN(C(=O)c1ccc2ccc3cccnc3c2n1)c1ccc(C)cc1,sc029,0.33769700634036287,91,1,0.19154708412051422,0.31882535186725325,L6_OWN_QUADRATIC_RADIUS
CCCCCCCCN(C)C(=O)C(CCCCCC)C(=O)N(C)CCCCCCCC,sc030,0.12652180342999797,36,1,0.10575626390729449,0.10760500595644022,L6_OWN_QUADRATIC_RADIUS
CCCCCCCCN(C)C(=O)C(CCOCCCCCC)C(=O)N(C)CCCCCCCC,sc030,0.12708284556003663,91,1,0.066405057083458,0.12268629543168194,L6_OWN_QUADRATIC_RADIUS
CCCCCCCCN(C)C(=O)CC(=O)N(C)CCCCCCCC,sc031,0.1652875666854417,36,1,0.25298139316350843,0.13438691736288527,L6_OWN_QUADRATIC_RADIUS
CCCCCCCCN(C)C(=O)COCC(=O)N(C)CCCCCCCC,sc009,0.15336660206570646,1255,47,0.12935512124482115,0.152253698281961,L6_OWN_QUADRATIC_RADIUS
CCCCCCCCN(C)C(=O)COCC(=O)N(CCCCCCCC)CCCCCCCC,sc009,0.15967805285735165,91,1,0.1491268147867056,0.14207227082898166,L6_OWN_QUADRATIC_RADIUS
CCCCCCCCN(CC(C)C)C(=O)COCC(=O)N(CCCCCCCC)CC(C)C,sc009,0.08650587691769296,28,1,0.14973822534419576,0.08575980560858308,L6_OWN_QUADRATIC_RADIUS
CCCCCCCCN(CC(CC)CCCC)C(=O)COCC(=O)N(CCCCCCCC)CC(CC)CCCC,sc009,0.08680110866129084,28,1,0.13022684025978445,0.07956436887786025,L6_OWN_QUADRATIC_RADIUS
CCCCCCCCN(CC)C(=O)COCC(=O)N(CC)CCCCCCCC,sc009,0.17648128060272744,91,1,0.13770938150770193,0.16149036627732263,L6_OWN_QUADRATIC_RADIUS
CCCCCCCCN(CCC(C)CC(C)(C)C)C(=O)COCC(=O)N(CCCCCCCC)CCC(C)CC(C)(C)C,sc033,0.11841231084335199,91,1,0.0951079435746911,0.11515065478421141,L6_OWN_QUADRATIC_RADIUS
CCCCCCCCN(CCC)C(=O)COCC(=O)N(CCC)CCCCCCCC,sc009,0.17731746362808998,91,1,0.16028444327938493,0.15779842554577628,L6_OWN_QUADRATIC_RADIUS
CCCCCCCCN(CCCC(CCCC)CCCCCC)C(=O)COCC(=O)N(CCCCCCCC)CCCC(CCCC)CCCCCC,sc009,0.20007962703918677,78,1,0.138018707917728,0.23979259514210322,L6_OWN_QUADRATIC_RADIUS
CCCCCCCCN(CCCCC(C)CCCC(C)C)C(=O)COCC(=O)N(CCCCCCCC)CCCCC(C)CCCC(C)C,sc009,0.19053309348119427,91,1,0.18455533857375309,0.20627802256731884,L6_OWN_QUADRATIC_RADIUS
CCCCCCCCN(CCCCCCCC)C(=O)C(C)OC(C)C(=O)N(CCCCCCCC)CCCCCCCC,sc027,0.1083561238528149,91,1,0.08854631466241672,0.12697163234625058,L6_OWN_QUADRATIC_RADIUS
CCCCCCCCN(CCCCCCCC)C(=O)CC(=O)N(CCCCCCCC)CCCCCCCC,sc036,0.22141247896292227,36,1,0.24075813620319717,0.16571244260382162,L6_OWN_QUADRATIC_RADIUS
CCCCCCCCN(CCCCCCCC)C(=O)CN(CC(=O)N(CCCCCCCC)CCCCCCCC)CC(=O)N(CCCCCCCC)CCCCCCCC,sc032,0.764943944442702,6,1,1.0713823318248685,,L6_OWN_QUADRATIC_RADIUS
CCCCCCCCN(CCCCCCCC)C(=O)COCC(=O)N(C)C,sc009,0.43968671003581516,21,1,0.5029686002319043,0.31884924525763175,L6_OWN_QUADRATIC_RADIUS
CCCCCCCCN(CCCCCCCC)C(=O)COCC(=O)N(CCCCCCCC)CCCCCCCC,sc009,0.13952827949824226,3392,106,0.09303905117150342,0.1561462684215112,L6_OWN_QUADRATIC_RADIUS
CCCCCCCCN(CCCCCCCC)C(=O)COCCOCC(=O)N(CCCCCCCC)CCCCCCCC,sc009,0.09333384878741452,43,2,0.09967277702768747,0.11232172171465349,L6_OWN_QUADRATIC_RADIUS
CCCCCCCCN(CCCCCCCC)C(=O)[C@H](C)O[C@@H](C)C(=O)N(CCCCCCCC)CCCCCCCC,sc027,0.12235265344818967,91,1,0.08393665599367751,0.12372250238987834,L6_OWN_QUADRATIC_RADIUS
CCCCCCCCN(CCCCCCCC)C(=O)[C@H](C)O[C@@H](CC)C(=O)N(CCCCCCCC)CCCCCCCC,sc027,0.10326276530501942,78,1,0.060053004719231945,0.11432298946733911,L6_OWN_QUADRATIC_RADIUS
CCCCCCCCN(CCCCCCCC)C(=O)[C@H](C)O[C@H](C)C(=O)N(CCCCCCCC)CCCCCCCC,sc027,0.09927430920102864,91,1,0.0660696656426707,0.0916355089440497,L6_OWN_QUADRATIC_RADIUS
CCCCCCCCN(CCCCCCCC)C(=O)[C@H](CCC)O[C@H](CCC)C(=O)N(CCCCCCCC)CCCCCCCC,sc028,0.21842177002603602,91,1,0.20979726349863137,0.21939411395302424,L6_OWN_QUADRATIC_RADIUS
CCCCCCCCN(CCCCCCCC)C(=O)c1ccc2ccc3ccc(C(=O)N(CCCCCCCC)CCCCCCCC)nc3c2n1,sc029,0.1643482046529251,127,2,0.21261707005854583,0.16678877660946897,L6_OWN_QUADRATIC_RADIUS
CCCCCCCCP(=O)(CC(=O)N(CC(C)C)CC(C)C)c1ccccc1,sc008,0.05278889107171293,81,2,0.04911076831022394,0.0589129651357508,L6_OWN_QUADRATIC_RADIUS
CCCCCCCCP(=O)(CCCCCCCC)Cc1cccc(CP(=O)(CCCCCCCC)CCCCCCCC)[n+]1[O-],sc055,0.1326478695668409,182,2,0.09629156955269093,0.14279526929698255,L6_OWN_QUADRATIC_RADIUS
CCCCCCN(C)C(=O)CC(=O)N(C)CCCCCC,sc031,0.1679127586796121,36,1,0.17064653761117107,0.12688527031193028,L6_OWN_QUADRATIC_RADIUS
CCCCCCN(CCC(C)CCC=C(C)C)C(=O)COCC(=O)N(CCCCCC)CCC(C)CCC=C(C)C,sc057,0.15374623276871954,91,1,0.12813752472877066,0.1642040469993299,L6_OWN_QUADRATIC_RADIUS
CCCCCCN(CCC(C)CCCC(C)C)C(=O)COCC(=O)N(CCCCCC)CCC(C)CCCC(C)C,sc009,0.15500166988843117,91,1,0.13139845407641856,0.1640453148757464,L6_OWN_QUADRATIC_RADIUS
CCCCCCN(CCCCCC)C(=O)CC(=O)N(CCCCCC)CCCCCC,sc036,0.2260869346552223,36,1,0.2578740203337116,0.1687794233602415,L6_OWN_QUADRATIC_RADIUS
CCCCCCN(CCCCCC)C(=O)COCC(=O)N(CCCCCC)CCCCCC,sc009,0.03564780705712016,59,3,0.05222863969398935,0.029840920393842108,L6_OWN_QUADRATIC_RADIUS
CCCCCCOCCC(C(=O)N(C)CCCC)C(=O)N(C)CCCC,sc030,4.3483735131151963e-16,3,1,,6.661338147750939e-16,L6_OWN_QUADRATIC_RADIUS
CCCCCCOP(=O)(O)OCCCCCC,sc058,0.1453492122597995,45,1,0.15916478982362586,0.12257444409069947,L6_OWN_QUADRATIC_RADIUS
CCCCCCc1ccc(N(CC)C(=O)c2cccc(-c3cccc(C(=O)N(CC)c4ccc(CCCCCC)cc4)n3)n2)cc1,sc059,0.07859304111598148,91,1,0.07474035265859781,0.07335288548284631,L6_OWN_QUADRATIC_RADIUS
CCCCCCn1c(-c2ccccc2)c(-c2ccccc2)c2cc3ccc4cc5c(-c6ccccc6)c(-c6ccccc6)n(CCCCCC)c(=O)c5nc4c3nc2c1=O,sc060,0.16202623064942379,182,2,0.12325018111127181,0.18143895517675163,L6_OWN_QUADRATIC_RADIUS
CCCCCc1nnc(-c2cccc(-c3cccc(-c4nnc(CCCCC)c(CCCCC)n4)n3)n2)nc1CCCCC,sc061,0.19517480652102814,1236,16,0.18512918705536185,0.18945465692093663,L6_OWN_QUADRATIC_RADIUS
CCCCN(C)C(=O)CC(=O)N(C)CCCC,sc031,3.3306690738754696e-16,6,2,,4.440892098500626e-16,L6_OWN_QUADRATIC_RADIUS
CCCCN(CCCC)C(=O)C(Cc1ccccc1CC(C(=O)N(CCCC)CCCC)C(=O)N(CCCC)CCCC)C(=O)N(CCCC)CCCC,sc062,0.029285652002050095,6,1,,0.017592992585517903,L6_OWN_QUADRATIC_RADIUS
CCCCN(CCCC)C(=O)CC(=O)N(CCCC)CCCC,sc036,0.24689563454900176,36,1,0.25504961574452395,0.1832393388574854,L6_OWN_QUADRATIC_RADIUS
CCCCN(CCCC)C(=O)CCC(=O)N(CCCC)CCCC,sc036,0.040401350064997475,10,1,0.04423092797053707,0.022195174008547536,L6_OWN_QUADRATIC_RADIUS
CCCCN(CCCC)C(=O)COCC(=O)N(CCCC)CCCC,sc009,0.13266258613584736,166,13,0.15942959649589214,0.12066557032501046,L6_OWN_QUADRATIC_RADIUS
CCCCN(CCCC)C(=O)c1ccc2ccc3ccc(C(=O)N(CCCC)CCCC)nc3c2n1,sc029,0.12993518575158952,91,1,0.1462924491931523,0.1215523183421275,L6_OWN_QUADRATIC_RADIUS
CCCCN(CCCC)C(=O)c1ccccc1C(=O)O,sc063,5.921189464667501e-16,3,1,,5.921189464667501e-16,L6_OWN_QUADRATIC_RADIUS
CCCN(CCC)C(=O)COCC(=O)N(CCC)CCC,sc009,0.04274968003569791,178,9,0.0536471757341564,0.0320042009672122,L6_OWN_QUADRATIC_RADIUS
CCCc1nnc(-c2cccc(-c3nnc(CCC)c(CCC)n3)n2)nc1CCC,sc061,0.3615034179452408,91,1,0.19408604143518188,0.34631400372660065,L6_OWN_QUADRATIC_RADIUS
CCN(C(=O)c1ccc2ccc3ccc(C(=O)N(CC)c4ccc(C)cc4)nc3c2n1)c1ccc(C)cc1,sc068,2.9605947323337506e-16,3,1,,2.9605947323337506e-16,L6_OWN_QUADRATIC_RADIUS
CCN(C(=O)c1cccc(-c2cccc(C(=O)N(CC)c3cc(C)cc(C)c3)n2)n1)c1cc(C)cc(C)c1,sc068,0.05676350228404582,91,1,0.03842461738207424,0.05793446949797169,L6_OWN_QUADRATIC_RADIUS
CCN(C(=O)c1cccc(-c2cccc(C(=O)N(CC)c3cc(C)ccc3C)n2)n1)c1cc(C)ccc1C,sc069,0.1397544369531816,91,1,0.0902239154536115,0.14884956386857603,L6_OWN_QUADRATIC_RADIUS
CCN(C(=O)c1cccc(-c2cccc(C(=O)N(CC)c3ccc(C)cc3C)n2)n1)c1ccc(C)cc1C,sc069,0.12155579138760289,91,1,0.07965127483710475,0.12454196868851164,L6_OWN_QUADRATIC_RADIUS
CCN(C(=O)c1cccc(-c2cccc(C(=O)N(CC)c3ccccc3)n2)n1)c1ccccc1,sc068,0.06631050247255257,91,1,0.06143094087823715,0.06136743581213991,L6_OWN_QUADRATIC_RADIUS
CCN(C(=O)c1cccc(C(=O)N(CC)c2ccc(C)cc2)n1)c1ccc(C)cc1,sc068,0.11156921271448689,91,1,0.08087129665377758,0.10793879762300883,L6_OWN_QUADRATIC_RADIUS
CCN(C(=O)c1cccc(C(=O)N(CC)c2cccc(C)c2)n1)c1cccc(C)c1,sc068,0.07124533692822232,91,1,0.06662069827348815,0.05794823791504633,L6_OWN_QUADRATIC_RADIUS
CCN(C(=O)c1cccc(C(=O)N(CC)c2ccccc2C)n1)c1ccccc1C,sc070,0.15701640734644054,91,1,0.1049065236260138,0.165619885575367,L6_OWN_QUADRATIC_RADIUS
CCN(CC)C(=O)COCC(=O)N(CC)CC,sc071,0.029885221561774897,258,12,0.033028020386467585,0.02366149930661366,L6_OWN_QUADRATIC_RADIUS
CCc1ccc(N(CC)C(=O)c2ccc3ccc4ccc(C(=O)N(CC)c5ccc(CC)cc5)nc4c3n2)cc1,sc068,0.1376929669603934,91,1,0.12219703828293152,0.12404077994159739,L6_OWN_QUADRATIC_RADIUS
CN(C(=O)CC(=O)N(C)c1ccccc1)c1ccccc1,sc075,0.26538508154104207,91,1,0.21891283661859828,0.28252243544354055,L6_OWN_QUADRATIC_RADIUS
CN(C(=O)COCC(=O)N(C)c1ccccc1)c1ccccc1,sc076,0.03619473987416798,243,11,0.03335548993384945,0.03857228221272013,L6_OWN_QUADRATIC_RADIUS
CN(C(=O)c1cccc(C(=O)N(C)c2ccccc2)n1)c1ccccc1,sc077,0.1412939905682928,910,10,0.10147823267954967,0.13874095846664297,L6_OWN_QUADRATIC_RADIUS
COCCN(CCOC)C(=O)COCC(=O)N(CCOC)CCOC,sc078,0.03889644441787325,91,1,0.027341412435260202,0.03720894040114367,L6_OWN_QUADRATIC_RADIUS
O=C(COCC(=O)N1CCCCC1)N1CCCCC1,sc083,0.03528256043130292,91,1,0.02688703872406102,0.03371400099462446,L6_OWN_QUADRATIC_RADIUS
O=C(O)CN(CC(=O)O)C1CCCCC1N(CC(=O)O)CC(=O)O,sc084,0.164097202332449,28,1,0.2147725440081274,0.12419577226690226,L6_OWN_QUADRATIC_RADIUS
O=C(O)CN(CCO)CCN(CC(=O)O)CC(=O)O,sc085,0.18939416156222588,28,1,0.24903248524903376,0.12475926054497968,L6_OWN_QUADRATIC_RADIUS
O=C(c1cc(Cl)c2ccc3c(Cl)cc(C(=O)N4CCCC4)nc3c2n1)N1CCCC1,sc086,0.08118092785703952,182,2,0.07072287703927252,0.08004484865662273,L6_OWN_QUADRATIC_RADIUS
O=c1c(O)c(-c2ccc(O)c(O)c2)oc2cc(O)cc(O)c12,sc092,3.700743415417188e-17,3,1,,3.700743415417188e-17,L6_OWN_QUADRATIC_RADIUS
c1cc2nc(c1)COc1ccccc1OCCOCCOc1ccccc1OC2,sc096,0.0533095444239613,10,1,0.09602093154426106,0.037282035380973556,L6_OWN_QUADRATIC_RADIUS
c1ccc2c(c1)OCCOCCOc1ccccc1OCCOCCO2,sc097,0.2934851659044941,10,1,0.26796602086740645,0.21068676023169428,L6_OWN_QUADRATIC_RADIUS
C1CCC2OCCOCCOC3CCCCC3OCCOCCOC2C1,sc000,0.05477285140084488,10,1,0.07881046253191493,0.032632162249551976,L7_ORACLE_AMPLITUDE_CORPUS_RANK1
C1COCCOCCOCCOCCOCCO1,sc001,0.08971470862019097,10,1,0.09175738685525975,0.08277019235801768,L7_ORACLE_AMPLITUDE_CORPUS_RANK1
CC(C)CCCC(C)CCCCN(C)C(=O)COCC(=O)N(C)CCCCC(C)CCCC(C)C,sc007,0.12406251215131504,91,1,0.06481043025001972,0.14357060497356453,L7_ORACLE_AMPLITUDE_CORPUS_RANK1
CC(C)CCCCCP(=O)(CC(=O)N(CC(C)C)CC(C)C)c1ccccc1,sc008,0.13175693972959954,15,1,0.09735462997450703,0.1341347418042322,L7_ORACLE_AMPLITUDE_CORPUS_RANK1
CC(C)CN(CC(C)C)C(=O)COCC(=O)N(CC(C)C)CC(C)C,sc010,0.04059421194381124,28,1,0.03787293168421402,0.03070612346559863,L7_ORACLE_AMPLITUDE_CORPUS_RANK1
CC1(C)CCC(C)(C)c2nc(-c3cccc(-c4cccc(-c5nnc6c(n5)C(C)(C)CCC6(C)C)n4)n3)nnc21,sc012,0.3708332899303399,91,1,0.1410749572458141,0.4345253434149804,L7_ORACLE_AMPLITUDE_CORPUS_RANK1
CC12CCC(c3nnc(-c4cccc(-c5nnc6c(n5)C5(C)CCC6C5(C)C)n4)nc31)C2(C)C,sc015,0.2957281032566525,91,1,0.1792579977841195,0.32194507518780574,L7_ORACLE_AMPLITUDE_CORPUS_RANK1
CCCCC(CC)CN(C)C(=O)COCC(=O)N(C)CC(CC)CCCC,sc009,0.24856747825213368,91,1,0.16110810133008846,0.29463706993497124,L7_ORACLE_AMPLITUDE_CORPUS_RANK1
CCCCC(CC)CN(CC(=O)N(CC(CC)CCCC)CC(CC)CCCC)CC(=O)N(CC(CC)CCCC)CC(CC)CCCC,sc016,0.0,1,1,,,L7_ORACLE_AMPLITUDE_CORPUS_RANK1
CCCCC(CC)CN(CC(CC)CCCC)C(=O)COCC(=O)N(CC(CC)CCCC)CC(CC)CCCC,sc009,0.07454319043658397,242,6,0.06037593745911764,0.06882461307742574,L7_ORACLE_AMPLITUDE_CORPUS_RANK1
CCCCC(CC)CP(=O)(CC(=O)N(CC(C)C)CC(C)C)c1ccccc1,sc017,0.11836261173469291,15,1,0.08781497876709551,0.11524187531203701,L7_ORACLE_AMPLITUDE_CORPUS_RANK1
CCCCCCC(C)N(CCCC)C(=O)COCC(=O)N(CCCC)C(C)CCCCCC,sc018,0.25283190082712875,170,17,0.23340706602367586,0.23924275606841464,L7_ORACLE_AMPLITUDE_CORPUS_RANK1
CCCCCCC(CCCC)CCCN(C)C(=O)COCC(=O)N(C)CCCC(CCCC)CCCCCC,sc009,0.11441799373082792,91,1,0.11485829788290379,0.10521844445105633,L7_ORACLE_AMPLITUDE_CORPUS_RANK1
CCCCCCCCC(C)(C)SCC1CN(C(=O)COCC(=O)N2CC(C)C(CSC(C)(C)CCCCCCCC)C2)CC1C,sc019,0.07273198692827683,91,1,0.06930201908398506,0.06459927664722034,L7_ORACLE_AMPLITUDE_CORPUS_RANK1
CCCCCCCCCCCCN(C)C(=O)C1CC(OC)CC(C(=O)N(C)CCCCCCCCCCCC)O1,sc020,0.09741902848887951,63,3,0.0756974242591759,0.08470826266839988,L7_ORACLE_AMPLITUDE_CORPUS_RANK1
CCCCCCCCCCCCN(CCCCCCCC)C(=O)COCC(=O)N(CCCCCCCC)CCCCCCCCCCCC,sc009,0.3252370438678908,78,1,0.3927069807277721,0.3435205344824147,L7_ORACLE_AMPLITUDE_CORPUS_RANK1
CCCCCCCCCCCCN(CCCCCCCCCCCC)C(=O)COC1CCCN(CCCCCC)C1=O,sc021,0.1612137789475479,91,1,0.12224173072384516,0.17693604783676642,L7_ORACLE_AMPLITUDE_CORPUS_RANK1
CCCCCCCCCCCCN(CCCCCCCCCCCC)C(=O)COCC(=O)N(CCCCCCCCCCCC)CCCCCCCCCCCC,sc009,0.11597970932430145,247,21,0.11258737916848584,0.10631018586635153,L7_ORACLE_AMPLITUDE_CORPUS_RANK1
CCCCCCCCCCCCN(CCCCCCCCCCCC)C(=O)COCCOCC(=O)N(CCCCCCCCCCCC)CCCCCCCCCCCC,sc009,0.14644976279657201,229,10,0.10982977181180041,0.20091893963130728,L7_ORACLE_AMPLITUDE_CORPUS_RANK1
CCCCCCCCCCN(CCCCCCCCCC)C(=O)C(C)OC(C)C(=O)N(CCCCCCCCCC)CCCCCCCCCC,sc027,0.06959602968029212,140,5,0.06915134184797253,0.07075935104501523,L7_ORACLE_AMPLITUDE_CORPUS_RANK1
CCCCCCCCCCN(CCCCCCCCCC)C(=O)COCC(=O)N(CCCCCC)CCCCCC,sc009,0.05549379552084092,376,20,0.05102862084316793,0.0446242247071241,L7_ORACLE_AMPLITUDE_CORPUS_RANK1
CCCCCCCCCCN(CCCCCCCCCC)C(=O)COCC(=O)N(CCCCCCCCCC)CCCCCCCCCC,sc009,0.1263379622418978,41,14,0.2425448289144708,0.1623993179215649,L7_ORACLE_AMPLITUDE_CORPUS_RANK1
CCCCCCCCCCN(CCCCCCCCCC)C(=O)[C@H](C)O[C@H](CC)C(=O)N(CCCCCCCCCC)CCCCCCCCCC,sc027,0.23207366389121825,91,1,0.09970307479034313,0.2992657281339136,L7_ORACLE_AMPLITUDE_CORPUS_RANK1
CCCCCCCCCCN(CCCCCCCCCC)C(=O)[C@H](CCC)O[C@H](CCC)C(=O)N(CCCCCCCCCC)CCCCCCCCCC,sc028,0.35019416089572564,78,1,0.1890600265613881,0.40534521916503136,L7_ORACLE_AMPLITUDE_CORPUS_RANK1
CCCCCCCCN(C(=O)c1ccc2ccc3cccnc3c2n1)c1ccc(C)cc1,sc029,0.3457243708971241,91,1,0.16855851282143128,0.35273898302598644,L7_ORACLE_AMPLITUDE_CORPUS_RANK1
CCCCCCCCN(C)C(=O)C(CCCCCC)C(=O)N(C)CCCCCCCC,sc030,0.1470971672954881,36,1,0.08188197317144078,0.1585765539522796,L7_ORACLE_AMPLITUDE_CORPUS_RANK1
CCCCCCCCN(C)C(=O)C(CCOCCCCCC)C(=O)N(C)CCCCCCCC,sc030,0.2967192110758922,91,1,0.11794787795377015,0.3663713630780418,L7_ORACLE_AMPLITUDE_CORPUS_RANK1
CCCCCCCCN(C)C(=O)CC(=O)N(C)CCCCCCCC,sc031,0.24249095331391674,36,1,0.3046027810415369,0.24687851942652167,L7_ORACLE_AMPLITUDE_CORPUS_RANK1
CCCCCCCCN(C)C(=O)COCC(=O)N(C)CCCCCCCC,sc009,0.18938273381287593,1282,74,0.14418533023340965,0.19393772282025812,L7_ORACLE_AMPLITUDE_CORPUS_RANK1
CCCCCCCCN(C)C(=O)COCC(=O)N(CCCCCCCC)CCCCCCCC,sc009,0.22512681632078524,91,1,0.15493201996536238,0.2175402512685621,L7_ORACLE_AMPLITUDE_CORPUS_RANK1
CCCCCCCCN(CC(C)C)C(=O)COCC(=O)N(CCCCCCCC)CC(C)C,sc009,0.09027630568281111,28,1,0.1815840899382344,0.08058866089278162,L7_ORACLE_AMPLITUDE_CORPUS_RANK1
CCCCCCCCN(CC(CC)CCCC)C(=O)COCC(=O)N(CCCCCCCC)CC(CC)CCCC,sc009,0.09284033482256138,28,1,0.17235229130681426,0.07294673248412516,L7_ORACLE_AMPLITUDE_CORPUS_RANK1
CCCCCCCCN(CC)C(=O)COCC(=O)N(CC)CCCCCCCC,sc009,0.2926918299862371,91,1,0.16787403025760772,0.3040472706402276,L7_ORACLE_AMPLITUDE_CORPUS_RANK1
CCCCCCCCN(CCC(C)CC(C)(C)C)C(=O)COCC(=O)N(CCCCCCCC)CCC(C)CC(C)(C)C,sc033,0.11282183222266369,91,1,0.11009235284293051,0.11717156891447668,L7_ORACLE_AMPLITUDE_CORPUS_RANK1
CCCCCCCCN(CCC)C(=O)COCC(=O)N(CCC)CCCCCCCC,sc009,0.29847804303082726,91,1,0.1847450414826528,0.3061546226386308,L7_ORACLE_AMPLITUDE_CORPUS_RANK1
CCCCCCCCN(CCCC(CCCC)CCCCCC)C(=O)COCC(=O)N(CCCCCCCC)CCCC(CCCC)CCCCCC,sc009,0.15581301995744892,78,1,0.15134517154437668,0.1895796623334209,L7_ORACLE_AMPLITUDE_CORPUS_RANK1
CCCCCCCCN(CCCCC(C)CCCC(C)C)C(=O)COCC(=O)N(CCCCCCCC)CCCCC(C)CCCC(C)C,sc009,0.16559280546966146,91,1,0.1952591273117174,0.18106974991033634,L7_ORACLE_AMPLITUDE_CORPUS_RANK1
CCCCCCCCN(CCCCCCCC)C(=O)C(C)OC(C)C(=O)N(CCCCCCCC)CCCCCCCC,sc027,0.1938353173154973,91,1,0.09885794832471509,0.2512997549974365,L7_ORACLE_AMPLITUDE_CORPUS_RANK1
CCCCCCCCN(CCCCCCCC)C(=O)CC(=O)N(CCCCCCCC)CCCCCCCC,sc036,0.2063304902944597,36,1,0.2303112490220779,0.15089840160421591,L7_ORACLE_AMPLITUDE_CORPUS_RANK1
CCCCCCCCN(CCCCCCCC)C(=O)CN(CC(=O)N(CCCCCCCC)CCCCCCCC)CC(=O)N(CCCCCCCC)CCCCCCCC,sc032,0.5847631336736885,10,5,0.5671883327074727,,L7_ORACLE_AMPLITUDE_CORPUS_RANK1
CCCCCCCCN(CCCCCCCC)C(=O)COCC(=O)N(C)C,sc009,0.634754215219182,21,1,0.4844953282375489,0.7851656279842274,L7_ORACLE_AMPLITUDE_CORPUS_RANK1
CCCCCCCCN(CCCCCCCC)C(=O)COCC(=O)N(CCCCCCCC)CCCCCCCC,sc009,0.18940314211298662,3457,171,0.10097144067379644,0.2374417009738756,L7_ORACLE_AMPLITUDE_CORPUS_RANK1
CCCCCCCCN(CCCCCCCC)C(=O)COCCOCC(=O)N(CCCCCCCC)CCCCCCCC,sc009,0.16350950634241765,43,2,0.13282632279879444,0.1329055973346819,L7_ORACLE_AMPLITUDE_CORPUS_RANK1
CCCCCCCCN(CCCCCCCC)C(=O)[C@H](C)O[C@@H](C)C(=O)N(CCCCCCCC)CCCCCCCC,sc027,0.27027380591637096,91,1,0.12200709505124492,0.33880124681531926,L7_ORACLE_AMPLITUDE_CORPUS_RANK1
CCCCCCCCN(CCCCCCCC)C(=O)[C@H](C)O[C@@H](CC)C(=O)N(CCCCCCCC)CCCCCCCC,sc027,0.12075407015144603,78,1,0.05986680394239318,0.1494024885502034,L7_ORACLE_AMPLITUDE_CORPUS_RANK1
CCCCCCCCN(CCCCCCCC)C(=O)[C@H](C)O[C@H](C)C(=O)N(CCCCCCCC)CCCCCCCC,sc027,0.11748461324239727,91,1,0.06992602150171107,0.1253017887272574,L7_ORACLE_AMPLITUDE_CORPUS_RANK1
CCCCCCCCN(CCCCCCCC)C(=O)[C@H](CCC)O[C@H](CCC)C(=O)N(CCCCCCCC)CCCCCCCC,sc028,0.29561390704446244,91,1,0.17982863830348023,0.35626575286479656,L7_ORACLE_AMPLITUDE_CORPUS_RANK1
CCCCCCCCN(CCCCCCCC)C(=O)c1ccc2ccc3ccc(C(=O)N(CCCCCCCC)CCCCCCCC)nc3c2n1,sc029,0.18254836845588834,127,2,0.2087057877467409,0.1940414999806262,L7_ORACLE_AMPLITUDE_CORPUS_RANK1
CCCCCCCCP(=O)(CC(=O)N(CC(C)C)CC(C)C)c1ccccc1,sc008,0.1750881407186841,81,2,0.07892728305722065,0.22080232334459363,L7_ORACLE_AMPLITUDE_CORPUS_RANK1
CCCCCCCCP(=O)(CCCCCCCC)Cc1cccc(CP(=O)(CCCCCCCC)CCCCCCCC)[n+]1[O-],sc055,0.32215731671324693,182,2,0.158251942356859,0.3897011697300174,L7_ORACLE_AMPLITUDE_CORPUS_RANK1
CCCCCCN(C)C(=O)CC(=O)N(C)CCCCCC,sc031,0.1702536958212365,36,1,0.1773984365453348,0.13061240840924873,L7_ORACLE_AMPLITUDE_CORPUS_RANK1
CCCCCCN(CCC(C)CCC=C(C)C)C(=O)COCC(=O)N(CCCCCC)CCC(C)CCC=C(C)C,sc057,0.14744354388478573,91,1,0.13676643673183508,0.16434062785862086,L7_ORACLE_AMPLITUDE_CORPUS_RANK1
CCCCCCN(CCC(C)CCCC(C)C)C(=O)COCC(=O)N(CCCCCC)CCC(C)CCCC(C)C,sc009,0.13172788022998902,91,1,0.1386046951721327,0.1454345063534279,L7_ORACLE_AMPLITUDE_CORPUS_RANK1
CCCCCCN(CCCCCC)C(=O)CC(=O)N(CCCCCC)CCCCCC,sc036,0.2166344879402201,36,1,0.2573787557670277,0.1576180565575412,L7_ORACLE_AMPLITUDE_CORPUS_RANK1
CCCCCCN(CCCCCC)C(=O)COCC(=O)N(CCCCCC)CCCCCC,sc009,0.07986791667099777,59,3,0.09303787875758736,0.0781685089914693,L7_ORACLE_AMPLITUDE_CORPUS_RANK1
CCCCCCOCCC(C(=O)N(C)CCCC)C(=O)N(C)CCCC,sc030,0.22765428653656572,4,2,,0.03596561218048311,L7_ORACLE_AMPLITUDE_CORPUS_RANK1
CCCCCCOP(=O)(O)OCCCCCC,sc058,0.42419705853716505,45,1,0.22353862803670832,0.4513622813850807,L7_ORACLE_AMPLITUDE_CORPUS_RANK1
CCCCCCc1ccc(N(CC)C(=O)c2cccc(-c3cccc(C(=O)N(CC)c4ccc(CCCCCC)cc4)n3)n2)cc1,sc059,0.15378353042272813,91,1,0.09296077955398122,0.16839808092335373,L7_ORACLE_AMPLITUDE_CORPUS_RANK1
CCCCCCn1c(-c2ccccc2)c(-c2ccccc2)c2cc3ccc4cc5c(-c6ccccc6)c(-c6ccccc6)n(CCCCCC)c(=O)c5nc4c3nc2c1=O,sc060,0.2830718745452767,182,2,0.21272074179466255,0.3172887202896337,L7_ORACLE_AMPLITUDE_CORPUS_RANK1
CCCCCc1nnc(-c2cccc(-c3cccc(-c4nnc(CCCCC)c(CCCCC)n4)n3)n2)nc1CCCCC,sc061,0.24532571827548294,1236,16,0.17825762451081775,0.27398351283863415,L7_ORACLE_AMPLITUDE_CORPUS_RANK1
CCCCN(C)C(=O)CC(=O)N(C)CCCC,sc031,0.07390315552741557,7,3,,0.010292990586098984,L7_ORACLE_AMPLITUDE_CORPUS_RANK1
CCCCN(CCCC)C(=O)C(Cc1ccccc1CC(C(=O)N(CCCC)CCCC)C(=O)N(CCCC)CCCC)C(=O)N(CCCC)CCCC,sc062,0.04163523330665381,6,1,,0.0355561934293223,L7_ORACLE_AMPLITUDE_CORPUS_RANK1
CCCCN(CCCC)C(=O)CC(=O)N(CCCC)CCCC,sc036,0.23372580597423478,36,1,0.2396275096070407,0.174505691661309,L7_ORACLE_AMPLITUDE_CORPUS_RANK1
CCCCN(CCCC)C(=O)CCC(=O)N(CCCC)CCCC,sc036,0.06011469269770209,10,1,0.055500323418943925,0.014497465558538869,L7_ORACLE_AMPLITUDE_CORPUS_RANK1
CCCCN(CCCC)C(=O)COCC(=O)N(CCCC)CCCC,sc009,0.1529076781499427,186,33,0.19343049675620638,0.15684483439635222,L7_ORACLE_AMPLITUDE_CORPUS_RANK1
CCCCN(CCCC)C(=O)c1ccc2ccc3ccc(C(=O)N(CCCC)CCCC)nc3c2n1,sc029,0.13255983080979306,91,1,0.14796553884656996,0.12316293053348194,L7_ORACLE_AMPLITUDE_CORPUS_RANK1
CCCCN(CCCC)C(=O)c1ccccc1C(=O)O,sc063,2.1012841432802345,3,1,,2.1012841432802345,L7_ORACLE_AMPLITUDE_CORPUS_RANK1
CCCN(CCC)C(=O)COCC(=O)N(CCC)CCC,sc009,0.053882130347090065,178,9,0.053086383414654874,0.05668186462007742,L7_ORACLE_AMPLITUDE_CORPUS_RANK1
CCCc1nnc(-c2cccc(-c3nnc(CCC)c(CCC)n3)n2)nc1CCC,sc061,0.4181919845850931,91,1,0.22953645281607588,0.46782573057204546,L7_ORACLE_AMPLITUDE_CORPUS_RANK1
CCN(C(=O)c1ccc2ccc3ccc(C(=O)N(CC)c4ccc(C)cc4)nc3c2n1)c1ccc(C)cc1,sc068,0.11180854835242078,3,1,,0.11180854835242078,L7_ORACLE_AMPLITUDE_CORPUS_RANK1
CCN(C(=O)c1cccc(-c2cccc(C(=O)N(CC)c3cc(C)cc(C)c3)n2)n1)c1cc(C)cc(C)c1,sc068,0.09467812510907352,91,1,0.05114666579651573,0.10889941976188301,L7_ORACLE_AMPLITUDE_CORPUS_RANK1
CCN(C(=O)c1cccc(-c2cccc(C(=O)N(CC)c3cc(C)ccc3C)n2)n1)c1cc(C)ccc1C,sc069,0.1729153767494344,91,1,0.09395257715453663,0.1867785762623126,L7_ORACLE_AMPLITUDE_CORPUS_RANK1
CCN(C(=O)c1cccc(-c2cccc(C(=O)N(CC)c3ccc(C)cc3C)n2)n1)c1ccc(C)cc1C,sc069,0.12926970650816272,91,1,0.08245394859471583,0.13500516380021843,L7_ORACLE_AMPLITUDE_CORPUS_RANK1
CCN(C(=O)c1cccc(-c2cccc(C(=O)N(CC)c3ccccc3)n2)n1)c1ccccc1,sc068,0.1162302158325431,91,1,0.07563226937970005,0.11712674240819422,L7_ORACLE_AMPLITUDE_CORPUS_RANK1
CCN(C(=O)c1cccc(C(=O)N(CC)c2ccc(C)cc2)n1)c1ccc(C)cc1,sc068,0.31357242185768563,91,1,0.13330228589929927,0.3746002390447614,L7_ORACLE_AMPLITUDE_CORPUS_RANK1
CCN(C(=O)c1cccc(C(=O)N(CC)c2cccc(C)c2)n1)c1cccc(C)c1,sc068,0.3108936669800989,91,1,0.12621420500043523,0.37775960486091503,L7_ORACLE_AMPLITUDE_CORPUS_RANK1
CCN(C(=O)c1cccc(C(=O)N(CC)c2ccccc2C)n1)c1ccccc1C,sc070,0.20171406815796836,91,1,0.10654120859512914,0.21772673442649512,L7_ORACLE_AMPLITUDE_CORPUS_RANK1
CCN(CC)C(=O)COCC(=O)N(CC)CC,sc071,0.0945055911308609,258,12,0.06894624044988013,0.08757785976574722,L7_ORACLE_AMPLITUDE_CORPUS_RANK1
CCc1ccc(N(CC)C(=O)c2ccc3ccc4ccc(C(=O)N(CC)c5ccc(CC)cc5)nc4c3n2)cc1,sc068,0.2286595729449668,91,1,0.11890713352968697,0.2445125890316208,L7_ORACLE_AMPLITUDE_CORPUS_RANK1
CN(C(=O)CC(=O)N(C)c1ccccc1)c1ccccc1,sc075,0.28353774641144897,91,1,0.22686676589040056,0.3149830986966694,L7_ORACLE_AMPLITUDE_CORPUS_RANK1
CN(C(=O)COCC(=O)N(C)c1ccccc1)c1ccccc1,sc076,0.06287446032473758,243,11,0.056111952370718435,0.055656701904433635,L7_ORACLE_AMPLITUDE_CORPUS_RANK1
CN(C(=O)c1cccc(C(=O)N(C)c2ccccc2)n1)c1ccccc1,sc077,0.20859098298600284,910,10,0.1028739238248084,0.2305385958528651,L7_ORACLE_AMPLITUDE_CORPUS_RANK1
COCCN(CCOC)C(=O)COCC(=O)N(CCOC)CCOC,sc078,0.041485736001208896,91,1,0.029559835306566886,0.040330073713973104,L7_ORACLE_AMPLITUDE_CORPUS_RANK1
O=C(COCC(=O)N1CCCCC1)N1CCCCC1,sc083,0.037774336502669835,91,1,0.02919841480028451,0.03681362871551288,L7_ORACLE_AMPLITUDE_CORPUS_RANK1
O=C(O)CN(CC(=O)O)C1CCCCC1N(CC(=O)O)CC(=O)O,sc084,0.3782007165782499,28,1,0.23691125041954422,0.39426952784999925,L7_ORACLE_AMPLITUDE_CORPUS_RANK1
O=C(O)CN(CCO)CCN(CC(=O)O)CC(=O)O,sc085,0.34380160837254575,28,1,0.25593915077284685,0.36857233781387455,L7_ORACLE_AMPLITUDE_CORPUS_RANK1
O=C(c1cc(Cl)c2ccc3c(Cl)cc(C(=O)N4CCCC4)nc3c2n1)N1CCCC1,sc086,0.0816608727891032,182,2,0.07290668393967814,0.07893003271507942,L7_ORACLE_AMPLITUDE_CORPUS_RANK1
O=c1c(O)c(-c2ccc(O)c(O)c2)oc2cc(O)cc(O)c12,sc092,0.29383447066147705,3,1,,0.29383447066147705,L7_ORACLE_AMPLITUDE_CORPUS_RANK1
c1cc2nc(c1)COc1ccccc1OCCOCCOc1ccccc1OC2,sc096,0.0943553483227773,10,1,0.09395047633250359,0.08028315879721507,L7_ORACLE_AMPLITUDE_CORPUS_RANK1
c1ccc2c(c1)OCCOCCOc1ccccc1OCCOCCO2,sc097,0.32119389957245803,10,1,0.23614284310300743,0.2713549471728536,L7_ORACLE_AMPLITUDE_CORPUS_RANK1
C1CCC2OCCOCCOC3CCCCC3OCCOCCOC2C1,sc000,0.07252807386660154,10,1,0.09493473238690373,0.06967034964972114,L7a_ORACLE_AMPLITUDE_CORPUS_MEANSHAPE
C1COCCOCCOCCOCCOCCO1,sc001,0.06182466516572917,10,1,0.11005014250142386,0.04468294642119871,L7a_ORACLE_AMPLITUDE_CORPUS_MEANSHAPE
CC(C)CCCC(C)CCCCN(C)C(=O)COCC(=O)N(C)CCCCC(C)CCCC(C)C,sc007,0.14137879730240036,91,1,0.145515196732809,0.12906381608482878,L7a_ORACLE_AMPLITUDE_CORPUS_MEANSHAPE
CC(C)CCCCCP(=O)(CC(=O)N(CC(C)C)CC(C)C)c1ccccc1,sc008,0.1076166619734363,15,1,0.08099948699711082,0.09394919287748103,L7a_ORACLE_AMPLITUDE_CORPUS_MEANSHAPE
CC(C)CN(CC(C)C)C(=O)COCC(=O)N(CC(C)C)CC(C)C,sc010,0.1354027100153956,28,1,0.056834442175526335,0.145412510334908,L7a_ORACLE_AMPLITUDE_CORPUS_MEANSHAPE
CC1(C)CCC(C)(C)c2nc(-c3cccc(-c4cccc(-c5nnc6c(n5)C(C)(C)CCC6(C)C)n4)n3)nnc21,sc012,0.32870432369913233,91,1,0.1429046404121215,0.3852694052541483,L7a_ORACLE_AMPLITUDE_CORPUS_MEANSHAPE
CC12CCC(c3nnc(-c4cccc(-c5nnc6c(n5)C5(C)CCC6C5(C)C)n4)nc31)C2(C)C,sc015,0.45883740115046195,91,1,0.3927265046606371,0.45230703187657134,L7a_ORACLE_AMPLITUDE_CORPUS_MEANSHAPE
CCCCC(CC)CN(C)C(=O)COCC(=O)N(C)CC(CC)CCCC,sc009,0.20117325414408838,91,1,0.20495745395657355,0.18552440445028415,L7a_ORACLE_AMPLITUDE_CORPUS_MEANSHAPE
CCCCC(CC)CN(CC(=O)N(CC(CC)CCCC)CC(CC)CCCC)CC(=O)N(CC(CC)CCCC)CC(CC)CCCC,sc016,2.220446049250313e-16,1,1,,,L7a_ORACLE_AMPLITUDE_CORPUS_MEANSHAPE
CCCCC(CC)CN(CC(CC)CCCC)C(=O)COCC(=O)N(CC(CC)CCCC)CC(CC)CCCC,sc009,0.10678272887514798,242,6,0.0921517141085735,0.11076386009474609,L7a_ORACLE_AMPLITUDE_CORPUS_MEANSHAPE
CCCCC(CC)CP(=O)(CC(=O)N(CC(C)C)CC(C)C)c1ccccc1,sc017,0.10183020974364167,15,1,0.0769703402369794,0.08606519382791285,L7a_ORACLE_AMPLITUDE_CORPUS_MEANSHAPE
CCCCCCC(C)N(CCCC)C(=O)COCC(=O)N(CCCC)C(C)CCCCCC,sc018,0.3621640926295486,170,17,0.27995862100536895,0.3654528844673133,L7a_ORACLE_AMPLITUDE_CORPUS_MEANSHAPE
CCCCCCC(CCCC)CCCN(C)C(=O)COCC(=O)N(C)CCCC(CCCC)CCCCCC,sc009,0.34632502974861085,91,1,0.27214737381088266,0.361168931577522,L7a_ORACLE_AMPLITUDE_CORPUS_MEANSHAPE
CCCCCCCCC(C)(C)SCC1CN(C(=O)COCC(=O)N2CC(C)C(CSC(C)(C)CCCCCCCC)C2)CC1C,sc019,0.2513084222404907,91,1,0.1904180311528769,0.26601843525068364,L7a_ORACLE_AMPLITUDE_CORPUS_MEANSHAPE
CCCCCCCCCCCCN(C)C(=O)C1CC(OC)CC(C(=O)N(C)CCCCCCCCCCCC)O1,sc020,0.08476002203444785,63,3,0.06325114402683996,0.09430849969641956,L7a_ORACLE_AMPLITUDE_CORPUS_MEANSHAPE
CCCCCCCCCCCCN(CCCCCCCC)C(=O)COCC(=O)N(CCCCCCCC)CCCCCCCCCCCC,sc009,0.5406590900687208,78,1,0.3561731233545334,0.6386961717040894,L7a_ORACLE_AMPLITUDE_CORPUS_MEANSHAPE
CCCCCCCCCCCCN(CCCCCCCCCCCC)C(=O)COC1CCCN(CCCCCC)C1=O,sc021,0.5889591834153118,91,1,0.33880784985474816,0.6864666559746722,L7a_ORACLE_AMPLITUDE_CORPUS_MEANSHAPE
CCCCCCCCCCCCN(CCCCCCCCCCCC)C(=O)COCC(=O)N(CCCCCCCCCCCC)CCCCCCCCCCCC,sc009,0.18994336168414735,247,21,0.14587347690677926,0.21346898290521812,L7a_ORACLE_AMPLITUDE_CORPUS_MEANSHAPE
CCCCCCCCCCCCN(CCCCCCCCCCCC)C(=O)COCCOCC(=O)N(CCCCCCCCCCCC)CCCCCCCCCCCC,sc009,0.22815879589768384,229,10,0.13825752386874438,0.3365914620244796,L7a_ORACLE_AMPLITUDE_CORPUS_MEANSHAPE
CCCCCCCCCCN(CCCCCCCCCC)C(=O)C(C)OC(C)C(=O)N(CCCCCCCCCC)CCCCCCCCCC,sc027,0.05744506224502299,140,5,0.0630986607049139,0.05012270829508488,L7a_ORACLE_AMPLITUDE_CORPUS_MEANSHAPE
CCCCCCCCCCN(CCCCCCCCCC)C(=O)COCC(=O)N(CCCCCC)CCCCCC,sc009,0.0839398740697314,376,20,0.07311975002012497,0.08211447432514443,L7a_ORACLE_AMPLITUDE_CORPUS_MEANSHAPE
CCCCCCCCCCN(CCCCCCCCCC)C(=O)COCC(=O)N(CCCCCCCCCC)CCCCCCCCCC,sc009,0.17919007665248865,41,14,0.2621044044743325,0.28772889787269257,L7a_ORACLE_AMPLITUDE_CORPUS_MEANSHAPE
CCCCCCCCCCN(CCCCCCCCCC)C(=O)[C@H](C)O[C@H](CC)C(=O)N(CCCCCCCCCC)CCCCCCCCCC,sc027,0.20382822130606584,91,1,0.10545930430707172,0.261723515920354,L7a_ORACLE_AMPLITUDE_CORPUS_MEANSHAPE
CCCCCCCCCCN(CCCCCCCCCC)C(=O)[C@H](CCC)O[C@H](CCC)C(=O)N(CCCCCCCCCC)CCCCCCCCCC,sc028,0.3881601972213071,78,1,0.20439658482972764,0.45343639333742464,L7a_ORACLE_AMPLITUDE_CORPUS_MEANSHAPE
CCCCCCCCN(C(=O)c1ccc2ccc3cccnc3c2n1)c1ccc(C)cc1,sc029,0.3423510153401043,91,1,0.18600938174397524,0.3400122270815516,L7a_ORACLE_AMPLITUDE_CORPUS_MEANSHAPE
CCCCCCCCN(C)C(=O)C(CCCCCC)C(=O)N(C)CCCCCCCC,sc030,0.17721144280966072,36,1,0.08771695552425528,0.19242472633135066,L7a_ORACLE_AMPLITUDE_CORPUS_MEANSHAPE
CCCCCCCCN(C)C(=O)C(CCOCCCCCC)C(=O)N(C)CCCCCCCC,sc030,0.3348651336552772,91,1,0.1302585370877184,0.41357666744135785,L7a_ORACLE_AMPLITUDE_CORPUS_MEANSHAPE
CCCCCCCCN(C)C(=O)CC(=O)N(C)CCCCCCCC,sc031,0.33934319566550736,36,1,0.33474058479607366,0.37681130319431305,L7a_ORACLE_AMPLITUDE_CORPUS_MEANSHAPE
CCCCCCCCN(C)C(=O)COCC(=O)N(C)CCCCCCCC,sc009,0.38657766605501787,1282,74,0.2438886203612576,0.4517313183960998,L7a_ORACLE_AMPLITUDE_CORPUS_MEANSHAPE
CCCCCCCCN(C)C(=O)COCC(=O)N(CCCCCCCC)CCCCCCCC,sc009,0.33593450215140525,91,1,0.2977209183671071,0.3303265042829349,L7a_ORACLE_AMPLITUDE_CORPUS_MEANSHAPE
CCCCCCCCN(CC(C)C)C(=O)COCC(=O)N(CCCCCCCC)CC(C)C,sc009,0.15175831483912677,28,1,0.16355779296640516,0.15682871861104739,L7a_ORACLE_AMPLITUDE_CORPUS_MEANSHAPE
CCCCCCCCN(CC(CC)CCCC)C(=O)COCC(=O)N(CCCCCCCC)CC(CC)CCCC,sc009,0.1595982026659212,28,1,0.17080748793521958,0.1650873396693702,L7a_ORACLE_AMPLITUDE_CORPUS_MEANSHAPE
CCCCCCCCN(CC)C(=O)COCC(=O)N(CC)CCCCCCCC,sc009,0.29782628240876263,91,1,0.26344887175993087,0.276119600313839,L7a_ORACLE_AMPLITUDE_CORPUS_MEANSHAPE
CCCCCCCCN(CCC(C)CC(C)(C)C)C(=O)COCC(=O)N(CCCCCCCC)CCC(C)CC(C)(C)C,sc033,0.30269526159329546,91,1,0.24122142992523454,0.3094429122557285,L7a_ORACLE_AMPLITUDE_CORPUS_MEANSHAPE
CCCCCCCCN(CCC)C(=O)COCC(=O)N(CCC)CCCCCCCC,sc009,0.3236047552303508,91,1,0.294213450091233,0.3050072316304175,L7a_ORACLE_AMPLITUDE_CORPUS_MEANSHAPE
CCCCCCCCN(CCCC(CCCC)CCCCCC)C(=O)COCC(=O)N(CCCCCCCC)CCCC(CCCC)CCCCCC,sc009,0.36098733767498875,78,1,0.31762209704748634,0.39124290315412397,L7a_ORACLE_AMPLITUDE_CORPUS_MEANSHAPE
CCCCCCCCN(CCCCC(C)CCCC(C)C)C(=O)COCC(=O)N(CCCCCCCC)CCCCC(C)CCCC(C)C,sc009,0.36354068577005416,91,1,0.2579780034981274,0.39375512128698187,L7a_ORACLE_AMPLITUDE_CORPUS_MEANSHAPE
CCCCCCCCN(CCCCCCCC)C(=O)C(C)OC(C)C(=O)N(CCCCCCCC)CCCCCCCC,sc027,0.1568010604743232,91,1,0.12654549698006443,0.18533495279646128,L7a_ORACLE_AMPLITUDE_CORPUS_MEANSHAPE
CCCCCCCCN(CCCCCCCC)C(=O)CC(=O)N(CCCCCCCC)CCCCCCCC,sc036,0.22661650355605234,36,1,0.2376856455469131,0.16626215012273002,L7a_ORACLE_AMPLITUDE_CORPUS_MEANSHAPE
CCCCCCCCN(CCCCCCCC)C(=O)CN(CC(=O)N(CCCCCCCC)CCCCCCCC)CC(=O)N(CCCCCCCC)CCCCCCCC,sc032,0.6162283967268329,10,5,0.2680575561033315,,L7a_ORACLE_AMPLITUDE_CORPUS_MEANSHAPE
CCCCCCCCN(CCCCCCCC)C(=O)COCC(=O)N(C)C,sc009,0.5698814059908086,21,1,0.41567360055665414,0.7016817692245844,L7a_ORACLE_AMPLITUDE_CORPUS_MEANSHAPE
CCCCCCCCN(CCCCCCCC)C(=O)COCC(=O)N(CCCCCCCC)CCCCCCCC,sc009,0.2858719282712338,3457,171,0.1791096054271206,0.33987245287557455,L7a_ORACLE_AMPLITUDE_CORPUS_MEANSHAPE
CCCCCCCCN(CCCCCCCC)C(=O)COCCOCC(=O)N(CCCCCCCC)CCCCCCCC,sc009,0.21632778551392057,43,2,0.17131026258949236,0.24512187057398396,L7a_ORACLE_AMPLITUDE_CORPUS_MEANSHAPE
CCCCCCCCN(CCCCCCCC)C(=O)[C@H](C)O[C@@H](C)C(=O)N(CCCCCCCC)CCCCCCCC,sc027,0.19182254551680658,91,1,0.14925066620323715,0.2220427222392406,L7a_ORACLE_AMPLITUDE_CORPUS_MEANSHAPE
CCCCCCCCN(CCCCCCCC)C(=O)[C@H](C)O[C@@H](CC)C(=O)N(CCCCCCCC)CCCCCCCC,sc027,0.11059657877762735,78,1,0.07824024996631385,0.12331081221490936,L7a_ORACLE_AMPLITUDE_CORPUS_MEANSHAPE
CCCCCCCCN(CCCCCCCC)C(=O)[C@H](C)O[C@H](C)C(=O)N(CCCCCCCC)CCCCCCCC,sc027,0.10533975842285331,91,1,0.07204559363088624,0.10982623796075634,L7a_ORACLE_AMPLITUDE_CORPUS_MEANSHAPE
CCCCCCCCN(CCCCCCCC)C(=O)[C@H](CCC)O[C@H](CCC)C(=O)N(CCCCCCCC)CCCCCCCC,sc028,0.331604858077312,91,1,0.189084463682887,0.4026751661320376,L7a_ORACLE_AMPLITUDE_CORPUS_MEANSHAPE
CCCCCCCCN(CCCCCCCC)C(=O)c1ccc2ccc3ccc(C(=O)N(CCCCCCCC)CCCCCCCC)nc3c2n1,sc029,0.1801931071043418,127,2,0.2004387161145816,0.19109541998152507,L7a_ORACLE_AMPLITUDE_CORPUS_MEANSHAPE
CCCCCCCCP(=O)(CC(=O)N(CC(C)C)CC(C)C)c1ccccc1,sc008,0.1703296414328341,81,2,0.0725434835858214,0.2173067578503987,L7a_ORACLE_AMPLITUDE_CORPUS_MEANSHAPE
CCCCCCCCP(=O)(CCCCCCCC)Cc1cccc(CP(=O)(CCCCCCCC)CCCCCCCC)[n+]1[O-],sc055,0.35789380728908,182,2,0.16687489416410067,0.4364763028053512,L7a_ORACLE_AMPLITUDE_CORPUS_MEANSHAPE
CCCCCCN(C)C(=O)CC(=O)N(C)CCCCCC,sc031,0.18931263515917793,36,1,0.1807203109440502,0.1563476594612002,L7a_ORACLE_AMPLITUDE_CORPUS_MEANSHAPE
CCCCCCN(CCC(C)CCC=C(C)C)C(=O)COCC(=O)N(CCCCCC)CCC(C)CCC=C(C)C,sc057,0.36554808991561605,91,1,0.31368746446069556,0.3730891114916958,L7a_ORACLE_AMPLITUDE_CORPUS_MEANSHAPE
CCCCCCN(CCC(C)CCCC(C)C)C(=O)COCC(=O)N(CCCCCC)CCC(C)CCCC(C)C,sc009,0.33625830499695664,91,1,0.27574947227613683,0.3479623097429841,L7a_ORACLE_AMPLITUDE_CORPUS_MEANSHAPE
CCCCCCN(CCCCCC)C(=O)CC(=O)N(CCCCCC)CCCCCC,sc036,0.23358645039800624,36,1,0.2725718537555704,0.16821994568335732,L7a_ORACLE_AMPLITUDE_CORPUS_MEANSHAPE
CCCCCCN(CCCCCC)C(=O)COCC(=O)N(CCCCCC)CCCCCC,sc009,0.077504759615451,59,3,0.09686134867398925,0.08089652680312948,L7a_ORACLE_AMPLITUDE_CORPUS_MEANSHAPE
CCCCCCOCCC(C(=O)N(C)CCCC)C(=O)N(C)CCCC,sc030,0.2810983790119199,4,2,,0.04434676441042662,L7a_ORACLE_AMPLITUDE_CORPUS_MEANSHAPE
CCCCCCOP(=O)(O)OCCCCCC,sc058,0.5467244250695986,45,1,0.28768331842542655,0.6021659690845016,L7a_ORACLE_AMPLITUDE_CORPUS_MEANSHAPE
CCCCCCc1ccc(N(CC)C(=O)c2cccc(-c3cccc(C(=O)N(CC)c4ccc(CCCCCC)cc4)n3)n2)cc1,sc059,0.18978632604691656,91,1,0.10799209845157653,0.21357447429862803,L7a_ORACLE_AMPLITUDE_CORPUS_MEANSHAPE
CCCCCCn1c(-c2ccccc2)c(-c2ccccc2)c2cc3ccc4cc5c(-c6ccccc6)c(-c6ccccc6)n(CCCCCC)c(=O)c5nc4c3nc2c1=O,sc060,0.3544013757706681,182,2,0.3309905298332904,0.3649754435885408,L7a_ORACLE_AMPLITUDE_CORPUS_MEANSHAPE
CCCCCc1nnc(-c2cccc(-c3cccc(-c4nnc(CCCCC)c(CCCCC)n4)n3)n2)nc1CCCCC,sc061,0.3834113355111041,1236,16,0.22913045670558718,0.45998126395799915,L7a_ORACLE_AMPLITUDE_CORPUS_MEANSHAPE
CCCCN(C)C(=O)CC(=O)N(C)CCCC,sc031,0.08679221241409622,7,3,,0.012957633457692205,L7a_ORACLE_AMPLITUDE_CORPUS_MEANSHAPE
CCCCN(CCCC)C(=O)C(Cc1ccccc1CC(C(=O)N(CCCC)CCCC)C(=O)N(CCCC)CCCC)C(=O)N(CCCC)CCCC,sc062,0.042350595361609754,6,1,,0.03372065402516755,L7a_ORACLE_AMPLITUDE_CORPUS_MEANSHAPE
CCCCN(CCCC)C(=O)CC(=O)N(CCCC)CCCC,sc036,0.2554375424780992,36,1,0.2548118793580236,0.18447727027109828,L7a_ORACLE_AMPLITUDE_CORPUS_MEANSHAPE
CCCCN(CCCC)C(=O)CCC(=O)N(CCCC)CCCC,sc036,0.062665422675463,10,1,0.05240679529537498,0.005515134534128774,L7a_ORACLE_AMPLITUDE_CORPUS_MEANSHAPE
CCCCN(CCCC)C(=O)COCC(=O)N(CCCC)CCCC,sc009,0.25604745975998994,186,33,0.20584296781366593,0.32242385837260934,L7a_ORACLE_AMPLITUDE_CORPUS_MEANSHAPE
CCCCN(CCCC)C(=O)c1ccc2ccc3ccc(C(=O)N(CCCC)CCCC)nc3c2n1,sc029,0.14574859842166152,91,1,0.15902776337384383,0.13712050244763924,L7a_ORACLE_AMPLITUDE_CORPUS_MEANSHAPE
CCCCN(CCCC)C(=O)c1ccccc1C(=O)O,sc063,1.98765604082245,3,1,,1.98765604082245,L7a_ORACLE_AMPLITUDE_CORPUS_MEANSHAPE
CCCN(CCC)C(=O)COCC(=O)N(CCC)CCC,sc009,0.09395157458863354,178,9,0.07550229513401284,0.10114934854256635,L7a_ORACLE_AMPLITUDE_CORPUS_MEANSHAPE
CCCc1nnc(-c2cccc(-c3nnc(CCC)c(CCC)n3)n2)nc1CCC,sc061,0.3738677002960531,91,1,0.374113941222487,0.361505181905638,L7a_ORACLE_AMPLITUDE_CORPUS_MEANSHAPE
CCN(C(=O)c1ccc2ccc3ccc(C(=O)N(CC)c4ccc(C)cc4)nc3c2n1)c1ccc(C)cc1,sc068,0.01136303872725943,3,1,,0.01136303872725943,L7a_ORACLE_AMPLITUDE_CORPUS_MEANSHAPE
CCN(C(=O)c1cccc(-c2cccc(C(=O)N(CC)c3cc(C)cc(C)c3)n2)n1)c1cc(C)cc(C)c1,sc068,0.10817607578801207,91,1,0.05482266753018773,0.12648834141302912,L7a_ORACLE_AMPLITUDE_CORPUS_MEANSHAPE
CCN(C(=O)c1cccc(-c2cccc(C(=O)N(CC)c3cc(C)ccc3C)n2)n1)c1cc(C)ccc1C,sc069,0.18735776343414232,91,1,0.09015715820627493,0.20827353675748161,L7a_ORACLE_AMPLITUDE_CORPUS_MEANSHAPE
CCN(C(=O)c1cccc(-c2cccc(C(=O)N(CC)c3ccc(C)cc3C)n2)n1)c1ccc(C)cc1C,sc069,0.12803013202417746,91,1,0.08372699366646207,0.13001921185737988,L7a_ORACLE_AMPLITUDE_CORPUS_MEANSHAPE
CCN(C(=O)c1cccc(-c2cccc(C(=O)N(CC)c3ccccc3)n2)n1)c1ccccc1,sc068,0.16225502656439683,91,1,0.09027373776009193,0.1763716436237313,L7a_ORACLE_AMPLITUDE_CORPUS_MEANSHAPE
CCN(C(=O)c1cccc(C(=O)N(CC)c2ccc(C)cc2)n1)c1ccc(C)cc1,sc068,0.3597153293563917,91,1,0.13714598977858117,0.4429234634835472,L7a_ORACLE_AMPLITUDE_CORPUS_MEANSHAPE
CCN(C(=O)c1cccc(C(=O)N(CC)c2cccc(C)c2)n1)c1cccc(C)c1,sc068,0.3059782608220773,91,1,0.12352840465791688,0.37300998705802596,L7a_ORACLE_AMPLITUDE_CORPUS_MEANSHAPE
CCN(C(=O)c1cccc(C(=O)N(CC)c2ccccc2C)n1)c1ccccc1C,sc070,0.2437936916401759,91,1,0.10800454100867293,0.27781214910528623,L7a_ORACLE_AMPLITUDE_CORPUS_MEANSHAPE
CCN(CC)C(=O)COCC(=O)N(CC)CC,sc071,0.11198731237095051,258,12,0.07832864661576491,0.12204961355042358,L7a_ORACLE_AMPLITUDE_CORPUS_MEANSHAPE
CCc1ccc(N(CC)C(=O)c2ccc3ccc4ccc(C(=O)N(CC)c5ccc(CC)cc5)nc4c3n2)cc1,sc068,0.38804400060873956,91,1,0.19249491417172165,0.4392480570836269,L7a_ORACLE_AMPLITUDE_CORPUS_MEANSHAPE
CN(C(=O)CC(=O)N(C)c1ccccc1)c1ccccc1,sc075,0.3033086086984758,91,1,0.24612233678233195,0.3368194261140003,L7a_ORACLE_AMPLITUDE_CORPUS_MEANSHAPE
CN(C(=O)COCC(=O)N(C)c1ccccc1)c1ccccc1,sc076,0.20093449730968196,243,11,0.11532963588029574,0.2653791066091042,L7a_ORACLE_AMPLITUDE_CORPUS_MEANSHAPE
CN(C(=O)c1cccc(C(=O)N(C)c2ccccc2)n1)c1ccccc1,sc077,0.2455661991749189,910,10,0.10989628060194463,0.28453489103536045,L7a_ORACLE_AMPLITUDE_CORPUS_MEANSHAPE
COCCN(CCOC)C(=O)COCC(=O)N(CCOC)CCOC,sc078,0.040565267621168764,91,1,0.02970345170405999,0.039467239400578336,L7a_ORACLE_AMPLITUDE_CORPUS_MEANSHAPE
O=C(COCC(=O)N1CCCCC1)N1CCCCC1,sc083,0.03639712256111655,91,1,0.029546674007936584,0.03536337605947215,L7a_ORACLE_AMPLITUDE_CORPUS_MEANSHAPE
O=C(O)CN(CC(=O)O)C1CCCCC1N(CC(=O)O)CC(=O)O,sc084,0.36583855997437575,28,1,0.24119065990902935,0.4009070169267269,L7a_ORACLE_AMPLITUDE_CORPUS_MEANSHAPE
O=C(O)CN(CCO)CCN(CC(=O)O)CC(=O)O,sc085,0.3325655404242403,28,1,0.2483515527015947,0.3767973927174017,L7a_ORACLE_AMPLITUDE_CORPUS_MEANSHAPE
O=C(c1cc(Cl)c2ccc3c(Cl)cc(C(=O)N4CCCC4)nc3c2n1)N1CCCC1,sc086,0.08848283938041494,182,2,0.0921221171760547,0.08235424158824348,L7a_ORACLE_AMPLITUDE_CORPUS_MEANSHAPE
O=c1c(O)c(-c2ccc(O)c(O)c2)oc2cc(O)cc(O)c12,sc092,0.30762597278526255,3,1,,0.30762597278526255,L7a_ORACLE_AMPLITUDE_CORPUS_MEANSHAPE
c1cc2nc(c1)COc1ccccc1OCCOCCOc1ccccc1OC2,sc096,0.06953466894947295,10,1,0.1076778143920323,0.05024425116084789,L7a_ORACLE_AMPLITUDE_CORPUS_MEANSHAPE
c1ccc2c(c1)OCCOCCOc1ccccc1OCCOCCO2,sc097,0.32266497040671105,10,1,0.2106899487401876,0.29163989112262584,L7a_ORACLE_AMPLITUDE_CORPUS_MEANSHAPE
CCCCC(CC)CN(CC(CC)CCCC)C(=O)COCC(=O)N(CC(CC)CCCC)CC(CC)CCCC,sc009,0.06323560288886484,242,6,0.06715961377377629,0.062008182535374615,L7b_ORACLE_AMPLITUDE_EXTRACTANT_SHAPE
CCCCCCC(C)N(CCCC)C(=O)COCC(=O)N(CCCC)C(C)CCCCCC,sc018,0.20358326071495014,170,17,0.23505443357227715,0.1671342581774811,L7b_ORACLE_AMPLITUDE_EXTRACTANT_SHAPE
CCCCCCCCCCCCN(C)C(=O)C1CC(OC)CC(C(=O)N(C)CCCCCCCCCCCC)O1,sc020,0.08044757135794219,63,3,0.05361258655240045,0.0820086830021569,L7b_ORACLE_AMPLITUDE_EXTRACTANT_SHAPE
CCCCCCCCCCCCN(CCCCCCCCCCCC)C(=O)COCC(=O)N(CCCCCCCCCCCC)CCCCCCCCCCCC,sc009,0.18453881307461387,247,21,0.19012593964084798,0.1907023728536505,L7b_ORACLE_AMPLITUDE_EXTRACTANT_SHAPE
CCCCCCCCCCCCN(CCCCCCCCCCCC)C(=O)COCCOCC(=O)N(CCCCCCCCCCCC)CCCCCCCCCCCC,sc009,0.11719527962628551,229,10,0.0977086907328943,0.1638143866632722,L7b_ORACLE_AMPLITUDE_EXTRACTANT_SHAPE
CCCCCCCCCCN(CCCCCCCCCC)C(=O)C(C)OC(C)C(=O)N(CCCCCCCCCC)CCCCCCCCCC,sc027,0.041615972205929476,140,5,0.04543191767760735,0.03405264771742664,L7b_ORACLE_AMPLITUDE_EXTRACTANT_SHAPE
CCCCCCCCCCN(CCCCCCCCCC)C(=O)COCC(=O)N(CCCCCC)CCCCCC,sc009,0.07026992097180068,285,19,0.0599291319589068,0.056384316298992036,L7b_ORACLE_AMPLITUDE_EXTRACTANT_SHAPE
CCCCCCCCCCN(CCCCCCCCCC)C(=O)COCC(=O)N(CCCCCCCCCC)CCCCCCCCCC,sc009,1.948227903789337e-17,13,13,,,L7b_ORACLE_AMPLITUDE_EXTRACTANT_SHAPE
CCCCCCCCN(C)C(=O)COCC(=O)N(C)CCCCCCCC,sc009,0.18717088996186879,1282,74,0.15856990008868802,0.17764939325545615,L7b_ORACLE_AMPLITUDE_EXTRACTANT_SHAPE
CCCCCCCCN(CCCCCCCC)C(=O)COCC(=O)N(CCCCCCCC)CCCCCCCC,sc009,0.18593470198373485,3457,171,0.09354327083090995,0.24018682657770235,L7b_ORACLE_AMPLITUDE_EXTRACTANT_SHAPE
CCCCCCCCN(CCCCCCCC)C(=O)c1ccc2ccc3ccc(C(=O)N(CCCCCCCC)CCCCCCCC)nc3c2n1,sc029,0.35694588180898457,36,1,0.41783549713845897,0.4050945311936375,L7b_ORACLE_AMPLITUDE_EXTRACTANT_SHAPE
CCCCCCCCP(=O)(CC(=O)N(CC(C)C)CC(C)C)c1ccccc1,sc008,0.0382881045630662,3,1,0.057432156844599305,,L7b_ORACLE_AMPLITUDE_EXTRACTANT_SHAPE
CCCCCCCCP(=O)(CCCCCCCC)Cc1cccc(CP(=O)(CCCCCCCC)CCCCCCCC)[n+]1[O-],sc055,0.15537387931757815,182,2,0.10547304218718281,0.17530767817689513,L7b_ORACLE_AMPLITUDE_EXTRACTANT_SHAPE
CCCCCCN(CCCCCC)C(=O)COCC(=O)N(CCCCCC)CCCCCC,sc009,0.03194410531932865,59,3,0.04989551258930577,0.035127783200648875,L7b_ORACLE_AMPLITUDE_EXTRACTANT_SHAPE
CCCCCCOCCC(C(=O)N(C)CCCC)C(=O)N(C)CCCC,sc030,0.0,1,1,,,L7b_ORACLE_AMPLITUDE_EXTRACTANT_SHAPE
CCCCCCn1c(-c2ccccc2)c(-c2ccccc2)c2cc3ccc4cc5c(-c6ccccc6)c(-c6ccccc6)n(CCCCCC)c(=O)c5nc4c3nc2c1=O,sc060,0.4175585633510861,182,2,0.2322997000431888,0.49502070897211237,L7b_ORACLE_AMPLITUDE_EXTRACTANT_SHAPE
CCCCCc1nnc(-c2cccc(-c3cccc(-c4nnc(CCCCC)c(CCCCC)n4)n3)n2)nc1CCCCC,sc061,0.21402227198040033,1236,16,0.1511416198633134,0.25319313907618746,L7b_ORACLE_AMPLITUDE_EXTRACTANT_SHAPE
CCCCN(C)C(=O)CC(=O)N(C)CCCC,sc031,0.0754245501175288,7,3,,0.12400834078672378,L7b_ORACLE_AMPLITUDE_EXTRACTANT_SHAPE
CCCCN(CCCC)C(=O)COCC(=O)N(CCCC)CCCC,sc009,0.13686178159101978,158,32,0.21206721803346887,0.11273936142682107,L7b_ORACLE_AMPLITUDE_EXTRACTANT_SHAPE
CCCN(CCC)C(=O)COCC(=O)N(CCC)CCC,sc009,0.0713042811468618,178,9,0.0535344027378014,0.07051416438419128,L7b_ORACLE_AMPLITUDE_EXTRACTANT_SHAPE
CCN(CC)C(=O)COCC(=O)N(CC)CC,sc071,0.08174134530057017,258,12,0.03581035349376205,0.1450729849989656,L7b_ORACLE_AMPLITUDE_EXTRACTANT_SHAPE
CN(C(=O)COCC(=O)N(C)c1ccccc1)c1ccccc1,sc076,0.11629453904460908,243,11,0.0748577967650921,0.18236208340971333,L7b_ORACLE_AMPLITUDE_EXTRACTANT_SHAPE
CN(C(=O)c1cccc(C(=O)N(C)c2ccccc2)n1)c1ccccc1,sc077,0.1852841241257575,910,10,0.10074444834959571,0.2196031675205426,L7b_ORACLE_AMPLITUDE_EXTRACTANT_SHAPE
O=C(c1cc(Cl)c2ccc3c(Cl)cc(C(=O)N4CCCC4)nc3c2n1)N1CCCC1,sc086,0.07211386331987145,182,2,0.06643301674712145,0.07603642501270633,L7b_ORACLE_AMPLITUDE_EXTRACTANT_SHAPE
C1CCC2OCCOCCOC3CCCCC3OCCOCCOC2C1,sc000,5.551115123125783e-18,10,1,1.3877787807814457e-17,4.625929269271485e-18,L3i_EXTRACTANT_MEAN_INSAMPLE
C1COCCOCCOCCOCCOCCO1,sc001,0.0,10,1,0.0,0.0,L3i_EXTRACTANT_MEAN_INSAMPLE
CC(C)CCCC(C)CCCCN(C)C(=O)COCC(=O)N(C)CCCCC(C)CCCC(C)C,sc007,2.4400506035717726e-17,91,1,8.540177112501205e-18,3.511929975855087e-17,L3i_EXTRACTANT_MEAN_INSAMPLE
CC(C)CCCCCP(=O)(CC(=O)N(CC(C)C)CC(C)C)c1ccccc1,sc008,2.3129646346357427e-18,15,1,4.163336342344337e-18,0.0,L3i_EXTRACTANT_MEAN_INSAMPLE
CC(C)CN(CC(C)C)C(=O)COCC(=O)N(CC(C)C)CC(C)C,sc010,9.912705577010326e-18,28,1,0.0,1.4802973661668754e-17,L3i_EXTRACTANT_MEAN_INSAMPLE
CC1(C)CCC(C)(C)c2nc(-c3cccc(-c4cccc(-c5nnc6c(n5)C(C)(C)CCC6(C)C)n4)n3)nnc21,sc012,9.226441344755765e-18,91,1,1.0675221390626506e-17,9.204655178652445e-18,L3i_EXTRACTANT_MEAN_INSAMPLE
CC12CCC(c3nnc(-c4cccc(-c5nnc6c(n5)C5(C)CCC6C5(C)C)n4)nc31)C2(C)C,sc015,1.1184200696215305e-16,91,1,1.018149240131003e-16,1.3622889664405619e-16,L3i_EXTRACTANT_MEAN_INSAMPLE
CCCCC(CC)CN(C)C(=O)COCC(=O)N(C)CC(CC)CCCC,sc009,5.490113858036488e-18,91,1,1.0675221390626506e-17,2.2657612747452172e-18,L3i_EXTRACTANT_MEAN_INSAMPLE
CCCCC(CC)CN(CC(=O)N(CC(CC)CCCC)CC(CC)CCCC)CC(=O)N(CC(CC)CCCC)CC(CC)CCCC,sc016,2.220446049250313e-16,1,1,,,L3i_EXTRACTANT_MEAN_INSAMPLE
CCCCC(CC)CN(CC(CC)CCCC)C(=O)COCC(=O)N(CC(CC)CCCC)CC(CC)CCCC,sc009,0.051937312026260236,242,6,0.04873725216073059,0.05279430090746225,L3i_EXTRACTANT_MEAN_INSAMPLE
CCCCC(CC)CP(=O)(CC(=O)N(CC(C)C)CC(C)C)c1ccccc1,sc017,1.1102230246251566e-17,15,1,4.163336342344337e-18,3.700743415417188e-17,L3i_EXTRACTANT_MEAN_INSAMPLE
CCCCCCC(C)N(CCCC)C(=O)COCC(=O)N(CCCC)C(C)CCCCCC,sc018,0.2521163763731785,170,17,0.2564514380299256,0.2776975332616233,L3i_EXTRACTANT_MEAN_INSAMPLE
CCCCCCC(CCCC)CCCN(C)C(=O)COCC(=O)N(C)CCCC(CCCC)CCCCCC,sc009,3.050063254464716e-19,91,1,2.135044278125301e-18,0.0,L3i_EXTRACTANT_MEAN_INSAMPLE
CCCCCCCCC(C)(C)SCC1CN(C(=O)COCC(=O)N2CC(C)C(CSC(C)(C)CCCCCCCC)C2)CC1C,sc019,2.2570468083038897e-17,91,1,4.270088556250602e-18,2.832201593431522e-17,L3i_EXTRACTANT_MEAN_INSAMPLE
CCCCCCCCCCCCN(C)C(=O)C1CC(OC)CC(C(=O)N(C)CCCCCCCCCCCC)O1,sc020,0.103445561113177,63,3,0.05147722080075626,0.16275793032974822,L3i_EXTRACTANT_MEAN_INSAMPLE
CCCCCCCCCCCCN(CCCCCCCC)C(=O)COCC(=O)N(CCCCCCCC)CCCCCCCCCCCC,sc009,1.0853141747136947e-16,78,1,6.812732196563461e-17,1.5067312477055697e-16,L3i_EXTRACTANT_MEAN_INSAMPLE
CCCCCCCCCCCCN(CCCCCCCCCCCC)C(=O)COC1CCCN(CCCCCC)C1=O,sc021,4.636096146786368e-17,91,1,2.5620531337503614e-17,5.664403186863044e-17,L3i_EXTRACTANT_MEAN_INSAMPLE
CCCCCCCCCCCCN(CCCCCCCCCCCC)C(=O)COCC(=O)N(CCCCCCCCCCCC)CCCCCCCCCCCC,sc009,0.25895590369807575,247,21,0.17361179346056793,0.3341700134683376,L3i_EXTRACTANT_MEAN_INSAMPLE
CCCCCCCCCCCCN(CCCCCCCCCCCC)C(=O)COCCOCC(=O)N(CCCCCCCCCCCC)CCCCCCCCCCCC,sc009,0.15391552763094973,229,10,0.09575633395122603,0.23771187711535804,L3i_EXTRACTANT_MEAN_INSAMPLE
CCCCCCCCCCN(CCCCCCCCCC)C(=O)C(C)OC(C)C(=O)N(CCCCCCCCCC)CCCCCCCCCC,sc027,0.06592915450209298,140,5,0.045104730853159566,0.09070151227659476,L3i_EXTRACTANT_MEAN_INSAMPLE
CCCCCCCCCCN(CCCCCCCCCC)C(=O)COCC(=O)N(CCCCCC)CCCCCC,sc009,0.0782994764232154,376,20,0.051112335910036166,0.08486053316438964,L3i_EXTRACTANT_MEAN_INSAMPLE
CCCCCCCCCCN(CCCCCCCCCC)C(=O)COCC(=O)N(CCCCCCCCCC)CCCCCCCCCC,sc009,0.05731341435158297,41,14,0.021313606370573623,0.038364491646803334,L3i_EXTRACTANT_MEAN_INSAMPLE
CCCCCCCCCCN(CCCCCCCCCC)C(=O)[C@H](C)O[C@H](CC)C(=O)N(CCCCCCCCCC)CCCCCCCCCC,sc027,1.0293963483818416e-17,91,1,1.4945309946877107e-17,7.080503983578805e-18,L3i_EXTRACTANT_MEAN_INSAMPLE
CCCCCCCCCCN(CCCCCCCCCC)C(=O)[C@H](CCC)O[C@H](CCC)C(=O)N(CCCCCCCCCC)CCCCCCCCCC,sc028,2.6688053476566264e-19,78,1,1.1564823173178713e-18,1.7347234759768072e-19,L3i_EXTRACTANT_MEAN_INSAMPLE
CCCCCCCCN(C(=O)c1ccc2ccc3cccnc3c2n1)c1ccc(C)cc1,sc029,3.0500632544647157e-18,91,1,6.4051328343759035e-18,3.115421752774674e-18,L3i_EXTRACTANT_MEAN_INSAMPLE
CCCCCCCCN(C)C(=O)C(CCCCCC)C(=O)N(C)CCCCCCCC,sc030,3.469446951953614e-18,36,1,4.625929269271485e-18,9.251858538542971e-19,L3i_EXTRACTANT_MEAN_INSAMPLE
CCCCCCCCN(C)C(=O)C(CCOCCCCCC)C(=O)N(C)CCCCCCCC,sc030,8.69268027522444e-18,91,1,7.472654973438553e-18,1.0195925736353479e-17,L3i_EXTRACTANT_MEAN_INSAMPLE
CCCCCCCCN(C)C(=O)CC(=O)N(C)CCCCCCCC,sc031,3.0839528461809902e-18,36,1,0.0,7.401486830834377e-18,L3i_EXTRACTANT_MEAN_INSAMPLE
CCCCCCCCN(C)C(=O)COCC(=O)N(C)CCCCCCCC,sc009,0.30015189966145456,1282,74,0.16050133404217792,0.38158992146862614,L3i_EXTRACTANT_MEAN_INSAMPLE
CCCCCCCCN(C)C(=O)COCC(=O)N(CCCCCCCC)CCCCCCCC,sc009,1.0614220125537211e-16,91,1,3.416070845000482e-17,1.6313481178165566e-16,L3i_EXTRACTANT_MEAN_INSAMPLE
CCCCCCCCN(CC(C)C)C(=O)COCC(=O)N(CCCCCCCC)CC(C)C,sc009,1.586032892321652e-17,28,1,0.0,2.590520390792032e-17,L3i_EXTRACTANT_MEAN_INSAMPLE
CCCCCCCCN(CC(CC)CCCC)C(=O)COCC(=O)N(CCCCCCCC)CC(CC)CCCC,sc009,4.014645758689182e-17,28,1,4.625929269271485e-18,6.29126380620922e-17,L3i_EXTRACTANT_MEAN_INSAMPLE
CCCCCCCCN(CC)C(=O)COCC(=O)N(CC)CCCCCCCC,sc009,3.172065784643304e-17,91,1,2.9890619893754213e-17,3.7385061033296086e-17,L3i_EXTRACTANT_MEAN_INSAMPLE
CCCCCCCCN(CCC(C)CC(C)(C)C)C(=O)COCC(=O)N(CCCCCCCC)CCC(C)CC(C)(C)C,sc033,2.6230543988396555e-17,91,1,1.708035422500241e-17,3.398641912117826e-17,L3i_EXTRACTANT_MEAN_INSAMPLE
CCCCCCCCN(CCC)C(=O)COCC(=O)N(CCC)CCCCCCCC,sc009,1.0004207474644268e-16,91,1,6.832141690000964e-17,1.3594567648471305e-16,L3i_EXTRACTANT_MEAN_INSAMPLE
CCCCCCCCN(CCCC(CCCC)CCCCCC)C(=O)COCC(=O)N(CCCCCCCC)CCCC(CCCC)CCCCCC,sc009,0.0,78,1,0.0,0.0,L3i_EXTRACTANT_MEAN_INSAMPLE
CCCCCCCCN(CCCCC(C)CCCC(C)C)C(=O)COCC(=O)N(CCCCCCCC)CCCCC(C)CCCC(C)C,sc009,8.021666359242202e-17,91,1,8.967185968126265e-17,7.703588334133739e-17,L3i_EXTRACTANT_MEAN_INSAMPLE
CCCCCCCCN(CCCCCCCC)C(=O)C(C)OC(C)C(=O)N(CCCCCCCC)CCCCCCCC,sc027,2.6535550313843028e-17,91,1,6.4051328343759035e-18,3.228709816511935e-17,L3i_EXTRACTANT_MEAN_INSAMPLE
CCCCCCCCN(CCCCCCCC)C(=O)CC(=O)N(CCCCCCCC)CCCCCCCC,sc036,1.61907524424502e-17,36,1,1.850371707708594e-17,3.7007434154171884e-18,L3i_EXTRACTANT_MEAN_INSAMPLE
CCCCCCCCN(CCCCCCCC)C(=O)CN(CC(=O)N(CCCCCCCC)CCCCCCCC)CC(=O)N(CCCCCCCC)CCCCCCCC,sc032,2.2204460492503132e-17,10,5,3.172065784643304e-17,,L3i_EXTRACTANT_MEAN_INSAMPLE
CCCCCCCCN(CCCCCCCC)C(=O)COCC(=O)N(C)C,sc009,3.700743415417188e-17,21,1,6.661338147750939e-17,0.0,L3i_EXTRACTANT_MEAN_INSAMPLE
CCCCCCCCN(CCCCCCCC)C(=O)COCC(=O)N(CCCCCCCC)CCCCCCCC,sc009,0.32411793667245326,3457,171,0.11191349869941948,0.49241168216762154,L3i_EXTRACTANT_MEAN_INSAMPLE
CCCCCCCCN(CCCCCCCC)C(=O)COCCOCC(=O)N(CCCCCCCC)CCCCCCCC,sc009,1.2264091551091846e-17,43,2,4.625929269271485e-18,2.4671622769447922e-17,L3i_EXTRACTANT_MEAN_INSAMPLE
CCCCCCCCN(CCCCCCCC)C(=O)[C@H](C)O[C@@H](C)C(=O)N(CCCCCCCC)CCCCCCCC,sc027,7.93016446160826e-18,91,1,1.0675221390626506e-17,1.1328806373726087e-17,L3i_EXTRACTANT_MEAN_INSAMPLE
CCCCCCCCN(CCCCCCCC)C(=O)[C@H](C)O[C@@H](CC)C(=O)N(CCCCCCCC)CCCCCCCC,sc027,1.3477467005665963e-17,78,1,7.885106708985487e-18,1.6943810695587417e-17,L3i_EXTRACTANT_MEAN_INSAMPLE
CCCCCCCCN(CCCCCCCC)C(=O)[C@H](C)O[C@H](C)C(=O)N(CCCCCCCC)CCCCCCCC,sc027,1.1857120901731582e-17,91,1,5.604491230078915e-18,1.670998940124598e-17,L3i_EXTRACTANT_MEAN_INSAMPLE
CCCCCCCCN(CCCCCCCC)C(=O)[C@H](CCC)O[C@H](CCC)C(=O)N(CCCCCCCC)CCCCCCCC,sc028,1.2200253017858864e-18,91,1,0.0,1.699320956058913e-18,L3i_EXTRACTANT_MEAN_INSAMPLE
CCCCCCCCN(CCCCCCCC)C(=O)c1ccc2ccc3ccc(C(=O)N(CCCCCCCC)CCCCCCCC)nc3c2n1,sc029,0.14635977232302852,127,2,0.15592010068420942,0.1693876485888534,L3i_EXTRACTANT_MEAN_INSAMPLE
CCCCCCCCP(=O)(CC(=O)N(CC(C)C)CC(C)C)c1ccccc1,sc008,0.03492103264471329,81,2,0.025780182192307703,0.03110633913693552,L3i_EXTRACTANT_MEAN_INSAMPLE
CCCCCCCCP(=O)(CCCCCCCC)Cc1cccc(CP(=O)(CCCCCCCC)CCCCCCCC)[n+]1[O-],sc055,0.1373820859120879,182,2,0.05411541900000001,0.16830865187755098,L3i_EXTRACTANT_MEAN_INSAMPLE
CCCCCCN(C)C(=O)CC(=O)N(C)CCCCCC,sc031,9.444605591429283e-18,36,1,9.830099697201907e-18,7.632783294297952e-18,L3i_EXTRACTANT_MEAN_INSAMPLE
CCCCCCN(CCC(C)CCC=C(C)C)C(=O)COCC(=O)N(CCCCCC)CCC(C)CCC=C(C)C,sc057,2.0740430130360068e-17,91,1,8.540177112501205e-18,2.2657612747452175e-17,L3i_EXTRACTANT_MEAN_INSAMPLE
CCCCCCN(CCC(C)CCCC(C)C)C(=O)COCC(=O)N(CCCCCC)CCC(C)CCCC(C)C,sc009,6.359381885558932e-17,91,1,3.5228230589067465e-17,8.156740589082783e-17,L3i_EXTRACTANT_MEAN_INSAMPLE
CCCCCCN(CCCCCC)C(=O)CC(=O)N(CCCCCC)CCCCCC,sc036,1.3106799596269209e-17,36,1,3.700743415417188e-17,7.401486830834377e-18,L3i_EXTRACTANT_MEAN_INSAMPLE
CCCCCCN(CCCCCC)C(=O)COCC(=O)N(CCCCCC)CCCCCC,sc009,0.02648002306037098,59,3,0.02749717600796464,0.03152042834222537,L3i_EXTRACTANT_MEAN_INSAMPLE
CCCCCCOCCC(C(=O)N(C)CCCC)C(=O)N(C)CCCC,sc030,0.19195626000000005,4,2,,0.12797084002927572,L3i_EXTRACTANT_MEAN_INSAMPLE
CCCCCCOP(=O)(O)OCCCCCC,sc058,1.0238723449320889e-16,45,1,8.018277400070575e-17,1.4023869784738819e-16,L3i_EXTRACTANT_MEAN_INSAMPLE
CCCCCCc1ccc(N(CC)C(=O)c2cccc(-c3cccc(C(=O)N(CC)c4ccc(CCCCCC)cc4)n3)n2)cc1,sc059,1.9977914316743888e-17,91,1,8.540177112501205e-18,3.172065784643304e-17,L3i_EXTRACTANT_MEAN_INSAMPLE
CCCCCCn1c(-c2ccccc2)c(-c2ccccc2)c2cc3ccc4cc5c(-c6ccccc6)c(-c6ccccc6)n(CCCCCC)c(=O)c5nc4c3nc2c1=O,sc060,0.5201988334615386,182,2,0.13104799807692297,0.7710576480510206,L3i_EXTRACTANT_MEAN_INSAMPLE
CCCCCc1nnc(-c2cccc(-c3cccc(-c4nnc(CCCCC)c(CCCCC)n4)n3)n2)nc1CCCCC,sc061,0.2412109437365558,1236,16,0.12858560255286833,0.3230906057251587,L3i_EXTRACTANT_MEAN_INSAMPLE
CCCCN(C)C(=O)CC(=O)N(C)CCCC,sc031,0.0802664100952382,7,3,,0.1344226560000002,L3i_EXTRACTANT_MEAN_INSAMPLE
CCCCN(CCCC)C(=O)C(Cc1ccccc1CC(C(=O)N(CCCC)CCCC)C(=O)N(CCCC)CCCC)C(=O)N(CCCC)CCCC,sc062,0.0,6,1,,0.0,L3i_EXTRACTANT_MEAN_INSAMPLE
CCCCN(CCCC)C(=O)CC(=O)N(CCCC)CCCC,sc036,3.0839528461809902e-18,36,1,0.0,7.401486830834377e-18,L3i_EXTRACTANT_MEAN_INSAMPLE
CCCCN(CCCC)C(=O)CCC(=O)N(CCCC)CCCC,sc036,0.0,10,1,0.0,0.0,L3i_EXTRACTANT_MEAN_INSAMPLE
CCCCN(CCCC)C(=O)COCC(=O)N(CCCC)CCCC,sc009,0.26914088948870457,186,33,0.21951562459334775,0.3162798362474808,L3i_EXTRACTANT_MEAN_INSAMPLE
CCCCN(CCCC)C(=O)c1ccc2ccc3ccc(C(=O)N(CCCC)CCCC)nc3c2n1,sc029,7.625158136161789e-19,91,1,1.0675221390626506e-18,7.080503983578805e-19,L3i_EXTRACTANT_MEAN_INSAMPLE
CCCCN(CCCC)C(=O)c1ccccc1C(=O)O,sc063,2.220446049250313e-16,3,1,,2.220446049250313e-16,L3i_EXTRACTANT_MEAN_INSAMPLE
CCCN(CCC)C(=O)COCC(=O)N(CCC)CCC,sc009,0.1182763454686818,178,9,0.06462311003195266,0.17974515322083753,L3i_EXTRACTANT_MEAN_INSAMPLE
CCCc1nnc(-c2cccc(-c3nnc(CCC)c(CCC)n3)n2)nc1CCC,sc061,2.2722971245762132e-17,91,1,1.8681637433596386e-17,3.341997880249196e-17,L3i_EXTRACTANT_MEAN_INSAMPLE
CCN(C(=O)c1ccc2ccc3ccc(C(=O)N(CC)c4ccc(C)cc4)nc3c2n1)c1ccc(C)cc1,sc068,0.0,3,1,,0.0,L3i_EXTRACTANT_MEAN_INSAMPLE
CCN(C(=O)c1cccc(-c2cccc(C(=O)N(CC)c3cc(C)cc(C)c3)n2)n1)c1cc(C)cc(C)c1,sc068,0.0,91,1,0.0,0.0,L3i_EXTRACTANT_MEAN_INSAMPLE
CCN(C(=O)c1cccc(-c2cccc(C(=O)N(CC)c3cc(C)ccc3C)n2)n1)c1cc(C)ccc1C,sc069,1.525031627232358e-17,91,1,5.871371764844578e-18,2.3365663145810054e-17,L3i_EXTRACTANT_MEAN_INSAMPLE
CCN(C(=O)c1cccc(-c2cccc(C(=O)N(CC)c3ccc(C)cc3C)n2)n1)c1ccc(C)cc1C,sc069,1.372528464509122e-18,91,1,1.6012832085939759e-18,1.2744907170441849e-18,L3i_EXTRACTANT_MEAN_INSAMPLE
CCN(C(=O)c1cccc(-c2cccc(C(=O)N(CC)c3ccccc3)n2)n1)c1ccccc1,sc068,1.0675221390626506e-17,91,1,7.472654973438553e-18,9.346265258324021e-18,L3i_EXTRACTANT_MEAN_INSAMPLE
CCN(C(=O)c1cccc(C(=O)N(CC)c2ccc(C)cc2)n1)c1ccc(C)cc1,sc068,2.1197939618529773e-17,91,1,1.3877787807814457e-17,2.2374392588109022e-17,L3i_EXTRACTANT_MEAN_INSAMPLE
CCN(C(=O)c1cccc(C(=O)N(CC)c2cccc(C)c2)n1)c1cccc(C)c1,sc068,1.5707825760493286e-17,91,1,1.1742743529689156e-17,1.699320956058913e-17,L3i_EXTRACTANT_MEAN_INSAMPLE
CCN(C(=O)c1cccc(C(=O)N(CC)c2ccccc2C)n1)c1ccccc1C,sc070,2.1502945943976247e-17,91,1,2.455300919844096e-17,2.6905915137599456e-17,L3i_EXTRACTANT_MEAN_INSAMPLE
CCN(CC)C(=O)COCC(=O)N(CC)CC,sc071,0.08382109992300384,258,12,0.038894246223079215,0.1436479874281226,L3i_EXTRACTANT_MEAN_INSAMPLE
CCc1ccc(N(CC)C(=O)c2ccc3ccc4ccc(C(=O)N(CC)c5ccc(CC)cc5)nc4c3n2)cc1,sc068,3.1263148358263337e-17,91,1,1.3877787807814457e-17,4.9846748044394783e-17,L3i_EXTRACTANT_MEAN_INSAMPLE
CN(C(=O)CC(=O)N(C)c1ccccc1)c1ccccc1,sc075,2.135044278125301e-18,91,1,8.006416042969878e-18,0.0,L3i_EXTRACTANT_MEAN_INSAMPLE
CN(C(=O)COCC(=O)N(C)c1ccccc1)c1ccccc1,sc076,0.1640815421636608,243,11,0.07821758855112233,0.25902911074733953,L3i_EXTRACTANT_MEAN_INSAMPLE
CN(C(=O)c1cccc(C(=O)N(C)c2ccccc2)n1)c1ccccc1,sc077,0.29088866645768,910,10,0.08097948530966917,0.4086769312365149,L3i_EXTRACTANT_MEAN_INSAMPLE
COCCN(CCOC)C(=O)COCC(=O)N(CCOC)CCOC,sc078,0.0,91,1,0.0,0.0,L3i_EXTRACTANT_MEAN_INSAMPLE
O=C(COCC(=O)N1CCCCC1)N1CCCCC1,sc083,6.290755462333476e-19,91,1,1.0675221390626506e-18,5.310377987684103e-19,L3i_EXTRACTANT_MEAN_INSAMPLE
O=C(O)CN(CC(=O)O)C1CCCCC1N(CC(=O)O)CC(=O)O,sc084,9.912705577010326e-18,28,1,2.7755575615628914e-17,5.551115123125783e-18,L3i_EXTRACTANT_MEAN_INSAMPLE
O=C(O)CN(CCO)CCN(CC(=O)O)CC(=O)O,sc085,4.3615904538845435e-17,28,1,5.551115123125783e-17,1.1102230246251566e-17,L3i_EXTRACTANT_MEAN_INSAMPLE
O=C(c1cc(Cl)c2ccc3c(Cl)cc(C(=O)N4CCCC4)nc3c2n1)N1CCCC1,sc086,0.04337639875274742,182,2,0.03767607023076953,0.04933430092857163,L3i_EXTRACTANT_MEAN_INSAMPLE
O=c1c(O)c(-c2ccc(O)c(O)c2)oc2cc(O)cc(O)c12,sc092,0.0,3,1,,0.0,L3i_EXTRACTANT_MEAN_INSAMPLE
c1cc2nc(c1)COc1ccccc1OCCOCCOc1ccccc1OC2,sc096,0.0,10,1,0.0,0.0,L3i_EXTRACTANT_MEAN_INSAMPLE
c1ccc2c(c1)OCCOCCOc1ccccc1OCCOCCO2,sc097,0.0,10,1,0.0,0.0,L3i_EXTRACTANT_MEAN_INSAMPLE
